tick,total_energy,job_queue_len,stop_and_go,total_turning,orders_finished,phase
0.15,0.0,34,0,0,0,baseline
0.3,0.7784999999999997,33,0,0,0,baseline
0.44999999999999996,18.875289658360114,32,0,1,0,baseline
0.6,21.989289658360114,31,0,1,0,baseline
0.75,43.20007931672022,30,0,2,0,baseline
0.9,97.11467314705268,29,0,3,0,baseline
1.05,121.43946280541283,28,0,4,0,baseline
1.2,147.32125246377294,27,0,5,0,baseline
1.3499999999999999,174.76004212213306,26,0,6,0,baseline
1.4999999999999998,202.19883178049318,25,0,7,0,baseline
1.6499999999999997,260.7844256108257,24,0,8,0,baseline
1.7999999999999996,288.22321526918574,23,0,9,0,baseline
1.9499999999999995,1427.350164927546,22,1,10,0,baseline
2.0999999999999996,1450.8964545859062,21,1,11,0,baseline
2.2499999999999996,1474.4427442442664,20,1,12,0,baseline
2.3999999999999995,1497.9890339026265,19,1,13,0,baseline
2.5499999999999994,1522.3138235609865,18,1,14,0,baseline
2.6999999999999993,1533.2128235609866,17,1,14,0,baseline
2.849999999999999,1547.2258235609866,16,1,14,0,baseline
2.999999999999999,1612.817917391319,15,1,15,0,baseline
3.149999999999999,1647.263207049679,15,2,16,0,baseline
3.299999999999999,1686.379496708039,15,2,17,0,baseline
3.449999999999999,1715.183996708039,15,2,17,0,baseline
3.5999999999999988,1744.7669967080392,15,3,17,0,baseline
3.7499999999999987,1798.4378966013992,15,3,18,0,baseline
3.8999999999999986,1843.895617071399,15,3,18,0,baseline
4.049999999999999,1896.122947776399,15,4,18,0,baseline
4.199999999999999,1969.3241783747594,15,6,19,0,baseline
4.35,2065.8348088664798,15,7,21,0,baseline
4.5,2158.0247599348395,15,7,22,0,baseline
4.65,2233.9118111098396,15,7,22,0,baseline
4.800000000000001,2309.25725204984,15,7,22,0,baseline
4.950000000000001,2394.4863032248395,15,7,22,0,baseline
5.100000000000001,2458.32330322484,15,8,22,0,baseline
5.250000000000002,2639.1339382382184,15,8,23,0,baseline
5.400000000000002,2704.527938238218,15,10,23,0,baseline
5.5500000000000025,2808.4510175549385,15,10,25,0,baseline
5.700000000000003,2880.8515175549387,15,10,25,0,baseline
5.850000000000003,2947.8025175549387,15,11,25,0,baseline
6.0000000000000036,3017.0890175549384,15,11,25,0,baseline
6.150000000000004,3090.268017554939,15,11,25,0,baseline
6.300000000000004,3166.5610175549386,15,11,25,0,baseline
6.450000000000005,3247.525017554938,15,11,25,0,baseline
6.600000000000005,3326.9320175549383,15,12,25,0,baseline
6.750000000000005,3423.6573072132987,15,12,26,0,baseline
6.900000000000006,3503.8428072132983,15,13,26,0,baseline
7.050000000000006,3601.1097071066583,15,14,27,0,baseline
7.200000000000006,3708.260217235019,15,14,28,0,baseline
7.350000000000007,3802.526547940018,15,15,28,0,baseline
7.500000000000007,4541.889468880019,15,16,28,0,baseline
7.6500000000000075,4656.11430971338,15,17,29,0,baseline
7.800000000000008,4770.88076078174,15,18,30,0,baseline
7.950000000000008,4893.1953220851,15,18,31,0,baseline
8.100000000000009,5003.4042039651,15,18,31,0,baseline
8.250000000000009,5114.154696080099,15,18,31,0,baseline
8.40000000000001,5220.7757984301,15,20,31,0,baseline
8.55000000000001,5333.81619043846,15,23,32,0,baseline
8.70000000000001,5476.822161763539,15,24,35,0,baseline
8.85000000000001,5587.527053771899,15,24,36,0,baseline
9.00000000000001,5681.6921561219,15,24,36,0,baseline
9.150000000000011,5769.087648236899,15,26,36,0,baseline
9.300000000000011,5948.970100891893,15,26,38,0,baseline
9.450000000000012,6037.922593006892,15,26,38,0,baseline
9.600000000000012,6120.883974886891,15,27,38,0,baseline
9.750000000000012,7000.414626531892,15,28,38,0,baseline
9.900000000000013,7094.161577600253,15,28,39,0,baseline
10.050000000000013,7178.916849245254,15,28,39,0,baseline
10.200000000000014,7260.795010655253,15,28,39,0,baseline
10.350000000000014,7341.353061830253,15,28,39,0,baseline
10.500000000000014,7418.255502770255,15,29,39,0,baseline
10.650000000000015,7496.296792428613,15,30,40,0,baseline
10.800000000000015,7672.436427441991,15,30,41,0,baseline
10.950000000000015,7732.380927441991,15,33,41,0,baseline
11.100000000000016,8698.306423896993,15,33,41,0,baseline
11.250000000000016,8775.030136806992,15,33,41,0,baseline
11.400000000000016,8858.975706171992,15,33,41,0,baseline
11.550000000000017,9033.432744071712,15,33,42,0,baseline
11.700000000000017,9134.157526346711,15,33,42,0,baseline
11.850000000000017,9241.32566507671,15,33,42,0,baseline
12.000000000000018,9344.385947351711,15,33,42,0,baseline
12.150000000000018,9442.559873171711,15,33,42,0,baseline
12.300000000000018,9541.727655446713,15,34,42,0,baseline
12.450000000000019,9621.134655446713,15,36,42,0,baseline
12.60000000000002,10679.891266328344,15,36,43,0,baseline
12.75000000000002,10768.166486798344,15,36,43,0,baseline
12.90000000000002,10867.550357318343,15,36,43,0,baseline
13.05000000000002,10968.700877888343,15,38,43,0,baseline
13.20000000000002,12819.070848508345,15,39,43,0,baseline
13.350000000000021,12955.150403066706,15,40,44,0,baseline
13.500000000000021,14322.118782246705,15,41,44,0,baseline
13.650000000000022,14482.101525365066,15,41,45,0,baseline
13.800000000000022,14632.71049347506,15,41,45,0,baseline
13.950000000000022,14789.706976235067,15,41,45,0,baseline
14.100000000000023,14945.894332805068,15,41,45,0,baseline
14.250000000000023,15064.988935835067,15,43,45,0,baseline
14.400000000000023,15566.035130893479,15,43,48,0,baseline
14.550000000000024,15689.452946833477,15,43,48,0,baseline
14.700000000000024,15784.97478784348,15,45,48,0,baseline
14.850000000000025,15972.21477681156,15,46,50,0,baseline
15.000000000000025,16800.977757956513,15,46,51,0,baseline
15.150000000000025,16903.841523476513,15,46,51,0,baseline
15.300000000000026,17123.98594897959,15,47,52,0,baseline
15.450000000000026,17216.66802103795,15,49,53,0,baseline
15.600000000000026,17426.26531725469,15,50,55,0,baseline
15.750000000000027,18436.486917944687,15,50,55,0,baseline
15.900000000000027,18520.571145944687,15,51,55,0,baseline
16.050000000000026,18616.79793091305,15,51,56,0,baseline
16.200000000000024,18707.556698728047,15,51,56,0,baseline
16.350000000000023,18778.33284290805,15,53,56,0,baseline
16.50000000000002,18945.09802596695,15,53,57,0,baseline
16.65000000000002,19029.287694006947,15,53,57,0,baseline
16.80000000000002,19279.307018645683,15,54,58,0,baseline
16.950000000000017,19386.07723152404,15,54,59,0,baseline
17.100000000000016,19486.19079787904,15,54,59,0,baseline
17.250000000000014,19600.080007369044,15,54,59,0,baseline
17.400000000000013,19731.05268313904,15,56,59,0,baseline
17.55000000000001,21109.699558516786,15,56,61,0,baseline
17.70000000000001,21277.125644701788,15,56,61,0,baseline
17.85000000000001,21463.57388793178,15,56,61,0,baseline
18.000000000000007,21647.666187751787,15,57,61,0,baseline
18.150000000000006,21907.162086398414,15,57,62,0,baseline
18.300000000000004,22117.93672635842,15,57,62,0,baseline
18.450000000000003,22316.554575008417,15,58,62,0,baseline
18.6,22642.182504166496,15,58,63,0,baseline
18.75,22852.0526516865,15,58,63,0,baseline
18.9,23071.471475386497,15,58,63,0,baseline
19.049999999999997,23275.7583143265,15,59,63,0,baseline
19.199999999999996,23576.57020003806,15,59,64,0,baseline
19.349999999999994,23903.476378692685,15,59,65,0,baseline
19.499999999999993,24123.587553582678,15,60,65,0,baseline
19.64999999999999,24354.86178010268,15,60,65,0,baseline
19.79999999999999,24585.116825562684,15,61,65,0,baseline
19.94999999999999,25634.516666417683,15,61,65,0,baseline
20.099999999999987,25871.226099677682,15,63,65,0,baseline
20.249999999999986,27322.237085581044,15,63,66,0,baseline
20.399999999999984,27570.12907189604,15,63,66,0,baseline
20.549999999999983,27830.974286161047,15,63,66,0,baseline
20.69999999999998,28078.190814736037,15,64,66,0,baseline
20.84999999999998,28422.064438665424,15,64,67,0,baseline
20.99999999999998,28688.862422040424,15,64,67,0,baseline
21.149999999999977,28960.602720450424,15,65,67,0,baseline
21.299999999999976,29241.629830995425,15,65,67,0,baseline
21.449999999999974,29509.223153325416,15,66,67,0,baseline
21.599999999999973,29810.381112171242,15,67,68,0,baseline
21.74999999999997,30253.52914946383,15,67,70,0,baseline
21.89999999999997,30517.781718098828,15,67,70,0,baseline
22.04999999999997,30881.25573493106,15,67,71,0,baseline
22.199999999999967,31099.35226859606,15,67,71,0,baseline
22.349999999999966,31299.43071559106,15,68,71,0,baseline
22.499999999999964,31586.53323308944,15,69,72,0,baseline
22.649999999999963,31821.665448789066,15,71,73,0,baseline
22.79999999999996,32143.67373886104,15,72,75,0,baseline
22.94999999999996,32322.056928437676,15,72,76,0,baseline
23.09999999999996,32437.730319797676,15,72,76,0,baseline
23.249999999999957,32535.19081264767,15,73,76,0,baseline
23.399999999999956,32728.77241975924,15,74,77,0,baseline
23.549999999999955,33806.39732673924,15,75,77,0,baseline
23.699999999999953,33926.058708909244,15,75,77,0,baseline
23.84999999999995,34062.84408606924,15,75,77,0,baseline
23.99999999999995,34215.97495821923,15,75,77,0,baseline
24.14999999999995,34400.6747960776,15,75,78,0,baseline
24.299999999999947,34586.9244361726,15,76,78,0,baseline
24.449999999999946,34800.764105120965,15,77,79,0,baseline
24.599999999999945,35024.839277450956,15,77,79,0,baseline
24.749999999999943,35270.54422371596,15,78,79,0,baseline
24.89999999999994,36380.63971179596,15,80,79,0,baseline
25.04999999999994,36758.000954522184,15,80,81,0,baseline
25.19999999999994,37034.47218186218,15,81,81,0,baseline
25.349999999999937,37739.524897004616,15,81,83,0,baseline
25.499999999999936,38073.23354629462,15,81,83,0,baseline
25.649999999999935,38437.07013779962,15,81,83,0,baseline
25.799999999999933,38825.82206128461,15,81,83,0,baseline
25.949999999999932,39235.04551418962,15,81,83,0,baseline
26.09999999999993,39644.55600004462,15,81,83,0,baseline
26.24999999999993,40053.35966239462,15,81,83,0,baseline
26.399999999999928,40476.96999770962,15,82,83,0,baseline
26.549999999999926,41669.97868951962,15,82,83,0,baseline
26.699999999999925,42094.530122344615,15,82,83,0,baseline
26.849999999999923,42519.37678572463,15,82,83,0,baseline
26.999999999999922,42965.71809879462,15,82,83,0,baseline
27.14999999999992,43413.52956240463,15,82,83,0,baseline
27.29999999999992,43863.494139034614,15,83,83,0,baseline
27.449999999999918,44271.19788651298,15,86,84,0,baseline
27.599999999999916,44877.57240597497,15,87,86,0,baseline
27.749999999999915,45867.77877265497,15,87,86,0,baseline
27.899999999999913,46277.646737924966,15,87,86,0,baseline
28.049999999999912,46661.84401601996,15,89,86,0,baseline
28.19999999999991,47234.01121048367,15,89,88,0,baseline
28.34999999999991,47719.710902916544,15,89,89,0,baseline
28.499999999999908,48131.77300815654,15,89,89,0,baseline
28.649999999999906,48534.05868704154,15,90,89,0,baseline
28.799999999999905,48944.52830825153,15,90,89,0,baseline
28.949999999999903,49358.40209976654,15,90,89,0,baseline
29.099999999999902,49786.79660562654,15,90,89,0,baseline
29.2499999999999,50210.69570216154,15,90,89,0,baseline
29.3999999999999,50648.86971723654,15,90,89,0,baseline
29.549999999999898,51103.22111801155,15,90,89,0,baseline
29.699999999999896,51576.863904486534,15,90,89,0,baseline
29.849999999999895,52059.25025801154,15,90,89,0,baseline
29.999999999999893,52530.92445153655,15,91,89,0,baseline
30.149999999999892,53124.19247523199,15,91,90,0,baseline
30.29999999999989,53648.26638271699,15,92,90,0,baseline
30.44999999999989,54203.844360150346,15,92,91,0,baseline
30.599999999999888,54748.504828215344,15,94,91,0,baseline
30.749999999999886,56097.83166250871,15,94,92,0,baseline
30.899999999999885,56665.64466607872,15,95,92,0,baseline
31.049999999999883,57311.728139534396,15,95,93,0,baseline
31.199999999999882,57878.454123554395,15,96,93,0,baseline
31.34999999999988,58531.342120782254,15,96,94,0,baseline
31.49999999999988,59077.72333075227,15,97,94,0,baseline
31.649999999999878,59707.11796152512,15,97,95,0,baseline
31.799999999999876,60238.45220672012,15,98,95,0,baseline
31.949999999999875,60817.77564245594,15,98,96,0,baseline
32.09999999999987,61335.808701340946,15,98,96,0,baseline
32.24999999999987,61849.943950855944,15,98,96,0,baseline
32.39999999999987,62370.10273513095,15,98,96,0,baseline
32.54999999999987,63071.506221831834,15,100,97,0,baseline
32.69999999999987,63615.01713247156,15,100,98,0,baseline
32.849999999999866,64078.44137465657,15,100,98,0,baseline
32.999999999999865,64546.11321404657,15,100,98,0,baseline
33.149999999999864,65024.041378331574,15,100,98,0,baseline
33.29999999999986,65480.950206101574,15,101,98,0,baseline
33.44999999999986,66061.01699503495,15,101,99,0,baseline
33.59999999999986,66521.97221668495,15,102,99,0,baseline
33.74999999999986,67082.7162357139,15,102,100,0,baseline
33.89999999999986,67564.40761450391,15,102,100,0,baseline
34.049999999999855,68050.28666935391,15,102,100,0,baseline
34.199999999999854,68557.75181650392,15,102,100,0,baseline
34.34999999999985,69055.8507289489,15,103,100,0,baseline
34.49999999999985,69653.95578613367,15,103,101,0,baseline
34.64999999999985,70174.87890170867,15,103,101,0,baseline
34.79999999999985,70705.21348283868,15,103,101,0,baseline
34.94999999999985,71247.99770362367,15,103,101,0,baseline
35.099999999999845,71800.27821532368,15,103,101,0,baseline
35.249999999999844,72348.06211102368,15,103,101,0,baseline
35.39999999999984,72891.34939072367,15,103,101,0,baseline
35.54999999999984,73426.82130892367,15,105,101,0,baseline
35.69999999999984,74066.37552164246,15,106,103,0,baseline
35.84999999999984,74698.92448910943,15,106,104,0,baseline
35.99999999999984,75252.61562723941,15,106,104,0,baseline
36.149999999999835,75811.63239823442,15,106,104,0,baseline
36.299999999999834,76380.05060770441,15,106,104,0,baseline
36.44999999999983,76957.98961526943,15,107,104,0,baseline
36.59999999999983,77616.2628806501,15,108,105,0,baseline
36.74999999999983,78225.30180767346,15,108,106,0,baseline
36.89999999999983,78817.62613286347,15,108,106,0,baseline
37.04999999999983,79410.36299298845,15,108,106,0,baseline
37.199999999999825,79972.52600166846,15,109,106,0,baseline
37.349999999999824,80608.64050331901,15,109,107,0,baseline
37.49999999999982,81176.354481689,15,109,107,0,baseline
37.64999999999982,81737.95843394901,15,109,107,0,baseline
37.79999999999982,82297.37909852901,15,109,107,0,baseline
37.94999999999982,82849.81908595402,15,109,107,0,baseline
38.09999999999982,83400.93436999401,15,110,107,0,baseline
38.249999999999815,83928.604340249,15,111,107,0,baseline
38.399999999999814,84505.28074522188,15,113,108,0,baseline
38.54999999999981,85163.52572746747,15,113,110,0,baseline
38.69999999999981,85680.02083624748,15,113,110,0,baseline
38.84999999999981,86208.68576842747,15,114,110,0,baseline
38.99999999999981,87366.47930785746,15,115,110,0,baseline
39.14999999999981,87980.62674639185,15,115,111,0,baseline
39.299999999999805,88507.14909087186,15,115,111,0,baseline
39.449999999999804,89050.59685834686,15,115,111,0,baseline
39.5999999999998,89579.69438740685,15,116,111,0,baseline
39.7499999999998,90111.03384076685,15,116,111,0,baseline
39.8999999999998,90647.79265060683,15,116,111,0,baseline
40.0499999999998,91185.71253870185,15,116,111,0,baseline
40.1999999999998,91730.46483084184,15,116,111,0,baseline
40.349999999999795,92288.20207480688,15,116,111,0,baseline
40.499999999999794,92858.35554520685,15,116,111,0,baseline
40.64999999999979,93437.88741048187,15,116,111,0,baseline
40.79999999999979,94008.01596888184,15,118,111,0,baseline
40.94999999999979,94700.41001097494,15,118,113,0,baseline
41.09999999999979,95313.28500789494,15,118,113,0,baseline
41.24999999999979,95911.72800832994,15,119,113,0,baseline
41.399999999999785,96596.41364562062,15,119,114,0,baseline
41.549999999999784,97215.54643573561,15,119,114,0,baseline
41.69999999999978,97834.55138836562,15,119,114,0,baseline
41.84999999999978,98426.82792922563,15,120,114,0,baseline
41.99999999999978,99013.49000593563,15,120,114,0,baseline
42.14999999999978,99584.20535871062,15,122,114,0,baseline
42.29999999999978,100204.98847361497,15,123,115,0,baseline
42.449999999999775,100861.17995084835,15,123,116,0,baseline
42.599999999999774,101412.64085774835,15,123,116,0,baseline
42.74999999999977,101952.91574726836,15,124,116,0,baseline
42.89999999999977,102574.71060555388,15,124,117,0,baseline
43.04999999999977,103119.92922697889,15,124,117,0,baseline
43.19999999999977,103682.20381027886,15,124,117,0,baseline
43.34999999999977,104235.18423240387,15,124,117,0,baseline
43.499999999999766,104788.11729837387,15,124,117,0,baseline
43.649999999999764,105335.3284282689,15,124,117,0,baseline
43.79999999999976,105894.77903395888,15,124,117,0,baseline
43.94999999999976,106422.7043677839,15,124,117,0,baseline
44.09999999999976,106918.21250229387,15,125,117,0,baseline
44.24999999999976,107539.6152427935,15,125,118,0,baseline
44.39999999999976,108030.03480547354,15,126,118,0,baseline
44.549999999999756,108608.40578013896,15,127,119,0,baseline
44.699999999999754,109090.54568391896,15,127,119,0,baseline
44.84999999999975,109602.36970706396,15,127,119,0,baseline
44.99999999999975,110077.72879799397,15,129,119,0,baseline
45.14999999999975,110515.14966881399,15,130,119,0,baseline
45.29999999999975,110950.51774412398,15,130,119,0,baseline
45.44999999999975,111352.425173214,15,132,119,0,baseline
45.599999999999746,111855.2835583162,15,133,120,0,baseline
45.749999999999744,112332.62578338315,15,133,121,0,baseline
45.89999999999974,112702.53033864316,15,135,121,0,baseline
46.04999999999974,113166.35971009711,15,135,122,0,baseline
46.19999999999974,113532.6607756971,15,135,122,0,baseline
46.34999999999974,113915.46242127211,15,135,122,0,baseline
46.49999999999974,114280.60445607212,15,136,122,0,baseline
46.649999999999736,114647.4749165721,15,136,122,0,baseline
46.799999999999734,115016.07380277214,15,136,122,0,baseline
46.94999999999973,115386.40111467207,15,136,122,0,baseline
47.09999999999973,115762.43419320209,15,137,122,0,baseline
47.24999999999973,116202.86616788647,15,138,123,0,baseline
47.39999999999973,116676.41178183934,15,138,124,0,baseline
47.54999999999973,117082.06604579434,15,139,124,0,baseline
47.699999999999726,117502.50334745437,15,140,124,0,baseline
47.849999999999724,117956.96295636773,15,140,125,0,baseline
47.99999999999972,118412.36529321772,15,140,125,1,baseline
48.14999999999972,118885.2501476627,15,140,125,1,baseline
48.29999999999972,119366.7568818227,21,140,125,1,baseline
48.44999999999972,119865.7461335777,21,140,125,1,baseline
48.59999999999972,120382.2179029277,21,140,125,1,baseline
48.749999999999716,120899.89394171271,21,140,125,1,baseline
48.899999999999714,121430.29743566272,21,140,125,1,baseline
49.04999999999971,121957.30065180773,21,140,125,1,baseline
49.19999999999971,122503.01230506772,21,140,125,1,baseline
49.34999999999971,123051.6570349277,21,140,125,1,baseline
49.49999999999971,123594.72656039274,21,140,125,1,baseline
49.64999999999971,124149.39798572274,21,140,125,1,baseline
49.799999999999706,124704.73361946775,21,140,125,1,baseline
49.949999999999704,125253.68858157774,21,140,125,1,baseline
50.0999999999997,125796.26287205271,21,140,125,1,baseline
50.2499999999997,126342.90109601272,21,140,125,1,baseline
50.3999999999997,126876.6224090477,21,141,125,1,baseline
50.5499999999997,127418.5799173277,21,141,125,1,baseline
50.6999999999997,127909.80118709271,21,143,125,1,baseline
50.849999999999696,128385.60194442773,21,143,125,1,baseline
50.999999999999694,128828.27406243772,21,145,125,1,baseline
51.14999999999969,129481.3126971097,21,145,127,1,baseline
51.29999999999969,129911.7253785847,21,146,127,1,baseline
51.44999999999969,130319.0885201047,21,147,127,1,baseline
51.59999999999969,130716.7915275997,21,147,127,1,baseline
51.74999999999969,131126.51972097968,21,147,127,1,baseline
51.899999999999686,131524.0464060097,21,149,127,1,baseline
52.049999999999685,132754.25686089904,21,150,128,1,baseline
52.19999999999968,133092.71745861907,21,151,128,1,baseline
52.34999999999968,133404.60514994405,21,152,128,1,baseline
52.49999999999968,133827.5118964463,21,152,129,1,baseline
52.64999999999968,134140.64722744128,21,152,129,1,baseline
52.79999999999968,134447.58578407127,21,152,129,1,baseline
52.949999999999676,134740.8810970613,21,152,129,1,baseline
53.099999999999675,135041.28349225127,21,152,129,1,baseline
53.24999999999967,135337.63063423126,21,153,129,1,baseline
53.39999999999967,135738.17311508604,21,153,130,1,baseline
53.54999999999967,136064.18759975603,21,153,130,1,baseline
53.69999999999967,136355.96616119603,21,155,130,1,baseline
53.84999999999967,136757.02111341388,21,155,131,1,baseline
53.999999999999666,137096.38776057388,21,156,131,1,baseline
54.149999999999665,137457.47159164888,21,156,131,1,baseline
54.29999999999966,137845.78656643888,21,156,131,1,baseline
54.44999999999966,138271.52394280888,21,156,131,1,baseline
54.59999999999966,138721.7289513789,21,156,131,1,baseline
54.74999999999966,139174.4799196389,21,156,131,1,baseline
54.89999999999966,139643.5508091639,21,156,131,1,baseline
55.049999999999656,140143.9422717639,21,156,131,1,baseline
55.199999999999655,140634.0123424389,21,157,131,1,baseline
55.34999999999965,141208.06197027682,21,157,132,1,baseline
55.49999999999965,141719.11724024182,21,157,132,1,baseline
55.64999999999965,142218.54010092682,21,158,132,1,baseline
55.79999999999965,142702.4028485618,21,158,132,1,baseline
55.94999999999965,143179.56612102684,21,158,132,1,baseline
56.099999999999646,143673.37218206184,21,158,132,1,baseline
56.249999999999645,144153.3493894868,21,160,132,1,baseline
56.39999999999964,144725.00194735642,21,161,133,1,baseline
56.54999999999964,145298.2955819484,21,161,134,1,baseline
56.69999999999964,145777.47447654838,21,161,134,1,baseline
56.84999999999964,146250.68113953838,21,162,134,1,baseline
56.99999999999964,146766.70587688423,21,163,135,1,baseline
57.149999999999636,147209.67696224924,21,163,135,1,baseline
57.299999999999635,147667.8054114742,21,163,135,1,baseline
57.44999999999963,148118.17235582919,21,163,135,1,baseline
57.59999999999963,148457.78848888417,21,166,135,1,baseline
57.74999999999963,148794.73841513917,21,166,135,1,baseline
57.89999999999963,149086.1484035392,21,168,135,1,baseline
58.04999999999963,149507.09584155728,21,168,136,1,baseline
58.199999999999626,149816.1902670973,21,168,136,1,baseline
58.349999999999625,150139.65595833727,21,168,136,1,baseline
58.49999999999962,150486.73972029725,21,168,136,1,baseline
58.64999999999962,150841.12865378227,21,168,136,1,baseline
58.79999999999962,151211.79319631227,21,168,136,1,baseline
58.94999999999962,151570.74469253226,21,169,136,1,baseline
59.09999999999962,151907.59888664226,21,170,136,1,baseline
59.249999999999616,152259.14991515226,21,170,136,1,baseline
59.399999999999615,152621.56713767227,21,170,136,1,baseline
59.54999999999961,152997.77737166226,21,170,136,1,baseline
59.69999999999961,153375.23426441225,21,170,136,1,baseline
59.84999999999961,153713.4270503473,21,171,136,1,baseline
59.99999999999961,154055.2601801323,21,171,136,1,baseline
60.14999999999961,154390.0941122473,21,172,136,1,baseline
60.299999999999606,154787.03198862294,21,172,137,1,baseline
60.449999999999605,155141.42293842297,21,172,137,1,baseline
60.5999999999996,155460.455780598,21,174,137,1,baseline
60.7499999999996,156012.7865083996,21,174,139,1,baseline
60.8999999999996,156372.59260299458,21,174,139,1,baseline
61.0499999999996,156766.94595075463,21,174,139,1,baseline
61.1999999999996,157173.93814480962,21,174,139,1,baseline
61.349999999999596,157581.54773607457,21,174,139,1,baseline
61.499999999999595,157984.4207620696,21,174,139,1,baseline
61.649999999999594,158424.35618010457,21,174,139,1,baseline
61.79999999999959,158811.3103368946,21,176,139,1,baseline
61.94999999999959,159364.92717475272,21,177,141,1,baseline
62.09999999999959,159822.95406385825,21,177,142,1,baseline
62.24999999999959,160167.65378634326,21,179,142,1,baseline
62.39999999999959,160617.1300340837,21,179,143,1,baseline
62.549999999999585,160962.2531827187,21,180,143,1,baseline
62.699999999999584,161322.00827777872,21,180,143,1,baseline
62.84999999999958,161705.64959788372,21,180,143,1,baseline
62.99999999999958,162059.5402913687,21,181,143,1,baseline
63.14999999999958,162411.12525469373,21,182,143,1,baseline
63.29999999999958,162756.18142118872,21,183,143,1,baseline
63.44999999999958,163104.33336299876,21,184,143,1,baseline
63.599999999999575,163454.39328374874,21,185,143,1,baseline
63.749999999999574,163906.13742526527,21,185,144,1,baseline
63.89999999999957,164302.7244997203,21,185,144,1,baseline
64.04999999999957,164721.9792832353,21,185,144,1,baseline
64.19999999999958,165166.49833800027,21,185,144,1,baseline
64.34999999999958,165643.39691268027,21,185,144,1,baseline
64.49999999999959,166061.8272024153,21,187,144,1,baseline
64.6499999999996,166496.40814416023,21,187,144,1,baseline
64.7999999999996,166928.12148115522,21,188,144,1,baseline
64.9499999999996,167398.98207990025,21,188,144,1,baseline
65.09999999999961,167865.78946510525,21,189,144,1,baseline
65.24999999999962,168423.23180130002,21,189,145,1,baseline
65.39999999999962,168896.347823535,21,189,145,1,baseline
65.54999999999963,169372.010404905,21,189,145,1,baseline
65.69999999999963,169835.18124534003,21,189,145,1,baseline
65.84999999999964,170269.59478623,21,190,145,1,baseline
65.99999999999964,170683.203171525,21,191,145,1,baseline
66.14999999999965,171066.436627695,21,192,145,1,baseline
66.29999999999966,171562.5210788481,21,192,146,2,baseline
66.44999999999966,171944.25055865306,21,192,146,2,baseline
66.59999999999967,172298.5165903431,21,193,146,2,baseline
66.74999999999967,172692.56826761892,21,194,147,2,baseline
66.89999999999968,173082.82407307863,21,195,148,2,baseline
67.04999999999968,173386.70261868363,21,195,148,2,baseline
67.19999999999969,173697.95394853863,23,195,148,2,baseline
67.3499999999997,173983.17829512365,23,196,148,2,baseline
67.4999999999997,174271.4545018386,23,196,148,2,baseline
67.64999999999971,174535.55401737365,23,197,148,2,baseline
67.79999999999971,174788.16103564863,23,198,148,2,baseline
67.94999999999972,175000.0505965986,23,200,148,2,baseline
68.09999999999972,175231.6990636386,23,200,148,2,baseline
68.24999999999973,175485.65957422863,23,200,148,2,baseline
68.39999999999974,175760.56430386862,23,200,148,2,baseline
68.54999999999974,176048.7209719086,23,200,148,2,baseline
68.69999999999975,176306.86220655363,23,202,148,2,baseline
68.84999999999975,176685.61649364696,23,203,149,2,baseline
68.99999999999976,177057.0530931875,23,203,150,2,baseline
69.14999999999976,177328.1858034875,23,204,150,2,baseline
69.29999999999977,177601.04042344246,23,204,150,2,baseline
69.44999999999978,177885.44098468253,23,204,150,2,baseline
69.59999999999978,178108.42284718252,23,206,150,2,baseline
69.74999999999979,178406.3470005954,23,206,151,2,baseline
69.89999999999979,178632.09473346538,23,206,151,2,baseline
70.0499999999998,178832.6878935204,23,207,151,2,baseline
70.1999999999998,179111.97931399007,23,207,152,2,baseline
70.34999999999981,179279.61229433506,23,208,152,2,baseline
70.49999999999982,179431.5334241951,23,209,152,2,baseline
70.64999999999982,179676.81251619555,23,209,153,2,baseline
70.79999999999983,179886.80181194746,23,211,154,2,baseline
70.94999999999983,180085.91481388907,23,211,155,2,baseline
71.09999999999984,180224.8684069691,23,211,155,2,baseline
71.24999999999984,180374.39715183413,23,211,155,2,baseline
71.39999999999985,180534.5010484841,23,211,155,2,baseline
71.54999999999986,180714.3744621791,23,211,155,2,baseline
71.69999999999986,180908.66343043908,23,211,155,2,baseline
71.84999999999987,181106.9427327941,23,211,155,2,baseline
71.99999999999987,181322.7207299741,23,211,155,2,baseline
72.14999999999988,181545.9590225891,23,212,155,2,baseline
72.29999999999988,181745.65495360913,23,213,155,2,baseline
72.44999999999989,181960.1029847441,23,213,155,2,baseline
72.5999999999999,182202.82499148414,23,213,155,2,baseline
72.7499999999999,182484.98906235414,23,213,155,2,baseline
72.8999999999999,182798.7564652841,23,213,155,2,baseline
73.04999999999991,183117.16978494413,23,214,155,2,baseline
73.19999999999992,183446.59065864413,23,214,155,2,baseline
73.34999999999992,183797.27595622913,23,214,155,2,baseline
73.49999999999993,184155.0335604191,23,214,155,2,baseline
73.64999999999993,184493.30262378408,23,215,155,2,baseline
73.79999999999994,184821.17045226414,23,215,155,2,baseline
73.94999999999995,185123.98354276916,23,216,155,2,baseline
74.09999999999995,185390.10731400413,23,218,155,2,baseline
74.24999999999996,185740.39633800703,23,218,156,2,baseline
74.39999999999996,186003.11805645702,23,218,156,2,baseline
74.54999999999997,186234.94529823706,23,219,156,2,baseline
74.69999999999997,186474.86131071704,23,219,156,2,baseline
74.84999999999998,186638.82202871205,23,222,156,2,baseline
74.99999999999999,186960.82931399337,23,223,158,2,baseline
75.14999999999999,187205.9434856173,23,225,159,2,baseline
75.3,187367.1448259323,23,225,159,2,baseline
75.45,187523.4094486273,23,225,159,2,baseline
75.60000000000001,187661.7545894623,23,226,159,2,baseline
75.75000000000001,187925.90202954193,23,226,160,2,baseline
75.90000000000002,188054.99334328691,23,227,160,2,baseline
76.05000000000003,188178.0520527469,23,228,160,2,baseline
76.20000000000003,188389.56092015028,23,229,161,2,baseline
76.35000000000004,188485.33154640527,23,230,161,2,baseline
76.50000000000004,188577.19957551526,23,231,161,2,baseline
76.65000000000005,188687.76168620028,23,231,161,2,baseline
76.80000000000005,188814.06904502027,23,231,161,2,baseline
76.95000000000006,188972.06762076527,23,231,161,2,baseline
77.10000000000007,189154.09613265528,23,231,161,2,baseline
77.25000000000007,189309.29005316028,23,233,161,2,baseline
77.40000000000008,189591.23905649834,23,234,162,2,baseline
77.55000000000008,189745.77988556836,23,235,162,2,baseline
77.70000000000009,189975.47855468406,23,235,163,2,baseline
77.8500000000001,190107.97533104406,23,237,163,2,baseline
78.0000000000001,190329.78528934458,23,237,164,2,baseline
78.1500000000001,190464.4159186346,23,238,164,2,baseline
78.30000000000011,190680.05394810654,23,239,165,2,baseline
78.45000000000012,190891.97131610627,23,239,166,2,baseline
78.60000000000012,191024.21780471626,23,239,166,2,baseline
78.75000000000013,191166.37548581627,23,239,166,2,baseline
78.90000000000013,191318.44435940628,23,239,166,2,baseline
79.05000000000014,191467.42107770627,23,239,166,2,baseline
79.20000000000014,191631.41969308126,23,239,166,2,baseline
79.35000000000015,191810.81690611126,23,239,166,2,baseline
79.50000000000016,191978.4566827613,23,240,166,2,baseline
79.65000000000016,192243.09256589017,23,240,167,2,baseline
79.80000000000017,192421.71048485016,23,240,167,2,baseline
79.95000000000017,192579.41271678513,23,242,167,2,baseline
80.10000000000018,192737.36315787517,23,243,167,2,baseline
80.25000000000018,193044.23657354238,23,243,168,2,baseline
80.40000000000019,193266.97283486242,23,243,168,2,baseline
80.5500000000002,193501.35647601736,23,244,168,2,baseline
80.7000000000002,193845.44403266022,23,244,169,2,baseline
80.85000000000021,194116.09689891528,23,245,169,2,baseline
81.00000000000021,194394.56412240525,23,245,169,2,baseline
81.15000000000022,194695.25977076028,23,245,169,2,baseline
81.30000000000022,195001.4869730152,23,246,169,2,baseline
81.45000000000023,195413.56649338483,23,247,170,2,baseline
81.60000000000024,195802.59985328294,23,248,171,2,baseline
81.75000000000024,196082.05919717296,23,248,171,2,baseline
81.90000000000025,196356.88430961792,23,249,171,2,baseline
82.05000000000025,196729.55360535733,23,250,172,2,baseline
82.20000000000026,196995.28132250236,23,252,172,2,baseline
82.35000000000026,197339.60602423316,23,252,173,2,baseline
82.50000000000027,197599.49587886813,23,254,173,2,baseline
82.65000000000028,197870.05505264815,23,254,173,2,baseline
82.80000000000028,198115.36923083817,23,256,173,2,baseline
82.95000000000029,198466.06226745155,23,257,174,2,baseline
83.10000000000029,198702.02444970157,23,258,174,2,baseline
83.2500000000003,198955.31406456153,23,258,174,2,baseline
83.4000000000003,199240.42059295654,23,258,174,2,baseline
83.55000000000031,199530.20932396653,23,259,174,2,baseline
83.70000000000032,199834.86207225156,23,259,174,2,baseline
83.85000000000032,200154.7094200515,23,260,174,2,baseline
84.00000000000033,200454.81938728658,23,261,174,2,baseline
84.15000000000033,200759.7052729666,23,261,174,2,baseline
84.30000000000034,201073.44652608153,23,261,174,2,baseline
84.45000000000034,201350.37635220157,23,262,174,2,baseline
84.60000000000035,201636.4793294566,23,262,174,2,baseline
84.75000000000036,201896.42917530157,23,263,174,2,baseline
84.90000000000036,202286.37066323461,23,263,175,2,baseline
85.05000000000037,202535.56625558465,23,264,175,3,baseline
85.20000000000037,202916.91553547687,24,264,176,3,baseline
85.35000000000038,203157.42086467185,24,265,176,3,baseline
85.50000000000038,203395.74057847186,24,266,176,3,baseline
85.65000000000039,203728.2510929915,24,267,177,3,baseline
85.8000000000004,203934.4401032615,24,268,177,3,baseline
85.9500000000004,204204.39352440083,24,269,178,3,baseline
86.1000000000004,204480.1528248756,24,270,179,3,baseline
86.25000000000041,205780.0773881106,24,271,179,3,baseline
86.40000000000042,206042.32737063724,23,271,180,3,baseline
86.55000000000042,206204.54304974223,23,272,180,3,baseline
86.70000000000043,206349.03214371722,23,273,180,3,baseline
86.85000000000043,206454.51690075727,23,275,180,4,baseline
87.00000000000044,206654.04008111518,23,275,181,4,baseline
87.15000000000045,206758.7061208452,25,276,181,4,baseline
87.30000000000045,206873.77091983016,25,276,181,4,baseline
87.45000000000046,206995.0165962102,25,277,181,4,baseline
87.60000000000046,207141.0477274152,25,277,181,4,baseline
87.75000000000047,207307.2879323352,25,277,181,4,baseline
87.90000000000047,207446.3755909002,25,279,181,4,baseline
88.05000000000048,207614.81971038855,25,279,182,4,baseline
88.20000000000049,207742.64284763354,25,280,182,4,baseline
88.35000000000049,207852.37349696356,25,281,182,4,baseline
88.5000000000005,208068.3504515208,25,282,183,4,baseline
88.6500000000005,208183.02549448077,25,282,183,4,baseline
88.80000000000051,208269.48541643578,25,284,183,4,baseline
88.95000000000051,208478.1107114004,25,284,184,4,baseline
89.10000000000052,208586.9982685854,25,284,184,4,baseline
89.25000000000053,208703.7621360354,25,284,184,4,baseline
89.40000000000053,208828.40231375038,25,284,184,4,baseline
89.55000000000054,208960.91880173038,25,284,184,4,baseline
89.70000000000054,209101.3115999754,25,284,184,4,baseline
89.85000000000055,209246.4022642554,25,284,184,4,baseline
90.00000000000055,209396.1907945704,25,284,184,4,baseline
90.15000000000056,209550.6771909204,25,284,184,4,baseline
90.30000000000057,209711.45604707036,25,284,184,4,baseline
90.45000000000057,209875.1898556704,25,284,184,4,baseline
90.60000000000058,210044.55235940038,25,284,184,4,baseline
90.75000000000058,210226.0933901604,25,284,184,4,baseline
90.90000000000059,210407.89103787538,25,284,184,4,baseline
91.0500000000006,210597.78403461538,25,284,184,4,baseline
91.2000000000006,210794.60866301038,25,284,184,4,baseline
91.3500000000006,210941.4373441104,25,286,184,4,baseline
91.50000000000061,211093.86189099538,25,286,184,4,baseline
91.65000000000062,211243.8797596254,25,286,184,4,baseline
91.80000000000062,211393.8157222704,25,286,184,4,baseline
91.95000000000063,211535.8310468604,25,286,184,4,baseline
92.10000000000063,211657.9219173354,25,287,184,4,baseline
92.25000000000064,211861.10330947826,25,287,185,4,baseline
92.40000000000065,211954.12644574826,25,288,185,4,baseline
92.55000000000065,212056.62048604825,25,288,185,4,baseline
92.70000000000066,212149.64362231825,25,288,185,4,baseline
92.85000000000066,212237.11522059326,25,288,185,4,baseline
93.00000000000067,212319.03528087324,25,288,185,4,baseline
93.15000000000067,212497.44298819764,25,288,186,4,baseline
93.30000000000068,212587.20178054765,25,288,186,4,baseline
93.45000000000068,212728.28341721342,25,288,187,4,baseline
93.60000000000069,212806.9391335734,25,288,187,4,baseline
93.7500000000007,212880.04331193844,25,288,187,4,baseline
93.9000000000007,212919.18324021844,25,290,187,4,baseline
94.05000000000071,213159.6212087554,25,290,189,4,baseline
94.20000000000071,213206.7636810754,25,290,189,4,baseline
94.35000000000072,213253.98805938038,25,290,189,4,baseline
94.50000000000072,213301.2943436704,25,290,189,4,baseline
94.65000000000073,213348.68253394536,25,290,189,4,baseline
94.80000000000074,213396.15263020538,25,290,189,4,baseline
94.95000000000074,213455.97368346038,25,290,189,4,baseline
95.10000000000075,213504.6294975004,25,291,189,4,baseline
95.25000000000075,213647.66362017332,25,291,190,4,baseline
95.40000000000076,213718.53657861333,25,291,190,4,baseline
95.55000000000076,213792.51556521334,25,291,190,4,baseline
95.70000000000077,213869.60057997334,25,291,190,4,baseline
95.85000000000078,213966.48657096335,25,291,190,4,baseline
96.00000000000078,214076.72799414335,25,291,190,4,baseline
96.15000000000079,214189.90721163334,25,291,190,4,baseline
96.3000000000008,214318.96066692332,25,291,190,4,baseline
96.4500000000008,214462.2997062033,25,291,190,4,baseline
96.6000000000008,214622.1621043683,25,291,190,4,baseline
96.75000000000081,214795.47730171835,25,291,190,4,baseline
96.90000000000082,214966.24021017333,25,292,190,4,baseline
97.05000000000082,215251.45108077113,25,292,191,4,baseline
97.20000000000083,215464.21683568618,25,293,191,4,baseline
97.35000000000083,215759.78996076054,25,294,192,4,baseline
97.50000000000084,216055.9405039503,25,296,193,4,baseline
97.65000000000084,216351.5834019495,25,297,195,4,baseline
97.80000000000085,216646.12464584608,25,298,196,4,baseline
97.95000000000086,216972.91482093657,25,299,197,4,baseline
98.10000000000086,217303.18721413444,25,299,198,4,baseline
98.25000000000087,217545.22627396442,25,300,198,4,baseline
98.40000000000087,217861.5024221534,25,301,199,4,baseline
98.55000000000088,218057.10856570338,25,302,199,4,baseline
98.70000000000088,218225.26763299335,25,303,199,4,baseline
98.85000000000089,218338.06081568843,25,305,199,4,baseline
99.0000000000009,218530.14414852398,25,305,200,4,baseline
99.1500000000009,218651.017289299,25,305,200,4,baseline
99.3000000000009,218764.05594082896,25,307,200,4,baseline
99.45000000000091,218882.58244126893,25,308,200,4,baseline
99.60000000000092,219010.87289649397,25,308,200,4,baseline
99.75000000000092,219145.548164974,25,308,200,4,baseline
99.90000000000093,219290.44864948897,25,308,200,4,baseline
100.05000000000094,219464.60481367892,25,308,200,4,baseline
100.20000000000094,219614.30215050397,25,310,200,5,baseline
100.35000000000095,219976.00687801908,25,310,202,5,baseline
100.50000000000095,220150.33649200905,25,310,202,5,baseline
100.65000000000096,220329.86354326908,25,311,202,5,baseline
100.80000000000096,220554.23521463067,25,314,203,5,baseline
100.95000000000097,220849.6182205812,25,314,205,5,baseline
101.10000000000097,221029.25774952123,25,314,205,5,baseline
101.25000000000098,221201.8070741412,27,315,205,5,baseline
101.40000000000099,221467.79999907906,27,315,206,5,baseline
101.55000000000099,221623.61770827905,27,317,206,5,baseline
101.700000000001,221886.41186402302,27,317,207,5,baseline
101.850000000001,222046.36770554303,27,319,207,5,baseline
102.00000000000101,222350.93423314032,27,319,209,5,baseline
102.15000000000101,222537.02036488033,27,319,209,5,baseline
102.30000000000102,222648.92024218035,27,322,209,5,baseline
102.45000000000103,222864.34312324924,27,322,210,5,baseline
102.60000000000103,222990.39960265922,27,322,210,5,baseline
102.75000000000104,223117.35155947923,27,323,210,5,baseline
102.90000000000104,223348.62914213966,27,324,211,5,baseline
103.05000000000105,223589.28588851902,27,325,212,5,baseline
103.20000000000105,223772.79289310743,27,325,213,5,baseline
103.35000000000106,223968.19841720743,27,325,213,5,baseline
103.50000000000107,224172.24350075744,27,326,213,5,baseline
103.65000000000107,225202.6540528374,27,326,213,5,baseline
103.80000000000108,225426.8326956024,26,327,213,5,baseline
103.95000000000108,225749.86913332719,26,327,214,5,baseline
104.10000000000109,226003.0985156422,26,327,214,5,baseline
104.2500000000011,226241.67412239217,26,328,214,5,baseline
104.4000000000011,226495.73816569717,26,328,214,5,baseline
104.5500000000011,226759.90179070717,26,328,214,5,baseline
104.70000000000111,226982.85484092214,26,329,214,5,baseline
104.85000000000112,227216.08251078214,26,329,214,5,baseline
105.00000000000112,227449.90192627712,26,330,214,5,baseline
105.15000000000113,227726.13938466687,26,333,215,5,baseline
105.30000000000113,228047.82749390416,26,333,217,5,baseline
105.45000000000114,228242.5155023325,26,333,218,5,baseline
105.60000000000115,228374.38161584252,26,335,218,5,baseline
105.75000000000115,228643.090299093,26,338,220,5,baseline
105.90000000000116,228966.95255730185,26,339,223,5,baseline
106.05000000000116,229025.20615530186,26,340,223,5,baseline
106.20000000000117,229182.46574851233,26,340,224,5,baseline
106.35000000000117,229237.6053465123,26,341,224,5,baseline
106.50000000000118,229309.28473417068,26,341,225,5,baseline
106.65000000000119,229364.4243321707,26,341,225,5,baseline
106.80000000000119,229419.5639301707,26,341,225,5,baseline
106.9500000000012,229478.6604724007,26,341,225,5,baseline
107.1000000000012,229548.19004345566,26,341,225,5,baseline
107.25000000000121,229628.93114333568,26,341,225,5,baseline
107.40000000000121,229720.8837720407,26,341,225,5,baseline
107.55000000000122,229832.81810575066,26,341,225,5,baseline
107.70000000000122,229943.7307516307,26,343,225,5,baseline
107.85000000000123,230071.6121596007,26,343,225,5,baseline
108.00000000000124,230198.44656292073,26,345,225,5,baseline
108.15000000000124,230347.2406295507,26,345,225,5,baseline
108.30000000000125,230495.03119411066,26,346,225,5,baseline
108.45000000000125,231453.0819707707,26,346,225,5,baseline
108.60000000000126,231620.94319953068,25,346,225,5,baseline
108.75000000000126,231798.01268199075,25,346,225,5,baseline
108.90000000000127,231966.84722259073,25,347,225,5,baseline
109.05000000000128,232202.64275865228,25,348,226,5,baseline
109.20000000000128,232349.37688314228,25,348,226,5,baseline
109.35000000000129,232499.95591014228,25,348,226,5,baseline
109.5000000000013,232651.31343714226,25,348,226,5,baseline
109.6500000000013,232798.7784641423,25,349,226,5,baseline
109.8000000000013,232958.95264041063,25,349,227,5,baseline
109.95000000000131,233106.41766741066,25,349,227,5,baseline
110.10000000000132,233245.42865151065,25,349,227,5,baseline
110.25000000000132,233401.772187389,25,349,228,5,baseline
110.40000000000133,233533.121890709,25,349,228,5,baseline
110.55000000000133,233656.017551129,25,349,228,5,baseline
110.70000000000134,233778.12044942903,25,349,228,5,baseline
110.85000000000134,233896.14224831903,25,349,228,5,baseline
111.00000000000135,234019.32975281903,25,349,228,5,baseline
111.15000000000136,234138.43615790902,25,349,228,5,baseline
111.30000000000136,234252.68296358903,25,349,228,5,baseline
111.45000000000137,234371.28845063903,25,349,228,5,baseline
111.60000000000137,234479.60391152903,25,350,228,5,baseline
111.75000000000138,234694.3504515095,25,350,229,5,baseline
111.90000000000138,234819.07308015946,25,350,229,5,baseline
112.05000000000139,234954.3347926895,25,350,229,5,baseline
112.2000000000014,235098.57858909946,25,350,229,5,baseline
112.3500000000014,235239.77024511946,25,350,229,5,baseline
112.5000000000014,235377.90976074946,25,350,229,5,baseline
112.65000000000141,235641.65309784256,25,350,230,5,baseline
112.80000000000142,235779.01411347257,25,351,230,5,baseline
112.95000000000142,235926.26833488088,25,351,231,5,baseline
113.10000000000143,236058.3035697309,25,351,231,5,baseline
113.25000000000144,236181.35672070095,25,351,231,5,baseline
113.40000000000144,236304.64606857087,25,351,231,5,baseline
113.55000000000145,236408.2541735109,25,352,231,5,baseline
113.70000000000145,236592.7189340765,25,352,232,5,baseline
113.85000000000146,236704.01684403647,25,352,232,5,baseline
114.00000000000146,236814.78671301648,25,352,232,5,baseline
114.15000000000147,236926.58554101648,25,352,232,5,baseline
114.30000000000148,237034.7423280365,25,353,232,5,baseline
114.45000000000148,237152.26554880984,25,354,233,5,baseline
114.60000000000149,237356.47371206142,25,354,234,5,baseline
114.75000000000149,237478.87247928642,25,354,234,5,baseline
114.9000000000015,237612.36816456643,25,354,234,5,baseline
115.0500000000015,237752.3373653914,25,354,234,5,baseline
115.20000000000151,237898.78008176142,25,354,234,5,baseline
115.35000000000151,238040.30628258642,25,354,234,5,baseline
115.50000000000152,238183.42358949644,25,354,234,5,baseline
115.65000000000153,238339.52203358142,25,354,234,5,baseline
115.80000000000153,238474.43152157145,25,355,234,5,baseline
115.95000000000154,238737.62181226455,25,355,235,5,baseline
116.10000000000154,238890.4328999695,25,355,235,5,baseline
116.25000000000155,239053.85946575954,25,355,235,5,baseline
116.40000000000155,239226.9204906445,25,355,235,5,baseline
116.55000000000156,239398.90804966452,25,356,235,5,baseline
116.70000000000157,239583.20704901946,25,356,235,5,baseline
116.85000000000157,239784.02637110953,25,356,235,5,baseline
117.00000000000158,239997.53537554448,25,356,235,5,baseline
117.15000000000158,240223.73406232448,25,356,235,5,baseline
117.30000000000159,240432.65822335452,25,357,235,5,baseline
117.4500000000016,240650.94271027454,25,357,235,5,baseline
117.6000000000016,240873.07356328453,25,357,235,5,baseline
117.7500000000016,241110.49681876448,25,357,235,5,baseline
117.90000000000161,241352.2088463145,25,357,235,5,baseline
118.05000000000162,241585.58299873446,25,358,235,5,baseline
118.20000000000162,241916.87552443348,25,358,236,5,baseline
118.35000000000163,242166.46648579347,25,358,236,5,baseline
118.50000000000163,242436.36152122344,25,358,236,5,baseline
118.65000000000164,242706.13697905347,25,358,236,5,baseline
118.80000000000165,242966.99839390346,25,358,236,5,baseline
118.95000000000165,243209.19556708346,25,359,236,5,baseline
119.10000000000166,243503.70599846236,25,361,237,5,baseline
119.25000000000166,243904.66826089253,25,361,239,5,baseline
119.40000000000167,244094.36630566252,25,361,239,5,baseline
119.55000000000167,244283.82942248753,25,361,239,5,baseline
119.70000000000168,244461.66758027757,25,361,239,5,baseline
119.85000000000169,244635.84816601253,25,362,239,5,baseline
120.00000000000169,244819.93096477087,25,362,240,5,baseline
120.1500000000017,244992.22642832587,25,362,240,5,baseline
120.3000000000017,245144.4791680459,25,363,240,5,baseline
120.45000000000171,245288.2209487309,25,363,240,5,baseline
120.60000000000171,245429.08365736087,25,363,240,5,baseline
120.75000000000172,245523.74458636084,25,365,240,5,baseline
120.90000000000173,245835.1467432055,25,365,242,5,baseline
121.05000000000173,245935.34849804052,25,367,242,5,baseline
121.20000000000174,246060.74486836887,25,367,243,5,baseline
121.35000000000174,246178.25627487386,25,367,243,5,baseline
121.50000000000175,246396.60851345578,25,367,244,5,baseline
121.65000000000175,246531.4295716308,25,367,244,5,baseline
121.80000000000176,246673.34845564078,25,368,244,5,baseline
121.95000000000176,246842.01895514416,25,368,245,5,baseline
122.10000000000177,247004.3614908242,25,368,245,5,baseline
122.25000000000178,247176.91585233918,25,368,245,5,baseline
122.40000000000178,247359.68203968916,25,368,245,5,baseline
122.55000000000179,247539.30736100415,25,368,245,5,baseline
122.7000000000018,247725.85977531914,25,368,245,5,baseline
122.8500000000018,247927.17801470414,25,368,245,5,baseline
123.0000000000018,248136.2018470892,25,368,245,5,baseline
123.15000000000181,248347.4173126742,25,368,245,5,baseline
123.30000000000182,248575.4128708742,25,368,245,5,baseline
123.45000000000182,248816.9993341592,25,368,245,5,baseline
123.60000000000183,249048.3245368592,25,368,245,5,baseline
123.75000000000183,249279.41378399418,25,368,245,5,baseline
123.90000000000184,249515.47670414418,25,368,245,5,baseline
124.05000000000184,249721.6130255342,25,370,245,5,baseline
124.20000000000185,250128.94006737517,25,370,247,5,baseline
124.35000000000186,250319.6345921452,25,371,247,5,baseline
124.50000000000186,250540.7485105985,25,371,248,5,baseline
124.65000000000187,250705.82232010853,25,373,248,5,baseline
124.80000000000187,251084.48087704272,25,373,250,5,baseline
124.95000000000188,251259.61312453274,25,373,250,5,baseline
125.10000000000188,251425.43748589267,25,374,250,5,baseline
125.25000000000189,251615.7088614111,25,374,251,5,baseline
125.4000000000019,251772.43395907106,25,375,251,5,baseline
125.5500000000019,251933.04177877106,25,375,251,5,baseline
125.7000000000019,252088.67168263101,25,375,251,5,baseline
125.85000000000191,252198.09304948107,25,377,251,5,baseline
126.00000000000192,252420.21059873153,25,377,252,5,baseline
126.15000000000192,252548.8607287415,25,377,252,5,baseline
126.30000000000193,252683.0494347215,25,377,252,5,baseline
126.45000000000194,252834.76873067152,25,377,252,5,baseline
126.60000000000194,252990.97378254647,25,378,252,5,baseline
126.75000000000195,253257.0800255613,25,378,253,5,baseline
126.90000000000195,253455.2086414563,25,378,253,5,baseline
127.05000000000196,253672.7315373963,25,378,253,5,baseline
127.20000000000196,253915.9304454513,25,378,253,5,baseline
127.35000000000197,254151.27286385128,25,380,253,5,baseline
127.50000000000198,254474.08910994753,25,381,255,5,baseline
127.65000000000198,254780.88325102543,25,382,256,5,baseline
127.80000000000199,256159.79498415045,25,382,256,5,baseline
127.95000000000199,256395.39153609046,25,383,256,5,baseline
128.10000000000198,257801.08745722545,25,384,256,5,baseline
128.250000000002,258028.98900376543,24,384,256,5,baseline
128.400000000002,258253.2599299204,24,384,256,5,baseline
128.550000000002,258476.4190413004,24,384,256,5,baseline
128.700000000002,258688.45381585544,24,385,256,5,baseline
128.850000000002,258962.95159839978,24,386,257,5,baseline
129.00000000000202,259176.0815667548,24,386,257,5,baseline
129.15000000000202,259387.36142207478,24,386,257,5,baseline
129.30000000000203,259596.86562788475,24,386,257,5,baseline
129.45000000000203,259809.9915869648,24,386,257,5,baseline
129.60000000000204,260112.47947637943,24,388,258,5,baseline
129.75000000000205,260427.81838364256,24,388,259,5,baseline
129.90000000000205,260670.6545696979,24,389,260,5,baseline
130.05000000000206,261729.89970814294,24,389,260,5,baseline
130.20000000000206,261934.44503243788,24,389,260,5,baseline
130.35000000000207,262139.34918295292,24,389,260,5,baseline
130.50000000000207,262401.4865419987,24,389,261,5,baseline
130.65000000000208,262610.4458523037,24,389,261,5,baseline
130.8000000000021,262817.62513014366,24,389,261,5,baseline
130.9500000000021,263021.6899330987,24,390,261,5,baseline
131.1000000000021,263222.1941962387,24,390,261,5,baseline
131.2500000000021,263417.5809195637,24,390,261,5,baseline
131.4000000000021,263609.2053547987,24,390,261,5,baseline
131.55000000000211,263797.5841301137,24,391,261,5,baseline
131.70000000000212,264085.9776789406,24,391,262,5,baseline
131.85000000000213,264373.2612518062,24,391,263,5,baseline
132.00000000000213,264582.01232893125,24,391,263,5,baseline
132.15000000000214,264792.41177081625,24,391,263,5,baseline
132.30000000000214,264998.25991486124,24,392,263,5,baseline
132.45000000000215,265211.37181865465,24,392,264,5,baseline
132.60000000000215,265426.1252241996,24,392,264,5,baseline
132.75000000000216,265610.5041287946,24,393,264,5,baseline
132.90000000000217,265891.18655239424,24,394,265,5,baseline
133.05000000000217,266137.2986215072,24,394,266,5,baseline
133.20000000000218,266300.77906728216,24,394,266,5,baseline
133.35000000000218,266443.3661378422,24,395,266,5,baseline
133.5000000000022,266691.4739407326,24,395,267,5,baseline
133.6500000000022,266841.0036898626,24,396,267,5,baseline
133.8000000000022,267048.9502477834,24,397,268,5,baseline
133.9500000000022,267298.27210803895,24,397,269,5,baseline
134.1000000000022,267476.415546819,24,397,269,5,baseline
134.25000000000222,267665.54376072896,24,397,269,5,baseline
134.40000000000222,267860.065913094,24,398,269,5,baseline
134.55000000000223,268064.881010994,24,398,269,5,baseline
134.70000000000223,268284.48517218896,24,398,269,5,baseline
134.85000000000224,268522.798416654,24,398,269,5,baseline
135.00000000000225,268719.27813840896,24,400,269,5,baseline
135.15000000000225,269012.3032266246,24,400,270,5,baseline
135.30000000000226,269218.8472873896,24,400,270,5,baseline
135.45000000000226,269395.7248929546,24,401,270,5,baseline
135.60000000000227,269589.6015987546,24,402,270,5,baseline
135.75000000000227,271196.5196690396,24,403,270,5,baseline
135.90000000000228,271501.7040827785,24,403,271,5,baseline
136.05000000000229,271740.26466447854,24,403,271,5,baseline
136.2000000000023,271989.54534687847,24,403,271,5,baseline
136.3500000000023,272245.62676394347,24,403,271,5,baseline
136.5000000000023,272517.7557206935,24,403,271,5,baseline
136.6500000000023,272772.0875212885,24,404,271,5,baseline
136.8000000000023,273992.9241205185,24,404,271,5,baseline
136.95000000000232,274262.3130842385,23,404,271,5,baseline
137.10000000000232,274518.0620117384,23,405,271,5,baseline
137.25000000000233,275527.6818342485,23,405,271,5,baseline
137.40000000000234,275772.6218653385,22,405,271,5,baseline
137.55000000000234,276017.6805943235,22,406,271,5,baseline
137.70000000000235,276298.23677907186,22,406,272,5,baseline
137.85000000000235,276567.94965328695,22,406,272,5,baseline
138.00000000000236,276826.84319140686,22,407,272,5,baseline
138.15000000000236,277089.7479274218,22,407,272,5,baseline
138.30000000000237,277340.84000805183,22,408,272,5,baseline
138.45000000000238,277667.66014073155,22,409,273,5,baseline
138.60000000000238,277964.1332783818,22,410,275,5,baseline
138.7500000000024,278225.05683915265,22,410,276,5,baseline
138.9000000000024,278398.60376481264,22,411,276,5,baseline
139.0500000000024,278714.7080964557,22,411,278,5,baseline
139.2000000000024,278868.4465722858,22,411,278,5,baseline
139.3500000000024,279143.0408284254,22,411,279,5,baseline
139.50000000000242,279308.9478353454,22,411,279,5,baseline
139.65000000000242,279465.72911735036,22,411,279,5,baseline
139.80000000000243,279607.9378680504,22,412,279,5,baseline
139.95000000000243,279834.657768726,22,412,280,5,baseline
140.10000000000244,279967.033488336,22,412,280,5,baseline
140.25000000000244,280099.76731016097,22,412,280,5,baseline
140.40000000000245,280249.366805106,22,412,280,5,baseline
140.55000000000246,280407.11892332096,22,412,280,5,baseline
140.70000000000246,280573.023664806,22,412,280,5,baseline
140.85000000000247,280754.257141356,22,412,280,5,baseline
141.00000000000247,280950.040852971,22,412,280,5,baseline
141.15000000000248,281176.98713330104,22,412,280,5,baseline
141.30000000000248,281400.92588907597,22,413,280,5,baseline
141.4500000000025,281761.5999731241,22,413,281,5,baseline
141.6000000000025,282021.8465442441,22,413,281,5,baseline
141.7500000000025,282306.04168268904,22,413,281,5,baseline
141.9000000000025,282589.59754807403,22,414,281,5,baseline
142.0500000000025,282932.32882378984,22,414,282,5,baseline
142.20000000000252,283220.4867452149,22,414,282,5,baseline
142.35000000000252,283526.2573805749,22,414,282,5,baseline
142.50000000000253,283817.3997595999,22,415,282,5,baseline
142.65000000000254,284224.69521841453,22,415,283,5,baseline
142.80000000000254,284515.8230083495,22,415,283,5,baseline
142.95000000000255,284787.8373543295,22,416,283,5,baseline
143.10000000000255,285130.70619225106,22,418,284,5,baseline
143.25000000000256,285474.118967089,22,418,285,5,baseline
143.40000000000256,285741.328520059,22,418,285,5,baseline
143.55000000000257,286015.871395114,22,418,285,5,baseline
143.70000000000258,286264.874339854,22,419,285,5,baseline
143.85000000000258,286523.470202929,22,420,285,5,baseline
144.0000000000026,286800.51796843734,22,420,286,5,baseline
144.1500000000026,287074.69398315233,22,420,286,5,baseline
144.3000000000026,287361.8004235523,22,420,286,5,baseline
144.4500000000026,287641.68167551735,22,422,286,5,baseline
144.6000000000026,288759.2006610352,22,423,287,5,baseline
144.75000000000261,289132.5181295158,22,424,288,5,baseline
144.90000000000262,289445.41072863416,22,424,289,5,baseline
145.05000000000263,289748.70572620915,22,425,289,5,baseline
145.20000000000263,290138.3843158498,22,425,290,5,baseline
145.35000000000264,290471.3855188348,22,425,290,5,baseline
145.50000000000264,290794.53878245474,22,426,290,5,baseline
145.65000000000265,291131.2066581598,22,426,290,5,baseline
145.80000000000265,291473.42175896984,22,426,290,5,baseline
145.95000000000266,291813.28480108484,22,426,290,5,baseline
146.10000000000267,292164.8956339648,22,426,290,5,baseline
146.25000000000267,292496.66263418976,22,427,290,5,baseline
146.40000000000268,293743.03257967974,22,427,290,5,baseline
146.55000000000268,294094.3764337698,21,427,290,5,baseline
146.7000000000027,294443.3539281198,21,428,290,5,baseline
146.8500000000027,294802.9998307697,21,428,290,5,baseline
147.0000000000027,295172.6639073798,21,428,290,5,baseline
147.1500000000027,295541.38170166983,21,430,290,5,baseline
147.3000000000027,296819.5811263998,21,430,290,5,baseline
147.45000000000272,297177.32499784976,21,431,290,5,baseline
147.60000000000272,297600.71317867056,21,431,291,5,baseline
147.75000000000273,297953.3035981006,21,432,291,5,baseline
147.90000000000273,298386.01534602937,21,432,292,5,baseline
148.05000000000274,298744.37197482935,21,432,292,5,baseline
148.20000000000275,299113.2675907278,21,432,293,5,baseline
148.35000000000275,299454.34799664776,21,432,293,5,baseline
148.50000000000276,299796.25921776774,21,432,293,5,baseline
148.65000000000276,300126.8950185678,21,432,293,5,baseline
148.80000000000277,300456.7000041677,21,432,293,5,baseline
148.95000000000277,300775.2295694478,21,432,293,5,baseline
149.10000000000278,301088.4374644277,21,432,293,5,baseline
149.25000000000279,301405.3159246277,21,432,293,5,baseline
149.4000000000028,301702.3257880878,21,433,293,5,baseline
149.5500000000028,302108.19382044236,21,434,294,5,baseline
149.7000000000028,302425.23141825077,21,434,295,5,baseline
149.8500000000028,302786.22126495733,21,435,296,5,baseline
150.0000000000028,303191.38052918704,21,435,297,5,baseline
150.15000000000282,303487.3177130671,21,435,297,5,baseline
150.30000000000283,303794.88934589707,21,435,297,5,baseline
150.45000000000283,304087.714927557,21,436,297,5,baseline
150.60000000000284,304481.19030899636,21,436,298,5,baseline
150.75000000000284,304788.4912885164,21,436,298,5,baseline
150.90000000000285,305098.79598572635,21,436,298,5,baseline
151.05000000000285,305412.1044006264,21,436,298,5,baseline
151.20000000000286,305726.1913155263,21,436,298,5,baseline
151.35000000000286,306041.60803298635,21,437,298,5,baseline
151.50000000000287,306379.5653426647,21,437,299,5,baseline
151.65000000000288,306710.31302169967,21,437,299,5,baseline
151.80000000000288,307055.6654775097,21,437,299,5,baseline
151.9500000000029,307415.62271009467,21,437,299,5,baseline
152.1000000000029,307790.18471945473,21,437,299,5,baseline
152.2500000000029,308179.3515055897,21,437,299,5,baseline
152.4000000000029,308587.51981851965,21,437,299,5,baseline
152.5500000000029,309012.23982773465,21,437,299,5,baseline
152.70000000000292,309453.5115332347,21,437,299,5,baseline
152.85000000000292,309912.7713453697,21,437,299,5,baseline
153.00000000000293,310373.6618580997,21,438,299,5,baseline
153.15000000000293,310923.5644143463,21,438,300,5,baseline
153.30000000000294,311416.5137750563,21,438,300,5,baseline
153.45000000000294,311914.8267360763,21,438,300,5,baseline
153.60000000000295,312418.50329740625,21,438,300,5,baseline
153.75000000000296,312914.9168118464,21,439,300,5,baseline
153.90000000000296,313416.50605897635,21,439,300,5,baseline
154.05000000000297,313923.2710387962,21,439,300,5,baseline
154.20000000000297,314426.4172859263,21,439,300,5,baseline
154.35000000000298,314899.5614042263,21,440,300,5,baseline
154.50000000000298,315371.9270225263,21,440,300,5,baseline
154.650000000003,315845.0711408263,21,440,300,5,baseline
154.800000000003,316312.21445656626,21,440,300,5,baseline
154.950000000003,316787.1309313213,21,440,300,5,baseline
155.100000000003,317259.3759599713,21,440,300,5,baseline
155.250000000003,317728.94954251626,21,440,300,5,baseline
155.40000000000302,318197.4086789563,21,440,300,5,baseline
155.55000000000302,318659.3038692913,21,441,300,5,baseline
155.70000000000303,319147.0690082997,21,441,301,5,baseline
155.85000000000304,319615.62291154463,21,441,301,5,baseline
156.00000000000304,320081.5053686846,21,441,301,5,baseline
156.15000000000305,320542.0393984796,21,441,301,5,baseline
156.30000000000305,320988.4690557296,21,442,301,5,baseline
156.45000000000306,321534.72639086423,21,442,302,5,baseline
156.60000000000306,321967.58637272427,21,442,302,5,baseline
156.75000000000307,322395.98118998425,21,442,302,7,baseline
156.90000000000308,322813.25212973426,21,442,302,7,baseline
157.05000000000308,323316.5429510336,21,443,303,7,baseline
157.2000000000031,324391.7112578736,24,443,303,7,baseline
157.3500000000031,324795.52282011363,24,443,303,7,baseline
157.5000000000031,325189.7675048436,24,443,303,7,baseline
157.6500000000031,325566.4143683436,24,444,303,7,baseline
157.8000000000031,325993.0457178845,24,444,304,7,baseline
157.95000000000312,326332.90760003444,24,446,304,7,baseline
158.10000000000312,326836.46854907303,24,446,306,7,baseline
158.25000000000313,327183.109733783,24,446,306,7,baseline
158.40000000000313,327535.7517210529,24,446,306,7,baseline
158.55000000000314,327890.18530151295,24,446,306,7,baseline
158.70000000000314,328253.271893903,24,446,306,7,baseline
158.85000000000315,328616.18278662796,24,446,306,7,baseline
159.00000000000315,329200.2862252594,24,446,307,7,baseline
159.15000000000316,329567.25232448446,24,446,307,7,baseline
159.30000000000317,329946.1787605445,24,446,307,7,baseline
159.45000000000317,330318.0978791794,24,446,307,7,baseline
159.60000000000318,330700.0388852195,24,446,307,7,baseline
159.75000000000318,331064.52842024446,24,447,307,7,baseline
159.9000000000032,331458.6348244429,24,447,308,7,baseline
160.0500000000032,331839.1715021179,24,447,308,7,baseline
160.2000000000032,332195.89511817787,24,449,308,7,baseline
160.3500000000032,332742.7610526829,24,449,310,7,baseline
160.5000000000032,333083.1535682179,24,450,310,7,baseline
160.65000000000322,333578.7718834676,24,450,311,7,baseline
160.80000000000322,333914.7738925526,24,451,311,7,baseline
160.95000000000323,334353.29013794224,24,452,312,7,baseline
161.10000000000323,334690.4795152272,24,452,312,7,baseline
161.25000000000324,335012.73389939225,24,453,312,7,baseline
161.40000000000325,335410.30451132887,24,453,313,7,baseline
161.55000000000325,335702.78855725384,24,454,313,7,baseline
161.70000000000326,335990.9665406238,24,454,313,7,baseline
161.85000000000326,336266.1603818088,24,454,313,7,baseline
162.00000000000327,336534.2954700738,24,455,313,7,baseline
162.15000000000327,336872.68813437177,24,456,314,7,baseline
162.30000000000328,337209.4955582374,24,456,315,7,baseline
162.45000000000329,337481.5407950974,24,456,315,7,baseline
162.6000000000033,337774.63280281244,24,456,315,7,baseline
162.7500000000033,338047.7230513625,24,458,315,7,baseline
162.9000000000033,338476.17044552875,24,459,317,7,baseline
163.0500000000033,338883.2572671368,24,459,318,7,baseline
163.2000000000033,339185.77785962174,24,459,318,7,baseline
163.35000000000332,339512.2913394368,24,459,318,7,baseline
163.50000000000333,339862.09416056186,24,459,318,7,baseline
163.65000000000333,340205.9641266068,24,460,318,7,baseline
163.80000000000334,340633.93571330555,24,460,319,7,baseline
163.95000000000334,340986.41951716057,24,461,319,9,baseline
164.10000000000335,341434.92931109434,24,461,320,9,baseline
164.25000000000335,341813.47863396944,33,461,320,9,baseline
164.40000000000336,342192.98322305444,33,462,320,9,baseline
164.55000000000337,342579.7365346294,33,462,320,9,baseline
164.70000000000337,342978.08575940446,33,462,320,9,baseline
164.85000000000338,343377.3459615244,33,463,320,9,baseline
165.00000000000338,343800.2645217394,33,463,320,9,baseline
165.1500000000034,344219.5928345794,33,463,320,9,baseline
165.3000000000034,344648.7009135394,33,463,320,9,baseline
165.4500000000034,345081.9784205195,33,463,320,9,baseline
165.6000000000034,345507.5575589794,33,463,320,9,baseline
165.7500000000034,345941.8765899694,33,463,320,9,baseline
165.90000000000342,346352.21135940944,33,463,320,9,baseline
166.05000000000342,346766.46871008945,33,463,320,9,baseline
166.20000000000343,347124.94298580935,33,465,320,9,baseline
166.35000000000343,348774.30578471225,33,466,321,9,baseline
166.50000000000344,349103.90923223225,32,466,321,9,baseline
166.65000000000344,349417.55652818235,32,466,321,9,baseline
166.80000000000345,349726.07318994735,32,467,321,9,baseline
166.95000000000346,350066.8942970239,32,469,322,9,baseline
167.10000000000346,350476.54782423965,32,471,324,9,baseline
167.25000000000347,350913.74289042957,32,471,326,9,baseline
167.40000000000347,351172.65961227956,32,471,326,9,baseline
167.55000000000348,351436.85095188965,32,471,326,9,baseline
167.70000000000348,351706.31690925965,32,471,326,9,baseline
167.8500000000035,351981.0574843897,32,471,326,9,baseline
168.0000000000035,352250.52344175964,32,471,326,9,baseline
168.1500000000035,352545.723172583,32,471,327,9,baseline
168.3000000000035,352823.02786202304,32,471,327,9,baseline
168.4500000000035,353098.977299738,32,471,327,9,baseline
168.60000000000352,353309.595367778,32,472,327,9,baseline
168.75000000000352,353522.187540548,32,472,327,9,baseline
168.90000000000353,353755.072538063,32,472,327,9,baseline
169.05000000000354,353977.40345000307,32,473,327,9,baseline
169.20000000000354,354417.0371132366,32,473,329,9,baseline
169.35000000000355,354675.0625460066,32,473,329,9,baseline
169.50000000000355,354937.0117355515,32,474,329,9,baseline
169.65000000000356,356005.68103666656,32,474,329,9,baseline
169.80000000000356,356290.8644497215,31,474,329,9,baseline
169.95000000000357,356584.1044347166,31,474,329,9,baseline
170.10000000000358,356900.4766830766,31,474,329,9,baseline
170.25000000000358,357218.1820348366,31,475,329,9,baseline
170.4000000000036,358439.16919899156,31,475,329,9,baseline
170.5500000000036,358772.30186727154,30,475,329,9,baseline
170.7000000000036,359103.65317963663,30,475,329,9,baseline
170.8500000000036,359421.8764830166,30,476,329,9,baseline
171.0000000000036,359831.94007002044,30,476,330,9,baseline
171.15000000000362,360179.2733879404,30,476,330,9,baseline
171.30000000000362,360529.5050535754,30,476,330,9,baseline
171.45000000000363,360933.9199656058,30,476,331,9,baseline
171.60000000000363,361297.1449363707,30,476,331,9,baseline
171.75000000000364,361675.66005974077,30,476,331,9,baseline
171.90000000000364,362045.41307997575,30,476,331,9,baseline
172.05000000000365,362391.7859157358,30,478,331,9,baseline
172.20000000000366,362870.94883141684,30,478,334,9,baseline
172.35000000000366,363213.65740780684,30,479,334,9,baseline
172.50000000000367,363633.52399677085,30,479,335,9,baseline
172.65000000000367,363939.07953258074,30,480,335,9,baseline
172.80000000000368,364186.7860412708,30,481,335,9,baseline
172.95000000000368,364426.0520607458,30,481,335,9,baseline
173.1000000000037,364656.8873378258,30,482,335,9,baseline
173.2500000000037,364871.8918096208,30,483,335,9,baseline
173.4000000000037,365090.7798520207,30,483,335,9,baseline
173.5500000000037,365311.2159650258,30,484,335,9,baseline
173.7000000000037,365552.85393829417,30,484,336,9,baseline
173.85000000000372,365782.6141925091,30,484,336,9,baseline
174.00000000000372,366029.6489802591,30,484,336,9,baseline
174.15000000000373,366293.95830154413,30,484,336,9,baseline
174.30000000000373,366567.5504023341,30,484,336,9,baseline
174.45000000000374,366858.84370136913,30,484,336,9,baseline
174.60000000000375,367165.8173917041,30,484,336,10,baseline
174.75000000000375,367485.9206168842,30,484,336,10,baseline
174.90000000000376,367819.1533769091,30,484,336,10,baseline
175.05000000000376,368165.5156717791,30,484,336,10,baseline
175.20000000000377,368533.4259202341,31,484,336,10,baseline
175.35000000000377,368897.6288660541,31,485,336,10,baseline
175.50000000000378,369345.2885303098,31,485,337,10,baseline
175.65000000000379,369703.55701733974,31,485,337,10,baseline
175.8000000000038,370060.2320160747,31,485,337,10,baseline
175.9500000000038,370376.9278557447,31,486,337,10,baseline
176.1000000000038,370825.3012013645,31,487,338,10,baseline
176.2500000000038,371153.0873306929,31,487,339,10,baseline
176.4000000000038,371543.71447743766,31,487,340,10,baseline
176.55000000000382,371838.9786169277,31,487,340,10,baseline
176.70000000000383,372133.1124211277,31,487,340,10,baseline
176.85000000000383,372420.03362523764,31,487,340,10,baseline
177.00000000000384,372703.41416463774,31,488,340,10,baseline
177.15000000000384,373994.1408131877,31,489,340,10,baseline
177.30000000000385,374241.7750615077,31,490,340,10,baseline
177.45000000000385,374584.59623800666,31,490,341,10,baseline
177.60000000000386,374845.9881227567,31,490,341,10,baseline
177.75000000000387,375115.3714345666,31,490,341,10,baseline
177.90000000000387,375399.1437852317,31,490,341,10,baseline
178.05000000000388,375698.0836747516,31,490,341,10,baseline
178.20000000000388,376017.8239087366,31,490,341,10,baseline
178.3500000000039,376345.0157033866,31,491,341,10,baseline
178.5000000000039,376707.4714972201,31,491,342,10,baseline
178.6500000000039,377064.73156206,31,491,342,10,baseline
178.8000000000039,377387.888367855,31,492,342,10,baseline
178.9500000000039,378016.57793210645,31,492,343,10,baseline
179.10000000000392,378342.1287966714,31,492,343,10,baseline
179.25000000000392,378681.3893187114,31,492,343,10,baseline
179.40000000000393,379025.01865819143,31,492,343,10,baseline
179.55000000000393,379347.0049814514,31,493,343,10,baseline
179.70000000000394,379761.8851590862,31,493,344,10,baseline
179.85000000000394,380050.0812192262,31,496,344,10,baseline
180.00000000000395,380586.13574207545,31,496,347,10,baseline
180.15000000000396,380879.61946763546,31,496,347,10,baseline
180.30000000000396,381150.5053233705,31,498,347,10,baseline
180.45000000000397,381438.5746559188,31,498,348,10,baseline
180.60000000000397,381688.06177316385,31,499,348,10,baseline
180.75000000000398,381998.2305888527,31,500,349,10,baseline
180.90000000000398,382214.95652655774,31,500,349,10,baseline
181.050000000004,382421.7259708577,31,500,349,10,baseline
181.200000000004,382623.8843285177,31,500,349,10,baseline
181.350000000004,382799.20463046775,31,501,349,10,baseline
181.500000000004,383013.5064030171,31,502,350,10,baseline
181.650000000004,383156.64701821713,31,502,350,10,baseline
181.80000000000402,383303.5763204421,31,502,350,10,baseline
181.95000000000402,383455.61667757714,31,503,350,10,baseline
182.10000000000403,383716.39894905145,31,503,351,10,baseline
182.25000000000404,383910.1833792465,31,503,351,10,baseline
182.40000000000404,384111.9819998414,31,504,351,10,baseline
182.55000000000405,384328.96778527653,31,505,351,10,baseline
182.70000000000405,384644.2642488053,31,505,352,10,baseline
182.85000000000406,384912.10688576027,31,505,352,10,baseline
183.00000000000406,385203.3267488903,31,505,352,10,baseline
183.15000000000407,385476.9883308053,31,507,352,10,baseline
183.30000000000408,386249.79189318366,31,507,353,10,baseline
183.45000000000408,386483.3183669136,30,508,353,10,baseline
183.6000000000041,386696.0222700036,30,510,353,10,baseline
183.7500000000041,387010.431655925,30,510,354,10,baseline
183.9000000000041,387223.98203763505,30,510,354,10,baseline
184.0500000000041,387435.961935725,30,510,354,10,baseline
184.2000000000041,387653.48659886,30,510,354,10,baseline
184.35000000000412,387874.32713483006,30,510,354,10,baseline
184.50000000000412,388090.5842754051,30,511,354,10,baseline
184.65000000000413,388886.566987945,30,512,354,10,baseline
184.80000000000413,389196.72698544466,30,512,355,10,baseline
184.95000000000414,389398.84085961466,30,512,355,10,baseline
185.10000000000414,389622.67135381803,30,512,356,10,baseline
185.25000000000415,389826.987277518,30,512,356,10,baseline
185.40000000000416,390019.5013514131,30,512,356,10,baseline
185.55000000000416,390222.2962885231,30,512,356,10,baseline
185.70000000000417,390424.8195369181,30,512,356,10,baseline
185.85000000000417,390615.2465690881,30,513,356,10,baseline
186.00000000000418,390867.8196720547,30,513,357,10,baseline
186.15000000000418,391028.44307732466,30,514,357,10,baseline
186.3000000000042,391284.4580939936,30,514,358,10,baseline
186.4500000000042,391498.968521811,30,516,359,10,baseline
186.6000000000042,392354.6149232758,30,516,360,10,baseline
186.7500000000042,392512.8821982958,30,516,360,10,baseline
186.9000000000042,392686.4184740758,30,516,360,10,baseline
187.05000000000422,392937.39415783464,30,517,361,10,baseline
187.20000000000422,393194.3603894839,30,517,362,10,baseline
187.35000000000423,393363.91532284394,30,517,362,10,baseline
187.50000000000423,393539.471058764,30,517,362,10,baseline
187.65000000000424,393716.15614906396,30,517,362,10,baseline
187.80000000000425,393896.59824143903,30,517,362,10,baseline
187.95000000000425,394081.49904464907,30,517,362,10,baseline
188.10000000000426,394264.622835974,30,517,362,10,baseline
188.25000000000426,394449.153182174,30,517,362,10,baseline
188.40000000000427,394835.28507999575,30,517,363,10,baseline
188.55000000000427,395038.9660435258,30,517,363,10,baseline
188.70000000000428,395257.0169726607,30,517,363,10,baseline
188.8500000000043,395462.50128473074,30,518,363,10,baseline
189.0000000000043,395792.48204793036,30,518,364,10,baseline
189.1500000000043,396004.07467341033,30,519,364,10,baseline
189.3000000000043,396326.01111114176,30,519,365,10,baseline
189.4500000000043,396562.96757802175,30,519,365,10,baseline
189.60000000000431,396790.92224940174,30,520,365,10,baseline
189.75000000000432,397090.58939795906,30,520,366,10,baseline
189.90000000000433,397315.29596492904,30,521,366,10,baseline
190.05000000000433,398322.53205928905,30,521,366,10,baseline
190.20000000000434,398545.59125797905,30,522,366,10,baseline
190.35000000000434,398872.522679968,30,522,367,10,baseline
190.50000000000435,399114.92461421795,30,522,367,10,baseline
190.65000000000435,399362.788971568,30,522,367,10,baseline
190.80000000000436,399628.19894393795,30,522,367,10,baseline
190.95000000000437,399911.933296018,30,522,367,10,baseline
191.10000000000437,400209.87124046794,30,522,367,10,baseline
191.25000000000438,400509.51458258793,30,523,367,10,baseline
191.40000000000438,400848.7057369164,30,523,368,10,baseline
191.5500000000044,401166.2527573464,30,524,368,10,baseline
191.7000000000044,401609.91407809604,30,524,369,10,baseline
191.8500000000044,401950.986418756,30,524,369,10,baseline
192.0000000000044,402291.710131546,30,525,369,10,baseline
192.1500000000044,402633.0555700061,30,526,369,10,baseline
192.30000000000442,404119.47032937105,30,526,369,10,baseline
192.45000000000442,404508.958939621,29,526,369,10,baseline
192.60000000000443,404917.78854937607,29,526,369,10,baseline
192.75000000000443,405295.443305686,29,527,369,10,baseline
192.90000000000444,405685.496102671,29,527,369,10,baseline
193.05000000000445,406066.222088191,29,528,369,10,baseline
193.20000000000445,406496.0492365626,29,529,370,10,baseline
193.35000000000446,406904.28311923594,29,530,371,10,baseline
193.50000000000446,407359.1616887056,29,531,372,10,baseline
193.65000000000447,407748.2598043194,29,531,373,10,baseline
193.80000000000447,408061.7348026494,29,531,373,10,baseline
193.95000000000448,408390.05690144945,29,531,373,10,baseline
194.10000000000448,408714.59092487785,29,532,374,10,baseline
194.2500000000045,409105.83314928564,29,532,375,10,baseline
194.4000000000045,409417.1391531956,29,532,375,10,baseline
194.5500000000045,409743.2922575757,29,532,375,10,baseline
194.7000000000045,410074.7194970457,29,532,375,10,baseline
194.8500000000045,410411.4208716056,29,532,375,10,baseline
195.00000000000452,410746.07427735574,29,532,375,10,baseline
195.15000000000452,411069.32921307563,29,533,375,10,baseline
195.30000000000453,411509.14381235954,29,533,376,10,baseline
195.45000000000454,411871.55457332963,29,533,376,10,baseline
195.60000000000454,412230.7910161196,29,534,376,10,baseline
195.75000000000455,412590.85486427956,29,534,376,10,baseline
195.90000000000455,412971.08885336964,29,534,376,10,baseline
196.05000000000456,413357.5476506096,29,534,376,10,baseline
196.20000000000456,413742.9984927596,29,534,376,10,baseline
196.35000000000457,414133.89564305963,29,534,376,10,baseline
196.50000000000458,414504.63162853464,29,535,376,10,baseline
196.65000000000458,414999.2004655843,29,535,377,10,baseline
196.8000000000046,415365.1406107993,29,536,377,10,baseline
196.9500000000046,415817.2426941486,29,536,378,10,baseline
197.1000000000046,416182.8715172136,29,536,378,10,baseline
197.2500000000046,416546.57471274363,29,537,378,10,baseline
197.4000000000046,416970.25342381524,29,538,379,10,baseline
197.55000000000462,417408.0204897831,29,538,380,10,baseline
197.70000000000462,417764.26485345804,29,538,380,10,baseline
197.85000000000463,418113.71773104806,29,538,380,10,baseline
198.00000000000463,418444.02468566305,29,539,380,10,baseline
198.15000000000464,418754.70038483304,29,541,380,10,baseline
198.30000000000464,419145.6600181181,29,541,382,10,baseline
198.45000000000465,419408.08195178804,29,543,382,10,baseline
198.60000000000466,419761.15071720694,29,543,383,10,baseline
198.75000000000466,420010.89476280694,29,544,383,10,baseline
198.90000000000467,420349.2672076603,29,544,384,10,baseline
199.05000000000467,420601.2017654203,29,545,384,10,baseline
199.20000000000468,420865.2563225802,29,545,384,10,baseline
199.35000000000468,421134.72204640036,29,545,384,10,baseline
199.5000000000047,421410.6938815603,29,546,384,10,baseline
199.6500000000047,421714.5813531986,29,546,385,10,baseline
199.8000000000047,421977.5813698287,29,547,385,10,baseline
199.9500000000047,422367.1846314883,29,547,386,10,baseline
200.1000000000047,422637.7014626533,29,548,386,10,baseline
200.25000000000472,423007.73010565265,29,548,387,10,baseline
200.40000000000472,423294.8435914776,29,548,387,10,baseline
200.55000000000473,423600.60563219764,29,548,387,10,baseline
200.70000000000474,423919.4784303427,29,548,387,10,baseline
200.85000000000474,424245.62183461257,29,548,387,10,baseline
201.00000000000475,424541.5031299776,29,549,387,10,baseline
201.15000000000475,424834.5658738776,29,549,387,10,baseline
201.30000000000476,425119.2413623926,29,550,387,10,baseline
201.45000000000476,425465.9376295774,29,552,388,10,baseline
201.60000000000477,426471.40219571674,29,552,389,10,baseline
201.75000000000477,426754.8135325769,28,552,389,10,baseline
201.90000000000478,427048.11918404687,28,552,389,10,baseline
202.0500000000048,427355.7159001467,28,552,389,10,baseline
202.2000000000048,427673.76248402684,28,552,389,10,baseline
202.3500000000048,428002.2589356868,28,552,389,10,baseline
202.5000000000048,428336.80802243674,28,552,389,10,baseline
202.6500000000048,428686.20420965686,28,552,389,10,baseline
202.80000000000481,429032.8252467868,28,552,389,10,baseline
202.95000000000482,429393.54820418684,28,552,389,10,baseline
203.10000000000483,429750.7175114969,28,552,389,10,baseline
203.25000000000483,430094.3408565268,28,552,389,10,baseline
203.40000000000484,430462.97631329513,28,552,390,10,baseline
203.55000000000484,430815.93110186514,28,552,390,10,baseline
203.70000000000485,431167.4510526551,28,552,390,10,baseline
203.85000000000485,431504.5807423452,28,552,390,10,baseline
204.00000000000486,431824.6777083852,28,553,390,10,baseline
204.15000000000487,432236.99750157417,28,553,391,10,baseline
204.30000000000487,432526.7684672141,28,555,391,10,baseline
204.45000000000488,432969.8382340612,28,557,393,10,baseline
204.60000000000488,433347.09580974863,28,557,395,10,baseline
204.7500000000049,433628.0978136686,28,557,395,10,baseline
204.9000000000049,433898.61638088856,28,557,395,10,baseline
205.0500000000049,434160.20851140865,28,557,395,10,baseline
205.2000000000049,434420.95634310856,28,557,395,10,baseline
205.3500000000049,434656.17538482865,28,558,395,10,baseline
205.50000000000492,434999.02713686833,28,558,396,10,baseline
205.65000000000492,435225.38554070826,28,558,396,10,baseline
205.80000000000493,435457.73126348824,28,558,396,10,baseline
205.95000000000493,435694.2531093883,28,558,396,10,baseline
206.10000000000494,435934.9510784082,28,558,396,10,baseline
206.25000000000495,436170.34104758827,28,559,396,10,baseline
206.40000000000495,436523.13400829764,28,560,397,10,baseline
206.55000000000496,436824.73315703607,28,560,398,10,baseline
206.70000000000496,437141.8033228611,28,560,398,10,baseline
206.85000000000497,437482.465876691,28,560,398,10,baseline
207.00000000000497,437846.72081852605,28,560,398,10,baseline
207.15000000000498,438234.193067066,28,560,398,10,baseline
207.30000000000499,438616.5590484709,28,561,398,10,baseline
207.450000000005,439110.2457424617,28,561,399,10,baseline
207.600000000005,439487.13890000666,28,563,399,10,baseline
207.750000000005,439976.75571503607,28,563,400,10,baseline
207.900000000005,440369.50199746096,28,563,400,10,baseline
208.050000000005,440720.4041773609,28,564,400,10,baseline
208.20000000000502,441080.23285624094,28,564,400,10,baseline
208.35000000000502,441448.209534101,28,564,400,10,baseline
208.50000000000503,441834.308975741,28,564,400,10,baseline
208.65000000000504,442201.745997401,28,566,400,10,baseline
208.80000000000504,442660.08612306823,28,568,402,10,baseline
208.95000000000505,443103.91303444037,28,568,404,10,baseline
209.10000000000505,443457.8496516404,28,568,404,10,baseline
209.25000000000506,443807.60309251037,28,568,404,10,baseline
209.40000000000506,444162.03399493033,28,568,404,10,baseline
209.55000000000507,444500.5141952804,28,569,404,10,baseline
209.70000000000508,444934.64958483976,28,570,405,10,baseline
209.85000000000508,446063.2839939098,28,571,405,10,baseline
210.0000000000051,446397.64438782976,28,571,405,10,baseline
210.1500000000051,446738.3050421198,28,571,405,10,baseline
210.3000000000051,447074.71672125976,28,571,405,10,baseline
210.4500000000051,447408.3751105898,28,571,405,10,baseline
210.6000000000051,447734.9090883098,28,572,405,10,baseline
210.75000000000512,448134.47050755715,28,572,406,10,baseline
210.90000000000512,448461.23582433705,28,572,406,10,baseline
211.05000000000513,448780.96927758714,28,573,406,10,baseline
211.20000000000513,449101.856234287,28,573,406,10,baseline
211.35000000000514,449409.7565653871,28,573,406,10,baseline
211.50000000000514,449720.0265259271,28,573,406,10,baseline
211.65000000000515,450086.689976823,28,574,407,10,baseline
211.80000000000516,450481.76761934266,28,574,408,10,baseline
211.95000000000516,450817.24186974333,28,575,409,10,baseline
212.10000000000517,451920.70889742335,28,577,409,10,baseline
212.25000000000517,452250.83390955476,27,578,410,10,baseline
212.40000000000518,452563.23736527533,27,578,411,10,baseline
212.55000000000518,452784.9664032953,27,578,411,10,baseline
212.7000000000052,453014.30932701536,27,578,411,10,baseline
212.8500000000052,453224.68422279536,27,579,411,10,baseline
213.0000000000052,454359.2043253353,27,579,411,10,baseline
213.1500000000052,454577.5033546354,26,579,411,10,baseline
213.3000000000052,454798.98595069535,26,579,411,10,baseline
213.45000000000522,454980.4822177054,26,581,411,10,baseline
213.60000000000522,455187.8309872037,26,581,412,10,baseline
213.75000000000523,455398.7802135738,26,581,412,10,baseline
213.90000000000524,455638.7286705721,26,581,413,10,baseline
214.05000000000524,455871.66496345197,26,581,413,10,baseline
214.20000000000525,456126.02048494195,26,581,413,10,baseline
214.35000000000525,456393.96078472206,26,581,413,10,baseline
214.50000000000526,456671.1425645821,26,581,413,10,baseline
214.65000000000526,456959.105230422,26,581,413,10,baseline
214.80000000000527,457267.36636177043,26,582,414,10,baseline
214.95000000000528,457664.24697876634,26,582,415,10,baseline
215.10000000000528,457974.9795084363,26,583,415,10,baseline
215.2500000000053,458339.089915997,26,584,416,10,baseline
215.4000000000053,458732.6395054148,26,584,417,10,baseline
215.5500000000053,459030.3999830048,26,585,417,10,baseline
215.7000000000053,459392.15596355544,26,587,418,10,baseline
215.8500000000053,459753.21710582875,26,587,419,10,baseline
216.00000000000531,460037.45388623874,26,587,419,10,baseline
216.15000000000532,460293.64051757875,26,588,419,10,baseline
216.30000000000533,460548.1570172988,26,588,419,10,baseline
216.45000000000533,460801.00338539877,26,588,419,10,baseline
216.60000000000534,461051.4011218787,26,588,419,10,baseline
216.75000000000534,461295.14226296876,26,589,419,10,baseline
216.90000000000535,461612.1410560154,26,589,420,10,baseline
217.05000000000535,461868.41878742544,26,589,420,10,baseline
217.20000000000536,462130.98117806535,26,589,420,11,baseline
217.35000000000537,462402.8901307153,26,589,420,11,baseline
217.50000000000537,462689.9118547454,26,589,420,11,baseline
217.65000000000538,462991.2165470054,26,590,420,11,baseline
217.80000000000538,464221.6968674953,26,590,420,11,baseline
217.9500000000054,464554.68149621534,26,591,420,11,baseline
218.1000000000054,464923.15988282376,26,591,421,11,baseline
218.2500000000054,465290.1360169138,33,591,421,11,baseline
218.4000000000054,465670.59268814366,33,591,421,11,baseline
218.5500000000054,466058.2691683737,33,592,421,11,baseline
218.70000000000542,466472.42764619214,33,592,422,11,baseline
218.85000000000542,466882.6071048821,33,593,422,11,baseline
219.00000000000543,467311.9974490104,33,593,423,11,baseline
219.15000000000543,467719.4686930404,33,593,423,11,baseline
219.30000000000544,468117.48482102033,33,593,423,11,baseline
219.45000000000545,468522.9919095504,33,593,423,11,baseline
219.60000000000545,468931.8592376304,33,593,423,11,baseline
219.75000000000546,469335.6683865204,33,593,423,11,baseline
219.90000000000546,469732.01428946044,33,593,423,11,baseline
220.05000000000547,470135.4156911904,33,593,423,11,baseline
220.20000000000547,470536.92118073034,33,593,423,11,baseline
220.35000000000548,470918.56578068034,33,594,423,11,baseline
220.50000000000549,471359.34065192926,33,595,424,11,baseline
220.6500000000055,471706.1077200893,33,595,424,11,baseline
220.8000000000055,472035.41670776927,33,596,424,11,baseline
220.9500000000055,472418.508005654,33,597,425,11,baseline
221.1000000000055,472809.7017896329,33,597,426,11,baseline
221.2500000000055,473093.5390905529,33,598,426,11,baseline
221.40000000000552,473391.65741009125,33,598,427,11,baseline
221.55000000000553,473655.3252084513,33,599,427,11,baseline
221.70000000000553,473985.4436024886,33,599,428,11,baseline
221.85000000000554,474240.3982575786,33,599,428,11,baseline
222.00000000000554,474477.60764353856,33,600,428,11,baseline
222.15000000000555,474786.2560606792,33,600,429,11,baseline
222.30000000000555,475026.5103625493,33,600,429,11,baseline
222.45000000000556,475275.77427605924,33,600,429,11,baseline
222.60000000000556,475502.40009464923,33,601,429,11,baseline
222.75000000000557,475840.48132324894,33,601,430,11,baseline
222.90000000000558,476080.03173655894,33,601,430,11,baseline
223.05000000000558,476316.08631118893,33,602,430,11,baseline
223.2000000000056,476652.02293481026,33,603,431,11,baseline
223.3500000000056,476997.71812560596,33,603,432,11,baseline
223.5000000000056,477280.99752228596,33,603,432,11,baseline
223.6500000000056,477591.2887903709,33,603,432,11,baseline
223.8000000000056,477927.62514185096,33,603,432,11,baseline
223.95000000000562,478285.5888694859,33,603,432,11,baseline
224.10000000000562,478651.601967936,33,603,432,11,baseline
224.25000000000563,479025.151717101,33,603,432,11,baseline
224.40000000000563,479376.30793712096,33,604,432,11,baseline
224.55000000000564,479785.74842050974,33,606,433,11,baseline
224.70000000000564,480122.64840262814,33,607,434,11,baseline
224.85000000000565,480449.5712099581,33,607,434,11,baseline
225.00000000000566,480794.8291091581,33,607,434,11,baseline
225.15000000000566,481104.4490844782,33,609,434,11,baseline
225.30000000000567,481524.1384596569,33,609,435,11,baseline
225.45000000000567,481860.77163761685,33,609,435,11,baseline
225.60000000000568,482204.58112199686,33,609,435,11,baseline
225.75000000000568,482570.08565753687,33,609,435,11,baseline
225.9000000000057,482941.9879994969,33,609,435,11,baseline
226.0500000000057,483322.86398639693,33,609,435,11,baseline
226.2000000000057,483693.0547493969,33,610,435,11,baseline
226.3500000000057,484059.84873005695,33,611,435,11,baseline
226.5000000000057,484523.5452951417,33,611,436,11,baseline
226.65000000000572,484893.1485241917,33,611,436,11,baseline
226.80000000000572,485264.2162207316,33,611,436,11,baseline
226.95000000000573,485649.4633761417,33,611,436,11,baseline
227.10000000000574,486000.1650144417,33,613,436,11,baseline
227.25000000000574,486361.7893658516,33,613,436,11,baseline
227.40000000000575,486738.45721771166,33,613,436,11,baseline
227.55000000000575,487124.35990126163,33,613,436,12,baseline
227.70000000000576,487519.49741650163,33,613,436,12,baseline
227.85000000000576,487910.54509756167,33,614,436,12,baseline
228.00000000000577,488337.44886597997,33,614,437,12,baseline
228.15000000000578,488751.62114218,34,614,437,12,baseline
228.30000000000578,489172.12052143004,34,614,437,12,baseline
228.4500000000058,489594.24327559007,34,615,437,12,baseline
228.6000000000058,490029.6278205984,34,615,438,12,baseline
228.7500000000058,490451.33457549836,34,616,438,12,baseline
228.9000000000058,490856.6802342684,34,617,438,12,baseline
229.0500000000058,491360.760457348,34,617,439,12,baseline
229.20000000000582,491748.434975758,34,617,439,12,baseline
229.35000000000582,492098.73654290807,34,618,439,12,baseline
229.50000000000583,492454.55069969804,34,618,439,12,baseline
229.65000000000583,492853.4493412723,34,619,440,12,baseline
229.80000000000584,493998.2591741924,34,620,440,12,baseline
229.95000000000584,494357.99041591963,33,621,441,12,baseline
230.10000000000585,494742.9196726785,33,621,442,12,baseline
230.25000000000585,495040.3062211485,33,621,442,12,baseline
230.40000000000586,495323.42484200845,33,622,442,12,baseline
230.55000000000587,495686.09534960514,33,622,443,12,baseline
230.70000000000587,495991.1923022051,33,622,443,12,baseline
230.85000000000588,496312.5530384351,33,622,443,12,baseline
231.00000000000588,496632.0917265551,33,622,443,12,baseline
231.1500000000059,496959.3306983051,33,623,443,12,baseline
231.3000000000059,497248.3119846852,33,624,443,12,baseline
231.4500000000059,497541.3446784851,33,624,443,12,baseline
231.6000000000059,497887.6723735354,33,624,444,12,baseline
231.7500000000059,498168.5385603455,33,626,444,12,baseline
231.90000000000592,499200.55053268425,33,626,445,12,baseline
232.05000000000592,499493.7020411542,33,627,445,12,baseline
232.20000000000593,499768.40244568425,33,628,445,12,baseline
232.35000000000593,501175.6310809042,33,628,445,12,baseline
232.50000000000594,501451.44682681427,32,628,445,12,baseline
232.65000000000595,501707.08024048415,32,629,445,12,baseline
232.80000000000595,501962.2561452742,32,630,445,12,baseline
232.95000000000596,502296.1513914385,32,630,446,12,baseline
233.10000000000596,502558.1570144486,32,630,446,12,baseline
233.25000000000597,502818.4022465485,32,630,446,12,baseline
233.40000000000597,503052.14570379857,32,633,446,12,baseline
233.55000000000598,503381.6818892791,32,633,447,12,baseline
233.70000000000599,503635.37482941913,32,633,447,12,baseline
233.850000000006,503899.4250581192,32,633,447,12,baseline
234.000000000006,504173.8325753791,32,633,447,12,baseline
234.150000000006,504507.84097502945,32,633,448,12,baseline
234.300000000006,504804.52006940957,32,633,448,12,baseline
234.450000000006,505108.32932072954,32,633,448,12,baseline
234.60000000000602,505411.01585048955,32,633,448,12,baseline
234.75000000000603,505714.96026497945,32,634,448,12,baseline
234.90000000000603,506047.469133418,32,634,449,12,baseline
235.05000000000604,506354.8400378079,32,635,449,12,baseline
235.20000000000604,506732.2078813627,32,635,450,12,baseline
235.35000000000605,507044.9656476427,32,635,450,12,baseline
235.50000000000605,507359.68356793275,32,635,450,12,baseline
235.65000000000606,507684.19450441276,32,635,450,12,baseline
235.80000000000607,508016.9414570827,32,635,450,12,baseline
235.95000000000607,508340.41016890266,32,636,450,12,baseline
236.10000000000608,508676.89902853273,32,636,450,12,baseline
236.25000000000608,509091.2817809565,32,637,451,12,baseline
236.4000000000061,509453.62048060476,32,637,452,12,baseline
236.5500000000061,509811.55066267477,32,637,452,12,baseline
236.7000000000061,510174.55775464483,32,637,452,12,baseline
236.8500000000061,510537.65404714475,32,637,452,12,baseline
237.0000000000061,510884.9942937148,32,638,452,12,baseline
237.15000000000612,511231.99825942476,32,638,452,12,baseline
237.30000000000612,511587.7697855548,32,638,452,12,baseline
237.45000000000613,511910.35108522483,32,639,452,12,baseline
237.60000000000613,512234.8379816248,32,639,452,12,baseline
237.75000000000614,512555.4458927848,32,639,452,12,baseline
237.90000000000614,512874.6758278048,32,639,452,12,baseline
238.05000000000615,513194.7282013649,32,639,452,12,baseline
238.20000000000616,513497.8267911749,32,639,452,12,baseline
238.35000000000616,513805.20169705496,32,639,452,12,baseline
238.50000000000617,514086.1826347649,32,640,452,12,baseline
238.65000000000617,514417.6588205655,32,641,453,12,baseline
238.80000000000618,514752.61159874423,32,641,454,12,baseline
238.95000000000618,514988.0674757343,32,642,454,12,baseline
239.1000000000062,515314.88538417214,32,642,455,12,baseline
239.2500000000062,515522.5306721121,32,644,455,12,baseline
239.4000000000062,515900.6778141859,32,644,457,12,baseline
239.5500000000062,516109.5722209459,32,644,457,12,baseline
239.7000000000062,516304.86972038593,32,645,457,12,baseline
239.85000000000622,516570.82807415025,32,645,458,12,baseline
240.00000000000622,516776.9008777252,32,645,458,12,baseline
240.15000000000623,516994.4896191953,32,645,458,12,baseline
240.30000000000624,517209.3787640002,32,646,458,12,baseline
240.45000000000624,517486.097415174,32,647,459,12,baseline
240.60000000000625,517711.35895143903,32,647,459,12,baseline
240.75000000000625,517960.4506918891,32,647,459,12,baseline
240.90000000000626,518216.23191935406,32,647,459,12,baseline
241.05000000000626,518453.818644264,32,648,459,12,baseline
241.20000000000627,518833.2939313604,32,648,460,12,baseline
241.35000000000628,519101.5949101904,32,649,460,12,baseline
241.50000000000628,519524.5402504401,32,649,461,12,baseline
241.6500000000063,519839.9909105002,32,649,461,12,baseline
241.8000000000063,520134.1661464702,32,651,461,12,baseline
241.9500000000063,520429.8379241302,32,652,461,12,baseline
242.1000000000063,520735.1237875401,32,652,461,12,baseline
242.2500000000063,521052.6756813801,32,653,461,12,baseline
242.40000000000632,521396.8260208385,32,653,462,12,baseline
242.55000000000632,521742.1776202985,32,653,462,12,baseline
242.70000000000633,522066.88308835856,32,655,462,12,baseline
242.85000000000633,522390.3004658886,32,655,462,12,baseline
243.00000000000634,522721.8399806285,32,656,462,12,baseline
243.15000000000634,523067.92394281685,32,656,463,12,baseline
243.30000000000635,523409.55119049177,32,656,463,12,baseline
243.45000000000636,523762.4415971119,32,656,463,12,baseline
243.60000000000636,524112.88677415677,32,657,463,12,baseline
243.75000000000637,524544.0469178006,32,657,464,12,baseline
243.90000000000637,524883.3263807456,32,658,464,12,baseline
244.05000000000638,525304.4009119935,32,659,465,12,baseline
244.20000000000638,525731.1459821834,33,659,466,12,baseline
244.3500000000064,526062.1936250534,33,660,466,12,baseline
244.5000000000064,526506.1053727198,33,660,467,12,baseline
244.6500000000064,526865.7923645998,33,660,467,12,baseline
244.8000000000064,527203.7049683848,33,660,467,12,baseline
244.9500000000064,527529.0401028148,33,660,467,12,baseline
245.10000000000642,527833.1556705297,33,661,467,12,baseline
245.25000000000642,528207.8789774064,33,661,468,12,baseline
245.40000000000643,528478.5301153914,33,662,468,12,baseline
245.55000000000643,528750.4474803148,33,665,469,12,baseline
245.70000000000644,529139.0725534974,33,665,471,12,baseline
245.85000000000645,529333.4072197075,33,665,471,12,baseline
246.00000000000645,529530.4020593424,33,665,471,12,baseline
246.15000000000646,529724.9390577023,33,665,471,12,baseline
246.30000000000646,529885.3981994723,33,668,471,12,baseline
246.45000000000647,530299.9885657311,33,668,474,12,baseline
246.60000000000647,530474.9190415911,33,669,474,12,baseline
246.75000000000648,530721.7949901954,33,669,475,12,baseline
246.9000000000065,530905.6618364155,33,669,475,12,baseline
247.0500000000065,531077.4612475553,33,670,475,12,baseline
247.2000000000065,531241.5943643755,33,671,475,12,baseline
247.3500000000065,531596.1086040427,33,671,477,12,baseline
247.5000000000065,531786.6096871325,33,671,477,12,baseline
247.65000000000651,531997.0662164227,33,671,477,12,baseline
247.80000000000652,532223.2087266427,33,671,477,12,baseline
247.95000000000653,532463.4802177927,33,671,477,12,baseline
248.10000000000653,532717.8806898727,33,671,477,12,baseline
248.25000000000654,532983.6588071077,33,671,477,12,baseline
248.40000000000654,533268.2172637177,33,671,477,12,baseline
248.55000000000655,533525.8600870925,33,673,477,12,baseline
248.70000000000655,533885.8378961841,33,674,478,12,baseline
248.85000000000656,534217.1444492723,33,675,479,12,baseline
249.00000000000657,535375.4167703624,33,676,479,12,baseline
249.15000000000657,535703.6756718634,32,677,480,12,baseline
249.30000000000658,535966.2348205816,32,677,481,12,baseline
249.45000000000658,536235.9926609567,32,677,481,12,baseline
249.6000000000066,536464.2910556569,32,679,481,12,baseline
249.7500000000066,537703.0441717465,32,679,482,12,baseline
249.9000000000066,537952.9348867465,31,679,482,12,baseline
250.0500000000066,538195.3669489465,31,679,482,12,baseline
250.2000000000066,538428.7833583466,31,679,482,12,baseline
250.35000000000662,538666.5444205465,31,680,482,12,baseline
250.50000000000662,538884.5309565848,31,682,483,12,baseline
250.65000000000663,539958.9861288441,31,682,484,12,baseline
250.80000000000663,540225.5447591144,30,682,485,12,baseline
250.95000000000664,540457.0458716743,30,682,485,12,baseline
251.10000000000664,540701.9545603544,30,682,485,12,baseline
251.25000000000665,540960.2708251545,30,682,485,12,baseline
251.40000000000666,541222.2517697144,30,682,485,12,baseline
251.55000000000666,541491.2526400378,30,683,486,12,baseline
251.70000000000667,541758.8239775278,30,683,486,12,baseline
251.85000000000667,542006.1514890628,30,684,486,12,baseline
252.00000000000668,542367.9937122341,30,684,487,12,baseline
252.15000000000668,542629.6734473591,30,684,487,12,baseline
252.3000000000067,542893.1310974292,30,684,487,12,baseline
252.4500000000067,543182.4172021226,30,684,488,12,baseline
252.6000000000067,543461.3381821226,30,684,488,12,baseline
252.7500000000067,543754.1162207876,30,684,488,12,baseline
252.9000000000067,544037.7041370175,30,685,488,12,baseline
253.05000000000672,544408.0762794209,30,685,489,12,baseline
253.20000000000672,544702.0146956908,30,685,489,12,baseline
253.35000000000673,544997.2358619808,30,686,489,12,baseline
253.50000000000674,545749.1065182909,30,686,489,12,baseline
253.65000000000674,546048.2805728259,30,686,489,12,baseline
253.80000000000675,546361.5307092159,30,686,489,12,baseline
253.95000000000675,546673.2874101308,30,687,489,12,baseline
254.10000000000676,546998.4680089493,30,687,490,12,baseline
254.25000000000676,547304.7714263542,30,687,490,12,baseline
254.40000000000677,547583.6017111042,30,688,490,12,baseline
254.55000000000678,547875.0903357893,30,688,490,12,baseline
254.70000000000678,548158.5916205392,30,688,490,12,baseline
254.8500000000068,548432.7713253442,30,688,490,12,baseline
255.0000000000068,548706.4233239243,30,688,490,12,baseline
255.1500000000068,548951.5609071741,30,689,490,12,baseline
255.3000000000068,549392.1850225431,30,689,492,12,baseline
255.4500000000068,549624.402713213,30,690,492,12,baseline
255.60000000000682,549932.4915289837,30,690,493,12,baseline
255.75000000000682,550166.3357864136,30,690,493,12,baseline
255.90000000000683,550386.8362268737,30,691,493,12,baseline
256.05000000000683,551359.6685041037,30,691,493,12,baseline
256.2000000000068,551560.8204169637,30,692,493,12,baseline
256.3500000000068,551917.6632804436,30,692,495,12,baseline
256.50000000000676,552097.2440793435,30,694,495,12,baseline
256.65000000000674,552375.4182038307,30,694,497,12,baseline
256.8000000000067,552548.6318692107,30,694,497,12,baseline
256.9500000000067,552717.9450783208,30,695,497,12,baseline
257.1000000000067,552892.8795600942,30,696,498,12,baseline
257.25000000000665,553123.9107232515,30,696,499,12,baseline
257.4000000000066,553293.1394106165,30,697,499,12,baseline
257.5500000000066,553573.1944419758,30,697,500,12,baseline
257.7000000000066,553776.4731156308,30,697,500,12,baseline
257.85000000000656,554069.0261344512,30,697,501,12,baseline
258.00000000000654,554272.9892808761,30,698,501,12,baseline
258.1500000000065,554479.9574450861,30,699,501,12,baseline
258.3000000000065,554785.8224193299,30,699,502,12,baseline
258.45000000000647,555018.06042885,30,700,502,12,baseline
258.60000000000645,555272.792049149,30,702,503,12,baseline
258.7500000000064,555468.617091329,30,703,503,12,baseline
258.9000000000064,556274.482738839,30,703,503,12,baseline
259.0500000000064,556499.535878439,29,703,503,12,baseline
259.20000000000636,556740.016350129,29,703,503,12,baseline
259.35000000000633,556990.100678079,29,703,503,12,baseline
259.5000000000063,557263.9255192289,29,703,503,12,baseline
259.6500000000063,557548.760623599,29,704,503,12,baseline
259.80000000000626,557864.2597808474,29,704,504,12,baseline
259.95000000000624,558172.1679747973,29,704,504,12,baseline
260.1000000000062,558484.9743506174,29,704,504,12,baseline
260.2500000000062,558823.8699274274,29,704,504,12,baseline
260.4000000000062,559125.5178759072,29,707,504,12,baseline
260.55000000000615,559578.3642118498,29,707,506,12,baseline
260.7000000000061,559904.2023940482,29,707,507,12,baseline
260.8500000000061,560218.4907691781,29,708,507,12,baseline
261.0000000000061,560512.8430516182,29,709,507,13,baseline
261.15000000000606,560887.0252675484,31,709,508,13,baseline
261.30000000000604,561180.4814342085,31,709,508,13,baseline
261.450000000006,561487.8720502184,31,709,508,13,baseline
261.600000000006,561780.5497168784,31,709,508,13,baseline
261.75000000000597,562065.2148902684,31,709,508,13,baseline
261.90000000000595,562345.8455496883,31,709,508,14,baseline
262.0500000000059,562591.3572488985,31,711,508,14,baseline
262.2000000000059,562898.1521566156,33,711,509,14,baseline
262.3500000000059,563138.0995270757,33,711,509,14,baseline
262.50000000000585,563394.3843428356,33,712,509,14,baseline
262.65000000000583,564772.5342802757,33,713,509,14,baseline
262.8000000000058,565089.2292223447,33,713,510,14,baseline
262.9500000000058,565359.6721505047,33,714,510,14,baseline
263.10000000000576,565649.1439040932,33,715,511,14,baseline
263.25000000000574,566013.5954330019,33,715,512,14,baseline
263.4000000000057,566307.297683512,33,715,512,14,baseline
263.5500000000057,566608.4494783719,33,715,512,14,baseline
263.7000000000057,566898.284016322,33,716,512,14,baseline
263.85000000000565,567262.4606878684,33,716,513,14,baseline
264.0000000000056,567555.9082443186,33,716,513,14,baseline
264.1500000000056,567847.9679065384,33,716,513,14,baseline
264.3000000000056,568138.6396745285,33,716,513,14,baseline
264.45000000000556,568539.7818736504,33,716,514,14,baseline
264.60000000000554,568814.6859649203,33,717,514,14,baseline
264.7500000000055,569159.5314550763,33,718,515,14,baseline
264.9000000000055,569510.2318885252,33,718,516,14,baseline
265.05000000000547,569767.723223585,33,718,516,14,baseline
265.20000000000545,570030.231664175,33,718,516,14,baseline
265.3500000000054,570286.1396236551,33,719,516,14,baseline
265.5000000000054,570612.2967761424,33,719,517,14,baseline
265.6500000000054,570872.7634447824,33,720,517,14,baseline
265.80000000000535,572077.5353038125,33,720,517,14,baseline
265.95000000000533,572330.3301974924,33,722,517,14,baseline
266.1000000000053,572659.1640722028,33,723,518,14,baseline
266.2500000000053,572933.0542884211,33,723,519,14,baseline
266.40000000000526,573201.228714291,33,723,519,14,baseline
266.55000000000524,573471.8803894409,33,723,519,14,baseline
266.7000000000052,573743.8516532311,33,724,519,14,baseline
266.8500000000052,574022.3989220911,33,724,519,14,baseline
267.0000000000052,574306.986152061,33,724,519,14,baseline
267.15000000000515,574572.7410622111,33,725,519,14,baseline
267.3000000000051,575807.9412493809,33,725,519,14,baseline
267.4500000000051,576072.6482985311,33,726,519,14,baseline
267.6000000000051,576449.4675655287,33,727,521,14,baseline
267.75000000000506,576773.9814335606,33,727,522,14,baseline
267.90000000000504,576986.2908629157,33,727,522,14,baseline
268.050000000005,577174.7484302158,33,728,522,14,baseline
268.200000000005,577455.4291490094,33,729,523,14,baseline
268.35000000000497,577688.3634237839,33,730,524,14,baseline
268.50000000000495,577942.1047113982,33,730,525,14,baseline
268.6500000000049,578088.6113893283,33,731,525,14,baseline
268.8000000000049,578322.9548679219,33,731,526,14,baseline
268.9500000000049,578471.6280802119,33,731,526,14,baseline
269.10000000000485,578719.9997385892,33,731,527,14,baseline
269.25000000000483,578864.9185412091,33,731,527,14,baseline
269.4000000000048,578981.7374486091,33,732,527,14,baseline
269.5500000000048,579242.8059363088,33,732,528,14,baseline
269.70000000000476,579376.4862817889,33,733,528,14,baseline
269.85000000000474,579512.1272328089,33,733,528,14,baseline
270.0000000000047,579654.1257262288,33,733,528,14,baseline
270.1500000000047,579805.8192693987,33,733,528,14,baseline
270.3000000000047,579966.1382655988,33,734,528,14,baseline
270.45000000000465,580134.9803265089,33,734,528,14,baseline
270.6000000000046,580325.1335446588,33,734,528,14,baseline
270.7500000000046,580487.5527003089,33,736,528,14,baseline
270.9000000000046,580841.6235279178,33,737,530,14,baseline
271.05000000000456,581100.2100878251,33,737,531,14,baseline
271.20000000000454,581294.4118173751,33,737,531,14,baseline
271.3500000000045,581514.5108710201,33,737,531,14,baseline
271.5000000000045,581693.3453375403,33,739,531,14,baseline
271.65000000000447,582537.5469557252,33,739,531,14,baseline
271.80000000000445,582721.0104610953,32,740,531,14,baseline
271.9500000000044,582996.1919129521,32,741,532,14,baseline
272.1000000000044,583931.3311934621,32,741,532,14,baseline
272.2500000000044,584090.878735087,31,742,532,14,baseline
272.40000000000435,584352.3037598692,31,742,533,14,baseline
272.55000000000433,584519.3292455241,31,742,533,14,baseline
272.7000000000043,584698.3385475742,31,742,533,14,baseline
272.8500000000043,584892.2134005441,31,742,533,14,baseline
273.00000000000426,585080.3309657542,31,743,533,14,baseline
273.15000000000424,585352.122936629,31,743,534,14,baseline
273.3000000000042,585563.0973241191,31,743,534,14,baseline
273.4500000000042,585904.511968913,31,743,536,14,baseline
273.6000000000042,586136.786178683,31,743,536,14,baseline
273.75000000000415,586384.1803531729,31,743,536,14,baseline
273.9000000000041,586664.0127820414,31,743,537,14,baseline
274.0500000000041,586943.2038859715,31,743,537,14,baseline
274.2000000000041,587230.1648870014,31,743,537,14,baseline
274.35000000000406,587601.7641945246,31,743,538,14,baseline
274.50000000000404,587903.7897310747,31,743,538,14,baseline
274.650000000004,588201.4614908047,31,743,538,14,baseline
274.800000000004,588488.5514737148,31,744,538,14,baseline
274.95000000000397,588797.0907164031,31,745,539,14,baseline
275.10000000000394,589112.1621968915,31,745,540,14,baseline
275.2500000000039,589422.1478025214,31,745,540,14,baseline
275.4000000000039,589745.1443229514,31,745,540,14,baseline
275.5500000000039,590076.4807581813,31,746,540,14,baseline
275.70000000000385,590408.7427642697,31,747,541,14,baseline
275.85000000000383,590815.6563601785,31,747,542,14,baseline
276.0000000000038,591137.7936345885,31,747,542,14,baseline
276.1500000000038,591474.6773027085,31,747,542,14,baseline
276.30000000000376,591805.6845258584,31,748,542,14,baseline
276.45000000000374,592220.6164112834,31,748,543,14,baseline
276.6000000000037,592563.3384090132,31,749,543,14,baseline
276.7500000000037,592998.4664893071,31,749,544,14,baseline
276.9000000000037,593360.7746439772,31,749,544,14,baseline
277.05000000000365,593729.8762699071,31,749,544,14,baseline
277.2000000000036,594079.8814153972,31,750,544,14,baseline
277.3500000000036,594448.4553740271,31,750,544,14,baseline
277.5000000000036,594813.3294646973,31,751,544,14,baseline
277.65000000000356,595262.8702148304,31,751,545,14,baseline
277.80000000000354,595614.4968824005,31,752,545,14,baseline
277.9500000000035,595975.0726098805,31,752,545,14,baseline
278.1000000000035,596348.9943341304,31,752,545,14,baseline
278.25000000000347,596735.4779499504,31,752,545,14,baseline
278.40000000000344,597110.2463708004,31,753,545,14,baseline
278.5500000000034,597590.0166853963,31,753,546,14,baseline
278.7000000000034,598008.3741308863,31,753,546,14,baseline
278.8500000000034,598438.0289815364,31,753,546,14,baseline
279.00000000000335,598879.1274707862,31,753,546,14,baseline
279.15000000000333,599296.1358691963,31,754,546,14,baseline
279.3000000000033,599813.3950386251,31,754,547,14,baseline
279.4500000000033,600239.5485232451,31,754,547,14,baseline
279.60000000000326,600676.3779053352,31,754,547,14,baseline
279.75000000000324,601082.4518197152,31,755,547,14,baseline
279.9000000000032,601497.3214917851,31,755,547,14,baseline
280.0500000000032,601916.3263534452,31,755,547,14,baseline
280.2000000000032,602325.2119762752,31,755,547,14,baseline
280.35000000000315,602745.2527878851,31,755,547,14,baseline
280.5000000000031,603155.9767917553,31,756,547,14,baseline
280.6500000000031,603562.2767791734,31,758,548,14,baseline
280.8000000000031,604048.8943572622,31,758,549,14,baseline
280.95000000000306,604436.4686982923,31,758,549,14,baseline
281.10000000000304,604830.2580850822,31,758,549,14,baseline
281.250000000003,605214.6630903322,31,759,549,14,baseline
281.400000000003,605595.6376509023,31,759,549,14,baseline
281.55000000000297,605956.0848791722,31,760,549,14,baseline
281.70000000000294,606393.1059133558,31,760,550,14,baseline
281.8500000000029,606751.9961416259,31,760,550,14,baseline
282.0000000000029,607112.242423476,31,761,550,14,baseline
282.1500000000029,607487.4714949842,31,761,551,14,baseline
282.30000000000285,607840.9122232543,31,761,551,14,baseline
282.45000000000283,608196.4875051042,31,762,551,14,baseline
282.6000000000028,609313.9018843743,31,762,551,14,baseline
282.7500000000028,609678.4830410642,31,762,551,14,baseline
282.90000000000276,610038.4773847443,31,762,551,14,baseline
283.05000000000274,610413.6214162742,31,762,551,14,baseline
283.2000000000027,610784.1786347942,31,762,551,14,baseline
283.3500000000027,611159.0891474643,31,762,551,14,baseline
283.5000000000027,611536.5348453843,31,762,551,14,baseline
283.65000000000265,611911.1976082142,31,762,551,14,baseline
283.8000000000026,612291.9149368142,31,764,551,14,baseline
283.9500000000026,614737.6104774242,31,764,551,14,baseline
284.1000000000026,615123.5662391043,31,764,551,14,baseline
284.25000000000256,615506.7061818542,31,764,551,14,baseline
284.40000000000254,615943.8461474909,31,765,552,14,baseline
284.5500000000025,616387.9263896341,31,765,553,14,baseline
284.7000000000025,616751.4230335442,31,765,553,14,baseline
284.85000000000247,617095.3623872941,31,766,553,14,baseline
285.00000000000244,617499.911158858,31,766,554,14,baseline
285.1500000000024,617820.2512504479,31,767,554,14,baseline
285.3000000000024,618213.6262104552,31,767,555,14,baseline
285.4500000000024,618532.1730740052,31,767,555,14,baseline
285.60000000000235,618848.6724514152,31,767,555,14,baseline
285.75000000000233,619162.4593090602,31,767,555,14,baseline
285.9000000000023,619493.2691824603,31,767,555,14,baseline
286.0500000000023,619821.3665360953,31,767,555,14,baseline
286.20000000000226,620166.1785260652,31,767,555,14,baseline
286.35000000000224,620515.9057859803,31,767,555,14,baseline
286.5000000000022,620867.1877804602,31,768,555,14,baseline
286.6500000000022,621311.9373717173,31,768,556,14,baseline
286.80000000000217,621657.3079821473,31,768,556,14,baseline
286.95000000000215,622013.1768908423,31,769,556,14,baseline
287.1000000000021,622376.4691839614,31,771,557,14,baseline
287.2500000000021,622903.6970106256,31,771,559,14,baseline
287.4000000000021,623233.2615175757,31,771,559,14,baseline
287.55000000000206,623548.3212149356,31,772,559,14,baseline
287.70000000000203,623948.2579423124,31,772,560,14,baseline
287.850000000002,624238.3984307623,31,773,560,14,baseline
288.000000000002,624534.3744306524,31,773,560,14,baseline
288.15000000000197,624836.1859419823,31,773,560,14,baseline
288.30000000000194,625140.4025200723,31,773,560,14,baseline
288.4500000000019,625449.3591822524,31,773,560,14,baseline
288.6000000000019,625765.9977554624,31,773,560,14,baseline
288.7500000000019,626082.6358460024,31,773,560,14,baseline
288.90000000000185,626398.4147372323,31,773,560,14,baseline
289.05000000000183,626727.5867945474,31,774,560,14,baseline
289.2000000000018,628718.6106485875,31,774,560,14,baseline
289.3500000000018,629073.9791530523,31,774,560,14,baseline
289.50000000000176,629448.8075806824,31,774,560,14,baseline
289.65000000000174,629841.5389314773,31,774,560,14,baseline
289.8000000000017,630259.0340947973,31,774,560,14,baseline
289.9500000000017,630678.2893765523,31,775,560,14,baseline
290.10000000000167,631114.6695641424,31,775,560,14,baseline
290.25000000000165,631566.5077956475,31,775,560,14,baseline
290.4000000000016,632011.5552105774,31,776,560,14,baseline
290.5500000000016,632531.9498346061,31,776,561,14,baseline
290.7000000000016,632977.2331583912,31,776,561,14,baseline
290.85000000000156,633403.1483363763,31,777,561,14,baseline
291.00000000000153,634082.1585284712,31,778,563,14,baseline
291.1500000000015,634610.3120691762,31,778,565,14,baseline
291.3000000000015,635002.6061053812,31,779,565,14,baseline
291.45000000000147,635475.7933151628,31,779,566,14,baseline
291.60000000000144,635866.9762450277,31,779,566,14,baseline
291.7500000000014,636247.3648130776,31,779,566,14,baseline
291.9000000000014,636603.7687692528,31,780,566,14,baseline
292.0500000000014,637043.4453075222,31,780,567,14,baseline
292.20000000000135,637396.062670837,31,780,567,14,baseline
292.35000000000133,637720.167105757,31,781,567,14,baseline
292.5000000000013,638176.0953267768,31,781,568,14,baseline
292.6500000000013,638492.0036514169,31,781,568,14,baseline
292.80000000000126,638823.8872475869,31,781,568,14,baseline
292.95000000000124,639177.4854352669,31,781,568,14,baseline
293.1000000000012,639545.2250287367,31,781,568,14,baseline
293.2500000000012,639930.6385573818,31,781,568,14,baseline
293.40000000000117,640333.7260212018,31,781,568,14,baseline
293.55000000000115,640761.9712341168,31,781,568,14,baseline
293.7000000000011,641208.2654635068,31,781,568,14,baseline
293.8500000000011,641644.339692812,31,782,568,14,baseline
294.0000000000011,642176.7738660584,31,782,569,14,baseline
294.15000000000106,642621.7676189835,31,783,569,14,baseline
294.30000000000103,643216.8751093168,31,784,570,14,baseline
294.450000000001,643777.2446182332,31,784,571,14,baseline
294.600000000001,644251.8452711081,31,784,571,14,baseline
294.75000000000097,644742.535899703,31,784,571,14,baseline
294.90000000000094,645226.8650622581,31,785,571,14,baseline
295.0500000000009,645800.4254488633,31,786,572,14,baseline
295.2000000000009,646310.0615444683,31,786,572,14,baseline
295.3500000000009,646818.6464782334,31,786,572,14,baseline
295.50000000000085,647302.6816636183,31,787,572,14,baseline
295.65000000000083,647795.8683033434,31,787,572,14,baseline
295.8000000000008,648274.8962078684,31,787,572,14,baseline
295.9500000000008,648750.4393906936,31,787,572,14,baseline
296.10000000000076,649202.1222958784,31,789,572,14,baseline
296.25000000000074,649836.3574365888,31,789,574,14,baseline
296.4000000000007,650314.1173981639,31,789,574,14,baseline
296.5500000000007,650797.168909874,31,789,574,14,baseline
296.70000000000067,651298.3071953089,31,789,574,14,baseline
296.85000000000065,651735.9288724189,31,791,574,14,baseline
297.0000000000006,652264.9134748932,31,792,575,14,baseline
297.1500000000006,652759.4700911982,31,793,576,14,baseline
297.3000000000006,653326.4141404877,31,794,577,14,baseline
297.45000000000056,653787.3587244661,31,794,578,14,baseline
297.60000000000053,654237.8051458861,31,794,578,14,baseline
297.7500000000005,654694.565202306,31,794,578,14,baseline
297.9000000000005,655142.2085254859,31,795,578,14,baseline
298.05000000000047,655661.4099782,31,795,579,14,baseline
298.20000000000044,656135.55219578,31,795,579,14,baseline
298.3500000000004,656617.0225817751,31,796,579,14,baseline
298.5000000000004,657099.9330915649,31,796,579,14,baseline
298.6500000000004,657584.28372515,31,796,579,14,baseline
298.80000000000035,658074.47123255,31,796,579,14,baseline
298.95000000000033,658565.220108515,31,796,579,14,baseline
299.1000000000003,659088.16089368,31,797,579,14,baseline
299.2500000000003,659601.118319405,31,797,579,14,baseline
299.40000000000026,660122.16267857,31,797,579,14,baseline
299.55000000000024,660649.93115243,31,797,579,14,baseline
299.7000000000002,661170.0832571749,31,798,579,14,baseline
299.8500000000002,661837.9768774833,31,798,580,14,baseline
300.00000000000017,662332.8906505984,31,798,580,14,baseline
