sequence_id,order_id,order_type,item_id,item_quantity,order_arrival,assigned_station,assigned_pod,status,order_processed,order_finished
1,-100,1,872,8,0,,,-3,,
2,-100,1,929,4,0,,,-3,,
3,-99,1,424,10,0,picker-3,,1,0.0,204.0
4,-99,1,452,2,0,picker-3,,1,0.0,219.0
5,-98,1,861,12,0,,,-3,,
6,-98,1,440,6,0,,,-3,,
7,-98,1,482,10,0,,,-3,,
8,-98,1,813,10,0,,,-3,,
9,-97,1,952,5,0,,,-3,,
10,-96,1,720,2,0,,,-3,,
11,-95,1,502,8,0,picker-1,,1,0.0,202.0
12,-95,1,464,6,0,picker-1,,-1,0.0,
13,-95,1,437,4,0,picker-1,,1,0.0,105.0
14,-95,1,727,8,0,picker-1,,1,0.0,143.0
15,-95,1,467,4,0,picker-1,,-1,0.0,
16,-94,1,506,3,0,picker-5,,-1,,
17,-93,1,503,10,0,picker-4,,-1,,
18,-92,1,334,12,0,picker-1,,-1,0.0,
19,-92,1,437,4,0,picker-1,,1,0.0,105.0
20,-92,1,409,4,0,picker-1,,-1,0.0,
21,-91,1,487,6,0,,,-3,,
22,-90,1,501,11,0,,,-3,,
23,-90,1,504,12,0,,,-3,,
24,-90,1,518,7,0,,,-3,,
25,-89,1,727,10,0,picker-1,,1,0.0,143.0
26,-89,1,905,8,0,picker-1,,-1,0.0,
27,-88,1,488,8,0,picker-4,,1,,203.0
28,-87,1,452,4,0,picker-3,,1,0.0,219.0
29,-87,1,406,2,0,picker-3,,-1,0.0,
30,-86,1,754,12,0,,,-3,,
31,-85,1,451,8,0,,,-3,,
32,-85,1,493,6,0,,,-3,,
33,-85,1,475,9,0,,,-3,,
34,-85,1,488,4,0,,,-3,,
35,-84,1,479,4,0,picker-2,,-1,0.0,
36,-83,1,629,11,0,,,-3,,
37,-82,1,726,4,0,picker-5,,-1,,
38,-82,1,411,4,0,picker-5,,-1,,
39,-82,1,457,8,0,picker-5,,1,,246.0
40,-81,1,972,4,0,,,-3,,
41,-81,1,471,5,0,,,-3,,
42,-81,1,568,1,0,,,-3,,
43,-81,1,420,7,0,,,-3,,
44,-80,1,515,8,0,picker-3,,1,,147.0
45,-80,1,469,10,0,picker-3,,1,,182.0
46,-79,1,567,6,0,,,-3,,
47,-78,1,422,1,0,,,-3,,
48,-78,1,860,9,0,,,-3,,
49,-77,1,520,2,0,,,-3,,
50,-77,1,913,8,0,,,-3,,
51,-76,1,508,5,0,picker-1,,-1,,
52,-75,1,430,10,0,,,-3,,
53,-75,1,431,11,0,,,-3,,
54,-74,1,660,2,0,,,-3,,
55,-73,1,662,11,0,picker-4,,-1,,
56,-72,1,474,3,0,,,-3,,
57,-72,1,92,10,0,,,-3,,
58,-71,1,448,10,0,,,-3,,
59,-71,1,418,5,0,,,-3,,
60,-70,1,456,10,0,picker-5,,-1,,
61,-69,1,680,6,0,picker-3,,-1,,
62,-68,1,408,6,0,picker-2,,1,0.0,176.0
63,-67,1,517,4,0,picker-4,,1,0.0,97.0
64,-67,1,888,4,0,picker-4,,-1,0.0,
65,-66,1,786,5,0,,,-3,,
66,-66,1,635,10,0,,,-3,,
67,-65,1,459,7,0,,,-3,,
68,-64,1,87,8,0,,,-3,,
69,-64,1,510,4,0,,,-3,,
70,-63,1,460,4,0,picker-5,,-1,,
71,-62,1,850,10,0,,,-3,,
72,-61,1,444,10,0,,,-3,,
73,-60,1,514,6,0,,,-3,,
74,-60,1,182,1,0,,,-3,,
75,-59,1,526,7,0,picker-4,,-1,,
76,-58,1,445,8,0,picker-2,,1,0.0,104.0
77,-57,1,815,7,0,,,-3,,
78,-57,1,862,9,0,,,-3,,
79,-56,1,439,6,0,,,-3,,
80,-56,1,401,8,0,,,-3,,
81,-55,1,915,10,0,,,-3,,
82,-54,1,517,3,0,picker-4,,1,0.0,97.0
83,-53,1,716,7,0,,,-3,,
84,-53,1,468,7,0,,,-3,,
85,-53,1,429,12,0,,,-3,,
86,-53,1,772,5,0,,,-3,,
87,-53,1,680,4,0,,,-3,,
88,-52,1,774,10,0,picker-2,,1,0.0,127.0
89,-52,1,472,6,0,picker-2,,1,0.0,104.0
90,-52,1,742,12,0,picker-2,,1,0.0,145.0
91,-52,1,801,8,0,picker-2,,1,0.0,152.0
92,-52,1,657,8,0,picker-2,,-1,0.0,
93,-51,1,492,12,0,,,-3,,
94,-51,1,508,2,0,,,-3,,
95,-50,1,512,6,0,picker-4,,1,0.0,144.0
96,-50,1,517,5,0,picker-4,,1,0.0,97.0
97,-50,1,893,4,0,picker-4,,-1,0.0,
98,-50,1,683,5,0,picker-4,,-1,0.0,
99,-50,1,440,6,0,picker-4,,-1,0.0,
100,-50,1,462,12,0,picker-4,,1,0.0,144.0
101,-50,1,470,4,0,picker-4,,1,0.0,144.0
102,-50,1,485,11,0,picker-4,,1,0.0,168.0
103,-49,1,621,8,0,,,-3,,
104,-49,1,510,6,0,,,-3,,
105,-48,1,402,4,0,picker-5,,-1,,
106,-48,1,852,2,0,picker-5,,-1,,
107,-47,1,481,11,0,picker-5,,1,0.0,118.0
108,-46,1,499,11,0,,,-3,,
109,-46,1,932,2,0,,,-3,,
110,-46,1,419,8,0,,,-3,,
111,-46,1,526,8,0,,,-3,,
112,-45,1,656,6,0,picker-3,,1,,246.0
113,-45,1,417,8,0,picker-3,,1,,147.0
114,-44,1,482,7,0,picker-4,,1,,249.0
115,-44,1,477,6,0,picker-4,,1,,203.0
116,-43,1,444,6,0,,,-3,,
117,-43,1,145,8,0,,,-3,,
118,-43,1,734,3,0,,,-3,,
119,-43,1,458,10,0,,,-3,,
120,-43,1,512,6,0,,,-3,,
121,-43,1,582,6,0,,,-3,,
122,-43,1,961,6,0,,,-3,,
123,-43,1,421,9,0,,,-3,,
124,-43,1,483,8,0,,,-3,,
125,-43,1,513,8,0,,,-3,,
126,-42,1,879,7,0,picker-2,,-1,0.0,
127,-41,1,491,8,0,picker-2,,-1,,
128,-40,1,462,6,0,,,-3,,
129,-40,1,498,10,0,,,-3,,
130,-40,1,822,7,0,,,-3,,
131,-40,1,599,3,0,,,-3,,
132,-39,1,477,2,0,picker-4,,1,,203.0
133,-38,1,754,7,0,,,-3,,
134,-37,1,468,4,0,,,-3,,
135,-37,1,486,12,0,,,-3,,
136,-36,1,443,3,0,picker-5,,-1,,
137,-35,1,420,2,0,picker-3,,1,,147.0
138,-34,1,465,5,0,picker-3,,-1,,
139,-34,1,413,8,0,picker-3,,1,,147.0
140,-34,1,440,5,0,picker-3,,-1,,
141,-33,1,771,7,0,picker-3,,-1,,
142,-32,1,831,7,0,,,-3,,
143,-31,1,443,11,0,,,-3,,
144,-31,1,912,4,0,,,-3,,
145,-31,1,422,9,0,,,-3,,
146,-31,1,430,7,0,,,-3,,
147,-30,1,467,4,0,picker-1,,-1,0.0,
148,-30,1,478,5,0,picker-1,,-1,0.0,
149,-29,1,755,2,0,picker-2,,-1,,
150,-28,1,776,7,0,picker-2,,-1,0.0,
151,-27,1,475,3,0,picker-5,,-1,,
152,-26,1,419,4,0,picker-3,,-1,,
153,-26,1,423,10,0,picker-3,,1,,147.0
154,-26,1,519,6,0,picker-3,,1,,182.0
155,-25,1,865,2,0,,,-3,,
156,-24,1,437,6,0,picker-1,,1,0.0,105.0
157,-23,1,834,6,0,,,-3,,
158,-22,1,475,10,0,picker-5,,1,0.0,140.0
159,-22,1,481,10,0,picker-5,,1,0.0,118.0
160,-21,1,433,4,0,picker-4,,-1,,
161,-20,1,409,10,0,picker-3,,-1,,
162,-19,1,814,5,0,,,-3,,
163,-18,1,416,5,0,picker-2,,1,0.0,176.0
164,-18,1,414,8,0,picker-2,,-1,0.0,
165,-17,1,662,4,0,picker-4,,-1,0.0,
166,-17,1,517,7,0,picker-4,,1,0.0,97.0
167,-17,1,527,4,0,picker-4,,-1,0.0,
168,-16,1,412,6,0,,,-3,,
169,-16,1,449,8,0,,,-3,,
170,-16,1,492,5,0,,,-3,,
171,-16,1,781,7,0,,,-3,,
172,-15,1,442,6,0,,,-3,,
173,-14,1,75,6,0,picker-2,,-1,0.0,
174,-14,1,871,6,0,picker-2,,-1,0.0,
175,-13,1,509,10,0,picker-1,,1,0.0,105.0
176,-13,1,559,11,0,picker-1,,-1,0.0,
177,-13,1,513,8,0,picker-1,,-1,0.0,
178,-13,1,406,4,0,picker-1,,-1,0.0,
179,-13,1,872,4,0,picker-1,,-1,0.0,
180,-13,1,497,9,0,picker-1,,-1,0.0,
181,-13,1,428,10,0,picker-1,,1,0.0,202.0
182,-13,1,478,6,0,picker-1,,-1,0.0,
183,-13,1,495,10,0,picker-1,,1,0.0,202.0
184,-12,1,648,5,0,,,-3,,
185,-12,1,491,10,0,,,-3,,
186,-12,1,362,7,0,,,-3,,
187,-11,1,495,5,0,picker-1,,-1,,
188,-10,1,802,5,0,,,-3,,
189,-10,1,663,7,0,,,-3,,
190,-9,1,507,6,0,,,-3,,
191,-8,1,453,2,0,picker-1,,-1,,
192,-7,1,481,10,0,picker-5,,1,0.0,118.0
193,-6,1,450,10,0,picker-5,,-1,,
194,-5,1,552,11,0,,,-3,,
195,-4,1,694,10,0,,,-3,,
196,-4,1,514,6,0,,,-3,,
197,-3,1,487,2,0,picker-4,,-1,,
198,-2,1,661,5,0,,,-3,,
199,-2,1,688,8,0,,,-3,,
200,-1,1,405,3,0,picker-3,,1,,147.0
201,0,1,479,5,60,,,-3,,
202,0,1,349,3,60,,,-3,,
203,0,1,510,4,60,,,-3,,
204,1,1,479,6,60,picker-3,,-1,,
205,1,1,806,1,60,picker-3,,-1,,
206,2,1,558,6,60,,,-3,,
207,3,1,766,2,60,,,-3,,
208,3,1,472,4,60,,,-3,,
209,3,1,409,3,60,,,-3,,
210,4,1,410,4,120,picker-3,,-1,,
211,5,1,445,8,120,,,-3,,
212,6,1,516,8,120,,,-3,,
213,7,1,507,4,180,,,-3,,
214,7,1,451,1,180,,,-3,,
215,7,1,897,6,180,,,-3,,
216,7,1,455,10,180,,,-3,,
217,7,1,244,12,180,,,-3,,
218,8,1,956,6,180,,,-3,,
219,8,1,436,6,180,,,-3,,
220,8,1,456,4,180,,,-3,,
221,8,1,271,8,180,,,-3,,
222,8,1,416,3,180,,,-3,,
223,9,1,409,9,240,,,-3,,
224,9,1,519,10,240,,,-3,,
225,9,1,477,9,240,,,-3,,
226,9,1,445,8,240,,,-3,,
227,9,1,464,5,240,,,-3,,
228,9,1,494,9,240,,,-3,,
229,9,1,506,8,240,,,-3,,
230,9,1,655,7,240,,,-3,,
231,10,1,842,6,240,,,-3,,
232,11,1,514,7,300,,,-3,,
233,12,1,767,5,300,,,-3,,
234,12,1,401,7,300,,,-3,,
235,13,1,439,8,300,,,-3,,
236,14,1,617,6,360,,,-3,,
237,15,1,882,8,360,,,-3,,
238,15,1,437,3,360,,,-3,,
239,15,1,426,10,360,,,-3,,
240,15,1,408,6,360,,,-3,,
241,15,1,612,3,360,,,-3,,
242,16,1,589,4,360,,,-3,,
243,17,1,411,6,360,,,-3,,
244,17,1,433,9,360,,,-3,,
245,18,1,478,2,420,,,-3,,
246,18,1,512,6,420,,,-3,,
247,19,1,896,2,420,,,-3,,
248,20,1,453,10,420,,,-3,,
249,20,1,401,1,420,,,-3,,
250,20,1,908,7,420,,,-3,,
251,21,1,667,4,420,,,-3,,
252,21,1,543,2,420,,,-3,,
253,21,1,516,10,420,,,-3,,
254,21,1,709,1,420,,,-3,,
255,22,1,454,6,420,,,-3,,
256,22,1,500,2,420,,,-3,,
257,22,1,401,1,420,,,-3,,
258,22,1,430,9,420,,,-3,,
259,23,1,477,7,420,,,-3,,
260,24,1,789,9,420,,,-3,,
261,24,1,958,6,420,,,-3,,
262,24,1,446,4,420,,,-3,,
263,24,1,438,4,420,,,-3,,
264,25,1,493,10,480,,,-3,,
265,25,1,471,6,480,,,-3,,
266,26,1,472,3,480,,,-3,,
267,27,1,515,6,480,,,-3,,
268,28,1,858,5,480,,,-3,,
269,29,1,513,4,480,,,-3,,
270,29,1,808,6,480,,,-3,,
271,29,1,721,7,480,,,-3,,
272,29,1,506,6,480,,,-3,,
273,29,1,503,7,480,,,-3,,
274,29,1,475,10,480,,,-3,,
275,29,1,830,7,480,,,-3,,
276,30,1,492,6,540,,,-3,,
277,31,1,488,5,540,,,-3,,
278,31,1,436,2,540,,,-3,,
279,31,1,442,6,540,,,-3,,
280,32,1,561,6,540,,,-3,,
281,32,1,456,1,540,,,-3,,
282,33,1,894,6,540,,,-3,,
283,34,1,522,6,540,,,-3,,
284,34,1,424,2,540,,,-3,,
285,34,1,870,8,540,,,-3,,
286,35,1,429,9,600,,,-3,,
287,35,1,481,5,600,,,-3,,
288,36,1,476,6,600,,,-3,,
289,37,1,476,3,600,,,-3,,
290,37,1,454,2,600,,,-3,,
291,37,1,505,6,600,,,-3,,
292,37,1,446,6,600,,,-3,,
293,37,1,268,11,600,,,-3,,
294,38,1,718,6,600,,,-3,,
295,38,1,756,8,600,,,-3,,
296,39,1,515,9,660,,,-3,,
297,40,1,877,4,660,,,-3,,
298,40,1,510,6,660,,,-3,,
299,41,1,421,8,660,,,-3,,
300,41,1,878,6,660,,,-3,,
301,41,1,509,6,660,,,-3,,
302,41,1,711,6,660,,,-3,,
303,41,1,25,8,660,,,-3,,
304,42,1,462,4,660,,,-3,,
305,42,1,613,4,660,,,-3,,
306,43,1,417,6,660,,,-3,,
307,44,1,499,2,660,,,-3,,
308,44,1,849,2,660,,,-3,,
309,45,1,410,4,720,,,-3,,
310,46,1,441,3,720,,,-3,,
311,47,1,423,5,720,,,-3,,
312,48,1,814,12,720,,,-3,,
313,49,1,24,6,780,,,-3,,
314,50,1,519,3,780,,,-3,,
315,50,1,446,7,780,,,-3,,
316,50,1,437,8,780,,,-3,,
317,50,1,549,6,780,,,-3,,
318,51,1,523,6,840,,,-3,,
319,52,1,408,4,840,,,-3,,
320,52,1,485,8,840,,,-3,,
321,52,1,450,6,840,,,-3,,
322,53,1,520,5,840,,,-3,,
323,54,1,522,10,840,,,-3,,
324,54,1,408,8,840,,,-3,,
325,55,1,449,8,840,,,-3,,
326,56,1,421,3,900,,,-3,,
327,57,1,457,4,900,,,-3,,
328,58,1,514,9,900,,,-3,,
329,58,1,410,4,900,,,-3,,
330,59,1,429,9,900,,,-3,,
331,59,1,839,8,900,,,-3,,
332,59,1,518,10,900,,,-3,,
333,60,1,459,1,900,,,-3,,
334,61,1,507,12,900,,,-3,,
335,61,1,424,8,900,,,-3,,
336,62,1,625,3,960,,,-3,,
337,63,1,511,7,960,,,-3,,
338,63,1,483,12,960,,,-3,,
339,64,1,480,12,960,,,-3,,
340,64,1,482,8,960,,,-3,,
341,64,1,478,7,960,,,-3,,
342,65,1,503,6,1020,,,-3,,
343,66,1,493,10,1020,,,-3,,
344,67,1,478,6,1020,,,-3,,
345,68,1,655,7,1020,,,-3,,
346,68,1,271,7,1020,,,-3,,
347,68,1,863,9,1020,,,-3,,
348,69,1,436,10,1020,,,-3,,
349,69,1,856,6,1020,,,-3,,
350,70,1,523,5,1020,,,-3,,
351,70,1,490,4,1020,,,-3,,
352,70,1,610,7,1020,,,-3,,
353,71,1,486,8,1080,,,-3,,
354,71,1,487,8,1080,,,-3,,
355,72,1,481,2,1080,,,-3,,
356,73,1,480,7,1080,,,-3,,
357,73,1,371,8,1080,,,-3,,
358,74,1,458,2,1080,,,-3,,
359,74,1,415,7,1080,,,-3,,
360,75,1,413,6,1140,,,-3,,
361,76,1,613,4,1140,,,-3,,
362,76,1,463,8,1140,,,-3,,
363,77,1,435,8,1140,,,-3,,
364,77,1,904,4,1140,,,-3,,
365,77,1,496,7,1140,,,-3,,
366,78,1,512,2,1140,,,-3,,
367,79,1,655,6,1140,,,-3,,
368,79,1,485,4,1140,,,-3,,
369,80,1,409,2,1200,,,-3,,
370,81,1,503,11,1260,,,-3,,
371,81,1,701,6,1260,,,-3,,
372,82,1,452,1,1260,,,-3,,
373,82,1,478,10,1260,,,-3,,
374,82,1,491,12,1260,,,-3,,
375,82,1,493,9,1260,,,-3,,
376,83,1,470,10,1260,,,-3,,
377,84,1,477,7,1260,,,-3,,
378,85,1,464,6,1260,,,-3,,
379,86,1,815,10,1260,,,-3,,
380,86,1,487,5,1260,,,-3,,
381,86,1,580,8,1260,,,-3,,
382,87,1,561,2,1260,,,-3,,
383,87,1,471,2,1260,,,-3,,
384,87,1,921,8,1260,,,-3,,
385,88,1,469,10,1260,,,-3,,
386,88,1,770,8,1260,,,-3,,
387,89,1,16,7,1320,,,-3,,
388,90,1,835,6,1320,,,-3,,
389,91,1,916,6,1320,,,-3,,
390,91,1,474,6,1320,,,-3,,
391,91,1,954,10,1320,,,-3,,
392,92,1,656,4,1320,,,-3,,
393,93,1,568,9,1320,,,-3,,
394,94,1,436,4,1380,,,-3,,
395,95,1,840,6,1380,,,-3,,
396,96,1,714,7,1380,,,-3,,
397,96,1,441,3,1380,,,-3,,
398,97,1,504,10,1440,,,-3,,
399,98,1,469,10,1440,,,-3,,
400,98,1,489,7,1440,,,-3,,
401,99,1,271,10,1440,,,-3,,
402,99,1,464,10,1440,,,-3,,
403,100,1,435,10,1440,,,-3,,
404,100,1,829,9,1440,,,-3,,
405,100,1,768,7,1440,,,-3,,
406,100,1,454,8,1440,,,-3,,
407,100,1,745,8,1440,,,-3,,
408,101,1,489,5,1440,,,-3,,
409,101,1,450,2,1440,,,-3,,
410,102,1,500,6,1440,,,-3,,
411,102,1,5,6,1440,,,-3,,
412,102,1,149,5,1440,,,-3,,
413,103,1,416,5,1440,,,-3,,
414,104,1,540,3,1500,,,-3,,
415,104,1,487,3,1500,,,-3,,
416,104,1,448,8,1500,,,-3,,
417,104,1,468,9,1500,,,-3,,
418,104,1,911,10,1500,,,-3,,
419,105,1,940,11,1500,,,-3,,
420,106,1,889,10,1500,,,-3,,
421,106,1,434,12,1500,,,-3,,
422,107,1,595,6,1500,,,-3,,
423,108,1,524,4,1500,,,-3,,
424,108,1,499,10,1500,,,-3,,
425,109,1,401,2,1500,,,-3,,
426,110,1,451,6,1500,,,-3,,
427,111,1,439,4,1500,,,-3,,
428,111,1,953,10,1500,,,-3,,
429,111,1,509,11,1500,,,-3,,
430,111,1,458,4,1500,,,-3,,
431,111,1,442,2,1500,,,-3,,
432,111,1,766,4,1500,,,-3,,
433,112,1,512,8,1500,,,-3,,
434,112,1,457,4,1500,,,-3,,
435,113,1,415,11,1500,,,-3,,
436,113,1,577,4,1500,,,-3,,
437,114,1,548,10,1560,,,-3,,
438,114,1,457,2,1560,,,-3,,
439,114,1,568,1,1560,,,-3,,
440,114,1,655,8,1560,,,-3,,
441,115,1,897,6,1560,,,-3,,
442,116,1,477,6,1560,,,-3,,
443,116,1,530,3,1560,,,-3,,
444,117,1,838,2,1560,,,-3,,
445,117,1,406,8,1560,,,-3,,
446,118,1,820,8,1560,,,-3,,
447,119,1,409,4,1560,,,-3,,
448,119,1,478,2,1560,,,-3,,
449,119,1,439,12,1560,,,-3,,
450,120,1,466,8,1620,,,-3,,
451,121,1,405,7,1620,,,-3,,
452,121,1,473,5,1620,,,-3,,
453,121,1,468,10,1620,,,-3,,
454,121,1,832,5,1620,,,-3,,
455,122,1,502,8,1620,,,-3,,
456,123,1,494,7,1620,,,-3,,
457,123,1,519,6,1620,,,-3,,
458,123,1,505,5,1620,,,-3,,
459,123,1,462,10,1620,,,-3,,
460,123,1,365,6,1620,,,-3,,
461,123,1,157,6,1620,,,-3,,
462,124,1,101,4,1680,,,-3,,
463,124,1,847,12,1680,,,-3,,
464,125,1,444,3,1680,,,-3,,
465,126,1,457,6,1680,,,-3,,
466,127,1,429,6,1680,,,-3,,
467,128,1,500,10,1680,,,-3,,
468,129,1,516,9,1740,,,-3,,
469,130,1,469,6,1740,,,-3,,
470,130,1,564,3,1740,,,-3,,
471,131,1,894,12,1740,,,-3,,
472,132,1,786,10,1740,,,-3,,
473,133,1,479,7,1740,,,-3,,
474,134,1,505,12,1740,,,-3,,
475,134,1,451,10,1740,,,-3,,
476,135,1,415,6,1800,,,-3,,
477,136,1,922,10,1800,,,-3,,
478,136,1,492,9,1800,,,-3,,
479,137,1,949,9,1860,,,-3,,
480,137,1,448,4,1860,,,-3,,
481,138,1,460,8,1860,,,-3,,
482,138,1,749,6,1860,,,-3,,
483,138,1,646,6,1860,,,-3,,
484,138,1,449,10,1860,,,-3,,
485,138,1,786,6,1860,,,-3,,
486,138,1,458,6,1860,,,-3,,
487,138,1,417,3,1860,,,-3,,
488,139,1,472,6,1860,,,-3,,
489,139,1,458,6,1860,,,-3,,
490,139,1,520,8,1860,,,-3,,
491,139,1,584,6,1860,,,-3,,
492,140,1,531,8,1860,,,-3,,
493,140,1,510,6,1860,,,-3,,
494,141,1,862,4,1860,,,-3,,
495,142,1,470,4,1860,,,-3,,
496,142,1,162,7,1860,,,-3,,
497,143,1,431,12,1920,,,-3,,
498,143,1,477,7,1920,,,-3,,
499,143,1,442,6,1920,,,-3,,
500,143,1,893,9,1920,,,-3,,
501,144,1,506,9,1920,,,-3,,
502,145,1,61,6,1920,,,-3,,
503,146,1,775,8,1920,,,-3,,
504,147,1,454,12,1980,,,-3,,
505,148,1,443,4,1980,,,-3,,
506,149,1,858,6,1980,,,-3,,
507,149,1,468,4,1980,,,-3,,
508,150,1,435,8,1980,,,-3,,
509,151,1,560,5,1980,,,-3,,
510,151,1,519,7,1980,,,-3,,
511,152,1,940,7,1980,,,-3,,
512,153,1,902,10,1980,,,-3,,
513,153,1,469,12,1980,,,-3,,
514,154,1,532,11,1980,,,-3,,
515,154,1,466,6,1980,,,-3,,
516,155,1,442,5,1980,,,-3,,
517,155,1,283,6,1980,,,-3,,
518,156,1,674,6,2040,,,-3,,
519,157,1,789,8,2040,,,-3,,
520,158,1,504,2,2040,,,-3,,
521,159,1,442,10,2100,,,-3,,
522,159,1,412,8,2100,,,-3,,
523,160,1,425,8,2100,,,-3,,
524,160,1,520,6,2100,,,-3,,
525,161,1,968,4,2100,,,-3,,
526,162,1,769,2,2100,,,-3,,
527,162,1,778,3,2100,,,-3,,
528,162,1,440,8,2100,,,-3,,
529,163,1,953,8,2100,,,-3,,
530,163,1,440,2,2100,,,-3,,
531,163,1,401,6,2100,,,-3,,
532,163,1,501,6,2100,,,-3,,
533,163,1,905,7,2100,,,-3,,
534,164,1,412,5,2160,,,-3,,
535,165,1,428,10,2160,,,-3,,
536,166,1,624,8,2160,,,-3,,
537,167,1,455,1,2160,,,-3,,
538,167,1,769,8,2160,,,-3,,
539,167,1,466,11,2160,,,-3,,
540,167,1,544,11,2160,,,-3,,
541,167,1,500,8,2160,,,-3,,
542,167,1,820,12,2160,,,-3,,
543,167,1,737,5,2160,,,-3,,
544,168,1,421,6,2160,,,-3,,
545,169,1,474,4,2160,,,-3,,
546,170,1,524,7,2220,,,-3,,
547,171,1,520,9,2220,,,-3,,
548,171,1,490,5,2220,,,-3,,
549,172,1,431,10,2220,,,-3,,
550,172,1,539,6,2220,,,-3,,
551,173,1,500,3,2220,,,-3,,
552,174,1,446,11,2220,,,-3,,
553,175,1,502,2,2280,,,-3,,
554,175,1,406,4,2280,,,-3,,
555,176,1,741,5,2280,,,-3,,
556,176,1,463,10,2280,,,-3,,
557,176,1,517,3,2280,,,-3,,
558,177,1,497,2,2280,,,-3,,
559,177,1,169,4,2280,,,-3,,
560,178,1,409,10,2280,,,-3,,
561,179,1,516,10,2280,,,-3,,
562,180,1,661,10,2340,,,-3,,
563,180,1,573,2,2340,,,-3,,
564,181,1,415,5,2340,,,-3,,
565,182,1,510,6,2340,,,-3,,
566,183,1,439,6,2400,,,-3,,
567,183,1,489,4,2400,,,-3,,
568,183,1,497,8,2400,,,-3,,
569,183,1,474,5,2400,,,-3,,
570,184,1,489,6,2400,,,-3,,
571,184,1,965,10,2400,,,-3,,
572,184,1,228,4,2400,,,-3,,
573,184,1,424,8,2400,,,-3,,
574,185,1,451,12,2400,,,-3,,
575,185,1,419,7,2400,,,-3,,
576,186,1,621,5,2400,,,-3,,
577,186,1,536,8,2400,,,-3,,
578,186,1,457,5,2400,,,-3,,
579,187,1,445,8,2400,,,-3,,
580,187,1,517,7,2400,,,-3,,
581,187,1,441,11,2400,,,-3,,
582,188,1,405,5,2400,,,-3,,
583,188,1,622,4,2400,,,-3,,
584,189,1,507,2,2460,,,-3,,
585,190,1,520,5,2460,,,-3,,
586,191,1,838,10,2520,,,-3,,
587,192,1,461,12,2520,,,-3,,
588,193,1,711,10,2520,,,-3,,
589,194,1,798,8,2520,,,-3,,
590,195,1,639,8,2520,,,-3,,
591,195,1,478,7,2520,,,-3,,
592,196,1,280,6,2520,,,-3,,
593,197,1,509,4,2520,,,-3,,
594,197,1,484,5,2520,,,-3,,
595,198,1,691,7,2580,,,-3,,
596,198,1,450,4,2580,,,-3,,
597,199,1,455,8,2580,,,-3,,
598,200,1,958,6,2580,,,-3,,
599,200,1,923,6,2580,,,-3,,
600,200,1,248,10,2580,,,-3,,
601,200,1,469,3,2580,,,-3,,
602,201,1,861,8,2580,,,-3,,
603,202,1,427,7,2580,,,-3,,
604,203,1,512,6,2640,,,-3,,
605,204,1,425,8,2640,,,-3,,
606,204,1,420,4,2640,,,-3,,
607,205,1,462,8,2640,,,-3,,
608,206,1,523,9,2640,,,-3,,
609,207,1,485,4,2640,,,-3,,
610,207,1,670,2,2640,,,-3,,
611,207,1,510,10,2640,,,-3,,
612,208,1,453,10,2700,,,-3,,
613,209,1,586,8,2700,,,-3,,
614,209,1,599,10,2700,,,-3,,
615,210,1,919,9,2700,,,-3,,
616,210,1,580,10,2700,,,-3,,
617,211,1,442,6,2700,,,-3,,
618,211,1,39,12,2700,,,-3,,
619,212,1,431,10,2700,,,-3,,
620,212,1,653,10,2700,,,-3,,
621,213,1,501,5,2700,,,-3,,
622,213,1,459,8,2700,,,-3,,
623,214,1,446,8,2760,,,-3,,
624,214,1,495,1,2760,,,-3,,
625,215,1,447,3,2760,,,-3,,
626,215,1,676,8,2760,,,-3,,
627,216,1,451,3,2820,,,-3,,
628,217,1,797,8,2820,,,-3,,
629,217,1,855,12,2820,,,-3,,
630,217,1,448,8,2820,,,-3,,
631,218,1,271,9,2820,,,-3,,
632,218,1,479,8,2820,,,-3,,
633,218,1,744,12,2820,,,-3,,
634,219,1,904,6,2820,,,-3,,
635,219,1,465,11,2820,,,-3,,
636,220,1,513,4,2820,,,-3,,
637,221,1,850,7,2820,,,-3,,
638,222,1,949,7,2820,,,-3,,
639,222,1,777,5,2820,,,-3,,
640,222,1,496,10,2820,,,-3,,
641,223,1,507,6,2820,,,-3,,
642,223,1,500,7,2820,,,-3,,
643,223,1,475,1,2820,,,-3,,
644,224,1,574,12,2880,,,-3,,
645,224,1,407,4,2880,,,-3,,
646,225,1,402,12,2880,,,-3,,
647,226,1,864,12,2880,,,-3,,
648,227,1,896,3,2880,,,-3,,
649,227,1,408,5,2880,,,-3,,
650,227,1,448,4,2880,,,-3,,
651,227,1,442,6,2880,,,-3,,
652,227,1,523,9,2880,,,-3,,
653,227,1,620,12,2880,,,-3,,
654,228,1,468,7,2940,,,-3,,
655,229,1,459,10,2940,,,-3,,
656,230,1,462,6,2940,,,-3,,
657,231,1,522,6,2940,,,-3,,
658,231,1,837,10,2940,,,-3,,
659,231,1,453,8,2940,,,-3,,
660,231,1,702,2,2940,,,-3,,
661,231,1,438,6,2940,,,-3,,
662,231,1,422,8,2940,,,-3,,
663,231,1,725,8,2940,,,-3,,
664,232,1,523,8,2940,,,-3,,
665,233,1,509,8,2940,,,-3,,
666,234,1,509,11,3000,,,-3,,
667,234,1,428,6,3000,,,-3,,
668,234,1,480,12,3000,,,-3,,
669,234,1,463,9,3000,,,-3,,
670,235,1,705,10,3000,,,-3,,
671,235,1,488,4,3000,,,-3,,
672,235,1,407,4,3000,,,-3,,
673,235,1,497,4,3000,,,-3,,
674,235,1,446,6,3000,,,-3,,
675,236,1,822,3,3060,,,-3,,
676,237,1,834,10,3120,,,-3,,
677,238,1,465,10,3120,,,-3,,
678,238,1,673,6,3120,,,-3,,
679,238,1,867,6,3120,,,-3,,
680,238,1,745,5,3120,,,-3,,
681,239,1,386,11,3120,,,-3,,
682,239,1,974,4,3120,,,-3,,
683,240,1,479,11,3120,,,-3,,
684,240,1,510,6,3120,,,-3,,
685,241,1,737,12,3120,,,-3,,
686,242,1,503,8,3120,,,-3,,
687,243,1,901,4,3120,,,-3,,
688,243,1,836,6,3120,,,-3,,
689,243,1,405,9,3120,,,-3,,
690,243,1,497,7,3120,,,-3,,
691,244,1,903,12,3120,,,-3,,
692,244,1,697,8,3120,,,-3,,
693,245,1,583,6,3180,,,-3,,
694,245,1,436,8,3180,,,-3,,
695,246,1,459,4,3180,,,-3,,
696,247,1,476,6,3180,,,-3,,
697,247,1,712,9,3180,,,-3,,
698,248,1,447,6,3180,,,-3,,
699,248,1,479,4,3180,,,-3,,
700,249,1,412,6,3180,,,-3,,
701,250,1,481,6,3180,,,-3,,
702,250,1,600,5,3180,,,-3,,
703,250,1,652,3,3180,,,-3,,
704,251,1,434,12,3240,,,-3,,
705,252,1,458,3,3240,,,-3,,
706,252,1,508,2,3240,,,-3,,
707,253,1,405,9,3240,,,-3,,
708,254,1,457,2,3240,,,-3,,
709,255,1,420,6,3240,,,-3,,
710,256,1,725,4,3240,,,-3,,
711,257,1,892,4,3360,,,-3,,
712,258,1,522,7,3360,,,-3,,
713,258,1,509,9,3360,,,-3,,
714,258,1,433,2,3360,,,-3,,
715,258,1,517,8,3360,,,-3,,
716,259,1,35,6,3360,,,-3,,
717,259,1,501,10,3360,,,-3,,
718,259,1,452,4,3360,,,-3,,
719,259,1,202,7,3360,,,-3,,
720,260,1,970,4,3360,,,-3,,
721,261,1,416,8,3360,,,-3,,
722,261,1,464,4,3360,,,-3,,
723,261,1,500,4,3360,,,-3,,
724,262,1,464,7,3360,,,-3,,
725,263,1,421,8,3420,,,-3,,
726,263,1,704,7,3420,,,-3,,
727,264,1,761,10,3420,,,-3,,
728,264,1,408,4,3420,,,-3,,
729,264,1,466,1,3420,,,-3,,
730,264,1,701,2,3420,,,-3,,
731,264,1,630,11,3420,,,-3,,
732,265,1,497,8,3420,,,-3,,
733,266,1,521,8,3420,,,-3,,
734,266,1,505,4,3420,,,-3,,
735,266,1,909,11,3420,,,-3,,
736,266,1,480,10,3420,,,-3,,
737,266,1,447,6,3420,,,-3,,
738,266,1,435,8,3420,,,-3,,
739,266,1,457,9,3420,,,-3,,
740,267,1,690,6,3420,,,-3,,
741,268,1,486,4,3420,,,-3,,
742,268,1,411,8,3420,,,-3,,
743,269,1,434,11,3420,,,-3,,
744,270,1,812,10,3480,,,-3,,
745,271,1,595,2,3480,,,-3,,
746,272,1,516,8,3480,,,-3,,
747,273,1,609,6,3540,,,-3,,
748,273,1,813,5,3540,,,-3,,
749,273,1,419,11,3540,,,-3,,
750,273,1,491,2,3540,,,-3,,
751,273,1,582,10,3540,,,-3,,
752,273,1,418,7,3540,,,-3,,
753,274,1,779,6,3540,,,-3,,
754,274,1,491,4,3540,,,-3,,
755,275,1,557,6,3540,,,-3,,
756,275,1,889,11,3540,,,-3,,
757,275,1,421,9,3540,,,-3,,
758,275,1,523,8,3540,,,-3,,
759,275,1,510,6,3540,,,-3,,
760,276,1,446,4,3540,,,-3,,
761,276,1,497,6,3540,,,-3,,
762,277,1,469,3,3600,,,-3,,
763,277,1,520,8,3600,,,-3,,
764,278,1,941,3,3600,,,-3,,
765,278,1,833,6,3600,,,-3,,
766,279,1,440,4,3600,,,-3,,
767,279,1,470,6,3600,,,-3,,
768,280,1,697,10,3600,,,-3,,
769,280,1,874,8,3600,,,-3,,
770,280,1,435,7,3600,,,-3,,
771,281,1,441,5,3600,,,-3,,
772,282,1,429,7,3600,,,-3,,
773,282,1,855,2,3600,,,-3,,
774,282,1,571,1,3600,,,-3,,
775,283,1,902,7,3600,,,-3,,
776,284,1,431,6,3600,,,-3,,
777,285,1,522,9,3660,,,-3,,
778,285,1,510,6,3660,,,-3,,
779,286,1,660,4,3660,,,-3,,
780,287,1,449,6,3720,,,-3,,
781,287,1,405,2,3720,,,-3,,
782,287,1,423,4,3720,,,-3,,
783,287,1,441,1,3720,,,-3,,
784,288,1,440,9,3720,,,-3,,
785,288,1,191,12,3720,,,-3,,
786,288,1,470,12,3720,,,-3,,
787,288,1,456,12,3720,,,-3,,
788,289,1,752,4,3720,,,-3,,
789,290,1,506,8,3780,,,-3,,
790,290,1,525,4,3780,,,-3,,
791,291,1,463,6,3780,,,-3,,
792,291,1,842,6,3780,,,-3,,
793,291,1,491,1,3780,,,-3,,
794,291,1,470,3,3780,,,-3,,
795,292,1,451,5,3780,,,-3,,
796,293,1,533,12,3780,,,-3,,
797,293,1,876,6,3780,,,-3,,
798,293,1,416,6,3780,,,-3,,
799,294,1,771,2,3780,,,-3,,
800,295,1,100,8,3780,,,-3,,
801,296,1,848,1,3780,,,-3,,
802,296,1,398,6,3780,,,-3,,
803,297,1,407,4,3780,,,-3,,
804,297,1,404,1,3780,,,-3,,
805,297,1,454,10,3780,,,-3,,
806,297,1,459,3,3780,,,-3,,
807,298,1,437,6,3780,,,-3,,
808,298,1,744,4,3780,,,-3,,
809,298,1,505,11,3780,,,-3,,
810,299,1,404,8,3840,,,-3,,
811,300,1,494,8,3840,,,-3,,
812,301,1,463,12,3900,,,-3,,
813,302,1,529,8,3900,,,-3,,
814,303,1,472,3,3960,,,-3,,
815,303,1,464,8,3960,,,-3,,
816,304,1,425,10,3960,,,-3,,
817,304,1,887,11,3960,,,-3,,
818,304,1,417,6,3960,,,-3,,
819,304,1,503,5,3960,,,-3,,
820,304,1,426,1,3960,,,-3,,
821,305,1,461,8,3960,,,-3,,
822,305,1,511,8,3960,,,-3,,
823,306,1,750,5,3960,,,-3,,
824,307,1,447,4,3960,,,-3,,
825,308,1,778,10,3960,,,-3,,
826,309,1,461,7,3960,,,-3,,
827,309,1,437,7,3960,,,-3,,
828,309,1,431,6,3960,,,-3,,
829,310,1,434,12,3960,,,-3,,
830,310,1,879,9,3960,,,-3,,
831,311,1,479,9,4020,,,-3,,
832,312,1,521,11,4020,,,-3,,
833,313,1,447,6,4020,,,-3,,
834,313,1,497,10,4020,,,-3,,
835,314,1,464,3,4020,,,-3,,
836,315,1,729,2,4020,,,-3,,
837,315,1,524,8,4020,,,-3,,
838,315,1,345,7,4020,,,-3,,
839,316,1,669,10,4020,,,-3,,
840,317,1,422,4,4020,,,-3,,
841,318,1,455,8,4020,,,-3,,
842,319,1,515,10,4140,,,-3,,
843,320,1,413,6,4140,,,-3,,
844,321,1,440,6,4140,,,-3,,
845,321,1,843,5,4140,,,-3,,
846,321,1,400,12,4140,,,-3,,
847,321,1,478,8,4140,,,-3,,
848,321,1,901,10,4140,,,-3,,
849,322,1,406,12,4140,,,-3,,
850,323,1,442,4,4140,,,-3,,
851,323,1,968,8,4140,,,-3,,
852,323,1,437,6,4140,,,-3,,
853,323,1,444,5,4140,,,-3,,
854,323,1,447,6,4140,,,-3,,
855,324,1,482,7,4200,,,-3,,
856,324,1,436,8,4200,,,-3,,
857,325,1,920,6,4200,,,-3,,
858,326,1,411,10,4200,,,-3,,
859,326,1,465,6,4200,,,-3,,
860,327,1,424,6,4200,,,-3,,
861,328,1,492,11,4200,,,-3,,
862,329,1,432,10,4200,,,-3,,
863,329,1,424,2,4200,,,-3,,
864,329,1,407,6,4200,,,-3,,
865,330,1,729,8,4200,,,-3,,
866,331,1,473,6,4200,,,-3,,
867,331,1,412,2,4200,,,-3,,
868,332,1,465,7,4260,,,-3,,
869,333,1,575,2,4260,,,-3,,
870,333,1,610,6,4260,,,-3,,
871,333,1,464,4,4260,,,-3,,
872,333,1,192,8,4260,,,-3,,
873,333,1,528,6,4260,,,-3,,
874,333,1,927,11,4260,,,-3,,
875,333,1,472,6,4260,,,-3,,
876,334,1,855,7,4260,,,-3,,
877,335,1,514,10,4320,,,-3,,
878,335,1,430,4,4320,,,-3,,
879,335,1,510,6,4320,,,-3,,
880,336,1,479,8,4320,,,-3,,
881,337,1,530,6,4320,,,-3,,
882,337,1,519,5,4320,,,-3,,
883,338,1,437,5,4320,,,-3,,
884,338,1,911,9,4320,,,-3,,
885,338,1,485,8,4320,,,-3,,
886,338,1,509,8,4320,,,-3,,
887,338,1,505,10,4320,,,-3,,
888,338,1,439,7,4320,,,-3,,
889,339,1,478,7,4320,,,-3,,
890,340,1,469,7,4320,,,-3,,
891,340,1,126,9,4320,,,-3,,
892,341,1,472,8,4320,,,-3,,
893,342,1,437,5,4380,,,-3,,
894,342,1,531,1,4380,,,-3,,
895,342,1,424,7,4380,,,-3,,
896,343,1,418,5,4380,,,-3,,
897,343,1,673,5,4380,,,-3,,
898,343,1,479,10,4380,,,-3,,
899,343,1,519,3,4380,,,-3,,
900,344,1,481,8,4380,,,-3,,
901,345,1,488,9,4380,,,-3,,
902,346,1,428,4,4380,,,-3,,
903,347,1,785,6,4440,,,-3,,
904,347,1,682,5,4440,,,-3,,
905,348,1,908,2,4440,,,-3,,
906,348,1,442,4,4440,,,-3,,
907,348,1,457,2,4440,,,-3,,
908,348,1,419,8,4440,,,-3,,
909,348,1,800,9,4440,,,-3,,
910,349,1,473,10,4440,,,-3,,
911,350,1,929,8,4440,,,-3,,
912,351,1,436,12,4440,,,-3,,
913,352,1,764,12,4440,,,-3,,
914,353,1,517,5,4440,,,-3,,
915,354,1,484,6,4440,,,-3,,
916,354,1,464,8,4440,,,-3,,
917,355,1,969,12,4500,,,-3,,
918,355,1,920,12,4500,,,-3,,
919,355,1,699,8,4500,,,-3,,
920,356,1,516,3,4500,,,-3,,
921,356,1,842,2,4500,,,-3,,
922,357,1,620,2,4500,,,-3,,
923,358,1,81,5,4500,,,-3,,
924,358,1,430,2,4500,,,-3,,
925,359,1,461,4,4500,,,-3,,
926,359,1,668,2,4500,,,-3,,
927,360,1,583,8,4500,,,-3,,
928,361,1,916,8,4560,,,-3,,
929,361,1,632,7,4560,,,-3,,
930,362,1,524,6,4560,,,-3,,
931,363,1,660,9,4560,,,-3,,
932,363,1,490,2,4560,,,-3,,
933,364,1,492,6,4560,,,-3,,
934,365,1,524,6,4560,,,-3,,
935,365,1,546,11,4560,,,-3,,
936,365,1,497,10,4560,,,-3,,
937,366,1,425,7,4620,,,-3,,
938,367,1,858,2,4620,,,-3,,
939,368,1,487,10,4620,,,-3,,
940,368,1,830,8,4620,,,-3,,
941,368,1,417,12,4620,,,-3,,
942,368,1,473,4,4620,,,-3,,
943,368,1,466,6,4620,,,-3,,
944,368,1,739,9,4620,,,-3,,
945,369,1,781,6,4620,,,-3,,
946,369,1,461,5,4620,,,-3,,
947,369,1,761,7,4620,,,-3,,
948,370,1,524,3,4620,,,-3,,
949,370,1,696,6,4620,,,-3,,
950,370,1,454,8,4620,,,-3,,
951,370,1,622,8,4620,,,-3,,
952,371,1,461,3,4620,,,-3,,
953,371,1,887,9,4620,,,-3,,
954,372,1,493,9,4620,,,-3,,
955,372,1,734,10,4620,,,-3,,
956,373,1,562,3,4680,,,-3,,
957,373,1,461,6,4680,,,-3,,
958,374,1,579,8,4680,,,-3,,
959,374,1,817,4,4680,,,-3,,
960,375,1,439,1,4680,,,-3,,
961,375,1,467,9,4680,,,-3,,
962,376,1,451,7,4680,,,-3,,
963,376,1,620,4,4680,,,-3,,
964,377,1,471,9,4680,,,-3,,
965,377,1,803,10,4680,,,-3,,
966,377,1,468,4,4680,,,-3,,
967,378,1,831,12,4740,,,-3,,
968,379,1,348,1,4740,,,-3,,
969,379,1,657,2,4740,,,-3,,
970,380,1,410,8,4740,,,-3,,
971,381,1,482,6,4740,,,-3,,
972,382,1,675,4,4740,,,-3,,
973,383,1,496,7,4800,,,-3,,
974,384,1,265,4,4800,,,-3,,
975,385,1,411,8,4800,,,-3,,
976,385,1,501,10,4800,,,-3,,
977,385,1,95,6,4800,,,-3,,
978,385,1,811,3,4800,,,-3,,
979,385,1,533,5,4800,,,-3,,
980,386,1,574,2,4800,,,-3,,
981,386,1,424,10,4800,,,-3,,
982,386,1,470,4,4800,,,-3,,
983,386,1,352,10,4800,,,-3,,
984,386,1,459,4,4800,,,-3,,
985,387,1,437,3,4800,,,-3,,
986,387,1,511,9,4800,,,-3,,
987,387,1,962,3,4800,,,-3,,
988,388,1,512,10,4800,,,-3,,
989,388,1,661,10,4800,,,-3,,
990,388,1,453,2,4800,,,-3,,
991,389,1,461,7,4860,,,-3,,
992,390,1,486,8,4860,,,-3,,
993,390,1,480,10,4860,,,-3,,
994,390,1,801,6,4860,,,-3,,
995,391,1,483,9,4860,,,-3,,
996,392,1,501,7,4860,,,-3,,
997,392,1,314,12,4860,,,-3,,
998,393,1,837,4,4860,,,-3,,
999,393,1,555,10,4860,,,-3,,
1000,393,1,525,8,4860,,,-3,,
1001,394,1,498,3,4920,,,-3,,
1002,395,1,963,6,4920,,,-3,,
1003,395,1,473,8,4920,,,-3,,
1004,395,1,524,7,4920,,,-3,,
1005,396,1,79,6,4920,,,-3,,
1006,397,1,511,8,4920,,,-3,,
1007,397,1,517,12,4920,,,-3,,
1008,397,1,343,10,4920,,,-3,,
1009,398,1,699,5,4980,,,-3,,
1010,399,1,549,6,4980,,,-3,,
1011,400,1,850,4,4980,,,-3,,
1012,400,1,731,9,4980,,,-3,,
1013,400,1,622,2,4980,,,-3,,
1014,401,1,493,6,4980,,,-3,,
1015,401,1,482,9,4980,,,-3,,
1016,401,1,436,6,4980,,,-3,,
1017,402,1,508,12,4980,,,-3,,
1018,403,1,419,2,4980,,,-3,,
1019,404,1,442,4,4980,,,-3,,
1020,404,1,893,10,4980,,,-3,,
1021,405,1,629,4,4980,,,-3,,
1022,405,1,472,8,4980,,,-3,,
1023,405,1,478,9,4980,,,-3,,
1024,406,1,558,8,5040,,,-3,,
1025,407,1,868,6,5040,,,-3,,
1026,407,1,447,6,5040,,,-3,,
1027,407,1,973,10,5040,,,-3,,
1028,408,1,410,8,5040,,,-3,,
1029,408,1,540,6,5040,,,-3,,
1030,408,1,467,6,5040,,,-3,,
1031,409,1,444,8,5040,,,-3,,
1032,410,1,509,7,5040,,,-3,,
1033,410,1,368,10,5040,,,-3,,
1034,411,1,434,6,5040,,,-3,,
1035,411,1,761,8,5040,,,-3,,
1036,412,1,505,5,5040,,,-3,,
1037,413,1,434,7,5100,,,-3,,
1038,414,1,509,6,5100,,,-3,,
1039,415,1,567,7,5160,,,-3,,
1040,415,1,435,4,5160,,,-3,,
1041,415,1,27,8,5160,,,-3,,
1042,415,1,738,6,5160,,,-3,,
1043,416,1,616,8,5160,,,-3,,
1044,417,1,454,4,5160,,,-3,,
1045,418,1,747,6,5160,,,-3,,
1046,419,1,755,8,5160,,,-3,,
1047,419,1,785,4,5160,,,-3,,
1048,420,1,950,1,5160,,,-3,,
1049,420,1,896,6,5160,,,-3,,
1050,420,1,406,8,5160,,,-3,,
1051,420,1,322,6,5160,,,-3,,
1052,420,1,470,11,5160,,,-3,,
1053,421,1,876,12,5220,,,-3,,
1054,421,1,923,6,5220,,,-3,,
1055,422,1,180,12,5220,,,-3,,
1056,423,1,402,4,5220,,,-3,,
1057,423,1,580,2,5220,,,-3,,
1058,423,1,155,12,5220,,,-3,,
1059,424,1,369,9,5220,,,-3,,
1060,424,1,510,7,5220,,,-3,,
1061,424,1,499,4,5220,,,-3,,
1062,424,1,482,5,5220,,,-3,,
1063,424,1,480,9,5220,,,-3,,
1064,425,1,752,1,5220,,,-3,,
1065,425,1,469,2,5220,,,-3,,
1066,425,1,510,12,5220,,,-3,,
1067,425,1,492,8,5220,,,-3,,
1068,425,1,434,4,5220,,,-3,,
1069,426,1,499,6,5220,,,-3,,
1070,426,1,517,5,5220,,,-3,,
1071,426,1,430,6,5220,,,-3,,
1072,427,1,972,12,5220,,,-3,,
1073,428,1,444,8,5280,,,-3,,
1074,429,1,451,4,5280,,,-3,,
1075,430,1,518,6,5280,,,-3,,
1076,431,1,476,6,5280,,,-3,,
1077,431,1,515,7,5280,,,-3,,
1078,432,1,890,10,5280,,,-3,,
1079,432,1,465,6,5280,,,-3,,
1080,433,1,462,2,5280,,,-3,,
1081,434,1,653,6,5280,,,-3,,
1082,435,1,449,10,5280,,,-3,,
1083,435,1,488,8,5280,,,-3,,
1084,436,1,426,10,5280,,,-3,,
1085,437,1,550,6,5340,,,-3,,
1086,437,1,479,5,5340,,,-3,,
1087,437,1,794,4,5340,,,-3,,
1088,438,1,453,6,5340,,,-3,,
1089,438,1,786,4,5340,,,-3,,
1090,439,1,483,7,5340,,,-3,,
1091,440,1,434,10,5340,,,-3,,
1092,441,1,508,2,5340,,,-3,,
1093,441,1,473,2,5340,,,-3,,
1094,441,1,435,6,5340,,,-3,,
1095,442,1,387,5,5340,,,-3,,
1096,443,1,450,6,5340,,,-3,,
1097,444,1,889,9,5400,,,-3,,
1098,444,1,806,12,5400,,,-3,,
1099,444,1,428,10,5400,,,-3,,
1100,444,1,615,6,5400,,,-3,,
1101,445,1,485,5,5400,,,-3,,
1102,445,1,897,4,5400,,,-3,,
1103,445,1,790,4,5400,,,-3,,
1104,446,1,967,8,5400,,,-3,,
1105,447,1,820,8,5400,,,-3,,
1106,448,1,514,6,5400,,,-3,,
1107,448,1,563,6,5400,,,-3,,
1108,449,1,515,5,5400,,,-3,,
1109,450,1,494,2,5400,,,-3,,
1110,451,1,458,9,5400,,,-3,,
1111,452,1,590,6,5400,,,-3,,
1112,452,1,411,4,5400,,,-3,,
1113,452,1,488,6,5400,,,-3,,
1114,453,1,468,8,5460,,,-3,,
1115,453,1,462,2,5460,,,-3,,
1116,454,1,413,8,5460,,,-3,,
1117,455,1,493,5,5460,,,-3,,
1118,456,1,514,4,5460,,,-3,,
1119,456,1,545,8,5460,,,-3,,
1120,457,1,524,12,5520,,,-3,,
1121,458,1,479,11,5520,,,-3,,
1122,458,1,483,12,5520,,,-3,,
1123,458,1,458,12,5520,,,-3,,
1124,458,1,454,4,5520,,,-3,,
1125,459,1,524,2,5520,,,-3,,
1126,460,1,476,10,5520,,,-3,,
1127,460,1,487,10,5520,,,-3,,
1128,460,1,475,3,5520,,,-3,,
1129,461,1,522,3,5520,,,-3,,
1130,461,1,617,11,5520,,,-3,,
1131,462,1,920,8,5580,,,-3,,
1132,463,1,920,6,5580,,,-3,,
1133,464,1,898,8,5580,,,-3,,
1134,464,1,620,10,5580,,,-3,,
1135,464,1,488,6,5580,,,-3,,
1136,465,1,748,9,5640,,,-3,,
1137,466,1,508,8,5640,,,-3,,
1138,467,1,676,3,5640,,,-3,,
1139,468,1,510,10,5640,,,-3,,
1140,469,1,842,5,5700,,,-3,,
1141,469,1,543,5,5700,,,-3,,
1142,470,1,440,4,5700,,,-3,,
1143,471,1,23,10,5700,,,-3,,
1144,471,1,596,7,5700,,,-3,,
1145,471,1,405,5,5700,,,-3,,
1146,472,1,511,12,5700,,,-3,,
1147,472,1,463,8,5700,,,-3,,
1148,472,1,417,5,5700,,,-3,,
1149,472,1,495,9,5700,,,-3,,
1150,472,1,513,8,5700,,,-3,,
1151,473,1,829,6,5700,,,-3,,
1152,474,1,517,2,5760,,,-3,,
1153,474,1,670,10,5760,,,-3,,
1154,474,1,959,4,5760,,,-3,,
1155,474,1,307,6,5760,,,-3,,
1156,475,1,894,6,5760,,,-3,,
1157,475,1,511,6,5760,,,-3,,
1158,475,1,361,11,5760,,,-3,,
1159,476,1,436,8,5760,,,-3,,
1160,477,1,448,10,5760,,,-3,,
1161,477,1,758,7,5760,,,-3,,
1162,478,1,519,8,5760,,,-3,,
1163,479,1,682,5,5760,,,-3,,
1164,479,1,806,6,5760,,,-3,,
1165,480,1,491,2,5760,,,-3,,
1166,480,1,875,6,5760,,,-3,,
1167,480,1,646,5,5760,,,-3,,
1168,480,1,523,7,5760,,,-3,,
1169,480,1,466,9,5760,,,-3,,
1170,481,1,661,4,5760,,,-3,,
1171,482,1,897,2,5820,,,-3,,
1172,483,1,485,8,5820,,,-3,,
1173,483,1,453,8,5820,,,-3,,
1174,483,1,838,8,5820,,,-3,,
1175,484,1,475,8,5820,,,-3,,
1176,484,1,507,7,5820,,,-3,,
1177,484,1,887,6,5820,,,-3,,
1178,484,1,622,5,5820,,,-3,,
1179,484,1,497,8,5820,,,-3,,
1180,484,1,430,10,5820,,,-3,,
1181,485,1,265,2,5820,,,-3,,
1182,486,1,485,2,5820,,,-3,,
1183,486,1,424,6,5820,,,-3,,
1184,487,1,485,6,5880,,,-3,,
1185,487,1,941,8,5880,,,-3,,
1186,487,1,445,4,5880,,,-3,,
1187,488,1,517,8,5880,,,-3,,
1188,488,1,434,4,5880,,,-3,,
1189,488,1,509,8,5880,,,-3,,
1190,488,1,617,10,5880,,,-3,,
1191,488,1,484,10,5880,,,-3,,
1192,488,1,741,10,5880,,,-3,,
1193,488,1,950,10,5880,,,-3,,
1194,488,1,190,2,5880,,,-3,,
1195,489,1,638,2,5880,,,-3,,
1196,490,1,670,10,5880,,,-3,,
1197,491,1,459,6,5880,,,-3,,
1198,491,1,474,8,5880,,,-3,,
1199,492,1,632,4,5880,,,-3,,
1200,492,1,299,10,5880,,,-3,,
1201,493,1,668,11,5940,,,-3,,
1202,494,1,473,7,5940,,,-3,,
1203,495,1,576,4,5940,,,-3,,
1204,496,1,411,4,5940,,,-3,,
1205,496,1,589,4,5940,,,-3,,
1206,497,1,500,12,5940,,,-3,,
1207,498,1,508,8,5940,,,-3,,
1208,499,1,513,4,5940,,,-3,,
1209,500,1,732,8,5940,,,-3,,
1210,501,1,265,11,6000,,,-3,,
1211,502,1,401,9,6060,,,-3,,
1212,503,1,919,2,6060,,,-3,,
1213,504,1,453,10,6060,,,-3,,
1214,504,1,848,8,6060,,,-3,,
1215,504,1,437,9,6060,,,-3,,
1216,504,1,557,10,6060,,,-3,,
1217,504,1,499,1,6060,,,-3,,
1218,504,1,456,4,6060,,,-3,,
1219,505,1,485,12,6060,,,-3,,
1220,506,1,411,9,6060,,,-3,,
1221,506,1,449,6,6060,,,-3,,
1222,507,1,710,10,6060,,,-3,,
1223,508,1,420,2,6060,,,-3,,
1224,508,1,966,9,6060,,,-3,,
1225,508,1,491,4,6060,,,-3,,
1226,508,1,423,6,6060,,,-3,,
1227,509,1,547,10,6120,,,-3,,
1228,509,1,449,5,6120,,,-3,,
1229,509,1,124,8,6120,,,-3,,
1230,509,1,518,12,6120,,,-3,,
1231,509,1,857,8,6120,,,-3,,
1232,510,1,511,6,6120,,,-3,,
1233,510,1,517,12,6120,,,-3,,
1234,510,1,480,10,6120,,,-3,,
1235,510,1,438,4,6120,,,-3,,
1236,510,1,514,4,6120,,,-3,,
1237,511,1,831,7,6120,,,-3,,
1238,511,1,520,4,6120,,,-3,,
1239,512,1,501,10,6120,,,-3,,
1240,513,1,449,7,6120,,,-3,,
1241,513,1,479,10,6120,,,-3,,
1242,514,1,914,10,6120,,,-3,,
1243,515,1,585,11,6120,,,-3,,
1244,515,1,488,8,6120,,,-3,,
1245,515,1,473,10,6120,,,-3,,
1246,515,1,591,4,6120,,,-3,,
1247,516,1,504,7,6120,,,-3,,
1248,516,1,522,6,6120,,,-3,,
1249,516,1,634,10,6120,,,-3,,
1250,517,1,439,4,6120,,,-3,,
1251,517,1,633,4,6120,,,-3,,
1252,517,1,468,11,6120,,,-3,,
1253,518,1,428,9,6180,,,-3,,
1254,519,1,490,6,6180,,,-3,,
1255,520,1,538,4,6180,,,-3,,
1256,520,1,732,8,6180,,,-3,,
1257,520,1,474,3,6180,,,-3,,
1258,520,1,513,4,6180,,,-3,,
1259,520,1,938,5,6180,,,-3,,
1260,520,1,901,6,6180,,,-3,,
1261,521,1,592,6,6180,,,-3,,
1262,521,1,474,8,6180,,,-3,,
1263,521,1,812,8,6180,,,-3,,
1264,521,1,428,11,6180,,,-3,,
1265,522,1,487,4,6180,,,-3,,
1266,522,1,216,11,6180,,,-3,,
1267,522,1,492,10,6180,,,-3,,
1268,522,1,442,4,6180,,,-3,,
1269,522,1,153,6,6180,,,-3,,
1270,523,1,460,9,6240,,,-3,,
1271,524,1,960,6,6240,,,-3,,
1272,525,1,762,8,6240,,,-3,,
1273,525,1,774,2,6240,,,-3,,
1274,526,1,487,10,6300,,,-3,,
1275,526,1,495,6,6300,,,-3,,
1276,527,1,401,8,6300,,,-3,,
1277,528,1,430,9,6300,,,-3,,
1278,529,1,470,9,6300,,,-3,,
1279,530,1,403,4,6360,,,-3,,
1280,530,1,426,7,6360,,,-3,,
1281,530,1,499,2,6360,,,-3,,
1282,531,1,584,4,6360,,,-3,,
1283,532,1,761,8,6360,,,-3,,
1284,532,1,860,2,6360,,,-3,,
1285,533,1,912,7,6360,,,-3,,
1286,534,1,691,3,6360,,,-3,,
1287,534,1,430,4,6360,,,-3,,
1288,535,1,884,7,6360,,,-3,,
1289,535,1,665,10,6360,,,-3,,
1290,536,1,406,10,6420,,,-3,,
1291,537,1,392,1,6420,,,-3,,
1292,537,1,511,6,6420,,,-3,,
1293,538,1,491,6,6420,,,-3,,
1294,538,1,619,3,6420,,,-3,,
1295,538,1,423,9,6420,,,-3,,
1296,539,1,523,10,6420,,,-3,,
1297,540,1,422,4,6480,,,-3,,
1298,540,1,403,3,6480,,,-3,,
1299,541,1,353,9,6480,,,-3,,
1300,541,1,661,8,6480,,,-3,,
1301,542,1,501,6,6480,,,-3,,
1302,542,1,444,9,6480,,,-3,,
1303,542,1,492,9,6480,,,-3,,
1304,542,1,732,7,6480,,,-3,,
1305,543,1,822,6,6540,,,-3,,
1306,543,1,462,6,6540,,,-3,,
1307,544,1,440,2,6540,,,-3,,
1308,544,1,320,4,6540,,,-3,,
1309,544,1,501,12,6540,,,-3,,
1310,544,1,484,6,6540,,,-3,,
1311,544,1,411,8,6540,,,-3,,
1312,545,1,464,9,6540,,,-3,,
1313,545,1,885,11,6540,,,-3,,
1314,545,1,429,10,6540,,,-3,,
1315,545,1,756,7,6540,,,-3,,
1316,545,1,956,7,6540,,,-3,,
1317,545,1,886,2,6540,,,-3,,
1318,546,1,417,10,6540,,,-3,,
1319,547,1,508,12,6540,,,-3,,
1320,547,1,902,5,6540,,,-3,,
1321,548,1,486,11,6540,,,-3,,
1322,548,1,518,5,6540,,,-3,,
1323,548,1,427,4,6540,,,-3,,
1324,549,1,507,3,6600,,,-3,,
1325,550,1,709,1,6600,,,-3,,
1326,551,1,476,2,6600,,,-3,,
1327,551,1,299,12,6600,,,-3,,
1328,552,1,448,7,6600,,,-3,,
1329,552,1,440,6,6600,,,-3,,
1330,553,1,800,8,6660,,,-3,,
1331,553,1,545,5,6660,,,-3,,
1332,554,1,441,5,6660,,,-3,,
1333,555,1,420,6,6660,,,-3,,
1334,556,1,330,7,6660,,,-3,,
1335,557,1,488,4,6660,,,-3,,
1336,557,1,451,11,6660,,,-3,,
1337,558,1,476,9,6660,,,-3,,
1338,559,1,515,3,6720,,,-3,,
1339,559,1,521,10,6720,,,-3,,
1340,560,1,518,2,6720,,,-3,,
1341,560,1,910,6,6720,,,-3,,
1342,561,1,879,3,6780,,,-3,,
1343,561,1,618,6,6780,,,-3,,
1344,561,1,816,10,6780,,,-3,,
1345,561,1,469,10,6780,,,-3,,
1346,562,1,914,11,6780,,,-3,,
1347,562,1,809,9,6780,,,-3,,
1348,562,1,469,4,6780,,,-3,,
1349,563,1,559,2,6780,,,-3,,
1350,564,1,464,6,6840,,,-3,,
1351,565,1,517,11,6840,,,-3,,
1352,565,1,507,6,6840,,,-3,,
1353,565,1,797,8,6840,,,-3,,
1354,566,1,437,8,6840,,,-3,,
1355,566,1,420,4,6840,,,-3,,
1356,567,1,397,8,6840,,,-3,,
1357,567,1,496,8,6840,,,-3,,
1358,567,1,500,8,6840,,,-3,,
1359,567,1,407,9,6840,,,-3,,
1360,567,1,757,8,6840,,,-3,,
1361,567,1,738,4,6840,,,-3,,
1362,568,1,872,5,6840,,,-3,,
1363,568,1,520,4,6840,,,-3,,
1364,568,1,790,2,6840,,,-3,,
1365,569,1,441,6,6840,,,-3,,
1366,570,1,464,3,6900,,,-3,,
1367,570,1,459,6,6900,,,-3,,
1368,571,1,425,9,6900,,,-3,,
1369,572,1,603,1,6900,,,-3,,
1370,573,1,418,10,6900,,,-3,,
1371,574,1,470,4,6960,,,-3,,
1372,575,1,455,9,6960,,,-3,,
1373,575,1,361,2,6960,,,-3,,
1374,576,1,605,2,6960,,,-3,,
1375,576,1,433,5,6960,,,-3,,
1376,576,1,524,5,6960,,,-3,,
1377,576,1,414,6,6960,,,-3,,
1378,576,1,675,2,6960,,,-3,,
1379,576,1,620,7,6960,,,-3,,
1380,576,1,583,6,6960,,,-3,,
1381,577,1,471,4,6960,,,-3,,
1382,577,1,806,6,6960,,,-3,,
1383,577,1,920,6,6960,,,-3,,
1384,577,1,852,9,6960,,,-3,,
1385,578,1,485,6,6960,,,-3,,
1386,579,1,438,7,6960,,,-3,,
1387,580,1,451,3,6960,,,-3,,
1388,580,1,454,11,6960,,,-3,,
1389,581,1,455,4,6960,,,-3,,
1390,582,1,502,8,6960,,,-3,,
1391,583,1,401,4,6960,,,-3,,
1392,583,1,912,10,6960,,,-3,,
1393,583,1,488,12,6960,,,-3,,
1394,583,1,23,4,6960,,,-3,,
1395,584,1,467,11,6960,,,-3,,
1396,584,1,520,7,6960,,,-3,,
1397,585,1,687,6,6960,,,-3,,
1398,586,1,968,6,6960,,,-3,,
1399,586,1,404,12,6960,,,-3,,
1400,587,1,416,5,6960,,,-3,,
1401,588,1,369,12,6960,,,-3,,
1402,588,1,943,6,6960,,,-3,,
1403,588,1,470,2,6960,,,-3,,
1404,588,1,282,8,6960,,,-3,,
1405,588,1,578,7,6960,,,-3,,
1406,589,1,474,3,6960,,,-3,,
1407,590,1,418,8,7020,,,-3,,
1408,591,1,490,6,7020,,,-3,,
1409,592,1,428,12,7020,,,-3,,
1410,593,1,409,8,7020,,,-3,,
1411,594,1,485,10,7020,,,-3,,
1412,594,1,425,8,7020,,,-3,,
1413,595,1,32,9,7020,,,-3,,
1414,595,1,89,7,7020,,,-3,,
1415,595,1,474,5,7020,,,-3,,
1416,596,1,457,10,7020,,,-3,,
1417,596,1,654,1,7020,,,-3,,
1418,597,1,962,8,7020,,,-3,,
1419,597,1,471,9,7020,,,-3,,
1420,597,1,480,10,7020,,,-3,,
1421,597,1,517,6,7020,,,-3,,
1422,597,1,463,4,7020,,,-3,,
1423,597,1,953,3,7020,,,-3,,
1424,597,1,412,3,7020,,,-3,,
1425,598,1,441,11,7020,,,-3,,
1426,599,1,441,4,7020,,,-3,,
1427,599,1,443,2,7020,,,-3,,
1428,600,1,179,5,7080,,,-3,,
1429,601,1,665,6,7080,,,-3,,
1430,601,1,432,10,7080,,,-3,,
1431,601,1,434,6,7080,,,-3,,
1432,601,1,442,8,7080,,,-3,,
1433,602,1,587,8,7080,,,-3,,
1434,602,1,908,4,7080,,,-3,,
1435,603,1,480,5,7080,,,-3,,
1436,604,1,701,5,7140,,,-3,,
1437,604,1,434,1,7140,,,-3,,
1438,604,1,73,3,7140,,,-3,,
1439,605,1,411,6,7200,,,-3,,
1440,605,1,719,12,7200,,,-3,,
1441,605,1,496,9,7200,,,-3,,
1442,606,1,615,11,7200,,,-3,,
1443,607,1,447,8,7200,,,-3,,
1444,607,1,445,6,7200,,,-3,,
1445,608,1,275,4,7200,,,-3,,
1446,608,1,487,6,7200,,,-3,,
1447,608,1,467,5,7200,,,-3,,
1448,609,1,486,4,7200,,,-3,,
1449,610,1,674,9,7200,,,-3,,
1450,611,1,468,8,7260,,,-3,,
1451,611,1,477,8,7260,,,-3,,
1452,611,1,920,8,7260,,,-3,,
1453,611,1,744,5,7260,,,-3,,
1454,611,1,104,4,7260,,,-3,,
1455,612,1,505,6,7260,,,-3,,
1456,612,1,435,2,7260,,,-3,,
1457,613,1,468,2,7260,,,-3,,
1458,614,1,403,9,7260,,,-3,,
1459,615,1,433,6,7320,,,-3,,
1460,615,1,432,9,7320,,,-3,,
1461,616,1,474,10,7320,,,-3,,
1462,616,1,478,3,7320,,,-3,,
1463,616,1,939,8,7320,,,-3,,
1464,616,1,727,4,7320,,,-3,,
1465,616,1,514,9,7320,,,-3,,
1466,616,1,495,5,7320,,,-3,,
1467,616,1,435,1,7320,,,-3,,
1468,616,1,506,12,7320,,,-3,,
1469,616,1,459,10,7320,,,-3,,
1470,617,1,521,4,7320,,,-3,,
1471,617,1,537,6,7320,,,-3,,
1472,617,1,466,7,7320,,,-3,,
1473,617,1,518,5,7320,,,-3,,
1474,618,1,521,4,7320,,,-3,,
1475,619,1,866,8,7320,,,-3,,
1476,620,1,567,8,7380,,,-3,,
1477,620,1,441,3,7380,,,-3,,
1478,621,1,486,8,7380,,,-3,,
1479,621,1,973,4,7380,,,-3,,
1480,622,1,512,2,7380,,,-3,,
1481,622,1,962,6,7380,,,-3,,
1482,623,1,405,10,7380,,,-3,,
1483,624,1,482,4,7380,,,-3,,
1484,624,1,797,10,7380,,,-3,,
1485,625,1,467,12,7440,,,-3,,
1486,625,1,703,3,7440,,,-3,,
1487,626,1,430,2,7440,,,-3,,
1488,627,1,813,9,7440,,,-3,,
1489,627,1,516,5,7440,,,-3,,
1490,627,1,457,8,7440,,,-3,,
1491,628,1,896,6,7440,,,-3,,
1492,628,1,504,6,7440,,,-3,,
1493,628,1,420,6,7440,,,-3,,
1494,628,1,473,7,7440,,,-3,,
1495,628,1,514,9,7440,,,-3,,
1496,629,1,884,12,7500,,,-3,,
1497,629,1,484,6,7500,,,-3,,
1498,629,1,478,10,7500,,,-3,,
1499,630,1,502,2,7500,,,-3,,
1500,630,1,429,11,7500,,,-3,,
1501,631,1,195,10,7500,,,-3,,
1502,632,1,722,7,7500,,,-3,,
1503,632,1,408,10,7500,,,-3,,
1504,633,1,267,6,7500,,,-3,,
1505,634,1,467,7,7560,,,-3,,
1506,634,1,818,8,7560,,,-3,,
1507,635,1,685,6,7560,,,-3,,
1508,635,1,657,7,7560,,,-3,,
1509,636,1,897,4,7620,,,-3,,
1510,636,1,881,10,7620,,,-3,,
1511,636,1,513,8,7620,,,-3,,
1512,637,1,503,8,7620,,,-3,,
1513,638,1,598,6,7620,,,-3,,
1514,638,1,462,6,7620,,,-3,,
1515,638,1,423,9,7620,,,-3,,
1516,638,1,415,6,7620,,,-3,,
1517,638,1,540,3,7620,,,-3,,
1518,639,1,469,6,7620,,,-3,,
1519,640,1,417,12,7680,,,-3,,
1520,640,1,517,3,7680,,,-3,,
1521,640,1,421,2,7680,,,-3,,
1522,640,1,629,2,7680,,,-3,,
1523,641,1,482,6,7680,,,-3,,
1524,641,1,921,2,7680,,,-3,,
1525,641,1,951,8,7680,,,-3,,
1526,642,1,410,2,7680,,,-3,,
1527,643,1,502,8,7680,,,-3,,
1528,643,1,519,12,7680,,,-3,,
1529,644,1,461,5,7680,,,-3,,
1530,644,1,460,6,7680,,,-3,,
1531,644,1,861,2,7680,,,-3,,
1532,644,1,791,6,7680,,,-3,,
1533,645,1,434,3,7680,,,-3,,
1534,646,1,956,6,7740,,,-3,,
1535,647,1,707,10,7740,,,-3,,
1536,648,1,471,6,7740,,,-3,,
1537,648,1,509,2,7740,,,-3,,
1538,649,1,420,7,7740,,,-3,,
1539,649,1,925,11,7740,,,-3,,
1540,649,1,438,11,7740,,,-3,,
1541,650,1,484,8,7800,,,-3,,
1542,651,1,156,2,7800,,,-3,,
1543,652,1,437,2,7800,,,-3,,
1544,652,1,956,4,7800,,,-3,,
1545,653,1,443,8,7800,,,-3,,
1546,653,1,504,4,7800,,,-3,,
1547,653,1,861,4,7800,,,-3,,
1548,653,1,478,4,7800,,,-3,,
1549,654,1,585,6,7800,,,-3,,
1550,654,1,857,7,7800,,,-3,,
1551,655,1,498,6,7800,,,-3,,
1552,656,1,953,10,7800,,,-3,,
1553,656,1,484,7,7800,,,-3,,
1554,656,1,446,10,7800,,,-3,,
1555,656,1,402,6,7800,,,-3,,
1556,656,1,520,5,7800,,,-3,,
1557,657,1,543,8,7860,,,-3,,
1558,658,1,497,8,7860,,,-3,,
1559,658,1,490,12,7860,,,-3,,
1560,658,1,474,7,7860,,,-3,,
1561,658,1,895,3,7860,,,-3,,
1562,658,1,461,5,7860,,,-3,,
1563,658,1,480,6,7860,,,-3,,
1564,659,1,520,6,7860,,,-3,,
1565,659,1,505,5,7860,,,-3,,
1566,660,1,395,12,7920,,,-3,,
1567,661,1,549,8,7920,,,-3,,
1568,662,1,302,4,7920,,,-3,,
1569,663,1,473,2,7920,,,-3,,
1570,663,1,744,10,7920,,,-3,,
1571,664,1,937,4,7920,,,-3,,
1572,665,1,835,7,7920,,,-3,,
1573,665,1,432,9,7920,,,-3,,
1574,666,1,491,6,7920,,,-3,,
1575,666,1,723,5,7920,,,-3,,
1576,666,1,438,7,7920,,,-3,,
1577,667,1,509,3,7920,,,-3,,
1578,668,1,406,6,7980,,,-3,,
1579,668,1,613,10,7980,,,-3,,
1580,669,1,535,7,7980,,,-3,,
1581,670,1,516,6,7980,,,-3,,
1582,671,1,466,10,7980,,,-3,,
1583,672,1,750,5,8040,,,-3,,
1584,673,1,537,10,8040,,,-3,,
1585,674,1,445,2,8100,,,-3,,
1586,675,1,402,4,8100,,,-3,,
1587,675,1,950,5,8100,,,-3,,
1588,676,1,574,8,8100,,,-3,,
1589,676,1,965,10,8100,,,-3,,
1590,676,1,513,4,8100,,,-3,,
1591,676,1,504,12,8100,,,-3,,
1592,677,1,489,4,8100,,,-3,,
1593,678,1,683,6,8160,,,-3,,
1594,678,1,565,7,8160,,,-3,,
1595,679,1,483,2,8160,,,-3,,
1596,679,1,665,8,8160,,,-3,,
1597,680,1,497,3,8220,,,-3,,
1598,681,1,461,2,8220,,,-3,,
1599,682,1,512,8,8220,,,-3,,
1600,682,1,455,5,8220,,,-3,,
1601,682,1,498,7,8220,,,-3,,
1602,682,1,479,5,8220,,,-3,,
1603,683,1,458,5,8220,,,-3,,
1604,683,1,429,10,8220,,,-3,,
1605,683,1,490,9,8220,,,-3,,
1606,683,1,420,6,8220,,,-3,,
1607,684,1,514,10,8220,,,-3,,
1608,684,1,307,7,8220,,,-3,,
1609,684,1,485,11,8220,,,-3,,
1610,684,1,484,8,8220,,,-3,,
1611,685,1,510,6,8340,,,-3,,
1612,685,1,449,2,8340,,,-3,,
1613,686,1,447,6,8340,,,-3,,
1614,687,1,471,10,8340,,,-3,,
1615,688,1,561,3,8340,,,-3,,
1616,688,1,731,2,8340,,,-3,,
1617,689,1,884,2,8340,,,-3,,
1618,689,1,969,5,8340,,,-3,,
1619,689,1,516,4,8340,,,-3,,
1620,689,1,431,7,8340,,,-3,,
1621,689,1,446,6,8340,,,-3,,
1622,690,1,877,3,8340,,,-3,,
1623,691,1,446,10,8400,,,-3,,
1624,692,1,484,7,8400,,,-3,,
1625,693,1,716,9,8400,,,-3,,
1626,693,1,473,9,8400,,,-3,,
1627,693,1,436,6,8400,,,-3,,
1628,694,1,605,4,8400,,,-3,,
1629,695,1,520,7,8400,,,-3,,
1630,696,1,417,12,8460,,,-3,,
1631,696,1,476,8,8460,,,-3,,
1632,697,1,456,4,8460,,,-3,,
1633,698,1,605,4,8460,,,-3,,
1634,698,1,543,9,8460,,,-3,,
1635,698,1,485,10,8460,,,-3,,
1636,699,1,583,8,8460,,,-3,,
1637,700,1,291,2,8460,,,-3,,
1638,701,1,678,8,8520,,,-3,,
1639,702,1,545,6,8520,,,-3,,
1640,702,1,411,10,8520,,,-3,,
1641,703,1,482,6,8520,,,-3,,
1642,704,1,753,6,8520,,,-3,,
1643,704,1,475,10,8520,,,-3,,
1644,704,1,458,8,8520,,,-3,,
1645,704,1,438,3,8520,,,-3,,
1646,705,1,511,8,8520,,,-3,,
1647,706,1,781,11,8520,,,-3,,
1648,707,1,690,6,8520,,,-3,,
1649,708,1,443,8,8520,,,-3,,
1650,708,1,797,6,8520,,,-3,,
1651,708,1,429,10,8520,,,-3,,
1652,709,1,708,6,8580,,,-3,,
1653,710,1,692,5,8580,,,-3,,
1654,710,1,515,8,8580,,,-3,,
1655,710,1,504,4,8580,,,-3,,
1656,710,1,443,4,8580,,,-3,,
1657,711,1,500,2,8580,,,-3,,
1658,712,1,604,4,8580,,,-3,,
1659,713,1,710,10,8580,,,-3,,
1660,714,1,877,6,8580,,,-3,,
1661,715,1,777,6,8640,,,-3,,
1662,716,1,459,8,8640,,,-3,,
1663,716,1,496,11,8640,,,-3,,
1664,717,1,749,9,8640,,,-3,,
1665,718,1,465,9,8640,,,-3,,
1666,718,1,615,6,8640,,,-3,,
1667,718,1,881,8,8640,,,-3,,
1668,719,1,892,11,8640,,,-3,,
1669,720,1,440,4,8640,,,-3,,
1670,720,1,492,9,8640,,,-3,,
1671,721,1,497,2,8640,,,-3,,
1672,722,1,495,4,8700,,,-3,,
1673,722,1,442,6,8700,,,-3,,
1674,723,1,440,6,8700,,,-3,,
1675,724,1,476,7,8700,,,-3,,
1676,725,1,522,9,8700,,,-3,,
1677,725,1,406,5,8700,,,-3,,
1678,726,1,425,6,8700,,,-3,,
1679,726,1,753,8,8700,,,-3,,
1680,727,1,478,11,8760,,,-3,,
1681,727,1,451,8,8760,,,-3,,
1682,728,1,752,3,8760,,,-3,,
1683,728,1,430,3,8760,,,-3,,
1684,728,1,698,2,8760,,,-3,,
1685,728,1,515,7,8760,,,-3,,
1686,728,1,584,4,8760,,,-3,,
1687,728,1,965,6,8760,,,-3,,
1688,729,1,873,5,8760,,,-3,,
1689,729,1,444,9,8760,,,-3,,
1690,730,1,434,4,8760,,,-3,,
1691,730,1,478,10,8760,,,-3,,
1692,730,1,150,8,8760,,,-3,,
1693,730,1,646,4,8760,,,-3,,
1694,731,1,942,10,8760,,,-3,,
1695,732,1,442,6,8820,,,-3,,
1696,732,1,467,9,8820,,,-3,,
1697,732,1,490,10,8820,,,-3,,
1698,732,1,686,2,8820,,,-3,,
1699,732,1,888,8,8820,,,-3,,
1700,732,1,905,11,8820,,,-3,,
1701,733,1,268,7,8820,,,-3,,
1702,733,1,872,8,8820,,,-3,,
1703,734,1,404,6,8820,,,-3,,
1704,734,1,838,3,8820,,,-3,,
1705,735,1,436,7,8820,,,-3,,
1706,735,1,748,10,8820,,,-3,,
1707,735,1,815,5,8820,,,-3,,
1708,736,1,512,5,8820,,,-3,,
1709,737,1,499,4,8820,,,-3,,
1710,738,1,610,7,8820,,,-3,,
1711,738,1,405,10,8820,,,-3,,
1712,739,1,766,1,8820,,,-3,,
1713,740,1,503,7,8880,,,-3,,
1714,741,1,454,9,8880,,,-3,,
1715,742,1,428,4,8880,,,-3,,
1716,742,1,700,5,8880,,,-3,,
1717,743,1,403,4,8880,,,-3,,
1718,743,1,939,10,8880,,,-3,,
1719,744,1,711,7,8940,,,-3,,
1720,745,1,434,10,8940,,,-3,,
1721,746,1,72,3,8940,,,-3,,
1722,747,1,587,11,8940,,,-3,,
1723,747,1,541,4,8940,,,-3,,
1724,748,1,473,10,8940,,,-3,,
1725,748,1,853,9,8940,,,-3,,
1726,749,1,403,10,8940,,,-3,,
1727,749,1,495,8,8940,,,-3,,
1728,750,1,446,11,9000,,,-3,,
1729,751,1,424,10,9000,,,-3,,
1730,752,1,458,1,9000,,,-3,,
1731,752,1,511,2,9000,,,-3,,
1732,753,1,507,5,9000,,,-3,,
1733,754,1,291,6,9000,,,-3,,
1734,755,1,461,4,9060,,,-3,,
1735,756,1,510,8,9060,,,-3,,
1736,756,1,45,6,9060,,,-3,,
1737,756,1,893,9,9060,,,-3,,
1738,756,1,39,2,9060,,,-3,,
1739,756,1,501,2,9060,,,-3,,
1740,757,1,898,4,9060,,,-3,,
1741,758,1,482,3,9060,,,-3,,
1742,758,1,816,10,9060,,,-3,,
1743,759,1,524,5,9120,,,-3,,
1744,760,1,436,8,9120,,,-3,,
1745,760,1,612,2,9120,,,-3,,
1746,761,1,453,3,9120,,,-3,,
1747,761,1,429,6,9120,,,-3,,
1748,761,1,481,7,9120,,,-3,,
1749,761,1,523,8,9120,,,-3,,
1750,761,1,438,12,9120,,,-3,,
1751,762,1,414,10,9120,,,-3,,
1752,763,1,504,5,9180,,,-3,,
1753,763,1,956,6,9180,,,-3,,
1754,764,1,401,5,9180,,,-3,,
1755,764,1,423,6,9180,,,-3,,
1756,764,1,453,7,9180,,,-3,,
1757,764,1,503,8,9180,,,-3,,
1758,764,1,410,5,9180,,,-3,,
1759,765,1,477,7,9180,,,-3,,
1760,766,1,693,3,9180,,,-3,,
1761,767,1,421,6,9180,,,-3,,
1762,768,1,447,5,9180,,,-3,,
1763,768,1,473,3,9180,,,-3,,
1764,769,1,339,1,9180,,,-3,,
1765,769,1,478,7,9180,,,-3,,
1766,770,1,444,1,9240,,,-3,,
1767,770,1,632,4,9240,,,-3,,
1768,771,1,831,8,9240,,,-3,,
1769,772,1,736,6,9240,,,-3,,
1770,772,1,499,8,9240,,,-3,,
1771,772,1,483,8,9240,,,-3,,
1772,773,1,480,6,9300,,,-3,,
1773,774,1,447,5,9300,,,-3,,
1774,775,1,749,4,9300,,,-3,,
1775,776,1,428,5,9300,,,-3,,
1776,777,1,426,4,9300,,,-3,,
1777,778,1,477,5,9360,,,-3,,
1778,778,1,629,6,9360,,,-3,,
1779,778,1,492,9,9360,,,-3,,
1780,779,1,891,7,9360,,,-3,,
1781,779,1,491,4,9360,,,-3,,
1782,779,1,721,6,9360,,,-3,,
1783,780,1,405,2,9360,,,-3,,
1784,780,1,479,4,9360,,,-3,,
1785,780,1,451,8,9360,,,-3,,
1786,781,1,438,9,9360,,,-3,,
1787,782,1,523,6,9360,,,-3,,
1788,783,1,682,11,9420,,,-3,,
1789,783,1,490,1,9420,,,-3,,
1790,784,1,798,8,9420,,,-3,,
1791,784,1,429,5,9420,,,-3,,
1792,784,1,402,4,9420,,,-3,,
1793,785,1,505,5,9420,,,-3,,
1794,785,1,468,1,9420,,,-3,,
1795,785,1,183,8,9420,,,-3,,
1796,785,1,845,8,9420,,,-3,,
1797,786,1,472,5,9420,,,-3,,
1798,787,1,454,6,9480,,,-3,,
1799,787,1,885,6,9480,,,-3,,
1800,787,1,474,2,9480,,,-3,,
1801,787,1,846,8,9480,,,-3,,
1802,788,1,493,4,9480,,,-3,,
1803,789,1,496,6,9480,,,-3,,
1804,790,1,483,7,9480,,,-3,,
1805,791,1,641,8,9540,,,-3,,
1806,792,1,495,6,9540,,,-3,,
1807,793,1,462,9,9540,,,-3,,
1808,793,1,912,4,9540,,,-3,,
1809,793,1,602,8,9540,,,-3,,
1810,793,1,443,4,9540,,,-3,,
1811,793,1,503,2,9540,,,-3,,
1812,794,1,78,10,9540,,,-3,,
1813,794,1,468,8,9540,,,-3,,
1814,795,1,473,4,9540,,,-3,,
1815,795,1,475,3,9540,,,-3,,
1816,796,1,974,3,9540,,,-3,,
1817,796,1,129,4,9540,,,-3,,
1818,797,1,567,2,9600,,,-3,,
1819,797,1,516,4,9600,,,-3,,
1820,797,1,642,6,9600,,,-3,,
1821,797,1,486,8,9600,,,-3,,
1822,797,1,366,8,9600,,,-3,,
1823,797,1,517,4,9600,,,-3,,
1824,797,1,509,12,9600,,,-3,,
1825,798,1,869,5,9600,,,-3,,
1826,799,1,509,9,9600,,,-3,,
1827,800,1,455,4,9600,,,-3,,
1828,800,1,44,2,9600,,,-3,,
1829,801,1,489,9,9660,,,-3,,
1830,802,1,405,6,9660,,,-3,,
1831,802,1,762,11,9660,,,-3,,
1832,802,1,467,8,9660,,,-3,,
1833,803,1,407,10,9720,,,-3,,
1834,804,1,469,6,9720,,,-3,,
1835,805,1,693,12,9720,,,-3,,
1836,805,1,504,10,9720,,,-3,,
1837,806,1,461,6,9720,,,-3,,
1838,806,1,441,7,9720,,,-3,,
1839,807,1,480,8,9720,,,-3,,
1840,807,1,508,3,9720,,,-3,,
1841,808,1,67,2,9720,,,-3,,
1842,808,1,423,6,9720,,,-3,,
1843,809,1,478,9,9720,,,-3,,
1844,809,1,487,2,9720,,,-3,,
1845,809,1,500,6,9720,,,-3,,
1846,810,1,482,2,9720,,,-3,,
1847,811,1,493,2,9720,,,-3,,
1848,812,1,755,4,9720,,,-3,,
1849,813,1,504,4,9720,,,-3,,
1850,814,1,453,9,9720,,,-3,,
1851,814,1,874,6,9720,,,-3,,
1852,814,1,422,2,9720,,,-3,,
1853,814,1,504,12,9720,,,-3,,
1854,814,1,948,6,9720,,,-3,,
1855,814,1,495,7,9720,,,-3,,
1856,815,1,485,2,9780,,,-3,,
1857,816,1,491,10,9780,,,-3,,
1858,817,1,475,8,9840,,,-3,,
1859,817,1,449,2,9840,,,-3,,
1860,818,1,324,4,9840,,,-3,,
1861,819,1,489,4,9840,,,-3,,
1862,820,1,758,5,9840,,,-3,,
1863,820,1,540,12,9840,,,-3,,
1864,820,1,738,6,9840,,,-3,,
1865,821,1,438,4,9840,,,-3,,
1866,821,1,769,1,9840,,,-3,,
1867,822,1,498,8,9900,,,-3,,
1868,822,1,880,2,9900,,,-3,,
1869,822,1,458,12,9900,,,-3,,
1870,822,1,435,7,9900,,,-3,,
1871,823,1,559,9,9900,,,-3,,
1872,824,1,739,8,9900,,,-3,,
1873,825,1,406,9,9960,,,-3,,
1874,825,1,455,9,9960,,,-3,,
1875,826,1,448,2,9960,,,-3,,
1876,826,1,489,6,9960,,,-3,,
1877,826,1,418,6,9960,,,-3,,
1878,827,1,938,2,9960,,,-3,,
1879,828,1,400,12,9960,,,-3,,
1880,829,1,439,4,9960,,,-3,,
1881,829,1,423,10,9960,,,-3,,
1882,830,1,548,9,9960,,,-3,,
1883,830,1,581,8,9960,,,-3,,
1884,831,1,458,6,9960,,,-3,,
1885,832,1,514,10,10020,,,-3,,
1886,833,1,416,4,10020,,,-3,,
1887,833,1,438,6,10020,,,-3,,
1888,834,1,498,6,10020,,,-3,,
1889,834,1,476,6,10020,,,-3,,
1890,834,1,403,11,10020,,,-3,,
1891,835,1,583,5,10020,,,-3,,
1892,835,1,517,4,10020,,,-3,,
1893,836,1,490,6,10020,,,-3,,
1894,836,1,441,7,10020,,,-3,,
1895,836,1,518,8,10020,,,-3,,
1896,837,1,764,10,10020,,,-3,,
1897,837,1,481,11,10020,,,-3,,
1898,838,1,491,7,10020,,,-3,,
1899,839,1,793,3,10080,,,-3,,
1900,839,1,929,6,10080,,,-3,,
1901,839,1,763,8,10080,,,-3,,
1902,840,1,443,3,10080,,,-3,,
1903,841,1,730,3,10080,,,-3,,
1904,842,1,409,2,10080,,,-3,,
1905,843,1,472,8,10140,,,-3,,
1906,843,1,405,4,10140,,,-3,,
1907,844,1,83,2,10140,,,-3,,
1908,845,1,151,2,10140,,,-3,,
1909,846,1,244,7,10140,,,-3,,
1910,846,1,490,4,10140,,,-3,,
1911,847,1,480,3,10140,,,-3,,
1912,848,1,830,11,10140,,,-3,,
1913,849,1,304,6,10140,,,-3,,
1914,850,1,701,10,10140,,,-3,,
1915,851,1,445,2,10140,,,-3,,
1916,852,1,738,8,10200,,,-3,,
1917,852,1,452,6,10200,,,-3,,
1918,852,1,498,10,10200,,,-3,,
1919,853,1,204,5,10200,,,-3,,
1920,853,1,445,7,10200,,,-3,,
1921,853,1,439,3,10200,,,-3,,
1922,853,1,404,10,10200,,,-3,,
1923,854,1,438,4,10200,,,-3,,
1924,854,1,424,1,10200,,,-3,,
1925,855,1,517,9,10200,,,-3,,
1926,855,1,505,7,10200,,,-3,,
1927,855,1,866,6,10200,,,-3,,
1928,856,1,661,8,10260,,,-3,,
1929,857,1,408,6,10260,,,-3,,
1930,857,1,476,8,10260,,,-3,,
1931,858,1,958,11,10260,,,-3,,
1932,859,1,411,5,10260,,,-3,,
1933,860,1,470,7,10260,,,-3,,
1934,861,1,490,6,10260,,,-3,,
1935,862,1,886,7,10320,,,-3,,
1936,862,1,26,1,10320,,,-3,,
1937,862,1,484,2,10320,,,-3,,
1938,863,1,842,2,10320,,,-3,,
1939,863,1,422,4,10320,,,-3,,
1940,863,1,425,12,10320,,,-3,,
1941,863,1,487,4,10320,,,-3,,
1942,864,1,487,3,10320,,,-3,,
1943,865,1,471,4,10320,,,-3,,
1944,865,1,459,8,10320,,,-3,,
1945,866,1,879,8,10320,,,-3,,
1946,867,1,452,8,10320,,,-3,,
1947,868,1,494,8,10320,,,-3,,
1948,869,1,755,6,10320,,,-3,,
1949,870,1,463,7,10380,,,-3,,
1950,870,1,418,7,10380,,,-3,,
1951,871,1,410,6,10380,,,-3,,
1952,871,1,467,4,10380,,,-3,,
1953,872,1,925,2,10380,,,-3,,
1954,872,1,820,12,10380,,,-3,,
1955,872,1,516,5,10380,,,-3,,
1956,873,1,371,6,10380,,,-3,,
1957,873,1,964,4,10380,,,-3,,
1958,874,1,421,2,10380,,,-3,,
1959,875,1,488,7,10380,,,-3,,
1960,875,1,472,6,10380,,,-3,,
1961,876,1,436,9,10440,,,-3,,
1962,877,1,473,8,10440,,,-3,,
1963,877,1,507,8,10440,,,-3,,
1964,878,1,425,8,10440,,,-3,,
1965,878,1,852,6,10440,,,-3,,
1966,878,1,823,8,10440,,,-3,,
1967,878,1,468,6,10440,,,-3,,
1968,879,1,443,2,10440,,,-3,,
1969,880,1,432,6,10440,,,-3,,
1970,881,1,663,4,10440,,,-3,,
1971,881,1,477,8,10440,,,-3,,
1972,881,1,904,6,10440,,,-3,,
1973,882,1,825,6,10440,,,-3,,
1974,883,1,498,6,10440,,,-3,,
1975,884,1,728,3,10440,,,-3,,
1976,885,1,501,9,10500,,,-3,,
1977,886,1,608,5,10500,,,-3,,
1978,887,1,414,4,10500,,,-3,,
1979,888,1,521,10,10560,,,-3,,
1980,888,1,790,12,10560,,,-3,,
1981,889,1,412,9,10560,,,-3,,
1982,889,1,506,4,10560,,,-3,,
1983,889,1,545,2,10560,,,-3,,
1984,889,1,482,3,10560,,,-3,,
1985,889,1,938,7,10560,,,-3,,
1986,890,1,461,8,10560,,,-3,,
1987,890,1,716,8,10560,,,-3,,
1988,891,1,514,5,10620,,,-3,,
1989,892,1,403,8,10620,,,-3,,
1990,892,1,325,3,10620,,,-3,,
1991,893,1,544,9,10680,,,-3,,
1992,893,1,460,8,10680,,,-3,,
1993,893,1,459,8,10680,,,-3,,
1994,894,1,27,11,10680,,,-3,,
1995,894,1,507,2,10680,,,-3,,
1996,895,1,476,4,10680,,,-3,,
1997,895,1,452,6,10680,,,-3,,
1998,895,1,446,5,10680,,,-3,,
1999,895,1,516,9,10680,,,-3,,
2000,895,1,480,3,10680,,,-3,,
2001,895,1,899,4,10680,,,-3,,
2002,895,1,632,8,10680,,,-3,,
2003,895,1,511,2,10680,,,-3,,
2004,895,1,890,8,10680,,,-3,,
2005,895,1,468,12,10680,,,-3,,
2006,896,1,448,10,10680,,,-3,,
2007,896,1,692,6,10680,,,-3,,
2008,897,1,428,3,10680,,,-3,,
2009,898,1,525,8,10740,,,-3,,
2010,898,1,472,8,10740,,,-3,,
2011,898,1,510,4,10740,,,-3,,
2012,899,1,955,10,10740,,,-3,,
2013,900,1,440,12,10740,,,-3,,
2014,900,1,645,6,10740,,,-3,,
2015,900,1,876,5,10740,,,-3,,
2016,900,1,477,4,10740,,,-3,,
2017,901,1,518,10,10740,,,-3,,
2018,902,1,511,6,10740,,,-3,,
2019,903,1,447,6,10740,,,-3,,
2020,903,1,446,9,10740,,,-3,,
2021,903,1,506,7,10740,,,-3,,
2022,904,1,807,2,10740,,,-3,,
2023,905,1,428,4,10740,,,-3,,
2024,906,1,448,7,10800,,,-3,,
2025,906,1,434,12,10800,,,-3,,
2026,907,1,521,10,10800,,,-3,,
2027,908,1,411,10,10800,,,-3,,
2028,908,1,800,12,10800,,,-3,,
2029,908,1,419,9,10800,,,-3,,
2030,909,1,464,6,10860,,,-3,,
2031,910,1,446,3,10860,,,-3,,
2032,910,1,553,4,10860,,,-3,,
2033,910,1,429,1,10860,,,-3,,
2034,910,1,439,6,10860,,,-3,,
2035,910,1,523,12,10860,,,-3,,
2036,910,1,494,2,10860,,,-3,,
2037,911,1,872,5,10860,,,-3,,
2038,911,1,364,6,10860,,,-3,,
2039,911,1,459,7,10860,,,-3,,
2040,911,1,461,8,10860,,,-3,,
2041,912,1,463,10,10860,,,-3,,
2042,912,1,974,5,10860,,,-3,,
2043,912,1,477,3,10860,,,-3,,
2044,912,1,502,6,10860,,,-3,,
2045,912,1,791,6,10860,,,-3,,
2046,913,1,850,8,10920,,,-3,,
2047,913,1,539,3,10920,,,-3,,
2048,914,1,840,8,10920,,,-3,,
2049,915,1,717,10,10920,,,-3,,
2050,915,1,493,2,10920,,,-3,,
2051,915,1,520,5,10920,,,-3,,
2052,916,1,808,5,10980,,,-3,,
2053,917,1,772,6,10980,,,-3,,
2054,918,1,425,10,10980,,,-3,,
2055,918,1,483,8,10980,,,-3,,
2056,919,1,506,6,11040,,,-3,,
2057,920,1,937,8,11040,,,-3,,
2058,921,1,504,8,11040,,,-3,,
2059,922,1,418,6,11040,,,-3,,
2060,923,1,713,5,11040,,,-3,,
2061,923,1,930,8,11040,,,-3,,
2062,924,1,755,3,11100,,,-3,,
2063,925,1,453,8,11100,,,-3,,
2064,925,1,479,12,11100,,,-3,,
2065,926,1,493,8,11100,,,-3,,
2066,927,1,426,4,11160,,,-3,,
2067,927,1,573,10,11160,,,-3,,
2068,927,1,820,6,11160,,,-3,,
2069,928,1,401,11,11160,,,-3,,
2070,928,1,283,4,11160,,,-3,,
2071,928,1,960,4,11160,,,-3,,
2072,928,1,414,10,11160,,,-3,,
2073,929,1,789,6,11160,,,-3,,
2074,930,1,542,5,11160,,,-3,,
2075,930,1,900,7,11160,,,-3,,
2076,930,1,867,2,11160,,,-3,,
2077,930,1,817,10,11160,,,-3,,
2078,930,1,902,4,11160,,,-3,,
2079,931,1,895,6,11160,,,-3,,
2080,932,1,413,6,11160,,,-3,,
2081,932,1,571,8,11160,,,-3,,
2082,932,1,752,11,11160,,,-3,,
2083,932,1,470,2,11160,,,-3,,
2084,932,1,599,10,11160,,,-3,,
2085,933,1,494,4,11160,,,-3,,
2086,933,1,633,8,11160,,,-3,,
2087,933,1,710,4,11160,,,-3,,
2088,934,1,440,6,11160,,,-3,,
2089,934,1,892,11,11160,,,-3,,
2090,934,1,504,8,11160,,,-3,,
2091,935,1,442,3,11220,,,-3,,
2092,936,1,444,3,11220,,,-3,,
2093,937,1,479,9,11220,,,-3,,
2094,938,1,603,5,11220,,,-3,,
2095,939,1,652,4,11220,,,-3,,
2096,940,1,40,9,11280,,,-3,,
2097,940,1,617,10,11280,,,-3,,
2098,940,1,459,1,11280,,,-3,,
2099,941,1,483,2,11280,,,-3,,
2100,942,1,451,8,11340,,,-3,,
2101,942,1,952,6,11340,,,-3,,
2102,942,1,681,6,11340,,,-3,,
2103,943,1,779,5,11340,,,-3,,
2104,943,1,56,7,11340,,,-3,,
2105,943,1,479,6,11340,,,-3,,
2106,943,1,863,4,11340,,,-3,,
2107,944,1,491,4,11340,,,-3,,
2108,944,1,515,10,11340,,,-3,,
2109,944,1,702,8,11340,,,-3,,
2110,945,1,406,6,11340,,,-3,,
2111,946,1,421,10,11400,,,-3,,
2112,946,1,491,8,11400,,,-3,,
2113,946,1,488,5,11400,,,-3,,
2114,946,1,495,10,11400,,,-3,,
2115,946,1,582,10,11400,,,-3,,
2116,947,1,480,8,11400,,,-3,,
2117,948,1,887,5,11400,,,-3,,
2118,948,1,267,9,11400,,,-3,,
2119,949,1,505,6,11400,,,-3,,
2120,949,1,444,2,11400,,,-3,,
2121,950,1,646,3,11400,,,-3,,
2122,950,1,494,12,11400,,,-3,,
2123,950,1,571,8,11400,,,-3,,
2124,951,1,788,4,11460,,,-3,,
2125,951,1,446,5,11460,,,-3,,
2126,952,1,477,4,11460,,,-3,,
2127,953,1,500,3,11460,,,-3,,
2128,954,1,565,11,11460,,,-3,,
2129,954,1,540,12,11460,,,-3,,
2130,955,1,457,6,11460,,,-3,,
2131,955,1,442,9,11460,,,-3,,
2132,955,1,793,9,11460,,,-3,,
2133,955,1,407,3,11460,,,-3,,
2134,955,1,498,4,11460,,,-3,,
2135,955,1,509,6,11460,,,-3,,
2136,956,1,669,2,11520,,,-3,,
2137,957,1,620,9,11520,,,-3,,
2138,958,1,521,6,11520,,,-3,,
2139,959,1,921,9,11520,,,-3,,
2140,960,1,860,4,11520,,,-3,,
2141,960,1,721,6,11520,,,-3,,
2142,960,1,432,6,11520,,,-3,,
2143,960,1,406,6,11520,,,-3,,
2144,960,1,511,6,11520,,,-3,,
2145,961,1,411,4,11520,,,-3,,
2146,961,1,857,7,11520,,,-3,,
2147,962,1,97,8,11520,,,-3,,
2148,963,1,483,2,11520,,,-3,,
2149,963,1,688,4,11520,,,-3,,
2150,964,1,870,6,11520,,,-3,,
2151,965,1,512,4,11520,,,-3,,
2152,965,1,439,6,11520,,,-3,,
2153,965,1,402,10,11520,,,-3,,
2154,965,1,502,8,11520,,,-3,,
2155,966,1,868,3,11520,,,-3,,
2156,966,1,801,4,11520,,,-3,,
2157,967,1,574,3,11520,,,-3,,
2158,968,1,459,6,11580,,,-3,,
2159,969,1,645,4,11580,,,-3,,
2160,970,1,516,8,11580,,,-3,,
2161,971,1,451,1,11580,,,-3,,
2162,972,1,858,9,11580,,,-3,,
2163,972,1,968,8,11580,,,-3,,
2164,972,1,863,6,11580,,,-3,,
2165,972,1,915,7,11580,,,-3,,
2166,973,1,440,11,11580,,,-3,,
2167,974,1,502,7,11580,,,-3,,
2168,975,1,431,8,11580,,,-3,,
2169,975,1,489,3,11580,,,-3,,
2170,976,1,721,1,11640,,,-3,,
2171,976,1,495,6,11640,,,-3,,
2172,976,1,527,4,11640,,,-3,,
2173,976,1,483,6,11640,,,-3,,
2174,976,1,690,3,11640,,,-3,,
2175,976,1,477,9,11640,,,-3,,
2176,976,1,686,9,11640,,,-3,,
2177,977,1,437,8,11640,,,-3,,
2178,977,1,473,5,11640,,,-3,,
2179,977,1,434,9,11640,,,-3,,
2180,978,1,433,3,11640,,,-3,,
2181,979,1,250,4,11700,,,-3,,
2182,979,1,668,7,11700,,,-3,,
2183,979,1,96,4,11700,,,-3,,
2184,980,1,867,4,11700,,,-3,,
2185,980,1,398,7,11700,,,-3,,
2186,981,1,492,12,11760,,,-3,,
2187,982,1,889,4,11760,,,-3,,
2188,982,1,650,6,11760,,,-3,,
2189,982,1,716,4,11760,,,-3,,
2190,982,1,459,5,11760,,,-3,,
2191,982,1,505,4,11760,,,-3,,
2192,983,1,447,3,11820,,,-3,,
2193,984,1,476,6,11820,,,-3,,
2194,985,1,863,5,11820,,,-3,,
2195,985,1,898,9,11820,,,-3,,
2196,985,1,465,7,11820,,,-3,,
2197,986,1,857,4,11820,,,-3,,
2198,987,1,277,6,11880,,,-3,,
2199,988,1,479,7,11880,,,-3,,
2200,989,1,486,10,11880,,,-3,,
2201,990,1,488,2,11880,,,-3,,
2202,991,1,888,6,11940,,,-3,,
2203,992,1,838,8,11940,,,-3,,
2204,992,1,494,2,11940,,,-3,,
2205,992,1,478,6,11940,,,-3,,
2206,993,1,532,11,11940,,,-3,,
2207,993,1,952,8,11940,,,-3,,
2208,994,1,639,7,11940,,,-3,,
2209,994,1,474,4,11940,,,-3,,
2210,995,1,839,4,12000,,,-3,,
2211,995,1,774,6,12000,,,-3,,
2212,995,1,523,6,12000,,,-3,,
2213,996,1,485,8,12000,,,-3,,
2214,996,1,638,10,12000,,,-3,,
2215,996,1,515,11,12000,,,-3,,
2216,997,1,429,8,12000,,,-3,,
2217,998,1,753,2,12000,,,-3,,
2218,999,1,663,10,12000,,,-3,,
2219,999,1,483,4,12000,,,-3,,
2220,999,1,455,4,12000,,,-3,,
2221,999,1,500,5,12000,,,-3,,
2222,1000,1,490,4,12000,,,-3,,
2223,1001,1,856,9,12000,,,-3,,
2224,1001,1,744,12,12000,,,-3,,
2225,1002,1,448,3,12000,,,-3,,
2226,1003,1,487,7,12000,,,-3,,
2227,1003,1,903,10,12000,,,-3,,
2228,1004,1,802,10,12060,,,-3,,
2229,1005,1,488,10,12060,,,-3,,
2230,1005,1,636,4,12060,,,-3,,
2231,1006,1,477,4,12060,,,-3,,
2232,1007,1,694,6,12060,,,-3,,
2233,1007,1,779,10,12060,,,-3,,
2234,1008,1,464,3,12060,,,-3,,
2235,1009,1,872,11,12060,,,-3,,
2236,1009,1,870,12,12060,,,-3,,
2237,1010,1,518,4,12120,,,-3,,
2238,1010,1,630,3,12120,,,-3,,
2239,1011,1,776,8,12120,,,-3,,
2240,1011,1,452,3,12120,,,-3,,
2241,1011,1,664,8,12120,,,-3,,
2242,1012,1,466,4,12120,,,-3,,
2243,1012,1,844,12,12120,,,-3,,
2244,1012,1,484,8,12120,,,-3,,
2245,1012,1,433,10,12120,,,-3,,
2246,1012,1,843,7,12120,,,-3,,
2247,1013,1,517,6,12120,,,-3,,
2248,1014,1,660,7,12120,,,-3,,
2249,1014,1,576,10,12120,,,-3,,
2250,1015,1,592,7,12120,,,-3,,
2251,1015,1,425,6,12120,,,-3,,
2252,1016,1,501,9,12180,,,-3,,
2253,1016,1,453,4,12180,,,-3,,
2254,1017,1,934,3,12180,,,-3,,
2255,1018,1,737,6,12240,,,-3,,
2256,1018,1,515,8,12240,,,-3,,
2257,1019,1,859,5,12240,,,-3,,
2258,1019,1,446,7,12240,,,-3,,
2259,1019,1,497,7,12240,,,-3,,
2260,1019,1,951,9,12240,,,-3,,
2261,1019,1,517,7,12240,,,-3,,
2262,1019,1,495,3,12240,,,-3,,
2263,1020,1,853,3,12240,,,-3,,
2264,1021,1,451,5,12240,,,-3,,
2265,1022,1,467,8,12240,,,-3,,
2266,1023,1,432,8,12300,,,-3,,
2267,1024,1,467,5,12300,,,-3,,
2268,1024,1,549,8,12300,,,-3,,
2269,1025,1,775,6,12300,,,-3,,
2270,1025,1,438,9,12300,,,-3,,
2271,1025,1,557,9,12300,,,-3,,
2272,1025,1,738,4,12300,,,-3,,
2273,1026,1,867,5,12300,,,-3,,
2274,1027,1,522,4,12300,,,-3,,
2275,1028,1,484,2,12300,,,-3,,
2276,1029,1,725,10,12300,,,-3,,
2277,1029,1,410,8,12300,,,-3,,
2278,1029,1,519,6,12300,,,-3,,
2279,1030,1,496,4,12300,,,-3,,
2280,1030,1,442,7,12300,,,-3,,
2281,1031,1,213,6,12360,,,-3,,
2282,1031,1,437,8,12360,,,-3,,
2283,1032,1,456,6,12360,,,-3,,
2284,1033,1,416,7,12360,,,-3,,
2285,1033,1,524,6,12360,,,-3,,
2286,1034,1,802,6,12360,,,-3,,
2287,1035,1,426,9,12360,,,-3,,
2288,1036,1,474,4,12360,,,-3,,
2289,1036,1,463,6,12360,,,-3,,
2290,1037,1,641,6,12420,,,-3,,
2291,1037,1,465,11,12420,,,-3,,
2292,1037,1,888,6,12420,,,-3,,
2293,1038,1,512,6,12420,,,-3,,
2294,1038,1,442,4,12420,,,-3,,
2295,1038,1,410,10,12420,,,-3,,
2296,1038,1,436,3,12420,,,-3,,
2297,1038,1,363,10,12420,,,-3,,
2298,1039,1,431,5,12420,,,-3,,
2299,1039,1,582,4,12420,,,-3,,
2300,1040,1,303,9,12420,,,-3,,
2301,1041,1,675,6,12480,,,-3,,
2302,1042,1,432,7,12480,,,-3,,
2303,1043,1,304,7,12480,,,-3,,
2304,1043,1,531,7,12480,,,-3,,
2305,1044,1,490,10,12480,,,-3,,
2306,1045,1,515,8,12480,,,-3,,
2307,1045,1,463,7,12480,,,-3,,
2308,1046,1,475,10,12480,,,-3,,
2309,1047,1,439,9,12480,,,-3,,
2310,1047,1,452,7,12480,,,-3,,
2311,1048,1,699,6,12480,,,-3,,
2312,1048,1,930,4,12480,,,-3,,
2313,1048,1,656,8,12480,,,-3,,
2314,1048,1,430,8,12480,,,-3,,
2315,1048,1,506,12,12480,,,-3,,
2316,1048,1,486,6,12480,,,-3,,
2317,1048,1,796,3,12480,,,-3,,
2318,1048,1,493,7,12480,,,-3,,
2319,1048,1,524,4,12480,,,-3,,
2320,1049,1,959,2,12480,,,-3,,
2321,1050,1,488,12,12480,,,-3,,
2322,1050,1,496,4,12480,,,-3,,
2323,1051,1,452,6,12540,,,-3,,
2324,1051,1,612,3,12540,,,-3,,
2325,1051,1,802,9,12540,,,-3,,
2326,1051,1,963,2,12540,,,-3,,
2327,1051,1,920,4,12540,,,-3,,
2328,1052,1,514,4,12540,,,-3,,
2329,1053,1,429,7,12540,,,-3,,
2330,1053,1,437,8,12540,,,-3,,
2331,1053,1,699,3,12540,,,-3,,
2332,1053,1,482,8,12540,,,-3,,
2333,1053,1,444,10,12540,,,-3,,
2334,1053,1,599,3,12540,,,-3,,
2335,1054,1,454,9,12540,,,-3,,
2336,1055,1,578,4,12540,,,-3,,
2337,1056,1,538,5,12600,,,-3,,
2338,1056,1,517,12,12600,,,-3,,
2339,1056,1,753,9,12600,,,-3,,
2340,1057,1,764,6,12600,,,-3,,
2341,1057,1,513,10,12600,,,-3,,
2342,1058,1,880,4,12600,,,-3,,
2343,1059,1,453,10,12600,,,-3,,
2344,1060,1,766,9,12600,,,-3,,
2345,1060,1,543,12,12600,,,-3,,
2346,1060,1,437,3,12600,,,-3,,
2347,1061,1,614,12,12600,,,-3,,
2348,1061,1,773,6,12600,,,-3,,
2349,1062,1,688,5,12660,,,-3,,
2350,1062,1,463,4,12660,,,-3,,
2351,1063,1,664,8,12660,,,-3,,
2352,1064,1,514,6,12660,,,-3,,
2353,1064,1,640,1,12660,,,-3,,
2354,1064,1,517,9,12660,,,-3,,
2355,1065,1,423,9,12660,,,-3,,
2356,1066,1,665,1,12660,,,-3,,
2357,1066,1,480,5,12660,,,-3,,
2358,1067,1,438,10,12660,,,-3,,
2359,1068,1,411,10,12660,,,-3,,
2360,1069,1,635,5,12660,,,-3,,
2361,1070,1,882,8,12720,,,-3,,
2362,1071,1,706,1,12720,,,-3,,
2363,1072,1,476,8,12720,,,-3,,
2364,1073,1,483,5,12720,,,-3,,
2365,1074,1,418,4,12720,,,-3,,
2366,1074,1,515,4,12720,,,-3,,
2367,1074,1,511,4,12720,,,-3,,
2368,1075,1,495,10,12720,,,-3,,
2369,1075,1,442,7,12720,,,-3,,
2370,1076,1,417,8,12720,,,-3,,
2371,1076,1,515,2,12720,,,-3,,
2372,1076,1,686,4,12720,,,-3,,
2373,1076,1,433,7,12720,,,-3,,
2374,1077,1,973,1,12780,,,-3,,
2375,1078,1,848,2,12780,,,-3,,
2376,1079,1,413,10,12780,,,-3,,
2377,1080,1,559,4,12780,,,-3,,
2378,1080,1,785,4,12780,,,-3,,
2379,1080,1,537,8,12780,,,-3,,
2380,1081,1,766,6,12840,,,-3,,
2381,1082,1,500,8,12840,,,-3,,
2382,1082,1,470,12,12840,,,-3,,
2383,1082,1,927,6,12840,,,-3,,
2384,1083,1,487,4,12840,,,-3,,
2385,1083,1,689,5,12840,,,-3,,
2386,1084,1,407,7,12840,,,-3,,
2387,1085,1,739,7,12840,,,-3,,
2388,1086,1,404,5,12840,,,-3,,
2389,1086,1,17,4,12840,,,-3,,
2390,1086,1,467,5,12840,,,-3,,
2391,1086,1,479,4,12840,,,-3,,
2392,1087,1,715,2,12900,,,-3,,
2393,1087,1,149,8,12900,,,-3,,
2394,1087,1,467,7,12900,,,-3,,
2395,1087,1,466,8,12900,,,-3,,
2396,1088,1,510,3,12900,,,-3,,
2397,1088,1,484,3,12900,,,-3,,
2398,1089,1,629,10,12900,,,-3,,
2399,1090,1,658,8,12900,,,-3,,
2400,1090,1,506,2,12900,,,-3,,
2401,1090,1,147,9,12900,,,-3,,
2402,1090,1,463,5,12900,,,-3,,
2403,1091,1,404,3,12900,,,-3,,
2404,1092,1,505,5,12900,,,-3,,
2405,1093,1,48,4,12900,,,-3,,
2406,1094,1,845,5,12960,,,-3,,
2407,1094,1,463,4,12960,,,-3,,
2408,1094,1,477,6,12960,,,-3,,
2409,1095,1,829,4,12960,,,-3,,
2410,1096,1,495,10,12960,,,-3,,
2411,1096,1,442,10,12960,,,-3,,
2412,1097,1,554,4,12960,,,-3,,
2413,1098,1,470,2,12960,,,-3,,
2414,1098,1,454,2,12960,,,-3,,
2415,1098,1,674,6,12960,,,-3,,
2416,1098,1,456,6,12960,,,-3,,
2417,1099,1,484,9,12960,,,-3,,
2418,1100,1,404,5,12960,,,-3,,
2419,1100,1,620,11,12960,,,-3,,
2420,1101,1,485,1,12960,,,-3,,
2421,1102,1,408,12,13020,,,-3,,
2422,1103,1,728,6,13020,,,-3,,
2423,1104,1,715,10,13020,,,-3,,
2424,1105,1,807,2,13020,,,-3,,
2425,1105,1,504,4,13020,,,-3,,
2426,1106,1,432,3,13080,,,-3,,
2427,1107,1,903,5,13080,,,-3,,
2428,1108,1,432,12,13080,,,-3,,
2429,1109,1,757,5,13080,,,-3,,
2430,1109,1,673,7,13080,,,-3,,
2431,1110,1,446,6,13080,,,-3,,
2432,1111,1,920,9,13080,,,-3,,
2433,1111,1,490,5,13080,,,-3,,
2434,1111,1,496,8,13080,,,-3,,
2435,1111,1,880,1,13080,,,-3,,
2436,1111,1,681,4,13080,,,-3,,
2437,1111,1,493,5,13080,,,-3,,
2438,1112,1,460,10,13140,,,-3,,
2439,1112,1,474,1,13140,,,-3,,
2440,1113,1,689,4,13140,,,-3,,
2441,1113,1,523,10,13140,,,-3,,
2442,1114,1,437,9,13140,,,-3,,
2443,1114,1,520,9,13140,,,-3,,
2444,1115,1,814,8,13140,,,-3,,
2445,1115,1,440,4,13140,,,-3,,
2446,1116,1,703,2,13140,,,-3,,
2447,1116,1,447,9,13140,,,-3,,
2448,1117,1,958,8,13200,,,-3,,
2449,1118,1,462,6,13200,,,-3,,
2450,1118,1,517,5,13200,,,-3,,
2451,1119,1,777,3,13200,,,-3,,
2452,1119,1,430,5,13200,,,-3,,
2453,1120,1,738,9,13200,,,-3,,
2454,1121,1,612,6,13200,,,-3,,
2455,1121,1,584,9,13200,,,-3,,
2456,1122,1,442,3,13200,,,-3,,
2457,1123,1,804,8,13200,,,-3,,
2458,1123,1,521,3,13200,,,-3,,
2459,1124,1,4,6,13200,,,-3,,
2460,1125,1,483,9,13200,,,-3,,
2461,1125,1,400,5,13200,,,-3,,
2462,1125,1,766,6,13200,,,-3,,
2463,1126,1,771,10,13260,,,-3,,
2464,1127,1,477,8,13260,,,-3,,
2465,1128,1,448,8,13260,,,-3,,
2466,1128,1,65,10,13260,,,-3,,
2467,1128,1,627,9,13260,,,-3,,
2468,1128,1,442,5,13260,,,-3,,
2469,1129,1,643,7,13260,,,-3,,
2470,1130,1,522,10,13260,,,-3,,
2471,1130,1,513,8,13260,,,-3,,
2472,1131,1,467,7,13260,,,-3,,
2473,1131,1,457,8,13260,,,-3,,
2474,1131,1,616,2,13260,,,-3,,
2475,1131,1,463,1,13260,,,-3,,
2476,1132,1,476,11,13260,,,-3,,
2477,1132,1,597,2,13260,,,-3,,
2478,1133,1,461,8,13320,,,-3,,
2479,1134,1,438,6,13320,,,-3,,
2480,1134,1,427,4,13320,,,-3,,
2481,1134,1,872,3,13320,,,-3,,
2482,1134,1,535,4,13320,,,-3,,
2483,1134,1,400,4,13320,,,-3,,
2484,1134,1,454,5,13320,,,-3,,
2485,1134,1,861,4,13320,,,-3,,
2486,1134,1,442,10,13320,,,-3,,
2487,1135,1,461,4,13380,,,-3,,
2488,1135,1,793,9,13380,,,-3,,
2489,1136,1,675,2,13380,,,-3,,
2490,1137,1,473,2,13380,,,-3,,
2491,1138,1,646,10,13380,,,-3,,
2492,1139,1,348,5,13380,,,-3,,
2493,1139,1,499,8,13380,,,-3,,
2494,1139,1,823,10,13380,,,-3,,
2495,1139,1,563,4,13380,,,-3,,
2496,1140,1,500,12,13380,,,-3,,
2497,1141,1,465,8,13440,,,-3,,
2498,1141,1,429,2,13440,,,-3,,
2499,1141,1,842,6,13440,,,-3,,
2500,1141,1,938,6,13440,,,-3,,
2501,1142,1,444,6,13440,,,-3,,
2502,1143,1,793,10,13440,,,-3,,
2503,1144,1,947,4,13440,,,-3,,
2504,1144,1,420,8,13440,,,-3,,
2505,1145,1,962,7,13440,,,-3,,
2506,1145,1,759,8,13440,,,-3,,
2507,1145,1,450,2,13440,,,-3,,
2508,1146,1,514,6,13440,,,-3,,
2509,1146,1,351,6,13440,,,-3,,
2510,1147,1,738,5,13440,,,-3,,
2511,1147,1,633,11,13440,,,-3,,
2512,1148,1,475,6,13440,,,-3,,
2513,1148,1,951,4,13440,,,-3,,
2514,1149,1,918,9,13500,,,-3,,
2515,1149,1,436,5,13500,,,-3,,
2516,1149,1,580,3,13500,,,-3,,
2517,1149,1,451,12,13500,,,-3,,
2518,1149,1,477,2,13500,,,-3,,
2519,1149,1,433,6,13500,,,-3,,
2520,1149,1,497,6,13500,,,-3,,
2521,1149,1,442,6,13500,,,-3,,
2522,1150,1,471,11,13500,,,-3,,
2523,1151,1,485,6,13500,,,-3,,
2524,1151,1,598,6,13500,,,-3,,
2525,1152,1,467,2,13500,,,-3,,
2526,1153,1,961,8,13500,,,-3,,
2527,1154,1,423,4,13500,,,-3,,
2528,1155,1,103,1,13500,,,-3,,
2529,1156,1,446,10,13500,,,-3,,
2530,1157,1,789,6,13560,,,-3,,
2531,1157,1,605,8,13560,,,-3,,
2532,1157,1,427,11,13560,,,-3,,
2533,1157,1,432,12,13560,,,-3,,
2534,1157,1,493,4,13560,,,-3,,
2535,1158,1,555,9,13560,,,-3,,
2536,1159,1,443,3,13560,,,-3,,
2537,1159,1,339,4,13560,,,-3,,
2538,1160,1,409,4,13620,,,-3,,
2539,1160,1,96,8,13620,,,-3,,
2540,1161,1,486,4,13620,,,-3,,
2541,1161,1,459,10,13620,,,-3,,
2542,1161,1,500,12,13620,,,-3,,
2543,1162,1,463,6,13620,,,-3,,
2544,1162,1,444,7,13620,,,-3,,
2545,1162,1,146,7,13620,,,-3,,
2546,1162,1,451,6,13620,,,-3,,
2547,1163,1,720,6,13620,,,-3,,
2548,1164,1,470,7,13680,,,-3,,
2549,1164,1,511,6,13680,,,-3,,
2550,1164,1,429,7,13680,,,-3,,
2551,1165,1,441,10,13680,,,-3,,
2552,1166,1,739,8,13680,,,-3,,
2553,1166,1,408,4,13680,,,-3,,
2554,1167,1,445,7,13740,,,-3,,
2555,1168,1,945,3,13740,,,-3,,
2556,1168,1,893,2,13740,,,-3,,
2557,1169,1,804,6,13740,,,-3,,
2558,1169,1,430,11,13740,,,-3,,
2559,1170,1,929,6,13800,,,-3,,
2560,1170,1,503,5,13800,,,-3,,
2561,1171,1,712,7,13800,,,-3,,
2562,1171,1,515,2,13800,,,-3,,
2563,1171,1,521,8,13800,,,-3,,
2564,1172,1,498,6,13800,,,-3,,
2565,1172,1,411,10,13800,,,-3,,
2566,1172,1,772,6,13800,,,-3,,
2567,1173,1,703,7,13800,,,-3,,
2568,1174,1,488,1,13800,,,-3,,
2569,1174,1,485,8,13800,,,-3,,
2570,1174,1,945,4,13800,,,-3,,
2571,1174,1,292,9,13800,,,-3,,
2572,1174,1,477,5,13800,,,-3,,
2573,1174,1,481,12,13800,,,-3,,
2574,1174,1,780,8,13800,,,-3,,
2575,1174,1,423,4,13800,,,-3,,
2576,1175,1,489,7,13860,,,-3,,
2577,1176,1,368,8,13860,,,-3,,
2578,1177,1,432,12,13860,,,-3,,
2579,1177,1,826,6,13860,,,-3,,
2580,1177,1,435,2,13860,,,-3,,
2581,1178,1,464,6,13860,,,-3,,
2582,1179,1,447,8,13860,,,-3,,
2583,1180,1,520,1,13860,,,-3,,
2584,1180,1,683,9,13860,,,-3,,
2585,1181,1,400,8,13920,,,-3,,
2586,1181,1,949,5,13920,,,-3,,
2587,1181,1,408,5,13920,,,-3,,
2588,1181,1,648,10,13920,,,-3,,
2589,1182,1,408,3,13920,,,-3,,
2590,1183,1,484,5,13920,,,-3,,
2591,1184,1,830,6,13920,,,-3,,
2592,1185,1,635,7,13920,,,-3,,
2593,1186,1,858,5,13920,,,-3,,
2594,1186,1,411,6,13920,,,-3,,
2595,1187,1,466,8,13920,,,-3,,
2596,1187,1,442,10,13920,,,-3,,
2597,1188,1,418,10,13920,,,-3,,
2598,1188,1,314,7,13920,,,-3,,
2599,1189,1,402,5,13920,,,-3,,
2600,1190,1,407,6,13980,,,-3,,
2601,1191,1,713,2,13980,,,-3,,
2602,1191,1,947,10,13980,,,-3,,
2603,1192,1,442,7,13980,,,-3,,
2604,1193,1,490,10,14040,,,-3,,
2605,1194,1,494,11,14040,,,-3,,
2606,1195,1,666,10,14040,,,-3,,
2607,1195,1,599,8,14040,,,-3,,
2608,1196,1,468,6,14100,,,-3,,
2609,1197,1,480,4,14100,,,-3,,
2610,1197,1,514,9,14100,,,-3,,
2611,1198,1,462,7,14100,,,-3,,
2612,1199,1,944,6,14100,,,-3,,
2613,1200,1,506,7,14100,,,-3,,
2614,1200,1,476,1,14100,,,-3,,
2615,1201,1,476,6,14160,,,-3,,
2616,1202,1,443,10,14160,,,-3,,
2617,1203,1,497,5,14160,,,-3,,
2618,1204,1,497,12,14160,,,-3,,
2619,1205,1,492,4,14160,,,-3,,
2620,1206,1,486,3,14160,,,-3,,
2621,1206,1,929,2,14160,,,-3,,
2622,1206,1,510,12,14160,,,-3,,
2623,1206,1,476,4,14160,,,-3,,
2624,1207,1,426,11,14220,,,-3,,
2625,1207,1,457,10,14220,,,-3,,
2626,1208,1,783,2,14220,,,-3,,
2627,1208,1,729,3,14220,,,-3,,
2628,1209,1,488,1,14220,,,-3,,
2629,1209,1,499,7,14220,,,-3,,
2630,1210,1,734,9,14220,,,-3,,
2631,1210,1,453,9,14220,,,-3,,
2632,1210,1,551,6,14220,,,-3,,
2633,1211,1,845,8,14220,,,-3,,
2634,1212,1,860,2,14220,,,-3,,
2635,1212,1,472,5,14220,,,-3,,
2636,1213,1,509,7,14220,,,-3,,
2637,1214,1,963,8,14280,,,-3,,
2638,1214,1,417,7,14280,,,-3,,
2639,1215,1,848,9,14280,,,-3,,
2640,1215,1,443,3,14280,,,-3,,
2641,1216,1,300,6,14280,,,-3,,
2642,1216,1,430,12,14280,,,-3,,
2643,1216,1,482,2,14280,,,-3,,
2644,1217,1,445,9,14280,,,-3,,
2645,1218,1,520,3,14280,,,-3,,
2646,1218,1,459,2,14280,,,-3,,
2647,1218,1,440,5,14280,,,-3,,
2648,1218,1,737,8,14280,,,-3,,
2649,1218,1,481,2,14280,,,-3,,
2650,1218,1,461,4,14280,,,-3,,
2651,1219,1,888,4,14340,,,-3,,
2652,1219,1,623,9,14340,,,-3,,
2653,1220,1,464,4,14340,,,-3,,
2654,1220,1,793,12,14340,,,-3,,
2655,1221,1,409,9,14340,,,-3,,
2656,1221,1,112,9,14340,,,-3,,
2657,1222,1,410,5,14340,,,-3,,
2658,1223,1,523,8,14340,,,-3,,
2659,1223,1,785,4,14340,,,-3,,
2660,1224,1,517,7,14400,,,-3,,
2661,1225,1,449,2,14400,,,-3,,
2662,1226,1,777,11,14400,,,-3,,
2663,1226,1,464,11,14400,,,-3,,
2664,1226,1,854,1,14400,,,-3,,
2665,1227,1,519,9,14460,,,-3,,
2666,1228,1,702,4,14460,,,-3,,
2667,1229,1,850,9,14460,,,-3,,
2668,1230,1,503,2,14460,,,-3,,
2669,1230,1,447,8,14460,,,-3,,
2670,1230,1,464,4,14460,,,-3,,
2671,1231,1,912,2,14520,,,-3,,
2672,1231,1,852,8,14520,,,-3,,
2673,1232,1,869,9,14520,,,-3,,
2674,1233,1,960,4,14520,,,-3,,
2675,1233,1,524,10,14520,,,-3,,
2676,1234,1,938,4,14520,,,-3,,
2677,1235,1,462,5,14580,,,-3,,
2678,1236,1,558,2,14580,,,-3,,
2679,1236,1,488,6,14580,,,-3,,
2680,1237,1,939,6,14580,,,-3,,
2681,1237,1,773,4,14580,,,-3,,
2682,1237,1,451,5,14580,,,-3,,
2683,1238,1,514,1,14580,,,-3,,
2684,1238,1,496,5,14580,,,-3,,
2685,1238,1,459,1,14580,,,-3,,
2686,1238,1,746,8,14580,,,-3,,
2687,1239,1,630,6,14640,,,-3,,
2688,1239,1,497,9,14640,,,-3,,
2689,1239,1,494,2,14640,,,-3,,
2690,1240,1,825,10,14640,,,-3,,
2691,1240,1,513,7,14640,,,-3,,
2692,1240,1,488,6,14640,,,-3,,
2693,1241,1,592,4,14640,,,-3,,
2694,1242,1,949,12,14640,,,-3,,
2695,1243,1,469,4,14640,,,-3,,
2696,1243,1,522,4,14640,,,-3,,
2697,1244,1,508,10,14700,,,-3,,
2698,1245,1,465,4,14700,,,-3,,
2699,1246,1,232,10,14700,,,-3,,
2700,1247,1,444,8,14760,,,-3,,
2701,1248,1,440,2,14760,,,-3,,
2702,1249,1,478,2,14760,,,-3,,
2703,1249,1,629,4,14760,,,-3,,
2704,1250,1,678,5,14760,,,-3,,
2705,1251,1,467,6,14760,,,-3,,
2706,1252,1,666,3,14820,,,-3,,
2707,1253,1,792,2,14880,,,-3,,
2708,1253,1,555,6,14880,,,-3,,
2709,1253,1,402,6,14880,,,-3,,
2710,1253,1,788,8,14880,,,-3,,
2711,1253,1,264,4,14880,,,-3,,
2712,1254,1,471,6,14880,,,-3,,
2713,1254,1,446,12,14880,,,-3,,
2714,1255,1,904,8,14880,,,-3,,
2715,1255,1,476,4,14880,,,-3,,
2716,1255,1,314,4,14880,,,-3,,
2717,1256,1,487,5,14880,,,-3,,
2718,1257,1,405,2,14880,,,-3,,
2719,1257,1,502,8,14880,,,-3,,
2720,1257,1,515,4,14880,,,-3,,
2721,1257,1,264,6,14880,,,-3,,
2722,1258,1,80,10,14880,,,-3,,
2723,1259,1,660,5,14880,,,-3,,
2724,1260,1,651,9,14940,,,-3,,
2725,1261,1,487,10,14940,,,-3,,
2726,1262,1,861,4,14940,,,-3,,
2727,1262,1,436,8,14940,,,-3,,
2728,1262,1,431,8,14940,,,-3,,
2729,1263,1,974,5,14940,,,-3,,
2730,1264,1,432,8,14940,,,-3,,
2731,1265,1,685,9,15000,,,-3,,
2732,1266,1,435,6,15000,,,-3,,
2733,1267,1,534,12,15000,,,-3,,
2734,1268,1,484,8,15000,,,-3,,
2735,1268,1,517,9,15000,,,-3,,
2736,1269,1,110,4,15060,,,-3,,
2737,1270,1,411,10,15060,,,-3,,
2738,1271,1,690,10,15060,,,-3,,
2739,1271,1,434,12,15060,,,-3,,
2740,1271,1,490,2,15060,,,-3,,
2741,1271,1,462,6,15060,,,-3,,
2742,1271,1,745,3,15060,,,-3,,
2743,1271,1,290,3,15060,,,-3,,
2744,1271,1,427,10,15060,,,-3,,
2745,1271,1,473,8,15060,,,-3,,
2746,1271,1,512,1,15060,,,-3,,
2747,1271,1,877,6,15060,,,-3,,
2748,1272,1,801,8,15060,,,-3,,
2749,1273,1,588,1,15120,,,-3,,
2750,1274,1,409,7,15180,,,-3,,
2751,1275,1,681,11,15180,,,-3,,
2752,1275,1,456,6,15180,,,-3,,
2753,1275,1,454,10,15180,,,-3,,
2754,1275,1,461,9,15180,,,-3,,
2755,1276,1,410,8,15180,,,-3,,
2756,1277,1,646,2,15180,,,-3,,
2757,1277,1,505,7,15180,,,-3,,
2758,1277,1,427,10,15180,,,-3,,
2759,1278,1,742,7,15240,,,-3,,
2760,1279,1,449,6,15240,,,-3,,
2761,1279,1,733,8,15240,,,-3,,
2762,1279,1,508,8,15240,,,-3,,
2763,1280,1,430,9,15300,,,-3,,
2764,1281,1,436,10,15300,,,-3,,
2765,1282,1,692,8,15300,,,-3,,
2766,1282,1,430,2,15300,,,-3,,
2767,1283,1,467,12,15300,,,-3,,
2768,1284,1,415,8,15300,,,-3,,
2769,1285,1,686,7,15300,,,-3,,
2770,1286,1,475,6,15300,,,-3,,
2771,1286,1,676,8,15300,,,-3,,
2772,1287,1,653,4,15300,,,-3,,
2773,1288,1,923,4,15300,,,-3,,
2774,1289,1,904,4,15360,,,-3,,
2775,1289,1,485,8,15360,,,-3,,
2776,1290,1,550,5,15360,,,-3,,
2777,1291,1,510,2,15360,,,-3,,
2778,1292,1,507,7,15360,,,-3,,
2779,1293,1,469,8,15360,,,-3,,
2780,1293,1,429,2,15360,,,-3,,
2781,1293,1,408,10,15360,,,-3,,
2782,1293,1,471,7,15360,,,-3,,
2783,1293,1,861,7,15360,,,-3,,
2784,1293,1,466,3,15360,,,-3,,
2785,1294,1,446,8,15420,,,-3,,
2786,1295,1,538,12,15420,,,-3,,
2787,1295,1,524,4,15420,,,-3,,
2788,1296,1,460,10,15420,,,-3,,
2789,1297,1,422,6,15420,,,-3,,
2790,1298,1,182,4,15420,,,-3,,
2791,1299,1,575,3,15420,,,-3,,
2792,1300,1,447,7,15420,,,-3,,
2793,1301,1,455,8,15420,,,-3,,
2794,1302,1,914,2,15420,,,-3,,
2795,1302,1,922,8,15420,,,-3,,
2796,1302,1,512,8,15420,,,-3,,
2797,1303,1,468,5,15420,,,-3,,
2798,1304,1,747,3,15480,,,-3,,
2799,1305,1,487,7,15540,,,-3,,
2800,1305,1,316,4,15540,,,-3,,
2801,1305,1,416,7,15540,,,-3,,
2802,1306,1,743,3,15540,,,-3,,
2803,1306,1,839,8,15540,,,-3,,
2804,1307,1,488,9,15540,,,-3,,
2805,1308,1,471,6,15600,,,-3,,
2806,1308,1,113,6,15600,,,-3,,
2807,1308,1,102,6,15600,,,-3,,
2808,1308,1,791,8,15600,,,-3,,
2809,1308,1,677,4,15600,,,-3,,
2810,1309,1,629,4,15600,,,-3,,
2811,1310,1,468,7,15600,,,-3,,
2812,1311,1,401,4,15660,,,-3,,
2813,1311,1,475,10,15660,,,-3,,
2814,1312,1,913,2,15660,,,-3,,
2815,1313,1,204,8,15660,,,-3,,
2816,1314,1,552,9,15660,,,-3,,
2817,1315,1,513,7,15660,,,-3,,
2818,1315,1,824,6,15660,,,-3,,
2819,1315,1,474,12,15660,,,-3,,
2820,1315,1,450,11,15660,,,-3,,
2821,1315,1,869,10,15660,,,-3,,
2822,1316,1,772,12,15660,,,-3,,
2823,1317,1,406,9,15660,,,-3,,
2824,1318,1,478,9,15660,,,-3,,
2825,1319,1,480,10,15660,,,-3,,
2826,1320,1,941,9,15720,,,-3,,
2827,1320,1,616,3,15720,,,-3,,
2828,1321,1,502,8,15720,,,-3,,
2829,1321,1,664,10,15720,,,-3,,
2830,1321,1,904,6,15720,,,-3,,
2831,1322,1,483,6,15720,,,-3,,
2832,1322,1,469,6,15720,,,-3,,
2833,1322,1,419,9,15720,,,-3,,
2834,1323,1,817,10,15720,,,-3,,
2835,1323,1,873,10,15720,,,-3,,
2836,1324,1,520,10,15720,,,-3,,
2837,1325,1,887,2,15780,,,-3,,
2838,1326,1,516,10,15780,,,-3,,
2839,1327,1,455,7,15780,,,-3,,
2840,1327,1,791,5,15780,,,-3,,
2841,1328,1,650,9,15780,,,-3,,
2842,1329,1,440,10,15780,,,-3,,
2843,1329,1,526,5,15780,,,-3,,
2844,1329,1,18,5,15780,,,-3,,
2845,1329,1,514,7,15780,,,-3,,
2846,1329,1,658,7,15780,,,-3,,
2847,1330,1,456,3,15840,,,-3,,
2848,1331,1,524,6,15840,,,-3,,
2849,1332,1,468,8,15840,,,-3,,
2850,1333,1,447,1,15840,,,-3,,
2851,1333,1,959,6,15840,,,-3,,
2852,1333,1,505,12,15840,,,-3,,
2853,1333,1,448,2,15840,,,-3,,
2854,1334,1,424,2,15840,,,-3,,
2855,1335,1,443,8,15840,,,-3,,
2856,1336,1,447,12,15840,,,-3,,
2857,1337,1,445,3,15840,,,-3,,
2858,1338,1,428,10,15900,,,-3,,
2859,1338,1,836,8,15900,,,-3,,
2860,1338,1,493,9,15900,,,-3,,
2861,1339,1,712,8,15900,,,-3,,
2862,1340,1,435,6,15900,,,-3,,
2863,1341,1,509,10,15900,,,-3,,
2864,1341,1,843,6,15900,,,-3,,
2865,1341,1,451,4,15900,,,-3,,
2866,1341,1,598,8,15900,,,-3,,
2867,1342,1,401,6,15900,,,-3,,
2868,1343,1,863,3,15900,,,-3,,
2869,1343,1,683,6,15900,,,-3,,
2870,1343,1,524,2,15900,,,-3,,
2871,1344,1,561,8,15900,,,-3,,
2872,1344,1,411,5,15900,,,-3,,
2873,1345,1,468,7,15960,,,-3,,
2874,1345,1,480,6,15960,,,-3,,
2875,1346,1,829,6,15960,,,-3,,
2876,1346,1,513,10,15960,,,-3,,
2877,1347,1,822,11,15960,,,-3,,
2878,1348,1,503,10,15960,,,-3,,
2879,1348,1,873,5,15960,,,-3,,
2880,1349,1,439,5,15960,,,-3,,
2881,1349,1,730,6,15960,,,-3,,
2882,1350,1,426,7,15960,,,-3,,
2883,1351,1,750,6,16020,,,-3,,
2884,1352,1,444,9,16020,,,-3,,
2885,1352,1,440,6,16020,,,-3,,
2886,1352,1,542,10,16020,,,-3,,
2887,1352,1,855,4,16020,,,-3,,
2888,1353,1,939,8,16020,,,-3,,
2889,1353,1,938,7,16020,,,-3,,
2890,1353,1,468,4,16020,,,-3,,
2891,1353,1,39,2,16020,,,-3,,
2892,1353,1,496,8,16020,,,-3,,
2893,1353,1,177,12,16020,,,-3,,
2894,1353,1,556,7,16020,,,-3,,
2895,1353,1,451,4,16020,,,-3,,
2896,1354,1,470,12,16020,,,-3,,
2897,1354,1,599,8,16020,,,-3,,
2898,1355,1,475,9,16020,,,-3,,
2899,1356,1,430,8,16020,,,-3,,
2900,1356,1,463,9,16020,,,-3,,
2901,1357,1,468,8,16080,,,-3,,
2902,1357,1,480,9,16080,,,-3,,
2903,1357,1,467,8,16080,,,-3,,
2904,1358,1,963,6,16080,,,-3,,
2905,1359,1,412,4,16080,,,-3,,
2906,1360,1,411,2,16080,,,-3,,
2907,1361,1,816,6,16080,,,-3,,
2908,1362,1,444,6,16140,,,-3,,
2909,1362,1,685,8,16140,,,-3,,
2910,1363,1,465,3,16140,,,-3,,
2911,1364,1,432,8,16140,,,-3,,
2912,1365,1,454,4,16140,,,-3,,
2913,1366,1,555,6,16200,,,-3,,
2914,1366,1,761,2,16200,,,-3,,
2915,1366,1,580,8,16200,,,-3,,
2916,1366,1,495,3,16200,,,-3,,
2917,1366,1,596,8,16200,,,-3,,
2918,1366,1,503,8,16200,,,-3,,
2919,1366,1,499,4,16200,,,-3,,
2920,1366,1,218,10,16200,,,-3,,
2921,1367,1,496,2,16200,,,-3,,
2922,1368,1,482,2,16200,,,-3,,
2923,1369,1,39,6,16200,,,-3,,
2924,1369,1,939,7,16200,,,-3,,
2925,1370,1,403,12,16260,,,-3,,
2926,1371,1,468,4,16260,,,-3,,
2927,1371,1,659,5,16260,,,-3,,
2928,1371,1,341,9,16260,,,-3,,
2929,1372,1,843,6,16260,,,-3,,
2930,1372,1,470,4,16260,,,-3,,
2931,1372,1,623,9,16260,,,-3,,
2932,1372,1,0,10,16260,,,-3,,
2933,1372,1,465,6,16260,,,-3,,
2934,1372,1,538,8,16260,,,-3,,
2935,1372,1,509,10,16260,,,-3,,
2936,1372,1,798,6,16260,,,-3,,
2937,1372,1,402,8,16260,,,-3,,
2938,1372,1,480,9,16260,,,-3,,
2939,1372,1,433,3,16260,,,-3,,
2940,1372,1,403,8,16260,,,-3,,
2941,1373,1,519,11,16260,,,-3,,
2942,1373,1,454,10,16260,,,-3,,
2943,1373,1,501,8,16260,,,-3,,
2944,1373,1,816,8,16260,,,-3,,
2945,1374,1,422,6,16260,,,-3,,
2946,1374,1,400,7,16260,,,-3,,
2947,1375,1,417,6,16260,,,-3,,
2948,1375,1,512,4,16260,,,-3,,
2949,1375,1,562,3,16260,,,-3,,
2950,1375,1,914,10,16260,,,-3,,
2951,1376,1,149,6,16260,,,-3,,
2952,1376,1,495,4,16260,,,-3,,
2953,1377,1,508,10,16260,,,-3,,
2954,1377,1,459,11,16260,,,-3,,
2955,1378,1,411,4,16320,,,-3,,
2956,1379,1,245,10,16320,,,-3,,
2957,1379,1,900,12,16320,,,-3,,
2958,1380,1,469,1,16320,,,-3,,
2959,1380,1,433,6,16320,,,-3,,
2960,1381,1,763,2,16320,,,-3,,
2961,1381,1,452,4,16320,,,-3,,
2962,1382,1,422,4,16320,,,-3,,
2963,1382,1,505,2,16320,,,-3,,
2964,1383,1,959,5,16320,,,-3,,
2965,1384,1,479,4,16320,,,-3,,
2966,1385,1,480,10,16320,,,-3,,
2967,1386,1,423,8,16380,,,-3,,
2968,1387,1,480,2,16380,,,-3,,
2969,1387,1,407,12,16380,,,-3,,
2970,1388,1,912,6,16380,,,-3,,
2971,1388,1,487,10,16380,,,-3,,
2972,1389,1,509,10,16380,,,-3,,
2973,1390,1,497,2,16380,,,-3,,
2974,1390,1,447,6,16380,,,-3,,
2975,1390,1,412,8,16380,,,-3,,
2976,1391,1,503,6,16380,,,-3,,
2977,1391,1,517,5,16380,,,-3,,
2978,1392,1,422,8,16380,,,-3,,
2979,1393,1,439,8,16380,,,-3,,
2980,1393,1,512,6,16380,,,-3,,
2981,1393,1,474,6,16380,,,-3,,
2982,1394,1,461,2,16380,,,-3,,
2983,1395,1,535,8,16380,,,-3,,
2984,1395,1,423,11,16380,,,-3,,
2985,1396,1,419,6,16440,,,-3,,
2986,1397,1,535,10,16440,,,-3,,
2987,1397,1,430,10,16440,,,-3,,
2988,1398,1,855,7,16440,,,-3,,
2989,1399,1,460,4,16440,,,-3,,
2990,1400,1,797,12,16500,,,-3,,
2991,1401,1,838,6,16500,,,-3,,
2992,1402,1,457,5,16500,,,-3,,
2993,1402,1,868,7,16500,,,-3,,
2994,1402,1,244,6,16500,,,-3,,
2995,1403,1,871,4,16500,,,-3,,
2996,1404,1,427,10,16500,,,-3,,
2997,1405,1,889,5,16500,,,-3,,
2998,1406,1,509,10,16500,,,-3,,
2999,1406,1,438,8,16500,,,-3,,
3000,1407,1,507,6,16500,,,-3,,
3001,1408,1,860,4,16500,,,-3,,
3002,1408,1,425,10,16500,,,-3,,
3003,1409,1,458,8,16500,,,-3,,
3004,1409,1,479,6,16500,,,-3,,
3005,1410,1,856,4,16500,,,-3,,
3006,1410,1,504,10,16500,,,-3,,
3007,1411,1,862,1,16560,,,-3,,
3008,1412,1,454,4,16620,,,-3,,
3009,1413,1,795,6,16620,,,-3,,
3010,1413,1,400,6,16620,,,-3,,
3011,1413,1,530,8,16620,,,-3,,
3012,1414,1,516,7,16620,,,-3,,
3013,1415,1,446,9,16620,,,-3,,
3014,1416,1,900,6,16620,,,-3,,
3015,1417,1,409,6,16620,,,-3,,
3016,1417,1,448,9,16620,,,-3,,
3017,1417,1,327,1,16620,,,-3,,
3018,1417,1,456,12,16620,,,-3,,
3019,1418,1,528,5,16620,,,-3,,
3020,1419,1,674,6,16680,,,-3,,
3021,1420,1,473,5,16680,,,-3,,
3022,1421,1,800,11,16680,,,-3,,
3023,1421,1,417,2,16680,,,-3,,
3024,1422,1,561,5,16680,,,-3,,
3025,1423,1,432,10,16680,,,-3,,
3026,1424,1,452,9,16740,,,-3,,
3027,1424,1,616,12,16740,,,-3,,
3028,1425,1,797,8,16740,,,-3,,
3029,1426,1,484,8,16740,,,-3,,
3030,1426,1,676,4,16740,,,-3,,
3031,1426,1,403,7,16740,,,-3,,
3032,1427,1,455,6,16740,,,-3,,
3033,1427,1,511,12,16740,,,-3,,
3034,1427,1,448,12,16740,,,-3,,
3035,1427,1,806,8,16740,,,-3,,
3036,1427,1,483,2,16740,,,-3,,
3037,1427,1,454,4,16740,,,-3,,
3038,1428,1,557,8,16740,,,-3,,
3039,1429,1,513,9,16740,,,-3,,
3040,1429,1,510,6,16740,,,-3,,
3041,1430,1,422,11,16740,,,-3,,
3042,1431,1,509,4,16740,,,-3,,
3043,1432,1,514,6,16800,,,-3,,
3044,1433,1,563,10,16800,,,-3,,
3045,1434,1,495,3,16800,,,-3,,
3046,1434,1,576,4,16800,,,-3,,
3047,1434,1,459,4,16800,,,-3,,
3048,1434,1,505,10,16800,,,-3,,
3049,1435,1,492,6,16800,,,-3,,
3050,1436,1,811,8,16800,,,-3,,
3051,1436,1,863,11,16800,,,-3,,
3052,1436,1,440,5,16800,,,-3,,
3053,1436,1,519,8,16800,,,-3,,
3054,1436,1,460,6,16800,,,-3,,
3055,1436,1,490,9,16800,,,-3,,
3056,1436,1,457,6,16800,,,-3,,
3057,1437,1,620,2,16800,,,-3,,
3058,1438,1,713,4,16800,,,-3,,
3059,1438,1,501,6,16800,,,-3,,
3060,1439,1,422,5,16800,,,-3,,
3061,1440,1,559,5,16800,,,-3,,
3062,1440,1,496,3,16800,,,-3,,
3063,1440,1,589,6,16800,,,-3,,
3064,1441,1,443,8,16800,,,-3,,
3065,1441,1,611,7,16800,,,-3,,
3066,1442,1,475,4,16860,,,-3,,
3067,1443,1,421,5,16860,,,-3,,
3068,1444,1,512,10,16860,,,-3,,
3069,1444,1,576,6,16860,,,-3,,
3070,1445,1,446,7,16920,,,-3,,
3071,1446,1,864,8,16920,,,-3,,
3072,1447,1,714,11,16920,,,-3,,
3073,1448,1,929,4,16920,,,-3,,
3074,1449,1,474,9,16980,,,-3,,
3075,1449,1,470,5,16980,,,-3,,
3076,1449,1,428,10,16980,,,-3,,
3077,1450,1,357,7,16980,,,-3,,
3078,1450,1,497,3,16980,,,-3,,
3079,1451,1,455,3,16980,,,-3,,
3080,1451,1,485,6,16980,,,-3,,
3081,1452,1,467,3,17040,,,-3,,
3082,1453,1,586,6,17040,,,-3,,
3083,1453,1,433,6,17040,,,-3,,
3084,1453,1,482,12,17040,,,-3,,
3085,1454,1,680,6,17040,,,-3,,
3086,1454,1,479,9,17040,,,-3,,
3087,1454,1,228,7,17040,,,-3,,
3088,1454,1,520,10,17040,,,-3,,
3089,1454,1,467,8,17040,,,-3,,
3090,1455,1,604,4,17040,,,-3,,
3091,1455,1,416,4,17040,,,-3,,
3092,1455,1,488,5,17040,,,-3,,
3093,1456,1,805,10,17040,,,-3,,
3094,1457,1,409,9,17100,,,-3,,
3095,1457,1,517,6,17100,,,-3,,
3096,1457,1,507,9,17100,,,-3,,
3097,1457,1,152,8,17100,,,-3,,
3098,1458,1,892,6,17100,,,-3,,
3099,1459,1,759,4,17100,,,-3,,
3100,1460,1,495,4,17100,,,-3,,
3101,1460,1,445,6,17100,,,-3,,
3102,1460,1,467,10,17100,,,-3,,
3103,1460,1,703,4,17100,,,-3,,
3104,1460,1,472,2,17100,,,-3,,
3105,1460,1,477,4,17100,,,-3,,
3106,1460,1,437,8,17100,,,-3,,
3107,1461,1,467,4,17160,,,-3,,
3108,1462,1,522,1,17160,,,-3,,
3109,1463,1,962,3,17160,,,-3,,
3110,1463,1,700,8,17160,,,-3,,
3111,1463,1,877,10,17160,,,-3,,
3112,1464,1,954,6,17160,,,-3,,
3113,1465,1,437,5,17160,,,-3,,
3114,1466,1,584,6,17160,,,-3,,
3115,1466,1,861,6,17160,,,-3,,
3116,1466,1,542,8,17160,,,-3,,
3117,1467,1,425,9,17220,,,-3,,
3118,1467,1,727,4,17220,,,-3,,
3119,1468,1,511,6,17220,,,-3,,
3120,1468,1,626,6,17220,,,-3,,
3121,1468,1,516,6,17220,,,-3,,
3122,1468,1,863,10,17220,,,-3,,
3123,1469,1,624,2,17280,,,-3,,
3124,1469,1,825,6,17280,,,-3,,
3125,1469,1,429,9,17280,,,-3,,
3126,1469,1,967,4,17280,,,-3,,
3127,1470,1,512,6,17280,,,-3,,
3128,1470,1,410,9,17280,,,-3,,
3129,1471,1,675,12,17340,,,-3,,
3130,1472,1,429,8,17340,,,-3,,
3131,1472,1,455,5,17340,,,-3,,
3132,1473,1,450,10,17340,,,-3,,
3133,1473,1,473,12,17340,,,-3,,
3134,1473,1,694,6,17340,,,-3,,
3135,1473,1,621,2,17340,,,-3,,
3136,1474,1,445,6,17340,,,-3,,
3137,1475,1,711,7,17340,,,-3,,
3138,1476,1,505,6,17340,,,-3,,
3139,1477,1,489,9,17340,,,-3,,
3140,1477,1,470,9,17340,,,-3,,
3141,1477,1,911,3,17340,,,-3,,
3142,1478,1,325,1,17400,,,-3,,
3143,1478,1,662,12,17400,,,-3,,
3144,1478,1,499,7,17400,,,-3,,
3145,1479,1,444,6,17400,,,-3,,
3146,1480,1,759,10,17400,,,-3,,
3147,1481,1,500,8,17400,,,-3,,
3148,1482,1,505,3,17400,,,-3,,
3149,1482,1,857,11,17400,,,-3,,
3150,1482,1,805,6,17400,,,-3,,
3151,1483,1,495,9,17400,,,-3,,
3152,1483,1,749,2,17400,,,-3,,
3153,1484,1,420,4,17400,,,-3,,
3154,1485,1,562,3,17460,,,-3,,
3155,1486,1,744,6,17460,,,-3,,
3156,1487,1,426,4,17460,,,-3,,
3157,1488,1,425,10,17460,,,-3,,
3158,1488,1,652,11,17460,,,-3,,
3159,1488,1,456,6,17460,,,-3,,
3160,1489,1,629,10,17460,,,-3,,
3161,1489,1,429,8,17460,,,-3,,
3162,1489,1,432,2,17460,,,-3,,
3163,1490,1,470,6,17460,,,-3,,
3164,1491,1,467,2,17460,,,-3,,
3165,1492,1,758,8,17520,,,-3,,
3166,1493,1,404,8,17520,,,-3,,
3167,1494,1,432,4,17520,,,-3,,
3168,1494,1,444,6,17520,,,-3,,
3169,1494,1,508,6,17520,,,-3,,
3170,1494,1,410,6,17520,,,-3,,
3171,1495,1,524,6,17520,,,-3,,
3172,1496,1,768,7,17520,,,-3,,
3173,1497,1,499,11,17520,,,-3,,
3174,1498,1,792,2,17580,,,-3,,
3175,1499,1,593,8,17580,,,-3,,
3176,1500,1,457,8,17580,,,-3,,
3177,1500,1,438,4,17580,,,-3,,
3178,1500,1,494,10,17580,,,-3,,
3179,1501,1,504,8,17640,,,-3,,
3180,1502,1,846,6,17640,,,-3,,
3181,1503,1,469,12,17640,,,-3,,
3182,1504,1,832,10,17700,,,-3,,
3183,1504,1,475,11,17700,,,-3,,
3184,1504,1,457,4,17700,,,-3,,
3185,1505,1,500,8,17700,,,-3,,
3186,1506,1,408,7,17700,,,-3,,
3187,1506,1,522,8,17700,,,-3,,
3188,1507,1,531,8,17700,,,-3,,
3189,1507,1,452,6,17700,,,-3,,
3190,1507,1,711,9,17700,,,-3,,
3191,1507,1,453,7,17700,,,-3,,
3192,1507,1,512,3,17700,,,-3,,
3193,1508,1,462,7,17700,,,-3,,
3194,1508,1,476,8,17700,,,-3,,
3195,1508,1,455,3,17700,,,-3,,
3196,1508,1,416,8,17700,,,-3,,
3197,1508,1,509,7,17700,,,-3,,
3198,1508,1,443,7,17700,,,-3,,
3199,1509,1,504,2,17700,,,-3,,
3200,1510,1,932,8,17760,,,-3,,
3201,1510,1,814,5,17760,,,-3,,
3202,1511,1,830,2,17760,,,-3,,
3203,1512,1,402,8,17760,,,-3,,
3204,1512,1,449,5,17760,,,-3,,
3205,1512,1,453,11,17760,,,-3,,
3206,1513,1,863,8,17820,,,-3,,
3207,1513,1,477,9,17820,,,-3,,
3208,1513,1,511,12,17820,,,-3,,
3209,1514,1,442,9,17820,,,-3,,
3210,1515,1,451,7,17880,,,-3,,
3211,1516,1,643,8,17880,,,-3,,
3212,1517,1,424,2,17880,,,-3,,
3213,1518,1,933,4,17880,,,-3,,
3214,1519,1,163,3,17940,,,-3,,
3215,1519,1,472,7,17940,,,-3,,
3216,1519,1,514,6,17940,,,-3,,
3217,1519,1,510,10,17940,,,-3,,
3218,1520,1,719,7,17940,,,-3,,
3219,1520,1,508,1,17940,,,-3,,
3220,1521,1,364,10,17940,,,-3,,
3221,1521,1,427,6,17940,,,-3,,
3222,1521,1,480,7,17940,,,-3,,
3223,1521,1,515,4,17940,,,-3,,
3224,1521,1,837,5,17940,,,-3,,
3225,1521,1,368,1,17940,,,-3,,
3226,1522,1,677,10,18000,,,-3,,
3227,1522,1,803,5,18000,,,-3,,
3228,1522,1,452,7,18000,,,-3,,
3229,1523,1,785,8,18000,,,-3,,
3230,1523,1,488,6,18000,,,-3,,
3231,1523,1,559,9,18000,,,-3,,
3232,1524,1,776,5,18000,,,-3,,
3233,1525,1,729,4,18000,,,-3,,
3234,1526,1,847,11,18000,,,-3,,
3235,1526,1,445,5,18000,,,-3,,
3236,1527,1,401,2,18000,,,-3,,
3237,1528,1,186,6,18060,,,-3,,
3238,1528,1,511,8,18060,,,-3,,
3239,1529,1,740,5,18060,,,-3,,
3240,1530,1,151,8,18120,,,-3,,
3241,1530,1,420,8,18120,,,-3,,
3242,1531,1,263,8,18120,,,-3,,
3243,1532,1,401,4,18180,,,-3,,
3244,1533,1,460,12,18180,,,-3,,
3245,1534,1,883,10,18180,,,-3,,
3246,1534,1,786,12,18180,,,-3,,
3247,1535,1,469,9,18180,,,-3,,
3248,1535,1,278,4,18180,,,-3,,
3249,1536,1,584,8,18180,,,-3,,
3250,1536,1,439,11,18180,,,-3,,
3251,1537,1,510,6,18180,,,-3,,
3252,1538,1,175,10,18180,,,-3,,
3253,1538,1,267,7,18180,,,-3,,
3254,1538,1,653,8,18180,,,-3,,
3255,1539,1,960,7,18180,,,-3,,
3256,1540,1,436,8,18240,,,-3,,
3257,1541,1,647,12,18240,,,-3,,
3258,1541,1,516,6,18240,,,-3,,
3259,1541,1,743,9,18240,,,-3,,
3260,1541,1,495,10,18240,,,-3,,
3261,1542,1,446,5,18240,,,-3,,
3262,1542,1,905,2,18240,,,-3,,
3263,1542,1,513,2,18240,,,-3,,
3264,1543,1,522,6,18240,,,-3,,
3265,1543,1,421,7,18240,,,-3,,
3266,1543,1,516,4,18240,,,-3,,
3267,1544,1,424,7,18300,,,-3,,
3268,1544,1,411,4,18300,,,-3,,
3269,1545,1,559,12,18300,,,-3,,
3270,1545,1,971,10,18300,,,-3,,
3271,1545,1,454,1,18300,,,-3,,
3272,1545,1,455,2,18300,,,-3,,
3273,1545,1,683,4,18300,,,-3,,
3274,1545,1,520,4,18300,,,-3,,
3275,1545,1,421,7,18300,,,-3,,
3276,1546,1,469,1,18300,,,-3,,
3277,1546,1,514,12,18300,,,-3,,
3278,1547,1,452,12,18360,,,-3,,
3279,1548,1,744,10,18360,,,-3,,
3280,1548,1,513,6,18360,,,-3,,
3281,1549,1,435,6,18360,,,-3,,
3282,1550,1,469,4,18360,,,-3,,
3283,1551,1,462,8,18360,,,-3,,
3284,1551,1,446,4,18360,,,-3,,
3285,1551,1,432,10,18360,,,-3,,
3286,1552,1,428,7,18360,,,-3,,
3287,1553,1,448,4,18360,,,-3,,
3288,1554,1,721,8,18360,,,-3,,
3289,1555,1,426,10,18360,,,-3,,
3290,1556,1,861,8,18360,,,-3,,
3291,1556,1,438,6,18360,,,-3,,
3292,1556,1,402,8,18360,,,-3,,
3293,1557,1,943,3,18360,,,-3,,
3294,1557,1,440,1,18360,,,-3,,
3295,1558,1,758,12,18420,,,-3,,
3296,1559,1,817,9,18420,,,-3,,
3297,1559,1,699,8,18420,,,-3,,
3298,1559,1,500,8,18420,,,-3,,
3299,1559,1,516,7,18420,,,-3,,
3300,1560,1,715,4,18420,,,-3,,
3301,1561,1,31,6,18420,,,-3,,
3302,1561,1,519,5,18420,,,-3,,
3303,1561,1,413,2,18420,,,-3,,
3304,1562,1,649,10,18420,,,-3,,
3305,1562,1,437,6,18420,,,-3,,
3306,1563,1,437,12,18420,,,-3,,
3307,1564,1,948,7,18480,,,-3,,
3308,1565,1,790,11,18480,,,-3,,
3309,1565,1,419,6,18480,,,-3,,
3310,1566,1,227,4,18540,,,-3,,
3311,1566,1,451,2,18540,,,-3,,
3312,1566,1,489,8,18540,,,-3,,
3313,1566,1,415,8,18540,,,-3,,
3314,1567,1,469,5,18540,,,-3,,
3315,1567,1,450,4,18540,,,-3,,
3316,1568,1,587,10,18540,,,-3,,
3317,1568,1,412,5,18540,,,-3,,
3318,1569,1,576,2,18540,,,-3,,
3319,1570,1,583,10,18540,,,-3,,
3320,1571,1,441,11,18540,,,-3,,
3321,1572,1,946,12,18540,,,-3,,
3322,1573,1,734,10,18600,,,-3,,
3323,1573,1,940,2,18600,,,-3,,
3324,1574,1,445,2,18600,,,-3,,
3325,1575,1,709,9,18600,,,-3,,
3326,1575,1,542,6,18600,,,-3,,
3327,1575,1,498,4,18600,,,-3,,
3328,1576,1,503,7,18660,,,-3,,
3329,1576,1,846,5,18660,,,-3,,
3330,1576,1,428,10,18660,,,-3,,
3331,1577,1,884,8,18660,,,-3,,
3332,1578,1,441,6,18660,,,-3,,
3333,1579,1,720,2,18660,,,-3,,
3334,1580,1,540,9,18660,,,-3,,
3335,1580,1,898,8,18660,,,-3,,
3336,1581,1,588,9,18660,,,-3,,
3337,1582,1,772,6,18660,,,-3,,
3338,1582,1,504,10,18660,,,-3,,
3339,1582,1,687,2,18660,,,-3,,
3340,1583,1,364,7,18720,,,-3,,
3341,1584,1,800,8,18720,,,-3,,
3342,1585,1,512,1,18720,,,-3,,
3343,1586,1,453,8,18720,,,-3,,
3344,1587,1,967,5,18720,,,-3,,
3345,1588,1,414,2,18780,,,-3,,
3346,1588,1,509,8,18780,,,-3,,
3347,1589,1,489,6,18840,,,-3,,
3348,1589,1,690,6,18840,,,-3,,
3349,1589,1,673,5,18840,,,-3,,
3350,1590,1,516,9,18840,,,-3,,
3351,1590,1,514,4,18840,,,-3,,
3352,1590,1,442,10,18840,,,-3,,
3353,1590,1,974,11,18840,,,-3,,
3354,1591,1,521,8,18840,,,-3,,
3355,1592,1,434,3,18840,,,-3,,
3356,1593,1,461,7,18840,,,-3,,
3357,1594,1,440,6,18840,,,-3,,
3358,1595,1,936,6,18900,,,-3,,
3359,1596,1,761,7,18900,,,-3,,
3360,1597,1,561,12,18900,,,-3,,
3361,1597,1,873,11,18900,,,-3,,
3362,1597,1,916,4,18900,,,-3,,
3363,1598,1,949,7,18900,,,-3,,
3364,1598,1,477,2,18900,,,-3,,
3365,1598,1,522,6,18900,,,-3,,
3366,1598,1,409,2,18900,,,-3,,
3367,1598,1,496,7,18900,,,-3,,
3368,1598,1,904,11,18900,,,-3,,
3369,1598,1,430,6,18900,,,-3,,
3370,1599,1,754,8,18900,,,-3,,
3371,1599,1,733,6,18900,,,-3,,
3372,1599,1,434,2,18900,,,-3,,
3373,1600,1,866,7,18900,,,-3,,
3374,1600,1,436,12,18900,,,-3,,
3375,1601,1,723,4,18960,,,-3,,
3376,1601,1,650,5,18960,,,-3,,
3377,1602,1,679,4,18960,,,-3,,
3378,1603,1,332,11,18960,,,-3,,
3379,1604,1,461,10,18960,,,-3,,
3380,1605,1,461,12,18960,,,-3,,
3381,1606,1,536,6,19020,,,-3,,
3382,1606,1,584,8,19020,,,-3,,
3383,1607,1,436,10,19020,,,-3,,
3384,1608,1,479,11,19020,,,-3,,
3385,1609,1,500,8,19020,,,-3,,
3386,1610,1,284,9,19020,,,-3,,
3387,1611,1,504,5,19020,,,-3,,
3388,1612,1,560,5,19020,,,-3,,
3389,1613,1,473,6,19020,,,-3,,
3390,1614,1,759,2,19080,,,-3,,
3391,1614,1,357,10,19080,,,-3,,
3392,1614,1,450,6,19080,,,-3,,
3393,1615,1,695,4,19080,,,-3,,
3394,1615,1,482,10,19080,,,-3,,
3395,1615,1,454,6,19080,,,-3,,
3396,1616,1,934,10,19080,,,-3,,
3397,1616,1,524,8,19080,,,-3,,
3398,1616,1,496,10,19080,,,-3,,
3399,1616,1,400,9,19080,,,-3,,
3400,1616,1,422,4,19080,,,-3,,
3401,1616,1,424,4,19080,,,-3,,
3402,1616,1,444,2,19080,,,-3,,
3403,1617,1,443,12,19140,,,-3,,
3404,1617,1,419,4,19140,,,-3,,
3405,1618,1,942,5,19140,,,-3,,
3406,1618,1,409,7,19140,,,-3,,
3407,1619,1,406,5,19140,,,-3,,
3408,1620,1,297,8,19140,,,-3,,
3409,1621,1,472,6,19140,,,-3,,
3410,1621,1,476,4,19140,,,-3,,
3411,1621,1,956,7,19140,,,-3,,
3412,1621,1,426,6,19140,,,-3,,
3413,1622,1,479,1,19200,,,-3,,
3414,1622,1,451,7,19200,,,-3,,
3415,1623,1,483,7,19200,,,-3,,
3416,1624,1,439,6,19200,,,-3,,
3417,1625,1,453,6,19200,,,-3,,
3418,1626,1,516,4,19260,,,-3,,
3419,1626,1,490,4,19260,,,-3,,
3420,1626,1,431,10,19260,,,-3,,
3421,1627,1,485,9,19260,,,-3,,
3422,1628,1,445,8,19260,,,-3,,
3423,1628,1,465,7,19260,,,-3,,
3424,1628,1,446,4,19260,,,-3,,
3425,1629,1,566,8,19260,,,-3,,
3426,1629,1,500,10,19260,,,-3,,
3427,1629,1,404,8,19260,,,-3,,
3428,1629,1,403,6,19260,,,-3,,
3429,1629,1,487,2,19260,,,-3,,
3430,1629,1,464,6,19260,,,-3,,
3431,1630,1,483,9,19260,,,-3,,
3432,1631,1,490,2,19260,,,-3,,
3433,1631,1,597,7,19260,,,-3,,
3434,1632,1,531,4,19320,,,-3,,
3435,1632,1,457,5,19320,,,-3,,
3436,1632,1,504,9,19320,,,-3,,
3437,1633,1,592,2,19320,,,-3,,
3438,1633,1,447,4,19320,,,-3,,
3439,1634,1,676,10,19320,,,-3,,
3440,1634,1,763,4,19320,,,-3,,
3441,1635,1,708,6,19320,,,-3,,
3442,1635,1,954,8,19320,,,-3,,
3443,1635,1,457,6,19320,,,-3,,
3444,1636,1,434,3,19320,,,-3,,
3445,1636,1,957,8,19320,,,-3,,
3446,1637,1,869,4,19380,,,-3,,
3447,1637,1,501,10,19380,,,-3,,
3448,1638,1,441,8,19380,,,-3,,
3449,1639,1,520,8,19380,,,-3,,
3450,1639,1,473,7,19380,,,-3,,
3451,1639,1,433,6,19380,,,-3,,
3452,1639,1,513,5,19380,,,-3,,
3453,1639,1,430,4,19380,,,-3,,
3454,1639,1,506,8,19380,,,-3,,
3455,1640,1,418,10,19440,,,-3,,
3456,1640,1,506,7,19440,,,-3,,
3457,1640,1,481,4,19440,,,-3,,
3458,1641,1,476,8,19440,,,-3,,
3459,1641,1,949,4,19440,,,-3,,
3460,1642,1,774,10,19440,,,-3,,
3461,1643,1,624,4,19440,,,-3,,
3462,1643,1,522,7,19440,,,-3,,
3463,1644,1,16,8,19440,,,-3,,
3464,1645,1,482,7,19500,,,-3,,
3465,1645,1,515,8,19500,,,-3,,
3466,1645,1,420,10,19500,,,-3,,
3467,1645,1,291,10,19500,,,-3,,
3468,1646,1,422,6,19500,,,-3,,
3469,1646,1,473,10,19500,,,-3,,
3470,1646,1,821,3,19500,,,-3,,
3471,1647,1,504,8,19500,,,-3,,
3472,1648,1,430,8,19500,,,-3,,
3473,1648,1,713,2,19500,,,-3,,
3474,1649,1,974,8,19500,,,-3,,
3475,1650,1,507,2,19500,,,-3,,
3476,1651,1,429,6,19560,,,-3,,
3477,1652,1,228,8,19560,,,-3,,
3478,1652,1,521,4,19560,,,-3,,
3479,1652,1,666,6,19560,,,-3,,
3480,1653,1,434,7,19560,,,-3,,
3481,1654,1,483,6,19560,,,-3,,
3482,1654,1,10,7,19560,,,-3,,
3483,1655,1,806,5,19560,,,-3,,
3484,1656,1,511,12,19560,,,-3,,
3485,1657,1,496,5,19560,,,-3,,
3486,1657,1,437,6,19560,,,-3,,
3487,1658,1,730,3,19620,,,-3,,
3488,1659,1,518,10,19620,,,-3,,
3489,1660,1,468,10,19620,,,-3,,
3490,1661,1,445,7,19680,,,-3,,
3491,1662,1,446,6,19680,,,-3,,
3492,1662,1,712,10,19680,,,-3,,
3493,1663,1,454,9,19680,,,-3,,
3494,1664,1,521,11,19740,,,-3,,
3495,1665,1,509,12,19740,,,-3,,
3496,1666,1,423,8,19740,,,-3,,
3497,1667,1,486,3,19740,,,-3,,
3498,1668,1,558,7,19740,,,-3,,
3499,1668,1,404,7,19740,,,-3,,
3500,1668,1,899,7,19740,,,-3,,
3501,1668,1,963,10,19740,,,-3,,
3502,1669,1,832,12,19800,,,-3,,
3503,1669,1,346,5,19800,,,-3,,
3504,1669,1,822,12,19800,,,-3,,
3505,1669,1,491,10,19800,,,-3,,
3506,1670,1,914,6,19800,,,-3,,
3507,1671,1,490,9,19800,,,-3,,
3508,1672,1,455,6,19800,,,-3,,
3509,1673,1,480,5,19800,,,-3,,
3510,1674,1,453,4,19860,,,-3,,
3511,1674,1,525,6,19860,,,-3,,
3512,1675,1,476,12,19860,,,-3,,
3513,1675,1,551,7,19860,,,-3,,
3514,1675,1,539,8,19860,,,-3,,
3515,1675,1,959,6,19860,,,-3,,
3516,1676,1,581,6,19860,,,-3,,
3517,1677,1,963,8,19860,,,-3,,
3518,1678,1,513,10,19860,,,-3,,
3519,1678,1,556,6,19860,,,-3,,
3520,1679,1,705,6,19860,,,-3,,
3521,1679,1,619,2,19860,,,-3,,
3522,1680,1,493,9,19860,,,-3,,
3523,1681,1,467,12,19920,,,-3,,
3524,1681,1,789,10,19920,,,-3,,
3525,1682,1,509,1,19920,,,-3,,
3526,1682,1,464,11,19920,,,-3,,
3527,1682,1,948,6,19920,,,-3,,
3528,1682,1,877,6,19920,,,-3,,
3529,1683,1,564,7,19920,,,-3,,
3530,1683,1,874,2,19920,,,-3,,
3531,1684,1,432,2,19920,,,-3,,
3532,1685,1,796,12,19920,,,-3,,
3533,1685,1,474,6,19920,,,-3,,
3534,1686,1,412,9,19980,,,-3,,
3535,1687,1,291,8,19980,,,-3,,
3536,1687,1,489,6,19980,,,-3,,
3537,1687,1,839,6,19980,,,-3,,
3538,1688,1,750,4,19980,,,-3,,
3539,1688,1,60,4,19980,,,-3,,
3540,1689,1,509,8,20040,,,-3,,
3541,1690,1,718,6,20040,,,-3,,
3542,1690,1,431,4,20040,,,-3,,
3543,1691,1,570,6,20040,,,-3,,
3544,1691,1,921,6,20040,,,-3,,
3545,1691,1,543,7,20040,,,-3,,
3546,1692,1,409,8,20040,,,-3,,
3547,1693,1,956,9,20040,,,-3,,
3548,1694,1,471,7,20040,,,-3,,
3549,1694,1,476,8,20040,,,-3,,
3550,1694,1,457,9,20040,,,-3,,
3551,1695,1,433,11,20100,,,-3,,
3552,1695,1,890,5,20100,,,-3,,
3553,1696,1,419,3,20100,,,-3,,
3554,1697,1,407,11,20100,,,-3,,
3555,1698,1,450,8,20100,,,-3,,
3556,1699,1,849,1,20100,,,-3,,
3557,1700,1,442,5,20100,,,-3,,
3558,1701,1,472,7,20100,,,-3,,
3559,1702,1,687,6,20100,,,-3,,
3560,1702,1,469,8,20100,,,-3,,
3561,1703,1,543,4,20160,,,-3,,
3562,1703,1,113,6,20160,,,-3,,
3563,1703,1,509,10,20160,,,-3,,
3564,1703,1,963,8,20160,,,-3,,
3565,1703,1,466,8,20160,,,-3,,
3566,1703,1,442,4,20160,,,-3,,
3567,1704,1,826,12,20160,,,-3,,
3568,1704,1,445,2,20160,,,-3,,
3569,1705,1,433,6,20160,,,-3,,
3570,1706,1,364,6,20160,,,-3,,
3571,1707,1,494,4,20160,,,-3,,
3572,1708,1,779,10,20160,,,-3,,
3573,1708,1,492,7,20160,,,-3,,
3574,1708,1,483,5,20160,,,-3,,
3575,1709,1,414,9,20160,,,-3,,
3576,1709,1,497,8,20160,,,-3,,
3577,1710,1,481,8,20160,,,-3,,
3578,1710,1,512,6,20160,,,-3,,
3579,1711,1,493,10,20220,,,-3,,
3580,1711,1,444,8,20220,,,-3,,
3581,1712,1,491,8,20220,,,-3,,
3582,1712,1,500,6,20220,,,-3,,
3583,1713,1,418,12,20220,,,-3,,
3584,1713,1,945,4,20220,,,-3,,
3585,1714,1,796,7,20280,,,-3,,
3586,1714,1,588,2,20280,,,-3,,
3587,1714,1,445,6,20280,,,-3,,
3588,1714,1,511,12,20280,,,-3,,
3589,1715,1,550,6,20280,,,-3,,
3590,1716,1,416,10,20280,,,-3,,
3591,1716,1,415,4,20280,,,-3,,
3592,1716,1,431,10,20280,,,-3,,
3593,1716,1,434,5,20280,,,-3,,
3594,1717,1,550,10,20280,,,-3,,
3595,1717,1,469,8,20280,,,-3,,
3596,1717,1,597,4,20280,,,-3,,
3597,1718,1,450,6,20340,,,-3,,
3598,1719,1,445,1,20340,,,-3,,
3599,1720,1,591,12,20340,,,-3,,
3600,1721,1,456,5,20340,,,-3,,
3601,1722,1,452,6,20340,,,-3,,
3602,1723,1,781,4,20340,,,-3,,
3603,1723,1,513,1,20340,,,-3,,
3604,1723,1,758,4,20340,,,-3,,
3605,1724,1,773,6,20340,,,-3,,
3606,1724,1,796,4,20340,,,-3,,
3607,1725,1,948,6,20400,,,-3,,
3608,1725,1,426,8,20400,,,-3,,
3609,1725,1,413,6,20400,,,-3,,
3610,1725,1,512,4,20400,,,-3,,
3611,1725,1,445,9,20400,,,-3,,
3612,1725,1,560,2,20400,,,-3,,
3613,1725,1,722,2,20400,,,-3,,
3614,1726,1,553,8,20400,,,-3,,
3615,1727,1,969,6,20400,,,-3,,
3616,1727,1,475,6,20400,,,-3,,
3617,1728,1,422,6,20400,,,-3,,
3618,1728,1,762,8,20400,,,-3,,
3619,1729,1,440,11,20400,,,-3,,
3620,1730,1,452,6,20400,,,-3,,
3621,1731,1,535,6,20400,,,-3,,
3622,1731,1,898,12,20400,,,-3,,
3623,1732,1,453,8,20460,,,-3,,
3624,1733,1,476,2,20460,,,-3,,
3625,1734,1,832,4,20460,,,-3,,
3626,1734,1,483,10,20460,,,-3,,
3627,1734,1,858,5,20460,,,-3,,
3628,1734,1,412,8,20460,,,-3,,
3629,1735,1,525,5,20520,,,-3,,
3630,1735,1,683,6,20520,,,-3,,
3631,1735,1,565,10,20520,,,-3,,
3632,1736,1,743,10,20520,,,-3,,
3633,1736,1,409,8,20520,,,-3,,
3634,1736,1,897,6,20520,,,-3,,
3635,1737,1,621,2,20580,,,-3,,
3636,1737,1,497,10,20580,,,-3,,
3637,1737,1,434,2,20580,,,-3,,
3638,1738,1,422,12,20580,,,-3,,
3639,1738,1,495,6,20580,,,-3,,
3640,1739,1,955,2,20580,,,-3,,
3641,1739,1,814,8,20580,,,-3,,
3642,1740,1,499,4,20580,,,-3,,
3643,1740,1,449,7,20580,,,-3,,
3644,1741,1,893,10,20580,,,-3,,
3645,1741,1,229,8,20580,,,-3,,
3646,1742,1,512,2,20580,,,-3,,
3647,1742,1,491,8,20580,,,-3,,
3648,1743,1,439,9,20640,,,-3,,
3649,1744,1,454,6,20640,,,-3,,
3650,1745,1,754,10,20640,,,-3,,
3651,1746,1,436,4,20700,,,-3,,
3652,1747,1,518,7,20700,,,-3,,
3653,1747,1,670,6,20700,,,-3,,
3654,1747,1,452,10,20700,,,-3,,
3655,1747,1,442,6,20700,,,-3,,
3656,1747,1,744,6,20700,,,-3,,
3657,1747,1,655,4,20700,,,-3,,
3658,1748,1,670,7,20760,,,-3,,
3659,1749,1,845,10,20760,,,-3,,
3660,1749,1,790,2,20760,,,-3,,
3661,1750,1,473,5,20820,,,-3,,
3662,1751,1,487,3,20820,,,-3,,
3663,1752,1,459,6,20880,,,-3,,
3664,1753,1,513,8,20880,,,-3,,
3665,1753,1,153,8,20880,,,-3,,
3666,1753,1,507,10,20880,,,-3,,
3667,1754,1,460,11,20880,,,-3,,
3668,1754,1,789,2,20880,,,-3,,
3669,1754,1,151,6,20880,,,-3,,
3670,1754,1,444,6,20880,,,-3,,
3671,1754,1,580,6,20880,,,-3,,
3672,1755,1,914,8,20880,,,-3,,
3673,1756,1,675,5,20880,,,-3,,
3674,1757,1,894,8,20880,,,-3,,
3675,1757,1,87,5,20880,,,-3,,
3676,1757,1,503,6,20880,,,-3,,
3677,1757,1,513,12,20880,,,-3,,
3678,1757,1,819,5,20880,,,-3,,
3679,1757,1,426,5,20880,,,-3,,
3680,1757,1,437,6,20880,,,-3,,
3681,1758,1,666,12,20940,,,-3,,
3682,1759,1,510,9,20940,,,-3,,
3683,1759,1,432,5,20940,,,-3,,
3684,1760,1,449,8,20940,,,-3,,
3685,1761,1,431,12,20940,,,-3,,
3686,1761,1,498,4,20940,,,-3,,
3687,1762,1,603,8,20940,,,-3,,
3688,1763,1,510,9,20940,,,-3,,
3689,1763,1,453,9,20940,,,-3,,
3690,1764,1,447,4,20940,,,-3,,
3691,1764,1,413,4,20940,,,-3,,
3692,1764,1,406,7,20940,,,-3,,
3693,1764,1,674,4,20940,,,-3,,
3694,1765,1,811,12,20940,,,-3,,
3695,1766,1,759,8,21000,,,-3,,
3696,1767,1,514,11,21000,,,-3,,
3697,1767,1,435,5,21000,,,-3,,
3698,1767,1,490,7,21000,,,-3,,
3699,1767,1,722,6,21000,,,-3,,
3700,1767,1,599,8,21000,,,-3,,
3701,1767,1,86,8,21000,,,-3,,
3702,1768,1,519,10,21000,,,-3,,
3703,1768,1,506,2,21000,,,-3,,
3704,1769,1,347,11,21060,,,-3,,
3705,1770,1,497,12,21060,,,-3,,
3706,1770,1,959,8,21060,,,-3,,
3707,1770,1,803,11,21060,,,-3,,
3708,1771,1,465,2,21060,,,-3,,
3709,1771,1,447,2,21060,,,-3,,
3710,1772,1,758,10,21060,,,-3,,
3711,1773,1,443,6,21060,,,-3,,
3712,1773,1,484,8,21060,,,-3,,
3713,1773,1,765,10,21060,,,-3,,
3714,1773,1,693,4,21060,,,-3,,
3715,1773,1,471,8,21060,,,-3,,
3716,1774,1,3,8,21120,,,-3,,
3717,1774,1,841,4,21120,,,-3,,
3718,1774,1,611,3,21120,,,-3,,
3719,1774,1,519,4,21120,,,-3,,
3720,1774,1,503,4,21120,,,-3,,
3721,1774,1,455,2,21120,,,-3,,
3722,1775,1,445,5,21120,,,-3,,
3723,1776,1,434,8,21120,,,-3,,
3724,1776,1,476,10,21120,,,-3,,
3725,1777,1,644,9,21120,,,-3,,
3726,1777,1,439,8,21120,,,-3,,
3727,1777,1,431,8,21120,,,-3,,
3728,1778,1,241,4,21120,,,-3,,
3729,1779,1,517,10,21120,,,-3,,
3730,1780,1,560,4,21180,,,-3,,
3731,1780,1,477,6,21180,,,-3,,
3732,1781,1,486,10,21180,,,-3,,
3733,1781,1,962,7,21180,,,-3,,
3734,1781,1,836,9,21180,,,-3,,
3735,1781,1,766,7,21180,,,-3,,
3736,1781,1,701,8,21180,,,-3,,
3737,1781,1,625,10,21180,,,-3,,
3738,1782,1,517,6,21180,,,-3,,
3739,1783,1,495,4,21180,,,-3,,
3740,1783,1,683,12,21180,,,-3,,
3741,1784,1,470,1,21180,,,-3,,
3742,1784,1,403,5,21180,,,-3,,
3743,1785,1,471,8,21240,,,-3,,
3744,1786,1,533,7,21240,,,-3,,
3745,1787,1,422,9,21240,,,-3,,
3746,1788,1,466,8,21240,,,-3,,
3747,1788,1,468,1,21240,,,-3,,
3748,1789,1,636,8,21240,,,-3,,
3749,1789,1,408,9,21240,,,-3,,
3750,1789,1,514,7,21240,,,-3,,
3751,1789,1,450,8,21240,,,-3,,
3752,1790,1,489,4,21240,,,-3,,
3753,1790,1,464,8,21240,,,-3,,
3754,1790,1,461,9,21240,,,-3,,
3755,1791,1,291,7,21300,,,-3,,
3756,1791,1,501,6,21300,,,-3,,
3757,1792,1,511,2,21300,,,-3,,
3758,1792,1,135,10,21300,,,-3,,
3759,1793,1,423,6,21300,,,-3,,
3760,1794,1,440,8,21420,,,-3,,
3761,1794,1,462,4,21420,,,-3,,
3762,1795,1,457,8,21420,,,-3,,
3763,1795,1,498,8,21420,,,-3,,
3764,1795,1,572,8,21420,,,-3,,
3765,1796,1,778,2,21420,,,-3,,
3766,1797,1,811,3,21420,,,-3,,
3767,1798,1,429,10,21420,,,-3,,
3768,1799,1,593,6,21420,,,-3,,
3769,1799,1,190,5,21420,,,-3,,
3770,1799,1,904,6,21420,,,-3,,
3771,1799,1,462,10,21420,,,-3,,
3772,1800,1,46,2,21480,,,-3,,
3773,1800,1,418,2,21480,,,-3,,
3774,1800,1,549,8,21480,,,-3,,
3775,1800,1,516,8,21480,,,-3,,
3776,1800,1,731,7,21480,,,-3,,
3777,1800,1,750,1,21480,,,-3,,
3778,1800,1,669,7,21480,,,-3,,
3779,1800,1,408,10,21480,,,-3,,
3780,1800,1,867,8,21480,,,-3,,
3781,1800,1,401,6,21480,,,-3,,
3782,1801,1,942,9,21480,,,-3,,
3783,1801,1,855,2,21480,,,-3,,
3784,1802,1,521,2,21480,,,-3,,
3785,1802,1,473,6,21480,,,-3,,
3786,1803,1,423,4,21480,,,-3,,
3787,1804,1,957,4,21480,,,-3,,
3788,1804,1,483,11,21480,,,-3,,
3789,1805,1,453,6,21480,,,-3,,
3790,1805,1,469,12,21480,,,-3,,
3791,1806,1,861,6,21540,,,-3,,
3792,1806,1,772,10,21540,,,-3,,
3793,1806,1,403,4,21540,,,-3,,
3794,1806,1,729,9,21540,,,-3,,
3795,1807,1,521,2,21540,,,-3,,
3796,1807,1,473,6,21540,,,-3,,
3797,1807,1,141,6,21540,,,-3,,
3798,1808,1,443,9,21540,,,-3,,
3799,1808,1,431,7,21540,,,-3,,
3800,1809,1,39,6,21540,,,-3,,
3801,1810,1,438,7,21540,,,-3,,
3802,1810,1,691,9,21540,,,-3,,
3803,1811,1,882,2,21540,,,-3,,
3804,1812,1,757,8,21600,,,-3,,
3805,1813,1,448,5,21600,,,-3,,
3806,1814,1,442,10,21600,,,-3,,
3807,1815,1,509,6,21600,,,-3,,
3808,1816,1,418,8,21660,,,-3,,
3809,1816,1,558,10,21660,,,-3,,
3810,1816,1,542,10,21660,,,-3,,
3811,1816,1,818,6,21660,,,-3,,
3812,1816,1,504,4,21660,,,-3,,
3813,1817,1,705,7,21660,,,-3,,
3814,1818,1,519,6,21660,,,-3,,
3815,1818,1,808,10,21660,,,-3,,
3816,1818,1,445,10,21660,,,-3,,
3817,1818,1,831,8,21660,,,-3,,
3818,1819,1,496,4,21660,,,-3,,
3819,1819,1,486,7,21660,,,-3,,
3820,1820,1,85,4,21660,,,-3,,
3821,1821,1,832,8,21660,,,-3,,
3822,1821,1,491,4,21660,,,-3,,
3823,1822,1,775,5,21660,,,-3,,
3824,1822,1,578,6,21660,,,-3,,
3825,1822,1,163,4,21660,,,-3,,
3826,1823,1,463,10,21720,,,-3,,
3827,1824,1,769,6,21720,,,-3,,
3828,1825,1,463,2,21720,,,-3,,
3829,1825,1,407,5,21720,,,-3,,
3830,1825,1,671,3,21720,,,-3,,
3831,1826,1,501,4,21720,,,-3,,
3832,1826,1,454,4,21720,,,-3,,
3833,1827,1,419,10,21720,,,-3,,
3834,1827,1,916,10,21720,,,-3,,
3835,1828,1,501,12,21720,,,-3,,
3836,1828,1,475,6,21720,,,-3,,
3837,1828,1,180,8,21720,,,-3,,
3838,1829,1,562,2,21720,,,-3,,
3839,1829,1,462,10,21720,,,-3,,
3840,1830,1,456,11,21720,,,-3,,
3841,1831,1,678,4,21780,,,-3,,
3842,1831,1,405,6,21780,,,-3,,
3843,1832,1,855,7,21780,,,-3,,
3844,1832,1,454,6,21780,,,-3,,
3845,1833,1,484,4,21780,,,-3,,
3846,1833,1,517,8,21780,,,-3,,
3847,1834,1,423,10,21780,,,-3,,
3848,1835,1,464,3,21840,,,-3,,
3849,1836,1,444,7,21840,,,-3,,
3850,1836,1,565,8,21840,,,-3,,
3851,1836,1,429,2,21840,,,-3,,
3852,1836,1,425,6,21840,,,-3,,
3853,1836,1,542,8,21840,,,-3,,
3854,1836,1,451,9,21840,,,-3,,
3855,1836,1,426,10,21840,,,-3,,
3856,1837,1,695,8,21840,,,-3,,
3857,1838,1,503,4,21900,,,-3,,
3858,1838,1,452,10,21900,,,-3,,
3859,1839,1,467,10,21900,,,-3,,
3860,1840,1,487,4,21900,,,-3,,
3861,1840,1,421,9,21900,,,-3,,
3862,1840,1,747,8,21900,,,-3,,
3863,1841,1,443,2,21900,,,-3,,
3864,1841,1,515,1,21900,,,-3,,
3865,1842,1,507,8,21900,,,-3,,
3866,1843,1,475,8,21960,,,-3,,
3867,1843,1,501,10,21960,,,-3,,
3868,1843,1,424,2,21960,,,-3,,
3869,1843,1,467,6,21960,,,-3,,
3870,1843,1,489,12,21960,,,-3,,
3871,1843,1,455,11,21960,,,-3,,
3872,1843,1,605,8,21960,,,-3,,
3873,1844,1,943,6,21960,,,-3,,
3874,1845,1,913,4,22020,,,-3,,
3875,1845,1,533,10,22020,,,-3,,
3876,1845,1,292,3,22020,,,-3,,
3877,1845,1,484,12,22020,,,-3,,
3878,1846,1,482,4,22020,,,-3,,
3879,1847,1,491,4,22020,,,-3,,
3880,1848,1,473,2,22020,,,-3,,
3881,1849,1,446,9,22020,,,-3,,
3882,1850,1,727,8,22020,,,-3,,
3883,1850,1,904,9,22020,,,-3,,
3884,1851,1,891,7,22020,,,-3,,
3885,1852,1,522,5,22080,,,-3,,
3886,1853,1,589,4,22080,,,-3,,
3887,1853,1,558,4,22080,,,-3,,
3888,1854,1,508,2,22080,,,-3,,
3889,1855,1,718,2,22080,,,-3,,
3890,1856,1,516,6,22140,,,-3,,
3891,1856,1,698,12,22140,,,-3,,
3892,1856,1,276,4,22140,,,-3,,
3893,1856,1,460,2,22140,,,-3,,
3894,1857,1,839,11,22140,,,-3,,
3895,1858,1,411,10,22140,,,-3,,
3896,1859,1,426,7,22140,,,-3,,
3897,1859,1,548,4,22140,,,-3,,
3898,1860,1,463,12,22200,,,-3,,
3899,1861,1,524,6,22200,,,-3,,
3900,1861,1,493,5,22200,,,-3,,
3901,1862,1,511,6,22200,,,-3,,
3902,1863,1,557,2,22200,,,-3,,
3903,1864,1,440,10,22200,,,-3,,
3904,1864,1,482,9,22200,,,-3,,
3905,1865,1,507,6,22260,,,-3,,
3906,1866,1,404,10,22260,,,-3,,
3907,1867,1,780,10,22260,,,-3,,
3908,1868,1,732,7,22260,,,-3,,
3909,1868,1,447,1,22260,,,-3,,
3910,1868,1,844,10,22260,,,-3,,
3911,1868,1,516,10,22260,,,-3,,
3912,1868,1,756,8,22260,,,-3,,
3913,1869,1,696,4,22260,,,-3,,
3914,1870,1,485,9,22320,,,-3,,
3915,1870,1,527,10,22320,,,-3,,
3916,1870,1,515,3,22320,,,-3,,
3917,1870,1,503,8,22320,,,-3,,
3918,1870,1,728,9,22320,,,-3,,
3919,1870,1,450,2,22320,,,-3,,
3920,1870,1,463,7,22320,,,-3,,
3921,1871,1,524,8,22320,,,-3,,
3922,1872,1,856,10,22320,,,-3,,
3923,1873,1,521,4,22320,,,-3,,
3924,1874,1,768,9,22320,,,-3,,
3925,1875,1,496,5,22320,,,-3,,
3926,1875,1,404,9,22320,,,-3,,
3927,1875,1,469,3,22320,,,-3,,
3928,1875,1,461,8,22320,,,-3,,
3929,1875,1,400,4,22320,,,-3,,
3930,1876,1,507,3,22380,,,-3,,
3931,1877,1,429,4,22380,,,-3,,
3932,1877,1,299,8,22380,,,-3,,
3933,1878,1,910,11,22380,,,-3,,
3934,1879,1,595,8,22380,,,-3,,
3935,1879,1,509,8,22380,,,-3,,
3936,1879,1,508,7,22380,,,-3,,
3937,1880,1,36,8,22380,,,-3,,
3938,1880,1,412,5,22380,,,-3,,
3939,1881,1,469,5,22380,,,-3,,
3940,1881,1,485,3,22380,,,-3,,
3941,1882,1,501,9,22440,,,-3,,
3942,1882,1,410,7,22440,,,-3,,
3943,1882,1,480,4,22440,,,-3,,
3944,1882,1,923,5,22440,,,-3,,
3945,1882,1,578,8,22440,,,-3,,
3946,1882,1,423,5,22440,,,-3,,
3947,1882,1,674,9,22440,,,-3,,
3948,1882,1,460,7,22440,,,-3,,
3949,1883,1,477,6,22440,,,-3,,
3950,1883,1,523,6,22440,,,-3,,
3951,1883,1,315,2,22440,,,-3,,
3952,1883,1,474,4,22440,,,-3,,
3953,1883,1,546,8,22440,,,-3,,
3954,1883,1,458,2,22440,,,-3,,
3955,1884,1,678,7,22440,,,-3,,
3956,1885,1,458,6,22440,,,-3,,
3957,1885,1,911,9,22440,,,-3,,
3958,1886,1,432,5,22440,,,-3,,
3959,1886,1,461,8,22440,,,-3,,
3960,1886,1,516,5,22440,,,-3,,
3961,1887,1,469,7,22440,,,-3,,
3962,1887,1,471,6,22440,,,-3,,
3963,1888,1,410,4,22500,,,-3,,
3964,1889,1,623,12,22500,,,-3,,
3965,1890,1,418,6,22500,,,-3,,
3966,1890,1,523,8,22500,,,-3,,
3967,1890,1,433,7,22500,,,-3,,
3968,1891,1,429,9,22500,,,-3,,
3969,1891,1,498,8,22500,,,-3,,
3970,1892,1,398,10,22500,,,-3,,
3971,1893,1,924,6,22500,,,-3,,
3972,1893,1,473,5,22500,,,-3,,
3973,1893,1,416,8,22500,,,-3,,
3974,1894,1,735,1,22500,,,-3,,
3975,1894,1,61,6,22500,,,-3,,
3976,1894,1,930,2,22500,,,-3,,
3977,1894,1,478,4,22500,,,-3,,
3978,1894,1,500,10,22500,,,-3,,
3979,1895,1,495,10,22560,,,-3,,
3980,1895,1,928,4,22560,,,-3,,
3981,1895,1,434,10,22560,,,-3,,
3982,1895,1,420,10,22560,,,-3,,
3983,1896,1,418,8,22560,,,-3,,
3984,1897,1,937,10,22560,,,-3,,
3985,1898,1,470,6,22560,,,-3,,
3986,1898,1,471,4,22560,,,-3,,
3987,1899,1,499,2,22620,,,-3,,
3988,1900,1,452,5,22620,,,-3,,
3989,1901,1,504,5,22620,,,-3,,
3990,1902,1,437,6,22680,,,-3,,
3991,1902,1,521,9,22680,,,-3,,
3992,1903,1,448,11,22680,,,-3,,
3993,1903,1,459,12,22680,,,-3,,
3994,1903,1,467,2,22680,,,-3,,
3995,1904,1,930,4,22740,,,-3,,
3996,1905,1,491,8,22740,,,-3,,
3997,1906,1,423,6,22740,,,-3,,
3998,1907,1,506,3,22740,,,-3,,
3999,1908,1,836,7,22740,,,-3,,
4000,1908,1,858,6,22740,,,-3,,
4001,1909,1,408,4,22800,,,-3,,
4002,1909,1,506,3,22800,,,-3,,
4003,1909,1,683,8,22800,,,-3,,
4004,1910,1,918,4,22800,,,-3,,
4005,1910,1,441,8,22800,,,-3,,
4006,1911,1,486,4,22800,,,-3,,
4007,1911,1,525,8,22800,,,-3,,
4008,1912,1,419,11,22800,,,-3,,
4009,1913,1,624,5,22800,,,-3,,
4010,1914,1,538,8,22800,,,-3,,
4011,1915,1,501,4,22800,,,-3,,
4012,1916,1,472,6,22860,,,-3,,
4013,1917,1,408,2,22860,,,-3,,
4014,1917,1,802,5,22860,,,-3,,
4015,1917,1,443,7,22860,,,-3,,
4016,1917,1,955,7,22860,,,-3,,
4017,1917,1,453,9,22860,,,-3,,
4018,1917,1,427,6,22860,,,-3,,
4019,1918,1,447,6,22860,,,-3,,
4020,1918,1,438,4,22860,,,-3,,
4021,1919,1,416,9,22860,,,-3,,
4022,1919,1,535,4,22860,,,-3,,
4023,1920,1,269,9,22860,,,-3,,
4024,1920,1,446,9,22860,,,-3,,
4025,1921,1,475,8,22920,,,-3,,
4026,1921,1,538,4,22920,,,-3,,
4027,1922,1,457,2,22920,,,-3,,
4028,1922,1,440,10,22920,,,-3,,
4029,1923,1,721,5,22920,,,-3,,
4030,1924,1,469,2,22980,,,-3,,
4031,1925,1,947,6,22980,,,-3,,
4032,1926,1,522,1,22980,,,-3,,
4033,1927,1,519,3,22980,,,-3,,
4034,1928,1,572,4,22980,,,-3,,
4035,1929,1,427,7,22980,,,-3,,
4036,1929,1,470,12,22980,,,-3,,
4037,1929,1,424,8,22980,,,-3,,
4038,1930,1,849,10,22980,,,-3,,
4039,1930,1,626,5,22980,,,-3,,
4040,1930,1,480,5,22980,,,-3,,
4041,1930,1,494,8,22980,,,-3,,
4042,1931,1,725,5,22980,,,-3,,
4043,1932,1,664,4,23040,,,-3,,
4044,1933,1,526,3,23040,,,-3,,
4045,1934,1,622,6,23040,,,-3,,
4046,1934,1,672,2,23040,,,-3,,
4047,1935,1,686,5,23040,,,-3,,
4048,1935,1,300,6,23040,,,-3,,
4049,1936,1,411,5,23040,,,-3,,
4050,1936,1,645,2,23040,,,-3,,
4051,1936,1,446,7,23040,,,-3,,
4052,1936,1,406,6,23040,,,-3,,
4053,1937,1,184,4,23040,,,-3,,
4054,1937,1,499,6,23040,,,-3,,
4055,1938,1,405,12,23100,,,-3,,
4056,1938,1,825,9,23100,,,-3,,
4057,1939,1,888,5,23100,,,-3,,
4058,1939,1,960,7,23100,,,-3,,
4059,1940,1,444,10,23160,,,-3,,
4060,1940,1,822,9,23160,,,-3,,
4061,1941,1,520,10,23160,,,-3,,
4062,1941,1,670,5,23160,,,-3,,
4063,1942,1,410,2,23220,,,-3,,
4064,1943,1,449,7,23220,,,-3,,
4065,1943,1,430,3,23220,,,-3,,
4066,1943,1,433,5,23220,,,-3,,
4067,1944,1,504,2,23220,,,-3,,
4068,1945,1,514,2,23220,,,-3,,
4069,1945,1,744,11,23220,,,-3,,
4070,1945,1,792,2,23220,,,-3,,
4071,1945,1,426,8,23220,,,-3,,
4072,1946,1,920,6,23220,,,-3,,
4073,1947,1,703,5,23220,,,-3,,
4074,1948,1,517,11,23280,,,-3,,
4075,1948,1,515,8,23280,,,-3,,
4076,1948,1,445,7,23280,,,-3,,
4077,1948,1,419,6,23280,,,-3,,
4078,1948,1,90,1,23280,,,-3,,
4079,1948,1,422,7,23280,,,-3,,
4080,1948,1,508,4,23280,,,-3,,
4081,1949,1,474,12,23280,,,-3,,
4082,1949,1,849,7,23280,,,-3,,
4083,1949,1,434,8,23280,,,-3,,
4084,1949,1,481,2,23280,,,-3,,
4085,1950,1,466,5,23280,,,-3,,
4086,1951,1,494,3,23280,,,-3,,
4087,1951,1,448,6,23280,,,-3,,
4088,1951,1,725,7,23280,,,-3,,
4089,1952,1,428,7,23280,,,-3,,
4090,1953,1,432,5,23340,,,-3,,
4091,1953,1,421,6,23340,,,-3,,
4092,1953,1,449,8,23340,,,-3,,
4093,1954,1,420,3,23340,,,-3,,
4094,1954,1,422,1,23340,,,-3,,
4095,1955,1,471,7,23340,,,-3,,
4096,1955,1,606,12,23340,,,-3,,
4097,1956,1,460,8,23340,,,-3,,
4098,1956,1,475,6,23340,,,-3,,
4099,1957,1,268,2,23340,,,-3,,
4100,1958,1,482,8,23340,,,-3,,
4101,1958,1,916,7,23340,,,-3,,
4102,1959,1,402,1,23400,,,-3,,
4103,1960,1,463,4,23400,,,-3,,
4104,1961,1,415,9,23400,,,-3,,
4105,1961,1,332,8,23400,,,-3,,
4106,1961,1,623,6,23400,,,-3,,
4107,1962,1,445,9,23400,,,-3,,
4108,1962,1,437,8,23400,,,-3,,
4109,1962,1,510,1,23400,,,-3,,
4110,1962,1,412,12,23400,,,-3,,
4111,1963,1,508,12,23400,,,-3,,
4112,1963,1,476,1,23400,,,-3,,
4113,1964,1,519,8,23400,,,-3,,
4114,1965,1,494,11,23460,,,-3,,
4115,1966,1,499,4,23460,,,-3,,
4116,1967,1,291,2,23460,,,-3,,
4117,1967,1,430,11,23460,,,-3,,
4118,1967,1,509,7,23460,,,-3,,
4119,1968,1,444,10,23460,,,-3,,
4120,1969,1,446,5,23460,,,-3,,
4121,1970,1,408,6,23460,,,-3,,
4122,1970,1,600,10,23460,,,-3,,
4123,1970,1,428,5,23460,,,-3,,
4124,1970,1,919,9,23460,,,-3,,
4125,1970,1,467,2,23460,,,-3,,
4126,1970,1,418,6,23460,,,-3,,
4127,1971,1,488,6,23460,,,-3,,
4128,1971,1,949,5,23460,,,-3,,
4129,1972,1,408,12,23520,,,-3,,
4130,1972,1,485,4,23520,,,-3,,
4131,1973,1,460,1,23520,,,-3,,
4132,1974,1,482,6,23520,,,-3,,
4133,1974,1,454,3,23520,,,-3,,
4134,1975,1,231,8,23520,,,-3,,
4135,1975,1,551,8,23520,,,-3,,
4136,1975,1,463,5,23520,,,-3,,
4137,1975,1,511,6,23520,,,-3,,
4138,1975,1,580,8,23520,,,-3,,
4139,1975,1,450,7,23520,,,-3,,
4140,1975,1,430,9,23520,,,-3,,
4141,1976,1,574,8,23520,,,-3,,
4142,1977,1,573,7,23580,,,-3,,
4143,1977,1,402,5,23580,,,-3,,
4144,1978,1,583,7,23580,,,-3,,
4145,1978,1,693,6,23580,,,-3,,
4146,1978,1,934,10,23580,,,-3,,
4147,1979,1,555,4,23640,,,-3,,
4148,1980,1,653,5,23640,,,-3,,
4149,1981,1,486,3,23640,,,-3,,
4150,1982,1,517,8,23700,,,-3,,
4151,1982,1,514,7,23700,,,-3,,
4152,1983,1,597,8,23700,,,-3,,
4153,1984,1,481,4,23700,,,-3,,
4154,1985,1,661,4,23760,,,-3,,
4155,1986,1,504,8,23760,,,-3,,
4156,1987,1,478,8,23760,,,-3,,
4157,1988,1,788,10,23760,,,-3,,
4158,1989,1,406,1,23760,,,-3,,
4159,1990,1,495,3,23760,,,-3,,
4160,1991,1,478,9,23760,,,-3,,
4161,1992,1,436,11,23760,,,-3,,
4162,1992,1,489,2,23760,,,-3,,
4163,1993,1,763,4,23760,,,-3,,
4164,1994,1,818,5,23760,,,-3,,
4165,1995,1,578,10,23820,,,-3,,
4166,1995,1,423,9,23820,,,-3,,
4167,1996,1,541,6,23820,,,-3,,
4168,1996,1,715,10,23820,,,-3,,
4169,1997,1,506,8,23820,,,-3,,
4170,1997,1,271,8,23820,,,-3,,
4171,1997,1,483,4,23820,,,-3,,
4172,1998,1,612,6,23820,,,-3,,
4173,1999,1,527,9,23820,,,-3,,
4174,1999,1,265,10,23820,,,-3,,
4175,1999,1,486,5,23820,,,-3,,
4176,2000,1,115,8,23880,,,-3,,
4177,2000,1,478,9,23880,,,-3,,
4178,2001,1,522,8,23880,,,-3,,
4179,2001,1,488,2,23880,,,-3,,
4180,2001,1,535,9,23880,,,-3,,
4181,2001,1,711,2,23880,,,-3,,
4182,2001,1,868,12,23880,,,-3,,
4183,2001,1,687,1,23880,,,-3,,
4184,2001,1,436,7,23880,,,-3,,
4185,2001,1,415,7,23880,,,-3,,
4186,2001,1,518,11,23880,,,-3,,
4187,2001,1,723,1,23880,,,-3,,
4188,2001,1,834,2,23880,,,-3,,
4189,2002,1,435,2,23880,,,-3,,
4190,2002,1,476,10,23880,,,-3,,
4191,2002,1,943,10,23880,,,-3,,
4192,2002,1,584,4,23880,,,-3,,
4193,2003,1,875,7,23880,,,-3,,
4194,2003,1,517,2,23880,,,-3,,
4195,2004,1,479,2,23880,,,-3,,
4196,2004,1,143,2,23880,,,-3,,
4197,2004,1,435,6,23880,,,-3,,
4198,2004,1,526,8,23880,,,-3,,
4199,2004,1,420,6,23880,,,-3,,
4200,2005,1,485,2,23880,,,-3,,
4201,2006,1,852,3,23880,,,-3,,
4202,2007,1,515,7,23880,,,-3,,
4203,2007,1,868,10,23880,,,-3,,
4204,2007,1,469,1,23880,,,-3,,
4205,2007,1,517,7,23880,,,-3,,
4206,2008,1,484,6,23940,,,-3,,
4207,2008,1,482,11,23940,,,-3,,
4208,2008,1,296,10,23940,,,-3,,
4209,2008,1,416,8,23940,,,-3,,
4210,2008,1,954,1,23940,,,-3,,
4211,2009,1,511,6,23940,,,-3,,
4212,2010,1,629,6,23940,,,-3,,
4213,2011,1,490,7,24000,,,-3,,
4214,2012,1,473,1,24000,,,-3,,
4215,2012,1,615,4,24000,,,-3,,
4216,2013,1,969,11,24060,,,-3,,
4217,2013,1,269,10,24060,,,-3,,
4218,2013,1,482,8,24060,,,-3,,
4219,2014,1,236,6,24060,,,-3,,
4220,2015,1,456,8,24060,,,-3,,
4221,2015,1,881,6,24060,,,-3,,
4222,2015,1,406,10,24060,,,-3,,
4223,2015,1,434,8,24060,,,-3,,
4224,2015,1,439,12,24060,,,-3,,
4225,2016,1,471,7,24060,,,-3,,
4226,2016,1,437,10,24060,,,-3,,
4227,2016,1,401,8,24060,,,-3,,
4228,2017,1,513,6,24060,,,-3,,
4229,2017,1,477,5,24060,,,-3,,
4230,2017,1,910,4,24060,,,-3,,
4231,2018,1,517,4,24060,,,-3,,
4232,2018,1,577,4,24060,,,-3,,
4233,2019,1,440,8,24060,,,-3,,
4234,2019,1,452,2,24060,,,-3,,
4235,2019,1,451,12,24060,,,-3,,
4236,2020,1,700,6,24120,,,-3,,
4237,2020,1,476,5,24120,,,-3,,
4238,2021,1,505,5,24120,,,-3,,
4239,2021,1,565,1,24120,,,-3,,
4240,2021,1,965,7,24120,,,-3,,
4241,2022,1,24,6,24120,,,-3,,
4242,2023,1,489,6,24120,,,-3,,
4243,2023,1,343,4,24120,,,-3,,
4244,2024,1,262,10,24120,,,-3,,
4245,2024,1,421,1,24120,,,-3,,
4246,2024,1,518,12,24120,,,-3,,
4247,2025,1,453,3,24120,,,-3,,
4248,2025,1,462,6,24120,,,-3,,
4249,2025,1,877,9,24120,,,-3,,
4250,2026,1,456,7,24180,,,-3,,
4251,2026,1,727,7,24180,,,-3,,
4252,2026,1,441,8,24180,,,-3,,
4253,2026,1,523,8,24180,,,-3,,
4254,2027,1,576,6,24180,,,-3,,
4255,2028,1,420,11,24180,,,-3,,
4256,2029,1,404,1,24240,,,-3,,
4257,2029,1,502,6,24240,,,-3,,
4258,2029,1,425,4,24240,,,-3,,
4259,2030,1,446,10,24240,,,-3,,
4260,2030,1,523,2,24240,,,-3,,
4261,2031,1,497,8,24240,,,-3,,
4262,2032,1,474,6,24240,,,-3,,
4263,2032,1,479,7,24240,,,-3,,
4264,2033,1,432,8,24240,,,-3,,
4265,2034,1,502,6,24240,,,-3,,
4266,2034,1,464,6,24240,,,-3,,
4267,2035,1,506,11,24240,,,-3,,
4268,2035,1,504,8,24240,,,-3,,
4269,2035,1,474,5,24240,,,-3,,
4270,2036,1,523,2,24300,,,-3,,
4271,2036,1,482,8,24300,,,-3,,
4272,2037,1,445,4,24300,,,-3,,
4273,2037,1,516,6,24300,,,-3,,
4274,2037,1,929,4,24300,,,-3,,
4275,2037,1,746,8,24300,,,-3,,
4276,2038,1,443,8,24300,,,-3,,
4277,2038,1,478,5,24300,,,-3,,
4278,2038,1,450,7,24300,,,-3,,
4279,2039,1,676,10,24300,,,-3,,
4280,2040,1,714,10,24300,,,-3,,
4281,2040,1,477,1,24300,,,-3,,
4282,2041,1,563,2,24300,,,-3,,
4283,2042,1,701,2,24300,,,-3,,
4284,2042,1,565,5,24300,,,-3,,
4285,2042,1,441,9,24300,,,-3,,
4286,2042,1,418,12,24300,,,-3,,
4287,2043,1,505,8,24360,,,-3,,
4288,2044,1,454,12,24360,,,-3,,
4289,2045,1,912,8,24360,,,-3,,
4290,2045,1,403,2,24360,,,-3,,
4291,2046,1,794,10,24420,,,-3,,
4292,2047,1,17,8,24420,,,-3,,
4293,2048,1,514,6,24420,,,-3,,
4294,2048,1,828,10,24420,,,-3,,
4295,2049,1,528,4,24420,,,-3,,
4296,2049,1,516,5,24420,,,-3,,
4297,2049,1,511,6,24420,,,-3,,
4298,2049,1,435,8,24420,,,-3,,
4299,2050,1,758,3,24420,,,-3,,
4300,2051,1,421,11,24420,,,-3,,
4301,2052,1,433,10,24480,,,-3,,
4302,2052,1,760,7,24480,,,-3,,
4303,2052,1,132,1,24480,,,-3,,
4304,2052,1,501,7,24480,,,-3,,
4305,2052,1,923,7,24480,,,-3,,
4306,2052,1,861,8,24480,,,-3,,
4307,2052,1,50,6,24480,,,-3,,
4308,2053,1,437,2,24480,,,-3,,
4309,2053,1,894,4,24480,,,-3,,
4310,2054,1,835,8,24480,,,-3,,
4311,2055,1,618,10,24480,,,-3,,
4312,2056,1,744,6,24480,,,-3,,
4313,2056,1,483,5,24480,,,-3,,
4314,2056,1,628,4,24480,,,-3,,
4315,2057,1,477,8,24480,,,-3,,
4316,2058,1,424,5,24480,,,-3,,
4317,2059,1,496,6,24480,,,-3,,
4318,2060,1,477,10,24480,,,-3,,
4319,2061,1,516,2,24480,,,-3,,
4320,2062,1,409,10,24480,,,-3,,
4321,2062,1,521,3,24480,,,-3,,
4322,2062,1,881,8,24480,,,-3,,
4323,2062,1,432,4,24480,,,-3,,
4324,2062,1,430,11,24480,,,-3,,
4325,2062,1,445,7,24480,,,-3,,
4326,2062,1,632,2,24480,,,-3,,
4327,2062,1,679,2,24480,,,-3,,
4328,2062,1,759,3,24480,,,-3,,
4329,2063,1,138,10,24480,,,-3,,
4330,2064,1,480,7,24480,,,-3,,
4331,2065,1,503,5,24480,,,-3,,
4332,2066,1,857,8,24480,,,-3,,
4333,2067,1,491,6,24480,,,-3,,
4334,2067,1,485,11,24480,,,-3,,
4335,2067,1,493,4,24480,,,-3,,
4336,2067,1,445,10,24480,,,-3,,
4337,2068,1,517,11,24540,,,-3,,
4338,2068,1,475,7,24540,,,-3,,
4339,2068,1,478,7,24540,,,-3,,
4340,2069,1,75,8,24540,,,-3,,
4341,2069,1,440,4,24540,,,-3,,
4342,2069,1,438,4,24540,,,-3,,
4343,2070,1,559,9,24540,,,-3,,
4344,2071,1,403,5,24540,,,-3,,
4345,2071,1,505,8,24540,,,-3,,
4346,2072,1,863,4,24540,,,-3,,
4347,2072,1,480,9,24540,,,-3,,
4348,2072,1,901,2,24540,,,-3,,
4349,2073,1,478,6,24600,,,-3,,
4350,2073,1,448,11,24600,,,-3,,
4351,2073,1,543,4,24600,,,-3,,
4352,2073,1,877,6,24600,,,-3,,
4353,2073,1,465,6,24600,,,-3,,
4354,2074,1,437,11,24600,,,-3,,
4355,2075,1,430,10,24600,,,-3,,
4356,2076,1,502,8,24660,,,-3,,
4357,2077,1,509,6,24660,,,-3,,
4358,2077,1,408,3,24660,,,-3,,
4359,2078,1,524,2,24660,,,-3,,
4360,2079,1,414,8,24660,,,-3,,
4361,2079,1,403,8,24660,,,-3,,
4362,2080,1,409,6,24660,,,-3,,
4363,2081,1,716,4,24720,,,-3,,
4364,2081,1,492,6,24720,,,-3,,
4365,2082,1,414,11,24720,,,-3,,
4366,2083,1,426,6,24720,,,-3,,
4367,2083,1,772,4,24720,,,-3,,
4368,2083,1,462,3,24720,,,-3,,
4369,2083,1,871,8,24720,,,-3,,
4370,2083,1,656,7,24720,,,-3,,
4371,2083,1,879,7,24720,,,-3,,
4372,2083,1,473,10,24720,,,-3,,
4373,2083,1,939,12,24720,,,-3,,
4374,2084,1,730,5,24780,,,-3,,
4375,2084,1,519,5,24780,,,-3,,
4376,2084,1,463,5,24780,,,-3,,
4377,2084,1,467,11,24780,,,-3,,
4378,2084,1,325,12,24780,,,-3,,
4379,2085,1,896,12,24780,,,-3,,
4380,2085,1,638,4,24780,,,-3,,
4381,2085,1,426,3,24780,,,-3,,
4382,2085,1,441,6,24780,,,-3,,
4383,2086,1,522,8,24840,,,-3,,
4384,2086,1,704,10,24840,,,-3,,
4385,2087,1,480,9,24840,,,-3,,
4386,2088,1,495,5,24840,,,-3,,
4387,2089,1,776,4,24840,,,-3,,
4388,2090,1,457,3,24900,,,-3,,
4389,2091,1,756,8,24900,,,-3,,
4390,2091,1,79,9,24900,,,-3,,
4391,2092,1,502,6,24900,,,-3,,
4392,2092,1,513,10,24900,,,-3,,
4393,2093,1,876,7,24900,,,-3,,
4394,2094,1,450,8,24900,,,-3,,
4395,2095,1,925,6,24960,,,-3,,
4396,2096,1,506,2,24960,,,-3,,
4397,2097,1,559,1,24960,,,-3,,
4398,2098,1,653,12,24960,,,-3,,
4399,2099,1,734,8,24960,,,-3,,
4400,2100,1,491,4,25020,,,-3,,
4401,2100,1,521,7,25020,,,-3,,
4402,2101,1,484,3,25020,,,-3,,
4403,2101,1,328,3,25020,,,-3,,
4404,2102,1,418,9,25020,,,-3,,
4405,2103,1,417,3,25020,,,-3,,
4406,2103,1,512,9,25020,,,-3,,
4407,2104,1,689,8,25080,,,-3,,
4408,2104,1,446,5,25080,,,-3,,
4409,2105,1,137,12,25080,,,-3,,
4410,2105,1,880,1,25080,,,-3,,
4411,2105,1,471,6,25080,,,-3,,
4412,2106,1,713,3,25080,,,-3,,
4413,2107,1,494,4,25140,,,-3,,
4414,2108,1,492,12,25140,,,-3,,
4415,2109,1,442,6,25140,,,-3,,
4416,2110,1,513,8,25200,,,-3,,
4417,2110,1,485,2,25200,,,-3,,
4418,2111,1,101,10,25200,,,-3,,
4419,2112,1,573,7,25200,,,-3,,
4420,2112,1,453,10,25200,,,-3,,
4421,2112,1,450,8,25200,,,-3,,
4422,2112,1,465,4,25200,,,-3,,
4423,2112,1,533,9,25200,,,-3,,
4424,2113,1,506,5,25260,,,-3,,
4425,2113,1,494,10,25260,,,-3,,
4426,2114,1,461,5,25260,,,-3,,
4427,2115,1,436,3,25260,,,-3,,
4428,2115,1,808,11,25260,,,-3,,
4429,2115,1,508,8,25260,,,-3,,
4430,2116,1,511,2,25260,,,-3,,
4431,2116,1,483,12,25260,,,-3,,
4432,2117,1,469,5,25260,,,-3,,
4433,2117,1,882,5,25260,,,-3,,
4434,2118,1,522,8,25320,,,-3,,
4435,2119,1,880,2,25320,,,-3,,
4436,2120,1,546,7,25320,,,-3,,
4437,2121,1,485,5,25320,,,-3,,
4438,2122,1,762,4,25380,,,-3,,
4439,2122,1,650,8,25380,,,-3,,
4440,2123,1,495,6,25380,,,-3,,
4441,2124,1,489,4,25380,,,-3,,
4442,2124,1,424,5,25380,,,-3,,
4443,2124,1,752,12,25380,,,-3,,
4444,2124,1,617,10,25380,,,-3,,
4445,2125,1,521,5,25380,,,-3,,
4446,2125,1,486,4,25380,,,-3,,
4447,2126,1,496,3,25380,,,-3,,
4448,2127,1,452,7,25380,,,-3,,
4449,2128,1,519,6,25440,,,-3,,
4450,2128,1,437,8,25440,,,-3,,
4451,2128,1,271,3,25440,,,-3,,
4452,2129,1,779,8,25500,,,-3,,
4453,2130,1,506,6,25500,,,-3,,
4454,2130,1,423,8,25500,,,-3,,
4455,2131,1,748,4,25500,,,-3,,
4456,2132,1,452,10,25500,,,-3,,
4457,2132,1,487,1,25500,,,-3,,
4458,2132,1,972,4,25500,,,-3,,
4459,2133,1,437,10,25500,,,-3,,
4460,2134,1,692,8,25500,,,-3,,
4461,2135,1,78,6,25560,,,-3,,
4462,2135,1,485,4,25560,,,-3,,
4463,2136,1,550,10,25560,,,-3,,
4464,2137,1,432,4,25560,,,-3,,
4465,2138,1,429,4,25560,,,-3,,
4466,2138,1,925,8,25560,,,-3,,
4467,2139,1,417,12,25560,,,-3,,
4468,2140,1,425,8,25560,,,-3,,
4469,2140,1,475,2,25560,,,-3,,
4470,2141,1,778,11,25560,,,-3,,
4471,2142,1,496,8,25620,,,-3,,
4472,2142,1,451,6,25620,,,-3,,
4473,2142,1,626,7,25620,,,-3,,
4474,2143,1,327,9,25620,,,-3,,
4475,2144,1,542,2,25620,,,-3,,
4476,2144,1,507,12,25620,,,-3,,
4477,2144,1,454,12,25620,,,-3,,
4478,2145,1,450,6,25620,,,-3,,
4479,2146,1,103,8,25620,,,-3,,
4480,2146,1,506,9,25620,,,-3,,
4481,2147,1,506,4,25680,,,-3,,
4482,2148,1,893,6,25680,,,-3,,
4483,2148,1,500,5,25680,,,-3,,
4484,2149,1,481,4,25680,,,-3,,
4485,2150,1,483,4,25740,,,-3,,
4486,2150,1,516,1,25740,,,-3,,
4487,2151,1,969,4,25740,,,-3,,
4488,2151,1,434,1,25740,,,-3,,
4489,2152,1,453,6,25740,,,-3,,
4490,2153,1,435,2,25740,,,-3,,
4491,2153,1,829,10,25740,,,-3,,
4492,2153,1,780,10,25740,,,-3,,
4493,2153,1,448,6,25740,,,-3,,
4494,2153,1,642,5,25740,,,-3,,
4495,2154,1,489,6,25740,,,-3,,
4496,2154,1,471,3,25740,,,-3,,
4497,2154,1,930,12,25740,,,-3,,
4498,2155,1,454,5,25800,,,-3,,
4499,2155,1,373,3,25800,,,-3,,
4500,2155,1,682,4,25800,,,-3,,
4501,2155,1,550,8,25800,,,-3,,
4502,2155,1,705,2,25800,,,-3,,
4503,2156,1,436,4,25800,,,-3,,
4504,2157,1,499,8,25800,,,-3,,
4505,2157,1,501,4,25800,,,-3,,
4506,2157,1,917,10,25800,,,-3,,
4507,2158,1,437,6,25800,,,-3,,
4508,2159,1,612,4,25800,,,-3,,
4509,2159,1,468,6,25800,,,-3,,
4510,2159,1,479,2,25800,,,-3,,
4511,2159,1,497,7,25800,,,-3,,
4512,2159,1,345,5,25800,,,-3,,
4513,2160,1,411,2,25860,,,-3,,
4514,2160,1,424,12,25860,,,-3,,
4515,2160,1,516,10,25860,,,-3,,
4516,2160,1,490,9,25860,,,-3,,
4517,2161,1,830,12,25860,,,-3,,
4518,2162,1,541,5,25860,,,-3,,
4519,2162,1,437,2,25860,,,-3,,
4520,2163,1,489,4,25860,,,-3,,
4521,2163,1,495,8,25860,,,-3,,
4522,2164,1,518,6,25920,,,-3,,
4523,2164,1,544,5,25920,,,-3,,
4524,2165,1,435,4,25920,,,-3,,
4525,2166,1,962,10,25920,,,-3,,
4526,2167,1,357,1,25980,,,-3,,
4527,2168,1,412,7,25980,,,-3,,
4528,2169,1,428,4,25980,,,-3,,
4529,2170,1,402,6,25980,,,-3,,
4530,2170,1,698,5,25980,,,-3,,
4531,2170,1,419,6,25980,,,-3,,
4532,2170,1,485,4,25980,,,-3,,
4533,2170,1,452,6,25980,,,-3,,
4534,2170,1,507,10,25980,,,-3,,
4535,2170,1,667,8,25980,,,-3,,
4536,2171,1,655,4,25980,,,-3,,
4537,2172,1,825,6,25980,,,-3,,
4538,2172,1,86,10,25980,,,-3,,
4539,2173,1,730,4,25980,,,-3,,
4540,2174,1,867,12,25980,,,-3,,
4541,2174,1,445,9,25980,,,-3,,
4542,2174,1,680,10,25980,,,-3,,
4543,2174,1,426,8,25980,,,-3,,
4544,2175,1,637,5,25980,,,-3,,
4545,2176,1,769,9,26040,,,-3,,
4546,2177,1,857,8,26040,,,-3,,
4547,2178,1,521,10,26040,,,-3,,
4548,2179,1,803,3,26040,,,-3,,
4549,2179,1,944,9,26040,,,-3,,
4550,2180,1,409,9,26100,,,-3,,
4551,2180,1,963,10,26100,,,-3,,
4552,2181,1,475,1,26100,,,-3,,
4553,2181,1,423,12,26100,,,-3,,
4554,2182,1,682,7,26100,,,-3,,
4555,2182,1,498,4,26100,,,-3,,
4556,2183,1,562,10,26100,,,-3,,
4557,2184,1,486,2,26100,,,-3,,
4558,2185,1,754,12,26100,,,-3,,
4559,2185,1,477,7,26100,,,-3,,
4560,2186,1,861,6,26100,,,-3,,
4561,2187,1,458,4,26160,,,-3,,
4562,2187,1,706,6,26160,,,-3,,
4563,2188,1,587,6,26160,,,-3,,
4564,2188,1,727,9,26160,,,-3,,
4565,2189,1,455,8,26160,,,-3,,
4566,2189,1,565,6,26160,,,-3,,
4567,2190,1,848,2,26160,,,-3,,
4568,2190,1,739,7,26160,,,-3,,
4569,2191,1,508,5,26160,,,-3,,
4570,2192,1,887,8,26160,,,-3,,
4571,2192,1,466,1,26160,,,-3,,
4572,2193,1,434,11,26160,,,-3,,
4573,2193,1,518,10,26160,,,-3,,
4574,2193,1,444,6,26160,,,-3,,
4575,2193,1,489,4,26160,,,-3,,
4576,2193,1,306,10,26160,,,-3,,
4577,2193,1,503,9,26160,,,-3,,
4578,2193,1,814,2,26160,,,-3,,
4579,2193,1,523,10,26160,,,-3,,
4580,2194,1,286,8,26160,,,-3,,
4581,2194,1,492,2,26160,,,-3,,
4582,2194,1,542,12,26160,,,-3,,
4583,2194,1,974,4,26160,,,-3,,
4584,2195,1,891,6,26160,,,-3,,
4585,2195,1,504,1,26160,,,-3,,
4586,2196,1,730,5,26160,,,-3,,
4587,2197,1,474,6,26220,,,-3,,
4588,2198,1,432,6,26220,,,-3,,
4589,2198,1,517,8,26220,,,-3,,
4590,2199,1,759,12,26220,,,-3,,
4591,2199,1,417,3,26220,,,-3,,
4592,2200,1,859,10,26220,,,-3,,
4593,2200,1,813,9,26220,,,-3,,
4594,2201,1,719,10,26280,,,-3,,
4595,2201,1,482,3,26280,,,-3,,
4596,2202,1,446,12,26280,,,-3,,
4597,2203,1,494,8,26280,,,-3,,
4598,2204,1,581,5,26280,,,-3,,
4599,2205,1,456,2,26280,,,-3,,
4600,2206,1,691,2,26340,,,-3,,
4601,2207,1,780,3,26340,,,-3,,
4602,2207,1,795,8,26340,,,-3,,
4603,2208,1,671,10,26400,,,-3,,
4604,2208,1,503,5,26400,,,-3,,
4605,2209,1,500,10,26400,,,-3,,
4606,2209,1,474,2,26400,,,-3,,
4607,2210,1,810,8,26400,,,-3,,
4608,2211,1,507,10,26400,,,-3,,
4609,2211,1,800,5,26400,,,-3,,
4610,2211,1,25,2,26400,,,-3,,
4611,2212,1,404,3,26400,,,-3,,
4612,2213,1,417,5,26400,,,-3,,
4613,2213,1,481,2,26400,,,-3,,
4614,2213,1,933,7,26400,,,-3,,
4615,2213,1,448,4,26400,,,-3,,
4616,2214,1,513,1,26400,,,-3,,
4617,2215,1,792,4,26400,,,-3,,
4618,2215,1,113,3,26400,,,-3,,
4619,2216,1,737,7,26460,,,-3,,
4620,2217,1,497,9,26460,,,-3,,
4621,2218,1,920,4,26460,,,-3,,
4622,2218,1,514,6,26460,,,-3,,
4623,2219,1,30,8,26460,,,-3,,
4624,2220,1,442,9,26520,,,-3,,
4625,2221,1,434,4,26520,,,-3,,
4626,2222,1,555,4,26520,,,-3,,
4627,2222,1,519,6,26520,,,-3,,
4628,2222,1,414,6,26520,,,-3,,
4629,2222,1,890,8,26520,,,-3,,
4630,2222,1,507,3,26520,,,-3,,
4631,2222,1,466,9,26520,,,-3,,
4632,2223,1,502,10,26520,,,-3,,
4633,2224,1,501,2,26580,,,-3,,
4634,2225,1,435,2,26580,,,-3,,
4635,2225,1,481,6,26580,,,-3,,
4636,2226,1,852,3,26580,,,-3,,
4637,2227,1,721,8,26640,,,-3,,
4638,2227,1,523,5,26640,,,-3,,
4639,2228,1,493,9,26640,,,-3,,
4640,2229,1,916,10,26640,,,-3,,
4641,2230,1,513,4,26640,,,-3,,
4642,2231,1,740,7,26640,,,-3,,
4643,2231,1,480,1,26640,,,-3,,
4644,2232,1,253,3,26700,,,-3,,
4645,2232,1,883,9,26700,,,-3,,
4646,2233,1,491,5,26700,,,-3,,
4647,2234,1,492,4,26700,,,-3,,
4648,2235,1,510,5,26700,,,-3,,
4649,2236,1,899,7,26700,,,-3,,
4650,2237,1,422,11,26760,,,-3,,
4651,2238,1,780,7,26760,,,-3,,
4652,2239,1,495,10,26760,,,-3,,
4653,2239,1,820,5,26760,,,-3,,
4654,2239,1,447,3,26760,,,-3,,
4655,2239,1,441,5,26760,,,-3,,
4656,2239,1,474,6,26760,,,-3,,
4657,2240,1,485,2,26760,,,-3,,
4658,2241,1,443,2,26760,,,-3,,
4659,2242,1,444,8,26820,,,-3,,
4660,2242,1,801,9,26820,,,-3,,
4661,2243,1,446,3,26820,,,-3,,
4662,2243,1,469,5,26820,,,-3,,
4663,2243,1,445,4,26820,,,-3,,
4664,2243,1,941,2,26820,,,-3,,
4665,2243,1,413,6,26820,,,-3,,
4666,2244,1,489,6,26820,,,-3,,
4667,2245,1,420,1,26820,,,-3,,
4668,2245,1,410,5,26820,,,-3,,
4669,2246,1,511,6,26820,,,-3,,
4670,2247,1,695,2,26820,,,-3,,
4671,2248,1,505,12,26820,,,-3,,
4672,2249,1,417,1,26820,,,-3,,
4673,2250,1,403,9,26820,,,-3,,
4674,2251,1,508,10,26820,,,-3,,
4675,2251,1,403,12,26820,,,-3,,
4676,2252,1,523,6,26880,,,-3,,
4677,2252,1,486,7,26880,,,-3,,
4678,2253,1,492,2,26880,,,-3,,
4679,2253,1,422,7,26880,,,-3,,
4680,2254,1,488,8,26880,,,-3,,
4681,2255,1,483,9,26880,,,-3,,
4682,2255,1,968,10,26880,,,-3,,
4683,2256,1,566,6,26880,,,-3,,
4684,2256,1,505,8,26880,,,-3,,
4685,2256,1,296,12,26880,,,-3,,
4686,2256,1,482,10,26880,,,-3,,
4687,2257,1,479,5,26880,,,-3,,
4688,2257,1,647,12,26880,,,-3,,
4689,2258,1,721,6,26940,,,-3,,
4690,2258,1,461,9,26940,,,-3,,
4691,2259,1,441,5,26940,,,-3,,
4692,2260,1,487,9,26940,,,-3,,
4693,2260,1,661,9,26940,,,-3,,
4694,2261,1,599,8,26940,,,-3,,
4695,2262,1,408,8,27000,,,-3,,
4696,2262,1,463,8,27000,,,-3,,
4697,2262,1,869,5,27000,,,-3,,
4698,2262,1,477,8,27000,,,-3,,
4699,2263,1,504,9,27000,,,-3,,
4700,2263,1,428,7,27000,,,-3,,
4701,2263,1,217,10,27000,,,-3,,
4702,2264,1,927,8,27000,,,-3,,
4703,2264,1,501,2,27000,,,-3,,
4704,2265,1,402,3,27060,,,-3,,
4705,2266,1,638,5,27060,,,-3,,
4706,2266,1,443,10,27060,,,-3,,
4707,2267,1,403,8,27120,,,-3,,
4708,2267,1,872,11,27120,,,-3,,
4709,2267,1,832,8,27120,,,-3,,
4710,2268,1,400,6,27120,,,-3,,
4711,2268,1,528,1,27120,,,-3,,
4712,2268,1,533,8,27120,,,-3,,
4713,2268,1,768,7,27120,,,-3,,
4714,2269,1,513,6,27120,,,-3,,
4715,2269,1,456,6,27120,,,-3,,
4716,2270,1,700,5,27120,,,-3,,
4717,2271,1,444,8,27120,,,-3,,
4718,2272,1,500,10,27180,,,-3,,
4719,2273,1,508,6,27180,,,-3,,
4720,2273,1,562,6,27180,,,-3,,
4721,2273,1,503,9,27180,,,-3,,
4722,2273,1,750,2,27180,,,-3,,
4723,2273,1,464,7,27180,,,-3,,
4724,2274,1,899,7,27180,,,-3,,
4725,2275,1,694,8,27240,,,-3,,
4726,2276,1,452,7,27240,,,-3,,
4727,2277,1,415,6,27240,,,-3,,
4728,2278,1,422,6,27240,,,-3,,
4729,2279,1,402,2,27240,,,-3,,
4730,2280,1,475,12,27300,,,-3,,
4731,2281,1,516,6,27300,,,-3,,
4732,2282,1,411,6,27300,,,-3,,
4733,2282,1,467,4,27300,,,-3,,
4734,2282,1,436,9,27300,,,-3,,
4735,2282,1,438,4,27300,,,-3,,
4736,2283,1,655,8,27300,,,-3,,
4737,2283,1,963,6,27300,,,-3,,
4738,2284,1,486,6,27300,,,-3,,
4739,2284,1,431,4,27300,,,-3,,
4740,2284,1,543,8,27300,,,-3,,
4741,2284,1,440,8,27300,,,-3,,
4742,2284,1,531,8,27300,,,-3,,
4743,2284,1,404,5,27300,,,-3,,
4744,2284,1,469,8,27300,,,-3,,
4745,2284,1,402,3,27300,,,-3,,
4746,2285,1,805,5,27300,,,-3,,
4747,2285,1,428,2,27300,,,-3,,
4748,2285,1,446,3,27300,,,-3,,
4749,2285,1,515,2,27300,,,-3,,
4750,2286,1,825,8,27360,,,-3,,
4751,2286,1,404,8,27360,,,-3,,
4752,2287,1,462,9,27360,,,-3,,
4753,2287,1,428,9,27360,,,-3,,
4754,2287,1,400,5,27360,,,-3,,
4755,2288,1,471,8,27360,,,-3,,
4756,2289,1,502,10,27360,,,-3,,
4757,2290,1,726,6,27420,,,-3,,
4758,2291,1,742,7,27420,,,-3,,
4759,2292,1,481,2,27480,,,-3,,
4760,2292,1,402,9,27480,,,-3,,
4761,2292,1,411,2,27480,,,-3,,
4762,2292,1,899,9,27480,,,-3,,
4763,2292,1,735,6,27480,,,-3,,
4764,2292,1,428,8,27480,,,-3,,
4765,2293,1,505,5,27480,,,-3,,
4766,2293,1,727,4,27480,,,-3,,
4767,2294,1,457,6,27480,,,-3,,
4768,2295,1,520,4,27480,,,-3,,
4769,2296,1,417,11,27480,,,-3,,
4770,2296,1,573,4,27480,,,-3,,
4771,2297,1,683,8,27540,,,-3,,
4772,2298,1,716,4,27540,,,-3,,
4773,2299,1,572,3,27540,,,-3,,
4774,2299,1,441,6,27540,,,-3,,
4775,2299,1,465,5,27540,,,-3,,
4776,2299,1,446,7,27540,,,-3,,
4777,2299,1,910,6,27540,,,-3,,
4778,2299,1,450,7,27540,,,-3,,
4779,2300,1,435,4,27540,,,-3,,
4780,2300,1,515,8,27540,,,-3,,
4781,2301,1,453,4,27540,,,-3,,
4782,2301,1,519,4,27540,,,-3,,
4783,2301,1,664,5,27540,,,-3,,
4784,2301,1,699,8,27540,,,-3,,
4785,2301,1,314,6,27540,,,-3,,
4786,2302,1,452,3,27600,,,-3,,
4787,2302,1,402,10,27600,,,-3,,
4788,2302,1,448,11,27600,,,-3,,
4789,2303,1,637,12,27600,,,-3,,
4790,2303,1,425,12,27600,,,-3,,
4791,2303,1,512,7,27600,,,-3,,
4792,2303,1,431,6,27600,,,-3,,
4793,2304,1,477,3,27600,,,-3,,
4794,2305,1,888,6,27600,,,-3,,
4795,2305,1,410,1,27600,,,-3,,
4796,2306,1,710,3,27600,,,-3,,
4797,2306,1,491,7,27600,,,-3,,
4798,2307,1,457,6,27600,,,-3,,
4799,2308,1,507,4,27600,,,-3,,
4800,2308,1,437,4,27600,,,-3,,
4801,2309,1,403,12,27660,,,-3,,
4802,2309,1,606,4,27660,,,-3,,
4803,2309,1,494,8,27660,,,-3,,
4804,2310,1,511,6,27660,,,-3,,
4805,2310,1,465,6,27660,,,-3,,
4806,2311,1,429,10,27660,,,-3,,
4807,2311,1,473,9,27660,,,-3,,
4808,2311,1,516,10,27660,,,-3,,
4809,2311,1,962,4,27660,,,-3,,
4810,2312,1,919,10,27720,,,-3,,
4811,2313,1,423,4,27720,,,-3,,
4812,2313,1,551,5,27720,,,-3,,
4813,2313,1,438,7,27720,,,-3,,
4814,2314,1,470,2,27720,,,-3,,
4815,2314,1,487,6,27720,,,-3,,
4816,2314,1,808,6,27720,,,-3,,
4817,2314,1,647,8,27720,,,-3,,
4818,2315,1,418,5,27720,,,-3,,
4819,2315,1,518,10,27720,,,-3,,
4820,2315,1,434,8,27720,,,-3,,
4821,2315,1,743,10,27720,,,-3,,
4822,2315,1,431,11,27720,,,-3,,
4823,2315,1,802,11,27720,,,-3,,
4824,2315,1,428,8,27720,,,-3,,
4825,2315,1,445,8,27720,,,-3,,
4826,2316,1,884,4,27720,,,-3,,
4827,2316,1,713,12,27720,,,-3,,
4828,2316,1,538,7,27720,,,-3,,
4829,2317,1,961,8,27780,,,-3,,
4830,2317,1,441,8,27780,,,-3,,
4831,2317,1,47,7,27780,,,-3,,
4832,2317,1,603,3,27780,,,-3,,
4833,2317,1,523,7,27780,,,-3,,
4834,2317,1,427,8,27780,,,-3,,
4835,2318,1,452,8,27780,,,-3,,
4836,2319,1,517,4,27780,,,-3,,
4837,2319,1,890,6,27780,,,-3,,
4838,2320,1,507,3,27780,,,-3,,
4839,2320,1,332,6,27780,,,-3,,
4840,2321,1,437,4,27780,,,-3,,
4841,2322,1,428,10,27840,,,-3,,
4842,2323,1,727,7,27840,,,-3,,
4843,2324,1,420,6,27840,,,-3,,
4844,2325,1,410,6,27840,,,-3,,
4845,2326,1,748,7,27840,,,-3,,
4846,2326,1,672,2,27840,,,-3,,
4847,2327,1,480,4,27900,,,-3,,
4848,2327,1,438,3,27900,,,-3,,
4849,2328,1,689,10,27900,,,-3,,
4850,2328,1,470,12,27900,,,-3,,
4851,2329,1,415,2,27900,,,-3,,
4852,2329,1,524,9,27900,,,-3,,
4853,2329,1,568,8,27900,,,-3,,
4854,2330,1,796,10,27960,,,-3,,
4855,2330,1,453,9,27960,,,-3,,
4856,2331,1,463,9,27960,,,-3,,
4857,2331,1,496,2,27960,,,-3,,
4858,2331,1,697,1,27960,,,-3,,
4859,2331,1,506,8,27960,,,-3,,
4860,2332,1,486,10,27960,,,-3,,
4861,2333,1,881,10,27960,,,-3,,
4862,2334,1,761,4,28020,,,-3,,
4863,2334,1,769,8,28020,,,-3,,
4864,2334,1,258,1,28020,,,-3,,
4865,2334,1,482,12,28020,,,-3,,
4866,2335,1,458,9,28020,,,-3,,
4867,2336,1,862,6,28020,,,-3,,
4868,2336,1,495,6,28020,,,-3,,
4869,2336,1,421,10,28020,,,-3,,
4870,2336,1,434,10,28020,,,-3,,
4871,2336,1,460,4,28020,,,-3,,
4872,2337,1,441,7,28020,,,-3,,
4873,2337,1,489,4,28020,,,-3,,
4874,2338,1,570,4,28020,,,-3,,
4875,2338,1,515,10,28020,,,-3,,
4876,2339,1,526,4,28020,,,-3,,
4877,2340,1,491,8,28020,,,-3,,
4878,2341,1,650,9,28080,,,-3,,
4879,2341,1,874,3,28080,,,-3,,
4880,2341,1,659,4,28080,,,-3,,
4881,2341,1,412,6,28080,,,-3,,
4882,2342,1,872,11,28080,,,-3,,
4883,2343,1,471,9,28080,,,-3,,
4884,2344,1,925,6,28080,,,-3,,
4885,2344,1,456,12,28080,,,-3,,
4886,2344,1,451,9,28080,,,-3,,
4887,2344,1,656,8,28080,,,-3,,
4888,2345,1,401,8,28140,,,-3,,
4889,2345,1,488,6,28140,,,-3,,
4890,2346,1,485,9,28200,,,-3,,
4891,2346,1,944,12,28200,,,-3,,
4892,2346,1,952,6,28200,,,-3,,
4893,2346,1,507,8,28200,,,-3,,
4894,2346,1,859,6,28200,,,-3,,
4895,2346,1,842,2,28200,,,-3,,
4896,2347,1,582,6,28200,,,-3,,
4897,2347,1,774,8,28200,,,-3,,
4898,2348,1,518,5,28200,,,-3,,
4899,2348,1,628,3,28200,,,-3,,
4900,2349,1,580,8,28200,,,-3,,
4901,2350,1,516,6,28200,,,-3,,
4902,2351,1,609,10,28200,,,-3,,
4903,2352,1,488,10,28260,,,-3,,
4904,2353,1,434,2,28320,,,-3,,
4905,2354,1,481,6,28320,,,-3,,
4906,2354,1,459,6,28320,,,-3,,
4907,2354,1,453,12,28320,,,-3,,
4908,2355,1,440,1,28320,,,-3,,
4909,2356,1,410,2,28320,,,-3,,
4910,2356,1,565,1,28320,,,-3,,
4911,2357,1,463,9,28320,,,-3,,
4912,2357,1,549,5,28320,,,-3,,
4913,2358,1,473,1,28380,,,-3,,
4914,2359,1,774,12,28380,,,-3,,
4915,2360,1,505,6,28380,,,-3,,
4916,2360,1,611,4,28380,,,-3,,
4917,2361,1,452,8,28380,,,-3,,
4918,2362,1,473,2,28380,,,-3,,
4919,2363,1,815,4,28380,,,-3,,
4920,2363,1,512,6,28380,,,-3,,
4921,2364,1,689,12,28380,,,-3,,
4922,2365,1,457,9,28380,,,-3,,
4923,2365,1,478,10,28380,,,-3,,
4924,2366,1,945,10,28380,,,-3,,
4925,2366,1,454,10,28380,,,-3,,
4926,2367,1,409,8,28380,,,-3,,
4927,2367,1,461,8,28380,,,-3,,
4928,2367,1,434,3,28380,,,-3,,
4929,2368,1,448,6,28380,,,-3,,
4930,2369,1,522,6,28380,,,-3,,
4931,2369,1,501,10,28380,,,-3,,
4932,2369,1,401,10,28380,,,-3,,
4933,2369,1,547,4,28380,,,-3,,
4934,2369,1,97,8,28380,,,-3,,
4935,2370,1,865,7,28440,,,-3,,
4936,2371,1,641,6,28440,,,-3,,
4937,2371,1,443,9,28440,,,-3,,
4938,2371,1,595,7,28440,,,-3,,
4939,2372,1,522,6,28440,,,-3,,
4940,2372,1,471,10,28440,,,-3,,
4941,2372,1,511,6,28440,,,-3,,
4942,2373,1,602,7,28440,,,-3,,
4943,2374,1,416,6,28500,,,-3,,
4944,2374,1,592,9,28500,,,-3,,
4945,2374,1,442,6,28500,,,-3,,
4946,2375,1,575,4,28560,,,-3,,
4947,2376,1,406,4,28560,,,-3,,
4948,2376,1,327,10,28560,,,-3,,
4949,2377,1,483,4,28560,,,-3,,
4950,2377,1,491,9,28560,,,-3,,
4951,2378,1,490,2,28560,,,-3,,
4952,2379,1,446,5,28560,,,-3,,
4953,2379,1,466,2,28560,,,-3,,
4954,2379,1,849,10,28560,,,-3,,
4955,2379,1,484,10,28560,,,-3,,
4956,2380,1,626,10,28620,,,-3,,
4957,2380,1,431,4,28620,,,-3,,
4958,2381,1,486,12,28620,,,-3,,
4959,2381,1,911,1,28620,,,-3,,
4960,2381,1,461,1,28620,,,-3,,
4961,2382,1,858,9,28620,,,-3,,
4962,2382,1,423,6,28620,,,-3,,
4963,2382,1,440,8,28620,,,-3,,
4964,2382,1,502,4,28620,,,-3,,
4965,2382,1,664,10,28620,,,-3,,
4966,2382,1,463,3,28620,,,-3,,
4967,2383,1,438,6,28620,,,-3,,
4968,2384,1,427,8,28680,,,-3,,
4969,2384,1,504,4,28680,,,-3,,
4970,2384,1,517,3,28680,,,-3,,
4971,2385,1,702,10,28680,,,-3,,
4972,2386,1,440,8,28740,,,-3,,
4973,2386,1,455,10,28740,,,-3,,
4974,2387,1,480,3,28740,,,-3,,
4975,2388,1,507,4,28740,,,-3,,
4976,2389,1,409,6,28740,,,-3,,
4977,2389,1,622,3,28740,,,-3,,
4978,2389,1,448,4,28740,,,-3,,
4979,2389,1,949,10,28740,,,-3,,
4980,2390,1,468,4,28740,,,-3,,
4981,2391,1,805,10,28740,,,-3,,
4982,2392,1,869,5,28800,,,-3,,
4983,2392,1,406,2,28800,,,-3,,
4984,2393,1,489,4,28800,,,-3,,
4985,2394,1,427,2,28800,,,-3,,
4986,2394,1,644,8,28800,,,-3,,
4987,2394,1,572,6,28800,,,-3,,
4988,2394,1,502,7,28800,,,-3,,
4989,2394,1,902,5,28800,,,-3,,
4990,2395,1,404,8,28800,,,-3,,
4991,2395,1,651,6,28800,,,-3,,
4992,2395,1,416,12,28800,,,-3,,
4993,2396,1,286,4,28800,,,-3,,
4994,2396,1,694,8,28800,,,-3,,
4995,2397,1,632,5,28860,,,-3,,
4996,2397,1,716,9,28860,,,-3,,
4997,2398,1,500,1,28860,,,-3,,
4998,2398,1,481,8,28860,,,-3,,
4999,2399,1,447,8,28860,,,-3,,
5000,2399,1,438,11,28860,,,-3,,
5001,2399,1,686,6,28860,,,-3,,
5002,2399,1,520,2,28860,,,-3,,
5003,2400,1,504,6,28860,,,-3,,
5004,2400,1,426,6,28860,,,-3,,
5005,2400,1,700,11,28860,,,-3,,
5006,2401,1,796,10,28920,,,-3,,
5007,2402,1,499,5,28920,,,-3,,
5008,2402,1,495,6,28920,,,-3,,
5009,2403,1,535,4,28920,,,-3,,
5010,2403,1,603,6,28920,,,-3,,
5011,2403,1,543,6,28920,,,-3,,
5012,2404,1,578,1,28920,,,-3,,
5013,2405,1,459,8,28920,,,-3,,
5014,2405,1,465,5,28920,,,-3,,
5015,2406,1,955,5,28980,,,-3,,
5016,2406,1,480,11,28980,,,-3,,
5017,2406,1,466,6,28980,,,-3,,
5018,2406,1,460,5,28980,,,-3,,
5019,2406,1,503,8,28980,,,-3,,
5020,2406,1,412,8,28980,,,-3,,
5021,2407,1,830,1,28980,,,-3,,
5022,2407,1,427,10,28980,,,-3,,
5023,2407,1,516,10,28980,,,-3,,
5024,2407,1,440,9,28980,,,-3,,
5025,2407,1,488,8,28980,,,-3,,
5026,2408,1,470,12,28980,,,-3,,
5027,2408,1,774,8,28980,,,-3,,
5028,2409,1,483,8,28980,,,-3,,
5029,2409,1,537,8,28980,,,-3,,
5030,2409,1,291,8,28980,,,-3,,
5031,2410,1,428,2,28980,,,-3,,
5032,2411,1,501,11,28980,,,-3,,
5033,2412,1,538,6,28980,,,-3,,
5034,2413,1,65,6,28980,,,-3,,
5035,2413,1,485,8,28980,,,-3,,
5036,2413,1,894,8,28980,,,-3,,
5037,2413,1,480,8,28980,,,-3,,
5038,2414,1,859,12,28980,,,-3,,
5039,2415,1,903,12,29040,,,-3,,
5040,2415,1,465,7,29040,,,-3,,
5041,2416,1,418,4,29040,,,-3,,
5042,2416,1,471,4,29040,,,-3,,
5043,2416,1,830,9,29040,,,-3,,
5044,2416,1,425,5,29040,,,-3,,
5045,2416,1,446,2,29040,,,-3,,
5046,2416,1,813,11,29040,,,-3,,
5047,2417,1,510,6,29040,,,-3,,
5048,2417,1,457,10,29040,,,-3,,
5049,2418,1,439,7,29100,,,-3,,
5050,2419,1,747,6,29160,,,-3,,
5051,2420,1,482,2,29160,,,-3,,
5052,2421,1,438,6,29160,,,-3,,
5053,2421,1,500,11,29160,,,-3,,
5054,2421,1,494,6,29160,,,-3,,
5055,2421,1,898,7,29160,,,-3,,
5056,2422,1,688,6,29160,,,-3,,
5057,2423,1,492,3,29160,,,-3,,
5058,2424,1,422,12,29160,,,-3,,
5059,2425,1,545,6,29220,,,-3,,
5060,2425,1,467,10,29220,,,-3,,
5061,2425,1,468,7,29220,,,-3,,
5062,2425,1,464,4,29220,,,-3,,
5063,2425,1,413,6,29220,,,-3,,
5064,2425,1,522,6,29220,,,-3,,
5065,2425,1,959,5,29220,,,-3,,
5066,2426,1,504,8,29220,,,-3,,
5067,2427,1,492,3,29220,,,-3,,
5068,2427,1,722,10,29220,,,-3,,
5069,2428,1,705,2,29220,,,-3,,
5070,2429,1,507,1,29220,,,-3,,
5071,2430,1,204,3,29220,,,-3,,
5072,2431,1,464,7,29220,,,-3,,
5073,2431,1,434,8,29220,,,-3,,
5074,2432,1,487,3,29280,,,-3,,
5075,2433,1,717,2,29280,,,-3,,
5076,2434,1,483,4,29280,,,-3,,
5077,2435,1,463,2,29340,,,-3,,
5078,2435,1,508,7,29340,,,-3,,
5079,2436,1,468,7,29340,,,-3,,
5080,2436,1,725,7,29340,,,-3,,
5081,2436,1,488,8,29340,,,-3,,
5082,2437,1,590,5,29340,,,-3,,
5083,2437,1,165,10,29340,,,-3,,
5084,2438,1,442,10,29340,,,-3,,
5085,2438,1,904,1,29340,,,-3,,
5086,2438,1,940,6,29340,,,-3,,
5087,2439,1,521,8,29340,,,-3,,
5088,2440,1,511,9,29340,,,-3,,
5089,2440,1,939,8,29340,,,-3,,
5090,2441,1,496,10,29340,,,-3,,
5091,2441,1,432,10,29340,,,-3,,
5092,2442,1,490,5,29340,,,-3,,
5093,2442,1,429,1,29340,,,-3,,
5094,2443,1,474,5,29340,,,-3,,
5095,2444,1,927,7,29400,,,-3,,
5096,2444,1,495,12,29400,,,-3,,
5097,2445,1,481,6,29400,,,-3,,
5098,2446,1,500,5,29400,,,-3,,
5099,2446,1,451,11,29400,,,-3,,
5100,2446,1,646,8,29400,,,-3,,
5101,2446,1,30,7,29400,,,-3,,
5102,2447,1,467,7,29400,,,-3,,
5103,2447,1,515,8,29400,,,-3,,
5104,2447,1,427,3,29400,,,-3,,
5105,2447,1,610,4,29400,,,-3,,
5106,2448,1,515,3,29400,,,-3,,
5107,2449,1,498,1,29400,,,-3,,
5108,2449,1,522,10,29400,,,-3,,
5109,2450,1,416,6,29400,,,-3,,
5110,2450,1,937,3,29400,,,-3,,
5111,2450,1,902,4,29400,,,-3,,
5112,2450,1,787,8,29400,,,-3,,
5113,2450,1,514,4,29400,,,-3,,
5114,2450,1,463,6,29400,,,-3,,
5115,2450,1,480,8,29400,,,-3,,
5116,2451,1,467,3,29460,,,-3,,
5117,2451,1,458,6,29460,,,-3,,
5118,2452,1,505,2,29460,,,-3,,
5119,2452,1,401,11,29460,,,-3,,
5120,2452,1,447,8,29460,,,-3,,
5121,2452,1,667,2,29460,,,-3,,
5122,2453,1,515,6,29460,,,-3,,
5123,2453,1,501,7,29460,,,-3,,
5124,2454,1,463,10,29460,,,-3,,
5125,2455,1,471,8,29460,,,-3,,
5126,2456,1,459,8,29460,,,-3,,
5127,2457,1,928,6,29520,,,-3,,
5128,2458,1,413,12,29520,,,-3,,
5129,2459,1,599,6,29520,,,-3,,
5130,2459,1,434,7,29520,,,-3,,
5131,2459,1,444,4,29520,,,-3,,
5132,2460,1,723,4,29520,,,-3,,
5133,2460,1,443,8,29520,,,-3,,
5134,2461,1,412,5,29520,,,-3,,
5135,2461,1,585,8,29520,,,-3,,
5136,2461,1,941,10,29520,,,-3,,
5137,2462,1,877,3,29520,,,-3,,
5138,2463,1,522,2,29580,,,-3,,
5139,2464,1,483,6,29580,,,-3,,
5140,2465,1,779,9,29580,,,-3,,
5141,2465,1,793,6,29580,,,-3,,
5142,2465,1,460,4,29580,,,-3,,
5143,2466,1,509,7,29580,,,-3,,
5144,2466,1,887,6,29580,,,-3,,
5145,2466,1,464,8,29580,,,-3,,
5146,2467,1,752,4,29640,,,-3,,
5147,2468,1,409,7,29640,,,-3,,
5148,2468,1,731,4,29640,,,-3,,
5149,2468,1,430,8,29640,,,-3,,
5150,2469,1,433,8,29640,,,-3,,
5151,2470,1,903,2,29700,,,-3,,
5152,2471,1,479,5,29700,,,-3,,
5153,2471,1,793,6,29700,,,-3,,
5154,2472,1,724,10,29700,,,-3,,
5155,2473,1,442,7,29700,,,-3,,
5156,2474,1,509,8,29700,,,-3,,
5157,2474,1,670,4,29700,,,-3,,
5158,2474,1,580,9,29700,,,-3,,
5159,2475,1,508,10,29700,,,-3,,
5160,2475,1,494,5,29700,,,-3,,
5161,2476,1,495,7,29760,,,-3,,
5162,2477,1,697,3,29760,,,-3,,
5163,2477,1,502,8,29760,,,-3,,
5164,2477,1,796,12,29760,,,-3,,
5165,2477,1,508,10,29760,,,-3,,
5166,2477,1,369,4,29760,,,-3,,
5167,2478,1,508,3,29760,,,-3,,
5168,2479,1,428,9,29820,,,-3,,
5169,2479,1,449,4,29820,,,-3,,
5170,2479,1,430,6,29820,,,-3,,
5171,2479,1,267,5,29820,,,-3,,
5172,2479,1,850,6,29820,,,-3,,
5173,2479,1,501,6,29820,,,-3,,
5174,2479,1,866,2,29820,,,-3,,
5175,2479,1,466,7,29820,,,-3,,
5176,2479,1,725,4,29820,,,-3,,
5177,2480,1,557,1,29820,,,-3,,
5178,2481,1,914,10,29820,,,-3,,
5179,2482,1,683,4,29820,,,-3,,
5180,2482,1,661,5,29820,,,-3,,
5181,2483,1,929,5,29820,,,-3,,
5182,2484,1,440,7,29820,,,-3,,
5183,2484,1,512,12,29820,,,-3,,
5184,2484,1,668,8,29820,,,-3,,
5185,2484,1,812,4,29820,,,-3,,
5186,2484,1,464,5,29820,,,-3,,
5187,2485,1,433,6,29820,,,-3,,
5188,2485,1,512,8,29820,,,-3,,
5189,2485,1,488,4,29820,,,-3,,
5190,2486,1,405,11,29820,,,-3,,
5191,2487,1,440,7,29820,,,-3,,
5192,2487,1,507,4,29820,,,-3,,
5193,2488,1,465,8,29880,,,-3,,
5194,2488,1,505,7,29880,,,-3,,
5195,2489,1,521,8,29880,,,-3,,
5196,2490,1,496,2,29880,,,-3,,
5197,2490,1,243,7,29880,,,-3,,
5198,2491,1,418,8,29880,,,-3,,
5199,2492,1,440,10,29940,,,-3,,
5200,2493,1,441,9,29940,,,-3,,
5201,2493,1,449,6,29940,,,-3,,
5202,2493,1,426,3,29940,,,-3,,
5203,2494,1,455,6,29940,,,-3,,
5204,2494,1,550,4,29940,,,-3,,
5205,2494,1,427,6,29940,,,-3,,
5206,2494,1,425,1,29940,,,-3,,
5207,2495,1,620,10,29940,,,-3,,
5208,2495,1,489,1,29940,,,-3,,
5209,2495,1,470,4,29940,,,-3,,
5210,2495,1,409,2,29940,,,-3,,
5211,2496,1,417,7,29940,,,-3,,
5212,2497,1,842,8,29940,,,-3,,
5213,2497,1,487,3,29940,,,-3,,
5214,2498,1,437,9,29940,,,-3,,
5215,2499,1,479,6,29940,,,-3,,
5216,2500,1,517,12,29940,,,-3,,
5217,2501,1,895,9,30000,,,-3,,
5218,2501,1,970,5,30000,,,-3,,
5219,2501,1,433,6,30000,,,-3,,
5220,2502,1,421,6,30000,,,-3,,
5221,2502,1,573,2,30000,,,-3,,
5222,2503,1,692,10,30000,,,-3,,
5223,2503,1,476,8,30000,,,-3,,
5224,2503,1,434,8,30000,,,-3,,
5225,2503,1,866,6,30000,,,-3,,
5226,2503,1,483,11,30000,,,-3,,
5227,2504,1,724,6,30000,,,-3,,
5228,2504,1,540,4,30000,,,-3,,
5229,2505,1,693,2,30000,,,-3,,
5230,2506,1,873,6,30000,,,-3,,
5231,2506,1,487,8,30000,,,-3,,
5232,2507,1,605,1,30060,,,-3,,
5233,2507,1,403,2,30060,,,-3,,
5234,2508,1,822,6,30060,,,-3,,
5235,2508,1,456,9,30060,,,-3,,
5236,2508,1,510,4,30060,,,-3,,
5237,2508,1,479,5,30060,,,-3,,
5238,2508,1,535,5,30060,,,-3,,
5239,2508,1,540,9,30060,,,-3,,
5240,2508,1,690,9,30060,,,-3,,
5241,2509,1,459,8,30060,,,-3,,
5242,2509,1,871,7,30060,,,-3,,
5243,2510,1,957,6,30060,,,-3,,
5244,2511,1,103,4,30060,,,-3,,
5245,2512,1,483,8,30060,,,-3,,
5246,2512,1,439,6,30060,,,-3,,
5247,2513,1,708,3,30060,,,-3,,
5248,2513,1,272,4,30060,,,-3,,
5249,2514,1,416,3,30060,,,-3,,
5250,2515,1,454,11,30060,,,-3,,
5251,2515,1,457,7,30060,,,-3,,
5252,2515,1,551,8,30060,,,-3,,
5253,2515,1,63,7,30060,,,-3,,
5254,2515,1,468,11,30060,,,-3,,
5255,2515,1,472,2,30060,,,-3,,
5256,2516,1,44,7,30120,,,-3,,
5257,2516,1,439,6,30120,,,-3,,
5258,2516,1,488,2,30120,,,-3,,
5259,2516,1,508,5,30120,,,-3,,
5260,2517,1,502,8,30120,,,-3,,
5261,2518,1,566,2,30120,,,-3,,
5262,2519,1,498,8,30120,,,-3,,
5263,2519,1,467,8,30120,,,-3,,
5264,2520,1,462,10,30120,,,-3,,
5265,2520,1,703,6,30120,,,-3,,
5266,2521,1,429,6,30120,,,-3,,
5267,2522,1,464,2,30120,,,-3,,
5268,2523,1,461,6,30120,,,-3,,
5269,2524,1,454,12,30120,,,-3,,
5270,2524,1,452,2,30120,,,-3,,
5271,2525,1,509,5,30120,,,-3,,
5272,2526,1,914,8,30180,,,-3,,
5273,2527,1,411,8,30180,,,-3,,
5274,2528,1,481,3,30240,,,-3,,
5275,2528,1,436,11,30240,,,-3,,
5276,2528,1,479,4,30240,,,-3,,
5277,2528,1,472,12,30240,,,-3,,
5278,2528,1,345,4,30240,,,-3,,
5279,2529,1,412,6,30240,,,-3,,
5280,2530,1,597,4,30240,,,-3,,
5281,2530,1,450,8,30240,,,-3,,
5282,2531,1,520,4,30240,,,-3,,
5283,2532,1,458,4,30240,,,-3,,
5284,2533,1,35,4,30240,,,-3,,
5285,2534,1,881,9,30240,,,-3,,
5286,2534,1,518,4,30240,,,-3,,
5287,2534,1,799,6,30240,,,-3,,
5288,2534,1,113,4,30240,,,-3,,
5289,2534,1,837,8,30240,,,-3,,
5290,2535,1,597,4,30240,,,-3,,
5291,2535,1,694,6,30240,,,-3,,
5292,2535,1,460,7,30240,,,-3,,
5293,2536,1,429,2,30300,,,-3,,
5294,2536,1,600,5,30300,,,-3,,
5295,2536,1,509,6,30300,,,-3,,
5296,2536,1,687,7,30300,,,-3,,
5297,2536,1,526,9,30300,,,-3,,
5298,2536,1,465,2,30300,,,-3,,
5299,2536,1,425,2,30300,,,-3,,
5300,2536,1,853,4,30300,,,-3,,
5301,2537,1,912,8,30300,,,-3,,
5302,2538,1,443,5,30300,,,-3,,
5303,2539,1,492,6,30300,,,-3,,
5304,2539,1,417,7,30300,,,-3,,
5305,2539,1,371,5,30300,,,-3,,
5306,2539,1,697,3,30300,,,-3,,
5307,2540,1,792,12,30360,,,-3,,
5308,2541,1,401,11,30360,,,-3,,
5309,2541,1,664,6,30360,,,-3,,
5310,2541,1,923,2,30360,,,-3,,
5311,2541,1,679,8,30360,,,-3,,
5312,2542,1,938,12,30360,,,-3,,
5313,2542,1,438,6,30360,,,-3,,
5314,2543,1,85,6,30360,,,-3,,
5315,2544,1,872,5,30360,,,-3,,
5316,2545,1,454,10,30360,,,-3,,
5317,2545,1,484,11,30360,,,-3,,
5318,2546,1,482,7,30360,,,-3,,
5319,2546,1,438,4,30360,,,-3,,
5320,2546,1,483,9,30360,,,-3,,
5321,2546,1,869,8,30360,,,-3,,
5322,2546,1,153,8,30360,,,-3,,
5323,2546,1,327,8,30360,,,-3,,
5324,2547,1,752,7,30360,,,-3,,
5325,2547,1,848,5,30360,,,-3,,
5326,2547,1,481,7,30360,,,-3,,
5327,2548,1,797,4,30420,,,-3,,
5328,2548,1,504,5,30420,,,-3,,
5329,2549,1,452,6,30420,,,-3,,
5330,2550,1,271,6,30420,,,-3,,
5331,2551,1,491,3,30420,,,-3,,
5332,2551,1,459,4,30420,,,-3,,
5333,2551,1,754,11,30420,,,-3,,
5334,2551,1,499,6,30420,,,-3,,
5335,2551,1,862,3,30420,,,-3,,
5336,2551,1,434,10,30420,,,-3,,
5337,2552,1,479,8,30420,,,-3,,
5338,2552,1,504,4,30420,,,-3,,
5339,2553,1,198,8,30420,,,-3,,
5340,2553,1,540,8,30420,,,-3,,
5341,2554,1,447,5,30420,,,-3,,
5342,2554,1,432,4,30420,,,-3,,
5343,2554,1,430,6,30420,,,-3,,
5344,2554,1,444,12,30420,,,-3,,
5345,2555,1,467,10,30420,,,-3,,
5346,2556,1,953,3,30420,,,-3,,
5347,2556,1,413,4,30420,,,-3,,
5348,2556,1,616,9,30420,,,-3,,
5349,2556,1,503,6,30420,,,-3,,
5350,2557,1,220,2,30420,,,-3,,
5351,2557,1,484,6,30420,,,-3,,
5352,2557,1,404,8,30420,,,-3,,
5353,2557,1,691,12,30420,,,-3,,
5354,2557,1,568,4,30420,,,-3,,
5355,2557,1,471,6,30420,,,-3,,
5356,2557,1,466,10,30420,,,-3,,
5357,2557,1,917,8,30420,,,-3,,
5358,2557,1,496,4,30420,,,-3,,
5359,2558,1,519,12,30480,,,-3,,
5360,2558,1,414,11,30480,,,-3,,
5361,2558,1,459,3,30480,,,-3,,
5362,2558,1,503,10,30480,,,-3,,
5363,2558,1,444,2,30480,,,-3,,
5364,2559,1,484,4,30480,,,-3,,
5365,2559,1,413,11,30480,,,-3,,
5366,2560,1,344,3,30540,,,-3,,
5367,2560,1,599,6,30540,,,-3,,
5368,2560,1,817,8,30540,,,-3,,
5369,2561,1,663,8,30540,,,-3,,
5370,2562,1,635,10,30540,,,-3,,
5371,2563,1,864,2,30540,,,-3,,
5372,2564,1,282,6,30540,,,-3,,
5373,2565,1,436,4,30600,,,-3,,
5374,2565,1,952,8,30600,,,-3,,
5375,2566,1,971,6,30600,,,-3,,
5376,2566,1,430,5,30600,,,-3,,
5377,2567,1,796,7,30600,,,-3,,
5378,2568,1,505,6,30600,,,-3,,
5379,2568,1,442,3,30600,,,-3,,
5380,2568,1,419,8,30600,,,-3,,
5381,2568,1,411,7,30600,,,-3,,
5382,2569,1,945,10,30600,,,-3,,
5383,2570,1,524,8,30600,,,-3,,
5384,2570,1,444,11,30600,,,-3,,
5385,2571,1,459,4,30600,,,-3,,
5386,2572,1,427,3,30660,,,-3,,
5387,2572,1,917,11,30660,,,-3,,
5388,2573,1,442,4,30660,,,-3,,
5389,2574,1,463,4,30660,,,-3,,
5390,2575,1,488,3,30660,,,-3,,
5391,2575,1,508,4,30660,,,-3,,
5392,2575,1,509,7,30660,,,-3,,
5393,2575,1,477,6,30660,,,-3,,
5394,2575,1,867,7,30660,,,-3,,
5395,2575,1,499,5,30660,,,-3,,
5396,2575,1,558,2,30660,,,-3,,
5397,2576,1,517,4,30660,,,-3,,
5398,2577,1,664,7,30660,,,-3,,
5399,2577,1,501,6,30660,,,-3,,
5400,2577,1,481,12,30660,,,-3,,
5401,2578,1,920,4,30660,,,-3,,
5402,2579,1,154,6,30660,,,-3,,
5403,2579,1,487,10,30660,,,-3,,
5404,2579,1,410,5,30660,,,-3,,
5405,2579,1,651,10,30660,,,-3,,
5406,2579,1,565,3,30660,,,-3,,
5407,2580,1,424,1,30660,,,-3,,
5408,2580,1,522,4,30660,,,-3,,
5409,2581,1,624,2,30660,,,-3,,
5410,2582,1,445,4,30660,,,-3,,
5411,2583,1,471,5,30720,,,-3,,
5412,2583,1,453,10,30720,,,-3,,
5413,2583,1,510,4,30720,,,-3,,
5414,2584,1,433,7,30720,,,-3,,
5415,2585,1,310,5,30720,,,-3,,
5416,2585,1,518,6,30720,,,-3,,
5417,2586,1,683,5,30720,,,-3,,
5418,2587,1,517,10,30720,,,-3,,
5419,2588,1,449,9,30780,,,-3,,
5420,2588,1,458,4,30780,,,-3,,
5421,2588,1,438,2,30780,,,-3,,
5422,2588,1,566,6,30780,,,-3,,
5423,2588,1,803,8,30780,,,-3,,
5424,2589,1,455,1,30780,,,-3,,
5425,2589,1,405,10,30780,,,-3,,
5426,2589,1,479,2,30780,,,-3,,
5427,2590,1,844,11,30780,,,-3,,
5428,2590,1,608,4,30780,,,-3,,
5429,2591,1,571,8,30780,,,-3,,
5430,2591,1,923,6,30780,,,-3,,
5431,2591,1,504,6,30780,,,-3,,
5432,2591,1,448,5,30780,,,-3,,
5433,2591,1,432,3,30780,,,-3,,
5434,2591,1,515,9,30780,,,-3,,
5435,2591,1,498,9,30780,,,-3,,
5436,2592,1,510,9,30780,,,-3,,
5437,2592,1,450,7,30780,,,-3,,
5438,2592,1,425,4,30780,,,-3,,
5439,2592,1,406,9,30780,,,-3,,
5440,2592,1,461,8,30780,,,-3,,
5441,2592,1,460,7,30780,,,-3,,
5442,2592,1,402,10,30780,,,-3,,
5443,2592,1,436,10,30780,,,-3,,
5444,2593,1,582,10,30780,,,-3,,
5445,2594,1,500,11,30780,,,-3,,
5446,2595,1,436,6,30840,,,-3,,
5447,2596,1,402,10,30840,,,-3,,
5448,2597,1,830,10,30840,,,-3,,
5449,2598,1,448,4,30900,,,-3,,
5450,2599,1,794,12,30900,,,-3,,
5451,2599,1,509,6,30900,,,-3,,
5452,2600,1,438,6,30900,,,-3,,
5453,2601,1,307,8,30900,,,-3,,
5454,2601,1,752,5,30900,,,-3,,
5455,2601,1,435,6,30900,,,-3,,
5456,2601,1,422,6,30900,,,-3,,
5457,2601,1,387,2,30900,,,-3,,
5458,2602,1,833,10,30900,,,-3,,
5459,2602,1,806,9,30900,,,-3,,
5460,2603,1,832,9,30900,,,-3,,
5461,2604,1,953,6,30900,,,-3,,
5462,2605,1,412,12,30900,,,-3,,
5463,2605,1,515,5,30900,,,-3,,
5464,2605,1,451,11,30900,,,-3,,
5465,2605,1,608,6,30900,,,-3,,
5466,2605,1,545,10,30900,,,-3,,
5467,2605,1,452,6,30900,,,-3,,
5468,2606,1,439,6,30900,,,-3,,
5469,2606,1,424,7,30900,,,-3,,
5470,2606,1,415,4,30900,,,-3,,
5471,2607,1,720,4,30960,,,-3,,
5472,2607,1,513,9,30960,,,-3,,
5473,2608,1,645,3,30960,,,-3,,
5474,2609,1,533,2,30960,,,-3,,
5475,2610,1,495,12,30960,,,-3,,
5476,2610,1,463,8,30960,,,-3,,
5477,2610,1,523,8,30960,,,-3,,
5478,2610,1,484,4,30960,,,-3,,
5479,2611,1,431,10,30960,,,-3,,
5480,2612,1,502,6,30960,,,-3,,
5481,2613,1,519,1,31020,,,-3,,
5482,2614,1,511,11,31020,,,-3,,
5483,2615,1,455,9,31020,,,-3,,
5484,2616,1,455,9,31020,,,-3,,
5485,2617,1,412,7,31020,,,-3,,
5486,2617,1,454,11,31020,,,-3,,
5487,2617,1,479,3,31020,,,-3,,
5488,2618,1,746,5,31020,,,-3,,
5489,2618,1,478,10,31020,,,-3,,
5490,2618,1,871,6,31020,,,-3,,
5491,2618,1,520,9,31020,,,-3,,
5492,2619,1,570,10,31080,,,-3,,
5493,2620,1,952,4,31080,,,-3,,
5494,2620,1,407,4,31080,,,-3,,
5495,2620,1,444,6,31080,,,-3,,
5496,2621,1,939,3,31140,,,-3,,
5497,2622,1,655,6,31140,,,-3,,
5498,2623,1,453,6,31140,,,-3,,
5499,2623,1,488,10,31140,,,-3,,
5500,2623,1,405,12,31140,,,-3,,
5501,2623,1,452,8,31140,,,-3,,
5502,2624,1,504,8,31140,,,-3,,
5503,2624,1,425,7,31140,,,-3,,
5504,2625,1,517,6,31200,,,-3,,
5505,2626,1,956,10,31200,,,-3,,
5506,2627,1,457,4,31200,,,-3,,
5507,2627,1,347,12,31200,,,-3,,
5508,2627,1,899,3,31200,,,-3,,
5509,2627,1,478,11,31200,,,-3,,
5510,2628,1,642,8,31200,,,-3,,
5511,2628,1,502,4,31200,,,-3,,
5512,2628,1,508,3,31200,,,-3,,
5513,2629,1,911,5,31260,,,-3,,
5514,2630,1,461,10,31260,,,-3,,
5515,2630,1,505,6,31260,,,-3,,
5516,2630,1,530,2,31260,,,-3,,
5517,2631,1,756,8,31260,,,-3,,
5518,2632,1,439,6,31320,,,-3,,
5519,2632,1,449,6,31320,,,-3,,
5520,2632,1,830,8,31320,,,-3,,
5521,2632,1,885,6,31320,,,-3,,
5522,2633,1,494,8,31320,,,-3,,
5523,2634,1,647,6,31320,,,-3,,
5524,2634,1,427,11,31320,,,-3,,
5525,2635,1,426,8,31320,,,-3,,
5526,2635,1,442,6,31320,,,-3,,
5527,2636,1,825,6,31320,,,-3,,
5528,2637,1,502,8,31380,,,-3,,
5529,2637,1,454,8,31380,,,-3,,
5530,2638,1,11,4,31380,,,-3,,
