order_id,order_dum,order_type,item,qty,facing,due_date,station,pod_id,status,finish_time,date,time_gen
0,0,1,479,5,-1,99999,-1,-1,-3,-1,1,60
1,0,1,349,3,-1,99999,-1,-1,-3,-1,1,60
2,0,1,510,4,-1,99999,-1,-1,-3,-1,1,60
3,1,1,479,6,-1,99999,-1,-1,-3,-1,1,60
4,1,1,806,1,-1,99999,-1,-1,-3,-1,1,60
5,2,1,558,6,-1,99999,-1,-1,-3,-1,1,60
6,3,1,766,2,-1,99999,-1,-1,-3,-1,1,60
7,3,1,472,4,-1,99999,-1,-1,-3,-1,1,60
8,3,1,409,3,-1,99999,-1,-1,-3,-1,1,60
9,4,1,410,4,-1,99999,-1,-1,-3,-1,1,120
10,5,1,445,8,-1,99999,-1,-1,-3,-1,1,120
11,6,1,516,8,-1,99999,-1,-1,-3,-1,1,120
12,7,1,507,4,-1,99999,-1,-1,-3,-1,1,180
13,7,1,451,1,-1,99999,-1,-1,-3,-1,1,180
14,7,1,897,6,-1,99999,-1,-1,-3,-1,1,180
15,7,1,455,10,-1,99999,-1,-1,-3,-1,1,180
16,7,1,244,12,-1,99999,-1,-1,-3,-1,1,180
17,8,1,956,6,-1,99999,-1,-1,-3,-1,1,180
18,8,1,436,6,-1,99999,-1,-1,-3,-1,1,180
19,8,1,456,4,-1,99999,-1,-1,-3,-1,1,180
20,8,1,271,8,-1,99999,-1,-1,-3,-1,1,180
21,8,1,416,3,-1,99999,-1,-1,-3,-1,1,180
22,9,1,409,9,-1,99999,-1,-1,-3,-1,1,240
23,9,1,519,10,-1,99999,-1,-1,-3,-1,1,240
24,9,1,477,9,-1,99999,-1,-1,-3,-1,1,240
25,9,1,445,8,-1,99999,-1,-1,-3,-1,1,240
26,9,1,464,5,-1,99999,-1,-1,-3,-1,1,240
27,9,1,494,9,-1,99999,-1,-1,-3,-1,1,240
28,9,1,506,8,-1,99999,-1,-1,-3,-1,1,240
29,9,1,655,7,-1,99999,-1,-1,-3,-1,1,240
30,10,1,842,6,-1,99999,-1,-1,-3,-1,1,240
31,11,1,514,7,-1,99999,-1,-1,-3,-1,1,300
32,12,1,767,5,-1,99999,-1,-1,-3,-1,1,300
33,12,1,401,7,-1,99999,-1,-1,-3,-1,1,300
34,13,1,439,8,-1,99999,-1,-1,-3,-1,1,300
35,14,1,617,6,-1,99999,-1,-1,-3,-1,1,360
36,15,1,882,8,-1,99999,-1,-1,-3,-1,1,360
37,15,1,437,3,-1,99999,-1,-1,-3,-1,1,360
38,15,1,426,10,-1,99999,-1,-1,-3,-1,1,360
39,15,1,408,6,-1,99999,-1,-1,-3,-1,1,360
40,15,1,612,3,-1,99999,-1,-1,-3,-1,1,360
41,16,1,589,4,-1,99999,-1,-1,-3,-1,1,360
42,17,1,411,6,-1,99999,-1,-1,-3,-1,1,360
43,17,1,433,9,-1,99999,-1,-1,-3,-1,1,360
44,18,1,478,2,-1,99999,-1,-1,-3,-1,1,420
45,18,1,512,6,-1,99999,-1,-1,-3,-1,1,420
46,19,1,896,2,-1,99999,-1,-1,-3,-1,1,420
47,20,1,453,10,-1,99999,-1,-1,-3,-1,1,420
48,20,1,401,1,-1,99999,-1,-1,-3,-1,1,420
49,20,1,908,7,-1,99999,-1,-1,-3,-1,1,420
50,21,1,667,4,-1,99999,-1,-1,-3,-1,1,420
51,21,1,543,2,-1,99999,-1,-1,-3,-1,1,420
52,21,1,516,10,-1,99999,-1,-1,-3,-1,1,420
53,21,1,709,1,-1,99999,-1,-1,-3,-1,1,420
54,22,1,454,6,-1,99999,-1,-1,-3,-1,1,420
55,22,1,500,2,-1,99999,-1,-1,-3,-1,1,420
56,22,1,401,1,-1,99999,-1,-1,-3,-1,1,420
57,22,1,430,9,-1,99999,-1,-1,-3,-1,1,420
58,23,1,477,7,-1,99999,-1,-1,-3,-1,1,420
59,24,1,789,9,-1,99999,-1,-1,-3,-1,1,420
60,24,1,958,6,-1,99999,-1,-1,-3,-1,1,420
61,24,1,446,4,-1,99999,-1,-1,-3,-1,1,420
62,24,1,438,4,-1,99999,-1,-1,-3,-1,1,420
63,25,1,493,10,-1,99999,-1,-1,-3,-1,1,480
64,25,1,471,6,-1,99999,-1,-1,-3,-1,1,480
65,26,1,472,3,-1,99999,-1,-1,-3,-1,1,480
66,27,1,515,6,-1,99999,-1,-1,-3,-1,1,480
67,28,1,858,5,-1,99999,-1,-1,-3,-1,1,480
68,29,1,513,4,-1,99999,-1,-1,-3,-1,1,480
69,29,1,808,6,-1,99999,-1,-1,-3,-1,1,480
70,29,1,721,7,-1,99999,-1,-1,-3,-1,1,480
71,29,1,506,6,-1,99999,-1,-1,-3,-1,1,480
72,29,1,503,7,-1,99999,-1,-1,-3,-1,1,480
73,29,1,475,10,-1,99999,-1,-1,-3,-1,1,480
74,29,1,830,7,-1,99999,-1,-1,-3,-1,1,480
75,30,1,492,6,-1,99999,-1,-1,-3,-1,1,540
76,31,1,488,5,-1,99999,-1,-1,-3,-1,1,540
77,31,1,436,2,-1,99999,-1,-1,-3,-1,1,540
78,31,1,442,6,-1,99999,-1,-1,-3,-1,1,540
79,32,1,561,6,-1,99999,-1,-1,-3,-1,1,540
80,32,1,456,1,-1,99999,-1,-1,-3,-1,1,540
81,33,1,894,6,-1,99999,-1,-1,-3,-1,1,540
82,34,1,522,6,-1,99999,-1,-1,-3,-1,1,540
83,34,1,424,2,-1,99999,-1,-1,-3,-1,1,540
84,34,1,870,8,-1,99999,-1,-1,-3,-1,1,540
85,35,1,429,9,-1,99999,-1,-1,-3,-1,1,600
86,35,1,481,5,-1,99999,-1,-1,-3,-1,1,600
87,36,1,476,6,-1,99999,-1,-1,-3,-1,1,600
88,37,1,476,3,-1,99999,-1,-1,-3,-1,1,600
89,37,1,454,2,-1,99999,-1,-1,-3,-1,1,600
90,37,1,505,6,-1,99999,-1,-1,-3,-1,1,600
91,37,1,446,6,-1,99999,-1,-1,-3,-1,1,600
92,37,1,268,11,-1,99999,-1,-1,-3,-1,1,600
93,38,1,718,6,-1,99999,-1,-1,-3,-1,1,600
94,38,1,756,8,-1,99999,-1,-1,-3,-1,1,600
95,39,1,515,9,-1,99999,-1,-1,-3,-1,1,660
96,40,1,877,4,-1,99999,-1,-1,-3,-1,1,660
97,40,1,510,6,-1,99999,-1,-1,-3,-1,1,660
98,41,1,421,8,-1,99999,-1,-1,-3,-1,1,660
99,41,1,878,6,-1,99999,-1,-1,-3,-1,1,660
100,41,1,509,6,-1,99999,-1,-1,-3,-1,1,660
101,41,1,711,6,-1,99999,-1,-1,-3,-1,1,660
102,41,1,25,8,-1,99999,-1,-1,-3,-1,1,660
103,42,1,462,4,-1,99999,-1,-1,-3,-1,1,660
104,42,1,613,4,-1,99999,-1,-1,-3,-1,1,660
105,43,1,417,6,-1,99999,-1,-1,-3,-1,1,660
106,44,1,499,2,-1,99999,-1,-1,-3,-1,1,660
107,44,1,849,2,-1,99999,-1,-1,-3,-1,1,660
108,45,1,410,4,-1,99999,-1,-1,-3,-1,1,720
109,46,1,441,3,-1,99999,-1,-1,-3,-1,1,720
110,47,1,423,5,-1,99999,-1,-1,-3,-1,1,720
111,48,1,814,12,-1,99999,-1,-1,-3,-1,1,720
112,49,1,24,6,-1,99999,-1,-1,-3,-1,1,780
113,50,1,519,3,-1,99999,-1,-1,-3,-1,1,780
114,50,1,446,7,-1,99999,-1,-1,-3,-1,1,780
115,50,1,437,8,-1,99999,-1,-1,-3,-1,1,780
116,50,1,549,6,-1,99999,-1,-1,-3,-1,1,780
117,51,1,523,6,-1,99999,-1,-1,-3,-1,1,840
118,52,1,408,4,-1,99999,-1,-1,-3,-1,1,840
119,52,1,485,8,-1,99999,-1,-1,-3,-1,1,840
120,52,1,450,6,-1,99999,-1,-1,-3,-1,1,840
121,53,1,520,5,-1,99999,-1,-1,-3,-1,1,840
122,54,1,522,10,-1,99999,-1,-1,-3,-1,1,840
123,54,1,408,8,-1,99999,-1,-1,-3,-1,1,840
124,55,1,449,8,-1,99999,-1,-1,-3,-1,1,840
125,56,1,421,3,-1,99999,-1,-1,-3,-1,1,900
126,57,1,457,4,-1,99999,-1,-1,-3,-1,1,900
127,58,1,514,9,-1,99999,-1,-1,-3,-1,1,900
128,58,1,410,4,-1,99999,-1,-1,-3,-1,1,900
129,59,1,429,9,-1,99999,-1,-1,-3,-1,1,900
130,59,1,839,8,-1,99999,-1,-1,-3,-1,1,900
131,59,1,518,10,-1,99999,-1,-1,-3,-1,1,900
132,60,1,459,1,-1,99999,-1,-1,-3,-1,1,900
133,61,1,507,12,-1,99999,-1,-1,-3,-1,1,900
134,61,1,424,8,-1,99999,-1,-1,-3,-1,1,900
135,62,1,625,3,-1,99999,-1,-1,-3,-1,1,960
136,63,1,511,7,-1,99999,-1,-1,-3,-1,1,960
137,63,1,483,12,-1,99999,-1,-1,-3,-1,1,960
138,64,1,480,12,-1,99999,-1,-1,-3,-1,1,960
139,64,1,482,8,-1,99999,-1,-1,-3,-1,1,960
140,64,1,478,7,-1,99999,-1,-1,-3,-1,1,960
141,65,1,503,6,-1,99999,-1,-1,-3,-1,1,1020
142,66,1,493,10,-1,99999,-1,-1,-3,-1,1,1020
143,67,1,478,6,-1,99999,-1,-1,-3,-1,1,1020
144,68,1,655,7,-1,99999,-1,-1,-3,-1,1,1020
145,68,1,271,7,-1,99999,-1,-1,-3,-1,1,1020
146,68,1,863,9,-1,99999,-1,-1,-3,-1,1,1020
147,69,1,436,10,-1,99999,-1,-1,-3,-1,1,1020
148,69,1,856,6,-1,99999,-1,-1,-3,-1,1,1020
149,70,1,523,5,-1,99999,-1,-1,-3,-1,1,1020
150,70,1,490,4,-1,99999,-1,-1,-3,-1,1,1020
151,70,1,610,7,-1,99999,-1,-1,-3,-1,1,1020
152,71,1,486,8,-1,99999,-1,-1,-3,-1,1,1080
153,71,1,487,8,-1,99999,-1,-1,-3,-1,1,1080
154,72,1,481,2,-1,99999,-1,-1,-3,-1,1,1080
155,73,1,480,7,-1,99999,-1,-1,-3,-1,1,1080
156,73,1,371,8,-1,99999,-1,-1,-3,-1,1,1080
157,74,1,458,2,-1,99999,-1,-1,-3,-1,1,1080
158,74,1,415,7,-1,99999,-1,-1,-3,-1,1,1080
159,75,1,413,6,-1,99999,-1,-1,-3,-1,1,1140
160,76,1,613,4,-1,99999,-1,-1,-3,-1,1,1140
161,76,1,463,8,-1,99999,-1,-1,-3,-1,1,1140
162,77,1,435,8,-1,99999,-1,-1,-3,-1,1,1140
163,77,1,904,4,-1,99999,-1,-1,-3,-1,1,1140
164,77,1,496,7,-1,99999,-1,-1,-3,-1,1,1140
165,78,1,512,2,-1,99999,-1,-1,-3,-1,1,1140
166,79,1,655,6,-1,99999,-1,-1,-3,-1,1,1140
167,79,1,485,4,-1,99999,-1,-1,-3,-1,1,1140
168,80,1,409,2,-1,99999,-1,-1,-3,-1,1,1200
169,81,1,503,11,-1,99999,-1,-1,-3,-1,1,1260
170,81,1,701,6,-1,99999,-1,-1,-3,-1,1,1260
171,82,1,452,1,-1,99999,-1,-1,-3,-1,1,1260
172,82,1,478,10,-1,99999,-1,-1,-3,-1,1,1260
173,82,1,491,12,-1,99999,-1,-1,-3,-1,1,1260
174,82,1,493,9,-1,99999,-1,-1,-3,-1,1,1260
175,83,1,470,10,-1,99999,-1,-1,-3,-1,1,1260
176,84,1,477,7,-1,99999,-1,-1,-3,-1,1,1260
177,85,1,464,6,-1,99999,-1,-1,-3,-1,1,1260
178,86,1,815,10,-1,99999,-1,-1,-3,-1,1,1260
179,86,1,487,5,-1,99999,-1,-1,-3,-1,1,1260
180,86,1,580,8,-1,99999,-1,-1,-3,-1,1,1260
181,87,1,561,2,-1,99999,-1,-1,-3,-1,1,1260
182,87,1,471,2,-1,99999,-1,-1,-3,-1,1,1260
183,87,1,921,8,-1,99999,-1,-1,-3,-1,1,1260
184,88,1,469,10,-1,99999,-1,-1,-3,-1,1,1260
185,88,1,770,8,-1,99999,-1,-1,-3,-1,1,1260
186,89,1,16,7,-1,99999,-1,-1,-3,-1,1,1320
187,90,1,835,6,-1,99999,-1,-1,-3,-1,1,1320
188,91,1,916,6,-1,99999,-1,-1,-3,-1,1,1320
189,91,1,474,6,-1,99999,-1,-1,-3,-1,1,1320
190,91,1,954,10,-1,99999,-1,-1,-3,-1,1,1320
191,92,1,656,4,-1,99999,-1,-1,-3,-1,1,1320
192,93,1,568,9,-1,99999,-1,-1,-3,-1,1,1320
193,94,1,436,4,-1,99999,-1,-1,-3,-1,1,1380
194,95,1,840,6,-1,99999,-1,-1,-3,-1,1,1380
195,96,1,714,7,-1,99999,-1,-1,-3,-1,1,1380
196,96,1,441,3,-1,99999,-1,-1,-3,-1,1,1380
197,97,1,504,10,-1,99999,-1,-1,-3,-1,1,1440
198,98,1,469,10,-1,99999,-1,-1,-3,-1,1,1440
199,98,1,489,7,-1,99999,-1,-1,-3,-1,1,1440
200,99,1,271,10,-1,99999,-1,-1,-3,-1,1,1440
201,99,1,464,10,-1,99999,-1,-1,-3,-1,1,1440
202,100,1,435,10,-1,99999,-1,-1,-3,-1,1,1440
203,100,1,829,9,-1,99999,-1,-1,-3,-1,1,1440
204,100,1,768,7,-1,99999,-1,-1,-3,-1,1,1440
205,100,1,454,8,-1,99999,-1,-1,-3,-1,1,1440
206,100,1,745,8,-1,99999,-1,-1,-3,-1,1,1440
207,101,1,489,5,-1,99999,-1,-1,-3,-1,1,1440
208,101,1,450,2,-1,99999,-1,-1,-3,-1,1,1440
209,102,1,500,6,-1,99999,-1,-1,-3,-1,1,1440
210,102,1,5,6,-1,99999,-1,-1,-3,-1,1,1440
211,102,1,149,5,-1,99999,-1,-1,-3,-1,1,1440
212,103,1,416,5,-1,99999,-1,-1,-3,-1,1,1440
213,104,1,540,3,-1,99999,-1,-1,-3,-1,1,1500
214,104,1,487,3,-1,99999,-1,-1,-3,-1,1,1500
215,104,1,448,8,-1,99999,-1,-1,-3,-1,1,1500
216,104,1,468,9,-1,99999,-1,-1,-3,-1,1,1500
217,104,1,911,10,-1,99999,-1,-1,-3,-1,1,1500
218,105,1,940,11,-1,99999,-1,-1,-3,-1,1,1500
219,106,1,889,10,-1,99999,-1,-1,-3,-1,1,1500
220,106,1,434,12,-1,99999,-1,-1,-3,-1,1,1500
221,107,1,595,6,-1,99999,-1,-1,-3,-1,1,1500
222,108,1,524,4,-1,99999,-1,-1,-3,-1,1,1500
223,108,1,499,10,-1,99999,-1,-1,-3,-1,1,1500
224,109,1,401,2,-1,99999,-1,-1,-3,-1,1,1500
225,110,1,451,6,-1,99999,-1,-1,-3,-1,1,1500
226,111,1,439,4,-1,99999,-1,-1,-3,-1,1,1500
227,111,1,953,10,-1,99999,-1,-1,-3,-1,1,1500
228,111,1,509,11,-1,99999,-1,-1,-3,-1,1,1500
229,111,1,458,4,-1,99999,-1,-1,-3,-1,1,1500
230,111,1,442,2,-1,99999,-1,-1,-3,-1,1,1500
231,111,1,766,4,-1,99999,-1,-1,-3,-1,1,1500
232,112,1,512,8,-1,99999,-1,-1,-3,-1,1,1500
233,112,1,457,4,-1,99999,-1,-1,-3,-1,1,1500
234,113,1,415,11,-1,99999,-1,-1,-3,-1,1,1500
235,113,1,577,4,-1,99999,-1,-1,-3,-1,1,1500
236,114,1,548,10,-1,99999,-1,-1,-3,-1,1,1560
237,114,1,457,2,-1,99999,-1,-1,-3,-1,1,1560
238,114,1,568,1,-1,99999,-1,-1,-3,-1,1,1560
239,114,1,655,8,-1,99999,-1,-1,-3,-1,1,1560
240,115,1,897,6,-1,99999,-1,-1,-3,-1,1,1560
241,116,1,477,6,-1,99999,-1,-1,-3,-1,1,1560
242,116,1,530,3,-1,99999,-1,-1,-3,-1,1,1560
243,117,1,838,2,-1,99999,-1,-1,-3,-1,1,1560
244,117,1,406,8,-1,99999,-1,-1,-3,-1,1,1560
245,118,1,820,8,-1,99999,-1,-1,-3,-1,1,1560
246,119,1,409,4,-1,99999,-1,-1,-3,-1,1,1560
247,119,1,478,2,-1,99999,-1,-1,-3,-1,1,1560
248,119,1,439,12,-1,99999,-1,-1,-3,-1,1,1560
249,120,1,466,8,-1,99999,-1,-1,-3,-1,1,1620
250,121,1,405,7,-1,99999,-1,-1,-3,-1,1,1620
251,121,1,473,5,-1,99999,-1,-1,-3,-1,1,1620
252,121,1,468,10,-1,99999,-1,-1,-3,-1,1,1620
253,121,1,832,5,-1,99999,-1,-1,-3,-1,1,1620
254,122,1,502,8,-1,99999,-1,-1,-3,-1,1,1620
255,123,1,494,7,-1,99999,-1,-1,-3,-1,1,1620
256,123,1,519,6,-1,99999,-1,-1,-3,-1,1,1620
257,123,1,505,5,-1,99999,-1,-1,-3,-1,1,1620
258,123,1,462,10,-1,99999,-1,-1,-3,-1,1,1620
259,123,1,365,6,-1,99999,-1,-1,-3,-1,1,1620
260,123,1,157,6,-1,99999,-1,-1,-3,-1,1,1620
261,124,1,101,4,-1,99999,-1,-1,-3,-1,1,1680
262,124,1,847,12,-1,99999,-1,-1,-3,-1,1,1680
263,125,1,444,3,-1,99999,-1,-1,-3,-1,1,1680
264,126,1,457,6,-1,99999,-1,-1,-3,-1,1,1680
265,127,1,429,6,-1,99999,-1,-1,-3,-1,1,1680
266,128,1,500,10,-1,99999,-1,-1,-3,-1,1,1680
267,129,1,516,9,-1,99999,-1,-1,-3,-1,1,1740
268,130,1,469,6,-1,99999,-1,-1,-3,-1,1,1740
269,130,1,564,3,-1,99999,-1,-1,-3,-1,1,1740
270,131,1,894,12,-1,99999,-1,-1,-3,-1,1,1740
271,132,1,786,10,-1,99999,-1,-1,-3,-1,1,1740
272,133,1,479,7,-1,99999,-1,-1,-3,-1,1,1740
273,134,1,505,12,-1,99999,-1,-1,-3,-1,1,1740
274,134,1,451,10,-1,99999,-1,-1,-3,-1,1,1740
275,135,1,415,6,-1,99999,-1,-1,-3,-1,1,1800
276,136,1,922,10,-1,99999,-1,-1,-3,-1,1,1800
277,136,1,492,9,-1,99999,-1,-1,-3,-1,1,1800
278,137,1,949,9,-1,99999,-1,-1,-3,-1,1,1860
279,137,1,448,4,-1,99999,-1,-1,-3,-1,1,1860
280,138,1,460,8,-1,99999,-1,-1,-3,-1,1,1860
281,138,1,749,6,-1,99999,-1,-1,-3,-1,1,1860
282,138,1,646,6,-1,99999,-1,-1,-3,-1,1,1860
283,138,1,449,10,-1,99999,-1,-1,-3,-1,1,1860
284,138,1,786,6,-1,99999,-1,-1,-3,-1,1,1860
285,138,1,458,6,-1,99999,-1,-1,-3,-1,1,1860
286,138,1,417,3,-1,99999,-1,-1,-3,-1,1,1860
287,139,1,472,6,-1,99999,-1,-1,-3,-1,1,1860
288,139,1,458,6,-1,99999,-1,-1,-3,-1,1,1860
289,139,1,520,8,-1,99999,-1,-1,-3,-1,1,1860
290,139,1,584,6,-1,99999,-1,-1,-3,-1,1,1860
291,140,1,531,8,-1,99999,-1,-1,-3,-1,1,1860
292,140,1,510,6,-1,99999,-1,-1,-3,-1,1,1860
293,141,1,862,4,-1,99999,-1,-1,-3,-1,1,1860
294,142,1,470,4,-1,99999,-1,-1,-3,-1,1,1860
295,142,1,162,7,-1,99999,-1,-1,-3,-1,1,1860
296,143,1,431,12,-1,99999,-1,-1,-3,-1,1,1920
297,143,1,477,7,-1,99999,-1,-1,-3,-1,1,1920
298,143,1,442,6,-1,99999,-1,-1,-3,-1,1,1920
299,143,1,893,9,-1,99999,-1,-1,-3,-1,1,1920
300,144,1,506,9,-1,99999,-1,-1,-3,-1,1,1920
301,145,1,61,6,-1,99999,-1,-1,-3,-1,1,1920
302,146,1,775,8,-1,99999,-1,-1,-3,-1,1,1920
303,147,1,454,12,-1,99999,-1,-1,-3,-1,1,1980
304,148,1,443,4,-1,99999,-1,-1,-3,-1,1,1980
305,149,1,858,6,-1,99999,-1,-1,-3,-1,1,1980
306,149,1,468,4,-1,99999,-1,-1,-3,-1,1,1980
307,150,1,435,8,-1,99999,-1,-1,-3,-1,1,1980
308,151,1,560,5,-1,99999,-1,-1,-3,-1,1,1980
309,151,1,519,7,-1,99999,-1,-1,-3,-1,1,1980
310,152,1,940,7,-1,99999,-1,-1,-3,-1,1,1980
311,153,1,902,10,-1,99999,-1,-1,-3,-1,1,1980
312,153,1,469,12,-1,99999,-1,-1,-3,-1,1,1980
313,154,1,532,11,-1,99999,-1,-1,-3,-1,1,1980
314,154,1,466,6,-1,99999,-1,-1,-3,-1,1,1980
315,155,1,442,5,-1,99999,-1,-1,-3,-1,1,1980
316,155,1,283,6,-1,99999,-1,-1,-3,-1,1,1980
317,156,1,674,6,-1,99999,-1,-1,-3,-1,1,2040
318,157,1,789,8,-1,99999,-1,-1,-3,-1,1,2040
319,158,1,504,2,-1,99999,-1,-1,-3,-1,1,2040
320,159,1,442,10,-1,99999,-1,-1,-3,-1,1,2100
321,159,1,412,8,-1,99999,-1,-1,-3,-1,1,2100
322,160,1,425,8,-1,99999,-1,-1,-3,-1,1,2100
323,160,1,520,6,-1,99999,-1,-1,-3,-1,1,2100
324,161,1,968,4,-1,99999,-1,-1,-3,-1,1,2100
325,162,1,769,2,-1,99999,-1,-1,-3,-1,1,2100
326,162,1,778,3,-1,99999,-1,-1,-3,-1,1,2100
327,162,1,440,8,-1,99999,-1,-1,-3,-1,1,2100
328,163,1,953,8,-1,99999,-1,-1,-3,-1,1,2100
329,163,1,440,2,-1,99999,-1,-1,-3,-1,1,2100
330,163,1,401,6,-1,99999,-1,-1,-3,-1,1,2100
331,163,1,501,6,-1,99999,-1,-1,-3,-1,1,2100
332,163,1,905,7,-1,99999,-1,-1,-3,-1,1,2100
333,164,1,412,5,-1,99999,-1,-1,-3,-1,1,2160
334,165,1,428,10,-1,99999,-1,-1,-3,-1,1,2160
335,166,1,624,8,-1,99999,-1,-1,-3,-1,1,2160
336,167,1,455,1,-1,99999,-1,-1,-3,-1,1,2160
337,167,1,769,8,-1,99999,-1,-1,-3,-1,1,2160
338,167,1,466,11,-1,99999,-1,-1,-3,-1,1,2160
339,167,1,544,11,-1,99999,-1,-1,-3,-1,1,2160
340,167,1,500,8,-1,99999,-1,-1,-3,-1,1,2160
341,167,1,820,12,-1,99999,-1,-1,-3,-1,1,2160
342,167,1,737,5,-1,99999,-1,-1,-3,-1,1,2160
343,168,1,421,6,-1,99999,-1,-1,-3,-1,1,2160
344,169,1,474,4,-1,99999,-1,-1,-3,-1,1,2160
345,170,1,524,7,-1,99999,-1,-1,-3,-1,1,2220
346,171,1,520,9,-1,99999,-1,-1,-3,-1,1,2220
347,171,1,490,5,-1,99999,-1,-1,-3,-1,1,2220
348,172,1,431,10,-1,99999,-1,-1,-3,-1,1,2220
349,172,1,539,6,-1,99999,-1,-1,-3,-1,1,2220
350,173,1,500,3,-1,99999,-1,-1,-3,-1,1,2220
351,174,1,446,11,-1,99999,-1,-1,-3,-1,1,2220
352,175,1,502,2,-1,99999,-1,-1,-3,-1,1,2280
353,175,1,406,4,-1,99999,-1,-1,-3,-1,1,2280
354,176,1,741,5,-1,99999,-1,-1,-3,-1,1,2280
355,176,1,463,10,-1,99999,-1,-1,-3,-1,1,2280
356,176,1,517,3,-1,99999,-1,-1,-3,-1,1,2280
357,177,1,497,2,-1,99999,-1,-1,-3,-1,1,2280
358,177,1,169,4,-1,99999,-1,-1,-3,-1,1,2280
359,178,1,409,10,-1,99999,-1,-1,-3,-1,1,2280
360,179,1,516,10,-1,99999,-1,-1,-3,-1,1,2280
361,180,1,661,10,-1,99999,-1,-1,-3,-1,1,2340
362,180,1,573,2,-1,99999,-1,-1,-3,-1,1,2340
363,181,1,415,5,-1,99999,-1,-1,-3,-1,1,2340
364,182,1,510,6,-1,99999,-1,-1,-3,-1,1,2340
365,183,1,439,6,-1,99999,-1,-1,-3,-1,1,2400
366,183,1,489,4,-1,99999,-1,-1,-3,-1,1,2400
367,183,1,497,8,-1,99999,-1,-1,-3,-1,1,2400
368,183,1,474,5,-1,99999,-1,-1,-3,-1,1,2400
369,184,1,489,6,-1,99999,-1,-1,-3,-1,1,2400
370,184,1,965,10,-1,99999,-1,-1,-3,-1,1,2400
371,184,1,228,4,-1,99999,-1,-1,-3,-1,1,2400
372,184,1,424,8,-1,99999,-1,-1,-3,-1,1,2400
373,185,1,451,12,-1,99999,-1,-1,-3,-1,1,2400
374,185,1,419,7,-1,99999,-1,-1,-3,-1,1,2400
375,186,1,621,5,-1,99999,-1,-1,-3,-1,1,2400
376,186,1,536,8,-1,99999,-1,-1,-3,-1,1,2400
377,186,1,457,5,-1,99999,-1,-1,-3,-1,1,2400
378,187,1,445,8,-1,99999,-1,-1,-3,-1,1,2400
379,187,1,517,7,-1,99999,-1,-1,-3,-1,1,2400
380,187,1,441,11,-1,99999,-1,-1,-3,-1,1,2400
381,188,1,405,5,-1,99999,-1,-1,-3,-1,1,2400
382,188,1,622,4,-1,99999,-1,-1,-3,-1,1,2400
383,189,1,507,2,-1,99999,-1,-1,-3,-1,1,2460
384,190,1,520,5,-1,99999,-1,-1,-3,-1,1,2460
385,191,1,838,10,-1,99999,-1,-1,-3,-1,1,2520
386,192,1,461,12,-1,99999,-1,-1,-3,-1,1,2520
387,193,1,711,10,-1,99999,-1,-1,-3,-1,1,2520
388,194,1,798,8,-1,99999,-1,-1,-3,-1,1,2520
389,195,1,639,8,-1,99999,-1,-1,-3,-1,1,2520
390,195,1,478,7,-1,99999,-1,-1,-3,-1,1,2520
391,196,1,280,6,-1,99999,-1,-1,-3,-1,1,2520
392,197,1,509,4,-1,99999,-1,-1,-3,-1,1,2520
393,197,1,484,5,-1,99999,-1,-1,-3,-1,1,2520
394,198,1,691,7,-1,99999,-1,-1,-3,-1,1,2580
395,198,1,450,4,-1,99999,-1,-1,-3,-1,1,2580
396,199,1,455,8,-1,99999,-1,-1,-3,-1,1,2580
397,200,1,958,6,-1,99999,-1,-1,-3,-1,1,2580
398,200,1,923,6,-1,99999,-1,-1,-3,-1,1,2580
399,200,1,248,10,-1,99999,-1,-1,-3,-1,1,2580
400,200,1,469,3,-1,99999,-1,-1,-3,-1,1,2580
401,201,1,861,8,-1,99999,-1,-1,-3,-1,1,2580
402,202,1,427,7,-1,99999,-1,-1,-3,-1,1,2580
403,203,1,512,6,-1,99999,-1,-1,-3,-1,1,2640
404,204,1,425,8,-1,99999,-1,-1,-3,-1,1,2640
405,204,1,420,4,-1,99999,-1,-1,-3,-1,1,2640
406,205,1,462,8,-1,99999,-1,-1,-3,-1,1,2640
407,206,1,523,9,-1,99999,-1,-1,-3,-1,1,2640
408,207,1,485,4,-1,99999,-1,-1,-3,-1,1,2640
409,207,1,670,2,-1,99999,-1,-1,-3,-1,1,2640
410,207,1,510,10,-1,99999,-1,-1,-3,-1,1,2640
411,208,1,453,10,-1,99999,-1,-1,-3,-1,1,2700
412,209,1,586,8,-1,99999,-1,-1,-3,-1,1,2700
413,209,1,599,10,-1,99999,-1,-1,-3,-1,1,2700
414,210,1,919,9,-1,99999,-1,-1,-3,-1,1,2700
415,210,1,580,10,-1,99999,-1,-1,-3,-1,1,2700
416,211,1,442,6,-1,99999,-1,-1,-3,-1,1,2700
417,211,1,39,12,-1,99999,-1,-1,-3,-1,1,2700
418,212,1,431,10,-1,99999,-1,-1,-3,-1,1,2700
419,212,1,653,10,-1,99999,-1,-1,-3,-1,1,2700
420,213,1,501,5,-1,99999,-1,-1,-3,-1,1,2700
421,213,1,459,8,-1,99999,-1,-1,-3,-1,1,2700
422,214,1,446,8,-1,99999,-1,-1,-3,-1,1,2760
423,214,1,495,1,-1,99999,-1,-1,-3,-1,1,2760
424,215,1,447,3,-1,99999,-1,-1,-3,-1,1,2760
425,215,1,676,8,-1,99999,-1,-1,-3,-1,1,2760
426,216,1,451,3,-1,99999,-1,-1,-3,-1,1,2820
427,217,1,797,8,-1,99999,-1,-1,-3,-1,1,2820
428,217,1,855,12,-1,99999,-1,-1,-3,-1,1,2820
429,217,1,448,8,-1,99999,-1,-1,-3,-1,1,2820
430,218,1,271,9,-1,99999,-1,-1,-3,-1,1,2820
431,218,1,479,8,-1,99999,-1,-1,-3,-1,1,2820
432,218,1,744,12,-1,99999,-1,-1,-3,-1,1,2820
433,219,1,904,6,-1,99999,-1,-1,-3,-1,1,2820
434,219,1,465,11,-1,99999,-1,-1,-3,-1,1,2820
435,220,1,513,4,-1,99999,-1,-1,-3,-1,1,2820
436,221,1,850,7,-1,99999,-1,-1,-3,-1,1,2820
437,222,1,949,7,-1,99999,-1,-1,-3,-1,1,2820
438,222,1,777,5,-1,99999,-1,-1,-3,-1,1,2820
439,222,1,496,10,-1,99999,-1,-1,-3,-1,1,2820
440,223,1,507,6,-1,99999,-1,-1,-3,-1,1,2820
441,223,1,500,7,-1,99999,-1,-1,-3,-1,1,2820
442,223,1,475,1,-1,99999,-1,-1,-3,-1,1,2820
443,224,1,574,12,-1,99999,-1,-1,-3,-1,1,2880
444,224,1,407,4,-1,99999,-1,-1,-3,-1,1,2880
445,225,1,402,12,-1,99999,-1,-1,-3,-1,1,2880
446,226,1,864,12,-1,99999,-1,-1,-3,-1,1,2880
447,227,1,896,3,-1,99999,-1,-1,-3,-1,1,2880
448,227,1,408,5,-1,99999,-1,-1,-3,-1,1,2880
449,227,1,448,4,-1,99999,-1,-1,-3,-1,1,2880
450,227,1,442,6,-1,99999,-1,-1,-3,-1,1,2880
451,227,1,523,9,-1,99999,-1,-1,-3,-1,1,2880
452,227,1,620,12,-1,99999,-1,-1,-3,-1,1,2880
453,228,1,468,7,-1,99999,-1,-1,-3,-1,1,2940
454,229,1,459,10,-1,99999,-1,-1,-3,-1,1,2940
455,230,1,462,6,-1,99999,-1,-1,-3,-1,1,2940
456,231,1,522,6,-1,99999,-1,-1,-3,-1,1,2940
457,231,1,837,10,-1,99999,-1,-1,-3,-1,1,2940
458,231,1,453,8,-1,99999,-1,-1,-3,-1,1,2940
459,231,1,702,2,-1,99999,-1,-1,-3,-1,1,2940
460,231,1,438,6,-1,99999,-1,-1,-3,-1,1,2940
461,231,1,422,8,-1,99999,-1,-1,-3,-1,1,2940
462,231,1,725,8,-1,99999,-1,-1,-3,-1,1,2940
463,232,1,523,8,-1,99999,-1,-1,-3,-1,1,2940
464,233,1,509,8,-1,99999,-1,-1,-3,-1,1,2940
465,234,1,509,11,-1,99999,-1,-1,-3,-1,1,3000
466,234,1,428,6,-1,99999,-1,-1,-3,-1,1,3000
467,234,1,480,12,-1,99999,-1,-1,-3,-1,1,3000
468,234,1,463,9,-1,99999,-1,-1,-3,-1,1,3000
469,235,1,705,10,-1,99999,-1,-1,-3,-1,1,3000
470,235,1,488,4,-1,99999,-1,-1,-3,-1,1,3000
471,235,1,407,4,-1,99999,-1,-1,-3,-1,1,3000
472,235,1,497,4,-1,99999,-1,-1,-3,-1,1,3000
473,235,1,446,6,-1,99999,-1,-1,-3,-1,1,3000
474,236,1,822,3,-1,99999,-1,-1,-3,-1,1,3060
475,237,1,834,10,-1,99999,-1,-1,-3,-1,1,3120
476,238,1,465,10,-1,99999,-1,-1,-3,-1,1,3120
477,238,1,673,6,-1,99999,-1,-1,-3,-1,1,3120
478,238,1,867,6,-1,99999,-1,-1,-3,-1,1,3120
479,238,1,745,5,-1,99999,-1,-1,-3,-1,1,3120
480,239,1,386,11,-1,99999,-1,-1,-3,-1,1,3120
481,239,1,974,4,-1,99999,-1,-1,-3,-1,1,3120
482,240,1,479,11,-1,99999,-1,-1,-3,-1,1,3120
483,240,1,510,6,-1,99999,-1,-1,-3,-1,1,3120
484,241,1,737,12,-1,99999,-1,-1,-3,-1,1,3120
485,242,1,503,8,-1,99999,-1,-1,-3,-1,1,3120
486,243,1,901,4,-1,99999,-1,-1,-3,-1,1,3120
487,243,1,836,6,-1,99999,-1,-1,-3,-1,1,3120
488,243,1,405,9,-1,99999,-1,-1,-3,-1,1,3120
489,243,1,497,7,-1,99999,-1,-1,-3,-1,1,3120
490,244,1,903,12,-1,99999,-1,-1,-3,-1,1,3120
491,244,1,697,8,-1,99999,-1,-1,-3,-1,1,3120
492,245,1,583,6,-1,99999,-1,-1,-3,-1,1,3180
493,245,1,436,8,-1,99999,-1,-1,-3,-1,1,3180
494,246,1,459,4,-1,99999,-1,-1,-3,-1,1,3180
495,247,1,476,6,-1,99999,-1,-1,-3,-1,1,3180
496,247,1,712,9,-1,99999,-1,-1,-3,-1,1,3180
497,248,1,447,6,-1,99999,-1,-1,-3,-1,1,3180
498,248,1,479,4,-1,99999,-1,-1,-3,-1,1,3180
499,249,1,412,6,-1,99999,-1,-1,-3,-1,1,3180
500,250,1,481,6,-1,99999,-1,-1,-3,-1,1,3180
501,250,1,600,5,-1,99999,-1,-1,-3,-1,1,3180
502,250,1,652,3,-1,99999,-1,-1,-3,-1,1,3180
503,251,1,434,12,-1,99999,-1,-1,-3,-1,1,3240
504,252,1,458,3,-1,99999,-1,-1,-3,-1,1,3240
505,252,1,508,2,-1,99999,-1,-1,-3,-1,1,3240
506,253,1,405,9,-1,99999,-1,-1,-3,-1,1,3240
507,254,1,457,2,-1,99999,-1,-1,-3,-1,1,3240
508,255,1,420,6,-1,99999,-1,-1,-3,-1,1,3240
509,256,1,725,4,-1,99999,-1,-1,-3,-1,1,3240
510,257,1,892,4,-1,99999,-1,-1,-3,-1,1,3360
511,258,1,522,7,-1,99999,-1,-1,-3,-1,1,3360
512,258,1,509,9,-1,99999,-1,-1,-3,-1,1,3360
513,258,1,433,2,-1,99999,-1,-1,-3,-1,1,3360
514,258,1,517,8,-1,99999,-1,-1,-3,-1,1,3360
515,259,1,35,6,-1,99999,-1,-1,-3,-1,1,3360
516,259,1,501,10,-1,99999,-1,-1,-3,-1,1,3360
517,259,1,452,4,-1,99999,-1,-1,-3,-1,1,3360
518,259,1,202,7,-1,99999,-1,-1,-3,-1,1,3360
519,260,1,970,4,-1,99999,-1,-1,-3,-1,1,3360
520,261,1,416,8,-1,99999,-1,-1,-3,-1,1,3360
521,261,1,464,4,-1,99999,-1,-1,-3,-1,1,3360
522,261,1,500,4,-1,99999,-1,-1,-3,-1,1,3360
523,262,1,464,7,-1,99999,-1,-1,-3,-1,1,3360
524,263,1,421,8,-1,99999,-1,-1,-3,-1,1,3420
525,263,1,704,7,-1,99999,-1,-1,-3,-1,1,3420
526,264,1,761,10,-1,99999,-1,-1,-3,-1,1,3420
527,264,1,408,4,-1,99999,-1,-1,-3,-1,1,3420
528,264,1,466,1,-1,99999,-1,-1,-3,-1,1,3420
529,264,1,701,2,-1,99999,-1,-1,-3,-1,1,3420
530,264,1,630,11,-1,99999,-1,-1,-3,-1,1,3420
531,265,1,497,8,-1,99999,-1,-1,-3,-1,1,3420
532,266,1,521,8,-1,99999,-1,-1,-3,-1,1,3420
533,266,1,505,4,-1,99999,-1,-1,-3,-1,1,3420
534,266,1,909,11,-1,99999,-1,-1,-3,-1,1,3420
535,266,1,480,10,-1,99999,-1,-1,-3,-1,1,3420
536,266,1,447,6,-1,99999,-1,-1,-3,-1,1,3420
537,266,1,435,8,-1,99999,-1,-1,-3,-1,1,3420
538,266,1,457,9,-1,99999,-1,-1,-3,-1,1,3420
539,267,1,690,6,-1,99999,-1,-1,-3,-1,1,3420
540,268,1,486,4,-1,99999,-1,-1,-3,-1,1,3420
541,268,1,411,8,-1,99999,-1,-1,-3,-1,1,3420
542,269,1,434,11,-1,99999,-1,-1,-3,-1,1,3420
543,270,1,812,10,-1,99999,-1,-1,-3,-1,1,3480
544,271,1,595,2,-1,99999,-1,-1,-3,-1,1,3480
545,272,1,516,8,-1,99999,-1,-1,-3,-1,1,3480
546,273,1,609,6,-1,99999,-1,-1,-3,-1,1,3540
547,273,1,813,5,-1,99999,-1,-1,-3,-1,1,3540
548,273,1,419,11,-1,99999,-1,-1,-3,-1,1,3540
549,273,1,491,2,-1,99999,-1,-1,-3,-1,1,3540
550,273,1,582,10,-1,99999,-1,-1,-3,-1,1,3540
551,273,1,418,7,-1,99999,-1,-1,-3,-1,1,3540
552,274,1,779,6,-1,99999,-1,-1,-3,-1,1,3540
553,274,1,491,4,-1,99999,-1,-1,-3,-1,1,3540
554,275,1,557,6,-1,99999,-1,-1,-3,-1,1,3540
555,275,1,889,11,-1,99999,-1,-1,-3,-1,1,3540
556,275,1,421,9,-1,99999,-1,-1,-3,-1,1,3540
557,275,1,523,8,-1,99999,-1,-1,-3,-1,1,3540
558,275,1,510,6,-1,99999,-1,-1,-3,-1,1,3540
559,276,1,446,4,-1,99999,-1,-1,-3,-1,1,3540
560,276,1,497,6,-1,99999,-1,-1,-3,-1,1,3540
561,277,1,469,3,-1,99999,-1,-1,-3,-1,1,3600
562,277,1,520,8,-1,99999,-1,-1,-3,-1,1,3600
563,278,1,941,3,-1,99999,-1,-1,-3,-1,1,3600
564,278,1,833,6,-1,99999,-1,-1,-3,-1,1,3600
565,279,1,440,4,-1,99999,-1,-1,-3,-1,1,3600
566,279,1,470,6,-1,99999,-1,-1,-3,-1,1,3600
567,280,1,697,10,-1,99999,-1,-1,-3,-1,1,3600
568,280,1,874,8,-1,99999,-1,-1,-3,-1,1,3600
569,280,1,435,7,-1,99999,-1,-1,-3,-1,1,3600
570,281,1,441,5,-1,99999,-1,-1,-3,-1,1,3600
571,282,1,429,7,-1,99999,-1,-1,-3,-1,1,3600
572,282,1,855,2,-1,99999,-1,-1,-3,-1,1,3600
573,282,1,571,1,-1,99999,-1,-1,-3,-1,1,3600
574,283,1,902,7,-1,99999,-1,-1,-3,-1,1,3600
575,284,1,431,6,-1,99999,-1,-1,-3,-1,1,3600
576,285,1,522,9,-1,99999,-1,-1,-3,-1,1,3660
577,285,1,510,6,-1,99999,-1,-1,-3,-1,1,3660
578,286,1,660,4,-1,99999,-1,-1,-3,-1,1,3660
579,287,1,449,6,-1,99999,-1,-1,-3,-1,1,3720
580,287,1,405,2,-1,99999,-1,-1,-3,-1,1,3720
581,287,1,423,4,-1,99999,-1,-1,-3,-1,1,3720
582,287,1,441,1,-1,99999,-1,-1,-3,-1,1,3720
583,288,1,440,9,-1,99999,-1,-1,-3,-1,1,3720
584,288,1,191,12,-1,99999,-1,-1,-3,-1,1,3720
585,288,1,470,12,-1,99999,-1,-1,-3,-1,1,3720
586,288,1,456,12,-1,99999,-1,-1,-3,-1,1,3720
587,289,1,752,4,-1,99999,-1,-1,-3,-1,1,3720
588,290,1,506,8,-1,99999,-1,-1,-3,-1,1,3780
589,290,1,525,4,-1,99999,-1,-1,-3,-1,1,3780
590,291,1,463,6,-1,99999,-1,-1,-3,-1,1,3780
591,291,1,842,6,-1,99999,-1,-1,-3,-1,1,3780
592,291,1,491,1,-1,99999,-1,-1,-3,-1,1,3780
593,291,1,470,3,-1,99999,-1,-1,-3,-1,1,3780
594,292,1,451,5,-1,99999,-1,-1,-3,-1,1,3780
595,293,1,533,12,-1,99999,-1,-1,-3,-1,1,3780
596,293,1,876,6,-1,99999,-1,-1,-3,-1,1,3780
597,293,1,416,6,-1,99999,-1,-1,-3,-1,1,3780
598,294,1,771,2,-1,99999,-1,-1,-3,-1,1,3780
599,295,1,100,8,-1,99999,-1,-1,-3,-1,1,3780
600,296,1,848,1,-1,99999,-1,-1,-3,-1,1,3780
601,296,1,398,6,-1,99999,-1,-1,-3,-1,1,3780
602,297,1,407,4,-1,99999,-1,-1,-3,-1,1,3780
603,297,1,404,1,-1,99999,-1,-1,-3,-1,1,3780
604,297,1,454,10,-1,99999,-1,-1,-3,-1,1,3780
605,297,1,459,3,-1,99999,-1,-1,-3,-1,1,3780
606,298,1,437,6,-1,99999,-1,-1,-3,-1,1,3780
607,298,1,744,4,-1,99999,-1,-1,-3,-1,1,3780
608,298,1,505,11,-1,99999,-1,-1,-3,-1,1,3780
609,299,1,404,8,-1,99999,-1,-1,-3,-1,1,3840
610,300,1,494,8,-1,99999,-1,-1,-3,-1,1,3840
611,301,1,463,12,-1,99999,-1,-1,-3,-1,1,3900
612,302,1,529,8,-1,99999,-1,-1,-3,-1,1,3900
613,303,1,472,3,-1,99999,-1,-1,-3,-1,1,3960
614,303,1,464,8,-1,99999,-1,-1,-3,-1,1,3960
615,304,1,425,10,-1,99999,-1,-1,-3,-1,1,3960
616,304,1,887,11,-1,99999,-1,-1,-3,-1,1,3960
617,304,1,417,6,-1,99999,-1,-1,-3,-1,1,3960
618,304,1,503,5,-1,99999,-1,-1,-3,-1,1,3960
619,304,1,426,1,-1,99999,-1,-1,-3,-1,1,3960
620,305,1,461,8,-1,99999,-1,-1,-3,-1,1,3960
621,305,1,511,8,-1,99999,-1,-1,-3,-1,1,3960
622,306,1,750,5,-1,99999,-1,-1,-3,-1,1,3960
623,307,1,447,4,-1,99999,-1,-1,-3,-1,1,3960
624,308,1,778,10,-1,99999,-1,-1,-3,-1,1,3960
625,309,1,461,7,-1,99999,-1,-1,-3,-1,1,3960
626,309,1,437,7,-1,99999,-1,-1,-3,-1,1,3960
627,309,1,431,6,-1,99999,-1,-1,-3,-1,1,3960
628,310,1,434,12,-1,99999,-1,-1,-3,-1,1,3960
629,310,1,879,9,-1,99999,-1,-1,-3,-1,1,3960
630,311,1,479,9,-1,99999,-1,-1,-3,-1,1,4020
631,312,1,521,11,-1,99999,-1,-1,-3,-1,1,4020
632,313,1,447,6,-1,99999,-1,-1,-3,-1,1,4020
633,313,1,497,10,-1,99999,-1,-1,-3,-1,1,4020
634,314,1,464,3,-1,99999,-1,-1,-3,-1,1,4020
635,315,1,729,2,-1,99999,-1,-1,-3,-1,1,4020
636,315,1,524,8,-1,99999,-1,-1,-3,-1,1,4020
637,315,1,345,7,-1,99999,-1,-1,-3,-1,1,4020
638,316,1,669,10,-1,99999,-1,-1,-3,-1,1,4020
639,317,1,422,4,-1,99999,-1,-1,-3,-1,1,4020
640,318,1,455,8,-1,99999,-1,-1,-3,-1,1,4020
641,319,1,515,10,-1,99999,-1,-1,-3,-1,1,4140
642,320,1,413,6,-1,99999,-1,-1,-3,-1,1,4140
643,321,1,440,6,-1,99999,-1,-1,-3,-1,1,4140
644,321,1,843,5,-1,99999,-1,-1,-3,-1,1,4140
645,321,1,400,12,-1,99999,-1,-1,-3,-1,1,4140
646,321,1,478,8,-1,99999,-1,-1,-3,-1,1,4140
647,321,1,901,10,-1,99999,-1,-1,-3,-1,1,4140
648,322,1,406,12,-1,99999,-1,-1,-3,-1,1,4140
649,323,1,442,4,-1,99999,-1,-1,-3,-1,1,4140
650,323,1,968,8,-1,99999,-1,-1,-3,-1,1,4140
651,323,1,437,6,-1,99999,-1,-1,-3,-1,1,4140
652,323,1,444,5,-1,99999,-1,-1,-3,-1,1,4140
653,323,1,447,6,-1,99999,-1,-1,-3,-1,1,4140
654,324,1,482,7,-1,99999,-1,-1,-3,-1,1,4200
655,324,1,436,8,-1,99999,-1,-1,-3,-1,1,4200
656,325,1,920,6,-1,99999,-1,-1,-3,-1,1,4200
657,326,1,411,10,-1,99999,-1,-1,-3,-1,1,4200
658,326,1,465,6,-1,99999,-1,-1,-3,-1,1,4200
659,327,1,424,6,-1,99999,-1,-1,-3,-1,1,4200
660,328,1,492,11,-1,99999,-1,-1,-3,-1,1,4200
661,329,1,432,10,-1,99999,-1,-1,-3,-1,1,4200
662,329,1,424,2,-1,99999,-1,-1,-3,-1,1,4200
663,329,1,407,6,-1,99999,-1,-1,-3,-1,1,4200
664,330,1,729,8,-1,99999,-1,-1,-3,-1,1,4200
665,331,1,473,6,-1,99999,-1,-1,-3,-1,1,4200
666,331,1,412,2,-1,99999,-1,-1,-3,-1,1,4200
667,332,1,465,7,-1,99999,-1,-1,-3,-1,1,4260
668,333,1,575,2,-1,99999,-1,-1,-3,-1,1,4260
669,333,1,610,6,-1,99999,-1,-1,-3,-1,1,4260
670,333,1,464,4,-1,99999,-1,-1,-3,-1,1,4260
671,333,1,192,8,-1,99999,-1,-1,-3,-1,1,4260
672,333,1,528,6,-1,99999,-1,-1,-3,-1,1,4260
673,333,1,927,11,-1,99999,-1,-1,-3,-1,1,4260
674,333,1,472,6,-1,99999,-1,-1,-3,-1,1,4260
675,334,1,855,7,-1,99999,-1,-1,-3,-1,1,4260
676,335,1,514,10,-1,99999,-1,-1,-3,-1,1,4320
677,335,1,430,4,-1,99999,-1,-1,-3,-1,1,4320
678,335,1,510,6,-1,99999,-1,-1,-3,-1,1,4320
679,336,1,479,8,-1,99999,-1,-1,-3,-1,1,4320
680,337,1,530,6,-1,99999,-1,-1,-3,-1,1,4320
681,337,1,519,5,-1,99999,-1,-1,-3,-1,1,4320
682,338,1,437,5,-1,99999,-1,-1,-3,-1,1,4320
683,338,1,911,9,-1,99999,-1,-1,-3,-1,1,4320
684,338,1,485,8,-1,99999,-1,-1,-3,-1,1,4320
685,338,1,509,8,-1,99999,-1,-1,-3,-1,1,4320
686,338,1,505,10,-1,99999,-1,-1,-3,-1,1,4320
687,338,1,439,7,-1,99999,-1,-1,-3,-1,1,4320
688,339,1,478,7,-1,99999,-1,-1,-3,-1,1,4320
689,340,1,469,7,-1,99999,-1,-1,-3,-1,1,4320
690,340,1,126,9,-1,99999,-1,-1,-3,-1,1,4320
691,341,1,472,8,-1,99999,-1,-1,-3,-1,1,4320
692,342,1,437,5,-1,99999,-1,-1,-3,-1,1,4380
693,342,1,531,1,-1,99999,-1,-1,-3,-1,1,4380
694,342,1,424,7,-1,99999,-1,-1,-3,-1,1,4380
695,343,1,418,5,-1,99999,-1,-1,-3,-1,1,4380
696,343,1,673,5,-1,99999,-1,-1,-3,-1,1,4380
697,343,1,479,10,-1,99999,-1,-1,-3,-1,1,4380
698,343,1,519,3,-1,99999,-1,-1,-3,-1,1,4380
699,344,1,481,8,-1,99999,-1,-1,-3,-1,1,4380
700,345,1,488,9,-1,99999,-1,-1,-3,-1,1,4380
701,346,1,428,4,-1,99999,-1,-1,-3,-1,1,4380
702,347,1,785,6,-1,99999,-1,-1,-3,-1,1,4440
703,347,1,682,5,-1,99999,-1,-1,-3,-1,1,4440
704,348,1,908,2,-1,99999,-1,-1,-3,-1,1,4440
705,348,1,442,4,-1,99999,-1,-1,-3,-1,1,4440
706,348,1,457,2,-1,99999,-1,-1,-3,-1,1,4440
707,348,1,419,8,-1,99999,-1,-1,-3,-1,1,4440
708,348,1,800,9,-1,99999,-1,-1,-3,-1,1,4440
709,349,1,473,10,-1,99999,-1,-1,-3,-1,1,4440
710,350,1,929,8,-1,99999,-1,-1,-3,-1,1,4440
711,351,1,436,12,-1,99999,-1,-1,-3,-1,1,4440
712,352,1,764,12,-1,99999,-1,-1,-3,-1,1,4440
713,353,1,517,5,-1,99999,-1,-1,-3,-1,1,4440
714,354,1,484,6,-1,99999,-1,-1,-3,-1,1,4440
715,354,1,464,8,-1,99999,-1,-1,-3,-1,1,4440
716,355,1,969,12,-1,99999,-1,-1,-3,-1,1,4500
717,355,1,920,12,-1,99999,-1,-1,-3,-1,1,4500
718,355,1,699,8,-1,99999,-1,-1,-3,-1,1,4500
719,356,1,516,3,-1,99999,-1,-1,-3,-1,1,4500
720,356,1,842,2,-1,99999,-1,-1,-3,-1,1,4500
721,357,1,620,2,-1,99999,-1,-1,-3,-1,1,4500
722,358,1,81,5,-1,99999,-1,-1,-3,-1,1,4500
723,358,1,430,2,-1,99999,-1,-1,-3,-1,1,4500
724,359,1,461,4,-1,99999,-1,-1,-3,-1,1,4500
725,359,1,668,2,-1,99999,-1,-1,-3,-1,1,4500
726,360,1,583,8,-1,99999,-1,-1,-3,-1,1,4500
727,361,1,916,8,-1,99999,-1,-1,-3,-1,1,4560
728,361,1,632,7,-1,99999,-1,-1,-3,-1,1,4560
729,362,1,524,6,-1,99999,-1,-1,-3,-1,1,4560
730,363,1,660,9,-1,99999,-1,-1,-3,-1,1,4560
731,363,1,490,2,-1,99999,-1,-1,-3,-1,1,4560
732,364,1,492,6,-1,99999,-1,-1,-3,-1,1,4560
733,365,1,524,6,-1,99999,-1,-1,-3,-1,1,4560
734,365,1,546,11,-1,99999,-1,-1,-3,-1,1,4560
735,365,1,497,10,-1,99999,-1,-1,-3,-1,1,4560
736,366,1,425,7,-1,99999,-1,-1,-3,-1,1,4620
737,367,1,858,2,-1,99999,-1,-1,-3,-1,1,4620
738,368,1,487,10,-1,99999,-1,-1,-3,-1,1,4620
739,368,1,830,8,-1,99999,-1,-1,-3,-1,1,4620
740,368,1,417,12,-1,99999,-1,-1,-3,-1,1,4620
741,368,1,473,4,-1,99999,-1,-1,-3,-1,1,4620
742,368,1,466,6,-1,99999,-1,-1,-3,-1,1,4620
743,368,1,739,9,-1,99999,-1,-1,-3,-1,1,4620
744,369,1,781,6,-1,99999,-1,-1,-3,-1,1,4620
745,369,1,461,5,-1,99999,-1,-1,-3,-1,1,4620
746,369,1,761,7,-1,99999,-1,-1,-3,-1,1,4620
747,370,1,524,3,-1,99999,-1,-1,-3,-1,1,4620
748,370,1,696,6,-1,99999,-1,-1,-3,-1,1,4620
749,370,1,454,8,-1,99999,-1,-1,-3,-1,1,4620
750,370,1,622,8,-1,99999,-1,-1,-3,-1,1,4620
751,371,1,461,3,-1,99999,-1,-1,-3,-1,1,4620
752,371,1,887,9,-1,99999,-1,-1,-3,-1,1,4620
753,372,1,493,9,-1,99999,-1,-1,-3,-1,1,4620
754,372,1,734,10,-1,99999,-1,-1,-3,-1,1,4620
755,373,1,562,3,-1,99999,-1,-1,-3,-1,1,4680
756,373,1,461,6,-1,99999,-1,-1,-3,-1,1,4680
757,374,1,579,8,-1,99999,-1,-1,-3,-1,1,4680
758,374,1,817,4,-1,99999,-1,-1,-3,-1,1,4680
759,375,1,439,1,-1,99999,-1,-1,-3,-1,1,4680
760,375,1,467,9,-1,99999,-1,-1,-3,-1,1,4680
761,376,1,451,7,-1,99999,-1,-1,-3,-1,1,4680
762,376,1,620,4,-1,99999,-1,-1,-3,-1,1,4680
763,377,1,471,9,-1,99999,-1,-1,-3,-1,1,4680
764,377,1,803,10,-1,99999,-1,-1,-3,-1,1,4680
765,377,1,468,4,-1,99999,-1,-1,-3,-1,1,4680
766,378,1,831,12,-1,99999,-1,-1,-3,-1,1,4740
767,379,1,348,1,-1,99999,-1,-1,-3,-1,1,4740
768,379,1,657,2,-1,99999,-1,-1,-3,-1,1,4740
769,380,1,410,8,-1,99999,-1,-1,-3,-1,1,4740
770,381,1,482,6,-1,99999,-1,-1,-3,-1,1,4740
771,382,1,675,4,-1,99999,-1,-1,-3,-1,1,4740
772,383,1,496,7,-1,99999,-1,-1,-3,-1,1,4800
773,384,1,265,4,-1,99999,-1,-1,-3,-1,1,4800
774,385,1,411,8,-1,99999,-1,-1,-3,-1,1,4800
775,385,1,501,10,-1,99999,-1,-1,-3,-1,1,4800
776,385,1,95,6,-1,99999,-1,-1,-3,-1,1,4800
777,385,1,811,3,-1,99999,-1,-1,-3,-1,1,4800
778,385,1,533,5,-1,99999,-1,-1,-3,-1,1,4800
779,386,1,574,2,-1,99999,-1,-1,-3,-1,1,4800
780,386,1,424,10,-1,99999,-1,-1,-3,-1,1,4800
781,386,1,470,4,-1,99999,-1,-1,-3,-1,1,4800
782,386,1,352,10,-1,99999,-1,-1,-3,-1,1,4800
783,386,1,459,4,-1,99999,-1,-1,-3,-1,1,4800
784,387,1,437,3,-1,99999,-1,-1,-3,-1,1,4800
785,387,1,511,9,-1,99999,-1,-1,-3,-1,1,4800
786,387,1,962,3,-1,99999,-1,-1,-3,-1,1,4800
787,388,1,512,10,-1,99999,-1,-1,-3,-1,1,4800
788,388,1,661,10,-1,99999,-1,-1,-3,-1,1,4800
789,388,1,453,2,-1,99999,-1,-1,-3,-1,1,4800
790,389,1,461,7,-1,99999,-1,-1,-3,-1,1,4860
791,390,1,486,8,-1,99999,-1,-1,-3,-1,1,4860
792,390,1,480,10,-1,99999,-1,-1,-3,-1,1,4860
793,390,1,801,6,-1,99999,-1,-1,-3,-1,1,4860
794,391,1,483,9,-1,99999,-1,-1,-3,-1,1,4860
795,392,1,501,7,-1,99999,-1,-1,-3,-1,1,4860
796,392,1,314,12,-1,99999,-1,-1,-3,-1,1,4860
797,393,1,837,4,-1,99999,-1,-1,-3,-1,1,4860
798,393,1,555,10,-1,99999,-1,-1,-3,-1,1,4860
799,393,1,525,8,-1,99999,-1,-1,-3,-1,1,4860
800,394,1,498,3,-1,99999,-1,-1,-3,-1,1,4920
801,395,1,963,6,-1,99999,-1,-1,-3,-1,1,4920
802,395,1,473,8,-1,99999,-1,-1,-3,-1,1,4920
803,395,1,524,7,-1,99999,-1,-1,-3,-1,1,4920
804,396,1,79,6,-1,99999,-1,-1,-3,-1,1,4920
805,397,1,511,8,-1,99999,-1,-1,-3,-1,1,4920
806,397,1,517,12,-1,99999,-1,-1,-3,-1,1,4920
807,397,1,343,10,-1,99999,-1,-1,-3,-1,1,4920
808,398,1,699,5,-1,99999,-1,-1,-3,-1,1,4980
809,399,1,549,6,-1,99999,-1,-1,-3,-1,1,4980
810,400,1,850,4,-1,99999,-1,-1,-3,-1,1,4980
811,400,1,731,9,-1,99999,-1,-1,-3,-1,1,4980
812,400,1,622,2,-1,99999,-1,-1,-3,-1,1,4980
813,401,1,493,6,-1,99999,-1,-1,-3,-1,1,4980
814,401,1,482,9,-1,99999,-1,-1,-3,-1,1,4980
815,401,1,436,6,-1,99999,-1,-1,-3,-1,1,4980
816,402,1,508,12,-1,99999,-1,-1,-3,-1,1,4980
817,403,1,419,2,-1,99999,-1,-1,-3,-1,1,4980
818,404,1,442,4,-1,99999,-1,-1,-3,-1,1,4980
819,404,1,893,10,-1,99999,-1,-1,-3,-1,1,4980
820,405,1,629,4,-1,99999,-1,-1,-3,-1,1,4980
821,405,1,472,8,-1,99999,-1,-1,-3,-1,1,4980
822,405,1,478,9,-1,99999,-1,-1,-3,-1,1,4980
823,406,1,558,8,-1,99999,-1,-1,-3,-1,1,5040
824,407,1,868,6,-1,99999,-1,-1,-3,-1,1,5040
825,407,1,447,6,-1,99999,-1,-1,-3,-1,1,5040
826,407,1,973,10,-1,99999,-1,-1,-3,-1,1,5040
827,408,1,410,8,-1,99999,-1,-1,-3,-1,1,5040
828,408,1,540,6,-1,99999,-1,-1,-3,-1,1,5040
829,408,1,467,6,-1,99999,-1,-1,-3,-1,1,5040
830,409,1,444,8,-1,99999,-1,-1,-3,-1,1,5040
831,410,1,509,7,-1,99999,-1,-1,-3,-1,1,5040
832,410,1,368,10,-1,99999,-1,-1,-3,-1,1,5040
833,411,1,434,6,-1,99999,-1,-1,-3,-1,1,5040
834,411,1,761,8,-1,99999,-1,-1,-3,-1,1,5040
835,412,1,505,5,-1,99999,-1,-1,-3,-1,1,5040
836,413,1,434,7,-1,99999,-1,-1,-3,-1,1,5100
837,414,1,509,6,-1,99999,-1,-1,-3,-1,1,5100
838,415,1,567,7,-1,99999,-1,-1,-3,-1,1,5160
839,415,1,435,4,-1,99999,-1,-1,-3,-1,1,5160
840,415,1,27,8,-1,99999,-1,-1,-3,-1,1,5160
841,415,1,738,6,-1,99999,-1,-1,-3,-1,1,5160
842,416,1,616,8,-1,99999,-1,-1,-3,-1,1,5160
843,417,1,454,4,-1,99999,-1,-1,-3,-1,1,5160
844,418,1,747,6,-1,99999,-1,-1,-3,-1,1,5160
845,419,1,755,8,-1,99999,-1,-1,-3,-1,1,5160
846,419,1,785,4,-1,99999,-1,-1,-3,-1,1,5160
847,420,1,950,1,-1,99999,-1,-1,-3,-1,1,5160
848,420,1,896,6,-1,99999,-1,-1,-3,-1,1,5160
849,420,1,406,8,-1,99999,-1,-1,-3,-1,1,5160
850,420,1,322,6,-1,99999,-1,-1,-3,-1,1,5160
851,420,1,470,11,-1,99999,-1,-1,-3,-1,1,5160
852,421,1,876,12,-1,99999,-1,-1,-3,-1,1,5220
853,421,1,923,6,-1,99999,-1,-1,-3,-1,1,5220
854,422,1,180,12,-1,99999,-1,-1,-3,-1,1,5220
855,423,1,402,4,-1,99999,-1,-1,-3,-1,1,5220
856,423,1,580,2,-1,99999,-1,-1,-3,-1,1,5220
857,423,1,155,12,-1,99999,-1,-1,-3,-1,1,5220
858,424,1,369,9,-1,99999,-1,-1,-3,-1,1,5220
859,424,1,510,7,-1,99999,-1,-1,-3,-1,1,5220
860,424,1,499,4,-1,99999,-1,-1,-3,-1,1,5220
861,424,1,482,5,-1,99999,-1,-1,-3,-1,1,5220
862,424,1,480,9,-1,99999,-1,-1,-3,-1,1,5220
863,425,1,752,1,-1,99999,-1,-1,-3,-1,1,5220
864,425,1,469,2,-1,99999,-1,-1,-3,-1,1,5220
865,425,1,510,12,-1,99999,-1,-1,-3,-1,1,5220
866,425,1,492,8,-1,99999,-1,-1,-3,-1,1,5220
867,425,1,434,4,-1,99999,-1,-1,-3,-1,1,5220
868,426,1,499,6,-1,99999,-1,-1,-3,-1,1,5220
869,426,1,517,5,-1,99999,-1,-1,-3,-1,1,5220
870,426,1,430,6,-1,99999,-1,-1,-3,-1,1,5220
871,427,1,972,12,-1,99999,-1,-1,-3,-1,1,5220
872,428,1,444,8,-1,99999,-1,-1,-3,-1,1,5280
873,429,1,451,4,-1,99999,-1,-1,-3,-1,1,5280
874,430,1,518,6,-1,99999,-1,-1,-3,-1,1,5280
875,431,1,476,6,-1,99999,-1,-1,-3,-1,1,5280
876,431,1,515,7,-1,99999,-1,-1,-3,-1,1,5280
877,432,1,890,10,-1,99999,-1,-1,-3,-1,1,5280
878,432,1,465,6,-1,99999,-1,-1,-3,-1,1,5280
879,433,1,462,2,-1,99999,-1,-1,-3,-1,1,5280
880,434,1,653,6,-1,99999,-1,-1,-3,-1,1,5280
881,435,1,449,10,-1,99999,-1,-1,-3,-1,1,5280
882,435,1,488,8,-1,99999,-1,-1,-3,-1,1,5280
883,436,1,426,10,-1,99999,-1,-1,-3,-1,1,5280
884,437,1,550,6,-1,99999,-1,-1,-3,-1,1,5340
885,437,1,479,5,-1,99999,-1,-1,-3,-1,1,5340
886,437,1,794,4,-1,99999,-1,-1,-3,-1,1,5340
887,438,1,453,6,-1,99999,-1,-1,-3,-1,1,5340
888,438,1,786,4,-1,99999,-1,-1,-3,-1,1,5340
889,439,1,483,7,-1,99999,-1,-1,-3,-1,1,5340
890,440,1,434,10,-1,99999,-1,-1,-3,-1,1,5340
891,441,1,508,2,-1,99999,-1,-1,-3,-1,1,5340
892,441,1,473,2,-1,99999,-1,-1,-3,-1,1,5340
893,441,1,435,6,-1,99999,-1,-1,-3,-1,1,5340
894,442,1,387,5,-1,99999,-1,-1,-3,-1,1,5340
895,443,1,450,6,-1,99999,-1,-1,-3,-1,1,5340
896,444,1,889,9,-1,99999,-1,-1,-3,-1,1,5400
897,444,1,806,12,-1,99999,-1,-1,-3,-1,1,5400
898,444,1,428,10,-1,99999,-1,-1,-3,-1,1,5400
899,444,1,615,6,-1,99999,-1,-1,-3,-1,1,5400
900,445,1,485,5,-1,99999,-1,-1,-3,-1,1,5400
901,445,1,897,4,-1,99999,-1,-1,-3,-1,1,5400
902,445,1,790,4,-1,99999,-1,-1,-3,-1,1,5400
903,446,1,967,8,-1,99999,-1,-1,-3,-1,1,5400
904,447,1,820,8,-1,99999,-1,-1,-3,-1,1,5400
905,448,1,514,6,-1,99999,-1,-1,-3,-1,1,5400
906,448,1,563,6,-1,99999,-1,-1,-3,-1,1,5400
907,449,1,515,5,-1,99999,-1,-1,-3,-1,1,5400
908,450,1,494,2,-1,99999,-1,-1,-3,-1,1,5400
909,451,1,458,9,-1,99999,-1,-1,-3,-1,1,5400
910,452,1,590,6,-1,99999,-1,-1,-3,-1,1,5400
911,452,1,411,4,-1,99999,-1,-1,-3,-1,1,5400
912,452,1,488,6,-1,99999,-1,-1,-3,-1,1,5400
913,453,1,468,8,-1,99999,-1,-1,-3,-1,1,5460
914,453,1,462,2,-1,99999,-1,-1,-3,-1,1,5460
915,454,1,413,8,-1,99999,-1,-1,-3,-1,1,5460
916,455,1,493,5,-1,99999,-1,-1,-3,-1,1,5460
917,456,1,514,4,-1,99999,-1,-1,-3,-1,1,5460
918,456,1,545,8,-1,99999,-1,-1,-3,-1,1,5460
919,457,1,524,12,-1,99999,-1,-1,-3,-1,1,5520
920,458,1,479,11,-1,99999,-1,-1,-3,-1,1,5520
921,458,1,483,12,-1,99999,-1,-1,-3,-1,1,5520
922,458,1,458,12,-1,99999,-1,-1,-3,-1,1,5520
923,458,1,454,4,-1,99999,-1,-1,-3,-1,1,5520
924,459,1,524,2,-1,99999,-1,-1,-3,-1,1,5520
925,460,1,476,10,-1,99999,-1,-1,-3,-1,1,5520
926,460,1,487,10,-1,99999,-1,-1,-3,-1,1,5520
927,460,1,475,3,-1,99999,-1,-1,-3,-1,1,5520
928,461,1,522,3,-1,99999,-1,-1,-3,-1,1,5520
929,461,1,617,11,-1,99999,-1,-1,-3,-1,1,5520
930,462,1,920,8,-1,99999,-1,-1,-3,-1,1,5580
931,463,1,920,6,-1,99999,-1,-1,-3,-1,1,5580
932,464,1,898,8,-1,99999,-1,-1,-3,-1,1,5580
933,464,1,620,10,-1,99999,-1,-1,-3,-1,1,5580
934,464,1,488,6,-1,99999,-1,-1,-3,-1,1,5580
935,465,1,748,9,-1,99999,-1,-1,-3,-1,1,5640
936,466,1,508,8,-1,99999,-1,-1,-3,-1,1,5640
937,467,1,676,3,-1,99999,-1,-1,-3,-1,1,5640
938,468,1,510,10,-1,99999,-1,-1,-3,-1,1,5640
939,469,1,842,5,-1,99999,-1,-1,-3,-1,1,5700
940,469,1,543,5,-1,99999,-1,-1,-3,-1,1,5700
941,470,1,440,4,-1,99999,-1,-1,-3,-1,1,5700
942,471,1,23,10,-1,99999,-1,-1,-3,-1,1,5700
943,471,1,596,7,-1,99999,-1,-1,-3,-1,1,5700
944,471,1,405,5,-1,99999,-1,-1,-3,-1,1,5700
945,472,1,511,12,-1,99999,-1,-1,-3,-1,1,5700
946,472,1,463,8,-1,99999,-1,-1,-3,-1,1,5700
947,472,1,417,5,-1,99999,-1,-1,-3,-1,1,5700
948,472,1,495,9,-1,99999,-1,-1,-3,-1,1,5700
949,472,1,513,8,-1,99999,-1,-1,-3,-1,1,5700
950,473,1,829,6,-1,99999,-1,-1,-3,-1,1,5700
951,474,1,517,2,-1,99999,-1,-1,-3,-1,1,5760
952,474,1,670,10,-1,99999,-1,-1,-3,-1,1,5760
953,474,1,959,4,-1,99999,-1,-1,-3,-1,1,5760
954,474,1,307,6,-1,99999,-1,-1,-3,-1,1,5760
955,475,1,894,6,-1,99999,-1,-1,-3,-1,1,5760
956,475,1,511,6,-1,99999,-1,-1,-3,-1,1,5760
957,475,1,361,11,-1,99999,-1,-1,-3,-1,1,5760
958,476,1,436,8,-1,99999,-1,-1,-3,-1,1,5760
959,477,1,448,10,-1,99999,-1,-1,-3,-1,1,5760
960,477,1,758,7,-1,99999,-1,-1,-3,-1,1,5760
961,478,1,519,8,-1,99999,-1,-1,-3,-1,1,5760
962,479,1,682,5,-1,99999,-1,-1,-3,-1,1,5760
963,479,1,806,6,-1,99999,-1,-1,-3,-1,1,5760
964,480,1,491,2,-1,99999,-1,-1,-3,-1,1,5760
965,480,1,875,6,-1,99999,-1,-1,-3,-1,1,5760
966,480,1,646,5,-1,99999,-1,-1,-3,-1,1,5760
967,480,1,523,7,-1,99999,-1,-1,-3,-1,1,5760
968,480,1,466,9,-1,99999,-1,-1,-3,-1,1,5760
969,481,1,661,4,-1,99999,-1,-1,-3,-1,1,5760
970,482,1,897,2,-1,99999,-1,-1,-3,-1,1,5820
971,483,1,485,8,-1,99999,-1,-1,-3,-1,1,5820
972,483,1,453,8,-1,99999,-1,-1,-3,-1,1,5820
973,483,1,838,8,-1,99999,-1,-1,-3,-1,1,5820
974,484,1,475,8,-1,99999,-1,-1,-3,-1,1,5820
975,484,1,507,7,-1,99999,-1,-1,-3,-1,1,5820
976,484,1,887,6,-1,99999,-1,-1,-3,-1,1,5820
977,484,1,622,5,-1,99999,-1,-1,-3,-1,1,5820
978,484,1,497,8,-1,99999,-1,-1,-3,-1,1,5820
979,484,1,430,10,-1,99999,-1,-1,-3,-1,1,5820
980,485,1,265,2,-1,99999,-1,-1,-3,-1,1,5820
981,486,1,485,2,-1,99999,-1,-1,-3,-1,1,5820
982,486,1,424,6,-1,99999,-1,-1,-3,-1,1,5820
983,487,1,485,6,-1,99999,-1,-1,-3,-1,1,5880
984,487,1,941,8,-1,99999,-1,-1,-3,-1,1,5880
985,487,1,445,4,-1,99999,-1,-1,-3,-1,1,5880
986,488,1,517,8,-1,99999,-1,-1,-3,-1,1,5880
987,488,1,434,4,-1,99999,-1,-1,-3,-1,1,5880
988,488,1,509,8,-1,99999,-1,-1,-3,-1,1,5880
989,488,1,617,10,-1,99999,-1,-1,-3,-1,1,5880
990,488,1,484,10,-1,99999,-1,-1,-3,-1,1,5880
991,488,1,741,10,-1,99999,-1,-1,-3,-1,1,5880
992,488,1,950,10,-1,99999,-1,-1,-3,-1,1,5880
993,488,1,190,2,-1,99999,-1,-1,-3,-1,1,5880
994,489,1,638,2,-1,99999,-1,-1,-3,-1,1,5880
995,490,1,670,10,-1,99999,-1,-1,-3,-1,1,5880
996,491,1,459,6,-1,99999,-1,-1,-3,-1,1,5880
997,491,1,474,8,-1,99999,-1,-1,-3,-1,1,5880
998,492,1,632,4,-1,99999,-1,-1,-3,-1,1,5880
999,492,1,299,10,-1,99999,-1,-1,-3,-1,1,5880
1000,493,1,668,11,-1,99999,-1,-1,-3,-1,1,5940
1001,494,1,473,7,-1,99999,-1,-1,-3,-1,1,5940
1002,495,1,576,4,-1,99999,-1,-1,-3,-1,1,5940
1003,496,1,411,4,-1,99999,-1,-1,-3,-1,1,5940
1004,496,1,589,4,-1,99999,-1,-1,-3,-1,1,5940
1005,497,1,500,12,-1,99999,-1,-1,-3,-1,1,5940
1006,498,1,508,8,-1,99999,-1,-1,-3,-1,1,5940
1007,499,1,513,4,-1,99999,-1,-1,-3,-1,1,5940
1008,500,1,732,8,-1,99999,-1,-1,-3,-1,1,5940
1009,501,1,265,11,-1,99999,-1,-1,-3,-1,1,6000
1010,502,1,401,9,-1,99999,-1,-1,-3,-1,1,6060
1011,503,1,919,2,-1,99999,-1,-1,-3,-1,1,6060
1012,504,1,453,10,-1,99999,-1,-1,-3,-1,1,6060
1013,504,1,848,8,-1,99999,-1,-1,-3,-1,1,6060
1014,504,1,437,9,-1,99999,-1,-1,-3,-1,1,6060
1015,504,1,557,10,-1,99999,-1,-1,-3,-1,1,6060
1016,504,1,499,1,-1,99999,-1,-1,-3,-1,1,6060
1017,504,1,456,4,-1,99999,-1,-1,-3,-1,1,6060
1018,505,1,485,12,-1,99999,-1,-1,-3,-1,1,6060
1019,506,1,411,9,-1,99999,-1,-1,-3,-1,1,6060
1020,506,1,449,6,-1,99999,-1,-1,-3,-1,1,6060
1021,507,1,710,10,-1,99999,-1,-1,-3,-1,1,6060
1022,508,1,420,2,-1,99999,-1,-1,-3,-1,1,6060
1023,508,1,966,9,-1,99999,-1,-1,-3,-1,1,6060
1024,508,1,491,4,-1,99999,-1,-1,-3,-1,1,6060
1025,508,1,423,6,-1,99999,-1,-1,-3,-1,1,6060
1026,509,1,547,10,-1,99999,-1,-1,-3,-1,1,6120
1027,509,1,449,5,-1,99999,-1,-1,-3,-1,1,6120
1028,509,1,124,8,-1,99999,-1,-1,-3,-1,1,6120
1029,509,1,518,12,-1,99999,-1,-1,-3,-1,1,6120
1030,509,1,857,8,-1,99999,-1,-1,-3,-1,1,6120
1031,510,1,511,6,-1,99999,-1,-1,-3,-1,1,6120
1032,510,1,517,12,-1,99999,-1,-1,-3,-1,1,6120
1033,510,1,480,10,-1,99999,-1,-1,-3,-1,1,6120
1034,510,1,438,4,-1,99999,-1,-1,-3,-1,1,6120
1035,510,1,514,4,-1,99999,-1,-1,-3,-1,1,6120
1036,511,1,831,7,-1,99999,-1,-1,-3,-1,1,6120
1037,511,1,520,4,-1,99999,-1,-1,-3,-1,1,6120
1038,512,1,501,10,-1,99999,-1,-1,-3,-1,1,6120
1039,513,1,449,7,-1,99999,-1,-1,-3,-1,1,6120
1040,513,1,479,10,-1,99999,-1,-1,-3,-1,1,6120
1041,514,1,914,10,-1,99999,-1,-1,-3,-1,1,6120
1042,515,1,585,11,-1,99999,-1,-1,-3,-1,1,6120
1043,515,1,488,8,-1,99999,-1,-1,-3,-1,1,6120
1044,515,1,473,10,-1,99999,-1,-1,-3,-1,1,6120
1045,515,1,591,4,-1,99999,-1,-1,-3,-1,1,6120
1046,516,1,504,7,-1,99999,-1,-1,-3,-1,1,6120
1047,516,1,522,6,-1,99999,-1,-1,-3,-1,1,6120
1048,516,1,634,10,-1,99999,-1,-1,-3,-1,1,6120
1049,517,1,439,4,-1,99999,-1,-1,-3,-1,1,6120
1050,517,1,633,4,-1,99999,-1,-1,-3,-1,1,6120
1051,517,1,468,11,-1,99999,-1,-1,-3,-1,1,6120
1052,518,1,428,9,-1,99999,-1,-1,-3,-1,1,6180
1053,519,1,490,6,-1,99999,-1,-1,-3,-1,1,6180
1054,520,1,538,4,-1,99999,-1,-1,-3,-1,1,6180
1055,520,1,732,8,-1,99999,-1,-1,-3,-1,1,6180
1056,520,1,474,3,-1,99999,-1,-1,-3,-1,1,6180
1057,520,1,513,4,-1,99999,-1,-1,-3,-1,1,6180
1058,520,1,938,5,-1,99999,-1,-1,-3,-1,1,6180
1059,520,1,901,6,-1,99999,-1,-1,-3,-1,1,6180
1060,521,1,592,6,-1,99999,-1,-1,-3,-1,1,6180
1061,521,1,474,8,-1,99999,-1,-1,-3,-1,1,6180
1062,521,1,812,8,-1,99999,-1,-1,-3,-1,1,6180
1063,521,1,428,11,-1,99999,-1,-1,-3,-1,1,6180
1064,522,1,487,4,-1,99999,-1,-1,-3,-1,1,6180
1065,522,1,216,11,-1,99999,-1,-1,-3,-1,1,6180
1066,522,1,492,10,-1,99999,-1,-1,-3,-1,1,6180
1067,522,1,442,4,-1,99999,-1,-1,-3,-1,1,6180
1068,522,1,153,6,-1,99999,-1,-1,-3,-1,1,6180
1069,523,1,460,9,-1,99999,-1,-1,-3,-1,1,6240
1070,524,1,960,6,-1,99999,-1,-1,-3,-1,1,6240
1071,525,1,762,8,-1,99999,-1,-1,-3,-1,1,6240
1072,525,1,774,2,-1,99999,-1,-1,-3,-1,1,6240
1073,526,1,487,10,-1,99999,-1,-1,-3,-1,1,6300
1074,526,1,495,6,-1,99999,-1,-1,-3,-1,1,6300
1075,527,1,401,8,-1,99999,-1,-1,-3,-1,1,6300
1076,528,1,430,9,-1,99999,-1,-1,-3,-1,1,6300
1077,529,1,470,9,-1,99999,-1,-1,-3,-1,1,6300
1078,530,1,403,4,-1,99999,-1,-1,-3,-1,1,6360
1079,530,1,426,7,-1,99999,-1,-1,-3,-1,1,6360
1080,530,1,499,2,-1,99999,-1,-1,-3,-1,1,6360
1081,531,1,584,4,-1,99999,-1,-1,-3,-1,1,6360
1082,532,1,761,8,-1,99999,-1,-1,-3,-1,1,6360
1083,532,1,860,2,-1,99999,-1,-1,-3,-1,1,6360
1084,533,1,912,7,-1,99999,-1,-1,-3,-1,1,6360
1085,534,1,691,3,-1,99999,-1,-1,-3,-1,1,6360
1086,534,1,430,4,-1,99999,-1,-1,-3,-1,1,6360
1087,535,1,884,7,-1,99999,-1,-1,-3,-1,1,6360
1088,535,1,665,10,-1,99999,-1,-1,-3,-1,1,6360
1089,536,1,406,10,-1,99999,-1,-1,-3,-1,1,6420
1090,537,1,392,1,-1,99999,-1,-1,-3,-1,1,6420
1091,537,1,511,6,-1,99999,-1,-1,-3,-1,1,6420
1092,538,1,491,6,-1,99999,-1,-1,-3,-1,1,6420
1093,538,1,619,3,-1,99999,-1,-1,-3,-1,1,6420
1094,538,1,423,9,-1,99999,-1,-1,-3,-1,1,6420
1095,539,1,523,10,-1,99999,-1,-1,-3,-1,1,6420
1096,540,1,422,4,-1,99999,-1,-1,-3,-1,1,6480
1097,540,1,403,3,-1,99999,-1,-1,-3,-1,1,6480
1098,541,1,353,9,-1,99999,-1,-1,-3,-1,1,6480
1099,541,1,661,8,-1,99999,-1,-1,-3,-1,1,6480
1100,542,1,501,6,-1,99999,-1,-1,-3,-1,1,6480
1101,542,1,444,9,-1,99999,-1,-1,-3,-1,1,6480
1102,542,1,492,9,-1,99999,-1,-1,-3,-1,1,6480
1103,542,1,732,7,-1,99999,-1,-1,-3,-1,1,6480
1104,543,1,822,6,-1,99999,-1,-1,-3,-1,1,6540
1105,543,1,462,6,-1,99999,-1,-1,-3,-1,1,6540
1106,544,1,440,2,-1,99999,-1,-1,-3,-1,1,6540
1107,544,1,320,4,-1,99999,-1,-1,-3,-1,1,6540
1108,544,1,501,12,-1,99999,-1,-1,-3,-1,1,6540
1109,544,1,484,6,-1,99999,-1,-1,-3,-1,1,6540
1110,544,1,411,8,-1,99999,-1,-1,-3,-1,1,6540
1111,545,1,464,9,-1,99999,-1,-1,-3,-1,1,6540
1112,545,1,885,11,-1,99999,-1,-1,-3,-1,1,6540
1113,545,1,429,10,-1,99999,-1,-1,-3,-1,1,6540
1114,545,1,756,7,-1,99999,-1,-1,-3,-1,1,6540
1115,545,1,956,7,-1,99999,-1,-1,-3,-1,1,6540
1116,545,1,886,2,-1,99999,-1,-1,-3,-1,1,6540
1117,546,1,417,10,-1,99999,-1,-1,-3,-1,1,6540
1118,547,1,508,12,-1,99999,-1,-1,-3,-1,1,6540
1119,547,1,902,5,-1,99999,-1,-1,-3,-1,1,6540
1120,548,1,486,11,-1,99999,-1,-1,-3,-1,1,6540
1121,548,1,518,5,-1,99999,-1,-1,-3,-1,1,6540
1122,548,1,427,4,-1,99999,-1,-1,-3,-1,1,6540
1123,549,1,507,3,-1,99999,-1,-1,-3,-1,1,6600
1124,550,1,709,1,-1,99999,-1,-1,-3,-1,1,6600
1125,551,1,476,2,-1,99999,-1,-1,-3,-1,1,6600
1126,551,1,299,12,-1,99999,-1,-1,-3,-1,1,6600
1127,552,1,448,7,-1,99999,-1,-1,-3,-1,1,6600
1128,552,1,440,6,-1,99999,-1,-1,-3,-1,1,6600
1129,553,1,800,8,-1,99999,-1,-1,-3,-1,1,6660
1130,553,1,545,5,-1,99999,-1,-1,-3,-1,1,6660
1131,554,1,441,5,-1,99999,-1,-1,-3,-1,1,6660
1132,555,1,420,6,-1,99999,-1,-1,-3,-1,1,6660
1133,556,1,330,7,-1,99999,-1,-1,-3,-1,1,6660
1134,557,1,488,4,-1,99999,-1,-1,-3,-1,1,6660
1135,557,1,451,11,-1,99999,-1,-1,-3,-1,1,6660
1136,558,1,476,9,-1,99999,-1,-1,-3,-1,1,6660
1137,559,1,515,3,-1,99999,-1,-1,-3,-1,1,6720
1138,559,1,521,10,-1,99999,-1,-1,-3,-1,1,6720
1139,560,1,518,2,-1,99999,-1,-1,-3,-1,1,6720
1140,560,1,910,6,-1,99999,-1,-1,-3,-1,1,6720
1141,561,1,879,3,-1,99999,-1,-1,-3,-1,1,6780
1142,561,1,618,6,-1,99999,-1,-1,-3,-1,1,6780
1143,561,1,816,10,-1,99999,-1,-1,-3,-1,1,6780
1144,561,1,469,10,-1,99999,-1,-1,-3,-1,1,6780
1145,562,1,914,11,-1,99999,-1,-1,-3,-1,1,6780
1146,562,1,809,9,-1,99999,-1,-1,-3,-1,1,6780
1147,562,1,469,4,-1,99999,-1,-1,-3,-1,1,6780
1148,563,1,559,2,-1,99999,-1,-1,-3,-1,1,6780
1149,564,1,464,6,-1,99999,-1,-1,-3,-1,1,6840
1150,565,1,517,11,-1,99999,-1,-1,-3,-1,1,6840
1151,565,1,507,6,-1,99999,-1,-1,-3,-1,1,6840
1152,565,1,797,8,-1,99999,-1,-1,-3,-1,1,6840
1153,566,1,437,8,-1,99999,-1,-1,-3,-1,1,6840
1154,566,1,420,4,-1,99999,-1,-1,-3,-1,1,6840
1155,567,1,397,8,-1,99999,-1,-1,-3,-1,1,6840
1156,567,1,496,8,-1,99999,-1,-1,-3,-1,1,6840
1157,567,1,500,8,-1,99999,-1,-1,-3,-1,1,6840
1158,567,1,407,9,-1,99999,-1,-1,-3,-1,1,6840
1159,567,1,757,8,-1,99999,-1,-1,-3,-1,1,6840
1160,567,1,738,4,-1,99999,-1,-1,-3,-1,1,6840
1161,568,1,872,5,-1,99999,-1,-1,-3,-1,1,6840
1162,568,1,520,4,-1,99999,-1,-1,-3,-1,1,6840
1163,568,1,790,2,-1,99999,-1,-1,-3,-1,1,6840
1164,569,1,441,6,-1,99999,-1,-1,-3,-1,1,6840
1165,570,1,464,3,-1,99999,-1,-1,-3,-1,1,6900
1166,570,1,459,6,-1,99999,-1,-1,-3,-1,1,6900
1167,571,1,425,9,-1,99999,-1,-1,-3,-1,1,6900
1168,572,1,603,1,-1,99999,-1,-1,-3,-1,1,6900
1169,573,1,418,10,-1,99999,-1,-1,-3,-1,1,6900
1170,574,1,470,4,-1,99999,-1,-1,-3,-1,1,6960
1171,575,1,455,9,-1,99999,-1,-1,-3,-1,1,6960
1172,575,1,361,2,-1,99999,-1,-1,-3,-1,1,6960
1173,576,1,605,2,-1,99999,-1,-1,-3,-1,1,6960
1174,576,1,433,5,-1,99999,-1,-1,-3,-1,1,6960
1175,576,1,524,5,-1,99999,-1,-1,-3,-1,1,6960
1176,576,1,414,6,-1,99999,-1,-1,-3,-1,1,6960
1177,576,1,675,2,-1,99999,-1,-1,-3,-1,1,6960
1178,576,1,620,7,-1,99999,-1,-1,-3,-1,1,6960
1179,576,1,583,6,-1,99999,-1,-1,-3,-1,1,6960
1180,577,1,471,4,-1,99999,-1,-1,-3,-1,1,6960
1181,577,1,806,6,-1,99999,-1,-1,-3,-1,1,6960
1182,577,1,920,6,-1,99999,-1,-1,-3,-1,1,6960
1183,577,1,852,9,-1,99999,-1,-1,-3,-1,1,6960
1184,578,1,485,6,-1,99999,-1,-1,-3,-1,1,6960
1185,579,1,438,7,-1,99999,-1,-1,-3,-1,1,6960
1186,580,1,451,3,-1,99999,-1,-1,-3,-1,1,6960
1187,580,1,454,11,-1,99999,-1,-1,-3,-1,1,6960
1188,581,1,455,4,-1,99999,-1,-1,-3,-1,1,6960
1189,582,1,502,8,-1,99999,-1,-1,-3,-1,1,6960
1190,583,1,401,4,-1,99999,-1,-1,-3,-1,1,6960
1191,583,1,912,10,-1,99999,-1,-1,-3,-1,1,6960
1192,583,1,488,12,-1,99999,-1,-1,-3,-1,1,6960
1193,583,1,23,4,-1,99999,-1,-1,-3,-1,1,6960
1194,584,1,467,11,-1,99999,-1,-1,-3,-1,1,6960
1195,584,1,520,7,-1,99999,-1,-1,-3,-1,1,6960
1196,585,1,687,6,-1,99999,-1,-1,-3,-1,1,6960
1197,586,1,968,6,-1,99999,-1,-1,-3,-1,1,6960
1198,586,1,404,12,-1,99999,-1,-1,-3,-1,1,6960
1199,587,1,416,5,-1,99999,-1,-1,-3,-1,1,6960
1200,588,1,369,12,-1,99999,-1,-1,-3,-1,1,6960
1201,588,1,943,6,-1,99999,-1,-1,-3,-1,1,6960
1202,588,1,470,2,-1,99999,-1,-1,-3,-1,1,6960
1203,588,1,282,8,-1,99999,-1,-1,-3,-1,1,6960
1204,588,1,578,7,-1,99999,-1,-1,-3,-1,1,6960
1205,589,1,474,3,-1,99999,-1,-1,-3,-1,1,6960
1206,590,1,418,8,-1,99999,-1,-1,-3,-1,1,7020
1207,591,1,490,6,-1,99999,-1,-1,-3,-1,1,7020
1208,592,1,428,12,-1,99999,-1,-1,-3,-1,1,7020
1209,593,1,409,8,-1,99999,-1,-1,-3,-1,1,7020
1210,594,1,485,10,-1,99999,-1,-1,-3,-1,1,7020
1211,594,1,425,8,-1,99999,-1,-1,-3,-1,1,7020
1212,595,1,32,9,-1,99999,-1,-1,-3,-1,1,7020
1213,595,1,89,7,-1,99999,-1,-1,-3,-1,1,7020
1214,595,1,474,5,-1,99999,-1,-1,-3,-1,1,7020
1215,596,1,457,10,-1,99999,-1,-1,-3,-1,1,7020
1216,596,1,654,1,-1,99999,-1,-1,-3,-1,1,7020
1217,597,1,962,8,-1,99999,-1,-1,-3,-1,1,7020
1218,597,1,471,9,-1,99999,-1,-1,-3,-1,1,7020
1219,597,1,480,10,-1,99999,-1,-1,-3,-1,1,7020
1220,597,1,517,6,-1,99999,-1,-1,-3,-1,1,7020
1221,597,1,463,4,-1,99999,-1,-1,-3,-1,1,7020
1222,597,1,953,3,-1,99999,-1,-1,-3,-1,1,7020
1223,597,1,412,3,-1,99999,-1,-1,-3,-1,1,7020
1224,598,1,441,11,-1,99999,-1,-1,-3,-1,1,7020
1225,599,1,441,4,-1,99999,-1,-1,-3,-1,1,7020
1226,599,1,443,2,-1,99999,-1,-1,-3,-1,1,7020
1227,600,1,179,5,-1,99999,-1,-1,-3,-1,1,7080
1228,601,1,665,6,-1,99999,-1,-1,-3,-1,1,7080
1229,601,1,432,10,-1,99999,-1,-1,-3,-1,1,7080
1230,601,1,434,6,-1,99999,-1,-1,-3,-1,1,7080
1231,601,1,442,8,-1,99999,-1,-1,-3,-1,1,7080
1232,602,1,587,8,-1,99999,-1,-1,-3,-1,1,7080
1233,602,1,908,4,-1,99999,-1,-1,-3,-1,1,7080
1234,603,1,480,5,-1,99999,-1,-1,-3,-1,1,7080
1235,604,1,701,5,-1,99999,-1,-1,-3,-1,1,7140
1236,604,1,434,1,-1,99999,-1,-1,-3,-1,1,7140
1237,604,1,73,3,-1,99999,-1,-1,-3,-1,1,7140
1238,605,1,411,6,-1,99999,-1,-1,-3,-1,1,7200
1239,605,1,719,12,-1,99999,-1,-1,-3,-1,1,7200
1240,605,1,496,9,-1,99999,-1,-1,-3,-1,1,7200
1241,606,1,615,11,-1,99999,-1,-1,-3,-1,1,7200
1242,607,1,447,8,-1,99999,-1,-1,-3,-1,1,7200
1243,607,1,445,6,-1,99999,-1,-1,-3,-1,1,7200
1244,608,1,275,4,-1,99999,-1,-1,-3,-1,1,7200
1245,608,1,487,6,-1,99999,-1,-1,-3,-1,1,7200
1246,608,1,467,5,-1,99999,-1,-1,-3,-1,1,7200
1247,609,1,486,4,-1,99999,-1,-1,-3,-1,1,7200
1248,610,1,674,9,-1,99999,-1,-1,-3,-1,1,7200
1249,611,1,468,8,-1,99999,-1,-1,-3,-1,1,7260
1250,611,1,477,8,-1,99999,-1,-1,-3,-1,1,7260
1251,611,1,920,8,-1,99999,-1,-1,-3,-1,1,7260
1252,611,1,744,5,-1,99999,-1,-1,-3,-1,1,7260
1253,611,1,104,4,-1,99999,-1,-1,-3,-1,1,7260
1254,612,1,505,6,-1,99999,-1,-1,-3,-1,1,7260
1255,612,1,435,2,-1,99999,-1,-1,-3,-1,1,7260
1256,613,1,468,2,-1,99999,-1,-1,-3,-1,1,7260
1257,614,1,403,9,-1,99999,-1,-1,-3,-1,1,7260
1258,615,1,433,6,-1,99999,-1,-1,-3,-1,1,7320
1259,615,1,432,9,-1,99999,-1,-1,-3,-1,1,7320
1260,616,1,474,10,-1,99999,-1,-1,-3,-1,1,7320
1261,616,1,478,3,-1,99999,-1,-1,-3,-1,1,7320
1262,616,1,939,8,-1,99999,-1,-1,-3,-1,1,7320
1263,616,1,727,4,-1,99999,-1,-1,-3,-1,1,7320
1264,616,1,514,9,-1,99999,-1,-1,-3,-1,1,7320
1265,616,1,495,5,-1,99999,-1,-1,-3,-1,1,7320
1266,616,1,435,1,-1,99999,-1,-1,-3,-1,1,7320
1267,616,1,506,12,-1,99999,-1,-1,-3,-1,1,7320
1268,616,1,459,10,-1,99999,-1,-1,-3,-1,1,7320
1269,617,1,521,4,-1,99999,-1,-1,-3,-1,1,7320
1270,617,1,537,6,-1,99999,-1,-1,-3,-1,1,7320
1271,617,1,466,7,-1,99999,-1,-1,-3,-1,1,7320
1272,617,1,518,5,-1,99999,-1,-1,-3,-1,1,7320
1273,618,1,521,4,-1,99999,-1,-1,-3,-1,1,7320
1274,619,1,866,8,-1,99999,-1,-1,-3,-1,1,7320
1275,620,1,567,8,-1,99999,-1,-1,-3,-1,1,7380
1276,620,1,441,3,-1,99999,-1,-1,-3,-1,1,7380
1277,621,1,486,8,-1,99999,-1,-1,-3,-1,1,7380
1278,621,1,973,4,-1,99999,-1,-1,-3,-1,1,7380
1279,622,1,512,2,-1,99999,-1,-1,-3,-1,1,7380
1280,622,1,962,6,-1,99999,-1,-1,-3,-1,1,7380
1281,623,1,405,10,-1,99999,-1,-1,-3,-1,1,7380
1282,624,1,482,4,-1,99999,-1,-1,-3,-1,1,7380
1283,624,1,797,10,-1,99999,-1,-1,-3,-1,1,7380
1284,625,1,467,12,-1,99999,-1,-1,-3,-1,1,7440
1285,625,1,703,3,-1,99999,-1,-1,-3,-1,1,7440
1286,626,1,430,2,-1,99999,-1,-1,-3,-1,1,7440
1287,627,1,813,9,-1,99999,-1,-1,-3,-1,1,7440
1288,627,1,516,5,-1,99999,-1,-1,-3,-1,1,7440
1289,627,1,457,8,-1,99999,-1,-1,-3,-1,1,7440
1290,628,1,896,6,-1,99999,-1,-1,-3,-1,1,7440
1291,628,1,504,6,-1,99999,-1,-1,-3,-1,1,7440
1292,628,1,420,6,-1,99999,-1,-1,-3,-1,1,7440
1293,628,1,473,7,-1,99999,-1,-1,-3,-1,1,7440
1294,628,1,514,9,-1,99999,-1,-1,-3,-1,1,7440
1295,629,1,884,12,-1,99999,-1,-1,-3,-1,1,7500
1296,629,1,484,6,-1,99999,-1,-1,-3,-1,1,7500
1297,629,1,478,10,-1,99999,-1,-1,-3,-1,1,7500
1298,630,1,502,2,-1,99999,-1,-1,-3,-1,1,7500
1299,630,1,429,11,-1,99999,-1,-1,-3,-1,1,7500
1300,631,1,195,10,-1,99999,-1,-1,-3,-1,1,7500
1301,632,1,722,7,-1,99999,-1,-1,-3,-1,1,7500
1302,632,1,408,10,-1,99999,-1,-1,-3,-1,1,7500
1303,633,1,267,6,-1,99999,-1,-1,-3,-1,1,7500
1304,634,1,467,7,-1,99999,-1,-1,-3,-1,1,7560
1305,634,1,818,8,-1,99999,-1,-1,-3,-1,1,7560
1306,635,1,685,6,-1,99999,-1,-1,-3,-1,1,7560
1307,635,1,657,7,-1,99999,-1,-1,-3,-1,1,7560
1308,636,1,897,4,-1,99999,-1,-1,-3,-1,1,7620
1309,636,1,881,10,-1,99999,-1,-1,-3,-1,1,7620
1310,636,1,513,8,-1,99999,-1,-1,-3,-1,1,7620
1311,637,1,503,8,-1,99999,-1,-1,-3,-1,1,7620
1312,638,1,598,6,-1,99999,-1,-1,-3,-1,1,7620
1313,638,1,462,6,-1,99999,-1,-1,-3,-1,1,7620
1314,638,1,423,9,-1,99999,-1,-1,-3,-1,1,7620
1315,638,1,415,6,-1,99999,-1,-1,-3,-1,1,7620
1316,638,1,540,3,-1,99999,-1,-1,-3,-1,1,7620
1317,639,1,469,6,-1,99999,-1,-1,-3,-1,1,7620
1318,640,1,417,12,-1,99999,-1,-1,-3,-1,1,7680
1319,640,1,517,3,-1,99999,-1,-1,-3,-1,1,7680
1320,640,1,421,2,-1,99999,-1,-1,-3,-1,1,7680
1321,640,1,629,2,-1,99999,-1,-1,-3,-1,1,7680
1322,641,1,482,6,-1,99999,-1,-1,-3,-1,1,7680
1323,641,1,921,2,-1,99999,-1,-1,-3,-1,1,7680
1324,641,1,951,8,-1,99999,-1,-1,-3,-1,1,7680
1325,642,1,410,2,-1,99999,-1,-1,-3,-1,1,7680
1326,643,1,502,8,-1,99999,-1,-1,-3,-1,1,7680
1327,643,1,519,12,-1,99999,-1,-1,-3,-1,1,7680
1328,644,1,461,5,-1,99999,-1,-1,-3,-1,1,7680
1329,644,1,460,6,-1,99999,-1,-1,-3,-1,1,7680
1330,644,1,861,2,-1,99999,-1,-1,-3,-1,1,7680
1331,644,1,791,6,-1,99999,-1,-1,-3,-1,1,7680
1332,645,1,434,3,-1,99999,-1,-1,-3,-1,1,7680
1333,646,1,956,6,-1,99999,-1,-1,-3,-1,1,7740
1334,647,1,707,10,-1,99999,-1,-1,-3,-1,1,7740
1335,648,1,471,6,-1,99999,-1,-1,-3,-1,1,7740
1336,648,1,509,2,-1,99999,-1,-1,-3,-1,1,7740
1337,649,1,420,7,-1,99999,-1,-1,-3,-1,1,7740
1338,649,1,925,11,-1,99999,-1,-1,-3,-1,1,7740
1339,649,1,438,11,-1,99999,-1,-1,-3,-1,1,7740
1340,650,1,484,8,-1,99999,-1,-1,-3,-1,1,7800
1341,651,1,156,2,-1,99999,-1,-1,-3,-1,1,7800
1342,652,1,437,2,-1,99999,-1,-1,-3,-1,1,7800
1343,652,1,956,4,-1,99999,-1,-1,-3,-1,1,7800
1344,653,1,443,8,-1,99999,-1,-1,-3,-1,1,7800
1345,653,1,504,4,-1,99999,-1,-1,-3,-1,1,7800
1346,653,1,861,4,-1,99999,-1,-1,-3,-1,1,7800
1347,653,1,478,4,-1,99999,-1,-1,-3,-1,1,7800
1348,654,1,585,6,-1,99999,-1,-1,-3,-1,1,7800
1349,654,1,857,7,-1,99999,-1,-1,-3,-1,1,7800
1350,655,1,498,6,-1,99999,-1,-1,-3,-1,1,7800
1351,656,1,953,10,-1,99999,-1,-1,-3,-1,1,7800
1352,656,1,484,7,-1,99999,-1,-1,-3,-1,1,7800
1353,656,1,446,10,-1,99999,-1,-1,-3,-1,1,7800
1354,656,1,402,6,-1,99999,-1,-1,-3,-1,1,7800
1355,656,1,520,5,-1,99999,-1,-1,-3,-1,1,7800
1356,657,1,543,8,-1,99999,-1,-1,-3,-1,1,7860
1357,658,1,497,8,-1,99999,-1,-1,-3,-1,1,7860
1358,658,1,490,12,-1,99999,-1,-1,-3,-1,1,7860
1359,658,1,474,7,-1,99999,-1,-1,-3,-1,1,7860
1360,658,1,895,3,-1,99999,-1,-1,-3,-1,1,7860
1361,658,1,461,5,-1,99999,-1,-1,-3,-1,1,7860
1362,658,1,480,6,-1,99999,-1,-1,-3,-1,1,7860
1363,659,1,520,6,-1,99999,-1,-1,-3,-1,1,7860
1364,659,1,505,5,-1,99999,-1,-1,-3,-1,1,7860
1365,660,1,395,12,-1,99999,-1,-1,-3,-1,1,7920
1366,661,1,549,8,-1,99999,-1,-1,-3,-1,1,7920
1367,662,1,302,4,-1,99999,-1,-1,-3,-1,1,7920
1368,663,1,473,2,-1,99999,-1,-1,-3,-1,1,7920
1369,663,1,744,10,-1,99999,-1,-1,-3,-1,1,7920
1370,664,1,937,4,-1,99999,-1,-1,-3,-1,1,7920
1371,665,1,835,7,-1,99999,-1,-1,-3,-1,1,7920
1372,665,1,432,9,-1,99999,-1,-1,-3,-1,1,7920
1373,666,1,491,6,-1,99999,-1,-1,-3,-1,1,7920
1374,666,1,723,5,-1,99999,-1,-1,-3,-1,1,7920
1375,666,1,438,7,-1,99999,-1,-1,-3,-1,1,7920
1376,667,1,509,3,-1,99999,-1,-1,-3,-1,1,7920
1377,668,1,406,6,-1,99999,-1,-1,-3,-1,1,7980
1378,668,1,613,10,-1,99999,-1,-1,-3,-1,1,7980
1379,669,1,535,7,-1,99999,-1,-1,-3,-1,1,7980
1380,670,1,516,6,-1,99999,-1,-1,-3,-1,1,7980
1381,671,1,466,10,-1,99999,-1,-1,-3,-1,1,7980
1382,672,1,750,5,-1,99999,-1,-1,-3,-1,1,8040
1383,673,1,537,10,-1,99999,-1,-1,-3,-1,1,8040
1384,674,1,445,2,-1,99999,-1,-1,-3,-1,1,8100
1385,675,1,402,4,-1,99999,-1,-1,-3,-1,1,8100
1386,675,1,950,5,-1,99999,-1,-1,-3,-1,1,8100
1387,676,1,574,8,-1,99999,-1,-1,-3,-1,1,8100
1388,676,1,965,10,-1,99999,-1,-1,-3,-1,1,8100
1389,676,1,513,4,-1,99999,-1,-1,-3,-1,1,8100
1390,676,1,504,12,-1,99999,-1,-1,-3,-1,1,8100
1391,677,1,489,4,-1,99999,-1,-1,-3,-1,1,8100
1392,678,1,683,6,-1,99999,-1,-1,-3,-1,1,8160
1393,678,1,565,7,-1,99999,-1,-1,-3,-1,1,8160
1394,679,1,483,2,-1,99999,-1,-1,-3,-1,1,8160
1395,679,1,665,8,-1,99999,-1,-1,-3,-1,1,8160
1396,680,1,497,3,-1,99999,-1,-1,-3,-1,1,8220
1397,681,1,461,2,-1,99999,-1,-1,-3,-1,1,8220
1398,682,1,512,8,-1,99999,-1,-1,-3,-1,1,8220
1399,682,1,455,5,-1,99999,-1,-1,-3,-1,1,8220
1400,682,1,498,7,-1,99999,-1,-1,-3,-1,1,8220
1401,682,1,479,5,-1,99999,-1,-1,-3,-1,1,8220
1402,683,1,458,5,-1,99999,-1,-1,-3,-1,1,8220
1403,683,1,429,10,-1,99999,-1,-1,-3,-1,1,8220
1404,683,1,490,9,-1,99999,-1,-1,-3,-1,1,8220
1405,683,1,420,6,-1,99999,-1,-1,-3,-1,1,8220
1406,684,1,514,10,-1,99999,-1,-1,-3,-1,1,8220
1407,684,1,307,7,-1,99999,-1,-1,-3,-1,1,8220
1408,684,1,485,11,-1,99999,-1,-1,-3,-1,1,8220
1409,684,1,484,8,-1,99999,-1,-1,-3,-1,1,8220
1410,685,1,510,6,-1,99999,-1,-1,-3,-1,1,8340
1411,685,1,449,2,-1,99999,-1,-1,-3,-1,1,8340
1412,686,1,447,6,-1,99999,-1,-1,-3,-1,1,8340
1413,687,1,471,10,-1,99999,-1,-1,-3,-1,1,8340
1414,688,1,561,3,-1,99999,-1,-1,-3,-1,1,8340
1415,688,1,731,2,-1,99999,-1,-1,-3,-1,1,8340
1416,689,1,884,2,-1,99999,-1,-1,-3,-1,1,8340
1417,689,1,969,5,-1,99999,-1,-1,-3,-1,1,8340
1418,689,1,516,4,-1,99999,-1,-1,-3,-1,1,8340
1419,689,1,431,7,-1,99999,-1,-1,-3,-1,1,8340
1420,689,1,446,6,-1,99999,-1,-1,-3,-1,1,8340
1421,690,1,877,3,-1,99999,-1,-1,-3,-1,1,8340
1422,691,1,446,10,-1,99999,-1,-1,-3,-1,1,8400
1423,692,1,484,7,-1,99999,-1,-1,-3,-1,1,8400
1424,693,1,716,9,-1,99999,-1,-1,-3,-1,1,8400
1425,693,1,473,9,-1,99999,-1,-1,-3,-1,1,8400
1426,693,1,436,6,-1,99999,-1,-1,-3,-1,1,8400
1427,694,1,605,4,-1,99999,-1,-1,-3,-1,1,8400
1428,695,1,520,7,-1,99999,-1,-1,-3,-1,1,8400
1429,696,1,417,12,-1,99999,-1,-1,-3,-1,1,8460
1430,696,1,476,8,-1,99999,-1,-1,-3,-1,1,8460
1431,697,1,456,4,-1,99999,-1,-1,-3,-1,1,8460
1432,698,1,605,4,-1,99999,-1,-1,-3,-1,1,8460
1433,698,1,543,9,-1,99999,-1,-1,-3,-1,1,8460
1434,698,1,485,10,-1,99999,-1,-1,-3,-1,1,8460
1435,699,1,583,8,-1,99999,-1,-1,-3,-1,1,8460
1436,700,1,291,2,-1,99999,-1,-1,-3,-1,1,8460
1437,701,1,678,8,-1,99999,-1,-1,-3,-1,1,8520
1438,702,1,545,6,-1,99999,-1,-1,-3,-1,1,8520
1439,702,1,411,10,-1,99999,-1,-1,-3,-1,1,8520
1440,703,1,482,6,-1,99999,-1,-1,-3,-1,1,8520
1441,704,1,753,6,-1,99999,-1,-1,-3,-1,1,8520
1442,704,1,475,10,-1,99999,-1,-1,-3,-1,1,8520
1443,704,1,458,8,-1,99999,-1,-1,-3,-1,1,8520
1444,704,1,438,3,-1,99999,-1,-1,-3,-1,1,8520
1445,705,1,511,8,-1,99999,-1,-1,-3,-1,1,8520
1446,706,1,781,11,-1,99999,-1,-1,-3,-1,1,8520
1447,707,1,690,6,-1,99999,-1,-1,-3,-1,1,8520
1448,708,1,443,8,-1,99999,-1,-1,-3,-1,1,8520
1449,708,1,797,6,-1,99999,-1,-1,-3,-1,1,8520
1450,708,1,429,10,-1,99999,-1,-1,-3,-1,1,8520
1451,709,1,708,6,-1,99999,-1,-1,-3,-1,1,8580
1452,710,1,692,5,-1,99999,-1,-1,-3,-1,1,8580
1453,710,1,515,8,-1,99999,-1,-1,-3,-1,1,8580
1454,710,1,504,4,-1,99999,-1,-1,-3,-1,1,8580
1455,710,1,443,4,-1,99999,-1,-1,-3,-1,1,8580
1456,711,1,500,2,-1,99999,-1,-1,-3,-1,1,8580
1457,712,1,604,4,-1,99999,-1,-1,-3,-1,1,8580
1458,713,1,710,10,-1,99999,-1,-1,-3,-1,1,8580
1459,714,1,877,6,-1,99999,-1,-1,-3,-1,1,8580
1460,715,1,777,6,-1,99999,-1,-1,-3,-1,1,8640
1461,716,1,459,8,-1,99999,-1,-1,-3,-1,1,8640
1462,716,1,496,11,-1,99999,-1,-1,-3,-1,1,8640
1463,717,1,749,9,-1,99999,-1,-1,-3,-1,1,8640
1464,718,1,465,9,-1,99999,-1,-1,-3,-1,1,8640
1465,718,1,615,6,-1,99999,-1,-1,-3,-1,1,8640
1466,718,1,881,8,-1,99999,-1,-1,-3,-1,1,8640
1467,719,1,892,11,-1,99999,-1,-1,-3,-1,1,8640
1468,720,1,440,4,-1,99999,-1,-1,-3,-1,1,8640
1469,720,1,492,9,-1,99999,-1,-1,-3,-1,1,8640
1470,721,1,497,2,-1,99999,-1,-1,-3,-1,1,8640
1471,722,1,495,4,-1,99999,-1,-1,-3,-1,1,8700
1472,722,1,442,6,-1,99999,-1,-1,-3,-1,1,8700
1473,723,1,440,6,-1,99999,-1,-1,-3,-1,1,8700
1474,724,1,476,7,-1,99999,-1,-1,-3,-1,1,8700
1475,725,1,522,9,-1,99999,-1,-1,-3,-1,1,8700
1476,725,1,406,5,-1,99999,-1,-1,-3,-1,1,8700
1477,726,1,425,6,-1,99999,-1,-1,-3,-1,1,8700
1478,726,1,753,8,-1,99999,-1,-1,-3,-1,1,8700
1479,727,1,478,11,-1,99999,-1,-1,-3,-1,1,8760
1480,727,1,451,8,-1,99999,-1,-1,-3,-1,1,8760
1481,728,1,752,3,-1,99999,-1,-1,-3,-1,1,8760
1482,728,1,430,3,-1,99999,-1,-1,-3,-1,1,8760
1483,728,1,698,2,-1,99999,-1,-1,-3,-1,1,8760
1484,728,1,515,7,-1,99999,-1,-1,-3,-1,1,8760
1485,728,1,584,4,-1,99999,-1,-1,-3,-1,1,8760
1486,728,1,965,6,-1,99999,-1,-1,-3,-1,1,8760
1487,729,1,873,5,-1,99999,-1,-1,-3,-1,1,8760
1488,729,1,444,9,-1,99999,-1,-1,-3,-1,1,8760
1489,730,1,434,4,-1,99999,-1,-1,-3,-1,1,8760
1490,730,1,478,10,-1,99999,-1,-1,-3,-1,1,8760
1491,730,1,150,8,-1,99999,-1,-1,-3,-1,1,8760
1492,730,1,646,4,-1,99999,-1,-1,-3,-1,1,8760
1493,731,1,942,10,-1,99999,-1,-1,-3,-1,1,8760
1494,732,1,442,6,-1,99999,-1,-1,-3,-1,1,8820
1495,732,1,467,9,-1,99999,-1,-1,-3,-1,1,8820
1496,732,1,490,10,-1,99999,-1,-1,-3,-1,1,8820
1497,732,1,686,2,-1,99999,-1,-1,-3,-1,1,8820
1498,732,1,888,8,-1,99999,-1,-1,-3,-1,1,8820
1499,732,1,905,11,-1,99999,-1,-1,-3,-1,1,8820
1500,733,1,268,7,-1,99999,-1,-1,-3,-1,1,8820
1501,733,1,872,8,-1,99999,-1,-1,-3,-1,1,8820
1502,734,1,404,6,-1,99999,-1,-1,-3,-1,1,8820
1503,734,1,838,3,-1,99999,-1,-1,-3,-1,1,8820
1504,735,1,436,7,-1,99999,-1,-1,-3,-1,1,8820
1505,735,1,748,10,-1,99999,-1,-1,-3,-1,1,8820
1506,735,1,815,5,-1,99999,-1,-1,-3,-1,1,8820
1507,736,1,512,5,-1,99999,-1,-1,-3,-1,1,8820
1508,737,1,499,4,-1,99999,-1,-1,-3,-1,1,8820
1509,738,1,610,7,-1,99999,-1,-1,-3,-1,1,8820
1510,738,1,405,10,-1,99999,-1,-1,-3,-1,1,8820
1511,739,1,766,1,-1,99999,-1,-1,-3,-1,1,8820
1512,740,1,503,7,-1,99999,-1,-1,-3,-1,1,8880
1513,741,1,454,9,-1,99999,-1,-1,-3,-1,1,8880
1514,742,1,428,4,-1,99999,-1,-1,-3,-1,1,8880
1515,742,1,700,5,-1,99999,-1,-1,-3,-1,1,8880
1516,743,1,403,4,-1,99999,-1,-1,-3,-1,1,8880
1517,743,1,939,10,-1,99999,-1,-1,-3,-1,1,8880
1518,744,1,711,7,-1,99999,-1,-1,-3,-1,1,8940
1519,745,1,434,10,-1,99999,-1,-1,-3,-1,1,8940
1520,746,1,72,3,-1,99999,-1,-1,-3,-1,1,8940
1521,747,1,587,11,-1,99999,-1,-1,-3,-1,1,8940
1522,747,1,541,4,-1,99999,-1,-1,-3,-1,1,8940
1523,748,1,473,10,-1,99999,-1,-1,-3,-1,1,8940
1524,748,1,853,9,-1,99999,-1,-1,-3,-1,1,8940
1525,749,1,403,10,-1,99999,-1,-1,-3,-1,1,8940
1526,749,1,495,8,-1,99999,-1,-1,-3,-1,1,8940
1527,750,1,446,11,-1,99999,-1,-1,-3,-1,1,9000
1528,751,1,424,10,-1,99999,-1,-1,-3,-1,1,9000
1529,752,1,458,1,-1,99999,-1,-1,-3,-1,1,9000
1530,752,1,511,2,-1,99999,-1,-1,-3,-1,1,9000
1531,753,1,507,5,-1,99999,-1,-1,-3,-1,1,9000
1532,754,1,291,6,-1,99999,-1,-1,-3,-1,1,9000
1533,755,1,461,4,-1,99999,-1,-1,-3,-1,1,9060
1534,756,1,510,8,-1,99999,-1,-1,-3,-1,1,9060
1535,756,1,45,6,-1,99999,-1,-1,-3,-1,1,9060
1536,756,1,893,9,-1,99999,-1,-1,-3,-1,1,9060
1537,756,1,39,2,-1,99999,-1,-1,-3,-1,1,9060
1538,756,1,501,2,-1,99999,-1,-1,-3,-1,1,9060
1539,757,1,898,4,-1,99999,-1,-1,-3,-1,1,9060
1540,758,1,482,3,-1,99999,-1,-1,-3,-1,1,9060
1541,758,1,816,10,-1,99999,-1,-1,-3,-1,1,9060
1542,759,1,524,5,-1,99999,-1,-1,-3,-1,1,9120
1543,760,1,436,8,-1,99999,-1,-1,-3,-1,1,9120
1544,760,1,612,2,-1,99999,-1,-1,-3,-1,1,9120
1545,761,1,453,3,-1,99999,-1,-1,-3,-1,1,9120
1546,761,1,429,6,-1,99999,-1,-1,-3,-1,1,9120
1547,761,1,481,7,-1,99999,-1,-1,-3,-1,1,9120
1548,761,1,523,8,-1,99999,-1,-1,-3,-1,1,9120
1549,761,1,438,12,-1,99999,-1,-1,-3,-1,1,9120
1550,762,1,414,10,-1,99999,-1,-1,-3,-1,1,9120
1551,763,1,504,5,-1,99999,-1,-1,-3,-1,1,9180
1552,763,1,956,6,-1,99999,-1,-1,-3,-1,1,9180
1553,764,1,401,5,-1,99999,-1,-1,-3,-1,1,9180
1554,764,1,423,6,-1,99999,-1,-1,-3,-1,1,9180
1555,764,1,453,7,-1,99999,-1,-1,-3,-1,1,9180
1556,764,1,503,8,-1,99999,-1,-1,-3,-1,1,9180
1557,764,1,410,5,-1,99999,-1,-1,-3,-1,1,9180
1558,765,1,477,7,-1,99999,-1,-1,-3,-1,1,9180
1559,766,1,693,3,-1,99999,-1,-1,-3,-1,1,9180
1560,767,1,421,6,-1,99999,-1,-1,-3,-1,1,9180
1561,768,1,447,5,-1,99999,-1,-1,-3,-1,1,9180
1562,768,1,473,3,-1,99999,-1,-1,-3,-1,1,9180
1563,769,1,339,1,-1,99999,-1,-1,-3,-1,1,9180
1564,769,1,478,7,-1,99999,-1,-1,-3,-1,1,9180
1565,770,1,444,1,-1,99999,-1,-1,-3,-1,1,9240
1566,770,1,632,4,-1,99999,-1,-1,-3,-1,1,9240
1567,771,1,831,8,-1,99999,-1,-1,-3,-1,1,9240
1568,772,1,736,6,-1,99999,-1,-1,-3,-1,1,9240
1569,772,1,499,8,-1,99999,-1,-1,-3,-1,1,9240
1570,772,1,483,8,-1,99999,-1,-1,-3,-1,1,9240
1571,773,1,480,6,-1,99999,-1,-1,-3,-1,1,9300
1572,774,1,447,5,-1,99999,-1,-1,-3,-1,1,9300
1573,775,1,749,4,-1,99999,-1,-1,-3,-1,1,9300
1574,776,1,428,5,-1,99999,-1,-1,-3,-1,1,9300
1575,777,1,426,4,-1,99999,-1,-1,-3,-1,1,9300
1576,778,1,477,5,-1,99999,-1,-1,-3,-1,1,9360
1577,778,1,629,6,-1,99999,-1,-1,-3,-1,1,9360
1578,778,1,492,9,-1,99999,-1,-1,-3,-1,1,9360
1579,779,1,891,7,-1,99999,-1,-1,-3,-1,1,9360
1580,779,1,491,4,-1,99999,-1,-1,-3,-1,1,9360
1581,779,1,721,6,-1,99999,-1,-1,-3,-1,1,9360
1582,780,1,405,2,-1,99999,-1,-1,-3,-1,1,9360
1583,780,1,479,4,-1,99999,-1,-1,-3,-1,1,9360
1584,780,1,451,8,-1,99999,-1,-1,-3,-1,1,9360
1585,781,1,438,9,-1,99999,-1,-1,-3,-1,1,9360
1586,782,1,523,6,-1,99999,-1,-1,-3,-1,1,9360
1587,783,1,682,11,-1,99999,-1,-1,-3,-1,1,9420
1588,783,1,490,1,-1,99999,-1,-1,-3,-1,1,9420
1589,784,1,798,8,-1,99999,-1,-1,-3,-1,1,9420
1590,784,1,429,5,-1,99999,-1,-1,-3,-1,1,9420
1591,784,1,402,4,-1,99999,-1,-1,-3,-1,1,9420
1592,785,1,505,5,-1,99999,-1,-1,-3,-1,1,9420
1593,785,1,468,1,-1,99999,-1,-1,-3,-1,1,9420
1594,785,1,183,8,-1,99999,-1,-1,-3,-1,1,9420
1595,785,1,845,8,-1,99999,-1,-1,-3,-1,1,9420
1596,786,1,472,5,-1,99999,-1,-1,-3,-1,1,9420
1597,787,1,454,6,-1,99999,-1,-1,-3,-1,1,9480
1598,787,1,885,6,-1,99999,-1,-1,-3,-1,1,9480
1599,787,1,474,2,-1,99999,-1,-1,-3,-1,1,9480
1600,787,1,846,8,-1,99999,-1,-1,-3,-1,1,9480
1601,788,1,493,4,-1,99999,-1,-1,-3,-1,1,9480
1602,789,1,496,6,-1,99999,-1,-1,-3,-1,1,9480
1603,790,1,483,7,-1,99999,-1,-1,-3,-1,1,9480
1604,791,1,641,8,-1,99999,-1,-1,-3,-1,1,9540
1605,792,1,495,6,-1,99999,-1,-1,-3,-1,1,9540
1606,793,1,462,9,-1,99999,-1,-1,-3,-1,1,9540
1607,793,1,912,4,-1,99999,-1,-1,-3,-1,1,9540
1608,793,1,602,8,-1,99999,-1,-1,-3,-1,1,9540
1609,793,1,443,4,-1,99999,-1,-1,-3,-1,1,9540
1610,793,1,503,2,-1,99999,-1,-1,-3,-1,1,9540
1611,794,1,78,10,-1,99999,-1,-1,-3,-1,1,9540
1612,794,1,468,8,-1,99999,-1,-1,-3,-1,1,9540
1613,795,1,473,4,-1,99999,-1,-1,-3,-1,1,9540
1614,795,1,475,3,-1,99999,-1,-1,-3,-1,1,9540
1615,796,1,974,3,-1,99999,-1,-1,-3,-1,1,9540
1616,796,1,129,4,-1,99999,-1,-1,-3,-1,1,9540
1617,797,1,567,2,-1,99999,-1,-1,-3,-1,1,9600
1618,797,1,516,4,-1,99999,-1,-1,-3,-1,1,9600
1619,797,1,642,6,-1,99999,-1,-1,-3,-1,1,9600
1620,797,1,486,8,-1,99999,-1,-1,-3,-1,1,9600
1621,797,1,366,8,-1,99999,-1,-1,-3,-1,1,9600
1622,797,1,517,4,-1,99999,-1,-1,-3,-1,1,9600
1623,797,1,509,12,-1,99999,-1,-1,-3,-1,1,9600
1624,798,1,869,5,-1,99999,-1,-1,-3,-1,1,9600
1625,799,1,509,9,-1,99999,-1,-1,-3,-1,1,9600
1626,800,1,455,4,-1,99999,-1,-1,-3,-1,1,9600
1627,800,1,44,2,-1,99999,-1,-1,-3,-1,1,9600
1628,801,1,489,9,-1,99999,-1,-1,-3,-1,1,9660
1629,802,1,405,6,-1,99999,-1,-1,-3,-1,1,9660
1630,802,1,762,11,-1,99999,-1,-1,-3,-1,1,9660
1631,802,1,467,8,-1,99999,-1,-1,-3,-1,1,9660
1632,803,1,407,10,-1,99999,-1,-1,-3,-1,1,9720
1633,804,1,469,6,-1,99999,-1,-1,-3,-1,1,9720
1634,805,1,693,12,-1,99999,-1,-1,-3,-1,1,9720
1635,805,1,504,10,-1,99999,-1,-1,-3,-1,1,9720
1636,806,1,461,6,-1,99999,-1,-1,-3,-1,1,9720
1637,806,1,441,7,-1,99999,-1,-1,-3,-1,1,9720
1638,807,1,480,8,-1,99999,-1,-1,-3,-1,1,9720
1639,807,1,508,3,-1,99999,-1,-1,-3,-1,1,9720
1640,808,1,67,2,-1,99999,-1,-1,-3,-1,1,9720
1641,808,1,423,6,-1,99999,-1,-1,-3,-1,1,9720
1642,809,1,478,9,-1,99999,-1,-1,-3,-1,1,9720
1643,809,1,487,2,-1,99999,-1,-1,-3,-1,1,9720
1644,809,1,500,6,-1,99999,-1,-1,-3,-1,1,9720
1645,810,1,482,2,-1,99999,-1,-1,-3,-1,1,9720
1646,811,1,493,2,-1,99999,-1,-1,-3,-1,1,9720
1647,812,1,755,4,-1,99999,-1,-1,-3,-1,1,9720
1648,813,1,504,4,-1,99999,-1,-1,-3,-1,1,9720
1649,814,1,453,9,-1,99999,-1,-1,-3,-1,1,9720
1650,814,1,874,6,-1,99999,-1,-1,-3,-1,1,9720
1651,814,1,422,2,-1,99999,-1,-1,-3,-1,1,9720
1652,814,1,504,12,-1,99999,-1,-1,-3,-1,1,9720
1653,814,1,948,6,-1,99999,-1,-1,-3,-1,1,9720
1654,814,1,495,7,-1,99999,-1,-1,-3,-1,1,9720
1655,815,1,485,2,-1,99999,-1,-1,-3,-1,1,9780
1656,816,1,491,10,-1,99999,-1,-1,-3,-1,1,9780
1657,817,1,475,8,-1,99999,-1,-1,-3,-1,1,9840
1658,817,1,449,2,-1,99999,-1,-1,-3,-1,1,9840
1659,818,1,324,4,-1,99999,-1,-1,-3,-1,1,9840
1660,819,1,489,4,-1,99999,-1,-1,-3,-1,1,9840
1661,820,1,758,5,-1,99999,-1,-1,-3,-1,1,9840
1662,820,1,540,12,-1,99999,-1,-1,-3,-1,1,9840
1663,820,1,738,6,-1,99999,-1,-1,-3,-1,1,9840
1664,821,1,438,4,-1,99999,-1,-1,-3,-1,1,9840
1665,821,1,769,1,-1,99999,-1,-1,-3,-1,1,9840
1666,822,1,498,8,-1,99999,-1,-1,-3,-1,1,9900
1667,822,1,880,2,-1,99999,-1,-1,-3,-1,1,9900
1668,822,1,458,12,-1,99999,-1,-1,-3,-1,1,9900
1669,822,1,435,7,-1,99999,-1,-1,-3,-1,1,9900
1670,823,1,559,9,-1,99999,-1,-1,-3,-1,1,9900
1671,824,1,739,8,-1,99999,-1,-1,-3,-1,1,9900
1672,825,1,406,9,-1,99999,-1,-1,-3,-1,1,9960
1673,825,1,455,9,-1,99999,-1,-1,-3,-1,1,9960
1674,826,1,448,2,-1,99999,-1,-1,-3,-1,1,9960
1675,826,1,489,6,-1,99999,-1,-1,-3,-1,1,9960
1676,826,1,418,6,-1,99999,-1,-1,-3,-1,1,9960
1677,827,1,938,2,-1,99999,-1,-1,-3,-1,1,9960
1678,828,1,400,12,-1,99999,-1,-1,-3,-1,1,9960
1679,829,1,439,4,-1,99999,-1,-1,-3,-1,1,9960
1680,829,1,423,10,-1,99999,-1,-1,-3,-1,1,9960
1681,830,1,548,9,-1,99999,-1,-1,-3,-1,1,9960
1682,830,1,581,8,-1,99999,-1,-1,-3,-1,1,9960
1683,831,1,458,6,-1,99999,-1,-1,-3,-1,1,9960
1684,832,1,514,10,-1,99999,-1,-1,-3,-1,1,10020
1685,833,1,416,4,-1,99999,-1,-1,-3,-1,1,10020
1686,833,1,438,6,-1,99999,-1,-1,-3,-1,1,10020
1687,834,1,498,6,-1,99999,-1,-1,-3,-1,1,10020
1688,834,1,476,6,-1,99999,-1,-1,-3,-1,1,10020
1689,834,1,403,11,-1,99999,-1,-1,-3,-1,1,10020
1690,835,1,583,5,-1,99999,-1,-1,-3,-1,1,10020
1691,835,1,517,4,-1,99999,-1,-1,-3,-1,1,10020
1692,836,1,490,6,-1,99999,-1,-1,-3,-1,1,10020
1693,836,1,441,7,-1,99999,-1,-1,-3,-1,1,10020
1694,836,1,518,8,-1,99999,-1,-1,-3,-1,1,10020
1695,837,1,764,10,-1,99999,-1,-1,-3,-1,1,10020
1696,837,1,481,11,-1,99999,-1,-1,-3,-1,1,10020
1697,838,1,491,7,-1,99999,-1,-1,-3,-1,1,10020
1698,839,1,793,3,-1,99999,-1,-1,-3,-1,1,10080
1699,839,1,929,6,-1,99999,-1,-1,-3,-1,1,10080
1700,839,1,763,8,-1,99999,-1,-1,-3,-1,1,10080
1701,840,1,443,3,-1,99999,-1,-1,-3,-1,1,10080
1702,841,1,730,3,-1,99999,-1,-1,-3,-1,1,10080
1703,842,1,409,2,-1,99999,-1,-1,-3,-1,1,10080
1704,843,1,472,8,-1,99999,-1,-1,-3,-1,1,10140
1705,843,1,405,4,-1,99999,-1,-1,-3,-1,1,10140
1706,844,1,83,2,-1,99999,-1,-1,-3,-1,1,10140
1707,845,1,151,2,-1,99999,-1,-1,-3,-1,1,10140
1708,846,1,244,7,-1,99999,-1,-1,-3,-1,1,10140
1709,846,1,490,4,-1,99999,-1,-1,-3,-1,1,10140
1710,847,1,480,3,-1,99999,-1,-1,-3,-1,1,10140
1711,848,1,830,11,-1,99999,-1,-1,-3,-1,1,10140
1712,849,1,304,6,-1,99999,-1,-1,-3,-1,1,10140
1713,850,1,701,10,-1,99999,-1,-1,-3,-1,1,10140
1714,851,1,445,2,-1,99999,-1,-1,-3,-1,1,10140
1715,852,1,738,8,-1,99999,-1,-1,-3,-1,1,10200
1716,852,1,452,6,-1,99999,-1,-1,-3,-1,1,10200
1717,852,1,498,10,-1,99999,-1,-1,-3,-1,1,10200
1718,853,1,204,5,-1,99999,-1,-1,-3,-1,1,10200
1719,853,1,445,7,-1,99999,-1,-1,-3,-1,1,10200
1720,853,1,439,3,-1,99999,-1,-1,-3,-1,1,10200
1721,853,1,404,10,-1,99999,-1,-1,-3,-1,1,10200
1722,854,1,438,4,-1,99999,-1,-1,-3,-1,1,10200
1723,854,1,424,1,-1,99999,-1,-1,-3,-1,1,10200
1724,855,1,517,9,-1,99999,-1,-1,-3,-1,1,10200
1725,855,1,505,7,-1,99999,-1,-1,-3,-1,1,10200
1726,855,1,866,6,-1,99999,-1,-1,-3,-1,1,10200
1727,856,1,661,8,-1,99999,-1,-1,-3,-1,1,10260
1728,857,1,408,6,-1,99999,-1,-1,-3,-1,1,10260
1729,857,1,476,8,-1,99999,-1,-1,-3,-1,1,10260
1730,858,1,958,11,-1,99999,-1,-1,-3,-1,1,10260
1731,859,1,411,5,-1,99999,-1,-1,-3,-1,1,10260
1732,860,1,470,7,-1,99999,-1,-1,-3,-1,1,10260
1733,861,1,490,6,-1,99999,-1,-1,-3,-1,1,10260
1734,862,1,886,7,-1,99999,-1,-1,-3,-1,1,10320
1735,862,1,26,1,-1,99999,-1,-1,-3,-1,1,10320
1736,862,1,484,2,-1,99999,-1,-1,-3,-1,1,10320
1737,863,1,842,2,-1,99999,-1,-1,-3,-1,1,10320
1738,863,1,422,4,-1,99999,-1,-1,-3,-1,1,10320
1739,863,1,425,12,-1,99999,-1,-1,-3,-1,1,10320
1740,863,1,487,4,-1,99999,-1,-1,-3,-1,1,10320
1741,864,1,487,3,-1,99999,-1,-1,-3,-1,1,10320
1742,865,1,471,4,-1,99999,-1,-1,-3,-1,1,10320
1743,865,1,459,8,-1,99999,-1,-1,-3,-1,1,10320
1744,866,1,879,8,-1,99999,-1,-1,-3,-1,1,10320
1745,867,1,452,8,-1,99999,-1,-1,-3,-1,1,10320
1746,868,1,494,8,-1,99999,-1,-1,-3,-1,1,10320
1747,869,1,755,6,-1,99999,-1,-1,-3,-1,1,10320
1748,870,1,463,7,-1,99999,-1,-1,-3,-1,1,10380
1749,870,1,418,7,-1,99999,-1,-1,-3,-1,1,10380
1750,871,1,410,6,-1,99999,-1,-1,-3,-1,1,10380
1751,871,1,467,4,-1,99999,-1,-1,-3,-1,1,10380
1752,872,1,925,2,-1,99999,-1,-1,-3,-1,1,10380
1753,872,1,820,12,-1,99999,-1,-1,-3,-1,1,10380
1754,872,1,516,5,-1,99999,-1,-1,-3,-1,1,10380
1755,873,1,371,6,-1,99999,-1,-1,-3,-1,1,10380
1756,873,1,964,4,-1,99999,-1,-1,-3,-1,1,10380
1757,874,1,421,2,-1,99999,-1,-1,-3,-1,1,10380
1758,875,1,488,7,-1,99999,-1,-1,-3,-1,1,10380
1759,875,1,472,6,-1,99999,-1,-1,-3,-1,1,10380
1760,876,1,436,9,-1,99999,-1,-1,-3,-1,1,10440
1761,877,1,473,8,-1,99999,-1,-1,-3,-1,1,10440
1762,877,1,507,8,-1,99999,-1,-1,-3,-1,1,10440
1763,878,1,425,8,-1,99999,-1,-1,-3,-1,1,10440
1764,878,1,852,6,-1,99999,-1,-1,-3,-1,1,10440
1765,878,1,823,8,-1,99999,-1,-1,-3,-1,1,10440
1766,878,1,468,6,-1,99999,-1,-1,-3,-1,1,10440
1767,879,1,443,2,-1,99999,-1,-1,-3,-1,1,10440
1768,880,1,432,6,-1,99999,-1,-1,-3,-1,1,10440
1769,881,1,663,4,-1,99999,-1,-1,-3,-1,1,10440
1770,881,1,477,8,-1,99999,-1,-1,-3,-1,1,10440
1771,881,1,904,6,-1,99999,-1,-1,-3,-1,1,10440
1772,882,1,825,6,-1,99999,-1,-1,-3,-1,1,10440
1773,883,1,498,6,-1,99999,-1,-1,-3,-1,1,10440
1774,884,1,728,3,-1,99999,-1,-1,-3,-1,1,10440
1775,885,1,501,9,-1,99999,-1,-1,-3,-1,1,10500
1776,886,1,608,5,-1,99999,-1,-1,-3,-1,1,10500
1777,887,1,414,4,-1,99999,-1,-1,-3,-1,1,10500
1778,888,1,521,10,-1,99999,-1,-1,-3,-1,1,10560
1779,888,1,790,12,-1,99999,-1,-1,-3,-1,1,10560
1780,889,1,412,9,-1,99999,-1,-1,-3,-1,1,10560
1781,889,1,506,4,-1,99999,-1,-1,-3,-1,1,10560
1782,889,1,545,2,-1,99999,-1,-1,-3,-1,1,10560
1783,889,1,482,3,-1,99999,-1,-1,-3,-1,1,10560
1784,889,1,938,7,-1,99999,-1,-1,-3,-1,1,10560
1785,890,1,461,8,-1,99999,-1,-1,-3,-1,1,10560
1786,890,1,716,8,-1,99999,-1,-1,-3,-1,1,10560
1787,891,1,514,5,-1,99999,-1,-1,-3,-1,1,10620
1788,892,1,403,8,-1,99999,-1,-1,-3,-1,1,10620
1789,892,1,325,3,-1,99999,-1,-1,-3,-1,1,10620
1790,893,1,544,9,-1,99999,-1,-1,-3,-1,1,10680
1791,893,1,460,8,-1,99999,-1,-1,-3,-1,1,10680
1792,893,1,459,8,-1,99999,-1,-1,-3,-1,1,10680
1793,894,1,27,11,-1,99999,-1,-1,-3,-1,1,10680
1794,894,1,507,2,-1,99999,-1,-1,-3,-1,1,10680
1795,895,1,476,4,-1,99999,-1,-1,-3,-1,1,10680
1796,895,1,452,6,-1,99999,-1,-1,-3,-1,1,10680
1797,895,1,446,5,-1,99999,-1,-1,-3,-1,1,10680
1798,895,1,516,9,-1,99999,-1,-1,-3,-1,1,10680
1799,895,1,480,3,-1,99999,-1,-1,-3,-1,1,10680
1800,895,1,899,4,-1,99999,-1,-1,-3,-1,1,10680
1801,895,1,632,8,-1,99999,-1,-1,-3,-1,1,10680
1802,895,1,511,2,-1,99999,-1,-1,-3,-1,1,10680
1803,895,1,890,8,-1,99999,-1,-1,-3,-1,1,10680
1804,895,1,468,12,-1,99999,-1,-1,-3,-1,1,10680
1805,896,1,448,10,-1,99999,-1,-1,-3,-1,1,10680
1806,896,1,692,6,-1,99999,-1,-1,-3,-1,1,10680
1807,897,1,428,3,-1,99999,-1,-1,-3,-1,1,10680
1808,898,1,525,8,-1,99999,-1,-1,-3,-1,1,10740
1809,898,1,472,8,-1,99999,-1,-1,-3,-1,1,10740
1810,898,1,510,4,-1,99999,-1,-1,-3,-1,1,10740
1811,899,1,955,10,-1,99999,-1,-1,-3,-1,1,10740
1812,900,1,440,12,-1,99999,-1,-1,-3,-1,1,10740
1813,900,1,645,6,-1,99999,-1,-1,-3,-1,1,10740
1814,900,1,876,5,-1,99999,-1,-1,-3,-1,1,10740
1815,900,1,477,4,-1,99999,-1,-1,-3,-1,1,10740
1816,901,1,518,10,-1,99999,-1,-1,-3,-1,1,10740
1817,902,1,511,6,-1,99999,-1,-1,-3,-1,1,10740
1818,903,1,447,6,-1,99999,-1,-1,-3,-1,1,10740
1819,903,1,446,9,-1,99999,-1,-1,-3,-1,1,10740
1820,903,1,506,7,-1,99999,-1,-1,-3,-1,1,10740
1821,904,1,807,2,-1,99999,-1,-1,-3,-1,1,10740
1822,905,1,428,4,-1,99999,-1,-1,-3,-1,1,10740
1823,906,1,448,7,-1,99999,-1,-1,-3,-1,1,10800
1824,906,1,434,12,-1,99999,-1,-1,-3,-1,1,10800
1825,907,1,521,10,-1,99999,-1,-1,-3,-1,1,10800
1826,908,1,411,10,-1,99999,-1,-1,-3,-1,1,10800
1827,908,1,800,12,-1,99999,-1,-1,-3,-1,1,10800
1828,908,1,419,9,-1,99999,-1,-1,-3,-1,1,10800
1829,909,1,464,6,-1,99999,-1,-1,-3,-1,1,10860
1830,910,1,446,3,-1,99999,-1,-1,-3,-1,1,10860
1831,910,1,553,4,-1,99999,-1,-1,-3,-1,1,10860
1832,910,1,429,1,-1,99999,-1,-1,-3,-1,1,10860
1833,910,1,439,6,-1,99999,-1,-1,-3,-1,1,10860
1834,910,1,523,12,-1,99999,-1,-1,-3,-1,1,10860
1835,910,1,494,2,-1,99999,-1,-1,-3,-1,1,10860
1836,911,1,872,5,-1,99999,-1,-1,-3,-1,1,10860
1837,911,1,364,6,-1,99999,-1,-1,-3,-1,1,10860
1838,911,1,459,7,-1,99999,-1,-1,-3,-1,1,10860
1839,911,1,461,8,-1,99999,-1,-1,-3,-1,1,10860
1840,912,1,463,10,-1,99999,-1,-1,-3,-1,1,10860
1841,912,1,974,5,-1,99999,-1,-1,-3,-1,1,10860
1842,912,1,477,3,-1,99999,-1,-1,-3,-1,1,10860
1843,912,1,502,6,-1,99999,-1,-1,-3,-1,1,10860
1844,912,1,791,6,-1,99999,-1,-1,-3,-1,1,10860
1845,913,1,850,8,-1,99999,-1,-1,-3,-1,1,10920
1846,913,1,539,3,-1,99999,-1,-1,-3,-1,1,10920
1847,914,1,840,8,-1,99999,-1,-1,-3,-1,1,10920
1848,915,1,717,10,-1,99999,-1,-1,-3,-1,1,10920
1849,915,1,493,2,-1,99999,-1,-1,-3,-1,1,10920
1850,915,1,520,5,-1,99999,-1,-1,-3,-1,1,10920
1851,916,1,808,5,-1,99999,-1,-1,-3,-1,1,10980
1852,917,1,772,6,-1,99999,-1,-1,-3,-1,1,10980
1853,918,1,425,10,-1,99999,-1,-1,-3,-1,1,10980
1854,918,1,483,8,-1,99999,-1,-1,-3,-1,1,10980
1855,919,1,506,6,-1,99999,-1,-1,-3,-1,1,11040
1856,920,1,937,8,-1,99999,-1,-1,-3,-1,1,11040
1857,921,1,504,8,-1,99999,-1,-1,-3,-1,1,11040
1858,922,1,418,6,-1,99999,-1,-1,-3,-1,1,11040
1859,923,1,713,5,-1,99999,-1,-1,-3,-1,1,11040
1860,923,1,930,8,-1,99999,-1,-1,-3,-1,1,11040
1861,924,1,755,3,-1,99999,-1,-1,-3,-1,1,11100
1862,925,1,453,8,-1,99999,-1,-1,-3,-1,1,11100
1863,925,1,479,12,-1,99999,-1,-1,-3,-1,1,11100
1864,926,1,493,8,-1,99999,-1,-1,-3,-1,1,11100
1865,927,1,426,4,-1,99999,-1,-1,-3,-1,1,11160
1866,927,1,573,10,-1,99999,-1,-1,-3,-1,1,11160
1867,927,1,820,6,-1,99999,-1,-1,-3,-1,1,11160
1868,928,1,401,11,-1,99999,-1,-1,-3,-1,1,11160
1869,928,1,283,4,-1,99999,-1,-1,-3,-1,1,11160
1870,928,1,960,4,-1,99999,-1,-1,-3,-1,1,11160
1871,928,1,414,10,-1,99999,-1,-1,-3,-1,1,11160
1872,929,1,789,6,-1,99999,-1,-1,-3,-1,1,11160
1873,930,1,542,5,-1,99999,-1,-1,-3,-1,1,11160
1874,930,1,900,7,-1,99999,-1,-1,-3,-1,1,11160
1875,930,1,867,2,-1,99999,-1,-1,-3,-1,1,11160
1876,930,1,817,10,-1,99999,-1,-1,-3,-1,1,11160
1877,930,1,902,4,-1,99999,-1,-1,-3,-1,1,11160
1878,931,1,895,6,-1,99999,-1,-1,-3,-1,1,11160
1879,932,1,413,6,-1,99999,-1,-1,-3,-1,1,11160
1880,932,1,571,8,-1,99999,-1,-1,-3,-1,1,11160
1881,932,1,752,11,-1,99999,-1,-1,-3,-1,1,11160
1882,932,1,470,2,-1,99999,-1,-1,-3,-1,1,11160
1883,932,1,599,10,-1,99999,-1,-1,-3,-1,1,11160
1884,933,1,494,4,-1,99999,-1,-1,-3,-1,1,11160
1885,933,1,633,8,-1,99999,-1,-1,-3,-1,1,11160
1886,933,1,710,4,-1,99999,-1,-1,-3,-1,1,11160
1887,934,1,440,6,-1,99999,-1,-1,-3,-1,1,11160
1888,934,1,892,11,-1,99999,-1,-1,-3,-1,1,11160
1889,934,1,504,8,-1,99999,-1,-1,-3,-1,1,11160
1890,935,1,442,3,-1,99999,-1,-1,-3,-1,1,11220
1891,936,1,444,3,-1,99999,-1,-1,-3,-1,1,11220
1892,937,1,479,9,-1,99999,-1,-1,-3,-1,1,11220
1893,938,1,603,5,-1,99999,-1,-1,-3,-1,1,11220
1894,939,1,652,4,-1,99999,-1,-1,-3,-1,1,11220
1895,940,1,40,9,-1,99999,-1,-1,-3,-1,1,11280
1896,940,1,617,10,-1,99999,-1,-1,-3,-1,1,11280
1897,940,1,459,1,-1,99999,-1,-1,-3,-1,1,11280
1898,941,1,483,2,-1,99999,-1,-1,-3,-1,1,11280
1899,942,1,451,8,-1,99999,-1,-1,-3,-1,1,11340
1900,942,1,952,6,-1,99999,-1,-1,-3,-1,1,11340
1901,942,1,681,6,-1,99999,-1,-1,-3,-1,1,11340
1902,943,1,779,5,-1,99999,-1,-1,-3,-1,1,11340
1903,943,1,56,7,-1,99999,-1,-1,-3,-1,1,11340
1904,943,1,479,6,-1,99999,-1,-1,-3,-1,1,11340
1905,943,1,863,4,-1,99999,-1,-1,-3,-1,1,11340
1906,944,1,491,4,-1,99999,-1,-1,-3,-1,1,11340
1907,944,1,515,10,-1,99999,-1,-1,-3,-1,1,11340
1908,944,1,702,8,-1,99999,-1,-1,-3,-1,1,11340
1909,945,1,406,6,-1,99999,-1,-1,-3,-1,1,11340
1910,946,1,421,10,-1,99999,-1,-1,-3,-1,1,11400
1911,946,1,491,8,-1,99999,-1,-1,-3,-1,1,11400
1912,946,1,488,5,-1,99999,-1,-1,-3,-1,1,11400
1913,946,1,495,10,-1,99999,-1,-1,-3,-1,1,11400
1914,946,1,582,10,-1,99999,-1,-1,-3,-1,1,11400
1915,947,1,480,8,-1,99999,-1,-1,-3,-1,1,11400
1916,948,1,887,5,-1,99999,-1,-1,-3,-1,1,11400
1917,948,1,267,9,-1,99999,-1,-1,-3,-1,1,11400
1918,949,1,505,6,-1,99999,-1,-1,-3,-1,1,11400
1919,949,1,444,2,-1,99999,-1,-1,-3,-1,1,11400
1920,950,1,646,3,-1,99999,-1,-1,-3,-1,1,11400
1921,950,1,494,12,-1,99999,-1,-1,-3,-1,1,11400
1922,950,1,571,8,-1,99999,-1,-1,-3,-1,1,11400
1923,951,1,788,4,-1,99999,-1,-1,-3,-1,1,11460
1924,951,1,446,5,-1,99999,-1,-1,-3,-1,1,11460
1925,952,1,477,4,-1,99999,-1,-1,-3,-1,1,11460
1926,953,1,500,3,-1,99999,-1,-1,-3,-1,1,11460
1927,954,1,565,11,-1,99999,-1,-1,-3,-1,1,11460
1928,954,1,540,12,-1,99999,-1,-1,-3,-1,1,11460
1929,955,1,457,6,-1,99999,-1,-1,-3,-1,1,11460
1930,955,1,442,9,-1,99999,-1,-1,-3,-1,1,11460
1931,955,1,793,9,-1,99999,-1,-1,-3,-1,1,11460
1932,955,1,407,3,-1,99999,-1,-1,-3,-1,1,11460
1933,955,1,498,4,-1,99999,-1,-1,-3,-1,1,11460
1934,955,1,509,6,-1,99999,-1,-1,-3,-1,1,11460
1935,956,1,669,2,-1,99999,-1,-1,-3,-1,1,11520
1936,957,1,620,9,-1,99999,-1,-1,-3,-1,1,11520
1937,958,1,521,6,-1,99999,-1,-1,-3,-1,1,11520
1938,959,1,921,9,-1,99999,-1,-1,-3,-1,1,11520
1939,960,1,860,4,-1,99999,-1,-1,-3,-1,1,11520
1940,960,1,721,6,-1,99999,-1,-1,-3,-1,1,11520
1941,960,1,432,6,-1,99999,-1,-1,-3,-1,1,11520
1942,960,1,406,6,-1,99999,-1,-1,-3,-1,1,11520
1943,960,1,511,6,-1,99999,-1,-1,-3,-1,1,11520
1944,961,1,411,4,-1,99999,-1,-1,-3,-1,1,11520
1945,961,1,857,7,-1,99999,-1,-1,-3,-1,1,11520
1946,962,1,97,8,-1,99999,-1,-1,-3,-1,1,11520
1947,963,1,483,2,-1,99999,-1,-1,-3,-1,1,11520
1948,963,1,688,4,-1,99999,-1,-1,-3,-1,1,11520
1949,964,1,870,6,-1,99999,-1,-1,-3,-1,1,11520
1950,965,1,512,4,-1,99999,-1,-1,-3,-1,1,11520
1951,965,1,439,6,-1,99999,-1,-1,-3,-1,1,11520
1952,965,1,402,10,-1,99999,-1,-1,-3,-1,1,11520
1953,965,1,502,8,-1,99999,-1,-1,-3,-1,1,11520
1954,966,1,868,3,-1,99999,-1,-1,-3,-1,1,11520
1955,966,1,801,4,-1,99999,-1,-1,-3,-1,1,11520
1956,967,1,574,3,-1,99999,-1,-1,-3,-1,1,11520
1957,968,1,459,6,-1,99999,-1,-1,-3,-1,1,11580
1958,969,1,645,4,-1,99999,-1,-1,-3,-1,1,11580
1959,970,1,516,8,-1,99999,-1,-1,-3,-1,1,11580
1960,971,1,451,1,-1,99999,-1,-1,-3,-1,1,11580
1961,972,1,858,9,-1,99999,-1,-1,-3,-1,1,11580
1962,972,1,968,8,-1,99999,-1,-1,-3,-1,1,11580
1963,972,1,863,6,-1,99999,-1,-1,-3,-1,1,11580
1964,972,1,915,7,-1,99999,-1,-1,-3,-1,1,11580
1965,973,1,440,11,-1,99999,-1,-1,-3,-1,1,11580
1966,974,1,502,7,-1,99999,-1,-1,-3,-1,1,11580
1967,975,1,431,8,-1,99999,-1,-1,-3,-1,1,11580
1968,975,1,489,3,-1,99999,-1,-1,-3,-1,1,11580
1969,976,1,721,1,-1,99999,-1,-1,-3,-1,1,11640
1970,976,1,495,6,-1,99999,-1,-1,-3,-1,1,11640
1971,976,1,527,4,-1,99999,-1,-1,-3,-1,1,11640
1972,976,1,483,6,-1,99999,-1,-1,-3,-1,1,11640
1973,976,1,690,3,-1,99999,-1,-1,-3,-1,1,11640
1974,976,1,477,9,-1,99999,-1,-1,-3,-1,1,11640
1975,976,1,686,9,-1,99999,-1,-1,-3,-1,1,11640
1976,977,1,437,8,-1,99999,-1,-1,-3,-1,1,11640
1977,977,1,473,5,-1,99999,-1,-1,-3,-1,1,11640
1978,977,1,434,9,-1,99999,-1,-1,-3,-1,1,11640
1979,978,1,433,3,-1,99999,-1,-1,-3,-1,1,11640
1980,979,1,250,4,-1,99999,-1,-1,-3,-1,1,11700
1981,979,1,668,7,-1,99999,-1,-1,-3,-1,1,11700
1982,979,1,96,4,-1,99999,-1,-1,-3,-1,1,11700
1983,980,1,867,4,-1,99999,-1,-1,-3,-1,1,11700
1984,980,1,398,7,-1,99999,-1,-1,-3,-1,1,11700
1985,981,1,492,12,-1,99999,-1,-1,-3,-1,1,11760
1986,982,1,889,4,-1,99999,-1,-1,-3,-1,1,11760
1987,982,1,650,6,-1,99999,-1,-1,-3,-1,1,11760
1988,982,1,716,4,-1,99999,-1,-1,-3,-1,1,11760
1989,982,1,459,5,-1,99999,-1,-1,-3,-1,1,11760
1990,982,1,505,4,-1,99999,-1,-1,-3,-1,1,11760
1991,983,1,447,3,-1,99999,-1,-1,-3,-1,1,11820
1992,984,1,476,6,-1,99999,-1,-1,-3,-1,1,11820
1993,985,1,863,5,-1,99999,-1,-1,-3,-1,1,11820
1994,985,1,898,9,-1,99999,-1,-1,-3,-1,1,11820
1995,985,1,465,7,-1,99999,-1,-1,-3,-1,1,11820
1996,986,1,857,4,-1,99999,-1,-1,-3,-1,1,11820
1997,987,1,277,6,-1,99999,-1,-1,-3,-1,1,11880
1998,988,1,479,7,-1,99999,-1,-1,-3,-1,1,11880
1999,989,1,486,10,-1,99999,-1,-1,-3,-1,1,11880
2000,990,1,488,2,-1,99999,-1,-1,-3,-1,1,11880
2001,991,1,888,6,-1,99999,-1,-1,-3,-1,1,11940
2002,992,1,838,8,-1,99999,-1,-1,-3,-1,1,11940
2003,992,1,494,2,-1,99999,-1,-1,-3,-1,1,11940
2004,992,1,478,6,-1,99999,-1,-1,-3,-1,1,11940
2005,993,1,532,11,-1,99999,-1,-1,-3,-1,1,11940
2006,993,1,952,8,-1,99999,-1,-1,-3,-1,1,11940
2007,994,1,639,7,-1,99999,-1,-1,-3,-1,1,11940
2008,994,1,474,4,-1,99999,-1,-1,-3,-1,1,11940
2009,995,1,839,4,-1,99999,-1,-1,-3,-1,1,12000
2010,995,1,774,6,-1,99999,-1,-1,-3,-1,1,12000
2011,995,1,523,6,-1,99999,-1,-1,-3,-1,1,12000
2012,996,1,485,8,-1,99999,-1,-1,-3,-1,1,12000
2013,996,1,638,10,-1,99999,-1,-1,-3,-1,1,12000
2014,996,1,515,11,-1,99999,-1,-1,-3,-1,1,12000
2015,997,1,429,8,-1,99999,-1,-1,-3,-1,1,12000
2016,998,1,753,2,-1,99999,-1,-1,-3,-1,1,12000
2017,999,1,663,10,-1,99999,-1,-1,-3,-1,1,12000
2018,999,1,483,4,-1,99999,-1,-1,-3,-1,1,12000
2019,999,1,455,4,-1,99999,-1,-1,-3,-1,1,12000
2020,999,1,500,5,-1,99999,-1,-1,-3,-1,1,12000
2021,1000,1,490,4,-1,99999,-1,-1,-3,-1,1,12000
2022,1001,1,856,9,-1,99999,-1,-1,-3,-1,1,12000
2023,1001,1,744,12,-1,99999,-1,-1,-3,-1,1,12000
2024,1002,1,448,3,-1,99999,-1,-1,-3,-1,1,12000
2025,1003,1,487,7,-1,99999,-1,-1,-3,-1,1,12000
2026,1003,1,903,10,-1,99999,-1,-1,-3,-1,1,12000
2027,1004,1,802,10,-1,99999,-1,-1,-3,-1,1,12060
2028,1005,1,488,10,-1,99999,-1,-1,-3,-1,1,12060
2029,1005,1,636,4,-1,99999,-1,-1,-3,-1,1,12060
2030,1006,1,477,4,-1,99999,-1,-1,-3,-1,1,12060
2031,1007,1,694,6,-1,99999,-1,-1,-3,-1,1,12060
2032,1007,1,779,10,-1,99999,-1,-1,-3,-1,1,12060
2033,1008,1,464,3,-1,99999,-1,-1,-3,-1,1,12060
2034,1009,1,872,11,-1,99999,-1,-1,-3,-1,1,12060
2035,1009,1,870,12,-1,99999,-1,-1,-3,-1,1,12060
2036,1010,1,518,4,-1,99999,-1,-1,-3,-1,1,12120
2037,1010,1,630,3,-1,99999,-1,-1,-3,-1,1,12120
2038,1011,1,776,8,-1,99999,-1,-1,-3,-1,1,12120
2039,1011,1,452,3,-1,99999,-1,-1,-3,-1,1,12120
2040,1011,1,664,8,-1,99999,-1,-1,-3,-1,1,12120
2041,1012,1,466,4,-1,99999,-1,-1,-3,-1,1,12120
2042,1012,1,844,12,-1,99999,-1,-1,-3,-1,1,12120
2043,1012,1,484,8,-1,99999,-1,-1,-3,-1,1,12120
2044,1012,1,433,10,-1,99999,-1,-1,-3,-1,1,12120
2045,1012,1,843,7,-1,99999,-1,-1,-3,-1,1,12120
2046,1013,1,517,6,-1,99999,-1,-1,-3,-1,1,12120
2047,1014,1,660,7,-1,99999,-1,-1,-3,-1,1,12120
2048,1014,1,576,10,-1,99999,-1,-1,-3,-1,1,12120
2049,1015,1,592,7,-1,99999,-1,-1,-3,-1,1,12120
2050,1015,1,425,6,-1,99999,-1,-1,-3,-1,1,12120
2051,1016,1,501,9,-1,99999,-1,-1,-3,-1,1,12180
2052,1016,1,453,4,-1,99999,-1,-1,-3,-1,1,12180
2053,1017,1,934,3,-1,99999,-1,-1,-3,-1,1,12180
2054,1018,1,737,6,-1,99999,-1,-1,-3,-1,1,12240
2055,1018,1,515,8,-1,99999,-1,-1,-3,-1,1,12240
2056,1019,1,859,5,-1,99999,-1,-1,-3,-1,1,12240
2057,1019,1,446,7,-1,99999,-1,-1,-3,-1,1,12240
2058,1019,1,497,7,-1,99999,-1,-1,-3,-1,1,12240
2059,1019,1,951,9,-1,99999,-1,-1,-3,-1,1,12240
2060,1019,1,517,7,-1,99999,-1,-1,-3,-1,1,12240
2061,1019,1,495,3,-1,99999,-1,-1,-3,-1,1,12240
2062,1020,1,853,3,-1,99999,-1,-1,-3,-1,1,12240
2063,1021,1,451,5,-1,99999,-1,-1,-3,-1,1,12240
2064,1022,1,467,8,-1,99999,-1,-1,-3,-1,1,12240
2065,1023,1,432,8,-1,99999,-1,-1,-3,-1,1,12300
2066,1024,1,467,5,-1,99999,-1,-1,-3,-1,1,12300
2067,1024,1,549,8,-1,99999,-1,-1,-3,-1,1,12300
2068,1025,1,775,6,-1,99999,-1,-1,-3,-1,1,12300
2069,1025,1,438,9,-1,99999,-1,-1,-3,-1,1,12300
2070,1025,1,557,9,-1,99999,-1,-1,-3,-1,1,12300
2071,1025,1,738,4,-1,99999,-1,-1,-3,-1,1,12300
2072,1026,1,867,5,-1,99999,-1,-1,-3,-1,1,12300
2073,1027,1,522,4,-1,99999,-1,-1,-3,-1,1,12300
2074,1028,1,484,2,-1,99999,-1,-1,-3,-1,1,12300
2075,1029,1,725,10,-1,99999,-1,-1,-3,-1,1,12300
2076,1029,1,410,8,-1,99999,-1,-1,-3,-1,1,12300
2077,1029,1,519,6,-1,99999,-1,-1,-3,-1,1,12300
2078,1030,1,496,4,-1,99999,-1,-1,-3,-1,1,12300
2079,1030,1,442,7,-1,99999,-1,-1,-3,-1,1,12300
2080,1031,1,213,6,-1,99999,-1,-1,-3,-1,1,12360
2081,1031,1,437,8,-1,99999,-1,-1,-3,-1,1,12360
2082,1032,1,456,6,-1,99999,-1,-1,-3,-1,1,12360
2083,1033,1,416,7,-1,99999,-1,-1,-3,-1,1,12360
2084,1033,1,524,6,-1,99999,-1,-1,-3,-1,1,12360
2085,1034,1,802,6,-1,99999,-1,-1,-3,-1,1,12360
2086,1035,1,426,9,-1,99999,-1,-1,-3,-1,1,12360
2087,1036,1,474,4,-1,99999,-1,-1,-3,-1,1,12360
2088,1036,1,463,6,-1,99999,-1,-1,-3,-1,1,12360
2089,1037,1,641,6,-1,99999,-1,-1,-3,-1,1,12420
2090,1037,1,465,11,-1,99999,-1,-1,-3,-1,1,12420
2091,1037,1,888,6,-1,99999,-1,-1,-3,-1,1,12420
2092,1038,1,512,6,-1,99999,-1,-1,-3,-1,1,12420
2093,1038,1,442,4,-1,99999,-1,-1,-3,-1,1,12420
2094,1038,1,410,10,-1,99999,-1,-1,-3,-1,1,12420
2095,1038,1,436,3,-1,99999,-1,-1,-3,-1,1,12420
2096,1038,1,363,10,-1,99999,-1,-1,-3,-1,1,12420
2097,1039,1,431,5,-1,99999,-1,-1,-3,-1,1,12420
2098,1039,1,582,4,-1,99999,-1,-1,-3,-1,1,12420
2099,1040,1,303,9,-1,99999,-1,-1,-3,-1,1,12420
2100,1041,1,675,6,-1,99999,-1,-1,-3,-1,1,12480
2101,1042,1,432,7,-1,99999,-1,-1,-3,-1,1,12480
2102,1043,1,304,7,-1,99999,-1,-1,-3,-1,1,12480
2103,1043,1,531,7,-1,99999,-1,-1,-3,-1,1,12480
2104,1044,1,490,10,-1,99999,-1,-1,-3,-1,1,12480
2105,1045,1,515,8,-1,99999,-1,-1,-3,-1,1,12480
2106,1045,1,463,7,-1,99999,-1,-1,-3,-1,1,12480
2107,1046,1,475,10,-1,99999,-1,-1,-3,-1,1,12480
2108,1047,1,439,9,-1,99999,-1,-1,-3,-1,1,12480
2109,1047,1,452,7,-1,99999,-1,-1,-3,-1,1,12480
2110,1048,1,699,6,-1,99999,-1,-1,-3,-1,1,12480
2111,1048,1,930,4,-1,99999,-1,-1,-3,-1,1,12480
2112,1048,1,656,8,-1,99999,-1,-1,-3,-1,1,12480
2113,1048,1,430,8,-1,99999,-1,-1,-3,-1,1,12480
2114,1048,1,506,12,-1,99999,-1,-1,-3,-1,1,12480
2115,1048,1,486,6,-1,99999,-1,-1,-3,-1,1,12480
2116,1048,1,796,3,-1,99999,-1,-1,-3,-1,1,12480
2117,1048,1,493,7,-1,99999,-1,-1,-3,-1,1,12480
2118,1048,1,524,4,-1,99999,-1,-1,-3,-1,1,12480
2119,1049,1,959,2,-1,99999,-1,-1,-3,-1,1,12480
2120,1050,1,488,12,-1,99999,-1,-1,-3,-1,1,12480
2121,1050,1,496,4,-1,99999,-1,-1,-3,-1,1,12480
2122,1051,1,452,6,-1,99999,-1,-1,-3,-1,1,12540
2123,1051,1,612,3,-1,99999,-1,-1,-3,-1,1,12540
2124,1051,1,802,9,-1,99999,-1,-1,-3,-1,1,12540
2125,1051,1,963,2,-1,99999,-1,-1,-3,-1,1,12540
2126,1051,1,920,4,-1,99999,-1,-1,-3,-1,1,12540
2127,1052,1,514,4,-1,99999,-1,-1,-3,-1,1,12540
2128,1053,1,429,7,-1,99999,-1,-1,-3,-1,1,12540
2129,1053,1,437,8,-1,99999,-1,-1,-3,-1,1,12540
2130,1053,1,699,3,-1,99999,-1,-1,-3,-1,1,12540
2131,1053,1,482,8,-1,99999,-1,-1,-3,-1,1,12540
2132,1053,1,444,10,-1,99999,-1,-1,-3,-1,1,12540
2133,1053,1,599,3,-1,99999,-1,-1,-3,-1,1,12540
2134,1054,1,454,9,-1,99999,-1,-1,-3,-1,1,12540
2135,1055,1,578,4,-1,99999,-1,-1,-3,-1,1,12540
2136,1056,1,538,5,-1,99999,-1,-1,-3,-1,1,12600
2137,1056,1,517,12,-1,99999,-1,-1,-3,-1,1,12600
2138,1056,1,753,9,-1,99999,-1,-1,-3,-1,1,12600
2139,1057,1,764,6,-1,99999,-1,-1,-3,-1,1,12600
2140,1057,1,513,10,-1,99999,-1,-1,-3,-1,1,12600
2141,1058,1,880,4,-1,99999,-1,-1,-3,-1,1,12600
2142,1059,1,453,10,-1,99999,-1,-1,-3,-1,1,12600
2143,1060,1,766,9,-1,99999,-1,-1,-3,-1,1,12600
2144,1060,1,543,12,-1,99999,-1,-1,-3,-1,1,12600
2145,1060,1,437,3,-1,99999,-1,-1,-3,-1,1,12600
2146,1061,1,614,12,-1,99999,-1,-1,-3,-1,1,12600
2147,1061,1,773,6,-1,99999,-1,-1,-3,-1,1,12600
2148,1062,1,688,5,-1,99999,-1,-1,-3,-1,1,12660
2149,1062,1,463,4,-1,99999,-1,-1,-3,-1,1,12660
2150,1063,1,664,8,-1,99999,-1,-1,-3,-1,1,12660
2151,1064,1,514,6,-1,99999,-1,-1,-3,-1,1,12660
2152,1064,1,640,1,-1,99999,-1,-1,-3,-1,1,12660
2153,1064,1,517,9,-1,99999,-1,-1,-3,-1,1,12660
2154,1065,1,423,9,-1,99999,-1,-1,-3,-1,1,12660
2155,1066,1,665,1,-1,99999,-1,-1,-3,-1,1,12660
2156,1066,1,480,5,-1,99999,-1,-1,-3,-1,1,12660
2157,1067,1,438,10,-1,99999,-1,-1,-3,-1,1,12660
2158,1068,1,411,10,-1,99999,-1,-1,-3,-1,1,12660
2159,1069,1,635,5,-1,99999,-1,-1,-3,-1,1,12660
2160,1070,1,882,8,-1,99999,-1,-1,-3,-1,1,12720
2161,1071,1,706,1,-1,99999,-1,-1,-3,-1,1,12720
2162,1072,1,476,8,-1,99999,-1,-1,-3,-1,1,12720
2163,1073,1,483,5,-1,99999,-1,-1,-3,-1,1,12720
2164,1074,1,418,4,-1,99999,-1,-1,-3,-1,1,12720
2165,1074,1,515,4,-1,99999,-1,-1,-3,-1,1,12720
2166,1074,1,511,4,-1,99999,-1,-1,-3,-1,1,12720
2167,1075,1,495,10,-1,99999,-1,-1,-3,-1,1,12720
2168,1075,1,442,7,-1,99999,-1,-1,-3,-1,1,12720
2169,1076,1,417,8,-1,99999,-1,-1,-3,-1,1,12720
2170,1076,1,515,2,-1,99999,-1,-1,-3,-1,1,12720
2171,1076,1,686,4,-1,99999,-1,-1,-3,-1,1,12720
2172,1076,1,433,7,-1,99999,-1,-1,-3,-1,1,12720
2173,1077,1,973,1,-1,99999,-1,-1,-3,-1,1,12780
2174,1078,1,848,2,-1,99999,-1,-1,-3,-1,1,12780
2175,1079,1,413,10,-1,99999,-1,-1,-3,-1,1,12780
2176,1080,1,559,4,-1,99999,-1,-1,-3,-1,1,12780
2177,1080,1,785,4,-1,99999,-1,-1,-3,-1,1,12780
2178,1080,1,537,8,-1,99999,-1,-1,-3,-1,1,12780
2179,1081,1,766,6,-1,99999,-1,-1,-3,-1,1,12840
2180,1082,1,500,8,-1,99999,-1,-1,-3,-1,1,12840
2181,1082,1,470,12,-1,99999,-1,-1,-3,-1,1,12840
2182,1082,1,927,6,-1,99999,-1,-1,-3,-1,1,12840
2183,1083,1,487,4,-1,99999,-1,-1,-3,-1,1,12840
2184,1083,1,689,5,-1,99999,-1,-1,-3,-1,1,12840
2185,1084,1,407,7,-1,99999,-1,-1,-3,-1,1,12840
2186,1085,1,739,7,-1,99999,-1,-1,-3,-1,1,12840
2187,1086,1,404,5,-1,99999,-1,-1,-3,-1,1,12840
2188,1086,1,17,4,-1,99999,-1,-1,-3,-1,1,12840
2189,1086,1,467,5,-1,99999,-1,-1,-3,-1,1,12840
2190,1086,1,479,4,-1,99999,-1,-1,-3,-1,1,12840
2191,1087,1,715,2,-1,99999,-1,-1,-3,-1,1,12900
2192,1087,1,149,8,-1,99999,-1,-1,-3,-1,1,12900
2193,1087,1,467,7,-1,99999,-1,-1,-3,-1,1,12900
2194,1087,1,466,8,-1,99999,-1,-1,-3,-1,1,12900
2195,1088,1,510,3,-1,99999,-1,-1,-3,-1,1,12900
2196,1088,1,484,3,-1,99999,-1,-1,-3,-1,1,12900
2197,1089,1,629,10,-1,99999,-1,-1,-3,-1,1,12900
2198,1090,1,658,8,-1,99999,-1,-1,-3,-1,1,12900
2199,1090,1,506,2,-1,99999,-1,-1,-3,-1,1,12900
2200,1090,1,147,9,-1,99999,-1,-1,-3,-1,1,12900
2201,1090,1,463,5,-1,99999,-1,-1,-3,-1,1,12900
2202,1091,1,404,3,-1,99999,-1,-1,-3,-1,1,12900
2203,1092,1,505,5,-1,99999,-1,-1,-3,-1,1,12900
2204,1093,1,48,4,-1,99999,-1,-1,-3,-1,1,12900
2205,1094,1,845,5,-1,99999,-1,-1,-3,-1,1,12960
2206,1094,1,463,4,-1,99999,-1,-1,-3,-1,1,12960
2207,1094,1,477,6,-1,99999,-1,-1,-3,-1,1,12960
2208,1095,1,829,4,-1,99999,-1,-1,-3,-1,1,12960
2209,1096,1,495,10,-1,99999,-1,-1,-3,-1,1,12960
2210,1096,1,442,10,-1,99999,-1,-1,-3,-1,1,12960
2211,1097,1,554,4,-1,99999,-1,-1,-3,-1,1,12960
2212,1098,1,470,2,-1,99999,-1,-1,-3,-1,1,12960
2213,1098,1,454,2,-1,99999,-1,-1,-3,-1,1,12960
2214,1098,1,674,6,-1,99999,-1,-1,-3,-1,1,12960
2215,1098,1,456,6,-1,99999,-1,-1,-3,-1,1,12960
2216,1099,1,484,9,-1,99999,-1,-1,-3,-1,1,12960
2217,1100,1,404,5,-1,99999,-1,-1,-3,-1,1,12960
2218,1100,1,620,11,-1,99999,-1,-1,-3,-1,1,12960
2219,1101,1,485,1,-1,99999,-1,-1,-3,-1,1,12960
2220,1102,1,408,12,-1,99999,-1,-1,-3,-1,1,13020
2221,1103,1,728,6,-1,99999,-1,-1,-3,-1,1,13020
2222,1104,1,715,10,-1,99999,-1,-1,-3,-1,1,13020
2223,1105,1,807,2,-1,99999,-1,-1,-3,-1,1,13020
2224,1105,1,504,4,-1,99999,-1,-1,-3,-1,1,13020
2225,1106,1,432,3,-1,99999,-1,-1,-3,-1,1,13080
2226,1107,1,903,5,-1,99999,-1,-1,-3,-1,1,13080
2227,1108,1,432,12,-1,99999,-1,-1,-3,-1,1,13080
2228,1109,1,757,5,-1,99999,-1,-1,-3,-1,1,13080
2229,1109,1,673,7,-1,99999,-1,-1,-3,-1,1,13080
2230,1110,1,446,6,-1,99999,-1,-1,-3,-1,1,13080
2231,1111,1,920,9,-1,99999,-1,-1,-3,-1,1,13080
2232,1111,1,490,5,-1,99999,-1,-1,-3,-1,1,13080
2233,1111,1,496,8,-1,99999,-1,-1,-3,-1,1,13080
2234,1111,1,880,1,-1,99999,-1,-1,-3,-1,1,13080
2235,1111,1,681,4,-1,99999,-1,-1,-3,-1,1,13080
2236,1111,1,493,5,-1,99999,-1,-1,-3,-1,1,13080
2237,1112,1,460,10,-1,99999,-1,-1,-3,-1,1,13140
2238,1112,1,474,1,-1,99999,-1,-1,-3,-1,1,13140
2239,1113,1,689,4,-1,99999,-1,-1,-3,-1,1,13140
2240,1113,1,523,10,-1,99999,-1,-1,-3,-1,1,13140
2241,1114,1,437,9,-1,99999,-1,-1,-3,-1,1,13140
2242,1114,1,520,9,-1,99999,-1,-1,-3,-1,1,13140
2243,1115,1,814,8,-1,99999,-1,-1,-3,-1,1,13140
2244,1115,1,440,4,-1,99999,-1,-1,-3,-1,1,13140
2245,1116,1,703,2,-1,99999,-1,-1,-3,-1,1,13140
2246,1116,1,447,9,-1,99999,-1,-1,-3,-1,1,13140
2247,1117,1,958,8,-1,99999,-1,-1,-3,-1,1,13200
2248,1118,1,462,6,-1,99999,-1,-1,-3,-1,1,13200
2249,1118,1,517,5,-1,99999,-1,-1,-3,-1,1,13200
2250,1119,1,777,3,-1,99999,-1,-1,-3,-1,1,13200
2251,1119,1,430,5,-1,99999,-1,-1,-3,-1,1,13200
2252,1120,1,738,9,-1,99999,-1,-1,-3,-1,1,13200
2253,1121,1,612,6,-1,99999,-1,-1,-3,-1,1,13200
2254,1121,1,584,9,-1,99999,-1,-1,-3,-1,1,13200
2255,1122,1,442,3,-1,99999,-1,-1,-3,-1,1,13200
2256,1123,1,804,8,-1,99999,-1,-1,-3,-1,1,13200
2257,1123,1,521,3,-1,99999,-1,-1,-3,-1,1,13200
2258,1124,1,4,6,-1,99999,-1,-1,-3,-1,1,13200
2259,1125,1,483,9,-1,99999,-1,-1,-3,-1,1,13200
2260,1125,1,400,5,-1,99999,-1,-1,-3,-1,1,13200
2261,1125,1,766,6,-1,99999,-1,-1,-3,-1,1,13200
2262,1126,1,771,10,-1,99999,-1,-1,-3,-1,1,13260
2263,1127,1,477,8,-1,99999,-1,-1,-3,-1,1,13260
2264,1128,1,448,8,-1,99999,-1,-1,-3,-1,1,13260
2265,1128,1,65,10,-1,99999,-1,-1,-3,-1,1,13260
2266,1128,1,627,9,-1,99999,-1,-1,-3,-1,1,13260
2267,1128,1,442,5,-1,99999,-1,-1,-3,-1,1,13260
2268,1129,1,643,7,-1,99999,-1,-1,-3,-1,1,13260
2269,1130,1,522,10,-1,99999,-1,-1,-3,-1,1,13260
2270,1130,1,513,8,-1,99999,-1,-1,-3,-1,1,13260
2271,1131,1,467,7,-1,99999,-1,-1,-3,-1,1,13260
2272,1131,1,457,8,-1,99999,-1,-1,-3,-1,1,13260
2273,1131,1,616,2,-1,99999,-1,-1,-3,-1,1,13260
2274,1131,1,463,1,-1,99999,-1,-1,-3,-1,1,13260
2275,1132,1,476,11,-1,99999,-1,-1,-3,-1,1,13260
2276,1132,1,597,2,-1,99999,-1,-1,-3,-1,1,13260
2277,1133,1,461,8,-1,99999,-1,-1,-3,-1,1,13320
2278,1134,1,438,6,-1,99999,-1,-1,-3,-1,1,13320
2279,1134,1,427,4,-1,99999,-1,-1,-3,-1,1,13320
2280,1134,1,872,3,-1,99999,-1,-1,-3,-1,1,13320
2281,1134,1,535,4,-1,99999,-1,-1,-3,-1,1,13320
2282,1134,1,400,4,-1,99999,-1,-1,-3,-1,1,13320
2283,1134,1,454,5,-1,99999,-1,-1,-3,-1,1,13320
2284,1134,1,861,4,-1,99999,-1,-1,-3,-1,1,13320
2285,1134,1,442,10,-1,99999,-1,-1,-3,-1,1,13320
2286,1135,1,461,4,-1,99999,-1,-1,-3,-1,1,13380
2287,1135,1,793,9,-1,99999,-1,-1,-3,-1,1,13380
2288,1136,1,675,2,-1,99999,-1,-1,-3,-1,1,13380
2289,1137,1,473,2,-1,99999,-1,-1,-3,-1,1,13380
2290,1138,1,646,10,-1,99999,-1,-1,-3,-1,1,13380
2291,1139,1,348,5,-1,99999,-1,-1,-3,-1,1,13380
2292,1139,1,499,8,-1,99999,-1,-1,-3,-1,1,13380
2293,1139,1,823,10,-1,99999,-1,-1,-3,-1,1,13380
2294,1139,1,563,4,-1,99999,-1,-1,-3,-1,1,13380
2295,1140,1,500,12,-1,99999,-1,-1,-3,-1,1,13380
2296,1141,1,465,8,-1,99999,-1,-1,-3,-1,1,13440
2297,1141,1,429,2,-1,99999,-1,-1,-3,-1,1,13440
2298,1141,1,842,6,-1,99999,-1,-1,-3,-1,1,13440
2299,1141,1,938,6,-1,99999,-1,-1,-3,-1,1,13440
2300,1142,1,444,6,-1,99999,-1,-1,-3,-1,1,13440
2301,1143,1,793,10,-1,99999,-1,-1,-3,-1,1,13440
2302,1144,1,947,4,-1,99999,-1,-1,-3,-1,1,13440
2303,1144,1,420,8,-1,99999,-1,-1,-3,-1,1,13440
2304,1145,1,962,7,-1,99999,-1,-1,-3,-1,1,13440
2305,1145,1,759,8,-1,99999,-1,-1,-3,-1,1,13440
2306,1145,1,450,2,-1,99999,-1,-1,-3,-1,1,13440
2307,1146,1,514,6,-1,99999,-1,-1,-3,-1,1,13440
2308,1146,1,351,6,-1,99999,-1,-1,-3,-1,1,13440
2309,1147,1,738,5,-1,99999,-1,-1,-3,-1,1,13440
2310,1147,1,633,11,-1,99999,-1,-1,-3,-1,1,13440
2311,1148,1,475,6,-1,99999,-1,-1,-3,-1,1,13440
2312,1148,1,951,4,-1,99999,-1,-1,-3,-1,1,13440
2313,1149,1,918,9,-1,99999,-1,-1,-3,-1,1,13500
2314,1149,1,436,5,-1,99999,-1,-1,-3,-1,1,13500
2315,1149,1,580,3,-1,99999,-1,-1,-3,-1,1,13500
2316,1149,1,451,12,-1,99999,-1,-1,-3,-1,1,13500
2317,1149,1,477,2,-1,99999,-1,-1,-3,-1,1,13500
2318,1149,1,433,6,-1,99999,-1,-1,-3,-1,1,13500
2319,1149,1,497,6,-1,99999,-1,-1,-3,-1,1,13500
2320,1149,1,442,6,-1,99999,-1,-1,-3,-1,1,13500
2321,1150,1,471,11,-1,99999,-1,-1,-3,-1,1,13500
2322,1151,1,485,6,-1,99999,-1,-1,-3,-1,1,13500
2323,1151,1,598,6,-1,99999,-1,-1,-3,-1,1,13500
2324,1152,1,467,2,-1,99999,-1,-1,-3,-1,1,13500
2325,1153,1,961,8,-1,99999,-1,-1,-3,-1,1,13500
2326,1154,1,423,4,-1,99999,-1,-1,-3,-1,1,13500
2327,1155,1,103,1,-1,99999,-1,-1,-3,-1,1,13500
2328,1156,1,446,10,-1,99999,-1,-1,-3,-1,1,13500
2329,1157,1,789,6,-1,99999,-1,-1,-3,-1,1,13560
2330,1157,1,605,8,-1,99999,-1,-1,-3,-1,1,13560
2331,1157,1,427,11,-1,99999,-1,-1,-3,-1,1,13560
2332,1157,1,432,12,-1,99999,-1,-1,-3,-1,1,13560
2333,1157,1,493,4,-1,99999,-1,-1,-3,-1,1,13560
2334,1158,1,555,9,-1,99999,-1,-1,-3,-1,1,13560
2335,1159,1,443,3,-1,99999,-1,-1,-3,-1,1,13560
2336,1159,1,339,4,-1,99999,-1,-1,-3,-1,1,13560
2337,1160,1,409,4,-1,99999,-1,-1,-3,-1,1,13620
2338,1160,1,96,8,-1,99999,-1,-1,-3,-1,1,13620
2339,1161,1,486,4,-1,99999,-1,-1,-3,-1,1,13620
2340,1161,1,459,10,-1,99999,-1,-1,-3,-1,1,13620
2341,1161,1,500,12,-1,99999,-1,-1,-3,-1,1,13620
2342,1162,1,463,6,-1,99999,-1,-1,-3,-1,1,13620
2343,1162,1,444,7,-1,99999,-1,-1,-3,-1,1,13620
2344,1162,1,146,7,-1,99999,-1,-1,-3,-1,1,13620
2345,1162,1,451,6,-1,99999,-1,-1,-3,-1,1,13620
2346,1163,1,720,6,-1,99999,-1,-1,-3,-1,1,13620
2347,1164,1,470,7,-1,99999,-1,-1,-3,-1,1,13680
2348,1164,1,511,6,-1,99999,-1,-1,-3,-1,1,13680
2349,1164,1,429,7,-1,99999,-1,-1,-3,-1,1,13680
2350,1165,1,441,10,-1,99999,-1,-1,-3,-1,1,13680
2351,1166,1,739,8,-1,99999,-1,-1,-3,-1,1,13680
2352,1166,1,408,4,-1,99999,-1,-1,-3,-1,1,13680
2353,1167,1,445,7,-1,99999,-1,-1,-3,-1,1,13740
2354,1168,1,945,3,-1,99999,-1,-1,-3,-1,1,13740
2355,1168,1,893,2,-1,99999,-1,-1,-3,-1,1,13740
2356,1169,1,804,6,-1,99999,-1,-1,-3,-1,1,13740
2357,1169,1,430,11,-1,99999,-1,-1,-3,-1,1,13740
2358,1170,1,929,6,-1,99999,-1,-1,-3,-1,1,13800
2359,1170,1,503,5,-1,99999,-1,-1,-3,-1,1,13800
2360,1171,1,712,7,-1,99999,-1,-1,-3,-1,1,13800
2361,1171,1,515,2,-1,99999,-1,-1,-3,-1,1,13800
2362,1171,1,521,8,-1,99999,-1,-1,-3,-1,1,13800
2363,1172,1,498,6,-1,99999,-1,-1,-3,-1,1,13800
2364,1172,1,411,10,-1,99999,-1,-1,-3,-1,1,13800
2365,1172,1,772,6,-1,99999,-1,-1,-3,-1,1,13800
2366,1173,1,703,7,-1,99999,-1,-1,-3,-1,1,13800
2367,1174,1,488,1,-1,99999,-1,-1,-3,-1,1,13800
2368,1174,1,485,8,-1,99999,-1,-1,-3,-1,1,13800
2369,1174,1,945,4,-1,99999,-1,-1,-3,-1,1,13800
2370,1174,1,292,9,-1,99999,-1,-1,-3,-1,1,13800
2371,1174,1,477,5,-1,99999,-1,-1,-3,-1,1,13800
2372,1174,1,481,12,-1,99999,-1,-1,-3,-1,1,13800
2373,1174,1,780,8,-1,99999,-1,-1,-3,-1,1,13800
2374,1174,1,423,4,-1,99999,-1,-1,-3,-1,1,13800
2375,1175,1,489,7,-1,99999,-1,-1,-3,-1,1,13860
2376,1176,1,368,8,-1,99999,-1,-1,-3,-1,1,13860
2377,1177,1,432,12,-1,99999,-1,-1,-3,-1,1,13860
2378,1177,1,826,6,-1,99999,-1,-1,-3,-1,1,13860
2379,1177,1,435,2,-1,99999,-1,-1,-3,-1,1,13860
2380,1178,1,464,6,-1,99999,-1,-1,-3,-1,1,13860
2381,1179,1,447,8,-1,99999,-1,-1,-3,-1,1,13860
2382,1180,1,520,1,-1,99999,-1,-1,-3,-1,1,13860
2383,1180,1,683,9,-1,99999,-1,-1,-3,-1,1,13860
2384,1181,1,400,8,-1,99999,-1,-1,-3,-1,1,13920
2385,1181,1,949,5,-1,99999,-1,-1,-3,-1,1,13920
2386,1181,1,408,5,-1,99999,-1,-1,-3,-1,1,13920
2387,1181,1,648,10,-1,99999,-1,-1,-3,-1,1,13920
2388,1182,1,408,3,-1,99999,-1,-1,-3,-1,1,13920
2389,1183,1,484,5,-1,99999,-1,-1,-3,-1,1,13920
2390,1184,1,830,6,-1,99999,-1,-1,-3,-1,1,13920
2391,1185,1,635,7,-1,99999,-1,-1,-3,-1,1,13920
2392,1186,1,858,5,-1,99999,-1,-1,-3,-1,1,13920
2393,1186,1,411,6,-1,99999,-1,-1,-3,-1,1,13920
2394,1187,1,466,8,-1,99999,-1,-1,-3,-1,1,13920
2395,1187,1,442,10,-1,99999,-1,-1,-3,-1,1,13920
2396,1188,1,418,10,-1,99999,-1,-1,-3,-1,1,13920
2397,1188,1,314,7,-1,99999,-1,-1,-3,-1,1,13920
2398,1189,1,402,5,-1,99999,-1,-1,-3,-1,1,13920
2399,1190,1,407,6,-1,99999,-1,-1,-3,-1,1,13980
2400,1191,1,713,2,-1,99999,-1,-1,-3,-1,1,13980
2401,1191,1,947,10,-1,99999,-1,-1,-3,-1,1,13980
2402,1192,1,442,7,-1,99999,-1,-1,-3,-1,1,13980
2403,1193,1,490,10,-1,99999,-1,-1,-3,-1,1,14040
2404,1194,1,494,11,-1,99999,-1,-1,-3,-1,1,14040
2405,1195,1,666,10,-1,99999,-1,-1,-3,-1,1,14040
2406,1195,1,599,8,-1,99999,-1,-1,-3,-1,1,14040
2407,1196,1,468,6,-1,99999,-1,-1,-3,-1,1,14100
2408,1197,1,480,4,-1,99999,-1,-1,-3,-1,1,14100
2409,1197,1,514,9,-1,99999,-1,-1,-3,-1,1,14100
2410,1198,1,462,7,-1,99999,-1,-1,-3,-1,1,14100
2411,1199,1,944,6,-1,99999,-1,-1,-3,-1,1,14100
2412,1200,1,506,7,-1,99999,-1,-1,-3,-1,1,14100
2413,1200,1,476,1,-1,99999,-1,-1,-3,-1,1,14100
2414,1201,1,476,6,-1,99999,-1,-1,-3,-1,1,14160
2415,1202,1,443,10,-1,99999,-1,-1,-3,-1,1,14160
2416,1203,1,497,5,-1,99999,-1,-1,-3,-1,1,14160
2417,1204,1,497,12,-1,99999,-1,-1,-3,-1,1,14160
2418,1205,1,492,4,-1,99999,-1,-1,-3,-1,1,14160
2419,1206,1,486,3,-1,99999,-1,-1,-3,-1,1,14160
2420,1206,1,929,2,-1,99999,-1,-1,-3,-1,1,14160
2421,1206,1,510,12,-1,99999,-1,-1,-3,-1,1,14160
2422,1206,1,476,4,-1,99999,-1,-1,-3,-1,1,14160
2423,1207,1,426,11,-1,99999,-1,-1,-3,-1,1,14220
2424,1207,1,457,10,-1,99999,-1,-1,-3,-1,1,14220
2425,1208,1,783,2,-1,99999,-1,-1,-3,-1,1,14220
2426,1208,1,729,3,-1,99999,-1,-1,-3,-1,1,14220
2427,1209,1,488,1,-1,99999,-1,-1,-3,-1,1,14220
2428,1209,1,499,7,-1,99999,-1,-1,-3,-1,1,14220
2429,1210,1,734,9,-1,99999,-1,-1,-3,-1,1,14220
2430,1210,1,453,9,-1,99999,-1,-1,-3,-1,1,14220
2431,1210,1,551,6,-1,99999,-1,-1,-3,-1,1,14220
2432,1211,1,845,8,-1,99999,-1,-1,-3,-1,1,14220
2433,1212,1,860,2,-1,99999,-1,-1,-3,-1,1,14220
2434,1212,1,472,5,-1,99999,-1,-1,-3,-1,1,14220
2435,1213,1,509,7,-1,99999,-1,-1,-3,-1,1,14220
2436,1214,1,963,8,-1,99999,-1,-1,-3,-1,1,14280
2437,1214,1,417,7,-1,99999,-1,-1,-3,-1,1,14280
2438,1215,1,848,9,-1,99999,-1,-1,-3,-1,1,14280
2439,1215,1,443,3,-1,99999,-1,-1,-3,-1,1,14280
2440,1216,1,300,6,-1,99999,-1,-1,-3,-1,1,14280
2441,1216,1,430,12,-1,99999,-1,-1,-3,-1,1,14280
2442,1216,1,482,2,-1,99999,-1,-1,-3,-1,1,14280
2443,1217,1,445,9,-1,99999,-1,-1,-3,-1,1,14280
2444,1218,1,520,3,-1,99999,-1,-1,-3,-1,1,14280
2445,1218,1,459,2,-1,99999,-1,-1,-3,-1,1,14280
2446,1218,1,440,5,-1,99999,-1,-1,-3,-1,1,14280
2447,1218,1,737,8,-1,99999,-1,-1,-3,-1,1,14280
2448,1218,1,481,2,-1,99999,-1,-1,-3,-1,1,14280
2449,1218,1,461,4,-1,99999,-1,-1,-3,-1,1,14280
2450,1219,1,888,4,-1,99999,-1,-1,-3,-1,1,14340
2451,1219,1,623,9,-1,99999,-1,-1,-3,-1,1,14340
2452,1220,1,464,4,-1,99999,-1,-1,-3,-1,1,14340
2453,1220,1,793,12,-1,99999,-1,-1,-3,-1,1,14340
2454,1221,1,409,9,-1,99999,-1,-1,-3,-1,1,14340
2455,1221,1,112,9,-1,99999,-1,-1,-3,-1,1,14340
2456,1222,1,410,5,-1,99999,-1,-1,-3,-1,1,14340
2457,1223,1,523,8,-1,99999,-1,-1,-3,-1,1,14340
2458,1223,1,785,4,-1,99999,-1,-1,-3,-1,1,14340
2459,1224,1,517,7,-1,99999,-1,-1,-3,-1,1,14400
2460,1225,1,449,2,-1,99999,-1,-1,-3,-1,1,14400
2461,1226,1,777,11,-1,99999,-1,-1,-3,-1,1,14400
2462,1226,1,464,11,-1,99999,-1,-1,-3,-1,1,14400
2463,1226,1,854,1,-1,99999,-1,-1,-3,-1,1,14400
2464,1227,1,519,9,-1,99999,-1,-1,-3,-1,1,14460
2465,1228,1,702,4,-1,99999,-1,-1,-3,-1,1,14460
2466,1229,1,850,9,-1,99999,-1,-1,-3,-1,1,14460
2467,1230,1,503,2,-1,99999,-1,-1,-3,-1,1,14460
2468,1230,1,447,8,-1,99999,-1,-1,-3,-1,1,14460
2469,1230,1,464,4,-1,99999,-1,-1,-3,-1,1,14460
2470,1231,1,912,2,-1,99999,-1,-1,-3,-1,1,14520
2471,1231,1,852,8,-1,99999,-1,-1,-3,-1,1,14520
2472,1232,1,869,9,-1,99999,-1,-1,-3,-1,1,14520
2473,1233,1,960,4,-1,99999,-1,-1,-3,-1,1,14520
2474,1233,1,524,10,-1,99999,-1,-1,-3,-1,1,14520
2475,1234,1,938,4,-1,99999,-1,-1,-3,-1,1,14520
2476,1235,1,462,5,-1,99999,-1,-1,-3,-1,1,14580
2477,1236,1,558,2,-1,99999,-1,-1,-3,-1,1,14580
2478,1236,1,488,6,-1,99999,-1,-1,-3,-1,1,14580
2479,1237,1,939,6,-1,99999,-1,-1,-3,-1,1,14580
2480,1237,1,773,4,-1,99999,-1,-1,-3,-1,1,14580
2481,1237,1,451,5,-1,99999,-1,-1,-3,-1,1,14580
2482,1238,1,514,1,-1,99999,-1,-1,-3,-1,1,14580
2483,1238,1,496,5,-1,99999,-1,-1,-3,-1,1,14580
2484,1238,1,459,1,-1,99999,-1,-1,-3,-1,1,14580
2485,1238,1,746,8,-1,99999,-1,-1,-3,-1,1,14580
2486,1239,1,630,6,-1,99999,-1,-1,-3,-1,1,14640
2487,1239,1,497,9,-1,99999,-1,-1,-3,-1,1,14640
2488,1239,1,494,2,-1,99999,-1,-1,-3,-1,1,14640
2489,1240,1,825,10,-1,99999,-1,-1,-3,-1,1,14640
2490,1240,1,513,7,-1,99999,-1,-1,-3,-1,1,14640
2491,1240,1,488,6,-1,99999,-1,-1,-3,-1,1,14640
2492,1241,1,592,4,-1,99999,-1,-1,-3,-1,1,14640
2493,1242,1,949,12,-1,99999,-1,-1,-3,-1,1,14640
2494,1243,1,469,4,-1,99999,-1,-1,-3,-1,1,14640
2495,1243,1,522,4,-1,99999,-1,-1,-3,-1,1,14640
2496,1244,1,508,10,-1,99999,-1,-1,-3,-1,1,14700
2497,1245,1,465,4,-1,99999,-1,-1,-3,-1,1,14700
2498,1246,1,232,10,-1,99999,-1,-1,-3,-1,1,14700
2499,1247,1,444,8,-1,99999,-1,-1,-3,-1,1,14760
2500,1248,1,440,2,-1,99999,-1,-1,-3,-1,1,14760
2501,1249,1,478,2,-1,99999,-1,-1,-3,-1,1,14760
2502,1249,1,629,4,-1,99999,-1,-1,-3,-1,1,14760
2503,1250,1,678,5,-1,99999,-1,-1,-3,-1,1,14760
2504,1251,1,467,6,-1,99999,-1,-1,-3,-1,1,14760
2505,1252,1,666,3,-1,99999,-1,-1,-3,-1,1,14820
2506,1253,1,792,2,-1,99999,-1,-1,-3,-1,1,14880
2507,1253,1,555,6,-1,99999,-1,-1,-3,-1,1,14880
2508,1253,1,402,6,-1,99999,-1,-1,-3,-1,1,14880
2509,1253,1,788,8,-1,99999,-1,-1,-3,-1,1,14880
2510,1253,1,264,4,-1,99999,-1,-1,-3,-1,1,14880
2511,1254,1,471,6,-1,99999,-1,-1,-3,-1,1,14880
2512,1254,1,446,12,-1,99999,-1,-1,-3,-1,1,14880
2513,1255,1,904,8,-1,99999,-1,-1,-3,-1,1,14880
2514,1255,1,476,4,-1,99999,-1,-1,-3,-1,1,14880
2515,1255,1,314,4,-1,99999,-1,-1,-3,-1,1,14880
2516,1256,1,487,5,-1,99999,-1,-1,-3,-1,1,14880
2517,1257,1,405,2,-1,99999,-1,-1,-3,-1,1,14880
2518,1257,1,502,8,-1,99999,-1,-1,-3,-1,1,14880
2519,1257,1,515,4,-1,99999,-1,-1,-3,-1,1,14880
2520,1257,1,264,6,-1,99999,-1,-1,-3,-1,1,14880
2521,1258,1,80,10,-1,99999,-1,-1,-3,-1,1,14880
2522,1259,1,660,5,-1,99999,-1,-1,-3,-1,1,14880
2523,1260,1,651,9,-1,99999,-1,-1,-3,-1,1,14940
2524,1261,1,487,10,-1,99999,-1,-1,-3,-1,1,14940
2525,1262,1,861,4,-1,99999,-1,-1,-3,-1,1,14940
2526,1262,1,436,8,-1,99999,-1,-1,-3,-1,1,14940
2527,1262,1,431,8,-1,99999,-1,-1,-3,-1,1,14940
2528,1263,1,974,5,-1,99999,-1,-1,-3,-1,1,14940
2529,1264,1,432,8,-1,99999,-1,-1,-3,-1,1,14940
2530,1265,1,685,9,-1,99999,-1,-1,-3,-1,1,15000
2531,1266,1,435,6,-1,99999,-1,-1,-3,-1,1,15000
2532,1267,1,534,12,-1,99999,-1,-1,-3,-1,1,15000
2533,1268,1,484,8,-1,99999,-1,-1,-3,-1,1,15000
2534,1268,1,517,9,-1,99999,-1,-1,-3,-1,1,15000
2535,1269,1,110,4,-1,99999,-1,-1,-3,-1,1,15060
2536,1270,1,411,10,-1,99999,-1,-1,-3,-1,1,15060
2537,1271,1,690,10,-1,99999,-1,-1,-3,-1,1,15060
2538,1271,1,434,12,-1,99999,-1,-1,-3,-1,1,15060
2539,1271,1,490,2,-1,99999,-1,-1,-3,-1,1,15060
2540,1271,1,462,6,-1,99999,-1,-1,-3,-1,1,15060
2541,1271,1,745,3,-1,99999,-1,-1,-3,-1,1,15060
2542,1271,1,290,3,-1,99999,-1,-1,-3,-1,1,15060
2543,1271,1,427,10,-1,99999,-1,-1,-3,-1,1,15060
2544,1271,1,473,8,-1,99999,-1,-1,-3,-1,1,15060
2545,1271,1,512,1,-1,99999,-1,-1,-3,-1,1,15060
2546,1271,1,877,6,-1,99999,-1,-1,-3,-1,1,15060
2547,1272,1,801,8,-1,99999,-1,-1,-3,-1,1,15060
2548,1273,1,588,1,-1,99999,-1,-1,-3,-1,1,15120
2549,1274,1,409,7,-1,99999,-1,-1,-3,-1,1,15180
2550,1275,1,681,11,-1,99999,-1,-1,-3,-1,1,15180
2551,1275,1,456,6,-1,99999,-1,-1,-3,-1,1,15180
2552,1275,1,454,10,-1,99999,-1,-1,-3,-1,1,15180
2553,1275,1,461,9,-1,99999,-1,-1,-3,-1,1,15180
2554,1276,1,410,8,-1,99999,-1,-1,-3,-1,1,15180
2555,1277,1,646,2,-1,99999,-1,-1,-3,-1,1,15180
2556,1277,1,505,7,-1,99999,-1,-1,-3,-1,1,15180
2557,1277,1,427,10,-1,99999,-1,-1,-3,-1,1,15180
2558,1278,1,742,7,-1,99999,-1,-1,-3,-1,1,15240
2559,1279,1,449,6,-1,99999,-1,-1,-3,-1,1,15240
2560,1279,1,733,8,-1,99999,-1,-1,-3,-1,1,15240
2561,1279,1,508,8,-1,99999,-1,-1,-3,-1,1,15240
2562,1280,1,430,9,-1,99999,-1,-1,-3,-1,1,15300
2563,1281,1,436,10,-1,99999,-1,-1,-3,-1,1,15300
2564,1282,1,692,8,-1,99999,-1,-1,-3,-1,1,15300
2565,1282,1,430,2,-1,99999,-1,-1,-3,-1,1,15300
2566,1283,1,467,12,-1,99999,-1,-1,-3,-1,1,15300
2567,1284,1,415,8,-1,99999,-1,-1,-3,-1,1,15300
2568,1285,1,686,7,-1,99999,-1,-1,-3,-1,1,15300
2569,1286,1,475,6,-1,99999,-1,-1,-3,-1,1,15300
2570,1286,1,676,8,-1,99999,-1,-1,-3,-1,1,15300
2571,1287,1,653,4,-1,99999,-1,-1,-3,-1,1,15300
2572,1288,1,923,4,-1,99999,-1,-1,-3,-1,1,15300
2573,1289,1,904,4,-1,99999,-1,-1,-3,-1,1,15360
2574,1289,1,485,8,-1,99999,-1,-1,-3,-1,1,15360
2575,1290,1,550,5,-1,99999,-1,-1,-3,-1,1,15360
2576,1291,1,510,2,-1,99999,-1,-1,-3,-1,1,15360
2577,1292,1,507,7,-1,99999,-1,-1,-3,-1,1,15360
2578,1293,1,469,8,-1,99999,-1,-1,-3,-1,1,15360
2579,1293,1,429,2,-1,99999,-1,-1,-3,-1,1,15360
2580,1293,1,408,10,-1,99999,-1,-1,-3,-1,1,15360
2581,1293,1,471,7,-1,99999,-1,-1,-3,-1,1,15360
2582,1293,1,861,7,-1,99999,-1,-1,-3,-1,1,15360
2583,1293,1,466,3,-1,99999,-1,-1,-3,-1,1,15360
2584,1294,1,446,8,-1,99999,-1,-1,-3,-1,1,15420
2585,1295,1,538,12,-1,99999,-1,-1,-3,-1,1,15420
2586,1295,1,524,4,-1,99999,-1,-1,-3,-1,1,15420
2587,1296,1,460,10,-1,99999,-1,-1,-3,-1,1,15420
2588,1297,1,422,6,-1,99999,-1,-1,-3,-1,1,15420
2589,1298,1,182,4,-1,99999,-1,-1,-3,-1,1,15420
2590,1299,1,575,3,-1,99999,-1,-1,-3,-1,1,15420
2591,1300,1,447,7,-1,99999,-1,-1,-3,-1,1,15420
2592,1301,1,455,8,-1,99999,-1,-1,-3,-1,1,15420
2593,1302,1,914,2,-1,99999,-1,-1,-3,-1,1,15420
2594,1302,1,922,8,-1,99999,-1,-1,-3,-1,1,15420
2595,1302,1,512,8,-1,99999,-1,-1,-3,-1,1,15420
2596,1303,1,468,5,-1,99999,-1,-1,-3,-1,1,15420
2597,1304,1,747,3,-1,99999,-1,-1,-3,-1,1,15480
2598,1305,1,487,7,-1,99999,-1,-1,-3,-1,1,15540
2599,1305,1,316,4,-1,99999,-1,-1,-3,-1,1,15540
2600,1305,1,416,7,-1,99999,-1,-1,-3,-1,1,15540
2601,1306,1,743,3,-1,99999,-1,-1,-3,-1,1,15540
2602,1306,1,839,8,-1,99999,-1,-1,-3,-1,1,15540
2603,1307,1,488,9,-1,99999,-1,-1,-3,-1,1,15540
2604,1308,1,471,6,-1,99999,-1,-1,-3,-1,1,15600
2605,1308,1,113,6,-1,99999,-1,-1,-3,-1,1,15600
2606,1308,1,102,6,-1,99999,-1,-1,-3,-1,1,15600
2607,1308,1,791,8,-1,99999,-1,-1,-3,-1,1,15600
2608,1308,1,677,4,-1,99999,-1,-1,-3,-1,1,15600
2609,1309,1,629,4,-1,99999,-1,-1,-3,-1,1,15600
2610,1310,1,468,7,-1,99999,-1,-1,-3,-1,1,15600
2611,1311,1,401,4,-1,99999,-1,-1,-3,-1,1,15660
2612,1311,1,475,10,-1,99999,-1,-1,-3,-1,1,15660
2613,1312,1,913,2,-1,99999,-1,-1,-3,-1,1,15660
2614,1313,1,204,8,-1,99999,-1,-1,-3,-1,1,15660
2615,1314,1,552,9,-1,99999,-1,-1,-3,-1,1,15660
2616,1315,1,513,7,-1,99999,-1,-1,-3,-1,1,15660
2617,1315,1,824,6,-1,99999,-1,-1,-3,-1,1,15660
2618,1315,1,474,12,-1,99999,-1,-1,-3,-1,1,15660
2619,1315,1,450,11,-1,99999,-1,-1,-3,-1,1,15660
2620,1315,1,869,10,-1,99999,-1,-1,-3,-1,1,15660
2621,1316,1,772,12,-1,99999,-1,-1,-3,-1,1,15660
2622,1317,1,406,9,-1,99999,-1,-1,-3,-1,1,15660
2623,1318,1,478,9,-1,99999,-1,-1,-3,-1,1,15660
2624,1319,1,480,10,-1,99999,-1,-1,-3,-1,1,15660
2625,1320,1,941,9,-1,99999,-1,-1,-3,-1,1,15720
2626,1320,1,616,3,-1,99999,-1,-1,-3,-1,1,15720
2627,1321,1,502,8,-1,99999,-1,-1,-3,-1,1,15720
2628,1321,1,664,10,-1,99999,-1,-1,-3,-1,1,15720
2629,1321,1,904,6,-1,99999,-1,-1,-3,-1,1,15720
2630,1322,1,483,6,-1,99999,-1,-1,-3,-1,1,15720
2631,1322,1,469,6,-1,99999,-1,-1,-3,-1,1,15720
2632,1322,1,419,9,-1,99999,-1,-1,-3,-1,1,15720
2633,1323,1,817,10,-1,99999,-1,-1,-3,-1,1,15720
2634,1323,1,873,10,-1,99999,-1,-1,-3,-1,1,15720
2635,1324,1,520,10,-1,99999,-1,-1,-3,-1,1,15720
2636,1325,1,887,2,-1,99999,-1,-1,-3,-1,1,15780
2637,1326,1,516,10,-1,99999,-1,-1,-3,-1,1,15780
2638,1327,1,455,7,-1,99999,-1,-1,-3,-1,1,15780
2639,1327,1,791,5,-1,99999,-1,-1,-3,-1,1,15780
2640,1328,1,650,9,-1,99999,-1,-1,-3,-1,1,15780
2641,1329,1,440,10,-1,99999,-1,-1,-3,-1,1,15780
2642,1329,1,526,5,-1,99999,-1,-1,-3,-1,1,15780
2643,1329,1,18,5,-1,99999,-1,-1,-3,-1,1,15780
2644,1329,1,514,7,-1,99999,-1,-1,-3,-1,1,15780
2645,1329,1,658,7,-1,99999,-1,-1,-3,-1,1,15780
2646,1330,1,456,3,-1,99999,-1,-1,-3,-1,1,15840
2647,1331,1,524,6,-1,99999,-1,-1,-3,-1,1,15840
2648,1332,1,468,8,-1,99999,-1,-1,-3,-1,1,15840
2649,1333,1,447,1,-1,99999,-1,-1,-3,-1,1,15840
2650,1333,1,959,6,-1,99999,-1,-1,-3,-1,1,15840
2651,1333,1,505,12,-1,99999,-1,-1,-3,-1,1,15840
2652,1333,1,448,2,-1,99999,-1,-1,-3,-1,1,15840
2653,1334,1,424,2,-1,99999,-1,-1,-3,-1,1,15840
2654,1335,1,443,8,-1,99999,-1,-1,-3,-1,1,15840
2655,1336,1,447,12,-1,99999,-1,-1,-3,-1,1,15840
2656,1337,1,445,3,-1,99999,-1,-1,-3,-1,1,15840
2657,1338,1,428,10,-1,99999,-1,-1,-3,-1,1,15900
2658,1338,1,836,8,-1,99999,-1,-1,-3,-1,1,15900
2659,1338,1,493,9,-1,99999,-1,-1,-3,-1,1,15900
2660,1339,1,712,8,-1,99999,-1,-1,-3,-1,1,15900
2661,1340,1,435,6,-1,99999,-1,-1,-3,-1,1,15900
2662,1341,1,509,10,-1,99999,-1,-1,-3,-1,1,15900
2663,1341,1,843,6,-1,99999,-1,-1,-3,-1,1,15900
2664,1341,1,451,4,-1,99999,-1,-1,-3,-1,1,15900
2665,1341,1,598,8,-1,99999,-1,-1,-3,-1,1,15900
2666,1342,1,401,6,-1,99999,-1,-1,-3,-1,1,15900
2667,1343,1,863,3,-1,99999,-1,-1,-3,-1,1,15900
2668,1343,1,683,6,-1,99999,-1,-1,-3,-1,1,15900
2669,1343,1,524,2,-1,99999,-1,-1,-3,-1,1,15900
2670,1344,1,561,8,-1,99999,-1,-1,-3,-1,1,15900
2671,1344,1,411,5,-1,99999,-1,-1,-3,-1,1,15900
2672,1345,1,468,7,-1,99999,-1,-1,-3,-1,1,15960
2673,1345,1,480,6,-1,99999,-1,-1,-3,-1,1,15960
2674,1346,1,829,6,-1,99999,-1,-1,-3,-1,1,15960
2675,1346,1,513,10,-1,99999,-1,-1,-3,-1,1,15960
2676,1347,1,822,11,-1,99999,-1,-1,-3,-1,1,15960
2677,1348,1,503,10,-1,99999,-1,-1,-3,-1,1,15960
2678,1348,1,873,5,-1,99999,-1,-1,-3,-1,1,15960
2679,1349,1,439,5,-1,99999,-1,-1,-3,-1,1,15960
2680,1349,1,730,6,-1,99999,-1,-1,-3,-1,1,15960
2681,1350,1,426,7,-1,99999,-1,-1,-3,-1,1,15960
2682,1351,1,750,6,-1,99999,-1,-1,-3,-1,1,16020
2683,1352,1,444,9,-1,99999,-1,-1,-3,-1,1,16020
2684,1352,1,440,6,-1,99999,-1,-1,-3,-1,1,16020
2685,1352,1,542,10,-1,99999,-1,-1,-3,-1,1,16020
2686,1352,1,855,4,-1,99999,-1,-1,-3,-1,1,16020
2687,1353,1,939,8,-1,99999,-1,-1,-3,-1,1,16020
2688,1353,1,938,7,-1,99999,-1,-1,-3,-1,1,16020
2689,1353,1,468,4,-1,99999,-1,-1,-3,-1,1,16020
2690,1353,1,39,2,-1,99999,-1,-1,-3,-1,1,16020
2691,1353,1,496,8,-1,99999,-1,-1,-3,-1,1,16020
2692,1353,1,177,12,-1,99999,-1,-1,-3,-1,1,16020
2693,1353,1,556,7,-1,99999,-1,-1,-3,-1,1,16020
2694,1353,1,451,4,-1,99999,-1,-1,-3,-1,1,16020
2695,1354,1,470,12,-1,99999,-1,-1,-3,-1,1,16020
2696,1354,1,599,8,-1,99999,-1,-1,-3,-1,1,16020
2697,1355,1,475,9,-1,99999,-1,-1,-3,-1,1,16020
2698,1356,1,430,8,-1,99999,-1,-1,-3,-1,1,16020
2699,1356,1,463,9,-1,99999,-1,-1,-3,-1,1,16020
2700,1357,1,468,8,-1,99999,-1,-1,-3,-1,1,16080
2701,1357,1,480,9,-1,99999,-1,-1,-3,-1,1,16080
2702,1357,1,467,8,-1,99999,-1,-1,-3,-1,1,16080
2703,1358,1,963,6,-1,99999,-1,-1,-3,-1,1,16080
2704,1359,1,412,4,-1,99999,-1,-1,-3,-1,1,16080
2705,1360,1,411,2,-1,99999,-1,-1,-3,-1,1,16080
2706,1361,1,816,6,-1,99999,-1,-1,-3,-1,1,16080
2707,1362,1,444,6,-1,99999,-1,-1,-3,-1,1,16140
2708,1362,1,685,8,-1,99999,-1,-1,-3,-1,1,16140
2709,1363,1,465,3,-1,99999,-1,-1,-3,-1,1,16140
2710,1364,1,432,8,-1,99999,-1,-1,-3,-1,1,16140
2711,1365,1,454,4,-1,99999,-1,-1,-3,-1,1,16140
2712,1366,1,555,6,-1,99999,-1,-1,-3,-1,1,16200
2713,1366,1,761,2,-1,99999,-1,-1,-3,-1,1,16200
2714,1366,1,580,8,-1,99999,-1,-1,-3,-1,1,16200
2715,1366,1,495,3,-1,99999,-1,-1,-3,-1,1,16200
2716,1366,1,596,8,-1,99999,-1,-1,-3,-1,1,16200
2717,1366,1,503,8,-1,99999,-1,-1,-3,-1,1,16200
2718,1366,1,499,4,-1,99999,-1,-1,-3,-1,1,16200
2719,1366,1,218,10,-1,99999,-1,-1,-3,-1,1,16200
2720,1367,1,496,2,-1,99999,-1,-1,-3,-1,1,16200
2721,1368,1,482,2,-1,99999,-1,-1,-3,-1,1,16200
2722,1369,1,39,6,-1,99999,-1,-1,-3,-1,1,16200
2723,1369,1,939,7,-1,99999,-1,-1,-3,-1,1,16200
2724,1370,1,403,12,-1,99999,-1,-1,-3,-1,1,16260
2725,1371,1,468,4,-1,99999,-1,-1,-3,-1,1,16260
2726,1371,1,659,5,-1,99999,-1,-1,-3,-1,1,16260
2727,1371,1,341,9,-1,99999,-1,-1,-3,-1,1,16260
2728,1372,1,843,6,-1,99999,-1,-1,-3,-1,1,16260
2729,1372,1,470,4,-1,99999,-1,-1,-3,-1,1,16260
2730,1372,1,623,9,-1,99999,-1,-1,-3,-1,1,16260
2731,1372,1,0,10,-1,99999,-1,-1,-3,-1,1,16260
2732,1372,1,465,6,-1,99999,-1,-1,-3,-1,1,16260
2733,1372,1,538,8,-1,99999,-1,-1,-3,-1,1,16260
2734,1372,1,509,10,-1,99999,-1,-1,-3,-1,1,16260
2735,1372,1,798,6,-1,99999,-1,-1,-3,-1,1,16260
2736,1372,1,402,8,-1,99999,-1,-1,-3,-1,1,16260
2737,1372,1,480,9,-1,99999,-1,-1,-3,-1,1,16260
2738,1372,1,433,3,-1,99999,-1,-1,-3,-1,1,16260
2739,1372,1,403,8,-1,99999,-1,-1,-3,-1,1,16260
2740,1373,1,519,11,-1,99999,-1,-1,-3,-1,1,16260
2741,1373,1,454,10,-1,99999,-1,-1,-3,-1,1,16260
2742,1373,1,501,8,-1,99999,-1,-1,-3,-1,1,16260
2743,1373,1,816,8,-1,99999,-1,-1,-3,-1,1,16260
2744,1374,1,422,6,-1,99999,-1,-1,-3,-1,1,16260
2745,1374,1,400,7,-1,99999,-1,-1,-3,-1,1,16260
2746,1375,1,417,6,-1,99999,-1,-1,-3,-1,1,16260
2747,1375,1,512,4,-1,99999,-1,-1,-3,-1,1,16260
2748,1375,1,562,3,-1,99999,-1,-1,-3,-1,1,16260
2749,1375,1,914,10,-1,99999,-1,-1,-3,-1,1,16260
2750,1376,1,149,6,-1,99999,-1,-1,-3,-1,1,16260
2751,1376,1,495,4,-1,99999,-1,-1,-3,-1,1,16260
2752,1377,1,508,10,-1,99999,-1,-1,-3,-1,1,16260
2753,1377,1,459,11,-1,99999,-1,-1,-3,-1,1,16260
2754,1378,1,411,4,-1,99999,-1,-1,-3,-1,1,16320
2755,1379,1,245,10,-1,99999,-1,-1,-3,-1,1,16320
2756,1379,1,900,12,-1,99999,-1,-1,-3,-1,1,16320
2757,1380,1,469,1,-1,99999,-1,-1,-3,-1,1,16320
2758,1380,1,433,6,-1,99999,-1,-1,-3,-1,1,16320
2759,1381,1,763,2,-1,99999,-1,-1,-3,-1,1,16320
2760,1381,1,452,4,-1,99999,-1,-1,-3,-1,1,16320
2761,1382,1,422,4,-1,99999,-1,-1,-3,-1,1,16320
2762,1382,1,505,2,-1,99999,-1,-1,-3,-1,1,16320
2763,1383,1,959,5,-1,99999,-1,-1,-3,-1,1,16320
2764,1384,1,479,4,-1,99999,-1,-1,-3,-1,1,16320
2765,1385,1,480,10,-1,99999,-1,-1,-3,-1,1,16320
2766,1386,1,423,8,-1,99999,-1,-1,-3,-1,1,16380
2767,1387,1,480,2,-1,99999,-1,-1,-3,-1,1,16380
2768,1387,1,407,12,-1,99999,-1,-1,-3,-1,1,16380
2769,1388,1,912,6,-1,99999,-1,-1,-3,-1,1,16380
2770,1388,1,487,10,-1,99999,-1,-1,-3,-1,1,16380
2771,1389,1,509,10,-1,99999,-1,-1,-3,-1,1,16380
2772,1390,1,497,2,-1,99999,-1,-1,-3,-1,1,16380
2773,1390,1,447,6,-1,99999,-1,-1,-3,-1,1,16380
2774,1390,1,412,8,-1,99999,-1,-1,-3,-1,1,16380
2775,1391,1,503,6,-1,99999,-1,-1,-3,-1,1,16380
2776,1391,1,517,5,-1,99999,-1,-1,-3,-1,1,16380
2777,1392,1,422,8,-1,99999,-1,-1,-3,-1,1,16380
2778,1393,1,439,8,-1,99999,-1,-1,-3,-1,1,16380
2779,1393,1,512,6,-1,99999,-1,-1,-3,-1,1,16380
2780,1393,1,474,6,-1,99999,-1,-1,-3,-1,1,16380
2781,1394,1,461,2,-1,99999,-1,-1,-3,-1,1,16380
2782,1395,1,535,8,-1,99999,-1,-1,-3,-1,1,16380
2783,1395,1,423,11,-1,99999,-1,-1,-3,-1,1,16380
2784,1396,1,419,6,-1,99999,-1,-1,-3,-1,1,16440
2785,1397,1,535,10,-1,99999,-1,-1,-3,-1,1,16440
2786,1397,1,430,10,-1,99999,-1,-1,-3,-1,1,16440
2787,1398,1,855,7,-1,99999,-1,-1,-3,-1,1,16440
2788,1399,1,460,4,-1,99999,-1,-1,-3,-1,1,16440
2789,1400,1,797,12,-1,99999,-1,-1,-3,-1,1,16500
2790,1401,1,838,6,-1,99999,-1,-1,-3,-1,1,16500
2791,1402,1,457,5,-1,99999,-1,-1,-3,-1,1,16500
2792,1402,1,868,7,-1,99999,-1,-1,-3,-1,1,16500
2793,1402,1,244,6,-1,99999,-1,-1,-3,-1,1,16500
2794,1403,1,871,4,-1,99999,-1,-1,-3,-1,1,16500
2795,1404,1,427,10,-1,99999,-1,-1,-3,-1,1,16500
2796,1405,1,889,5,-1,99999,-1,-1,-3,-1,1,16500
2797,1406,1,509,10,-1,99999,-1,-1,-3,-1,1,16500
2798,1406,1,438,8,-1,99999,-1,-1,-3,-1,1,16500
2799,1407,1,507,6,-1,99999,-1,-1,-3,-1,1,16500
2800,1408,1,860,4,-1,99999,-1,-1,-3,-1,1,16500
2801,1408,1,425,10,-1,99999,-1,-1,-3,-1,1,16500
2802,1409,1,458,8,-1,99999,-1,-1,-3,-1,1,16500
2803,1409,1,479,6,-1,99999,-1,-1,-3,-1,1,16500
2804,1410,1,856,4,-1,99999,-1,-1,-3,-1,1,16500
2805,1410,1,504,10,-1,99999,-1,-1,-3,-1,1,16500
2806,1411,1,862,1,-1,99999,-1,-1,-3,-1,1,16560
2807,1412,1,454,4,-1,99999,-1,-1,-3,-1,1,16620
2808,1413,1,795,6,-1,99999,-1,-1,-3,-1,1,16620
2809,1413,1,400,6,-1,99999,-1,-1,-3,-1,1,16620
2810,1413,1,530,8,-1,99999,-1,-1,-3,-1,1,16620
2811,1414,1,516,7,-1,99999,-1,-1,-3,-1,1,16620
2812,1415,1,446,9,-1,99999,-1,-1,-3,-1,1,16620
2813,1416,1,900,6,-1,99999,-1,-1,-3,-1,1,16620
2814,1417,1,409,6,-1,99999,-1,-1,-3,-1,1,16620
2815,1417,1,448,9,-1,99999,-1,-1,-3,-1,1,16620
2816,1417,1,327,1,-1,99999,-1,-1,-3,-1,1,16620
2817,1417,1,456,12,-1,99999,-1,-1,-3,-1,1,16620
2818,1418,1,528,5,-1,99999,-1,-1,-3,-1,1,16620
2819,1419,1,674,6,-1,99999,-1,-1,-3,-1,1,16680
2820,1420,1,473,5,-1,99999,-1,-1,-3,-1,1,16680
2821,1421,1,800,11,-1,99999,-1,-1,-3,-1,1,16680
2822,1421,1,417,2,-1,99999,-1,-1,-3,-1,1,16680
2823,1422,1,561,5,-1,99999,-1,-1,-3,-1,1,16680
2824,1423,1,432,10,-1,99999,-1,-1,-3,-1,1,16680
2825,1424,1,452,9,-1,99999,-1,-1,-3,-1,1,16740
2826,1424,1,616,12,-1,99999,-1,-1,-3,-1,1,16740
2827,1425,1,797,8,-1,99999,-1,-1,-3,-1,1,16740
2828,1426,1,484,8,-1,99999,-1,-1,-3,-1,1,16740
2829,1426,1,676,4,-1,99999,-1,-1,-3,-1,1,16740
2830,1426,1,403,7,-1,99999,-1,-1,-3,-1,1,16740
2831,1427,1,455,6,-1,99999,-1,-1,-3,-1,1,16740
2832,1427,1,511,12,-1,99999,-1,-1,-3,-1,1,16740
2833,1427,1,448,12,-1,99999,-1,-1,-3,-1,1,16740
2834,1427,1,806,8,-1,99999,-1,-1,-3,-1,1,16740
2835,1427,1,483,2,-1,99999,-1,-1,-3,-1,1,16740
2836,1427,1,454,4,-1,99999,-1,-1,-3,-1,1,16740
2837,1428,1,557,8,-1,99999,-1,-1,-3,-1,1,16740
2838,1429,1,513,9,-1,99999,-1,-1,-3,-1,1,16740
2839,1429,1,510,6,-1,99999,-1,-1,-3,-1,1,16740
2840,1430,1,422,11,-1,99999,-1,-1,-3,-1,1,16740
2841,1431,1,509,4,-1,99999,-1,-1,-3,-1,1,16740
2842,1432,1,514,6,-1,99999,-1,-1,-3,-1,1,16800
2843,1433,1,563,10,-1,99999,-1,-1,-3,-1,1,16800
2844,1434,1,495,3,-1,99999,-1,-1,-3,-1,1,16800
2845,1434,1,576,4,-1,99999,-1,-1,-3,-1,1,16800
2846,1434,1,459,4,-1,99999,-1,-1,-3,-1,1,16800
2847,1434,1,505,10,-1,99999,-1,-1,-3,-1,1,16800
2848,1435,1,492,6,-1,99999,-1,-1,-3,-1,1,16800
2849,1436,1,811,8,-1,99999,-1,-1,-3,-1,1,16800
2850,1436,1,863,11,-1,99999,-1,-1,-3,-1,1,16800
2851,1436,1,440,5,-1,99999,-1,-1,-3,-1,1,16800
2852,1436,1,519,8,-1,99999,-1,-1,-3,-1,1,16800
2853,1436,1,460,6,-1,99999,-1,-1,-3,-1,1,16800
2854,1436,1,490,9,-1,99999,-1,-1,-3,-1,1,16800
2855,1436,1,457,6,-1,99999,-1,-1,-3,-1,1,16800
2856,1437,1,620,2,-1,99999,-1,-1,-3,-1,1,16800
2857,1438,1,713,4,-1,99999,-1,-1,-3,-1,1,16800
2858,1438,1,501,6,-1,99999,-1,-1,-3,-1,1,16800
2859,1439,1,422,5,-1,99999,-1,-1,-3,-1,1,16800
2860,1440,1,559,5,-1,99999,-1,-1,-3,-1,1,16800
2861,1440,1,496,3,-1,99999,-1,-1,-3,-1,1,16800
2862,1440,1,589,6,-1,99999,-1,-1,-3,-1,1,16800
2863,1441,1,443,8,-1,99999,-1,-1,-3,-1,1,16800
2864,1441,1,611,7,-1,99999,-1,-1,-3,-1,1,16800
2865,1442,1,475,4,-1,99999,-1,-1,-3,-1,1,16860
2866,1443,1,421,5,-1,99999,-1,-1,-3,-1,1,16860
2867,1444,1,512,10,-1,99999,-1,-1,-3,-1,1,16860
2868,1444,1,576,6,-1,99999,-1,-1,-3,-1,1,16860
2869,1445,1,446,7,-1,99999,-1,-1,-3,-1,1,16920
2870,1446,1,864,8,-1,99999,-1,-1,-3,-1,1,16920
2871,1447,1,714,11,-1,99999,-1,-1,-3,-1,1,16920
2872,1448,1,929,4,-1,99999,-1,-1,-3,-1,1,16920
2873,1449,1,474,9,-1,99999,-1,-1,-3,-1,1,16980
2874,1449,1,470,5,-1,99999,-1,-1,-3,-1,1,16980
2875,1449,1,428,10,-1,99999,-1,-1,-3,-1,1,16980
2876,1450,1,357,7,-1,99999,-1,-1,-3,-1,1,16980
2877,1450,1,497,3,-1,99999,-1,-1,-3,-1,1,16980
2878,1451,1,455,3,-1,99999,-1,-1,-3,-1,1,16980
2879,1451,1,485,6,-1,99999,-1,-1,-3,-1,1,16980
2880,1452,1,467,3,-1,99999,-1,-1,-3,-1,1,17040
2881,1453,1,586,6,-1,99999,-1,-1,-3,-1,1,17040
2882,1453,1,433,6,-1,99999,-1,-1,-3,-1,1,17040
2883,1453,1,482,12,-1,99999,-1,-1,-3,-1,1,17040
2884,1454,1,680,6,-1,99999,-1,-1,-3,-1,1,17040
2885,1454,1,479,9,-1,99999,-1,-1,-3,-1,1,17040
2886,1454,1,228,7,-1,99999,-1,-1,-3,-1,1,17040
2887,1454,1,520,10,-1,99999,-1,-1,-3,-1,1,17040
2888,1454,1,467,8,-1,99999,-1,-1,-3,-1,1,17040
2889,1455,1,604,4,-1,99999,-1,-1,-3,-1,1,17040
2890,1455,1,416,4,-1,99999,-1,-1,-3,-1,1,17040
2891,1455,1,488,5,-1,99999,-1,-1,-3,-1,1,17040
2892,1456,1,805,10,-1,99999,-1,-1,-3,-1,1,17040
2893,1457,1,409,9,-1,99999,-1,-1,-3,-1,1,17100
2894,1457,1,517,6,-1,99999,-1,-1,-3,-1,1,17100
2895,1457,1,507,9,-1,99999,-1,-1,-3,-1,1,17100
2896,1457,1,152,8,-1,99999,-1,-1,-3,-1,1,17100
2897,1458,1,892,6,-1,99999,-1,-1,-3,-1,1,17100
2898,1459,1,759,4,-1,99999,-1,-1,-3,-1,1,17100
2899,1460,1,495,4,-1,99999,-1,-1,-3,-1,1,17100
2900,1460,1,445,6,-1,99999,-1,-1,-3,-1,1,17100
2901,1460,1,467,10,-1,99999,-1,-1,-3,-1,1,17100
2902,1460,1,703,4,-1,99999,-1,-1,-3,-1,1,17100
2903,1460,1,472,2,-1,99999,-1,-1,-3,-1,1,17100
2904,1460,1,477,4,-1,99999,-1,-1,-3,-1,1,17100
2905,1460,1,437,8,-1,99999,-1,-1,-3,-1,1,17100
2906,1461,1,467,4,-1,99999,-1,-1,-3,-1,1,17160
2907,1462,1,522,1,-1,99999,-1,-1,-3,-1,1,17160
2908,1463,1,962,3,-1,99999,-1,-1,-3,-1,1,17160
2909,1463,1,700,8,-1,99999,-1,-1,-3,-1,1,17160
2910,1463,1,877,10,-1,99999,-1,-1,-3,-1,1,17160
2911,1464,1,954,6,-1,99999,-1,-1,-3,-1,1,17160
2912,1465,1,437,5,-1,99999,-1,-1,-3,-1,1,17160
2913,1466,1,584,6,-1,99999,-1,-1,-3,-1,1,17160
2914,1466,1,861,6,-1,99999,-1,-1,-3,-1,1,17160
2915,1466,1,542,8,-1,99999,-1,-1,-3,-1,1,17160
2916,1467,1,425,9,-1,99999,-1,-1,-3,-1,1,17220
2917,1467,1,727,4,-1,99999,-1,-1,-3,-1,1,17220
2918,1468,1,511,6,-1,99999,-1,-1,-3,-1,1,17220
2919,1468,1,626,6,-1,99999,-1,-1,-3,-1,1,17220
2920,1468,1,516,6,-1,99999,-1,-1,-3,-1,1,17220
2921,1468,1,863,10,-1,99999,-1,-1,-3,-1,1,17220
2922,1469,1,624,2,-1,99999,-1,-1,-3,-1,1,17280
2923,1469,1,825,6,-1,99999,-1,-1,-3,-1,1,17280
2924,1469,1,429,9,-1,99999,-1,-1,-3,-1,1,17280
2925,1469,1,967,4,-1,99999,-1,-1,-3,-1,1,17280
2926,1470,1,512,6,-1,99999,-1,-1,-3,-1,1,17280
2927,1470,1,410,9,-1,99999,-1,-1,-3,-1,1,17280
2928,1471,1,675,12,-1,99999,-1,-1,-3,-1,1,17340
2929,1472,1,429,8,-1,99999,-1,-1,-3,-1,1,17340
2930,1472,1,455,5,-1,99999,-1,-1,-3,-1,1,17340
2931,1473,1,450,10,-1,99999,-1,-1,-3,-1,1,17340
2932,1473,1,473,12,-1,99999,-1,-1,-3,-1,1,17340
2933,1473,1,694,6,-1,99999,-1,-1,-3,-1,1,17340
2934,1473,1,621,2,-1,99999,-1,-1,-3,-1,1,17340
2935,1474,1,445,6,-1,99999,-1,-1,-3,-1,1,17340
2936,1475,1,711,7,-1,99999,-1,-1,-3,-1,1,17340
2937,1476,1,505,6,-1,99999,-1,-1,-3,-1,1,17340
2938,1477,1,489,9,-1,99999,-1,-1,-3,-1,1,17340
2939,1477,1,470,9,-1,99999,-1,-1,-3,-1,1,17340
2940,1477,1,911,3,-1,99999,-1,-1,-3,-1,1,17340
2941,1478,1,325,1,-1,99999,-1,-1,-3,-1,1,17400
2942,1478,1,662,12,-1,99999,-1,-1,-3,-1,1,17400
2943,1478,1,499,7,-1,99999,-1,-1,-3,-1,1,17400
2944,1479,1,444,6,-1,99999,-1,-1,-3,-1,1,17400
2945,1480,1,759,10,-1,99999,-1,-1,-3,-1,1,17400
2946,1481,1,500,8,-1,99999,-1,-1,-3,-1,1,17400
2947,1482,1,505,3,-1,99999,-1,-1,-3,-1,1,17400
2948,1482,1,857,11,-1,99999,-1,-1,-3,-1,1,17400
2949,1482,1,805,6,-1,99999,-1,-1,-3,-1,1,17400
2950,1483,1,495,9,-1,99999,-1,-1,-3,-1,1,17400
2951,1483,1,749,2,-1,99999,-1,-1,-3,-1,1,17400
2952,1484,1,420,4,-1,99999,-1,-1,-3,-1,1,17400
2953,1485,1,562,3,-1,99999,-1,-1,-3,-1,1,17460
2954,1486,1,744,6,-1,99999,-1,-1,-3,-1,1,17460
2955,1487,1,426,4,-1,99999,-1,-1,-3,-1,1,17460
2956,1488,1,425,10,-1,99999,-1,-1,-3,-1,1,17460
2957,1488,1,652,11,-1,99999,-1,-1,-3,-1,1,17460
2958,1488,1,456,6,-1,99999,-1,-1,-3,-1,1,17460
2959,1489,1,629,10,-1,99999,-1,-1,-3,-1,1,17460
2960,1489,1,429,8,-1,99999,-1,-1,-3,-1,1,17460
2961,1489,1,432,2,-1,99999,-1,-1,-3,-1,1,17460
2962,1490,1,470,6,-1,99999,-1,-1,-3,-1,1,17460
2963,1491,1,467,2,-1,99999,-1,-1,-3,-1,1,17460
2964,1492,1,758,8,-1,99999,-1,-1,-3,-1,1,17520
2965,1493,1,404,8,-1,99999,-1,-1,-3,-1,1,17520
2966,1494,1,432,4,-1,99999,-1,-1,-3,-1,1,17520
2967,1494,1,444,6,-1,99999,-1,-1,-3,-1,1,17520
2968,1494,1,508,6,-1,99999,-1,-1,-3,-1,1,17520
2969,1494,1,410,6,-1,99999,-1,-1,-3,-1,1,17520
2970,1495,1,524,6,-1,99999,-1,-1,-3,-1,1,17520
2971,1496,1,768,7,-1,99999,-1,-1,-3,-1,1,17520
2972,1497,1,499,11,-1,99999,-1,-1,-3,-1,1,17520
2973,1498,1,792,2,-1,99999,-1,-1,-3,-1,1,17580
2974,1499,1,593,8,-1,99999,-1,-1,-3,-1,1,17580
2975,1500,1,457,8,-1,99999,-1,-1,-3,-1,1,17580
2976,1500,1,438,4,-1,99999,-1,-1,-3,-1,1,17580
2977,1500,1,494,10,-1,99999,-1,-1,-3,-1,1,17580
2978,1501,1,504,8,-1,99999,-1,-1,-3,-1,1,17640
2979,1502,1,846,6,-1,99999,-1,-1,-3,-1,1,17640
2980,1503,1,469,12,-1,99999,-1,-1,-3,-1,1,17640
2981,1504,1,832,10,-1,99999,-1,-1,-3,-1,1,17700
2982,1504,1,475,11,-1,99999,-1,-1,-3,-1,1,17700
2983,1504,1,457,4,-1,99999,-1,-1,-3,-1,1,17700
2984,1505,1,500,8,-1,99999,-1,-1,-3,-1,1,17700
2985,1506,1,408,7,-1,99999,-1,-1,-3,-1,1,17700
2986,1506,1,522,8,-1,99999,-1,-1,-3,-1,1,17700
2987,1507,1,531,8,-1,99999,-1,-1,-3,-1,1,17700
2988,1507,1,452,6,-1,99999,-1,-1,-3,-1,1,17700
2989,1507,1,711,9,-1,99999,-1,-1,-3,-1,1,17700
2990,1507,1,453,7,-1,99999,-1,-1,-3,-1,1,17700
2991,1507,1,512,3,-1,99999,-1,-1,-3,-1,1,17700
2992,1508,1,462,7,-1,99999,-1,-1,-3,-1,1,17700
2993,1508,1,476,8,-1,99999,-1,-1,-3,-1,1,17700
2994,1508,1,455,3,-1,99999,-1,-1,-3,-1,1,17700
2995,1508,1,416,8,-1,99999,-1,-1,-3,-1,1,17700
2996,1508,1,509,7,-1,99999,-1,-1,-3,-1,1,17700
2997,1508,1,443,7,-1,99999,-1,-1,-3,-1,1,17700
2998,1509,1,504,2,-1,99999,-1,-1,-3,-1,1,17700
2999,1510,1,932,8,-1,99999,-1,-1,-3,-1,1,17760
3000,1510,1,814,5,-1,99999,-1,-1,-3,-1,1,17760
3001,1511,1,830,2,-1,99999,-1,-1,-3,-1,1,17760
3002,1512,1,402,8,-1,99999,-1,-1,-3,-1,1,17760
3003,1512,1,449,5,-1,99999,-1,-1,-3,-1,1,17760
3004,1512,1,453,11,-1,99999,-1,-1,-3,-1,1,17760
3005,1513,1,863,8,-1,99999,-1,-1,-3,-1,1,17820
3006,1513,1,477,9,-1,99999,-1,-1,-3,-1,1,17820
3007,1513,1,511,12,-1,99999,-1,-1,-3,-1,1,17820
3008,1514,1,442,9,-1,99999,-1,-1,-3,-1,1,17820
3009,1515,1,451,7,-1,99999,-1,-1,-3,-1,1,17880
3010,1516,1,643,8,-1,99999,-1,-1,-3,-1,1,17880
3011,1517,1,424,2,-1,99999,-1,-1,-3,-1,1,17880
3012,1518,1,933,4,-1,99999,-1,-1,-3,-1,1,17880
3013,1519,1,163,3,-1,99999,-1,-1,-3,-1,1,17940
3014,1519,1,472,7,-1,99999,-1,-1,-3,-1,1,17940
3015,1519,1,514,6,-1,99999,-1,-1,-3,-1,1,17940
3016,1519,1,510,10,-1,99999,-1,-1,-3,-1,1,17940
3017,1520,1,719,7,-1,99999,-1,-1,-3,-1,1,17940
3018,1520,1,508,1,-1,99999,-1,-1,-3,-1,1,17940
3019,1521,1,364,10,-1,99999,-1,-1,-3,-1,1,17940
3020,1521,1,427,6,-1,99999,-1,-1,-3,-1,1,17940
3021,1521,1,480,7,-1,99999,-1,-1,-3,-1,1,17940
3022,1521,1,515,4,-1,99999,-1,-1,-3,-1,1,17940
3023,1521,1,837,5,-1,99999,-1,-1,-3,-1,1,17940
3024,1521,1,368,1,-1,99999,-1,-1,-3,-1,1,17940
3025,1522,1,677,10,-1,99999,-1,-1,-3,-1,1,18000
3026,1522,1,803,5,-1,99999,-1,-1,-3,-1,1,18000
3027,1522,1,452,7,-1,99999,-1,-1,-3,-1,1,18000
3028,1523,1,785,8,-1,99999,-1,-1,-3,-1,1,18000
3029,1523,1,488,6,-1,99999,-1,-1,-3,-1,1,18000
3030,1523,1,559,9,-1,99999,-1,-1,-3,-1,1,18000
3031,1524,1,776,5,-1,99999,-1,-1,-3,-1,1,18000
3032,1525,1,729,4,-1,99999,-1,-1,-3,-1,1,18000
3033,1526,1,847,11,-1,99999,-1,-1,-3,-1,1,18000
3034,1526,1,445,5,-1,99999,-1,-1,-3,-1,1,18000
3035,1527,1,401,2,-1,99999,-1,-1,-3,-1,1,18000
3036,1528,1,186,6,-1,99999,-1,-1,-3,-1,1,18060
3037,1528,1,511,8,-1,99999,-1,-1,-3,-1,1,18060
3038,1529,1,740,5,-1,99999,-1,-1,-3,-1,1,18060
3039,1530,1,151,8,-1,99999,-1,-1,-3,-1,1,18120
3040,1530,1,420,8,-1,99999,-1,-1,-3,-1,1,18120
3041,1531,1,263,8,-1,99999,-1,-1,-3,-1,1,18120
3042,1532,1,401,4,-1,99999,-1,-1,-3,-1,1,18180
3043,1533,1,460,12,-1,99999,-1,-1,-3,-1,1,18180
3044,1534,1,883,10,-1,99999,-1,-1,-3,-1,1,18180
3045,1534,1,786,12,-1,99999,-1,-1,-3,-1,1,18180
3046,1535,1,469,9,-1,99999,-1,-1,-3,-1,1,18180
3047,1535,1,278,4,-1,99999,-1,-1,-3,-1,1,18180
3048,1536,1,584,8,-1,99999,-1,-1,-3,-1,1,18180
3049,1536,1,439,11,-1,99999,-1,-1,-3,-1,1,18180
3050,1537,1,510,6,-1,99999,-1,-1,-3,-1,1,18180
3051,1538,1,175,10,-1,99999,-1,-1,-3,-1,1,18180
3052,1538,1,267,7,-1,99999,-1,-1,-3,-1,1,18180
3053,1538,1,653,8,-1,99999,-1,-1,-3,-1,1,18180
3054,1539,1,960,7,-1,99999,-1,-1,-3,-1,1,18180
3055,1540,1,436,8,-1,99999,-1,-1,-3,-1,1,18240
3056,1541,1,647,12,-1,99999,-1,-1,-3,-1,1,18240
3057,1541,1,516,6,-1,99999,-1,-1,-3,-1,1,18240
3058,1541,1,743,9,-1,99999,-1,-1,-3,-1,1,18240
3059,1541,1,495,10,-1,99999,-1,-1,-3,-1,1,18240
3060,1542,1,446,5,-1,99999,-1,-1,-3,-1,1,18240
3061,1542,1,905,2,-1,99999,-1,-1,-3,-1,1,18240
3062,1542,1,513,2,-1,99999,-1,-1,-3,-1,1,18240
3063,1543,1,522,6,-1,99999,-1,-1,-3,-1,1,18240
3064,1543,1,421,7,-1,99999,-1,-1,-3,-1,1,18240
3065,1543,1,516,4,-1,99999,-1,-1,-3,-1,1,18240
3066,1544,1,424,7,-1,99999,-1,-1,-3,-1,1,18300
3067,1544,1,411,4,-1,99999,-1,-1,-3,-1,1,18300
3068,1545,1,559,12,-1,99999,-1,-1,-3,-1,1,18300
3069,1545,1,971,10,-1,99999,-1,-1,-3,-1,1,18300
3070,1545,1,454,1,-1,99999,-1,-1,-3,-1,1,18300
3071,1545,1,455,2,-1,99999,-1,-1,-3,-1,1,18300
3072,1545,1,683,4,-1,99999,-1,-1,-3,-1,1,18300
3073,1545,1,520,4,-1,99999,-1,-1,-3,-1,1,18300
3074,1545,1,421,7,-1,99999,-1,-1,-3,-1,1,18300
3075,1546,1,469,1,-1,99999,-1,-1,-3,-1,1,18300
3076,1546,1,514,12,-1,99999,-1,-1,-3,-1,1,18300
3077,1547,1,452,12,-1,99999,-1,-1,-3,-1,1,18360
3078,1548,1,744,10,-1,99999,-1,-1,-3,-1,1,18360
3079,1548,1,513,6,-1,99999,-1,-1,-3,-1,1,18360
3080,1549,1,435,6,-1,99999,-1,-1,-3,-1,1,18360
3081,1550,1,469,4,-1,99999,-1,-1,-3,-1,1,18360
3082,1551,1,462,8,-1,99999,-1,-1,-3,-1,1,18360
3083,1551,1,446,4,-1,99999,-1,-1,-3,-1,1,18360
3084,1551,1,432,10,-1,99999,-1,-1,-3,-1,1,18360
3085,1552,1,428,7,-1,99999,-1,-1,-3,-1,1,18360
3086,1553,1,448,4,-1,99999,-1,-1,-3,-1,1,18360
3087,1554,1,721,8,-1,99999,-1,-1,-3,-1,1,18360
3088,1555,1,426,10,-1,99999,-1,-1,-3,-1,1,18360
3089,1556,1,861,8,-1,99999,-1,-1,-3,-1,1,18360
3090,1556,1,438,6,-1,99999,-1,-1,-3,-1,1,18360
3091,1556,1,402,8,-1,99999,-1,-1,-3,-1,1,18360
3092,1557,1,943,3,-1,99999,-1,-1,-3,-1,1,18360
3093,1557,1,440,1,-1,99999,-1,-1,-3,-1,1,18360
3094,1558,1,758,12,-1,99999,-1,-1,-3,-1,1,18420
3095,1559,1,817,9,-1,99999,-1,-1,-3,-1,1,18420
3096,1559,1,699,8,-1,99999,-1,-1,-3,-1,1,18420
3097,1559,1,500,8,-1,99999,-1,-1,-3,-1,1,18420
3098,1559,1,516,7,-1,99999,-1,-1,-3,-1,1,18420
3099,1560,1,715,4,-1,99999,-1,-1,-3,-1,1,18420
3100,1561,1,31,6,-1,99999,-1,-1,-3,-1,1,18420
3101,1561,1,519,5,-1,99999,-1,-1,-3,-1,1,18420
3102,1561,1,413,2,-1,99999,-1,-1,-3,-1,1,18420
3103,1562,1,649,10,-1,99999,-1,-1,-3,-1,1,18420
3104,1562,1,437,6,-1,99999,-1,-1,-3,-1,1,18420
3105,1563,1,437,12,-1,99999,-1,-1,-3,-1,1,18420
3106,1564,1,948,7,-1,99999,-1,-1,-3,-1,1,18480
3107,1565,1,790,11,-1,99999,-1,-1,-3,-1,1,18480
3108,1565,1,419,6,-1,99999,-1,-1,-3,-1,1,18480
3109,1566,1,227,4,-1,99999,-1,-1,-3,-1,1,18540
3110,1566,1,451,2,-1,99999,-1,-1,-3,-1,1,18540
3111,1566,1,489,8,-1,99999,-1,-1,-3,-1,1,18540
3112,1566,1,415,8,-1,99999,-1,-1,-3,-1,1,18540
3113,1567,1,469,5,-1,99999,-1,-1,-3,-1,1,18540
3114,1567,1,450,4,-1,99999,-1,-1,-3,-1,1,18540
3115,1568,1,587,10,-1,99999,-1,-1,-3,-1,1,18540
3116,1568,1,412,5,-1,99999,-1,-1,-3,-1,1,18540
3117,1569,1,576,2,-1,99999,-1,-1,-3,-1,1,18540
3118,1570,1,583,10,-1,99999,-1,-1,-3,-1,1,18540
3119,1571,1,441,11,-1,99999,-1,-1,-3,-1,1,18540
3120,1572,1,946,12,-1,99999,-1,-1,-3,-1,1,18540
3121,1573,1,734,10,-1,99999,-1,-1,-3,-1,1,18600
3122,1573,1,940,2,-1,99999,-1,-1,-3,-1,1,18600
3123,1574,1,445,2,-1,99999,-1,-1,-3,-1,1,18600
3124,1575,1,709,9,-1,99999,-1,-1,-3,-1,1,18600
3125,1575,1,542,6,-1,99999,-1,-1,-3,-1,1,18600
3126,1575,1,498,4,-1,99999,-1,-1,-3,-1,1,18600
3127,1576,1,503,7,-1,99999,-1,-1,-3,-1,1,18660
3128,1576,1,846,5,-1,99999,-1,-1,-3,-1,1,18660
3129,1576,1,428,10,-1,99999,-1,-1,-3,-1,1,18660
3130,1577,1,884,8,-1,99999,-1,-1,-3,-1,1,18660
3131,1578,1,441,6,-1,99999,-1,-1,-3,-1,1,18660
3132,1579,1,720,2,-1,99999,-1,-1,-3,-1,1,18660
3133,1580,1,540,9,-1,99999,-1,-1,-3,-1,1,18660
3134,1580,1,898,8,-1,99999,-1,-1,-3,-1,1,18660
3135,1581,1,588,9,-1,99999,-1,-1,-3,-1,1,18660
3136,1582,1,772,6,-1,99999,-1,-1,-3,-1,1,18660
3137,1582,1,504,10,-1,99999,-1,-1,-3,-1,1,18660
3138,1582,1,687,2,-1,99999,-1,-1,-3,-1,1,18660
3139,1583,1,364,7,-1,99999,-1,-1,-3,-1,1,18720
3140,1584,1,800,8,-1,99999,-1,-1,-3,-1,1,18720
3141,1585,1,512,1,-1,99999,-1,-1,-3,-1,1,18720
3142,1586,1,453,8,-1,99999,-1,-1,-3,-1,1,18720
3143,1587,1,967,5,-1,99999,-1,-1,-3,-1,1,18720
3144,1588,1,414,2,-1,99999,-1,-1,-3,-1,1,18780
3145,1588,1,509,8,-1,99999,-1,-1,-3,-1,1,18780
3146,1589,1,489,6,-1,99999,-1,-1,-3,-1,1,18840
3147,1589,1,690,6,-1,99999,-1,-1,-3,-1,1,18840
3148,1589,1,673,5,-1,99999,-1,-1,-3,-1,1,18840
3149,1590,1,516,9,-1,99999,-1,-1,-3,-1,1,18840
3150,1590,1,514,4,-1,99999,-1,-1,-3,-1,1,18840
3151,1590,1,442,10,-1,99999,-1,-1,-3,-1,1,18840
3152,1590,1,974,11,-1,99999,-1,-1,-3,-1,1,18840
3153,1591,1,521,8,-1,99999,-1,-1,-3,-1,1,18840
3154,1592,1,434,3,-1,99999,-1,-1,-3,-1,1,18840
3155,1593,1,461,7,-1,99999,-1,-1,-3,-1,1,18840
3156,1594,1,440,6,-1,99999,-1,-1,-3,-1,1,18840
3157,1595,1,936,6,-1,99999,-1,-1,-3,-1,1,18900
3158,1596,1,761,7,-1,99999,-1,-1,-3,-1,1,18900
3159,1597,1,561,12,-1,99999,-1,-1,-3,-1,1,18900
3160,1597,1,873,11,-1,99999,-1,-1,-3,-1,1,18900
3161,1597,1,916,4,-1,99999,-1,-1,-3,-1,1,18900
3162,1598,1,949,7,-1,99999,-1,-1,-3,-1,1,18900
3163,1598,1,477,2,-1,99999,-1,-1,-3,-1,1,18900
3164,1598,1,522,6,-1,99999,-1,-1,-3,-1,1,18900
3165,1598,1,409,2,-1,99999,-1,-1,-3,-1,1,18900
3166,1598,1,496,7,-1,99999,-1,-1,-3,-1,1,18900
3167,1598,1,904,11,-1,99999,-1,-1,-3,-1,1,18900
3168,1598,1,430,6,-1,99999,-1,-1,-3,-1,1,18900
3169,1599,1,754,8,-1,99999,-1,-1,-3,-1,1,18900
3170,1599,1,733,6,-1,99999,-1,-1,-3,-1,1,18900
3171,1599,1,434,2,-1,99999,-1,-1,-3,-1,1,18900
3172,1600,1,866,7,-1,99999,-1,-1,-3,-1,1,18900
3173,1600,1,436,12,-1,99999,-1,-1,-3,-1,1,18900
3174,1601,1,723,4,-1,99999,-1,-1,-3,-1,1,18960
3175,1601,1,650,5,-1,99999,-1,-1,-3,-1,1,18960
3176,1602,1,679,4,-1,99999,-1,-1,-3,-1,1,18960
3177,1603,1,332,11,-1,99999,-1,-1,-3,-1,1,18960
3178,1604,1,461,10,-1,99999,-1,-1,-3,-1,1,18960
3179,1605,1,461,12,-1,99999,-1,-1,-3,-1,1,18960
3180,1606,1,536,6,-1,99999,-1,-1,-3,-1,1,19020
3181,1606,1,584,8,-1,99999,-1,-1,-3,-1,1,19020
3182,1607,1,436,10,-1,99999,-1,-1,-3,-1,1,19020
3183,1608,1,479,11,-1,99999,-1,-1,-3,-1,1,19020
3184,1609,1,500,8,-1,99999,-1,-1,-3,-1,1,19020
3185,1610,1,284,9,-1,99999,-1,-1,-3,-1,1,19020
3186,1611,1,504,5,-1,99999,-1,-1,-3,-1,1,19020
3187,1612,1,560,5,-1,99999,-1,-1,-3,-1,1,19020
3188,1613,1,473,6,-1,99999,-1,-1,-3,-1,1,19020
3189,1614,1,759,2,-1,99999,-1,-1,-3,-1,1,19080
3190,1614,1,357,10,-1,99999,-1,-1,-3,-1,1,19080
3191,1614,1,450,6,-1,99999,-1,-1,-3,-1,1,19080
3192,1615,1,695,4,-1,99999,-1,-1,-3,-1,1,19080
3193,1615,1,482,10,-1,99999,-1,-1,-3,-1,1,19080
3194,1615,1,454,6,-1,99999,-1,-1,-3,-1,1,19080
3195,1616,1,934,10,-1,99999,-1,-1,-3,-1,1,19080
3196,1616,1,524,8,-1,99999,-1,-1,-3,-1,1,19080
3197,1616,1,496,10,-1,99999,-1,-1,-3,-1,1,19080
3198,1616,1,400,9,-1,99999,-1,-1,-3,-1,1,19080
3199,1616,1,422,4,-1,99999,-1,-1,-3,-1,1,19080
3200,1616,1,424,4,-1,99999,-1,-1,-3,-1,1,19080
3201,1616,1,444,2,-1,99999,-1,-1,-3,-1,1,19080
3202,1617,1,443,12,-1,99999,-1,-1,-3,-1,1,19140
3203,1617,1,419,4,-1,99999,-1,-1,-3,-1,1,19140
3204,1618,1,942,5,-1,99999,-1,-1,-3,-1,1,19140
3205,1618,1,409,7,-1,99999,-1,-1,-3,-1,1,19140
3206,1619,1,406,5,-1,99999,-1,-1,-3,-1,1,19140
3207,1620,1,297,8,-1,99999,-1,-1,-3,-1,1,19140
3208,1621,1,472,6,-1,99999,-1,-1,-3,-1,1,19140
3209,1621,1,476,4,-1,99999,-1,-1,-3,-1,1,19140
3210,1621,1,956,7,-1,99999,-1,-1,-3,-1,1,19140
3211,1621,1,426,6,-1,99999,-1,-1,-3,-1,1,19140
3212,1622,1,479,1,-1,99999,-1,-1,-3,-1,1,19200
3213,1622,1,451,7,-1,99999,-1,-1,-3,-1,1,19200
3214,1623,1,483,7,-1,99999,-1,-1,-3,-1,1,19200
3215,1624,1,439,6,-1,99999,-1,-1,-3,-1,1,19200
3216,1625,1,453,6,-1,99999,-1,-1,-3,-1,1,19200
3217,1626,1,516,4,-1,99999,-1,-1,-3,-1,1,19260
3218,1626,1,490,4,-1,99999,-1,-1,-3,-1,1,19260
3219,1626,1,431,10,-1,99999,-1,-1,-3,-1,1,19260
3220,1627,1,485,9,-1,99999,-1,-1,-3,-1,1,19260
3221,1628,1,445,8,-1,99999,-1,-1,-3,-1,1,19260
3222,1628,1,465,7,-1,99999,-1,-1,-3,-1,1,19260
3223,1628,1,446,4,-1,99999,-1,-1,-3,-1,1,19260
3224,1629,1,566,8,-1,99999,-1,-1,-3,-1,1,19260
3225,1629,1,500,10,-1,99999,-1,-1,-3,-1,1,19260
3226,1629,1,404,8,-1,99999,-1,-1,-3,-1,1,19260
3227,1629,1,403,6,-1,99999,-1,-1,-3,-1,1,19260
3228,1629,1,487,2,-1,99999,-1,-1,-3,-1,1,19260
3229,1629,1,464,6,-1,99999,-1,-1,-3,-1,1,19260
3230,1630,1,483,9,-1,99999,-1,-1,-3,-1,1,19260
3231,1631,1,490,2,-1,99999,-1,-1,-3,-1,1,19260
3232,1631,1,597,7,-1,99999,-1,-1,-3,-1,1,19260
3233,1632,1,531,4,-1,99999,-1,-1,-3,-1,1,19320
3234,1632,1,457,5,-1,99999,-1,-1,-3,-1,1,19320
3235,1632,1,504,9,-1,99999,-1,-1,-3,-1,1,19320
3236,1633,1,592,2,-1,99999,-1,-1,-3,-1,1,19320
3237,1633,1,447,4,-1,99999,-1,-1,-3,-1,1,19320
3238,1634,1,676,10,-1,99999,-1,-1,-3,-1,1,19320
3239,1634,1,763,4,-1,99999,-1,-1,-3,-1,1,19320
3240,1635,1,708,6,-1,99999,-1,-1,-3,-1,1,19320
3241,1635,1,954,8,-1,99999,-1,-1,-3,-1,1,19320
3242,1635,1,457,6,-1,99999,-1,-1,-3,-1,1,19320
3243,1636,1,434,3,-1,99999,-1,-1,-3,-1,1,19320
3244,1636,1,957,8,-1,99999,-1,-1,-3,-1,1,19320
3245,1637,1,869,4,-1,99999,-1,-1,-3,-1,1,19380
3246,1637,1,501,10,-1,99999,-1,-1,-3,-1,1,19380
3247,1638,1,441,8,-1,99999,-1,-1,-3,-1,1,19380
3248,1639,1,520,8,-1,99999,-1,-1,-3,-1,1,19380
3249,1639,1,473,7,-1,99999,-1,-1,-3,-1,1,19380
3250,1639,1,433,6,-1,99999,-1,-1,-3,-1,1,19380
3251,1639,1,513,5,-1,99999,-1,-1,-3,-1,1,19380
3252,1639,1,430,4,-1,99999,-1,-1,-3,-1,1,19380
3253,1639,1,506,8,-1,99999,-1,-1,-3,-1,1,19380
3254,1640,1,418,10,-1,99999,-1,-1,-3,-1,1,19440
3255,1640,1,506,7,-1,99999,-1,-1,-3,-1,1,19440
3256,1640,1,481,4,-1,99999,-1,-1,-3,-1,1,19440
3257,1641,1,476,8,-1,99999,-1,-1,-3,-1,1,19440
3258,1641,1,949,4,-1,99999,-1,-1,-3,-1,1,19440
3259,1642,1,774,10,-1,99999,-1,-1,-3,-1,1,19440
3260,1643,1,624,4,-1,99999,-1,-1,-3,-1,1,19440
3261,1643,1,522,7,-1,99999,-1,-1,-3,-1,1,19440
3262,1644,1,16,8,-1,99999,-1,-1,-3,-1,1,19440
3263,1645,1,482,7,-1,99999,-1,-1,-3,-1,1,19500
3264,1645,1,515,8,-1,99999,-1,-1,-3,-1,1,19500
3265,1645,1,420,10,-1,99999,-1,-1,-3,-1,1,19500
3266,1645,1,291,10,-1,99999,-1,-1,-3,-1,1,19500
3267,1646,1,422,6,-1,99999,-1,-1,-3,-1,1,19500
3268,1646,1,473,10,-1,99999,-1,-1,-3,-1,1,19500
3269,1646,1,821,3,-1,99999,-1,-1,-3,-1,1,19500
3270,1647,1,504,8,-1,99999,-1,-1,-3,-1,1,19500
3271,1648,1,430,8,-1,99999,-1,-1,-3,-1,1,19500
3272,1648,1,713,2,-1,99999,-1,-1,-3,-1,1,19500
3273,1649,1,974,8,-1,99999,-1,-1,-3,-1,1,19500
3274,1650,1,507,2,-1,99999,-1,-1,-3,-1,1,19500
3275,1651,1,429,6,-1,99999,-1,-1,-3,-1,1,19560
3276,1652,1,228,8,-1,99999,-1,-1,-3,-1,1,19560
3277,1652,1,521,4,-1,99999,-1,-1,-3,-1,1,19560
3278,1652,1,666,6,-1,99999,-1,-1,-3,-1,1,19560
3279,1653,1,434,7,-1,99999,-1,-1,-3,-1,1,19560
3280,1654,1,483,6,-1,99999,-1,-1,-3,-1,1,19560
3281,1654,1,10,7,-1,99999,-1,-1,-3,-1,1,19560
3282,1655,1,806,5,-1,99999,-1,-1,-3,-1,1,19560
3283,1656,1,511,12,-1,99999,-1,-1,-3,-1,1,19560
3284,1657,1,496,5,-1,99999,-1,-1,-3,-1,1,19560
3285,1657,1,437,6,-1,99999,-1,-1,-3,-1,1,19560
3286,1658,1,730,3,-1,99999,-1,-1,-3,-1,1,19620
3287,1659,1,518,10,-1,99999,-1,-1,-3,-1,1,19620
3288,1660,1,468,10,-1,99999,-1,-1,-3,-1,1,19620
3289,1661,1,445,7,-1,99999,-1,-1,-3,-1,1,19680
3290,1662,1,446,6,-1,99999,-1,-1,-3,-1,1,19680
3291,1662,1,712,10,-1,99999,-1,-1,-3,-1,1,19680
3292,1663,1,454,9,-1,99999,-1,-1,-3,-1,1,19680
3293,1664,1,521,11,-1,99999,-1,-1,-3,-1,1,19740
3294,1665,1,509,12,-1,99999,-1,-1,-3,-1,1,19740
3295,1666,1,423,8,-1,99999,-1,-1,-3,-1,1,19740
3296,1667,1,486,3,-1,99999,-1,-1,-3,-1,1,19740
3297,1668,1,558,7,-1,99999,-1,-1,-3,-1,1,19740
3298,1668,1,404,7,-1,99999,-1,-1,-3,-1,1,19740
3299,1668,1,899,7,-1,99999,-1,-1,-3,-1,1,19740
3300,1668,1,963,10,-1,99999,-1,-1,-3,-1,1,19740
3301,1669,1,832,12,-1,99999,-1,-1,-3,-1,1,19800
3302,1669,1,346,5,-1,99999,-1,-1,-3,-1,1,19800
3303,1669,1,822,12,-1,99999,-1,-1,-3,-1,1,19800
3304,1669,1,491,10,-1,99999,-1,-1,-3,-1,1,19800
3305,1670,1,914,6,-1,99999,-1,-1,-3,-1,1,19800
3306,1671,1,490,9,-1,99999,-1,-1,-3,-1,1,19800
3307,1672,1,455,6,-1,99999,-1,-1,-3,-1,1,19800
3308,1673,1,480,5,-1,99999,-1,-1,-3,-1,1,19800
3309,1674,1,453,4,-1,99999,-1,-1,-3,-1,1,19860
3310,1674,1,525,6,-1,99999,-1,-1,-3,-1,1,19860
3311,1675,1,476,12,-1,99999,-1,-1,-3,-1,1,19860
3312,1675,1,551,7,-1,99999,-1,-1,-3,-1,1,19860
3313,1675,1,539,8,-1,99999,-1,-1,-3,-1,1,19860
3314,1675,1,959,6,-1,99999,-1,-1,-3,-1,1,19860
3315,1676,1,581,6,-1,99999,-1,-1,-3,-1,1,19860
3316,1677,1,963,8,-1,99999,-1,-1,-3,-1,1,19860
3317,1678,1,513,10,-1,99999,-1,-1,-3,-1,1,19860
3318,1678,1,556,6,-1,99999,-1,-1,-3,-1,1,19860
3319,1679,1,705,6,-1,99999,-1,-1,-3,-1,1,19860
3320,1679,1,619,2,-1,99999,-1,-1,-3,-1,1,19860
3321,1680,1,493,9,-1,99999,-1,-1,-3,-1,1,19860
3322,1681,1,467,12,-1,99999,-1,-1,-3,-1,1,19920
3323,1681,1,789,10,-1,99999,-1,-1,-3,-1,1,19920
3324,1682,1,509,1,-1,99999,-1,-1,-3,-1,1,19920
3325,1682,1,464,11,-1,99999,-1,-1,-3,-1,1,19920
3326,1682,1,948,6,-1,99999,-1,-1,-3,-1,1,19920
3327,1682,1,877,6,-1,99999,-1,-1,-3,-1,1,19920
3328,1683,1,564,7,-1,99999,-1,-1,-3,-1,1,19920
3329,1683,1,874,2,-1,99999,-1,-1,-3,-1,1,19920
3330,1684,1,432,2,-1,99999,-1,-1,-3,-1,1,19920
3331,1685,1,796,12,-1,99999,-1,-1,-3,-1,1,19920
3332,1685,1,474,6,-1,99999,-1,-1,-3,-1,1,19920
3333,1686,1,412,9,-1,99999,-1,-1,-3,-1,1,19980
3334,1687,1,291,8,-1,99999,-1,-1,-3,-1,1,19980
3335,1687,1,489,6,-1,99999,-1,-1,-3,-1,1,19980
3336,1687,1,839,6,-1,99999,-1,-1,-3,-1,1,19980
3337,1688,1,750,4,-1,99999,-1,-1,-3,-1,1,19980
3338,1688,1,60,4,-1,99999,-1,-1,-3,-1,1,19980
3339,1689,1,509,8,-1,99999,-1,-1,-3,-1,1,20040
3340,1690,1,718,6,-1,99999,-1,-1,-3,-1,1,20040
3341,1690,1,431,4,-1,99999,-1,-1,-3,-1,1,20040
3342,1691,1,570,6,-1,99999,-1,-1,-3,-1,1,20040
3343,1691,1,921,6,-1,99999,-1,-1,-3,-1,1,20040
3344,1691,1,543,7,-1,99999,-1,-1,-3,-1,1,20040
3345,1692,1,409,8,-1,99999,-1,-1,-3,-1,1,20040
3346,1693,1,956,9,-1,99999,-1,-1,-3,-1,1,20040
3347,1694,1,471,7,-1,99999,-1,-1,-3,-1,1,20040
3348,1694,1,476,8,-1,99999,-1,-1,-3,-1,1,20040
3349,1694,1,457,9,-1,99999,-1,-1,-3,-1,1,20040
3350,1695,1,433,11,-1,99999,-1,-1,-3,-1,1,20100
3351,1695,1,890,5,-1,99999,-1,-1,-3,-1,1,20100
3352,1696,1,419,3,-1,99999,-1,-1,-3,-1,1,20100
3353,1697,1,407,11,-1,99999,-1,-1,-3,-1,1,20100
3354,1698,1,450,8,-1,99999,-1,-1,-3,-1,1,20100
3355,1699,1,849,1,-1,99999,-1,-1,-3,-1,1,20100
3356,1700,1,442,5,-1,99999,-1,-1,-3,-1,1,20100
3357,1701,1,472,7,-1,99999,-1,-1,-3,-1,1,20100
3358,1702,1,687,6,-1,99999,-1,-1,-3,-1,1,20100
3359,1702,1,469,8,-1,99999,-1,-1,-3,-1,1,20100
3360,1703,1,543,4,-1,99999,-1,-1,-3,-1,1,20160
3361,1703,1,113,6,-1,99999,-1,-1,-3,-1,1,20160
3362,1703,1,509,10,-1,99999,-1,-1,-3,-1,1,20160
3363,1703,1,963,8,-1,99999,-1,-1,-3,-1,1,20160
3364,1703,1,466,8,-1,99999,-1,-1,-3,-1,1,20160
3365,1703,1,442,4,-1,99999,-1,-1,-3,-1,1,20160
3366,1704,1,826,12,-1,99999,-1,-1,-3,-1,1,20160
3367,1704,1,445,2,-1,99999,-1,-1,-3,-1,1,20160
3368,1705,1,433,6,-1,99999,-1,-1,-3,-1,1,20160
3369,1706,1,364,6,-1,99999,-1,-1,-3,-1,1,20160
3370,1707,1,494,4,-1,99999,-1,-1,-3,-1,1,20160
3371,1708,1,779,10,-1,99999,-1,-1,-3,-1,1,20160
3372,1708,1,492,7,-1,99999,-1,-1,-3,-1,1,20160
3373,1708,1,483,5,-1,99999,-1,-1,-3,-1,1,20160
3374,1709,1,414,9,-1,99999,-1,-1,-3,-1,1,20160
3375,1709,1,497,8,-1,99999,-1,-1,-3,-1,1,20160
3376,1710,1,481,8,-1,99999,-1,-1,-3,-1,1,20160
3377,1710,1,512,6,-1,99999,-1,-1,-3,-1,1,20160
3378,1711,1,493,10,-1,99999,-1,-1,-3,-1,1,20220
3379,1711,1,444,8,-1,99999,-1,-1,-3,-1,1,20220
3380,1712,1,491,8,-1,99999,-1,-1,-3,-1,1,20220
3381,1712,1,500,6,-1,99999,-1,-1,-3,-1,1,20220
3382,1713,1,418,12,-1,99999,-1,-1,-3,-1,1,20220
3383,1713,1,945,4,-1,99999,-1,-1,-3,-1,1,20220
3384,1714,1,796,7,-1,99999,-1,-1,-3,-1,1,20280
3385,1714,1,588,2,-1,99999,-1,-1,-3,-1,1,20280
3386,1714,1,445,6,-1,99999,-1,-1,-3,-1,1,20280
3387,1714,1,511,12,-1,99999,-1,-1,-3,-1,1,20280
3388,1715,1,550,6,-1,99999,-1,-1,-3,-1,1,20280
3389,1716,1,416,10,-1,99999,-1,-1,-3,-1,1,20280
3390,1716,1,415,4,-1,99999,-1,-1,-3,-1,1,20280
3391,1716,1,431,10,-1,99999,-1,-1,-3,-1,1,20280
3392,1716,1,434,5,-1,99999,-1,-1,-3,-1,1,20280
3393,1717,1,550,10,-1,99999,-1,-1,-3,-1,1,20280
3394,1717,1,469,8,-1,99999,-1,-1,-3,-1,1,20280
3395,1717,1,597,4,-1,99999,-1,-1,-3,-1,1,20280
3396,1718,1,450,6,-1,99999,-1,-1,-3,-1,1,20340
3397,1719,1,445,1,-1,99999,-1,-1,-3,-1,1,20340
3398,1720,1,591,12,-1,99999,-1,-1,-3,-1,1,20340
3399,1721,1,456,5,-1,99999,-1,-1,-3,-1,1,20340
3400,1722,1,452,6,-1,99999,-1,-1,-3,-1,1,20340
3401,1723,1,781,4,-1,99999,-1,-1,-3,-1,1,20340
3402,1723,1,513,1,-1,99999,-1,-1,-3,-1,1,20340
3403,1723,1,758,4,-1,99999,-1,-1,-3,-1,1,20340
3404,1724,1,773,6,-1,99999,-1,-1,-3,-1,1,20340
3405,1724,1,796,4,-1,99999,-1,-1,-3,-1,1,20340
3406,1725,1,948,6,-1,99999,-1,-1,-3,-1,1,20400
3407,1725,1,426,8,-1,99999,-1,-1,-3,-1,1,20400
3408,1725,1,413,6,-1,99999,-1,-1,-3,-1,1,20400
3409,1725,1,512,4,-1,99999,-1,-1,-3,-1,1,20400
3410,1725,1,445,9,-1,99999,-1,-1,-3,-1,1,20400
3411,1725,1,560,2,-1,99999,-1,-1,-3,-1,1,20400
3412,1725,1,722,2,-1,99999,-1,-1,-3,-1,1,20400
3413,1726,1,553,8,-1,99999,-1,-1,-3,-1,1,20400
3414,1727,1,969,6,-1,99999,-1,-1,-3,-1,1,20400
3415,1727,1,475,6,-1,99999,-1,-1,-3,-1,1,20400
3416,1728,1,422,6,-1,99999,-1,-1,-3,-1,1,20400
3417,1728,1,762,8,-1,99999,-1,-1,-3,-1,1,20400
3418,1729,1,440,11,-1,99999,-1,-1,-3,-1,1,20400
3419,1730,1,452,6,-1,99999,-1,-1,-3,-1,1,20400
3420,1731,1,535,6,-1,99999,-1,-1,-3,-1,1,20400
3421,1731,1,898,12,-1,99999,-1,-1,-3,-1,1,20400
3422,1732,1,453,8,-1,99999,-1,-1,-3,-1,1,20460
3423,1733,1,476,2,-1,99999,-1,-1,-3,-1,1,20460
3424,1734,1,832,4,-1,99999,-1,-1,-3,-1,1,20460
3425,1734,1,483,10,-1,99999,-1,-1,-3,-1,1,20460
3426,1734,1,858,5,-1,99999,-1,-1,-3,-1,1,20460
3427,1734,1,412,8,-1,99999,-1,-1,-3,-1,1,20460
3428,1735,1,525,5,-1,99999,-1,-1,-3,-1,1,20520
3429,1735,1,683,6,-1,99999,-1,-1,-3,-1,1,20520
3430,1735,1,565,10,-1,99999,-1,-1,-3,-1,1,20520
3431,1736,1,743,10,-1,99999,-1,-1,-3,-1,1,20520
3432,1736,1,409,8,-1,99999,-1,-1,-3,-1,1,20520
3433,1736,1,897,6,-1,99999,-1,-1,-3,-1,1,20520
3434,1737,1,621,2,-1,99999,-1,-1,-3,-1,1,20580
3435,1737,1,497,10,-1,99999,-1,-1,-3,-1,1,20580
3436,1737,1,434,2,-1,99999,-1,-1,-3,-1,1,20580
3437,1738,1,422,12,-1,99999,-1,-1,-3,-1,1,20580
3438,1738,1,495,6,-1,99999,-1,-1,-3,-1,1,20580
3439,1739,1,955,2,-1,99999,-1,-1,-3,-1,1,20580
3440,1739,1,814,8,-1,99999,-1,-1,-3,-1,1,20580
3441,1740,1,499,4,-1,99999,-1,-1,-3,-1,1,20580
3442,1740,1,449,7,-1,99999,-1,-1,-3,-1,1,20580
3443,1741,1,893,10,-1,99999,-1,-1,-3,-1,1,20580
3444,1741,1,229,8,-1,99999,-1,-1,-3,-1,1,20580
3445,1742,1,512,2,-1,99999,-1,-1,-3,-1,1,20580
3446,1742,1,491,8,-1,99999,-1,-1,-3,-1,1,20580
3447,1743,1,439,9,-1,99999,-1,-1,-3,-1,1,20640
3448,1744,1,454,6,-1,99999,-1,-1,-3,-1,1,20640
3449,1745,1,754,10,-1,99999,-1,-1,-3,-1,1,20640
3450,1746,1,436,4,-1,99999,-1,-1,-3,-1,1,20700
3451,1747,1,518,7,-1,99999,-1,-1,-3,-1,1,20700
3452,1747,1,670,6,-1,99999,-1,-1,-3,-1,1,20700
3453,1747,1,452,10,-1,99999,-1,-1,-3,-1,1,20700
3454,1747,1,442,6,-1,99999,-1,-1,-3,-1,1,20700
3455,1747,1,744,6,-1,99999,-1,-1,-3,-1,1,20700
3456,1747,1,655,4,-1,99999,-1,-1,-3,-1,1,20700
3457,1748,1,670,7,-1,99999,-1,-1,-3,-1,1,20760
3458,1749,1,845,10,-1,99999,-1,-1,-3,-1,1,20760
3459,1749,1,790,2,-1,99999,-1,-1,-3,-1,1,20760
3460,1750,1,473,5,-1,99999,-1,-1,-3,-1,1,20820
3461,1751,1,487,3,-1,99999,-1,-1,-3,-1,1,20820
3462,1752,1,459,6,-1,99999,-1,-1,-3,-1,1,20880
3463,1753,1,513,8,-1,99999,-1,-1,-3,-1,1,20880
3464,1753,1,153,8,-1,99999,-1,-1,-3,-1,1,20880
3465,1753,1,507,10,-1,99999,-1,-1,-3,-1,1,20880
3466,1754,1,460,11,-1,99999,-1,-1,-3,-1,1,20880
3467,1754,1,789,2,-1,99999,-1,-1,-3,-1,1,20880
3468,1754,1,151,6,-1,99999,-1,-1,-3,-1,1,20880
3469,1754,1,444,6,-1,99999,-1,-1,-3,-1,1,20880
3470,1754,1,580,6,-1,99999,-1,-1,-3,-1,1,20880
3471,1755,1,914,8,-1,99999,-1,-1,-3,-1,1,20880
3472,1756,1,675,5,-1,99999,-1,-1,-3,-1,1,20880
3473,1757,1,894,8,-1,99999,-1,-1,-3,-1,1,20880
3474,1757,1,87,5,-1,99999,-1,-1,-3,-1,1,20880
3475,1757,1,503,6,-1,99999,-1,-1,-3,-1,1,20880
3476,1757,1,513,12,-1,99999,-1,-1,-3,-1,1,20880
3477,1757,1,819,5,-1,99999,-1,-1,-3,-1,1,20880
3478,1757,1,426,5,-1,99999,-1,-1,-3,-1,1,20880
3479,1757,1,437,6,-1,99999,-1,-1,-3,-1,1,20880
3480,1758,1,666,12,-1,99999,-1,-1,-3,-1,1,20940
3481,1759,1,510,9,-1,99999,-1,-1,-3,-1,1,20940
3482,1759,1,432,5,-1,99999,-1,-1,-3,-1,1,20940
3483,1760,1,449,8,-1,99999,-1,-1,-3,-1,1,20940
3484,1761,1,431,12,-1,99999,-1,-1,-3,-1,1,20940
3485,1761,1,498,4,-1,99999,-1,-1,-3,-1,1,20940
3486,1762,1,603,8,-1,99999,-1,-1,-3,-1,1,20940
3487,1763,1,510,9,-1,99999,-1,-1,-3,-1,1,20940
3488,1763,1,453,9,-1,99999,-1,-1,-3,-1,1,20940
3489,1764,1,447,4,-1,99999,-1,-1,-3,-1,1,20940
3490,1764,1,413,4,-1,99999,-1,-1,-3,-1,1,20940
3491,1764,1,406,7,-1,99999,-1,-1,-3,-1,1,20940
3492,1764,1,674,4,-1,99999,-1,-1,-3,-1,1,20940
3493,1765,1,811,12,-1,99999,-1,-1,-3,-1,1,20940
3494,1766,1,759,8,-1,99999,-1,-1,-3,-1,1,21000
3495,1767,1,514,11,-1,99999,-1,-1,-3,-1,1,21000
3496,1767,1,435,5,-1,99999,-1,-1,-3,-1,1,21000
3497,1767,1,490,7,-1,99999,-1,-1,-3,-1,1,21000
3498,1767,1,722,6,-1,99999,-1,-1,-3,-1,1,21000
3499,1767,1,599,8,-1,99999,-1,-1,-3,-1,1,21000
3500,1767,1,86,8,-1,99999,-1,-1,-3,-1,1,21000
3501,1768,1,519,10,-1,99999,-1,-1,-3,-1,1,21000
3502,1768,1,506,2,-1,99999,-1,-1,-3,-1,1,21000
3503,1769,1,347,11,-1,99999,-1,-1,-3,-1,1,21060
3504,1770,1,497,12,-1,99999,-1,-1,-3,-1,1,21060
3505,1770,1,959,8,-1,99999,-1,-1,-3,-1,1,21060
3506,1770,1,803,11,-1,99999,-1,-1,-3,-1,1,21060
3507,1771,1,465,2,-1,99999,-1,-1,-3,-1,1,21060
3508,1771,1,447,2,-1,99999,-1,-1,-3,-1,1,21060
3509,1772,1,758,10,-1,99999,-1,-1,-3,-1,1,21060
3510,1773,1,443,6,-1,99999,-1,-1,-3,-1,1,21060
3511,1773,1,484,8,-1,99999,-1,-1,-3,-1,1,21060
3512,1773,1,765,10,-1,99999,-1,-1,-3,-1,1,21060
3513,1773,1,693,4,-1,99999,-1,-1,-3,-1,1,21060
3514,1773,1,471,8,-1,99999,-1,-1,-3,-1,1,21060
3515,1774,1,3,8,-1,99999,-1,-1,-3,-1,1,21120
3516,1774,1,841,4,-1,99999,-1,-1,-3,-1,1,21120
3517,1774,1,611,3,-1,99999,-1,-1,-3,-1,1,21120
3518,1774,1,519,4,-1,99999,-1,-1,-3,-1,1,21120
3519,1774,1,503,4,-1,99999,-1,-1,-3,-1,1,21120
3520,1774,1,455,2,-1,99999,-1,-1,-3,-1,1,21120
3521,1775,1,445,5,-1,99999,-1,-1,-3,-1,1,21120
3522,1776,1,434,8,-1,99999,-1,-1,-3,-1,1,21120
3523,1776,1,476,10,-1,99999,-1,-1,-3,-1,1,21120
3524,1777,1,644,9,-1,99999,-1,-1,-3,-1,1,21120
3525,1777,1,439,8,-1,99999,-1,-1,-3,-1,1,21120
3526,1777,1,431,8,-1,99999,-1,-1,-3,-1,1,21120
3527,1778,1,241,4,-1,99999,-1,-1,-3,-1,1,21120
3528,1779,1,517,10,-1,99999,-1,-1,-3,-1,1,21120
3529,1780,1,560,4,-1,99999,-1,-1,-3,-1,1,21180
3530,1780,1,477,6,-1,99999,-1,-1,-3,-1,1,21180
3531,1781,1,486,10,-1,99999,-1,-1,-3,-1,1,21180
3532,1781,1,962,7,-1,99999,-1,-1,-3,-1,1,21180
3533,1781,1,836,9,-1,99999,-1,-1,-3,-1,1,21180
3534,1781,1,766,7,-1,99999,-1,-1,-3,-1,1,21180
3535,1781,1,701,8,-1,99999,-1,-1,-3,-1,1,21180
3536,1781,1,625,10,-1,99999,-1,-1,-3,-1,1,21180
3537,1782,1,517,6,-1,99999,-1,-1,-3,-1,1,21180
3538,1783,1,495,4,-1,99999,-1,-1,-3,-1,1,21180
3539,1783,1,683,12,-1,99999,-1,-1,-3,-1,1,21180
3540,1784,1,470,1,-1,99999,-1,-1,-3,-1,1,21180
3541,1784,1,403,5,-1,99999,-1,-1,-3,-1,1,21180
3542,1785,1,471,8,-1,99999,-1,-1,-3,-1,1,21240
3543,1786,1,533,7,-1,99999,-1,-1,-3,-1,1,21240
3544,1787,1,422,9,-1,99999,-1,-1,-3,-1,1,21240
3545,1788,1,466,8,-1,99999,-1,-1,-3,-1,1,21240
3546,1788,1,468,1,-1,99999,-1,-1,-3,-1,1,21240
3547,1789,1,636,8,-1,99999,-1,-1,-3,-1,1,21240
3548,1789,1,408,9,-1,99999,-1,-1,-3,-1,1,21240
3549,1789,1,514,7,-1,99999,-1,-1,-3,-1,1,21240
3550,1789,1,450,8,-1,99999,-1,-1,-3,-1,1,21240
3551,1790,1,489,4,-1,99999,-1,-1,-3,-1,1,21240
3552,1790,1,464,8,-1,99999,-1,-1,-3,-1,1,21240
3553,1790,1,461,9,-1,99999,-1,-1,-3,-1,1,21240
3554,1791,1,291,7,-1,99999,-1,-1,-3,-1,1,21300
3555,1791,1,501,6,-1,99999,-1,-1,-3,-1,1,21300
3556,1792,1,511,2,-1,99999,-1,-1,-3,-1,1,21300
3557,1792,1,135,10,-1,99999,-1,-1,-3,-1,1,21300
3558,1793,1,423,6,-1,99999,-1,-1,-3,-1,1,21300
3559,1794,1,440,8,-1,99999,-1,-1,-3,-1,1,21420
3560,1794,1,462,4,-1,99999,-1,-1,-3,-1,1,21420
3561,1795,1,457,8,-1,99999,-1,-1,-3,-1,1,21420
3562,1795,1,498,8,-1,99999,-1,-1,-3,-1,1,21420
3563,1795,1,572,8,-1,99999,-1,-1,-3,-1,1,21420
3564,1796,1,778,2,-1,99999,-1,-1,-3,-1,1,21420
3565,1797,1,811,3,-1,99999,-1,-1,-3,-1,1,21420
3566,1798,1,429,10,-1,99999,-1,-1,-3,-1,1,21420
3567,1799,1,593,6,-1,99999,-1,-1,-3,-1,1,21420
3568,1799,1,190,5,-1,99999,-1,-1,-3,-1,1,21420
3569,1799,1,904,6,-1,99999,-1,-1,-3,-1,1,21420
3570,1799,1,462,10,-1,99999,-1,-1,-3,-1,1,21420
3571,1800,1,46,2,-1,99999,-1,-1,-3,-1,1,21480
3572,1800,1,418,2,-1,99999,-1,-1,-3,-1,1,21480
3573,1800,1,549,8,-1,99999,-1,-1,-3,-1,1,21480
3574,1800,1,516,8,-1,99999,-1,-1,-3,-1,1,21480
3575,1800,1,731,7,-1,99999,-1,-1,-3,-1,1,21480
3576,1800,1,750,1,-1,99999,-1,-1,-3,-1,1,21480
3577,1800,1,669,7,-1,99999,-1,-1,-3,-1,1,21480
3578,1800,1,408,10,-1,99999,-1,-1,-3,-1,1,21480
3579,1800,1,867,8,-1,99999,-1,-1,-3,-1,1,21480
3580,1800,1,401,6,-1,99999,-1,-1,-3,-1,1,21480
3581,1801,1,942,9,-1,99999,-1,-1,-3,-1,1,21480
3582,1801,1,855,2,-1,99999,-1,-1,-3,-1,1,21480
3583,1802,1,521,2,-1,99999,-1,-1,-3,-1,1,21480
3584,1802,1,473,6,-1,99999,-1,-1,-3,-1,1,21480
3585,1803,1,423,4,-1,99999,-1,-1,-3,-1,1,21480
3586,1804,1,957,4,-1,99999,-1,-1,-3,-1,1,21480
3587,1804,1,483,11,-1,99999,-1,-1,-3,-1,1,21480
3588,1805,1,453,6,-1,99999,-1,-1,-3,-1,1,21480
3589,1805,1,469,12,-1,99999,-1,-1,-3,-1,1,21480
3590,1806,1,861,6,-1,99999,-1,-1,-3,-1,1,21540
3591,1806,1,772,10,-1,99999,-1,-1,-3,-1,1,21540
3592,1806,1,403,4,-1,99999,-1,-1,-3,-1,1,21540
3593,1806,1,729,9,-1,99999,-1,-1,-3,-1,1,21540
3594,1807,1,521,2,-1,99999,-1,-1,-3,-1,1,21540
3595,1807,1,473,6,-1,99999,-1,-1,-3,-1,1,21540
3596,1807,1,141,6,-1,99999,-1,-1,-3,-1,1,21540
3597,1808,1,443,9,-1,99999,-1,-1,-3,-1,1,21540
3598,1808,1,431,7,-1,99999,-1,-1,-3,-1,1,21540
3599,1809,1,39,6,-1,99999,-1,-1,-3,-1,1,21540
3600,1810,1,438,7,-1,99999,-1,-1,-3,-1,1,21540
3601,1810,1,691,9,-1,99999,-1,-1,-3,-1,1,21540
3602,1811,1,882,2,-1,99999,-1,-1,-3,-1,1,21540
3603,1812,1,757,8,-1,99999,-1,-1,-3,-1,1,21600
3604,1813,1,448,5,-1,99999,-1,-1,-3,-1,1,21600
3605,1814,1,442,10,-1,99999,-1,-1,-3,-1,1,21600
3606,1815,1,509,6,-1,99999,-1,-1,-3,-1,1,21600
3607,1816,1,418,8,-1,99999,-1,-1,-3,-1,1,21660
3608,1816,1,558,10,-1,99999,-1,-1,-3,-1,1,21660
3609,1816,1,542,10,-1,99999,-1,-1,-3,-1,1,21660
3610,1816,1,818,6,-1,99999,-1,-1,-3,-1,1,21660
3611,1816,1,504,4,-1,99999,-1,-1,-3,-1,1,21660
3612,1817,1,705,7,-1,99999,-1,-1,-3,-1,1,21660
3613,1818,1,519,6,-1,99999,-1,-1,-3,-1,1,21660
3614,1818,1,808,10,-1,99999,-1,-1,-3,-1,1,21660
3615,1818,1,445,10,-1,99999,-1,-1,-3,-1,1,21660
3616,1818,1,831,8,-1,99999,-1,-1,-3,-1,1,21660
3617,1819,1,496,4,-1,99999,-1,-1,-3,-1,1,21660
3618,1819,1,486,7,-1,99999,-1,-1,-3,-1,1,21660
3619,1820,1,85,4,-1,99999,-1,-1,-3,-1,1,21660
3620,1821,1,832,8,-1,99999,-1,-1,-3,-1,1,21660
3621,1821,1,491,4,-1,99999,-1,-1,-3,-1,1,21660
3622,1822,1,775,5,-1,99999,-1,-1,-3,-1,1,21660
3623,1822,1,578,6,-1,99999,-1,-1,-3,-1,1,21660
3624,1822,1,163,4,-1,99999,-1,-1,-3,-1,1,21660
3625,1823,1,463,10,-1,99999,-1,-1,-3,-1,1,21720
3626,1824,1,769,6,-1,99999,-1,-1,-3,-1,1,21720
3627,1825,1,463,2,-1,99999,-1,-1,-3,-1,1,21720
3628,1825,1,407,5,-1,99999,-1,-1,-3,-1,1,21720
3629,1825,1,671,3,-1,99999,-1,-1,-3,-1,1,21720
3630,1826,1,501,4,-1,99999,-1,-1,-3,-1,1,21720
3631,1826,1,454,4,-1,99999,-1,-1,-3,-1,1,21720
3632,1827,1,419,10,-1,99999,-1,-1,-3,-1,1,21720
3633,1827,1,916,10,-1,99999,-1,-1,-3,-1,1,21720
3634,1828,1,501,12,-1,99999,-1,-1,-3,-1,1,21720
3635,1828,1,475,6,-1,99999,-1,-1,-3,-1,1,21720
3636,1828,1,180,8,-1,99999,-1,-1,-3,-1,1,21720
3637,1829,1,562,2,-1,99999,-1,-1,-3,-1,1,21720
3638,1829,1,462,10,-1,99999,-1,-1,-3,-1,1,21720
3639,1830,1,456,11,-1,99999,-1,-1,-3,-1,1,21720
3640,1831,1,678,4,-1,99999,-1,-1,-3,-1,1,21780
3641,1831,1,405,6,-1,99999,-1,-1,-3,-1,1,21780
3642,1832,1,855,7,-1,99999,-1,-1,-3,-1,1,21780
3643,1832,1,454,6,-1,99999,-1,-1,-3,-1,1,21780
3644,1833,1,484,4,-1,99999,-1,-1,-3,-1,1,21780
3645,1833,1,517,8,-1,99999,-1,-1,-3,-1,1,21780
3646,1834,1,423,10,-1,99999,-1,-1,-3,-1,1,21780
3647,1835,1,464,3,-1,99999,-1,-1,-3,-1,1,21840
3648,1836,1,444,7,-1,99999,-1,-1,-3,-1,1,21840
3649,1836,1,565,8,-1,99999,-1,-1,-3,-1,1,21840
3650,1836,1,429,2,-1,99999,-1,-1,-3,-1,1,21840
3651,1836,1,425,6,-1,99999,-1,-1,-3,-1,1,21840
3652,1836,1,542,8,-1,99999,-1,-1,-3,-1,1,21840
3653,1836,1,451,9,-1,99999,-1,-1,-3,-1,1,21840
3654,1836,1,426,10,-1,99999,-1,-1,-3,-1,1,21840
3655,1837,1,695,8,-1,99999,-1,-1,-3,-1,1,21840
3656,1838,1,503,4,-1,99999,-1,-1,-3,-1,1,21900
3657,1838,1,452,10,-1,99999,-1,-1,-3,-1,1,21900
3658,1839,1,467,10,-1,99999,-1,-1,-3,-1,1,21900
3659,1840,1,487,4,-1,99999,-1,-1,-3,-1,1,21900
3660,1840,1,421,9,-1,99999,-1,-1,-3,-1,1,21900
3661,1840,1,747,8,-1,99999,-1,-1,-3,-1,1,21900
3662,1841,1,443,2,-1,99999,-1,-1,-3,-1,1,21900
3663,1841,1,515,1,-1,99999,-1,-1,-3,-1,1,21900
3664,1842,1,507,8,-1,99999,-1,-1,-3,-1,1,21900
3665,1843,1,475,8,-1,99999,-1,-1,-3,-1,1,21960
3666,1843,1,501,10,-1,99999,-1,-1,-3,-1,1,21960
3667,1843,1,424,2,-1,99999,-1,-1,-3,-1,1,21960
3668,1843,1,467,6,-1,99999,-1,-1,-3,-1,1,21960
3669,1843,1,489,12,-1,99999,-1,-1,-3,-1,1,21960
3670,1843,1,455,11,-1,99999,-1,-1,-3,-1,1,21960
3671,1843,1,605,8,-1,99999,-1,-1,-3,-1,1,21960
3672,1844,1,943,6,-1,99999,-1,-1,-3,-1,1,21960
3673,1845,1,913,4,-1,99999,-1,-1,-3,-1,1,22020
3674,1845,1,533,10,-1,99999,-1,-1,-3,-1,1,22020
3675,1845,1,292,3,-1,99999,-1,-1,-3,-1,1,22020
3676,1845,1,484,12,-1,99999,-1,-1,-3,-1,1,22020
3677,1846,1,482,4,-1,99999,-1,-1,-3,-1,1,22020
3678,1847,1,491,4,-1,99999,-1,-1,-3,-1,1,22020
3679,1848,1,473,2,-1,99999,-1,-1,-3,-1,1,22020
3680,1849,1,446,9,-1,99999,-1,-1,-3,-1,1,22020
3681,1850,1,727,8,-1,99999,-1,-1,-3,-1,1,22020
3682,1850,1,904,9,-1,99999,-1,-1,-3,-1,1,22020
3683,1851,1,891,7,-1,99999,-1,-1,-3,-1,1,22020
3684,1852,1,522,5,-1,99999,-1,-1,-3,-1,1,22080
3685,1853,1,589,4,-1,99999,-1,-1,-3,-1,1,22080
3686,1853,1,558,4,-1,99999,-1,-1,-3,-1,1,22080
3687,1854,1,508,2,-1,99999,-1,-1,-3,-1,1,22080
3688,1855,1,718,2,-1,99999,-1,-1,-3,-1,1,22080
3689,1856,1,516,6,-1,99999,-1,-1,-3,-1,1,22140
3690,1856,1,698,12,-1,99999,-1,-1,-3,-1,1,22140
3691,1856,1,276,4,-1,99999,-1,-1,-3,-1,1,22140
3692,1856,1,460,2,-1,99999,-1,-1,-3,-1,1,22140
3693,1857,1,839,11,-1,99999,-1,-1,-3,-1,1,22140
3694,1858,1,411,10,-1,99999,-1,-1,-3,-1,1,22140
3695,1859,1,426,7,-1,99999,-1,-1,-3,-1,1,22140
3696,1859,1,548,4,-1,99999,-1,-1,-3,-1,1,22140
3697,1860,1,463,12,-1,99999,-1,-1,-3,-1,1,22200
3698,1861,1,524,6,-1,99999,-1,-1,-3,-1,1,22200
3699,1861,1,493,5,-1,99999,-1,-1,-3,-1,1,22200
3700,1862,1,511,6,-1,99999,-1,-1,-3,-1,1,22200
3701,1863,1,557,2,-1,99999,-1,-1,-3,-1,1,22200
3702,1864,1,440,10,-1,99999,-1,-1,-3,-1,1,22200
3703,1864,1,482,9,-1,99999,-1,-1,-3,-1,1,22200
3704,1865,1,507,6,-1,99999,-1,-1,-3,-1,1,22260
3705,1866,1,404,10,-1,99999,-1,-1,-3,-1,1,22260
3706,1867,1,780,10,-1,99999,-1,-1,-3,-1,1,22260
3707,1868,1,732,7,-1,99999,-1,-1,-3,-1,1,22260
3708,1868,1,447,1,-1,99999,-1,-1,-3,-1,1,22260
3709,1868,1,844,10,-1,99999,-1,-1,-3,-1,1,22260
3710,1868,1,516,10,-1,99999,-1,-1,-3,-1,1,22260
3711,1868,1,756,8,-1,99999,-1,-1,-3,-1,1,22260
3712,1869,1,696,4,-1,99999,-1,-1,-3,-1,1,22260
3713,1870,1,485,9,-1,99999,-1,-1,-3,-1,1,22320
3714,1870,1,527,10,-1,99999,-1,-1,-3,-1,1,22320
3715,1870,1,515,3,-1,99999,-1,-1,-3,-1,1,22320
3716,1870,1,503,8,-1,99999,-1,-1,-3,-1,1,22320
3717,1870,1,728,9,-1,99999,-1,-1,-3,-1,1,22320
3718,1870,1,450,2,-1,99999,-1,-1,-3,-1,1,22320
3719,1870,1,463,7,-1,99999,-1,-1,-3,-1,1,22320
3720,1871,1,524,8,-1,99999,-1,-1,-3,-1,1,22320
3721,1872,1,856,10,-1,99999,-1,-1,-3,-1,1,22320
3722,1873,1,521,4,-1,99999,-1,-1,-3,-1,1,22320
3723,1874,1,768,9,-1,99999,-1,-1,-3,-1,1,22320
3724,1875,1,496,5,-1,99999,-1,-1,-3,-1,1,22320
3725,1875,1,404,9,-1,99999,-1,-1,-3,-1,1,22320
3726,1875,1,469,3,-1,99999,-1,-1,-3,-1,1,22320
3727,1875,1,461,8,-1,99999,-1,-1,-3,-1,1,22320
3728,1875,1,400,4,-1,99999,-1,-1,-3,-1,1,22320
3729,1876,1,507,3,-1,99999,-1,-1,-3,-1,1,22380
3730,1877,1,429,4,-1,99999,-1,-1,-3,-1,1,22380
3731,1877,1,299,8,-1,99999,-1,-1,-3,-1,1,22380
3732,1878,1,910,11,-1,99999,-1,-1,-3,-1,1,22380
3733,1879,1,595,8,-1,99999,-1,-1,-3,-1,1,22380
3734,1879,1,509,8,-1,99999,-1,-1,-3,-1,1,22380
3735,1879,1,508,7,-1,99999,-1,-1,-3,-1,1,22380
3736,1880,1,36,8,-1,99999,-1,-1,-3,-1,1,22380
3737,1880,1,412,5,-1,99999,-1,-1,-3,-1,1,22380
3738,1881,1,469,5,-1,99999,-1,-1,-3,-1,1,22380
3739,1881,1,485,3,-1,99999,-1,-1,-3,-1,1,22380
3740,1882,1,501,9,-1,99999,-1,-1,-3,-1,1,22440
3741,1882,1,410,7,-1,99999,-1,-1,-3,-1,1,22440
3742,1882,1,480,4,-1,99999,-1,-1,-3,-1,1,22440
3743,1882,1,923,5,-1,99999,-1,-1,-3,-1,1,22440
3744,1882,1,578,8,-1,99999,-1,-1,-3,-1,1,22440
3745,1882,1,423,5,-1,99999,-1,-1,-3,-1,1,22440
3746,1882,1,674,9,-1,99999,-1,-1,-3,-1,1,22440
3747,1882,1,460,7,-1,99999,-1,-1,-3,-1,1,22440
3748,1883,1,477,6,-1,99999,-1,-1,-3,-1,1,22440
3749,1883,1,523,6,-1,99999,-1,-1,-3,-1,1,22440
3750,1883,1,315,2,-1,99999,-1,-1,-3,-1,1,22440
3751,1883,1,474,4,-1,99999,-1,-1,-3,-1,1,22440
3752,1883,1,546,8,-1,99999,-1,-1,-3,-1,1,22440
3753,1883,1,458,2,-1,99999,-1,-1,-3,-1,1,22440
3754,1884,1,678,7,-1,99999,-1,-1,-3,-1,1,22440
3755,1885,1,458,6,-1,99999,-1,-1,-3,-1,1,22440
3756,1885,1,911,9,-1,99999,-1,-1,-3,-1,1,22440
3757,1886,1,432,5,-1,99999,-1,-1,-3,-1,1,22440
3758,1886,1,461,8,-1,99999,-1,-1,-3,-1,1,22440
3759,1886,1,516,5,-1,99999,-1,-1,-3,-1,1,22440
3760,1887,1,469,7,-1,99999,-1,-1,-3,-1,1,22440
3761,1887,1,471,6,-1,99999,-1,-1,-3,-1,1,22440
3762,1888,1,410,4,-1,99999,-1,-1,-3,-1,1,22500
3763,1889,1,623,12,-1,99999,-1,-1,-3,-1,1,22500
3764,1890,1,418,6,-1,99999,-1,-1,-3,-1,1,22500
3765,1890,1,523,8,-1,99999,-1,-1,-3,-1,1,22500
3766,1890,1,433,7,-1,99999,-1,-1,-3,-1,1,22500
3767,1891,1,429,9,-1,99999,-1,-1,-3,-1,1,22500
3768,1891,1,498,8,-1,99999,-1,-1,-3,-1,1,22500
3769,1892,1,398,10,-1,99999,-1,-1,-3,-1,1,22500
3770,1893,1,924,6,-1,99999,-1,-1,-3,-1,1,22500
3771,1893,1,473,5,-1,99999,-1,-1,-3,-1,1,22500
3772,1893,1,416,8,-1,99999,-1,-1,-3,-1,1,22500
3773,1894,1,735,1,-1,99999,-1,-1,-3,-1,1,22500
3774,1894,1,61,6,-1,99999,-1,-1,-3,-1,1,22500
3775,1894,1,930,2,-1,99999,-1,-1,-3,-1,1,22500
3776,1894,1,478,4,-1,99999,-1,-1,-3,-1,1,22500
3777,1894,1,500,10,-1,99999,-1,-1,-3,-1,1,22500
3778,1895,1,495,10,-1,99999,-1,-1,-3,-1,1,22560
3779,1895,1,928,4,-1,99999,-1,-1,-3,-1,1,22560
3780,1895,1,434,10,-1,99999,-1,-1,-3,-1,1,22560
3781,1895,1,420,10,-1,99999,-1,-1,-3,-1,1,22560
3782,1896,1,418,8,-1,99999,-1,-1,-3,-1,1,22560
3783,1897,1,937,10,-1,99999,-1,-1,-3,-1,1,22560
3784,1898,1,470,6,-1,99999,-1,-1,-3,-1,1,22560
3785,1898,1,471,4,-1,99999,-1,-1,-3,-1,1,22560
3786,1899,1,499,2,-1,99999,-1,-1,-3,-1,1,22620
3787,1900,1,452,5,-1,99999,-1,-1,-3,-1,1,22620
3788,1901,1,504,5,-1,99999,-1,-1,-3,-1,1,22620
3789,1902,1,437,6,-1,99999,-1,-1,-3,-1,1,22680
3790,1902,1,521,9,-1,99999,-1,-1,-3,-1,1,22680
3791,1903,1,448,11,-1,99999,-1,-1,-3,-1,1,22680
3792,1903,1,459,12,-1,99999,-1,-1,-3,-1,1,22680
3793,1903,1,467,2,-1,99999,-1,-1,-3,-1,1,22680
3794,1904,1,930,4,-1,99999,-1,-1,-3,-1,1,22740
3795,1905,1,491,8,-1,99999,-1,-1,-3,-1,1,22740
3796,1906,1,423,6,-1,99999,-1,-1,-3,-1,1,22740
3797,1907,1,506,3,-1,99999,-1,-1,-3,-1,1,22740
3798,1908,1,836,7,-1,99999,-1,-1,-3,-1,1,22740
3799,1908,1,858,6,-1,99999,-1,-1,-3,-1,1,22740
3800,1909,1,408,4,-1,99999,-1,-1,-3,-1,1,22800
3801,1909,1,506,3,-1,99999,-1,-1,-3,-1,1,22800
3802,1909,1,683,8,-1,99999,-1,-1,-3,-1,1,22800
3803,1910,1,918,4,-1,99999,-1,-1,-3,-1,1,22800
3804,1910,1,441,8,-1,99999,-1,-1,-3,-1,1,22800
3805,1911,1,486,4,-1,99999,-1,-1,-3,-1,1,22800
3806,1911,1,525,8,-1,99999,-1,-1,-3,-1,1,22800
3807,1912,1,419,11,-1,99999,-1,-1,-3,-1,1,22800
3808,1913,1,624,5,-1,99999,-1,-1,-3,-1,1,22800
3809,1914,1,538,8,-1,99999,-1,-1,-3,-1,1,22800
3810,1915,1,501,4,-1,99999,-1,-1,-3,-1,1,22800
3811,1916,1,472,6,-1,99999,-1,-1,-3,-1,1,22860
3812,1917,1,408,2,-1,99999,-1,-1,-3,-1,1,22860
3813,1917,1,802,5,-1,99999,-1,-1,-3,-1,1,22860
3814,1917,1,443,7,-1,99999,-1,-1,-3,-1,1,22860
3815,1917,1,955,7,-1,99999,-1,-1,-3,-1,1,22860
3816,1917,1,453,9,-1,99999,-1,-1,-3,-1,1,22860
3817,1917,1,427,6,-1,99999,-1,-1,-3,-1,1,22860
3818,1918,1,447,6,-1,99999,-1,-1,-3,-1,1,22860
3819,1918,1,438,4,-1,99999,-1,-1,-3,-1,1,22860
3820,1919,1,416,9,-1,99999,-1,-1,-3,-1,1,22860
3821,1919,1,535,4,-1,99999,-1,-1,-3,-1,1,22860
3822,1920,1,269,9,-1,99999,-1,-1,-3,-1,1,22860
3823,1920,1,446,9,-1,99999,-1,-1,-3,-1,1,22860
3824,1921,1,475,8,-1,99999,-1,-1,-3,-1,1,22920
3825,1921,1,538,4,-1,99999,-1,-1,-3,-1,1,22920
3826,1922,1,457,2,-1,99999,-1,-1,-3,-1,1,22920
3827,1922,1,440,10,-1,99999,-1,-1,-3,-1,1,22920
3828,1923,1,721,5,-1,99999,-1,-1,-3,-1,1,22920
3829,1924,1,469,2,-1,99999,-1,-1,-3,-1,1,22980
3830,1925,1,947,6,-1,99999,-1,-1,-3,-1,1,22980
3831,1926,1,522,1,-1,99999,-1,-1,-3,-1,1,22980
3832,1927,1,519,3,-1,99999,-1,-1,-3,-1,1,22980
3833,1928,1,572,4,-1,99999,-1,-1,-3,-1,1,22980
3834,1929,1,427,7,-1,99999,-1,-1,-3,-1,1,22980
3835,1929,1,470,12,-1,99999,-1,-1,-3,-1,1,22980
3836,1929,1,424,8,-1,99999,-1,-1,-3,-1,1,22980
3837,1930,1,849,10,-1,99999,-1,-1,-3,-1,1,22980
3838,1930,1,626,5,-1,99999,-1,-1,-3,-1,1,22980
3839,1930,1,480,5,-1,99999,-1,-1,-3,-1,1,22980
3840,1930,1,494,8,-1,99999,-1,-1,-3,-1,1,22980
3841,1931,1,725,5,-1,99999,-1,-1,-3,-1,1,22980
3842,1932,1,664,4,-1,99999,-1,-1,-3,-1,1,23040
3843,1933,1,526,3,-1,99999,-1,-1,-3,-1,1,23040
3844,1934,1,622,6,-1,99999,-1,-1,-3,-1,1,23040
3845,1934,1,672,2,-1,99999,-1,-1,-3,-1,1,23040
3846,1935,1,686,5,-1,99999,-1,-1,-3,-1,1,23040
3847,1935,1,300,6,-1,99999,-1,-1,-3,-1,1,23040
3848,1936,1,411,5,-1,99999,-1,-1,-3,-1,1,23040
3849,1936,1,645,2,-1,99999,-1,-1,-3,-1,1,23040
3850,1936,1,446,7,-1,99999,-1,-1,-3,-1,1,23040
3851,1936,1,406,6,-1,99999,-1,-1,-3,-1,1,23040
3852,1937,1,184,4,-1,99999,-1,-1,-3,-1,1,23040
3853,1937,1,499,6,-1,99999,-1,-1,-3,-1,1,23040
3854,1938,1,405,12,-1,99999,-1,-1,-3,-1,1,23100
3855,1938,1,825,9,-1,99999,-1,-1,-3,-1,1,23100
3856,1939,1,888,5,-1,99999,-1,-1,-3,-1,1,23100
3857,1939,1,960,7,-1,99999,-1,-1,-3,-1,1,23100
3858,1940,1,444,10,-1,99999,-1,-1,-3,-1,1,23160
3859,1940,1,822,9,-1,99999,-1,-1,-3,-1,1,23160
3860,1941,1,520,10,-1,99999,-1,-1,-3,-1,1,23160
3861,1941,1,670,5,-1,99999,-1,-1,-3,-1,1,23160
3862,1942,1,410,2,-1,99999,-1,-1,-3,-1,1,23220
3863,1943,1,449,7,-1,99999,-1,-1,-3,-1,1,23220
3864,1943,1,430,3,-1,99999,-1,-1,-3,-1,1,23220
3865,1943,1,433,5,-1,99999,-1,-1,-3,-1,1,23220
3866,1944,1,504,2,-1,99999,-1,-1,-3,-1,1,23220
3867,1945,1,514,2,-1,99999,-1,-1,-3,-1,1,23220
3868,1945,1,744,11,-1,99999,-1,-1,-3,-1,1,23220
3869,1945,1,792,2,-1,99999,-1,-1,-3,-1,1,23220
3870,1945,1,426,8,-1,99999,-1,-1,-3,-1,1,23220
3871,1946,1,920,6,-1,99999,-1,-1,-3,-1,1,23220
3872,1947,1,703,5,-1,99999,-1,-1,-3,-1,1,23220
3873,1948,1,517,11,-1,99999,-1,-1,-3,-1,1,23280
3874,1948,1,515,8,-1,99999,-1,-1,-3,-1,1,23280
3875,1948,1,445,7,-1,99999,-1,-1,-3,-1,1,23280
3876,1948,1,419,6,-1,99999,-1,-1,-3,-1,1,23280
3877,1948,1,90,1,-1,99999,-1,-1,-3,-1,1,23280
3878,1948,1,422,7,-1,99999,-1,-1,-3,-1,1,23280
3879,1948,1,508,4,-1,99999,-1,-1,-3,-1,1,23280
3880,1949,1,474,12,-1,99999,-1,-1,-3,-1,1,23280
3881,1949,1,849,7,-1,99999,-1,-1,-3,-1,1,23280
3882,1949,1,434,8,-1,99999,-1,-1,-3,-1,1,23280
3883,1949,1,481,2,-1,99999,-1,-1,-3,-1,1,23280
3884,1950,1,466,5,-1,99999,-1,-1,-3,-1,1,23280
3885,1951,1,494,3,-1,99999,-1,-1,-3,-1,1,23280
3886,1951,1,448,6,-1,99999,-1,-1,-3,-1,1,23280
3887,1951,1,725,7,-1,99999,-1,-1,-3,-1,1,23280
3888,1952,1,428,7,-1,99999,-1,-1,-3,-1,1,23280
3889,1953,1,432,5,-1,99999,-1,-1,-3,-1,1,23340
3890,1953,1,421,6,-1,99999,-1,-1,-3,-1,1,23340
3891,1953,1,449,8,-1,99999,-1,-1,-3,-1,1,23340
3892,1954,1,420,3,-1,99999,-1,-1,-3,-1,1,23340
3893,1954,1,422,1,-1,99999,-1,-1,-3,-1,1,23340
3894,1955,1,471,7,-1,99999,-1,-1,-3,-1,1,23340
3895,1955,1,606,12,-1,99999,-1,-1,-3,-1,1,23340
3896,1956,1,460,8,-1,99999,-1,-1,-3,-1,1,23340
3897,1956,1,475,6,-1,99999,-1,-1,-3,-1,1,23340
3898,1957,1,268,2,-1,99999,-1,-1,-3,-1,1,23340
3899,1958,1,482,8,-1,99999,-1,-1,-3,-1,1,23340
3900,1958,1,916,7,-1,99999,-1,-1,-3,-1,1,23340
3901,1959,1,402,1,-1,99999,-1,-1,-3,-1,1,23400
3902,1960,1,463,4,-1,99999,-1,-1,-3,-1,1,23400
3903,1961,1,415,9,-1,99999,-1,-1,-3,-1,1,23400
3904,1961,1,332,8,-1,99999,-1,-1,-3,-1,1,23400
3905,1961,1,623,6,-1,99999,-1,-1,-3,-1,1,23400
3906,1962,1,445,9,-1,99999,-1,-1,-3,-1,1,23400
3907,1962,1,437,8,-1,99999,-1,-1,-3,-1,1,23400
3908,1962,1,510,1,-1,99999,-1,-1,-3,-1,1,23400
3909,1962,1,412,12,-1,99999,-1,-1,-3,-1,1,23400
3910,1963,1,508,12,-1,99999,-1,-1,-3,-1,1,23400
3911,1963,1,476,1,-1,99999,-1,-1,-3,-1,1,23400
3912,1964,1,519,8,-1,99999,-1,-1,-3,-1,1,23400
3913,1965,1,494,11,-1,99999,-1,-1,-3,-1,1,23460
3914,1966,1,499,4,-1,99999,-1,-1,-3,-1,1,23460
3915,1967,1,291,2,-1,99999,-1,-1,-3,-1,1,23460
3916,1967,1,430,11,-1,99999,-1,-1,-3,-1,1,23460
3917,1967,1,509,7,-1,99999,-1,-1,-3,-1,1,23460
3918,1968,1,444,10,-1,99999,-1,-1,-3,-1,1,23460
3919,1969,1,446,5,-1,99999,-1,-1,-3,-1,1,23460
3920,1970,1,408,6,-1,99999,-1,-1,-3,-1,1,23460
3921,1970,1,600,10,-1,99999,-1,-1,-3,-1,1,23460
3922,1970,1,428,5,-1,99999,-1,-1,-3,-1,1,23460
3923,1970,1,919,9,-1,99999,-1,-1,-3,-1,1,23460
3924,1970,1,467,2,-1,99999,-1,-1,-3,-1,1,23460
3925,1970,1,418,6,-1,99999,-1,-1,-3,-1,1,23460
3926,1971,1,488,6,-1,99999,-1,-1,-3,-1,1,23460
3927,1971,1,949,5,-1,99999,-1,-1,-3,-1,1,23460
3928,1972,1,408,12,-1,99999,-1,-1,-3,-1,1,23520
3929,1972,1,485,4,-1,99999,-1,-1,-3,-1,1,23520
3930,1973,1,460,1,-1,99999,-1,-1,-3,-1,1,23520
3931,1974,1,482,6,-1,99999,-1,-1,-3,-1,1,23520
3932,1974,1,454,3,-1,99999,-1,-1,-3,-1,1,23520
3933,1975,1,231,8,-1,99999,-1,-1,-3,-1,1,23520
3934,1975,1,551,8,-1,99999,-1,-1,-3,-1,1,23520
3935,1975,1,463,5,-1,99999,-1,-1,-3,-1,1,23520
3936,1975,1,511,6,-1,99999,-1,-1,-3,-1,1,23520
3937,1975,1,580,8,-1,99999,-1,-1,-3,-1,1,23520
3938,1975,1,450,7,-1,99999,-1,-1,-3,-1,1,23520
3939,1975,1,430,9,-1,99999,-1,-1,-3,-1,1,23520
3940,1976,1,574,8,-1,99999,-1,-1,-3,-1,1,23520
3941,1977,1,573,7,-1,99999,-1,-1,-3,-1,1,23580
3942,1977,1,402,5,-1,99999,-1,-1,-3,-1,1,23580
3943,1978,1,583,7,-1,99999,-1,-1,-3,-1,1,23580
3944,1978,1,693,6,-1,99999,-1,-1,-3,-1,1,23580
3945,1978,1,934,10,-1,99999,-1,-1,-3,-1,1,23580
3946,1979,1,555,4,-1,99999,-1,-1,-3,-1,1,23640
3947,1980,1,653,5,-1,99999,-1,-1,-3,-1,1,23640
3948,1981,1,486,3,-1,99999,-1,-1,-3,-1,1,23640
3949,1982,1,517,8,-1,99999,-1,-1,-3,-1,1,23700
3950,1982,1,514,7,-1,99999,-1,-1,-3,-1,1,23700
3951,1983,1,597,8,-1,99999,-1,-1,-3,-1,1,23700
3952,1984,1,481,4,-1,99999,-1,-1,-3,-1,1,23700
3953,1985,1,661,4,-1,99999,-1,-1,-3,-1,1,23760
3954,1986,1,504,8,-1,99999,-1,-1,-3,-1,1,23760
3955,1987,1,478,8,-1,99999,-1,-1,-3,-1,1,23760
3956,1988,1,788,10,-1,99999,-1,-1,-3,-1,1,23760
3957,1989,1,406,1,-1,99999,-1,-1,-3,-1,1,23760
3958,1990,1,495,3,-1,99999,-1,-1,-3,-1,1,23760
3959,1991,1,478,9,-1,99999,-1,-1,-3,-1,1,23760
3960,1992,1,436,11,-1,99999,-1,-1,-3,-1,1,23760
3961,1992,1,489,2,-1,99999,-1,-1,-3,-1,1,23760
3962,1993,1,763,4,-1,99999,-1,-1,-3,-1,1,23760
3963,1994,1,818,5,-1,99999,-1,-1,-3,-1,1,23760
3964,1995,1,578,10,-1,99999,-1,-1,-3,-1,1,23820
3965,1995,1,423,9,-1,99999,-1,-1,-3,-1,1,23820
3966,1996,1,541,6,-1,99999,-1,-1,-3,-1,1,23820
3967,1996,1,715,10,-1,99999,-1,-1,-3,-1,1,23820
3968,1997,1,506,8,-1,99999,-1,-1,-3,-1,1,23820
3969,1997,1,271,8,-1,99999,-1,-1,-3,-1,1,23820
3970,1997,1,483,4,-1,99999,-1,-1,-3,-1,1,23820
3971,1998,1,612,6,-1,99999,-1,-1,-3,-1,1,23820
3972,1999,1,527,9,-1,99999,-1,-1,-3,-1,1,23820
3973,1999,1,265,10,-1,99999,-1,-1,-3,-1,1,23820
3974,1999,1,486,5,-1,99999,-1,-1,-3,-1,1,23820
3975,2000,1,115,8,-1,99999,-1,-1,-3,-1,1,23880
3976,2000,1,478,9,-1,99999,-1,-1,-3,-1,1,23880
3977,2001,1,522,8,-1,99999,-1,-1,-3,-1,1,23880
3978,2001,1,488,2,-1,99999,-1,-1,-3,-1,1,23880
3979,2001,1,535,9,-1,99999,-1,-1,-3,-1,1,23880
3980,2001,1,711,2,-1,99999,-1,-1,-3,-1,1,23880
3981,2001,1,868,12,-1,99999,-1,-1,-3,-1,1,23880
3982,2001,1,687,1,-1,99999,-1,-1,-3,-1,1,23880
3983,2001,1,436,7,-1,99999,-1,-1,-3,-1,1,23880
3984,2001,1,415,7,-1,99999,-1,-1,-3,-1,1,23880
3985,2001,1,518,11,-1,99999,-1,-1,-3,-1,1,23880
3986,2001,1,723,1,-1,99999,-1,-1,-3,-1,1,23880
3987,2001,1,834,2,-1,99999,-1,-1,-3,-1,1,23880
3988,2002,1,435,2,-1,99999,-1,-1,-3,-1,1,23880
3989,2002,1,476,10,-1,99999,-1,-1,-3,-1,1,23880
3990,2002,1,943,10,-1,99999,-1,-1,-3,-1,1,23880
3991,2002,1,584,4,-1,99999,-1,-1,-3,-1,1,23880
3992,2003,1,875,7,-1,99999,-1,-1,-3,-1,1,23880
3993,2003,1,517,2,-1,99999,-1,-1,-3,-1,1,23880
3994,2004,1,479,2,-1,99999,-1,-1,-3,-1,1,23880
3995,2004,1,143,2,-1,99999,-1,-1,-3,-1,1,23880
3996,2004,1,435,6,-1,99999,-1,-1,-3,-1,1,23880
3997,2004,1,526,8,-1,99999,-1,-1,-3,-1,1,23880
3998,2004,1,420,6,-1,99999,-1,-1,-3,-1,1,23880
3999,2005,1,485,2,-1,99999,-1,-1,-3,-1,1,23880
4000,2006,1,852,3,-1,99999,-1,-1,-3,-1,1,23880
4001,2007,1,515,7,-1,99999,-1,-1,-3,-1,1,23880
4002,2007,1,868,10,-1,99999,-1,-1,-3,-1,1,23880
4003,2007,1,469,1,-1,99999,-1,-1,-3,-1,1,23880
4004,2007,1,517,7,-1,99999,-1,-1,-3,-1,1,23880
4005,2008,1,484,6,-1,99999,-1,-1,-3,-1,1,23940
4006,2008,1,482,11,-1,99999,-1,-1,-3,-1,1,23940
4007,2008,1,296,10,-1,99999,-1,-1,-3,-1,1,23940
4008,2008,1,416,8,-1,99999,-1,-1,-3,-1,1,23940
4009,2008,1,954,1,-1,99999,-1,-1,-3,-1,1,23940
4010,2009,1,511,6,-1,99999,-1,-1,-3,-1,1,23940
4011,2010,1,629,6,-1,99999,-1,-1,-3,-1,1,23940
4012,2011,1,490,7,-1,99999,-1,-1,-3,-1,1,24000
4013,2012,1,473,1,-1,99999,-1,-1,-3,-1,1,24000
4014,2012,1,615,4,-1,99999,-1,-1,-3,-1,1,24000
4015,2013,1,969,11,-1,99999,-1,-1,-3,-1,1,24060
4016,2013,1,269,10,-1,99999,-1,-1,-3,-1,1,24060
4017,2013,1,482,8,-1,99999,-1,-1,-3,-1,1,24060
4018,2014,1,236,6,-1,99999,-1,-1,-3,-1,1,24060
4019,2015,1,456,8,-1,99999,-1,-1,-3,-1,1,24060
4020,2015,1,881,6,-1,99999,-1,-1,-3,-1,1,24060
4021,2015,1,406,10,-1,99999,-1,-1,-3,-1,1,24060
4022,2015,1,434,8,-1,99999,-1,-1,-3,-1,1,24060
4023,2015,1,439,12,-1,99999,-1,-1,-3,-1,1,24060
4024,2016,1,471,7,-1,99999,-1,-1,-3,-1,1,24060
4025,2016,1,437,10,-1,99999,-1,-1,-3,-1,1,24060
4026,2016,1,401,8,-1,99999,-1,-1,-3,-1,1,24060
4027,2017,1,513,6,-1,99999,-1,-1,-3,-1,1,24060
4028,2017,1,477,5,-1,99999,-1,-1,-3,-1,1,24060
4029,2017,1,910,4,-1,99999,-1,-1,-3,-1,1,24060
4030,2018,1,517,4,-1,99999,-1,-1,-3,-1,1,24060
4031,2018,1,577,4,-1,99999,-1,-1,-3,-1,1,24060
4032,2019,1,440,8,-1,99999,-1,-1,-3,-1,1,24060
4033,2019,1,452,2,-1,99999,-1,-1,-3,-1,1,24060
4034,2019,1,451,12,-1,99999,-1,-1,-3,-1,1,24060
4035,2020,1,700,6,-1,99999,-1,-1,-3,-1,1,24120
4036,2020,1,476,5,-1,99999,-1,-1,-3,-1,1,24120
4037,2021,1,505,5,-1,99999,-1,-1,-3,-1,1,24120
4038,2021,1,565,1,-1,99999,-1,-1,-3,-1,1,24120
4039,2021,1,965,7,-1,99999,-1,-1,-3,-1,1,24120
4040,2022,1,24,6,-1,99999,-1,-1,-3,-1,1,24120
4041,2023,1,489,6,-1,99999,-1,-1,-3,-1,1,24120
4042,2023,1,343,4,-1,99999,-1,-1,-3,-1,1,24120
4043,2024,1,262,10,-1,99999,-1,-1,-3,-1,1,24120
4044,2024,1,421,1,-1,99999,-1,-1,-3,-1,1,24120
4045,2024,1,518,12,-1,99999,-1,-1,-3,-1,1,24120
4046,2025,1,453,3,-1,99999,-1,-1,-3,-1,1,24120
4047,2025,1,462,6,-1,99999,-1,-1,-3,-1,1,24120
4048,2025,1,877,9,-1,99999,-1,-1,-3,-1,1,24120
4049,2026,1,456,7,-1,99999,-1,-1,-3,-1,1,24180
4050,2026,1,727,7,-1,99999,-1,-1,-3,-1,1,24180
4051,2026,1,441,8,-1,99999,-1,-1,-3,-1,1,24180
4052,2026,1,523,8,-1,99999,-1,-1,-3,-1,1,24180
4053,2027,1,576,6,-1,99999,-1,-1,-3,-1,1,24180
4054,2028,1,420,11,-1,99999,-1,-1,-3,-1,1,24180
4055,2029,1,404,1,-1,99999,-1,-1,-3,-1,1,24240
4056,2029,1,502,6,-1,99999,-1,-1,-3,-1,1,24240
4057,2029,1,425,4,-1,99999,-1,-1,-3,-1,1,24240
4058,2030,1,446,10,-1,99999,-1,-1,-3,-1,1,24240
4059,2030,1,523,2,-1,99999,-1,-1,-3,-1,1,24240
4060,2031,1,497,8,-1,99999,-1,-1,-3,-1,1,24240
4061,2032,1,474,6,-1,99999,-1,-1,-3,-1,1,24240
4062,2032,1,479,7,-1,99999,-1,-1,-3,-1,1,24240
4063,2033,1,432,8,-1,99999,-1,-1,-3,-1,1,24240
4064,2034,1,502,6,-1,99999,-1,-1,-3,-1,1,24240
4065,2034,1,464,6,-1,99999,-1,-1,-3,-1,1,24240
4066,2035,1,506,11,-1,99999,-1,-1,-3,-1,1,24240
4067,2035,1,504,8,-1,99999,-1,-1,-3,-1,1,24240
4068,2035,1,474,5,-1,99999,-1,-1,-3,-1,1,24240
4069,2036,1,523,2,-1,99999,-1,-1,-3,-1,1,24300
4070,2036,1,482,8,-1,99999,-1,-1,-3,-1,1,24300
4071,2037,1,445,4,-1,99999,-1,-1,-3,-1,1,24300
4072,2037,1,516,6,-1,99999,-1,-1,-3,-1,1,24300
4073,2037,1,929,4,-1,99999,-1,-1,-3,-1,1,24300
4074,2037,1,746,8,-1,99999,-1,-1,-3,-1,1,24300
4075,2038,1,443,8,-1,99999,-1,-1,-3,-1,1,24300
4076,2038,1,478,5,-1,99999,-1,-1,-3,-1,1,24300
4077,2038,1,450,7,-1,99999,-1,-1,-3,-1,1,24300
4078,2039,1,676,10,-1,99999,-1,-1,-3,-1,1,24300
4079,2040,1,714,10,-1,99999,-1,-1,-3,-1,1,24300
4080,2040,1,477,1,-1,99999,-1,-1,-3,-1,1,24300
4081,2041,1,563,2,-1,99999,-1,-1,-3,-1,1,24300
4082,2042,1,701,2,-1,99999,-1,-1,-3,-1,1,24300
4083,2042,1,565,5,-1,99999,-1,-1,-3,-1,1,24300
4084,2042,1,441,9,-1,99999,-1,-1,-3,-1,1,24300
4085,2042,1,418,12,-1,99999,-1,-1,-3,-1,1,24300
4086,2043,1,505,8,-1,99999,-1,-1,-3,-1,1,24360
4087,2044,1,454,12,-1,99999,-1,-1,-3,-1,1,24360
4088,2045,1,912,8,-1,99999,-1,-1,-3,-1,1,24360
4089,2045,1,403,2,-1,99999,-1,-1,-3,-1,1,24360
4090,2046,1,794,10,-1,99999,-1,-1,-3,-1,1,24420
4091,2047,1,17,8,-1,99999,-1,-1,-3,-1,1,24420
4092,2048,1,514,6,-1,99999,-1,-1,-3,-1,1,24420
4093,2048,1,828,10,-1,99999,-1,-1,-3,-1,1,24420
4094,2049,1,528,4,-1,99999,-1,-1,-3,-1,1,24420
4095,2049,1,516,5,-1,99999,-1,-1,-3,-1,1,24420
4096,2049,1,511,6,-1,99999,-1,-1,-3,-1,1,24420
4097,2049,1,435,8,-1,99999,-1,-1,-3,-1,1,24420
4098,2050,1,758,3,-1,99999,-1,-1,-3,-1,1,24420
4099,2051,1,421,11,-1,99999,-1,-1,-3,-1,1,24420
4100,2052,1,433,10,-1,99999,-1,-1,-3,-1,1,24480
4101,2052,1,760,7,-1,99999,-1,-1,-3,-1,1,24480
4102,2052,1,132,1,-1,99999,-1,-1,-3,-1,1,24480
4103,2052,1,501,7,-1,99999,-1,-1,-3,-1,1,24480
4104,2052,1,923,7,-1,99999,-1,-1,-3,-1,1,24480
4105,2052,1,861,8,-1,99999,-1,-1,-3,-1,1,24480
4106,2052,1,50,6,-1,99999,-1,-1,-3,-1,1,24480
4107,2053,1,437,2,-1,99999,-1,-1,-3,-1,1,24480
4108,2053,1,894,4,-1,99999,-1,-1,-3,-1,1,24480
4109,2054,1,835,8,-1,99999,-1,-1,-3,-1,1,24480
4110,2055,1,618,10,-1,99999,-1,-1,-3,-1,1,24480
4111,2056,1,744,6,-1,99999,-1,-1,-3,-1,1,24480
4112,2056,1,483,5,-1,99999,-1,-1,-3,-1,1,24480
4113,2056,1,628,4,-1,99999,-1,-1,-3,-1,1,24480
4114,2057,1,477,8,-1,99999,-1,-1,-3,-1,1,24480
4115,2058,1,424,5,-1,99999,-1,-1,-3,-1,1,24480
4116,2059,1,496,6,-1,99999,-1,-1,-3,-1,1,24480
4117,2060,1,477,10,-1,99999,-1,-1,-3,-1,1,24480
4118,2061,1,516,2,-1,99999,-1,-1,-3,-1,1,24480
4119,2062,1,409,10,-1,99999,-1,-1,-3,-1,1,24480
4120,2062,1,521,3,-1,99999,-1,-1,-3,-1,1,24480
4121,2062,1,881,8,-1,99999,-1,-1,-3,-1,1,24480
4122,2062,1,432,4,-1,99999,-1,-1,-3,-1,1,24480
4123,2062,1,430,11,-1,99999,-1,-1,-3,-1,1,24480
4124,2062,1,445,7,-1,99999,-1,-1,-3,-1,1,24480
4125,2062,1,632,2,-1,99999,-1,-1,-3,-1,1,24480
4126,2062,1,679,2,-1,99999,-1,-1,-3,-1,1,24480
4127,2062,1,759,3,-1,99999,-1,-1,-3,-1,1,24480
4128,2063,1,138,10,-1,99999,-1,-1,-3,-1,1,24480
4129,2064,1,480,7,-1,99999,-1,-1,-3,-1,1,24480
4130,2065,1,503,5,-1,99999,-1,-1,-3,-1,1,24480
4131,2066,1,857,8,-1,99999,-1,-1,-3,-1,1,24480
4132,2067,1,491,6,-1,99999,-1,-1,-3,-1,1,24480
4133,2067,1,485,11,-1,99999,-1,-1,-3,-1,1,24480
4134,2067,1,493,4,-1,99999,-1,-1,-3,-1,1,24480
4135,2067,1,445,10,-1,99999,-1,-1,-3,-1,1,24480
4136,2068,1,517,11,-1,99999,-1,-1,-3,-1,1,24540
4137,2068,1,475,7,-1,99999,-1,-1,-3,-1,1,24540
4138,2068,1,478,7,-1,99999,-1,-1,-3,-1,1,24540
4139,2069,1,75,8,-1,99999,-1,-1,-3,-1,1,24540
4140,2069,1,440,4,-1,99999,-1,-1,-3,-1,1,24540
4141,2069,1,438,4,-1,99999,-1,-1,-3,-1,1,24540
4142,2070,1,559,9,-1,99999,-1,-1,-3,-1,1,24540
4143,2071,1,403,5,-1,99999,-1,-1,-3,-1,1,24540
4144,2071,1,505,8,-1,99999,-1,-1,-3,-1,1,24540
4145,2072,1,863,4,-1,99999,-1,-1,-3,-1,1,24540
4146,2072,1,480,9,-1,99999,-1,-1,-3,-1,1,24540
4147,2072,1,901,2,-1,99999,-1,-1,-3,-1,1,24540
4148,2073,1,478,6,-1,99999,-1,-1,-3,-1,1,24600
4149,2073,1,448,11,-1,99999,-1,-1,-3,-1,1,24600
4150,2073,1,543,4,-1,99999,-1,-1,-3,-1,1,24600
4151,2073,1,877,6,-1,99999,-1,-1,-3,-1,1,24600
4152,2073,1,465,6,-1,99999,-1,-1,-3,-1,1,24600
4153,2074,1,437,11,-1,99999,-1,-1,-3,-1,1,24600
4154,2075,1,430,10,-1,99999,-1,-1,-3,-1,1,24600
4155,2076,1,502,8,-1,99999,-1,-1,-3,-1,1,24660
4156,2077,1,509,6,-1,99999,-1,-1,-3,-1,1,24660
4157,2077,1,408,3,-1,99999,-1,-1,-3,-1,1,24660
4158,2078,1,524,2,-1,99999,-1,-1,-3,-1,1,24660
4159,2079,1,414,8,-1,99999,-1,-1,-3,-1,1,24660
4160,2079,1,403,8,-1,99999,-1,-1,-3,-1,1,24660
4161,2080,1,409,6,-1,99999,-1,-1,-3,-1,1,24660
4162,2081,1,716,4,-1,99999,-1,-1,-3,-1,1,24720
4163,2081,1,492,6,-1,99999,-1,-1,-3,-1,1,24720
4164,2082,1,414,11,-1,99999,-1,-1,-3,-1,1,24720
4165,2083,1,426,6,-1,99999,-1,-1,-3,-1,1,24720
4166,2083,1,772,4,-1,99999,-1,-1,-3,-1,1,24720
4167,2083,1,462,3,-1,99999,-1,-1,-3,-1,1,24720
4168,2083,1,871,8,-1,99999,-1,-1,-3,-1,1,24720
4169,2083,1,656,7,-1,99999,-1,-1,-3,-1,1,24720
4170,2083,1,879,7,-1,99999,-1,-1,-3,-1,1,24720
4171,2083,1,473,10,-1,99999,-1,-1,-3,-1,1,24720
4172,2083,1,939,12,-1,99999,-1,-1,-3,-1,1,24720
4173,2084,1,730,5,-1,99999,-1,-1,-3,-1,1,24780
4174,2084,1,519,5,-1,99999,-1,-1,-3,-1,1,24780
4175,2084,1,463,5,-1,99999,-1,-1,-3,-1,1,24780
4176,2084,1,467,11,-1,99999,-1,-1,-3,-1,1,24780
4177,2084,1,325,12,-1,99999,-1,-1,-3,-1,1,24780
4178,2085,1,896,12,-1,99999,-1,-1,-3,-1,1,24780
4179,2085,1,638,4,-1,99999,-1,-1,-3,-1,1,24780
4180,2085,1,426,3,-1,99999,-1,-1,-3,-1,1,24780
4181,2085,1,441,6,-1,99999,-1,-1,-3,-1,1,24780
4182,2086,1,522,8,-1,99999,-1,-1,-3,-1,1,24840
4183,2086,1,704,10,-1,99999,-1,-1,-3,-1,1,24840
4184,2087,1,480,9,-1,99999,-1,-1,-3,-1,1,24840
4185,2088,1,495,5,-1,99999,-1,-1,-3,-1,1,24840
4186,2089,1,776,4,-1,99999,-1,-1,-3,-1,1,24840
4187,2090,1,457,3,-1,99999,-1,-1,-3,-1,1,24900
4188,2091,1,756,8,-1,99999,-1,-1,-3,-1,1,24900
4189,2091,1,79,9,-1,99999,-1,-1,-3,-1,1,24900
4190,2092,1,502,6,-1,99999,-1,-1,-3,-1,1,24900
4191,2092,1,513,10,-1,99999,-1,-1,-3,-1,1,24900
4192,2093,1,876,7,-1,99999,-1,-1,-3,-1,1,24900
4193,2094,1,450,8,-1,99999,-1,-1,-3,-1,1,24900
4194,2095,1,925,6,-1,99999,-1,-1,-3,-1,1,24960
4195,2096,1,506,2,-1,99999,-1,-1,-3,-1,1,24960
4196,2097,1,559,1,-1,99999,-1,-1,-3,-1,1,24960
4197,2098,1,653,12,-1,99999,-1,-1,-3,-1,1,24960
4198,2099,1,734,8,-1,99999,-1,-1,-3,-1,1,24960
4199,2100,1,491,4,-1,99999,-1,-1,-3,-1,1,25020
4200,2100,1,521,7,-1,99999,-1,-1,-3,-1,1,25020
4201,2101,1,484,3,-1,99999,-1,-1,-3,-1,1,25020
4202,2101,1,328,3,-1,99999,-1,-1,-3,-1,1,25020
4203,2102,1,418,9,-1,99999,-1,-1,-3,-1,1,25020
4204,2103,1,417,3,-1,99999,-1,-1,-3,-1,1,25020
4205,2103,1,512,9,-1,99999,-1,-1,-3,-1,1,25020
4206,2104,1,689,8,-1,99999,-1,-1,-3,-1,1,25080
4207,2104,1,446,5,-1,99999,-1,-1,-3,-1,1,25080
4208,2105,1,137,12,-1,99999,-1,-1,-3,-1,1,25080
4209,2105,1,880,1,-1,99999,-1,-1,-3,-1,1,25080
4210,2105,1,471,6,-1,99999,-1,-1,-3,-1,1,25080
4211,2106,1,713,3,-1,99999,-1,-1,-3,-1,1,25080
4212,2107,1,494,4,-1,99999,-1,-1,-3,-1,1,25140
4213,2108,1,492,12,-1,99999,-1,-1,-3,-1,1,25140
4214,2109,1,442,6,-1,99999,-1,-1,-3,-1,1,25140
4215,2110,1,513,8,-1,99999,-1,-1,-3,-1,1,25200
4216,2110,1,485,2,-1,99999,-1,-1,-3,-1,1,25200
4217,2111,1,101,10,-1,99999,-1,-1,-3,-1,1,25200
4218,2112,1,573,7,-1,99999,-1,-1,-3,-1,1,25200
4219,2112,1,453,10,-1,99999,-1,-1,-3,-1,1,25200
4220,2112,1,450,8,-1,99999,-1,-1,-3,-1,1,25200
4221,2112,1,465,4,-1,99999,-1,-1,-3,-1,1,25200
4222,2112,1,533,9,-1,99999,-1,-1,-3,-1,1,25200
4223,2113,1,506,5,-1,99999,-1,-1,-3,-1,1,25260
4224,2113,1,494,10,-1,99999,-1,-1,-3,-1,1,25260
4225,2114,1,461,5,-1,99999,-1,-1,-3,-1,1,25260
4226,2115,1,436,3,-1,99999,-1,-1,-3,-1,1,25260
4227,2115,1,808,11,-1,99999,-1,-1,-3,-1,1,25260
4228,2115,1,508,8,-1,99999,-1,-1,-3,-1,1,25260
4229,2116,1,511,2,-1,99999,-1,-1,-3,-1,1,25260
4230,2116,1,483,12,-1,99999,-1,-1,-3,-1,1,25260
4231,2117,1,469,5,-1,99999,-1,-1,-3,-1,1,25260
4232,2117,1,882,5,-1,99999,-1,-1,-3,-1,1,25260
4233,2118,1,522,8,-1,99999,-1,-1,-3,-1,1,25320
4234,2119,1,880,2,-1,99999,-1,-1,-3,-1,1,25320
4235,2120,1,546,7,-1,99999,-1,-1,-3,-1,1,25320
4236,2121,1,485,5,-1,99999,-1,-1,-3,-1,1,25320
4237,2122,1,762,4,-1,99999,-1,-1,-3,-1,1,25380
4238,2122,1,650,8,-1,99999,-1,-1,-3,-1,1,25380
4239,2123,1,495,6,-1,99999,-1,-1,-3,-1,1,25380
4240,2124,1,489,4,-1,99999,-1,-1,-3,-1,1,25380
4241,2124,1,424,5,-1,99999,-1,-1,-3,-1,1,25380
4242,2124,1,752,12,-1,99999,-1,-1,-3,-1,1,25380
4243,2124,1,617,10,-1,99999,-1,-1,-3,-1,1,25380
4244,2125,1,521,5,-1,99999,-1,-1,-3,-1,1,25380
4245,2125,1,486,4,-1,99999,-1,-1,-3,-1,1,25380
4246,2126,1,496,3,-1,99999,-1,-1,-3,-1,1,25380
4247,2127,1,452,7,-1,99999,-1,-1,-3,-1,1,25380
4248,2128,1,519,6,-1,99999,-1,-1,-3,-1,1,25440
4249,2128,1,437,8,-1,99999,-1,-1,-3,-1,1,25440
4250,2128,1,271,3,-1,99999,-1,-1,-3,-1,1,25440
4251,2129,1,779,8,-1,99999,-1,-1,-3,-1,1,25500
4252,2130,1,506,6,-1,99999,-1,-1,-3,-1,1,25500
4253,2130,1,423,8,-1,99999,-1,-1,-3,-1,1,25500
4254,2131,1,748,4,-1,99999,-1,-1,-3,-1,1,25500
4255,2132,1,452,10,-1,99999,-1,-1,-3,-1,1,25500
4256,2132,1,487,1,-1,99999,-1,-1,-3,-1,1,25500
4257,2132,1,972,4,-1,99999,-1,-1,-3,-1,1,25500
4258,2133,1,437,10,-1,99999,-1,-1,-3,-1,1,25500
4259,2134,1,692,8,-1,99999,-1,-1,-3,-1,1,25500
4260,2135,1,78,6,-1,99999,-1,-1,-3,-1,1,25560
4261,2135,1,485,4,-1,99999,-1,-1,-3,-1,1,25560
4262,2136,1,550,10,-1,99999,-1,-1,-3,-1,1,25560
4263,2137,1,432,4,-1,99999,-1,-1,-3,-1,1,25560
4264,2138,1,429,4,-1,99999,-1,-1,-3,-1,1,25560
4265,2138,1,925,8,-1,99999,-1,-1,-3,-1,1,25560
4266,2139,1,417,12,-1,99999,-1,-1,-3,-1,1,25560
4267,2140,1,425,8,-1,99999,-1,-1,-3,-1,1,25560
4268,2140,1,475,2,-1,99999,-1,-1,-3,-1,1,25560
4269,2141,1,778,11,-1,99999,-1,-1,-3,-1,1,25560
4270,2142,1,496,8,-1,99999,-1,-1,-3,-1,1,25620
4271,2142,1,451,6,-1,99999,-1,-1,-3,-1,1,25620
4272,2142,1,626,7,-1,99999,-1,-1,-3,-1,1,25620
4273,2143,1,327,9,-1,99999,-1,-1,-3,-1,1,25620
4274,2144,1,542,2,-1,99999,-1,-1,-3,-1,1,25620
4275,2144,1,507,12,-1,99999,-1,-1,-3,-1,1,25620
4276,2144,1,454,12,-1,99999,-1,-1,-3,-1,1,25620
4277,2145,1,450,6,-1,99999,-1,-1,-3,-1,1,25620
4278,2146,1,103,8,-1,99999,-1,-1,-3,-1,1,25620
4279,2146,1,506,9,-1,99999,-1,-1,-3,-1,1,25620
4280,2147,1,506,4,-1,99999,-1,-1,-3,-1,1,25680
4281,2148,1,893,6,-1,99999,-1,-1,-3,-1,1,25680
4282,2148,1,500,5,-1,99999,-1,-1,-3,-1,1,25680
4283,2149,1,481,4,-1,99999,-1,-1,-3,-1,1,25680
4284,2150,1,483,4,-1,99999,-1,-1,-3,-1,1,25740
4285,2150,1,516,1,-1,99999,-1,-1,-3,-1,1,25740
4286,2151,1,969,4,-1,99999,-1,-1,-3,-1,1,25740
4287,2151,1,434,1,-1,99999,-1,-1,-3,-1,1,25740
4288,2152,1,453,6,-1,99999,-1,-1,-3,-1,1,25740
4289,2153,1,435,2,-1,99999,-1,-1,-3,-1,1,25740
4290,2153,1,829,10,-1,99999,-1,-1,-3,-1,1,25740
4291,2153,1,780,10,-1,99999,-1,-1,-3,-1,1,25740
4292,2153,1,448,6,-1,99999,-1,-1,-3,-1,1,25740
4293,2153,1,642,5,-1,99999,-1,-1,-3,-1,1,25740
4294,2154,1,489,6,-1,99999,-1,-1,-3,-1,1,25740
4295,2154,1,471,3,-1,99999,-1,-1,-3,-1,1,25740
4296,2154,1,930,12,-1,99999,-1,-1,-3,-1,1,25740
4297,2155,1,454,5,-1,99999,-1,-1,-3,-1,1,25800
4298,2155,1,373,3,-1,99999,-1,-1,-3,-1,1,25800
4299,2155,1,682,4,-1,99999,-1,-1,-3,-1,1,25800
4300,2155,1,550,8,-1,99999,-1,-1,-3,-1,1,25800
4301,2155,1,705,2,-1,99999,-1,-1,-3,-1,1,25800
4302,2156,1,436,4,-1,99999,-1,-1,-3,-1,1,25800
4303,2157,1,499,8,-1,99999,-1,-1,-3,-1,1,25800
4304,2157,1,501,4,-1,99999,-1,-1,-3,-1,1,25800
4305,2157,1,917,10,-1,99999,-1,-1,-3,-1,1,25800
4306,2158,1,437,6,-1,99999,-1,-1,-3,-1,1,25800
4307,2159,1,612,4,-1,99999,-1,-1,-3,-1,1,25800
4308,2159,1,468,6,-1,99999,-1,-1,-3,-1,1,25800
4309,2159,1,479,2,-1,99999,-1,-1,-3,-1,1,25800
4310,2159,1,497,7,-1,99999,-1,-1,-3,-1,1,25800
4311,2159,1,345,5,-1,99999,-1,-1,-3,-1,1,25800
4312,2160,1,411,2,-1,99999,-1,-1,-3,-1,1,25860
4313,2160,1,424,12,-1,99999,-1,-1,-3,-1,1,25860
4314,2160,1,516,10,-1,99999,-1,-1,-3,-1,1,25860
4315,2160,1,490,9,-1,99999,-1,-1,-3,-1,1,25860
4316,2161,1,830,12,-1,99999,-1,-1,-3,-1,1,25860
4317,2162,1,541,5,-1,99999,-1,-1,-3,-1,1,25860
4318,2162,1,437,2,-1,99999,-1,-1,-3,-1,1,25860
4319,2163,1,489,4,-1,99999,-1,-1,-3,-1,1,25860
4320,2163,1,495,8,-1,99999,-1,-1,-3,-1,1,25860
4321,2164,1,518,6,-1,99999,-1,-1,-3,-1,1,25920
4322,2164,1,544,5,-1,99999,-1,-1,-3,-1,1,25920
4323,2165,1,435,4,-1,99999,-1,-1,-3,-1,1,25920
4324,2166,1,962,10,-1,99999,-1,-1,-3,-1,1,25920
4325,2167,1,357,1,-1,99999,-1,-1,-3,-1,1,25980
4326,2168,1,412,7,-1,99999,-1,-1,-3,-1,1,25980
4327,2169,1,428,4,-1,99999,-1,-1,-3,-1,1,25980
4328,2170,1,402,6,-1,99999,-1,-1,-3,-1,1,25980
4329,2170,1,698,5,-1,99999,-1,-1,-3,-1,1,25980
4330,2170,1,419,6,-1,99999,-1,-1,-3,-1,1,25980
4331,2170,1,485,4,-1,99999,-1,-1,-3,-1,1,25980
4332,2170,1,452,6,-1,99999,-1,-1,-3,-1,1,25980
4333,2170,1,507,10,-1,99999,-1,-1,-3,-1,1,25980
4334,2170,1,667,8,-1,99999,-1,-1,-3,-1,1,25980
4335,2171,1,655,4,-1,99999,-1,-1,-3,-1,1,25980
4336,2172,1,825,6,-1,99999,-1,-1,-3,-1,1,25980
4337,2172,1,86,10,-1,99999,-1,-1,-3,-1,1,25980
4338,2173,1,730,4,-1,99999,-1,-1,-3,-1,1,25980
4339,2174,1,867,12,-1,99999,-1,-1,-3,-1,1,25980
4340,2174,1,445,9,-1,99999,-1,-1,-3,-1,1,25980
4341,2174,1,680,10,-1,99999,-1,-1,-3,-1,1,25980
4342,2174,1,426,8,-1,99999,-1,-1,-3,-1,1,25980
4343,2175,1,637,5,-1,99999,-1,-1,-3,-1,1,25980
4344,2176,1,769,9,-1,99999,-1,-1,-3,-1,1,26040
4345,2177,1,857,8,-1,99999,-1,-1,-3,-1,1,26040
4346,2178,1,521,10,-1,99999,-1,-1,-3,-1,1,26040
4347,2179,1,803,3,-1,99999,-1,-1,-3,-1,1,26040
4348,2179,1,944,9,-1,99999,-1,-1,-3,-1,1,26040
4349,2180,1,409,9,-1,99999,-1,-1,-3,-1,1,26100
4350,2180,1,963,10,-1,99999,-1,-1,-3,-1,1,26100
4351,2181,1,475,1,-1,99999,-1,-1,-3,-1,1,26100
4352,2181,1,423,12,-1,99999,-1,-1,-3,-1,1,26100
4353,2182,1,682,7,-1,99999,-1,-1,-3,-1,1,26100
4354,2182,1,498,4,-1,99999,-1,-1,-3,-1,1,26100
4355,2183,1,562,10,-1,99999,-1,-1,-3,-1,1,26100
4356,2184,1,486,2,-1,99999,-1,-1,-3,-1,1,26100
4357,2185,1,754,12,-1,99999,-1,-1,-3,-1,1,26100
4358,2185,1,477,7,-1,99999,-1,-1,-3,-1,1,26100
4359,2186,1,861,6,-1,99999,-1,-1,-3,-1,1,26100
4360,2187,1,458,4,-1,99999,-1,-1,-3,-1,1,26160
4361,2187,1,706,6,-1,99999,-1,-1,-3,-1,1,26160
4362,2188,1,587,6,-1,99999,-1,-1,-3,-1,1,26160
4363,2188,1,727,9,-1,99999,-1,-1,-3,-1,1,26160
4364,2189,1,455,8,-1,99999,-1,-1,-3,-1,1,26160
4365,2189,1,565,6,-1,99999,-1,-1,-3,-1,1,26160
4366,2190,1,848,2,-1,99999,-1,-1,-3,-1,1,26160
4367,2190,1,739,7,-1,99999,-1,-1,-3,-1,1,26160
4368,2191,1,508,5,-1,99999,-1,-1,-3,-1,1,26160
4369,2192,1,887,8,-1,99999,-1,-1,-3,-1,1,26160
4370,2192,1,466,1,-1,99999,-1,-1,-3,-1,1,26160
4371,2193,1,434,11,-1,99999,-1,-1,-3,-1,1,26160
4372,2193,1,518,10,-1,99999,-1,-1,-3,-1,1,26160
4373,2193,1,444,6,-1,99999,-1,-1,-3,-1,1,26160
4374,2193,1,489,4,-1,99999,-1,-1,-3,-1,1,26160
4375,2193,1,306,10,-1,99999,-1,-1,-3,-1,1,26160
4376,2193,1,503,9,-1,99999,-1,-1,-3,-1,1,26160
4377,2193,1,814,2,-1,99999,-1,-1,-3,-1,1,26160
4378,2193,1,523,10,-1,99999,-1,-1,-3,-1,1,26160
4379,2194,1,286,8,-1,99999,-1,-1,-3,-1,1,26160
4380,2194,1,492,2,-1,99999,-1,-1,-3,-1,1,26160
4381,2194,1,542,12,-1,99999,-1,-1,-3,-1,1,26160
4382,2194,1,974,4,-1,99999,-1,-1,-3,-1,1,26160
4383,2195,1,891,6,-1,99999,-1,-1,-3,-1,1,26160
4384,2195,1,504,1,-1,99999,-1,-1,-3,-1,1,26160
4385,2196,1,730,5,-1,99999,-1,-1,-3,-1,1,26160
4386,2197,1,474,6,-1,99999,-1,-1,-3,-1,1,26220
4387,2198,1,432,6,-1,99999,-1,-1,-3,-1,1,26220
4388,2198,1,517,8,-1,99999,-1,-1,-3,-1,1,26220
4389,2199,1,759,12,-1,99999,-1,-1,-3,-1,1,26220
4390,2199,1,417,3,-1,99999,-1,-1,-3,-1,1,26220
4391,2200,1,859,10,-1,99999,-1,-1,-3,-1,1,26220
4392,2200,1,813,9,-1,99999,-1,-1,-3,-1,1,26220
4393,2201,1,719,10,-1,99999,-1,-1,-3,-1,1,26280
4394,2201,1,482,3,-1,99999,-1,-1,-3,-1,1,26280
4395,2202,1,446,12,-1,99999,-1,-1,-3,-1,1,26280
4396,2203,1,494,8,-1,99999,-1,-1,-3,-1,1,26280
4397,2204,1,581,5,-1,99999,-1,-1,-3,-1,1,26280
4398,2205,1,456,2,-1,99999,-1,-1,-3,-1,1,26280
4399,2206,1,691,2,-1,99999,-1,-1,-3,-1,1,26340
4400,2207,1,780,3,-1,99999,-1,-1,-3,-1,1,26340
4401,2207,1,795,8,-1,99999,-1,-1,-3,-1,1,26340
4402,2208,1,671,10,-1,99999,-1,-1,-3,-1,1,26400
4403,2208,1,503,5,-1,99999,-1,-1,-3,-1,1,26400
4404,2209,1,500,10,-1,99999,-1,-1,-3,-1,1,26400
4405,2209,1,474,2,-1,99999,-1,-1,-3,-1,1,26400
4406,2210,1,810,8,-1,99999,-1,-1,-3,-1,1,26400
4407,2211,1,507,10,-1,99999,-1,-1,-3,-1,1,26400
4408,2211,1,800,5,-1,99999,-1,-1,-3,-1,1,26400
4409,2211,1,25,2,-1,99999,-1,-1,-3,-1,1,26400
4410,2212,1,404,3,-1,99999,-1,-1,-3,-1,1,26400
4411,2213,1,417,5,-1,99999,-1,-1,-3,-1,1,26400
4412,2213,1,481,2,-1,99999,-1,-1,-3,-1,1,26400
4413,2213,1,933,7,-1,99999,-1,-1,-3,-1,1,26400
4414,2213,1,448,4,-1,99999,-1,-1,-3,-1,1,26400
4415,2214,1,513,1,-1,99999,-1,-1,-3,-1,1,26400
4416,2215,1,792,4,-1,99999,-1,-1,-3,-1,1,26400
4417,2215,1,113,3,-1,99999,-1,-1,-3,-1,1,26400
4418,2216,1,737,7,-1,99999,-1,-1,-3,-1,1,26460
4419,2217,1,497,9,-1,99999,-1,-1,-3,-1,1,26460
4420,2218,1,920,4,-1,99999,-1,-1,-3,-1,1,26460
4421,2218,1,514,6,-1,99999,-1,-1,-3,-1,1,26460
4422,2219,1,30,8,-1,99999,-1,-1,-3,-1,1,26460
4423,2220,1,442,9,-1,99999,-1,-1,-3,-1,1,26520
4424,2221,1,434,4,-1,99999,-1,-1,-3,-1,1,26520
4425,2222,1,555,4,-1,99999,-1,-1,-3,-1,1,26520
4426,2222,1,519,6,-1,99999,-1,-1,-3,-1,1,26520
4427,2222,1,414,6,-1,99999,-1,-1,-3,-1,1,26520
4428,2222,1,890,8,-1,99999,-1,-1,-3,-1,1,26520
4429,2222,1,507,3,-1,99999,-1,-1,-3,-1,1,26520
4430,2222,1,466,9,-1,99999,-1,-1,-3,-1,1,26520
4431,2223,1,502,10,-1,99999,-1,-1,-3,-1,1,26520
4432,2224,1,501,2,-1,99999,-1,-1,-3,-1,1,26580
4433,2225,1,435,2,-1,99999,-1,-1,-3,-1,1,26580
4434,2225,1,481,6,-1,99999,-1,-1,-3,-1,1,26580
4435,2226,1,852,3,-1,99999,-1,-1,-3,-1,1,26580
4436,2227,1,721,8,-1,99999,-1,-1,-3,-1,1,26640
4437,2227,1,523,5,-1,99999,-1,-1,-3,-1,1,26640
4438,2228,1,493,9,-1,99999,-1,-1,-3,-1,1,26640
4439,2229,1,916,10,-1,99999,-1,-1,-3,-1,1,26640
4440,2230,1,513,4,-1,99999,-1,-1,-3,-1,1,26640
4441,2231,1,740,7,-1,99999,-1,-1,-3,-1,1,26640
4442,2231,1,480,1,-1,99999,-1,-1,-3,-1,1,26640
4443,2232,1,253,3,-1,99999,-1,-1,-3,-1,1,26700
4444,2232,1,883,9,-1,99999,-1,-1,-3,-1,1,26700
4445,2233,1,491,5,-1,99999,-1,-1,-3,-1,1,26700
4446,2234,1,492,4,-1,99999,-1,-1,-3,-1,1,26700
4447,2235,1,510,5,-1,99999,-1,-1,-3,-1,1,26700
4448,2236,1,899,7,-1,99999,-1,-1,-3,-1,1,26700
4449,2237,1,422,11,-1,99999,-1,-1,-3,-1,1,26760
4450,2238,1,780,7,-1,99999,-1,-1,-3,-1,1,26760
4451,2239,1,495,10,-1,99999,-1,-1,-3,-1,1,26760
4452,2239,1,820,5,-1,99999,-1,-1,-3,-1,1,26760
4453,2239,1,447,3,-1,99999,-1,-1,-3,-1,1,26760
4454,2239,1,441,5,-1,99999,-1,-1,-3,-1,1,26760
4455,2239,1,474,6,-1,99999,-1,-1,-3,-1,1,26760
4456,2240,1,485,2,-1,99999,-1,-1,-3,-1,1,26760
4457,2241,1,443,2,-1,99999,-1,-1,-3,-1,1,26760
4458,2242,1,444,8,-1,99999,-1,-1,-3,-1,1,26820
4459,2242,1,801,9,-1,99999,-1,-1,-3,-1,1,26820
4460,2243,1,446,3,-1,99999,-1,-1,-3,-1,1,26820
4461,2243,1,469,5,-1,99999,-1,-1,-3,-1,1,26820
4462,2243,1,445,4,-1,99999,-1,-1,-3,-1,1,26820
4463,2243,1,941,2,-1,99999,-1,-1,-3,-1,1,26820
4464,2243,1,413,6,-1,99999,-1,-1,-3,-1,1,26820
4465,2244,1,489,6,-1,99999,-1,-1,-3,-1,1,26820
4466,2245,1,420,1,-1,99999,-1,-1,-3,-1,1,26820
4467,2245,1,410,5,-1,99999,-1,-1,-3,-1,1,26820
4468,2246,1,511,6,-1,99999,-1,-1,-3,-1,1,26820
4469,2247,1,695,2,-1,99999,-1,-1,-3,-1,1,26820
4470,2248,1,505,12,-1,99999,-1,-1,-3,-1,1,26820
4471,2249,1,417,1,-1,99999,-1,-1,-3,-1,1,26820
4472,2250,1,403,9,-1,99999,-1,-1,-3,-1,1,26820
4473,2251,1,508,10,-1,99999,-1,-1,-3,-1,1,26820
4474,2251,1,403,12,-1,99999,-1,-1,-3,-1,1,26820
4475,2252,1,523,6,-1,99999,-1,-1,-3,-1,1,26880
4476,2252,1,486,7,-1,99999,-1,-1,-3,-1,1,26880
4477,2253,1,492,2,-1,99999,-1,-1,-3,-1,1,26880
4478,2253,1,422,7,-1,99999,-1,-1,-3,-1,1,26880
4479,2254,1,488,8,-1,99999,-1,-1,-3,-1,1,26880
4480,2255,1,483,9,-1,99999,-1,-1,-3,-1,1,26880
4481,2255,1,968,10,-1,99999,-1,-1,-3,-1,1,26880
4482,2256,1,566,6,-1,99999,-1,-1,-3,-1,1,26880
4483,2256,1,505,8,-1,99999,-1,-1,-3,-1,1,26880
4484,2256,1,296,12,-1,99999,-1,-1,-3,-1,1,26880
4485,2256,1,482,10,-1,99999,-1,-1,-3,-1,1,26880
4486,2257,1,479,5,-1,99999,-1,-1,-3,-1,1,26880
4487,2257,1,647,12,-1,99999,-1,-1,-3,-1,1,26880
4488,2258,1,721,6,-1,99999,-1,-1,-3,-1,1,26940
4489,2258,1,461,9,-1,99999,-1,-1,-3,-1,1,26940
4490,2259,1,441,5,-1,99999,-1,-1,-3,-1,1,26940
4491,2260,1,487,9,-1,99999,-1,-1,-3,-1,1,26940
4492,2260,1,661,9,-1,99999,-1,-1,-3,-1,1,26940
4493,2261,1,599,8,-1,99999,-1,-1,-3,-1,1,26940
4494,2262,1,408,8,-1,99999,-1,-1,-3,-1,1,27000
4495,2262,1,463,8,-1,99999,-1,-1,-3,-1,1,27000
4496,2262,1,869,5,-1,99999,-1,-1,-3,-1,1,27000
4497,2262,1,477,8,-1,99999,-1,-1,-3,-1,1,27000
4498,2263,1,504,9,-1,99999,-1,-1,-3,-1,1,27000
4499,2263,1,428,7,-1,99999,-1,-1,-3,-1,1,27000
4500,2263,1,217,10,-1,99999,-1,-1,-3,-1,1,27000
4501,2264,1,927,8,-1,99999,-1,-1,-3,-1,1,27000
4502,2264,1,501,2,-1,99999,-1,-1,-3,-1,1,27000
4503,2265,1,402,3,-1,99999,-1,-1,-3,-1,1,27060
4504,2266,1,638,5,-1,99999,-1,-1,-3,-1,1,27060
4505,2266,1,443,10,-1,99999,-1,-1,-3,-1,1,27060
4506,2267,1,403,8,-1,99999,-1,-1,-3,-1,1,27120
4507,2267,1,872,11,-1,99999,-1,-1,-3,-1,1,27120
4508,2267,1,832,8,-1,99999,-1,-1,-3,-1,1,27120
4509,2268,1,400,6,-1,99999,-1,-1,-3,-1,1,27120
4510,2268,1,528,1,-1,99999,-1,-1,-3,-1,1,27120
4511,2268,1,533,8,-1,99999,-1,-1,-3,-1,1,27120
4512,2268,1,768,7,-1,99999,-1,-1,-3,-1,1,27120
4513,2269,1,513,6,-1,99999,-1,-1,-3,-1,1,27120
4514,2269,1,456,6,-1,99999,-1,-1,-3,-1,1,27120
4515,2270,1,700,5,-1,99999,-1,-1,-3,-1,1,27120
4516,2271,1,444,8,-1,99999,-1,-1,-3,-1,1,27120
4517,2272,1,500,10,-1,99999,-1,-1,-3,-1,1,27180
4518,2273,1,508,6,-1,99999,-1,-1,-3,-1,1,27180
4519,2273,1,562,6,-1,99999,-1,-1,-3,-1,1,27180
4520,2273,1,503,9,-1,99999,-1,-1,-3,-1,1,27180
4521,2273,1,750,2,-1,99999,-1,-1,-3,-1,1,27180
4522,2273,1,464,7,-1,99999,-1,-1,-3,-1,1,27180
4523,2274,1,899,7,-1,99999,-1,-1,-3,-1,1,27180
4524,2275,1,694,8,-1,99999,-1,-1,-3,-1,1,27240
4525,2276,1,452,7,-1,99999,-1,-1,-3,-1,1,27240
4526,2277,1,415,6,-1,99999,-1,-1,-3,-1,1,27240
4527,2278,1,422,6,-1,99999,-1,-1,-3,-1,1,27240
4528,2279,1,402,2,-1,99999,-1,-1,-3,-1,1,27240
4529,2280,1,475,12,-1,99999,-1,-1,-3,-1,1,27300
4530,2281,1,516,6,-1,99999,-1,-1,-3,-1,1,27300
4531,2282,1,411,6,-1,99999,-1,-1,-3,-1,1,27300
4532,2282,1,467,4,-1,99999,-1,-1,-3,-1,1,27300
4533,2282,1,436,9,-1,99999,-1,-1,-3,-1,1,27300
4534,2282,1,438,4,-1,99999,-1,-1,-3,-1,1,27300
4535,2283,1,655,8,-1,99999,-1,-1,-3,-1,1,27300
4536,2283,1,963,6,-1,99999,-1,-1,-3,-1,1,27300
4537,2284,1,486,6,-1,99999,-1,-1,-3,-1,1,27300
4538,2284,1,431,4,-1,99999,-1,-1,-3,-1,1,27300
4539,2284,1,543,8,-1,99999,-1,-1,-3,-1,1,27300
4540,2284,1,440,8,-1,99999,-1,-1,-3,-1,1,27300
4541,2284,1,531,8,-1,99999,-1,-1,-3,-1,1,27300
4542,2284,1,404,5,-1,99999,-1,-1,-3,-1,1,27300
4543,2284,1,469,8,-1,99999,-1,-1,-3,-1,1,27300
4544,2284,1,402,3,-1,99999,-1,-1,-3,-1,1,27300
4545,2285,1,805,5,-1,99999,-1,-1,-3,-1,1,27300
4546,2285,1,428,2,-1,99999,-1,-1,-3,-1,1,27300
4547,2285,1,446,3,-1,99999,-1,-1,-3,-1,1,27300
4548,2285,1,515,2,-1,99999,-1,-1,-3,-1,1,27300
4549,2286,1,825,8,-1,99999,-1,-1,-3,-1,1,27360
4550,2286,1,404,8,-1,99999,-1,-1,-3,-1,1,27360
4551,2287,1,462,9,-1,99999,-1,-1,-3,-1,1,27360
4552,2287,1,428,9,-1,99999,-1,-1,-3,-1,1,27360
4553,2287,1,400,5,-1,99999,-1,-1,-3,-1,1,27360
4554,2288,1,471,8,-1,99999,-1,-1,-3,-1,1,27360
4555,2289,1,502,10,-1,99999,-1,-1,-3,-1,1,27360
4556,2290,1,726,6,-1,99999,-1,-1,-3,-1,1,27420
4557,2291,1,742,7,-1,99999,-1,-1,-3,-1,1,27420
4558,2292,1,481,2,-1,99999,-1,-1,-3,-1,1,27480
4559,2292,1,402,9,-1,99999,-1,-1,-3,-1,1,27480
4560,2292,1,411,2,-1,99999,-1,-1,-3,-1,1,27480
4561,2292,1,899,9,-1,99999,-1,-1,-3,-1,1,27480
4562,2292,1,735,6,-1,99999,-1,-1,-3,-1,1,27480
4563,2292,1,428,8,-1,99999,-1,-1,-3,-1,1,27480
4564,2293,1,505,5,-1,99999,-1,-1,-3,-1,1,27480
4565,2293,1,727,4,-1,99999,-1,-1,-3,-1,1,27480
4566,2294,1,457,6,-1,99999,-1,-1,-3,-1,1,27480
4567,2295,1,520,4,-1,99999,-1,-1,-3,-1,1,27480
4568,2296,1,417,11,-1,99999,-1,-1,-3,-1,1,27480
4569,2296,1,573,4,-1,99999,-1,-1,-3,-1,1,27480
4570,2297,1,683,8,-1,99999,-1,-1,-3,-1,1,27540
4571,2298,1,716,4,-1,99999,-1,-1,-3,-1,1,27540
4572,2299,1,572,3,-1,99999,-1,-1,-3,-1,1,27540
4573,2299,1,441,6,-1,99999,-1,-1,-3,-1,1,27540
4574,2299,1,465,5,-1,99999,-1,-1,-3,-1,1,27540
4575,2299,1,446,7,-1,99999,-1,-1,-3,-1,1,27540
4576,2299,1,910,6,-1,99999,-1,-1,-3,-1,1,27540
4577,2299,1,450,7,-1,99999,-1,-1,-3,-1,1,27540
4578,2300,1,435,4,-1,99999,-1,-1,-3,-1,1,27540
4579,2300,1,515,8,-1,99999,-1,-1,-3,-1,1,27540
4580,2301,1,453,4,-1,99999,-1,-1,-3,-1,1,27540
4581,2301,1,519,4,-1,99999,-1,-1,-3,-1,1,27540
4582,2301,1,664,5,-1,99999,-1,-1,-3,-1,1,27540
4583,2301,1,699,8,-1,99999,-1,-1,-3,-1,1,27540
4584,2301,1,314,6,-1,99999,-1,-1,-3,-1,1,27540
4585,2302,1,452,3,-1,99999,-1,-1,-3,-1,1,27600
4586,2302,1,402,10,-1,99999,-1,-1,-3,-1,1,27600
4587,2302,1,448,11,-1,99999,-1,-1,-3,-1,1,27600
4588,2303,1,637,12,-1,99999,-1,-1,-3,-1,1,27600
4589,2303,1,425,12,-1,99999,-1,-1,-3,-1,1,27600
4590,2303,1,512,7,-1,99999,-1,-1,-3,-1,1,27600
4591,2303,1,431,6,-1,99999,-1,-1,-3,-1,1,27600
4592,2304,1,477,3,-1,99999,-1,-1,-3,-1,1,27600
4593,2305,1,888,6,-1,99999,-1,-1,-3,-1,1,27600
4594,2305,1,410,1,-1,99999,-1,-1,-3,-1,1,27600
4595,2306,1,710,3,-1,99999,-1,-1,-3,-1,1,27600
4596,2306,1,491,7,-1,99999,-1,-1,-3,-1,1,27600
4597,2307,1,457,6,-1,99999,-1,-1,-3,-1,1,27600
4598,2308,1,507,4,-1,99999,-1,-1,-3,-1,1,27600
4599,2308,1,437,4,-1,99999,-1,-1,-3,-1,1,27600
4600,2309,1,403,12,-1,99999,-1,-1,-3,-1,1,27660
4601,2309,1,606,4,-1,99999,-1,-1,-3,-1,1,27660
4602,2309,1,494,8,-1,99999,-1,-1,-3,-1,1,27660
4603,2310,1,511,6,-1,99999,-1,-1,-3,-1,1,27660
4604,2310,1,465,6,-1,99999,-1,-1,-3,-1,1,27660
4605,2311,1,429,10,-1,99999,-1,-1,-3,-1,1,27660
4606,2311,1,473,9,-1,99999,-1,-1,-3,-1,1,27660
4607,2311,1,516,10,-1,99999,-1,-1,-3,-1,1,27660
4608,2311,1,962,4,-1,99999,-1,-1,-3,-1,1,27660
4609,2312,1,919,10,-1,99999,-1,-1,-3,-1,1,27720
4610,2313,1,423,4,-1,99999,-1,-1,-3,-1,1,27720
4611,2313,1,551,5,-1,99999,-1,-1,-3,-1,1,27720
4612,2313,1,438,7,-1,99999,-1,-1,-3,-1,1,27720
4613,2314,1,470,2,-1,99999,-1,-1,-3,-1,1,27720
4614,2314,1,487,6,-1,99999,-1,-1,-3,-1,1,27720
4615,2314,1,808,6,-1,99999,-1,-1,-3,-1,1,27720
4616,2314,1,647,8,-1,99999,-1,-1,-3,-1,1,27720
4617,2315,1,418,5,-1,99999,-1,-1,-3,-1,1,27720
4618,2315,1,518,10,-1,99999,-1,-1,-3,-1,1,27720
4619,2315,1,434,8,-1,99999,-1,-1,-3,-1,1,27720
4620,2315,1,743,10,-1,99999,-1,-1,-3,-1,1,27720
4621,2315,1,431,11,-1,99999,-1,-1,-3,-1,1,27720
4622,2315,1,802,11,-1,99999,-1,-1,-3,-1,1,27720
4623,2315,1,428,8,-1,99999,-1,-1,-3,-1,1,27720
4624,2315,1,445,8,-1,99999,-1,-1,-3,-1,1,27720
4625,2316,1,884,4,-1,99999,-1,-1,-3,-1,1,27720
4626,2316,1,713,12,-1,99999,-1,-1,-3,-1,1,27720
4627,2316,1,538,7,-1,99999,-1,-1,-3,-1,1,27720
4628,2317,1,961,8,-1,99999,-1,-1,-3,-1,1,27780
4629,2317,1,441,8,-1,99999,-1,-1,-3,-1,1,27780
4630,2317,1,47,7,-1,99999,-1,-1,-3,-1,1,27780
4631,2317,1,603,3,-1,99999,-1,-1,-3,-1,1,27780
4632,2317,1,523,7,-1,99999,-1,-1,-3,-1,1,27780
4633,2317,1,427,8,-1,99999,-1,-1,-3,-1,1,27780
4634,2318,1,452,8,-1,99999,-1,-1,-3,-1,1,27780
4635,2319,1,517,4,-1,99999,-1,-1,-3,-1,1,27780
4636,2319,1,890,6,-1,99999,-1,-1,-3,-1,1,27780
4637,2320,1,507,3,-1,99999,-1,-1,-3,-1,1,27780
4638,2320,1,332,6,-1,99999,-1,-1,-3,-1,1,27780
4639,2321,1,437,4,-1,99999,-1,-1,-3,-1,1,27780
4640,2322,1,428,10,-1,99999,-1,-1,-3,-1,1,27840
4641,2323,1,727,7,-1,99999,-1,-1,-3,-1,1,27840
4642,2324,1,420,6,-1,99999,-1,-1,-3,-1,1,27840
4643,2325,1,410,6,-1,99999,-1,-1,-3,-1,1,27840
4644,2326,1,748,7,-1,99999,-1,-1,-3,-1,1,27840
4645,2326,1,672,2,-1,99999,-1,-1,-3,-1,1,27840
4646,2327,1,480,4,-1,99999,-1,-1,-3,-1,1,27900
4647,2327,1,438,3,-1,99999,-1,-1,-3,-1,1,27900
4648,2328,1,689,10,-1,99999,-1,-1,-3,-1,1,27900
4649,2328,1,470,12,-1,99999,-1,-1,-3,-1,1,27900
4650,2329,1,415,2,-1,99999,-1,-1,-3,-1,1,27900
4651,2329,1,524,9,-1,99999,-1,-1,-3,-1,1,27900
4652,2329,1,568,8,-1,99999,-1,-1,-3,-1,1,27900
4653,2330,1,796,10,-1,99999,-1,-1,-3,-1,1,27960
4654,2330,1,453,9,-1,99999,-1,-1,-3,-1,1,27960
4655,2331,1,463,9,-1,99999,-1,-1,-3,-1,1,27960
4656,2331,1,496,2,-1,99999,-1,-1,-3,-1,1,27960
4657,2331,1,697,1,-1,99999,-1,-1,-3,-1,1,27960
4658,2331,1,506,8,-1,99999,-1,-1,-3,-1,1,27960
4659,2332,1,486,10,-1,99999,-1,-1,-3,-1,1,27960
4660,2333,1,881,10,-1,99999,-1,-1,-3,-1,1,27960
4661,2334,1,761,4,-1,99999,-1,-1,-3,-1,1,28020
4662,2334,1,769,8,-1,99999,-1,-1,-3,-1,1,28020
4663,2334,1,258,1,-1,99999,-1,-1,-3,-1,1,28020
4664,2334,1,482,12,-1,99999,-1,-1,-3,-1,1,28020
4665,2335,1,458,9,-1,99999,-1,-1,-3,-1,1,28020
4666,2336,1,862,6,-1,99999,-1,-1,-3,-1,1,28020
4667,2336,1,495,6,-1,99999,-1,-1,-3,-1,1,28020
4668,2336,1,421,10,-1,99999,-1,-1,-3,-1,1,28020
4669,2336,1,434,10,-1,99999,-1,-1,-3,-1,1,28020
4670,2336,1,460,4,-1,99999,-1,-1,-3,-1,1,28020
4671,2337,1,441,7,-1,99999,-1,-1,-3,-1,1,28020
4672,2337,1,489,4,-1,99999,-1,-1,-3,-1,1,28020
4673,2338,1,570,4,-1,99999,-1,-1,-3,-1,1,28020
4674,2338,1,515,10,-1,99999,-1,-1,-3,-1,1,28020
4675,2339,1,526,4,-1,99999,-1,-1,-3,-1,1,28020
4676,2340,1,491,8,-1,99999,-1,-1,-3,-1,1,28020
4677,2341,1,650,9,-1,99999,-1,-1,-3,-1,1,28080
4678,2341,1,874,3,-1,99999,-1,-1,-3,-1,1,28080
4679,2341,1,659,4,-1,99999,-1,-1,-3,-1,1,28080
4680,2341,1,412,6,-1,99999,-1,-1,-3,-1,1,28080
4681,2342,1,872,11,-1,99999,-1,-1,-3,-1,1,28080
4682,2343,1,471,9,-1,99999,-1,-1,-3,-1,1,28080
4683,2344,1,925,6,-1,99999,-1,-1,-3,-1,1,28080
4684,2344,1,456,12,-1,99999,-1,-1,-3,-1,1,28080
4685,2344,1,451,9,-1,99999,-1,-1,-3,-1,1,28080
4686,2344,1,656,8,-1,99999,-1,-1,-3,-1,1,28080
4687,2345,1,401,8,-1,99999,-1,-1,-3,-1,1,28140
4688,2345,1,488,6,-1,99999,-1,-1,-3,-1,1,28140
4689,2346,1,485,9,-1,99999,-1,-1,-3,-1,1,28200
4690,2346,1,944,12,-1,99999,-1,-1,-3,-1,1,28200
4691,2346,1,952,6,-1,99999,-1,-1,-3,-1,1,28200
4692,2346,1,507,8,-1,99999,-1,-1,-3,-1,1,28200
4693,2346,1,859,6,-1,99999,-1,-1,-3,-1,1,28200
4694,2346,1,842,2,-1,99999,-1,-1,-3,-1,1,28200
4695,2347,1,582,6,-1,99999,-1,-1,-3,-1,1,28200
4696,2347,1,774,8,-1,99999,-1,-1,-3,-1,1,28200
4697,2348,1,518,5,-1,99999,-1,-1,-3,-1,1,28200
4698,2348,1,628,3,-1,99999,-1,-1,-3,-1,1,28200
4699,2349,1,580,8,-1,99999,-1,-1,-3,-1,1,28200
4700,2350,1,516,6,-1,99999,-1,-1,-3,-1,1,28200
4701,2351,1,609,10,-1,99999,-1,-1,-3,-1,1,28200
4702,2352,1,488,10,-1,99999,-1,-1,-3,-1,1,28260
4703,2353,1,434,2,-1,99999,-1,-1,-3,-1,1,28320
4704,2354,1,481,6,-1,99999,-1,-1,-3,-1,1,28320
4705,2354,1,459,6,-1,99999,-1,-1,-3,-1,1,28320
4706,2354,1,453,12,-1,99999,-1,-1,-3,-1,1,28320
4707,2355,1,440,1,-1,99999,-1,-1,-3,-1,1,28320
4708,2356,1,410,2,-1,99999,-1,-1,-3,-1,1,28320
4709,2356,1,565,1,-1,99999,-1,-1,-3,-1,1,28320
4710,2357,1,463,9,-1,99999,-1,-1,-3,-1,1,28320
4711,2357,1,549,5,-1,99999,-1,-1,-3,-1,1,28320
4712,2358,1,473,1,-1,99999,-1,-1,-3,-1,1,28380
4713,2359,1,774,12,-1,99999,-1,-1,-3,-1,1,28380
4714,2360,1,505,6,-1,99999,-1,-1,-3,-1,1,28380
4715,2360,1,611,4,-1,99999,-1,-1,-3,-1,1,28380
4716,2361,1,452,8,-1,99999,-1,-1,-3,-1,1,28380
4717,2362,1,473,2,-1,99999,-1,-1,-3,-1,1,28380
4718,2363,1,815,4,-1,99999,-1,-1,-3,-1,1,28380
4719,2363,1,512,6,-1,99999,-1,-1,-3,-1,1,28380
4720,2364,1,689,12,-1,99999,-1,-1,-3,-1,1,28380
4721,2365,1,457,9,-1,99999,-1,-1,-3,-1,1,28380
4722,2365,1,478,10,-1,99999,-1,-1,-3,-1,1,28380
4723,2366,1,945,10,-1,99999,-1,-1,-3,-1,1,28380
4724,2366,1,454,10,-1,99999,-1,-1,-3,-1,1,28380
4725,2367,1,409,8,-1,99999,-1,-1,-3,-1,1,28380
4726,2367,1,461,8,-1,99999,-1,-1,-3,-1,1,28380
4727,2367,1,434,3,-1,99999,-1,-1,-3,-1,1,28380
4728,2368,1,448,6,-1,99999,-1,-1,-3,-1,1,28380
4729,2369,1,522,6,-1,99999,-1,-1,-3,-1,1,28380
4730,2369,1,501,10,-1,99999,-1,-1,-3,-1,1,28380
4731,2369,1,401,10,-1,99999,-1,-1,-3,-1,1,28380
4732,2369,1,547,4,-1,99999,-1,-1,-3,-1,1,28380
4733,2369,1,97,8,-1,99999,-1,-1,-3,-1,1,28380
4734,2370,1,865,7,-1,99999,-1,-1,-3,-1,1,28440
4735,2371,1,641,6,-1,99999,-1,-1,-3,-1,1,28440
4736,2371,1,443,9,-1,99999,-1,-1,-3,-1,1,28440
4737,2371,1,595,7,-1,99999,-1,-1,-3,-1,1,28440
4738,2372,1,522,6,-1,99999,-1,-1,-3,-1,1,28440
4739,2372,1,471,10,-1,99999,-1,-1,-3,-1,1,28440
4740,2372,1,511,6,-1,99999,-1,-1,-3,-1,1,28440
4741,2373,1,602,7,-1,99999,-1,-1,-3,-1,1,28440
4742,2374,1,416,6,-1,99999,-1,-1,-3,-1,1,28500
4743,2374,1,592,9,-1,99999,-1,-1,-3,-1,1,28500
4744,2374,1,442,6,-1,99999,-1,-1,-3,-1,1,28500
4745,2375,1,575,4,-1,99999,-1,-1,-3,-1,1,28560
4746,2376,1,406,4,-1,99999,-1,-1,-3,-1,1,28560
4747,2376,1,327,10,-1,99999,-1,-1,-3,-1,1,28560
4748,2377,1,483,4,-1,99999,-1,-1,-3,-1,1,28560
4749,2377,1,491,9,-1,99999,-1,-1,-3,-1,1,28560
4750,2378,1,490,2,-1,99999,-1,-1,-3,-1,1,28560
4751,2379,1,446,5,-1,99999,-1,-1,-3,-1,1,28560
4752,2379,1,466,2,-1,99999,-1,-1,-3,-1,1,28560
4753,2379,1,849,10,-1,99999,-1,-1,-3,-1,1,28560
4754,2379,1,484,10,-1,99999,-1,-1,-3,-1,1,28560
4755,2380,1,626,10,-1,99999,-1,-1,-3,-1,1,28620
4756,2380,1,431,4,-1,99999,-1,-1,-3,-1,1,28620
4757,2381,1,486,12,-1,99999,-1,-1,-3,-1,1,28620
4758,2381,1,911,1,-1,99999,-1,-1,-3,-1,1,28620
4759,2381,1,461,1,-1,99999,-1,-1,-3,-1,1,28620
4760,2382,1,858,9,-1,99999,-1,-1,-3,-1,1,28620
4761,2382,1,423,6,-1,99999,-1,-1,-3,-1,1,28620
4762,2382,1,440,8,-1,99999,-1,-1,-3,-1,1,28620
4763,2382,1,502,4,-1,99999,-1,-1,-3,-1,1,28620
4764,2382,1,664,10,-1,99999,-1,-1,-3,-1,1,28620
4765,2382,1,463,3,-1,99999,-1,-1,-3,-1,1,28620
4766,2383,1,438,6,-1,99999,-1,-1,-3,-1,1,28620
4767,2384,1,427,8,-1,99999,-1,-1,-3,-1,1,28680
4768,2384,1,504,4,-1,99999,-1,-1,-3,-1,1,28680
4769,2384,1,517,3,-1,99999,-1,-1,-3,-1,1,28680
4770,2385,1,702,10,-1,99999,-1,-1,-3,-1,1,28680
4771,2386,1,440,8,-1,99999,-1,-1,-3,-1,1,28740
4772,2386,1,455,10,-1,99999,-1,-1,-3,-1,1,28740
4773,2387,1,480,3,-1,99999,-1,-1,-3,-1,1,28740
4774,2388,1,507,4,-1,99999,-1,-1,-3,-1,1,28740
4775,2389,1,409,6,-1,99999,-1,-1,-3,-1,1,28740
4776,2389,1,622,3,-1,99999,-1,-1,-3,-1,1,28740
4777,2389,1,448,4,-1,99999,-1,-1,-3,-1,1,28740
4778,2389,1,949,10,-1,99999,-1,-1,-3,-1,1,28740
4779,2390,1,468,4,-1,99999,-1,-1,-3,-1,1,28740
4780,2391,1,805,10,-1,99999,-1,-1,-3,-1,1,28740
4781,2392,1,869,5,-1,99999,-1,-1,-3,-1,1,28800
4782,2392,1,406,2,-1,99999,-1,-1,-3,-1,1,28800
4783,2393,1,489,4,-1,99999,-1,-1,-3,-1,1,28800
4784,2394,1,427,2,-1,99999,-1,-1,-3,-1,1,28800
4785,2394,1,644,8,-1,99999,-1,-1,-3,-1,1,28800
4786,2394,1,572,6,-1,99999,-1,-1,-3,-1,1,28800
4787,2394,1,502,7,-1,99999,-1,-1,-3,-1,1,28800
4788,2394,1,902,5,-1,99999,-1,-1,-3,-1,1,28800
4789,2395,1,404,8,-1,99999,-1,-1,-3,-1,1,28800
4790,2395,1,651,6,-1,99999,-1,-1,-3,-1,1,28800
4791,2395,1,416,12,-1,99999,-1,-1,-3,-1,1,28800
4792,2396,1,286,4,-1,99999,-1,-1,-3,-1,1,28800
4793,2396,1,694,8,-1,99999,-1,-1,-3,-1,1,28800
4794,2397,1,632,5,-1,99999,-1,-1,-3,-1,1,28860
4795,2397,1,716,9,-1,99999,-1,-1,-3,-1,1,28860
4796,2398,1,500,1,-1,99999,-1,-1,-3,-1,1,28860
4797,2398,1,481,8,-1,99999,-1,-1,-3,-1,1,28860
4798,2399,1,447,8,-1,99999,-1,-1,-3,-1,1,28860
4799,2399,1,438,11,-1,99999,-1,-1,-3,-1,1,28860
4800,2399,1,686,6,-1,99999,-1,-1,-3,-1,1,28860
4801,2399,1,520,2,-1,99999,-1,-1,-3,-1,1,28860
4802,2400,1,504,6,-1,99999,-1,-1,-3,-1,1,28860
4803,2400,1,426,6,-1,99999,-1,-1,-3,-1,1,28860
4804,2400,1,700,11,-1,99999,-1,-1,-3,-1,1,28860
4805,2401,1,796,10,-1,99999,-1,-1,-3,-1,1,28920
4806,2402,1,499,5,-1,99999,-1,-1,-3,-1,1,28920
4807,2402,1,495,6,-1,99999,-1,-1,-3,-1,1,28920
4808,2403,1,535,4,-1,99999,-1,-1,-3,-1,1,28920
4809,2403,1,603,6,-1,99999,-1,-1,-3,-1,1,28920
4810,2403,1,543,6,-1,99999,-1,-1,-3,-1,1,28920
4811,2404,1,578,1,-1,99999,-1,-1,-3,-1,1,28920
4812,2405,1,459,8,-1,99999,-1,-1,-3,-1,1,28920
4813,2405,1,465,5,-1,99999,-1,-1,-3,-1,1,28920
4814,2406,1,955,5,-1,99999,-1,-1,-3,-1,1,28980
4815,2406,1,480,11,-1,99999,-1,-1,-3,-1,1,28980
4816,2406,1,466,6,-1,99999,-1,-1,-3,-1,1,28980
4817,2406,1,460,5,-1,99999,-1,-1,-3,-1,1,28980
4818,2406,1,503,8,-1,99999,-1,-1,-3,-1,1,28980
4819,2406,1,412,8,-1,99999,-1,-1,-3,-1,1,28980
4820,2407,1,830,1,-1,99999,-1,-1,-3,-1,1,28980
4821,2407,1,427,10,-1,99999,-1,-1,-3,-1,1,28980
4822,2407,1,516,10,-1,99999,-1,-1,-3,-1,1,28980
4823,2407,1,440,9,-1,99999,-1,-1,-3,-1,1,28980
4824,2407,1,488,8,-1,99999,-1,-1,-3,-1,1,28980
4825,2408,1,470,12,-1,99999,-1,-1,-3,-1,1,28980
4826,2408,1,774,8,-1,99999,-1,-1,-3,-1,1,28980
4827,2409,1,483,8,-1,99999,-1,-1,-3,-1,1,28980
4828,2409,1,537,8,-1,99999,-1,-1,-3,-1,1,28980
4829,2409,1,291,8,-1,99999,-1,-1,-3,-1,1,28980
4830,2410,1,428,2,-1,99999,-1,-1,-3,-1,1,28980
4831,2411,1,501,11,-1,99999,-1,-1,-3,-1,1,28980
4832,2412,1,538,6,-1,99999,-1,-1,-3,-1,1,28980
4833,2413,1,65,6,-1,99999,-1,-1,-3,-1,1,28980
4834,2413,1,485,8,-1,99999,-1,-1,-3,-1,1,28980
4835,2413,1,894,8,-1,99999,-1,-1,-3,-1,1,28980
4836,2413,1,480,8,-1,99999,-1,-1,-3,-1,1,28980
4837,2414,1,859,12,-1,99999,-1,-1,-3,-1,1,28980
4838,2415,1,903,12,-1,99999,-1,-1,-3,-1,1,29040
4839,2415,1,465,7,-1,99999,-1,-1,-3,-1,1,29040
4840,2416,1,418,4,-1,99999,-1,-1,-3,-1,1,29040
4841,2416,1,471,4,-1,99999,-1,-1,-3,-1,1,29040
4842,2416,1,830,9,-1,99999,-1,-1,-3,-1,1,29040
4843,2416,1,425,5,-1,99999,-1,-1,-3,-1,1,29040
4844,2416,1,446,2,-1,99999,-1,-1,-3,-1,1,29040
4845,2416,1,813,11,-1,99999,-1,-1,-3,-1,1,29040
4846,2417,1,510,6,-1,99999,-1,-1,-3,-1,1,29040
4847,2417,1,457,10,-1,99999,-1,-1,-3,-1,1,29040
4848,2418,1,439,7,-1,99999,-1,-1,-3,-1,1,29100
4849,2419,1,747,6,-1,99999,-1,-1,-3,-1,1,29160
4850,2420,1,482,2,-1,99999,-1,-1,-3,-1,1,29160
4851,2421,1,438,6,-1,99999,-1,-1,-3,-1,1,29160
4852,2421,1,500,11,-1,99999,-1,-1,-3,-1,1,29160
4853,2421,1,494,6,-1,99999,-1,-1,-3,-1,1,29160
4854,2421,1,898,7,-1,99999,-1,-1,-3,-1,1,29160
4855,2422,1,688,6,-1,99999,-1,-1,-3,-1,1,29160
4856,2423,1,492,3,-1,99999,-1,-1,-3,-1,1,29160
4857,2424,1,422,12,-1,99999,-1,-1,-3,-1,1,29160
4858,2425,1,545,6,-1,99999,-1,-1,-3,-1,1,29220
4859,2425,1,467,10,-1,99999,-1,-1,-3,-1,1,29220
4860,2425,1,468,7,-1,99999,-1,-1,-3,-1,1,29220
4861,2425,1,464,4,-1,99999,-1,-1,-3,-1,1,29220
4862,2425,1,413,6,-1,99999,-1,-1,-3,-1,1,29220
4863,2425,1,522,6,-1,99999,-1,-1,-3,-1,1,29220
4864,2425,1,959,5,-1,99999,-1,-1,-3,-1,1,29220
4865,2426,1,504,8,-1,99999,-1,-1,-3,-1,1,29220
4866,2427,1,492,3,-1,99999,-1,-1,-3,-1,1,29220
4867,2427,1,722,10,-1,99999,-1,-1,-3,-1,1,29220
4868,2428,1,705,2,-1,99999,-1,-1,-3,-1,1,29220
4869,2429,1,507,1,-1,99999,-1,-1,-3,-1,1,29220
4870,2430,1,204,3,-1,99999,-1,-1,-3,-1,1,29220
4871,2431,1,464,7,-1,99999,-1,-1,-3,-1,1,29220
4872,2431,1,434,8,-1,99999,-1,-1,-3,-1,1,29220
4873,2432,1,487,3,-1,99999,-1,-1,-3,-1,1,29280
4874,2433,1,717,2,-1,99999,-1,-1,-3,-1,1,29280
4875,2434,1,483,4,-1,99999,-1,-1,-3,-1,1,29280
4876,2435,1,463,2,-1,99999,-1,-1,-3,-1,1,29340
4877,2435,1,508,7,-1,99999,-1,-1,-3,-1,1,29340
4878,2436,1,468,7,-1,99999,-1,-1,-3,-1,1,29340
4879,2436,1,725,7,-1,99999,-1,-1,-3,-1,1,29340
4880,2436,1,488,8,-1,99999,-1,-1,-3,-1,1,29340
4881,2437,1,590,5,-1,99999,-1,-1,-3,-1,1,29340
4882,2437,1,165,10,-1,99999,-1,-1,-3,-1,1,29340
4883,2438,1,442,10,-1,99999,-1,-1,-3,-1,1,29340
4884,2438,1,904,1,-1,99999,-1,-1,-3,-1,1,29340
4885,2438,1,940,6,-1,99999,-1,-1,-3,-1,1,29340
4886,2439,1,521,8,-1,99999,-1,-1,-3,-1,1,29340
4887,2440,1,511,9,-1,99999,-1,-1,-3,-1,1,29340
4888,2440,1,939,8,-1,99999,-1,-1,-3,-1,1,29340
4889,2441,1,496,10,-1,99999,-1,-1,-3,-1,1,29340
4890,2441,1,432,10,-1,99999,-1,-1,-3,-1,1,29340
4891,2442,1,490,5,-1,99999,-1,-1,-3,-1,1,29340
4892,2442,1,429,1,-1,99999,-1,-1,-3,-1,1,29340
4893,2443,1,474,5,-1,99999,-1,-1,-3,-1,1,29340
4894,2444,1,927,7,-1,99999,-1,-1,-3,-1,1,29400
4895,2444,1,495,12,-1,99999,-1,-1,-3,-1,1,29400
4896,2445,1,481,6,-1,99999,-1,-1,-3,-1,1,29400
4897,2446,1,500,5,-1,99999,-1,-1,-3,-1,1,29400
4898,2446,1,451,11,-1,99999,-1,-1,-3,-1,1,29400
4899,2446,1,646,8,-1,99999,-1,-1,-3,-1,1,29400
4900,2446,1,30,7,-1,99999,-1,-1,-3,-1,1,29400
4901,2447,1,467,7,-1,99999,-1,-1,-3,-1,1,29400
4902,2447,1,515,8,-1,99999,-1,-1,-3,-1,1,29400
4903,2447,1,427,3,-1,99999,-1,-1,-3,-1,1,29400
4904,2447,1,610,4,-1,99999,-1,-1,-3,-1,1,29400
4905,2448,1,515,3,-1,99999,-1,-1,-3,-1,1,29400
4906,2449,1,498,1,-1,99999,-1,-1,-3,-1,1,29400
4907,2449,1,522,10,-1,99999,-1,-1,-3,-1,1,29400
4908,2450,1,416,6,-1,99999,-1,-1,-3,-1,1,29400
4909,2450,1,937,3,-1,99999,-1,-1,-3,-1,1,29400
4910,2450,1,902,4,-1,99999,-1,-1,-3,-1,1,29400
4911,2450,1,787,8,-1,99999,-1,-1,-3,-1,1,29400
4912,2450,1,514,4,-1,99999,-1,-1,-3,-1,1,29400
4913,2450,1,463,6,-1,99999,-1,-1,-3,-1,1,29400
4914,2450,1,480,8,-1,99999,-1,-1,-3,-1,1,29400
4915,2451,1,467,3,-1,99999,-1,-1,-3,-1,1,29460
4916,2451,1,458,6,-1,99999,-1,-1,-3,-1,1,29460
4917,2452,1,505,2,-1,99999,-1,-1,-3,-1,1,29460
4918,2452,1,401,11,-1,99999,-1,-1,-3,-1,1,29460
4919,2452,1,447,8,-1,99999,-1,-1,-3,-1,1,29460
4920,2452,1,667,2,-1,99999,-1,-1,-3,-1,1,29460
4921,2453,1,515,6,-1,99999,-1,-1,-3,-1,1,29460
4922,2453,1,501,7,-1,99999,-1,-1,-3,-1,1,29460
4923,2454,1,463,10,-1,99999,-1,-1,-3,-1,1,29460
4924,2455,1,471,8,-1,99999,-1,-1,-3,-1,1,29460
4925,2456,1,459,8,-1,99999,-1,-1,-3,-1,1,29460
4926,2457,1,928,6,-1,99999,-1,-1,-3,-1,1,29520
4927,2458,1,413,12,-1,99999,-1,-1,-3,-1,1,29520
4928,2459,1,599,6,-1,99999,-1,-1,-3,-1,1,29520
4929,2459,1,434,7,-1,99999,-1,-1,-3,-1,1,29520
4930,2459,1,444,4,-1,99999,-1,-1,-3,-1,1,29520
4931,2460,1,723,4,-1,99999,-1,-1,-3,-1,1,29520
4932,2460,1,443,8,-1,99999,-1,-1,-3,-1,1,29520
4933,2461,1,412,5,-1,99999,-1,-1,-3,-1,1,29520
4934,2461,1,585,8,-1,99999,-1,-1,-3,-1,1,29520
4935,2461,1,941,10,-1,99999,-1,-1,-3,-1,1,29520
4936,2462,1,877,3,-1,99999,-1,-1,-3,-1,1,29520
4937,2463,1,522,2,-1,99999,-1,-1,-3,-1,1,29580
4938,2464,1,483,6,-1,99999,-1,-1,-3,-1,1,29580
4939,2465,1,779,9,-1,99999,-1,-1,-3,-1,1,29580
4940,2465,1,793,6,-1,99999,-1,-1,-3,-1,1,29580
4941,2465,1,460,4,-1,99999,-1,-1,-3,-1,1,29580
4942,2466,1,509,7,-1,99999,-1,-1,-3,-1,1,29580
4943,2466,1,887,6,-1,99999,-1,-1,-3,-1,1,29580
4944,2466,1,464,8,-1,99999,-1,-1,-3,-1,1,29580
4945,2467,1,752,4,-1,99999,-1,-1,-3,-1,1,29640
4946,2468,1,409,7,-1,99999,-1,-1,-3,-1,1,29640
4947,2468,1,731,4,-1,99999,-1,-1,-3,-1,1,29640
4948,2468,1,430,8,-1,99999,-1,-1,-3,-1,1,29640
4949,2469,1,433,8,-1,99999,-1,-1,-3,-1,1,29640
4950,2470,1,903,2,-1,99999,-1,-1,-3,-1,1,29700
4951,2471,1,479,5,-1,99999,-1,-1,-3,-1,1,29700
4952,2471,1,793,6,-1,99999,-1,-1,-3,-1,1,29700
4953,2472,1,724,10,-1,99999,-1,-1,-3,-1,1,29700
4954,2473,1,442,7,-1,99999,-1,-1,-3,-1,1,29700
4955,2474,1,509,8,-1,99999,-1,-1,-3,-1,1,29700
4956,2474,1,670,4,-1,99999,-1,-1,-3,-1,1,29700
4957,2474,1,580,9,-1,99999,-1,-1,-3,-1,1,29700
4958,2475,1,508,10,-1,99999,-1,-1,-3,-1,1,29700
4959,2475,1,494,5,-1,99999,-1,-1,-3,-1,1,29700
4960,2476,1,495,7,-1,99999,-1,-1,-3,-1,1,29760
4961,2477,1,697,3,-1,99999,-1,-1,-3,-1,1,29760
4962,2477,1,502,8,-1,99999,-1,-1,-3,-1,1,29760
4963,2477,1,796,12,-1,99999,-1,-1,-3,-1,1,29760
4964,2477,1,508,10,-1,99999,-1,-1,-3,-1,1,29760
4965,2477,1,369,4,-1,99999,-1,-1,-3,-1,1,29760
4966,2478,1,508,3,-1,99999,-1,-1,-3,-1,1,29760
4967,2479,1,428,9,-1,99999,-1,-1,-3,-1,1,29820
4968,2479,1,449,4,-1,99999,-1,-1,-3,-1,1,29820
4969,2479,1,430,6,-1,99999,-1,-1,-3,-1,1,29820
4970,2479,1,267,5,-1,99999,-1,-1,-3,-1,1,29820
4971,2479,1,850,6,-1,99999,-1,-1,-3,-1,1,29820
4972,2479,1,501,6,-1,99999,-1,-1,-3,-1,1,29820
4973,2479,1,866,2,-1,99999,-1,-1,-3,-1,1,29820
4974,2479,1,466,7,-1,99999,-1,-1,-3,-1,1,29820
4975,2479,1,725,4,-1,99999,-1,-1,-3,-1,1,29820
4976,2480,1,557,1,-1,99999,-1,-1,-3,-1,1,29820
4977,2481,1,914,10,-1,99999,-1,-1,-3,-1,1,29820
4978,2482,1,683,4,-1,99999,-1,-1,-3,-1,1,29820
4979,2482,1,661,5,-1,99999,-1,-1,-3,-1,1,29820
4980,2483,1,929,5,-1,99999,-1,-1,-3,-1,1,29820
4981,2484,1,440,7,-1,99999,-1,-1,-3,-1,1,29820
4982,2484,1,512,12,-1,99999,-1,-1,-3,-1,1,29820
4983,2484,1,668,8,-1,99999,-1,-1,-3,-1,1,29820
4984,2484,1,812,4,-1,99999,-1,-1,-3,-1,1,29820
4985,2484,1,464,5,-1,99999,-1,-1,-3,-1,1,29820
4986,2485,1,433,6,-1,99999,-1,-1,-3,-1,1,29820
4987,2485,1,512,8,-1,99999,-1,-1,-3,-1,1,29820
4988,2485,1,488,4,-1,99999,-1,-1,-3,-1,1,29820
4989,2486,1,405,11,-1,99999,-1,-1,-3,-1,1,29820
4990,2487,1,440,7,-1,99999,-1,-1,-3,-1,1,29820
4991,2487,1,507,4,-1,99999,-1,-1,-3,-1,1,29820
4992,2488,1,465,8,-1,99999,-1,-1,-3,-1,1,29880
4993,2488,1,505,7,-1,99999,-1,-1,-3,-1,1,29880
4994,2489,1,521,8,-1,99999,-1,-1,-3,-1,1,29880
4995,2490,1,496,2,-1,99999,-1,-1,-3,-1,1,29880
4996,2490,1,243,7,-1,99999,-1,-1,-3,-1,1,29880
4997,2491,1,418,8,-1,99999,-1,-1,-3,-1,1,29880
4998,2492,1,440,10,-1,99999,-1,-1,-3,-1,1,29940
4999,2493,1,441,9,-1,99999,-1,-1,-3,-1,1,29940
5000,2493,1,449,6,-1,99999,-1,-1,-3,-1,1,29940
5001,2493,1,426,3,-1,99999,-1,-1,-3,-1,1,29940
5002,2494,1,455,6,-1,99999,-1,-1,-3,-1,1,29940
5003,2494,1,550,4,-1,99999,-1,-1,-3,-1,1,29940
5004,2494,1,427,6,-1,99999,-1,-1,-3,-1,1,29940
5005,2494,1,425,1,-1,99999,-1,-1,-3,-1,1,29940
5006,2495,1,620,10,-1,99999,-1,-1,-3,-1,1,29940
5007,2495,1,489,1,-1,99999,-1,-1,-3,-1,1,29940
5008,2495,1,470,4,-1,99999,-1,-1,-3,-1,1,29940
5009,2495,1,409,2,-1,99999,-1,-1,-3,-1,1,29940
5010,2496,1,417,7,-1,99999,-1,-1,-3,-1,1,29940
5011,2497,1,842,8,-1,99999,-1,-1,-3,-1,1,29940
5012,2497,1,487,3,-1,99999,-1,-1,-3,-1,1,29940
5013,2498,1,437,9,-1,99999,-1,-1,-3,-1,1,29940
5014,2499,1,479,6,-1,99999,-1,-1,-3,-1,1,29940
5015,2500,1,517,12,-1,99999,-1,-1,-3,-1,1,29940
5016,2501,1,895,9,-1,99999,-1,-1,-3,-1,1,30000
5017,2501,1,970,5,-1,99999,-1,-1,-3,-1,1,30000
5018,2501,1,433,6,-1,99999,-1,-1,-3,-1,1,30000
5019,2502,1,421,6,-1,99999,-1,-1,-3,-1,1,30000
5020,2502,1,573,2,-1,99999,-1,-1,-3,-1,1,30000
5021,2503,1,692,10,-1,99999,-1,-1,-3,-1,1,30000
5022,2503,1,476,8,-1,99999,-1,-1,-3,-1,1,30000
5023,2503,1,434,8,-1,99999,-1,-1,-3,-1,1,30000
5024,2503,1,866,6,-1,99999,-1,-1,-3,-1,1,30000
5025,2503,1,483,11,-1,99999,-1,-1,-3,-1,1,30000
5026,2504,1,724,6,-1,99999,-1,-1,-3,-1,1,30000
5027,2504,1,540,4,-1,99999,-1,-1,-3,-1,1,30000
5028,2505,1,693,2,-1,99999,-1,-1,-3,-1,1,30000
5029,2506,1,873,6,-1,99999,-1,-1,-3,-1,1,30000
5030,2506,1,487,8,-1,99999,-1,-1,-3,-1,1,30000
5031,2507,1,605,1,-1,99999,-1,-1,-3,-1,1,30060
5032,2507,1,403,2,-1,99999,-1,-1,-3,-1,1,30060
5033,2508,1,822,6,-1,99999,-1,-1,-3,-1,1,30060
5034,2508,1,456,9,-1,99999,-1,-1,-3,-1,1,30060
5035,2508,1,510,4,-1,99999,-1,-1,-3,-1,1,30060
5036,2508,1,479,5,-1,99999,-1,-1,-3,-1,1,30060
5037,2508,1,535,5,-1,99999,-1,-1,-3,-1,1,30060
5038,2508,1,540,9,-1,99999,-1,-1,-3,-1,1,30060
5039,2508,1,690,9,-1,99999,-1,-1,-3,-1,1,30060
5040,2509,1,459,8,-1,99999,-1,-1,-3,-1,1,30060
5041,2509,1,871,7,-1,99999,-1,-1,-3,-1,1,30060
5042,2510,1,957,6,-1,99999,-1,-1,-3,-1,1,30060
5043,2511,1,103,4,-1,99999,-1,-1,-3,-1,1,30060
5044,2512,1,483,8,-1,99999,-1,-1,-3,-1,1,30060
5045,2512,1,439,6,-1,99999,-1,-1,-3,-1,1,30060
5046,2513,1,708,3,-1,99999,-1,-1,-3,-1,1,30060
5047,2513,1,272,4,-1,99999,-1,-1,-3,-1,1,30060
5048,2514,1,416,3,-1,99999,-1,-1,-3,-1,1,30060
5049,2515,1,454,11,-1,99999,-1,-1,-3,-1,1,30060
5050,2515,1,457,7,-1,99999,-1,-1,-3,-1,1,30060
5051,2515,1,551,8,-1,99999,-1,-1,-3,-1,1,30060
5052,2515,1,63,7,-1,99999,-1,-1,-3,-1,1,30060
5053,2515,1,468,11,-1,99999,-1,-1,-3,-1,1,30060
5054,2515,1,472,2,-1,99999,-1,-1,-3,-1,1,30060
5055,2516,1,44,7,-1,99999,-1,-1,-3,-1,1,30120
5056,2516,1,439,6,-1,99999,-1,-1,-3,-1,1,30120
5057,2516,1,488,2,-1,99999,-1,-1,-3,-1,1,30120
5058,2516,1,508,5,-1,99999,-1,-1,-3,-1,1,30120
5059,2517,1,502,8,-1,99999,-1,-1,-3,-1,1,30120
5060,2518,1,566,2,-1,99999,-1,-1,-3,-1,1,30120
5061,2519,1,498,8,-1,99999,-1,-1,-3,-1,1,30120
5062,2519,1,467,8,-1,99999,-1,-1,-3,-1,1,30120
5063,2520,1,462,10,-1,99999,-1,-1,-3,-1,1,30120
5064,2520,1,703,6,-1,99999,-1,-1,-3,-1,1,30120
5065,2521,1,429,6,-1,99999,-1,-1,-3,-1,1,30120
5066,2522,1,464,2,-1,99999,-1,-1,-3,-1,1,30120
5067,2523,1,461,6,-1,99999,-1,-1,-3,-1,1,30120
5068,2524,1,454,12,-1,99999,-1,-1,-3,-1,1,30120
5069,2524,1,452,2,-1,99999,-1,-1,-3,-1,1,30120
5070,2525,1,509,5,-1,99999,-1,-1,-3,-1,1,30120
5071,2526,1,914,8,-1,99999,-1,-1,-3,-1,1,30180
5072,2527,1,411,8,-1,99999,-1,-1,-3,-1,1,30180
5073,2528,1,481,3,-1,99999,-1,-1,-3,-1,1,30240
5074,2528,1,436,11,-1,99999,-1,-1,-3,-1,1,30240
5075,2528,1,479,4,-1,99999,-1,-1,-3,-1,1,30240
5076,2528,1,472,12,-1,99999,-1,-1,-3,-1,1,30240
5077,2528,1,345,4,-1,99999,-1,-1,-3,-1,1,30240
5078,2529,1,412,6,-1,99999,-1,-1,-3,-1,1,30240
5079,2530,1,597,4,-1,99999,-1,-1,-3,-1,1,30240
5080,2530,1,450,8,-1,99999,-1,-1,-3,-1,1,30240
5081,2531,1,520,4,-1,99999,-1,-1,-3,-1,1,30240
5082,2532,1,458,4,-1,99999,-1,-1,-3,-1,1,30240
5083,2533,1,35,4,-1,99999,-1,-1,-3,-1,1,30240
5084,2534,1,881,9,-1,99999,-1,-1,-3,-1,1,30240
5085,2534,1,518,4,-1,99999,-1,-1,-3,-1,1,30240
5086,2534,1,799,6,-1,99999,-1,-1,-3,-1,1,30240
5087,2534,1,113,4,-1,99999,-1,-1,-3,-1,1,30240
5088,2534,1,837,8,-1,99999,-1,-1,-3,-1,1,30240
5089,2535,1,597,4,-1,99999,-1,-1,-3,-1,1,30240
5090,2535,1,694,6,-1,99999,-1,-1,-3,-1,1,30240
5091,2535,1,460,7,-1,99999,-1,-1,-3,-1,1,30240
5092,2536,1,429,2,-1,99999,-1,-1,-3,-1,1,30300
5093,2536,1,600,5,-1,99999,-1,-1,-3,-1,1,30300
5094,2536,1,509,6,-1,99999,-1,-1,-3,-1,1,30300
5095,2536,1,687,7,-1,99999,-1,-1,-3,-1,1,30300
5096,2536,1,526,9,-1,99999,-1,-1,-3,-1,1,30300
5097,2536,1,465,2,-1,99999,-1,-1,-3,-1,1,30300
5098,2536,1,425,2,-1,99999,-1,-1,-3,-1,1,30300
5099,2536,1,853,4,-1,99999,-1,-1,-3,-1,1,30300
5100,2537,1,912,8,-1,99999,-1,-1,-3,-1,1,30300
5101,2538,1,443,5,-1,99999,-1,-1,-3,-1,1,30300
5102,2539,1,492,6,-1,99999,-1,-1,-3,-1,1,30300
5103,2539,1,417,7,-1,99999,-1,-1,-3,-1,1,30300
5104,2539,1,371,5,-1,99999,-1,-1,-3,-1,1,30300
5105,2539,1,697,3,-1,99999,-1,-1,-3,-1,1,30300
5106,2540,1,792,12,-1,99999,-1,-1,-3,-1,1,30360
5107,2541,1,401,11,-1,99999,-1,-1,-3,-1,1,30360
5108,2541,1,664,6,-1,99999,-1,-1,-3,-1,1,30360
5109,2541,1,923,2,-1,99999,-1,-1,-3,-1,1,30360
5110,2541,1,679,8,-1,99999,-1,-1,-3,-1,1,30360
5111,2542,1,938,12,-1,99999,-1,-1,-3,-1,1,30360
5112,2542,1,438,6,-1,99999,-1,-1,-3,-1,1,30360
5113,2543,1,85,6,-1,99999,-1,-1,-3,-1,1,30360
5114,2544,1,872,5,-1,99999,-1,-1,-3,-1,1,30360
5115,2545,1,454,10,-1,99999,-1,-1,-3,-1,1,30360
5116,2545,1,484,11,-1,99999,-1,-1,-3,-1,1,30360
5117,2546,1,482,7,-1,99999,-1,-1,-3,-1,1,30360
5118,2546,1,438,4,-1,99999,-1,-1,-3,-1,1,30360
5119,2546,1,483,9,-1,99999,-1,-1,-3,-1,1,30360
5120,2546,1,869,8,-1,99999,-1,-1,-3,-1,1,30360
5121,2546,1,153,8,-1,99999,-1,-1,-3,-1,1,30360
5122,2546,1,327,8,-1,99999,-1,-1,-3,-1,1,30360
5123,2547,1,752,7,-1,99999,-1,-1,-3,-1,1,30360
5124,2547,1,848,5,-1,99999,-1,-1,-3,-1,1,30360
5125,2547,1,481,7,-1,99999,-1,-1,-3,-1,1,30360
5126,2548,1,797,4,-1,99999,-1,-1,-3,-1,1,30420
5127,2548,1,504,5,-1,99999,-1,-1,-3,-1,1,30420
5128,2549,1,452,6,-1,99999,-1,-1,-3,-1,1,30420
5129,2550,1,271,6,-1,99999,-1,-1,-3,-1,1,30420
5130,2551,1,491,3,-1,99999,-1,-1,-3,-1,1,30420
5131,2551,1,459,4,-1,99999,-1,-1,-3,-1,1,30420
5132,2551,1,754,11,-1,99999,-1,-1,-3,-1,1,30420
5133,2551,1,499,6,-1,99999,-1,-1,-3,-1,1,30420
5134,2551,1,862,3,-1,99999,-1,-1,-3,-1,1,30420
5135,2551,1,434,10,-1,99999,-1,-1,-3,-1,1,30420
5136,2552,1,479,8,-1,99999,-1,-1,-3,-1,1,30420
5137,2552,1,504,4,-1,99999,-1,-1,-3,-1,1,30420
5138,2553,1,198,8,-1,99999,-1,-1,-3,-1,1,30420
5139,2553,1,540,8,-1,99999,-1,-1,-3,-1,1,30420
5140,2554,1,447,5,-1,99999,-1,-1,-3,-1,1,30420
5141,2554,1,432,4,-1,99999,-1,-1,-3,-1,1,30420
5142,2554,1,430,6,-1,99999,-1,-1,-3,-1,1,30420
5143,2554,1,444,12,-1,99999,-1,-1,-3,-1,1,30420
5144,2555,1,467,10,-1,99999,-1,-1,-3,-1,1,30420
5145,2556,1,953,3,-1,99999,-1,-1,-3,-1,1,30420
5146,2556,1,413,4,-1,99999,-1,-1,-3,-1,1,30420
5147,2556,1,616,9,-1,99999,-1,-1,-3,-1,1,30420
5148,2556,1,503,6,-1,99999,-1,-1,-3,-1,1,30420
5149,2557,1,220,2,-1,99999,-1,-1,-3,-1,1,30420
5150,2557,1,484,6,-1,99999,-1,-1,-3,-1,1,30420
5151,2557,1,404,8,-1,99999,-1,-1,-3,-1,1,30420
5152,2557,1,691,12,-1,99999,-1,-1,-3,-1,1,30420
5153,2557,1,568,4,-1,99999,-1,-1,-3,-1,1,30420
5154,2557,1,471,6,-1,99999,-1,-1,-3,-1,1,30420
5155,2557,1,466,10,-1,99999,-1,-1,-3,-1,1,30420
5156,2557,1,917,8,-1,99999,-1,-1,-3,-1,1,30420
5157,2557,1,496,4,-1,99999,-1,-1,-3,-1,1,30420
5158,2558,1,519,12,-1,99999,-1,-1,-3,-1,1,30480
5159,2558,1,414,11,-1,99999,-1,-1,-3,-1,1,30480
5160,2558,1,459,3,-1,99999,-1,-1,-3,-1,1,30480
5161,2558,1,503,10,-1,99999,-1,-1,-3,-1,1,30480
5162,2558,1,444,2,-1,99999,-1,-1,-3,-1,1,30480
5163,2559,1,484,4,-1,99999,-1,-1,-3,-1,1,30480
5164,2559,1,413,11,-1,99999,-1,-1,-3,-1,1,30480
5165,2560,1,344,3,-1,99999,-1,-1,-3,-1,1,30540
5166,2560,1,599,6,-1,99999,-1,-1,-3,-1,1,30540
5167,2560,1,817,8,-1,99999,-1,-1,-3,-1,1,30540
5168,2561,1,663,8,-1,99999,-1,-1,-3,-1,1,30540
5169,2562,1,635,10,-1,99999,-1,-1,-3,-1,1,30540
5170,2563,1,864,2,-1,99999,-1,-1,-3,-1,1,30540
5171,2564,1,282,6,-1,99999,-1,-1,-3,-1,1,30540
5172,2565,1,436,4,-1,99999,-1,-1,-3,-1,1,30600
5173,2565,1,952,8,-1,99999,-1,-1,-3,-1,1,30600
5174,2566,1,971,6,-1,99999,-1,-1,-3,-1,1,30600
5175,2566,1,430,5,-1,99999,-1,-1,-3,-1,1,30600
5176,2567,1,796,7,-1,99999,-1,-1,-3,-1,1,30600
5177,2568,1,505,6,-1,99999,-1,-1,-3,-1,1,30600
5178,2568,1,442,3,-1,99999,-1,-1,-3,-1,1,30600
5179,2568,1,419,8,-1,99999,-1,-1,-3,-1,1,30600
5180,2568,1,411,7,-1,99999,-1,-1,-3,-1,1,30600
5181,2569,1,945,10,-1,99999,-1,-1,-3,-1,1,30600
5182,2570,1,524,8,-1,99999,-1,-1,-3,-1,1,30600
5183,2570,1,444,11,-1,99999,-1,-1,-3,-1,1,30600
5184,2571,1,459,4,-1,99999,-1,-1,-3,-1,1,30600
5185,2572,1,427,3,-1,99999,-1,-1,-3,-1,1,30660
5186,2572,1,917,11,-1,99999,-1,-1,-3,-1,1,30660
5187,2573,1,442,4,-1,99999,-1,-1,-3,-1,1,30660
5188,2574,1,463,4,-1,99999,-1,-1,-3,-1,1,30660
5189,2575,1,488,3,-1,99999,-1,-1,-3,-1,1,30660
5190,2575,1,508,4,-1,99999,-1,-1,-3,-1,1,30660
5191,2575,1,509,7,-1,99999,-1,-1,-3,-1,1,30660
5192,2575,1,477,6,-1,99999,-1,-1,-3,-1,1,30660
5193,2575,1,867,7,-1,99999,-1,-1,-3,-1,1,30660
5194,2575,1,499,5,-1,99999,-1,-1,-3,-1,1,30660
5195,2575,1,558,2,-1,99999,-1,-1,-3,-1,1,30660
5196,2576,1,517,4,-1,99999,-1,-1,-3,-1,1,30660
5197,2577,1,664,7,-1,99999,-1,-1,-3,-1,1,30660
5198,2577,1,501,6,-1,99999,-1,-1,-3,-1,1,30660
5199,2577,1,481,12,-1,99999,-1,-1,-3,-1,1,30660
5200,2578,1,920,4,-1,99999,-1,-1,-3,-1,1,30660
5201,2579,1,154,6,-1,99999,-1,-1,-3,-1,1,30660
5202,2579,1,487,10,-1,99999,-1,-1,-3,-1,1,30660
5203,2579,1,410,5,-1,99999,-1,-1,-3,-1,1,30660
5204,2579,1,651,10,-1,99999,-1,-1,-3,-1,1,30660
5205,2579,1,565,3,-1,99999,-1,-1,-3,-1,1,30660
5206,2580,1,424,1,-1,99999,-1,-1,-3,-1,1,30660
5207,2580,1,522,4,-1,99999,-1,-1,-3,-1,1,30660
5208,2581,1,624,2,-1,99999,-1,-1,-3,-1,1,30660
5209,2582,1,445,4,-1,99999,-1,-1,-3,-1,1,30660
5210,2583,1,471,5,-1,99999,-1,-1,-3,-1,1,30720
5211,2583,1,453,10,-1,99999,-1,-1,-3,-1,1,30720
5212,2583,1,510,4,-1,99999,-1,-1,-3,-1,1,30720
5213,2584,1,433,7,-1,99999,-1,-1,-3,-1,1,30720
5214,2585,1,310,5,-1,99999,-1,-1,-3,-1,1,30720
5215,2585,1,518,6,-1,99999,-1,-1,-3,-1,1,30720
5216,2586,1,683,5,-1,99999,-1,-1,-3,-1,1,30720
5217,2587,1,517,10,-1,99999,-1,-1,-3,-1,1,30720
5218,2588,1,449,9,-1,99999,-1,-1,-3,-1,1,30780
5219,2588,1,458,4,-1,99999,-1,-1,-3,-1,1,30780
5220,2588,1,438,2,-1,99999,-1,-1,-3,-1,1,30780
5221,2588,1,566,6,-1,99999,-1,-1,-3,-1,1,30780
5222,2588,1,803,8,-1,99999,-1,-1,-3,-1,1,30780
5223,2589,1,455,1,-1,99999,-1,-1,-3,-1,1,30780
5224,2589,1,405,10,-1,99999,-1,-1,-3,-1,1,30780
5225,2589,1,479,2,-1,99999,-1,-1,-3,-1,1,30780
5226,2590,1,844,11,-1,99999,-1,-1,-3,-1,1,30780
5227,2590,1,608,4,-1,99999,-1,-1,-3,-1,1,30780
5228,2591,1,571,8,-1,99999,-1,-1,-3,-1,1,30780
5229,2591,1,923,6,-1,99999,-1,-1,-3,-1,1,30780
5230,2591,1,504,6,-1,99999,-1,-1,-3,-1,1,30780
5231,2591,1,448,5,-1,99999,-1,-1,-3,-1,1,30780
5232,2591,1,432,3,-1,99999,-1,-1,-3,-1,1,30780
5233,2591,1,515,9,-1,99999,-1,-1,-3,-1,1,30780
5234,2591,1,498,9,-1,99999,-1,-1,-3,-1,1,30780
5235,2592,1,510,9,-1,99999,-1,-1,-3,-1,1,30780
5236,2592,1,450,7,-1,99999,-1,-1,-3,-1,1,30780
5237,2592,1,425,4,-1,99999,-1,-1,-3,-1,1,30780
5238,2592,1,406,9,-1,99999,-1,-1,-3,-1,1,30780
5239,2592,1,461,8,-1,99999,-1,-1,-3,-1,1,30780
5240,2592,1,460,7,-1,99999,-1,-1,-3,-1,1,30780
5241,2592,1,402,10,-1,99999,-1,-1,-3,-1,1,30780
5242,2592,1,436,10,-1,99999,-1,-1,-3,-1,1,30780
5243,2593,1,582,10,-1,99999,-1,-1,-3,-1,1,30780
5244,2594,1,500,11,-1,99999,-1,-1,-3,-1,1,30780
5245,2595,1,436,6,-1,99999,-1,-1,-3,-1,1,30840
5246,2596,1,402,10,-1,99999,-1,-1,-3,-1,1,30840
5247,2597,1,830,10,-1,99999,-1,-1,-3,-1,1,30840
5248,2598,1,448,4,-1,99999,-1,-1,-3,-1,1,30900
5249,2599,1,794,12,-1,99999,-1,-1,-3,-1,1,30900
5250,2599,1,509,6,-1,99999,-1,-1,-3,-1,1,30900
5251,2600,1,438,6,-1,99999,-1,-1,-3,-1,1,30900
5252,2601,1,307,8,-1,99999,-1,-1,-3,-1,1,30900
5253,2601,1,752,5,-1,99999,-1,-1,-3,-1,1,30900
5254,2601,1,435,6,-1,99999,-1,-1,-3,-1,1,30900
5255,2601,1,422,6,-1,99999,-1,-1,-3,-1,1,30900
5256,2601,1,387,2,-1,99999,-1,-1,-3,-1,1,30900
5257,2602,1,833,10,-1,99999,-1,-1,-3,-1,1,30900
5258,2602,1,806,9,-1,99999,-1,-1,-3,-1,1,30900
5259,2603,1,832,9,-1,99999,-1,-1,-3,-1,1,30900
5260,2604,1,953,6,-1,99999,-1,-1,-3,-1,1,30900
5261,2605,1,412,12,-1,99999,-1,-1,-3,-1,1,30900
5262,2605,1,515,5,-1,99999,-1,-1,-3,-1,1,30900
5263,2605,1,451,11,-1,99999,-1,-1,-3,-1,1,30900
5264,2605,1,608,6,-1,99999,-1,-1,-3,-1,1,30900
5265,2605,1,545,10,-1,99999,-1,-1,-3,-1,1,30900
5266,2605,1,452,6,-1,99999,-1,-1,-3,-1,1,30900
5267,2606,1,439,6,-1,99999,-1,-1,-3,-1,1,30900
5268,2606,1,424,7,-1,99999,-1,-1,-3,-1,1,30900
5269,2606,1,415,4,-1,99999,-1,-1,-3,-1,1,30900
5270,2607,1,720,4,-1,99999,-1,-1,-3,-1,1,30960
5271,2607,1,513,9,-1,99999,-1,-1,-3,-1,1,30960
5272,2608,1,645,3,-1,99999,-1,-1,-3,-1,1,30960
5273,2609,1,533,2,-1,99999,-1,-1,-3,-1,1,30960
5274,2610,1,495,12,-1,99999,-1,-1,-3,-1,1,30960
5275,2610,1,463,8,-1,99999,-1,-1,-3,-1,1,30960
5276,2610,1,523,8,-1,99999,-1,-1,-3,-1,1,30960
5277,2610,1,484,4,-1,99999,-1,-1,-3,-1,1,30960
5278,2611,1,431,10,-1,99999,-1,-1,-3,-1,1,30960
5279,2612,1,502,6,-1,99999,-1,-1,-3,-1,1,30960
5280,2613,1,519,1,-1,99999,-1,-1,-3,-1,1,31020
5281,2614,1,511,11,-1,99999,-1,-1,-3,-1,1,31020
5282,2615,1,455,9,-1,99999,-1,-1,-3,-1,1,31020
5283,2616,1,455,9,-1,99999,-1,-1,-3,-1,1,31020
5284,2617,1,412,7,-1,99999,-1,-1,-3,-1,1,31020
5285,2617,1,454,11,-1,99999,-1,-1,-3,-1,1,31020
5286,2617,1,479,3,-1,99999,-1,-1,-3,-1,1,31020
5287,2618,1,746,5,-1,99999,-1,-1,-3,-1,1,31020
5288,2618,1,478,10,-1,99999,-1,-1,-3,-1,1,31020
5289,2618,1,871,6,-1,99999,-1,-1,-3,-1,1,31020
5290,2618,1,520,9,-1,99999,-1,-1,-3,-1,1,31020
5291,2619,1,570,10,-1,99999,-1,-1,-3,-1,1,31080
5292,2620,1,952,4,-1,99999,-1,-1,-3,-1,1,31080
5293,2620,1,407,4,-1,99999,-1,-1,-3,-1,1,31080
5294,2620,1,444,6,-1,99999,-1,-1,-3,-1,1,31080
5295,2621,1,939,3,-1,99999,-1,-1,-3,-1,1,31140
5296,2622,1,655,6,-1,99999,-1,-1,-3,-1,1,31140
5297,2623,1,453,6,-1,99999,-1,-1,-3,-1,1,31140
5298,2623,1,488,10,-1,99999,-1,-1,-3,-1,1,31140
5299,2623,1,405,12,-1,99999,-1,-1,-3,-1,1,31140
5300,2623,1,452,8,-1,99999,-1,-1,-3,-1,1,31140
5301,2624,1,504,8,-1,99999,-1,-1,-3,-1,1,31140
5302,2624,1,425,7,-1,99999,-1,-1,-3,-1,1,31140
5303,2625,1,517,6,-1,99999,-1,-1,-3,-1,1,31200
5304,2626,1,956,10,-1,99999,-1,-1,-3,-1,1,31200
5305,2627,1,457,4,-1,99999,-1,-1,-3,-1,1,31200
5306,2627,1,347,12,-1,99999,-1,-1,-3,-1,1,31200
5307,2627,1,899,3,-1,99999,-1,-1,-3,-1,1,31200
5308,2627,1,478,11,-1,99999,-1,-1,-3,-1,1,31200
5309,2628,1,642,8,-1,99999,-1,-1,-3,-1,1,31200
5310,2628,1,502,4,-1,99999,-1,-1,-3,-1,1,31200
5311,2628,1,508,3,-1,99999,-1,-1,-3,-1,1,31200
5312,2629,1,911,5,-1,99999,-1,-1,-3,-1,1,31260
5313,2630,1,461,10,-1,99999,-1,-1,-3,-1,1,31260
5314,2630,1,505,6,-1,99999,-1,-1,-3,-1,1,31260
5315,2630,1,530,2,-1,99999,-1,-1,-3,-1,1,31260
5316,2631,1,756,8,-1,99999,-1,-1,-3,-1,1,31260
5317,2632,1,439,6,-1,99999,-1,-1,-3,-1,1,31320
5318,2632,1,449,6,-1,99999,-1,-1,-3,-1,1,31320
5319,2632,1,830,8,-1,99999,-1,-1,-3,-1,1,31320
5320,2632,1,885,6,-1,99999,-1,-1,-3,-1,1,31320
5321,2633,1,494,8,-1,99999,-1,-1,-3,-1,1,31320
5322,2634,1,647,6,-1,99999,-1,-1,-3,-1,1,31320
5323,2634,1,427,11,-1,99999,-1,-1,-3,-1,1,31320
5324,2635,1,426,8,-1,99999,-1,-1,-3,-1,1,31320
5325,2635,1,442,6,-1,99999,-1,-1,-3,-1,1,31320
5326,2636,1,825,6,-1,99999,-1,-1,-3,-1,1,31320
5327,2637,1,502,8,-1,99999,-1,-1,-3,-1,1,31380
5328,2637,1,454,8,-1,99999,-1,-1,-3,-1,1,31380
5329,2638,1,11,4,-1,99999,-1,-1,-3,-1,1,31380
