order_id,item_code,item_name,item_quantity,order_date
DO_0000213097,10021025001,黑松FIN補給飲料TP300ml,48,08/01/21 02.15
DO_0000264769,10000011001,可口可樂 Can 250 ml,48,08/01/21 02.16
DO_0000223147,10021025001,黑松FIN補給飲料TP300ml,6,08/01/21 02.27
DO_0000218472,10000011001,可口可樂 Can 250 ml,24,08/01/21 02.27
DO_0000252404,10021025001,黑松FIN補給飲料TP300ml,24,08/01/21 02.30
DO_0000259382,10021025001,黑松FIN補給飲料TP300ml,48,08/01/21 02.36
DO_0000258003,10021025001,黑松FIN補給飲料TP300ml,48,08/01/21 02.38
DO_0000213069,10000011001,可口可樂 Can 250 ml,24,08/01/21 02.58
DO_0000227497,10021025001,黑松FIN補給飲料TP300ml,24,08/01/21 02.58
DO_0000232866,10021025001,黑松FIN補給飲料TP300ml,24,08/01/21 02.58
DO_0000219306,10021025001,黑松FIN補給飲料TP300ml,48,08/01/21 02.58
DO_0000232012,10000011001,可口可樂 Can 250 ml,24,08/01/21 02.58
DO_0000257880,10000011001,可口可樂 Can 250 ml,24,08/01/21 03.00
DO_0000265075,10000011001,可口可樂 Can 250 ml,24,08/01/21 03.05
DO_0000262796,10000011001,可口可樂 Can 250 ml,48,08/01/21 03.07
DO_0000243202,10021025001,黑松FIN補給飲料TP300ml,24,08/01/21 03.10
DO_0000246848,10021025001,黑松FIN補給飲料TP300ml,24,08/01/21 03.10
DO_0000246254,10021025001,黑松FIN補給飲料TP300ml,48,08/01/21 03.10
DO_0000259099,10021025001,黑松FIN補給飲料TP300ml,48,08/01/21 08.19
DO_0000254003,10021025001,黑松FIN補給飲料TP300ml,12,08/01/21 08.19
DO_0000254003,10021025001,黑松FIN補給飲料TP300ml,12,08/01/21 08.19
DO_0000264736,10000011001,可口可樂 Can 250 ml,24,08/01/21 08.19
DO_0000264010,10021025001,黑松FIN補給飲料TP300ml,24,08/01/21 08.19
DO_0000263383,10021025001,黑松FIN補給飲料TP300ml,48,08/01/21 08.19
DO_0000258006,10021025001,黑松FIN補給飲料TP300ml,48,08/01/21 08.19
DO_0000260602,10021025001,黑松FIN補給飲料TP300ml,48,08/01/21 08.19
DO_0000262931,10021025001,黑松FIN補給飲料TP300ml,24,08/01/21 08.19
DO_0000263114,10021025001,黑松FIN補給飲料TP300ml,24,08/01/21 08.19
DO_0000262878,10000011001,可口可樂 Can 250 ml,24,08/01/21 08.19
DO_0000262878,10021025001,黑松FIN補給飲料TP300ml,24,08/01/21 08.19
DO_0000250721,10000011001,可口可樂 Can 250 ml,48,08/01/21 08.19
DO_0000250721,10021025001,黑松FIN補給飲料TP300ml,48,08/01/21 08.19
DO_0000259324,10021025001,黑松FIN補給飲料TP300ml,24,08/01/21 08.19
DO_0000261437,10021025001,黑松FIN補給飲料TP300ml,96,08/01/21 08.19
DO_0000262829,10021025001,黑松FIN補給飲料TP300ml,24,08/01/21 08.19
DO_0000263169,10021025001,黑松FIN補給飲料TP300ml,24,08/01/21 08.19
DO_0000250642,10021025001,黑松FIN補給飲料TP300ml,24,08/01/21 08.19
DO_0000263537,10021025001,黑松FIN補給飲料TP300ml,6,08/01/21 08.20
DO_0000213005,10000011001,可口可樂 Can 250 ml,48,08/01/21 09.33
DO_0000230832,10021025001,黑松FIN補給飲料TP300ml,48,08/01/21 09.35
DO_0000242819,10000011001,可口可樂 Can 250 ml,24,08/01/21 09.35
DO_0000266154,10000011001,可口可樂 Can 250 ml,24,08/01/21 09.40
DO_0000264477,10021025001,黑松FIN補給飲料TP300ml,48,08/01/21 09.41
DO_0000242834,10021025001,黑松FIN補給飲料TP300ml,48,08/01/21 09.48
DO_0000259051,10021025001,黑松FIN補給飲料TP300ml,24,08/01/21 09.53
DO_0000267831,10021025001,黑松FIN補給飲料TP300ml,24,08/01/21 12.13
DO_0000267448,10021025001,黑松FIN補給飲料TP300ml,24,08/01/21 12.13
DO_0000267824,10021025001,黑松FIN補給飲料TP300ml,24,08/01/21 12.14
DO_0000267904,10021025001,黑松FIN補給飲料TP300ml,6,08/01/21 13.42
DO_0000268032,10021025001,黑松FIN補給飲料TP300ml,48,08/01/21 13.42
DO_0000267983,10021025001,黑松FIN補給飲料TP300ml,48,08/01/21 13.42
DO_0000267982,10021025001,黑松FIN補給飲料TP300ml,48,08/01/21 13.42
DO_0000268069,10021025001,黑松FIN補給飲料TP300ml,12,08/01/21 13.42
DO_0000250648,10021025001,黑松FIN補給飲料TP300ml,48,08/01/21 14.18
DO_0000259689,10021025001,黑松FIN補給飲料TP300ml,24,08/01/21 14.22
DO_0000262840,10021025001,黑松FIN補給飲料TP300ml,6,08/01/21 14.36
DO_0000262648,10021025001,黑松FIN補給飲料TP300ml,6,08/01/21 14.36
DO_0000262835,10021025001,黑松FIN補給飲料TP300ml,24,08/01/21 14.36
DO_0000263093,10021025001,黑松FIN補給飲料TP300ml,48,08/01/21 14.36
DO_0000267930,10021025001,黑松FIN補給飲料TP300ml,24,08/01/21 14.40
DO_0000267887,10021025001,黑松FIN補給飲料TP300ml,24,08/01/21 14.42
DO_0000267829,10021025001,黑松FIN補給飲料TP300ml,24,08/01/21 14.42
DO_0000267428,10021025001,黑松FIN補給飲料TP300ml,6,08/01/21 14.46
DO_0000267394,10021025001,黑松FIN補給飲料TP300ml,48,08/01/21 14.51
DO_0000258009,10021025001,黑松FIN補給飲料TP300ml,48,08/01/21 14.55
DO_0000261442,10021025001,黑松FIN補給飲料TP300ml,48,08/01/21 14.59
DO_0000259182,10021025001,黑松FIN補給飲料TP300ml,24,08/01/21 14.59
DO_0000259663,10000011001,可口可樂 Can 250 ml,24,08/01/21 15.06
DO_0000259663,10021025001,黑松FIN補給飲料TP300ml,24,08/01/21 15.06
DO_0000262581,10000011001,可口可樂 Can 250 ml,24,08/01/21 15.06
DO_0000267372,10021025001,黑松FIN補給飲料TP300ml,24,08/01/21 15.06
DO_0000264371,10000011001,可口可樂 Can 250 ml,24,08/01/21 16.01
DO_0000259147,10021025001,黑松FIN補給飲料TP300ml,24,08/01/21 16.01
DO_0000263400,10000011001,可口可樂 Can 250 ml,24,08/01/21 16.01
DO_0000263400,10000011001,可口可樂 Can 250 ml,24,08/01/21 16.01
DO_0000264721,10000011001,可口可樂 Can 250 ml,24,08/01/21 16.01
DO_0000252045,10000011001,可口可樂 Can 250 ml,24,08/01/21 16.01
DO_0000259066,10000011001,可口可樂 Can 250 ml,24,08/01/21 16.01
DO_0000262594,10000011001,可口可樂 Can 250 ml,24,08/01/21 16.01
DO_0000267446,10000011001,可口可樂 Can 250 ml,24,08/01/21 16.01
DO_0000267411,10000011001,可口可樂 Can 250 ml,24,08/01/21 16.01
DO_0000259328,10000011001,可口可樂 Can 250 ml,24,08/01/21 16.01
DO_0000263587,10000011001,可口可樂 Can 250 ml,24,08/01/21 16.01
DO_0000224280,10000011001,可口可樂 Can 250 ml,48,08/01/21 16.01
DO_0000267221,10000011001,可口可樂 Can 250 ml,48,08/01/21 16.01
DO_0000267212,10000011001,可口可樂 Can 250 ml,48,08/01/21 16.01
DO_0000264887,10000011001,可口可樂 Can 250 ml,48,08/01/21 16.06
DO_0000270583,10000011001,可口可樂 Can 250 ml,24,08/01/21 16.33
DO_0000271527,10000011001,可口可樂 Can 250 ml,24,08/01/21 16.46
DO_0000271454,10000011001,可口可樂 Can 250 ml,24,08/01/21 16.47
DO_0000271665,10000011001,可口可樂 Can 250 ml,48,08/01/21 16.47
DO_0000271444,10000011001,可口可樂 Can 250 ml,24,08/01/21 16.47
DO_0000276521,10021025001,黑松FIN補給飲料TP300ml,48,08/01/21 18.40
DO_0000272313,10000011001,可口可樂 Can 250 ml,24,08/01/21 18.50
DO_0000273224,10021025001,黑松FIN補給飲料TP300ml,24,08/01/21 18.50
DO_0000273240,10021025001,黑松FIN補給飲料TP300ml,48,08/01/21 18.50
DO_0000273317,10000011001,可口可樂 Can 250 ml,24,08/01/21 18.50
DO_0000267912,10021025001,黑松FIN補給飲料TP300ml,48,08/01/21 20.07
DO_0000267431,10000011001,可口可樂 Can 250 ml,24,08/01/21 20.07
DO_0000267431,10021025001,黑松FIN補給飲料TP300ml,48,08/01/21 20.07
DO_0000273390,10021025001,黑松FIN補給飲料TP300ml,48,08/01/21 20.07
DO_0000273024,10021025001,黑松FIN補給飲料TP300ml,24,08/01/21 20.22
DO_0000263176,10021025001,黑松FIN補給飲料TP300ml,24,08/01/21 20.22
DO_0000221384,10000011001,可口可樂 Can 250 ml,24,08/01/21 21.50
DO_0000221384,10021025001,黑松FIN補給飲料TP300ml,24,08/01/21 21.50
DO_0000268019,10021025001,黑松FIN補給飲料TP300ml,24,08/01/21 21.50
DO_0000269654,10000011001,可口可樂 Can 250 ml,48,08/01/21 22.50
DO_0000263239,10000011001,可口可樂 Can 250 ml,24,08/01/21 23.43
DO_0000263239,10021025001,黑松FIN補給飲料TP300ml,24,08/01/21 23.43
DO_0000247483,10000011001,可口可樂 Can 250 ml,24,08/01/21 23.43
DO_0000247483,10021025001,黑松FIN補給飲料TP300ml,48,08/01/21 23.43
DO_0000273270,10000011001,可口可樂 Can 250 ml,24,08/01/21 23.43
DO_0000263541,10021025001,黑松FIN補給飲料TP300ml,48,08/02/21 00.22
DO_0000268045,10021025001,黑松FIN補給飲料TP300ml,24,08/02/21 07.22
DO_0000277711,10021025001,黑松FIN補給飲料TP300ml,48,08/02/21 07.22
DO_0000276575,10021025001,黑松FIN補給飲料TP300ml,24,08/02/21 07.22
DO_0000277703,10000011001,可口可樂 Can 250 ml,24,08/02/21 07.40
DO_0000268017,10021025001,黑松FIN補給飲料TP300ml,48,08/02/21 07.40
DO_0000259135,10000011001,可口可樂 Can 250 ml,24,08/02/21 07.40
DO_0000217581,10021025001,黑松FIN補給飲料TP300ml,48,08/02/21 07.40
DO_0000267719,10000011001,可口可樂 Can 250 ml,24,08/02/21 07.40
DO_0000277622,10021025001,黑松FIN補給飲料TP300ml,48,08/02/21 07.40
DO_0000277518,10021025001,黑松FIN補給飲料TP300ml,48,08/02/21 07.40
DO_0000259047,10021025001,黑松FIN補給飲料TP300ml,24,08/02/21 07.40
DO_0000277232,10021025001,黑松FIN補給飲料TP300ml,6,08/02/21 07.40
DO_0000262459,10000011001,可口可樂 Can 250 ml,48,08/02/21 08.36
DO_0000262459,10021025001,黑松FIN補給飲料TP300ml,48,08/02/21 08.36
DO_0000232876,10000011001,可口可樂 Can 250 ml,24,08/02/21 08.36
DO_0000264008,10021025001,黑松FIN補給飲料TP300ml,24,08/02/21 08.36
DO_0000276908,10021025001,黑松FIN補給飲料TP300ml,24,08/02/21 08.36
DO_0000277311,10021025001,黑松FIN補給飲料TP300ml,6,08/02/21 08.36
DO_0000248656,10021025001,黑松FIN補給飲料TP300ml,24,08/02/21 08.36
DO_0000259498,10021025001,黑松FIN補給飲料TP300ml,66,08/02/21 08.36
DO_0000277416,10021025001,黑松FIN補給飲料TP300ml,48,08/02/21 08.36
DO_0000277306,10021025001,黑松FIN補給飲料TP300ml,84,08/02/21 08.36
DO_0000218818,10021025001,黑松FIN補給飲料TP300ml,48,08/02/21 08.36
DO_0000263231,10000011001,可口可樂 Can 250 ml,48,08/02/21 08.36
DO_0000263231,10021025001,黑松FIN補給飲料TP300ml,48,08/02/21 08.36
DO_0000259129,10021025001,黑松FIN補給飲料TP300ml,24,08/02/21 08.36
DO_0000262460,10000011001,可口可樂 Can 250 ml,48,08/02/21 08.36
DO_0000277677,10021025001,黑松FIN補給飲料TP300ml,12,08/02/21 08.36
DO_0000259094,10021025001,黑松FIN補給飲料TP300ml,24,08/02/21 08.36
DO_0000259106,10000011001,可口可樂 Can 250 ml,24,08/02/21 08.36
DO_0000263582,10021025001,黑松FIN補給飲料TP300ml,48,08/02/21 08.36
DO_0000249498,10000011001,可口可樂 Can 250 ml,48,08/02/21 08.36
DO_0000249498,10021025001,黑松FIN補給飲料TP300ml,48,08/02/21 08.36
DO_0000267465,10021025001,黑松FIN補給飲料TP300ml,24,08/02/21 08.36
DO_0000276583,10000011001,可口可樂 Can 250 ml,24,08/02/21 08.37
DO_0000278979,10000011001,可口可樂 Can 250 ml,24,08/02/21 10.26
DO_0000279483,10000011001,可口可樂 Can 250 ml,24,08/02/21 10.31
DO_0000259136,10000011001,可口可樂 Can 250 ml,48,08/02/21 10.34
DO_0000277429,10000011001,可口可樂 Can 250 ml,24,08/02/21 10.34
DO_0000282567,10000011001,可口可樂 Can 250 ml,24,08/02/21 13.06
DO_0000218624,10000011001,可口可樂 Can 250 ml,48,08/02/21 14.07
DO_0000267674,10000011001,可口可樂 Can 250 ml,48,08/02/21 14.07
DO_0000263212,10000011001,可口可樂 Can 250 ml,48,08/02/21 14.08
DO_0000267725,10000011001,可口可樂 Can 250 ml,24,08/02/21 14.07
DO_0000267497,10000011001,可口可樂 Can 250 ml,24,08/02/21 14.07
DO_0000234949,10000011001,可口可樂 Can 250 ml,24,08/02/21 14.08
DO_0000234949,10021025001,黑松FIN補給飲料TP300ml,24,08/02/21 14.08
DO_0000268034,10000011001,可口可樂 Can 250 ml,48,08/02/21 14.08
DO_0000277469,10000011001,可口可樂 Can 250 ml,24,08/02/21 14.07
DO_0000262558,10000011001,可口可樂 Can 250 ml,24,08/02/21 14.08
DO_0000271534,10000011001,可口可樂 Can 250 ml,24,08/02/21 14.08
DO_0000271415,10000011001,可口可樂 Can 250 ml,24,08/02/21 14.08
DO_0000276582,10000011001,可口可樂 Can 250 ml,48,08/02/21 14.08
DO_0000264762,10021025001,黑松FIN補給飲料TP300ml,24,08/02/21 14.35
DO_0000267451,10021025001,黑松FIN補給飲料TP300ml,12,08/02/21 14.35
DO_0000267451,10021025001,黑松FIN補給飲料TP300ml,12,08/02/21 14.35
DO_0000284933,10021025001,黑松FIN補給飲料TP300ml,6,08/02/21 15.57
DO_0000227567,10000011001,可口可樂 Can 250 ml,24,08/02/21 15.57
DO_0000231459,10000011001,可口可樂 Can 250 ml,48,08/02/21 15.57
DO_0000285068,10000011001,可口可樂 Can 250 ml,48,08/02/21 15.57
DO_0000267654,10000011001,可口可樂 Can 250 ml,24,08/02/21 17.43
DO_0000267654,10021025001,黑松FIN補給飲料TP300ml,48,08/02/21 17.43
DO_0000281187,10000011001,可口可樂 Can 250 ml,48,08/02/21 17.43
DO_0000259113,10021025001,黑松FIN補給飲料TP300ml,48,08/02/21 17.43
DO_0000277497,10021025001,黑松FIN補給飲料TP300ml,24,08/02/21 17.43
DO_0000283917,10000011001,可口可樂 Can 250 ml,24,08/02/21 17.43
DO_0000277482,10021025001,黑松FIN補給飲料TP300ml,48,08/02/21 17.43
DO_0000264148,10021025001,黑松FIN補給飲料TP300ml,6,08/02/21 17.44
DO_0000264756,10000011001,可口可樂 Can 250 ml,24,08/02/21 17.44
DO_0000264756,10021025001,黑松FIN補給飲料TP300ml,24,08/02/21 17.44
DO_0000277653,10000011001,可口可樂 Can 250 ml,24,08/02/21 17.44
DO_0000285183,10000011001,可口可樂 Can 250 ml,24,08/02/21 17.44
DO_0000278862,10000011001,可口可樂 Can 250 ml,24,08/02/21 17.43
DO_0000279283,10000011001,可口可樂 Can 250 ml,24,08/02/21 17.44
DO_0000282139,10000011001,可口可樂 Can 250 ml,48,08/02/21 17.43
DO_0000267675,10021025001,黑松FIN補給飲料TP300ml,24,08/02/21 17.43
DO_0000285293,10000011001,可口可樂 Can 250 ml,24,08/02/21 17.44
DO_0000277284,10021025001,黑松FIN補給飲料TP300ml,12,08/02/21 17.44
DO_0000281991,10000011001,可口可樂 Can 250 ml,24,08/02/21 17.43
DO_0000277324,10021025001,黑松FIN補給飲料TP300ml,12,08/02/21 17.44
DO_0000281121,10000011001,可口可樂 Can 250 ml,48,08/02/21 17.43
DO_0000231088,10021025001,黑松FIN補給飲料TP300ml,24,08/02/21 20.33
DO_0000263215,10000011001,可口可樂 Can 250 ml,24,08/02/21 20.33
DO_0000263215,10021025001,黑松FIN補給飲料TP300ml,24,08/02/21 20.33
DO_0000262438,10021025001,黑松FIN補給飲料TP300ml,24,08/02/21 20.33
DO_0000259138,10021025001,黑松FIN補給飲料TP300ml,48,08/02/21 20.33
DO_0000250669,10000011001,可口可樂 Can 250 ml,24,08/02/21 20.33
DO_0000285494,10000011001,可口可樂 Can 250 ml,48,08/02/21 20.45
DO_0000264757,10021025001,黑松FIN補給飲料TP300ml,48,08/03/21 01.26
DO_0000277320,10021025001,黑松FIN補給飲料TP300ml,48,08/03/21 01.26
DO_0000264456,10021025001,黑松FIN補給飲料TP300ml,24,08/03/21 01.26
DO_0000277144,10021025001,黑松FIN補給飲料TP300ml,48,08/03/21 01.26
DO_0000277450,10000011001,可口可樂 Can 250 ml,24,08/03/21 01.26
DO_0000277701,10021025001,黑松FIN補給飲料TP300ml,48,08/03/21 01.26
DO_0000277535,10021025001,黑松FIN補給飲料TP300ml,48,08/03/21 01.26
DO_0000283843,10000011001,可口可樂 Can 250 ml,24,08/03/21 01.27
DO_0000285169,10021025001,黑松FIN補給飲料TP300ml,48,08/03/21 01.27
DO_0000283829,10000011001,可口可樂 Can 250 ml,24,08/03/21 01.27
DO_0000283361,10000011001,可口可樂 Can 250 ml,48,08/03/21 01.27
DO_0000267716,10021025001,黑松FIN補給飲料TP300ml,24,08/03/21 05.14
DO_0000250764,10021025001,黑松FIN補給飲料TP300ml,24,08/03/21 05.14
DO_0000259095,10000011001,可口可樂 Can 250 ml,48,08/03/21 05.20
DO_0000263514,10000011001,可口可樂 Can 250 ml,48,08/03/21 05.20
DO_0000239747,10021025001,黑松FIN補給飲料TP300ml,24,08/03/21 05.20
DO_0000262857,10021025001,黑松FIN補給飲料TP300ml,36,08/03/21 05.20
DO_0000264480,10000011001,可口可樂 Can 250 ml,24,08/03/21 05.21
DO_0000263223,10021025001,黑松FIN補給飲料TP300ml,24,08/03/21 05.21
DO_0000263558,10021025001,黑松FIN補給飲料TP300ml,48,08/03/21 05.21
DO_0000258943,10021025001,黑松FIN補給飲料TP300ml,6,08/03/21 05.21
DO_0000286028,10021025001,黑松FIN補給飲料TP300ml,48,08/03/21 05.21
DO_0000267711,10000011001,可口可樂 Can 250 ml,24,08/03/21 05.21
DO_0000262551,10021025001,黑松FIN補給飲料TP300ml,24,08/03/21 05.21
DO_0000286039,10021025001,黑松FIN補給飲料TP300ml,24,08/03/21 05.21
DO_0000263217,10021025001,黑松FIN補給飲料TP300ml,24,08/03/21 05.21
DO_0000267678,10021025001,黑松FIN補給飲料TP300ml,6,08/03/21 05.21
DO_0000267583,10021025001,黑松FIN補給飲料TP300ml,24,08/03/21 05.21
DO_0000237337,10021025001,黑松FIN補給飲料TP300ml,24,08/03/21 05.21
DO_0000237337,10021025001,黑松FIN補給飲料TP300ml,24,08/03/21 05.21
DO_0000263552,10021025001,黑松FIN補給飲料TP300ml,48,08/03/21 05.21
DO_0000285002,10021025001,黑松FIN補給飲料TP300ml,36,08/03/21 05.21
DO_0000263384,10000011001,可口可樂 Can 250 ml,24,08/03/21 05.21
DO_0000267676,10021025001,黑松FIN補給飲料TP300ml,48,08/03/21 05.21
DO_0000261083,10000011001,可口可樂 Can 250 ml,24,08/03/21 05.27
DO_0000261083,10021025001,黑松FIN補給飲料TP300ml,84,08/03/21 05.27
DO_0000261743,10000011001,可口可樂 Can 250 ml,48,08/03/21 05.27
DO_0000227856,10021025001,黑松FIN補給飲料TP300ml,6,08/03/21 05.27
DO_0000259068,10000011001,可口可樂 Can 250 ml,24,08/03/21 05.27
DO_0000259068,10021025001,黑松FIN補給飲料TP300ml,24,08/03/21 05.27
DO_0000261455,10021025001,黑松FIN補給飲料TP300ml,24,08/03/21 05.27
DO_0000262467,10021025001,黑松FIN補給飲料TP300ml,24,08/03/21 05.27
DO_0000284530,10021025001,黑松FIN補給飲料TP300ml,96,08/03/21 05.28
DO_0000267473,10000011001,可口可樂 Can 250 ml,24,08/03/21 05.28
DO_0000267475,10021025001,黑松FIN補給飲料TP300ml,6,08/03/21 05.28
DO_0000278954,10000011001,可口可樂 Can 250 ml,24,08/03/21 05.28
DO_0000276574,10021025001,黑松FIN補給飲料TP300ml,24,08/03/21 05.28
DO_0000263371,10021025001,黑松FIN補給飲料TP300ml,12,08/03/21 05.28
DO_0000284556,10021025001,黑松FIN補給飲料TP300ml,48,08/03/21 05.28
DO_0000284581,10021025001,黑松FIN補給飲料TP300ml,48,08/03/21 05.28
DO_0000286065,10021025001,黑松FIN補給飲料TP300ml,48,08/03/21 05.28
DO_0000284600,10021025001,黑松FIN補給飲料TP300ml,24,08/03/21 05.28
DO_0000286899,10021025001,黑松FIN補給飲料TP300ml,24,08/03/21 05.30
DO_0000286444,10021025001,黑松FIN補給飲料TP300ml,24,08/03/21 05.30
DO_0000286514,10021025001,黑松FIN補給飲料TP300ml,48,08/03/21 05.30
DO_0000286836,10021025001,黑松FIN補給飲料TP300ml,48,08/03/21 05.38
DO_0000286919,10000011001,可口可樂 Can 250 ml,48,08/03/21 05.38
DO_0000286646,10021025001,黑松FIN補給飲料TP300ml,48,08/03/21 05.38
DO_0000284617,10021025001,黑松FIN補給飲料TP300ml,24,08/03/21 08.51
DO_0000288858,10021025001,黑松FIN補給飲料TP300ml,48,08/03/21 09.42
DO_0000288913,10021025001,黑松FIN補給飲料TP300ml,24,08/03/21 10.03
DO_0000286470,10021025001,黑松FIN補給飲料TP300ml,24,08/03/21 10.55
DO_0000286758,10021025001,黑松FIN補給飲料TP300ml,6,08/03/21 10.55
DO_0000227629,10021025001,黑松FIN補給飲料TP300ml,48,08/03/21 13.07
DO_0000286814,10021025001,黑松FIN補給飲料TP300ml,48,08/03/21 13.07
DO_0000267718,10000011001,可口可樂 Can 250 ml,48,08/03/21 13.07
DO_0000267718,10021025001,黑松FIN補給飲料TP300ml,48,08/03/21 13.07
DO_0000227848,10000011001,可口可樂 Can 250 ml,24,08/03/21 13.07
DO_0000268058,10021025001,黑松FIN補給飲料TP300ml,24,08/03/21 13.07
DO_0000286034,10000011001,可口可樂 Can 250 ml,48,08/03/21 13.08
DO_0000286034,10021025001,黑松FIN補給飲料TP300ml,24,08/03/21 13.08
DO_0000285536,10000011001,可口可樂 Can 250 ml,48,08/03/21 13.08
DO_0000289203,10000011001,可口可樂 Can 250 ml,48,08/03/21 14.03
DO_0000289203,10021025001,黑松FIN補給飲料TP300ml,24,08/03/21 14.03
DO_0000289220,10021025001,黑松FIN補給飲料TP300ml,48,08/03/21 14.03
DO_0000290537,10021025001,黑松FIN補給飲料TP300ml,54,08/03/21 14.04
DO_0000290255,10021025001,黑松FIN補給飲料TP300ml,48,08/03/21 15.07
DO_0000289238,10021025001,黑松FIN補給飲料TP300ml,24,08/03/21 15.27
DO_0000292113,10000011001,可口可樂 Can 250 ml,24,08/03/21 16.18
DO_0000290380,10021025001,黑松FIN補給飲料TP300ml,24,08/03/21 16.18
DO_0000290984,10021025001,黑松FIN補給飲料TP300ml,24,08/03/21 16.18
DO_0000293232,10021025001,黑松FIN補給飲料TP300ml,24,08/03/21 16.18
DO_0000293241,10021025001,黑松FIN補給飲料TP300ml,24,08/03/21 16.52
DO_0000289781,10021025001,黑松FIN補給飲料TP300ml,24,08/03/21 16.52
DO_0000293222,10021025001,黑松FIN補給飲料TP300ml,24,08/03/21 16.52
DO_0000292074,10021025001,黑松FIN補給飲料TP300ml,48,08/03/21 16.52
DO_0000293337,10021025001,黑松FIN補給飲料TP300ml,48,08/03/21 16.52
DO_0000286891,10000011001,可口可樂 Can 250 ml,24,08/03/21 17.24
DO_0000259178,10021025001,黑松FIN補給飲料TP300ml,6,08/03/21 17.31
DO_0000227745,10021025001,黑松FIN補給飲料TP300ml,24,08/03/21 17.31
DO_0000259151,10021025001,黑松FIN補給飲料TP300ml,24,08/03/21 17.31
DO_0000255089,10000011001,可口可樂 Can 250 ml,24,08/03/21 17.31
DO_0000259036,10000011001,可口可樂 Can 250 ml,24,08/03/21 17.31
DO_0000262564,10000011001,可口可樂 Can 250 ml,48,08/03/21 17.33
DO_0000262564,10021025001,黑松FIN補給飲料TP300ml,48,08/03/21 17.33
DO_0000262505,10021025001,黑松FIN補給飲料TP300ml,12,08/03/21 17.33
DO_0000262792,10021025001,黑松FIN補給飲料TP300ml,48,08/03/21 17.33
DO_0000259495,10000011001,可口可樂 Can 250 ml,24,08/03/21 17.33
DO_0000259483,10000011001,可口可樂 Can 250 ml,48,08/03/21 17.33
DO_0000259483,10021025001,黑松FIN補給飲料TP300ml,48,08/03/21 17.33
DO_0000271145,10000011001,可口可樂 Can 250 ml,24,08/03/21 17.34
DO_0000277233,10000011001,可口可樂 Can 250 ml,24,08/03/21 17.34
DO_0000284577,10000011001,可口可樂 Can 250 ml,24,08/03/21 17.35
DO_0000285122,10021025001,黑松FIN補給飲料TP300ml,48,08/03/21 17.35
DO_0000286293,10000011001,可口可樂 Can 250 ml,24,08/03/21 17.35
DO_0000284568,10021025001,黑松FIN補給飲料TP300ml,48,08/03/21 17.35
DO_0000284605,10021025001,黑松FIN補給飲料TP300ml,48,08/03/21 17.35
DO_0000284956,10000011001,可口可樂 Can 250 ml,24,08/03/21 17.35
DO_0000264430,10000011001,可口可樂 Can 250 ml,24,08/03/21 17.37
DO_0000267478,10000011001,可口可樂 Can 250 ml,24,08/03/21 17.37
DO_0000262458,10021025001,黑松FIN補給飲料TP300ml,24,08/03/21 17.37
DO_0000267652,10000011001,可口可樂 Can 250 ml,24,08/03/21 17.37
DO_0000267729,10000011001,可口可樂 Can 250 ml,24,08/03/21 17.37
DO_0000277298,10000011001,可口可樂 Can 250 ml,48,08/03/21 17.41
DO_0000286350,10021025001,黑松FIN補給飲料TP300ml,48,08/03/21 17.43
DO_0000286565,10021025001,黑松FIN補給飲料TP300ml,24,08/03/21 17.45
DO_0000286750,10021025001,黑松FIN補給飲料TP300ml,24,08/03/21 17.47
DO_0000286635,10000011001,可口可樂 Can 250 ml,24,08/03/21 17.47
DO_0000286609,10021025001,黑松FIN補給飲料TP300ml,48,08/03/21 17.47
DO_0000286714,10021025001,黑松FIN補給飲料TP300ml,48,08/03/21 17.47
DO_0000293349,10021025001,黑松FIN補給飲料TP300ml,48,08/03/21 17.57
DO_0000293269,10021025001,黑松FIN補給飲料TP300ml,6,08/03/21 17.57
DO_0000292207,10021025001,黑松FIN補給飲料TP300ml,24,08/03/21 17.57
DO_0000288609,10021025001,黑松FIN補給飲料TP300ml,48,08/03/21 17.57
DO_0000292670,10021025001,黑松FIN補給飲料TP300ml,48,08/03/21 17.57
DO_0000292129,10000011001,可口可樂 Can 250 ml,24,08/03/21 17.58
DO_0000292129,10021025001,黑松FIN補給飲料TP300ml,24,08/03/21 17.58
DO_0000286747,10021025001,黑松FIN補給飲料TP300ml,12,08/03/21 17.58
DO_0000291121,10021025001,黑松FIN補給飲料TP300ml,24,08/03/21 17.58
DO_0000234946,10000011001,可口可樂 Can 250 ml,24,08/03/21 17.58
DO_0000234946,10021025001,黑松FIN補給飲料TP300ml,48,08/03/21 17.58
DO_0000286763,10000011001,可口可樂 Can 250 ml,48,08/03/21 17.58
DO_0000292402,10021025001,黑松FIN補給飲料TP300ml,24,08/03/21 20.32
DO_0000291023,10021025001,黑松FIN補給飲料TP300ml,24,08/03/21 20.32
DO_0000267494,10000011001,可口可樂 Can 250 ml,24,08/03/21 22.43
DO_0000282141,10000011001,可口可樂 Can 250 ml,24,08/03/21 22.43
DO_0000267648,10000011001,可口可樂 Can 250 ml,48,08/03/21 22.43
DO_0000267699,10000011001,可口可樂 Can 250 ml,24,08/03/21 22.43
DO_0000267699,10021025001,黑松FIN補給飲料TP300ml,24,08/03/21 22.43
DO_0000294866,10021025001,黑松FIN補給飲料TP300ml,24,08/04/21 06.26
DO_0000262588,10021025001,黑松FIN補給飲料TP300ml,24,08/04/21 06.36
DO_0000247356,10021025001,黑松FIN補給飲料TP300ml,18,08/04/21 06.37
DO_0000247356,10021025001,黑松FIN補給飲料TP300ml,6,08/04/21 06.37
DO_0000267891,10021025001,黑松FIN補給飲料TP300ml,6,08/04/21 06.37
DO_0000286500,10000011001,可口可樂 Can 250 ml,48,08/04/21 06.37
DO_0000263475,10000011001,可口可樂 Can 250 ml,24,08/04/21 06.37
DO_0000243038,10021025001,黑松FIN補給飲料TP300ml,24,08/04/21 06.37
DO_0000284580,10021025001,黑松FIN補給飲料TP300ml,24,08/04/21 06.37
DO_0000284601,10021025001,黑松FIN補給飲料TP300ml,24,08/04/21 06.37
DO_0000286453,10000011001,可口可樂 Can 250 ml,24,08/04/21 06.38
DO_0000292778,10021025001,黑松FIN補給飲料TP300ml,48,08/04/21 06.38
DO_0000286490,10021025001,黑松FIN補給飲料TP300ml,24,08/04/21 06.38
DO_0000286505,10000011001,可口可樂 Can 250 ml,24,08/04/21 06.38
DO_0000294486,10021025001,黑松FIN補給飲料TP300ml,48,08/04/21 06.38
DO_0000263388,10000011001,可口可樂 Can 250 ml,24,08/04/21 06.45
DO_0000263388,10021025001,黑松FIN補給飲料TP300ml,24,08/04/21 06.45
DO_0000262500,10021025001,黑松FIN補給飲料TP300ml,6,08/04/21 06.45
DO_0000286606,10000011001,可口可樂 Can 250 ml,24,08/04/21 06.45
DO_0000264287,10000011001,可口可樂 Can 250 ml,24,08/04/21 06.45
DO_0000263500,10000011001,可口可樂 Can 250 ml,24,08/04/21 06.45
DO_0000263500,10021025001,黑松FIN補給飲料TP300ml,24,08/04/21 06.45
DO_0000262933,10000011001,可口可樂 Can 250 ml,24,08/04/21 06.45
DO_0000286618,10021025001,黑松FIN補給飲料TP300ml,24,08/04/21 06.45
DO_0000267623,10021025001,黑松FIN補給飲料TP300ml,6,08/04/21 06.45
DO_0000262501,10021025001,黑松FIN補給飲料TP300ml,6,08/04/21 06.45
DO_0000288864,10021025001,黑松FIN補給飲料TP300ml,48,08/04/21 06.45
DO_0000262585,10000011001,可口可樂 Can 250 ml,24,08/04/21 06.45
DO_0000283121,10000011001,可口可樂 Can 250 ml,24,08/04/21 06.46
DO_0000285525,10000011001,可口可樂 Can 250 ml,24,08/04/21 06.46
DO_0000294846,10021025001,黑松FIN補給飲料TP300ml,24,08/04/21 06.46
DO_0000286040,10021025001,黑松FIN補給飲料TP300ml,48,08/04/21 06.46
DO_0000294956,10021025001,黑松FIN補給飲料TP300ml,48,08/04/21 06.46
DO_0000268040,10000011001,可口可樂 Can 250 ml,24,08/04/21 10.03
DO_0000262572,10000011001,可口可樂 Can 250 ml,24,08/04/21 10.03
DO_0000263232,10000011001,可口可樂 Can 250 ml,24,08/04/21 10.03
DO_0000263243,10000011001,可口可樂 Can 250 ml,24,08/04/21 10.03
DO_0000263540,10000011001,可口可樂 Can 250 ml,24,08/04/21 10.03
DO_0000284576,10021025001,黑松FIN補給飲料TP300ml,24,08/04/21 10.03
DO_0000262489,10021025001,黑松FIN補給飲料TP300ml,24,08/04/21 10.03
DO_0000287103,10021025001,黑松FIN補給飲料TP300ml,48,08/04/21 10.03
DO_0000250757,10021025001,黑松FIN補給飲料TP300ml,48,08/04/21 10.03
DO_0000294495,10021025001,黑松FIN補給飲料TP300ml,24,08/04/21 10.03
DO_0000284930,10000011001,可口可樂 Can 250 ml,24,08/04/21 10.03
DO_0000286508,10021025001,黑松FIN補給飲料TP300ml,24,08/04/21 10.03
DO_0000283129,10000011001,可口可樂 Can 250 ml,24,08/04/21 10.03
DO_0000259702,10021025001,黑松FIN補給飲料TP300ml,48,08/04/21 10.03
DO_0000294903,10021025001,黑松FIN補給飲料TP300ml,24,08/04/21 10.03
DO_0000254087,10000011001,可口可樂 Can 250 ml,24,08/04/21 10.03
DO_0000263542,10000011001,可口可樂 Can 250 ml,24,08/04/21 10.03
DO_0000270720,10021025001,黑松FIN補給飲料TP300ml,48,08/04/21 10.03
DO_0000263515,10000011001,可口可樂 Can 250 ml,48,08/04/21 10.03
DO_0000271241,10000011001,可口可樂 Can 250 ml,24,08/04/21 10.03
DO_0000234985,10000011001,可口可樂 Can 250 ml,24,08/04/21 10.03
DO_0000286352,10021025001,黑松FIN補給飲料TP300ml,6,08/04/21 10.03
DO_0000289729,10021025001,黑松FIN補給飲料TP300ml,48,08/04/21 10.03
DO_0000267531,10021025001,黑松FIN補給飲料TP300ml,6,08/04/21 10.37
DO_0000286014,10021025001,黑松FIN補給飲料TP300ml,24,08/04/21 11.40
DO_0000298861,10021025001,黑松FIN補給飲料TP300ml,24,08/04/21 11.40
DO_0000298660,10021025001,黑松FIN補給飲料TP300ml,48,08/04/21 11.40
DO_0000294782,10021025001,黑松FIN補給飲料TP300ml,48,08/04/21 11.40
DO_0000294885,10021025001,黑松FIN補給飲料TP300ml,48,08/04/21 11.40
DO_0000294872,10021025001,黑松FIN補給飲料TP300ml,48,08/04/21 11.40
DO_0000294757,10021025001,黑松FIN補給飲料TP300ml,48,08/04/21 11.40
DO_0000296973,10021025001,黑松FIN補給飲料TP300ml,24,08/04/21 11.40
DO_0000294874,10021025001,黑松FIN補給飲料TP300ml,24,08/04/21 13.21
DO_0000299209,10021025001,黑松FIN補給飲料TP300ml,24,08/04/21 13.21
DO_0000268012,10021025001,黑松FIN補給飲料TP300ml,6,08/04/21 13.21
DO_0000299125,10021025001,黑松FIN補給飲料TP300ml,54,08/04/21 13.21
DO_0000299610,10021025001,黑松FIN補給飲料TP300ml,6,08/04/21 14.18
DO_0000297002,10021025001,黑松FIN補給飲料TP300ml,48,08/04/21 14.18
DO_0000298450,10021025001,黑松FIN補給飲料TP300ml,12,08/04/21 14.18
DO_0000299536,10021025001,黑松FIN補給飲料TP300ml,48,08/04/21 14.18
DO_0000299989,10021025001,黑松FIN補給飲料TP300ml,24,08/04/21 14.18
DO_0000294232,10021025001,黑松FIN補給飲料TP300ml,6,08/04/21 14.52
DO_0000294232,10021025001,黑松FIN補給飲料TP300ml,18,08/04/21 14.52
DO_0000300306,10021025001,黑松FIN補給飲料TP300ml,48,08/04/21 15.55
DO_0000300301,10021025001,黑松FIN補給飲料TP300ml,48,08/04/21 15.55
DO_0000299488,10021025001,黑松FIN補給飲料TP300ml,24,08/04/21 15.55
DO_0000263512,10021025001,黑松FIN補給飲料TP300ml,24,08/04/21 16.00
DO_0000300004,10021025001,黑松FIN補給飲料TP300ml,48,08/04/21 16.00
DO_0000286537,10000011001,可口可樂 Can 250 ml,24,08/04/21 16.00
DO_0000259067,10021025001,黑松FIN補給飲料TP300ml,24,08/04/21 16.00
DO_0000285534,10021025001,黑松FIN補給飲料TP300ml,12,08/04/21 16.01
DO_0000294781,10021025001,黑松FIN補給飲料TP300ml,48,08/04/21 16.01
DO_0000296959,10021025001,黑松FIN補給飲料TP300ml,48,08/04/21 16.01
DO_0000264007,10021025001,黑松FIN補給飲料TP300ml,18,08/04/21 16.01
DO_0000277084,10021025001,黑松FIN補給飲料TP300ml,6,08/04/21 16.01
DO_0000298414,10021025001,黑松FIN補給飲料TP300ml,42,08/04/21 16.01
DO_0000298414,10021025001,黑松FIN補給飲料TP300ml,6,08/04/21 16.01
DO_0000294724,10021025001,黑松FIN補給飲料TP300ml,24,08/04/21 16.01
DO_0000263242,10021025001,黑松FIN補給飲料TP300ml,24,08/04/21 16.01
DO_0000267549,10021025001,黑松FIN補給飲料TP300ml,6,08/04/21 16.01
DO_0000300725,10021025001,黑松FIN補給飲料TP300ml,48,08/04/21 16.36
DO_0000300732,10021025001,黑松FIN補給飲料TP300ml,24,08/04/21 16.36
DO_0000300985,10021025001,黑松FIN補給飲料TP300ml,48,08/04/21 16.50
DO_0000263233,10021025001,黑松FIN補給飲料TP300ml,6,08/04/21 18.14
DO_0000259037,10000011001,可口可樂 Can 250 ml,24,08/04/21 18.16
DO_0000262514,10021025001,黑松FIN補給飲料TP300ml,24,08/04/21 18.16
DO_0000259602,10021025001,黑松FIN補給飲料TP300ml,24,08/04/21 18.16
DO_0000262566,10021025001,黑松FIN補給飲料TP300ml,24,08/04/21 18.16
DO_0000262478,10000011001,可口可樂 Can 250 ml,24,08/04/21 18.16
DO_0000259181,10021025001,黑松FIN補給飲料TP300ml,48,08/04/21 18.16
DO_0000256617,10000011001,可口可樂 Can 250 ml,24,08/04/21 18.16
DO_0000264471,10000011001,可口可樂 Can 250 ml,24,08/04/21 18.17
DO_0000263410,10000011001,可口可樂 Can 250 ml,48,08/04/21 18.17
DO_0000276986,10000011001,可口可樂 Can 250 ml,48,08/04/21 18.17
DO_0000267524,10021025001,黑松FIN補給飲料TP300ml,24,08/04/21 18.17
DO_0000271652,10000011001,可口可樂 Can 250 ml,24,08/04/21 18.17
DO_0000264446,10021025001,黑松FIN補給飲料TP300ml,48,08/04/21 18.17
DO_0000286072,10000011001,可口可樂 Can 250 ml,24,08/04/21 18.18
DO_0000286451,10021025001,黑松FIN補給飲料TP300ml,48,08/04/21 18.18
DO_0000289108,10000011001,可口可樂 Can 250 ml,24,08/04/21 18.21
DO_0000286615,10021025001,黑松FIN補給飲料TP300ml,12,08/04/21 18.21
DO_0000292767,10021025001,黑松FIN補給飲料TP300ml,48,08/04/21 18.21
DO_0000294873,10021025001,黑松FIN補給飲料TP300ml,24,08/04/21 18.23
DO_0000298835,10021025001,黑松FIN補給飲料TP300ml,24,08/04/21 18.29
DO_0000300720,10021025001,黑松FIN補給飲料TP300ml,24,08/04/21 18.32
DO_0000300341,10021025001,黑松FIN補給飲料TP300ml,48,08/04/21 18.32
DO_0000300808,10021025001,黑松FIN補給飲料TP300ml,48,08/04/21 18.32
DO_0000300848,10021025001,黑松FIN補給飲料TP300ml,24,08/04/21 18.34
DO_0000300993,10021025001,黑松FIN補給飲料TP300ml,24,08/04/21 18.34
DO_0000300972,10021025001,黑松FIN補給飲料TP300ml,24,08/04/21 18.40
DO_0000300298,10021025001,黑松FIN補給飲料TP300ml,24,08/04/21 21.28
DO_0000262571,10000011001,可口可樂 Can 250 ml,48,08/05/21 07.02
DO_0000263479,10000011001,可口可樂 Can 250 ml,48,08/05/21 07.02
DO_0000293630,10021025001,黑松FIN補給飲料TP300ml,24,08/05/21 07.08
DO_0000268026,10021025001,黑松FIN補給飲料TP300ml,24,08/05/21 07.08
DO_0000299618,10021025001,黑松FIN補給飲料TP300ml,48,08/05/21 07.09
DO_0000287299,10000011001,可口可樂 Can 250 ml,24,08/05/21 07.09
DO_0000294950,10021025001,黑松FIN補給飲料TP300ml,24,08/05/21 07.09
DO_0000293253,10021025001,黑松FIN補給飲料TP300ml,24,08/05/21 07.09
DO_0000267576,10000011001,可口可樂 Can 250 ml,24,08/05/21 07.13
DO_0000267576,10021025001,黑松FIN補給飲料TP300ml,48,08/05/21 07.13
DO_0000263530,10000011001,可口可樂 Can 250 ml,24,08/05/21 07.13
DO_0000259190,10021025001,黑松FIN補給飲料TP300ml,12,08/05/21 07.13
DO_0000263494,10021025001,黑松FIN補給飲料TP300ml,6,08/05/21 07.13
DO_0000263505,10021025001,黑松FIN補給飲料TP300ml,6,08/05/21 07.13
DO_0000288861,10021025001,黑松FIN補給飲料TP300ml,12,08/05/21 07.14
DO_0000277039,10000011001,可口可樂 Can 250 ml,24,08/05/21 07.14
DO_0000276569,10021025001,黑松FIN補給飲料TP300ml,24,08/05/21 07.14
DO_0000264738,10021025001,黑松FIN補給飲料TP300ml,6,08/05/21 07.14
DO_0000292828,10021025001,黑松FIN補給飲料TP300ml,48,08/05/21 07.14
DO_0000270809,10021025001,黑松FIN補給飲料TP300ml,24,08/05/21 07.14
DO_0000284624,10021025001,黑松FIN補給飲料TP300ml,24,08/05/21 07.14
DO_0000284599,10021025001,黑松FIN補給飲料TP300ml,48,08/05/21 07.14
DO_0000302627,10021025001,黑松FIN補給飲料TP300ml,24,08/05/21 07.52
DO_0000302866,10021025001,黑松FIN補給飲料TP300ml,24,08/05/21 08.12
DO_0000276991,10021025001,黑松FIN補給飲料TP300ml,24,08/04/21 16.01
DO_0000302383,10021025001,黑松FIN補給飲料TP300ml,48,08/05/21 11.13
DO_0000294783,10021025001,黑松FIN補給飲料TP300ml,36,08/05/21 13.25
DO_0000294864,10021025001,黑松FIN補給飲料TP300ml,24,08/05/21 13.25
DO_0000242936,10021025001,黑松FIN補給飲料TP300ml,48,08/05/21 13.25
DO_0000286100,10000011001,可口可樂 Can 250 ml,24,08/05/21 13.25
DO_0000303806,10021025001,黑松FIN補給飲料TP300ml,24,08/05/21 13.25
DO_0000302620,10021025001,黑松FIN補給飲料TP300ml,24,08/05/21 13.25
DO_0000264885,10000011001,可口可樂 Can 250 ml,48,08/05/21 13.25
DO_0000264885,10021025001,黑松FIN補給飲料TP300ml,48,08/05/21 13.25
DO_0000302768,10021025001,黑松FIN補給飲料TP300ml,24,08/05/21 13.25
DO_0000306712,10021025001,黑松FIN補給飲料TP300ml,12,08/05/21 14.14
DO_0000307005,10021025001,黑松FIN補給飲料TP300ml,24,08/05/21 14.14
DO_0000307625,10021025001,黑松FIN補給飲料TP300ml,48,08/05/21 14.27
DO_0000307740,10021025001,黑松FIN補給飲料TP300ml,24,08/05/21 14.40
DO_0000307669,10021025001,黑松FIN補給飲料TP300ml,24,08/05/21 14.40
DO_0000299086,10021025001,黑松FIN補給飲料TP300ml,24,08/05/21 14.58
DO_0000307924,10021025001,黑松FIN補給飲料TP300ml,6,08/05/21 15.00
DO_0000307922,10021025001,黑松FIN補給飲料TP300ml,24,08/05/21 15.00
DO_0000307943,10021025001,黑松FIN補給飲料TP300ml,24,08/05/21 15.00
DO_0000302658,10021025001,黑松FIN補給飲料TP300ml,48,08/05/21 15.11
DO_0000282526,10000011001,可口可樂 Can 250 ml,48,08/05/21 15.11
DO_0000308355,10021025001,黑松FIN補給飲料TP300ml,24,08/05/21 16.26
DO_0000308247,10021025001,黑松FIN補給飲料TP300ml,6,08/05/21 16.26
DO_0000308422,10021025001,黑松FIN補給飲料TP300ml,6,08/05/21 18.00
DO_0000267572,10000011001,可口可樂 Can 250 ml,24,08/05/21 18.02
DO_0000259090,10000011001,可口可樂 Can 250 ml,24,08/05/21 18.02
DO_0000268013,10021025001,黑松FIN補給飲料TP300ml,6,08/05/21 18.02
DO_0000302536,10021025001,黑松FIN補給飲料TP300ml,48,08/05/21 18.02
DO_0000243099,10021025001,黑松FIN補給飲料TP300ml,48,08/05/21 18.02
DO_0000284540,10000011001,可口可樂 Can 250 ml,48,08/05/21 18.02
DO_0000284540,10021025001,黑松FIN補給飲料TP300ml,24,08/05/21 18.02
DO_0000302810,10021025001,黑松FIN補給飲料TP300ml,24,08/05/21 18.02
DO_0000278884,10000011001,可口可樂 Can 250 ml,48,08/05/21 18.02
DO_0000299592,10021025001,黑松FIN補給飲料TP300ml,48,08/05/21 18.02
DO_0000258675,10000011001,可口可樂 Can 250 ml,48,08/05/21 18.02
DO_0000302638,10021025001,黑松FIN補給飲料TP300ml,24,08/05/21 18.02
DO_0000279280,10000011001,可口可樂 Can 250 ml,48,08/05/21 18.02
DO_0000267577,10000011001,可口可樂 Can 250 ml,24,08/05/21 18.03
DO_0000293341,10021025001,黑松FIN補給飲料TP300ml,6,08/05/21 18.03
DO_0000302579,10021025001,黑松FIN補給飲料TP300ml,24,08/05/21 18.03
DO_0000307882,10021025001,黑松FIN補給飲料TP300ml,6,08/05/21 18.03
DO_0000295184,10021025001,黑松FIN補給飲料TP300ml,24,08/05/21 18.03
DO_0000287400,10021025001,黑松FIN補給飲料TP300ml,24,08/05/21 18.03
DO_0000283824,10000011001,可口可樂 Can 250 ml,24,08/05/21 18.03
DO_0000308388,10021025001,黑松FIN補給飲料TP300ml,48,08/05/21 18.06
DO_0000308531,10021025001,黑松FIN補給飲料TP300ml,12,08/05/21 18.06
DO_0000263932,10000011001,可口可樂 Can 250 ml,24,08/05/21 18.07
DO_0000308352,10021025001,黑松FIN補給飲料TP300ml,48,08/05/21 18.07
DO_0000284604,10021025001,黑松FIN補給飲料TP300ml,24,08/05/21 18.07
DO_0000262481,10021025001,黑松FIN補給飲料TP300ml,6,08/05/21 18.21
DO_0000267641,10000011001,可口可樂 Can 250 ml,24,08/05/21 18.21
DO_0000308658,10021025001,黑松FIN補給飲料TP300ml,24,08/05/21 18.21
DO_0000284535,10021025001,黑松FIN補給飲料TP300ml,24,08/05/21 18.21
DO_0000306192,10021025001,黑松FIN補給飲料TP300ml,24,08/05/21 18.22
DO_0000308419,10021025001,黑松FIN補給飲料TP300ml,24,08/05/21 18.21
DO_0000300253,10021025001,黑松FIN補給飲料TP300ml,6,08/05/21 18.21
DO_0000285179,10021025001,黑松FIN補給飲料TP300ml,24,08/05/21 18.21
DO_0000308425,10021025001,黑松FIN補給飲料TP300ml,48,08/05/21 18.22
DO_0000294844,10021025001,黑松FIN補給飲料TP300ml,24,08/05/21 18.21
DO_0000285206,10000011001,可口可樂 Can 250 ml,24,08/05/21 18.21
DO_0000302375,10021025001,黑松FIN補給飲料TP300ml,24,08/05/21 18.21
DO_0000308399,10021025001,黑松FIN補給飲料TP300ml,24,08/05/21 18.22
DO_0000303960,10021025001,黑松FIN補給飲料TP300ml,48,08/05/21 18.21
DO_0000286035,10000011001,可口可樂 Can 250 ml,24,08/05/21 18.21
DO_0000286980,10000011001,可口可樂 Can 250 ml,48,08/05/21 18.21
DO_0000262496,10000011001,可口可樂 Can 250 ml,48,08/05/21 18.21
DO_0000259290,10000011001,可口可樂 Can 250 ml,24,08/05/21 18.21
DO_0000302908,10021025001,黑松FIN補給飲料TP300ml,48,08/05/21 18.21
DO_0000262568,10000011001,可口可樂 Can 250 ml,48,08/05/21 18.21
DO_0000296875,10021025001,黑松FIN補給飲料TP300ml,24,08/05/21 19.16
DO_0000296651,10021025001,黑松FIN補給飲料TP300ml,24,08/05/21 19.16
DO_0000302364,10021025001,黑松FIN補給飲料TP300ml,24,08/05/21 19.16
DO_0000302503,10021025001,黑松FIN補給飲料TP300ml,48,08/05/21 19.16
DO_0000296895,10021025001,黑松FIN補給飲料TP300ml,24,08/05/21 19.16
DO_0000303043,10021025001,黑松FIN補給飲料TP300ml,6,08/05/21 19.16
DO_0000308404,10021025001,黑松FIN補給飲料TP300ml,24,08/05/21 21.25
DO_0000267542,10021025001,黑松FIN補給飲料TP300ml,24,08/05/21 13.25
DO_0000264448,10000011001,可口可樂 Can 250 ml,24,08/05/21 18.07
DO_0000302883,10021025001,黑松FIN補給飲料TP300ml,48,08/06/21 06.42
DO_0000261708,10021025001,黑松FIN補給飲料TP300ml,24,08/06/21 06.51
DO_0000287345,10000011001,可口可樂 Can 250 ml,24,08/06/21 06.51
DO_0000287345,10021025001,黑松FIN補給飲料TP300ml,24,08/06/21 06.51
DO_0000307310,10021025001,黑松FIN補給飲料TP300ml,6,08/06/21 06.51
DO_0000307310,10021025001,黑松FIN補給飲料TP300ml,42,08/06/21 06.51
DO_0000303117,10021025001,黑松FIN補給飲料TP300ml,48,08/06/21 06.51
DO_0000287063,10021025001,黑松FIN補給飲料TP300ml,48,08/06/21 06.51
DO_0000293364,10021025001,黑松FIN補給飲料TP300ml,48,08/06/21 06.51
DO_0000259271,10021025001,黑松FIN補給飲料TP300ml,48,08/06/21 06.51
DO_0000284546,10021025001,黑松FIN補給飲料TP300ml,48,08/06/21 06.51
DO_0000302546,10021025001,黑松FIN補給飲料TP300ml,48,08/06/21 06.52
DO_0000302864,10021025001,黑松FIN補給飲料TP300ml,24,08/06/21 06.52
DO_0000310087,10021025001,黑松FIN補給飲料TP300ml,48,08/06/21 06.53
DO_0000264793,10021025001,黑松FIN補給飲料TP300ml,24,08/06/21 07.04
DO_0000264086,10021025001,黑松FIN補給飲料TP300ml,24,08/06/21 07.04
DO_0000276610,10021025001,黑松FIN補給飲料TP300ml,24,08/06/21 07.04
DO_0000309938,10021025001,黑松FIN補給飲料TP300ml,48,08/06/21 07.11
DO_0000310116,10021025001,黑松FIN補給飲料TP300ml,24,08/06/21 10.03
DO_0000263567,10021025001,黑松FIN補給飲料TP300ml,12,08/06/21 10.04
DO_0000287350,10021025001,黑松FIN補給飲料TP300ml,6,08/06/21 10.04
DO_0000309158,10021025001,黑松FIN補給飲料TP300ml,24,08/06/21 10.04
DO_0000301839,10021025001,黑松FIN補給飲料TP300ml,96,08/06/21 10.04
DO_0000309869,10021025001,黑松FIN補給飲料TP300ml,48,08/06/21 10.04
DO_0000292761,10021025001,黑松FIN補給飲料TP300ml,24,08/06/21 10.04
DO_0000277062,10000011001,可口可樂 Can 250 ml,24,08/06/21 10.04
DO_0000310256,10021025001,黑松FIN補給飲料TP300ml,24,08/06/21 10.05
DO_0000284607,10021025001,黑松FIN補給飲料TP300ml,12,08/06/21 10.05
DO_0000284614,10021025001,黑松FIN補給飲料TP300ml,24,08/06/21 10.05
DO_0000287009,10021025001,黑松FIN補給飲料TP300ml,48,08/06/21 10.05
DO_0000287462,10021025001,黑松FIN補給飲料TP300ml,6,08/06/21 10.05
DO_0000310365,10021025001,黑松FIN補給飲料TP300ml,6,08/06/21 10.04
DO_0000309182,10021025001,黑松FIN補給飲料TP300ml,6,08/06/21 10.05
DO_0000296862,10021025001,黑松FIN補給飲料TP300ml,24,08/06/21 10.04
DO_0000310296,10021025001,黑松FIN補給飲料TP300ml,48,08/06/21 10.05
DO_0000294496,10021025001,黑松FIN補給飲料TP300ml,48,08/06/21 10.04
DO_0000310266,10021025001,黑松FIN補給飲料TP300ml,6,08/06/21 10.05
DO_0000307909,10000011001,可口可樂 Can 250 ml,24,08/06/21 10.12
DO_0000314362,10021025001,黑松FIN補給飲料TP300ml,6,08/06/21 13.32
DO_0000314673,10021025001,黑松FIN補給飲料TP300ml,12,08/06/21 14.08
DO_0000307917,10021025001,黑松FIN補給飲料TP300ml,6,08/06/21 14.59
DO_0000310255,10021025001,黑松FIN補給飲料TP300ml,48,08/06/21 14.59
DO_0000311483,10021025001,黑松FIN補給飲料TP300ml,36,08/06/21 14.59
DO_0000313962,10021025001,黑松FIN補給飲料TP300ml,24,08/06/21 14.59
DO_0000311884,10021025001,黑松FIN補給飲料TP300ml,84,08/06/21 14.59
DO_0000314971,10021025001,黑松FIN補給飲料TP300ml,24,08/06/21 15.02
DO_0000314978,10021025001,黑松FIN補給飲料TP300ml,24,08/06/21 15.02
DO_0000314979,10021025001,黑松FIN補給飲料TP300ml,48,08/06/21 15.02
DO_0000314963,10021025001,黑松FIN補給飲料TP300ml,24,08/06/21 15.02
DO_0000314624,10021025001,黑松FIN補給飲料TP300ml,48,08/06/21 15.02
DO_0000315294,10021025001,黑松FIN補給飲料TP300ml,72,08/06/21 15.31
DO_0000315397,10021025001,黑松FIN補給飲料TP300ml,48,08/06/21 16.17
DO_0000315665,10021025001,黑松FIN補給飲料TP300ml,24,08/06/21 17.23
DO_0000316113,10021025001,黑松FIN補給飲料TP300ml,24,08/06/21 20.52
DO_0000316108,10021025001,黑松FIN補給飲料TP300ml,24,08/06/21 20.52
MV_0000013925_1,10000011001,可口可樂 Can 250 ml,24,08/06/21 21.19
MV_0000013925_2,10000011001,可口可樂 Can 250 ml,24,08/06/21 21.19
MV_0000013925_3,10000011001,可口可樂 Can 250 ml,24,08/06/21 21.19
DO_0000316128,10021025001,黑松FIN補給飲料TP300ml,6,08/06/21 21.44
DO_0000316131,10021025001,黑松FIN補給飲料TP300ml,24,08/06/21 21.44
DO_0000316136,10021025001,黑松FIN補給飲料TP300ml,24,08/06/21 21.51
MV_0000014080_1,10021025001,黑松FIN補給飲料TP300ml,6,08/06/21 21.58
DO_0000311324,10021025001,黑松FIN補給飲料TP300ml,48,08/07/21 07.14
DO_0000316163,10021025001,黑松FIN補給飲料TP300ml,24,08/07/21 07.14
DO_0000316550,10021025001,黑松FIN補給飲料TP300ml,96,08/07/21 07.14
DO_0000316526,10021025001,黑松FIN補給飲料TP300ml,96,08/07/21 07.14
DO_0000302781,10021025001,黑松FIN補給飲料TP300ml,24,08/07/21 08.06
DO_0000268027,10021025001,黑松FIN補給飲料TP300ml,24,08/07/21 08.06
DO_0000316170,10021025001,黑松FIN補給飲料TP300ml,24,08/07/21 08.06
DO_0000316334,10000011001,可口可樂 Can 250 ml,48,08/07/21 08.06
DO_0000309382,10021025001,黑松FIN補給飲料TP300ml,24,08/07/21 08.10
DO_0000316248,10021025001,黑松FIN補給飲料TP300ml,24,08/07/21 08.10
DO_0000316366,10021025001,黑松FIN補給飲料TP300ml,48,08/07/21 08.10
DO_0000316276,10000011001,可口可樂 Can 250 ml,24,08/07/21 09.04
DO_0000316344,10000011001,可口可樂 Can 250 ml,48,08/07/21 10.43
DO_0000317722,10000011001,可口可樂 Can 250 ml,24,08/07/21 10.43
DO_0000316231,10000011001,可口可樂 Can 250 ml,48,08/07/21 10.43
DO_0000316584,10000011001,可口可樂 Can 250 ml,48,08/07/21 10.43
DO_0000316292,10021025001,黑松FIN補給飲料TP300ml,24,08/07/21 10.53
DO_0000299530,10021025001,黑松FIN補給飲料TP300ml,48,08/07/21 10.53
DO_0000300468,10021025001,黑松FIN補給飲料TP300ml,24,08/07/21 10.53
DO_0000316356,10000011001,可口可樂 Can 250 ml,24,08/07/21 10.56
DO_0000319726,10021025001,黑松FIN補給飲料TP300ml,48,08/07/21 15.00
DO_0000320290,10021025001,黑松FIN補給飲料TP300ml,24,08/07/21 17.34
DO_0000320259,10021025001,黑松FIN補給飲料TP300ml,6,08/07/21 17.34
DO_0000320259,10021025001,黑松FIN補給飲料TP300ml,18,08/07/21 17.34
DO_0000320328,10021025001,黑松FIN補給飲料TP300ml,24,08/07/21 17.42
DO_0000320273,10000011001,可口可樂 Can 250 ml,48,08/07/21 21.25
DO_0000320508,10000011001,可口可樂 Can 250 ml,48,08/07/21 22.27
DO_0000287257,10000011001,可口可樂 Can 250 ml,24,08/07/21 22.35
DO_0000277049,10000011001,可口可樂 Can 250 ml,24,08/07/21 22.35
DO_0000292444,10021025001,黑松FIN補給飲料TP300ml,48,08/07/21 22.35
DO_0000293281,10021025001,黑松FIN補給飲料TP300ml,48,08/07/21 22.35
DO_0000289912,10021025001,黑松FIN補給飲料TP300ml,48,08/07/21 22.35
DO_0000271405,10000011001,可口可樂 Can 250 ml,24,08/07/21 22.35
DO_0000284517,10021025001,黑松FIN補給飲料TP300ml,48,08/07/21 22.35
DO_0000284515,10000011001,可口可樂 Can 250 ml,48,08/07/21 22.35
DO_0000284515,10021025001,黑松FIN補給飲料TP300ml,48,08/07/21 22.35
DO_0000295242,10021025001,黑松FIN補給飲料TP300ml,24,08/07/21 22.35
DO_0000290235,10021025001,黑松FIN補給飲料TP300ml,48,08/07/21 22.35
DO_0000292779,10021025001,黑松FIN補給飲料TP300ml,54,08/07/21 22.35
DO_0000296948,10021025001,黑松FIN補給飲料TP300ml,24,08/07/21 22.35
DO_0000284513,10021025001,黑松FIN補給飲料TP300ml,48,08/07/21 22.35
DO_0000284523,10021025001,黑松FIN補給飲料TP300ml,48,08/07/21 22.35
DO_0000287151,10021025001,黑松FIN補給飲料TP300ml,6,08/07/21 22.35
DO_0000287390,10000011001,可口可樂 Can 250 ml,24,08/07/21 22.36
DO_0000285523,10000011001,可口可樂 Can 250 ml,24,08/07/21 22.35
DO_0000285523,10021025001,黑松FIN補給飲料TP300ml,24,08/07/21 22.35
DO_0000293285,10021025001,黑松FIN補給飲料TP300ml,24,08/07/21 22.35
DO_0000288860,10000011001,可口可樂 Can 250 ml,24,08/07/21 22.35
DO_0000287320,10021025001,黑松FIN補給飲料TP300ml,24,08/07/21 22.35
DO_0000295123,10021025001,黑松FIN補給飲料TP300ml,24,08/07/21 22.36
DO_0000265798,10000011001,可口可樂 Can 250 ml,48,08/07/21 22.35
DO_0000293359,10021025001,黑松FIN補給飲料TP300ml,48,08/07/21 22.35
DO_0000290442,10021025001,黑松FIN補給飲料TP300ml,54,08/07/21 22.35
DO_0000295294,10021025001,黑松FIN補給飲料TP300ml,48,08/07/21 22.35
DO_0000282142,10000011001,可口可樂 Can 250 ml,24,08/07/21 22.35
DO_0000287030,10021025001,黑松FIN補給飲料TP300ml,48,08/07/21 22.35
DO_0000298518,10021025001,黑松FIN補給飲料TP300ml,24,08/07/21 22.36
DO_0000287410,10000011001,可口可樂 Can 250 ml,24,08/07/21 22.36
DO_0000288730,10021025001,黑松FIN補給飲料TP300ml,48,08/07/21 22.35
DO_0000287081,10000011001,可口可樂 Can 250 ml,24,08/07/21 22.35
DO_0000295315,10021025001,黑松FIN補給飲料TP300ml,6,08/07/21 22.35
DO_0000287296,10000011001,可口可樂 Can 250 ml,24,08/07/21 22.35
DO_0000287296,10021025001,黑松FIN補給飲料TP300ml,24,08/07/21 22.35
DO_0000276632,10021025001,黑松FIN補給飲料TP300ml,48,08/07/21 22.36
DO_0000287202,10021025001,黑松FIN補給飲料TP300ml,24,08/07/21 22.35
DO_0000287425,10021025001,黑松FIN補給飲料TP300ml,24,08/07/21 22.35
DO_0000292363,10021025001,黑松FIN補給飲料TP300ml,24,08/07/21 22.35
DO_0000279475,10000011001,可口可樂 Can 250 ml,24,08/07/21 22.35
DO_0000296794,10021025001,黑松FIN補給飲料TP300ml,48,08/07/21 22.35
DO_0000298408,10021025001,黑松FIN補給飲料TP300ml,48,08/07/21 22.35
DO_0000296994,10021025001,黑松FIN補給飲料TP300ml,48,08/07/21 22.36
DO_0000284528,10021025001,黑松FIN補給飲料TP300ml,24,08/07/21 22.36
DO_0000320663,10000011001,可口可樂 Can 250 ml,48,08/08/21 00.42
DO_0000320615,10021025001,黑松FIN補給飲料TP300ml,6,08/08/21 00.42
DO_0000320552,10021025001,黑松FIN補給飲料TP300ml,48,08/08/21 04.07
DO_0000320971,10000011001,可口可樂 Can 250 ml,24,08/08/21 09.17
DO_0000295128,10021025001,黑松FIN補給飲料TP300ml,48,08/08/21 09.17
DO_0000321259,10021025001,黑松FIN補給飲料TP300ml,24,08/08/21 09.17
DO_0000321408,10021025001,黑松FIN補給飲料TP300ml,48,08/08/21 09.17
DO_0000307886,10021025001,黑松FIN補給飲料TP300ml,6,08/08/21 09.17
DO_0000321032,10021025001,黑松FIN補給飲料TP300ml,48,08/08/21 09.17
DO_0000320770,10021025001,黑松FIN補給飲料TP300ml,48,08/08/21 09.17
DO_0000321372,10021025001,黑松FIN補給飲料TP300ml,24,08/08/21 09.17
DO_0000287271,10000011001,可口可樂 Can 250 ml,24,08/08/21 09.47
DO_0000288841,10021025001,黑松FIN補給飲料TP300ml,48,08/08/21 09.48
DO_0000302448,10021025001,黑松FIN補給飲料TP300ml,6,08/08/21 09.48
DO_0000321351,10021025001,黑松FIN補給飲料TP300ml,48,08/08/21 09.48
DO_0000323534,10021025001,黑松FIN補給飲料TP300ml,6,08/08/21 09.48
DO_0000321293,10021025001,黑松FIN補給飲料TP300ml,48,08/08/21 09.48
DO_0000321058,10000011001,可口可樂 Can 250 ml,24,08/08/21 09.48
DO_0000321058,10021025001,黑松FIN補給飲料TP300ml,24,08/08/21 09.48
DO_0000321080,10000011001,可口可樂 Can 250 ml,24,08/08/21 09.48
DO_0000308255,10021025001,黑松FIN補給飲料TP300ml,24,08/08/21 10.36
DO_0000284594,10021025001,黑松FIN補給飲料TP300ml,24,08/08/21 10.36
DO_0000320732,10021025001,黑松FIN補給飲料TP300ml,24,08/08/21 10.36
DO_0000309840,10021025001,黑松FIN補給飲料TP300ml,24,08/08/21 10.36
DO_0000321207,10021025001,黑松FIN補給飲料TP300ml,48,08/08/21 10.36
DO_0000320743,10021025001,黑松FIN補給飲料TP300ml,24,08/08/21 10.36
DO_0000320785,10000011001,可口可樂 Can 250 ml,24,08/08/21 12.06
DO_0000320785,10021025001,黑松FIN補給飲料TP300ml,24,08/08/21 12.06
DO_0000321370,10021025001,黑松FIN補給飲料TP300ml,24,08/08/21 12.06
DO_0000303038,10021025001,黑松FIN補給飲料TP300ml,24,08/08/21 12.15
DO_0000321248,10021025001,黑松FIN補給飲料TP300ml,48,08/08/21 14.34
DO_0000321335,10021025001,黑松FIN補給飲料TP300ml,24,08/08/21 15.23
DO_0000284512,10021025001,黑松FIN補給飲料TP300ml,24,08/08/21 15.38
DO_0000284521,10021025001,黑松FIN補給飲料TP300ml,24,08/08/21 15.38
DO_0000284527,10000011001,可口可樂 Can 250 ml,24,08/08/21 15.38
DO_0000284527,10021025001,黑松FIN補給飲料TP300ml,24,08/08/21 15.38
DO_0000284526,10021025001,黑松FIN補給飲料TP300ml,48,08/08/21 15.38
DO_0000284525,10000011001,可口可樂 Can 250 ml,24,08/08/21 15.38
DO_0000284525,10021025001,黑松FIN補給飲料TP300ml,24,08/08/21 15.38
DO_0000299907,10021025001,黑松FIN補給飲料TP300ml,24,08/08/21 15.38
DO_0000299659,10021025001,黑松FIN補給飲料TP300ml,48,08/08/21 15.38
DO_0000320762,10021025001,黑松FIN補給飲料TP300ml,24,08/08/21 16.15
DO_0000321405,10000011001,可口可樂 Can 250 ml,24,08/08/21 16.15
DO_0000321422,10021025001,黑松FIN補給飲料TP300ml,48,08/08/21 16.15
DO_0000321332,10000011001,可口可樂 Can 250 ml,24,08/08/21 16.15
DO_0000310206,10021025001,黑松FIN補給飲料TP300ml,24,08/08/21 16.27
DO_0000309829,10021025001,黑松FIN補給飲料TP300ml,48,08/08/21 16.27
DO_0000309860,10021025001,黑松FIN補給飲料TP300ml,48,08/08/21 16.27
DO_0000320866,10000011001,可口可樂 Can 250 ml,24,08/08/21 16.34
DO_0000320960,10000011001,可口可樂 Can 250 ml,24,08/08/21 16.34
DO_0000321078,10000011001,可口可樂 Can 250 ml,24,08/08/21 17.05
DO_0000321109,10000011001,可口可樂 Can 250 ml,48,08/08/21 17.05
DO_0000326475,10000011001,可口可樂 Can 250 ml,24,08/08/21 17.10
DO_0000326475,10021025001,黑松FIN補給飲料TP300ml,24,08/08/21 17.10
DO_0000326571,10021025001,黑松FIN補給飲料TP300ml,24,08/08/21 17.11
DO_0000326596,10000011001,可口可樂 Can 250 ml,24,08/08/21 17.11
DO_0000320983,10000011001,可口可樂 Can 250 ml,48,08/08/21 17.35
DO_0000321399,10000011001,可口可樂 Can 250 ml,24,08/08/21 17.45
DO_0000321395,10000011001,可口可樂 Can 250 ml,24,08/08/21 17.45
DO_0000324042,10000011001,可口可樂 Can 250 ml,24,08/08/21 17.48
DO_0000325673,10021025001,黑松FIN補給飲料TP300ml,6,08/08/21 17.50
DO_0000325911,10000011001,可口可樂 Can 250 ml,24,08/08/21 17.57
DO_0000321478,10000011001,可口可樂 Can 250 ml,24,08/08/21 18.11
DO_0000321030,10000011001,可口可樂 Can 250 ml,24,08/08/21 18.13
DO_0000325934,10021025001,黑松FIN補給飲料TP300ml,48,08/08/21 19.35
DO_0000321330,10000011001,可口可樂 Can 250 ml,48,08/08/21 19.35
DO_0000321330,10021025001,黑松FIN補給飲料TP300ml,36,08/08/21 19.35
DO_0000321330,10021025001,黑松FIN補給飲料TP300ml,12,08/08/21 19.35
DO_0000325725,10021025001,黑松FIN補給飲料TP300ml,48,08/08/21 19.35
DO_0000325476,10021025001,黑松FIN補給飲料TP300ml,48,08/08/21 19.35
DO_0000303021,10021025001,黑松FIN補給飲料TP300ml,24,08/08/21 20.10
DO_0000320787,10021025001,黑松FIN補給飲料TP300ml,24,08/08/21 20.10
DO_0000300750,10021025001,黑松FIN補給飲料TP300ml,24,08/08/21 20.10
DO_0000309691,10021025001,黑松FIN補給飲料TP300ml,24,08/08/21 20.10
DO_0000320907,10000011001,可口可樂 Can 250 ml,24,08/08/21 20.10
DO_0000320907,10021025001,黑松FIN補給飲料TP300ml,24,08/08/21 20.10
DO_0000321507,10021025001,黑松FIN補給飲料TP300ml,12,08/08/21 20.10
DO_0000320772,10021025001,黑松FIN補給飲料TP300ml,24,08/08/21 20.10
DO_0000321386,10021025001,黑松FIN補給飲料TP300ml,48,08/08/21 20.10
DO_0000321424,10000011001,可口可樂 Can 250 ml,48,08/08/21 20.10
DO_0000321424,10021025001,黑松FIN補給飲料TP300ml,48,08/08/21 20.10
DO_0000321038,10021025001,黑松FIN補給飲料TP300ml,24,08/08/21 20.10
DO_0000325354,10021025001,黑松FIN補給飲料TP300ml,48,08/08/21 20.10
DO_0000306718,10021025001,黑松FIN補給飲料TP300ml,12,08/08/21 20.10
DO_0000311320,10021025001,黑松FIN補給飲料TP300ml,6,08/08/21 20.10
DO_0000320766,10000011001,可口可樂 Can 250 ml,24,08/08/21 20.10
DO_0000320766,10021025001,黑松FIN補給飲料TP300ml,24,08/08/21 20.10
DO_0000321441,10021025001,黑松FIN補給飲料TP300ml,24,08/08/21 20.10
DO_0000321500,10000011001,可口可樂 Can 250 ml,24,08/08/21 20.10
DO_0000321500,10021025001,黑松FIN補給飲料TP300ml,24,08/08/21 20.10
DO_0000321053,10021025001,黑松FIN補給飲料TP300ml,24,08/08/21 20.10
DO_0000321292,10000011001,可口可樂 Can 250 ml,48,08/08/21 20.10
DO_0000307869,10021025001,黑松FIN補給飲料TP300ml,24,08/08/21 20.10
DO_0000325139,10021025001,黑松FIN補給飲料TP300ml,48,08/08/21 20.10
DO_0000325903,10000011001,可口可樂 Can 250 ml,24,08/08/21 21.25
DO_0000326567,10000011001,可口可樂 Can 250 ml,24,08/08/21 22.39
DO_0000326589,10021025001,黑松FIN補給飲料TP300ml,48,08/08/21 22.39
DO_0000326533,10021025001,黑松FIN補給飲料TP300ml,48,08/08/21 22.48
DO_0000326822,10021025001,黑松FIN補給飲料TP300ml,12,08/08/21 23.57
DO_0000326971,10021025001,黑松FIN補給飲料TP300ml,24,08/09/21 00.06
DO_0000327011,10021025001,黑松FIN補給飲料TP300ml,24,08/09/21 00.06
DO_0000326986,10021025001,黑松FIN補給飲料TP300ml,24,08/09/21 00.06
DO_0000327014,10021025001,黑松FIN補給飲料TP300ml,48,08/09/21 00.06
DO_0000327003,10021025001,黑松FIN補給飲料TP300ml,6,08/09/21 00.42
DO_0000327269,10000011001,可口可樂 Can 250 ml,48,08/09/21 00.49
DO_0000327297,10000011001,可口可樂 Can 250 ml,24,08/09/21 00.49
DO_0000327306,10021025001,黑松FIN補給飲料TP300ml,24,08/09/21 00.49
DO_0000327000,10021025001,黑松FIN補給飲料TP300ml,24,08/09/21 02.06
DO_0000320674,10021025001,黑松FIN補給飲料TP300ml,24,08/09/21 02.06
DO_0000325734,10021025001,黑松FIN補給飲料TP300ml,12,08/09/21 02.06
DO_0000325734,10021025001,黑松FIN補給飲料TP300ml,12,08/09/21 02.06
DO_0000327033,10000011001,可口可樂 Can 250 ml,24,08/09/21 02.39
DO_0000327013,10000011001,可口可樂 Can 250 ml,24,08/09/21 02.39
DO_0000326953,10000011001,可口可樂 Can 250 ml,24,08/09/21 02.50
DO_0000321110,10021025001,黑松FIN補給飲料TP300ml,24,08/09/21 03.24
DO_0000325116,10000011001,可口可樂 Can 250 ml,24,08/09/21 03.24
DO_0000327009,10000011001,可口可樂 Can 250 ml,48,08/09/21 03.24
DO_0000327296,10000011001,可口可樂 Can 250 ml,24,08/09/21 07.08
DO_0000307818,10021025001,黑松FIN補給飲料TP300ml,24,08/09/21 07.08
DO_0000309678,10021025001,黑松FIN補給飲料TP300ml,24,08/09/21 07.08
DO_0000321642,10021025001,黑松FIN補給飲料TP300ml,48,08/09/21 07.08
DO_0000299151,10021025001,黑松FIN補給飲料TP300ml,48,08/09/21 07.08
DO_0000308266,10021025001,黑松FIN補給飲料TP300ml,24,08/09/21 07.08
DO_0000325158,10021025001,黑松FIN補給飲料TP300ml,48,08/09/21 07.08
DO_0000302443,10021025001,黑松FIN補給飲料TP300ml,24,08/09/21 07.08
DO_0000299217,10021025001,黑松FIN補給飲料TP300ml,48,08/09/21 07.08
DO_0000327129,10000011001,可口可樂 Can 250 ml,24,08/09/21 07.08
DO_0000321746,10021025001,黑松FIN補給飲料TP300ml,48,08/09/21 07.08
DO_0000327529,10021025001,黑松FIN補給飲料TP300ml,48,08/09/21 07.08
DO_0000328018,10021025001,黑松FIN補給飲料TP300ml,48,08/09/21 07.09
DO_0000327284,10000011001,可口可樂 Can 250 ml,48,08/09/21 07.37
DO_0000302729,10021025001,黑松FIN補給飲料TP300ml,24,08/09/21 07.37
DO_0000309885,10021025001,黑松FIN補給飲料TP300ml,48,08/09/21 07.37
DO_0000327452,10000011001,可口可樂 Can 250 ml,24,08/09/21 07.37
DO_0000321577,10021025001,黑松FIN補給飲料TP300ml,48,08/09/21 07.37
DO_0000325289,10021025001,黑松FIN補給飲料TP300ml,30,08/09/21 07.37
DO_0000325289,10021025001,黑松FIN補給飲料TP300ml,18,08/09/21 07.37
DO_0000324974,10021025001,黑松FIN補給飲料TP300ml,24,08/09/21 07.37
DO_0000320562,10021025001,黑松FIN補給飲料TP300ml,24,08/09/21 07.37
DO_0000327125,10000011001,可口可樂 Can 250 ml,24,08/09/21 07.37
DO_0000327125,10021025001,黑松FIN補給飲料TP300ml,24,08/09/21 07.37
DO_0000323595,10021025001,黑松FIN補給飲料TP300ml,24,08/09/21 07.37
DO_0000326295,10021025001,黑松FIN補給飲料TP300ml,24,08/09/21 07.37
DO_0000327441,10021025001,黑松FIN補給飲料TP300ml,24,08/09/21 07.37
DO_0000325181,10000011001,可口可樂 Can 250 ml,48,08/09/21 07.37
DO_0000325181,10021025001,黑松FIN補給飲料TP300ml,48,08/09/21 07.37
DO_0000300467,10021025001,黑松FIN補給飲料TP300ml,48,08/09/21 07.37
DO_0000327681,10021025001,黑松FIN補給飲料TP300ml,48,08/09/21 07.37
DO_0000327233,10021025001,黑松FIN補給飲料TP300ml,48,08/09/21 07.37
DO_0000325091,10021025001,黑松FIN補給飲料TP300ml,24,08/09/21 09.29
DO_0000310348,10021025001,黑松FIN補給飲料TP300ml,48,08/09/21 09.29
DO_0000310389,10021025001,黑松FIN補給飲料TP300ml,48,08/09/21 09.29
DO_0000321907,10021025001,黑松FIN補給飲料TP300ml,6,08/09/21 09.53
DO_0000309735,10021025001,黑松FIN補給飲料TP300ml,24,08/09/21 09.53
DO_0000285535,10021025001,黑松FIN補給飲料TP300ml,48,08/09/21 09.53
DO_0000287450,10021025001,黑松FIN補給飲料TP300ml,48,08/09/21 09.53
DO_0000277089,10000011001,可口可樂 Can 250 ml,24,08/09/21 09.53
DO_0000326279,10000011001,可口可樂 Can 250 ml,24,08/09/21 09.53
DO_0000321966,10021025001,黑松FIN補給飲料TP300ml,24,08/09/21 09.53
DO_0000308649,10021025001,黑松FIN補給飲料TP300ml,48,08/09/21 09.53
DO_0000325730,10021025001,黑松FIN補給飲料TP300ml,24,08/09/21 09.54
DO_0000325180,10000011001,可口可樂 Can 250 ml,24,08/09/21 09.53
DO_0000325180,10021025001,黑松FIN補給飲料TP300ml,48,08/09/21 09.53
DO_0000328284,10021025001,黑松FIN補給飲料TP300ml,48,08/09/21 09.54
DO_0000327120,10021025001,黑松FIN補給飲料TP300ml,48,08/09/21 09.54
DO_0000328258,10021025001,黑松FIN補給飲料TP300ml,48,08/09/21 11.02
DO_0000330215,10000011001,可口可樂 Can 250 ml,24,08/09/21 11.02
DO_0000331278,10000011001,可口可樂 Can 250 ml,48,08/09/21 11.02
DO_0000327264,10021025001,黑松FIN補給飲料TP300ml,24,08/09/21 11.02
DO_0000330694,10000011001,可口可樂 Can 250 ml,24,08/09/21 11.02
DO_0000327276,10021025001,黑松FIN補給飲料TP300ml,24,08/09/21 11.56
DO_0000327119,10021025001,黑松FIN補給飲料TP300ml,24,08/09/21 11.56
DO_0000333277,10000011001,可口可樂 Can 250 ml,48,08/09/21 13.16
DO_0000325191,10021025001,黑松FIN補給飲料TP300ml,48,08/09/21 13.16
DO_0000332594,10000011001,可口可樂 Can 250 ml,24,08/09/21 13.16
DO_0000331656,10000011001,可口可樂 Can 250 ml,24,08/09/21 13.16
DO_0000325166,10021025001,黑松FIN補給飲料TP300ml,24,08/09/21 13.59
DO_0000327518,10021025001,黑松FIN補給飲料TP300ml,48,08/09/21 13.59
DO_0000326231,10000011001,可口可樂 Can 250 ml,24,08/09/21 13.59
DO_0000327709,10000011001,可口可樂 Can 250 ml,24,08/09/21 14.08
DO_0000325121,10021025001,黑松FIN補給飲料TP300ml,48,08/09/21 14.08
DO_0000327389,10000011001,可口可樂 Can 250 ml,24,08/09/21 14.08
DO_0000327247,10000011001,可口可樂 Can 250 ml,24,08/09/21 14.08
DO_0000325257,10021025001,黑松FIN補給飲料TP300ml,48,08/09/21 14.08
DO_0000327445,10021025001,黑松FIN補給飲料TP300ml,6,08/09/21 14.08
DO_0000327250,10021025001,黑松FIN補給飲料TP300ml,48,08/09/21 14.08
DO_0000321950,10000011001,可口可樂 Can 250 ml,48,08/09/21 14.08
DO_0000321797,10021025001,黑松FIN補給飲料TP300ml,48,08/09/21 14.09
DO_0000327573,10000011001,可口可樂 Can 250 ml,48,08/09/21 14.09
DO_0000321847,10000011001,可口可樂 Can 250 ml,48,08/09/21 14.21
DO_0000322378,10000011001,可口可樂 Can 250 ml,24,08/09/21 14.21
DO_0000289163,10000011001,可口可樂 Can 250 ml,48,08/09/21 14.22
DO_0000321958,10021025001,黑松FIN補給飲料TP300ml,48,08/09/21 14.22
DO_0000321861,10021025001,黑松FIN補給飲料TP300ml,24,08/09/21 14.22
DO_0000321957,10021025001,黑松FIN補給飲料TP300ml,24,08/09/21 14.22
DO_0000302909,10021025001,黑松FIN補給飲料TP300ml,48,08/09/21 14.22
DO_0000309787,10021025001,黑松FIN補給飲料TP300ml,48,08/09/21 14.22
DO_0000327128,10021025001,黑松FIN補給飲料TP300ml,48,08/09/21 14.22
DO_0000328047,10021025001,黑松FIN補給飲料TP300ml,18,08/09/21 14.22
DO_0000327318,10021025001,黑松FIN補給飲料TP300ml,24,08/09/21 14.22
DO_0000325185,10021025001,黑松FIN補給飲料TP300ml,48,08/09/21 14.22
DO_0000321683,10000011001,可口可樂 Can 250 ml,24,08/09/21 14.22
DO_0000302917,10021025001,黑松FIN補給飲料TP300ml,48,08/09/21 14.22
DO_0000332484,10000011001,可口可樂 Can 250 ml,24,08/09/21 14.22
DO_0000334184,10000011001,可口可樂 Can 250 ml,24,08/09/21 14.30
DO_0000334140,10000011001,可口可樂 Can 250 ml,24,08/09/21 14.30
DO_0000334205,10000011001,可口可樂 Can 250 ml,24,08/09/21 14.30
DO_0000334258,10000011001,可口可樂 Can 250 ml,48,08/09/21 15.57
DO_0000334269,10021025001,黑松FIN補給飲料TP300ml,24,08/09/21 15.57
DO_0000334415,10000011001,可口可樂 Can 250 ml,48,08/09/21 17.27
DO_0000334388,10000011001,可口可樂 Can 250 ml,24,08/09/21 17.27
DO_0000333889,10000011001,可口可樂 Can 250 ml,48,08/09/21 17.33
DO_0000336017,10000011001,可口可樂 Can 250 ml,48,08/09/21 17.33
DO_0000335602,10000011001,可口可樂 Can 250 ml,24,08/09/21 17.33
DO_0000334396,10021025001,黑松FIN補給飲料TP300ml,48,08/09/21 17.33
DO_0000334212,10021025001,黑松FIN補給飲料TP300ml,24,08/09/21 17.33
DO_0000321650,10021025001,黑松FIN補給飲料TP300ml,24,08/09/21 17.34
DO_0000332243,10000011001,可口可樂 Can 250 ml,24,08/09/21 17.34
DO_0000334628,10000011001,可口可樂 Can 250 ml,24,08/09/21 19.44
DO_0000335589,10000011001,可口可樂 Can 250 ml,24,08/09/21 19.44
DO_0000334390,10021025001,黑松FIN補給飲料TP300ml,48,08/09/21 19.44
DO_0000334427,10021025001,黑松FIN補給飲料TP300ml,24,08/09/21 20.00
DO_0000332469,10000011001,可口可樂 Can 250 ml,48,08/09/21 20.01
DO_0000336299,10021025001,黑松FIN補給飲料TP300ml,24,08/09/21 20.01
DO_0000334138,10000011001,可口可樂 Can 250 ml,24,08/09/21 20.02
DO_0000335696,10000011001,可口可樂 Can 250 ml,24,08/09/21 20.01
DO_0000327190,10021025001,黑松FIN補給飲料TP300ml,24,08/09/21 20.02
DO_0000336694,10000011001,可口可樂 Can 250 ml,48,08/09/21 20.47
DO_0000336684,10021025001,黑松FIN補給飲料TP300ml,24,08/09/21 20.47
DO_0000336707,10000011001,可口可樂 Can 250 ml,24,08/09/21 20.47
DO_0000336695,10000011001,可口可樂 Can 250 ml,24,08/09/21 20.47
DO_0000336718,10000011001,可口可樂 Can 250 ml,24,08/09/21 20.47
DO_0000336718,10021025001,黑松FIN補給飲料TP300ml,24,08/09/21 20.47
DO_0000336682,10021025001,黑松FIN補給飲料TP300ml,24,08/09/21 20.47
DO_0000336741,10000011001,可口可樂 Can 250 ml,24,08/09/21 20.47
DO_0000303131,10021025001,黑松FIN補給飲料TP300ml,24,08/10/21 01.49
DO_0000321591,10000011001,可口可樂 Can 250 ml,24,08/10/21 01.49
DO_0000336808,10000011001,可口可樂 Can 250 ml,48,08/10/21 01.50
DO_0000336715,10000011001,可口可樂 Can 250 ml,24,08/10/21 01.50
DO_0000336806,10000011001,可口可樂 Can 250 ml,24,08/10/21 01.50
DO_0000336806,10021025001,黑松FIN補給飲料TP300ml,24,08/10/21 01.50
DO_0000336817,10021025001,黑松FIN補給飲料TP300ml,24,08/10/21 01.51
DO_0000336829,10021025001,黑松FIN補給飲料TP300ml,24,08/10/21 01.51
DO_0000336814,10021025001,黑松FIN補給飲料TP300ml,24,08/10/21 01.51
DO_0000336838,10000011001,可口可樂 Can 250 ml,24,08/10/21 01.51
DO_0000336841,10021025001,黑松FIN補給飲料TP300ml,48,08/10/21 01.51
DO_0000336870,10021025001,黑松FIN補給飲料TP300ml,24,08/10/21 01.52
DO_0000336847,10000011001,可口可樂 Can 250 ml,24,08/10/21 01.52
DO_0000336853,10021025001,黑松FIN補給飲料TP300ml,48,08/10/21 01.52
DO_0000337565,10000011001,可口可樂 Can 250 ml,24,08/10/21 01.52
DO_0000301542,10021025001,黑松FIN補給飲料TP300ml,6,08/10/21 06.44
DO_0000301542,10021025001,黑松FIN補給飲料TP300ml,18,08/10/21 06.44
DO_0000321778,10021025001,黑松FIN補給飲料TP300ml,24,08/10/21 06.44
DO_0000321017,10021025001,黑松FIN補給飲料TP300ml,24,08/10/21 06.44
DO_0000321020,10021025001,黑松FIN補給飲料TP300ml,24,08/10/21 06.44
DO_0000321022,10021025001,黑松FIN補給飲料TP300ml,24,08/10/21 06.44
DO_0000325039,10021025001,黑松FIN補給飲料TP300ml,24,08/10/21 06.44
DO_0000325067,10021025001,黑松FIN補給飲料TP300ml,24,08/10/21 06.44
DO_0000337330,10000011001,可口可樂 Can 250 ml,24,08/10/21 06.44
DO_0000325049,10021025001,黑松FIN補給飲料TP300ml,48,08/10/21 06.44
DO_0000326230,10021025001,黑松FIN補給飲料TP300ml,48,08/10/21 06.44
DO_0000299984,10021025001,黑松FIN補給飲料TP300ml,24,08/10/21 07.01
DO_0000321700,10021025001,黑松FIN補給飲料TP300ml,24,08/10/21 07.02
DO_0000300722,10021025001,黑松FIN補給飲料TP300ml,24,08/10/21 07.02
DO_0000324994,10021025001,黑松FIN補給飲料TP300ml,12,08/10/21 07.02
DO_0000324994,10021025001,黑松FIN補給飲料TP300ml,30,08/10/21 07.02
DO_0000324994,10021025001,黑松FIN補給飲料TP300ml,6,08/10/21 07.02
DO_0000300470,10021025001,黑松FIN補給飲料TP300ml,6,08/10/21 07.02
DO_0000327568,10021025001,黑松FIN補給飲料TP300ml,36,08/10/21 07.02
DO_0000324983,10021025001,黑松FIN補給飲料TP300ml,48,08/10/21 07.02
DO_0000302523,10021025001,黑松FIN補給飲料TP300ml,24,08/10/21 07.02
DO_0000325029,10000011001,可口可樂 Can 250 ml,24,08/10/21 07.02
DO_0000321804,10021025001,黑松FIN補給飲料TP300ml,24,08/10/21 07.02
DO_0000321621,10021025001,黑松FIN補給飲料TP300ml,18,08/10/21 07.02
DO_0000321621,10021025001,黑松FIN補給飲料TP300ml,6,08/10/21 07.02
DO_0000335732,10000011001,可口可樂 Can 250 ml,24,08/10/21 07.02
DO_0000296706,10021025001,黑松FIN補給飲料TP300ml,48,08/10/21 07.10
DO_0000286071,10000011001,可口可樂 Can 250 ml,24,08/10/21 07.10
DO_0000337058,10000011001,可口可樂 Can 250 ml,24,08/10/21 07.12
DO_0000339182,10000011001,可口可樂 Can 250 ml,24,08/10/21 09.34
DO_0000298990,10021025001,黑松FIN補給飲料TP300ml,6,08/10/21 09.37
DO_0000300293,10021025001,黑松FIN補給飲料TP300ml,24,08/10/21 09.37
DO_0000299906,10021025001,黑松FIN補給飲料TP300ml,24,08/10/21 09.37
DO_0000296998,10021025001,黑松FIN補給飲料TP300ml,48,08/10/21 09.37
DO_0000299113,10021025001,黑松FIN補給飲料TP300ml,24,08/10/21 09.37
DO_0000333630,10000011001,可口可樂 Can 250 ml,24,08/10/21 09.44
DO_0000336996,10000011001,可口可樂 Can 250 ml,24,08/10/21 10.01
DO_0000336925,10000011001,可口可樂 Can 250 ml,24,08/10/21 10.01
DO_0000325309,10000011001,可口可樂 Can 250 ml,24,08/10/21 10.22
DO_0000337037,10000011001,可口可樂 Can 250 ml,24,08/10/21 10.33
DO_0000327921,10021025001,黑松FIN補給飲料TP300ml,48,08/10/21 10.40
DO_0000302338,10021025001,黑松FIN補給飲料TP300ml,24,08/10/21 10.51
DO_0000321899,10021025001,黑松FIN補給飲料TP300ml,12,08/10/21 10.51
DO_0000327959,10021025001,黑松FIN補給飲料TP300ml,24,08/10/21 10.51
DO_0000327959,10021025001,黑松FIN補給飲料TP300ml,24,08/10/21 10.51
DO_0000327567,10021025001,黑松FIN補給飲料TP300ml,48,08/10/21 10.51
DO_0000327839,10021025001,黑松FIN補給飲料TP300ml,24,08/10/21 10.51
DO_0000325025,10021025001,黑松FIN補給飲料TP300ml,48,08/10/21 10.51
DO_0000342140,10000011001,可口可樂 Can 250 ml,24,08/10/21 15.08
DO_0000342070,10000011001,可口可樂 Can 250 ml,48,08/10/21 15.08
DO_0000302500,10021025001,黑松FIN補給飲料TP300ml,24,08/10/21 15.13
DO_0000341762,10000011001,可口可樂 Can 250 ml,24,08/10/21 15.13
DO_0000325070,10000011001,可口可樂 Can 250 ml,48,08/10/21 15.13
DO_0000334665,10000011001,可口可樂 Can 250 ml,24,08/10/21 15.13
DO_0000327901,10000011001,可口可樂 Can 250 ml,24,08/10/21 15.13
DO_0000342691,10000011001,可口可樂 Can 250 ml,24,08/10/21 15.13
DO_0000327724,10000011001,可口可樂 Can 250 ml,24,08/10/21 15.13
DO_0000339201,10000011001,可口可樂 Can 250 ml,48,08/10/21 15.13
DO_0000339168,10000011001,可口可樂 Can 250 ml,48,08/10/21 15.15
DO_0000337054,10000011001,可口可樂 Can 250 ml,48,08/10/21 15.15
DO_0000337756,10000011001,可口可樂 Can 250 ml,24,08/10/21 15.15
DO_0000344331,10021025001,黑松FIN補給飲料TP300ml,48,08/10/21 15.53
DO_0000344345,10021025001,黑松FIN補給飲料TP300ml,24,08/10/21 15.53
DO_0000329255,10000011001,可口可樂 Can 250 ml,24,08/10/21 15.53
DO_0000325510,10000011001,可口可樂 Can 250 ml,24,08/10/21 15.54
DO_0000299656,10021025001,黑松FIN補給飲料TP300ml,48,08/10/21 15.54
DO_0000343727,10000011001,可口可樂 Can 250 ml,24,08/10/21 15.54
DO_0000343727,10000011001,可口可樂 Can 250 ml,24,08/10/21 15.54
DO_0000321749,10021025001,黑松FIN補給飲料TP300ml,18,08/10/21 15.54
DO_0000321749,10021025001,黑松FIN補給飲料TP300ml,6,08/10/21 15.54
DO_0000344295,10021025001,黑松FIN補給飲料TP300ml,24,08/10/21 15.54
DO_0000337063,10000011001,可口可樂 Can 250 ml,24,08/10/21 15.54
DO_0000325077,10000011001,可口可樂 Can 250 ml,24,08/10/21 15.54
DO_0000325077,10021025001,黑松FIN補給飲料TP300ml,24,08/10/21 15.54
DO_0000344304,10021025001,黑松FIN補給飲料TP300ml,48,08/10/21 15.54
DO_0000344443,10021025001,黑松FIN補給飲料TP300ml,24,08/10/21 17.06
DO_0000344397,10000011001,可口可樂 Can 250 ml,24,08/10/21 17.39
DO_0000339178,10000011001,可口可樂 Can 250 ml,24,08/10/21 17.39
DO_0000344298,10021025001,黑松FIN補給飲料TP300ml,24,08/10/21 17.41
DO_0000344500,10000011001,可口可樂 Can 250 ml,24,08/10/21 17.53
DO_0000345210,10000011001,可口可樂 Can 250 ml,24,08/10/21 18.04
DO_0000344618,10000011001,可口可樂 Can 250 ml,24,08/10/21 18.53
DO_0000344255,10000011001,可口可樂 Can 250 ml,24,08/10/21 18.53
DO_0000344280,10000011001,可口可樂 Can 250 ml,24,08/10/21 18.53
DO_0000325527,10021025001,黑松FIN補給飲料TP300ml,24,08/10/21 20.11
DO_0000345444,10000011001,可口可樂 Can 250 ml,48,08/10/21 20.11
DO_0000342649,10000011001,可口可樂 Can 250 ml,24,08/10/21 20.11
DO_0000287015,10000011001,可口可樂 Can 250 ml,48,08/10/21 20.33
DO_0000345478,10000011001,可口可樂 Can 250 ml,48,08/10/21 22.12
DO_0000345509,10021025001,黑松FIN補給飲料TP300ml,24,08/10/21 22.53
DO_0000345629,10000011001,可口可樂 Can 250 ml,24,08/11/21 00.03
DO_0000345645,10000011001,可口可樂 Can 250 ml,24,08/11/21 00.03
DO_0000345605,10000011001,可口可樂 Can 250 ml,24,08/11/21 00.03
DO_0000345614,10000011001,可口可樂 Can 250 ml,48,08/11/21 00.03
DO_0000345542,10000011001,可口可樂 Can 250 ml,48,08/11/21 00.03
DO_0000345529,10000011001,可口可樂 Can 250 ml,48,08/11/21 00.03
DO_0000345557,10000011001,可口可樂 Can 250 ml,24,08/11/21 00.03
DO_0000345617,10000011001,可口可樂 Can 250 ml,48,08/11/21 00.03
DO_0000345559,10000011001,可口可樂 Can 250 ml,24,08/11/21 00.03
DO_0000345599,10000011001,可口可樂 Can 250 ml,24,08/11/21 00.03
DO_0000345608,10000011001,可口可樂 Can 250 ml,24,08/11/21 00.03
DO_0000345513,10021025001,黑松FIN補給飲料TP300ml,48,08/11/21 00.03
DO_0000345639,10000011001,可口可樂 Can 250 ml,24,08/11/21 03.18
DO_0000332082,10000011001,可口可樂 Can 250 ml,24,08/11/21 06.59
DO_0000337170,10000011001,可口可樂 Can 250 ml,48,08/11/21 06.59
DO_0000327900,10021025001,黑松FIN補給飲料TP300ml,48,08/11/21 07.08
DO_0000307355,10021025001,黑松FIN補給飲料TP300ml,6,08/11/21 07.08
DO_0000345714,10000011001,可口可樂 Can 250 ml,24,08/11/21 07.08
DO_0000311270,10021025001,黑松FIN補給飲料TP300ml,18,08/11/21 07.08
DO_0000345785,10021025001,黑松FIN補給飲料TP300ml,48,08/11/21 07.08
DO_0000325010,10021025001,黑松FIN補給飲料TP300ml,48,08/11/21 07.08
DO_0000345896,10021025001,黑松FIN補給飲料TP300ml,48,08/11/21 07.08
DO_0000325036,10021025001,黑松FIN補給飲料TP300ml,48,08/11/21 07.08
DO_0000345965,10000011001,可口可樂 Can 250 ml,24,08/11/21 07.08
DO_0000325028,10021025001,黑松FIN補給飲料TP300ml,48,08/11/21 07.08
DO_0000343115,10000011001,可口可樂 Can 250 ml,48,08/11/21 07.08
DO_0000301559,10021025001,黑松FIN補給飲料TP300ml,6,08/11/21 07.08
DO_0000301559,10021025001,黑松FIN補給飲料TP300ml,6,08/11/21 07.08
DO_0000345957,10000011001,可口可樂 Can 250 ml,48,08/11/21 07.22
DO_0000343734,10000011001,可口可樂 Can 250 ml,24,08/11/21 07.22
DO_0000346043,10021025001,黑松FIN補給飲料TP300ml,48,08/11/21 07.22
DO_0000345840,10000011001,可口可樂 Can 250 ml,24,08/11/21 07.22
DO_0000302258,10021025001,黑松FIN補給飲料TP300ml,6,08/11/21 07.22
DO_0000345793,10021025001,黑松FIN補給飲料TP300ml,24,08/11/21 07.22
DO_0000344673,10000011001,可口可樂 Can 250 ml,24,08/11/21 07.22
DO_0000345856,10021025001,黑松FIN補給飲料TP300ml,24,08/11/21 07.22
DO_0000346649,10021025001,黑松FIN補給飲料TP300ml,48,08/11/21 07.22
DO_0000346095,10000011001,可口可樂 Can 250 ml,24,08/11/21 09.31
DO_0000344573,10000011001,可口可樂 Can 250 ml,24,08/11/21 09.39
DO_0000347087,10021025001,黑松FIN補給飲料TP300ml,24,08/11/21 09.39
DO_0000347087,10021025001,黑松FIN補給飲料TP300ml,24,08/11/21 09.39
DO_0000345976,10000011001,可口可樂 Can 250 ml,24,08/11/21 09.39
DO_0000325328,10021025001,黑松FIN補給飲料TP300ml,24,08/11/21 09.39
DO_0000325079,10021025001,黑松FIN補給飲料TP300ml,24,08/11/21 09.39
DO_0000327956,10021025001,黑松FIN補給飲料TP300ml,24,08/11/21 09.47
DO_0000325056,10021025001,黑松FIN補給飲料TP300ml,24,08/11/21 09.48
DO_0000306977,10021025001,黑松FIN補給飲料TP300ml,24,08/11/21 09.48
DO_0000334149,10000011001,可口可樂 Can 250 ml,48,08/11/21 09.48
DO_0000326277,10000011001,可口可樂 Can 250 ml,24,08/11/21 09.48
DO_0000346028,10000011001,可口可樂 Can 250 ml,48,08/11/21 09.48
DO_0000346945,10021025001,黑松FIN補給飲料TP300ml,24,08/11/21 09.48
DO_0000346945,10021025001,黑松FIN補給飲料TP300ml,24,08/11/21 09.48
DO_0000337284,10000011001,可口可樂 Can 250 ml,24,08/11/21 09.48
DO_0000307785,10021025001,黑松FIN補給飲料TP300ml,24,08/11/21 09.48
DO_0000327772,10021025001,黑松FIN補給飲料TP300ml,6,08/11/21 09.48
DO_0000345945,10000011001,可口可樂 Can 250 ml,48,08/11/21 09.48
DO_0000346144,10000011001,可口可樂 Can 250 ml,24,08/11/21 09.48
DO_0000346142,10000011001,可口可樂 Can 250 ml,24,08/11/21 09.48
DO_0000344404,10000011001,可口可樂 Can 250 ml,24,08/11/21 09.48
DO_0000327781,10021025001,黑松FIN補給飲料TP300ml,48,08/11/21 09.48
DO_0000349100,10021025001,黑松FIN補給飲料TP300ml,48,08/11/21 09.48
DO_0000349054,10021025001,黑松FIN補給飲料TP300ml,48,08/11/21 09.48
DO_0000345947,10021025001,黑松FIN補給飲料TP300ml,24,08/11/21 09.48
DO_0000307466,10021025001,黑松FIN補給飲料TP300ml,48,08/11/21 09.48
DO_0000346646,10000011001,可口可樂 Can 250 ml,24,08/11/21 12.08
DO_0000349807,10021025001,黑松FIN補給飲料TP300ml,6,08/11/21 12.08
DO_0000346666,10021025001,黑松FIN補給飲料TP300ml,48,08/11/21 12.08
DO_0000295283,10021025001,黑松FIN補給飲料TP300ml,24,08/11/21 12.08
DO_0000349809,10021025001,黑松FIN補給飲料TP300ml,48,08/11/21 14.02
DO_0000325052,10021025001,黑松FIN補給飲料TP300ml,24,08/11/21 14.02
DO_0000351051,10021025001,黑松FIN補給飲料TP300ml,24,08/11/21 14.02
DO_0000346657,10000011001,可口可樂 Can 250 ml,24,08/11/21 14.02
DO_0000335974,10000011001,可口可樂 Can 250 ml,24,08/11/21 14.06
DO_0000349061,10021025001,黑松FIN補給飲料TP300ml,48,08/11/21 14.06
DO_0000325540,10021025001,黑松FIN補給飲料TP300ml,18,08/11/21 14.06
DO_0000345972,10000011001,可口可樂 Can 250 ml,24,08/11/21 14.06
DO_0000346106,10000011001,可口可樂 Can 250 ml,48,08/11/21 14.06
DO_0000329622,10000011001,可口可樂 Can 250 ml,24,08/11/21 14.06
DO_0000345703,10021025001,黑松FIN補給飲料TP300ml,12,08/11/21 14.06
DO_0000345822,10021025001,黑松FIN補給飲料TP300ml,24,08/11/21 14.06
DO_0000332628,10000011001,可口可樂 Can 250 ml,24,08/11/21 14.06
DO_0000349282,10000011001,可口可樂 Can 250 ml,24,08/11/21 14.08
DO_0000346061,10000011001,可口可樂 Can 250 ml,24,08/11/21 16.03
DO_0000337305,10000011001,可口可樂 Can 250 ml,24,08/11/21 17.26
DO_0000351259,10000011001,可口可樂 Can 250 ml,48,08/11/21 17.26
DO_0000348832,10021025001,黑松FIN補給飲料TP300ml,24,08/11/21 17.26
DO_0000345895,10000011001,可口可樂 Can 250 ml,24,08/11/21 17.26
DO_0000352613,10000011001,可口可樂 Can 250 ml,48,08/11/21 17.26
DO_0000353794,10000011001,可口可樂 Can 250 ml,24,08/11/21 17.26
DO_0000345880,10000011001,可口可樂 Can 250 ml,24,08/11/21 17.26
DO_0000303829,10021025001,黑松FIN補給飲料TP300ml,54,08/11/21 17.28
DO_0000337266,10000011001,可口可樂 Can 250 ml,24,08/11/21 17.28
DO_0000352041,10021025001,黑松FIN補給飲料TP300ml,42,08/11/21 17.28
DO_0000351639,10021025001,黑松FIN補給飲料TP300ml,24,08/11/21 17.28
DO_0000351208,10021025001,黑松FIN補給飲料TP300ml,48,08/11/21 17.28
DO_0000344374,10000011001,可口可樂 Can 250 ml,48,08/11/21 17.39
DO_0000328343,10000011001,可口可樂 Can 250 ml,24,08/11/21 17.39
DO_0000330223,10000011001,可口可樂 Can 250 ml,24,08/11/21 17.39
DO_0000350495,10000011001,可口可樂 Can 250 ml,24,08/11/21 17.39
DO_0000346983,10000011001,可口可樂 Can 250 ml,24,08/11/21 17.39
DO_0000325051,10021025001,黑松FIN補給飲料TP300ml,6,08/11/21 17.39
DO_0000345940,10021025001,黑松FIN補給飲料TP300ml,48,08/11/21 17.40
DO_0000354619,10000011001,可口可樂 Can 250 ml,24,08/11/21 18.46
DO_0000354629,10021025001,黑松FIN補給飲料TP300ml,48,08/11/21 18.46
DO_0000354587,10000011001,可口可樂 Can 250 ml,48,08/11/21 19.17
DO_0000350524,10021025001,黑松FIN補給飲料TP300ml,24,08/11/21 20.09
DO_0000346099,10000011001,可口可樂 Can 250 ml,24,08/11/21 20.29
DO_0000351701,10021025001,黑松FIN補給飲料TP300ml,24,08/11/21 20.29
DO_0000350557,10021025001,黑松FIN補給飲料TP300ml,48,08/11/21 20.29
DO_0000354052,10021025001,黑松FIN補給飲料TP300ml,24,08/11/21 20.29
DO_0000351733,10000011001,可口可樂 Can 250 ml,24,08/11/21 20.29
DO_0000321807,10021025001,黑松FIN補給飲料TP300ml,6,08/11/21 21.04
DO_0000354651,10021025001,黑松FIN補給飲料TP300ml,24,08/11/21 21.04
DO_0000354591,10021025001,黑松FIN補給飲料TP300ml,24,08/11/21 21.56
DO_0000354649,10021025001,黑松FIN補給飲料TP300ml,12,08/11/21 21.56
DO_0000337327,10000011001,可口可樂 Can 250 ml,24,08/11/21 23.45
DO_0000337823,10000011001,可口可樂 Can 250 ml,24,08/11/21 23.45
DO_0000309694,10021025001,黑松FIN補給飲料TP300ml,24,08/11/21 23.45
DO_0000345777,10000011001,可口可樂 Can 250 ml,24,08/11/21 23.45
DO_0000345797,10000011001,可口可樂 Can 250 ml,24,08/11/21 23.58
DO_0000335656,10000011001,可口可樂 Can 250 ml,48,08/11/21 23.58
DO_0000354989,10021025001,黑松FIN補給飲料TP300ml,48,08/12/21 00.05
DO_0000354991,10021025001,黑松FIN補給飲料TP300ml,48,08/12/21 00.05
DO_0000354990,10021025001,黑松FIN補給飲料TP300ml,24,08/12/21 00.06
DO_0000353933,10021025001,黑松FIN補給飲料TP300ml,18,08/12/21 00.14
DO_0000353933,10021025001,黑松FIN補給飲料TP300ml,30,08/12/21 00.14
DO_0000354639,10021025001,黑松FIN補給飲料TP300ml,48,08/12/21 00.49
DO_0000354611,10000011001,可口可樂 Can 250 ml,24,08/12/21 00.49
DO_0000354630,10000011001,可口可樂 Can 250 ml,24,08/12/21 00.49
DO_0000354887,10000011001,可口可樂 Can 250 ml,24,08/12/21 03.34
DO_0000352612,10000011001,可口可樂 Can 250 ml,24,08/12/21 03.35
DO_0000354970,10021025001,黑松FIN補給飲料TP300ml,48,08/12/21 03.35
DO_0000354903,10021025001,黑松FIN補給飲料TP300ml,48,08/12/21 03.40
DO_0000352599,10000011001,可口可樂 Can 250 ml,24,08/12/21 04.51
DO_0000355019,10000011001,可口可樂 Can 250 ml,24,08/12/21 06.14
DO_0000347065,10021025001,黑松FIN補給飲料TP300ml,48,08/12/21 06.14
DO_0000355017,10000011001,可口可樂 Can 250 ml,24,08/12/21 06.14
DO_0000354983,10000011001,可口可樂 Can 250 ml,24,08/12/21 06.14
DO_0000354926,10000011001,可口可樂 Can 250 ml,24,08/12/21 06.14
DO_0000354975,10000011001,可口可樂 Can 250 ml,24,08/12/21 06.14
DO_0000354964,10000011001,可口可樂 Can 250 ml,48,08/12/21 06.14
DO_0000354874,10000011001,可口可樂 Can 250 ml,24,08/12/21 06.15
DO_0000354894,10000011001,可口可樂 Can 250 ml,48,08/12/21 06.15
DO_0000354880,10000011001,可口可樂 Can 250 ml,24,08/12/21 06.15
DO_0000354880,10000011001,可口可樂 Can 250 ml,24,08/12/21 06.15
DO_0000354904,10021025001,黑松FIN補給飲料TP300ml,6,08/12/21 06.20
DO_0000354945,10000011001,可口可樂 Can 250 ml,24,08/12/21 06.20
DO_0000325189,10000011001,可口可樂 Can 250 ml,48,08/12/21 09.53
DO_0000339223,10000011001,可口可樂 Can 250 ml,48,08/12/21 09.53
DO_0000325038,10021025001,黑松FIN補給飲料TP300ml,48,08/12/21 09.53
DO_0000302260,10021025001,黑松FIN補給飲料TP300ml,24,08/12/21 09.53
DO_0000309363,10021025001,黑松FIN補給飲料TP300ml,48,08/12/21 09.53
DO_0000342137,10000011001,可口可樂 Can 250 ml,24,08/12/21 10.07
DO_0000342663,10000011001,可口可樂 Can 250 ml,24,08/12/21 10.07
DO_0000342199,10000011001,可口可樂 Can 250 ml,24,08/12/21 10.07
DO_0000325342,10021025001,黑松FIN補給飲料TP300ml,48,08/12/21 10.07
DO_0000302320,10021025001,黑松FIN補給飲料TP300ml,24,08/12/21 13.33
DO_0000311323,10021025001,黑松FIN補給飲料TP300ml,6,08/12/21 13.33
DO_0000346411,10000011001,可口可樂 Can 250 ml,48,08/12/21 13.33
DO_0000358557,10021025001,黑松FIN補給飲料TP300ml,24,08/12/21 13.58
DO_0000355169,10021025001,黑松FIN補給飲料TP300ml,24,08/12/21 13.58
DO_0000361000,10021025001,黑松FIN補給飲料TP300ml,6,08/12/21 13.58
DO_0000349151,10021025001,黑松FIN補給飲料TP300ml,48,08/12/21 13.58
DO_0000325020,10000011001,可口可樂 Can 250 ml,48,08/12/21 13.58
DO_0000325020,10021025001,黑松FIN補給飲料TP300ml,48,08/12/21 13.58
DO_0000325068,10021025001,黑松FIN補給飲料TP300ml,48,08/12/21 13.58
DO_0000325068,10021025001,黑松FIN補給飲料TP300ml,48,08/12/21 13.58
DO_0000325054,10021025001,黑松FIN補給飲料TP300ml,96,08/12/21 13.58
DO_0000355584,10021025001,黑松FIN補給飲料TP300ml,48,08/12/21 13.58
DO_0000325922,10021025001,黑松FIN補給飲料TP300ml,48,08/12/21 14.19
DO_0000322105,10021025001,黑松FIN補給飲料TP300ml,24,08/12/21 14.19
DO_0000349099,10021025001,黑松FIN補給飲料TP300ml,48,08/12/21 14.19
DO_0000355179,10021025001,黑松FIN補給飲料TP300ml,48,08/12/21 14.19
DO_0000355597,10021025001,黑松FIN補給飲料TP300ml,48,08/12/21 14.19
DO_0000355630,10021025001,黑松FIN補給飲料TP300ml,48,08/12/21 14.19
DO_0000346313,10021025001,黑松FIN補給飲料TP300ml,24,08/12/21 14.19
DO_0000355054,10021025001,黑松FIN補給飲料TP300ml,24,08/12/21 14.19
DO_0000346297,10021025001,黑松FIN補給飲料TP300ml,24,08/12/21 14.19
DO_0000355082,10021025001,黑松FIN補給飲料TP300ml,48,08/12/21 14.19
DO_0000346455,10021025001,黑松FIN補給飲料TP300ml,48,08/12/21 14.19
DO_0000355048,10021025001,黑松FIN補給飲料TP300ml,24,08/12/21 14.51
DO_0000325047,10021025001,黑松FIN補給飲料TP300ml,24,08/12/21 14.51
DO_0000325021,10021025001,黑松FIN補給飲料TP300ml,48,08/12/21 14.51
DO_0000355212,10021025001,黑松FIN補給飲料TP300ml,48,08/12/21 14.51
DO_0000355627,10021025001,黑松FIN補給飲料TP300ml,6,08/12/21 14.51
DO_0000309855,10021025001,黑松FIN補給飲料TP300ml,48,08/12/21 14.51
DO_0000355183,10021025001,黑松FIN補給飲料TP300ml,48,08/12/21 14.51
DO_0000355449,10021025001,黑松FIN補給飲料TP300ml,24,08/12/21 15.26
DO_0000355433,10021025001,黑松FIN補給飲料TP300ml,48,08/12/21 15.26
DO_0000355225,10021025001,黑松FIN補給飲料TP300ml,12,08/12/21 15.27
DO_0000355277,10021025001,黑松FIN補給飲料TP300ml,24,08/12/21 15.27
DO_0000347002,10021025001,黑松FIN補給飲料TP300ml,48,08/12/21 15.27
DO_0000356513,10000011001,可口可樂 Can 250 ml,24,08/12/21 15.27
DO_0000345910,10021025001,黑松FIN補給飲料TP300ml,24,08/12/21 15.31
DO_0000325055,10021025001,黑松FIN補給飲料TP300ml,48,08/12/21 15.31
DO_0000346473,10021025001,黑松FIN補給飲料TP300ml,24,08/12/21 16.04
DO_0000302306,10021025001,黑松FIN補給飲料TP300ml,6,08/12/21 16.04
DO_0000346353,10021025001,黑松FIN補給飲料TP300ml,24,08/12/21 16.04
DO_0000355112,10021025001,黑松FIN補給飲料TP300ml,24,08/12/21 16.05
DO_0000302263,10021025001,黑松FIN補給飲料TP300ml,24,08/12/21 16.04
DO_0000355840,10021025001,黑松FIN補給飲料TP300ml,12,08/12/21 16.04
DO_0000355177,10021025001,黑松FIN補給飲料TP300ml,24,08/12/21 16.10
DO_0000325996,10021025001,黑松FIN補給飲料TP300ml,24,08/12/21 16.12
DO_0000355334,10021025001,黑松FIN補給飲料TP300ml,24,08/12/21 16.12
DO_0000362409,10021025001,黑松FIN補給飲料TP300ml,12,08/12/21 18.13
DO_0000362434,10021025001,黑松FIN補給飲料TP300ml,6,08/12/21 18.13
DO_0000355287,10021025001,黑松FIN補給飲料TP300ml,48,08/12/21 18.13
DO_0000355114,10021025001,黑松FIN補給飲料TP300ml,24,08/12/21 18.17
DO_0000359583,10021025001,黑松FIN補給飲料TP300ml,24,08/12/21 18.18
DO_0000361073,10021025001,黑松FIN補給飲料TP300ml,24,08/12/21 18.18
DO_0000362343,10021025001,黑松FIN補給飲料TP300ml,12,08/12/21 18.18
DO_0000350505,10021025001,黑松FIN補給飲料TP300ml,24,08/12/21 18.20
DO_0000344473,10000011001,可口可樂 Can 250 ml,48,08/12/21 19.32
DO_0000344485,10000011001,可口可樂 Can 250 ml,48,08/12/21 19.32
DO_0000346372,10000011001,可口可樂 Can 250 ml,48,08/12/21 19.32
DO_0000322119,10000011001,可口可樂 Can 250 ml,24,08/12/21 19.32
DO_0000362297,10021025001,黑松FIN補給飲料TP300ml,6,08/12/21 19.35
DO_0000346394,10000011001,可口可樂 Can 250 ml,24,08/12/21 19.35
DO_0000362480,10021025001,黑松FIN補給飲料TP300ml,12,08/12/21 19.35
DO_0000325037,10000011001,可口可樂 Can 250 ml,48,08/12/21 19.35
DO_0000325037,10021025001,黑松FIN補給飲料TP300ml,48,08/12/21 19.35
DO_0000335684,10000011001,可口可樂 Can 250 ml,48,08/12/21 19.35
DO_0000362909,10021025001,黑松FIN補給飲料TP300ml,24,08/12/21 19.55
DO_0000362910,10021025001,黑松FIN補給飲料TP300ml,24,08/12/21 19.55
DO_0000362911,10021025001,黑松FIN補給飲料TP300ml,24,08/12/21 19.55
DO_0000362905,10000011001,可口可樂 Can 250 ml,24,08/12/21 20.00
DO_0000362904,10021025001,黑松FIN補給飲料TP300ml,24,08/12/21 20.00
DO_0000322056,10021025001,黑松FIN補給飲料TP300ml,24,08/12/21 21.07
DO_0000335938,10000011001,可口可樂 Can 250 ml,48,08/12/21 21.07
DO_0000302277,10021025001,黑松FIN補給飲料TP300ml,24,08/12/21 21.07
DO_0000362923,10000011001,可口可樂 Can 250 ml,24,08/12/21 21.30
DO_0000362919,10021025001,黑松FIN補給飲料TP300ml,48,08/12/21 21.30
DO_0000362920,10021025001,黑松FIN補給飲料TP300ml,48,08/12/21 21.30
DO_0000362927,10000011001,可口可樂 Can 250 ml,48,08/12/21 21.50
DO_0000362927,10000011001,可口可樂 Can 250 ml,24,08/12/21 21.50
DO_0000362935,10000011001,可口可樂 Can 250 ml,48,08/12/21 21.50
DO_0000362935,10000011001,可口可樂 Can 250 ml,24,08/12/21 21.50
DO_0000362936,10000011001,可口可樂 Can 250 ml,48,08/12/21 21.50
DO_0000362936,10000011001,可口可樂 Can 250 ml,24,08/12/21 21.50
DO_0000362924,10021025001,黑松FIN補給飲料TP300ml,144,08/12/21 21.50
DO_0000362926,10021025001,黑松FIN補給飲料TP300ml,144,08/12/21 21.50
DO_0000362929,10021025001,黑松FIN補給飲料TP300ml,144,08/12/21 21.50
DO_0000362933,10021025001,黑松FIN補給飲料TP300ml,144,08/12/21 21.50
DO_0000362934,10021025001,黑松FIN補給飲料TP300ml,144,08/12/21 21.50
DO_0000362937,10021025001,黑松FIN補給飲料TP300ml,144,08/12/21 21.50
DO_0000322065,10021025001,黑松FIN補給飲料TP300ml,6,08/12/21 22.38
DO_0000362949,10021025001,黑松FIN補給飲料TP300ml,48,08/12/21 22.40
DO_0000362955,10021025001,黑松FIN補給飲料TP300ml,48,08/12/21 22.40
DO_0000337286,10000011001,可口可樂 Can 250 ml,48,08/12/21 22.41
DO_0000322101,10021025001,黑松FIN補給飲料TP300ml,6,08/12/21 22.41
DO_0000345916,10000011001,可口可樂 Can 250 ml,48,08/12/21 22.41
DO_0000355548,10021025001,黑松FIN補給飲料TP300ml,12,08/12/21 22.41
DO_0000362942,10021025001,黑松FIN補給飲料TP300ml,72,08/12/21 22.45
DO_0000362944,10021025001,黑松FIN補給飲料TP300ml,72,08/12/21 22.45
DO_0000362945,10021025001,黑松FIN補給飲料TP300ml,72,08/12/21 22.45
DO_0000327804,10021025001,黑松FIN補給飲料TP300ml,48,08/12/21 22.54
DO_0000363109,10021025001,黑松FIN補給飲料TP300ml,48,08/12/21 23.29
DO_0000363227,10021025001,黑松FIN補給飲料TP300ml,24,08/12/21 23.29
DO_0000363316,10000011001,可口可樂 Can 250 ml,24,08/12/21 23.30
DO_0000363315,10021025001,黑松FIN補給飲料TP300ml,48,08/12/21 23.30
DO_0000363317,10021025001,黑松FIN補給飲料TP300ml,48,08/12/21 23.30
DO_0000340281,10000011001,可口可樂 Can 250 ml,24,8/13/2021 0:28
DO_0000363326,10021025001,黑松FIN補給飲料TP300ml,24,8/13/2021 0:28
DO_0000330234,10000011001,可口可樂 Can 250 ml,24,8/13/2021 0:28
DO_0000363180,10021025001,黑松FIN補給飲料TP300ml,6,8/13/2021 0:28
DO_0000363387,10021025001,黑松FIN補給飲料TP300ml,48,8/13/2021 0:33
DO_0000363335,10021025001,黑松FIN補給飲料TP300ml,24,8/13/2021 0:33
DO_0000363369,10000011001,可口可樂 Can 250 ml,48,8/13/2021 0:33
DO_0000349656,10000011001,可口可樂 Can 250 ml,48,8/13/2021 0:40
DO_0000337424,10000011001,可口可樂 Can 250 ml,24,8/13/2021 0:40
DO_0000350596,10000011001,可口可樂 Can 250 ml,24,8/13/2021 0:40
DO_0000339555,10000011001,可口可樂 Can 250 ml,48,8/13/2021 0:40
DO_0000322091,10000011001,可口可樂 Can 250 ml,24,8/13/2021 0:40
DO_0000351656,10000011001,可口可樂 Can 250 ml,48,8/13/2021 0:40
DO_0000363513,10000011001,可口可樂 Can 250 ml,72,8/13/2021 1:20
DO_0000363513,10000011001,可口可樂 Can 250 ml,24,8/13/2021 1:20
DO_0000363530,10000011001,可口可樂 Can 250 ml,72,8/13/2021 1:20
DO_0000363530,10000011001,可口可樂 Can 250 ml,24,8/13/2021 1:20
DO_0000363532,10000011001,可口可樂 Can 250 ml,72,8/13/2021 1:20
DO_0000363532,10000011001,可口可樂 Can 250 ml,24,8/13/2021 1:20
DO_0000363533,10000011001,可口可樂 Can 250 ml,72,8/13/2021 1:20
DO_0000363533,10000011001,可口可樂 Can 250 ml,24,8/13/2021 1:20
DO_0000363511,10021025001,黑松FIN補給飲料TP300ml,120,8/13/2021 1:25
DO_0000363514,10021025001,黑松FIN補給飲料TP300ml,120,8/13/2021 1:25
DO_0000363517,10021025001,黑松FIN補給飲料TP300ml,120,8/13/2021 1:25
DO_0000363552,10021025001,黑松FIN補給飲料TP300ml,120,8/13/2021 1:25
DO_0000363555,10021025001,黑松FIN補給飲料TP300ml,120,8/13/2021 1:25
DO_0000363756,10021025001,黑松FIN補給飲料TP300ml,24,8/13/2021 2:45
DO_0000344416,10000011001,可口可樂 Can 250 ml,48,8/13/2021 2:45
DO_0000327856,10021025001,黑松FIN補給飲料TP300ml,6,8/13/2021 2:45
DO_0000346417,10000011001,可口可樂 Can 250 ml,24,8/13/2021 2:49
DO_0000355374,10021025001,黑松FIN補給飲料TP300ml,24,8/13/2021 2:51
DO_0000363032,10021025001,黑松FIN補給飲料TP300ml,24,8/13/2021 2:52
DO_0000363003,10021025001,黑松FIN補給飲料TP300ml,48,8/13/2021 2:52
DO_0000363094,10000011001,可口可樂 Can 250 ml,24,8/13/2021 2:52
DO_0000363358,10021025001,黑松FIN補給飲料TP300ml,36,8/13/2021 2:55
DO_0000363358,10021025001,黑松FIN補給飲料TP300ml,12,8/13/2021 2:55
DO_0000363329,10000011001,可口可樂 Can 250 ml,24,8/13/2021 2:55
DO_0000363183,10021025001,黑松FIN補給飲料TP300ml,48,8/13/2021 2:55
DO_0000363344,10021025001,黑松FIN補給飲料TP300ml,48,8/13/2021 2:55
DO_0000363392,10021025001,黑松FIN補給飲料TP300ml,24,8/13/2021 3:00
DO_0000363379,10000011001,可口可樂 Can 250 ml,24,8/13/2021 3:00
DO_0000363395,10021025001,黑松FIN補給飲料TP300ml,24,8/13/2021 3:00
DO_0000363411,10021025001,黑松FIN補給飲料TP300ml,24,8/13/2021 3:02
DO_0000363410,10000011001,可口可樂 Can 250 ml,24,8/13/2021 3:02
DO_0000363470,10000011001,可口可樂 Can 250 ml,24,8/13/2021 4:07
DO_0000363445,10021025001,黑松FIN補給飲料TP300ml,24,8/13/2021 4:07
DO_0000363426,10000011001,可口可樂 Can 250 ml,48,8/13/2021 4:07
DO_0000363465,10000011001,可口可樂 Can 250 ml,24,8/13/2021 4:07
DO_0000363512,10000011001,可口可樂 Can 250 ml,48,8/13/2021 4:09
DO_0000363512,10021025001,黑松FIN補給飲料TP300ml,24,8/13/2021 4:09
DO_0000363508,10000011001,可口可樂 Can 250 ml,24,8/13/2021 4:09
DO_0000363489,10021025001,黑松FIN補給飲料TP300ml,24,8/13/2021 4:09
DO_0000363504,10021025001,黑松FIN補給飲料TP300ml,48,8/13/2021 4:09
DO_0000363817,10000011001,可口可樂 Can 250 ml,24,8/13/2021 4:10
DO_0000363779,10021025001,黑松FIN補給飲料TP300ml,72,8/13/2021 4:10
DO_0000363786,10021025001,黑松FIN補給飲料TP300ml,72,8/13/2021 4:10
DO_0000363851,10021025001,黑松FIN補給飲料TP300ml,72,8/13/2021 4:10
DO_0000363852,10000011001,可口可樂 Can 250 ml,48,8/13/2021 4:35
DO_0000363853,10000011001,可口可樂 Can 250 ml,48,8/13/2021 4:35
DO_0000364382,10021025001,黑松FIN補給飲料TP300ml,48,8/13/2021 5:50
DO_0000364444,10021025001,黑松FIN補給飲料TP300ml,48,8/13/2021 5:50
DO_0000335693,10000011001,可口可樂 Can 250 ml,24,8/13/2021 7:41
DO_0000325062,10021025001,黑松FIN補給飲料TP300ml,24,8/13/2021 7:41
DO_0000325500,10000011001,可口可樂 Can 250 ml,24,8/13/2021 7:41
DO_0000325179,10000011001,可口可樂 Can 250 ml,24,8/13/2021 7:41
DO_0000346389,10000011001,可口可樂 Can 250 ml,24,8/13/2021 7:43
DO_0000346389,10021025001,黑松FIN補給飲料TP300ml,48,8/13/2021 7:43
DO_0000349172,10000011001,可口可樂 Can 250 ml,24,8/13/2021 7:43
DO_0000351583,10000011001,可口可樂 Can 250 ml,24,8/13/2021 7:43
DO_0000356152,10000011001,可口可樂 Can 250 ml,24,8/13/2021 7:52
DO_0000356470,10000011001,可口可樂 Can 250 ml,24,8/13/2021 7:52
DO_0000356052,10000011001,可口可樂 Can 250 ml,48,8/13/2021 7:52
DO_0000355227,10021025001,黑松FIN補給飲料TP300ml,6,8/13/2021 7:53
DO_0000355500,10021025001,黑松FIN補給飲料TP300ml,6,8/13/2021 7:54
DO_0000363031,10021025001,黑松FIN補給飲料TP300ml,24,8/13/2021 7:56
DO_0000363140,10021025001,黑松FIN補給飲料TP300ml,24,8/13/2021 7:56
DO_0000363299,10000011001,可口可樂 Can 250 ml,24,8/13/2021 7:56
DO_0000363049,10021025001,黑松FIN補給飲料TP300ml,48,8/13/2021 7:56
DO_0000349239,10000011001,可口可樂 Can 250 ml,24,8/13/2021 10:01
DO_0000363066,10021025001,黑松FIN補給飲料TP300ml,24,8/13/2021 10:01
DO_0000365106,10000011001,可口可樂 Can 250 ml,48,8/13/2021 13:30
DO_0000368860,10021025001,黑松FIN補給飲料TP300ml,6,8/13/2021 16:21
DO_0000349088,10021025001,黑松FIN補給飲料TP300ml,6,8/13/2021 16:58
DO_0000363934,10021025001,黑松FIN補給飲料TP300ml,12,8/13/2021 16:58
DO_0000363196,10021025001,黑松FIN補給飲料TP300ml,24,8/13/2021 18:44
DO_0000355868,10021025001,黑松FIN補給飲料TP300ml,24,8/13/2021 18:44
DO_0000349538,10021025001,黑松FIN補給飲料TP300ml,48,8/13/2021 18:44
DO_0000366936,10021025001,黑松FIN補給飲料TP300ml,48,8/13/2021 18:44
DO_0000371284,10021025001,黑松FIN補給飲料TP300ml,6,8/13/2021 19:29
DO_0000368832,10000011001,可口可樂 Can 250 ml,24,8/13/2021 19:45
DO_0000368637,10021025001,黑松FIN補給飲料TP300ml,6,8/13/2021 22:03
DO_0000371561,10021025001,黑松FIN補給飲料TP300ml,120,8/13/2021 22:11
DO_0000371570,10021025001,黑松FIN補給飲料TP300ml,120,8/13/2021 22:11
DO_0000371599,10021025001,黑松FIN補給飲料TP300ml,120,8/13/2021 22:11
DO_0000371600,10021025001,黑松FIN補給飲料TP300ml,120,8/13/2021 22:11
DO_0000371605,10021025001,黑松FIN補給飲料TP300ml,120,8/13/2021 22:11
DO_0000371578,10021025001,黑松FIN補給飲料TP300ml,72,8/13/2021 22:12
DO_0000371586,10021025001,黑松FIN補給飲料TP300ml,72,8/13/2021 22:12
DO_0000371607,10021025001,黑松FIN補給飲料TP300ml,72,8/13/2021 22:12
DO_0000327880,10021025001,黑松FIN補給飲料TP300ml,48,8/13/2021 22:48
DO_0000363822,10021025001,黑松FIN補給飲料TP300ml,24,8/13/2021 22:48
DO_0000309751,10021025001,黑松FIN補給飲料TP300ml,24,8/13/2021 23:44
DO_0000325275,10021025001,黑松FIN補給飲料TP300ml,48,8/13/2021 23:44
DO_0000325128,10000011001,可口可樂 Can 250 ml,24,8/13/2021 23:44
DO_0000337461,10000011001,可口可樂 Can 250 ml,24,8/13/2021 23:46
DO_0000328281,10021025001,黑松FIN補給飲料TP300ml,48,8/13/2021 23:48
DO_0000349185,10000011001,可口可樂 Can 250 ml,24,8/13/2021 23:54
DO_0000349168,10000011001,可口可樂 Can 250 ml,24,8/13/2021 23:54
DO_0000343737,10000011001,可口可樂 Can 250 ml,24,8/14/2021 0:14
DO_0000363559,10000011001,可口可樂 Can 250 ml,24,8/14/2021 0:49
DO_0000359475,10021025001,黑松FIN補給飲料TP300ml,24,8/14/2021 0:49
DO_0000363541,10000011001,可口可樂 Can 250 ml,24,8/14/2021 0:50
DO_0000363739,10000011001,可口可樂 Can 250 ml,24,8/14/2021 0:50
DO_0000363889,10000011001,可口可樂 Can 250 ml,24,8/14/2021 0:55
DO_0000372036,10021025001,黑松FIN補給飲料TP300ml,72,8/14/2021 1:46
DO_0000372048,10021025001,黑松FIN補給飲料TP300ml,72,8/14/2021 1:46
DO_0000372239,10021025001,黑松FIN補給飲料TP300ml,72,8/14/2021 1:46
DO_0000372233,10000011001,可口可樂 Can 250 ml,24,8/14/2021 1:47
DO_0000372245,10021025001,黑松FIN補給飲料TP300ml,48,8/14/2021 1:47
DO_0000372284,10021025001,黑松FIN補給飲料TP300ml,48,8/14/2021 1:47
DO_0000366467,10021025001,黑松FIN補給飲料TP300ml,48,8/14/2021 1:56
DO_0000367363,10021025001,黑松FIN補給飲料TP300ml,24,8/14/2021 2:42
DO_0000373357,10021025001,黑松FIN補給飲料TP300ml,24,8/14/2021 3:10
DO_0000373346,10021025001,黑松FIN補給飲料TP300ml,48,8/14/2021 3:11
DO_0000373362,10021025001,黑松FIN補給飲料TP300ml,48,8/14/2021 3:11
DO_0000369962,10021025001,黑松FIN補給飲料TP300ml,6,8/14/2021 3:36
DO_0000373387,10021025001,黑松FIN補給飲料TP300ml,24,8/14/2021 3:50
DO_0000373349,10000011001,可口可樂 Can 250 ml,24,8/14/2021 3:50
DO_0000373351,10000011001,可口可樂 Can 250 ml,24,8/14/2021 3:51
DO_0000373426,10021025001,黑松FIN補給飲料TP300ml,24,8/14/2021 4:15
DO_0000373454,10021025001,黑松FIN補給飲料TP300ml,96,8/14/2021 4:40
DO_0000373458,10021025001,黑松FIN補給飲料TP300ml,96,8/14/2021 4:40
DO_0000373459,10021025001,黑松FIN補給飲料TP300ml,96,8/14/2021 4:40
DO_0000373462,10021025001,黑松FIN補給飲料TP300ml,96,8/14/2021 4:40
DO_0000373402,10021025001,黑松FIN補給飲料TP300ml,48,8/14/2021 5:06
DO_0000373433,10021025001,黑松FIN補給飲料TP300ml,48,8/14/2021 5:06
DO_0000371515,10021025001,黑松FIN補給飲料TP300ml,6,8/14/2021 5:12
DO_0000373522,10021025001,黑松FIN補給飲料TP300ml,24,8/14/2021 5:15
DO_0000373488,10021025001,黑松FIN補給飲料TP300ml,96,8/14/2021 5:16
DO_0000373495,10021025001,黑松FIN補給飲料TP300ml,96,8/14/2021 5:16
DO_0000373496,10021025001,黑松FIN補給飲料TP300ml,96,8/14/2021 5:16
DO_0000373502,10021025001,黑松FIN補給飲料TP300ml,96,8/14/2021 5:16
DO_0000327803,10000011001,可口可樂 Can 250 ml,24,8/14/2021 6:22
DO_0000327803,10021025001,黑松FIN補給飲料TP300ml,24,8/14/2021 6:22
DO_0000374688,10000011001,可口可樂 Can 250 ml,48,8/14/2021 6:35
DO_0000374691,10000011001,可口可樂 Can 250 ml,48,8/14/2021 6:35
DO_0000374501,10000011001,可口可樂 Can 250 ml,48,8/14/2021 6:45
DO_0000374502,10000011001,可口可樂 Can 250 ml,48,8/14/2021 6:45
DO_0000374740,10021025001,黑松FIN補給飲料TP300ml,24,8/14/2021 8:05
DO_0000374740,10021025001,黑松FIN補給飲料TP300ml,48,8/14/2021 8:05
DO_0000374741,10021025001,黑松FIN補給飲料TP300ml,24,8/14/2021 8:05
DO_0000374741,10021025001,黑松FIN補給飲料TP300ml,48,8/14/2021 8:05
DO_0000374743,10021025001,黑松FIN補給飲料TP300ml,24,8/14/2021 8:05
DO_0000374743,10021025001,黑松FIN補給飲料TP300ml,48,8/14/2021 8:05
DO_0000376088,10021025001,黑松FIN補給飲料TP300ml,24,8/14/2021 11:10
DO_0000376090,10021025001,黑松FIN補給飲料TP300ml,24,8/14/2021 11:11
DO_0000374732,10021025001,黑松FIN補給飲料TP300ml,24,8/14/2021 11:35
DO_0000376282,10021025001,黑松FIN補給飲料TP300ml,12,8/14/2021 11:40
DO_0000376321,10021025001,黑松FIN補給飲料TP300ml,24,8/14/2021 11:55
DO_0000371869,10021025001,黑松FIN補給飲料TP300ml,6,8/14/2021 12:12
DO_0000376251,10000011001,可口可樂 Can 250 ml,48,8/14/2021 13:11
DO_0000376254,10000011001,可口可樂 Can 250 ml,48,8/14/2021 13:11
DO_0000327881,10021025001,黑松FIN補給飲料TP300ml,288,8/14/2021 13:34
DO_0000327994,10021025001,黑松FIN補給飲料TP300ml,48,8/14/2021 13:34
DO_0000376886,10021025001,黑松FIN補給飲料TP300ml,24,8/14/2021 14:05
DO_0000376901,10021025001,黑松FIN補給飲料TP300ml,24,8/14/2021 14:06
DO_0000377181,10021025001,黑松FIN補給飲料TP300ml,48,8/14/2021 15:30
DO_0000377183,10021025001,黑松FIN補給飲料TP300ml,48,8/14/2021 15:30
DO_0000376879,10000011001,可口可樂 Can 250 ml,24,8/14/2021 15:31
DO_0000377264,10000011001,可口可樂 Can 250 ml,24,8/14/2021 15:33
DO_0000377262,10021025001,黑松FIN補給飲料TP300ml,24,8/14/2021 15:33
DO_0000377108,10021025001,黑松FIN補給飲料TP300ml,24,8/14/2021 15:34
DO_0000377195,10021025001,黑松FIN補給飲料TP300ml,12,8/14/2021 16:15
DO_0000369397,10021025001,黑松FIN補給飲料TP300ml,6,8/14/2021 16:15
DO_0000377496,10021025001,黑松FIN補給飲料TP300ml,24,8/14/2021 16:30
DO_0000377532,10000011001,可口可樂 Can 250 ml,24,8/14/2021 16:31
DO_0000377498,10021025001,黑松FIN補給飲料TP300ml,24,8/14/2021 16:31
DO_0000377803,10000011001,可口可樂 Can 250 ml,24,8/14/2021 17:35
DO_0000377862,10021025001,黑松FIN補給飲料TP300ml,48,8/14/2021 17:36
DO_0000377864,10021025001,黑松FIN補給飲料TP300ml,48,8/14/2021 17:36
DO_0000326193,10021025001,黑松FIN補給飲料TP300ml,6,8/14/2021 18:10
DO_0000346247,10000011001,可口可樂 Can 250 ml,24,8/14/2021 18:10
DO_0000363229,10000011001,可口可樂 Can 250 ml,48,8/14/2021 18:10
DO_0000377317,10000011001,可口可樂 Can 250 ml,24,8/14/2021 18:11
DO_0000363058,10021025001,黑松FIN補給飲料TP300ml,48,8/14/2021 18:10
DO_0000363132,10021025001,黑松FIN補給飲料TP300ml,24,8/14/2021 18:10
DO_0000372120,10021025001,黑松FIN補給飲料TP300ml,6,8/14/2021 18:10
DO_0000362996,10000011001,可口可樂 Can 250 ml,48,8/14/2021 18:10
DO_0000378224,10021025001,黑松FIN補給飲料TP300ml,24,8/14/2021 19:31
DO_0000378286,10000011001,可口可樂 Can 250 ml,24,8/14/2021 19:32
DO_0000378232,10021025001,黑松FIN補給飲料TP300ml,24,8/14/2021 19:32
DO_0000378289,10000011001,可口可樂 Can 250 ml,24,8/14/2021 19:36
DO_0000378213,10021025001,黑松FIN補給飲料TP300ml,72,8/14/2021 19:36
DO_0000378420,10021025001,黑松FIN補給飲料TP300ml,72,8/14/2021 19:36
DO_0000378425,10021025001,黑松FIN補給飲料TP300ml,72,8/14/2021 19:36
DO_0000378406,10021025001,黑松FIN補給飲料TP300ml,24,8/14/2021 19:37
DO_0000378406,10021025001,黑松FIN補給飲料TP300ml,24,8/14/2021 19:37
DO_0000378415,10021025001,黑松FIN補給飲料TP300ml,24,8/14/2021 19:37
DO_0000378415,10021025001,黑松FIN補給飲料TP300ml,24,8/14/2021 19:37
DO_0000378329,10000011001,可口可樂 Can 250 ml,24,8/14/2021 20:20
DO_0000378433,10021025001,黑松FIN補給飲料TP300ml,120,8/14/2021 20:21
DO_0000378434,10021025001,黑松FIN補給飲料TP300ml,120,8/14/2021 20:21
DO_0000378452,10021025001,黑松FIN補給飲料TP300ml,120,8/14/2021 20:21
DO_0000378613,10021025001,黑松FIN補給飲料TP300ml,120,8/14/2021 20:21
DO_0000378630,10021025001,黑松FIN補給飲料TP300ml,120,8/14/2021 20:21
DO_0000378394,10000011001,可口可樂 Can 250 ml,48,8/14/2021 20:22
DO_0000378395,10000011001,可口可樂 Can 250 ml,48,8/14/2021 20:22
DO_0000376923,10021025001,黑松FIN補給飲料TP300ml,24,8/14/2021 20:30
DO_0000378832,10000011001,可口可樂 Can 250 ml,24,8/14/2021 21:40
DO_0000378314,10021025001,黑松FIN補給飲料TP300ml,24,8/14/2021 21:41
DO_0000363141,10021025001,黑松FIN補給飲料TP300ml,6,8/14/2021 21:42
DO_0000378797,10021025001,黑松FIN補給飲料TP300ml,24,8/14/2021 21:46
DO_0000378459,10000011001,可口可樂 Can 250 ml,48,8/14/2021 22:27
DO_0000378563,10000011001,可口可樂 Can 250 ml,48,8/14/2021 22:27
DO_0000378334,10021025001,黑松FIN補給飲料TP300ml,24,8/14/2021 22:27
DO_0000378438,10000011001,可口可樂 Can 250 ml,48,8/14/2021 22:28
DO_0000378473,10000011001,可口可樂 Can 250 ml,48,8/14/2021 22:28
DO_0000378398,10021025001,黑松FIN補給飲料TP300ml,24,8/14/2021 22:28
DO_0000378805,10021025001,黑松FIN補給飲料TP300ml,24,8/14/2021 22:29
DO_0000378515,10000011001,可口可樂 Can 250 ml,24,8/14/2021 22:30
DO_0000378515,10000011001,可口可樂 Can 250 ml,24,8/14/2021 22:30
DO_0000378582,10000011001,可口可樂 Can 250 ml,24,8/14/2021 22:30
DO_0000378582,10000011001,可口可樂 Can 250 ml,24,8/14/2021 22:30
DO_0000378521,10021025001,黑松FIN補給飲料TP300ml,48,8/14/2021 22:30
DO_0000378528,10021025001,黑松FIN補給飲料TP300ml,48,8/14/2021 22:30
DO_0000378378,10021025001,黑松FIN補給飲料TP300ml,24,8/14/2021 22:32
DO_0000378378,10021025001,黑松FIN補給飲料TP300ml,48,8/14/2021 22:32
DO_0000378770,10021025001,黑松FIN補給飲料TP300ml,24,8/14/2021 22:31
DO_0000378770,10021025001,黑松FIN補給飲料TP300ml,48,8/14/2021 22:31
DO_0000378771,10021025001,黑松FIN補給飲料TP300ml,24,8/14/2021 22:31
DO_0000378771,10021025001,黑松FIN補給飲料TP300ml,48,8/14/2021 22:31
DO_0000373193,10021025001,黑松FIN補給飲料TP300ml,6,8/14/2021 22:31
DO_0000371690,10021025001,黑松FIN補給飲料TP300ml,6,8/14/2021 22:32
DO_0000379105,10000011001,可口可樂 Can 250 ml,24,8/15/2021 0:06
DO_0000379145,10000011001,可口可樂 Can 250 ml,48,8/15/2021 0:25
DO_0000379146,10000011001,可口可樂 Can 250 ml,48,8/15/2021 0:25
DO_0000348831,10021025001,黑松FIN補給飲料TP300ml,48,8/15/2021 1:43
DO_0000351216,10000011001,可口可樂 Can 250 ml,24,8/15/2021 1:43
DO_0000356102,10021025001,黑松FIN補給飲料TP300ml,6,8/15/2021 1:43
DO_0000379691,10021025001,黑松FIN補給飲料TP300ml,48,8/15/2021 1:50
DO_0000379693,10021025001,黑松FIN補給飲料TP300ml,48,8/15/2021 1:50
DO_0000379750,10000011001,可口可樂 Can 250 ml,24,8/15/2021 2:55
DO_0000379754,10000011001,可口可樂 Can 250 ml,24,8/15/2021 2:56
DO_0000379733,10000011001,可口可樂 Can 250 ml,48,8/15/2021 3:05
DO_0000379776,10000011001,可口可樂 Can 250 ml,48,8/15/2021 3:05
DO_0000379758,10021025001,黑松FIN補給飲料TP300ml,24,8/15/2021 3:06
DO_0000379828,10021025001,黑松FIN補給飲料TP300ml,24,8/15/2021 4:10
DO_0000379801,10021025001,黑松FIN補給飲料TP300ml,48,8/15/2021 4:11
DO_0000379820,10021025001,黑松FIN補給飲料TP300ml,48,8/15/2021 4:11
DO_0000337476,10000011001,可口可樂 Can 250 ml,24,8/15/2021 4:40
DO_0000346216,10021025001,黑松FIN補給飲料TP300ml,24,8/15/2021 4:40
DO_0000331264,10000011001,可口可樂 Can 250 ml,24,8/15/2021 4:40
DO_0000346211,10000011001,可口可樂 Can 250 ml,24,8/15/2021 4:40
DO_0000346207,10000011001,可口可樂 Can 250 ml,48,8/15/2021 4:40
DO_0000343246,10000011001,可口可樂 Can 250 ml,24,8/15/2021 4:40
DO_0000331626,10000011001,可口可樂 Can 250 ml,24,8/15/2021 4:40
DO_0000333954,10000011001,可口可樂 Can 250 ml,24,8/15/2021 4:40
DO_0000344410,10000011001,可口可樂 Can 250 ml,24,8/15/2021 4:40
DO_0000346386,10021025001,黑松FIN補給飲料TP300ml,24,8/15/2021 4:40
DO_0000355706,10021025001,黑松FIN補給飲料TP300ml,24,8/15/2021 4:53
DO_0000363828,10021025001,黑松FIN補給飲料TP300ml,6,8/15/2021 5:44
DO_0000356091,10021025001,黑松FIN補給飲料TP300ml,24,8/15/2021 5:44
DO_0000355877,10021025001,黑松FIN補給飲料TP300ml,48,8/15/2021 5:44
DO_0000363104,10000011001,可口可樂 Can 250 ml,24,8/15/2021 5:44
DO_0000368846,10021025001,黑松FIN補給飲料TP300ml,6,8/15/2021 5:44
DO_0000372421,10021025001,黑松FIN補給飲料TP300ml,6,8/15/2021 5:44
DO_0000370134,10021025001,黑松FIN補給飲料TP300ml,12,8/15/2021 5:44
DO_0000369699,10021025001,黑松FIN補給飲料TP300ml,6,8/15/2021 5:44
DO_0000372613,10021025001,黑松FIN補給飲料TP300ml,12,8/15/2021 5:44
DO_0000327895,10021025001,黑松FIN補給飲料TP300ml,48,8/15/2021 5:47
DO_0000349112,10000011001,可口可樂 Can 250 ml,24,8/15/2021 5:47
DO_0000348868,10021025001,黑松FIN補給飲料TP300ml,24,8/15/2021 5:47
DO_0000349543,10021025001,黑松FIN補給飲料TP300ml,48,8/15/2021 5:47
DO_0000380479,10021025001,黑松FIN補給飲料TP300ml,24,8/15/2021 5:50
DO_0000380541,10000011001,可口可樂 Can 250 ml,72,8/15/2021 6:06
DO_0000380749,10000011001,可口可樂 Can 250 ml,72,8/15/2021 6:06
DO_0000380763,10000011001,可口可樂 Can 250 ml,72,8/15/2021 6:06
DO_0000380816,10000011001,可口可樂 Can 250 ml,24,8/15/2021 6:55
DO_0000380791,10000011001,可口可樂 Can 250 ml,48,8/15/2021 6:56
DO_0000380791,10000011001,可口可樂 Can 250 ml,24,8/15/2021 6:56
DO_0000380795,10000011001,可口可樂 Can 250 ml,48,8/15/2021 6:56
DO_0000380795,10000011001,可口可樂 Can 250 ml,24,8/15/2021 6:56
DO_0000380803,10000011001,可口可樂 Can 250 ml,48,8/15/2021 6:56
DO_0000380803,10000011001,可口可樂 Can 250 ml,24,8/15/2021 6:56
DO_0000369529,10021025001,黑松FIN補給飲料TP300ml,6,8/15/2021 7:06
DO_0000368778,10000011001,可口可樂 Can 250 ml,24,8/15/2021 7:10
DO_0000369547,10000011001,可口可樂 Can 250 ml,24,8/15/2021 9:25
DO_0000381158,10000011001,可口可樂 Can 250 ml,24,8/15/2021 9:45
DO_0000377763,10021025001,黑松FIN補給飲料TP300ml,6,8/15/2021 11:38
DO_0000369902,10021025001,黑松FIN補給飲料TP300ml,6,8/15/2021 11:38
DO_0000381961,10000011001,可口可樂 Can 250 ml,24,8/15/2021 13:10
DO_0000322034,10000011001,可口可樂 Can 250 ml,24,8/15/2021 13:31
DO_0000383330,10021025001,黑松FIN補給飲料TP300ml,72,8/15/2021 17:11
DO_0000383332,10021025001,黑松FIN補給飲料TP300ml,72,8/15/2021 17:11
DO_0000383854,10021025001,黑松FIN補給飲料TP300ml,72,8/15/2021 17:11
DO_0000383212,10000011001,可口可樂 Can 250 ml,48,8/15/2021 17:12
DO_0000383850,10000011001,可口可樂 Can 250 ml,48,8/15/2021 17:12
DO_0000383209,10021025001,黑松FIN補給飲料TP300ml,72,8/15/2021 17:12
DO_0000383209,10021025001,黑松FIN補給飲料TP300ml,24,8/15/2021 17:12
DO_0000383271,10021025001,黑松FIN補給飲料TP300ml,72,8/15/2021 17:12
DO_0000383271,10021025001,黑松FIN補給飲料TP300ml,24,8/15/2021 17:12
DO_0000383987,10021025001,黑松FIN補給飲料TP300ml,72,8/15/2021 17:12
DO_0000383987,10021025001,黑松FIN補給飲料TP300ml,24,8/15/2021 17:12
DO_0000384058,10021025001,黑松FIN補給飲料TP300ml,72,8/15/2021 17:12
DO_0000384058,10021025001,黑松FIN補給飲料TP300ml,24,8/15/2021 17:12
DO_0000383902,10000011001,可口可樂 Can 250 ml,24,8/15/2021 17:13
DO_0000383902,10000011001,可口可樂 Can 250 ml,24,8/15/2021 17:13
DO_0000383949,10000011001,可口可樂 Can 250 ml,24,8/15/2021 17:13
DO_0000383949,10000011001,可口可樂 Can 250 ml,24,8/15/2021 17:13
DO_0000383221,10021025001,黑松FIN補給飲料TP300ml,24,8/15/2021 17:13
DO_0000383956,10000011001,可口可樂 Can 250 ml,24,8/15/2021 17:14
DO_0000383926,10021025001,黑松FIN補給飲料TP300ml,72,8/15/2021 17:14
DO_0000383933,10021025001,黑松FIN補給飲料TP300ml,72,8/15/2021 17:14
DO_0000383943,10021025001,黑松FIN補給飲料TP300ml,72,8/15/2021 17:14
DO_0000383268,10000011001,可口可樂 Can 250 ml,48,8/15/2021 17:15
DO_0000383268,10000011001,可口可樂 Can 250 ml,24,8/15/2021 17:15
DO_0000383785,10000011001,可口可樂 Can 250 ml,48,8/15/2021 17:15
DO_0000383785,10000011001,可口可樂 Can 250 ml,24,8/15/2021 17:15
DO_0000383790,10000011001,可口可樂 Can 250 ml,48,8/15/2021 17:15
DO_0000383790,10000011001,可口可樂 Can 250 ml,24,8/15/2021 17:15
DO_0000383812,10000011001,可口可樂 Can 250 ml,24,8/15/2021 17:17
DO_0000384015,10021025001,黑松FIN補給飲料TP300ml,48,8/15/2021 17:17
DO_0000384017,10021025001,黑松FIN補給飲料TP300ml,48,8/15/2021 17:17
DO_0000369226,10021025001,黑松FIN補給飲料TP300ml,6,8/15/2021 17:29
DO_0000369961,10021025001,黑松FIN補給飲料TP300ml,12,8/15/2021 17:29
DO_0000334445,10000011001,可口可樂 Can 250 ml,24,8/15/2021 17:34
DO_0000340315,10000011001,可口可樂 Can 250 ml,24,8/15/2021 17:40
DO_0000344436,10000011001,可口可樂 Can 250 ml,24,8/15/2021 17:40
DO_0000343713,10000011001,可口可樂 Can 250 ml,24,8/15/2021 17:40
DO_0000376389,10021025001,黑松FIN補給飲料TP300ml,6,8/15/2021 18:40
DO_0000335474,10000011001,可口可樂 Can 250 ml,48,8/15/2021 18:48
DO_0000337480,10000011001,可口可樂 Can 250 ml,48,8/15/2021 18:48
DO_0000384484,10000011001,可口可樂 Can 250 ml,24,8/15/2021 18:51
DO_0000384484,10000011001,可口可樂 Can 250 ml,24,8/15/2021 18:51
DO_0000384488,10000011001,可口可樂 Can 250 ml,24,8/15/2021 18:51
DO_0000384488,10000011001,可口可樂 Can 250 ml,24,8/15/2021 18:51
DO_0000384518,10021025001,黑松FIN補給飲料TP300ml,24,8/15/2021 18:51
DO_0000384518,10021025001,黑松FIN補給飲料TP300ml,24,8/15/2021 18:51
DO_0000384539,10021025001,黑松FIN補給飲料TP300ml,24,8/15/2021 18:51
DO_0000384539,10021025001,黑松FIN補給飲料TP300ml,24,8/15/2021 18:51
DO_0000384556,10021025001,黑松FIN補給飲料TP300ml,24,8/15/2021 18:52
DO_0000384556,10021025001,黑松FIN補給飲料TP300ml,24,8/15/2021 18:52
DO_0000384558,10021025001,黑松FIN補給飲料TP300ml,24,8/15/2021 18:52
DO_0000384558,10021025001,黑松FIN補給飲料TP300ml,24,8/15/2021 18:52
DO_0000384461,10021025001,黑松FIN補給飲料TP300ml,24,8/15/2021 18:55
DO_0000384439,10021025001,黑松FIN補給飲料TP300ml,48,8/15/2021 18:56
DO_0000384439,10021025001,黑松FIN補給飲料TP300ml,48,8/15/2021 18:56
DO_0000384451,10021025001,黑松FIN補給飲料TP300ml,48,8/15/2021 18:56
DO_0000384451,10021025001,黑松FIN補給飲料TP300ml,48,8/15/2021 18:56
DO_0000384462,10021025001,黑松FIN補給飲料TP300ml,48,8/15/2021 18:56
DO_0000384462,10021025001,黑松FIN補給飲料TP300ml,48,8/15/2021 18:56
DO_0000384570,10021025001,黑松FIN補給飲料TP300ml,48,8/15/2021 18:56
DO_0000384570,10021025001,黑松FIN補給飲料TP300ml,48,8/15/2021 18:56
MV_0000018942_1,10021025001,黑松FIN補給飲料TP300ml,48,8/15/2021 18:58
DO_0000333935,10000011001,可口可樂 Can 250 ml,24,8/15/2021 19:10
DO_0000346280,10000011001,可口可樂 Can 250 ml,24,8/15/2021 19:11
DO_0000334152,10000011001,可口可樂 Can 250 ml,24,8/15/2021 19:11
DO_0000337505,10000011001,可口可樂 Can 250 ml,24,8/15/2021 19:11
MV_0000018967_1,10021025001,黑松FIN補給飲料TP300ml,24,8/15/2021 19:34
DO_0000385172,10021025001,黑松FIN補給飲料TP300ml,6,8/15/2021 20:26
DO_0000384940,10000011001,可口可樂 Can 250 ml,24,8/15/2021 20:45
DO_0000384968,10000011001,可口可樂 Can 250 ml,24,8/15/2021 20:46
DO_0000384722,10021025001,黑松FIN補給飲料TP300ml,24,8/15/2021 20:46
DO_0000385367,10000011001,可口可樂 Can 250 ml,24,8/15/2021 21:05
DO_0000385098,10021025001,黑松FIN補給飲料TP300ml,24,8/15/2021 21:55
DO_0000351576,10000011001,可口可樂 Can 250 ml,24,8/15/2021 22:51
DO_0000349243,10000011001,可口可樂 Can 250 ml,24,8/15/2021 22:51
DO_0000351079,10000011001,可口可樂 Can 250 ml,24,8/15/2021 22:51
DO_0000351224,10000011001,可口可樂 Can 250 ml,24,8/15/2021 22:51
DO_0000349169,10000011001,可口可樂 Can 250 ml,48,8/15/2021 22:51
DO_0000346262,10000011001,可口可樂 Can 250 ml,24,8/15/2021 22:51
DO_0000349492,10000011001,可口可樂 Can 250 ml,24,8/15/2021 22:51
DO_0000337524,10000011001,可口可樂 Can 250 ml,24,8/15/2021 22:51
DO_0000351725,10021025001,黑松FIN補給飲料TP300ml,48,8/15/2021 22:51
DO_0000351663,10021025001,黑松FIN補給飲料TP300ml,48,8/15/2021 22:51
DO_0000350516,10000011001,可口可樂 Can 250 ml,48,8/15/2021 22:51
DO_0000356128,10021025001,黑松FIN補給飲料TP300ml,48,8/15/2021 22:58
DO_0000363754,10021025001,黑松FIN補給飲料TP300ml,24,8/15/2021 22:58
DO_0000363865,10021025001,黑松FIN補給飲料TP300ml,24,8/15/2021 22:58
DO_0000363906,10021025001,黑松FIN補給飲料TP300ml,24,8/15/2021 22:58
DO_0000363839,10021025001,黑松FIN補給飲料TP300ml,24,8/15/2021 22:58
DO_0000363908,10021025001,黑松FIN補給飲料TP300ml,48,8/15/2021 22:58
DO_0000356011,10021025001,黑松FIN補給飲料TP300ml,48,8/15/2021 22:58
DO_0000356055,10021025001,黑松FIN補給飲料TP300ml,48,8/15/2021 22:58
DO_0000385611,10021025001,黑松FIN補給飲料TP300ml,48,8/15/2021 23:06
DO_0000385611,10021025001,黑松FIN補給飲料TP300ml,24,8/15/2021 23:06
DO_0000385654,10021025001,黑松FIN補給飲料TP300ml,48,8/15/2021 23:06
DO_0000385654,10021025001,黑松FIN補給飲料TP300ml,24,8/15/2021 23:06
DO_0000385726,10021025001,黑松FIN補給飲料TP300ml,48,8/15/2021 23:06
DO_0000385726,10021025001,黑松FIN補給飲料TP300ml,24,8/15/2021 23:06
DO_0000385626,10021025001,黑松FIN補給飲料TP300ml,48,8/15/2021 23:07
DO_0000385687,10021025001,黑松FIN補給飲料TP300ml,48,8/15/2021 23:07
DO_0000377790,10021025001,黑松FIN補給飲料TP300ml,12,8/15/2021 23:10
DO_0000372666,10021025001,黑松FIN補給飲料TP300ml,6,8/15/2021 23:10
DO_0000377789,10021025001,黑松FIN補給飲料TP300ml,6,8/15/2021 23:14
DO_0000372432,10021025001,黑松FIN補給飲料TP300ml,6,8/15/2021 23:14
DO_0000355676,10000011001,可口可樂 Can 250 ml,24,8/15/2021 23:30
DO_0000372327,10021025001,黑松FIN補給飲料TP300ml,12,8/15/2021 23:31
DO_0000355992,10021025001,黑松FIN補給飲料TP300ml,36,8/15/2021 23:30
DO_0000355657,10000011001,可口可樂 Can 250 ml,24,8/15/2021 23:30
DO_0000351614,10021025001,黑松FIN補給飲料TP300ml,48,8/15/2021 23:30
DO_0000372425,10021025001,黑松FIN補給飲料TP300ml,6,8/15/2021 23:30
DO_0000349801,10021025001,黑松FIN補給飲料TP300ml,48,8/15/2021 23:30
DO_0000363909,10021025001,黑松FIN補給飲料TP300ml,48,8/15/2021 23:31
DO_0000363916,10021025001,黑松FIN補給飲料TP300ml,48,8/15/2021 23:31
DO_0000385961,10000011001,可口可樂 Can 250 ml,24,8/15/2021 23:35
DO_0000385787,10021025001,黑松FIN補給飲料TP300ml,24,8/15/2021 23:36
DO_0000385787,10021025001,黑松FIN補給飲料TP300ml,24,8/15/2021 23:36
DO_0000385918,10021025001,黑松FIN補給飲料TP300ml,24,8/15/2021 23:36
DO_0000385918,10021025001,黑松FIN補給飲料TP300ml,24,8/15/2021 23:36
DO_0000346255,10000011001,可口可樂 Can 250 ml,24,8/15/2021 23:42
DO_0000331765,10000011001,可口可樂 Can 250 ml,24,8/16/2021 0:00
DO_0000332829,10000011001,可口可樂 Can 250 ml,48,8/16/2021 0:00
DO_0000384771,10000011001,可口可樂 Can 250 ml,72,8/16/2021 0:06
DO_0000384777,10000011001,可口可樂 Can 250 ml,72,8/16/2021 0:06
DO_0000385349,10000011001,可口可樂 Can 250 ml,72,8/16/2021 0:06
DO_0000385014,10000011001,可口可樂 Can 250 ml,24,8/16/2021 0:07
DO_0000385011,10021025001,黑松FIN補給飲料TP300ml,48,8/16/2021 0:07
DO_0000385011,10021025001,黑松FIN補給飲料TP300ml,24,8/16/2021 0:07
DO_0000385222,10021025001,黑松FIN補給飲料TP300ml,48,8/16/2021 0:07
DO_0000385222,10021025001,黑松FIN補給飲料TP300ml,24,8/16/2021 0:07
DO_0000385359,10021025001,黑松FIN補給飲料TP300ml,48,8/16/2021 0:07
DO_0000385359,10021025001,黑松FIN補給飲料TP300ml,24,8/16/2021 0:07
DO_0000384747,10000011001,可口可樂 Can 250 ml,24,8/16/2021 0:08
DO_0000384747,10000011001,可口可樂 Can 250 ml,24,8/16/2021 0:08
DO_0000384790,10000011001,可口可樂 Can 250 ml,24,8/16/2021 0:08
DO_0000384790,10000011001,可口可樂 Can 250 ml,24,8/16/2021 0:08
DO_0000384837,10000011001,可口可樂 Can 250 ml,24,8/16/2021 0:09
DO_0000385228,10021025001,黑松FIN補給飲料TP300ml,24,8/16/2021 0:09
DO_0000384973,10000011001,可口可樂 Can 250 ml,48,8/16/2021 0:10
DO_0000384973,10000011001,可口可樂 Can 250 ml,24,8/16/2021 0:10
DO_0000385137,10000011001,可口可樂 Can 250 ml,48,8/16/2021 0:10
DO_0000385137,10000011001,可口可樂 Can 250 ml,24,8/16/2021 0:10
DO_0000385291,10000011001,可口可樂 Can 250 ml,48,8/16/2021 0:10
DO_0000385291,10000011001,可口可樂 Can 250 ml,24,8/16/2021 0:10
DO_0000384970,10021025001,黑松FIN補給飲料TP300ml,48,8/16/2021 0:10
DO_0000385293,10021025001,黑松FIN補給飲料TP300ml,48,8/16/2021 0:10
DO_0000385090,10000011001,可口可樂 Can 250 ml,24,8/16/2021 0:11
DO_0000385090,10000011001,可口可樂 Can 250 ml,24,8/16/2021 0:11
DO_0000385309,10000011001,可口可樂 Can 250 ml,24,8/16/2021 0:11
DO_0000385309,10000011001,可口可樂 Can 250 ml,24,8/16/2021 0:11
DO_0000385257,10000011001,可口可樂 Can 250 ml,24,8/16/2021 0:12
DO_0000385282,10021025001,黑松FIN補給飲料TP300ml,24,8/16/2021 0:12
DO_0000384991,10021025001,黑松FIN補給飲料TP300ml,72,8/16/2021 0:13
DO_0000384991,10021025001,黑松FIN補給飲料TP300ml,24,8/16/2021 0:13
DO_0000385017,10021025001,黑松FIN補給飲料TP300ml,72,8/16/2021 0:13
DO_0000385017,10021025001,黑松FIN補給飲料TP300ml,24,8/16/2021 0:13
DO_0000385299,10021025001,黑松FIN補給飲料TP300ml,72,8/16/2021 0:13
DO_0000385299,10021025001,黑松FIN補給飲料TP300ml,24,8/16/2021 0:13
DO_0000385469,10021025001,黑松FIN補給飲料TP300ml,72,8/16/2021 0:13
DO_0000385469,10021025001,黑松FIN補給飲料TP300ml,24,8/16/2021 0:13
DO_0000384907,10000011001,可口可樂 Can 250 ml,24,8/16/2021 0:14
DO_0000384992,10000011001,可口可樂 Can 250 ml,48,8/16/2021 0:15
DO_0000384995,10000011001,可口可樂 Can 250 ml,48,8/16/2021 0:15
DO_0000384998,10021025001,黑松FIN補給飲料TP300ml,48,8/16/2021 0:15
DO_0000384998,10021025001,黑松FIN補給飲料TP300ml,24,8/16/2021 0:15
DO_0000385000,10021025001,黑松FIN補給飲料TP300ml,48,8/16/2021 0:15
DO_0000385000,10021025001,黑松FIN補給飲料TP300ml,24,8/16/2021 0:15
DO_0000385041,10021025001,黑松FIN補給飲料TP300ml,48,8/16/2021 0:15
DO_0000385041,10021025001,黑松FIN補給飲料TP300ml,24,8/16/2021 0:15
DO_0000386079,10000011001,可口可樂 Can 250 ml,24,8/16/2021 0:20
DO_0000386079,10000011001,可口可樂 Can 250 ml,24,8/16/2021 0:20
DO_0000386198,10000011001,可口可樂 Can 250 ml,24,8/16/2021 0:20
DO_0000386198,10000011001,可口可樂 Can 250 ml,24,8/16/2021 0:20
DO_0000385985,10021025001,黑松FIN補給飲料TP300ml,24,8/16/2021 0:20
DO_0000385977,10021025001,黑松FIN補給飲料TP300ml,24,8/16/2021 0:21
DO_0000386101,10000011001,可口可樂 Can 250 ml,24,8/16/2021 0:22
DO_0000386169,10021025001,黑松FIN補給飲料TP300ml,24,8/16/2021 0:22
DO_0000386961,10000011001,可口可樂 Can 250 ml,24,8/16/2021 1:05
DO_0000386065,10021025001,黑松FIN補給飲料TP300ml,96,8/16/2021 1:05
DO_0000386065,10021025001,黑松FIN補給飲料TP300ml,24,8/16/2021 1:05
DO_0000386096,10021025001,黑松FIN補給飲料TP300ml,96,8/16/2021 1:05
DO_0000386096,10021025001,黑松FIN補給飲料TP300ml,24,8/16/2021 1:05
DO_0000386193,10021025001,黑松FIN補給飲料TP300ml,96,8/16/2021 1:05
DO_0000386193,10021025001,黑松FIN補給飲料TP300ml,24,8/16/2021 1:05
DO_0000386225,10021025001,黑松FIN補給飲料TP300ml,96,8/16/2021 1:05
DO_0000386225,10021025001,黑松FIN補給飲料TP300ml,24,8/16/2021 1:05
DO_0000386962,10021025001,黑松FIN補給飲料TP300ml,96,8/16/2021 1:05
DO_0000386962,10021025001,黑松FIN補給飲料TP300ml,24,8/16/2021 1:05
DO_0000384528,10021025001,黑松FIN補給飲料TP300ml,24,8/16/2021 1:18
DO_0000387182,10021025001,黑松FIN補給飲料TP300ml,24,8/16/2021 1:51
DO_0000387225,10000011001,可口可樂 Can 250 ml,24,8/16/2021 2:45
DO_0000327916,10021025001,黑松FIN補給飲料TP300ml,48,8/16/2021 3:03
DO_0000355874,10021025001,黑松FIN補給飲料TP300ml,48,8/16/2021 3:03
DO_0000327958,10021025001,黑松FIN補給飲料TP300ml,810,8/16/2021 3:03
DO_0000327958,10021025001,黑松FIN補給飲料TP300ml,510,8/16/2021 3:03
DO_0000349113,10000011001,可口可樂 Can 250 ml,24,8/16/2021 3:03
DO_0000369795,10021025001,黑松FIN補給飲料TP300ml,6,8/16/2021 3:03
DO_0000385810,10021025001,黑松FIN補給飲料TP300ml,24,8/16/2021 3:11
DO_0000385778,10000011001,可口可樂 Can 250 ml,24,8/16/2021 3:12
DO_0000385479,10000011001,可口可樂 Can 250 ml,48,8/16/2021 3:13
DO_0000385479,10000011001,可口可樂 Can 250 ml,24,8/16/2021 3:13
DO_0000386132,10000011001,可口可樂 Can 250 ml,48,8/16/2021 3:13
DO_0000386132,10000011001,可口可樂 Can 250 ml,24,8/16/2021 3:13
DO_0000386349,10000011001,可口可樂 Can 250 ml,48,8/16/2021 3:13
DO_0000386349,10000011001,可口可樂 Can 250 ml,24,8/16/2021 3:13
DO_0000385481,10021025001,黑松FIN補給飲料TP300ml,24,8/16/2021 3:13
DO_0000385481,10021025001,黑松FIN補給飲料TP300ml,24,8/16/2021 3:13
DO_0000386341,10021025001,黑松FIN補給飲料TP300ml,24,8/16/2021 3:13
DO_0000386341,10021025001,黑松FIN補給飲料TP300ml,24,8/16/2021 3:13
DO_0000385987,10000011001,可口可樂 Can 250 ml,24,8/16/2021 3:14
DO_0000385841,10021025001,黑松FIN補給飲料TP300ml,24,8/16/2021 3:14
DO_0000385841,10021025001,黑松FIN補給飲料TP300ml,48,8/16/2021 3:14
DO_0000385848,10021025001,黑松FIN補給飲料TP300ml,24,8/16/2021 3:14
DO_0000385848,10021025001,黑松FIN補給飲料TP300ml,48,8/16/2021 3:14
DO_0000386365,10021025001,黑松FIN補給飲料TP300ml,24,8/16/2021 3:14
DO_0000386365,10021025001,黑松FIN補給飲料TP300ml,48,8/16/2021 3:14
DO_0000385512,10000011001,可口可樂 Can 250 ml,48,8/16/2021 3:15
DO_0000385512,10000011001,可口可樂 Can 250 ml,24,8/16/2021 3:15
DO_0000386029,10000011001,可口可樂 Can 250 ml,48,8/16/2021 3:15
DO_0000386029,10000011001,可口可樂 Can 250 ml,24,8/16/2021 3:15
DO_0000386035,10000011001,可口可樂 Can 250 ml,48,8/16/2021 3:15
DO_0000386035,10000011001,可口可樂 Can 250 ml,24,8/16/2021 3:15
DO_0000385668,10021025001,黑松FIN補給飲料TP300ml,24,8/16/2021 3:15
DO_0000385629,10000011001,可口可樂 Can 250 ml,24,8/16/2021 3:16
DO_0000385629,10000011001,可口可樂 Can 250 ml,24,8/16/2021 3:16
DO_0000385768,10000011001,可口可樂 Can 250 ml,24,8/16/2021 3:16
DO_0000385768,10000011001,可口可樂 Can 250 ml,24,8/16/2021 3:16
DO_0000385917,10021025001,黑松FIN補給飲料TP300ml,48,8/16/2021 3:16
DO_0000385921,10021025001,黑松FIN補給飲料TP300ml,48,8/16/2021 3:16
DO_0000385487,10000011001,可口可樂 Can 250 ml,48,8/16/2021 3:17
DO_0000385487,10000011001,可口可樂 Can 250 ml,24,8/16/2021 3:17
DO_0000385497,10000011001,可口可樂 Can 250 ml,48,8/16/2021 3:17
DO_0000385497,10000011001,可口可樂 Can 250 ml,24,8/16/2021 3:17
DO_0000386071,10000011001,可口可樂 Can 250 ml,48,8/16/2021 3:17
DO_0000386071,10000011001,可口可樂 Can 250 ml,24,8/16/2021 3:17
DO_0000386100,10000011001,可口可樂 Can 250 ml,48,8/16/2021 3:18
DO_0000386110,10000011001,可口可樂 Can 250 ml,48,8/16/2021 3:18
DO_0000385710,10021025001,黑松FIN補給飲料TP300ml,48,8/16/2021 3:18
DO_0000385856,10021025001,黑松FIN補給飲料TP300ml,48,8/16/2021 3:18
DO_0000385714,10000011001,可口可樂 Can 250 ml,48,8/16/2021 3:19
DO_0000385953,10000011001,可口可樂 Can 250 ml,48,8/16/2021 3:19
DO_0000387307,10000011001,可口可樂 Can 250 ml,24,8/16/2021 3:20
DO_0000387361,10000011001,可口可樂 Can 250 ml,24,8/16/2021 4:11
DO_0000387502,10021025001,黑松FIN補給飲料TP300ml,24,8/16/2021 4:25
DO_0000387514,10021025001,黑松FIN補給飲料TP300ml,24,8/16/2021 4:26
DO_0000387456,10021025001,黑松FIN補給飲料TP300ml,48,8/16/2021 4:31
DO_0000387463,10021025001,黑松FIN補給飲料TP300ml,48,8/16/2021 4:31
DO_0000387408,10000011001,可口可樂 Can 250 ml,48,8/16/2021 4:32
DO_0000387434,10000011001,可口可樂 Can 250 ml,48,8/16/2021 4:32
DO_0000387411,10021025001,黑松FIN補給飲料TP300ml,48,8/16/2021 4:32
DO_0000387411,10021025001,黑松FIN補給飲料TP300ml,24,8/16/2021 4:32
DO_0000387520,10021025001,黑松FIN補給飲料TP300ml,48,8/16/2021 4:32
DO_0000387520,10021025001,黑松FIN補給飲料TP300ml,24,8/16/2021 4:32
DO_0000387533,10021025001,黑松FIN補給飲料TP300ml,48,8/16/2021 4:32
DO_0000387533,10021025001,黑松FIN補給飲料TP300ml,24,8/16/2021 4:32
DO_0000387567,10021025001,黑松FIN補給飲料TP300ml,24,8/16/2021 4:50
DO_0000387539,10021025001,黑松FIN補給飲料TP300ml,24,8/16/2021 4:51
DO_0000387539,10021025001,黑松FIN補給飲料TP300ml,48,8/16/2021 4:51
DO_0000387539,10021025001,黑松FIN補給飲料TP300ml,48,8/16/2021 4:51
DO_0000387553,10021025001,黑松FIN補給飲料TP300ml,24,8/16/2021 4:51
DO_0000387553,10021025001,黑松FIN補給飲料TP300ml,48,8/16/2021 4:51
DO_0000387553,10021025001,黑松FIN補給飲料TP300ml,48,8/16/2021 4:51
DO_0000387554,10021025001,黑松FIN補給飲料TP300ml,24,8/16/2021 4:51
DO_0000387554,10021025001,黑松FIN補給飲料TP300ml,48,8/16/2021 4:51
DO_0000387554,10021025001,黑松FIN補給飲料TP300ml,48,8/16/2021 4:51
DO_0000387556,10021025001,黑松FIN補給飲料TP300ml,24,8/16/2021 4:51
DO_0000387556,10021025001,黑松FIN補給飲料TP300ml,48,8/16/2021 4:51
DO_0000387556,10021025001,黑松FIN補給飲料TP300ml,48,8/16/2021 4:51
DO_0000387595,10021025001,黑松FIN補給飲料TP300ml,24,8/16/2021 4:51
DO_0000387595,10021025001,黑松FIN補給飲料TP300ml,48,8/16/2021 4:51
DO_0000387595,10021025001,黑松FIN補給飲料TP300ml,48,8/16/2021 4:51
DO_0000387653,10021025001,黑松FIN補給飲料TP300ml,24,8/16/2021 5:30
DO_0000387730,10000011001,可口可樂 Can 250 ml,24,8/16/2021 5:31
DO_0000387730,10000011001,可口可樂 Can 250 ml,48,8/16/2021 5:31
DO_0000387731,10000011001,可口可樂 Can 250 ml,24,8/16/2021 5:31
DO_0000387731,10000011001,可口可樂 Can 250 ml,48,8/16/2021 5:31
DO_0000387779,10000011001,可口可樂 Can 250 ml,24,8/16/2021 5:31
DO_0000387779,10000011001,可口可樂 Can 250 ml,48,8/16/2021 5:31
DO_0000387694,10021025001,黑松FIN補給飲料TP300ml,48,8/16/2021 5:31
DO_0000387780,10021025001,黑松FIN補給飲料TP300ml,48,8/16/2021 5:31
DO_0000387793,10000011001,可口可樂 Can 250 ml,24,8/16/2021 5:32
DO_0000387796,10021025001,黑松FIN補給飲料TP300ml,24,8/16/2021 5:32
DO_0000387621,10021025001,黑松FIN補給飲料TP300ml,24,8/16/2021 5:33
DO_0000387621,10021025001,黑松FIN補給飲料TP300ml,72,8/16/2021 5:33
DO_0000387621,10021025001,黑松FIN補給飲料TP300ml,24,8/16/2021 5:33
DO_0000387688,10021025001,黑松FIN補給飲料TP300ml,24,8/16/2021 5:33
DO_0000387688,10021025001,黑松FIN補給飲料TP300ml,72,8/16/2021 5:33
DO_0000387688,10021025001,黑松FIN補給飲料TP300ml,24,8/16/2021 5:33
DO_0000387770,10021025001,黑松FIN補給飲料TP300ml,24,8/16/2021 5:33
DO_0000387770,10021025001,黑松FIN補給飲料TP300ml,72,8/16/2021 5:33
DO_0000387770,10021025001,黑松FIN補給飲料TP300ml,24,8/16/2021 5:33
DO_0000387788,10021025001,黑松FIN補給飲料TP300ml,24,8/16/2021 5:33
DO_0000387788,10021025001,黑松FIN補給飲料TP300ml,72,8/16/2021 5:33
DO_0000387788,10021025001,黑松FIN補給飲料TP300ml,24,8/16/2021 5:33
DO_0000387806,10021025001,黑松FIN補給飲料TP300ml,24,8/16/2021 5:33
DO_0000387806,10021025001,黑松FIN補給飲料TP300ml,72,8/16/2021 5:33
DO_0000387806,10021025001,黑松FIN補給飲料TP300ml,24,8/16/2021 5:33
DO_0000387759,10000011001,可口可樂 Can 250 ml,24,8/16/2021 5:34
DO_0000387625,10021025001,黑松FIN補給飲料TP300ml,24,8/16/2021 5:34
DO_0000387625,10021025001,黑松FIN補給飲料TP300ml,24,8/16/2021 5:34
DO_0000387625,10021025001,黑松FIN補給飲料TP300ml,72,8/16/2021 5:34
DO_0000387625,10021025001,黑松FIN補給飲料TP300ml,48,8/16/2021 5:34
DO_0000387662,10021025001,黑松FIN補給飲料TP300ml,24,8/16/2021 5:34
DO_0000387662,10021025001,黑松FIN補給飲料TP300ml,24,8/16/2021 5:34
DO_0000387662,10021025001,黑松FIN補給飲料TP300ml,72,8/16/2021 5:34
DO_0000387662,10021025001,黑松FIN補給飲料TP300ml,48,8/16/2021 5:34
DO_0000387665,10021025001,黑松FIN補給飲料TP300ml,24,8/16/2021 5:34
DO_0000387665,10021025001,黑松FIN補給飲料TP300ml,24,8/16/2021 5:34
DO_0000387665,10021025001,黑松FIN補給飲料TP300ml,72,8/16/2021 5:34
DO_0000387665,10021025001,黑松FIN補給飲料TP300ml,48,8/16/2021 5:34
DO_0000387667,10021025001,黑松FIN補給飲料TP300ml,24,8/16/2021 5:34
DO_0000387667,10021025001,黑松FIN補給飲料TP300ml,24,8/16/2021 5:34
DO_0000387667,10021025001,黑松FIN補給飲料TP300ml,72,8/16/2021 5:34
DO_0000387667,10021025001,黑松FIN補給飲料TP300ml,48,8/16/2021 5:34
DO_0000387709,10021025001,黑松FIN補給飲料TP300ml,24,8/16/2021 5:34
DO_0000387709,10021025001,黑松FIN補給飲料TP300ml,24,8/16/2021 5:34
DO_0000387709,10021025001,黑松FIN補給飲料TP300ml,72,8/16/2021 5:34
DO_0000387709,10021025001,黑松FIN補給飲料TP300ml,48,8/16/2021 5:34
DO_0000387747,10021025001,黑松FIN補給飲料TP300ml,24,8/16/2021 5:34
DO_0000387747,10021025001,黑松FIN補給飲料TP300ml,24,8/16/2021 5:34
DO_0000387747,10021025001,黑松FIN補給飲料TP300ml,72,8/16/2021 5:34
DO_0000387747,10021025001,黑松FIN補給飲料TP300ml,48,8/16/2021 5:34
DO_0000387766,10021025001,黑松FIN補給飲料TP300ml,24,8/16/2021 5:34
DO_0000387766,10021025001,黑松FIN補給飲料TP300ml,24,8/16/2021 5:34
DO_0000387766,10021025001,黑松FIN補給飲料TP300ml,72,8/16/2021 5:34
DO_0000387766,10021025001,黑松FIN補給飲料TP300ml,48,8/16/2021 5:34
DO_0000387719,10021025001,黑松FIN補給飲料TP300ml,24,8/16/2021 5:35
DO_0000387719,10021025001,黑松FIN補給飲料TP300ml,24,8/16/2021 5:35
DO_0000387721,10021025001,黑松FIN補給飲料TP300ml,24,8/16/2021 5:35
DO_0000387721,10021025001,黑松FIN補給飲料TP300ml,24,8/16/2021 5:35
DO_0000388186,10000011001,可口可樂 Can 250 ml,24,8/16/2021 5:51
DO_0000388186,10000011001,可口可樂 Can 250 ml,24,8/16/2021 5:51
DO_0000388225,10000011001,可口可樂 Can 250 ml,24,8/16/2021 5:51
DO_0000388225,10000011001,可口可樂 Can 250 ml,24,8/16/2021 5:51
DO_0000388232,10021025001,黑松FIN補給飲料TP300ml,24,8/16/2021 5:51
DO_0000389207,10000011001,可口可樂 Can 250 ml,24,8/16/2021 6:56
DO_0000389206,10021025001,黑松FIN補給飲料TP300ml,24,8/16/2021 6:56
DO_0000389334,10000011001,可口可樂 Can 250 ml,24,8/16/2021 7:20
DO_0000389264,10000011001,可口可樂 Can 250 ml,72,8/16/2021 7:21
DO_0000389266,10000011001,可口可樂 Can 250 ml,72,8/16/2021 7:21
DO_0000389312,10000011001,可口可樂 Can 250 ml,72,8/16/2021 7:21
DO_0000389273,10021025001,黑松FIN補給飲料TP300ml,24,8/16/2021 7:21
DO_0000389273,10021025001,黑松FIN補給飲料TP300ml,96,8/16/2021 7:21
DO_0000389274,10021025001,黑松FIN補給飲料TP300ml,24,8/16/2021 7:21
DO_0000389274,10021025001,黑松FIN補給飲料TP300ml,96,8/16/2021 7:21
DO_0000389316,10021025001,黑松FIN補給飲料TP300ml,24,8/16/2021 7:21
DO_0000389316,10021025001,黑松FIN補給飲料TP300ml,96,8/16/2021 7:21
DO_0000389337,10021025001,黑松FIN補給飲料TP300ml,24,8/16/2021 7:21
DO_0000389337,10021025001,黑松FIN補給飲料TP300ml,96,8/16/2021 7:21
DO_0000389339,10021025001,黑松FIN補給飲料TP300ml,24,8/16/2021 7:21
DO_0000389339,10021025001,黑松FIN補給飲料TP300ml,96,8/16/2021 7:21
DO_0000389292,10000011001,可口可樂 Can 250 ml,48,8/16/2021 7:22
DO_0000389322,10000011001,可口可樂 Can 250 ml,48,8/16/2021 7:22
DO_0000389284,10021025001,黑松FIN補給飲料TP300ml,24,8/16/2021 7:22
DO_0000389351,10000011001,可口可樂 Can 250 ml,24,8/16/2021 7:35
DO_0000390168,10000011001,可口可樂 Can 250 ml,24,8/16/2021 8:40
DO_0000356327,10021025001,黑松FIN補給飲料TP300ml,6,8/16/2021 16:10
DO_0000346611,10021025001,黑松FIN補給飲料TP300ml,24,8/16/2021 16:10
DO_0000343903,10000011001,可口可樂 Can 250 ml,24,8/16/2021 16:10
DO_0000344506,10000011001,可口可樂 Can 250 ml,24,8/16/2021 16:10
DO_0000376392,10021025001,黑松FIN補給飲料TP300ml,12,8/16/2021 16:19
DO_0000391338,10021025001,黑松FIN補給飲料TP300ml,12,8/16/2021 17:01
DO_0000370028,10021025001,黑松FIN補給飲料TP300ml,12,8/16/2021 17:07
DO_0000376356,10021025001,黑松FIN補給飲料TP300ml,12,8/16/2021 17:07
DO_0000391389,10000011001,可口可樂 Can 250 ml,24,8/16/2021 17:15
DO_0000340879,10000011001,可口可樂 Can 250 ml,48,8/16/2021 17:50
DO_0000346634,10000011001,可口可樂 Can 250 ml,24,8/16/2021 17:50
DO_0000351048,10000011001,可口可樂 Can 250 ml,24,8/16/2021 17:50
DO_0000351747,10021025001,黑松FIN補給飲料TP300ml,48,8/16/2021 17:50
DO_0000354223,10021025001,黑松FIN補給飲料TP300ml,48,8/16/2021 17:50
DO_0000356026,10021025001,黑松FIN補給飲料TP300ml,48,8/16/2021 17:50
DO_0000355629,10021025001,黑松FIN補給飲料TP300ml,24,8/16/2021 17:50
DO_0000346510,10021025001,黑松FIN補給飲料TP300ml,24,8/16/2021 17:51
DO_0000359077,10021025001,黑松FIN補給飲料TP300ml,24,8/16/2021 17:51
DO_0000326455,10021025001,黑松FIN補給飲料TP300ml,6,8/16/2021 17:51
DO_0000353862,10021025001,黑松FIN補給飲料TP300ml,6,8/16/2021 17:51
DO_0000385431,10021025001,黑松FIN補給飲料TP300ml,6,8/16/2021 17:58
DO_0000395006,10000011001,可口可樂 Can 250 ml,48,8/16/2021 18:23
DO_0000395227,10000011001,可口可樂 Can 250 ml,48,8/16/2021 18:23
DO_0000393601,10000011001,可口可樂 Can 250 ml,72,8/16/2021 18:24
DO_0000394576,10000011001,可口可樂 Can 250 ml,72,8/16/2021 18:24
DO_0000395379,10000011001,可口可樂 Can 250 ml,72,8/16/2021 18:24
DO_0000394746,10000011001,可口可樂 Can 250 ml,48,8/16/2021 18:26
DO_0000394747,10000011001,可口可樂 Can 250 ml,48,8/16/2021 18:26
DO_0000394048,10021025001,黑松FIN補給飲料TP300ml,24,8/16/2021 18:26
DO_0000395951,10021025001,黑松FIN補給飲料TP300ml,48,8/16/2021 20:55
DO_0000396014,10021025001,黑松FIN補給飲料TP300ml,48,8/16/2021 20:55
DO_0000395950,10000011001,可口可樂 Can 250 ml,24,8/16/2021 20:56
DO_0000395948,10021025001,黑松FIN補給飲料TP300ml,48,8/16/2021 20:56
DO_0000396048,10021025001,黑松FIN補給飲料TP300ml,48,8/16/2021 20:56
DO_0000396168,10021025001,黑松FIN補給飲料TP300ml,24,8/16/2021 22:10
DO_0000396188,10021025001,黑松FIN補給飲料TP300ml,24,8/16/2021 22:11
DO_0000396155,10000011001,可口可樂 Can 250 ml,24,8/16/2021 22:15
DO_0000396163,10000011001,可口可樂 Can 250 ml,48,8/16/2021 22:16
DO_0000396165,10000011001,可口可樂 Can 250 ml,48,8/16/2021 22:16
DO_0000396312,10000011001,可口可樂 Can 250 ml,24,8/16/2021 22:50
DO_0000396129,10000011001,可口可樂 Can 250 ml,48,8/16/2021 23:30
DO_0000396139,10000011001,可口可樂 Can 250 ml,48,8/16/2021 23:30
DO_0000395894,10000011001,可口可樂 Can 250 ml,72,8/16/2021 23:31
DO_0000395903,10000011001,可口可樂 Can 250 ml,72,8/16/2021 23:31
DO_0000395936,10000011001,可口可樂 Can 250 ml,72,8/16/2021 23:31
DO_0000395895,10000011001,可口可樂 Can 250 ml,24,8/16/2021 23:32
DO_0000396472,10000011001,可口可樂 Can 250 ml,24,8/16/2021 23:33
DO_0000396471,10021025001,黑松FIN補給飲料TP300ml,24,8/16/2021 23:33
DO_0000396325,10021025001,黑松FIN補給飲料TP300ml,24,8/16/2021 23:35
DO_0000396358,10000011001,可口可樂 Can 250 ml,24,8/16/2021 23:36
DO_0000396468,10000011001,可口可樂 Can 250 ml,48,8/16/2021 23:46
DO_0000396531,10000011001,可口可樂 Can 250 ml,48,8/16/2021 23:46
DO_0000396446,10021025001,黑松FIN補給飲料TP300ml,24,8/17/2021 0:11
DO_0000396057,10021025001,黑松FIN補給飲料TP300ml,6,8/17/2021 0:47
DO_0000396346,10021025001,黑松FIN補給飲料TP300ml,48,8/17/2021 0:50
DO_0000396534,10021025001,黑松FIN補給飲料TP300ml,48,8/17/2021 0:50
DO_0000396502,10021025001,黑松FIN補給飲料TP300ml,6,8/17/2021 0:51
DO_0000396502,10021025001,黑松FIN補給飲料TP300ml,18,8/17/2021 0:51
DO_0000396389,10021025001,黑松FIN補給飲料TP300ml,72,8/17/2021 1:05
DO_0000396389,10021025001,黑松FIN補給飲料TP300ml,48,8/17/2021 1:05
DO_0000396441,10021025001,黑松FIN補給飲料TP300ml,72,8/17/2021 1:05
DO_0000396441,10021025001,黑松FIN補給飲料TP300ml,48,8/17/2021 1:05
DO_0000396463,10021025001,黑松FIN補給飲料TP300ml,72,8/17/2021 1:05
DO_0000396463,10021025001,黑松FIN補給飲料TP300ml,48,8/17/2021 1:05
DO_0000397066,10021025001,黑松FIN補給飲料TP300ml,72,8/17/2021 1:05
DO_0000397066,10021025001,黑松FIN補給飲料TP300ml,48,8/17/2021 1:05
DO_0000397068,10021025001,黑松FIN補給飲料TP300ml,72,8/17/2021 1:05
DO_0000397068,10021025001,黑松FIN補給飲料TP300ml,48,8/17/2021 1:05
DO_0000373139,10021025001,黑松FIN補給飲料TP300ml,6,8/17/2021 1:21
DO_0000327786,10000011001,可口可樂 Can 250 ml,24,8/17/2021 2:11
DO_0000327786,10021025001,黑松FIN補給飲料TP300ml,24,8/17/2021 2:11
DO_0000342645,10000011001,可口可樂 Can 250 ml,24,8/17/2021 2:11
DO_0000327835,10000011001,可口可樂 Can 250 ml,24,8/17/2021 2:11
DO_0000327835,10021025001,黑松FIN補給飲料TP300ml,48,8/17/2021 2:11
DO_0000327766,10000011001,可口可樂 Can 250 ml,24,8/17/2021 2:11
DO_0000342064,10000011001,可口可樂 Can 250 ml,24,8/17/2021 2:11
DO_0000327898,10000011001,可口可樂 Can 250 ml,24,8/17/2021 2:11
DO_0000344441,10000011001,可口可樂 Can 250 ml,48,8/17/2021 2:15
DO_0000343749,10000011001,可口可樂 Can 250 ml,48,8/17/2021 2:15
DO_0000344403,10000011001,可口可樂 Can 250 ml,48,8/17/2021 2:15
DO_0000344405,10000011001,可口可樂 Can 250 ml,24,8/17/2021 2:15
DO_0000344680,10000011001,可口可樂 Can 250 ml,48,8/17/2021 2:15
DO_0000346517,10000011001,可口可樂 Can 250 ml,24,8/17/2021 2:15
DO_0000344721,10000011001,可口可樂 Can 250 ml,24,8/17/2021 2:15
DO_0000346618,10000011001,可口可樂 Can 250 ml,24,8/17/2021 2:41
DO_0000346603,10000011001,可口可樂 Can 250 ml,48,8/17/2021 2:41
DO_0000356005,10000011001,可口可樂 Can 250 ml,24,8/17/2021 2:48
DO_0000356005,10021025001,黑松FIN補給飲料TP300ml,24,8/17/2021 2:48
DO_0000363929,10000011001,可口可樂 Can 250 ml,24,8/17/2021 2:48
DO_0000370056,10021025001,黑松FIN補給飲料TP300ml,6,8/17/2021 2:50
DO_0000348581,10000011001,可口可樂 Can 250 ml,48,8/17/2021 2:54
DO_0000348581,10021025001,黑松FIN補給飲料TP300ml,48,8/17/2021 2:54
DO_0000346591,10021025001,黑松FIN補給飲料TP300ml,24,8/17/2021 2:54
DO_0000348929,10021025001,黑松FIN補給飲料TP300ml,48,8/17/2021 2:54
DO_0000349147,10021025001,黑松FIN補給飲料TP300ml,24,8/17/2021 2:54
DO_0000346604,10000011001,可口可樂 Can 250 ml,24,8/17/2021 2:54
DO_0000363867,10021025001,黑松FIN補給飲料TP300ml,24,8/17/2021 2:56
DO_0000396398,10021025001,黑松FIN補給飲料TP300ml,24,8/17/2021 3:05
DO_0000397316,10000011001,可口可樂 Can 250 ml,48,8/17/2021 3:06
DO_0000397364,10000011001,可口可樂 Can 250 ml,48,8/17/2021 3:06
DO_0000397330,10021025001,黑松FIN補給飲料TP300ml,24,8/17/2021 3:06
DO_0000397328,10000011001,可口可樂 Can 250 ml,24,8/17/2021 3:07
DO_0000394469,10021025001,黑松FIN補給飲料TP300ml,6,8/17/2021 3:37
DO_0000397451,10000011001,可口可樂 Can 250 ml,24,8/17/2021 3:41
DO_0000397427,10021025001,黑松FIN補給飲料TP300ml,24,8/17/2021 3:41
DO_0000397483,10000011001,可口可樂 Can 250 ml,24,8/17/2021 3:50
DO_0000397476,10000011001,可口可樂 Can 250 ml,24,8/17/2021 3:51
DO_0000397461,10021025001,黑松FIN補給飲料TP300ml,24,8/17/2021 3:51
DO_0000386556,10021025001,黑松FIN補給飲料TP300ml,12,8/17/2021 3:58
DO_0000397491,10000011001,可口可樂 Can 250 ml,48,8/17/2021 4:25
DO_0000397494,10000011001,可口可樂 Can 250 ml,48,8/17/2021 4:25
DO_0000397517,10000011001,可口可樂 Can 250 ml,24,8/17/2021 4:50
DO_0000397510,10021025001,黑松FIN補給飲料TP300ml,24,8/17/2021 4:50
DO_0000397572,10000011001,可口可樂 Can 250 ml,48,8/17/2021 5:11
DO_0000397585,10000011001,可口可樂 Can 250 ml,48,8/17/2021 5:11
DO_0000397586,10021025001,黑松FIN補給飲料TP300ml,24,8/17/2021 5:11
DO_0000397534,10000011001,可口可樂 Can 250 ml,24,8/17/2021 5:15
DO_0000397616,10021025001,黑松FIN補給飲料TP300ml,24,8/17/2021 5:36
DO_0000398558,10021025001,黑松FIN補給飲料TP300ml,24,8/17/2021 6:20
DO_0000398553,10021025001,黑松FIN補給飲料TP300ml,24,8/17/2021 6:21
DO_0000399175,10000011001,可口可樂 Can 250 ml,48,8/17/2021 6:55
DO_0000399226,10000011001,可口可樂 Can 250 ml,48,8/17/2021 6:55
DO_0000398138,10021025001,黑松FIN補給飲料TP300ml,24,8/17/2021 7:05
MV_0000019550_1,10021025001,黑松FIN補給飲料TP300ml,48,8/17/2021 7:23
DO_0000344447,10000011001,可口可樂 Can 250 ml,24,8/17/2021 7:39
DO_0000399612,10000011001,可口可樂 Can 250 ml,24,8/17/2021 7:45
DO_0000399593,10021025001,黑松FIN補給飲料TP300ml,24,8/17/2021 7:45
DO_0000399587,10000011001,可口可樂 Can 250 ml,48,8/17/2021 7:46
DO_0000399601,10000011001,可口可樂 Can 250 ml,48,8/17/2021 7:46
DO_0000398136,10000011001,可口可樂 Can 250 ml,24,8/17/2021 9:17
DO_0000397618,10021025001,黑松FIN補給飲料TP300ml,24,8/17/2021 9:17
DO_0000400811,10000011001,可口可樂 Can 250 ml,48,8/17/2021 9:21
DO_0000400820,10000011001,可口可樂 Can 250 ml,48,8/17/2021 9:21
DO_0000400874,10000011001,可口可樂 Can 250 ml,24,8/17/2021 9:41
DO_0000401077,10000011001,可口可樂 Can 250 ml,24,8/17/2021 9:45
DO_0000401077,10000011001,可口可樂 Can 250 ml,24,8/17/2021 9:45
DO_0000401078,10000011001,可口可樂 Can 250 ml,24,8/17/2021 9:45
DO_0000401078,10000011001,可口可樂 Can 250 ml,24,8/17/2021 9:45
DO_0000401063,10000011001,可口可樂 Can 250 ml,48,8/17/2021 9:46
DO_0000401090,10000011001,可口可樂 Can 250 ml,48,8/17/2021 9:46
DO_0000401194,10000011001,可口可樂 Can 250 ml,72,8/17/2021 11:11
DO_0000401262,10000011001,可口可樂 Can 250 ml,72,8/17/2021 11:11
DO_0000401286,10000011001,可口可樂 Can 250 ml,72,8/17/2021 11:11
DO_0000401195,10021025001,黑松FIN補給飲料TP300ml,24,8/17/2021 11:11
DO_0000401275,10000011001,可口可樂 Can 250 ml,24,8/17/2021 11:12
DO_0000401114,10000011001,可口可樂 Can 250 ml,24,8/17/2021 11:13
DO_0000401513,10021025001,黑松FIN補給飲料TP300ml,24,8/17/2021 11:13
DO_0000402053,10000011001,可口可樂 Can 250 ml,24,8/17/2021 11:15
DO_0000402055,10021025001,黑松FIN補給飲料TP300ml,24,8/17/2021 11:15
DO_0000403253,10021025001,黑松FIN補給飲料TP300ml,24,8/17/2021 13:21
DO_0000403118,10000011001,可口可樂 Can 250 ml,24,8/17/2021 13:22
DO_0000402154,10021025001,黑松FIN補給飲料TP300ml,24,8/17/2021 13:22
DO_0000402109,10000011001,可口可樂 Can 250 ml,24,8/17/2021 13:23
DO_0000403229,10021025001,黑松FIN補給飲料TP300ml,48,8/17/2021 13:23
DO_0000403230,10021025001,黑松FIN補給飲料TP300ml,48,8/17/2021 13:23
DO_0000403208,10000011001,可口可樂 Can 250 ml,24,8/17/2021 13:24
DO_0000403291,10021025001,黑松FIN補給飲料TP300ml,24,8/17/2021 13:25
DO_0000402116,10000011001,可口可樂 Can 250 ml,48,8/17/2021 13:26
DO_0000403097,10000011001,可口可樂 Can 250 ml,48,8/17/2021 13:26
DO_0000403266,10021025001,黑松FIN補給飲料TP300ml,24,8/17/2021 13:26
DO_0000403277,10000011001,可口可樂 Can 250 ml,24,8/17/2021 13:27
DO_0000403053,10021025001,黑松FIN補給飲料TP300ml,72,8/17/2021 13:27
DO_0000403053,10021025001,黑松FIN補給飲料TP300ml,48,8/17/2021 13:27
DO_0000403272,10021025001,黑松FIN補給飲料TP300ml,72,8/17/2021 13:27
DO_0000403272,10021025001,黑松FIN補給飲料TP300ml,48,8/17/2021 13:27
DO_0000403274,10021025001,黑松FIN補給飲料TP300ml,72,8/17/2021 13:27
DO_0000403274,10021025001,黑松FIN補給飲料TP300ml,48,8/17/2021 13:27
DO_0000403276,10021025001,黑松FIN補給飲料TP300ml,72,8/17/2021 13:27
DO_0000403276,10021025001,黑松FIN補給飲料TP300ml,48,8/17/2021 13:27
DO_0000403298,10021025001,黑松FIN補給飲料TP300ml,72,8/17/2021 13:27
DO_0000403298,10021025001,黑松FIN補給飲料TP300ml,48,8/17/2021 13:27
DO_0000403334,10000011001,可口可樂 Can 250 ml,24,8/17/2021 13:28
DO_0000402140,10021025001,黑松FIN補給飲料TP300ml,24,8/17/2021 13:28
DO_0000402140,10021025001,黑松FIN補給飲料TP300ml,24,8/17/2021 13:28
DO_0000403280,10021025001,黑松FIN補給飲料TP300ml,24,8/17/2021 13:28
DO_0000403280,10021025001,黑松FIN補給飲料TP300ml,24,8/17/2021 13:28
DO_0000402541,10000011001,可口可樂 Can 250 ml,24,8/17/2021 13:29
DO_0000403572,10021025001,黑松FIN補給飲料TP300ml,24,8/17/2021 14:16
DO_0000403637,10021025001,黑松FIN補給飲料TP300ml,24,8/17/2021 14:17
DO_0000403583,10000011001,可口可樂 Can 250 ml,48,8/17/2021 14:17
DO_0000403609,10000011001,可口可樂 Can 250 ml,48,8/17/2021 14:17
DO_0000396927,10021025001,黑松FIN補給飲料TP300ml,6,8/17/2021 15:28
DO_0000395098,10021025001,黑松FIN補給飲料TP300ml,12,8/17/2021 15:28
DO_0000349478,10021025001,黑松FIN補給飲料TP300ml,24,8/17/2021 16:22
DO_0000351556,10021025001,黑松FIN補給飲料TP300ml,24,8/17/2021 16:22
DO_0000355890,10021025001,黑松FIN補給飲料TP300ml,24,8/17/2021 16:22
DO_0000363834,10000011001,可口可樂 Can 250 ml,24,8/17/2021 16:22
DO_0000404818,10021025001,黑松FIN補給飲料TP300ml,24,8/17/2021 18:21
DO_0000405774,10000011001,可口可樂 Can 250 ml,24,8/17/2021 18:22
DO_0000405782,10021025001,黑松FIN補給飲料TP300ml,24,8/17/2021 18:22
DO_0000405808,10021025001,黑松FIN補給飲料TP300ml,24,8/17/2021 18:24
DO_0000404914,10021025001,黑松FIN補給飲料TP300ml,24,8/17/2021 18:25
DO_0000404849,10000011001,可口可樂 Can 250 ml,24,8/17/2021 18:26
DO_0000404871,10021025001,黑松FIN補給飲料TP300ml,48,8/17/2021 18:26
DO_0000404887,10021025001,黑松FIN補給飲料TP300ml,48,8/17/2021 18:26
DO_0000406217,10021025001,黑松FIN補給飲料TP300ml,24,8/17/2021 19:05
DO_0000406223,10021025001,黑松FIN補給飲料TP300ml,48,8/17/2021 19:06
DO_0000406223,10021025001,黑松FIN補給飲料TP300ml,24,8/17/2021 19:06
DO_0000406244,10021025001,黑松FIN補給飲料TP300ml,48,8/17/2021 19:06
DO_0000406244,10021025001,黑松FIN補給飲料TP300ml,24,8/17/2021 19:06
DO_0000406254,10021025001,黑松FIN補給飲料TP300ml,48,8/17/2021 19:06
DO_0000406254,10021025001,黑松FIN補給飲料TP300ml,24,8/17/2021 19:06
DO_0000406242,10021025001,黑松FIN補給飲料TP300ml,24,8/17/2021 19:08
DO_0000406242,10021025001,黑松FIN補給飲料TP300ml,24,8/17/2021 19:08
DO_0000406250,10021025001,黑松FIN補給飲料TP300ml,24,8/17/2021 19:08
DO_0000406250,10021025001,黑松FIN補給飲料TP300ml,24,8/17/2021 19:08
DO_0000406704,10021025001,黑松FIN補給飲料TP300ml,24,8/17/2021 20:16
DO_0000406704,10021025001,黑松FIN補給飲料TP300ml,24,8/17/2021 20:16
DO_0000406708,10021025001,黑松FIN補給飲料TP300ml,24,8/17/2021 20:16
DO_0000406708,10021025001,黑松FIN補給飲料TP300ml,24,8/17/2021 20:16
DO_0000406701,10021025001,黑松FIN補給飲料TP300ml,24,8/17/2021 20:18
DO_0000349553,10021025001,黑松FIN補給飲料TP300ml,48,8/17/2021 20:18
DO_0000346595,10000011001,可口可樂 Can 250 ml,24,8/17/2021 20:22
DO_0000377297,10021025001,黑松FIN補給飲料TP300ml,6,8/17/2021 20:25
DO_0000363888,10021025001,黑松FIN補給飲料TP300ml,24,8/17/2021 20:25
DO_0000385445,10021025001,黑松FIN補給飲料TP300ml,6,8/17/2021 20:25
DO_0000377485,10021025001,黑松FIN補給飲料TP300ml,18,8/17/2021 20:25
DO_0000363280,10000011001,可口可樂 Can 250 ml,48,8/17/2021 20:25
DO_0000401992,10021025001,黑松FIN補給飲料TP300ml,6,8/17/2021 20:26
DO_0000396783,10021025001,黑松FIN補給飲料TP300ml,6,8/17/2021 20:25
DO_0000396852,10021025001,黑松FIN補給飲料TP300ml,6,8/17/2021 20:25
DO_0000385450,10021025001,黑松FIN補給飲料TP300ml,6,8/17/2021 20:25
DO_0000363278,10021025001,黑松FIN補給飲料TP300ml,144,8/17/2021 20:25
DO_0000372985,10021025001,黑松FIN補給飲料TP300ml,6,8/17/2021 20:25
DO_0000349248,10021025001,黑松FIN補給飲料TP300ml,6,8/17/2021 20:25
DO_0000349166,10021025001,黑松FIN補給飲料TP300ml,36,8/17/2021 20:25
DO_0000353911,10000011001,可口可樂 Can 250 ml,24,8/17/2021 20:25
DO_0000406358,10021025001,黑松FIN補給飲料TP300ml,24,8/17/2021 20:31
DO_0000406358,10021025001,黑松FIN補給飲料TP300ml,24,8/17/2021 20:31
DO_0000406360,10021025001,黑松FIN補給飲料TP300ml,24,8/17/2021 20:31
DO_0000406360,10021025001,黑松FIN補給飲料TP300ml,24,8/17/2021 20:31
DO_0000406389,10021025001,黑松FIN補給飲料TP300ml,24,8/17/2021 20:32
DO_0000406733,10000011001,可口可樂 Can 250 ml,24,8/17/2021 20:40
DO_0000351128,10021025001,黑松FIN補給飲料TP300ml,24,8/17/2021 21:26
DO_0000406127,10000011001,可口可樂 Can 250 ml,240,8/17/2021 21:31
DO_0000406128,10000011001,可口可樂 Can 250 ml,240,8/17/2021 21:31
DO_0000406175,10000011001,可口可樂 Can 250 ml,240,8/17/2021 21:31
DO_0000406275,10000011001,可口可樂 Can 250 ml,240,8/17/2021 21:31
DO_0000406295,10000011001,可口可樂 Can 250 ml,240,8/17/2021 21:31
DO_0000406611,10000011001,可口可樂 Can 250 ml,240,8/17/2021 21:32
DO_0000406651,10000011001,可口可樂 Can 250 ml,240,8/17/2021 21:31
DO_0000406668,10000011001,可口可樂 Can 250 ml,240,8/17/2021 21:31
DO_0000406670,10000011001,可口可樂 Can 250 ml,240,8/17/2021 21:31
DO_0000406674,10000011001,可口可樂 Can 250 ml,240,8/17/2021 21:31
DO_0000406752,10021025001,黑松FIN補給飲料TP300ml,96,8/17/2021 21:31
DO_0000406755,10021025001,黑松FIN補給飲料TP300ml,96,8/17/2021 21:31
DO_0000406760,10021025001,黑松FIN補給飲料TP300ml,96,8/17/2021 21:31
DO_0000406772,10021025001,黑松FIN補給飲料TP300ml,96,8/17/2021 21:31
DO_0000406829,10021025001,黑松FIN補給飲料TP300ml,48,8/17/2021 21:36
DO_0000406834,10021025001,黑松FIN補給飲料TP300ml,48,8/17/2021 21:36
DO_0000403792,10021025001,黑松FIN補給飲料TP300ml,6,8/17/2021 21:36
DO_0000403646,10021025001,黑松FIN補給飲料TP300ml,6,8/17/2021 21:36
DO_0000406874,10021025001,黑松FIN補給飲料TP300ml,24,8/17/2021 22:10
DO_0000406878,10021025001,黑松FIN補給飲料TP300ml,24,8/17/2021 22:11
DO_0000406935,10021025001,黑松FIN補給飲料TP300ml,24,8/17/2021 23:40
DO_0000406929,10000011001,可口可樂 Can 250 ml,24,8/17/2021 23:40
DO_0000406923,10000011001,可口可樂 Can 250 ml,24,8/17/2021 23:41
DO_0000406944,10021025001,黑松FIN補給飲料TP300ml,24,8/17/2021 23:41
DO_0000353870,10000011001,可口可樂 Can 250 ml,24,8/17/2021 23:59
DO_0000406979,10021025001,黑松FIN補給飲料TP300ml,24,8/18/2021 0:05
DO_0000406983,10000011001,可口可樂 Can 250 ml,48,8/18/2021 0:07
DO_0000406999,10000011001,可口可樂 Can 250 ml,48,8/18/2021 0:07
DO_0000406989,10021025001,黑松FIN補給飲料TP300ml,24,8/18/2021 0:07
DO_0000406996,10000011001,可口可樂 Can 250 ml,48,8/18/2021 0:07
DO_0000407057,10000011001,可口可樂 Can 250 ml,48,8/18/2021 0:07
DO_0000407056,10021025001,黑松FIN補給飲料TP300ml,24,8/18/2021 0:07
DO_0000407086,10021025001,黑松FIN補給飲料TP300ml,24,8/18/2021 0:15
DO_0000407084,10021025001,黑松FIN補給飲料TP300ml,48,8/18/2021 0:16
DO_0000407097,10021025001,黑松FIN補給飲料TP300ml,48,8/18/2021 0:16
DO_0000406969,10021025001,黑松FIN補給飲料TP300ml,24,8/18/2021 0:40
DO_0000407036,10021025001,黑松FIN補給飲料TP300ml,24,8/18/2021 0:41
DO_0000407378,10021025001,黑松FIN補給飲料TP300ml,24,8/18/2021 0:55
DO_0000407350,10021025001,黑松FIN補給飲料TP300ml,24,8/18/2021 0:56
DO_0000404362,10000011001,可口可樂 Can 250 ml,24,8/18/2021 1:05
DO_0000403579,10000011001,可口可樂 Can 250 ml,288,8/18/2021 1:06
DO_0000403619,10000011001,可口可樂 Can 250 ml,288,8/18/2021 1:06
DO_0000403625,10000011001,可口可樂 Can 250 ml,288,8/18/2021 1:06
DO_0000404047,10000011001,可口可樂 Can 250 ml,288,8/18/2021 1:06
DO_0000404350,10000011001,可口可樂 Can 250 ml,288,8/18/2021 1:06
DO_0000404367,10000011001,可口可樂 Can 250 ml,288,8/18/2021 1:06
DO_0000404738,10000011001,可口可樂 Can 250 ml,288,8/18/2021 1:06
DO_0000404801,10000011001,可口可樂 Can 250 ml,288,8/18/2021 1:06
DO_0000404802,10000011001,可口可樂 Can 250 ml,288,8/18/2021 1:06
DO_0000404848,10000011001,可口可樂 Can 250 ml,288,8/18/2021 1:06
DO_0000404859,10000011001,可口可樂 Can 250 ml,288,8/18/2021 1:06
DO_0000406417,10000011001,可口可樂 Can 250 ml,288,8/18/2021 1:06
DO_0000404187,10000011001,可口可樂 Can 250 ml,480,8/18/2021 1:07
DO_0000404190,10000011001,可口可樂 Can 250 ml,480,8/18/2021 1:07
DO_0000404214,10000011001,可口可樂 Can 250 ml,480,8/18/2021 1:07
DO_0000404218,10000011001,可口可樂 Can 250 ml,480,8/18/2021 1:07
DO_0000404341,10000011001,可口可樂 Can 250 ml,480,8/18/2021 1:07
DO_0000404358,10000011001,可口可樂 Can 250 ml,480,8/18/2021 1:07
DO_0000404833,10000011001,可口可樂 Can 250 ml,480,8/18/2021 1:07
DO_0000404837,10000011001,可口可樂 Can 250 ml,480,8/18/2021 1:07
DO_0000404875,10000011001,可口可樂 Can 250 ml,480,8/18/2021 1:07
DO_0000404942,10000011001,可口可樂 Can 250 ml,480,8/18/2021 1:07
DO_0000404945,10000011001,可口可樂 Can 250 ml,480,8/18/2021 1:07
DO_0000404980,10000011001,可口可樂 Can 250 ml,480,8/18/2021 1:07
DO_0000405830,10000011001,可口可樂 Can 250 ml,480,8/18/2021 1:07
DO_0000405837,10000011001,可口可樂 Can 250 ml,480,8/18/2021 1:07
DO_0000405838,10000011001,可口可樂 Can 250 ml,480,8/18/2021 1:07
DO_0000405847,10000011001,可口可樂 Can 250 ml,480,8/18/2021 1:07
DO_0000405864,10000011001,可口可樂 Can 250 ml,480,8/18/2021 1:07
DO_0000405871,10000011001,可口可樂 Can 250 ml,480,8/18/2021 1:07
DO_0000405877,10000011001,可口可樂 Can 250 ml,480,8/18/2021 1:07
DO_0000405880,10000011001,可口可樂 Can 250 ml,480,8/18/2021 1:07
DO_0000406445,10000011001,可口可樂 Can 250 ml,48,8/18/2021 1:08
DO_0000406476,10000011001,可口可樂 Can 250 ml,48,8/18/2021 1:08
DO_0000406428,10021025001,黑松FIN補給飲料TP300ml,24,8/18/2021 1:08
DO_0000406734,10021025001,黑松FIN補給飲料TP300ml,48,8/18/2021 1:09
DO_0000406748,10021025001,黑松FIN補給飲料TP300ml,48,8/18/2021 1:09
DO_0000405863,10000011001,可口可樂 Can 250 ml,48,8/18/2021 1:10
DO_0000405868,10000011001,可口可樂 Can 250 ml,48,8/18/2021 1:10
DO_0000406556,10000011001,可口可樂 Can 250 ml,24,8/18/2021 1:20
DO_0000405777,10000011001,可口可樂 Can 250 ml,48,8/18/2021 1:21
DO_0000405790,10000011001,可口可樂 Can 250 ml,48,8/18/2021 1:21
DO_0000351304,10021025001,黑松FIN補給飲料TP300ml,48,8/18/2021 1:37
DO_0000407506,10000011001,可口可樂 Can 250 ml,24,8/18/2021 1:43
DO_0000409002,10021025001,黑松FIN補給飲料TP300ml,24,8/18/2021 3:10
DO_0000408867,10021025001,黑松FIN補給飲料TP300ml,24,8/18/2021 3:11
DO_0000408867,10021025001,黑松FIN補給飲料TP300ml,48,8/18/2021 3:11
DO_0000408867,10021025001,黑松FIN補給飲料TP300ml,24,8/18/2021 3:11
DO_0000408879,10021025001,黑松FIN補給飲料TP300ml,24,8/18/2021 3:11
DO_0000408879,10021025001,黑松FIN補給飲料TP300ml,48,8/18/2021 3:11
DO_0000408879,10021025001,黑松FIN補給飲料TP300ml,24,8/18/2021 3:11
DO_0000408967,10021025001,黑松FIN補給飲料TP300ml,24,8/18/2021 3:11
DO_0000408967,10021025001,黑松FIN補給飲料TP300ml,48,8/18/2021 3:11
DO_0000408967,10021025001,黑松FIN補給飲料TP300ml,24,8/18/2021 3:11
DO_0000408991,10021025001,黑松FIN補給飲料TP300ml,24,8/18/2021 3:11
DO_0000408991,10021025001,黑松FIN補給飲料TP300ml,48,8/18/2021 3:11
DO_0000408991,10021025001,黑松FIN補給飲料TP300ml,24,8/18/2021 3:11
DO_0000408931,10021025001,黑松FIN補給飲料TP300ml,48,8/18/2021 3:12
DO_0000408931,10021025001,黑松FIN補給飲料TP300ml,24,8/18/2021 3:12
DO_0000408953,10021025001,黑松FIN補給飲料TP300ml,48,8/18/2021 3:12
DO_0000408953,10021025001,黑松FIN補給飲料TP300ml,24,8/18/2021 3:12
DO_0000408963,10021025001,黑松FIN補給飲料TP300ml,48,8/18/2021 3:12
DO_0000408963,10021025001,黑松FIN補給飲料TP300ml,24,8/18/2021 3:12
DO_0000408892,10021025001,黑松FIN補給飲料TP300ml,24,8/18/2021 3:13
DO_0000408892,10021025001,黑松FIN補給飲料TP300ml,24,8/18/2021 3:13
DO_0000408892,10021025001,黑松FIN補給飲料TP300ml,24,8/18/2021 3:13
DO_0000408906,10021025001,黑松FIN補給飲料TP300ml,24,8/18/2021 3:13
DO_0000408906,10021025001,黑松FIN補給飲料TP300ml,24,8/18/2021 3:13
DO_0000408906,10021025001,黑松FIN補給飲料TP300ml,24,8/18/2021 3:13
DO_0000408955,10021025001,黑松FIN補給飲料TP300ml,24,8/18/2021 3:13
DO_0000408955,10021025001,黑松FIN補給飲料TP300ml,24,8/18/2021 3:13
DO_0000408955,10021025001,黑松FIN補給飲料TP300ml,24,8/18/2021 3:13
DO_0000409016,10000011001,可口可樂 Can 250 ml,24,8/18/2021 3:30
DO_0000409093,10000011001,可口可樂 Can 250 ml,24,8/18/2021 3:31
DO_0000409025,10021025001,黑松FIN補給飲料TP300ml,24,8/18/2021 3:35
DO_0000409026,10000011001,可口可樂 Can 250 ml,24,8/18/2021 3:35
DO_0000409055,10000011001,可口可樂 Can 250 ml,48,8/18/2021 3:36
DO_0000409060,10000011001,可口可樂 Can 250 ml,48,8/18/2021 3:36
DO_0000409061,10021025001,黑松FIN補給飲料TP300ml,24,8/18/2021 3:36
DO_0000409061,10021025001,黑松FIN補給飲料TP300ml,24,8/18/2021 3:36
DO_0000409071,10021025001,黑松FIN補給飲料TP300ml,24,8/18/2021 3:36
DO_0000409071,10021025001,黑松FIN補給飲料TP300ml,24,8/18/2021 3:36
DO_0000409120,10021025001,黑松FIN補給飲料TP300ml,24,8/18/2021 4:21
DO_0000351253,10000011001,可口可樂 Can 250 ml,24,8/18/2021 4:22
DO_0000351253,10021025001,黑松FIN補給飲料TP300ml,24,8/18/2021 4:22
DO_0000351666,10021025001,黑松FIN補給飲料TP300ml,24,8/18/2021 4:22
DO_0000337548,10000011001,可口可樂 Can 250 ml,48,8/18/2021 4:22
DO_0000349773,10021025001,黑松FIN補給飲料TP300ml,24,8/18/2021 4:22
DO_0000346636,10000011001,可口可樂 Can 250 ml,24,8/18/2021 4:22
DO_0000351691,10000011001,可口可樂 Can 250 ml,24,8/18/2021 4:23
DO_0000351673,10000011001,可口可樂 Can 250 ml,24,8/18/2021 4:24
DO_0000363262,10021025001,黑松FIN補給飲料TP300ml,48,8/18/2021 4:24
DO_0000346593,10021025001,黑松FIN補給飲料TP300ml,24,8/18/2021 4:24
DO_0000355889,10000011001,可口可樂 Can 250 ml,24,8/18/2021 4:25
DO_0000356027,10021025001,黑松FIN補給飲料TP300ml,6,8/18/2021 4:25
DO_0000363885,10021025001,黑松FIN補給飲料TP300ml,24,8/18/2021 4:26
DO_0000363903,10021025001,黑松FIN補給飲料TP300ml,24,8/18/2021 4:26
DO_0000385424,10021025001,黑松FIN補給飲料TP300ml,6,8/18/2021 4:34
DO_0000385420,10021025001,黑松FIN補給飲料TP300ml,6,8/18/2021 4:33
DO_0000385453,10021025001,黑松FIN補給飲料TP300ml,6,8/18/2021 4:33
DO_0000385437,10021025001,黑松FIN補給飲料TP300ml,6,8/18/2021 4:34
DO_0000393575,10021025001,黑松FIN補給飲料TP300ml,18,8/18/2021 4:53
DO_0000396630,10021025001,黑松FIN補給飲料TP300ml,6,8/18/2021 4:53
DO_0000402611,10021025001,黑松FIN補給飲料TP300ml,6,8/18/2021 5:14
DO_0000401760,10021025001,黑松FIN補給飲料TP300ml,12,8/18/2021 5:14
DO_0000401259,10021025001,黑松FIN補給飲料TP300ml,18,8/18/2021 5:14
DO_0000401259,10021025001,黑松FIN補給飲料TP300ml,6,8/18/2021 5:14
DO_0000409182,10000011001,可口可樂 Can 250 ml,24,8/18/2021 5:47
DO_0000409162,10021025001,黑松FIN補給飲料TP300ml,24,8/18/2021 5:47
DO_0000409162,10021025001,黑松FIN補給飲料TP300ml,24,8/18/2021 5:47
DO_0000409162,10021025001,黑松FIN補給飲料TP300ml,96,8/18/2021 5:47
DO_0000409193,10021025001,黑松FIN補給飲料TP300ml,24,8/18/2021 5:47
DO_0000409193,10021025001,黑松FIN補給飲料TP300ml,24,8/18/2021 5:47
DO_0000409193,10021025001,黑松FIN補給飲料TP300ml,96,8/18/2021 5:47
DO_0000409215,10021025001,黑松FIN補給飲料TP300ml,24,8/18/2021 5:47
DO_0000409215,10021025001,黑松FIN補給飲料TP300ml,24,8/18/2021 5:47
DO_0000409215,10021025001,黑松FIN補給飲料TP300ml,96,8/18/2021 5:47
DO_0000409245,10021025001,黑松FIN補給飲料TP300ml,24,8/18/2021 5:47
DO_0000409245,10021025001,黑松FIN補給飲料TP300ml,24,8/18/2021 5:47
DO_0000409245,10021025001,黑松FIN補給飲料TP300ml,96,8/18/2021 5:47
DO_0000409246,10021025001,黑松FIN補給飲料TP300ml,24,8/18/2021 5:47
DO_0000409246,10021025001,黑松FIN補給飲料TP300ml,24,8/18/2021 5:47
DO_0000409246,10021025001,黑松FIN補給飲料TP300ml,96,8/18/2021 5:47
DO_0000409285,10021025001,黑松FIN補給飲料TP300ml,24,8/18/2021 5:47
DO_0000409285,10021025001,黑松FIN補給飲料TP300ml,24,8/18/2021 5:47
DO_0000409285,10021025001,黑松FIN補給飲料TP300ml,96,8/18/2021 5:47
DO_0000409183,10000011001,可口可樂 Can 250 ml,96,8/18/2021 5:48
DO_0000409229,10000011001,可口可樂 Can 250 ml,96,8/18/2021 5:49
DO_0000409234,10000011001,可口可樂 Can 250 ml,96,8/18/2021 5:49
DO_0000409258,10000011001,可口可樂 Can 250 ml,96,8/18/2021 5:49
DO_0000409187,10021025001,黑松FIN補給飲料TP300ml,24,8/18/2021 5:48
DO_0000409187,10021025001,黑松FIN補給飲料TP300ml,48,8/18/2021 5:48
DO_0000409293,10021025001,黑松FIN補給飲料TP300ml,24,8/18/2021 5:48
DO_0000409293,10021025001,黑松FIN補給飲料TP300ml,48,8/18/2021 5:48
DO_0000409309,10021025001,黑松FIN補給飲料TP300ml,24,8/18/2021 5:48
DO_0000409309,10021025001,黑松FIN補給飲料TP300ml,48,8/18/2021 5:48
DO_0000397703,10021025001,黑松FIN補給飲料TP300ml,6,8/18/2021 7:52
DO_0000409831,10000011001,可口可樂 Can 250 ml,24,8/18/2021 7:55
DO_0000409830,10021025001,黑松FIN補給飲料TP300ml,48,8/18/2021 7:55
DO_0000409830,10021025001,黑松FIN補給飲料TP300ml,24,8/18/2021 7:55
DO_0000409832,10021025001,黑松FIN補給飲料TP300ml,48,8/18/2021 7:55
DO_0000409832,10021025001,黑松FIN補給飲料TP300ml,24,8/18/2021 7:55
DO_0000409834,10021025001,黑松FIN補給飲料TP300ml,48,8/18/2021 7:55
DO_0000409834,10021025001,黑松FIN補給飲料TP300ml,24,8/18/2021 7:55
DO_0000409827,10021025001,黑松FIN補給飲料TP300ml,48,8/18/2021 7:56
DO_0000409827,10021025001,黑松FIN補給飲料TP300ml,48,8/18/2021 7:56
DO_0000409839,10021025001,黑松FIN補給飲料TP300ml,48,8/18/2021 7:56
DO_0000409839,10021025001,黑松FIN補給飲料TP300ml,48,8/18/2021 7:56
DO_0000409882,10021025001,黑松FIN補給飲料TP300ml,48,8/18/2021 7:56
DO_0000409882,10021025001,黑松FIN補給飲料TP300ml,48,8/18/2021 7:56
DO_0000409898,10021025001,黑松FIN補給飲料TP300ml,48,8/18/2021 7:56
DO_0000409898,10021025001,黑松FIN補給飲料TP300ml,48,8/18/2021 7:56
DO_0000410035,10021025001,黑松FIN補給飲料TP300ml,24,8/18/2021 8:56
DO_0000410126,10000011001,可口可樂 Can 250 ml,192,8/18/2021 10:07
DO_0000410127,10000011001,可口可樂 Can 250 ml,192,8/18/2021 10:07
DO_0000410130,10000011001,可口可樂 Can 250 ml,192,8/18/2021 10:07
DO_0000410147,10000011001,可口可樂 Can 250 ml,192,8/18/2021 10:07
DO_0000410149,10000011001,可口可樂 Can 250 ml,192,8/18/2021 10:07
DO_0000410152,10000011001,可口可樂 Can 250 ml,192,8/18/2021 10:07
DO_0000410155,10000011001,可口可樂 Can 250 ml,192,8/18/2021 10:07
DO_0000410159,10000011001,可口可樂 Can 250 ml,192,8/18/2021 10:07
DO_0000412031,10021025001,黑松FIN補給飲料TP300ml,24,8/18/2021 11:06
DO_0000411999,10000011001,可口可樂 Can 250 ml,48,8/18/2021 11:07
DO_0000412083,10000011001,可口可樂 Can 250 ml,48,8/18/2021 11:07
DO_0000411998,10021025001,黑松FIN補給飲料TP300ml,24,8/18/2021 11:07
DO_0000412024,10000011001,可口可樂 Can 250 ml,24,8/18/2021 11:08
DO_0000412024,10000011001,可口可樂 Can 250 ml,72,8/18/2021 11:08
DO_0000412045,10000011001,可口可樂 Can 250 ml,24,8/18/2021 11:08
DO_0000412045,10000011001,可口可樂 Can 250 ml,72,8/18/2021 11:08
DO_0000412050,10000011001,可口可樂 Can 250 ml,24,8/18/2021 11:08
DO_0000412050,10000011001,可口可樂 Can 250 ml,72,8/18/2021 11:08
DO_0000412068,10000011001,可口可樂 Can 250 ml,24,8/18/2021 11:08
DO_0000412068,10000011001,可口可樂 Can 250 ml,72,8/18/2021 11:08
DO_0000413174,10000011001,可口可樂 Can 250 ml,24,8/18/2021 12:46
DO_0000413704,10021025001,黑松FIN補給飲料TP300ml,24,8/18/2021 12:46
DO_0000413132,10000011001,可口可樂 Can 250 ml,24,8/18/2021 12:47
DO_0000413132,10000011001,可口可樂 Can 250 ml,24,8/18/2021 12:47
DO_0000413705,10000011001,可口可樂 Can 250 ml,24,8/18/2021 12:47
DO_0000413705,10000011001,可口可樂 Can 250 ml,24,8/18/2021 12:47
DO_0000413119,10021025001,黑松FIN補給飲料TP300ml,24,8/18/2021 12:47
DO_0000413223,10000011001,可口可樂 Can 250 ml,96,8/18/2021 12:49
DO_0000413227,10000011001,可口可樂 Can 250 ml,96,8/18/2021 12:49
DO_0000413669,10000011001,可口可樂 Can 250 ml,96,8/18/2021 12:49
DO_0000413679,10000011001,可口可樂 Can 250 ml,96,8/18/2021 12:49
DO_0000413060,10021025001,黑松FIN補給飲料TP300ml,24,8/18/2021 12:49
DO_0000413060,10021025001,黑松FIN補給飲料TP300ml,96,8/18/2021 12:49
DO_0000413144,10021025001,黑松FIN補給飲料TP300ml,24,8/18/2021 12:49
DO_0000413144,10021025001,黑松FIN補給飲料TP300ml,96,8/18/2021 12:49
DO_0000413220,10021025001,黑松FIN補給飲料TP300ml,24,8/18/2021 12:49
DO_0000413220,10021025001,黑松FIN補給飲料TP300ml,96,8/18/2021 12:49
DO_0000413251,10021025001,黑松FIN補給飲料TP300ml,24,8/18/2021 12:49
DO_0000413251,10021025001,黑松FIN補給飲料TP300ml,96,8/18/2021 12:49
DO_0000413681,10021025001,黑松FIN補給飲料TP300ml,24,8/18/2021 12:49
DO_0000413681,10021025001,黑松FIN補給飲料TP300ml,96,8/18/2021 12:49
DO_0000413110,10000011001,可口可樂 Can 250 ml,24,8/18/2021 12:52
DO_0000413110,10000011001,可口可樂 Can 250 ml,48,8/18/2021 12:52
DO_0000413112,10000011001,可口可樂 Can 250 ml,24,8/18/2021 12:52
DO_0000413112,10000011001,可口可樂 Can 250 ml,48,8/18/2021 12:52
DO_0000413740,10000011001,可口可樂 Can 250 ml,24,8/18/2021 12:51
DO_0000413740,10000011001,可口可樂 Can 250 ml,48,8/18/2021 12:51
DO_0000413086,10021025001,黑松FIN補給飲料TP300ml,24,8/18/2021 12:52
DO_0000413086,10021025001,黑松FIN補給飲料TP300ml,24,8/18/2021 12:52
DO_0000413735,10021025001,黑松FIN補給飲料TP300ml,24,8/18/2021 12:51
DO_0000413735,10021025001,黑松FIN補給飲料TP300ml,24,8/18/2021 12:51
DO_0000413082,10000011001,可口可樂 Can 250 ml,24,8/18/2021 12:53
DO_0000413671,10000011001,可口可樂 Can 250 ml,24,8/18/2021 12:54
DO_0000414070,10021025001,黑松FIN補給飲料TP300ml,24,8/18/2021 12:56
DO_0000414182,10000011001,可口可樂 Can 250 ml,24,8/18/2021 13:16
DO_0000414169,10000011001,可口可樂 Can 250 ml,24,8/18/2021 13:17
DO_0000414168,10021025001,黑松FIN補給飲料TP300ml,48,8/18/2021 13:17
DO_0000414198,10021025001,黑松FIN補給飲料TP300ml,48,8/18/2021 13:17
DO_0000414453,10000011001,可口可樂 Can 250 ml,48,8/18/2021 14:38
DO_0000414458,10000011001,可口可樂 Can 250 ml,48,8/18/2021 14:38
DO_0000414409,10000011001,可口可樂 Can 250 ml,24,8/18/2021 14:46
DO_0000415346,10021025001,黑松FIN補給飲料TP300ml,24,8/18/2021 15:39
DO_0000415248,10000011001,可口可樂 Can 250 ml,24,8/18/2021 15:56
DO_0000408069,10021025001,黑松FIN補給飲料TP300ml,24,8/18/2021 16:02
DO_0000408189,10021025001,黑松FIN補給飲料TP300ml,18,8/18/2021 16:06
DO_0000408189,10021025001,黑松FIN補給飲料TP300ml,6,8/18/2021 16:06
DO_0000391914,10021025001,黑松FIN補給飲料TP300ml,6,8/18/2021 16:57
DO_0000397730,10021025001,黑松FIN補給飲料TP300ml,6,8/18/2021 16:59
DO_0000408153,10021025001,黑松FIN補給飲料TP300ml,18,8/18/2021 16:59
DO_0000408153,10021025001,黑松FIN補給飲料TP300ml,12,8/18/2021 16:59
DO_0000398914,10021025001,黑松FIN補給飲料TP300ml,12,8/18/2021 16:59
DO_0000398914,10021025001,黑松FIN補給飲料TP300ml,12,8/18/2021 16:59
DO_0000416792,10000011001,可口可樂 Can 250 ml,24,8/18/2021 18:15
DO_0000415474,10000011001,可口可樂 Can 250 ml,24,8/18/2021 18:20
DO_0000416126,10021025001,黑松FIN補給飲料TP300ml,48,8/18/2021 18:20
DO_0000416250,10021025001,黑松FIN補給飲料TP300ml,48,8/18/2021 18:20
DO_0000416079,10000011001,可口可樂 Can 250 ml,48,8/18/2021 18:21
DO_0000416263,10000011001,可口可樂 Can 250 ml,48,8/18/2021 18:21
DO_0000416233,10021025001,黑松FIN補給飲料TP300ml,24,8/18/2021 18:21
DO_0000415649,10000011001,可口可樂 Can 250 ml,24,8/18/2021 18:22
DO_0000416150,10021025001,黑松FIN補給飲料TP300ml,72,8/18/2021 18:22
DO_0000416154,10021025001,黑松FIN補給飲料TP300ml,72,8/18/2021 18:22
DO_0000416155,10021025001,黑松FIN補給飲料TP300ml,72,8/18/2021 18:22
DO_0000416217,10000011001,可口可樂 Can 250 ml,24,8/18/2021 18:23
DO_0000416036,10000011001,可口可樂 Can 250 ml,48,8/18/2021 18:24
DO_0000416225,10000011001,可口可樂 Can 250 ml,48,8/18/2021 18:24
DO_0000415650,10021025001,黑松FIN補給飲料TP300ml,24,8/18/2021 18:24
DO_0000415466,10000011001,可口可樂 Can 250 ml,48,8/18/2021 18:25
DO_0000416011,10000011001,可口可樂 Can 250 ml,48,8/18/2021 18:25
DO_0000416140,10021025001,黑松FIN補給飲料TP300ml,24,8/18/2021 18:25
DO_0000416140,10021025001,黑松FIN補給飲料TP300ml,24,8/18/2021 18:25
DO_0000416375,10021025001,黑松FIN補給飲料TP300ml,24,8/18/2021 18:25
DO_0000416375,10021025001,黑松FIN補給飲料TP300ml,24,8/18/2021 18:25
DO_0000416378,10000011001,可口可樂 Can 250 ml,24,8/18/2021 18:25
DO_0000416195,10000011001,可口可樂 Can 250 ml,24,8/18/2021 18:26
DO_0000416206,10021025001,黑松FIN補給飲料TP300ml,24,8/18/2021 18:26
DO_0000416206,10021025001,黑松FIN補給飲料TP300ml,24,8/18/2021 18:26
DO_0000416434,10021025001,黑松FIN補給飲料TP300ml,24,8/18/2021 18:26
DO_0000416434,10021025001,黑松FIN補給飲料TP300ml,24,8/18/2021 18:26
DO_0000416131,10000011001,可口可樂 Can 250 ml,72,8/18/2021 18:27
DO_0000416251,10000011001,可口可樂 Can 250 ml,72,8/18/2021 18:27
DO_0000416346,10000011001,可口可樂 Can 250 ml,72,8/18/2021 18:28
DO_0000416139,10021025001,黑松FIN補給飲料TP300ml,48,8/18/2021 18:27
DO_0000416288,10021025001,黑松FIN補給飲料TP300ml,48,8/18/2021 18:27
DO_0000403813,10021025001,黑松FIN補給飲料TP300ml,6,8/18/2021 18:30
DO_0000416393,10000011001,可口可樂 Can 250 ml,24,8/18/2021 18:30
DO_0000416389,10021025001,黑松FIN補給飲料TP300ml,24,8/18/2021 18:30
DO_0000416347,10000011001,可口可樂 Can 250 ml,96,8/18/2021 18:32
DO_0000416358,10000011001,可口可樂 Can 250 ml,96,8/18/2021 18:32
DO_0000416399,10000011001,可口可樂 Can 250 ml,96,8/18/2021 18:32
DO_0000416404,10000011001,可口可樂 Can 250 ml,96,8/18/2021 18:32
DO_0000416192,10021025001,黑松FIN補給飲料TP300ml,24,8/18/2021 18:32
DO_0000416192,10021025001,黑松FIN補給飲料TP300ml,48,8/18/2021 18:32
DO_0000416274,10021025001,黑松FIN補給飲料TP300ml,24,8/18/2021 18:32
DO_0000416274,10021025001,黑松FIN補給飲料TP300ml,48,8/18/2021 18:32
DO_0000416742,10021025001,黑松FIN補給飲料TP300ml,24,8/18/2021 18:32
DO_0000416742,10021025001,黑松FIN補給飲料TP300ml,48,8/18/2021 18:32
DO_0000407313,10021025001,黑松FIN補給飲料TP300ml,12,8/18/2021 18:32
DO_0000416414,10021025001,黑松FIN補給飲料TP300ml,72,8/18/2021 18:33
DO_0000416417,10021025001,黑松FIN補給飲料TP300ml,72,8/18/2021 18:33
DO_0000416419,10021025001,黑松FIN補給飲料TP300ml,72,8/18/2021 18:33
DO_0000415464,10000011001,可口可樂 Can 250 ml,144,8/18/2021 18:34
DO_0000416062,10000011001,可口可樂 Can 250 ml,144,8/18/2021 18:34
DO_0000416075,10000011001,可口可樂 Can 250 ml,144,8/18/2021 18:34
DO_0000416076,10000011001,可口可樂 Can 250 ml,144,8/18/2021 18:34
DO_0000416109,10000011001,可口可樂 Can 250 ml,144,8/18/2021 18:34
DO_0000416762,10000011001,可口可樂 Can 250 ml,144,8/18/2021 18:33
DO_0000416761,10021025001,黑松FIN補給飲料TP300ml,24,8/18/2021 18:33
DO_0000404933,10021025001,黑松FIN補給飲料TP300ml,12,8/18/2021 18:45
DO_0000417174,10021025001,黑松FIN補給飲料TP300ml,24,8/18/2021 20:36
DO_0000346562,10021025001,黑松FIN補給飲料TP300ml,48,8/18/2021 21:29
DO_0000404240,10021025001,黑松FIN補給飲料TP300ml,18,8/18/2021 21:30
DO_0000403138,10021025001,黑松FIN補給飲料TP300ml,6,8/18/2021 21:30
DO_0000404987,10021025001,黑松FIN補給飲料TP300ml,6,8/18/2021 21:30
DO_0000413547,10021025001,黑松FIN補給飲料TP300ml,6,8/18/2021 21:30
DO_0000418111,10021025001,黑松FIN補給飲料TP300ml,24,8/18/2021 22:40
DO_0000417761,10021025001,黑松FIN補給飲料TP300ml,48,8/18/2021 22:45
DO_0000417774,10021025001,黑松FIN補給飲料TP300ml,48,8/18/2021 22:45
DO_0000417678,10021025001,黑松FIN補給飲料TP300ml,48,8/18/2021 22:46
DO_0000417816,10021025001,黑松FIN補給飲料TP300ml,48,8/18/2021 22:46
DO_0000417500,10000011001,可口可樂 Can 250 ml,24,8/18/2021 22:47
DO_0000417988,10021025001,黑松FIN補給飲料TP300ml,24,8/18/2021 22:47
DO_0000417577,10021025001,黑松FIN補給飲料TP300ml,48,8/18/2021 22:49
DO_0000417796,10021025001,黑松FIN補給飲料TP300ml,48,8/18/2021 22:49
DO_0000417694,10000011001,可口可樂 Can 250 ml,72,8/18/2021 22:50
DO_0000417726,10000011001,可口可樂 Can 250 ml,72,8/18/2021 22:50
DO_0000417943,10000011001,可口可樂 Can 250 ml,72,8/18/2021 22:50
DO_0000417942,10021025001,黑松FIN補給飲料TP300ml,24,8/18/2021 22:50
DO_0000417714,10021025001,黑松FIN補給飲料TP300ml,48,8/18/2021 22:52
DO_0000417714,10021025001,黑松FIN補給飲料TP300ml,24,8/18/2021 22:52
DO_0000417714,10021025001,黑松FIN補給飲料TP300ml,48,8/18/2021 22:52
DO_0000418018,10021025001,黑松FIN補給飲料TP300ml,48,8/18/2021 22:52
DO_0000418018,10021025001,黑松FIN補給飲料TP300ml,24,8/18/2021 22:52
DO_0000418018,10021025001,黑松FIN補給飲料TP300ml,48,8/18/2021 22:52
DO_0000418021,10021025001,黑松FIN補給飲料TP300ml,48,8/18/2021 22:52
DO_0000418021,10021025001,黑松FIN補給飲料TP300ml,24,8/18/2021 22:52
DO_0000418021,10021025001,黑松FIN補給飲料TP300ml,48,8/18/2021 22:52
DO_0000418043,10021025001,黑松FIN補給飲料TP300ml,48,8/18/2021 22:52
DO_0000418043,10021025001,黑松FIN補給飲料TP300ml,24,8/18/2021 22:52
DO_0000418043,10021025001,黑松FIN補給飲料TP300ml,48,8/18/2021 22:52
DO_0000418090,10021025001,黑松FIN補給飲料TP300ml,48,8/18/2021 22:52
DO_0000418090,10021025001,黑松FIN補給飲料TP300ml,24,8/18/2021 22:52
DO_0000418090,10021025001,黑松FIN補給飲料TP300ml,48,8/18/2021 22:52
DO_0000417681,10000011001,可口可樂 Can 250 ml,24,8/18/2021 22:53
DO_0000417703,10021025001,黑松FIN補給飲料TP300ml,24,8/18/2021 22:53
DO_0000417703,10021025001,黑松FIN補給飲料TP300ml,24,8/18/2021 22:53
DO_0000418103,10021025001,黑松FIN補給飲料TP300ml,24,8/18/2021 22:53
DO_0000418103,10021025001,黑松FIN補給飲料TP300ml,24,8/18/2021 22:53
DO_0000417287,10000011001,可口可樂 Can 250 ml,24,8/18/2021 22:54
DO_0000417516,10021025001,黑松FIN補給飲料TP300ml,24,8/18/2021 22:54
DO_0000417516,10021025001,黑松FIN補給飲料TP300ml,24,8/18/2021 22:54
DO_0000417532,10021025001,黑松FIN補給飲料TP300ml,24,8/18/2021 22:54
DO_0000417532,10021025001,黑松FIN補給飲料TP300ml,24,8/18/2021 22:54
DO_0000417568,10000011001,可口可樂 Can 250 ml,24,8/18/2021 22:55
DO_0000417336,10021025001,黑松FIN補給飲料TP300ml,48,8/18/2021 22:55
DO_0000417336,10021025001,黑松FIN補給飲料TP300ml,24,8/18/2021 22:55
DO_0000417768,10021025001,黑松FIN補給飲料TP300ml,48,8/18/2021 22:55
DO_0000417768,10021025001,黑松FIN補給飲料TP300ml,24,8/18/2021 22:55
DO_0000417876,10021025001,黑松FIN補給飲料TP300ml,48,8/18/2021 22:55
DO_0000417876,10021025001,黑松FIN補給飲料TP300ml,24,8/18/2021 22:55
DO_0000417338,10000011001,可口可樂 Can 250 ml,48,8/18/2021 22:56
DO_0000417385,10000011001,可口可樂 Can 250 ml,48,8/18/2021 22:56
DO_0000417497,10021025001,黑松FIN補給飲料TP300ml,24,8/18/2021 22:56
DO_0000417497,10021025001,黑松FIN補給飲料TP300ml,24,8/18/2021 22:56
DO_0000417537,10021025001,黑松FIN補給飲料TP300ml,24,8/18/2021 22:56
DO_0000417537,10021025001,黑松FIN補給飲料TP300ml,24,8/18/2021 22:56
DO_0000417235,10000011001,可口可樂 Can 250 ml,48,8/18/2021 22:57
DO_0000417818,10000011001,可口可樂 Can 250 ml,48,8/18/2021 22:57
DO_0000417379,10021025001,黑松FIN補給飲料TP300ml,24,8/18/2021 22:57
DO_0000417379,10021025001,黑松FIN補給飲料TP300ml,48,8/18/2021 22:57
DO_0000417404,10021025001,黑松FIN補給飲料TP300ml,24,8/18/2021 22:57
DO_0000417404,10021025001,黑松FIN補給飲料TP300ml,48,8/18/2021 22:57
DO_0000417517,10021025001,黑松FIN補給飲料TP300ml,24,8/18/2021 22:57
DO_0000417517,10021025001,黑松FIN補給飲料TP300ml,48,8/18/2021 22:57
DO_0000417214,10000011001,可口可樂 Can 250 ml,24,8/18/2021 22:58
DO_0000417228,10021025001,黑松FIN補給飲料TP300ml,24,8/18/2021 22:58
DO_0000417228,10021025001,黑松FIN補給飲料TP300ml,48,8/18/2021 22:58
DO_0000417231,10021025001,黑松FIN補給飲料TP300ml,24,8/18/2021 22:58
DO_0000417231,10021025001,黑松FIN補給飲料TP300ml,48,8/18/2021 22:58
DO_0000417616,10021025001,黑松FIN補給飲料TP300ml,24,8/18/2021 22:58
DO_0000417616,10021025001,黑松FIN補給飲料TP300ml,48,8/18/2021 22:58
DO_0000417217,10000011001,可口可樂 Can 250 ml,48,8/18/2021 22:59
DO_0000417223,10000011001,可口可樂 Can 250 ml,48,8/18/2021 22:59
DO_0000417291,10021025001,黑松FIN補給飲料TP300ml,24,8/18/2021 22:59
DO_0000417291,10021025001,黑松FIN補給飲料TP300ml,24,8/18/2021 22:59
DO_0000417525,10021025001,黑松FIN補給飲料TP300ml,24,8/18/2021 22:59
DO_0000417525,10021025001,黑松FIN補給飲料TP300ml,24,8/18/2021 22:59
DO_0000418160,10021025001,黑松FIN補給飲料TP300ml,24,8/18/2021 23:20
DO_0000418160,10021025001,黑松FIN補給飲料TP300ml,24,8/18/2021 23:20
DO_0000418191,10021025001,黑松FIN補給飲料TP300ml,24,8/18/2021 23:20
DO_0000418191,10021025001,黑松FIN補給飲料TP300ml,24,8/18/2021 23:20
DO_0000418188,10000011001,可口可樂 Can 250 ml,48,8/18/2021 23:21
DO_0000418201,10000011001,可口可樂 Can 250 ml,48,8/18/2021 23:21
DO_0000418175,10021025001,黑松FIN補給飲料TP300ml,24,8/18/2021 23:21
DO_0000417840,10021025001,黑松FIN補給飲料TP300ml,6,8/18/2021 23:29
DO_0000417840,10021025001,黑松FIN補給飲料TP300ml,18,8/18/2021 23:29
DO_0000417869,10021025001,黑松FIN補給飲料TP300ml,6,8/18/2021 23:32
DO_0000418214,10021025001,黑松FIN補給飲料TP300ml,48,8/18/2021 23:35
DO_0000418238,10021025001,黑松FIN補給飲料TP300ml,48,8/18/2021 23:35
DO_0000418245,10021025001,黑松FIN補給飲料TP300ml,48,8/18/2021 23:36
DO_0000418247,10021025001,黑松FIN補給飲料TP300ml,48,8/18/2021 23:36
DO_0000418412,10021025001,黑松FIN補給飲料TP300ml,24,8/19/2021 0:30
DO_0000418373,10021025001,黑松FIN補給飲料TP300ml,48,8/19/2021 0:35
DO_0000418375,10021025001,黑松FIN補給飲料TP300ml,48,8/19/2021 0:35
DO_0000418407,10000011001,可口可樂 Can 250 ml,24,8/19/2021 0:36
DO_0000418302,10021025001,黑松FIN補給飲料TP300ml,24,8/19/2021 0:36
DO_0000418302,10021025001,黑松FIN補給飲料TP300ml,24,8/19/2021 0:36
DO_0000418353,10021025001,黑松FIN補給飲料TP300ml,24,8/19/2021 0:36
DO_0000418353,10021025001,黑松FIN補給飲料TP300ml,24,8/19/2021 0:36
DO_0000418331,10000011001,可口可樂 Can 250 ml,48,8/19/2021 0:37
DO_0000418354,10000011001,可口可樂 Can 250 ml,48,8/19/2021 0:37
DO_0000418299,10000011001,可口可樂 Can 250 ml,24,8/19/2021 0:50
DO_0000418296,10021025001,黑松FIN補給飲料TP300ml,24,8/19/2021 0:50
DO_0000418326,10000011001,可口可樂 Can 250 ml,48,8/19/2021 0:51
DO_0000418347,10000011001,可口可樂 Can 250 ml,48,8/19/2021 0:51
DO_0000418269,10021025001,黑松FIN補給飲料TP300ml,24,8/19/2021 0:51
DO_0000418269,10021025001,黑松FIN補給飲料TP300ml,72,8/19/2021 0:51
DO_0000418269,10021025001,黑松FIN補給飲料TP300ml,24,8/19/2021 0:51
DO_0000418307,10021025001,黑松FIN補給飲料TP300ml,24,8/19/2021 0:51
DO_0000418307,10021025001,黑松FIN補給飲料TP300ml,72,8/19/2021 0:51
DO_0000418307,10021025001,黑松FIN補給飲料TP300ml,24,8/19/2021 0:51
DO_0000418317,10021025001,黑松FIN補給飲料TP300ml,24,8/19/2021 0:51
DO_0000418317,10021025001,黑松FIN補給飲料TP300ml,72,8/19/2021 0:51
DO_0000418317,10021025001,黑松FIN補給飲料TP300ml,24,8/19/2021 0:51
DO_0000418342,10021025001,黑松FIN補給飲料TP300ml,24,8/19/2021 0:51
DO_0000418342,10021025001,黑松FIN補給飲料TP300ml,72,8/19/2021 0:51
DO_0000418342,10021025001,黑松FIN補給飲料TP300ml,24,8/19/2021 0:51
DO_0000418578,10021025001,黑松FIN補給飲料TP300ml,24,8/19/2021 0:51
DO_0000418578,10021025001,黑松FIN補給飲料TP300ml,72,8/19/2021 0:51
DO_0000418578,10021025001,黑松FIN補給飲料TP300ml,24,8/19/2021 0:51
DO_0000418489,10000011001,可口可樂 Can 250 ml,24,8/19/2021 0:52
DO_0000418345,10021025001,黑松FIN補給飲料TP300ml,24,8/19/2021 0:52
DO_0000418345,10021025001,黑松FIN補給飲料TP300ml,24,8/19/2021 0:52
DO_0000418528,10021025001,黑松FIN補給飲料TP300ml,24,8/19/2021 0:52
DO_0000418528,10021025001,黑松FIN補給飲料TP300ml,24,8/19/2021 0:52
DO_0000418726,10021025001,黑松FIN補給飲料TP300ml,24,8/19/2021 0:53
DO_0000359439,10021025001,黑松FIN補給飲料TP300ml,24,8/19/2021 1:23
DO_0000417083,10000011001,可口可樂 Can 250 ml,48,8/19/2021 1:25
DO_0000417109,10000011001,可口可樂 Can 250 ml,48,8/19/2021 1:25
DO_0000417891,10021025001,黑松FIN補給飲料TP300ml,48,8/19/2021 1:25
DO_0000417968,10021025001,黑松FIN補給飲料TP300ml,48,8/19/2021 1:25
DO_0000417062,10021025001,黑松FIN補給飲料TP300ml,24,8/19/2021 1:30
DO_0000417025,10000011001,可口可樂 Can 250 ml,48,8/19/2021 1:31
DO_0000417112,10000011001,可口可樂 Can 250 ml,48,8/19/2021 1:31
DO_0000417026,10021025001,黑松FIN補給飲料TP300ml,48,8/19/2021 1:32
DO_0000417030,10021025001,黑松FIN補給飲料TP300ml,48,8/19/2021 1:32
DO_0000419923,10021025001,黑松FIN補給飲料TP300ml,24,8/19/2021 1:55
DO_0000419973,10021025001,黑松FIN補給飲料TP300ml,24,8/19/2021 2:32
DO_0000420261,10021025001,黑松FIN補給飲料TP300ml,24,8/19/2021 4:15
DO_0000420240,10021025001,黑松FIN補給飲料TP300ml,24,8/19/2021 4:16
DO_0000356004,10021025001,黑松FIN補給飲料TP300ml,48,8/19/2021 4:22
DO_0000355976,10021025001,黑松FIN補給飲料TP300ml,48,8/19/2021 4:22
DO_0000346526,10000011001,可口可樂 Can 250 ml,24,8/19/2021 4:22
DO_0000346526,10021025001,黑松FIN補給飲料TP300ml,6,8/19/2021 4:22
DO_0000355986,10021025001,黑松FIN補給飲料TP300ml,48,8/19/2021 4:22
DO_0000346960,10021025001,黑松FIN補給飲料TP300ml,6,8/19/2021 4:22
DO_0000385449,10021025001,黑松FIN補給飲料TP300ml,6,8/19/2021 4:41
DO_0000403659,10021025001,黑松FIN補給飲料TP300ml,6,8/19/2021 4:55
DO_0000403659,10021025001,黑松FIN補給飲料TP300ml,18,8/19/2021 4:55
DO_0000407621,10021025001,黑松FIN補給飲料TP300ml,6,8/19/2021 5:29
DO_0000408478,10021025001,黑松FIN補給飲料TP300ml,6,8/19/2021 5:38
DO_0000420446,10000011001,可口可樂 Can 250 ml,24,8/19/2021 6:20
DO_0000417644,10000011001,可口可樂 Can 250 ml,24,8/19/2021 6:25
DO_0000417648,10021025001,黑松FIN補給飲料TP300ml,24,8/19/2021 6:25
DO_0000417137,10000011001,可口可樂 Can 250 ml,48,8/19/2021 6:26
DO_0000417633,10000011001,可口可樂 Can 250 ml,48,8/19/2021 6:26
DO_0000417664,10021025001,黑松FIN補給飲料TP300ml,24,8/19/2021 6:27
DO_0000420313,10000011001,可口可樂 Can 250 ml,24,8/19/2021 6:31
DO_0000420602,10021025001,黑松FIN補給飲料TP300ml,24,8/19/2021 6:31
DO_0000420324,10000011001,可口可樂 Can 250 ml,48,8/19/2021 6:32
DO_0000420386,10000011001,可口可樂 Can 250 ml,48,8/19/2021 6:32
DO_0000420592,10021025001,黑松FIN補給飲料TP300ml,48,8/19/2021 6:33
DO_0000420598,10021025001,黑松FIN補給飲料TP300ml,48,8/19/2021 6:33
DO_0000420428,10021025001,黑松FIN補給飲料TP300ml,72,8/19/2021 6:34
DO_0000420564,10021025001,黑松FIN補給飲料TP300ml,72,8/19/2021 6:34
DO_0000420566,10021025001,黑松FIN補給飲料TP300ml,72,8/19/2021 6:34
DO_0000420362,10000011001,可口可樂 Can 250 ml,72,8/19/2021 6:35
DO_0000420452,10000011001,可口可樂 Can 250 ml,72,8/19/2021 6:35
DO_0000420464,10000011001,可口可樂 Can 250 ml,72,8/19/2021 6:35
DO_0000420462,10021025001,黑松FIN補給飲料TP300ml,24,8/19/2021 6:35
DO_0000420462,10021025001,黑松FIN補給飲料TP300ml,24,8/19/2021 6:35
DO_0000420551,10021025001,黑松FIN補給飲料TP300ml,24,8/19/2021 6:35
DO_0000420551,10021025001,黑松FIN補給飲料TP300ml,24,8/19/2021 6:35
DO_0000420506,10000011001,可口可樂 Can 250 ml,24,8/19/2021 6:40
DO_0000420626,10000011001,可口可樂 Can 250 ml,24,8/19/2021 7:05
DO_0000420673,10000011001,可口可樂 Can 250 ml,24,8/19/2021 7:10
DO_0000420661,10021025001,黑松FIN補給飲料TP300ml,48,8/19/2021 7:10
DO_0000420668,10021025001,黑松FIN補給飲料TP300ml,48,8/19/2021 7:10
DO_0000416182,10021025001,黑松FIN補給飲料TP300ml,6,8/19/2021 7:17
DO_0000420724,10000011001,可口可樂 Can 250 ml,48,8/19/2021 8:20
DO_0000420728,10000011001,可口可樂 Can 250 ml,48,8/19/2021 8:20
DO_0000420781,10000011001,可口可樂 Can 250 ml,24,8/19/2021 8:41
DO_0000420789,10021025001,黑松FIN補給飲料TP300ml,72,8/19/2021 8:41
DO_0000420792,10021025001,黑松FIN補給飲料TP300ml,72,8/19/2021 8:41
DO_0000420793,10021025001,黑松FIN補給飲料TP300ml,72,8/19/2021 8:41
DO_0000420970,10021025001,黑松FIN補給飲料TP300ml,6,8/19/2021 9:28
DO_0000420869,10021025001,黑松FIN補給飲料TP300ml,24,8/19/2021 9:35
DO_0000420846,10021025001,黑松FIN補給飲料TP300ml,24,8/19/2021 9:36
DO_0000420846,10021025001,黑松FIN補給飲料TP300ml,24,8/19/2021 9:36
DO_0000420876,10021025001,黑松FIN補給飲料TP300ml,24,8/19/2021 9:36
DO_0000420876,10021025001,黑松FIN補給飲料TP300ml,24,8/19/2021 9:36
DO_0000420850,10000011001,可口可樂 Can 250 ml,24,8/19/2021 9:40
DO_0000421143,10021025001,黑松FIN補給飲料TP300ml,24,8/19/2021 9:40
DO_0000420924,10000011001,可口可樂 Can 250 ml,24,8/19/2021 9:41
DO_0000421290,10000011001,可口可樂 Can 250 ml,24,8/19/2021 9:43
DO_0000421281,10021025001,黑松FIN補給飲料TP300ml,24,8/19/2021 9:44
DO_0000421313,10000011001,可口可樂 Can 250 ml,24,8/19/2021 9:45
DO_0000421262,10021025001,黑松FIN補給飲料TP300ml,24,8/19/2021 9:45
DO_0000421252,10021025001,黑松FIN補給飲料TP300ml,48,8/19/2021 9:46
DO_0000421322,10021025001,黑松FIN補給飲料TP300ml,48,8/19/2021 9:46
DO_0000423250,10000011001,可口可樂 Can 250 ml,24,8/19/2021 10:26
DO_0000417143,10021025001,黑松FIN補給飲料TP300ml,6,8/19/2021 10:28
DO_0000407219,10021025001,黑松FIN補給飲料TP300ml,6,8/19/2021 10:40
DO_0000421644,10021025001,黑松FIN補給飲料TP300ml,24,8/19/2021 10:45
DO_0000422925,10000011001,可口可樂 Can 250 ml,24,8/19/2021 10:46
DO_0000422885,10021025001,黑松FIN補給飲料TP300ml,24,8/19/2021 10:46
DO_0000421925,10000011001,可口可樂 Can 250 ml,48,8/19/2021 10:47
DO_0000421947,10000011001,可口可樂 Can 250 ml,48,8/19/2021 10:47
DO_0000424197,10000011001,可口可樂 Can 250 ml,24,8/19/2021 11:05
DO_0000424207,10021025001,黑松FIN補給飲料TP300ml,24,8/19/2021 11:05
DO_0000424216,10000011001,可口可樂 Can 250 ml,24,8/19/2021 11:06
DO_0000424213,10021025001,黑松FIN補給飲料TP300ml,24,8/19/2021 11:06
DO_0000414916,10021025001,黑松FIN補給飲料TP300ml,6,8/19/2021 12:53
DO_0000411646,10021025001,黑松FIN補給飲料TP300ml,6,8/19/2021 12:53
DO_0000424275,10000011001,可口可樂 Can 250 ml,48,8/19/2021 12:56
DO_0000424286,10000011001,可口可樂 Can 250 ml,48,8/19/2021 12:56
DO_0000425024,10000011001,可口可樂 Can 250 ml,48,8/19/2021 13:05
DO_0000425058,10000011001,可口可樂 Can 250 ml,48,8/19/2021 13:05
DO_0000424981,10000011001,可口可樂 Can 250 ml,72,8/19/2021 13:06
DO_0000424997,10000011001,可口可樂 Can 250 ml,72,8/19/2021 13:06
DO_0000425075,10000011001,可口可樂 Can 250 ml,72,8/19/2021 13:06
DO_0000424976,10000011001,可口可樂 Can 250 ml,48,8/19/2021 13:07
DO_0000424984,10000011001,可口可樂 Can 250 ml,48,8/19/2021 13:07
DO_0000425116,10000011001,可口可樂 Can 250 ml,48,8/19/2021 13:21
DO_0000425275,10000011001,可口可樂 Can 250 ml,48,8/19/2021 13:22
DO_0000425282,10021025001,黑松FIN補給飲料TP300ml,24,8/19/2021 13:22
DO_0000425625,10000011001,可口可樂 Can 250 ml,24,8/19/2021 13:23
DO_0000425650,10000011001,可口可樂 Can 250 ml,24,8/19/2021 14:13
DO_0000425055,10000011001,可口可樂 Can 250 ml,24,8/19/2021 14:15
DO_0000425248,10021025001,黑松FIN補給飲料TP300ml,48,8/19/2021 14:15
DO_0000425248,10021025001,黑松FIN補給飲料TP300ml,24,8/19/2021 14:15
DO_0000425249,10021025001,黑松FIN補給飲料TP300ml,48,8/19/2021 14:15
DO_0000425249,10021025001,黑松FIN補給飲料TP300ml,24,8/19/2021 14:15
DO_0000425251,10021025001,黑松FIN補給飲料TP300ml,48,8/19/2021 14:15
DO_0000425251,10021025001,黑松FIN補給飲料TP300ml,24,8/19/2021 14:15
DO_0000426093,10021025001,黑松FIN補給飲料TP300ml,24,8/19/2021 14:16
DO_0000424948,10000011001,可口可樂 Can 250 ml,24,8/19/2021 14:17
DO_0000426132,10021025001,黑松FIN補給飲料TP300ml,24,8/19/2021 14:25
DO_0000415697,10021025001,黑松FIN補給飲料TP300ml,6,8/19/2021 15:55
DO_0000418710,10021025001,黑松FIN補給飲料TP300ml,18,8/19/2021 15:55
DO_0000418710,10021025001,黑松FIN補給飲料TP300ml,6,8/19/2021 15:55
DO_0000415216,10021025001,黑松FIN補給飲料TP300ml,12,8/19/2021 15:55
DO_0000415216,10021025001,黑松FIN補給飲料TP300ml,12,8/19/2021 15:55
DO_0000418876,10021025001,黑松FIN補給飲料TP300ml,6,8/19/2021 16:04
DO_0000418643,10021025001,黑松FIN補給飲料TP300ml,6,8/19/2021 16:04
DO_0000426828,10021025001,黑松FIN補給飲料TP300ml,24,8/19/2021 17:55
DO_0000415199,10021025001,黑松FIN補給飲料TP300ml,12,8/19/2021 18:06
DO_0000428649,10000011001,可口可樂 Can 250 ml,24,8/19/2021 18:40
DO_0000428570,10021025001,黑松FIN補給飲料TP300ml,48,8/19/2021 18:41
DO_0000428570,10021025001,黑松FIN補給飲料TP300ml,24,8/19/2021 18:41
DO_0000428613,10021025001,黑松FIN補給飲料TP300ml,48,8/19/2021 18:41
DO_0000428613,10021025001,黑松FIN補給飲料TP300ml,24,8/19/2021 18:41
DO_0000428619,10021025001,黑松FIN補給飲料TP300ml,48,8/19/2021 18:41
DO_0000428619,10021025001,黑松FIN補給飲料TP300ml,24,8/19/2021 18:41
DO_0000428654,10000011001,可口可樂 Can 250 ml,24,8/19/2021 18:42
DO_0000428669,10021025001,黑松FIN補給飲料TP300ml,24,8/19/2021 18:42
DO_0000428681,10000011001,可口可樂 Can 250 ml,24,8/19/2021 19:45
DO_0000428970,10000011001,可口可樂 Can 250 ml,48,8/19/2021 21:20
DO_0000428974,10000011001,可口可樂 Can 250 ml,48,8/19/2021 21:20
DO_0000429049,10000011001,可口可樂 Can 250 ml,24,8/19/2021 21:35
DO_0000428798,10021025001,黑松FIN補給飲料TP300ml,24,8/19/2021 21:35
DO_0000429089,10021025001,黑松FIN補給飲料TP300ml,48,8/19/2021 21:50
DO_0000429202,10021025001,黑松FIN補給飲料TP300ml,48,8/19/2021 21:50
DO_0000418525,10021025001,黑松FIN補給飲料TP300ml,18,8/19/2021 22:15
DO_0000418525,10021025001,黑松FIN補給飲料TP300ml,6,8/19/2021 22:15
DO_0000419019,10021025001,黑松FIN補給飲料TP300ml,24,8/19/2021 22:18
DO_0000415186,10021025001,黑松FIN補給飲料TP300ml,6,8/19/2021 22:22
DO_0000415493,10021025001,黑松FIN補給飲料TP300ml,18,8/19/2021 22:22
DO_0000415493,10021025001,黑松FIN補給飲料TP300ml,6,8/19/2021 22:22
DO_0000419041,10021025001,黑松FIN補給飲料TP300ml,6,8/19/2021 22:26
DO_0000419080,10021025001,黑松FIN補給飲料TP300ml,6,8/19/2021 22:26
DO_0000418676,10021025001,黑松FIN補給飲料TP300ml,6,8/19/2021 22:34
DO_0000418676,10021025001,黑松FIN補給飲料TP300ml,18,8/19/2021 22:34
DO_0000429586,10021025001,黑松FIN補給飲料TP300ml,24,8/19/2021 22:45
DO_0000429588,10021025001,黑松FIN補給飲料TP300ml,24,8/19/2021 22:46
DO_0000421195,10021025001,黑松FIN補給飲料TP300ml,24,8/19/2021 22:50
DO_0000426459,10000011001,可口可樂 Can 250 ml,48,8/19/2021 22:55
DO_0000426683,10000011001,可口可樂 Can 250 ml,48,8/19/2021 22:55
DO_0000426895,10021025001,黑松FIN補給飲料TP300ml,24,8/19/2021 22:55
DO_0000426483,10000011001,可口可樂 Can 250 ml,48,8/19/2021 22:56
DO_0000426637,10000011001,可口可樂 Can 250 ml,48,8/19/2021 22:56
DO_0000426481,10021025001,黑松FIN補給飲料TP300ml,24,8/19/2021 22:56
DO_0000427378,10000011001,可口可樂 Can 250 ml,48,8/19/2021 22:57
DO_0000427395,10000011001,可口可樂 Can 250 ml,48,8/19/2021 22:57
DO_0000427476,10000011001,可口可樂 Can 250 ml,24,8/19/2021 22:59
DO_0000427354,10021025001,黑松FIN補給飲料TP300ml,24,8/19/2021 22:59
DO_0000427354,10021025001,黑松FIN補給飲料TP300ml,48,8/19/2021 22:59
DO_0000427361,10021025001,黑松FIN補給飲料TP300ml,24,8/19/2021 22:59
DO_0000427361,10021025001,黑松FIN補給飲料TP300ml,48,8/19/2021 22:59
DO_0000427379,10021025001,黑松FIN補給飲料TP300ml,24,8/19/2021 22:59
DO_0000427379,10021025001,黑松FIN補給飲料TP300ml,48,8/19/2021 22:59
DO_0000426506,10000011001,可口可樂 Can 250 ml,48,8/19/2021 23:00
DO_0000426507,10000011001,可口可樂 Can 250 ml,48,8/19/2021 23:00
DO_0000426653,10021025001,黑松FIN補給飲料TP300ml,24,8/19/2021 23:01
DO_0000426653,10021025001,黑松FIN補給飲料TP300ml,24,8/19/2021 23:01
DO_0000427393,10021025001,黑松FIN補給飲料TP300ml,24,8/19/2021 23:01
DO_0000427393,10021025001,黑松FIN補給飲料TP300ml,24,8/19/2021 23:01
DO_0000427210,10000011001,可口可樂 Can 250 ml,48,8/19/2021 23:02
DO_0000427213,10000011001,可口可樂 Can 250 ml,48,8/19/2021 23:02
DO_0000426488,10021025001,黑松FIN補給飲料TP300ml,24,8/19/2021 23:02
DO_0000426488,10021025001,黑松FIN補給飲料TP300ml,24,8/19/2021 23:02
DO_0000427328,10021025001,黑松FIN補給飲料TP300ml,24,8/19/2021 23:02
DO_0000427328,10021025001,黑松FIN補給飲料TP300ml,24,8/19/2021 23:02
DO_0000426529,10000011001,可口可樂 Can 250 ml,24,8/19/2021 23:03
DO_0000426494,10021025001,黑松FIN補給飲料TP300ml,24,8/19/2021 23:03
DO_0000426494,10021025001,黑松FIN補給飲料TP300ml,48,8/19/2021 23:03
DO_0000426820,10021025001,黑松FIN補給飲料TP300ml,24,8/19/2021 23:03
DO_0000426820,10021025001,黑松FIN補給飲料TP300ml,48,8/19/2021 23:03
DO_0000427418,10021025001,黑松FIN補給飲料TP300ml,24,8/19/2021 23:03
DO_0000427418,10021025001,黑松FIN補給飲料TP300ml,48,8/19/2021 23:03
DO_0000427332,10000011001,可口可樂 Can 250 ml,48,8/19/2021 23:04
DO_0000427464,10000011001,可口可樂 Can 250 ml,48,8/19/2021 23:04
DO_0000427337,10021025001,黑松FIN補給飲料TP300ml,24,8/19/2021 23:04
DO_0000428720,10000011001,可口可樂 Can 250 ml,48,8/19/2021 23:10
DO_0000428756,10000011001,可口可樂 Can 250 ml,48,8/19/2021 23:10
DO_0000428345,10021025001,黑松FIN補給飲料TP300ml,24,8/19/2021 23:11
DO_0000427587,10000011001,可口可樂 Can 250 ml,96,8/19/2021 23:12
DO_0000428061,10000011001,可口可樂 Can 250 ml,96,8/19/2021 23:12
DO_0000428067,10000011001,可口可樂 Can 250 ml,96,8/19/2021 23:12
DO_0000428779,10000011001,可口可樂 Can 250 ml,96,8/19/2021 23:12
DO_0000428775,10021025001,黑松FIN補給飲料TP300ml,24,8/19/2021 23:12
DO_0000428775,10021025001,黑松FIN補給飲料TP300ml,24,8/19/2021 23:12
DO_0000428784,10021025001,黑松FIN補給飲料TP300ml,24,8/19/2021 23:12
DO_0000428784,10021025001,黑松FIN補給飲料TP300ml,24,8/19/2021 23:12
DO_0000428376,10000011001,可口可樂 Can 250 ml,72,8/19/2021 23:13
DO_0000428378,10000011001,可口可樂 Can 250 ml,72,8/19/2021 23:13
DO_0000428380,10000011001,可口可樂 Can 250 ml,72,8/19/2021 23:13
DO_0000428366,10021025001,黑松FIN補給飲料TP300ml,24,8/19/2021 23:13
DO_0000428152,10000011001,可口可樂 Can 250 ml,72,8/19/2021 23:14
DO_0000428734,10000011001,可口可樂 Can 250 ml,72,8/19/2021 23:14
DO_0000428744,10000011001,可口可樂 Can 250 ml,72,8/19/2021 23:14
DO_0000427999,10021025001,黑松FIN補給飲料TP300ml,24,8/19/2021 23:14
DO_0000427520,10000011001,可口可樂 Can 250 ml,72,8/19/2021 23:15
DO_0000428124,10000011001,可口可樂 Can 250 ml,72,8/19/2021 23:15
DO_0000428709,10000011001,可口可樂 Can 250 ml,72,8/19/2021 23:15
DO_0000428080,10021025001,黑松FIN補給飲料TP300ml,24,8/19/2021 23:15
DO_0000428013,10021025001,黑松FIN補給飲料TP300ml,24,8/19/2021 23:16
DO_0000428095,10000011001,可口可樂 Can 250 ml,48,8/19/2021 23:17
DO_0000428111,10000011001,可口可樂 Can 250 ml,48,8/19/2021 23:17
DO_0000428767,10021025001,黑松FIN補給飲料TP300ml,24,8/19/2021 23:17
DO_0000429157,10000011001,可口可樂 Can 250 ml,24,8/19/2021 23:18
DO_0000427641,10021025001,黑松FIN補給飲料TP300ml,72,8/19/2021 23:18
DO_0000427641,10021025001,黑松FIN補給飲料TP300ml,24,8/19/2021 23:18
DO_0000427716,10021025001,黑松FIN補給飲料TP300ml,72,8/19/2021 23:18
DO_0000427716,10021025001,黑松FIN補給飲料TP300ml,24,8/19/2021 23:18
DO_0000428772,10021025001,黑松FIN補給飲料TP300ml,72,8/19/2021 23:18
DO_0000428772,10021025001,黑松FIN補給飲料TP300ml,24,8/19/2021 23:18
DO_0000429171,10021025001,黑松FIN補給飲料TP300ml,72,8/19/2021 23:18
DO_0000429171,10021025001,黑松FIN補給飲料TP300ml,24,8/19/2021 23:18
DO_0000427691,10000011001,可口可樂 Can 250 ml,48,8/19/2021 23:19
DO_0000428730,10000011001,可口可樂 Can 250 ml,48,8/19/2021 23:19
DO_0000408374,10021025001,黑松FIN補給飲料TP300ml,12,8/20/2021 0:10
DO_0000418926,10021025001,黑松FIN補給飲料TP300ml,12,8/20/2021 0:10
DO_0000430019,10021025001,黑松FIN補給飲料TP300ml,24,8/20/2021 0:25
DO_0000430229,10000011001,可口可樂 Can 250 ml,24,8/20/2021 0:35
DO_0000430280,10021025001,黑松FIN補給飲料TP300ml,24,8/20/2021 0:35
DO_0000428890,10021025001,黑松FIN補給飲料TP300ml,6,8/19/2021 21:23
DO_0000430526,10021025001,黑松FIN補給飲料TP300ml,72,8/20/2021 0:45
DO_0000430559,10021025001,黑松FIN補給飲料TP300ml,72,8/20/2021 0:45
DO_0000430562,10021025001,黑松FIN補給飲料TP300ml,72,8/20/2021 0:45
DO_0000429331,10021025001,黑松FIN補給飲料TP300ml,24,8/20/2021 0:55
DO_0000429381,10000011001,可口可樂 Can 250 ml,24,8/20/2021 0:56
DO_0000429360,10021025001,黑松FIN補給飲料TP300ml,24,8/20/2021 0:56
DO_0000430824,10021025001,黑松FIN補給飲料TP300ml,48,8/20/2021 1:25
DO_0000430825,10021025001,黑松FIN補給飲料TP300ml,48,8/20/2021 1:25
DO_0000428639,10021025001,黑松FIN補給飲料TP300ml,6,8/20/2021 1:45
DO_0000429269,10021025001,黑松FIN補給飲料TP300ml,24,8/20/2021 2:21
DO_0000429342,10021025001,黑松FIN補給飲料TP300ml,48,8/20/2021 2:22
DO_0000429374,10021025001,黑松FIN補給飲料TP300ml,48,8/20/2021 2:22
DO_0000429423,10000011001,可口可樂 Can 250 ml,24,8/20/2021 2:23
DO_0000429413,10000011001,可口可樂 Can 250 ml,48,8/20/2021 2:24
DO_0000429463,10000011001,可口可樂 Can 250 ml,48,8/20/2021 2:24
DO_0000429236,10021025001,黑松FIN補給飲料TP300ml,24,8/20/2021 2:25
DO_0000429236,10021025001,黑松FIN補給飲料TP300ml,24,8/20/2021 2:25
DO_0000429505,10021025001,黑松FIN補給飲料TP300ml,24,8/20/2021 2:25
DO_0000429505,10021025001,黑松FIN補給飲料TP300ml,24,8/20/2021 2:25
DO_0000429643,10000011001,可口可樂 Can 250 ml,24,8/20/2021 2:30
DO_0000429701,10000011001,可口可樂 Can 250 ml,24,8/20/2021 2:32
DO_0000429898,10000011001,可口可樂 Can 250 ml,24,8/20/2021 2:33
DO_0000429623,10021025001,黑松FIN補給飲料TP300ml,24,8/20/2021 2:33
DO_0000429473,10000011001,可口可樂 Can 250 ml,72,8/20/2021 2:34
DO_0000429561,10000011001,可口可樂 Can 250 ml,72,8/20/2021 2:34
DO_0000429912,10000011001,可口可樂 Can 250 ml,72,8/20/2021 2:34
DO_0000429683,10021025001,黑松FIN補給飲料TP300ml,24,8/20/2021 2:50
DO_0000429683,10021025001,黑松FIN補給飲料TP300ml,24,8/20/2021 2:50
DO_0000429784,10021025001,黑松FIN補給飲料TP300ml,24,8/20/2021 2:50
DO_0000429784,10021025001,黑松FIN補給飲料TP300ml,24,8/20/2021 2:50
DO_0000429789,10021025001,黑松FIN補給飲料TP300ml,24,8/20/2021 2:51
DO_0000428901,10021025001,黑松FIN補給飲料TP300ml,6,8/20/2021 3:22
DO_0000430329,10000011001,可口可樂 Can 250 ml,24,8/20/2021 3:52
DO_0000431110,10021025001,黑松FIN補給飲料TP300ml,24,8/20/2021 3:52
DO_0000431095,10000011001,可口可樂 Can 250 ml,24,8/20/2021 3:53
DO_0000431094,10021025001,黑松FIN補給飲料TP300ml,24,8/20/2021 3:53
DO_0000431058,10000011001,可口可樂 Can 250 ml,24,8/20/2021 3:54
DO_0000431413,10000011001,可口可樂 Can 250 ml,24,8/20/2021 3:56
DO_0000431331,10000011001,可口可樂 Can 250 ml,24,8/20/2021 3:57
DO_0000431402,10021025001,黑松FIN補給飲料TP300ml,24,8/20/2021 3:57
DO_0000431651,10021025001,黑松FIN補給飲料TP300ml,24,8/20/2021 3:58
DO_0000431361,10000011001,可口可樂 Can 250 ml,48,8/20/2021 3:59
DO_0000431676,10000011001,可口可樂 Can 250 ml,48,8/20/2021 3:59
DO_0000431320,10021025001,黑松FIN補給飲料TP300ml,24,8/20/2021 3:59
DO_0000431320,10021025001,黑松FIN補給飲料TP300ml,24,8/20/2021 3:59
DO_0000431320,10021025001,黑松FIN補給飲料TP300ml,24,8/20/2021 3:59
DO_0000431364,10021025001,黑松FIN補給飲料TP300ml,24,8/20/2021 3:59
DO_0000431364,10021025001,黑松FIN補給飲料TP300ml,24,8/20/2021 3:59
DO_0000431364,10021025001,黑松FIN補給飲料TP300ml,24,8/20/2021 3:59
DO_0000431368,10021025001,黑松FIN補給飲料TP300ml,24,8/20/2021 3:59
DO_0000431368,10021025001,黑松FIN補給飲料TP300ml,24,8/20/2021 3:59
DO_0000431368,10021025001,黑松FIN補給飲料TP300ml,24,8/20/2021 3:59
DO_0000431571,10000011001,可口可樂 Can 250 ml,48,8/20/2021 4:05
DO_0000431582,10000011001,可口可樂 Can 250 ml,48,8/20/2021 4:05
DO_0000431581,10021025001,黑松FIN補給飲料TP300ml,24,8/20/2021 4:05
DO_0000431596,10000011001,可口可樂 Can 250 ml,24,8/20/2021 4:06
DO_0000431492,10021025001,黑松FIN補給飲料TP300ml,24,8/20/2021 4:06
DO_0000431492,10021025001,黑松FIN補給飲料TP300ml,24,8/20/2021 4:06
DO_0000431604,10021025001,黑松FIN補給飲料TP300ml,24,8/20/2021 4:06
DO_0000431604,10021025001,黑松FIN補給飲料TP300ml,24,8/20/2021 4:06
DO_0000431732,10000011001,可口可樂 Can 250 ml,24,8/20/2021 4:40
DO_0000431765,10000011001,可口可樂 Can 250 ml,24,8/20/2021 4:41
DO_0000431813,10000011001,可口可樂 Can 250 ml,48,8/20/2021 4:50
DO_0000431925,10000011001,可口可樂 Can 250 ml,48,8/20/2021 4:50
DO_0000431931,10021025001,黑松FIN補給飲料TP300ml,24,8/20/2021 4:50
DO_0000414791,10021025001,黑松FIN補給飲料TP300ml,6,8/20/2021 4:51
DO_0000414784,10021025001,黑松FIN補給飲料TP300ml,6,8/20/2021 4:51
DO_0000431908,10021025001,黑松FIN補給飲料TP300ml,24,8/20/2021 4:55
DO_0000431908,10021025001,黑松FIN補給飲料TP300ml,24,8/20/2021 4:55
DO_0000431915,10021025001,黑松FIN補給飲料TP300ml,24,8/20/2021 4:55
DO_0000431915,10021025001,黑松FIN補給飲料TP300ml,24,8/20/2021 4:55
DO_0000431883,10000011001,可口可樂 Can 250 ml,48,8/20/2021 4:56
DO_0000431894,10000011001,可口可樂 Can 250 ml,48,8/20/2021 4:56
DO_0000431879,10021025001,黑松FIN補給飲料TP300ml,24,8/20/2021 4:56
DO_0000431828,10000011001,可口可樂 Can 250 ml,48,8/20/2021 4:57
DO_0000431835,10000011001,可口可樂 Can 250 ml,48,8/20/2021 4:57
DO_0000431802,10021025001,黑松FIN補給飲料TP300ml,24,8/20/2021 4:57
DO_0000431802,10021025001,黑松FIN補給飲料TP300ml,24,8/20/2021 4:57
DO_0000431936,10021025001,黑松FIN補給飲料TP300ml,24,8/20/2021 4:57
DO_0000431936,10021025001,黑松FIN補給飲料TP300ml,24,8/20/2021 4:57
DO_0000418674,10021025001,黑松FIN補給飲料TP300ml,6,8/20/2021 5:42
DO_0000432750,10000011001,可口可樂 Can 250 ml,24,8/20/2021 5:50
DO_0000432755,10021025001,黑松FIN補給飲料TP300ml,24,8/20/2021 5:50
DO_0000432298,10000011001,可口可樂 Can 250 ml,48,8/20/2021 5:55
DO_0000432485,10000011001,可口可樂 Can 250 ml,48,8/20/2021 5:55
DO_0000432297,10021025001,黑松FIN補給飲料TP300ml,24,8/20/2021 5:55
DO_0000433232,10021025001,黑松FIN補給飲料TP300ml,24,8/20/2021 6:55
DO_0000433215,10021025001,黑松FIN補給飲料TP300ml,24,8/20/2021 6:56
DO_0000433356,10000011001,可口可樂 Can 250 ml,24,8/20/2021 7:16
DO_0000433391,10021025001,黑松FIN補給飲料TP300ml,48,8/20/2021 7:16
DO_0000433392,10021025001,黑松FIN補給飲料TP300ml,48,8/20/2021 7:16
DO_0000433588,10021025001,黑松FIN補給飲料TP300ml,24,8/20/2021 8:15
DO_0000433555,10021025001,黑松FIN補給飲料TP300ml,120,8/20/2021 8:16
DO_0000433575,10021025001,黑松FIN補給飲料TP300ml,120,8/20/2021 8:16
DO_0000433580,10021025001,黑松FIN補給飲料TP300ml,120,8/20/2021 8:16
DO_0000433581,10021025001,黑松FIN補給飲料TP300ml,120,8/20/2021 8:16
DO_0000433592,10021025001,黑松FIN補給飲料TP300ml,120,8/20/2021 8:16
DO_0000425603,10021025001,黑松FIN補給飲料TP300ml,6,8/20/2021 8:36
DO_0000429946,10021025001,黑松FIN補給飲料TP300ml,6,8/20/2021 8:36
DO_0000418487,10021025001,黑松FIN補給飲料TP300ml,6,8/20/2021 9:13
DO_0000434471,10000011001,可口可樂 Can 250 ml,24,8/20/2021 9:15
DO_0000434397,10000011001,可口可樂 Can 250 ml,24,8/20/2021 9:16
DO_0000376129,10021025001,黑松FIN補給飲料TP300ml,6,8/19/2021 1:23
DO_0000435835,10000011001,可口可樂 Can 250 ml,24,8/20/2021 12:35
DO_0000435820,10021025001,黑松FIN補給飲料TP300ml,48,8/20/2021 12:35
DO_0000435837,10021025001,黑松FIN補給飲料TP300ml,48,8/20/2021 12:35
DO_0000435828,10021025001,黑松FIN補給飲料TP300ml,48,8/20/2021 12:36
DO_0000435844,10021025001,黑松FIN補給飲料TP300ml,48,8/20/2021 12:36
DO_0000436882,10021025001,黑松FIN補給飲料TP300ml,24,8/20/2021 14:10
DO_0000436801,10000011001,可口可樂 Can 250 ml,24,8/20/2021 14:10
DO_0000415677,10021025001,黑松FIN補給飲料TP300ml,18,8/20/2021 14:27
DO_0000415677,10021025001,黑松FIN補給飲料TP300ml,6,8/20/2021 14:27
DO_0000436800,10000011001,可口可樂 Can 250 ml,72,8/20/2021 14:53
DO_0000436873,10000011001,可口可樂 Can 250 ml,72,8/20/2021 14:53
DO_0000436875,10000011001,可口可樂 Can 250 ml,72,8/20/2021 14:53
DO_0000436876,10021025001,黑松FIN補給飲料TP300ml,24,8/20/2021 14:53
DO_0000437785,10000011001,可口可樂 Can 250 ml,48,8/20/2021 16:10
DO_0000437947,10000011001,可口可樂 Can 250 ml,48,8/20/2021 16:10
DO_0000437530,10000011001,可口可樂 Can 250 ml,48,8/20/2021 16:15
DO_0000437681,10000011001,可口可樂 Can 250 ml,48,8/20/2021 16:15
DO_0000437697,10021025001,黑松FIN補給飲料TP300ml,24,8/20/2021 16:15
DO_0000437529,10000011001,可口可樂 Can 250 ml,48,8/20/2021 16:16
DO_0000437965,10000011001,可口可樂 Can 250 ml,48,8/20/2021 16:16
DO_0000437542,10000011001,可口可樂 Can 250 ml,24,8/20/2021 16:17
DO_0000437715,10021025001,黑松FIN補給飲料TP300ml,48,8/20/2021 16:17
DO_0000437816,10021025001,黑松FIN補給飲料TP300ml,48,8/20/2021 16:17
DO_0000429979,10021025001,黑松FIN補給飲料TP300ml,6,8/20/2021 16:59
DO_0000429995,10021025001,黑松FIN補給飲料TP300ml,6,8/20/2021 16:59
DO_0000435690,10021025001,黑松FIN補給飲料TP300ml,6,8/20/2021 17:04
DO_0000421016,10021025001,黑松FIN補給飲料TP300ml,12,8/20/2021 17:26
DO_0000437539,10021025001,黑松FIN補給飲料TP300ml,24,8/20/2021 17:41
DO_0000438209,10021025001,黑松FIN補給飲料TP300ml,24,8/20/2021 17:47
DO_0000438233,10021025001,黑松FIN補給飲料TP300ml,24,8/20/2021 17:48
DO_0000437292,10000011001,可口可樂 Can 250 ml,24,8/20/2021 17:51
DO_0000437782,10000011001,可口可樂 Can 250 ml,48,8/20/2021 17:55
DO_0000437809,10000011001,可口可樂 Can 250 ml,48,8/20/2021 17:55
DO_0000437773,10000011001,可口可樂 Can 250 ml,24,8/20/2021 17:56
DO_0000437846,10021025001,黑松FIN補給飲料TP300ml,24,8/20/2021 17:56
DO_0000437575,10021025001,黑松FIN補給飲料TP300ml,48,8/20/2021 18:08
DO_0000438019,10021025001,黑松FIN補給飲料TP300ml,48,8/20/2021 18:08
DO_0000437724,10000011001,可口可樂 Can 250 ml,48,8/20/2021 18:09
DO_0000438634,10000011001,可口可樂 Can 250 ml,48,8/20/2021 18:09
DO_0000438796,10021025001,黑松FIN補給飲料TP300ml,24,8/20/2021 18:09
DO_0000437299,10021025001,黑松FIN補給飲料TP300ml,48,8/20/2021 18:11
DO_0000437753,10021025001,黑松FIN補給飲料TP300ml,48,8/20/2021 18:11
DO_0000438021,10021025001,黑松FIN補給飲料TP300ml,48,8/20/2021 18:12
DO_0000438078,10021025001,黑松FIN補給飲料TP300ml,48,8/20/2021 18:12
DO_0000439114,10000011001,可口可樂 Can 250 ml,48,8/20/2021 18:46
DO_0000439626,10000011001,可口可樂 Can 250 ml,48,8/20/2021 18:46
DO_0000438652,10021025001,黑松FIN補給飲料TP300ml,24,8/20/2021 18:46
DO_0000437627,10000011001,可口可樂 Can 250 ml,24,8/20/2021 19:35
DO_0000437538,10021025001,黑松FIN補給飲料TP300ml,24,8/20/2021 19:35
DO_0000430114,10021025001,黑松FIN補給飲料TP300ml,6,8/20/2021 20:46
DO_0000430114,10021025001,黑松FIN補給飲料TP300ml,18,8/20/2021 20:46
DO_0000439841,10021025001,黑松FIN補給飲料TP300ml,12,8/20/2021 20:46
DO_0000438869,10000011001,可口可樂 Can 250 ml,24,8/20/2021 21:06
DO_0000438272,10000011001,可口可樂 Can 250 ml,48,8/20/2021 21:07
DO_0000438286,10000011001,可口可樂 Can 250 ml,48,8/20/2021 21:07
DO_0000439073,10021025001,黑松FIN補給飲料TP300ml,24,8/20/2021 21:08
DO_0000438894,10000011001,可口可樂 Can 250 ml,24,8/20/2021 21:09
DO_0000438851,10000011001,可口可樂 Can 250 ml,24,8/20/2021 21:10
DO_0000439453,10000011001,可口可樂 Can 250 ml,24,8/20/2021 21:13
DO_0000439453,10000011001,可口可樂 Can 250 ml,24,8/20/2021 21:13
DO_0000439469,10000011001,可口可樂 Can 250 ml,24,8/20/2021 21:13
DO_0000439469,10000011001,可口可樂 Can 250 ml,24,8/20/2021 21:13
DO_0000439962,10000011001,可口可樂 Can 250 ml,24,8/20/2021 21:46
DO_0000439804,10000011001,可口可樂 Can 250 ml,48,8/20/2021 21:47
DO_0000439864,10000011001,可口可樂 Can 250 ml,48,8/20/2021 21:47
DO_0000439803,10021025001,黑松FIN補給飲料TP300ml,72,8/20/2021 21:47
DO_0000439806,10021025001,黑松FIN補給飲料TP300ml,72,8/20/2021 21:47
DO_0000439809,10021025001,黑松FIN補給飲料TP300ml,72,8/20/2021 21:47
DO_0000439890,10021025001,黑松FIN補給飲料TP300ml,24,8/20/2021 21:48
DO_0000440045,10000011001,可口可樂 Can 250 ml,24,8/20/2021 21:49
DO_0000439882,10021025001,黑松FIN補給飲料TP300ml,24,8/20/2021 21:49
DO_0000439597,10021025001,黑松FIN補給飲料TP300ml,48,8/20/2021 21:51
DO_0000439788,10021025001,黑松FIN補給飲料TP300ml,48,8/20/2021 21:51
DO_0000439495,10000011001,可口可樂 Can 250 ml,24,8/20/2021 21:52
DO_0000439565,10000011001,可口可樂 Can 250 ml,24,8/20/2021 21:53
DO_0000439591,10000011001,可口可樂 Can 250 ml,48,8/20/2021 21:54
DO_0000439601,10000011001,可口可樂 Can 250 ml,48,8/20/2021 21:54
DO_0000440090,10021025001,黑松FIN補給飲料TP300ml,24,8/20/2021 21:54
DO_0000441630,10021025001,黑松FIN補給飲料TP300ml,24,8/20/2021 23:30
DO_0000441150,10021025001,黑松FIN補給飲料TP300ml,6,8/20/2021 23:32
DO_0000440784,10000011001,可口可樂 Can 250 ml,24,8/20/2021 23:41
DO_0000440324,10021025001,黑松FIN補給飲料TP300ml,48,8/20/2021 23:41
DO_0000440786,10021025001,黑松FIN補給飲料TP300ml,48,8/20/2021 23:41
DO_0000440309,10000011001,可口可樂 Can 250 ml,48,8/20/2021 23:42
DO_0000440789,10000011001,可口可樂 Can 250 ml,48,8/20/2021 23:42
DO_0000440157,10021025001,黑松FIN補給飲料TP300ml,24,8/20/2021 23:42
DO_0000440619,10000011001,可口可樂 Can 250 ml,48,8/20/2021 23:43
DO_0000440621,10000011001,可口可樂 Can 250 ml,48,8/20/2021 23:43
DO_0000440312,10021025001,黑松FIN補給飲料TP300ml,24,8/20/2021 23:43
DO_0000440706,10021025001,黑松FIN補給飲料TP300ml,48,8/20/2021 23:44
DO_0000440718,10021025001,黑松FIN補給飲料TP300ml,48,8/20/2021 23:44
DO_0000440134,10000011001,可口可樂 Can 250 ml,48,8/20/2021 23:45
DO_0000440140,10000011001,可口可樂 Can 250 ml,48,8/20/2021 23:45
DO_0000440131,10021025001,黑松FIN補給飲料TP300ml,24,8/20/2021 23:45
DO_0000440781,10000011001,可口可樂 Can 250 ml,48,8/20/2021 23:46
DO_0000440794,10000011001,可口可樂 Can 250 ml,48,8/20/2021 23:46
DO_0000440205,10000011001,可口可樂 Can 250 ml,24,8/20/2021 23:48
DO_0000440761,10000011001,可口可樂 Can 250 ml,24,8/20/2021 23:49
DO_0000440278,10000011001,可口可樂 Can 250 ml,24,8/20/2021 23:50
DO_0000440293,10000011001,可口可樂 Can 250 ml,24,8/20/2021 23:51
DO_0000440232,10021025001,黑松FIN補給飲料TP300ml,48,8/20/2021 23:51
DO_0000440237,10021025001,黑松FIN補給飲料TP300ml,48,8/20/2021 23:51
DO_0000437289,10021025001,黑松FIN補給飲料TP300ml,24,8/21/2021 1:25
DO_0000442376,10000011001,可口可樂 Can 250 ml,24,8/21/2021 2:05
DO_0000442313,10021025001,黑松FIN補給飲料TP300ml,24,8/21/2021 2:05
DO_0000442446,10000011001,可口可樂 Can 250 ml,72,8/21/2021 3:21
DO_0000442448,10000011001,可口可樂 Can 250 ml,72,8/21/2021 3:21
DO_0000442600,10000011001,可口可樂 Can 250 ml,72,8/21/2021 3:21
DO_0000441943,10021025001,黑松FIN補給飲料TP300ml,24,8/21/2021 4:05
DO_0000442422,10021025001,黑松FIN補給飲料TP300ml,48,8/21/2021 4:10
DO_0000442430,10021025001,黑松FIN補給飲料TP300ml,48,8/21/2021 4:10
DO_0000442653,10000011001,可口可樂 Can 250 ml,24,8/21/2021 4:11
DO_0000442688,10021025001,黑松FIN補給飲料TP300ml,24,8/21/2021 4:11
DO_0000442645,10000011001,可口可樂 Can 250 ml,24,8/21/2021 4:12
DO_0000426146,10021025001,黑松FIN補給飲料TP300ml,12,8/21/2021 4:23
DO_0000426146,10021025001,黑松FIN補給飲料TP300ml,12,8/21/2021 4:23
DO_0000442742,10000011001,可口可樂 Can 250 ml,48,8/21/2021 5:15
DO_0000442747,10000011001,可口可樂 Can 250 ml,48,8/21/2021 5:15
DO_0000435036,10021025001,黑松FIN補給飲料TP300ml,12,8/21/2021 8:24
DO_0000435036,10021025001,黑松FIN補給飲料TP300ml,12,8/21/2021 8:24
DO_0000441721,10021025001,黑松FIN補給飲料TP300ml,18,8/21/2021 8:28
DO_0000442925,10021025001,黑松FIN補給飲料TP300ml,24,8/21/2021 8:45
DO_0000442924,10021025001,黑松FIN補給飲料TP300ml,24,8/21/2021 8:46
DO_0000443103,10000011001,可口可樂 Can 250 ml,72,8/21/2021 10:06
DO_0000443140,10000011001,可口可樂 Can 250 ml,72,8/21/2021 10:06
DO_0000443207,10000011001,可口可樂 Can 250 ml,72,8/21/2021 10:06
DO_0000442959,10021025001,黑松FIN補給飲料TP300ml,48,8/21/2021 10:08
DO_0000443092,10021025001,黑松FIN補給飲料TP300ml,48,8/21/2021 10:08
DO_0000443419,10000011001,可口可樂 Can 250 ml,48,8/21/2021 10:09
DO_0000443569,10000011001,可口可樂 Can 250 ml,48,8/21/2021 10:09
DO_0000443104,10021025001,黑松FIN補給飲料TP300ml,48,8/21/2021 10:09
DO_0000444237,10021025001,黑松FIN補給飲料TP300ml,48,8/21/2021 10:09
DO_0000443474,10000011001,可口可樂 Can 250 ml,24,8/21/2021 10:10
DO_0000443044,10021025001,黑松FIN補給飲料TP300ml,24,8/21/2021 10:11
DO_0000443234,10000011001,可口可樂 Can 250 ml,24,8/21/2021 10:12
DO_0000443194,10000011001,可口可樂 Can 250 ml,48,8/21/2021 10:13
DO_0000443538,10000011001,可口可樂 Can 250 ml,48,8/21/2021 10:13
DO_0000442901,10021025001,黑松FIN補給飲料TP300ml,24,8/21/2021 10:14
DO_0000443206,10000011001,可口可樂 Can 250 ml,72,8/21/2021 10:16
DO_0000443235,10000011001,可口可樂 Can 250 ml,72,8/21/2021 10:16
DO_0000443495,10000011001,可口可樂 Can 250 ml,72,8/21/2021 10:16
DO_0000444559,10021025001,黑松FIN補給飲料TP300ml,48,8/21/2021 10:20
DO_0000444594,10021025001,黑松FIN補給飲料TP300ml,48,8/21/2021 10:20
DO_0000444954,10000011001,可口可樂 Can 250 ml,24,8/21/2021 10:40
DO_0000445041,10021025001,黑松FIN補給飲料TP300ml,24,8/21/2021 10:50
DO_0000445018,10021025001,黑松FIN補給飲料TP300ml,24,8/21/2021 10:51
DO_0000445285,10000011001,可口可樂 Can 250 ml,24,8/21/2021 11:25
DO_0000445282,10000011001,可口可樂 Can 250 ml,24,8/21/2021 11:26
DO_0000445276,10021025001,黑松FIN補給飲料TP300ml,24,8/21/2021 11:26
DO_0000445094,10000011001,可口可樂 Can 250 ml,24,8/21/2021 11:27
DO_0000445157,10021025001,黑松FIN補給飲料TP300ml,24,8/21/2021 11:27
DO_0000445661,10000011001,可口可樂 Can 250 ml,24,8/21/2021 15:25
DO_0000445656,10000011001,可口可樂 Can 250 ml,24,8/21/2021 15:32
DO_0000446024,10000011001,可口可樂 Can 250 ml,24,8/21/2021 15:33
DO_0000445982,10000011001,可口可樂 Can 250 ml,120,8/21/2021 15:35
DO_0000445987,10000011001,可口可樂 Can 250 ml,120,8/21/2021 15:35
DO_0000446011,10000011001,可口可樂 Can 250 ml,120,8/21/2021 15:35
DO_0000446014,10000011001,可口可樂 Can 250 ml,120,8/21/2021 15:35
DO_0000446051,10000011001,可口可樂 Can 250 ml,120,8/21/2021 15:34
DO_0000446050,10021025001,黑松FIN補給飲料TP300ml,24,8/21/2021 15:34
DO_0000446007,10000011001,可口可樂 Can 250 ml,24,8/21/2021 15:36
DO_0000446007,10000011001,可口可樂 Can 250 ml,24,8/21/2021 15:36
DO_0000446019,10000011001,可口可樂 Can 250 ml,24,8/21/2021 15:36
DO_0000446019,10000011001,可口可樂 Can 250 ml,24,8/21/2021 15:36
DO_0000446021,10021025001,黑松FIN補給飲料TP300ml,24,8/21/2021 15:36
DO_0000446021,10021025001,黑松FIN補給飲料TP300ml,24,8/21/2021 15:36
DO_0000446034,10021025001,黑松FIN補給飲料TP300ml,24,8/21/2021 15:36
DO_0000446034,10021025001,黑松FIN補給飲料TP300ml,24,8/21/2021 15:36
DO_0000445737,10000011001,可口可樂 Can 250 ml,48,8/21/2021 15:37
DO_0000445912,10000011001,可口可樂 Can 250 ml,48,8/21/2021 15:37
DO_0000445723,10021025001,黑松FIN補給飲料TP300ml,24,8/21/2021 15:37
DO_0000446628,10000011001,可口可樂 Can 250 ml,48,8/21/2021 16:31
DO_0000446630,10000011001,可口可樂 Can 250 ml,48,8/21/2021 16:31
DO_0000446594,10021025001,黑松FIN補給飲料TP300ml,24,8/21/2021 16:31
DO_0000446975,10000011001,可口可樂 Can 250 ml,24,8/21/2021 17:47
DO_0000447189,10021025001,黑松FIN補給飲料TP300ml,24,8/21/2021 17:47
DO_0000447345,10021025001,黑松FIN補給飲料TP300ml,24,8/21/2021 19:25
DO_0000447211,10021025001,黑松FIN補給飲料TP300ml,24,8/21/2021 19:26
DO_0000447469,10021025001,黑松FIN補給飲料TP300ml,24,8/21/2021 20:15
DO_0000447588,10021025001,黑松FIN補給飲料TP300ml,6,8/21/2021 21:15
DO_0000446486,10021025001,黑松FIN補給飲料TP300ml,24,8/21/2021 21:55
DO_0000435934,10021025001,黑松FIN補給飲料TP300ml,6,8/21/2021 23:53
