pod_id,pod_type,slot_id,slot_type,item,unusedColumn1,unusedColumn2,unusedColumn3,qty,max_qty,due_date,facing,pick_ind,slot_sequence,item_weight,total_item_weight,item_pod_inventory_level,item_warehouse_inventory_level,rop_global,rop_per_pod
0,0,0,0,242,0,0,0,75,75,99999,0,0,0,0.2,15.0,0.6,0.5,7,4
0,0,1,0,3,0,0,0,432,432,99999,0,0,1,0.181,78.192,0.6,0.5,122,122
0,0,2,0,224,0,0,0,60,60,99999,0,0,2,0.2,12.0,0.6,0.5,4,4
0,0,3,0,332,0,0,0,48,48,99999,0,0,3,0.748,35.904,0.6,0.5,42,21
0,0,4,0,244,0,0,0,4,4,99999,0,0,4,1.0,4.0,0.6,0.5,3,3
0,0,5,0,343,0,0,0,96,96,99999,0,0,5,1.157,111.072,0.6,0.5,25,25
0,0,6,0,346,0,0,0,5,5,99999,0,0,6,7.01,35.05,0.6,0.5,3,3
0,0,7,0,299,0,0,0,60,60,99999,0,0,7,0.1,6.0,0.6,0.5,1,1
0,0,8,0,300,0,0,0,60,60,99999,0,0,8,0.1,6.0,0.6,0.5,1,1
0,0,9,0,237,0,0,0,100,100,99999,0,0,9,0.13,13.0,0.6,0.5,1,1
1,0,0,0,332,0,0,0,48,48,99999,0,0,0,0.748,35.904,0.6,0.5,42,21
1,0,1,0,351,0,0,0,72,72,99999,0,0,1,1.093,78.696,0.6,0.5,12,12
1,0,2,0,318,0,0,0,24,24,99999,0,0,2,2.5,60.0,0.6,0.5,1,1
1,0,3,0,306,0,0,0,12,12,99999,0,0,3,2.0,24.0,0.6,0.5,3,3
1,0,4,0,327,0,0,0,24,24,99999,0,0,4,1.014,24.336,0.6,0.5,8,8
1,0,5,0,30,0,0,0,8,8,99999,0,0,5,4.12,32.96,0.6,0.5,2,2
1,0,6,0,18,0,0,0,192,192,99999,0,0,6,0.316,60.672,0.6,0.5,18,18
1,0,7,0,235,0,0,0,48,48,99999,0,0,7,0.072,3.456,0.6,0.5,2,2
1,0,8,0,55,0,0,0,48,48,99999,0,0,8,0.07,3.36,0.6,0.5,1,1
1,0,9,0,105,0,0,0,48,48,99999,0,0,9,0.822,39.456,0.6,0.5,1,1
2,0,0,0,263,0,0,0,24,24,99999,0,0,0,0.399,9.576,0.6,0.5,1,1
2,0,1,0,100,0,0,0,48,48,99999,0,0,1,0.699,33.552,0.6,0.5,1,1
2,0,2,0,272,0,0,0,48,48,99999,0,0,2,0.078,3.744,0.6,0.5,1,1
2,0,3,0,324,0,0,0,24,24,99999,0,0,3,2.005,48.12,0.6,0.5,1,1
2,0,4,0,198,0,0,0,144,144,99999,0,0,4,0.182,26.208,0.6,0.5,1,1
2,0,5,0,232,0,0,0,48,48,99999,0,0,5,0.167,8.016,0.6,0.5,5,5
2,0,6,0,276,0,0,0,576,576,99999,0,0,6,0.056,32.256,0.6,0.5,1,1
2,0,7,0,392,0,0,0,4,4,99999,0,0,7,2.28,9.12,0.6,0.5,1,1
2,0,8,0,256,0,0,0,192,192,99999,0,0,8,0.321,61.632,0.6,0.5,6,6
2,0,9,0,345,0,0,0,192,192,99999,0,0,9,0.358,68.736,0.6,0.5,2,2
3,0,0,0,86,0,0,0,24,24,99999,0,0,0,0.765,18.36,0.6,0.5,1,1
3,0,1,0,241,0,0,0,48,48,99999,0,0,1,0.626,30.048,0.6,0.5,1,1
3,0,2,0,303,0,0,0,24,24,99999,0,0,2,0.383,9.192,0.6,0.5,1,1
3,0,3,0,361,0,0,0,192,192,99999,0,0,3,0.042,8.064,0.6,0.5,1,1
3,0,4,0,315,0,0,0,24,24,99999,0,0,4,0.767,18.408,0.6,0.5,1,1
3,0,5,0,146,0,0,0,96,96,99999,0,0,5,0.443,42.528,0.6,0.5,1,1
3,0,6,0,143,0,0,0,288,288,99999,0,0,6,0.101,29.088,0.6,0.5,3,3
3,0,7,0,96,0,0,0,48,48,99999,0,0,7,0.678,32.544,0.6,0.5,1,1
3,0,8,0,330,0,0,0,36,36,99999,0,0,8,1.955,70.38,0.6,0.5,1,1
3,0,9,0,269,0,0,0,48,48,99999,0,0,9,0.71,34.08,0.6,0.5,1,1
4,0,0,0,314,0,0,0,12,12,99999,0,0,0,1.332,15.984,0.6,0.5,1,1
4,0,1,0,296,0,0,0,24,24,99999,0,0,1,0.158,3.792,0.6,0.5,1,1
4,0,2,0,301,0,0,0,144,144,99999,0,0,2,0.528,76.032,0.6,0.5,1,1
4,0,3,0,398,0,0,0,144,144,99999,0,0,3,0.083,11.952,0.6,0.5,2,2
4,0,4,0,264,0,0,0,18,18,99999,0,0,4,0.339,6.102,0.6,0.5,1,1
4,0,5,0,85,0,0,0,32,32,99999,0,0,5,1.614,51.648,0.6,0.5,1,1
4,0,6,0,126,0,0,0,108,108,99999,0,0,6,0.2,21.6,0.6,0.5,1,1
4,0,7,0,114,0,0,0,72,72,99999,0,0,7,0.556,40.032,0.6,0.5,1,1
4,0,8,0,304,0,0,0,28,28,99999,0,0,8,0.567,15.876,0.6,0.5,1,1
4,0,9,0,76,0,0,0,8,8,99999,0,0,9,3.042,24.336,0.6,0.5,1,1
5,0,0,0,371,0,0,0,144,144,99999,0,0,0,0.022,3.168,0.6,0.5,1,1
5,0,1,0,284,0,0,0,160,160,99999,0,0,1,0.18,28.8,0.6,0.5,1,1
5,0,2,0,103,0,0,0,48,48,99999,0,0,2,0.575,27.6,0.6,0.5,1,1
5,0,3,0,45,0,0,0,24,24,99999,0,0,3,1.09,26.16,0.6,0.5,1,1
5,0,4,0,108,0,0,0,180,180,99999,0,0,4,0.26,46.8,0.6,0.5,1,1
5,0,5,0,97,0,0,0,24,24,99999,0,0,5,1.163,27.912,0.6,0.5,1,1
5,0,6,0,334,0,0,0,96,96,99999,0,0,6,0.442,42.432,0.6,0.5,1,1
5,0,7,0,297,0,0,0,24,24,99999,0,0,7,0.585,14.04,0.6,0.5,1,1
5,0,8,0,286,0,0,0,48,48,99999,0,0,8,0.367,17.616,0.6,0.5,1,1
5,0,9,0,285,0,0,0,48,48,99999,0,0,9,0.367,17.616,0.6,0.5,1,1
6,0,0,0,393,0,0,0,80,80,99999,0,0,0,0.172,13.76,0.6,0.5,1,1
6,0,1,0,363,0,0,0,48,48,99999,0,0,1,0.25,12.0,0.6,0.5,1,1
6,0,2,0,80,0,0,0,16,16,99999,0,0,2,0.876,14.016,0.6,0.5,1,1
6,0,3,0,250,0,0,0,36,36,99999,0,0,3,0.325,11.7,0.6,0.5,1,1
6,0,4,0,221,0,0,0,96,96,99999,0,0,4,0.133,12.768,0.6,0.5,1,1
6,0,5,0,152,0,0,0,24,24,99999,0,0,5,0.717,17.208,0.6,0.5,1,1
6,0,6,0,151,0,0,0,48,48,99999,0,0,6,0.638,30.624,0.6,0.5,1,1
6,0,7,0,347,0,0,0,14,14,99999,0,0,7,1.621,22.694,0.6,0.5,2,2
6,0,8,0,339,0,0,0,36,36,99999,0,0,8,0.145,5.22,0.6,0.5,1,1
6,0,9,0,368,0,0,0,48,48,99999,0,0,9,0.088,4.224,0.6,0.5,2,2
7,0,0,0,245,0,0,0,64,64,99999,0,0,0,0.662,42.368,0.6,0.5,2,2
7,0,1,0,372,0,0,0,480,480,99999,0,0,1,0.062,29.76,0.6,0.5,1,1
7,0,2,0,397,0,0,0,144,144,99999,0,0,2,0.083,11.952,0.6,0.5,1,1
7,0,3,0,268,0,0,0,120,120,99999,0,0,3,0.058,6.96,0.6,0.5,1,1
7,0,4,0,140,0,0,0,120,120,99999,0,0,4,0.387,46.44,0.6,0.5,1,1
7,0,5,0,28,0,0,0,6,6,99999,0,0,5,2.017,12.102,0.6,0.5,1,1
7,0,6,0,87,0,0,0,8,8,99999,0,0,6,3.532,28.256,0.6,0.5,1,1
7,0,7,0,36,0,0,0,240,240,99999,0,0,7,0.076,18.24,0.6,0.5,1,1
7,0,8,0,357,0,0,0,120,120,99999,0,0,8,0.114,13.68,0.6,0.5,3,3
7,0,9,0,311,0,0,0,96,96,99999,0,0,9,0.145,13.92,0.6,0.5,1,1
8,0,0,0,119,0,0,0,48,48,99999,0,0,0,0.558,26.784,0.6,0.5,1,1
8,0,1,0,271,0,0,0,120,120,99999,0,0,1,0.083,9.96,0.6,0.5,1,1
8,0,2,0,362,0,0,0,192,192,99999,0,0,2,0.042,8.064,0.6,0.5,1,1
8,0,3,0,329,0,0,0,96,96,99999,0,0,3,0.525,50.4,0.6,0.5,1,1
8,0,4,0,341,0,0,0,24,24,99999,0,0,4,1.052,25.248,0.6,0.5,1,1
8,0,5,0,79,0,0,0,6,6,99999,0,0,5,2.702,16.212,0.6,0.5,2,2
8,0,6,0,209,0,0,0,240,240,99999,0,0,6,0.042,10.08,0.6,0.5,1,1
8,0,7,0,67,0,0,0,120,120,99999,0,0,7,0.063,7.56,0.6,0.5,1,1
8,0,8,0,47,0,0,0,8,8,99999,0,0,8,4.135,33.08,0.6,0.5,1,1
8,0,9,0,33,0,0,0,240,240,99999,0,0,9,0.184,44.16,0.6,0.5,1,1
9,0,0,0,5,0,0,0,40,40,99999,0,0,0,1.131,45.24,0.6,0.5,1,1
9,0,1,0,60,0,0,0,48,48,99999,0,0,1,0.547,26.256,0.6,0.5,1,1
9,0,2,0,153,0,0,0,24,24,99999,0,0,2,0.9,21.6,0.6,0.5,2,2
9,0,3,0,178,0,0,0,48,48,99999,0,0,3,0.267,12.816,0.6,0.5,1,1
9,0,4,0,253,0,0,0,12,12,99999,0,0,4,1.267,15.204,0.6,0.5,1,1
9,0,5,0,26,0,0,0,144,144,99999,0,0,5,0.172,24.768,0.6,0.5,2,2
9,0,6,0,162,0,0,0,360,360,99999,0,0,6,0.086,30.96,0.6,0.5,1,1
9,0,7,0,377,0,0,0,8,8,99999,0,0,7,3.375,27.0,0.6,0.5,1,1
9,0,8,0,120,0,0,0,144,144,99999,0,0,8,0.179,25.776,0.6,0.5,1,1
9,0,9,0,192,0,0,0,2000,2000,99999,0,0,9,0.1,200.0,0.6,0.5,1,1
10,0,0,0,291,0,0,0,48,48,99999,0,0,0,0.27,12.96,0.6,0.5,2,2
10,0,1,0,101,0,0,0,48,48,99999,0,0,1,0.815,39.12,0.6,0.5,1,1
10,0,2,0,44,0,0,0,24,24,99999,0,0,2,0.792,19.008,0.6,0.5,1,1
10,0,3,0,156,0,0,0,48,48,99999,0,0,3,0.89,42.72,0.6,0.5,1,1
10,0,4,0,104,0,0,0,48,48,99999,0,0,4,0.927,44.496,0.6,0.5,1,1
10,0,5,0,203,0,0,0,144,144,99999,0,0,5,0.133,19.152,0.6,0.5,1,1
10,0,6,0,166,0,0,0,64,64,99999,0,0,6,0.2,12.8,0.6,0.5,1,1
10,0,7,0,249,0,0,0,72,72,99999,0,0,7,0.11,7.92,0.6,0.5,1,1
10,0,8,0,75,0,0,0,8,8,99999,0,0,8,3.038,24.304,0.6,0.5,2,2
10,0,9,0,283,0,0,0,90,90,99999,0,0,9,0.183,16.47,0.6,0.5,5,5
11,0,0,0,375,0,0,0,20,20,99999,0,0,0,2.256,45.12,0.6,0.5,1,1
11,0,1,0,154,0,0,0,24,24,99999,0,0,1,1.008,24.192,0.6,0.5,1,1
11,0,2,0,7,0,0,0,96,96,99999,0,0,2,0.658,63.168,0.6,0.5,3,3
11,0,3,0,182,0,0,0,288,288,99999,0,0,3,0.167,48.096,0.6,0.5,1,1
11,0,4,0,99,0,0,0,48,48,99999,0,0,4,0.575,27.6,0.6,0.5,1,1
11,0,5,0,369,0,0,0,16,16,99999,0,0,5,0.219,3.504,0.6,0.5,1,1
11,0,6,0,77,0,0,0,16,16,99999,0,0,6,2.138,34.208,0.6,0.5,1,1
11,0,7,0,370,0,0,0,96,96,99999,0,0,7,0.083,7.968,0.6,0.5,1,1
11,0,8,0,56,0,0,0,30,30,99999,0,0,8,0.13,3.9,0.6,0.5,1,1
11,0,9,0,265,0,0,0,40,40,99999,0,0,9,0.165,6.6,0.6,0.5,1,1
12,0,0,0,138,0,0,0,48,48,99999,0,0,0,0.625,30.0,0.6,0.5,1,1
12,0,1,0,73,0,0,0,12,12,99999,0,0,1,1.733,20.796,0.6,0.5,1,1
12,0,2,0,389,0,0,0,8,8,99999,0,0,2,1.72,13.76,0.6,0.5,1,1
12,0,3,0,378,0,0,0,60,60,99999,0,0,3,1.4,84.0,0.6,0.5,1,1
12,0,4,0,335,0,0,0,10,10,99999,0,0,4,1.79,17.9,0.6,0.5,1,1
12,0,5,0,260,0,0,0,48,48,99999,0,0,5,0.178,8.544,0.6,0.5,4,4
12,0,6,0,280,0,0,0,40,40,99999,0,0,6,0.335,13.4,0.6,0.5,1,1
12,0,7,0,364,0,0,0,48,48,99999,0,0,7,0.252,12.096,0.6,0.5,3,3
12,0,8,0,322,0,0,0,180,180,99999,0,0,8,0.117,21.06,0.6,0.5,1,1
12,0,9,0,43,0,0,0,24,24,99999,0,0,9,1.138,27.312,0.6,0.5,1,1
13,0,0,0,116,0,0,0,48,48,99999,0,0,0,0.6,28.8,0.6,0.5,1,1
13,0,1,0,72,0,0,0,18,18,99999,0,0,1,1.947,35.046,0.6,0.5,1,1
13,0,2,0,293,0,0,0,48,48,99999,0,0,2,0.343,16.464,0.6,0.5,1,1
13,0,3,0,93,0,0,0,48,48,99999,0,0,3,0.627,30.096,0.6,0.5,1,1
13,0,4,0,128,0,0,0,144,144,99999,0,0,4,0.1,14.4,0.6,0.5,1,1
13,0,5,0,52,0,0,0,48,48,99999,0,0,5,0.678,32.544,0.6,0.5,1,1
13,0,6,0,16,0,0,0,48,48,99999,0,0,6,0.596,28.608,0.6,0.5,9,9
13,0,7,0,228,0,0,0,144,144,99999,0,0,7,0.067,9.648,0.6,0.5,2,2
13,0,8,0,177,0,0,0,108,108,99999,0,0,8,0.133,14.364,0.6,0.5,1,1
13,0,9,0,240,0,0,0,72,72,99999,0,0,9,0.1,7.2,0.6,0.5,1,1
14,0,0,0,58,0,0,0,48,48,99999,0,0,0,0.583,27.984,0.6,0.5,2,2
14,0,1,0,200,0,0,0,360,360,99999,0,0,1,0.06,21.6,0.6,0.5,1,1
14,0,2,0,57,0,0,0,72,72,99999,0,0,2,0.056,4.032,0.6,0.5,1,1
14,0,3,0,288,0,0,0,72,72,99999,0,0,3,0.3,21.6,0.6,0.5,1,1
14,0,4,0,124,0,0,0,96,96,99999,0,0,4,0.25,24.0,0.6,0.5,1,1
14,0,5,0,373,0,0,0,280,280,99999,0,0,5,0.171,47.88,0.6,0.5,1,1
14,0,6,0,12,0,0,0,16,16,99999,0,0,6,2.062,32.992,0.6,0.5,1,1
14,0,7,0,42,0,0,0,24,24,99999,0,0,7,1.067,25.608,0.6,0.5,1,1
14,0,8,0,39,0,0,0,96,96,99999,0,0,8,0.167,16.032,0.6,0.5,3,3
14,0,9,0,40,0,0,0,48,48,99999,0,0,9,0.679,32.592,0.6,0.5,5,5
15,0,0,0,239,0,0,0,48,48,99999,0,0,0,0.107,5.136,0.6,0.5,1,1
15,0,1,0,321,0,0,0,450,450,99999,0,0,1,0.162,72.9,0.6,0.5,1,1
15,0,2,0,267,0,0,0,40,40,99999,0,0,2,0.114,4.56,0.6,0.5,3,3
15,0,3,0,70,0,0,0,8,8,99999,0,0,3,4.784,38.272,0.6,0.5,1,1
15,0,4,0,82,0,0,0,8,8,99999,0,0,4,3.548,28.384,0.6,0.5,1,1
15,0,5,0,292,0,0,0,24,24,99999,0,0,5,0.325,7.8,0.6,0.5,2,2
15,0,6,0,358,0,0,0,40,40,99999,0,0,6,0.553,22.12,0.6,0.5,1,1
15,0,7,0,391,0,0,0,240,240,99999,0,0,7,0.1,24.0,0.6,0.5,1,1
15,0,8,0,278,0,0,0,360,360,99999,0,0,8,0.046,16.56,0.6,0.5,4,4
15,0,9,0,29,0,0,0,28,28,99999,0,0,9,0.829,23.212,0.6,0.5,1,1
16,0,0,0,109,0,0,0,48,48,99999,0,0,0,0.863,41.424,0.6,0.5,1,1
16,0,1,0,374,0,0,0,96,96,99999,0,0,1,0.167,16.032,0.6,0.5,1,1
16,0,2,0,74,0,0,0,24,24,99999,0,0,2,1.76,42.24,0.6,0.5,1,1
16,0,3,0,149,0,0,0,24,24,99999,0,0,3,0.767,18.408,0.6,0.5,2,2
16,0,4,0,344,0,0,0,240,240,99999,0,0,4,0.248,59.52,0.6,0.5,1,1
16,0,5,0,129,0,0,0,36,36,99999,0,0,5,0.466,16.776,0.6,0.5,1,1
16,0,6,0,38,0,0,0,48,48,99999,0,0,6,0.851,40.848,0.6,0.5,2,2
16,0,7,0,275,0,0,0,288,288,99999,0,0,7,0.141,40.608,0.6,0.5,1,1
16,0,8,0,165,0,0,0,144,144,99999,0,0,8,0.158,22.752,0.6,0.5,1,1
16,0,9,0,216,0,0,0,720,720,99999,0,0,9,0.018,12.96,0.6,0.5,1,1
17,0,0,0,157,0,0,0,144,144,99999,0,0,0,0.255,36.72,0.6,0.5,1,1
17,0,1,0,270,0,0,0,48,48,99999,0,0,1,0.137,6.576,0.6,0.5,1,1
17,0,2,0,379,0,0,0,50,50,99999,0,0,2,1.291,64.55,0.6,0.5,1,1
17,0,3,0,23,0,0,0,144,144,99999,0,0,3,0.381,54.864,0.6,0.5,1,1
17,0,4,0,117,0,0,0,96,96,99999,0,0,4,0.221,21.216,0.6,0.5,1,1
17,0,5,0,69,0,0,0,72,72,99999,0,0,5,0.35,25.2,0.6,0.5,1,1
17,0,6,0,27,0,0,0,24,24,99999,0,0,6,2.347,56.328,0.6,0.5,2,2
17,0,7,0,326,0,0,0,24,24,99999,0,0,7,1.362,32.688,0.6,0.5,2,2
17,0,8,0,145,0,0,0,48,48,99999,0,0,8,0.764,36.672,0.6,0.5,2,2
17,0,9,0,61,0,0,0,24,24,99999,0,0,9,0.369,8.856,0.6,0.5,1,1
18,0,0,0,195,0,0,0,216,216,99999,0,0,0,0.095,20.52,0.6,0.5,2,2
18,0,1,0,107,0,0,0,36,36,99999,0,0,1,0.897,32.292,0.6,0.5,1,1
18,0,2,0,46,0,0,0,48,48,99999,0,0,2,0.846,40.608,0.6,0.5,1,1
18,0,3,0,305,0,0,0,24,24,99999,0,0,3,0.576,13.824,0.6,0.5,2,2
18,0,4,0,396,0,0,0,70,70,99999,0,0,4,0.4,28.0,0.6,0.5,1,1
18,0,5,0,142,0,0,0,48,48,99999,0,0,5,1.552,74.496,0.6,0.5,1,1
18,0,6,0,94,0,0,0,48,48,99999,0,0,6,0.625,30.0,0.6,0.5,1,1
18,0,7,0,394,0,0,0,120,120,99999,0,0,7,0.2,24.0,0.6,0.5,1,1
18,0,8,0,134,0,0,0,120,120,99999,0,0,8,0.119,14.28,0.6,0.5,1,1
18,0,9,0,130,0,0,0,32,32,99999,0,0,9,0.332,10.624,0.6,0.5,1,1
19,0,0,0,302,0,0,0,20,20,99999,0,0,0,0.272,5.44,0.6,0.5,3,3
19,0,1,0,204,0,0,0,300,300,99999,0,0,1,0.121,36.3,0.6,0.5,1,1
19,0,2,0,333,0,0,0,144,144,99999,0,0,2,0.591,85.104,0.6,0.5,1,1
19,0,3,0,388,0,0,0,96,96,99999,0,0,3,0.125,12.0,0.6,0.5,1,1
19,0,4,0,91,0,0,0,24,24,99999,0,0,4,0.556,13.344,0.6,0.5,1,1
19,0,5,0,167,0,0,0,144,144,99999,0,0,5,0.25,36.0,0.6,0.5,1,1
19,0,6,0,179,0,0,0,240,240,99999,0,0,6,0.183,43.92,0.6,0.5,1,1
19,0,7,0,307,0,0,0,30,30,99999,0,0,7,0.523,15.69,0.6,0.5,4,4
19,0,8,0,102,0,0,0,48,48,99999,0,0,8,0.58,27.84,0.6,0.5,1,1
19,0,9,0,217,0,0,0,40,40,99999,0,0,9,0.35,14.0,0.6,0.5,1,1
20,0,0,0,68,0,0,0,96,96,99999,0,0,0,0.247,23.712,0.6,0.5,1,1
20,0,1,0,390,0,0,0,50,50,99999,0,0,1,0.8,40.0,0.6,0.5,1,1
20,0,2,0,111,0,0,0,36,36,99999,0,0,2,0.916,32.976,0.6,0.5,1,1
20,0,3,0,112,0,0,0,72,72,99999,0,0,3,0.567,40.824,0.6,0.5,1,1
20,0,4,0,325,0,0,0,24,24,99999,0,0,4,1.025,24.6,0.6,0.5,2,2
20,0,5,0,220,0,0,0,144,144,99999,0,0,5,0.175,25.2,0.6,0.5,1,1
20,0,6,0,131,0,0,0,48,48,99999,0,0,6,0.275,13.2,0.6,0.5,1,1
20,0,7,0,113,0,0,0,144,144,99999,0,0,7,0.157,22.608,0.6,0.5,1,1
20,0,8,0,218,0,0,0,48,48,99999,0,0,8,0.531,25.488,0.6,0.5,1,1
20,0,9,0,354,0,0,0,240,240,99999,0,0,9,0.434,104.16,0.6,0.5,1,1
21,0,0,0,123,0,0,0,96,96,99999,0,0,0,0.322,30.912,0.6,0.5,1,1
21,0,1,0,355,0,0,0,120,120,99999,0,0,1,0.095,11.4,0.6,0.5,2,2
21,0,2,0,122,0,0,0,144,144,99999,0,0,2,0.4,57.6,0.6,0.5,1,1
21,0,3,0,164,0,0,0,288,288,99999,0,0,3,0.15,43.2,0.6,0.5,1,1
21,0,4,0,207,0,0,0,144,144,99999,0,0,4,0.068,9.792,0.6,0.5,1,1
21,0,5,0,183,0,0,0,216,216,99999,0,0,5,0.158,34.128,0.6,0.5,1,1
21,0,6,0,279,0,0,0,120,120,99999,0,0,6,0.169,20.28,0.6,0.5,1,1
21,0,7,0,222,0,0,0,480,480,99999,0,0,7,0.08,38.4,0.6,0.5,1,1
21,0,8,0,139,0,0,0,120,120,99999,0,0,8,0.387,46.44,0.6,0.5,1,1
21,0,9,0,78,0,0,0,12,12,99999,0,0,9,1.768,21.216,0.6,0.5,1,1
22,0,0,0,49,0,0,0,32,32,99999,0,0,0,1.114,35.648,0.6,0.5,1,1
22,0,1,0,342,0,0,0,192,192,99999,0,0,1,0.302,57.984,0.6,0.5,1,1
22,0,2,0,193,0,0,0,600,600,99999,0,0,2,0.083,49.8,0.6,0.5,1,1
22,0,3,0,34,0,0,0,48,48,99999,0,0,3,0.443,21.264,0.6,0.5,1,1
22,0,4,0,340,0,0,0,48,48,99999,0,0,4,0.178,8.544,0.6,0.5,1,1
22,0,5,0,171,0,0,0,216,216,99999,0,0,5,0.216,46.656,0.6,0.5,1,1
22,0,6,0,37,0,0,0,48,48,99999,0,0,6,0.473,22.704,0.6,0.5,2,2
22,0,7,0,184,0,0,0,270,270,99999,0,0,7,0.193,52.11,0.6,0.5,1,1
22,0,8,0,281,0,0,0,120,120,99999,0,0,8,0.168,20.16,0.6,0.5,1,1
22,0,9,0,133,0,0,0,960,960,99999,0,0,9,0.032,30.72,0.6,0.5,1,1
23,0,0,0,212,0,0,0,576,576,99999,0,0,0,0.042,24.192,0.6,0.5,1,1
23,0,1,0,92,0,0,0,24,24,99999,0,0,1,1.167,28.008,0.6,0.5,1,1
23,0,2,0,382,0,0,0,48,48,99999,0,0,2,0.9,43.2,0.6,0.5,1,1
23,0,3,0,331,0,0,0,4,4,99999,0,0,3,4.718,18.872,0.6,0.5,1,1
23,0,4,0,19,0,0,0,48,48,99999,0,0,4,0.586,28.128,0.6,0.5,4,4
23,0,5,0,290,0,0,0,96,96,99999,0,0,5,0.187,17.952,0.6,0.5,1,1
23,0,6,0,277,0,0,0,72,72,99999,0,0,6,0.545,39.24,0.6,0.5,4,4
23,0,7,0,172,0,0,0,144,144,99999,0,0,7,0.26,37.44,0.6,0.5,2,2
23,0,8,0,261,0,0,0,60,60,99999,0,0,8,0.103,6.18,0.6,0.5,2,2
23,0,9,0,289,0,0,0,16,16,99999,0,0,9,0.488,7.808,0.6,0.5,1,1
24,0,0,0,376,0,0,0,20,20,99999,0,0,0,2.434,48.68,0.6,0.5,1,1
24,0,1,0,205,0,0,0,192,192,99999,0,0,1,0.052,9.984,0.6,0.5,1,1
24,0,2,0,197,0,0,0,144,144,99999,0,0,2,0.24,34.56,0.6,0.5,1,1
24,0,3,0,282,0,0,0,96,96,99999,0,0,3,0.212,20.352,0.6,0.5,1,1
24,0,4,0,385,0,0,0,48,48,99999,0,0,4,0.902,43.296,0.6,0.5,1,1
24,0,5,0,71,0,0,0,12,12,99999,0,0,5,1.675,20.1,0.6,0.5,1,1
24,0,6,0,236,0,0,0,54,54,99999,0,0,6,0.2,10.8,0.6,0.5,1,1
24,0,7,0,248,0,0,0,384,384,99999,0,0,7,0.091,34.944,0.6,0.5,3,3
24,0,8,0,137,0,0,0,288,288,99999,0,0,8,0.167,48.096,0.6,0.5,1,1
24,0,9,0,255,0,0,0,8,8,99999,0,0,9,2.325,18.6,0.6,0.5,1,1
25,0,0,0,380,0,0,0,20,20,99999,0,0,0,1.63,32.6,0.6,0.5,1,1
25,0,1,0,202,0,0,0,216,216,99999,0,0,1,0.129,27.864,0.6,0.5,1,1
25,0,2,0,323,0,0,0,180,180,99999,0,0,2,0.164,29.52,0.6,0.5,1,1
25,0,3,0,22,0,0,0,48,48,99999,0,0,3,0.554,26.592,0.6,0.5,4,4
25,0,4,0,31,0,0,0,48,48,99999,0,0,4,0.398,19.104,0.6,0.5,1,1
25,0,5,0,215,0,0,0,192,192,99999,0,0,5,0.025,4.8,0.6,0.5,1,1
25,0,6,0,188,0,0,0,72,72,99999,0,0,6,0.339,24.408,0.6,0.5,1,1
25,0,7,0,89,0,0,0,32,32,99999,0,0,7,1.256,40.192,0.6,0.5,1,1
25,0,8,0,10,0,0,0,192,192,99999,0,0,8,0.289,55.488,0.6,0.5,1,1
25,0,9,0,32,0,0,0,24,24,99999,0,0,9,0.745,17.88,0.6,0.5,1,1
26,0,0,0,208,0,0,0,320,320,99999,0,0,0,0.03,9.6,0.6,0.5,1,1
26,0,1,0,308,0,0,0,24,24,99999,0,0,1,0.416,9.984,0.6,0.5,2,2
26,0,2,0,243,0,0,0,60,60,99999,0,0,2,0.177,10.62,0.6,0.5,3,3
26,0,3,0,115,0,0,0,144,144,99999,0,0,3,0.17,24.48,0.6,0.5,1,1
26,0,4,0,83,0,0,0,32,32,99999,0,0,4,0.661,21.152,0.6,0.5,1,1
26,0,5,0,141,0,0,0,96,96,99999,0,0,5,0.321,30.816,0.6,0.5,1,1
26,0,6,0,136,0,0,0,288,288,99999,0,0,6,0.118,33.984,0.6,0.5,2,2
26,0,7,0,81,0,0,0,36,36,99999,0,0,7,0.441,15.876,0.6,0.5,1,1
26,0,8,0,65,0,0,0,96,96,99999,0,0,8,0.25,24.0,0.6,0.5,1,1
26,0,9,0,206,0,0,0,42,42,99999,0,0,9,0.356,14.952,0.6,0.5,1,1
27,0,0,0,53,0,0,0,120,120,99999,0,0,0,0.053,6.36,0.6,0.5,1,1
27,0,1,0,386,0,0,0,72,72,99999,0,0,1,0.693,49.896,0.6,0.5,4,4
27,0,2,0,189,0,0,0,216,216,99999,0,0,2,0.243,52.488,0.6,0.5,1,1
27,0,3,0,173,0,0,0,144,144,99999,0,0,3,0.14,20.16,0.6,0.5,1,1
27,0,4,0,88,0,0,0,32,32,99999,0,0,4,1.256,40.192,0.6,0.5,1,1
27,0,5,0,15,0,0,0,48,48,99999,0,0,5,0.583,27.984,0.6,0.5,4,4
27,0,6,0,180,0,0,0,108,108,99999,0,0,6,0.173,18.684,0.6,0.5,1,1
27,0,7,0,252,0,0,0,24,24,99999,0,0,7,0.21,5.04,0.6,0.5,1,1
27,0,8,0,227,0,0,0,216,216,99999,0,0,8,0.064,13.824,0.6,0.5,1,1
27,0,9,0,201,0,0,0,192,192,99999,0,0,9,0.164,31.488,0.6,0.5,1,1
28,0,0,0,64,0,0,0,24,24,99999,0,0,0,1.208,28.992,0.6,0.5,1,1
28,0,1,0,229,0,0,0,48,48,99999,0,0,1,0.169,8.112,0.6,0.5,1,1
28,0,2,0,233,0,0,0,72,72,99999,0,0,2,0.095,6.84,0.6,0.5,1,1
28,0,3,0,144,0,0,0,48,48,99999,0,0,3,0.727,34.896,0.6,0.5,1,1
28,0,4,0,238,0,0,0,24,24,99999,0,0,4,0.241,5.784,0.6,0.5,2,2
28,0,5,0,98,0,0,0,72,72,99999,0,0,5,0.567,40.824,0.6,0.5,1,1
28,0,6,0,110,0,0,0,48,48,99999,0,0,6,0.568,27.264,0.6,0.5,1,1
28,0,7,0,0,0,0,0,24,24,99999,0,0,7,1.428,34.272,0.6,0.5,4,4
28,0,8,0,6,0,0,0,96,96,99999,0,0,8,0.539,51.744,0.6,0.5,1,1
28,0,9,0,8,0,0,0,48,48,99999,0,0,9,0.604,28.992,0.6,0.5,4,4
29,0,0,0,223,0,0,0,48,48,99999,0,0,0,0.146,7.008,0.6,0.5,1,1
29,0,1,0,168,0,0,0,144,144,99999,0,0,1,0.139,20.016,0.6,0.5,2,2
29,0,2,0,225,0,0,0,18,18,99999,0,0,2,0.243,4.374,0.6,0.5,1,1
29,0,3,0,359,0,0,0,144,144,99999,0,0,3,0.13,18.72,0.6,0.5,1,1
29,0,4,0,150,0,0,0,24,24,99999,0,0,4,1.184,28.416,0.6,0.5,1,1
29,0,5,0,160,0,0,0,96,96,99999,0,0,5,0.569,54.624,0.6,0.5,1,1
29,0,6,0,258,0,0,0,400,400,99999,0,0,6,0.063,25.2,0.6,0.5,1,1
29,0,7,0,196,0,0,0,96,96,99999,0,0,7,0.223,21.408,0.6,0.5,1,1
29,0,8,0,54,0,0,0,304,304,99999,0,0,8,0.068,20.672,0.6,0.5,1,1
29,0,9,0,319,0,0,0,324,324,99999,0,0,9,0.167,54.108,0.6,0.5,3,3
30,0,0,0,135,0,0,0,144,144,99999,0,0,0,0.1,14.4,0.6,0.5,1,1
30,0,1,0,185,0,0,0,64,64,99999,0,0,1,0.204,13.056,0.6,0.5,1,1
30,0,2,0,14,0,0,0,24,24,99999,0,0,2,0.668,16.032,0.6,0.5,1,1
30,0,3,0,191,0,0,0,144,144,99999,0,0,3,0.182,26.208,0.6,0.5,1,1
30,0,4,0,20,0,0,0,80,80,99999,0,0,4,0.56,44.8,0.6,0.5,3,3
30,0,5,0,2,0,0,0,432,432,99999,0,0,5,0.18,77.76,0.6,0.5,1,1
30,0,6,0,310,0,0,0,80,80,99999,0,0,6,0.149,11.92,0.6,0.5,2,2
30,0,7,0,313,0,0,0,200,200,99999,0,0,7,0.392,78.4,0.6,0.5,1,1
30,0,8,0,316,0,0,0,72,72,99999,0,0,8,0.082,5.904,0.6,0.5,3,3
30,0,9,0,294,0,0,0,24,24,99999,0,0,9,1.0,24.0,0.6,0.5,1,1
31,0,0,0,175,0,0,0,72,72,99999,0,0,0,0.233,16.776,0.6,0.5,1,1
31,0,1,0,273,0,0,0,160,160,99999,0,0,1,0.256,40.96,0.6,0.5,2,2
31,0,2,0,63,0,0,0,24,24,99999,0,0,2,0.621,14.904,0.6,0.5,3,3
31,0,3,0,262,0,0,0,48,48,99999,0,0,3,0.243,11.664,0.6,0.5,4,4
31,0,4,0,186,0,0,0,288,288,99999,0,0,4,0.083,23.904,0.6,0.5,1,1
31,0,5,0,246,0,0,0,5,5,99999,0,0,5,1.668,8.34,0.6,0.5,1,1
31,0,6,0,360,0,0,0,192,192,99999,0,0,6,0.122,23.424,0.6,0.5,1,1
31,0,7,0,163,0,0,0,192,192,99999,0,0,7,0.14,26.88,0.6,0.5,1,1
31,0,8,0,399,0,0,0,144,144,99999,0,0,8,0.067,9.648,0.6,0.5,1,1
31,0,9,0,395,0,0,0,24,24,99999,0,0,9,0.676,16.224,0.6,0.5,1,1
32,0,0,0,148,0,0,0,24,24,99999,0,0,0,1.175,28.2,0.6,0.5,1,1
32,0,1,0,348,0,0,0,6,6,99999,0,0,1,7.0,42.0,0.6,0.5,1,1
32,0,2,0,50,0,0,0,36,36,99999,0,0,2,0.908,32.688,0.6,0.5,1,1
32,0,3,0,159,0,0,0,96,96,99999,0,0,3,0.569,54.624,0.6,0.5,1,1
32,0,4,0,312,0,0,0,24,24,99999,0,0,4,0.393,9.432,0.6,0.5,1,1
32,0,5,0,190,0,0,0,480,480,99999,0,0,5,0.039,18.72,0.6,0.5,1,1
32,0,6,0,174,0,0,0,96,96,99999,0,0,6,0.199,19.104,0.6,0.5,1,1
32,0,7,0,230,0,0,0,144,144,99999,0,0,7,0.071,10.224,0.6,0.5,1,1
32,0,8,0,336,0,0,0,192,192,99999,0,0,8,0.465,89.28,0.6,0.5,1,1
32,0,9,0,147,0,0,0,12,12,99999,0,0,9,2.267,27.204,0.6,0.5,1,1
33,0,0,0,337,0,0,0,36,36,99999,0,0,0,0.133,4.788,0.6,0.5,1,1
33,0,1,0,62,0,0,0,72,72,99999,0,0,1,0.249,17.928,0.6,0.5,1,1
33,0,2,0,9,0,0,0,240,240,99999,0,0,2,0.294,70.56,0.6,0.5,1,1
33,0,3,0,251,0,0,0,24,24,99999,0,0,3,0.123,2.952,0.6,0.5,1,1
33,0,4,0,365,0,0,0,10,10,99999,0,0,4,2.5,25.0,0.6,0.5,2,2
33,0,5,0,169,0,0,0,216,216,99999,0,0,5,0.204,44.064,0.6,0.5,1,1
33,0,6,0,309,0,0,0,10,10,99999,0,0,6,0.8,8.0,0.6,0.5,1,1
33,0,7,0,383,0,0,0,48,48,99999,0,0,7,0.967,46.416,0.6,0.5,1,1
33,0,8,0,127,0,0,0,144,144,99999,0,0,8,0.1,14.4,0.6,0.5,1,1
33,0,9,0,352,0,0,0,192,192,99999,0,0,9,0.347,66.624,0.6,0.5,4,4
34,0,0,0,211,0,0,0,96,96,99999,0,0,0,0.038,3.648,0.6,0.5,1,1
34,0,1,0,187,0,0,0,240,240,99999,0,0,1,0.108,25.92,0.6,0.5,1,1
34,0,2,0,367,0,0,0,72,72,99999,0,0,2,0.038,2.736,0.6,0.5,1,1
34,0,3,0,274,0,0,0,120,120,99999,0,0,3,0.189,22.68,0.6,0.5,1,1
34,0,4,0,176,0,0,0,96,96,99999,0,0,4,0.192,18.432,0.6,0.5,1,1
34,0,5,0,219,0,0,0,72,72,99999,0,0,5,0.559,40.248,0.6,0.5,1,1
34,0,6,0,298,0,0,0,48,48,99999,0,0,6,0.371,17.808,0.6,0.5,1,1
34,0,7,0,387,0,0,0,24,24,99999,0,0,7,0.955,22.92,0.6,0.5,2,2
34,0,8,0,287,0,0,0,40,40,99999,0,0,8,0.769,30.76,0.6,0.5,1,1
34,0,9,0,350,0,0,0,60,60,99999,0,0,9,0.425,25.5,0.6,0.5,1,1
35,0,0,0,51,0,0,0,96,96,99999,0,0,0,0.553,53.088,0.6,0.5,1,1
35,0,1,0,381,0,0,0,8,8,99999,0,0,1,3.44,27.52,0.6,0.5,1,1
35,0,2,0,41,0,0,0,96,96,99999,0,0,2,0.562,53.952,0.6,0.5,1,1
35,0,3,0,1,0,0,0,192,192,99999,0,0,3,0.362,69.504,0.6,0.5,1,1
35,0,4,0,328,0,0,0,48,48,99999,0,0,4,1.098,52.704,0.6,0.5,1,1
35,0,5,0,234,0,0,0,48,48,99999,0,0,5,0.125,6.0,0.6,0.5,1,1
35,0,6,0,181,0,0,0,192,192,99999,0,0,6,0.194,37.248,0.6,0.5,1,1
35,0,7,0,158,0,0,0,48,48,99999,0,0,7,0.392,18.816,0.6,0.5,1,1
35,0,8,0,84,0,0,0,6,6,99999,0,0,8,2.067,12.402,0.6,0.5,1,1
35,0,9,0,320,0,0,0,96,96,99999,0,0,9,0.283,27.168,0.6,0.5,1,1
36,0,0,0,25,0,0,0,48,48,99999,0,0,0,0.792,38.016,0.6,0.5,1,1
36,0,1,0,17,0,0,0,96,96,99999,0,0,1,0.534,51.264,0.6,0.5,4,4
36,0,2,0,266,0,0,0,20,20,99999,0,0,2,0.275,5.5,0.6,0.5,1,1
36,0,3,0,35,0,0,0,240,240,99999,0,0,3,0.072,17.28,0.6,0.5,1,1
36,0,4,0,13,0,0,0,48,48,99999,0,0,4,1.148,55.104,0.6,0.5,1,1
36,0,5,0,48,0,0,0,24,24,99999,0,0,5,1.112,26.688,0.6,0.5,1,1
36,0,6,0,125,0,0,0,72,72,99999,0,0,6,0.233,16.776,0.6,0.5,1,1
36,0,7,0,155,0,0,0,24,24,99999,0,0,7,0.87,20.88,0.6,0.5,1,1
36,0,8,0,356,0,0,0,120,120,99999,0,0,8,0.067,8.04,0.6,0.5,1,1
36,0,9,0,170,0,0,0,192,192,99999,0,0,9,0.228,43.776,0.6,0.5,1,1
37,0,0,0,366,0,0,0,72,72,99999,0,0,0,0.095,6.84,0.6,0.5,2,2
37,0,1,0,247,0,0,0,12,12,99999,0,0,1,0.875,10.5,0.6,0.5,1,1
37,0,2,0,95,0,0,0,96,96,99999,0,0,2,0.55,52.8,0.6,0.5,1,1
37,0,3,0,349,0,0,0,96,96,99999,0,0,3,0.529,50.784,0.6,0.5,4,4
37,0,4,0,21,0,0,0,80,80,99999,0,0,4,0.66,52.8,0.6,0.5,3,3
37,0,5,0,90,0,0,0,24,24,99999,0,0,5,1.117,26.808,0.6,0.5,1,1
37,0,6,0,214,0,0,0,192,192,99999,0,0,6,0.023,4.416,0.6,0.5,2,2
37,0,7,0,121,0,0,0,216,216,99999,0,0,7,0.207,44.712,0.6,0.5,1,1
37,0,8,0,59,0,0,0,48,48,99999,0,0,8,0.51,24.48,0.6,0.5,1,1
37,0,9,0,295,0,0,0,40,40,99999,0,0,9,0.448,17.92,0.6,0.5,1,1
38,0,0,0,259,0,0,0,24,24,99999,0,0,0,0.524,12.576,0.6,0.5,2,2
38,0,1,0,231,0,0,0,72,72,99999,0,0,1,0.067,4.824,0.6,0.5,1,1
38,0,2,0,213,0,0,0,96,96,99999,0,0,2,0.038,3.648,0.6,0.5,1,1
38,0,3,0,210,0,0,0,192,192,99999,0,0,3,0.032,6.144,0.6,0.5,1,1
38,0,4,0,24,0,0,0,48,48,99999,0,0,4,0.583,27.984,0.6,0.5,4,4
38,0,5,0,384,0,0,0,40,40,99999,0,0,5,1.0,40.0,0.6,0.5,1,1
38,0,6,0,161,0,0,0,160,160,99999,0,0,6,0.073,11.68,0.6,0.5,1,1
38,0,7,0,317,0,0,0,24,24,99999,0,0,7,2.4,57.6,0.6,0.5,1,1
38,0,8,0,132,0,0,0,48,48,99999,0,0,8,0.275,13.2,0.6,0.5,1,1
38,0,9,0,106,0,0,0,96,96,99999,0,0,9,0.457,43.872,0.6,0.5,1,1
39,0,0,0,66,0,0,0,120,120,99999,0,0,0,0.07,8.4,0.6,0.5,1,1
39,0,1,0,199,0,0,0,216,216,99999,0,0,1,0.059,12.744,0.6,0.5,1,1
39,0,2,0,338,0,0,0,80,80,99999,0,0,2,0.623,49.84,0.6,0.5,1,1
39,0,3,0,11,0,0,0,144,144,99999,0,0,3,0.329,47.376,0.6,0.5,1,1
39,0,4,0,226,0,0,0,60,60,99999,0,0,4,0.11,6.6,0.6,0.5,1,1
39,0,5,0,4,0,0,0,72,72,99999,0,0,5,1.108,79.776,0.6,0.5,2,2
39,0,6,0,353,0,0,0,144,144,99999,0,0,6,0.4,57.6,0.6,0.5,4,4
39,0,7,0,254,0,0,0,144,144,99999,0,0,7,0.303,43.632,0.6,0.5,4,4
39,0,8,0,194,0,0,0,108,108,99999,0,0,8,0.204,22.032,0.6,0.5,1,1
39,0,9,0,257,0,0,0,8,8,99999,0,0,9,7.7,61.6,0.6,0.5,1,1
40,0,0,0,118,0,0,0,192,192,99999,0,0,0,0.18,34.56,0.6,0.5,2,2
40,0,1,0,421,0,0,0,75,75,99999,0,0,1,1.0,75.0,0.4,0.3,300,11
40,0,2,0,420,0,0,0,12,12,99999,0,0,2,1.0,12.0,0.4,0.3,432,3
40,0,3,0,406,0,0,0,288,288,99999,0,0,3,0.274,78.912,0.4,0.3,741,39
40,0,4,0,418,0,0,0,288,288,99999,0,0,4,0.274,78.912,0.4,0.3,447,28
40,0,5,0,400,0,0,0,240,240,99999,0,0,5,0.282,67.68,0.4,0.3,567,36
40,0,6,0,409,0,0,0,288,288,99999,0,0,6,0.275,79.2,0.4,0.3,537,39
40,0,7,0,407,0,0,0,288,288,99999,0,0,7,0.274,78.912,0.4,0.3,349,27
40,0,8,0,405,0,0,0,48,48,99999,0,0,8,0.668,32.064,0.4,0.3,278,5
40,0,9,0,419,0,0,0,96,96,99999,0,0,9,0.633,60.768,0.4,0.3,509,17
41,0,0,0,421,0,0,0,75,75,99999,0,0,0,1.0,75.0,0.4,0.3,300,11
41,0,1,0,420,0,0,0,12,12,99999,0,0,1,1.0,12.0,0.4,0.3,432,3
41,0,2,0,406,0,0,0,288,288,99999,0,0,2,0.274,78.912,0.4,0.3,741,39
41,0,3,0,418,0,0,0,288,288,99999,0,0,3,0.274,78.912,0.4,0.3,447,28
41,0,4,0,400,0,0,0,240,240,99999,0,0,4,0.282,67.68,0.4,0.3,567,36
41,0,5,0,409,0,0,0,288,288,99999,0,0,5,0.275,79.2,0.4,0.3,537,39
41,0,6,0,407,0,0,0,288,288,99999,0,0,6,0.274,78.912,0.4,0.3,349,27
41,0,7,0,405,0,0,0,48,48,99999,0,0,7,0.668,32.064,0.4,0.3,278,5
41,0,8,0,419,0,0,0,96,96,99999,0,0,8,0.633,60.768,0.4,0.3,509,17
41,0,9,0,401,0,0,0,240,240,99999,0,0,9,0.283,67.92,0.4,0.3,539,42
42,0,0,0,421,0,0,0,75,75,99999,0,0,0,1.0,75.0,0.4,0.3,300,11
42,0,1,0,420,0,0,0,12,12,99999,0,0,1,1.0,12.0,0.4,0.3,432,3
42,0,2,0,406,0,0,0,288,288,99999,0,0,2,0.274,78.912,0.4,0.3,741,39
42,0,3,0,418,0,0,0,288,288,99999,0,0,3,0.274,78.912,0.4,0.3,447,28
42,0,4,0,400,0,0,0,240,240,99999,0,0,4,0.282,67.68,0.4,0.3,567,36
42,0,5,0,409,0,0,0,288,288,99999,0,0,5,0.275,79.2,0.4,0.3,537,39
42,0,6,0,407,0,0,0,288,288,99999,0,0,6,0.274,78.912,0.4,0.3,349,27
42,0,7,0,405,0,0,0,48,48,99999,0,0,7,0.668,32.064,0.4,0.3,278,5
42,0,8,0,419,0,0,0,96,96,99999,0,0,8,0.633,60.768,0.4,0.3,509,17
42,0,9,0,401,0,0,0,240,240,99999,0,0,9,0.283,67.92,0.4,0.3,539,42
43,0,0,0,421,0,0,0,75,75,99999,0,0,0,1.0,75.0,0.4,0.3,300,11
43,0,1,0,420,0,0,0,12,12,99999,0,0,1,1.0,12.0,0.4,0.3,432,3
43,0,2,0,406,0,0,0,288,288,99999,0,0,2,0.274,78.912,0.4,0.3,741,39
43,0,3,0,418,0,0,0,288,288,99999,0,0,3,0.274,78.912,0.4,0.3,447,28
43,0,4,0,400,0,0,0,240,240,99999,0,0,4,0.282,67.68,0.4,0.3,567,36
43,0,5,0,409,0,0,0,288,288,99999,0,0,5,0.275,79.2,0.4,0.3,537,39
43,0,6,0,407,0,0,0,288,288,99999,0,0,6,0.274,78.912,0.4,0.3,349,27
43,0,7,0,405,0,0,0,48,48,99999,0,0,7,0.668,32.064,0.4,0.3,278,5
43,0,8,0,419,0,0,0,96,96,99999,0,0,8,0.633,60.768,0.4,0.3,509,17
43,0,9,0,401,0,0,0,240,240,99999,0,0,9,0.283,67.92,0.4,0.3,539,42
44,0,0,0,421,0,0,0,75,75,99999,0,0,0,1.0,75.0,0.4,0.3,300,11
44,0,1,0,420,0,0,0,12,12,99999,0,0,1,1.0,12.0,0.4,0.3,432,3
44,0,2,0,406,0,0,0,288,288,99999,0,0,2,0.274,78.912,0.4,0.3,741,39
44,0,3,0,418,0,0,0,288,288,99999,0,0,3,0.274,78.912,0.4,0.3,447,28
44,0,4,0,400,0,0,0,240,240,99999,0,0,4,0.282,67.68,0.4,0.3,567,36
44,0,5,0,409,0,0,0,288,288,99999,0,0,5,0.275,79.2,0.4,0.3,537,39
44,0,6,0,407,0,0,0,288,288,99999,0,0,6,0.274,78.912,0.4,0.3,349,27
44,0,7,0,405,0,0,0,48,48,99999,0,0,7,0.668,32.064,0.4,0.3,278,5
44,0,8,0,419,0,0,0,96,96,99999,0,0,8,0.633,60.768,0.4,0.3,509,17
44,0,9,0,401,0,0,0,240,240,99999,0,0,9,0.283,67.92,0.4,0.3,539,42
45,0,0,0,421,0,0,0,75,75,99999,0,0,0,1.0,75.0,0.4,0.3,300,11
45,0,1,0,420,0,0,0,12,12,99999,0,0,1,1.0,12.0,0.4,0.3,432,3
45,0,2,0,406,0,0,0,288,288,99999,0,0,2,0.274,78.912,0.4,0.3,741,39
45,0,3,0,418,0,0,0,288,288,99999,0,0,3,0.274,78.912,0.4,0.3,447,28
45,0,4,0,400,0,0,0,240,240,99999,0,0,4,0.282,67.68,0.4,0.3,567,36
45,0,5,0,409,0,0,0,288,288,99999,0,0,5,0.275,79.2,0.4,0.3,537,39
45,0,6,0,407,0,0,0,288,288,99999,0,0,6,0.274,78.912,0.4,0.3,349,27
45,0,7,0,405,0,0,0,48,48,99999,0,0,7,0.668,32.064,0.4,0.3,278,5
45,0,8,0,419,0,0,0,96,96,99999,0,0,8,0.633,60.768,0.4,0.3,509,17
45,0,9,0,401,0,0,0,240,240,99999,0,0,9,0.283,67.92,0.4,0.3,539,42
46,0,0,0,421,0,0,0,75,75,99999,0,0,0,1.0,75.0,0.4,0.3,300,11
46,0,1,0,420,0,0,0,12,12,99999,0,0,1,1.0,12.0,0.4,0.3,432,3
46,0,2,0,406,0,0,0,288,288,99999,0,0,2,0.274,78.912,0.4,0.3,741,39
46,0,3,0,418,0,0,0,288,288,99999,0,0,3,0.274,78.912,0.4,0.3,447,28
46,0,4,0,400,0,0,0,240,240,99999,0,0,4,0.282,67.68,0.4,0.3,567,36
46,0,5,0,409,0,0,0,288,288,99999,0,0,5,0.275,79.2,0.4,0.3,537,39
46,0,6,0,407,0,0,0,288,288,99999,0,0,6,0.274,78.912,0.4,0.3,349,27
46,0,7,0,405,0,0,0,48,48,99999,0,0,7,0.668,32.064,0.4,0.3,278,5
46,0,8,0,419,0,0,0,96,96,99999,0,0,8,0.633,60.768,0.4,0.3,509,17
46,0,9,0,401,0,0,0,240,240,99999,0,0,9,0.283,67.92,0.4,0.3,539,42
47,0,0,0,421,0,0,0,75,75,99999,0,0,0,1.0,75.0,0.4,0.3,300,11
47,0,1,0,420,0,0,0,12,12,99999,0,0,1,1.0,12.0,0.4,0.3,432,3
47,0,2,0,406,0,0,0,288,288,99999,0,0,2,0.274,78.912,0.4,0.3,741,39
47,0,3,0,418,0,0,0,288,288,99999,0,0,3,0.274,78.912,0.4,0.3,447,28
47,0,4,0,400,0,0,0,240,240,99999,0,0,4,0.282,67.68,0.4,0.3,567,36
47,0,5,0,409,0,0,0,288,288,99999,0,0,5,0.275,79.2,0.4,0.3,537,39
47,0,6,0,407,0,0,0,288,288,99999,0,0,6,0.274,78.912,0.4,0.3,349,27
47,0,7,0,405,0,0,0,48,48,99999,0,0,7,0.668,32.064,0.4,0.3,278,5
47,0,8,0,419,0,0,0,96,96,99999,0,0,8,0.633,60.768,0.4,0.3,509,17
47,0,9,0,401,0,0,0,240,240,99999,0,0,9,0.283,67.92,0.4,0.3,539,42
48,0,0,0,421,0,0,0,75,75,99999,0,0,0,1.0,75.0,0.4,0.3,300,11
48,0,1,0,420,0,0,0,12,12,99999,0,0,1,1.0,12.0,0.4,0.3,432,3
48,0,2,0,406,0,0,0,288,288,99999,0,0,2,0.274,78.912,0.4,0.3,741,39
48,0,3,0,418,0,0,0,288,288,99999,0,0,3,0.274,78.912,0.4,0.3,447,28
48,0,4,0,400,0,0,0,240,240,99999,0,0,4,0.282,67.68,0.4,0.3,567,36
48,0,5,0,409,0,0,0,288,288,99999,0,0,5,0.275,79.2,0.4,0.3,537,39
48,0,6,0,407,0,0,0,288,288,99999,0,0,6,0.274,78.912,0.4,0.3,349,27
48,0,7,0,405,0,0,0,48,48,99999,0,0,7,0.668,32.064,0.4,0.3,278,5
48,0,8,0,419,0,0,0,96,96,99999,0,0,8,0.633,60.768,0.4,0.3,509,17
48,0,9,0,401,0,0,0,240,240,99999,0,0,9,0.283,67.92,0.4,0.3,539,42
49,0,0,0,421,0,0,0,75,75,99999,0,0,0,1.0,75.0,0.4,0.3,300,11
49,0,1,0,420,0,0,0,12,12,99999,0,0,1,1.0,12.0,0.4,0.3,432,3
49,0,2,0,406,0,0,0,288,288,99999,0,0,2,0.274,78.912,0.4,0.3,741,39
49,0,3,0,418,0,0,0,288,288,99999,0,0,3,0.274,78.912,0.4,0.3,447,28
49,0,4,0,400,0,0,0,240,240,99999,0,0,4,0.282,67.68,0.4,0.3,567,36
49,0,5,0,409,0,0,0,288,288,99999,0,0,5,0.275,79.2,0.4,0.3,537,39
49,0,6,0,407,0,0,0,288,288,99999,0,0,6,0.274,78.912,0.4,0.3,349,27
49,0,7,0,405,0,0,0,48,48,99999,0,0,7,0.668,32.064,0.4,0.3,278,5
49,0,8,0,419,0,0,0,96,96,99999,0,0,8,0.633,60.768,0.4,0.3,509,17
49,0,9,0,401,0,0,0,240,240,99999,0,0,9,0.283,67.92,0.4,0.3,539,42
50,0,0,0,421,0,0,0,75,75,99999,0,0,0,1.0,75.0,0.4,0.3,300,11
50,0,1,0,420,0,0,0,12,12,99999,0,0,1,1.0,12.0,0.4,0.3,432,3
50,0,2,0,406,0,0,0,288,288,99999,0,0,2,0.274,78.912,0.4,0.3,741,39
50,0,3,0,418,0,0,0,288,288,99999,0,0,3,0.274,78.912,0.4,0.3,447,28
50,0,4,0,400,0,0,0,240,240,99999,0,0,4,0.282,67.68,0.4,0.3,567,36
50,0,5,0,409,0,0,0,288,288,99999,0,0,5,0.275,79.2,0.4,0.3,537,39
50,0,6,0,407,0,0,0,288,288,99999,0,0,6,0.274,78.912,0.4,0.3,349,27
50,0,7,0,405,0,0,0,48,48,99999,0,0,7,0.668,32.064,0.4,0.3,278,5
50,0,8,0,419,0,0,0,96,96,99999,0,0,8,0.633,60.768,0.4,0.3,509,17
50,0,9,0,401,0,0,0,240,240,99999,0,0,9,0.283,67.92,0.4,0.3,539,42
51,0,0,0,421,0,0,0,75,75,99999,0,0,0,1.0,75.0,0.4,0.3,300,11
51,0,1,0,420,0,0,0,12,12,99999,0,0,1,1.0,12.0,0.4,0.3,432,3
51,0,2,0,406,0,0,0,288,288,99999,0,0,2,0.274,78.912,0.4,0.3,741,39
51,0,3,0,418,0,0,0,288,288,99999,0,0,3,0.274,78.912,0.4,0.3,447,28
51,0,4,0,400,0,0,0,240,240,99999,0,0,4,0.282,67.68,0.4,0.3,567,36
51,0,5,0,409,0,0,0,288,288,99999,0,0,5,0.275,79.2,0.4,0.3,537,39
51,0,6,0,407,0,0,0,288,288,99999,0,0,6,0.274,78.912,0.4,0.3,349,27
51,0,7,0,405,0,0,0,48,48,99999,0,0,7,0.668,32.064,0.4,0.3,278,5
51,0,8,0,419,0,0,0,96,96,99999,0,0,8,0.633,60.768,0.4,0.3,509,17
51,0,9,0,401,0,0,0,240,240,99999,0,0,9,0.283,67.92,0.4,0.3,539,42
52,0,0,0,421,0,0,0,75,75,99999,0,0,0,1.0,75.0,0.4,0.3,300,11
52,0,1,0,420,0,0,0,12,12,99999,0,0,1,1.0,12.0,0.4,0.3,432,3
52,0,2,0,406,0,0,0,288,288,99999,0,0,2,0.274,78.912,0.4,0.3,741,39
52,0,3,0,418,0,0,0,288,288,99999,0,0,3,0.274,78.912,0.4,0.3,447,28
52,0,4,0,400,0,0,0,240,240,99999,0,0,4,0.282,67.68,0.4,0.3,567,36
52,0,5,0,409,0,0,0,288,288,99999,0,0,5,0.275,79.2,0.4,0.3,537,39
52,0,6,0,407,0,0,0,288,288,99999,0,0,6,0.274,78.912,0.4,0.3,349,27
52,0,7,0,405,0,0,0,48,48,99999,0,0,7,0.668,32.064,0.4,0.3,278,5
52,0,8,0,419,0,0,0,96,96,99999,0,0,8,0.633,60.768,0.4,0.3,509,17
52,0,9,0,401,0,0,0,240,240,99999,0,0,9,0.283,67.92,0.4,0.3,539,42
53,0,0,0,421,0,0,0,75,75,99999,0,0,0,1.0,75.0,0.4,0.3,300,11
53,0,1,0,420,0,0,0,12,12,99999,0,0,1,1.0,12.0,0.4,0.3,432,3
53,0,2,0,406,0,0,0,288,288,99999,0,0,2,0.274,78.912,0.4,0.3,741,39
53,0,3,0,418,0,0,0,288,288,99999,0,0,3,0.274,78.912,0.4,0.3,447,28
53,0,4,0,400,0,0,0,240,240,99999,0,0,4,0.282,67.68,0.4,0.3,567,36
53,0,5,0,409,0,0,0,288,288,99999,0,0,5,0.275,79.2,0.4,0.3,537,39
53,0,6,0,405,0,0,0,48,48,99999,0,0,6,0.668,32.064,0.4,0.3,278,5
53,0,7,0,419,0,0,0,96,96,99999,0,0,7,0.633,60.768,0.4,0.3,509,17
53,0,8,0,401,0,0,0,240,240,99999,0,0,8,0.283,67.92,0.4,0.3,539,42
53,0,9,0,416,0,0,0,288,288,99999,0,0,9,0.278,80.064,0.4,0.3,262,27
54,0,0,0,421,0,0,0,75,75,99999,0,0,0,1.0,75.0,0.4,0.3,300,11
54,0,1,0,420,0,0,0,12,12,99999,0,0,1,1.0,12.0,0.4,0.3,432,3
54,0,2,0,406,0,0,0,288,288,99999,0,0,2,0.274,78.912,0.4,0.3,741,39
54,0,3,0,418,0,0,0,288,288,99999,0,0,3,0.274,78.912,0.4,0.3,447,28
54,0,4,0,400,0,0,0,240,240,99999,0,0,4,0.282,67.68,0.4,0.3,567,36
54,0,5,0,405,0,0,0,48,48,99999,0,0,5,0.668,32.064,0.4,0.3,278,5
54,0,6,0,419,0,0,0,96,96,99999,0,0,6,0.633,60.768,0.4,0.3,509,17
54,0,7,0,416,0,0,0,288,288,99999,0,0,7,0.278,80.064,0.4,0.3,262,27
54,0,8,0,404,0,0,0,192,192,99999,0,0,8,0.27,51.84,0.4,0.3,328,24
54,0,9,0,408,0,0,0,216,216,99999,0,0,9,0.409,88.344,0.4,0.3,298,25
55,0,0,0,421,0,0,0,75,75,99999,0,0,0,1.0,75.0,0.4,0.3,300,11
55,0,1,0,420,0,0,0,12,12,99999,0,0,1,1.0,12.0,0.4,0.3,432,3
55,0,2,0,406,0,0,0,288,288,99999,0,0,2,0.274,78.912,0.4,0.3,741,39
55,0,3,0,418,0,0,0,288,288,99999,0,0,3,0.274,78.912,0.4,0.3,447,28
55,0,4,0,400,0,0,0,240,240,99999,0,0,4,0.282,67.68,0.4,0.3,567,36
55,0,5,0,405,0,0,0,48,48,99999,0,0,5,0.668,32.064,0.4,0.3,278,5
55,0,6,0,419,0,0,0,96,96,99999,0,0,6,0.633,60.768,0.4,0.3,509,17
55,0,7,0,416,0,0,0,288,288,99999,0,0,7,0.278,80.064,0.4,0.3,262,27
55,0,8,0,404,0,0,0,192,192,99999,0,0,8,0.27,51.84,0.4,0.3,328,24
55,0,9,0,408,0,0,0,216,216,99999,0,0,9,0.409,88.344,0.4,0.3,298,25
56,0,0,0,421,0,0,0,75,75,99999,0,0,0,1.0,75.0,0.4,0.3,300,11
56,0,1,0,420,0,0,0,12,12,99999,0,0,1,1.0,12.0,0.4,0.3,432,3
56,0,2,0,406,0,0,0,288,288,99999,0,0,2,0.274,78.912,0.4,0.3,741,39
56,0,3,0,405,0,0,0,48,48,99999,0,0,3,0.668,32.064,0.4,0.3,278,5
56,0,4,0,419,0,0,0,96,96,99999,0,0,4,0.633,60.768,0.4,0.3,509,17
56,0,5,0,416,0,0,0,288,288,99999,0,0,5,0.278,80.064,0.4,0.3,262,27
56,0,6,0,404,0,0,0,192,192,99999,0,0,6,0.27,51.84,0.4,0.3,328,24
56,0,7,0,408,0,0,0,216,216,99999,0,0,7,0.409,88.344,0.4,0.3,298,25
56,0,8,0,423,0,0,0,72,72,99999,0,0,8,0.125,9.0,0.4,0.3,219,7
56,0,9,0,412,0,0,0,96,96,99999,0,0,9,0.62,59.52,0.4,0.3,380,15
57,0,0,0,421,0,0,0,75,75,99999,0,0,0,1.0,75.0,0.4,0.3,300,11
57,0,1,0,420,0,0,0,12,12,99999,0,0,1,1.0,12.0,0.4,0.3,432,3
57,0,2,0,406,0,0,0,288,288,99999,0,0,2,0.274,78.912,0.4,0.3,741,39
57,0,3,0,405,0,0,0,48,48,99999,0,0,3,0.668,32.064,0.4,0.3,278,5
57,0,4,0,419,0,0,0,96,96,99999,0,0,4,0.633,60.768,0.4,0.3,509,17
57,0,5,0,416,0,0,0,288,288,99999,0,0,5,0.278,80.064,0.4,0.3,262,27
57,0,6,0,404,0,0,0,192,192,99999,0,0,6,0.27,51.84,0.4,0.3,328,24
57,0,7,0,408,0,0,0,216,216,99999,0,0,7,0.409,88.344,0.4,0.3,298,25
57,0,8,0,423,0,0,0,72,72,99999,0,0,8,0.125,9.0,0.4,0.3,219,7
57,0,9,0,412,0,0,0,96,96,99999,0,0,9,0.62,59.52,0.4,0.3,380,15
58,0,0,0,421,0,0,0,75,75,99999,0,0,0,1.0,75.0,0.4,0.3,300,11
58,0,1,0,420,0,0,0,12,12,99999,0,0,1,1.0,12.0,0.4,0.3,432,3
58,0,2,0,406,0,0,0,288,288,99999,0,0,2,0.274,78.912,0.4,0.3,741,39
58,0,3,0,405,0,0,0,48,48,99999,0,0,3,0.668,32.064,0.4,0.3,278,5
58,0,4,0,419,0,0,0,96,96,99999,0,0,4,0.633,60.768,0.4,0.3,509,17
58,0,5,0,416,0,0,0,288,288,99999,0,0,5,0.278,80.064,0.4,0.3,262,27
58,0,6,0,404,0,0,0,192,192,99999,0,0,6,0.27,51.84,0.4,0.3,328,24
58,0,7,0,408,0,0,0,216,216,99999,0,0,7,0.409,88.344,0.4,0.3,298,25
58,0,8,0,423,0,0,0,72,72,99999,0,0,8,0.125,9.0,0.4,0.3,219,7
58,0,9,0,412,0,0,0,96,96,99999,0,0,9,0.62,59.52,0.4,0.3,380,15
59,0,0,0,421,0,0,0,75,75,99999,0,0,0,1.0,75.0,0.4,0.3,300,11
59,0,1,0,420,0,0,0,12,12,99999,0,0,1,1.0,12.0,0.4,0.3,432,3
59,0,2,0,405,0,0,0,48,48,99999,0,0,2,0.668,32.064,0.4,0.3,278,5
59,0,3,0,419,0,0,0,96,96,99999,0,0,3,0.633,60.768,0.4,0.3,509,17
59,0,4,0,416,0,0,0,288,288,99999,0,0,4,0.278,80.064,0.4,0.3,262,27
59,0,5,0,404,0,0,0,192,192,99999,0,0,5,0.27,51.84,0.4,0.3,328,24
59,0,6,0,408,0,0,0,216,216,99999,0,0,6,0.409,88.344,0.4,0.3,298,25
59,0,7,0,423,0,0,0,72,72,99999,0,0,7,0.125,9.0,0.4,0.3,219,7
59,0,8,0,412,0,0,0,96,96,99999,0,0,8,0.62,59.52,0.4,0.3,380,15
59,0,9,0,411,0,0,0,216,216,99999,0,0,9,0.408,88.128,0.4,0.3,230,21
60,0,0,0,421,0,0,0,75,75,99999,0,0,0,1.0,75.0,0.4,0.3,300,11
60,0,1,0,420,0,0,0,12,12,99999,0,0,1,1.0,12.0,0.4,0.3,432,3
60,0,2,0,405,0,0,0,48,48,99999,0,0,2,0.668,32.064,0.4,0.3,278,5
60,0,3,0,419,0,0,0,96,96,99999,0,0,3,0.633,60.768,0.4,0.3,509,17
60,0,4,0,416,0,0,0,288,288,99999,0,0,4,0.278,80.064,0.4,0.3,262,27
60,0,5,0,404,0,0,0,192,192,99999,0,0,5,0.27,51.84,0.4,0.3,328,24
60,0,6,0,408,0,0,0,216,216,99999,0,0,6,0.409,88.344,0.4,0.3,298,25
60,0,7,0,423,0,0,0,72,72,99999,0,0,7,0.125,9.0,0.4,0.3,219,7
60,0,8,0,412,0,0,0,96,96,99999,0,0,8,0.62,59.52,0.4,0.3,380,15
60,0,9,0,411,0,0,0,216,216,99999,0,0,9,0.408,88.128,0.4,0.3,230,21
61,0,0,0,421,0,0,0,75,75,99999,0,0,0,1.0,75.0,0.4,0.3,300,11
61,0,1,0,420,0,0,0,12,12,99999,0,0,1,1.0,12.0,0.4,0.3,432,3
61,0,2,0,405,0,0,0,48,48,99999,0,0,2,0.668,32.064,0.4,0.3,278,5
61,0,3,0,419,0,0,0,96,96,99999,0,0,3,0.633,60.768,0.4,0.3,509,17
61,0,4,0,416,0,0,0,288,288,99999,0,0,4,0.278,80.064,0.4,0.3,262,27
61,0,5,0,404,0,0,0,192,192,99999,0,0,5,0.27,51.84,0.4,0.3,328,24
61,0,6,0,408,0,0,0,216,216,99999,0,0,6,0.409,88.344,0.4,0.3,298,25
61,0,7,0,423,0,0,0,72,72,99999,0,0,7,0.125,9.0,0.4,0.3,219,7
61,0,8,0,412,0,0,0,96,96,99999,0,0,8,0.62,59.52,0.4,0.3,380,15
61,0,9,0,411,0,0,0,216,216,99999,0,0,9,0.408,88.128,0.4,0.3,230,21
62,0,0,0,421,0,0,0,75,75,99999,0,0,0,1.0,75.0,0.4,0.3,300,11
62,0,1,0,420,0,0,0,12,12,99999,0,0,1,1.0,12.0,0.4,0.3,432,3
62,0,2,0,405,0,0,0,48,48,99999,0,0,2,0.668,32.064,0.4,0.3,278,5
62,0,3,0,419,0,0,0,96,96,99999,0,0,3,0.633,60.768,0.4,0.3,509,17
62,0,4,0,416,0,0,0,288,288,99999,0,0,4,0.278,80.064,0.4,0.3,262,27
62,0,5,0,404,0,0,0,192,192,99999,0,0,5,0.27,51.84,0.4,0.3,328,24
62,0,6,0,408,0,0,0,216,216,99999,0,0,6,0.409,88.344,0.4,0.3,298,25
62,0,7,0,423,0,0,0,72,72,99999,0,0,7,0.125,9.0,0.4,0.3,219,7
62,0,8,0,412,0,0,0,96,96,99999,0,0,8,0.62,59.52,0.4,0.3,380,15
62,0,9,0,411,0,0,0,216,216,99999,0,0,9,0.408,88.128,0.4,0.3,230,21
63,0,0,0,421,0,0,0,75,75,99999,0,0,0,1.0,75.0,0.4,0.3,300,11
63,0,1,0,420,0,0,0,12,12,99999,0,0,1,1.0,12.0,0.4,0.3,432,3
63,0,2,0,405,0,0,0,48,48,99999,0,0,2,0.668,32.064,0.4,0.3,278,5
63,0,3,0,419,0,0,0,96,96,99999,0,0,3,0.633,60.768,0.4,0.3,509,17
63,0,4,0,404,0,0,0,192,192,99999,0,0,4,0.27,51.84,0.4,0.3,328,24
63,0,5,0,408,0,0,0,216,216,99999,0,0,5,0.409,88.344,0.4,0.3,298,25
63,0,6,0,423,0,0,0,72,72,99999,0,0,6,0.125,9.0,0.4,0.3,219,7
63,0,7,0,412,0,0,0,96,96,99999,0,0,7,0.62,59.52,0.4,0.3,380,15
63,0,8,0,411,0,0,0,216,216,99999,0,0,8,0.408,88.128,0.4,0.3,230,21
63,0,9,0,402,0,0,0,192,192,99999,0,0,9,0.375,72.0,0.4,0.3,224,21
64,0,0,0,421,0,0,0,75,75,99999,0,0,0,1.0,75.0,0.4,0.3,300,11
64,0,1,0,420,0,0,0,12,12,99999,0,0,1,1.0,12.0,0.4,0.3,432,3
64,0,2,0,405,0,0,0,48,48,99999,0,0,2,0.668,32.064,0.4,0.3,278,5
64,0,3,0,419,0,0,0,96,96,99999,0,0,3,0.633,60.768,0.4,0.3,509,17
64,0,4,0,404,0,0,0,192,192,99999,0,0,4,0.27,51.84,0.4,0.3,328,24
64,0,5,0,408,0,0,0,216,216,99999,0,0,5,0.409,88.344,0.4,0.3,298,25
64,0,6,0,423,0,0,0,72,72,99999,0,0,6,0.125,9.0,0.4,0.3,219,7
64,0,7,0,412,0,0,0,96,96,99999,0,0,7,0.62,59.52,0.4,0.3,380,15
64,0,8,0,411,0,0,0,216,216,99999,0,0,8,0.408,88.128,0.4,0.3,230,21
64,0,9,0,402,0,0,0,192,192,99999,0,0,9,0.375,72.0,0.4,0.3,224,21
65,0,0,0,421,0,0,0,75,75,99999,0,0,0,1.0,75.0,0.4,0.3,300,11
65,0,1,0,420,0,0,0,12,12,99999,0,0,1,1.0,12.0,0.4,0.3,432,3
65,0,2,0,405,0,0,0,48,48,99999,0,0,2,0.668,32.064,0.4,0.3,278,5
65,0,3,0,419,0,0,0,96,96,99999,0,0,3,0.633,60.768,0.4,0.3,509,17
65,0,4,0,404,0,0,0,192,192,99999,0,0,4,0.27,51.84,0.4,0.3,328,24
65,0,5,0,408,0,0,0,216,216,99999,0,0,5,0.409,88.344,0.4,0.3,298,25
65,0,6,0,423,0,0,0,72,72,99999,0,0,6,0.125,9.0,0.4,0.3,219,7
65,0,7,0,412,0,0,0,96,96,99999,0,0,7,0.62,59.52,0.4,0.3,380,15
65,0,8,0,411,0,0,0,216,216,99999,0,0,8,0.408,88.128,0.4,0.3,230,21
65,0,9,0,402,0,0,0,192,192,99999,0,0,9,0.375,72.0,0.4,0.3,224,21
66,0,0,0,421,0,0,0,75,75,99999,0,0,0,1.0,75.0,0.4,0.3,300,11
66,0,1,0,420,0,0,0,12,12,99999,0,0,1,1.0,12.0,0.4,0.3,432,3
66,0,2,0,405,0,0,0,48,48,99999,0,0,2,0.668,32.064,0.4,0.3,278,5
66,0,3,0,419,0,0,0,96,96,99999,0,0,3,0.633,60.768,0.4,0.3,509,17
66,0,4,0,404,0,0,0,192,192,99999,0,0,4,0.27,51.84,0.4,0.3,328,24
66,0,5,0,423,0,0,0,72,72,99999,0,0,5,0.125,9.0,0.4,0.3,219,7
66,0,6,0,412,0,0,0,96,96,99999,0,0,6,0.62,59.52,0.4,0.3,380,15
66,0,7,0,411,0,0,0,216,216,99999,0,0,7,0.408,88.128,0.4,0.3,230,21
66,0,8,0,402,0,0,0,192,192,99999,0,0,8,0.375,72.0,0.4,0.3,224,21
66,0,9,0,413,0,0,0,48,48,99999,0,0,9,0.596,28.608,0.4,0.3,204,6
67,0,0,0,421,0,0,0,75,75,99999,0,0,0,1.0,75.0,0.4,0.3,300,11
67,0,1,0,420,0,0,0,12,12,99999,0,0,1,1.0,12.0,0.4,0.3,432,3
67,0,2,0,405,0,0,0,48,48,99999,0,0,2,0.668,32.064,0.4,0.3,278,5
67,0,3,0,419,0,0,0,96,96,99999,0,0,3,0.633,60.768,0.4,0.3,509,17
67,0,4,0,404,0,0,0,192,192,99999,0,0,4,0.27,51.84,0.4,0.3,328,24
67,0,5,0,423,0,0,0,72,72,99999,0,0,5,0.125,9.0,0.4,0.3,219,7
67,0,6,0,412,0,0,0,96,96,99999,0,0,6,0.62,59.52,0.4,0.3,380,15
67,0,7,0,411,0,0,0,216,216,99999,0,0,7,0.408,88.128,0.4,0.3,230,21
67,0,8,0,402,0,0,0,192,192,99999,0,0,8,0.375,72.0,0.4,0.3,224,21
67,0,9,0,413,0,0,0,48,48,99999,0,0,9,0.596,28.608,0.4,0.3,204,6
68,0,0,0,421,0,0,0,75,75,99999,0,0,0,1.0,75.0,0.4,0.3,300,11
68,0,1,0,420,0,0,0,12,12,99999,0,0,1,1.0,12.0,0.4,0.3,432,3
68,0,2,0,405,0,0,0,48,48,99999,0,0,2,0.668,32.064,0.4,0.3,278,5
68,0,3,0,419,0,0,0,96,96,99999,0,0,3,0.633,60.768,0.4,0.3,509,17
68,0,4,0,423,0,0,0,72,72,99999,0,0,4,0.125,9.0,0.4,0.3,219,7
68,0,5,0,412,0,0,0,96,96,99999,0,0,5,0.62,59.52,0.4,0.3,380,15
68,0,6,0,411,0,0,0,216,216,99999,0,0,6,0.408,88.128,0.4,0.3,230,21
68,0,7,0,402,0,0,0,192,192,99999,0,0,7,0.375,72.0,0.4,0.3,224,21
68,0,8,0,413,0,0,0,48,48,99999,0,0,8,0.596,28.608,0.4,0.3,204,6
68,0,9,0,427,0,0,0,384,384,99999,0,0,9,0.217,83.328,0.4,0.3,840,168
69,0,0,0,420,0,0,0,12,12,99999,0,0,0,1.0,12.0,0.4,0.3,432,3
69,0,1,0,405,0,0,0,48,48,99999,0,0,1,0.668,32.064,0.4,0.3,278,5
69,0,2,0,419,0,0,0,96,96,99999,0,0,2,0.633,60.768,0.4,0.3,509,17
69,0,3,0,423,0,0,0,72,72,99999,0,0,3,0.125,9.0,0.4,0.3,219,7
69,0,4,0,412,0,0,0,96,96,99999,0,0,4,0.62,59.52,0.4,0.3,380,15
69,0,5,0,411,0,0,0,216,216,99999,0,0,5,0.408,88.128,0.4,0.3,230,21
69,0,6,0,402,0,0,0,192,192,99999,0,0,6,0.375,72.0,0.4,0.3,224,21
69,0,7,0,413,0,0,0,48,48,99999,0,0,7,0.596,28.608,0.4,0.3,204,6
69,0,8,0,427,0,0,0,384,384,99999,0,0,8,0.217,83.328,0.4,0.3,840,168
69,0,9,0,417,0,0,0,48,48,99999,0,0,9,0.58,27.84,0.4,0.3,266,8
70,0,0,0,420,0,0,0,12,12,99999,0,0,0,1.0,12.0,0.4,0.3,432,3
70,0,1,0,405,0,0,0,48,48,99999,0,0,1,0.668,32.064,0.4,0.3,278,5
70,0,2,0,419,0,0,0,96,96,99999,0,0,2,0.633,60.768,0.4,0.3,509,17
70,0,3,0,423,0,0,0,72,72,99999,0,0,3,0.125,9.0,0.4,0.3,219,7
70,0,4,0,412,0,0,0,96,96,99999,0,0,4,0.62,59.52,0.4,0.3,380,15
70,0,5,0,402,0,0,0,192,192,99999,0,0,5,0.375,72.0,0.4,0.3,224,21
70,0,6,0,413,0,0,0,48,48,99999,0,0,6,0.596,28.608,0.4,0.3,204,6
70,0,7,0,427,0,0,0,384,384,99999,0,0,7,0.217,83.328,0.4,0.3,840,168
70,0,8,0,417,0,0,0,48,48,99999,0,0,8,0.58,27.84,0.4,0.3,266,8
70,0,9,0,403,0,0,0,288,288,99999,0,0,9,0.275,79.2,0.4,0.3,167,24
71,0,0,0,420,0,0,0,12,12,99999,0,0,0,1.0,12.0,0.4,0.3,432,3
71,0,1,0,405,0,0,0,48,48,99999,0,0,1,0.668,32.064,0.4,0.3,278,5
71,0,2,0,423,0,0,0,72,72,99999,0,0,2,0.125,9.0,0.4,0.3,219,7
71,0,3,0,412,0,0,0,96,96,99999,0,0,3,0.62,59.52,0.4,0.3,380,15
71,0,4,0,402,0,0,0,192,192,99999,0,0,4,0.375,72.0,0.4,0.3,224,21
71,0,5,0,413,0,0,0,48,48,99999,0,0,5,0.596,28.608,0.4,0.3,204,6
71,0,6,0,427,0,0,0,384,384,99999,0,0,6,0.217,83.328,0.4,0.3,840,168
71,0,7,0,417,0,0,0,48,48,99999,0,0,7,0.58,27.84,0.4,0.3,266,8
71,0,8,0,403,0,0,0,288,288,99999,0,0,8,0.275,79.2,0.4,0.3,167,24
71,0,9,0,410,0,0,0,288,288,99999,0,0,9,0.276,79.488,0.4,0.3,167,28
72,0,0,0,420,0,0,0,12,12,99999,0,0,0,1.0,12.0,0.4,0.3,432,3
72,0,1,0,405,0,0,0,48,48,99999,0,0,1,0.668,32.064,0.4,0.3,278,5
72,0,2,0,423,0,0,0,72,72,99999,0,0,2,0.125,9.0,0.4,0.3,219,7
72,0,3,0,412,0,0,0,96,96,99999,0,0,3,0.62,59.52,0.4,0.3,380,15
72,0,4,0,402,0,0,0,192,192,99999,0,0,4,0.375,72.0,0.4,0.3,224,21
72,0,5,0,413,0,0,0,48,48,99999,0,0,5,0.596,28.608,0.4,0.3,204,6
72,0,6,0,427,0,0,0,384,384,99999,0,0,6,0.217,83.328,0.4,0.3,840,168
72,0,7,0,417,0,0,0,48,48,99999,0,0,7,0.58,27.84,0.4,0.3,266,8
72,0,8,0,403,0,0,0,288,288,99999,0,0,8,0.275,79.2,0.4,0.3,167,24
72,0,9,0,410,0,0,0,288,288,99999,0,0,9,0.276,79.488,0.4,0.3,167,28
73,0,0,0,420,0,0,0,12,12,99999,0,0,0,1.0,12.0,0.4,0.3,432,3
73,0,1,0,405,0,0,0,48,48,99999,0,0,1,0.668,32.064,0.4,0.3,278,5
73,0,2,0,423,0,0,0,72,72,99999,0,0,2,0.125,9.0,0.4,0.3,219,7
73,0,3,0,412,0,0,0,96,96,99999,0,0,3,0.62,59.52,0.4,0.3,380,15
73,0,4,0,402,0,0,0,192,192,99999,0,0,4,0.375,72.0,0.4,0.3,224,21
73,0,5,0,413,0,0,0,48,48,99999,0,0,5,0.596,28.608,0.4,0.3,204,6
73,0,6,0,417,0,0,0,48,48,99999,0,0,6,0.58,27.84,0.4,0.3,266,8
73,0,7,0,403,0,0,0,288,288,99999,0,0,7,0.275,79.2,0.4,0.3,167,24
73,0,8,0,410,0,0,0,288,288,99999,0,0,8,0.276,79.488,0.4,0.3,167,28
73,0,9,0,415,0,0,0,288,288,99999,0,0,9,0.277,79.776,0.4,0.3,174,29
74,0,0,0,420,0,0,0,12,12,99999,0,0,0,1.0,12.0,0.4,0.3,432,3
74,0,1,0,405,0,0,0,48,48,99999,0,0,1,0.668,32.064,0.4,0.3,278,5
74,0,2,0,423,0,0,0,72,72,99999,0,0,2,0.125,9.0,0.4,0.3,219,7
74,0,3,0,412,0,0,0,96,96,99999,0,0,3,0.62,59.52,0.4,0.3,380,15
74,0,4,0,413,0,0,0,48,48,99999,0,0,4,0.596,28.608,0.4,0.3,204,6
74,0,5,0,417,0,0,0,48,48,99999,0,0,5,0.58,27.84,0.4,0.3,266,8
74,0,6,0,403,0,0,0,288,288,99999,0,0,6,0.275,79.2,0.4,0.3,167,24
74,0,7,0,410,0,0,0,288,288,99999,0,0,7,0.276,79.488,0.4,0.3,167,28
74,0,8,0,415,0,0,0,288,288,99999,0,0,8,0.277,79.776,0.4,0.3,174,29
74,0,9,0,424,0,0,0,120,120,99999,0,0,9,0.11,13.2,0.4,0.3,186,11
75,0,0,0,420,0,0,0,12,12,99999,0,0,0,1.0,12.0,0.4,0.3,432,3
75,0,1,0,405,0,0,0,48,48,99999,0,0,1,0.668,32.064,0.4,0.3,278,5
75,0,2,0,423,0,0,0,72,72,99999,0,0,2,0.125,9.0,0.4,0.3,219,7
75,0,3,0,412,0,0,0,96,96,99999,0,0,3,0.62,59.52,0.4,0.3,380,15
75,0,4,0,413,0,0,0,48,48,99999,0,0,4,0.596,28.608,0.4,0.3,204,6
75,0,5,0,417,0,0,0,48,48,99999,0,0,5,0.58,27.84,0.4,0.3,266,8
75,0,6,0,403,0,0,0,288,288,99999,0,0,6,0.275,79.2,0.4,0.3,167,24
75,0,7,0,410,0,0,0,288,288,99999,0,0,7,0.276,79.488,0.4,0.3,167,28
75,0,8,0,415,0,0,0,288,288,99999,0,0,8,0.277,79.776,0.4,0.3,174,29
75,0,9,0,424,0,0,0,120,120,99999,0,0,9,0.11,13.2,0.4,0.3,186,11
76,0,0,0,420,0,0,0,12,12,99999,0,0,0,1.0,12.0,0.4,0.3,432,3
76,0,1,0,405,0,0,0,48,48,99999,0,0,1,0.668,32.064,0.4,0.3,278,5
76,0,2,0,423,0,0,0,72,72,99999,0,0,2,0.125,9.0,0.4,0.3,219,7
76,0,3,0,412,0,0,0,96,96,99999,0,0,3,0.62,59.52,0.4,0.3,380,15
76,0,4,0,413,0,0,0,48,48,99999,0,0,4,0.596,28.608,0.4,0.3,204,6
76,0,5,0,417,0,0,0,48,48,99999,0,0,5,0.58,27.84,0.4,0.3,266,8
76,0,6,0,403,0,0,0,288,288,99999,0,0,6,0.275,79.2,0.4,0.3,167,24
76,0,7,0,410,0,0,0,288,288,99999,0,0,7,0.276,79.488,0.4,0.3,167,28
76,0,8,0,415,0,0,0,288,288,99999,0,0,8,0.277,79.776,0.4,0.3,174,29
76,0,9,0,424,0,0,0,120,120,99999,0,0,9,0.11,13.2,0.4,0.3,186,11
77,0,0,0,420,0,0,0,12,12,99999,0,0,0,1.0,12.0,0.4,0.3,432,3
77,0,1,0,405,0,0,0,48,48,99999,0,0,1,0.668,32.064,0.4,0.3,278,5
77,0,2,0,423,0,0,0,72,72,99999,0,0,2,0.125,9.0,0.4,0.3,219,7
77,0,3,0,412,0,0,0,96,96,99999,0,0,3,0.62,59.52,0.4,0.3,380,15
77,0,4,0,413,0,0,0,48,48,99999,0,0,4,0.596,28.608,0.4,0.3,204,6
77,0,5,0,417,0,0,0,48,48,99999,0,0,5,0.58,27.84,0.4,0.3,266,8
77,0,6,0,415,0,0,0,288,288,99999,0,0,6,0.277,79.776,0.4,0.3,174,29
77,0,7,0,424,0,0,0,120,120,99999,0,0,7,0.11,13.2,0.4,0.3,186,11
77,0,8,0,426,0,0,0,288,288,99999,0,0,8,0.219,63.072,0.4,0.3,277,47
77,0,9,0,414,0,0,0,216,216,99999,0,0,9,0.409,88.344,0.4,0.3,172,22
78,0,0,0,420,0,0,0,12,12,99999,0,0,0,1.0,12.0,0.4,0.3,432,3
78,0,1,0,405,0,0,0,48,48,99999,0,0,1,0.668,32.064,0.4,0.3,278,5
78,0,2,0,423,0,0,0,72,72,99999,0,0,2,0.125,9.0,0.4,0.3,219,7
78,0,3,0,412,0,0,0,96,96,99999,0,0,3,0.62,59.52,0.4,0.3,380,15
78,0,4,0,413,0,0,0,48,48,99999,0,0,4,0.596,28.608,0.4,0.3,204,6
78,0,5,0,417,0,0,0,48,48,99999,0,0,5,0.58,27.84,0.4,0.3,266,8
78,0,6,0,415,0,0,0,288,288,99999,0,0,6,0.277,79.776,0.4,0.3,174,29
78,0,7,0,424,0,0,0,120,120,99999,0,0,7,0.11,13.2,0.4,0.3,186,11
78,0,8,0,426,0,0,0,288,288,99999,0,0,8,0.219,63.072,0.4,0.3,277,47
78,0,9,0,414,0,0,0,216,216,99999,0,0,9,0.409,88.344,0.4,0.3,172,22
79,0,0,0,420,0,0,0,12,12,99999,0,0,0,1.0,12.0,0.4,0.3,432,3
79,0,1,0,405,0,0,0,48,48,99999,0,0,1,0.668,32.064,0.4,0.3,278,5
79,0,2,0,423,0,0,0,72,72,99999,0,0,2,0.125,9.0,0.4,0.3,219,7
79,0,3,0,412,0,0,0,96,96,99999,0,0,3,0.62,59.52,0.4,0.3,380,15
79,0,4,0,413,0,0,0,48,48,99999,0,0,4,0.596,28.608,0.4,0.3,204,6
79,0,5,0,417,0,0,0,48,48,99999,0,0,5,0.58,27.84,0.4,0.3,266,8
79,0,6,0,424,0,0,0,120,120,99999,0,0,6,0.11,13.2,0.4,0.3,186,11
79,0,7,0,426,0,0,0,288,288,99999,0,0,7,0.219,63.072,0.4,0.3,277,47
79,0,8,0,414,0,0,0,216,216,99999,0,0,8,0.409,88.344,0.4,0.3,172,22
79,0,9,0,422,0,0,0,120,120,99999,0,0,9,0.108,12.96,0.4,0.3,435,34
80,0,0,0,420,0,0,0,12,12,99999,0,0,0,1.0,12.0,0.4,0.3,432,3
80,0,1,0,405,0,0,0,48,48,99999,0,0,1,0.668,32.064,0.4,0.3,278,5
80,0,2,0,423,0,0,0,72,72,99999,0,0,2,0.125,9.0,0.4,0.3,219,7
80,0,3,0,412,0,0,0,96,96,99999,0,0,3,0.62,59.52,0.4,0.3,380,15
80,0,4,0,413,0,0,0,48,48,99999,0,0,4,0.596,28.608,0.4,0.3,204,6
80,0,5,0,417,0,0,0,48,48,99999,0,0,5,0.58,27.84,0.4,0.3,266,8
80,0,6,0,424,0,0,0,120,120,99999,0,0,6,0.11,13.2,0.4,0.3,186,11
80,0,7,0,426,0,0,0,288,288,99999,0,0,7,0.219,63.072,0.4,0.3,277,47
80,0,8,0,414,0,0,0,216,216,99999,0,0,8,0.409,88.344,0.4,0.3,172,22
80,0,9,0,422,0,0,0,120,120,99999,0,0,9,0.108,12.96,0.4,0.3,435,34
81,0,0,0,420,0,0,0,12,12,99999,0,0,0,1.0,12.0,0.4,0.3,432,3
81,0,1,0,405,0,0,0,48,48,99999,0,0,1,0.668,32.064,0.4,0.3,278,5
81,0,2,0,423,0,0,0,72,72,99999,0,0,2,0.125,9.0,0.4,0.3,219,7
81,0,3,0,412,0,0,0,96,96,99999,0,0,3,0.62,59.52,0.4,0.3,380,15
81,0,4,0,413,0,0,0,48,48,99999,0,0,4,0.596,28.608,0.4,0.3,204,6
81,0,5,0,417,0,0,0,48,48,99999,0,0,5,0.58,27.84,0.4,0.3,266,8
81,0,6,0,424,0,0,0,120,120,99999,0,0,6,0.11,13.2,0.4,0.3,186,11
81,0,7,0,426,0,0,0,288,288,99999,0,0,7,0.219,63.072,0.4,0.3,277,47
81,0,8,0,414,0,0,0,216,216,99999,0,0,8,0.409,88.344,0.4,0.3,172,22
81,0,9,0,422,0,0,0,120,120,99999,0,0,9,0.108,12.96,0.4,0.3,435,34
82,0,0,0,420,0,0,0,12,12,99999,0,0,0,1.0,12.0,0.4,0.3,432,3
82,0,1,0,405,0,0,0,48,48,99999,0,0,1,0.668,32.064,0.4,0.3,278,5
82,0,2,0,423,0,0,0,72,72,99999,0,0,2,0.125,9.0,0.4,0.3,219,7
82,0,3,0,413,0,0,0,48,48,99999,0,0,3,0.596,28.608,0.4,0.3,204,6
82,0,4,0,417,0,0,0,48,48,99999,0,0,4,0.58,27.84,0.4,0.3,266,8
82,0,5,0,424,0,0,0,120,120,99999,0,0,5,0.11,13.2,0.4,0.3,186,11
82,0,6,0,426,0,0,0,288,288,99999,0,0,6,0.219,63.072,0.4,0.3,277,47
82,0,7,0,414,0,0,0,216,216,99999,0,0,7,0.409,88.344,0.4,0.3,172,22
82,0,8,0,422,0,0,0,120,120,99999,0,0,8,0.108,12.96,0.4,0.3,435,34
82,0,9,0,425,0,0,0,200,200,99999,0,0,9,0.052,10.4,0.4,0.3,174,18
83,0,0,0,420,0,0,0,12,12,99999,0,0,0,1.0,12.0,0.4,0.3,432,3
83,0,1,0,405,0,0,0,48,48,99999,0,0,1,0.668,32.064,0.4,0.3,278,5
83,0,2,0,423,0,0,0,72,72,99999,0,0,2,0.125,9.0,0.4,0.3,219,7
83,0,3,0,413,0,0,0,48,48,99999,0,0,3,0.596,28.608,0.4,0.3,204,6
83,0,4,0,417,0,0,0,48,48,99999,0,0,4,0.58,27.84,0.4,0.3,266,8
83,0,5,0,424,0,0,0,120,120,99999,0,0,5,0.11,13.2,0.4,0.3,186,11
83,0,6,0,414,0,0,0,216,216,99999,0,0,6,0.409,88.344,0.4,0.3,172,22
83,0,7,0,422,0,0,0,120,120,99999,0,0,7,0.108,12.96,0.4,0.3,435,34
83,0,8,0,425,0,0,0,200,200,99999,0,0,8,0.052,10.4,0.4,0.3,174,18
83,0,9,0,515,0,0,0,24,24,99999,0,0,9,3.0,72.0,0.4,0.3,23,2
84,0,0,0,420,0,0,0,12,12,99999,0,0,0,1.0,12.0,0.4,0.3,432,3
84,0,1,0,405,0,0,0,48,48,99999,0,0,1,0.668,32.064,0.4,0.3,278,5
84,0,2,0,423,0,0,0,72,72,99999,0,0,2,0.125,9.0,0.4,0.3,219,7
84,0,3,0,413,0,0,0,48,48,99999,0,0,3,0.596,28.608,0.4,0.3,204,6
84,0,4,0,417,0,0,0,48,48,99999,0,0,4,0.58,27.84,0.4,0.3,266,8
84,0,5,0,424,0,0,0,120,120,99999,0,0,5,0.11,13.2,0.4,0.3,186,11
84,0,6,0,414,0,0,0,216,216,99999,0,0,6,0.409,88.344,0.4,0.3,172,22
84,0,7,0,422,0,0,0,120,120,99999,0,0,7,0.108,12.96,0.4,0.3,435,34
84,0,8,0,425,0,0,0,200,200,99999,0,0,8,0.052,10.4,0.4,0.3,174,18
84,0,9,0,515,0,0,0,24,24,99999,0,0,9,3.0,72.0,0.4,0.3,23,2
85,0,0,0,420,0,0,0,12,12,99999,0,0,0,1.0,12.0,0.4,0.3,432,3
85,0,1,0,405,0,0,0,48,48,99999,0,0,1,0.668,32.064,0.4,0.3,278,5
85,0,2,0,423,0,0,0,72,72,99999,0,0,2,0.125,9.0,0.4,0.3,219,7
85,0,3,0,413,0,0,0,48,48,99999,0,0,3,0.596,28.608,0.4,0.3,204,6
85,0,4,0,417,0,0,0,48,48,99999,0,0,4,0.58,27.84,0.4,0.3,266,8
85,0,5,0,424,0,0,0,120,120,99999,0,0,5,0.11,13.2,0.4,0.3,186,11
85,0,6,0,422,0,0,0,120,120,99999,0,0,6,0.108,12.96,0.4,0.3,435,34
85,0,7,0,425,0,0,0,200,200,99999,0,0,7,0.052,10.4,0.4,0.3,174,18
85,0,8,0,515,0,0,0,24,24,99999,0,0,8,3.0,72.0,0.4,0.3,23,2
85,0,9,0,453,0,0,0,6,6,99999,0,0,9,5.575,33.45,0.4,0.3,44,1
86,0,0,0,420,0,0,0,12,12,99999,0,0,0,1.0,12.0,0.4,0.3,432,3
86,0,1,0,405,0,0,0,48,48,99999,0,0,1,0.668,32.064,0.4,0.3,278,5
86,0,2,0,423,0,0,0,72,72,99999,0,0,2,0.125,9.0,0.4,0.3,219,7
86,0,3,0,413,0,0,0,48,48,99999,0,0,3,0.596,28.608,0.4,0.3,204,6
86,0,4,0,417,0,0,0,48,48,99999,0,0,4,0.58,27.84,0.4,0.3,266,8
86,0,5,0,424,0,0,0,120,120,99999,0,0,5,0.11,13.2,0.4,0.3,186,11
86,0,6,0,422,0,0,0,120,120,99999,0,0,6,0.108,12.96,0.4,0.3,435,34
86,0,7,0,425,0,0,0,200,200,99999,0,0,7,0.052,10.4,0.4,0.3,174,18
86,0,8,0,515,0,0,0,24,24,99999,0,0,8,3.0,72.0,0.4,0.3,23,2
86,0,9,0,453,0,0,0,6,6,99999,0,0,9,5.575,33.45,0.4,0.3,44,1
87,0,0,0,420,0,0,0,12,12,99999,0,0,0,1.0,12.0,0.4,0.3,432,3
87,0,1,0,405,0,0,0,48,48,99999,0,0,1,0.668,32.064,0.4,0.3,278,5
87,0,2,0,423,0,0,0,72,72,99999,0,0,2,0.125,9.0,0.4,0.3,219,7
87,0,3,0,413,0,0,0,48,48,99999,0,0,3,0.596,28.608,0.4,0.3,204,6
87,0,4,0,417,0,0,0,48,48,99999,0,0,4,0.58,27.84,0.4,0.3,266,8
87,0,5,0,424,0,0,0,120,120,99999,0,0,5,0.11,13.2,0.4,0.3,186,11
87,0,6,0,422,0,0,0,120,120,99999,0,0,6,0.108,12.96,0.4,0.3,435,34
87,0,7,0,425,0,0,0,200,200,99999,0,0,7,0.052,10.4,0.4,0.3,174,18
87,0,8,0,515,0,0,0,24,24,99999,0,0,8,3.0,72.0,0.4,0.3,23,2
87,0,9,0,453,0,0,0,6,6,99999,0,0,9,5.575,33.45,0.4,0.3,44,1
88,0,0,0,420,0,0,0,12,12,99999,0,0,0,1.0,12.0,0.4,0.3,432,3
88,0,1,0,405,0,0,0,48,48,99999,0,0,1,0.668,32.064,0.4,0.3,278,5
88,0,2,0,423,0,0,0,72,72,99999,0,0,2,0.125,9.0,0.4,0.3,219,7
88,0,3,0,413,0,0,0,48,48,99999,0,0,3,0.596,28.608,0.4,0.3,204,6
88,0,4,0,417,0,0,0,48,48,99999,0,0,4,0.58,27.84,0.4,0.3,266,8
88,0,5,0,424,0,0,0,120,120,99999,0,0,5,0.11,13.2,0.4,0.3,186,11
88,0,6,0,422,0,0,0,120,120,99999,0,0,6,0.108,12.96,0.4,0.3,435,34
88,0,7,0,425,0,0,0,200,200,99999,0,0,7,0.052,10.4,0.4,0.3,174,18
88,0,8,0,515,0,0,0,24,24,99999,0,0,8,3.0,72.0,0.4,0.3,23,2
88,0,9,0,453,0,0,0,6,6,99999,0,0,9,5.575,33.45,0.4,0.3,44,1
89,0,0,0,420,0,0,0,12,12,99999,0,0,0,1.0,12.0,0.4,0.3,432,3
89,0,1,0,405,0,0,0,48,48,99999,0,0,1,0.668,32.064,0.4,0.3,278,5
89,0,2,0,423,0,0,0,72,72,99999,0,0,2,0.125,9.0,0.4,0.3,219,7
89,0,3,0,413,0,0,0,48,48,99999,0,0,3,0.596,28.608,0.4,0.3,204,6
89,0,4,0,417,0,0,0,48,48,99999,0,0,4,0.58,27.84,0.4,0.3,266,8
89,0,5,0,424,0,0,0,120,120,99999,0,0,5,0.11,13.2,0.4,0.3,186,11
89,0,6,0,422,0,0,0,120,120,99999,0,0,6,0.108,12.96,0.4,0.3,435,34
89,0,7,0,425,0,0,0,200,200,99999,0,0,7,0.052,10.4,0.4,0.3,174,18
89,0,8,0,515,0,0,0,24,24,99999,0,0,8,3.0,72.0,0.4,0.3,23,2
89,0,9,0,453,0,0,0,6,6,99999,0,0,9,5.575,33.45,0.4,0.3,44,1
90,0,0,0,420,0,0,0,12,12,99999,0,0,0,1.0,12.0,0.4,0.3,432,3
90,0,1,0,405,0,0,0,48,48,99999,0,0,1,0.668,32.064,0.4,0.3,278,5
90,0,2,0,423,0,0,0,72,72,99999,0,0,2,0.125,9.0,0.4,0.3,219,7
90,0,3,0,413,0,0,0,48,48,99999,0,0,3,0.596,28.608,0.4,0.3,204,6
90,0,4,0,417,0,0,0,48,48,99999,0,0,4,0.58,27.84,0.4,0.3,266,8
90,0,5,0,424,0,0,0,120,120,99999,0,0,5,0.11,13.2,0.4,0.3,186,11
90,0,6,0,422,0,0,0,120,120,99999,0,0,6,0.108,12.96,0.4,0.3,435,34
90,0,7,0,425,0,0,0,200,200,99999,0,0,7,0.052,10.4,0.4,0.3,174,18
90,0,8,0,515,0,0,0,24,24,99999,0,0,8,3.0,72.0,0.4,0.3,23,2
90,0,9,0,453,0,0,0,6,6,99999,0,0,9,5.575,33.45,0.4,0.3,44,1
91,0,0,0,420,0,0,0,12,12,99999,0,0,0,1.0,12.0,0.4,0.3,432,3
91,0,1,0,405,0,0,0,48,48,99999,0,0,1,0.668,32.064,0.4,0.3,278,5
91,0,2,0,413,0,0,0,48,48,99999,0,0,2,0.596,28.608,0.4,0.3,204,6
91,0,3,0,417,0,0,0,48,48,99999,0,0,3,0.58,27.84,0.4,0.3,266,8
91,0,4,0,422,0,0,0,120,120,99999,0,0,4,0.108,12.96,0.4,0.3,435,34
91,0,5,0,425,0,0,0,200,200,99999,0,0,5,0.052,10.4,0.4,0.3,174,18
91,0,6,0,515,0,0,0,24,24,99999,0,0,6,3.0,72.0,0.4,0.3,23,2
91,0,7,0,453,0,0,0,6,6,99999,0,0,7,5.575,33.45,0.4,0.3,44,1
91,0,8,0,474,0,0,0,6,6,99999,0,0,8,0.425,2.55,0.4,0.3,88,1
91,0,9,0,452,0,0,0,6,6,99999,0,0,9,5.345,32.07,0.4,0.3,21,1
92,0,0,0,420,0,0,0,12,12,99999,0,0,0,1.0,12.0,0.4,0.3,432,3
92,0,1,0,405,0,0,0,48,48,99999,0,0,1,0.668,32.064,0.4,0.3,278,5
92,0,2,0,413,0,0,0,48,48,99999,0,0,2,0.596,28.608,0.4,0.3,204,6
92,0,3,0,417,0,0,0,48,48,99999,0,0,3,0.58,27.84,0.4,0.3,266,8
92,0,4,0,515,0,0,0,24,24,99999,0,0,4,3.0,72.0,0.4,0.3,23,2
92,0,5,0,453,0,0,0,6,6,99999,0,0,5,5.575,33.45,0.4,0.3,44,1
92,0,6,0,474,0,0,0,6,6,99999,0,0,6,0.425,2.55,0.4,0.3,88,1
92,0,7,0,452,0,0,0,6,6,99999,0,0,7,5.345,32.07,0.4,0.3,21,1
92,0,8,0,508,0,0,0,48,48,99999,0,0,8,0.15,7.2,0.4,0.3,162,9
92,0,9,0,439,0,0,0,24,24,99999,0,0,9,1.602,38.448,0.4,0.3,63,3
93,0,0,0,420,0,0,0,12,12,99999,0,0,0,1.0,12.0,0.4,0.3,432,3
93,0,1,0,405,0,0,0,48,48,99999,0,0,1,0.668,32.064,0.4,0.3,278,5
93,0,2,0,413,0,0,0,48,48,99999,0,0,2,0.596,28.608,0.4,0.3,204,6
93,0,3,0,417,0,0,0,48,48,99999,0,0,3,0.58,27.84,0.4,0.3,266,8
93,0,4,0,515,0,0,0,24,24,99999,0,0,4,3.0,72.0,0.4,0.3,23,2
93,0,5,0,453,0,0,0,6,6,99999,0,0,5,5.575,33.45,0.4,0.3,44,1
93,0,6,0,474,0,0,0,6,6,99999,0,0,6,0.425,2.55,0.4,0.3,88,1
93,0,7,0,452,0,0,0,6,6,99999,0,0,7,5.345,32.07,0.4,0.3,21,1
93,0,8,0,508,0,0,0,48,48,99999,0,0,8,0.15,7.2,0.4,0.3,162,9
93,0,9,0,439,0,0,0,24,24,99999,0,0,9,1.602,38.448,0.4,0.3,63,3
94,0,0,0,420,0,0,0,12,12,99999,0,0,0,1.0,12.0,0.4,0.3,432,3
94,0,1,0,405,0,0,0,48,48,99999,0,0,1,0.668,32.064,0.4,0.3,278,5
94,0,2,0,413,0,0,0,48,48,99999,0,0,2,0.596,28.608,0.4,0.3,204,6
94,0,3,0,417,0,0,0,48,48,99999,0,0,3,0.58,27.84,0.4,0.3,266,8
94,0,4,0,515,0,0,0,24,24,99999,0,0,4,3.0,72.0,0.4,0.3,23,2
94,0,5,0,453,0,0,0,6,6,99999,0,0,5,5.575,33.45,0.4,0.3,44,1
94,0,6,0,474,0,0,0,6,6,99999,0,0,6,0.425,2.55,0.4,0.3,88,1
94,0,7,0,452,0,0,0,6,6,99999,0,0,7,5.345,32.07,0.4,0.3,21,1
94,0,8,0,508,0,0,0,48,48,99999,0,0,8,0.15,7.2,0.4,0.3,162,9
94,0,9,0,439,0,0,0,24,24,99999,0,0,9,1.602,38.448,0.4,0.3,63,3
95,0,0,0,420,0,0,0,12,12,99999,0,0,0,1.0,12.0,0.4,0.3,432,3
95,0,1,0,405,0,0,0,48,48,99999,0,0,1,0.668,32.064,0.4,0.3,278,5
95,0,2,0,413,0,0,0,48,48,99999,0,0,2,0.596,28.608,0.4,0.3,204,6
95,0,3,0,417,0,0,0,48,48,99999,0,0,3,0.58,27.84,0.4,0.3,266,8
95,0,4,0,453,0,0,0,6,6,99999,0,0,4,5.575,33.45,0.4,0.3,44,1
95,0,5,0,474,0,0,0,6,6,99999,0,0,5,0.425,2.55,0.4,0.3,88,1
95,0,6,0,452,0,0,0,6,6,99999,0,0,6,5.345,32.07,0.4,0.3,21,1
95,0,7,0,508,0,0,0,48,48,99999,0,0,7,0.15,7.2,0.4,0.3,162,9
95,0,8,0,439,0,0,0,24,24,99999,0,0,8,1.602,38.448,0.4,0.3,63,3
95,0,9,0,495,0,0,0,24,24,99999,0,0,9,0.208,4.992,0.4,0.3,148,5
96,0,0,0,420,0,0,0,12,12,99999,0,0,0,1.0,12.0,0.4,0.3,432,3
96,0,1,0,405,0,0,0,48,48,99999,0,0,1,0.668,32.064,0.4,0.3,278,5
96,0,2,0,413,0,0,0,48,48,99999,0,0,2,0.596,28.608,0.4,0.3,204,6
96,0,3,0,417,0,0,0,48,48,99999,0,0,3,0.58,27.84,0.4,0.3,266,8
96,0,4,0,453,0,0,0,6,6,99999,0,0,4,5.575,33.45,0.4,0.3,44,1
96,0,5,0,474,0,0,0,6,6,99999,0,0,5,0.425,2.55,0.4,0.3,88,1
96,0,6,0,452,0,0,0,6,6,99999,0,0,6,5.345,32.07,0.4,0.3,21,1
96,0,7,0,508,0,0,0,48,48,99999,0,0,7,0.15,7.2,0.4,0.3,162,9
96,0,8,0,439,0,0,0,24,24,99999,0,0,8,1.602,38.448,0.4,0.3,63,3
96,0,9,0,495,0,0,0,24,24,99999,0,0,9,0.208,4.992,0.4,0.3,148,5
97,0,0,0,420,0,0,0,12,12,99999,0,0,0,1.0,12.0,0.4,0.3,432,3
97,0,1,0,405,0,0,0,48,48,99999,0,0,1,0.668,32.064,0.4,0.3,278,5
97,0,2,0,413,0,0,0,48,48,99999,0,0,2,0.596,28.608,0.4,0.3,204,6
97,0,3,0,417,0,0,0,48,48,99999,0,0,3,0.58,27.84,0.4,0.3,266,8
97,0,4,0,453,0,0,0,6,6,99999,0,0,4,5.575,33.45,0.4,0.3,44,1
97,0,5,0,474,0,0,0,6,6,99999,0,0,5,0.425,2.55,0.4,0.3,88,1
97,0,6,0,452,0,0,0,6,6,99999,0,0,6,5.345,32.07,0.4,0.3,21,1
97,0,7,0,508,0,0,0,48,48,99999,0,0,7,0.15,7.2,0.4,0.3,162,9
97,0,8,0,439,0,0,0,24,24,99999,0,0,8,1.602,38.448,0.4,0.3,63,3
97,0,9,0,495,0,0,0,24,24,99999,0,0,9,0.208,4.992,0.4,0.3,148,5
98,0,0,0,420,0,0,0,12,12,99999,0,0,0,1.0,12.0,0.4,0.3,432,3
98,0,1,0,405,0,0,0,48,48,99999,0,0,1,0.668,32.064,0.4,0.3,278,5
98,0,2,0,413,0,0,0,48,48,99999,0,0,2,0.596,28.608,0.4,0.3,204,6
98,0,3,0,417,0,0,0,48,48,99999,0,0,3,0.58,27.84,0.4,0.3,266,8
98,0,4,0,453,0,0,0,6,6,99999,0,0,4,5.575,33.45,0.4,0.3,44,1
98,0,5,0,474,0,0,0,6,6,99999,0,0,5,0.425,2.55,0.4,0.3,88,1
98,0,6,0,452,0,0,0,6,6,99999,0,0,6,5.345,32.07,0.4,0.3,21,1
98,0,7,0,508,0,0,0,48,48,99999,0,0,7,0.15,7.2,0.4,0.3,162,9
98,0,8,0,439,0,0,0,24,24,99999,0,0,8,1.602,38.448,0.4,0.3,63,3
98,0,9,0,495,0,0,0,24,24,99999,0,0,9,0.208,4.992,0.4,0.3,148,5
99,0,0,0,420,0,0,0,12,12,99999,0,0,0,1.0,12.0,0.4,0.3,432,3
99,0,1,0,405,0,0,0,48,48,99999,0,0,1,0.668,32.064,0.4,0.3,278,5
99,0,2,0,413,0,0,0,48,48,99999,0,0,2,0.596,28.608,0.4,0.3,204,6
99,0,3,0,417,0,0,0,48,48,99999,0,0,3,0.58,27.84,0.4,0.3,266,8
99,0,4,0,453,0,0,0,6,6,99999,0,0,4,5.575,33.45,0.4,0.3,44,1
99,0,5,0,474,0,0,0,6,6,99999,0,0,5,0.425,2.55,0.4,0.3,88,1
99,0,6,0,452,0,0,0,6,6,99999,0,0,6,5.345,32.07,0.4,0.3,21,1
99,0,7,0,508,0,0,0,48,48,99999,0,0,7,0.15,7.2,0.4,0.3,162,9
99,0,8,0,439,0,0,0,24,24,99999,0,0,8,1.602,38.448,0.4,0.3,63,3
99,0,9,0,495,0,0,0,24,24,99999,0,0,9,0.208,4.992,0.4,0.3,148,5
100,0,0,0,420,0,0,0,12,12,99999,0,0,0,1.0,12.0,0.4,0.3,432,3
100,0,1,0,405,0,0,0,48,48,99999,0,0,1,0.668,32.064,0.4,0.3,278,5
100,0,2,0,413,0,0,0,48,48,99999,0,0,2,0.596,28.608,0.4,0.3,204,6
100,0,3,0,417,0,0,0,48,48,99999,0,0,3,0.58,27.84,0.4,0.3,266,8
100,0,4,0,453,0,0,0,6,6,99999,0,0,4,5.575,33.45,0.4,0.3,44,1
100,0,5,0,474,0,0,0,6,6,99999,0,0,5,0.425,2.55,0.4,0.3,88,1
100,0,6,0,452,0,0,0,6,6,99999,0,0,6,5.345,32.07,0.4,0.3,21,1
100,0,7,0,508,0,0,0,48,48,99999,0,0,7,0.15,7.2,0.4,0.3,162,9
100,0,8,0,439,0,0,0,24,24,99999,0,0,8,1.602,38.448,0.4,0.3,63,3
100,0,9,0,495,0,0,0,24,24,99999,0,0,9,0.208,4.992,0.4,0.3,148,5
101,0,0,0,420,0,0,0,12,12,99999,0,0,0,1.0,12.0,0.4,0.3,432,3
101,0,1,0,405,0,0,0,48,48,99999,0,0,1,0.668,32.064,0.4,0.3,278,5
101,0,2,0,413,0,0,0,48,48,99999,0,0,2,0.596,28.608,0.4,0.3,204,6
101,0,3,0,417,0,0,0,48,48,99999,0,0,3,0.58,27.84,0.4,0.3,266,8
101,0,4,0,453,0,0,0,6,6,99999,0,0,4,5.575,33.45,0.4,0.3,44,1
101,0,5,0,474,0,0,0,6,6,99999,0,0,5,0.425,2.55,0.4,0.3,88,1
101,0,6,0,452,0,0,0,6,6,99999,0,0,6,5.345,32.07,0.4,0.3,21,1
101,0,7,0,508,0,0,0,48,48,99999,0,0,7,0.15,7.2,0.4,0.3,162,9
101,0,8,0,439,0,0,0,24,24,99999,0,0,8,1.602,38.448,0.4,0.3,63,3
101,0,9,0,495,0,0,0,24,24,99999,0,0,9,0.208,4.992,0.4,0.3,148,5
102,0,0,0,420,0,0,0,12,12,99999,0,0,0,1.0,12.0,0.4,0.3,432,3
102,0,1,0,405,0,0,0,48,48,99999,0,0,1,0.668,32.064,0.4,0.3,278,5
102,0,2,0,413,0,0,0,48,48,99999,0,0,2,0.596,28.608,0.4,0.3,204,6
102,0,3,0,417,0,0,0,48,48,99999,0,0,3,0.58,27.84,0.4,0.3,266,8
102,0,4,0,453,0,0,0,6,6,99999,0,0,4,5.575,33.45,0.4,0.3,44,1
102,0,5,0,474,0,0,0,6,6,99999,0,0,5,0.425,2.55,0.4,0.3,88,1
102,0,6,0,452,0,0,0,6,6,99999,0,0,6,5.345,32.07,0.4,0.3,21,1
102,0,7,0,508,0,0,0,48,48,99999,0,0,7,0.15,7.2,0.4,0.3,162,9
102,0,8,0,439,0,0,0,24,24,99999,0,0,8,1.602,38.448,0.4,0.3,63,3
102,0,9,0,495,0,0,0,24,24,99999,0,0,9,0.208,4.992,0.4,0.3,148,5
103,0,0,0,420,0,0,0,12,12,99999,0,0,0,1.0,12.0,0.4,0.3,432,3
103,0,1,0,405,0,0,0,48,48,99999,0,0,1,0.668,32.064,0.4,0.3,278,5
103,0,2,0,413,0,0,0,48,48,99999,0,0,2,0.596,28.608,0.4,0.3,204,6
103,0,3,0,417,0,0,0,48,48,99999,0,0,3,0.58,27.84,0.4,0.3,266,8
103,0,4,0,453,0,0,0,6,6,99999,0,0,4,5.575,33.45,0.4,0.3,44,1
103,0,5,0,474,0,0,0,6,6,99999,0,0,5,0.425,2.55,0.4,0.3,88,1
103,0,6,0,452,0,0,0,6,6,99999,0,0,6,5.345,32.07,0.4,0.3,21,1
103,0,7,0,508,0,0,0,48,48,99999,0,0,7,0.15,7.2,0.4,0.3,162,9
103,0,8,0,439,0,0,0,24,24,99999,0,0,8,1.602,38.448,0.4,0.3,63,3
103,0,9,0,495,0,0,0,24,24,99999,0,0,9,0.208,4.992,0.4,0.3,148,5
104,0,0,0,420,0,0,0,12,12,99999,0,0,0,1.0,12.0,0.4,0.3,432,3
104,0,1,0,413,0,0,0,48,48,99999,0,0,1,0.596,28.608,0.4,0.3,204,6
104,0,2,0,417,0,0,0,48,48,99999,0,0,2,0.58,27.84,0.4,0.3,266,8
104,0,3,0,453,0,0,0,6,6,99999,0,0,3,5.575,33.45,0.4,0.3,44,1
104,0,4,0,474,0,0,0,6,6,99999,0,0,4,0.425,2.55,0.4,0.3,88,1
104,0,5,0,452,0,0,0,6,6,99999,0,0,5,5.345,32.07,0.4,0.3,21,1
104,0,6,0,508,0,0,0,48,48,99999,0,0,6,0.15,7.2,0.4,0.3,162,9
104,0,7,0,439,0,0,0,24,24,99999,0,0,7,1.602,38.448,0.4,0.3,63,3
104,0,8,0,495,0,0,0,24,24,99999,0,0,8,0.208,4.992,0.4,0.3,148,5
104,0,9,0,480,0,0,0,24,24,99999,0,0,9,0.405,9.72,0.4,0.3,80,3
105,0,0,0,420,0,0,0,12,12,99999,0,0,0,1.0,12.0,0.4,0.3,432,3
105,0,1,0,413,0,0,0,48,48,99999,0,0,1,0.596,28.608,0.4,0.3,204,6
105,0,2,0,417,0,0,0,48,48,99999,0,0,2,0.58,27.84,0.4,0.3,266,8
105,0,3,0,453,0,0,0,6,6,99999,0,0,3,5.575,33.45,0.4,0.3,44,1
105,0,4,0,474,0,0,0,6,6,99999,0,0,4,0.425,2.55,0.4,0.3,88,1
105,0,5,0,452,0,0,0,6,6,99999,0,0,5,5.345,32.07,0.4,0.3,21,1
105,0,6,0,508,0,0,0,48,48,99999,0,0,6,0.15,7.2,0.4,0.3,162,9
105,0,7,0,439,0,0,0,24,24,99999,0,0,7,1.602,38.448,0.4,0.3,63,3
105,0,8,0,495,0,0,0,24,24,99999,0,0,8,0.208,4.992,0.4,0.3,148,5
105,0,9,0,480,0,0,0,24,24,99999,0,0,9,0.405,9.72,0.4,0.3,80,3
106,0,0,0,420,0,0,0,12,12,99999,0,0,0,1.0,12.0,0.4,0.3,432,3
106,0,1,0,453,0,0,0,6,6,99999,0,0,1,5.575,33.45,0.4,0.3,44,1
106,0,2,0,474,0,0,0,6,6,99999,0,0,2,0.425,2.55,0.4,0.3,88,1
106,0,3,0,452,0,0,0,6,6,99999,0,0,3,5.345,32.07,0.4,0.3,21,1
106,0,4,0,508,0,0,0,48,48,99999,0,0,4,0.15,7.2,0.4,0.3,162,9
106,0,5,0,439,0,0,0,24,24,99999,0,0,5,1.602,38.448,0.4,0.3,63,3
106,0,6,0,495,0,0,0,24,24,99999,0,0,6,0.208,4.992,0.4,0.3,148,5
106,0,7,0,480,0,0,0,24,24,99999,0,0,7,0.405,9.72,0.4,0.3,80,3
106,0,8,0,431,0,0,0,12,12,99999,0,0,8,2.228,26.736,0.4,0.3,55,2
106,0,9,0,438,0,0,0,192,192,99999,0,0,9,0.302,57.984,0.4,0.3,156,20
107,0,0,0,420,0,0,0,12,12,99999,0,0,0,1.0,12.0,0.4,0.3,432,3
107,0,1,0,453,0,0,0,6,6,99999,0,0,1,5.575,33.45,0.4,0.3,44,1
107,0,2,0,474,0,0,0,6,6,99999,0,0,2,0.425,2.55,0.4,0.3,88,1
107,0,3,0,452,0,0,0,6,6,99999,0,0,3,5.345,32.07,0.4,0.3,21,1
107,0,4,0,508,0,0,0,48,48,99999,0,0,4,0.15,7.2,0.4,0.3,162,9
107,0,5,0,439,0,0,0,24,24,99999,0,0,5,1.602,38.448,0.4,0.3,63,3
107,0,6,0,495,0,0,0,24,24,99999,0,0,6,0.208,4.992,0.4,0.3,148,5
107,0,7,0,480,0,0,0,24,24,99999,0,0,7,0.405,9.72,0.4,0.3,80,3
107,0,8,0,431,0,0,0,12,12,99999,0,0,8,2.228,26.736,0.4,0.3,55,2
107,0,9,0,438,0,0,0,192,192,99999,0,0,9,0.302,57.984,0.4,0.3,156,20
108,0,0,0,420,0,0,0,12,12,99999,0,0,0,1.0,12.0,0.4,0.3,432,3
108,0,1,0,453,0,0,0,6,6,99999,0,0,1,5.575,33.45,0.4,0.3,44,1
108,0,2,0,474,0,0,0,6,6,99999,0,0,2,0.425,2.55,0.4,0.3,88,1
108,0,3,0,452,0,0,0,6,6,99999,0,0,3,5.345,32.07,0.4,0.3,21,1
108,0,4,0,508,0,0,0,48,48,99999,0,0,4,0.15,7.2,0.4,0.3,162,9
108,0,5,0,439,0,0,0,24,24,99999,0,0,5,1.602,38.448,0.4,0.3,63,3
108,0,6,0,495,0,0,0,24,24,99999,0,0,6,0.208,4.992,0.4,0.3,148,5
108,0,7,0,480,0,0,0,24,24,99999,0,0,7,0.405,9.72,0.4,0.3,80,3
108,0,8,0,431,0,0,0,12,12,99999,0,0,8,2.228,26.736,0.4,0.3,55,2
108,0,9,0,438,0,0,0,192,192,99999,0,0,9,0.302,57.984,0.4,0.3,156,20
109,0,0,0,420,0,0,0,12,12,99999,0,0,0,1.0,12.0,0.4,0.3,432,3
109,0,1,0,453,0,0,0,6,6,99999,0,0,1,5.575,33.45,0.4,0.3,44,1
109,0,2,0,474,0,0,0,6,6,99999,0,0,2,0.425,2.55,0.4,0.3,88,1
109,0,3,0,452,0,0,0,6,6,99999,0,0,3,5.345,32.07,0.4,0.3,21,1
109,0,4,0,508,0,0,0,48,48,99999,0,0,4,0.15,7.2,0.4,0.3,162,9
109,0,5,0,439,0,0,0,24,24,99999,0,0,5,1.602,38.448,0.4,0.3,63,3
109,0,6,0,495,0,0,0,24,24,99999,0,0,6,0.208,4.992,0.4,0.3,148,5
109,0,7,0,480,0,0,0,24,24,99999,0,0,7,0.405,9.72,0.4,0.3,80,3
109,0,8,0,431,0,0,0,12,12,99999,0,0,8,2.228,26.736,0.4,0.3,55,2
109,0,9,0,438,0,0,0,192,192,99999,0,0,9,0.302,57.984,0.4,0.3,156,20
110,0,0,0,420,0,0,0,12,12,99999,0,0,0,1.0,12.0,0.4,0.3,432,3
110,0,1,0,453,0,0,0,6,6,99999,0,0,1,5.575,33.45,0.4,0.3,44,1
110,0,2,0,474,0,0,0,6,6,99999,0,0,2,0.425,2.55,0.4,0.3,88,1
110,0,3,0,452,0,0,0,6,6,99999,0,0,3,5.345,32.07,0.4,0.3,21,1
110,0,4,0,508,0,0,0,48,48,99999,0,0,4,0.15,7.2,0.4,0.3,162,9
110,0,5,0,439,0,0,0,24,24,99999,0,0,5,1.602,38.448,0.4,0.3,63,3
110,0,6,0,495,0,0,0,24,24,99999,0,0,6,0.208,4.992,0.4,0.3,148,5
110,0,7,0,480,0,0,0,24,24,99999,0,0,7,0.405,9.72,0.4,0.3,80,3
110,0,8,0,431,0,0,0,12,12,99999,0,0,8,2.228,26.736,0.4,0.3,55,2
110,0,9,0,438,0,0,0,192,192,99999,0,0,9,0.302,57.984,0.4,0.3,156,20
111,0,0,0,420,0,0,0,12,12,99999,0,0,0,1.0,12.0,0.4,0.3,432,3
111,0,1,0,453,0,0,0,6,6,99999,0,0,1,5.575,33.45,0.4,0.3,44,1
111,0,2,0,474,0,0,0,6,6,99999,0,0,2,0.425,2.55,0.4,0.3,88,1
111,0,3,0,452,0,0,0,6,6,99999,0,0,3,5.345,32.07,0.4,0.3,21,1
111,0,4,0,439,0,0,0,24,24,99999,0,0,4,1.602,38.448,0.4,0.3,63,3
111,0,5,0,495,0,0,0,24,24,99999,0,0,5,0.208,4.992,0.4,0.3,148,5
111,0,6,0,480,0,0,0,24,24,99999,0,0,6,0.405,9.72,0.4,0.3,80,3
111,0,7,0,431,0,0,0,12,12,99999,0,0,7,2.228,26.736,0.4,0.3,55,2
111,0,8,0,438,0,0,0,192,192,99999,0,0,8,0.302,57.984,0.4,0.3,156,20
111,0,9,0,428,0,0,0,192,192,99999,0,0,9,0.276,52.992,0.4,0.3,138,18
112,0,0,0,420,0,0,0,12,12,99999,0,0,0,1.0,12.0,0.4,0.3,432,3
112,0,1,0,453,0,0,0,6,6,99999,0,0,1,5.575,33.45,0.4,0.3,44,1
112,0,2,0,474,0,0,0,6,6,99999,0,0,2,0.425,2.55,0.4,0.3,88,1
112,0,3,0,452,0,0,0,6,6,99999,0,0,3,5.345,32.07,0.4,0.3,21,1
112,0,4,0,439,0,0,0,24,24,99999,0,0,4,1.602,38.448,0.4,0.3,63,3
112,0,5,0,495,0,0,0,24,24,99999,0,0,5,0.208,4.992,0.4,0.3,148,5
112,0,6,0,480,0,0,0,24,24,99999,0,0,6,0.405,9.72,0.4,0.3,80,3
112,0,7,0,431,0,0,0,12,12,99999,0,0,7,2.228,26.736,0.4,0.3,55,2
112,0,8,0,438,0,0,0,192,192,99999,0,0,8,0.302,57.984,0.4,0.3,156,20
112,0,9,0,428,0,0,0,192,192,99999,0,0,9,0.276,52.992,0.4,0.3,138,18
113,0,0,0,420,0,0,0,12,12,99999,0,0,0,1.0,12.0,0.4,0.3,432,3
113,0,1,0,453,0,0,0,6,6,99999,0,0,1,5.575,33.45,0.4,0.3,44,1
113,0,2,0,474,0,0,0,6,6,99999,0,0,2,0.425,2.55,0.4,0.3,88,1
113,0,3,0,452,0,0,0,6,6,99999,0,0,3,5.345,32.07,0.4,0.3,21,1
113,0,4,0,439,0,0,0,24,24,99999,0,0,4,1.602,38.448,0.4,0.3,63,3
113,0,5,0,495,0,0,0,24,24,99999,0,0,5,0.208,4.992,0.4,0.3,148,5
113,0,6,0,480,0,0,0,24,24,99999,0,0,6,0.405,9.72,0.4,0.3,80,3
113,0,7,0,431,0,0,0,12,12,99999,0,0,7,2.228,26.736,0.4,0.3,55,2
113,0,8,0,438,0,0,0,192,192,99999,0,0,8,0.302,57.984,0.4,0.3,156,20
113,0,9,0,428,0,0,0,192,192,99999,0,0,9,0.276,52.992,0.4,0.3,138,18
114,0,0,0,420,0,0,0,12,12,99999,0,0,0,1.0,12.0,0.4,0.3,432,3
114,0,1,0,453,0,0,0,6,6,99999,0,0,1,5.575,33.45,0.4,0.3,44,1
114,0,2,0,474,0,0,0,6,6,99999,0,0,2,0.425,2.55,0.4,0.3,88,1
114,0,3,0,452,0,0,0,6,6,99999,0,0,3,5.345,32.07,0.4,0.3,21,1
114,0,4,0,439,0,0,0,24,24,99999,0,0,4,1.602,38.448,0.4,0.3,63,3
114,0,5,0,495,0,0,0,24,24,99999,0,0,5,0.208,4.992,0.4,0.3,148,5
114,0,6,0,480,0,0,0,24,24,99999,0,0,6,0.405,9.72,0.4,0.3,80,3
114,0,7,0,431,0,0,0,12,12,99999,0,0,7,2.228,26.736,0.4,0.3,55,2
114,0,8,0,428,0,0,0,192,192,99999,0,0,8,0.276,52.992,0.4,0.3,138,18
114,0,9,0,502,0,0,0,24,24,99999,0,0,9,0.208,4.992,0.4,0.3,171,6
115,0,0,0,420,0,0,0,12,12,99999,0,0,0,1.0,12.0,0.4,0.3,432,3
115,0,1,0,453,0,0,0,6,6,99999,0,0,1,5.575,33.45,0.4,0.3,44,1
115,0,2,0,474,0,0,0,6,6,99999,0,0,2,0.425,2.55,0.4,0.3,88,1
115,0,3,0,452,0,0,0,6,6,99999,0,0,3,5.345,32.07,0.4,0.3,21,1
115,0,4,0,439,0,0,0,24,24,99999,0,0,4,1.602,38.448,0.4,0.3,63,3
115,0,5,0,495,0,0,0,24,24,99999,0,0,5,0.208,4.992,0.4,0.3,148,5
115,0,6,0,480,0,0,0,24,24,99999,0,0,6,0.405,9.72,0.4,0.3,80,3
115,0,7,0,431,0,0,0,12,12,99999,0,0,7,2.228,26.736,0.4,0.3,55,2
115,0,8,0,428,0,0,0,192,192,99999,0,0,8,0.276,52.992,0.4,0.3,138,18
115,0,9,0,502,0,0,0,24,24,99999,0,0,9,0.208,4.992,0.4,0.3,171,6
116,0,0,0,420,0,0,0,12,12,99999,0,0,0,1.0,12.0,0.4,0.3,432,3
116,0,1,0,453,0,0,0,6,6,99999,0,0,1,5.575,33.45,0.4,0.3,44,1
116,0,2,0,474,0,0,0,6,6,99999,0,0,2,0.425,2.55,0.4,0.3,88,1
116,0,3,0,452,0,0,0,6,6,99999,0,0,3,5.345,32.07,0.4,0.3,21,1
116,0,4,0,439,0,0,0,24,24,99999,0,0,4,1.602,38.448,0.4,0.3,63,3
116,0,5,0,495,0,0,0,24,24,99999,0,0,5,0.208,4.992,0.4,0.3,148,5
116,0,6,0,480,0,0,0,24,24,99999,0,0,6,0.405,9.72,0.4,0.3,80,3
116,0,7,0,431,0,0,0,12,12,99999,0,0,7,2.228,26.736,0.4,0.3,55,2
116,0,8,0,428,0,0,0,192,192,99999,0,0,8,0.276,52.992,0.4,0.3,138,18
116,0,9,0,502,0,0,0,24,24,99999,0,0,9,0.208,4.992,0.4,0.3,171,6
117,0,0,0,420,0,0,0,12,12,99999,0,0,0,1.0,12.0,0.4,0.3,432,3
117,0,1,0,453,0,0,0,6,6,99999,0,0,1,5.575,33.45,0.4,0.3,44,1
117,0,2,0,474,0,0,0,6,6,99999,0,0,2,0.425,2.55,0.4,0.3,88,1
117,0,3,0,452,0,0,0,6,6,99999,0,0,3,5.345,32.07,0.4,0.3,21,1
117,0,4,0,439,0,0,0,24,24,99999,0,0,4,1.602,38.448,0.4,0.3,63,3
117,0,5,0,495,0,0,0,24,24,99999,0,0,5,0.208,4.992,0.4,0.3,148,5
117,0,6,0,480,0,0,0,24,24,99999,0,0,6,0.405,9.72,0.4,0.3,80,3
117,0,7,0,431,0,0,0,12,12,99999,0,0,7,2.228,26.736,0.4,0.3,55,2
117,0,8,0,428,0,0,0,192,192,99999,0,0,8,0.276,52.992,0.4,0.3,138,18
117,0,9,0,502,0,0,0,24,24,99999,0,0,9,0.208,4.992,0.4,0.3,171,6
118,0,0,0,420,0,0,0,12,12,99999,0,0,0,1.0,12.0,0.4,0.3,432,3
118,0,1,0,453,0,0,0,6,6,99999,0,0,1,5.575,33.45,0.4,0.3,44,1
118,0,2,0,474,0,0,0,6,6,99999,0,0,2,0.425,2.55,0.4,0.3,88,1
118,0,3,0,452,0,0,0,6,6,99999,0,0,3,5.345,32.07,0.4,0.3,21,1
118,0,4,0,439,0,0,0,24,24,99999,0,0,4,1.602,38.448,0.4,0.3,63,3
118,0,5,0,495,0,0,0,24,24,99999,0,0,5,0.208,4.992,0.4,0.3,148,5
118,0,6,0,480,0,0,0,24,24,99999,0,0,6,0.405,9.72,0.4,0.3,80,3
118,0,7,0,431,0,0,0,12,12,99999,0,0,7,2.228,26.736,0.4,0.3,55,2
118,0,8,0,428,0,0,0,192,192,99999,0,0,8,0.276,52.992,0.4,0.3,138,18
118,0,9,0,502,0,0,0,24,24,99999,0,0,9,0.208,4.992,0.4,0.3,171,6
119,0,0,0,420,0,0,0,12,12,99999,0,0,0,1.0,12.0,0.4,0.3,432,3
119,0,1,0,453,0,0,0,6,6,99999,0,0,1,5.575,33.45,0.4,0.3,44,1
119,0,2,0,474,0,0,0,6,6,99999,0,0,2,0.425,2.55,0.4,0.3,88,1
119,0,3,0,452,0,0,0,6,6,99999,0,0,3,5.345,32.07,0.4,0.3,21,1
119,0,4,0,439,0,0,0,24,24,99999,0,0,4,1.602,38.448,0.4,0.3,63,3
119,0,5,0,495,0,0,0,24,24,99999,0,0,5,0.208,4.992,0.4,0.3,148,5
119,0,6,0,480,0,0,0,24,24,99999,0,0,6,0.405,9.72,0.4,0.3,80,3
119,0,7,0,431,0,0,0,12,12,99999,0,0,7,2.228,26.736,0.4,0.3,55,2
119,0,8,0,502,0,0,0,24,24,99999,0,0,8,0.208,4.992,0.4,0.3,171,6
119,0,9,0,441,0,0,0,96,96,99999,0,0,9,0.624,59.904,0.4,0.3,106,8
120,0,0,0,420,0,0,0,12,12,99999,0,0,0,1.0,12.0,0.4,0.3,432,3
120,0,1,0,453,0,0,0,6,6,99999,0,0,1,5.575,33.45,0.4,0.3,44,1
120,0,2,0,474,0,0,0,6,6,99999,0,0,2,0.425,2.55,0.4,0.3,88,1
120,0,3,0,452,0,0,0,6,6,99999,0,0,3,5.345,32.07,0.4,0.3,21,1
120,0,4,0,439,0,0,0,24,24,99999,0,0,4,1.602,38.448,0.4,0.3,63,3
120,0,5,0,495,0,0,0,24,24,99999,0,0,5,0.208,4.992,0.4,0.3,148,5
120,0,6,0,480,0,0,0,24,24,99999,0,0,6,0.405,9.72,0.4,0.3,80,3
120,0,7,0,431,0,0,0,12,12,99999,0,0,7,2.228,26.736,0.4,0.3,55,2
120,0,8,0,502,0,0,0,24,24,99999,0,0,8,0.208,4.992,0.4,0.3,171,6
120,0,9,0,441,0,0,0,96,96,99999,0,0,9,0.624,59.904,0.4,0.3,106,8
121,0,0,0,420,0,0,0,12,12,99999,0,0,0,1.0,12.0,0.4,0.3,432,3
121,0,1,0,453,0,0,0,6,6,99999,0,0,1,5.575,33.45,0.4,0.3,44,1
121,0,2,0,474,0,0,0,6,6,99999,0,0,2,0.425,2.55,0.4,0.3,88,1
121,0,3,0,452,0,0,0,6,6,99999,0,0,3,5.345,32.07,0.4,0.3,21,1
121,0,4,0,439,0,0,0,24,24,99999,0,0,4,1.602,38.448,0.4,0.3,63,3
121,0,5,0,495,0,0,0,24,24,99999,0,0,5,0.208,4.992,0.4,0.3,148,5
121,0,6,0,480,0,0,0,24,24,99999,0,0,6,0.405,9.72,0.4,0.3,80,3
121,0,7,0,431,0,0,0,12,12,99999,0,0,7,2.228,26.736,0.4,0.3,55,2
121,0,8,0,502,0,0,0,24,24,99999,0,0,8,0.208,4.992,0.4,0.3,171,6
121,0,9,0,441,0,0,0,96,96,99999,0,0,9,0.624,59.904,0.4,0.3,106,8
122,0,0,0,420,0,0,0,12,12,99999,0,0,0,1.0,12.0,0.4,0.3,432,3
122,0,1,0,453,0,0,0,6,6,99999,0,0,1,5.575,33.45,0.4,0.3,44,1
122,0,2,0,474,0,0,0,6,6,99999,0,0,2,0.425,2.55,0.4,0.3,88,1
122,0,3,0,452,0,0,0,6,6,99999,0,0,3,5.345,32.07,0.4,0.3,21,1
122,0,4,0,439,0,0,0,24,24,99999,0,0,4,1.602,38.448,0.4,0.3,63,3
122,0,5,0,495,0,0,0,24,24,99999,0,0,5,0.208,4.992,0.4,0.3,148,5
122,0,6,0,480,0,0,0,24,24,99999,0,0,6,0.405,9.72,0.4,0.3,80,3
122,0,7,0,431,0,0,0,12,12,99999,0,0,7,2.228,26.736,0.4,0.3,55,2
122,0,8,0,502,0,0,0,24,24,99999,0,0,8,0.208,4.992,0.4,0.3,171,6
122,0,9,0,441,0,0,0,96,96,99999,0,0,9,0.624,59.904,0.4,0.3,106,8
123,0,0,0,420,0,0,0,12,12,99999,0,0,0,1.0,12.0,0.4,0.3,432,3
123,0,1,0,453,0,0,0,6,6,99999,0,0,1,5.575,33.45,0.4,0.3,44,1
123,0,2,0,474,0,0,0,6,6,99999,0,0,2,0.425,2.55,0.4,0.3,88,1
123,0,3,0,452,0,0,0,6,6,99999,0,0,3,5.345,32.07,0.4,0.3,21,1
123,0,4,0,495,0,0,0,24,24,99999,0,0,4,0.208,4.992,0.4,0.3,148,5
123,0,5,0,480,0,0,0,24,24,99999,0,0,5,0.405,9.72,0.4,0.3,80,3
123,0,6,0,431,0,0,0,12,12,99999,0,0,6,2.228,26.736,0.4,0.3,55,2
123,0,7,0,502,0,0,0,24,24,99999,0,0,7,0.208,4.992,0.4,0.3,171,6
123,0,8,0,441,0,0,0,96,96,99999,0,0,8,0.624,59.904,0.4,0.3,106,8
123,0,9,0,510,0,0,0,24,24,99999,0,0,9,0.176,4.224,0.4,0.3,97,4
124,0,0,0,420,0,0,0,12,12,99999,0,0,0,1.0,12.0,0.4,0.3,432,3
124,0,1,0,453,0,0,0,6,6,99999,0,0,1,5.575,33.45,0.4,0.3,44,1
124,0,2,0,474,0,0,0,6,6,99999,0,0,2,0.425,2.55,0.4,0.3,88,1
124,0,3,0,495,0,0,0,24,24,99999,0,0,3,0.208,4.992,0.4,0.3,148,5
124,0,4,0,480,0,0,0,24,24,99999,0,0,4,0.405,9.72,0.4,0.3,80,3
124,0,5,0,431,0,0,0,12,12,99999,0,0,5,2.228,26.736,0.4,0.3,55,2
124,0,6,0,502,0,0,0,24,24,99999,0,0,6,0.208,4.992,0.4,0.3,171,6
124,0,7,0,441,0,0,0,96,96,99999,0,0,7,0.624,59.904,0.4,0.3,106,8
124,0,8,0,510,0,0,0,24,24,99999,0,0,8,0.176,4.224,0.4,0.3,97,4
124,0,9,0,504,0,0,0,36,36,99999,0,0,9,0.268,9.648,0.4,0.3,131,8
125,0,0,0,420,0,0,0,12,12,99999,0,0,0,1.0,12.0,0.4,0.3,432,3
125,0,1,0,453,0,0,0,6,6,99999,0,0,1,5.575,33.45,0.4,0.3,44,1
125,0,2,0,474,0,0,0,6,6,99999,0,0,2,0.425,2.55,0.4,0.3,88,1
125,0,3,0,495,0,0,0,24,24,99999,0,0,3,0.208,4.992,0.4,0.3,148,5
125,0,4,0,480,0,0,0,24,24,99999,0,0,4,0.405,9.72,0.4,0.3,80,3
125,0,5,0,431,0,0,0,12,12,99999,0,0,5,2.228,26.736,0.4,0.3,55,2
125,0,6,0,502,0,0,0,24,24,99999,0,0,6,0.208,4.992,0.4,0.3,171,6
125,0,7,0,441,0,0,0,96,96,99999,0,0,7,0.624,59.904,0.4,0.3,106,8
125,0,8,0,510,0,0,0,24,24,99999,0,0,8,0.176,4.224,0.4,0.3,97,4
125,0,9,0,504,0,0,0,36,36,99999,0,0,9,0.268,9.648,0.4,0.3,131,8
126,0,0,0,420,0,0,0,12,12,99999,0,0,0,1.0,12.0,0.4,0.3,432,3
126,0,1,0,453,0,0,0,6,6,99999,0,0,1,5.575,33.45,0.4,0.3,44,1
126,0,2,0,474,0,0,0,6,6,99999,0,0,2,0.425,2.55,0.4,0.3,88,1
126,0,3,0,480,0,0,0,24,24,99999,0,0,3,0.405,9.72,0.4,0.3,80,3
126,0,4,0,431,0,0,0,12,12,99999,0,0,4,2.228,26.736,0.4,0.3,55,2
126,0,5,0,502,0,0,0,24,24,99999,0,0,5,0.208,4.992,0.4,0.3,171,6
126,0,6,0,441,0,0,0,96,96,99999,0,0,6,0.624,59.904,0.4,0.3,106,8
126,0,7,0,510,0,0,0,24,24,99999,0,0,7,0.176,4.224,0.4,0.3,97,4
126,0,8,0,504,0,0,0,36,36,99999,0,0,8,0.268,9.648,0.4,0.3,131,8
126,0,9,0,444,0,0,0,288,288,99999,0,0,9,0.271,78.048,0.4,0.3,163,33
127,0,0,0,420,0,0,0,12,12,99999,0,0,0,1.0,12.0,0.4,0.3,432,3
127,0,1,0,453,0,0,0,6,6,99999,0,0,1,5.575,33.45,0.4,0.3,44,1
127,0,2,0,474,0,0,0,6,6,99999,0,0,2,0.425,2.55,0.4,0.3,88,1
127,0,3,0,480,0,0,0,24,24,99999,0,0,3,0.405,9.72,0.4,0.3,80,3
127,0,4,0,431,0,0,0,12,12,99999,0,0,4,2.228,26.736,0.4,0.3,55,2
127,0,5,0,502,0,0,0,24,24,99999,0,0,5,0.208,4.992,0.4,0.3,171,6
127,0,6,0,441,0,0,0,96,96,99999,0,0,6,0.624,59.904,0.4,0.3,106,8
127,0,7,0,510,0,0,0,24,24,99999,0,0,7,0.176,4.224,0.4,0.3,97,4
127,0,8,0,504,0,0,0,36,36,99999,0,0,8,0.268,9.648,0.4,0.3,131,8
127,0,9,0,444,0,0,0,288,288,99999,0,0,9,0.271,78.048,0.4,0.3,163,33
128,0,0,0,420,0,0,0,12,12,99999,0,0,0,1.0,12.0,0.4,0.3,432,3
128,0,1,0,453,0,0,0,6,6,99999,0,0,1,5.575,33.45,0.4,0.3,44,1
128,0,2,0,474,0,0,0,6,6,99999,0,0,2,0.425,2.55,0.4,0.3,88,1
128,0,3,0,480,0,0,0,24,24,99999,0,0,3,0.405,9.72,0.4,0.3,80,3
128,0,4,0,431,0,0,0,12,12,99999,0,0,4,2.228,26.736,0.4,0.3,55,2
128,0,5,0,502,0,0,0,24,24,99999,0,0,5,0.208,4.992,0.4,0.3,171,6
128,0,6,0,441,0,0,0,96,96,99999,0,0,6,0.624,59.904,0.4,0.3,106,8
128,0,7,0,510,0,0,0,24,24,99999,0,0,7,0.176,4.224,0.4,0.3,97,4
128,0,8,0,504,0,0,0,36,36,99999,0,0,8,0.268,9.648,0.4,0.3,131,8
128,0,9,0,444,0,0,0,288,288,99999,0,0,9,0.271,78.048,0.4,0.3,163,33
129,0,0,0,420,0,0,0,12,12,99999,0,0,0,1.0,12.0,0.4,0.3,432,3
129,0,1,0,453,0,0,0,6,6,99999,0,0,1,5.575,33.45,0.4,0.3,44,1
129,0,2,0,474,0,0,0,6,6,99999,0,0,2,0.425,2.55,0.4,0.3,88,1
129,0,3,0,480,0,0,0,24,24,99999,0,0,3,0.405,9.72,0.4,0.3,80,3
129,0,4,0,431,0,0,0,12,12,99999,0,0,4,2.228,26.736,0.4,0.3,55,2
129,0,5,0,502,0,0,0,24,24,99999,0,0,5,0.208,4.992,0.4,0.3,171,6
129,0,6,0,441,0,0,0,96,96,99999,0,0,6,0.624,59.904,0.4,0.3,106,8
129,0,7,0,510,0,0,0,24,24,99999,0,0,7,0.176,4.224,0.4,0.3,97,4
129,0,8,0,504,0,0,0,36,36,99999,0,0,8,0.268,9.648,0.4,0.3,131,8
129,0,9,0,444,0,0,0,288,288,99999,0,0,9,0.271,78.048,0.4,0.3,163,33
130,0,0,0,420,0,0,0,12,12,99999,0,0,0,1.0,12.0,0.4,0.3,432,3
130,0,1,0,453,0,0,0,6,6,99999,0,0,1,5.575,33.45,0.4,0.3,44,1
130,0,2,0,474,0,0,0,6,6,99999,0,0,2,0.425,2.55,0.4,0.3,88,1
130,0,3,0,480,0,0,0,24,24,99999,0,0,3,0.405,9.72,0.4,0.3,80,3
130,0,4,0,431,0,0,0,12,12,99999,0,0,4,2.228,26.736,0.4,0.3,55,2
130,0,5,0,502,0,0,0,24,24,99999,0,0,5,0.208,4.992,0.4,0.3,171,6
130,0,6,0,441,0,0,0,96,96,99999,0,0,6,0.624,59.904,0.4,0.3,106,8
130,0,7,0,510,0,0,0,24,24,99999,0,0,7,0.176,4.224,0.4,0.3,97,4
130,0,8,0,504,0,0,0,36,36,99999,0,0,8,0.268,9.648,0.4,0.3,131,8
130,0,9,0,444,0,0,0,288,288,99999,0,0,9,0.271,78.048,0.4,0.3,163,33
131,0,0,0,420,0,0,0,12,12,99999,0,0,0,1.0,12.0,0.4,0.3,432,3
131,0,1,0,453,0,0,0,6,6,99999,0,0,1,5.575,33.45,0.4,0.3,44,1
131,0,2,0,474,0,0,0,6,6,99999,0,0,2,0.425,2.55,0.4,0.3,88,1
131,0,3,0,480,0,0,0,24,24,99999,0,0,3,0.405,9.72,0.4,0.3,80,3
131,0,4,0,431,0,0,0,12,12,99999,0,0,4,2.228,26.736,0.4,0.3,55,2
131,0,5,0,502,0,0,0,24,24,99999,0,0,5,0.208,4.992,0.4,0.3,171,6
131,0,6,0,441,0,0,0,96,96,99999,0,0,6,0.624,59.904,0.4,0.3,106,8
131,0,7,0,510,0,0,0,24,24,99999,0,0,7,0.176,4.224,0.4,0.3,97,4
131,0,8,0,504,0,0,0,36,36,99999,0,0,8,0.268,9.648,0.4,0.3,131,8
131,0,9,0,440,0,0,0,96,96,99999,0,0,9,0.62,59.52,0.4,0.3,90,7
132,0,0,0,420,0,0,0,12,12,99999,0,0,0,1.0,12.0,0.4,0.3,432,3
132,0,1,0,453,0,0,0,6,6,99999,0,0,1,5.575,33.45,0.4,0.3,44,1
132,0,2,0,474,0,0,0,6,6,99999,0,0,2,0.425,2.55,0.4,0.3,88,1
132,0,3,0,480,0,0,0,24,24,99999,0,0,3,0.405,9.72,0.4,0.3,80,3
132,0,4,0,431,0,0,0,12,12,99999,0,0,4,2.228,26.736,0.4,0.3,55,2
132,0,5,0,502,0,0,0,24,24,99999,0,0,5,0.208,4.992,0.4,0.3,171,6
132,0,6,0,441,0,0,0,96,96,99999,0,0,6,0.624,59.904,0.4,0.3,106,8
132,0,7,0,510,0,0,0,24,24,99999,0,0,7,0.176,4.224,0.4,0.3,97,4
132,0,8,0,504,0,0,0,36,36,99999,0,0,8,0.268,9.648,0.4,0.3,131,8
132,0,9,0,440,0,0,0,96,96,99999,0,0,9,0.62,59.52,0.4,0.3,90,7
133,0,0,0,420,0,0,0,12,12,99999,0,0,0,1.0,12.0,0.4,0.3,432,3
133,0,1,0,453,0,0,0,6,6,99999,0,0,1,5.575,33.45,0.4,0.3,44,1
133,0,2,0,474,0,0,0,6,6,99999,0,0,2,0.425,2.55,0.4,0.3,88,1
133,0,3,0,480,0,0,0,24,24,99999,0,0,3,0.405,9.72,0.4,0.3,80,3
133,0,4,0,431,0,0,0,12,12,99999,0,0,4,2.228,26.736,0.4,0.3,55,2
133,0,5,0,502,0,0,0,24,24,99999,0,0,5,0.208,4.992,0.4,0.3,171,6
133,0,6,0,510,0,0,0,24,24,99999,0,0,6,0.176,4.224,0.4,0.3,97,4
133,0,7,0,504,0,0,0,36,36,99999,0,0,7,0.268,9.648,0.4,0.3,131,8
133,0,8,0,440,0,0,0,96,96,99999,0,0,8,0.62,59.52,0.4,0.3,90,7
133,0,9,0,472,0,0,0,48,48,99999,0,0,9,0.102,4.896,0.4,0.3,222,9
134,0,0,0,420,0,0,0,12,12,99999,0,0,0,1.0,12.0,0.4,0.3,432,3
134,0,1,0,453,0,0,0,6,6,99999,0,0,1,5.575,33.45,0.4,0.3,44,1
134,0,2,0,474,0,0,0,6,6,99999,0,0,2,0.425,2.55,0.4,0.3,88,1
134,0,3,0,431,0,0,0,12,12,99999,0,0,3,2.228,26.736,0.4,0.3,55,2
134,0,4,0,502,0,0,0,24,24,99999,0,0,4,0.208,4.992,0.4,0.3,171,6
134,0,5,0,510,0,0,0,24,24,99999,0,0,5,0.176,4.224,0.4,0.3,97,4
134,0,6,0,504,0,0,0,36,36,99999,0,0,6,0.268,9.648,0.4,0.3,131,8
134,0,7,0,440,0,0,0,96,96,99999,0,0,7,0.62,59.52,0.4,0.3,90,7
134,0,8,0,472,0,0,0,48,48,99999,0,0,8,0.102,4.896,0.4,0.3,222,9
134,0,9,0,442,0,0,0,240,240,99999,0,0,9,0.278,66.72,0.4,0.3,155,31
135,0,0,0,420,0,0,0,12,12,99999,0,0,0,1.0,12.0,0.4,0.3,432,3
135,0,1,0,453,0,0,0,6,6,99999,0,0,1,5.575,33.45,0.4,0.3,44,1
135,0,2,0,474,0,0,0,6,6,99999,0,0,2,0.425,2.55,0.4,0.3,88,1
135,0,3,0,431,0,0,0,12,12,99999,0,0,3,2.228,26.736,0.4,0.3,55,2
135,0,4,0,502,0,0,0,24,24,99999,0,0,4,0.208,4.992,0.4,0.3,171,6
135,0,5,0,510,0,0,0,24,24,99999,0,0,5,0.176,4.224,0.4,0.3,97,4
135,0,6,0,504,0,0,0,36,36,99999,0,0,6,0.268,9.648,0.4,0.3,131,8
135,0,7,0,440,0,0,0,96,96,99999,0,0,7,0.62,59.52,0.4,0.3,90,7
135,0,8,0,472,0,0,0,48,48,99999,0,0,8,0.102,4.896,0.4,0.3,222,9
135,0,9,0,442,0,0,0,240,240,99999,0,0,9,0.278,66.72,0.4,0.3,155,31
136,0,0,0,420,0,0,0,12,12,99999,0,0,0,1.0,12.0,0.4,0.3,432,3
136,0,1,0,453,0,0,0,6,6,99999,0,0,1,5.575,33.45,0.4,0.3,44,1
136,0,2,0,474,0,0,0,6,6,99999,0,0,2,0.425,2.55,0.4,0.3,88,1
136,0,3,0,502,0,0,0,24,24,99999,0,0,3,0.208,4.992,0.4,0.3,171,6
136,0,4,0,510,0,0,0,24,24,99999,0,0,4,0.176,4.224,0.4,0.3,97,4
136,0,5,0,504,0,0,0,36,36,99999,0,0,5,0.268,9.648,0.4,0.3,131,8
136,0,6,0,440,0,0,0,96,96,99999,0,0,6,0.62,59.52,0.4,0.3,90,7
136,0,7,0,472,0,0,0,48,48,99999,0,0,7,0.102,4.896,0.4,0.3,222,9
136,0,8,0,442,0,0,0,240,240,99999,0,0,8,0.278,66.72,0.4,0.3,155,31
136,0,9,0,454,0,0,0,6,6,99999,0,0,9,6.4,38.4,0.4,0.3,12,1
137,0,0,0,420,0,0,0,12,12,99999,0,0,0,1.0,12.0,0.4,0.3,432,3
137,0,1,0,453,0,0,0,6,6,99999,0,0,1,5.575,33.45,0.4,0.3,44,1
137,0,2,0,474,0,0,0,6,6,99999,0,0,2,0.425,2.55,0.4,0.3,88,1
137,0,3,0,502,0,0,0,24,24,99999,0,0,3,0.208,4.992,0.4,0.3,171,6
137,0,4,0,510,0,0,0,24,24,99999,0,0,4,0.176,4.224,0.4,0.3,97,4
137,0,5,0,504,0,0,0,36,36,99999,0,0,5,0.268,9.648,0.4,0.3,131,8
137,0,6,0,440,0,0,0,96,96,99999,0,0,6,0.62,59.52,0.4,0.3,90,7
137,0,7,0,472,0,0,0,48,48,99999,0,0,7,0.102,4.896,0.4,0.3,222,9
137,0,8,0,442,0,0,0,240,240,99999,0,0,8,0.278,66.72,0.4,0.3,155,31
137,0,9,0,454,0,0,0,6,6,99999,0,0,9,6.4,38.4,0.4,0.3,12,1
138,0,0,0,420,0,0,0,12,12,99999,0,0,0,1.0,12.0,0.4,0.3,432,3
138,0,1,0,474,0,0,0,6,6,99999,0,0,1,0.425,2.55,0.4,0.3,88,1
138,0,2,0,502,0,0,0,24,24,99999,0,0,2,0.208,4.992,0.4,0.3,171,6
138,0,3,0,510,0,0,0,24,24,99999,0,0,3,0.176,4.224,0.4,0.3,97,4
138,0,4,0,504,0,0,0,36,36,99999,0,0,4,0.268,9.648,0.4,0.3,131,8
138,0,5,0,440,0,0,0,96,96,99999,0,0,5,0.62,59.52,0.4,0.3,90,7
138,0,6,0,472,0,0,0,48,48,99999,0,0,6,0.102,4.896,0.4,0.3,222,9
138,0,7,0,442,0,0,0,240,240,99999,0,0,7,0.278,66.72,0.4,0.3,155,31
138,0,8,0,454,0,0,0,6,6,99999,0,0,8,6.4,38.4,0.4,0.3,12,1
138,0,9,0,455,0,0,0,6,6,99999,0,0,9,6.0,36.0,0.4,0.3,11,1
139,0,0,0,420,0,0,0,12,12,99999,0,0,0,1.0,12.0,0.4,0.3,432,3
139,0,1,0,474,0,0,0,6,6,99999,0,0,1,0.425,2.55,0.4,0.3,88,1
139,0,2,0,502,0,0,0,24,24,99999,0,0,2,0.208,4.992,0.4,0.3,171,6
139,0,3,0,510,0,0,0,24,24,99999,0,0,3,0.176,4.224,0.4,0.3,97,4
139,0,4,0,504,0,0,0,36,36,99999,0,0,4,0.268,9.648,0.4,0.3,131,8
139,0,5,0,440,0,0,0,96,96,99999,0,0,5,0.62,59.52,0.4,0.3,90,7
139,0,6,0,472,0,0,0,48,48,99999,0,0,6,0.102,4.896,0.4,0.3,222,9
139,0,7,0,454,0,0,0,6,6,99999,0,0,7,6.4,38.4,0.4,0.3,12,1
139,0,8,0,455,0,0,0,6,6,99999,0,0,8,6.0,36.0,0.4,0.3,11,1
139,0,9,0,509,0,0,0,48,48,99999,0,0,9,0.142,6.816,0.4,0.3,87,8
140,0,0,0,420,0,0,0,12,12,99999,0,0,0,1.0,12.0,0.4,0.3,432,3
140,0,1,0,474,0,0,0,6,6,99999,0,0,1,0.425,2.55,0.4,0.3,88,1
140,0,2,0,502,0,0,0,24,24,99999,0,0,2,0.208,4.992,0.4,0.3,171,6
140,0,3,0,510,0,0,0,24,24,99999,0,0,3,0.176,4.224,0.4,0.3,97,4
140,0,4,0,504,0,0,0,36,36,99999,0,0,4,0.268,9.648,0.4,0.3,131,8
140,0,5,0,440,0,0,0,96,96,99999,0,0,5,0.62,59.52,0.4,0.3,90,7
140,0,6,0,472,0,0,0,48,48,99999,0,0,6,0.102,4.896,0.4,0.3,222,9
140,0,7,0,454,0,0,0,6,6,99999,0,0,7,6.4,38.4,0.4,0.3,12,1
140,0,8,0,455,0,0,0,6,6,99999,0,0,8,6.0,36.0,0.4,0.3,11,1
140,0,9,0,509,0,0,0,48,48,99999,0,0,9,0.142,6.816,0.4,0.3,87,8
141,0,0,0,420,0,0,0,12,12,99999,0,0,0,1.0,12.0,0.4,0.3,432,3
141,0,1,0,474,0,0,0,6,6,99999,0,0,1,0.425,2.55,0.4,0.3,88,1
141,0,2,0,502,0,0,0,24,24,99999,0,0,2,0.208,4.992,0.4,0.3,171,6
141,0,3,0,510,0,0,0,24,24,99999,0,0,3,0.176,4.224,0.4,0.3,97,4
141,0,4,0,504,0,0,0,36,36,99999,0,0,4,0.268,9.648,0.4,0.3,131,8
141,0,5,0,440,0,0,0,96,96,99999,0,0,5,0.62,59.52,0.4,0.3,90,7
141,0,6,0,472,0,0,0,48,48,99999,0,0,6,0.102,4.896,0.4,0.3,222,9
141,0,7,0,454,0,0,0,6,6,99999,0,0,7,6.4,38.4,0.4,0.3,12,1
141,0,8,0,455,0,0,0,6,6,99999,0,0,8,6.0,36.0,0.4,0.3,11,1
141,0,9,0,509,0,0,0,48,48,99999,0,0,9,0.142,6.816,0.4,0.3,87,8
142,0,0,0,420,0,0,0,12,12,99999,0,0,0,1.0,12.0,0.4,0.3,432,3
142,0,1,0,474,0,0,0,6,6,99999,0,0,1,0.425,2.55,0.4,0.3,88,1
142,0,2,0,502,0,0,0,24,24,99999,0,0,2,0.208,4.992,0.4,0.3,171,6
142,0,3,0,510,0,0,0,24,24,99999,0,0,3,0.176,4.224,0.4,0.3,97,4
142,0,4,0,440,0,0,0,96,96,99999,0,0,4,0.62,59.52,0.4,0.3,90,7
142,0,5,0,472,0,0,0,48,48,99999,0,0,5,0.102,4.896,0.4,0.3,222,9
142,0,6,0,454,0,0,0,6,6,99999,0,0,6,6.4,38.4,0.4,0.3,12,1
142,0,7,0,455,0,0,0,6,6,99999,0,0,7,6.0,36.0,0.4,0.3,11,1
142,0,8,0,509,0,0,0,48,48,99999,0,0,8,0.142,6.816,0.4,0.3,87,8
142,0,9,0,430,0,0,0,144,144,99999,0,0,9,0.398,57.312,0.4,0.3,96,14
143,0,0,0,420,0,0,0,12,12,99999,0,0,0,1.0,12.0,0.4,0.3,432,3
143,0,1,0,474,0,0,0,6,6,99999,0,0,1,0.425,2.55,0.4,0.3,88,1
143,0,2,0,510,0,0,0,24,24,99999,0,0,2,0.176,4.224,0.4,0.3,97,4
143,0,3,0,440,0,0,0,96,96,99999,0,0,3,0.62,59.52,0.4,0.3,90,7
143,0,4,0,472,0,0,0,48,48,99999,0,0,4,0.102,4.896,0.4,0.3,222,9
143,0,5,0,454,0,0,0,6,6,99999,0,0,5,6.4,38.4,0.4,0.3,12,1
143,0,6,0,455,0,0,0,6,6,99999,0,0,6,6.0,36.0,0.4,0.3,11,1
143,0,7,0,509,0,0,0,48,48,99999,0,0,7,0.142,6.816,0.4,0.3,87,8
143,0,8,0,430,0,0,0,144,144,99999,0,0,8,0.398,57.312,0.4,0.3,96,14
143,0,9,0,447,0,0,0,96,96,99999,0,0,9,0.667,64.032,0.4,0.3,88,8
144,0,0,0,420,0,0,0,12,12,99999,0,0,0,1.0,12.0,0.4,0.3,432,3
144,0,1,0,474,0,0,0,6,6,99999,0,0,1,0.425,2.55,0.4,0.3,88,1
144,0,2,0,510,0,0,0,24,24,99999,0,0,2,0.176,4.224,0.4,0.3,97,4
144,0,3,0,472,0,0,0,48,48,99999,0,0,3,0.102,4.896,0.4,0.3,222,9
144,0,4,0,454,0,0,0,6,6,99999,0,0,4,6.4,38.4,0.4,0.3,12,1
144,0,5,0,455,0,0,0,6,6,99999,0,0,5,6.0,36.0,0.4,0.3,11,1
144,0,6,0,509,0,0,0,48,48,99999,0,0,6,0.142,6.816,0.4,0.3,87,8
144,0,7,0,430,0,0,0,144,144,99999,0,0,7,0.398,57.312,0.4,0.3,96,14
144,0,8,0,447,0,0,0,96,96,99999,0,0,8,0.667,64.032,0.4,0.3,88,8
144,0,9,0,500,0,0,0,48,48,99999,0,0,9,0.125,6.0,0.4,0.3,146,7
145,0,0,0,420,0,0,0,12,12,99999,0,0,0,1.0,12.0,0.4,0.3,432,3
145,0,1,0,474,0,0,0,6,6,99999,0,0,1,0.425,2.55,0.4,0.3,88,1
145,0,2,0,510,0,0,0,24,24,99999,0,0,2,0.176,4.224,0.4,0.3,97,4
145,0,3,0,472,0,0,0,48,48,99999,0,0,3,0.102,4.896,0.4,0.3,222,9
145,0,4,0,454,0,0,0,6,6,99999,0,0,4,6.4,38.4,0.4,0.3,12,1
145,0,5,0,455,0,0,0,6,6,99999,0,0,5,6.0,36.0,0.4,0.3,11,1
145,0,6,0,509,0,0,0,48,48,99999,0,0,6,0.142,6.816,0.4,0.3,87,8
145,0,7,0,430,0,0,0,144,144,99999,0,0,7,0.398,57.312,0.4,0.3,96,14
145,0,8,0,447,0,0,0,96,96,99999,0,0,8,0.667,64.032,0.4,0.3,88,8
145,0,9,0,500,0,0,0,48,48,99999,0,0,9,0.125,6.0,0.4,0.3,146,7
146,0,0,0,420,0,0,0,12,12,99999,0,0,0,1.0,12.0,0.4,0.3,432,3
146,0,1,0,474,0,0,0,6,6,99999,0,0,1,0.425,2.55,0.4,0.3,88,1
146,0,2,0,510,0,0,0,24,24,99999,0,0,2,0.176,4.224,0.4,0.3,97,4
146,0,3,0,472,0,0,0,48,48,99999,0,0,3,0.102,4.896,0.4,0.3,222,9
146,0,4,0,454,0,0,0,6,6,99999,0,0,4,6.4,38.4,0.4,0.3,12,1
146,0,5,0,455,0,0,0,6,6,99999,0,0,5,6.0,36.0,0.4,0.3,11,1
146,0,6,0,509,0,0,0,48,48,99999,0,0,6,0.142,6.816,0.4,0.3,87,8
146,0,7,0,430,0,0,0,144,144,99999,0,0,7,0.398,57.312,0.4,0.3,96,14
146,0,8,0,447,0,0,0,96,96,99999,0,0,8,0.667,64.032,0.4,0.3,88,8
146,0,9,0,500,0,0,0,48,48,99999,0,0,9,0.125,6.0,0.4,0.3,146,7
147,0,0,0,420,0,0,0,12,12,99999,0,0,0,1.0,12.0,0.4,0.3,432,3
147,0,1,0,474,0,0,0,6,6,99999,0,0,1,0.425,2.55,0.4,0.3,88,1
147,0,2,0,510,0,0,0,24,24,99999,0,0,2,0.176,4.224,0.4,0.3,97,4
147,0,3,0,472,0,0,0,48,48,99999,0,0,3,0.102,4.896,0.4,0.3,222,9
147,0,4,0,454,0,0,0,6,6,99999,0,0,4,6.4,38.4,0.4,0.3,12,1
147,0,5,0,455,0,0,0,6,6,99999,0,0,5,6.0,36.0,0.4,0.3,11,1
147,0,6,0,509,0,0,0,48,48,99999,0,0,6,0.142,6.816,0.4,0.3,87,8
147,0,7,0,430,0,0,0,144,144,99999,0,0,7,0.398,57.312,0.4,0.3,96,14
147,0,8,0,447,0,0,0,96,96,99999,0,0,8,0.667,64.032,0.4,0.3,88,8
147,0,9,0,500,0,0,0,48,48,99999,0,0,9,0.125,6.0,0.4,0.3,146,7
148,0,0,0,420,0,0,0,12,12,99999,0,0,0,1.0,12.0,0.4,0.3,432,3
148,0,1,0,474,0,0,0,6,6,99999,0,0,1,0.425,2.55,0.4,0.3,88,1
148,0,2,0,510,0,0,0,24,24,99999,0,0,2,0.176,4.224,0.4,0.3,97,4
148,0,3,0,472,0,0,0,48,48,99999,0,0,3,0.102,4.896,0.4,0.3,222,9
148,0,4,0,454,0,0,0,6,6,99999,0,0,4,6.4,38.4,0.4,0.3,12,1
148,0,5,0,455,0,0,0,6,6,99999,0,0,5,6.0,36.0,0.4,0.3,11,1
148,0,6,0,509,0,0,0,48,48,99999,0,0,6,0.142,6.816,0.4,0.3,87,8
148,0,7,0,430,0,0,0,144,144,99999,0,0,7,0.398,57.312,0.4,0.3,96,14
148,0,8,0,447,0,0,0,96,96,99999,0,0,8,0.667,64.032,0.4,0.3,88,8
148,0,9,0,500,0,0,0,48,48,99999,0,0,9,0.125,6.0,0.4,0.3,146,7
149,0,0,0,420,0,0,0,12,12,99999,0,0,0,1.0,12.0,0.4,0.3,432,3
149,0,1,0,474,0,0,0,6,6,99999,0,0,1,0.425,2.55,0.4,0.3,88,1
149,0,2,0,510,0,0,0,24,24,99999,0,0,2,0.176,4.224,0.4,0.3,97,4
149,0,3,0,472,0,0,0,48,48,99999,0,0,3,0.102,4.896,0.4,0.3,222,9
149,0,4,0,454,0,0,0,6,6,99999,0,0,4,6.4,38.4,0.4,0.3,12,1
149,0,5,0,455,0,0,0,6,6,99999,0,0,5,6.0,36.0,0.4,0.3,11,1
149,0,6,0,509,0,0,0,48,48,99999,0,0,6,0.142,6.816,0.4,0.3,87,8
149,0,7,0,447,0,0,0,96,96,99999,0,0,7,0.667,64.032,0.4,0.3,88,8
149,0,8,0,500,0,0,0,48,48,99999,0,0,8,0.125,6.0,0.4,0.3,146,7
149,0,9,0,437,0,0,0,240,240,99999,0,0,9,0.277,66.48,0.4,0.3,140,35
150,0,0,0,420,0,0,0,12,12,99999,0,0,0,1.0,12.0,0.4,0.3,432,3
150,0,1,0,474,0,0,0,6,6,99999,0,0,1,0.425,2.55,0.4,0.3,88,1
150,0,2,0,472,0,0,0,48,48,99999,0,0,2,0.102,4.896,0.4,0.3,222,9
150,0,3,0,454,0,0,0,6,6,99999,0,0,3,6.4,38.4,0.4,0.3,12,1
150,0,4,0,455,0,0,0,6,6,99999,0,0,4,6.0,36.0,0.4,0.3,11,1
150,0,5,0,447,0,0,0,96,96,99999,0,0,5,0.667,64.032,0.4,0.3,88,8
150,0,6,0,500,0,0,0,48,48,99999,0,0,6,0.125,6.0,0.4,0.3,146,7
150,0,7,0,437,0,0,0,240,240,99999,0,0,7,0.277,66.48,0.4,0.3,140,35
150,0,8,0,434,0,0,0,288,288,99999,0,0,8,0.275,79.2,0.4,0.3,111,28
150,0,9,0,445,0,0,0,288,288,99999,0,0,9,0.272,78.336,0.4,0.3,88,22
151,0,0,0,420,0,0,0,12,12,99999,0,0,0,1.0,12.0,0.4,0.3,432,3
151,0,1,0,474,0,0,0,6,6,99999,0,0,1,0.425,2.55,0.4,0.3,88,1
151,0,2,0,472,0,0,0,48,48,99999,0,0,2,0.102,4.896,0.4,0.3,222,9
151,0,3,0,454,0,0,0,6,6,99999,0,0,3,6.4,38.4,0.4,0.3,12,1
151,0,4,0,455,0,0,0,6,6,99999,0,0,4,6.0,36.0,0.4,0.3,11,1
151,0,5,0,447,0,0,0,96,96,99999,0,0,5,0.667,64.032,0.4,0.3,88,8
151,0,6,0,500,0,0,0,48,48,99999,0,0,6,0.125,6.0,0.4,0.3,146,7
151,0,7,0,437,0,0,0,240,240,99999,0,0,7,0.277,66.48,0.4,0.3,140,35
151,0,8,0,434,0,0,0,288,288,99999,0,0,8,0.275,79.2,0.4,0.3,111,28
151,0,9,0,445,0,0,0,288,288,99999,0,0,9,0.272,78.336,0.4,0.3,88,22
152,0,0,0,420,0,0,0,12,12,99999,0,0,0,1.0,12.0,0.4,0.3,432,3
152,0,1,0,474,0,0,0,6,6,99999,0,0,1,0.425,2.55,0.4,0.3,88,1
152,0,2,0,472,0,0,0,48,48,99999,0,0,2,0.102,4.896,0.4,0.3,222,9
152,0,3,0,455,0,0,0,6,6,99999,0,0,3,6.0,36.0,0.4,0.3,11,1
152,0,4,0,447,0,0,0,96,96,99999,0,0,4,0.667,64.032,0.4,0.3,88,8
152,0,5,0,500,0,0,0,48,48,99999,0,0,5,0.125,6.0,0.4,0.3,146,7
152,0,6,0,437,0,0,0,240,240,99999,0,0,6,0.277,66.48,0.4,0.3,140,35
152,0,7,0,434,0,0,0,288,288,99999,0,0,7,0.275,79.2,0.4,0.3,111,28
152,0,8,0,445,0,0,0,288,288,99999,0,0,8,0.272,78.336,0.4,0.3,88,22
152,0,9,0,443,0,0,0,96,96,99999,0,0,9,0.623,59.808,0.4,0.3,94,10
153,0,0,0,420,0,0,0,12,12,99999,0,0,0,1.0,12.0,0.4,0.3,432,3
153,0,1,0,474,0,0,0,6,6,99999,0,0,1,0.425,2.55,0.4,0.3,88,1
153,0,2,0,472,0,0,0,48,48,99999,0,0,2,0.102,4.896,0.4,0.3,222,9
153,0,3,0,447,0,0,0,96,96,99999,0,0,3,0.667,64.032,0.4,0.3,88,8
153,0,4,0,500,0,0,0,48,48,99999,0,0,4,0.125,6.0,0.4,0.3,146,7
153,0,5,0,434,0,0,0,288,288,99999,0,0,5,0.275,79.2,0.4,0.3,111,28
153,0,6,0,445,0,0,0,288,288,99999,0,0,6,0.272,78.336,0.4,0.3,88,22
153,0,7,0,443,0,0,0,96,96,99999,0,0,7,0.623,59.808,0.4,0.3,94,10
153,0,8,0,435,0,0,0,216,216,99999,0,0,8,0.329,71.064,0.4,0.3,119,30
153,0,9,0,436,0,0,0,288,288,99999,0,0,9,0.28,80.64,0.4,0.3,92,31
154,0,0,0,420,0,0,0,12,12,99999,0,0,0,1.0,12.0,0.4,0.3,432,3
154,0,1,0,474,0,0,0,6,6,99999,0,0,1,0.425,2.55,0.4,0.3,88,1
154,0,2,0,472,0,0,0,48,48,99999,0,0,2,0.102,4.896,0.4,0.3,222,9
154,0,3,0,500,0,0,0,48,48,99999,0,0,3,0.125,6.0,0.4,0.3,146,7
154,0,4,0,443,0,0,0,96,96,99999,0,0,4,0.623,59.808,0.4,0.3,94,10
154,0,5,0,435,0,0,0,216,216,99999,0,0,5,0.329,71.064,0.4,0.3,119,30
154,0,6,0,436,0,0,0,288,288,99999,0,0,6,0.28,80.64,0.4,0.3,92,31
154,0,7,0,456,0,0,0,40,40,99999,0,0,7,1.0,40.0,0.4,0.3,4,4
154,0,8,0,475,0,0,0,12,12,99999,0,0,8,0.41,4.92,0.4,0.3,48,2
154,0,9,0,450,0,0,0,48,48,99999,0,0,9,0.644,30.912,0.4,0.3,124,8
155,0,0,0,420,0,0,0,12,12,99999,0,0,0,1.0,12.0,0.4,0.3,432,3
155,0,1,0,474,0,0,0,6,6,99999,0,0,1,0.425,2.55,0.4,0.3,88,1
155,0,2,0,472,0,0,0,48,48,99999,0,0,2,0.102,4.896,0.4,0.3,222,9
155,0,3,0,500,0,0,0,48,48,99999,0,0,3,0.125,6.0,0.4,0.3,146,7
155,0,4,0,443,0,0,0,96,96,99999,0,0,4,0.623,59.808,0.4,0.3,94,10
155,0,5,0,435,0,0,0,216,216,99999,0,0,5,0.329,71.064,0.4,0.3,119,30
155,0,6,0,436,0,0,0,288,288,99999,0,0,6,0.28,80.64,0.4,0.3,92,31
155,0,7,0,475,0,0,0,12,12,99999,0,0,7,0.41,4.92,0.4,0.3,48,2
155,0,8,0,450,0,0,0,48,48,99999,0,0,8,0.644,30.912,0.4,0.3,124,8
155,0,9,0,451,0,0,0,48,48,99999,0,0,9,0.594,28.512,0.4,0.3,107,7
156,0,0,0,420,0,0,0,12,12,99999,0,0,0,1.0,12.0,0.4,0.3,432,3
156,0,1,0,474,0,0,0,6,6,99999,0,0,1,0.425,2.55,0.4,0.3,88,1
156,0,2,0,472,0,0,0,48,48,99999,0,0,2,0.102,4.896,0.4,0.3,222,9
156,0,3,0,500,0,0,0,48,48,99999,0,0,3,0.125,6.0,0.4,0.3,146,7
156,0,4,0,443,0,0,0,96,96,99999,0,0,4,0.623,59.808,0.4,0.3,94,10
156,0,5,0,435,0,0,0,216,216,99999,0,0,5,0.329,71.064,0.4,0.3,119,30
156,0,6,0,475,0,0,0,12,12,99999,0,0,6,0.41,4.92,0.4,0.3,48,2
156,0,7,0,450,0,0,0,48,48,99999,0,0,7,0.644,30.912,0.4,0.3,124,8
156,0,8,0,451,0,0,0,48,48,99999,0,0,8,0.594,28.512,0.4,0.3,107,7
156,0,9,0,469,0,0,0,12,12,99999,0,0,9,0.367,4.404,0.4,0.3,55,2
157,0,0,0,420,0,0,0,12,12,99999,0,0,0,1.0,12.0,0.4,0.3,432,3
157,0,1,0,474,0,0,0,6,6,99999,0,0,1,0.425,2.55,0.4,0.3,88,1
157,0,2,0,472,0,0,0,48,48,99999,0,0,2,0.102,4.896,0.4,0.3,222,9
157,0,3,0,500,0,0,0,48,48,99999,0,0,3,0.125,6.0,0.4,0.3,146,7
157,0,4,0,443,0,0,0,96,96,99999,0,0,4,0.623,59.808,0.4,0.3,94,10
157,0,5,0,475,0,0,0,12,12,99999,0,0,5,0.41,4.92,0.4,0.3,48,2
157,0,6,0,450,0,0,0,48,48,99999,0,0,6,0.644,30.912,0.4,0.3,124,8
157,0,7,0,451,0,0,0,48,48,99999,0,0,7,0.594,28.512,0.4,0.3,107,7
157,0,8,0,469,0,0,0,12,12,99999,0,0,8,0.367,4.404,0.4,0.3,55,2
157,0,9,0,519,0,0,0,12,12,99999,0,0,9,5.475,65.7,0.4,0.3,6,2
158,0,0,0,420,0,0,0,12,12,99999,0,0,0,1.0,12.0,0.4,0.3,432,3
158,0,1,0,474,0,0,0,6,6,99999,0,0,1,0.425,2.55,0.4,0.3,88,1
158,0,2,0,472,0,0,0,48,48,99999,0,0,2,0.102,4.896,0.4,0.3,222,9
158,0,3,0,500,0,0,0,48,48,99999,0,0,3,0.125,6.0,0.4,0.3,146,7
158,0,4,0,443,0,0,0,96,96,99999,0,0,4,0.623,59.808,0.4,0.3,94,10
158,0,5,0,475,0,0,0,12,12,99999,0,0,5,0.41,4.92,0.4,0.3,48,2
158,0,6,0,450,0,0,0,48,48,99999,0,0,6,0.644,30.912,0.4,0.3,124,8
158,0,7,0,451,0,0,0,48,48,99999,0,0,7,0.594,28.512,0.4,0.3,107,7
158,0,8,0,469,0,0,0,12,12,99999,0,0,8,0.367,4.404,0.4,0.3,55,2
158,0,9,0,519,0,0,0,12,12,99999,0,0,9,5.475,65.7,0.4,0.3,6,2
159,0,0,0,420,0,0,0,12,12,99999,0,0,0,1.0,12.0,0.4,0.3,432,3
159,0,1,0,474,0,0,0,6,6,99999,0,0,1,0.425,2.55,0.4,0.3,88,1
159,0,2,0,500,0,0,0,48,48,99999,0,0,2,0.125,6.0,0.4,0.3,146,7
159,0,3,0,443,0,0,0,96,96,99999,0,0,3,0.623,59.808,0.4,0.3,94,10
159,0,4,0,475,0,0,0,12,12,99999,0,0,4,0.41,4.92,0.4,0.3,48,2
159,0,5,0,450,0,0,0,48,48,99999,0,0,5,0.644,30.912,0.4,0.3,124,8
159,0,6,0,451,0,0,0,48,48,99999,0,0,6,0.594,28.512,0.4,0.3,107,7
159,0,7,0,469,0,0,0,12,12,99999,0,0,7,0.367,4.404,0.4,0.3,55,2
159,0,8,0,519,0,0,0,12,12,99999,0,0,8,5.475,65.7,0.4,0.3,6,2
159,0,9,0,468,0,0,0,6,6,99999,0,0,9,0.335,2.01,0.4,0.3,20,1
160,0,0,0,420,0,0,0,12,12,99999,0,0,0,1.0,12.0,0.4,0.3,432,3
160,0,1,0,474,0,0,0,6,6,99999,0,0,1,0.425,2.55,0.4,0.3,88,1
160,0,2,0,500,0,0,0,48,48,99999,0,0,2,0.125,6.0,0.4,0.3,146,7
160,0,3,0,443,0,0,0,96,96,99999,0,0,3,0.623,59.808,0.4,0.3,94,10
160,0,4,0,475,0,0,0,12,12,99999,0,0,4,0.41,4.92,0.4,0.3,48,2
160,0,5,0,450,0,0,0,48,48,99999,0,0,5,0.644,30.912,0.4,0.3,124,8
160,0,6,0,451,0,0,0,48,48,99999,0,0,6,0.594,28.512,0.4,0.3,107,7
160,0,7,0,469,0,0,0,12,12,99999,0,0,7,0.367,4.404,0.4,0.3,55,2
160,0,8,0,519,0,0,0,12,12,99999,0,0,8,5.475,65.7,0.4,0.3,6,2
160,0,9,0,468,0,0,0,6,6,99999,0,0,9,0.335,2.01,0.4,0.3,20,1
161,0,0,0,420,0,0,0,12,12,99999,0,0,0,1.0,12.0,0.4,0.3,432,3
161,0,1,0,474,0,0,0,6,6,99999,0,0,1,0.425,2.55,0.4,0.3,88,1
161,0,2,0,500,0,0,0,48,48,99999,0,0,2,0.125,6.0,0.4,0.3,146,7
161,0,3,0,443,0,0,0,96,96,99999,0,0,3,0.623,59.808,0.4,0.3,94,10
161,0,4,0,475,0,0,0,12,12,99999,0,0,4,0.41,4.92,0.4,0.3,48,2
161,0,5,0,450,0,0,0,48,48,99999,0,0,5,0.644,30.912,0.4,0.3,124,8
161,0,6,0,451,0,0,0,48,48,99999,0,0,6,0.594,28.512,0.4,0.3,107,7
161,0,7,0,469,0,0,0,12,12,99999,0,0,7,0.367,4.404,0.4,0.3,55,2
161,0,8,0,519,0,0,0,12,12,99999,0,0,8,5.475,65.7,0.4,0.3,6,2
161,0,9,0,468,0,0,0,6,6,99999,0,0,9,0.335,2.01,0.4,0.3,20,1
162,0,0,0,420,0,0,0,12,12,99999,0,0,0,1.0,12.0,0.4,0.3,432,3
162,0,1,0,474,0,0,0,6,6,99999,0,0,1,0.425,2.55,0.4,0.3,88,1
162,0,2,0,500,0,0,0,48,48,99999,0,0,2,0.125,6.0,0.4,0.3,146,7
162,0,3,0,475,0,0,0,12,12,99999,0,0,3,0.41,4.92,0.4,0.3,48,2
162,0,4,0,450,0,0,0,48,48,99999,0,0,4,0.644,30.912,0.4,0.3,124,8
162,0,5,0,451,0,0,0,48,48,99999,0,0,5,0.594,28.512,0.4,0.3,107,7
162,0,6,0,469,0,0,0,12,12,99999,0,0,6,0.367,4.404,0.4,0.3,55,2
162,0,7,0,468,0,0,0,6,6,99999,0,0,7,0.335,2.01,0.4,0.3,20,1
162,0,8,0,513,0,0,0,48,48,99999,0,0,8,0.137,6.576,0.4,0.3,51,7
162,0,9,0,448,0,0,0,48,48,99999,0,0,9,0.637,30.576,0.4,0.3,55,4
163,0,0,0,420,0,0,0,12,12,99999,0,0,0,1.0,12.0,0.4,0.3,432,3
163,0,1,0,474,0,0,0,6,6,99999,0,0,1,0.425,2.55,0.4,0.3,88,1
163,0,2,0,500,0,0,0,48,48,99999,0,0,2,0.125,6.0,0.4,0.3,146,7
163,0,3,0,475,0,0,0,12,12,99999,0,0,3,0.41,4.92,0.4,0.3,48,2
163,0,4,0,450,0,0,0,48,48,99999,0,0,4,0.644,30.912,0.4,0.3,124,8
163,0,5,0,451,0,0,0,48,48,99999,0,0,5,0.594,28.512,0.4,0.3,107,7
163,0,6,0,469,0,0,0,12,12,99999,0,0,6,0.367,4.404,0.4,0.3,55,2
163,0,7,0,468,0,0,0,6,6,99999,0,0,7,0.335,2.01,0.4,0.3,20,1
163,0,8,0,513,0,0,0,48,48,99999,0,0,8,0.137,6.576,0.4,0.3,51,7
163,0,9,0,448,0,0,0,48,48,99999,0,0,9,0.637,30.576,0.4,0.3,55,4
164,0,0,0,420,0,0,0,12,12,99999,0,0,0,1.0,12.0,0.4,0.3,432,3
164,0,1,0,474,0,0,0,6,6,99999,0,0,1,0.425,2.55,0.4,0.3,88,1
164,0,2,0,500,0,0,0,48,48,99999,0,0,2,0.125,6.0,0.4,0.3,146,7
164,0,3,0,475,0,0,0,12,12,99999,0,0,3,0.41,4.92,0.4,0.3,48,2
164,0,4,0,450,0,0,0,48,48,99999,0,0,4,0.644,30.912,0.4,0.3,124,8
164,0,5,0,451,0,0,0,48,48,99999,0,0,5,0.594,28.512,0.4,0.3,107,7
164,0,6,0,469,0,0,0,12,12,99999,0,0,6,0.367,4.404,0.4,0.3,55,2
164,0,7,0,468,0,0,0,6,6,99999,0,0,7,0.335,2.01,0.4,0.3,20,1
164,0,8,0,513,0,0,0,48,48,99999,0,0,8,0.137,6.576,0.4,0.3,51,7
164,0,9,0,448,0,0,0,48,48,99999,0,0,9,0.637,30.576,0.4,0.3,55,4
165,0,0,0,420,0,0,0,12,12,99999,0,0,0,1.0,12.0,0.4,0.3,432,3
165,0,1,0,474,0,0,0,6,6,99999,0,0,1,0.425,2.55,0.4,0.3,88,1
165,0,2,0,475,0,0,0,12,12,99999,0,0,2,0.41,4.92,0.4,0.3,48,2
165,0,3,0,450,0,0,0,48,48,99999,0,0,3,0.644,30.912,0.4,0.3,124,8
165,0,4,0,451,0,0,0,48,48,99999,0,0,4,0.594,28.512,0.4,0.3,107,7
165,0,5,0,469,0,0,0,12,12,99999,0,0,5,0.367,4.404,0.4,0.3,55,2
165,0,6,0,468,0,0,0,6,6,99999,0,0,6,0.335,2.01,0.4,0.3,20,1
165,0,7,0,513,0,0,0,48,48,99999,0,0,7,0.137,6.576,0.4,0.3,51,7
165,0,8,0,448,0,0,0,48,48,99999,0,0,8,0.637,30.576,0.4,0.3,55,4
165,0,9,0,501,0,0,0,48,48,99999,0,0,9,0.25,12.0,0.4,0.3,36,6
166,0,0,0,420,0,0,0,12,12,99999,0,0,0,1.0,12.0,0.4,0.3,432,3
166,0,1,0,474,0,0,0,6,6,99999,0,0,1,0.425,2.55,0.4,0.3,88,1
166,0,2,0,475,0,0,0,12,12,99999,0,0,2,0.41,4.92,0.4,0.3,48,2
166,0,3,0,450,0,0,0,48,48,99999,0,0,3,0.644,30.912,0.4,0.3,124,8
166,0,4,0,451,0,0,0,48,48,99999,0,0,4,0.594,28.512,0.4,0.3,107,7
166,0,5,0,469,0,0,0,12,12,99999,0,0,5,0.367,4.404,0.4,0.3,55,2
166,0,6,0,468,0,0,0,6,6,99999,0,0,6,0.335,2.01,0.4,0.3,20,1
166,0,7,0,513,0,0,0,48,48,99999,0,0,7,0.137,6.576,0.4,0.3,51,7
166,0,8,0,448,0,0,0,48,48,99999,0,0,8,0.637,30.576,0.4,0.3,55,4
166,0,9,0,501,0,0,0,48,48,99999,0,0,9,0.25,12.0,0.4,0.3,36,6
167,0,0,0,420,0,0,0,12,12,99999,0,0,0,1.0,12.0,0.4,0.3,432,3
167,0,1,0,474,0,0,0,6,6,99999,0,0,1,0.425,2.55,0.4,0.3,88,1
167,0,2,0,475,0,0,0,12,12,99999,0,0,2,0.41,4.92,0.4,0.3,48,2
167,0,3,0,450,0,0,0,48,48,99999,0,0,3,0.644,30.912,0.4,0.3,124,8
167,0,4,0,451,0,0,0,48,48,99999,0,0,4,0.594,28.512,0.4,0.3,107,7
167,0,5,0,469,0,0,0,12,12,99999,0,0,5,0.367,4.404,0.4,0.3,55,2
167,0,6,0,468,0,0,0,6,6,99999,0,0,6,0.335,2.01,0.4,0.3,20,1
167,0,7,0,513,0,0,0,48,48,99999,0,0,7,0.137,6.576,0.4,0.3,51,7
167,0,8,0,448,0,0,0,48,48,99999,0,0,8,0.637,30.576,0.4,0.3,55,4
167,0,9,0,501,0,0,0,48,48,99999,0,0,9,0.25,12.0,0.4,0.3,36,6
168,0,0,0,420,0,0,0,12,12,99999,0,0,0,1.0,12.0,0.4,0.3,432,3
168,0,1,0,474,0,0,0,6,6,99999,0,0,1,0.425,2.55,0.4,0.3,88,1
168,0,2,0,475,0,0,0,12,12,99999,0,0,2,0.41,4.92,0.4,0.3,48,2
168,0,3,0,450,0,0,0,48,48,99999,0,0,3,0.644,30.912,0.4,0.3,124,8
168,0,4,0,451,0,0,0,48,48,99999,0,0,4,0.594,28.512,0.4,0.3,107,7
168,0,5,0,469,0,0,0,12,12,99999,0,0,5,0.367,4.404,0.4,0.3,55,2
168,0,6,0,468,0,0,0,6,6,99999,0,0,6,0.335,2.01,0.4,0.3,20,1
168,0,7,0,513,0,0,0,48,48,99999,0,0,7,0.137,6.576,0.4,0.3,51,7
168,0,8,0,448,0,0,0,48,48,99999,0,0,8,0.637,30.576,0.4,0.3,55,4
168,0,9,0,501,0,0,0,48,48,99999,0,0,9,0.25,12.0,0.4,0.3,36,6
169,0,0,0,420,0,0,0,12,12,99999,0,0,0,1.0,12.0,0.4,0.3,432,3
169,0,1,0,474,0,0,0,6,6,99999,0,0,1,0.425,2.55,0.4,0.3,88,1
169,0,2,0,475,0,0,0,12,12,99999,0,0,2,0.41,4.92,0.4,0.3,48,2
169,0,3,0,450,0,0,0,48,48,99999,0,0,3,0.644,30.912,0.4,0.3,124,8
169,0,4,0,451,0,0,0,48,48,99999,0,0,4,0.594,28.512,0.4,0.3,107,7
169,0,5,0,469,0,0,0,12,12,99999,0,0,5,0.367,4.404,0.4,0.3,55,2
169,0,6,0,468,0,0,0,6,6,99999,0,0,6,0.335,2.01,0.4,0.3,20,1
169,0,7,0,513,0,0,0,48,48,99999,0,0,7,0.137,6.576,0.4,0.3,51,7
169,0,8,0,448,0,0,0,48,48,99999,0,0,8,0.637,30.576,0.4,0.3,55,4
169,0,9,0,501,0,0,0,48,48,99999,0,0,9,0.25,12.0,0.4,0.3,36,6
170,0,0,0,420,0,0,0,12,12,99999,0,0,0,1.0,12.0,0.4,0.3,432,3
170,0,1,0,474,0,0,0,6,6,99999,0,0,1,0.425,2.55,0.4,0.3,88,1
170,0,2,0,475,0,0,0,12,12,99999,0,0,2,0.41,4.92,0.4,0.3,48,2
170,0,3,0,450,0,0,0,48,48,99999,0,0,3,0.644,30.912,0.4,0.3,124,8
170,0,4,0,451,0,0,0,48,48,99999,0,0,4,0.594,28.512,0.4,0.3,107,7
170,0,5,0,469,0,0,0,12,12,99999,0,0,5,0.367,4.404,0.4,0.3,55,2
170,0,6,0,468,0,0,0,6,6,99999,0,0,6,0.335,2.01,0.4,0.3,20,1
170,0,7,0,448,0,0,0,48,48,99999,0,0,7,0.637,30.576,0.4,0.3,55,4
170,0,8,0,501,0,0,0,48,48,99999,0,0,8,0.25,12.0,0.4,0.3,36,6
170,0,9,0,446,0,0,0,24,24,99999,0,0,9,1.356,32.544,0.4,0.3,47,4
171,0,0,0,420,0,0,0,12,12,99999,0,0,0,1.0,12.0,0.4,0.3,432,3
171,0,1,0,474,0,0,0,6,6,99999,0,0,1,0.425,2.55,0.4,0.3,88,1
171,0,2,0,475,0,0,0,12,12,99999,0,0,2,0.41,4.92,0.4,0.3,48,2
171,0,3,0,469,0,0,0,12,12,99999,0,0,3,0.367,4.404,0.4,0.3,55,2
171,0,4,0,468,0,0,0,6,6,99999,0,0,4,0.335,2.01,0.4,0.3,20,1
171,0,5,0,448,0,0,0,48,48,99999,0,0,5,0.637,30.576,0.4,0.3,55,4
171,0,6,0,501,0,0,0,48,48,99999,0,0,6,0.25,12.0,0.4,0.3,36,6
171,0,7,0,446,0,0,0,24,24,99999,0,0,7,1.356,32.544,0.4,0.3,47,4
171,0,8,0,506,0,0,0,24,24,99999,0,0,8,0.208,4.992,0.4,0.3,34,3
171,0,9,0,507,0,0,0,120,120,99999,0,0,9,0.114,13.68,0.4,0.3,99,15
172,0,0,0,420,0,0,0,12,12,99999,0,0,0,1.0,12.0,0.4,0.3,432,3
172,0,1,0,474,0,0,0,6,6,99999,0,0,1,0.425,2.55,0.4,0.3,88,1
172,0,2,0,475,0,0,0,12,12,99999,0,0,2,0.41,4.92,0.4,0.3,48,2
172,0,3,0,469,0,0,0,12,12,99999,0,0,3,0.367,4.404,0.4,0.3,55,2
172,0,4,0,468,0,0,0,6,6,99999,0,0,4,0.335,2.01,0.4,0.3,20,1
172,0,5,0,448,0,0,0,48,48,99999,0,0,5,0.637,30.576,0.4,0.3,55,4
172,0,6,0,446,0,0,0,24,24,99999,0,0,6,1.356,32.544,0.4,0.3,47,4
172,0,7,0,506,0,0,0,24,24,99999,0,0,7,0.208,4.992,0.4,0.3,34,3
172,0,8,0,507,0,0,0,120,120,99999,0,0,8,0.114,13.68,0.4,0.3,99,15
172,0,9,0,449,0,0,0,48,48,99999,0,0,9,0.637,30.576,0.4,0.3,57,5
173,0,0,0,420,0,0,0,12,12,99999,0,0,0,1.0,12.0,0.4,0.3,432,3
173,0,1,0,474,0,0,0,6,6,99999,0,0,1,0.425,2.55,0.4,0.3,88,1
173,0,2,0,475,0,0,0,12,12,99999,0,0,2,0.41,4.92,0.4,0.3,48,2
173,0,3,0,469,0,0,0,12,12,99999,0,0,3,0.367,4.404,0.4,0.3,55,2
173,0,4,0,468,0,0,0,6,6,99999,0,0,4,0.335,2.01,0.4,0.3,20,1
173,0,5,0,448,0,0,0,48,48,99999,0,0,5,0.637,30.576,0.4,0.3,55,4
173,0,6,0,446,0,0,0,24,24,99999,0,0,6,1.356,32.544,0.4,0.3,47,4
173,0,7,0,506,0,0,0,24,24,99999,0,0,7,0.208,4.992,0.4,0.3,34,3
173,0,8,0,507,0,0,0,120,120,99999,0,0,8,0.114,13.68,0.4,0.3,99,15
173,0,9,0,449,0,0,0,48,48,99999,0,0,9,0.637,30.576,0.4,0.3,57,5
174,0,0,0,420,0,0,0,12,12,99999,0,0,0,1.0,12.0,0.4,0.3,432,3
174,0,1,0,474,0,0,0,6,6,99999,0,0,1,0.425,2.55,0.4,0.3,88,1
174,0,2,0,475,0,0,0,12,12,99999,0,0,2,0.41,4.92,0.4,0.3,48,2
174,0,3,0,469,0,0,0,12,12,99999,0,0,3,0.367,4.404,0.4,0.3,55,2
174,0,4,0,468,0,0,0,6,6,99999,0,0,4,0.335,2.01,0.4,0.3,20,1
174,0,5,0,448,0,0,0,48,48,99999,0,0,5,0.637,30.576,0.4,0.3,55,4
174,0,6,0,446,0,0,0,24,24,99999,0,0,6,1.356,32.544,0.4,0.3,47,4
174,0,7,0,506,0,0,0,24,24,99999,0,0,7,0.208,4.992,0.4,0.3,34,3
174,0,8,0,507,0,0,0,120,120,99999,0,0,8,0.114,13.68,0.4,0.3,99,15
174,0,9,0,449,0,0,0,48,48,99999,0,0,9,0.637,30.576,0.4,0.3,57,5
175,0,0,0,420,0,0,0,12,12,99999,0,0,0,1.0,12.0,0.4,0.3,432,3
175,0,1,0,474,0,0,0,6,6,99999,0,0,1,0.425,2.55,0.4,0.3,88,1
175,0,2,0,475,0,0,0,12,12,99999,0,0,2,0.41,4.92,0.4,0.3,48,2
175,0,3,0,469,0,0,0,12,12,99999,0,0,3,0.367,4.404,0.4,0.3,55,2
175,0,4,0,468,0,0,0,6,6,99999,0,0,4,0.335,2.01,0.4,0.3,20,1
175,0,5,0,448,0,0,0,48,48,99999,0,0,5,0.637,30.576,0.4,0.3,55,4
175,0,6,0,446,0,0,0,24,24,99999,0,0,6,1.356,32.544,0.4,0.3,47,4
175,0,7,0,506,0,0,0,24,24,99999,0,0,7,0.208,4.992,0.4,0.3,34,3
175,0,8,0,507,0,0,0,120,120,99999,0,0,8,0.114,13.68,0.4,0.3,99,15
175,0,9,0,449,0,0,0,48,48,99999,0,0,9,0.637,30.576,0.4,0.3,57,5
176,0,0,0,420,0,0,0,12,12,99999,0,0,0,1.0,12.0,0.4,0.3,432,3
176,0,1,0,474,0,0,0,6,6,99999,0,0,1,0.425,2.55,0.4,0.3,88,1
176,0,2,0,475,0,0,0,12,12,99999,0,0,2,0.41,4.92,0.4,0.3,48,2
176,0,3,0,469,0,0,0,12,12,99999,0,0,3,0.367,4.404,0.4,0.3,55,2
176,0,4,0,468,0,0,0,6,6,99999,0,0,4,0.335,2.01,0.4,0.3,20,1
176,0,5,0,446,0,0,0,24,24,99999,0,0,5,1.356,32.544,0.4,0.3,47,4
176,0,6,0,506,0,0,0,24,24,99999,0,0,6,0.208,4.992,0.4,0.3,34,3
176,0,7,0,507,0,0,0,120,120,99999,0,0,7,0.114,13.68,0.4,0.3,99,15
176,0,8,0,449,0,0,0,48,48,99999,0,0,8,0.637,30.576,0.4,0.3,57,5
176,0,9,0,496,0,0,0,48,48,99999,0,0,9,0.108,5.184,0.4,0.3,44,8
177,0,0,0,420,0,0,0,12,12,99999,0,0,0,1.0,12.0,0.4,0.3,432,3
177,0,1,0,474,0,0,0,6,6,99999,0,0,1,0.425,2.55,0.4,0.3,88,1
177,0,2,0,475,0,0,0,12,12,99999,0,0,2,0.41,4.92,0.4,0.3,48,2
177,0,3,0,469,0,0,0,12,12,99999,0,0,3,0.367,4.404,0.4,0.3,55,2
177,0,4,0,468,0,0,0,6,6,99999,0,0,4,0.335,2.01,0.4,0.3,20,1
177,0,5,0,446,0,0,0,24,24,99999,0,0,5,1.356,32.544,0.4,0.3,47,4
177,0,6,0,506,0,0,0,24,24,99999,0,0,6,0.208,4.992,0.4,0.3,34,3
177,0,7,0,507,0,0,0,120,120,99999,0,0,7,0.114,13.68,0.4,0.3,99,15
177,0,8,0,449,0,0,0,48,48,99999,0,0,8,0.637,30.576,0.4,0.3,57,5
177,0,9,0,496,0,0,0,48,48,99999,0,0,9,0.108,5.184,0.4,0.3,44,8
178,0,0,0,420,0,0,0,12,12,99999,0,0,0,1.0,12.0,0.4,0.3,432,3
178,0,1,0,474,0,0,0,6,6,99999,0,0,1,0.425,2.55,0.4,0.3,88,1
178,0,2,0,475,0,0,0,12,12,99999,0,0,2,0.41,4.92,0.4,0.3,48,2
178,0,3,0,469,0,0,0,12,12,99999,0,0,3,0.367,4.404,0.4,0.3,55,2
178,0,4,0,468,0,0,0,6,6,99999,0,0,4,0.335,2.01,0.4,0.3,20,1
178,0,5,0,446,0,0,0,24,24,99999,0,0,5,1.356,32.544,0.4,0.3,47,4
178,0,6,0,506,0,0,0,24,24,99999,0,0,6,0.208,4.992,0.4,0.3,34,3
178,0,7,0,449,0,0,0,48,48,99999,0,0,7,0.637,30.576,0.4,0.3,57,5
178,0,8,0,496,0,0,0,48,48,99999,0,0,8,0.108,5.184,0.4,0.3,44,8
178,0,9,0,460,0,0,0,10,10,99999,0,0,9,0.441,4.41,0.4,0.3,25,2
179,0,0,0,420,0,0,0,12,12,99999,0,0,0,1.0,12.0,0.4,0.3,432,3
179,0,1,0,474,0,0,0,6,6,99999,0,0,1,0.425,2.55,0.4,0.3,88,1
179,0,2,0,475,0,0,0,12,12,99999,0,0,2,0.41,4.92,0.4,0.3,48,2
179,0,3,0,469,0,0,0,12,12,99999,0,0,3,0.367,4.404,0.4,0.3,55,2
179,0,4,0,468,0,0,0,6,6,99999,0,0,4,0.335,2.01,0.4,0.3,20,1
179,0,5,0,446,0,0,0,24,24,99999,0,0,5,1.356,32.544,0.4,0.3,47,4
179,0,6,0,506,0,0,0,24,24,99999,0,0,6,0.208,4.992,0.4,0.3,34,3
179,0,7,0,449,0,0,0,48,48,99999,0,0,7,0.637,30.576,0.4,0.3,57,5
179,0,8,0,496,0,0,0,48,48,99999,0,0,8,0.108,5.184,0.4,0.3,44,8
179,0,9,0,460,0,0,0,10,10,99999,0,0,9,0.441,4.41,0.4,0.3,25,2
180,0,0,0,420,0,0,0,12,12,99999,0,0,0,1.0,12.0,0.4,0.3,432,3
180,0,1,0,474,0,0,0,6,6,99999,0,0,1,0.425,2.55,0.4,0.3,88,1
180,0,2,0,475,0,0,0,12,12,99999,0,0,2,0.41,4.92,0.4,0.3,48,2
180,0,3,0,469,0,0,0,12,12,99999,0,0,3,0.367,4.404,0.4,0.3,55,2
180,0,4,0,468,0,0,0,6,6,99999,0,0,4,0.335,2.01,0.4,0.3,20,1
180,0,5,0,446,0,0,0,24,24,99999,0,0,5,1.356,32.544,0.4,0.3,47,4
180,0,6,0,506,0,0,0,24,24,99999,0,0,6,0.208,4.992,0.4,0.3,34,3
180,0,7,0,449,0,0,0,48,48,99999,0,0,7,0.637,30.576,0.4,0.3,57,5
180,0,8,0,496,0,0,0,48,48,99999,0,0,8,0.108,5.184,0.4,0.3,44,8
180,0,9,0,460,0,0,0,10,10,99999,0,0,9,0.441,4.41,0.4,0.3,25,2
181,0,0,0,420,0,0,0,12,12,99999,0,0,0,1.0,12.0,0.4,0.3,432,3
181,0,1,0,474,0,0,0,6,6,99999,0,0,1,0.425,2.55,0.4,0.3,88,1
181,0,2,0,475,0,0,0,12,12,99999,0,0,2,0.41,4.92,0.4,0.3,48,2
181,0,3,0,469,0,0,0,12,12,99999,0,0,3,0.367,4.404,0.4,0.3,55,2
181,0,4,0,468,0,0,0,6,6,99999,0,0,4,0.335,2.01,0.4,0.3,20,1
181,0,5,0,446,0,0,0,24,24,99999,0,0,5,1.356,32.544,0.4,0.3,47,4
181,0,6,0,506,0,0,0,24,24,99999,0,0,6,0.208,4.992,0.4,0.3,34,3
181,0,7,0,449,0,0,0,48,48,99999,0,0,7,0.637,30.576,0.4,0.3,57,5
181,0,8,0,496,0,0,0,48,48,99999,0,0,8,0.108,5.184,0.4,0.3,44,8
181,0,9,0,460,0,0,0,10,10,99999,0,0,9,0.441,4.41,0.4,0.3,25,2
182,0,0,0,420,0,0,0,12,12,99999,0,0,0,1.0,12.0,0.4,0.3,432,3
182,0,1,0,474,0,0,0,6,6,99999,0,0,1,0.425,2.55,0.4,0.3,88,1
182,0,2,0,475,0,0,0,12,12,99999,0,0,2,0.41,4.92,0.4,0.3,48,2
182,0,3,0,469,0,0,0,12,12,99999,0,0,3,0.367,4.404,0.4,0.3,55,2
182,0,4,0,468,0,0,0,6,6,99999,0,0,4,0.335,2.01,0.4,0.3,20,1
182,0,5,0,446,0,0,0,24,24,99999,0,0,5,1.356,32.544,0.4,0.3,47,4
182,0,6,0,506,0,0,0,24,24,99999,0,0,6,0.208,4.992,0.4,0.3,34,3
182,0,7,0,449,0,0,0,48,48,99999,0,0,7,0.637,30.576,0.4,0.3,57,5
182,0,8,0,460,0,0,0,10,10,99999,0,0,8,0.441,4.41,0.4,0.3,25,2
182,0,9,0,433,0,0,0,144,144,99999,0,0,9,0.368,52.992,0.4,0.3,84,21
183,0,0,0,420,0,0,0,12,12,99999,0,0,0,1.0,12.0,0.4,0.3,432,3
183,0,1,0,474,0,0,0,6,6,99999,0,0,1,0.425,2.55,0.4,0.3,88,1
183,0,2,0,475,0,0,0,12,12,99999,0,0,2,0.41,4.92,0.4,0.3,48,2
183,0,3,0,469,0,0,0,12,12,99999,0,0,3,0.367,4.404,0.4,0.3,55,2
183,0,4,0,468,0,0,0,6,6,99999,0,0,4,0.335,2.01,0.4,0.3,20,1
183,0,5,0,446,0,0,0,24,24,99999,0,0,5,1.356,32.544,0.4,0.3,47,4
183,0,6,0,506,0,0,0,24,24,99999,0,0,6,0.208,4.992,0.4,0.3,34,3
183,0,7,0,449,0,0,0,48,48,99999,0,0,7,0.637,30.576,0.4,0.3,57,5
183,0,8,0,460,0,0,0,10,10,99999,0,0,8,0.441,4.41,0.4,0.3,25,2
183,0,9,0,433,0,0,0,144,144,99999,0,0,9,0.368,52.992,0.4,0.3,84,21
184,0,0,0,420,0,0,0,12,12,99999,0,0,0,1.0,12.0,0.4,0.3,432,3
184,0,1,0,474,0,0,0,6,6,99999,0,0,1,0.425,2.55,0.4,0.3,88,1
184,0,2,0,475,0,0,0,12,12,99999,0,0,2,0.41,4.92,0.4,0.3,48,2
184,0,3,0,469,0,0,0,12,12,99999,0,0,3,0.367,4.404,0.4,0.3,55,2
184,0,4,0,468,0,0,0,6,6,99999,0,0,4,0.335,2.01,0.4,0.3,20,1
184,0,5,0,460,0,0,0,10,10,99999,0,0,5,0.441,4.41,0.4,0.3,25,2
184,0,6,0,433,0,0,0,144,144,99999,0,0,6,0.368,52.992,0.4,0.3,84,21
184,0,7,0,503,0,0,0,72,72,99999,0,0,7,0.232,16.704,0.4,0.3,34,9
184,0,8,0,432,0,0,0,192,192,99999,0,0,8,0.37,71.04,0.4,0.3,54,18
184,0,9,0,514,0,0,0,200,200,99999,0,0,9,0.05,10.0,0.4,0.3,91,19
185,0,0,0,420,0,0,0,12,12,99999,0,0,0,1.0,12.0,0.4,0.3,432,3
185,0,1,0,474,0,0,0,6,6,99999,0,0,1,0.425,2.55,0.4,0.3,88,1
185,0,2,0,475,0,0,0,12,12,99999,0,0,2,0.41,4.92,0.4,0.3,48,2
185,0,3,0,469,0,0,0,12,12,99999,0,0,3,0.367,4.404,0.4,0.3,55,2
185,0,4,0,468,0,0,0,6,6,99999,0,0,4,0.335,2.01,0.4,0.3,20,1
185,0,5,0,460,0,0,0,10,10,99999,0,0,5,0.441,4.41,0.4,0.3,25,2
185,0,6,0,433,0,0,0,144,144,99999,0,0,6,0.368,52.992,0.4,0.3,84,21
185,0,7,0,503,0,0,0,72,72,99999,0,0,7,0.232,16.704,0.4,0.3,34,9
185,0,8,0,432,0,0,0,192,192,99999,0,0,8,0.37,71.04,0.4,0.3,54,18
185,0,9,0,514,0,0,0,200,200,99999,0,0,9,0.05,10.0,0.4,0.3,91,19
186,0,0,0,420,0,0,0,12,12,99999,0,0,0,1.0,12.0,0.4,0.3,432,3
186,0,1,0,474,0,0,0,6,6,99999,0,0,1,0.425,2.55,0.4,0.3,88,1
186,0,2,0,475,0,0,0,12,12,99999,0,0,2,0.41,4.92,0.4,0.3,48,2
186,0,3,0,469,0,0,0,12,12,99999,0,0,3,0.367,4.404,0.4,0.3,55,2
186,0,4,0,468,0,0,0,6,6,99999,0,0,4,0.335,2.01,0.4,0.3,20,1
186,0,5,0,460,0,0,0,10,10,99999,0,0,5,0.441,4.41,0.4,0.3,25,2
186,0,6,0,503,0,0,0,72,72,99999,0,0,6,0.232,16.704,0.4,0.3,34,9
186,0,7,0,432,0,0,0,192,192,99999,0,0,7,0.37,71.04,0.4,0.3,54,18
186,0,8,0,514,0,0,0,200,200,99999,0,0,8,0.05,10.0,0.4,0.3,91,19
186,0,9,0,498,0,0,0,24,24,99999,0,0,9,0.2,4.8,0.4,0.3,32,5
187,0,0,0,420,0,0,0,12,12,99999,0,0,0,1.0,12.0,0.4,0.3,432,3
187,0,1,0,474,0,0,0,6,6,99999,0,0,1,0.425,2.55,0.4,0.3,88,1
187,0,2,0,468,0,0,0,6,6,99999,0,0,2,0.335,2.01,0.4,0.3,20,1
187,0,3,0,460,0,0,0,10,10,99999,0,0,3,0.441,4.41,0.4,0.3,25,2
187,0,4,0,503,0,0,0,72,72,99999,0,0,4,0.232,16.704,0.4,0.3,34,9
187,0,5,0,514,0,0,0,200,200,99999,0,0,5,0.05,10.0,0.4,0.3,91,19
187,0,6,0,498,0,0,0,24,24,99999,0,0,6,0.2,4.8,0.4,0.3,32,5
187,0,7,0,523,0,0,0,192,192,99999,0,0,7,0.3,57.6,0.4,0.3,59,20
187,0,8,0,520,0,0,0,96,96,99999,0,0,8,0.446,42.816,0.4,0.3,62,11
187,0,9,0,482,0,0,0,20,20,99999,0,0,9,0.454,9.08,0.4,0.3,22,2
188,0,0,0,420,0,0,0,12,12,99999,0,0,0,1.0,12.0,0.4,0.3,432,3
188,0,1,0,474,0,0,0,6,6,99999,0,0,1,0.425,2.55,0.4,0.3,88,1
188,0,2,0,468,0,0,0,6,6,99999,0,0,2,0.335,2.01,0.4,0.3,20,1
188,0,3,0,460,0,0,0,10,10,99999,0,0,3,0.441,4.41,0.4,0.3,25,2
188,0,4,0,514,0,0,0,200,200,99999,0,0,4,0.05,10.0,0.4,0.3,91,19
188,0,5,0,498,0,0,0,24,24,99999,0,0,5,0.2,4.8,0.4,0.3,32,5
188,0,6,0,523,0,0,0,192,192,99999,0,0,6,0.3,57.6,0.4,0.3,59,20
188,0,7,0,520,0,0,0,96,96,99999,0,0,7,0.446,42.816,0.4,0.3,62,11
188,0,8,0,482,0,0,0,20,20,99999,0,0,8,0.454,9.08,0.4,0.3,22,2
188,0,9,0,499,0,0,0,120,120,99999,0,0,9,0.1,12.0,0.4,0.3,62,13
189,0,0,0,420,0,0,0,12,12,99999,0,0,0,1.0,12.0,0.4,0.3,432,3
189,0,1,0,474,0,0,0,6,6,99999,0,0,1,0.425,2.55,0.4,0.3,88,1
189,0,2,0,460,0,0,0,10,10,99999,0,0,2,0.441,4.41,0.4,0.3,25,2
189,0,3,0,498,0,0,0,24,24,99999,0,0,3,0.2,4.8,0.4,0.3,32,5
189,0,4,0,523,0,0,0,192,192,99999,0,0,4,0.3,57.6,0.4,0.3,59,20
189,0,5,0,520,0,0,0,96,96,99999,0,0,5,0.446,42.816,0.4,0.3,62,11
189,0,6,0,482,0,0,0,20,20,99999,0,0,6,0.454,9.08,0.4,0.3,22,2
189,0,7,0,499,0,0,0,120,120,99999,0,0,7,0.1,12.0,0.4,0.3,62,13
189,0,8,0,511,0,0,0,24,24,99999,0,0,8,0.208,4.992,0.4,0.3,26,3
189,0,9,0,497,0,0,0,6,6,99999,0,0,9,1.138,6.828,0.4,0.3,12,1
190,0,0,0,420,0,0,0,12,12,99999,0,0,0,1.0,12.0,0.4,0.3,432,3
190,0,1,0,474,0,0,0,6,6,99999,0,0,1,0.425,2.55,0.4,0.3,88,1
190,0,2,0,460,0,0,0,10,10,99999,0,0,2,0.441,4.41,0.4,0.3,25,2
190,0,3,0,498,0,0,0,24,24,99999,0,0,3,0.2,4.8,0.4,0.3,32,5
190,0,4,0,520,0,0,0,96,96,99999,0,0,4,0.446,42.816,0.4,0.3,62,11
190,0,5,0,482,0,0,0,20,20,99999,0,0,5,0.454,9.08,0.4,0.3,22,2
190,0,6,0,499,0,0,0,120,120,99999,0,0,6,0.1,12.0,0.4,0.3,62,13
190,0,7,0,511,0,0,0,24,24,99999,0,0,7,0.208,4.992,0.4,0.3,26,3
190,0,8,0,497,0,0,0,6,6,99999,0,0,8,1.138,6.828,0.4,0.3,12,1
190,0,9,0,463,0,0,0,16,16,99999,0,0,9,0.42,6.72,0.4,0.3,21,3
191,0,0,0,420,0,0,0,12,12,99999,0,0,0,1.0,12.0,0.4,0.3,432,3
191,0,1,0,474,0,0,0,6,6,99999,0,0,1,0.425,2.55,0.4,0.3,88,1
191,0,2,0,460,0,0,0,10,10,99999,0,0,2,0.441,4.41,0.4,0.3,25,2
191,0,3,0,498,0,0,0,24,24,99999,0,0,3,0.2,4.8,0.4,0.3,32,5
191,0,4,0,520,0,0,0,96,96,99999,0,0,4,0.446,42.816,0.4,0.3,62,11
191,0,5,0,482,0,0,0,20,20,99999,0,0,5,0.454,9.08,0.4,0.3,22,2
191,0,6,0,499,0,0,0,120,120,99999,0,0,6,0.1,12.0,0.4,0.3,62,13
191,0,7,0,511,0,0,0,24,24,99999,0,0,7,0.208,4.992,0.4,0.3,26,3
191,0,8,0,497,0,0,0,6,6,99999,0,0,8,1.138,6.828,0.4,0.3,12,1
191,0,9,0,463,0,0,0,16,16,99999,0,0,9,0.42,6.72,0.4,0.3,21,3
192,0,0,0,420,0,0,0,12,12,99999,0,0,0,1.0,12.0,0.4,0.3,432,3
192,0,1,0,474,0,0,0,6,6,99999,0,0,1,0.425,2.55,0.4,0.3,88,1
192,0,2,0,460,0,0,0,10,10,99999,0,0,2,0.441,4.41,0.4,0.3,25,2
192,0,3,0,498,0,0,0,24,24,99999,0,0,3,0.2,4.8,0.4,0.3,32,5
192,0,4,0,520,0,0,0,96,96,99999,0,0,4,0.446,42.816,0.4,0.3,62,11
192,0,5,0,482,0,0,0,20,20,99999,0,0,5,0.454,9.08,0.4,0.3,22,2
192,0,6,0,499,0,0,0,120,120,99999,0,0,6,0.1,12.0,0.4,0.3,62,13
192,0,7,0,511,0,0,0,24,24,99999,0,0,7,0.208,4.992,0.4,0.3,26,3
192,0,8,0,497,0,0,0,6,6,99999,0,0,8,1.138,6.828,0.4,0.3,12,1
192,0,9,0,463,0,0,0,16,16,99999,0,0,9,0.42,6.72,0.4,0.3,21,3
193,0,0,0,420,0,0,0,12,12,99999,0,0,0,1.0,12.0,0.4,0.3,432,3
193,0,1,0,474,0,0,0,6,6,99999,0,0,1,0.425,2.55,0.4,0.3,88,1
193,0,2,0,460,0,0,0,10,10,99999,0,0,2,0.441,4.41,0.4,0.3,25,2
193,0,3,0,482,0,0,0,20,20,99999,0,0,3,0.454,9.08,0.4,0.3,22,2
193,0,4,0,511,0,0,0,24,24,99999,0,0,4,0.208,4.992,0.4,0.3,26,3
193,0,5,0,497,0,0,0,6,6,99999,0,0,5,1.138,6.828,0.4,0.3,12,1
193,0,6,0,463,0,0,0,16,16,99999,0,0,6,0.42,6.72,0.4,0.3,21,3
193,0,7,0,517,0,0,0,24,24,99999,0,0,7,2.035,48.84,0.4,0.3,17,4
193,0,8,0,461,0,0,0,24,24,99999,0,0,8,0.288,6.912,0.4,0.3,22,3
193,0,9,0,473,0,0,0,18,18,99999,0,0,9,0.387,6.966,0.4,0.3,14,3
194,0,0,0,420,0,0,0,12,12,99999,0,0,0,1.0,12.0,0.4,0.3,432,3
194,0,1,0,474,0,0,0,6,6,99999,0,0,1,0.425,2.55,0.4,0.3,88,1
194,0,2,0,460,0,0,0,10,10,99999,0,0,2,0.441,4.41,0.4,0.3,25,2
194,0,3,0,482,0,0,0,20,20,99999,0,0,3,0.454,9.08,0.4,0.3,22,2
194,0,4,0,511,0,0,0,24,24,99999,0,0,4,0.208,4.992,0.4,0.3,26,3
194,0,5,0,497,0,0,0,6,6,99999,0,0,5,1.138,6.828,0.4,0.3,12,1
194,0,6,0,463,0,0,0,16,16,99999,0,0,6,0.42,6.72,0.4,0.3,21,3
194,0,7,0,517,0,0,0,24,24,99999,0,0,7,2.035,48.84,0.4,0.3,17,4
194,0,8,0,461,0,0,0,24,24,99999,0,0,8,0.288,6.912,0.4,0.3,22,3
194,0,9,0,473,0,0,0,18,18,99999,0,0,9,0.387,6.966,0.4,0.3,14,3
195,0,0,0,420,0,0,0,12,12,99999,0,0,0,1.0,12.0,0.4,0.3,432,3
195,0,1,0,474,0,0,0,6,6,99999,0,0,1,0.425,2.55,0.4,0.3,88,1
195,0,2,0,460,0,0,0,10,10,99999,0,0,2,0.441,4.41,0.4,0.3,25,2
195,0,3,0,482,0,0,0,20,20,99999,0,0,3,0.454,9.08,0.4,0.3,22,2
195,0,4,0,511,0,0,0,24,24,99999,0,0,4,0.208,4.992,0.4,0.3,26,3
195,0,5,0,497,0,0,0,6,6,99999,0,0,5,1.138,6.828,0.4,0.3,12,1
195,0,6,0,463,0,0,0,16,16,99999,0,0,6,0.42,6.72,0.4,0.3,21,3
195,0,7,0,517,0,0,0,24,24,99999,0,0,7,2.035,48.84,0.4,0.3,17,4
195,0,8,0,461,0,0,0,24,24,99999,0,0,8,0.288,6.912,0.4,0.3,22,3
195,0,9,0,473,0,0,0,18,18,99999,0,0,9,0.387,6.966,0.4,0.3,14,3
196,0,0,0,420,0,0,0,12,12,99999,0,0,0,1.0,12.0,0.4,0.3,432,3
196,0,1,0,474,0,0,0,6,6,99999,0,0,1,0.425,2.55,0.4,0.3,88,1
196,0,2,0,460,0,0,0,10,10,99999,0,0,2,0.441,4.41,0.4,0.3,25,2
196,0,3,0,482,0,0,0,20,20,99999,0,0,3,0.454,9.08,0.4,0.3,22,2
196,0,4,0,511,0,0,0,24,24,99999,0,0,4,0.208,4.992,0.4,0.3,26,3
196,0,5,0,497,0,0,0,6,6,99999,0,0,5,1.138,6.828,0.4,0.3,12,1
196,0,6,0,463,0,0,0,16,16,99999,0,0,6,0.42,6.72,0.4,0.3,21,3
196,0,7,0,517,0,0,0,24,24,99999,0,0,7,2.035,48.84,0.4,0.3,17,4
196,0,8,0,461,0,0,0,24,24,99999,0,0,8,0.288,6.912,0.4,0.3,22,3
196,0,9,0,473,0,0,0,18,18,99999,0,0,9,0.387,6.966,0.4,0.3,14,3
197,0,0,0,420,0,0,0,12,12,99999,0,0,0,1.0,12.0,0.4,0.3,432,3
197,0,1,0,474,0,0,0,6,6,99999,0,0,1,0.425,2.55,0.4,0.3,88,1
197,0,2,0,460,0,0,0,10,10,99999,0,0,2,0.441,4.41,0.4,0.3,25,2
197,0,3,0,482,0,0,0,20,20,99999,0,0,3,0.454,9.08,0.4,0.3,22,2
197,0,4,0,511,0,0,0,24,24,99999,0,0,4,0.208,4.992,0.4,0.3,26,3
197,0,5,0,497,0,0,0,6,6,99999,0,0,5,1.138,6.828,0.4,0.3,12,1
197,0,6,0,463,0,0,0,16,16,99999,0,0,6,0.42,6.72,0.4,0.3,21,3
197,0,7,0,517,0,0,0,24,24,99999,0,0,7,2.035,48.84,0.4,0.3,17,4
197,0,8,0,461,0,0,0,24,24,99999,0,0,8,0.288,6.912,0.4,0.3,22,3
197,0,9,0,473,0,0,0,18,18,99999,0,0,9,0.387,6.966,0.4,0.3,14,3
198,0,0,0,420,0,0,0,12,12,99999,0,0,0,1.0,12.0,0.4,0.3,432,3
198,0,1,0,474,0,0,0,6,6,99999,0,0,1,0.425,2.55,0.4,0.3,88,1
198,0,2,0,460,0,0,0,10,10,99999,0,0,2,0.441,4.41,0.4,0.3,25,2
198,0,3,0,511,0,0,0,24,24,99999,0,0,3,0.208,4.992,0.4,0.3,26,3
198,0,4,0,497,0,0,0,6,6,99999,0,0,4,1.138,6.828,0.4,0.3,12,1
198,0,5,0,463,0,0,0,16,16,99999,0,0,5,0.42,6.72,0.4,0.3,21,3
198,0,6,0,461,0,0,0,24,24,99999,0,0,6,0.288,6.912,0.4,0.3,22,3
198,0,7,0,473,0,0,0,18,18,99999,0,0,7,0.387,6.966,0.4,0.3,14,3
198,0,8,0,484,0,0,0,60,60,99999,0,0,8,0.173,10.38,0.4,0.3,13,5
198,0,9,0,457,0,0,0,9,9,99999,0,0,9,0.53,4.77,0.4,0.3,22,2
199,0,0,0,420,0,0,0,12,12,99999,0,0,0,1.0,12.0,0.4,0.3,432,3
199,0,1,0,474,0,0,0,6,6,99999,0,0,1,0.425,2.55,0.4,0.3,88,1
199,0,2,0,460,0,0,0,10,10,99999,0,0,2,0.441,4.41,0.4,0.3,25,2
199,0,3,0,497,0,0,0,6,6,99999,0,0,3,1.138,6.828,0.4,0.3,12,1
199,0,4,0,463,0,0,0,16,16,99999,0,0,4,0.42,6.72,0.4,0.3,21,3
199,0,5,0,461,0,0,0,24,24,99999,0,0,5,0.288,6.912,0.4,0.3,22,3
199,0,6,0,484,0,0,0,60,60,99999,0,0,6,0.173,10.38,0.4,0.3,13,5
199,0,7,0,457,0,0,0,9,9,99999,0,0,7,0.53,4.77,0.4,0.3,22,2
199,0,8,0,505,0,0,0,96,96,99999,0,0,8,0.129,12.384,0.4,0.3,43,11
199,0,9,0,462,0,0,0,16,16,99999,0,0,9,0.409,6.544,0.4,0.3,15,2
200,0,0,0,420,0,0,0,12,12,99999,0,0,0,1.0,12.0,0.4,0.3,432,3
200,0,1,0,474,0,0,0,6,6,99999,0,0,1,0.425,2.55,0.4,0.3,88,1
200,0,2,0,460,0,0,0,10,10,99999,0,0,2,0.441,4.41,0.4,0.3,25,2
200,0,3,0,497,0,0,0,6,6,99999,0,0,3,1.138,6.828,0.4,0.3,12,1
200,0,4,0,461,0,0,0,24,24,99999,0,0,4,0.288,6.912,0.4,0.3,22,3
200,0,5,0,484,0,0,0,60,60,99999,0,0,5,0.173,10.38,0.4,0.3,13,5
200,0,6,0,457,0,0,0,9,9,99999,0,0,6,0.53,4.77,0.4,0.3,22,2
200,0,7,0,505,0,0,0,96,96,99999,0,0,7,0.129,12.384,0.4,0.3,43,11
200,0,8,0,462,0,0,0,16,16,99999,0,0,8,0.409,6.544,0.4,0.3,15,2
200,0,9,0,512,0,0,0,48,48,99999,0,0,9,0.144,6.912,0.4,0.3,24,6
201,0,0,0,420,0,0,0,12,12,99999,0,0,0,1.0,12.0,0.4,0.3,432,3
201,0,1,0,474,0,0,0,6,6,99999,0,0,1,0.425,2.55,0.4,0.3,88,1
201,0,2,0,497,0,0,0,6,6,99999,0,0,2,1.138,6.828,0.4,0.3,12,1
201,0,3,0,461,0,0,0,24,24,99999,0,0,3,0.288,6.912,0.4,0.3,22,3
201,0,4,0,457,0,0,0,9,9,99999,0,0,4,0.53,4.77,0.4,0.3,22,2
201,0,5,0,505,0,0,0,96,96,99999,0,0,5,0.129,12.384,0.4,0.3,43,11
201,0,6,0,462,0,0,0,16,16,99999,0,0,6,0.409,6.544,0.4,0.3,15,2
201,0,7,0,512,0,0,0,48,48,99999,0,0,7,0.144,6.912,0.4,0.3,24,6
201,0,8,0,487,0,0,0,24,24,99999,0,0,8,0.42,10.08,0.4,0.3,20,3
201,0,9,0,478,0,0,0,12,12,99999,0,0,9,0.308,3.696,0.4,0.3,19,2
202,0,0,0,420,0,0,0,12,12,99999,0,0,0,1.0,12.0,0.4,0.3,432,3
202,0,1,0,474,0,0,0,6,6,99999,0,0,1,0.425,2.55,0.4,0.3,88,1
202,0,2,0,497,0,0,0,6,6,99999,0,0,2,1.138,6.828,0.4,0.3,12,1
202,0,3,0,457,0,0,0,9,9,99999,0,0,3,0.53,4.77,0.4,0.3,22,2
202,0,4,0,505,0,0,0,96,96,99999,0,0,4,0.129,12.384,0.4,0.3,43,11
202,0,5,0,462,0,0,0,16,16,99999,0,0,5,0.409,6.544,0.4,0.3,15,2
202,0,6,0,512,0,0,0,48,48,99999,0,0,6,0.144,6.912,0.4,0.3,24,6
202,0,7,0,487,0,0,0,24,24,99999,0,0,7,0.42,10.08,0.4,0.3,20,3
202,0,8,0,478,0,0,0,12,12,99999,0,0,8,0.308,3.696,0.4,0.3,19,2
202,0,9,0,470,0,0,0,18,18,99999,0,0,9,0.4,7.2,0.4,0.3,15,3
203,0,0,0,420,0,0,0,12,12,99999,0,0,0,1.0,12.0,0.4,0.3,432,3
203,0,1,0,474,0,0,0,6,6,99999,0,0,1,0.425,2.55,0.4,0.3,88,1
203,0,2,0,497,0,0,0,6,6,99999,0,0,2,1.138,6.828,0.4,0.3,12,1
203,0,3,0,457,0,0,0,9,9,99999,0,0,3,0.53,4.77,0.4,0.3,22,2
203,0,4,0,462,0,0,0,16,16,99999,0,0,4,0.409,6.544,0.4,0.3,15,2
203,0,5,0,512,0,0,0,48,48,99999,0,0,5,0.144,6.912,0.4,0.3,24,6
203,0,6,0,487,0,0,0,24,24,99999,0,0,6,0.42,10.08,0.4,0.3,20,3
203,0,7,0,478,0,0,0,12,12,99999,0,0,7,0.308,3.696,0.4,0.3,19,2
203,0,8,0,470,0,0,0,18,18,99999,0,0,8,0.4,7.2,0.4,0.3,15,3
203,0,9,0,483,0,0,0,16,16,99999,0,0,9,0.615,9.84,0.4,0.3,11,2
204,0,0,0,474,0,0,0,6,6,99999,0,0,0,0.425,2.55,0.4,0.3,88,1
204,0,1,0,497,0,0,0,6,6,99999,0,0,1,1.138,6.828,0.4,0.3,12,1
204,0,2,0,457,0,0,0,9,9,99999,0,0,2,0.53,4.77,0.4,0.3,22,2
204,0,3,0,462,0,0,0,16,16,99999,0,0,3,0.409,6.544,0.4,0.3,15,2
204,0,4,0,487,0,0,0,24,24,99999,0,0,4,0.42,10.08,0.4,0.3,20,3
204,0,5,0,478,0,0,0,12,12,99999,0,0,5,0.308,3.696,0.4,0.3,19,2
204,0,6,0,470,0,0,0,18,18,99999,0,0,6,0.4,7.2,0.4,0.3,15,3
204,0,7,0,483,0,0,0,16,16,99999,0,0,7,0.615,9.84,0.4,0.3,11,2
204,0,8,0,486,0,0,0,16,16,99999,0,0,8,0.491,7.856,0.4,0.3,15,3
204,0,9,0,518,0,0,0,192,192,99999,0,0,9,0.42,80.64,0.4,0.3,31,16
205,0,0,0,474,0,0,0,6,6,99999,0,0,0,0.425,2.55,0.4,0.3,88,1
205,0,1,0,497,0,0,0,6,6,99999,0,0,1,1.138,6.828,0.4,0.3,12,1
205,0,2,0,457,0,0,0,9,9,99999,0,0,2,0.53,4.77,0.4,0.3,22,2
205,0,3,0,462,0,0,0,16,16,99999,0,0,3,0.409,6.544,0.4,0.3,15,2
205,0,4,0,487,0,0,0,24,24,99999,0,0,4,0.42,10.08,0.4,0.3,20,3
205,0,5,0,478,0,0,0,12,12,99999,0,0,5,0.308,3.696,0.4,0.3,19,2
205,0,6,0,470,0,0,0,18,18,99999,0,0,6,0.4,7.2,0.4,0.3,15,3
205,0,7,0,483,0,0,0,16,16,99999,0,0,7,0.615,9.84,0.4,0.3,11,2
205,0,8,0,486,0,0,0,16,16,99999,0,0,8,0.491,7.856,0.4,0.3,15,3
205,0,9,0,518,0,0,0,192,192,99999,0,0,9,0.42,80.64,0.4,0.3,31,16
206,0,0,0,474,0,0,0,6,6,99999,0,0,0,0.425,2.55,0.4,0.3,88,1
206,0,1,0,497,0,0,0,6,6,99999,0,0,1,1.138,6.828,0.4,0.3,12,1
206,0,2,0,457,0,0,0,9,9,99999,0,0,2,0.53,4.77,0.4,0.3,22,2
206,0,3,0,462,0,0,0,16,16,99999,0,0,3,0.409,6.544,0.4,0.3,15,2
206,0,4,0,487,0,0,0,24,24,99999,0,0,4,0.42,10.08,0.4,0.3,20,3
206,0,5,0,478,0,0,0,12,12,99999,0,0,5,0.308,3.696,0.4,0.3,19,2
206,0,6,0,470,0,0,0,18,18,99999,0,0,6,0.4,7.2,0.4,0.3,15,3
206,0,7,0,483,0,0,0,16,16,99999,0,0,7,0.615,9.84,0.4,0.3,11,2
206,0,8,0,486,0,0,0,16,16,99999,0,0,8,0.491,7.856,0.4,0.3,15,3
206,0,9,0,471,0,0,0,20,20,99999,0,0,9,0.28,5.6,0.4,0.3,13,3
207,0,0,0,474,0,0,0,6,6,99999,0,0,0,0.425,2.55,0.4,0.3,88,1
207,0,1,0,497,0,0,0,6,6,99999,0,0,1,1.138,6.828,0.4,0.3,12,1
207,0,2,0,457,0,0,0,9,9,99999,0,0,2,0.53,4.77,0.4,0.3,22,2
207,0,3,0,487,0,0,0,24,24,99999,0,0,3,0.42,10.08,0.4,0.3,20,3
207,0,4,0,478,0,0,0,12,12,99999,0,0,4,0.308,3.696,0.4,0.3,19,2
207,0,5,0,483,0,0,0,16,16,99999,0,0,5,0.615,9.84,0.4,0.3,11,2
207,0,6,0,486,0,0,0,16,16,99999,0,0,6,0.491,7.856,0.4,0.3,15,3
207,0,7,0,471,0,0,0,20,20,99999,0,0,7,0.28,5.6,0.4,0.3,13,3
207,0,8,0,524,0,0,0,240,240,99999,0,0,8,0.229,54.96,0.4,0.3,33,17
207,0,9,0,488,0,0,0,24,24,99999,0,0,9,0.345,8.28,0.4,0.3,14,3
208,0,0,0,474,0,0,0,6,6,99999,0,0,0,0.425,2.55,0.4,0.3,88,1
208,0,1,0,457,0,0,0,9,9,99999,0,0,1,0.53,4.77,0.4,0.3,22,2
208,0,2,0,478,0,0,0,12,12,99999,0,0,2,0.308,3.696,0.4,0.3,19,2
208,0,3,0,483,0,0,0,16,16,99999,0,0,3,0.615,9.84,0.4,0.3,11,2
208,0,4,0,486,0,0,0,16,16,99999,0,0,4,0.491,7.856,0.4,0.3,15,3
208,0,5,0,471,0,0,0,20,20,99999,0,0,5,0.28,5.6,0.4,0.3,13,3
208,0,6,0,524,0,0,0,240,240,99999,0,0,6,0.229,54.96,0.4,0.3,33,17
208,0,7,0,488,0,0,0,24,24,99999,0,0,7,0.345,8.28,0.4,0.3,14,3
208,0,8,0,477,0,0,0,20,20,99999,0,0,8,0.166,3.32,0.4,0.3,14,3
208,0,9,0,458,0,0,0,60,60,99999,0,0,9,0.099,5.94,0.4,0.3,15,8
209,0,0,0,474,0,0,0,6,6,99999,0,0,0,0.425,2.55,0.4,0.3,88,1
209,0,1,0,457,0,0,0,9,9,99999,0,0,1,0.53,4.77,0.4,0.3,22,2
209,0,2,0,478,0,0,0,12,12,99999,0,0,2,0.308,3.696,0.4,0.3,19,2
209,0,3,0,483,0,0,0,16,16,99999,0,0,3,0.615,9.84,0.4,0.3,11,2
209,0,4,0,486,0,0,0,16,16,99999,0,0,4,0.491,7.856,0.4,0.3,15,3
209,0,5,0,471,0,0,0,20,20,99999,0,0,5,0.28,5.6,0.4,0.3,13,3
209,0,6,0,488,0,0,0,24,24,99999,0,0,6,0.345,8.28,0.4,0.3,14,3
209,0,7,0,477,0,0,0,20,20,99999,0,0,7,0.166,3.32,0.4,0.3,14,3
209,0,8,0,458,0,0,0,60,60,99999,0,0,8,0.099,5.94,0.4,0.3,15,8
209,0,9,0,522,0,0,0,192,192,99999,0,0,9,0.245,47.04,0.4,0.3,59,20
210,0,0,0,474,0,0,0,6,6,99999,0,0,0,0.425,2.55,0.4,0.3,88,1
210,0,1,0,457,0,0,0,9,9,99999,0,0,1,0.53,4.77,0.4,0.3,22,2
210,0,2,0,478,0,0,0,12,12,99999,0,0,2,0.308,3.696,0.4,0.3,19,2
210,0,3,0,486,0,0,0,16,16,99999,0,0,3,0.491,7.856,0.4,0.3,15,3
210,0,4,0,471,0,0,0,20,20,99999,0,0,4,0.28,5.6,0.4,0.3,13,3
210,0,5,0,488,0,0,0,24,24,99999,0,0,5,0.345,8.28,0.4,0.3,14,3
210,0,6,0,477,0,0,0,20,20,99999,0,0,6,0.166,3.32,0.4,0.3,14,3
210,0,7,0,522,0,0,0,192,192,99999,0,0,7,0.245,47.04,0.4,0.3,59,20
210,0,8,0,476,0,0,0,64,64,99999,0,0,8,0.179,11.456,0.4,0.3,15,5
210,0,9,0,429,0,0,0,48,48,99999,0,0,9,0.575,27.6,0.4,0.3,29,6
211,0,0,0,474,0,0,0,6,6,99999,0,0,0,0.425,2.55,0.4,0.3,88,1
211,0,1,0,457,0,0,0,9,9,99999,0,0,1,0.53,4.77,0.4,0.3,22,2
211,0,2,0,478,0,0,0,12,12,99999,0,0,2,0.308,3.696,0.4,0.3,19,2
211,0,3,0,471,0,0,0,20,20,99999,0,0,3,0.28,5.6,0.4,0.3,13,3
211,0,4,0,488,0,0,0,24,24,99999,0,0,4,0.345,8.28,0.4,0.3,14,3
211,0,5,0,477,0,0,0,20,20,99999,0,0,5,0.166,3.32,0.4,0.3,14,3
211,0,6,0,522,0,0,0,192,192,99999,0,0,6,0.245,47.04,0.4,0.3,59,20
211,0,7,0,476,0,0,0,64,64,99999,0,0,7,0.179,11.456,0.4,0.3,15,5
211,0,8,0,429,0,0,0,48,48,99999,0,0,8,0.575,27.6,0.4,0.3,29,6
211,0,9,0,485,0,0,0,16,16,99999,0,0,9,0.6,9.6,0.4,0.3,12,3
212,0,0,0,474,0,0,0,6,6,99999,0,0,0,0.425,2.55,0.4,0.3,88,1
212,0,1,0,457,0,0,0,9,9,99999,0,0,1,0.53,4.77,0.4,0.3,22,2
212,0,2,0,478,0,0,0,12,12,99999,0,0,2,0.308,3.696,0.4,0.3,19,2
212,0,3,0,488,0,0,0,24,24,99999,0,0,3,0.345,8.28,0.4,0.3,14,3
212,0,4,0,477,0,0,0,20,20,99999,0,0,4,0.166,3.32,0.4,0.3,14,3
212,0,5,0,476,0,0,0,64,64,99999,0,0,5,0.179,11.456,0.4,0.3,15,5
212,0,6,0,429,0,0,0,48,48,99999,0,0,6,0.575,27.6,0.4,0.3,29,6
212,0,7,0,485,0,0,0,16,16,99999,0,0,7,0.6,9.6,0.4,0.3,12,3
212,0,8,0,464,0,0,0,16,16,99999,0,0,8,0.388,6.208,0.4,0.3,12,3
212,0,9,0,489,0,0,0,24,24,99999,0,0,9,0.342,8.208,0.4,0.3,10,3
213,0,0,0,474,0,0,0,6,6,99999,0,0,0,0.425,2.55,0.4,0.3,88,1
213,0,1,0,457,0,0,0,9,9,99999,0,0,1,0.53,4.77,0.4,0.3,22,2
213,0,2,0,478,0,0,0,12,12,99999,0,0,2,0.308,3.696,0.4,0.3,19,2
213,0,3,0,477,0,0,0,20,20,99999,0,0,3,0.166,3.32,0.4,0.3,14,3
213,0,4,0,429,0,0,0,48,48,99999,0,0,4,0.575,27.6,0.4,0.3,29,6
213,0,5,0,485,0,0,0,16,16,99999,0,0,5,0.6,9.6,0.4,0.3,12,3
213,0,6,0,464,0,0,0,16,16,99999,0,0,6,0.388,6.208,0.4,0.3,12,3
213,0,7,0,489,0,0,0,24,24,99999,0,0,7,0.342,8.208,0.4,0.3,10,3
213,0,8,0,467,0,0,0,36,36,99999,0,0,8,0.287,10.332,0.4,0.3,16,4
213,0,9,0,481,0,0,0,72,72,99999,0,0,9,0.176,12.672,0.4,0.3,10,5
214,0,0,0,474,0,0,0,6,6,99999,0,0,0,0.425,2.55,0.4,0.3,88,1
214,0,1,0,478,0,0,0,12,12,99999,0,0,1,0.308,3.696,0.4,0.3,19,2
214,0,2,0,429,0,0,0,48,48,99999,0,0,2,0.575,27.6,0.4,0.3,29,6
214,0,3,0,485,0,0,0,16,16,99999,0,0,3,0.6,9.6,0.4,0.3,12,3
214,0,4,0,464,0,0,0,16,16,99999,0,0,4,0.388,6.208,0.4,0.3,12,3
214,0,5,0,489,0,0,0,24,24,99999,0,0,5,0.342,8.208,0.4,0.3,10,3
214,0,6,0,467,0,0,0,36,36,99999,0,0,6,0.287,10.332,0.4,0.3,16,4
214,0,7,0,481,0,0,0,72,72,99999,0,0,7,0.176,12.672,0.4,0.3,10,5
214,0,8,0,494,0,0,0,40,40,99999,0,0,8,0.389,15.56,0.4,0.3,9,5
214,0,9,0,466,0,0,0,12,12,99999,0,0,9,0.475,5.7,0.4,0.3,14,2
215,0,0,0,474,0,0,0,6,6,99999,0,0,0,0.425,2.55,0.4,0.3,88,1
215,0,1,0,485,0,0,0,16,16,99999,0,0,1,0.6,9.6,0.4,0.3,12,3
215,0,2,0,464,0,0,0,16,16,99999,0,0,2,0.388,6.208,0.4,0.3,12,3
215,0,3,0,489,0,0,0,24,24,99999,0,0,3,0.342,8.208,0.4,0.3,10,3
215,0,4,0,467,0,0,0,36,36,99999,0,0,4,0.287,10.332,0.4,0.3,16,4
215,0,5,0,494,0,0,0,40,40,99999,0,0,5,0.389,15.56,0.4,0.3,9,5
215,0,6,0,466,0,0,0,12,12,99999,0,0,6,0.475,5.7,0.4,0.3,14,2
215,0,7,0,465,0,0,0,12,12,99999,0,0,7,0.463,5.556,0.4,0.3,14,2
215,0,8,0,479,0,0,0,24,24,99999,0,0,8,0.375,9.0,0.4,0.3,8,2
215,0,9,0,521,0,0,0,192,192,99999,0,0,9,0.355,68.16,0.4,0.3,33,17
216,0,0,0,474,0,0,0,6,6,99999,0,0,0,0.425,2.55,0.4,0.3,88,1
216,0,1,0,464,0,0,0,16,16,99999,0,0,1,0.388,6.208,0.4,0.3,12,3
216,0,2,0,467,0,0,0,36,36,99999,0,0,2,0.287,10.332,0.4,0.3,16,4
216,0,3,0,466,0,0,0,12,12,99999,0,0,3,0.475,5.7,0.4,0.3,14,2
216,0,4,0,465,0,0,0,12,12,99999,0,0,4,0.463,5.556,0.4,0.3,14,2
216,0,5,0,479,0,0,0,24,24,99999,0,0,5,0.375,9.0,0.4,0.3,8,2
216,0,6,0,521,0,0,0,192,192,99999,0,0,6,0.355,68.16,0.4,0.3,33,17
216,0,7,0,491,0,0,0,48,48,99999,0,0,7,0.241,11.568,0.4,0.3,9,5
216,0,8,0,490,0,0,0,40,40,99999,0,0,8,0.152,6.08,0.4,0.3,22,4
216,0,9,0,492,0,0,0,60,60,99999,0,0,9,0.28,16.8,0.4,0.3,6,6
217,0,0,0,474,0,0,0,6,6,99999,0,0,0,0.425,2.55,0.4,0.3,88,1
217,0,1,0,466,0,0,0,12,12,99999,0,0,1,0.475,5.7,0.4,0.3,14,2
217,0,2,0,465,0,0,0,12,12,99999,0,0,2,0.463,5.556,0.4,0.3,14,2
217,0,3,0,479,0,0,0,24,24,99999,0,0,3,0.375,9.0,0.4,0.3,8,2
217,0,4,0,491,0,0,0,48,48,99999,0,0,4,0.241,11.568,0.4,0.3,9,5
217,0,5,0,490,0,0,0,40,40,99999,0,0,5,0.152,6.08,0.4,0.3,22,4
217,0,6,0,459,0,0,0,48,48,99999,0,0,6,0.217,10.416,0.4,0.3,6,6
217,0,7,0,493,0,0,0,60,60,99999,0,0,7,0.28,16.8,0.4,0.3,6,6
217,0,8,0,516,0,0,0,192,192,99999,0,0,8,0.065,12.48,0.4,0.3,15,15
217,0,9,0,665,0,0,0,75,75,99999,0,0,9,0.2,15.0,0.5,0.4,437,32
218,0,0,0,474,0,0,0,6,6,99999,0,0,0,0.425,2.55,0.4,0.3,88,1
218,0,1,0,466,0,0,0,12,12,99999,0,0,1,0.475,5.7,0.4,0.3,14,2
218,0,2,0,465,0,0,0,12,12,99999,0,0,2,0.463,5.556,0.4,0.3,14,2
218,0,3,0,479,0,0,0,24,24,99999,0,0,3,0.375,9.0,0.4,0.3,8,2
218,0,4,0,490,0,0,0,40,40,99999,0,0,4,0.152,6.08,0.4,0.3,22,4
218,0,5,0,665,0,0,0,75,75,99999,0,0,5,0.2,15.0,0.5,0.4,437,32
218,0,6,0,663,0,0,0,75,75,99999,0,0,6,0.2,15.0,0.5,0.4,154,14
218,0,7,0,669,0,0,0,60,60,99999,0,0,7,0.2,12.0,0.5,0.4,65,11
218,0,8,0,662,0,0,0,75,75,99999,0,0,8,0.2,15.0,0.5,0.4,53,14
218,0,9,0,666,0,0,0,60,60,99999,0,0,9,0.2,12.0,0.5,0.4,48,12
219,0,0,0,474,0,0,0,6,6,99999,0,0,0,0.425,2.55,0.4,0.3,88,1
219,0,1,0,466,0,0,0,12,12,99999,0,0,1,0.475,5.7,0.4,0.3,14,2
219,0,2,0,465,0,0,0,12,12,99999,0,0,2,0.463,5.556,0.4,0.3,14,2
219,0,3,0,490,0,0,0,40,40,99999,0,0,3,0.152,6.08,0.4,0.3,22,4
219,0,4,0,665,0,0,0,75,75,99999,0,0,4,0.2,15.0,0.5,0.4,437,32
219,0,5,0,663,0,0,0,75,75,99999,0,0,5,0.2,15.0,0.5,0.4,154,14
219,0,6,0,669,0,0,0,60,60,99999,0,0,6,0.2,12.0,0.5,0.4,65,11
219,0,7,0,662,0,0,0,75,75,99999,0,0,7,0.2,15.0,0.5,0.4,53,14
219,0,8,0,666,0,0,0,60,60,99999,0,0,8,0.2,12.0,0.5,0.4,48,12
219,0,9,0,887,0,0,0,24,24,99999,0,0,9,2.5,60.0,0.5,0.4,19,3
220,0,0,0,474,0,0,0,6,6,99999,0,0,0,0.425,2.55,0.4,0.3,88,1
220,0,1,0,466,0,0,0,12,12,99999,0,0,1,0.475,5.7,0.4,0.3,14,2
220,0,2,0,465,0,0,0,12,12,99999,0,0,2,0.463,5.556,0.4,0.3,14,2
220,0,3,0,490,0,0,0,40,40,99999,0,0,3,0.152,6.08,0.4,0.3,22,4
220,0,4,0,665,0,0,0,75,75,99999,0,0,4,0.2,15.0,0.5,0.4,437,32
220,0,5,0,663,0,0,0,75,75,99999,0,0,5,0.2,15.0,0.5,0.4,154,14
220,0,6,0,669,0,0,0,60,60,99999,0,0,6,0.2,12.0,0.5,0.4,65,11
220,0,7,0,662,0,0,0,75,75,99999,0,0,7,0.2,15.0,0.5,0.4,53,14
220,0,8,0,666,0,0,0,60,60,99999,0,0,8,0.2,12.0,0.5,0.4,48,12
220,0,9,0,887,0,0,0,24,24,99999,0,0,9,2.5,60.0,0.5,0.4,19,3
221,0,0,0,474,0,0,0,6,6,99999,0,0,0,0.425,2.55,0.4,0.3,88,1
221,0,1,0,465,0,0,0,12,12,99999,0,0,1,0.463,5.556,0.4,0.3,14,2
221,0,2,0,490,0,0,0,40,40,99999,0,0,2,0.152,6.08,0.4,0.3,22,4
221,0,3,0,665,0,0,0,75,75,99999,0,0,3,0.2,15.0,0.5,0.4,437,32
221,0,4,0,663,0,0,0,75,75,99999,0,0,4,0.2,15.0,0.5,0.4,154,14
221,0,5,0,669,0,0,0,60,60,99999,0,0,5,0.2,12.0,0.5,0.4,65,11
221,0,6,0,662,0,0,0,75,75,99999,0,0,6,0.2,15.0,0.5,0.4,53,14
221,0,7,0,666,0,0,0,60,60,99999,0,0,7,0.2,12.0,0.5,0.4,48,12
221,0,8,0,887,0,0,0,24,24,99999,0,0,8,2.5,60.0,0.5,0.4,19,3
221,0,9,0,892,0,0,0,24,24,99999,0,0,9,3.0,72.0,0.5,0.4,13,3
222,0,0,0,474,0,0,0,6,6,99999,0,0,0,0.425,2.55,0.4,0.3,88,1
222,0,1,0,665,0,0,0,75,75,99999,0,0,1,0.2,15.0,0.5,0.4,437,32
222,0,2,0,663,0,0,0,75,75,99999,0,0,2,0.2,15.0,0.5,0.4,154,14
222,0,3,0,669,0,0,0,60,60,99999,0,0,3,0.2,12.0,0.5,0.4,65,11
222,0,4,0,887,0,0,0,24,24,99999,0,0,4,2.5,60.0,0.5,0.4,19,3
222,0,5,0,892,0,0,0,24,24,99999,0,0,5,3.0,72.0,0.5,0.4,13,3
222,0,6,0,671,0,0,0,4,4,99999,0,0,6,1.0,4.0,0.5,0.4,14,1
222,0,7,0,664,0,0,0,75,75,99999,0,0,7,0.2,15.0,0.5,0.4,17,9
222,0,8,0,880,0,0,0,24,24,99999,0,0,8,3.0,72.0,0.5,0.4,14,3
222,0,9,0,668,0,0,0,4,4,99999,0,0,9,1.0,4.0,0.5,0.4,12,1
223,0,0,0,474,0,0,0,6,6,99999,0,0,0,0.425,2.55,0.4,0.3,88,1
223,0,1,0,665,0,0,0,75,75,99999,0,0,1,0.2,15.0,0.5,0.4,437,32
223,0,2,0,663,0,0,0,75,75,99999,0,0,2,0.2,15.0,0.5,0.4,154,14
223,0,3,0,669,0,0,0,60,60,99999,0,0,3,0.2,12.0,0.5,0.4,65,11
223,0,4,0,887,0,0,0,24,24,99999,0,0,4,2.5,60.0,0.5,0.4,19,3
223,0,5,0,892,0,0,0,24,24,99999,0,0,5,3.0,72.0,0.5,0.4,13,3
223,0,6,0,671,0,0,0,4,4,99999,0,0,6,1.0,4.0,0.5,0.4,14,1
223,0,7,0,664,0,0,0,75,75,99999,0,0,7,0.2,15.0,0.5,0.4,17,9
223,0,8,0,880,0,0,0,24,24,99999,0,0,8,3.0,72.0,0.5,0.4,14,3
223,0,9,0,668,0,0,0,4,4,99999,0,0,9,1.0,4.0,0.5,0.4,12,1
224,0,0,0,474,0,0,0,6,6,99999,0,0,0,0.425,2.55,0.4,0.3,88,1
224,0,1,0,665,0,0,0,75,75,99999,0,0,1,0.2,15.0,0.5,0.4,437,32
224,0,2,0,663,0,0,0,75,75,99999,0,0,2,0.2,15.0,0.5,0.4,154,14
224,0,3,0,887,0,0,0,24,24,99999,0,0,3,2.5,60.0,0.5,0.4,19,3
224,0,4,0,892,0,0,0,24,24,99999,0,0,4,3.0,72.0,0.5,0.4,13,3
224,0,5,0,671,0,0,0,4,4,99999,0,0,5,1.0,4.0,0.5,0.4,14,1
224,0,6,0,880,0,0,0,24,24,99999,0,0,6,3.0,72.0,0.5,0.4,14,3
224,0,7,0,668,0,0,0,4,4,99999,0,0,7,1.0,4.0,0.5,0.4,12,1
224,0,8,0,531,0,0,0,8,8,99999,0,0,8,6.27,50.16,0.5,0.4,13,2
224,0,9,0,883,0,0,0,24,24,99999,0,0,9,2.0,48.0,0.5,0.4,19,5
225,0,0,0,474,0,0,0,6,6,99999,0,0,0,0.425,2.55,0.4,0.3,88,1
225,0,1,0,665,0,0,0,75,75,99999,0,0,1,0.2,15.0,0.5,0.4,437,32
225,0,2,0,663,0,0,0,75,75,99999,0,0,2,0.2,15.0,0.5,0.4,154,14
225,0,3,0,887,0,0,0,24,24,99999,0,0,3,2.5,60.0,0.5,0.4,19,3
225,0,4,0,892,0,0,0,24,24,99999,0,0,4,3.0,72.0,0.5,0.4,13,3
225,0,5,0,671,0,0,0,4,4,99999,0,0,5,1.0,4.0,0.5,0.4,14,1
225,0,6,0,880,0,0,0,24,24,99999,0,0,6,3.0,72.0,0.5,0.4,14,3
225,0,7,0,668,0,0,0,4,4,99999,0,0,7,1.0,4.0,0.5,0.4,12,1
225,0,8,0,531,0,0,0,8,8,99999,0,0,8,6.27,50.16,0.5,0.4,13,2
225,0,9,0,883,0,0,0,24,24,99999,0,0,9,2.0,48.0,0.5,0.4,19,5
226,0,0,0,474,0,0,0,6,6,99999,0,0,0,0.425,2.55,0.4,0.3,88,1
226,0,1,0,665,0,0,0,75,75,99999,0,0,1,0.2,15.0,0.5,0.4,437,32
226,0,2,0,663,0,0,0,75,75,99999,0,0,2,0.2,15.0,0.5,0.4,154,14
226,0,3,0,892,0,0,0,24,24,99999,0,0,3,3.0,72.0,0.5,0.4,13,3
226,0,4,0,671,0,0,0,4,4,99999,0,0,4,1.0,4.0,0.5,0.4,14,1
226,0,5,0,880,0,0,0,24,24,99999,0,0,5,3.0,72.0,0.5,0.4,14,3
226,0,6,0,668,0,0,0,4,4,99999,0,0,6,1.0,4.0,0.5,0.4,12,1
226,0,7,0,531,0,0,0,8,8,99999,0,0,7,6.27,50.16,0.5,0.4,13,2
226,0,8,0,883,0,0,0,24,24,99999,0,0,8,2.0,48.0,0.5,0.4,19,5
226,0,9,0,573,0,0,0,24,24,99999,0,0,9,1.608,38.592,0.5,0.4,190,5
227,0,0,0,474,0,0,0,6,6,99999,0,0,0,0.425,2.55,0.4,0.3,88,1
227,0,1,0,665,0,0,0,75,75,99999,0,0,1,0.2,15.0,0.5,0.4,437,32
227,0,2,0,663,0,0,0,75,75,99999,0,0,2,0.2,15.0,0.5,0.4,154,14
227,0,3,0,671,0,0,0,4,4,99999,0,0,3,1.0,4.0,0.5,0.4,14,1
227,0,4,0,668,0,0,0,4,4,99999,0,0,4,1.0,4.0,0.5,0.4,12,1
227,0,5,0,531,0,0,0,8,8,99999,0,0,5,6.27,50.16,0.5,0.4,13,2
227,0,6,0,883,0,0,0,24,24,99999,0,0,6,2.0,48.0,0.5,0.4,19,5
227,0,7,0,573,0,0,0,24,24,99999,0,0,7,1.608,38.592,0.5,0.4,190,5
227,0,8,0,890,0,0,0,24,24,99999,0,0,8,9.0,216.0,0.5,0.4,6,2
227,0,9,0,583,0,0,0,16,16,99999,0,0,9,2.125,34.0,0.5,0.4,217,7
228,0,0,0,474,0,0,0,6,6,99999,0,0,0,0.425,2.55,0.4,0.3,88,1
228,0,1,0,665,0,0,0,75,75,99999,0,0,1,0.2,15.0,0.5,0.4,437,32
228,0,2,0,663,0,0,0,75,75,99999,0,0,2,0.2,15.0,0.5,0.4,154,14
228,0,3,0,671,0,0,0,4,4,99999,0,0,3,1.0,4.0,0.5,0.4,14,1
228,0,4,0,668,0,0,0,4,4,99999,0,0,4,1.0,4.0,0.5,0.4,12,1
228,0,5,0,531,0,0,0,8,8,99999,0,0,5,6.27,50.16,0.5,0.4,13,2
228,0,6,0,573,0,0,0,24,24,99999,0,0,6,1.608,38.592,0.5,0.4,190,5
228,0,7,0,890,0,0,0,24,24,99999,0,0,7,9.0,216.0,0.5,0.4,6,2
228,0,8,0,583,0,0,0,16,16,99999,0,0,8,2.125,34.0,0.5,0.4,217,7
228,0,9,0,881,0,0,0,24,24,99999,0,0,9,1.5,36.0,0.5,0.4,11,4
229,0,0,0,474,0,0,0,6,6,99999,0,0,0,0.425,2.55,0.4,0.3,88,1
229,0,1,0,665,0,0,0,75,75,99999,0,0,1,0.2,15.0,0.5,0.4,437,32
229,0,2,0,671,0,0,0,4,4,99999,0,0,2,1.0,4.0,0.5,0.4,14,1
229,0,3,0,668,0,0,0,4,4,99999,0,0,3,1.0,4.0,0.5,0.4,12,1
229,0,4,0,531,0,0,0,8,8,99999,0,0,4,6.27,50.16,0.5,0.4,13,2
229,0,5,0,573,0,0,0,24,24,99999,0,0,5,1.608,38.592,0.5,0.4,190,5
229,0,6,0,890,0,0,0,24,24,99999,0,0,6,9.0,216.0,0.5,0.4,6,2
229,0,7,0,583,0,0,0,16,16,99999,0,0,7,2.125,34.0,0.5,0.4,217,7
229,0,8,0,881,0,0,0,24,24,99999,0,0,8,1.5,36.0,0.5,0.4,11,4
229,0,9,0,672,0,0,0,50,50,99999,0,0,9,0.2,10.0,0.5,0.4,6,3
230,0,0,0,474,0,0,0,6,6,99999,0,0,0,0.425,2.55,0.4,0.3,88,1
230,0,1,0,665,0,0,0,75,75,99999,0,0,1,0.2,15.0,0.5,0.4,437,32
230,0,2,0,671,0,0,0,4,4,99999,0,0,2,1.0,4.0,0.5,0.4,14,1
230,0,3,0,668,0,0,0,4,4,99999,0,0,3,1.0,4.0,0.5,0.4,12,1
230,0,4,0,531,0,0,0,8,8,99999,0,0,4,6.27,50.16,0.5,0.4,13,2
230,0,5,0,573,0,0,0,24,24,99999,0,0,5,1.608,38.592,0.5,0.4,190,5
230,0,6,0,583,0,0,0,16,16,99999,0,0,6,2.125,34.0,0.5,0.4,217,7
230,0,7,0,881,0,0,0,24,24,99999,0,0,7,1.5,36.0,0.5,0.4,11,4
230,0,8,0,672,0,0,0,50,50,99999,0,0,8,0.2,10.0,0.5,0.4,6,3
230,0,9,0,894,0,0,0,24,24,99999,0,0,9,2.5,60.0,0.5,0.4,8,3
231,0,0,0,671,0,0,0,4,4,99999,0,0,0,1.0,4.0,0.5,0.4,14,1
231,0,1,0,668,0,0,0,4,4,99999,0,0,1,1.0,4.0,0.5,0.4,12,1
231,0,2,0,531,0,0,0,8,8,99999,0,0,2,6.27,50.16,0.5,0.4,13,2
231,0,3,0,573,0,0,0,24,24,99999,0,0,3,1.608,38.592,0.5,0.4,190,5
231,0,4,0,583,0,0,0,16,16,99999,0,0,4,2.125,34.0,0.5,0.4,217,7
231,0,5,0,894,0,0,0,24,24,99999,0,0,5,2.5,60.0,0.5,0.4,8,3
231,0,6,0,882,0,0,0,24,24,99999,0,0,6,3.0,72.0,0.5,0.4,8,3
231,0,7,0,814,0,0,0,12,12,99999,0,0,7,1.3,15.6,0.5,0.4,11,3
231,0,8,0,542,0,0,0,144,144,99999,0,0,8,0.365,52.56,0.5,0.4,203,26
231,0,9,0,888,0,0,0,24,24,99999,0,0,9,2.8,67.2,0.5,0.4,7,4
232,0,0,0,671,0,0,0,4,4,99999,0,0,0,1.0,4.0,0.5,0.4,14,1
232,0,1,0,668,0,0,0,4,4,99999,0,0,1,1.0,4.0,0.5,0.4,12,1
232,0,2,0,531,0,0,0,8,8,99999,0,0,2,6.27,50.16,0.5,0.4,13,2
232,0,3,0,573,0,0,0,24,24,99999,0,0,3,1.608,38.592,0.5,0.4,190,5
232,0,4,0,583,0,0,0,16,16,99999,0,0,4,2.125,34.0,0.5,0.4,217,7
232,0,5,0,894,0,0,0,24,24,99999,0,0,5,2.5,60.0,0.5,0.4,8,3
232,0,6,0,882,0,0,0,24,24,99999,0,0,6,3.0,72.0,0.5,0.4,8,3
232,0,7,0,814,0,0,0,12,12,99999,0,0,7,1.3,15.6,0.5,0.4,11,3
232,0,8,0,542,0,0,0,144,144,99999,0,0,8,0.365,52.56,0.5,0.4,203,26
232,0,9,0,888,0,0,0,24,24,99999,0,0,9,2.8,67.2,0.5,0.4,7,4
233,0,0,0,671,0,0,0,4,4,99999,0,0,0,1.0,4.0,0.5,0.4,14,1
233,0,1,0,668,0,0,0,4,4,99999,0,0,1,1.0,4.0,0.5,0.4,12,1
233,0,2,0,531,0,0,0,8,8,99999,0,0,2,6.27,50.16,0.5,0.4,13,2
233,0,3,0,573,0,0,0,24,24,99999,0,0,3,1.608,38.592,0.5,0.4,190,5
233,0,4,0,583,0,0,0,16,16,99999,0,0,4,2.125,34.0,0.5,0.4,217,7
233,0,5,0,882,0,0,0,24,24,99999,0,0,5,3.0,72.0,0.5,0.4,8,3
233,0,6,0,814,0,0,0,12,12,99999,0,0,6,1.3,15.6,0.5,0.4,11,3
233,0,7,0,542,0,0,0,144,144,99999,0,0,7,0.365,52.56,0.5,0.4,203,26
233,0,8,0,893,0,0,0,24,24,99999,0,0,8,1.0,24.0,0.5,0.4,6,3
233,0,9,0,579,0,0,0,144,144,99999,0,0,9,0.383,55.152,0.5,0.4,171,25
234,0,0,0,671,0,0,0,4,4,99999,0,0,0,1.0,4.0,0.5,0.4,14,1
234,0,1,0,668,0,0,0,4,4,99999,0,0,1,1.0,4.0,0.5,0.4,12,1
234,0,2,0,531,0,0,0,8,8,99999,0,0,2,6.27,50.16,0.5,0.4,13,2
234,0,3,0,573,0,0,0,24,24,99999,0,0,3,1.608,38.592,0.5,0.4,190,5
234,0,4,0,583,0,0,0,16,16,99999,0,0,4,2.125,34.0,0.5,0.4,217,7
234,0,5,0,814,0,0,0,12,12,99999,0,0,5,1.3,15.6,0.5,0.4,11,3
234,0,6,0,542,0,0,0,144,144,99999,0,0,6,0.365,52.56,0.5,0.4,203,26
234,0,7,0,893,0,0,0,24,24,99999,0,0,7,1.0,24.0,0.5,0.4,6,3
234,0,8,0,579,0,0,0,144,144,99999,0,0,8,0.383,55.152,0.5,0.4,171,25
234,0,9,0,741,0,0,0,20,20,99999,0,0,9,1.0,20.0,0.5,0.4,8,4
235,0,0,0,671,0,0,0,4,4,99999,0,0,0,1.0,4.0,0.5,0.4,14,1
235,0,1,0,668,0,0,0,4,4,99999,0,0,1,1.0,4.0,0.5,0.4,12,1
235,0,2,0,573,0,0,0,24,24,99999,0,0,2,1.608,38.592,0.5,0.4,190,5
235,0,3,0,583,0,0,0,16,16,99999,0,0,3,2.125,34.0,0.5,0.4,217,7
235,0,4,0,542,0,0,0,144,144,99999,0,0,4,0.365,52.56,0.5,0.4,203,26
235,0,5,0,579,0,0,0,144,144,99999,0,0,5,0.383,55.152,0.5,0.4,171,25
235,0,6,0,741,0,0,0,20,20,99999,0,0,6,1.0,20.0,0.5,0.4,8,4
235,0,7,0,758,0,0,0,12,12,99999,0,0,7,0.8,9.6,0.5,0.4,6,2
235,0,8,0,578,0,0,0,40,40,99999,0,0,8,0.924,36.96,0.5,0.4,85,5
235,0,9,0,670,0,0,0,4,4,99999,0,0,9,1.0,4.0,0.5,0.4,5,1
236,0,0,0,671,0,0,0,4,4,99999,0,0,0,1.0,4.0,0.5,0.4,14,1
236,0,1,0,668,0,0,0,4,4,99999,0,0,1,1.0,4.0,0.5,0.4,12,1
236,0,2,0,573,0,0,0,24,24,99999,0,0,2,1.608,38.592,0.5,0.4,190,5
236,0,3,0,583,0,0,0,16,16,99999,0,0,3,2.125,34.0,0.5,0.4,217,7
236,0,4,0,542,0,0,0,144,144,99999,0,0,4,0.365,52.56,0.5,0.4,203,26
236,0,5,0,579,0,0,0,144,144,99999,0,0,5,0.383,55.152,0.5,0.4,171,25
236,0,6,0,758,0,0,0,12,12,99999,0,0,6,0.8,9.6,0.5,0.4,6,2
236,0,7,0,578,0,0,0,40,40,99999,0,0,7,0.924,36.96,0.5,0.4,85,5
236,0,8,0,670,0,0,0,4,4,99999,0,0,8,1.0,4.0,0.5,0.4,5,1
236,0,9,0,567,0,0,0,216,216,99999,0,0,9,0.328,70.848,0.5,0.4,109,28
237,0,0,0,671,0,0,0,4,4,99999,0,0,0,1.0,4.0,0.5,0.4,14,1
237,0,1,0,668,0,0,0,4,4,99999,0,0,1,1.0,4.0,0.5,0.4,12,1
237,0,2,0,573,0,0,0,24,24,99999,0,0,2,1.608,38.592,0.5,0.4,190,5
237,0,3,0,583,0,0,0,16,16,99999,0,0,3,2.125,34.0,0.5,0.4,217,7
237,0,4,0,542,0,0,0,144,144,99999,0,0,4,0.365,52.56,0.5,0.4,203,26
237,0,5,0,579,0,0,0,144,144,99999,0,0,5,0.383,55.152,0.5,0.4,171,25
237,0,6,0,758,0,0,0,12,12,99999,0,0,6,0.8,9.6,0.5,0.4,6,2
237,0,7,0,578,0,0,0,40,40,99999,0,0,7,0.924,36.96,0.5,0.4,85,5
237,0,8,0,670,0,0,0,4,4,99999,0,0,8,1.0,4.0,0.5,0.4,5,1
237,0,9,0,567,0,0,0,216,216,99999,0,0,9,0.328,70.848,0.5,0.4,109,28
238,0,0,0,671,0,0,0,4,4,99999,0,0,0,1.0,4.0,0.5,0.4,14,1
238,0,1,0,668,0,0,0,4,4,99999,0,0,1,1.0,4.0,0.5,0.4,12,1
238,0,2,0,573,0,0,0,24,24,99999,0,0,2,1.608,38.592,0.5,0.4,190,5
238,0,3,0,583,0,0,0,16,16,99999,0,0,3,2.125,34.0,0.5,0.4,217,7
238,0,4,0,542,0,0,0,144,144,99999,0,0,4,0.365,52.56,0.5,0.4,203,26
238,0,5,0,579,0,0,0,144,144,99999,0,0,5,0.383,55.152,0.5,0.4,171,25
238,0,6,0,758,0,0,0,12,12,99999,0,0,6,0.8,9.6,0.5,0.4,6,2
238,0,7,0,578,0,0,0,40,40,99999,0,0,7,0.924,36.96,0.5,0.4,85,5
238,0,8,0,670,0,0,0,4,4,99999,0,0,8,1.0,4.0,0.5,0.4,5,1
238,0,9,0,567,0,0,0,216,216,99999,0,0,9,0.328,70.848,0.5,0.4,109,28
239,0,0,0,671,0,0,0,4,4,99999,0,0,0,1.0,4.0,0.5,0.4,14,1
239,0,1,0,668,0,0,0,4,4,99999,0,0,1,1.0,4.0,0.5,0.4,12,1
239,0,2,0,573,0,0,0,24,24,99999,0,0,2,1.608,38.592,0.5,0.4,190,5
239,0,3,0,583,0,0,0,16,16,99999,0,0,3,2.125,34.0,0.5,0.4,217,7
239,0,4,0,579,0,0,0,144,144,99999,0,0,4,0.383,55.152,0.5,0.4,171,25
239,0,5,0,578,0,0,0,40,40,99999,0,0,5,0.924,36.96,0.5,0.4,85,5
239,0,6,0,670,0,0,0,4,4,99999,0,0,6,1.0,4.0,0.5,0.4,5,1
239,0,7,0,567,0,0,0,216,216,99999,0,0,7,0.328,70.848,0.5,0.4,109,28
239,0,8,0,884,0,0,0,24,24,99999,0,0,8,2.5,60.0,0.5,0.4,5,3
239,0,9,0,557,0,0,0,192,192,99999,0,0,9,0.326,62.592,0.5,0.4,92,19
240,0,0,0,671,0,0,0,4,4,99999,0,0,0,1.0,4.0,0.5,0.4,14,1
240,0,1,0,668,0,0,0,4,4,99999,0,0,1,1.0,4.0,0.5,0.4,12,1
240,0,2,0,573,0,0,0,24,24,99999,0,0,2,1.608,38.592,0.5,0.4,190,5
240,0,3,0,583,0,0,0,16,16,99999,0,0,3,2.125,34.0,0.5,0.4,217,7
240,0,4,0,578,0,0,0,40,40,99999,0,0,4,0.924,36.96,0.5,0.4,85,5
240,0,5,0,670,0,0,0,4,4,99999,0,0,5,1.0,4.0,0.5,0.4,5,1
240,0,6,0,884,0,0,0,24,24,99999,0,0,6,2.5,60.0,0.5,0.4,5,3
240,0,7,0,557,0,0,0,192,192,99999,0,0,7,0.326,62.592,0.5,0.4,92,19
240,0,8,0,956,0,0,0,288,288,99999,0,0,8,0.218,62.784,0.5,0.4,130,44
240,0,9,0,885,0,0,0,24,24,99999,0,0,9,1.5,36.0,0.5,0.4,6,3
241,0,0,0,671,0,0,0,4,4,99999,0,0,0,1.0,4.0,0.5,0.4,14,1
241,0,1,0,668,0,0,0,4,4,99999,0,0,1,1.0,4.0,0.5,0.4,12,1
241,0,2,0,573,0,0,0,24,24,99999,0,0,2,1.608,38.592,0.5,0.4,190,5
241,0,3,0,583,0,0,0,16,16,99999,0,0,3,2.125,34.0,0.5,0.4,217,7
241,0,4,0,578,0,0,0,40,40,99999,0,0,4,0.924,36.96,0.5,0.4,85,5
241,0,5,0,670,0,0,0,4,4,99999,0,0,5,1.0,4.0,0.5,0.4,5,1
241,0,6,0,557,0,0,0,192,192,99999,0,0,6,0.326,62.592,0.5,0.4,92,19
241,0,7,0,956,0,0,0,288,288,99999,0,0,7,0.218,62.784,0.5,0.4,130,44
241,0,8,0,885,0,0,0,24,24,99999,0,0,8,1.5,36.0,0.5,0.4,6,3
241,0,9,0,709,0,0,0,6,6,99999,0,0,9,0.82,4.92,0.5,0.4,6,1
242,0,0,0,671,0,0,0,4,4,99999,0,0,0,1.0,4.0,0.5,0.4,14,1
242,0,1,0,668,0,0,0,4,4,99999,0,0,1,1.0,4.0,0.5,0.4,12,1
242,0,2,0,573,0,0,0,24,24,99999,0,0,2,1.608,38.592,0.5,0.4,190,5
242,0,3,0,583,0,0,0,16,16,99999,0,0,3,2.125,34.0,0.5,0.4,217,7
242,0,4,0,578,0,0,0,40,40,99999,0,0,4,0.924,36.96,0.5,0.4,85,5
242,0,5,0,670,0,0,0,4,4,99999,0,0,5,1.0,4.0,0.5,0.4,5,1
242,0,6,0,557,0,0,0,192,192,99999,0,0,6,0.326,62.592,0.5,0.4,92,19
242,0,7,0,956,0,0,0,288,288,99999,0,0,7,0.218,62.784,0.5,0.4,130,44
242,0,8,0,709,0,0,0,6,6,99999,0,0,8,0.82,4.92,0.5,0.4,6,1
242,0,9,0,623,0,0,0,12,12,99999,0,0,9,2.067,24.804,0.5,0.4,20,2
243,0,0,0,671,0,0,0,4,4,99999,0,0,0,1.0,4.0,0.5,0.4,14,1
243,0,1,0,668,0,0,0,4,4,99999,0,0,1,1.0,4.0,0.5,0.4,12,1
243,0,2,0,573,0,0,0,24,24,99999,0,0,2,1.608,38.592,0.5,0.4,190,5
243,0,3,0,583,0,0,0,16,16,99999,0,0,3,2.125,34.0,0.5,0.4,217,7
243,0,4,0,578,0,0,0,40,40,99999,0,0,4,0.924,36.96,0.5,0.4,85,5
243,0,5,0,670,0,0,0,4,4,99999,0,0,5,1.0,4.0,0.5,0.4,5,1
243,0,6,0,557,0,0,0,192,192,99999,0,0,6,0.326,62.592,0.5,0.4,92,19
243,0,7,0,709,0,0,0,6,6,99999,0,0,7,0.82,4.92,0.5,0.4,6,1
243,0,8,0,623,0,0,0,12,12,99999,0,0,8,2.067,24.804,0.5,0.4,20,2
243,0,9,0,912,0,0,0,24,24,99999,0,0,9,2.057,49.368,0.5,0.4,16,2
244,0,0,0,671,0,0,0,4,4,99999,0,0,0,1.0,4.0,0.5,0.4,14,1
244,0,1,0,573,0,0,0,24,24,99999,0,0,1,1.608,38.592,0.5,0.4,190,5
244,0,2,0,583,0,0,0,16,16,99999,0,0,2,2.125,34.0,0.5,0.4,217,7
244,0,3,0,578,0,0,0,40,40,99999,0,0,3,0.924,36.96,0.5,0.4,85,5
244,0,4,0,709,0,0,0,6,6,99999,0,0,4,0.82,4.92,0.5,0.4,6,1
244,0,5,0,623,0,0,0,12,12,99999,0,0,5,2.067,24.804,0.5,0.4,20,2
244,0,6,0,912,0,0,0,24,24,99999,0,0,6,2.057,49.368,0.5,0.4,16,2
244,0,7,0,963,0,0,0,288,288,99999,0,0,7,0.281,80.928,0.5,0.4,123,41
244,0,8,0,677,0,0,0,6,6,99999,0,0,8,0.84,5.04,0.5,0.4,9,2
244,0,9,0,886,0,0,0,24,24,99999,0,0,9,6.0,144.0,0.5,0.4,4,2
245,0,0,0,671,0,0,0,4,4,99999,0,0,0,1.0,4.0,0.5,0.4,14,1
245,0,1,0,573,0,0,0,24,24,99999,0,0,1,1.608,38.592,0.5,0.4,190,5
245,0,2,0,583,0,0,0,16,16,99999,0,0,2,2.125,34.0,0.5,0.4,217,7
245,0,3,0,578,0,0,0,40,40,99999,0,0,3,0.924,36.96,0.5,0.4,85,5
245,0,4,0,709,0,0,0,6,6,99999,0,0,4,0.82,4.92,0.5,0.4,6,1
245,0,5,0,623,0,0,0,12,12,99999,0,0,5,2.067,24.804,0.5,0.4,20,2
245,0,6,0,912,0,0,0,24,24,99999,0,0,6,2.057,49.368,0.5,0.4,16,2
245,0,7,0,963,0,0,0,288,288,99999,0,0,7,0.281,80.928,0.5,0.4,123,41
245,0,8,0,677,0,0,0,6,6,99999,0,0,8,0.84,5.04,0.5,0.4,9,2
245,0,9,0,886,0,0,0,24,24,99999,0,0,9,6.0,144.0,0.5,0.4,4,2
246,0,0,0,671,0,0,0,4,4,99999,0,0,0,1.0,4.0,0.5,0.4,14,1
246,0,1,0,573,0,0,0,24,24,99999,0,0,1,1.608,38.592,0.5,0.4,190,5
246,0,2,0,583,0,0,0,16,16,99999,0,0,2,2.125,34.0,0.5,0.4,217,7
246,0,3,0,578,0,0,0,40,40,99999,0,0,3,0.924,36.96,0.5,0.4,85,5
246,0,4,0,709,0,0,0,6,6,99999,0,0,4,0.82,4.92,0.5,0.4,6,1
246,0,5,0,623,0,0,0,12,12,99999,0,0,5,2.067,24.804,0.5,0.4,20,2
246,0,6,0,912,0,0,0,24,24,99999,0,0,6,2.057,49.368,0.5,0.4,16,2
246,0,7,0,963,0,0,0,288,288,99999,0,0,7,0.281,80.928,0.5,0.4,123,41
246,0,8,0,677,0,0,0,6,6,99999,0,0,8,0.84,5.04,0.5,0.4,9,2
246,0,9,0,850,0,0,0,32,32,99999,0,0,9,0.291,9.312,0.5,0.4,32,5
247,0,0,0,671,0,0,0,4,4,99999,0,0,0,1.0,4.0,0.5,0.4,14,1
247,0,1,0,573,0,0,0,24,24,99999,0,0,1,1.608,38.592,0.5,0.4,190,5
247,0,2,0,583,0,0,0,16,16,99999,0,0,2,2.125,34.0,0.5,0.4,217,7
247,0,3,0,578,0,0,0,40,40,99999,0,0,3,0.924,36.96,0.5,0.4,85,5
247,0,4,0,623,0,0,0,12,12,99999,0,0,4,2.067,24.804,0.5,0.4,20,2
247,0,5,0,912,0,0,0,24,24,99999,0,0,5,2.057,49.368,0.5,0.4,16,2
247,0,6,0,677,0,0,0,6,6,99999,0,0,6,0.84,5.04,0.5,0.4,9,2
247,0,7,0,850,0,0,0,32,32,99999,0,0,7,0.291,9.312,0.5,0.4,32,5
247,0,8,0,561,0,0,0,288,288,99999,0,0,8,0.254,73.152,0.5,0.4,89,30
247,0,9,0,582,0,0,0,144,144,99999,0,0,9,0.367,52.848,0.5,0.4,86,18
248,0,0,0,671,0,0,0,4,4,99999,0,0,0,1.0,4.0,0.5,0.4,14,1
248,0,1,0,573,0,0,0,24,24,99999,0,0,1,1.608,38.592,0.5,0.4,190,5
248,0,2,0,583,0,0,0,16,16,99999,0,0,2,2.125,34.0,0.5,0.4,217,7
248,0,3,0,578,0,0,0,40,40,99999,0,0,3,0.924,36.96,0.5,0.4,85,5
248,0,4,0,623,0,0,0,12,12,99999,0,0,4,2.067,24.804,0.5,0.4,20,2
248,0,5,0,912,0,0,0,24,24,99999,0,0,5,2.057,49.368,0.5,0.4,16,2
248,0,6,0,677,0,0,0,6,6,99999,0,0,6,0.84,5.04,0.5,0.4,9,2
248,0,7,0,850,0,0,0,32,32,99999,0,0,7,0.291,9.312,0.5,0.4,32,5
248,0,8,0,561,0,0,0,288,288,99999,0,0,8,0.254,73.152,0.5,0.4,89,30
248,0,9,0,582,0,0,0,144,144,99999,0,0,9,0.367,52.848,0.5,0.4,86,18
249,0,0,0,671,0,0,0,4,4,99999,0,0,0,1.0,4.0,0.5,0.4,14,1
249,0,1,0,573,0,0,0,24,24,99999,0,0,1,1.608,38.592,0.5,0.4,190,5
249,0,2,0,583,0,0,0,16,16,99999,0,0,2,2.125,34.0,0.5,0.4,217,7
249,0,3,0,578,0,0,0,40,40,99999,0,0,3,0.924,36.96,0.5,0.4,85,5
249,0,4,0,623,0,0,0,12,12,99999,0,0,4,2.067,24.804,0.5,0.4,20,2
249,0,5,0,912,0,0,0,24,24,99999,0,0,5,2.057,49.368,0.5,0.4,16,2
249,0,6,0,850,0,0,0,32,32,99999,0,0,6,0.291,9.312,0.5,0.4,32,5
249,0,7,0,561,0,0,0,288,288,99999,0,0,7,0.254,73.152,0.5,0.4,89,30
249,0,8,0,582,0,0,0,144,144,99999,0,0,8,0.367,52.848,0.5,0.4,86,18
249,0,9,0,576,0,0,0,48,48,99999,0,0,9,0.631,30.288,0.5,0.4,65,6
250,0,0,0,671,0,0,0,4,4,99999,0,0,0,1.0,4.0,0.5,0.4,14,1
250,0,1,0,573,0,0,0,24,24,99999,0,0,1,1.608,38.592,0.5,0.4,190,5
250,0,2,0,583,0,0,0,16,16,99999,0,0,2,2.125,34.0,0.5,0.4,217,7
250,0,3,0,578,0,0,0,40,40,99999,0,0,3,0.924,36.96,0.5,0.4,85,5
250,0,4,0,623,0,0,0,12,12,99999,0,0,4,2.067,24.804,0.5,0.4,20,2
250,0,5,0,912,0,0,0,24,24,99999,0,0,5,2.057,49.368,0.5,0.4,16,2
250,0,6,0,850,0,0,0,32,32,99999,0,0,6,0.291,9.312,0.5,0.4,32,5
250,0,7,0,582,0,0,0,144,144,99999,0,0,7,0.367,52.848,0.5,0.4,86,18
250,0,8,0,576,0,0,0,48,48,99999,0,0,8,0.631,30.288,0.5,0.4,65,6
250,0,9,0,581,0,0,0,6,6,99999,0,0,9,6.275,37.65,0.5,0.4,6,1
251,0,0,0,671,0,0,0,4,4,99999,0,0,0,1.0,4.0,0.5,0.4,14,1
251,0,1,0,573,0,0,0,24,24,99999,0,0,1,1.608,38.592,0.5,0.4,190,5
251,0,2,0,583,0,0,0,16,16,99999,0,0,2,2.125,34.0,0.5,0.4,217,7
251,0,3,0,578,0,0,0,40,40,99999,0,0,3,0.924,36.96,0.5,0.4,85,5
251,0,4,0,623,0,0,0,12,12,99999,0,0,4,2.067,24.804,0.5,0.4,20,2
251,0,5,0,850,0,0,0,32,32,99999,0,0,5,0.291,9.312,0.5,0.4,32,5
251,0,6,0,582,0,0,0,144,144,99999,0,0,6,0.367,52.848,0.5,0.4,86,18
251,0,7,0,576,0,0,0,48,48,99999,0,0,7,0.631,30.288,0.5,0.4,65,6
251,0,8,0,581,0,0,0,6,6,99999,0,0,8,6.275,37.65,0.5,0.4,6,1
251,0,9,0,580,0,0,0,16,16,99999,0,0,9,2.375,38.0,0.5,0.4,32,3
252,0,0,0,671,0,0,0,4,4,99999,0,0,0,1.0,4.0,0.5,0.4,14,1
252,0,1,0,573,0,0,0,24,24,99999,0,0,1,1.608,38.592,0.5,0.4,190,5
252,0,2,0,583,0,0,0,16,16,99999,0,0,2,2.125,34.0,0.5,0.4,217,7
252,0,3,0,578,0,0,0,40,40,99999,0,0,3,0.924,36.96,0.5,0.4,85,5
252,0,4,0,623,0,0,0,12,12,99999,0,0,4,2.067,24.804,0.5,0.4,20,2
252,0,5,0,850,0,0,0,32,32,99999,0,0,5,0.291,9.312,0.5,0.4,32,5
252,0,6,0,576,0,0,0,48,48,99999,0,0,6,0.631,30.288,0.5,0.4,65,6
252,0,7,0,581,0,0,0,6,6,99999,0,0,7,6.275,37.65,0.5,0.4,6,1
252,0,8,0,580,0,0,0,16,16,99999,0,0,8,2.375,38.0,0.5,0.4,32,3
252,0,9,0,889,0,0,0,24,24,99999,0,0,9,1.8,43.2,0.5,0.4,4,4
253,0,0,0,671,0,0,0,4,4,99999,0,0,0,1.0,4.0,0.5,0.4,14,1
253,0,1,0,573,0,0,0,24,24,99999,0,0,1,1.608,38.592,0.5,0.4,190,5
253,0,2,0,583,0,0,0,16,16,99999,0,0,2,2.125,34.0,0.5,0.4,217,7
253,0,3,0,578,0,0,0,40,40,99999,0,0,3,0.924,36.96,0.5,0.4,85,5
253,0,4,0,623,0,0,0,12,12,99999,0,0,4,2.067,24.804,0.5,0.4,20,2
253,0,5,0,576,0,0,0,48,48,99999,0,0,5,0.631,30.288,0.5,0.4,65,6
253,0,6,0,581,0,0,0,6,6,99999,0,0,6,6.275,37.65,0.5,0.4,6,1
253,0,7,0,580,0,0,0,16,16,99999,0,0,7,2.375,38.0,0.5,0.4,32,3
253,0,8,0,617,0,0,0,8,8,99999,0,0,8,3.9,31.2,0.5,0.4,15,2
253,0,9,0,813,0,0,0,16,16,99999,0,0,9,1.25,20.0,0.5,0.4,6,3
254,0,0,0,573,0,0,0,24,24,99999,0,0,0,1.608,38.592,0.5,0.4,190,5
254,0,1,0,583,0,0,0,16,16,99999,0,0,1,2.125,34.0,0.5,0.4,217,7
254,0,2,0,623,0,0,0,12,12,99999,0,0,2,2.067,24.804,0.5,0.4,20,2
254,0,3,0,576,0,0,0,48,48,99999,0,0,3,0.631,30.288,0.5,0.4,65,6
254,0,4,0,581,0,0,0,6,6,99999,0,0,4,6.275,37.65,0.5,0.4,6,1
254,0,5,0,580,0,0,0,16,16,99999,0,0,5,2.375,38.0,0.5,0.4,32,3
254,0,6,0,617,0,0,0,8,8,99999,0,0,6,3.9,31.2,0.5,0.4,15,2
254,0,7,0,813,0,0,0,16,16,99999,0,0,7,1.25,20.0,0.5,0.4,6,3
254,0,8,0,584,0,0,0,48,48,99999,0,0,8,0.674,32.352,0.5,0.4,83,8
254,0,9,0,566,0,0,0,24,24,99999,0,0,9,1.331,31.944,0.5,0.4,38,4
255,0,0,0,573,0,0,0,24,24,99999,0,0,0,1.608,38.592,0.5,0.4,190,5
255,0,1,0,583,0,0,0,16,16,99999,0,0,1,2.125,34.0,0.5,0.4,217,7
255,0,2,0,623,0,0,0,12,12,99999,0,0,2,2.067,24.804,0.5,0.4,20,2
255,0,3,0,576,0,0,0,48,48,99999,0,0,3,0.631,30.288,0.5,0.4,65,6
255,0,4,0,581,0,0,0,6,6,99999,0,0,4,6.275,37.65,0.5,0.4,6,1
255,0,5,0,580,0,0,0,16,16,99999,0,0,5,2.375,38.0,0.5,0.4,32,3
255,0,6,0,617,0,0,0,8,8,99999,0,0,6,3.9,31.2,0.5,0.4,15,2
255,0,7,0,584,0,0,0,48,48,99999,0,0,7,0.674,32.352,0.5,0.4,83,8
255,0,8,0,566,0,0,0,24,24,99999,0,0,8,1.331,31.944,0.5,0.4,38,4
255,0,9,0,563,0,0,0,24,24,99999,0,0,9,1.362,32.688,0.5,0.4,27,3
256,0,0,0,573,0,0,0,24,24,99999,0,0,0,1.608,38.592,0.5,0.4,190,5
256,0,1,0,583,0,0,0,16,16,99999,0,0,1,2.125,34.0,0.5,0.4,217,7
256,0,2,0,623,0,0,0,12,12,99999,0,0,2,2.067,24.804,0.5,0.4,20,2
256,0,3,0,576,0,0,0,48,48,99999,0,0,3,0.631,30.288,0.5,0.4,65,6
256,0,4,0,581,0,0,0,6,6,99999,0,0,4,6.275,37.65,0.5,0.4,6,1
256,0,5,0,580,0,0,0,16,16,99999,0,0,5,2.375,38.0,0.5,0.4,32,3
256,0,6,0,617,0,0,0,8,8,99999,0,0,6,3.9,31.2,0.5,0.4,15,2
256,0,7,0,584,0,0,0,48,48,99999,0,0,7,0.674,32.352,0.5,0.4,83,8
256,0,8,0,566,0,0,0,24,24,99999,0,0,8,1.331,31.944,0.5,0.4,38,4
256,0,9,0,563,0,0,0,24,24,99999,0,0,9,1.362,32.688,0.5,0.4,27,3
257,0,0,0,573,0,0,0,24,24,99999,0,0,0,1.608,38.592,0.5,0.4,190,5
257,0,1,0,583,0,0,0,16,16,99999,0,0,1,2.125,34.0,0.5,0.4,217,7
257,0,2,0,623,0,0,0,12,12,99999,0,0,2,2.067,24.804,0.5,0.4,20,2
257,0,3,0,576,0,0,0,48,48,99999,0,0,3,0.631,30.288,0.5,0.4,65,6
257,0,4,0,581,0,0,0,6,6,99999,0,0,4,6.275,37.65,0.5,0.4,6,1
257,0,5,0,580,0,0,0,16,16,99999,0,0,5,2.375,38.0,0.5,0.4,32,3
257,0,6,0,617,0,0,0,8,8,99999,0,0,6,3.9,31.2,0.5,0.4,15,2
257,0,7,0,584,0,0,0,48,48,99999,0,0,7,0.674,32.352,0.5,0.4,83,8
257,0,8,0,566,0,0,0,24,24,99999,0,0,8,1.331,31.944,0.5,0.4,38,4
257,0,9,0,563,0,0,0,24,24,99999,0,0,9,1.362,32.688,0.5,0.4,27,3
258,0,0,0,573,0,0,0,24,24,99999,0,0,0,1.608,38.592,0.5,0.4,190,5
258,0,1,0,583,0,0,0,16,16,99999,0,0,1,2.125,34.0,0.5,0.4,217,7
258,0,2,0,576,0,0,0,48,48,99999,0,0,2,0.631,30.288,0.5,0.4,65,6
258,0,3,0,580,0,0,0,16,16,99999,0,0,3,2.375,38.0,0.5,0.4,32,3
258,0,4,0,617,0,0,0,8,8,99999,0,0,4,3.9,31.2,0.5,0.4,15,2
258,0,5,0,584,0,0,0,48,48,99999,0,0,5,0.674,32.352,0.5,0.4,83,8
258,0,6,0,566,0,0,0,24,24,99999,0,0,6,1.331,31.944,0.5,0.4,38,4
258,0,7,0,563,0,0,0,24,24,99999,0,0,7,1.362,32.688,0.5,0.4,27,3
258,0,8,0,559,0,0,0,240,240,99999,0,0,8,0.259,62.16,0.5,0.4,79,40
258,0,9,0,618,0,0,0,12,12,99999,0,0,9,2.168,26.016,0.5,0.4,17,2
259,0,0,0,573,0,0,0,24,24,99999,0,0,0,1.608,38.592,0.5,0.4,190,5
259,0,1,0,583,0,0,0,16,16,99999,0,0,1,2.125,34.0,0.5,0.4,217,7
259,0,2,0,576,0,0,0,48,48,99999,0,0,2,0.631,30.288,0.5,0.4,65,6
259,0,3,0,580,0,0,0,16,16,99999,0,0,3,2.375,38.0,0.5,0.4,32,3
259,0,4,0,617,0,0,0,8,8,99999,0,0,4,3.9,31.2,0.5,0.4,15,2
259,0,5,0,584,0,0,0,48,48,99999,0,0,5,0.674,32.352,0.5,0.4,83,8
259,0,6,0,566,0,0,0,24,24,99999,0,0,6,1.331,31.944,0.5,0.4,38,4
259,0,7,0,563,0,0,0,24,24,99999,0,0,7,1.362,32.688,0.5,0.4,27,3
259,0,8,0,559,0,0,0,240,240,99999,0,0,8,0.259,62.16,0.5,0.4,79,40
259,0,9,0,618,0,0,0,12,12,99999,0,0,9,2.168,26.016,0.5,0.4,17,2
260,0,0,0,573,0,0,0,24,24,99999,0,0,0,1.608,38.592,0.5,0.4,190,5
260,0,1,0,576,0,0,0,48,48,99999,0,0,1,0.631,30.288,0.5,0.4,65,6
260,0,2,0,580,0,0,0,16,16,99999,0,0,2,2.375,38.0,0.5,0.4,32,3
260,0,3,0,617,0,0,0,8,8,99999,0,0,3,3.9,31.2,0.5,0.4,15,2
260,0,4,0,584,0,0,0,48,48,99999,0,0,4,0.674,32.352,0.5,0.4,83,8
260,0,5,0,566,0,0,0,24,24,99999,0,0,5,1.331,31.944,0.5,0.4,38,4
260,0,6,0,563,0,0,0,24,24,99999,0,0,6,1.362,32.688,0.5,0.4,27,3
260,0,7,0,618,0,0,0,12,12,99999,0,0,7,2.168,26.016,0.5,0.4,17,2
260,0,8,0,574,0,0,0,48,48,99999,0,0,8,0.655,31.44,0.5,0.4,62,7
260,0,9,0,577,0,0,0,40,40,99999,0,0,9,0.916,36.64,0.5,0.4,62,7
261,0,0,0,573,0,0,0,24,24,99999,0,0,0,1.608,38.592,0.5,0.4,190,5
261,0,1,0,580,0,0,0,16,16,99999,0,0,1,2.375,38.0,0.5,0.4,32,3
261,0,2,0,617,0,0,0,8,8,99999,0,0,2,3.9,31.2,0.5,0.4,15,2
261,0,3,0,584,0,0,0,48,48,99999,0,0,3,0.674,32.352,0.5,0.4,83,8
261,0,4,0,566,0,0,0,24,24,99999,0,0,4,1.331,31.944,0.5,0.4,38,4
261,0,5,0,563,0,0,0,24,24,99999,0,0,5,1.362,32.688,0.5,0.4,27,3
261,0,6,0,618,0,0,0,12,12,99999,0,0,6,2.168,26.016,0.5,0.4,17,2
261,0,7,0,574,0,0,0,48,48,99999,0,0,7,0.655,31.44,0.5,0.4,62,7
261,0,8,0,577,0,0,0,40,40,99999,0,0,8,0.916,36.64,0.5,0.4,62,7
261,0,9,0,621,0,0,0,12,12,99999,0,0,9,2.133,25.596,0.5,0.4,12,2
262,0,0,0,573,0,0,0,24,24,99999,0,0,0,1.608,38.592,0.5,0.4,190,5
262,0,1,0,580,0,0,0,16,16,99999,0,0,1,2.375,38.0,0.5,0.4,32,3
262,0,2,0,617,0,0,0,8,8,99999,0,0,2,3.9,31.2,0.5,0.4,15,2
262,0,3,0,584,0,0,0,48,48,99999,0,0,3,0.674,32.352,0.5,0.4,83,8
262,0,4,0,566,0,0,0,24,24,99999,0,0,4,1.331,31.944,0.5,0.4,38,4
262,0,5,0,563,0,0,0,24,24,99999,0,0,5,1.362,32.688,0.5,0.4,27,3
262,0,6,0,618,0,0,0,12,12,99999,0,0,6,2.168,26.016,0.5,0.4,17,2
262,0,7,0,574,0,0,0,48,48,99999,0,0,7,0.655,31.44,0.5,0.4,62,7
262,0,8,0,577,0,0,0,40,40,99999,0,0,8,0.916,36.64,0.5,0.4,62,7
262,0,9,0,621,0,0,0,12,12,99999,0,0,9,2.133,25.596,0.5,0.4,12,2
263,0,0,0,573,0,0,0,24,24,99999,0,0,0,1.608,38.592,0.5,0.4,190,5
263,0,1,0,617,0,0,0,8,8,99999,0,0,1,3.9,31.2,0.5,0.4,15,2
263,0,2,0,584,0,0,0,48,48,99999,0,0,2,0.674,32.352,0.5,0.4,83,8
263,0,3,0,566,0,0,0,24,24,99999,0,0,3,1.331,31.944,0.5,0.4,38,4
263,0,4,0,563,0,0,0,24,24,99999,0,0,4,1.362,32.688,0.5,0.4,27,3
263,0,5,0,618,0,0,0,12,12,99999,0,0,5,2.168,26.016,0.5,0.4,17,2
263,0,6,0,574,0,0,0,48,48,99999,0,0,6,0.655,31.44,0.5,0.4,62,7
263,0,7,0,577,0,0,0,40,40,99999,0,0,7,0.916,36.64,0.5,0.4,62,7
263,0,8,0,621,0,0,0,12,12,99999,0,0,8,2.133,25.596,0.5,0.4,12,2
263,0,9,0,615,0,0,0,8,8,99999,0,0,9,4.688,37.504,0.5,0.4,17,2
264,0,0,0,573,0,0,0,24,24,99999,0,0,0,1.608,38.592,0.5,0.4,190,5
264,0,1,0,584,0,0,0,48,48,99999,0,0,1,0.674,32.352,0.5,0.4,83,8
264,0,2,0,566,0,0,0,24,24,99999,0,0,2,1.331,31.944,0.5,0.4,38,4
264,0,3,0,563,0,0,0,24,24,99999,0,0,3,1.362,32.688,0.5,0.4,27,3
264,0,4,0,618,0,0,0,12,12,99999,0,0,4,2.168,26.016,0.5,0.4,17,2
264,0,5,0,574,0,0,0,48,48,99999,0,0,5,0.655,31.44,0.5,0.4,62,7
264,0,6,0,577,0,0,0,40,40,99999,0,0,6,0.916,36.64,0.5,0.4,62,7
264,0,7,0,621,0,0,0,12,12,99999,0,0,7,2.133,25.596,0.5,0.4,12,2
264,0,8,0,615,0,0,0,8,8,99999,0,0,8,4.688,37.504,0.5,0.4,17,2
264,0,9,0,535,0,0,0,96,96,99999,0,0,9,0.503,48.288,0.5,0.4,50,10
265,0,0,0,573,0,0,0,24,24,99999,0,0,0,1.608,38.592,0.5,0.4,190,5
265,0,1,0,563,0,0,0,24,24,99999,0,0,1,1.362,32.688,0.5,0.4,27,3
265,0,2,0,618,0,0,0,12,12,99999,0,0,2,2.168,26.016,0.5,0.4,17,2
265,0,3,0,574,0,0,0,48,48,99999,0,0,3,0.655,31.44,0.5,0.4,62,7
265,0,4,0,577,0,0,0,40,40,99999,0,0,4,0.916,36.64,0.5,0.4,62,7
265,0,5,0,621,0,0,0,12,12,99999,0,0,5,2.133,25.596,0.5,0.4,12,2
265,0,6,0,615,0,0,0,8,8,99999,0,0,6,4.688,37.504,0.5,0.4,17,2
265,0,7,0,535,0,0,0,96,96,99999,0,0,7,0.503,48.288,0.5,0.4,50,10
265,0,8,0,843,0,0,0,48,48,99999,0,0,8,0.27,12.96,0.5,0.4,39,8
265,0,9,0,575,0,0,0,16,16,99999,0,0,9,2.116,33.856,0.5,0.4,18,2
266,0,0,0,573,0,0,0,24,24,99999,0,0,0,1.608,38.592,0.5,0.4,190,5
266,0,1,0,618,0,0,0,12,12,99999,0,0,1,2.168,26.016,0.5,0.4,17,2
266,0,2,0,574,0,0,0,48,48,99999,0,0,2,0.655,31.44,0.5,0.4,62,7
266,0,3,0,577,0,0,0,40,40,99999,0,0,3,0.916,36.64,0.5,0.4,62,7
266,0,4,0,621,0,0,0,12,12,99999,0,0,4,2.133,25.596,0.5,0.4,12,2
266,0,5,0,615,0,0,0,8,8,99999,0,0,5,4.688,37.504,0.5,0.4,17,2
266,0,6,0,535,0,0,0,96,96,99999,0,0,6,0.503,48.288,0.5,0.4,50,10
266,0,7,0,843,0,0,0,48,48,99999,0,0,7,0.27,12.96,0.5,0.4,39,8
266,0,8,0,575,0,0,0,16,16,99999,0,0,8,2.116,33.856,0.5,0.4,18,2
266,0,9,0,555,0,0,0,48,48,99999,0,0,9,0.619,29.712,0.5,0.4,56,7
267,0,0,0,618,0,0,0,12,12,99999,0,0,0,2.168,26.016,0.5,0.4,17,2
267,0,1,0,574,0,0,0,48,48,99999,0,0,1,0.655,31.44,0.5,0.4,62,7
267,0,2,0,577,0,0,0,40,40,99999,0,0,2,0.916,36.64,0.5,0.4,62,7
267,0,3,0,621,0,0,0,12,12,99999,0,0,3,2.133,25.596,0.5,0.4,12,2
267,0,4,0,615,0,0,0,8,8,99999,0,0,4,4.688,37.504,0.5,0.4,17,2
267,0,5,0,535,0,0,0,96,96,99999,0,0,5,0.503,48.288,0.5,0.4,50,10
267,0,6,0,843,0,0,0,48,48,99999,0,0,6,0.27,12.96,0.5,0.4,39,8
267,0,7,0,575,0,0,0,16,16,99999,0,0,7,2.116,33.856,0.5,0.4,18,2
267,0,8,0,555,0,0,0,48,48,99999,0,0,8,0.619,29.712,0.5,0.4,56,7
267,0,9,0,630,0,0,0,8,8,99999,0,0,9,5.442,43.536,0.5,0.4,9,1
268,0,0,0,574,0,0,0,48,48,99999,0,0,0,0.655,31.44,0.5,0.4,62,7
268,0,1,0,577,0,0,0,40,40,99999,0,0,1,0.916,36.64,0.5,0.4,62,7
268,0,2,0,621,0,0,0,12,12,99999,0,0,2,2.133,25.596,0.5,0.4,12,2
268,0,3,0,615,0,0,0,8,8,99999,0,0,3,4.688,37.504,0.5,0.4,17,2
268,0,4,0,535,0,0,0,96,96,99999,0,0,4,0.503,48.288,0.5,0.4,50,10
268,0,5,0,843,0,0,0,48,48,99999,0,0,5,0.27,12.96,0.5,0.4,39,8
268,0,6,0,575,0,0,0,16,16,99999,0,0,6,2.116,33.856,0.5,0.4,18,2
268,0,7,0,555,0,0,0,48,48,99999,0,0,7,0.619,29.712,0.5,0.4,56,7
268,0,8,0,630,0,0,0,8,8,99999,0,0,8,5.442,43.536,0.5,0.4,9,1
268,0,9,0,569,0,0,0,144,144,99999,0,0,9,0.354,50.976,0.5,0.4,84,28
269,0,0,0,574,0,0,0,48,48,99999,0,0,0,0.655,31.44,0.5,0.4,62,7
269,0,1,0,621,0,0,0,12,12,99999,0,0,1,2.133,25.596,0.5,0.4,12,2
269,0,2,0,615,0,0,0,8,8,99999,0,0,2,4.688,37.504,0.5,0.4,17,2
269,0,3,0,843,0,0,0,48,48,99999,0,0,3,0.27,12.96,0.5,0.4,39,8
269,0,4,0,575,0,0,0,16,16,99999,0,0,4,2.116,33.856,0.5,0.4,18,2
269,0,5,0,555,0,0,0,48,48,99999,0,0,5,0.619,29.712,0.5,0.4,56,7
269,0,6,0,630,0,0,0,8,8,99999,0,0,6,5.442,43.536,0.5,0.4,9,1
269,0,7,0,569,0,0,0,144,144,99999,0,0,7,0.354,50.976,0.5,0.4,84,28
269,0,8,0,964,0,0,0,288,288,99999,0,0,8,0.274,78.912,0.5,0.4,86,43
269,0,9,0,847,0,0,0,72,72,99999,0,0,9,0.155,11.16,0.5,0.4,64,11
270,0,0,0,615,0,0,0,8,8,99999,0,0,0,4.688,37.504,0.5,0.4,17,2
270,0,1,0,575,0,0,0,16,16,99999,0,0,1,2.116,33.856,0.5,0.4,18,2
270,0,2,0,555,0,0,0,48,48,99999,0,0,2,0.619,29.712,0.5,0.4,56,7
270,0,3,0,630,0,0,0,8,8,99999,0,0,3,5.442,43.536,0.5,0.4,9,1
270,0,4,0,569,0,0,0,144,144,99999,0,0,4,0.354,50.976,0.5,0.4,84,28
270,0,5,0,964,0,0,0,288,288,99999,0,0,5,0.274,78.912,0.5,0.4,86,43
270,0,6,0,847,0,0,0,72,72,99999,0,0,6,0.155,11.16,0.5,0.4,64,11
270,0,7,0,565,0,0,0,96,96,99999,0,0,7,0.606,58.176,0.5,0.4,70,18
270,0,8,0,527,0,0,0,12,12,99999,0,0,8,2.183,26.196,0.5,0.4,21,3
270,0,9,0,568,0,0,0,216,216,99999,0,0,9,0.329,71.064,0.5,0.4,51,26
271,0,0,0,615,0,0,0,8,8,99999,0,0,0,4.688,37.504,0.5,0.4,17,2
271,0,1,0,575,0,0,0,16,16,99999,0,0,1,2.116,33.856,0.5,0.4,18,2
271,0,2,0,555,0,0,0,48,48,99999,0,0,2,0.619,29.712,0.5,0.4,56,7
271,0,3,0,630,0,0,0,8,8,99999,0,0,3,5.442,43.536,0.5,0.4,9,1
271,0,4,0,847,0,0,0,72,72,99999,0,0,4,0.155,11.16,0.5,0.4,64,11
271,0,5,0,565,0,0,0,96,96,99999,0,0,5,0.606,58.176,0.5,0.4,70,18
271,0,6,0,527,0,0,0,12,12,99999,0,0,6,2.183,26.196,0.5,0.4,21,3
271,0,7,0,568,0,0,0,216,216,99999,0,0,7,0.329,71.064,0.5,0.4,51,26
271,0,8,0,525,0,0,0,192,192,99999,0,0,8,0.38,72.96,0.5,0.4,61,31
271,0,9,0,624,0,0,0,12,12,99999,0,0,9,2.06,24.72,0.5,0.4,30,4
272,0,0,0,575,0,0,0,16,16,99999,0,0,0,2.116,33.856,0.5,0.4,18,2
272,0,1,0,555,0,0,0,48,48,99999,0,0,1,0.619,29.712,0.5,0.4,56,7
272,0,2,0,630,0,0,0,8,8,99999,0,0,2,5.442,43.536,0.5,0.4,9,1
272,0,3,0,847,0,0,0,72,72,99999,0,0,3,0.155,11.16,0.5,0.4,64,11
272,0,4,0,565,0,0,0,96,96,99999,0,0,4,0.606,58.176,0.5,0.4,70,18
272,0,5,0,527,0,0,0,12,12,99999,0,0,5,2.183,26.196,0.5,0.4,21,3
272,0,6,0,525,0,0,0,192,192,99999,0,0,6,0.38,72.96,0.5,0.4,61,31
272,0,7,0,624,0,0,0,12,12,99999,0,0,7,2.06,24.72,0.5,0.4,30,4
272,0,8,0,588,0,0,0,48,48,99999,0,0,8,0.587,28.176,0.5,0.4,70,9
272,0,9,0,536,0,0,0,216,216,99999,0,0,9,0.328,70.848,0.5,0.4,75,38
273,0,0,0,575,0,0,0,16,16,99999,0,0,0,2.116,33.856,0.5,0.4,18,2
273,0,1,0,555,0,0,0,48,48,99999,0,0,1,0.619,29.712,0.5,0.4,56,7
273,0,2,0,630,0,0,0,8,8,99999,0,0,2,5.442,43.536,0.5,0.4,9,1
273,0,3,0,847,0,0,0,72,72,99999,0,0,3,0.155,11.16,0.5,0.4,64,11
273,0,4,0,565,0,0,0,96,96,99999,0,0,4,0.606,58.176,0.5,0.4,70,18
273,0,5,0,527,0,0,0,12,12,99999,0,0,5,2.183,26.196,0.5,0.4,21,3
273,0,6,0,624,0,0,0,12,12,99999,0,0,6,2.06,24.72,0.5,0.4,30,4
273,0,7,0,588,0,0,0,48,48,99999,0,0,7,0.587,28.176,0.5,0.4,70,9
273,0,8,0,536,0,0,0,216,216,99999,0,0,8,0.328,70.848,0.5,0.4,75,38
273,0,9,0,925,0,0,0,24,24,99999,0,0,9,2.037,48.888,0.5,0.4,11,3
274,0,0,0,555,0,0,0,48,48,99999,0,0,0,0.619,29.712,0.5,0.4,56,7
274,0,1,0,630,0,0,0,8,8,99999,0,0,1,5.442,43.536,0.5,0.4,9,1
274,0,2,0,847,0,0,0,72,72,99999,0,0,2,0.155,11.16,0.5,0.4,64,11
274,0,3,0,527,0,0,0,12,12,99999,0,0,3,2.183,26.196,0.5,0.4,21,3
274,0,4,0,624,0,0,0,12,12,99999,0,0,4,2.06,24.72,0.5,0.4,30,4
274,0,5,0,588,0,0,0,48,48,99999,0,0,5,0.587,28.176,0.5,0.4,70,9
274,0,6,0,925,0,0,0,24,24,99999,0,0,6,2.037,48.888,0.5,0.4,11,3
274,0,7,0,545,0,0,0,192,192,99999,0,0,7,0.272,52.224,0.5,0.4,47,24
274,0,8,0,572,0,0,0,48,48,99999,0,0,8,0.608,29.184,0.5,0.4,43,6
274,0,9,0,551,0,0,0,16,16,99999,0,0,9,2.215,35.44,0.5,0.4,18,3
275,0,0,0,630,0,0,0,8,8,99999,0,0,0,5.442,43.536,0.5,0.4,9,1
275,0,1,0,527,0,0,0,12,12,99999,0,0,1,2.183,26.196,0.5,0.4,21,3
275,0,2,0,624,0,0,0,12,12,99999,0,0,2,2.06,24.72,0.5,0.4,30,4
275,0,3,0,588,0,0,0,48,48,99999,0,0,3,0.587,28.176,0.5,0.4,70,9
275,0,4,0,925,0,0,0,24,24,99999,0,0,4,2.037,48.888,0.5,0.4,11,3
275,0,5,0,545,0,0,0,192,192,99999,0,0,5,0.272,52.224,0.5,0.4,47,24
275,0,6,0,572,0,0,0,48,48,99999,0,0,6,0.608,29.184,0.5,0.4,43,6
275,0,7,0,551,0,0,0,16,16,99999,0,0,7,2.215,35.44,0.5,0.4,18,3
275,0,8,0,560,0,0,0,216,216,99999,0,0,8,0.362,78.192,0.5,0.4,47,24
275,0,9,0,962,0,0,0,288,288,99999,0,0,9,0.221,63.648,0.5,0.4,53,27
276,0,0,0,527,0,0,0,12,12,99999,0,0,0,2.183,26.196,0.5,0.4,21,3
276,0,1,0,624,0,0,0,12,12,99999,0,0,1,2.06,24.72,0.5,0.4,30,4
276,0,2,0,588,0,0,0,48,48,99999,0,0,2,0.587,28.176,0.5,0.4,70,9
276,0,3,0,925,0,0,0,24,24,99999,0,0,3,2.037,48.888,0.5,0.4,11,3
276,0,4,0,572,0,0,0,48,48,99999,0,0,4,0.608,29.184,0.5,0.4,43,6
276,0,5,0,551,0,0,0,16,16,99999,0,0,5,2.215,35.44,0.5,0.4,18,3
276,0,6,0,560,0,0,0,216,216,99999,0,0,6,0.362,78.192,0.5,0.4,47,24
276,0,7,0,962,0,0,0,288,288,99999,0,0,7,0.221,63.648,0.5,0.4,53,27
276,0,8,0,856,0,0,0,32,32,99999,0,0,8,0.299,9.568,0.5,0.4,18,5
276,0,9,0,619,0,0,0,12,12,99999,0,0,9,2.187,26.244,0.5,0.4,13,2
277,0,0,0,527,0,0,0,12,12,99999,0,0,0,2.183,26.196,0.5,0.4,21,3
277,0,1,0,624,0,0,0,12,12,99999,0,0,1,2.06,24.72,0.5,0.4,30,4
277,0,2,0,588,0,0,0,48,48,99999,0,0,2,0.587,28.176,0.5,0.4,70,9
277,0,3,0,572,0,0,0,48,48,99999,0,0,3,0.608,29.184,0.5,0.4,43,6
277,0,4,0,551,0,0,0,16,16,99999,0,0,4,2.215,35.44,0.5,0.4,18,3
277,0,5,0,856,0,0,0,32,32,99999,0,0,5,0.299,9.568,0.5,0.4,18,5
277,0,6,0,619,0,0,0,12,12,99999,0,0,6,2.187,26.244,0.5,0.4,13,2
277,0,7,0,957,0,0,0,288,288,99999,0,0,7,0.222,63.936,0.5,0.4,79,40
277,0,8,0,549,0,0,0,16,16,99999,0,0,8,2.132,34.112,0.5,0.4,17,3
277,0,9,0,729,0,0,0,4,4,99999,0,0,9,0.26,1.04,0.5,0.4,3,1
278,0,0,0,624,0,0,0,12,12,99999,0,0,0,2.06,24.72,0.5,0.4,30,4
278,0,1,0,588,0,0,0,48,48,99999,0,0,1,0.587,28.176,0.5,0.4,70,9
278,0,2,0,572,0,0,0,48,48,99999,0,0,2,0.608,29.184,0.5,0.4,43,6
278,0,3,0,551,0,0,0,16,16,99999,0,0,3,2.215,35.44,0.5,0.4,18,3
278,0,4,0,856,0,0,0,32,32,99999,0,0,4,0.299,9.568,0.5,0.4,18,5
278,0,5,0,619,0,0,0,12,12,99999,0,0,5,2.187,26.244,0.5,0.4,13,2
278,0,6,0,957,0,0,0,288,288,99999,0,0,6,0.222,63.936,0.5,0.4,79,40
278,0,7,0,549,0,0,0,16,16,99999,0,0,7,2.132,34.112,0.5,0.4,17,3
278,0,8,0,729,0,0,0,4,4,99999,0,0,8,0.26,1.04,0.5,0.4,3,1
278,0,9,0,938,0,0,0,192,192,99999,0,0,9,0.336,64.512,0.5,0.4,48,24
279,0,0,0,588,0,0,0,48,48,99999,0,0,0,0.587,28.176,0.5,0.4,70,9
279,0,1,0,572,0,0,0,48,48,99999,0,0,1,0.608,29.184,0.5,0.4,43,6
279,0,2,0,551,0,0,0,16,16,99999,0,0,2,2.215,35.44,0.5,0.4,18,3
279,0,3,0,856,0,0,0,32,32,99999,0,0,3,0.299,9.568,0.5,0.4,18,5
279,0,4,0,619,0,0,0,12,12,99999,0,0,4,2.187,26.244,0.5,0.4,13,2
279,0,5,0,549,0,0,0,16,16,99999,0,0,5,2.132,34.112,0.5,0.4,17,3
279,0,6,0,729,0,0,0,4,4,99999,0,0,6,0.26,1.04,0.5,0.4,3,1
279,0,7,0,938,0,0,0,192,192,99999,0,0,7,0.336,64.512,0.5,0.4,48,24
279,0,8,0,865,0,0,0,120,120,99999,0,0,8,0.104,12.48,0.5,0.4,47,12
279,0,9,0,564,0,0,0,16,16,99999,0,0,9,2.145,34.32,0.5,0.4,19,3
280,0,0,0,572,0,0,0,48,48,99999,0,0,0,0.608,29.184,0.5,0.4,43,6
280,0,1,0,551,0,0,0,16,16,99999,0,0,1,2.215,35.44,0.5,0.4,18,3
280,0,2,0,619,0,0,0,12,12,99999,0,0,2,2.187,26.244,0.5,0.4,13,2
280,0,3,0,549,0,0,0,16,16,99999,0,0,3,2.132,34.112,0.5,0.4,17,3
280,0,4,0,729,0,0,0,4,4,99999,0,0,4,0.26,1.04,0.5,0.4,3,1
280,0,5,0,865,0,0,0,120,120,99999,0,0,5,0.104,12.48,0.5,0.4,47,12
280,0,6,0,564,0,0,0,16,16,99999,0,0,6,2.145,34.32,0.5,0.4,19,3
280,0,7,0,543,0,0,0,96,96,99999,0,0,7,0.67,64.32,0.5,0.4,43,11
280,0,8,0,667,0,0,0,60,60,99999,0,0,8,0.5,30.0,0.5,0.4,2,2
280,0,9,0,974,0,0,0,1,1,99999,0,0,9,4.4,4.4,0.5,0.4,3,1
281,0,0,0,572,0,0,0,48,48,99999,0,0,0,0.608,29.184,0.5,0.4,43,6
281,0,1,0,551,0,0,0,16,16,99999,0,0,1,2.215,35.44,0.5,0.4,18,3
281,0,2,0,619,0,0,0,12,12,99999,0,0,2,2.187,26.244,0.5,0.4,13,2
281,0,3,0,549,0,0,0,16,16,99999,0,0,3,2.132,34.112,0.5,0.4,17,3
281,0,4,0,865,0,0,0,120,120,99999,0,0,4,0.104,12.48,0.5,0.4,47,12
281,0,5,0,564,0,0,0,16,16,99999,0,0,5,2.145,34.32,0.5,0.4,19,3
281,0,6,0,543,0,0,0,96,96,99999,0,0,6,0.67,64.32,0.5,0.4,43,11
281,0,7,0,974,0,0,0,1,1,99999,0,0,7,4.4,4.4,0.5,0.4,3,1
281,0,8,0,537,0,0,0,144,144,99999,0,0,8,0.362,52.128,0.5,0.4,35,18
281,0,9,0,558,0,0,0,24,24,99999,0,0,9,1.36,32.64,0.5,0.4,33,6
282,0,0,0,619,0,0,0,12,12,99999,0,0,0,2.187,26.244,0.5,0.4,13,2
282,0,1,0,549,0,0,0,16,16,99999,0,0,1,2.132,34.112,0.5,0.4,17,3
282,0,2,0,865,0,0,0,120,120,99999,0,0,2,0.104,12.48,0.5,0.4,47,12
282,0,3,0,564,0,0,0,16,16,99999,0,0,3,2.145,34.32,0.5,0.4,19,3
282,0,4,0,543,0,0,0,96,96,99999,0,0,4,0.67,64.32,0.5,0.4,43,11
282,0,5,0,974,0,0,0,1,1,99999,0,0,5,4.4,4.4,0.5,0.4,3,1
282,0,6,0,537,0,0,0,144,144,99999,0,0,6,0.362,52.128,0.5,0.4,35,18
282,0,7,0,558,0,0,0,24,24,99999,0,0,7,1.36,32.64,0.5,0.4,33,6
282,0,8,0,585,0,0,0,96,96,99999,0,0,8,0.57,54.72,0.5,0.4,39,13
282,0,9,0,620,0,0,0,12,12,99999,0,0,9,2.138,25.656,0.5,0.4,8,2
283,0,0,0,549,0,0,0,16,16,99999,0,0,0,2.132,34.112,0.5,0.4,17,3
283,0,1,0,564,0,0,0,16,16,99999,0,0,1,2.145,34.32,0.5,0.4,19,3
283,0,2,0,543,0,0,0,96,96,99999,0,0,2,0.67,64.32,0.5,0.4,43,11
283,0,3,0,974,0,0,0,1,1,99999,0,0,3,4.4,4.4,0.5,0.4,3,1
283,0,4,0,558,0,0,0,24,24,99999,0,0,4,1.36,32.64,0.5,0.4,33,6
283,0,5,0,585,0,0,0,96,96,99999,0,0,5,0.57,54.72,0.5,0.4,39,13
283,0,6,0,620,0,0,0,12,12,99999,0,0,6,2.138,25.656,0.5,0.4,8,2
283,0,7,0,891,0,0,0,24,24,99999,0,0,7,2.2,52.8,0.5,0.4,2,2
283,0,8,0,868,0,0,0,24,24,99999,0,0,8,2.35,56.4,0.5,0.4,5,3
283,0,9,0,952,0,0,0,240,240,99999,0,0,9,0.212,50.88,0.5,0.4,34,17
284,0,0,0,564,0,0,0,16,16,99999,0,0,0,2.145,34.32,0.5,0.4,19,3
284,0,1,0,974,0,0,0,1,1,99999,0,0,1,4.4,4.4,0.5,0.4,3,1
284,0,2,0,558,0,0,0,24,24,99999,0,0,2,1.36,32.64,0.5,0.4,33,6
284,0,3,0,585,0,0,0,96,96,99999,0,0,3,0.57,54.72,0.5,0.4,39,13
284,0,4,0,620,0,0,0,12,12,99999,0,0,4,2.138,25.656,0.5,0.4,8,2
284,0,5,0,868,0,0,0,24,24,99999,0,0,5,2.35,56.4,0.5,0.4,5,3
284,0,6,0,952,0,0,0,240,240,99999,0,0,6,0.212,50.88,0.5,0.4,34,17
284,0,7,0,571,0,0,0,288,288,99999,0,0,7,0.28,80.64,0.5,0.4,37,37
284,0,8,0,590,0,0,0,192,192,99999,0,0,8,0.37,71.04,0.5,0.4,48,24
284,0,9,0,603,0,0,0,16,16,99999,0,0,9,3.092,49.472,0.5,0.4,5,2
285,0,0,0,564,0,0,0,16,16,99999,0,0,0,2.145,34.32,0.5,0.4,19,3
285,0,1,0,974,0,0,0,1,1,99999,0,0,1,4.4,4.4,0.5,0.4,3,1
285,0,2,0,558,0,0,0,24,24,99999,0,0,2,1.36,32.64,0.5,0.4,33,6
285,0,3,0,620,0,0,0,12,12,99999,0,0,3,2.138,25.656,0.5,0.4,8,2
285,0,4,0,590,0,0,0,192,192,99999,0,0,4,0.37,71.04,0.5,0.4,48,24
285,0,5,0,603,0,0,0,16,16,99999,0,0,5,3.092,49.472,0.5,0.4,5,2
285,0,6,0,533,0,0,0,576,576,99999,0,0,6,0.142,81.792,0.5,0.4,36,36
285,0,7,0,947,0,0,0,288,288,99999,0,0,7,0.153,44.064,0.5,0.4,27,27
285,0,8,0,776,0,0,0,40,40,99999,0,0,8,0.213,8.52,0.5,0.4,10,4
285,0,9,0,622,0,0,0,8,8,99999,0,0,9,3.4,27.2,0.5,0.4,8,2
286,0,0,0,974,0,0,0,1,1,99999,0,0,0,4.4,4.4,0.5,0.4,3,1
286,0,1,0,558,0,0,0,24,24,99999,0,0,1,1.36,32.64,0.5,0.4,33,6
286,0,2,0,620,0,0,0,12,12,99999,0,0,2,2.138,25.656,0.5,0.4,8,2
286,0,3,0,603,0,0,0,16,16,99999,0,0,3,3.092,49.472,0.5,0.4,5,2
286,0,4,0,776,0,0,0,40,40,99999,0,0,4,0.213,8.52,0.5,0.4,10,4
286,0,5,0,622,0,0,0,8,8,99999,0,0,5,3.4,27.2,0.5,0.4,8,2
286,0,6,0,866,0,0,0,120,120,99999,0,0,6,0.126,15.12,0.5,0.4,31,11
286,0,7,0,730,0,0,0,20,20,99999,0,0,7,0.468,9.36,0.5,0.4,5,2
286,0,8,0,547,0,0,0,144,144,99999,0,0,8,0.371,53.424,0.5,0.4,46,23
286,0,9,0,929,0,0,0,24,24,99999,0,0,9,1.332,31.968,0.5,0.4,13,3
287,0,0,0,974,0,0,0,1,1,99999,0,0,0,4.4,4.4,0.5,0.4,3,1
287,0,1,0,620,0,0,0,12,12,99999,0,0,1,2.138,25.656,0.5,0.4,8,2
287,0,2,0,776,0,0,0,40,40,99999,0,0,2,0.213,8.52,0.5,0.4,10,4
287,0,3,0,622,0,0,0,8,8,99999,0,0,3,3.4,27.2,0.5,0.4,8,2
287,0,4,0,866,0,0,0,120,120,99999,0,0,4,0.126,15.12,0.5,0.4,31,11
287,0,5,0,730,0,0,0,20,20,99999,0,0,5,0.468,9.36,0.5,0.4,5,2
287,0,6,0,547,0,0,0,144,144,99999,0,0,6,0.371,53.424,0.5,0.4,46,23
287,0,7,0,929,0,0,0,24,24,99999,0,0,7,1.332,31.968,0.5,0.4,13,3
287,0,8,0,860,0,0,0,120,120,99999,0,0,8,0.103,12.36,0.5,0.4,32,11
287,0,9,0,540,0,0,0,240,240,99999,0,0,9,0.3,72.0,0.5,0.4,35,35
288,0,0,0,974,0,0,0,1,1,99999,0,0,0,4.4,4.4,0.5,0.4,3,1
288,0,1,0,622,0,0,0,8,8,99999,0,0,1,3.4,27.2,0.5,0.4,8,2
288,0,2,0,866,0,0,0,120,120,99999,0,0,2,0.126,15.12,0.5,0.4,31,11
288,0,3,0,730,0,0,0,20,20,99999,0,0,3,0.468,9.36,0.5,0.4,5,2
288,0,4,0,929,0,0,0,24,24,99999,0,0,4,1.332,31.968,0.5,0.4,13,3
288,0,5,0,860,0,0,0,120,120,99999,0,0,5,0.103,12.36,0.5,0.4,32,11
288,0,6,0,914,0,0,0,12,12,99999,0,0,6,2.37,28.44,0.5,0.4,8,2
288,0,7,0,679,0,0,0,10,10,99999,0,0,7,0.48,4.8,0.5,0.4,10,2
288,0,8,0,544,0,0,0,144,144,99999,0,0,8,0.322,46.368,0.5,0.4,40,20
288,0,9,0,698,0,0,0,12,12,99999,0,0,9,0.375,4.5,0.5,0.4,33,5
289,0,0,0,974,0,0,0,1,1,99999,0,0,0,4.4,4.4,0.5,0.4,3,1
289,0,1,0,622,0,0,0,8,8,99999,0,0,1,3.4,27.2,0.5,0.4,8,2
289,0,2,0,929,0,0,0,24,24,99999,0,0,2,1.332,31.968,0.5,0.4,13,3
289,0,3,0,860,0,0,0,120,120,99999,0,0,3,0.103,12.36,0.5,0.4,32,11
289,0,4,0,914,0,0,0,12,12,99999,0,0,4,2.37,28.44,0.5,0.4,8,2
289,0,5,0,679,0,0,0,10,10,99999,0,0,5,0.48,4.8,0.5,0.4,10,2
289,0,6,0,544,0,0,0,144,144,99999,0,0,6,0.322,46.368,0.5,0.4,40,20
289,0,7,0,698,0,0,0,12,12,99999,0,0,7,0.375,4.5,0.5,0.4,33,5
289,0,8,0,552,0,0,0,48,48,99999,0,0,8,0.65,31.2,0.5,0.4,34,9
289,0,9,0,642,0,0,0,12,12,99999,0,0,9,2.252,27.024,0.5,0.4,10,3
290,0,0,0,974,0,0,0,1,1,99999,0,0,0,4.4,4.4,0.5,0.4,3,1
290,0,1,0,929,0,0,0,24,24,99999,0,0,1,1.332,31.968,0.5,0.4,13,3
290,0,2,0,914,0,0,0,12,12,99999,0,0,2,2.37,28.44,0.5,0.4,8,2
290,0,3,0,679,0,0,0,10,10,99999,0,0,3,0.48,4.8,0.5,0.4,10,2
290,0,4,0,698,0,0,0,12,12,99999,0,0,4,0.375,4.5,0.5,0.4,33,5
290,0,5,0,552,0,0,0,48,48,99999,0,0,5,0.65,31.2,0.5,0.4,34,9
290,0,6,0,642,0,0,0,12,12,99999,0,0,6,2.252,27.024,0.5,0.4,10,3
290,0,7,0,675,0,0,0,10,10,99999,0,0,7,0.55,5.5,0.5,0.4,6,2
290,0,8,0,550,0,0,0,48,48,99999,0,0,8,0.58,27.84,0.5,0.4,34,9
290,0,9,0,753,0,0,0,40,40,99999,0,0,9,0.31,12.4,0.5,0.4,13,7
291,0,0,0,974,0,0,0,1,1,99999,0,0,0,4.4,4.4,0.5,0.4,3,1
291,0,1,0,914,0,0,0,12,12,99999,0,0,1,2.37,28.44,0.5,0.4,8,2
291,0,2,0,679,0,0,0,10,10,99999,0,0,2,0.48,4.8,0.5,0.4,10,2
291,0,3,0,698,0,0,0,12,12,99999,0,0,3,0.375,4.5,0.5,0.4,33,5
291,0,4,0,552,0,0,0,48,48,99999,0,0,4,0.65,31.2,0.5,0.4,34,9
291,0,5,0,642,0,0,0,12,12,99999,0,0,5,2.252,27.024,0.5,0.4,10,3
291,0,6,0,675,0,0,0,10,10,99999,0,0,6,0.55,5.5,0.5,0.4,6,2
291,0,7,0,550,0,0,0,48,48,99999,0,0,7,0.58,27.84,0.5,0.4,34,9
291,0,8,0,753,0,0,0,40,40,99999,0,0,8,0.31,12.4,0.5,0.4,13,7
291,0,9,0,861,0,0,0,120,120,99999,0,0,9,0.135,16.2,0.5,0.4,49,25
292,0,0,0,914,0,0,0,12,12,99999,0,0,0,2.37,28.44,0.5,0.4,8,2
292,0,1,0,679,0,0,0,10,10,99999,0,0,1,0.48,4.8,0.5,0.4,10,2
292,0,2,0,698,0,0,0,12,12,99999,0,0,2,0.375,4.5,0.5,0.4,33,5
292,0,3,0,552,0,0,0,48,48,99999,0,0,3,0.65,31.2,0.5,0.4,34,9
292,0,4,0,642,0,0,0,12,12,99999,0,0,4,2.252,27.024,0.5,0.4,10,3
292,0,5,0,675,0,0,0,10,10,99999,0,0,5,0.55,5.5,0.5,0.4,6,2
292,0,6,0,550,0,0,0,48,48,99999,0,0,6,0.58,27.84,0.5,0.4,34,9
292,0,7,0,861,0,0,0,120,120,99999,0,0,7,0.135,16.2,0.5,0.4,49,25
292,0,8,0,739,0,0,0,12,12,99999,0,0,8,1.048,12.576,0.5,0.4,8,2
292,0,9,0,702,0,0,0,12,12,99999,0,0,9,0.425,5.1,0.5,0.4,5,2
293,0,0,0,679,0,0,0,10,10,99999,0,0,0,0.48,4.8,0.5,0.4,10,2
293,0,1,0,698,0,0,0,12,12,99999,0,0,1,0.375,4.5,0.5,0.4,33,5
293,0,2,0,675,0,0,0,10,10,99999,0,0,2,0.55,5.5,0.5,0.4,6,2
293,0,3,0,550,0,0,0,48,48,99999,0,0,3,0.58,27.84,0.5,0.4,34,9
293,0,4,0,739,0,0,0,12,12,99999,0,0,4,1.048,12.576,0.5,0.4,8,2
293,0,5,0,702,0,0,0,12,12,99999,0,0,5,0.425,5.1,0.5,0.4,5,2
293,0,6,0,528,0,0,0,48,48,99999,0,0,6,0.665,31.92,0.5,0.4,19,5
293,0,7,0,548,0,0,0,24,24,99999,0,0,7,1.614,38.736,0.5,0.4,15,4
293,0,8,0,832,0,0,0,24,24,99999,0,0,8,0.433,10.392,0.5,0.4,9,3
293,0,9,0,756,0,0,0,16,16,99999,0,0,9,0.514,8.224,0.5,0.4,9,3
294,0,0,0,679,0,0,0,10,10,99999,0,0,0,0.48,4.8,0.5,0.4,10,2
294,0,1,0,698,0,0,0,12,12,99999,0,0,1,0.375,4.5,0.5,0.4,33,5
294,0,2,0,739,0,0,0,12,12,99999,0,0,2,1.048,12.576,0.5,0.4,8,2
294,0,3,0,702,0,0,0,12,12,99999,0,0,3,0.425,5.1,0.5,0.4,5,2
294,0,4,0,528,0,0,0,48,48,99999,0,0,4,0.665,31.92,0.5,0.4,19,5
294,0,5,0,548,0,0,0,24,24,99999,0,0,5,1.614,38.736,0.5,0.4,15,4
294,0,6,0,832,0,0,0,24,24,99999,0,0,6,0.433,10.392,0.5,0.4,9,3
294,0,7,0,756,0,0,0,16,16,99999,0,0,7,0.514,8.224,0.5,0.4,9,3
294,0,8,0,556,0,0,0,48,48,99999,0,0,8,0.708,33.984,0.5,0.4,60,15
294,0,9,0,587,0,0,0,48,48,99999,0,0,9,0.534,25.632,0.5,0.4,19,5
295,0,0,0,679,0,0,0,10,10,99999,0,0,0,0.48,4.8,0.5,0.4,10,2
295,0,1,0,698,0,0,0,12,12,99999,0,0,1,0.375,4.5,0.5,0.4,33,5
295,0,2,0,739,0,0,0,12,12,99999,0,0,2,1.048,12.576,0.5,0.4,8,2
295,0,3,0,702,0,0,0,12,12,99999,0,0,3,0.425,5.1,0.5,0.4,5,2
295,0,4,0,528,0,0,0,48,48,99999,0,0,4,0.665,31.92,0.5,0.4,19,5
295,0,5,0,548,0,0,0,24,24,99999,0,0,5,1.614,38.736,0.5,0.4,15,4
295,0,6,0,832,0,0,0,24,24,99999,0,0,6,0.433,10.392,0.5,0.4,9,3
295,0,7,0,756,0,0,0,16,16,99999,0,0,7,0.514,8.224,0.5,0.4,9,3
295,0,8,0,556,0,0,0,48,48,99999,0,0,8,0.708,33.984,0.5,0.4,60,15
295,0,9,0,587,0,0,0,48,48,99999,0,0,9,0.534,25.632,0.5,0.4,19,5
296,0,0,0,679,0,0,0,10,10,99999,0,0,0,0.48,4.8,0.5,0.4,10,2
296,0,1,0,528,0,0,0,48,48,99999,0,0,1,0.665,31.92,0.5,0.4,19,5
296,0,2,0,548,0,0,0,24,24,99999,0,0,2,1.614,38.736,0.5,0.4,15,4
296,0,3,0,832,0,0,0,24,24,99999,0,0,3,0.433,10.392,0.5,0.4,9,3
296,0,4,0,756,0,0,0,16,16,99999,0,0,4,0.514,8.224,0.5,0.4,9,3
296,0,5,0,556,0,0,0,48,48,99999,0,0,5,0.708,33.984,0.5,0.4,60,15
296,0,6,0,587,0,0,0,48,48,99999,0,0,6,0.534,25.632,0.5,0.4,19,5
296,0,7,0,643,0,0,0,12,12,99999,0,0,7,2.208,26.496,0.5,0.4,6,2
296,0,8,0,939,0,0,0,144,144,99999,0,0,8,0.414,59.616,0.5,0.4,15,8
296,0,9,0,682,0,0,0,24,24,99999,0,0,9,0.329,7.896,0.5,0.4,12,3
297,0,0,0,556,0,0,0,48,48,99999,0,0,0,0.708,33.984,0.5,0.4,60,15
297,0,1,0,587,0,0,0,48,48,99999,0,0,1,0.534,25.632,0.5,0.4,19,5
297,0,2,0,643,0,0,0,12,12,99999,0,0,2,2.208,26.496,0.5,0.4,6,2
297,0,3,0,939,0,0,0,144,144,99999,0,0,3,0.414,59.616,0.5,0.4,15,8
297,0,4,0,682,0,0,0,24,24,99999,0,0,4,0.329,7.896,0.5,0.4,12,3
297,0,5,0,529,0,0,0,24,24,99999,0,0,5,2.217,53.208,0.5,0.4,8,4
297,0,6,0,805,0,0,0,12,12,99999,0,0,6,0.269,3.228,0.5,0.4,10,2
297,0,7,0,916,0,0,0,48,48,99999,0,0,7,0.97,46.56,0.5,0.4,11,6
297,0,8,0,831,0,0,0,24,24,99999,0,0,8,0.368,8.832,0.5,0.4,11,3
297,0,9,0,862,0,0,0,120,120,99999,0,0,9,0.11,13.2,0.5,0.4,26,13
298,0,0,0,643,0,0,0,12,12,99999,0,0,0,2.208,26.496,0.5,0.4,6,2
298,0,1,0,682,0,0,0,24,24,99999,0,0,1,0.329,7.896,0.5,0.4,12,3
298,0,2,0,529,0,0,0,24,24,99999,0,0,2,2.217,53.208,0.5,0.4,8,4
298,0,3,0,805,0,0,0,12,12,99999,0,0,3,0.269,3.228,0.5,0.4,10,2
298,0,4,0,916,0,0,0,48,48,99999,0,0,4,0.97,46.56,0.5,0.4,11,6
298,0,5,0,831,0,0,0,24,24,99999,0,0,5,0.368,8.832,0.5,0.4,11,3
298,0,6,0,862,0,0,0,120,120,99999,0,0,6,0.11,13.2,0.5,0.4,26,13
298,0,7,0,627,0,0,0,12,12,99999,0,0,7,2.145,25.74,0.5,0.4,4,1
298,0,8,0,762,0,0,0,24,24,99999,0,0,8,0.446,10.704,0.5,0.4,9,3
298,0,9,0,829,0,0,0,24,24,99999,0,0,9,0.405,9.72,0.5,0.4,9,3
299,0,0,0,643,0,0,0,12,12,99999,0,0,0,2.208,26.496,0.5,0.4,6,2
299,0,1,0,682,0,0,0,24,24,99999,0,0,1,0.329,7.896,0.5,0.4,12,3
299,0,2,0,805,0,0,0,12,12,99999,0,0,2,0.269,3.228,0.5,0.4,10,2
299,0,3,0,831,0,0,0,24,24,99999,0,0,3,0.368,8.832,0.5,0.4,11,3
299,0,4,0,627,0,0,0,12,12,99999,0,0,4,2.145,25.74,0.5,0.4,4,1
299,0,5,0,762,0,0,0,24,24,99999,0,0,5,0.446,10.704,0.5,0.4,9,3
299,0,6,0,829,0,0,0,24,24,99999,0,0,6,0.405,9.72,0.5,0.4,9,3
299,0,7,0,538,0,0,0,216,216,99999,0,0,7,0.4,86.4,0.5,0.4,22,22
299,0,8,0,599,0,0,0,24,24,99999,0,0,8,0.85,20.4,0.5,0.4,7,3
299,0,9,0,803,0,0,0,10,10,99999,0,0,9,0.435,4.35,0.5,0.4,10,2
300,0,0,0,805,0,0,0,12,12,99999,0,0,0,0.269,3.228,0.5,0.4,10,2
300,0,1,0,831,0,0,0,24,24,99999,0,0,1,0.368,8.832,0.5,0.4,11,3
300,0,2,0,627,0,0,0,12,12,99999,0,0,2,2.145,25.74,0.5,0.4,4,1
300,0,3,0,762,0,0,0,24,24,99999,0,0,3,0.446,10.704,0.5,0.4,9,3
300,0,4,0,829,0,0,0,24,24,99999,0,0,4,0.405,9.72,0.5,0.4,9,3
300,0,5,0,599,0,0,0,24,24,99999,0,0,5,0.85,20.4,0.5,0.4,7,3
300,0,6,0,803,0,0,0,10,10,99999,0,0,6,0.435,4.35,0.5,0.4,10,2
300,0,7,0,757,0,0,0,16,16,99999,0,0,7,0.6,9.6,0.5,0.4,6,2
300,0,8,0,673,0,0,0,10,10,99999,0,0,8,0.582,5.82,0.5,0.4,5,2
300,0,9,0,612,0,0,0,48,48,99999,0,0,9,0.479,22.992,0.5,0.4,57,19
301,0,0,0,805,0,0,0,12,12,99999,0,0,0,0.269,3.228,0.5,0.4,10,2
301,0,1,0,627,0,0,0,12,12,99999,0,0,1,2.145,25.74,0.5,0.4,4,1
301,0,2,0,599,0,0,0,24,24,99999,0,0,2,0.85,20.4,0.5,0.4,7,3
301,0,3,0,803,0,0,0,10,10,99999,0,0,3,0.435,4.35,0.5,0.4,10,2
301,0,4,0,757,0,0,0,16,16,99999,0,0,4,0.6,9.6,0.5,0.4,6,2
301,0,5,0,673,0,0,0,10,10,99999,0,0,5,0.582,5.82,0.5,0.4,5,2
301,0,6,0,612,0,0,0,48,48,99999,0,0,6,0.479,22.992,0.5,0.4,57,19
301,0,7,0,530,0,0,0,192,192,99999,0,0,7,0.371,71.232,0.5,0.4,19,19
301,0,8,0,541,0,0,0,48,48,99999,0,0,8,0.65,31.2,0.5,0.4,20,7
301,0,9,0,606,0,0,0,16,16,99999,0,0,9,3.112,49.792,0.5,0.4,3,2
302,0,0,0,805,0,0,0,12,12,99999,0,0,0,0.269,3.228,0.5,0.4,10,2
302,0,1,0,803,0,0,0,10,10,99999,0,0,1,0.435,4.35,0.5,0.4,10,2
302,0,2,0,757,0,0,0,16,16,99999,0,0,2,0.6,9.6,0.5,0.4,6,2
302,0,3,0,673,0,0,0,10,10,99999,0,0,3,0.582,5.82,0.5,0.4,5,2
302,0,4,0,612,0,0,0,48,48,99999,0,0,4,0.479,22.992,0.5,0.4,57,19
302,0,5,0,541,0,0,0,48,48,99999,0,0,5,0.65,31.2,0.5,0.4,20,7
302,0,6,0,606,0,0,0,16,16,99999,0,0,6,3.112,49.792,0.5,0.4,3,2
302,0,7,0,820,0,0,0,12,12,99999,0,0,7,2.703,32.436,0.5,0.4,4,2
302,0,8,0,570,0,0,0,24,24,99999,0,0,8,1.635,39.24,0.5,0.4,13,5
302,0,9,0,777,0,0,0,12,12,99999,0,0,9,0.126,1.512,0.5,0.4,7,2
303,0,0,0,805,0,0,0,12,12,99999,0,0,0,0.269,3.228,0.5,0.4,10,2
303,0,1,0,803,0,0,0,10,10,99999,0,0,1,0.435,4.35,0.5,0.4,10,2
303,0,2,0,541,0,0,0,48,48,99999,0,0,2,0.65,31.2,0.5,0.4,20,7
303,0,3,0,820,0,0,0,12,12,99999,0,0,3,2.703,32.436,0.5,0.4,4,2
303,0,4,0,570,0,0,0,24,24,99999,0,0,4,1.635,39.24,0.5,0.4,13,5
303,0,5,0,777,0,0,0,12,12,99999,0,0,5,0.126,1.512,0.5,0.4,7,2
303,0,6,0,629,0,0,0,12,12,99999,0,0,6,1.842,22.104,0.5,0.4,4,2
303,0,7,0,949,0,0,0,288,288,99999,0,0,7,0.156,44.928,0.5,0.4,13,13
303,0,8,0,562,0,0,0,48,48,99999,0,0,8,0.665,31.92,0.5,0.4,39,13
303,0,9,0,586,0,0,0,96,96,99999,0,0,9,0.535,51.36,0.5,0.4,35,18
304,0,0,0,803,0,0,0,10,10,99999,0,0,0,0.435,4.35,0.5,0.4,10,2
304,0,1,0,820,0,0,0,12,12,99999,0,0,1,2.703,32.436,0.5,0.4,4,2
304,0,2,0,570,0,0,0,24,24,99999,0,0,2,1.635,39.24,0.5,0.4,13,5
304,0,3,0,777,0,0,0,12,12,99999,0,0,3,0.126,1.512,0.5,0.4,7,2
304,0,4,0,629,0,0,0,12,12,99999,0,0,4,1.842,22.104,0.5,0.4,4,2
304,0,5,0,562,0,0,0,48,48,99999,0,0,5,0.665,31.92,0.5,0.4,39,13
304,0,6,0,586,0,0,0,96,96,99999,0,0,6,0.535,51.36,0.5,0.4,35,18
304,0,7,0,942,0,0,0,288,288,99999,0,0,7,0.151,43.488,0.5,0.4,27,27
304,0,8,0,863,0,0,0,120,120,99999,0,0,8,0.111,13.32,0.5,0.4,34,17
304,0,9,0,690,0,0,0,36,36,99999,0,0,9,0.428,15.408,0.5,0.4,5,5
305,0,0,0,777,0,0,0,12,12,99999,0,0,0,0.126,1.512,0.5,0.4,7,2
305,0,1,0,629,0,0,0,12,12,99999,0,0,1,1.842,22.104,0.5,0.4,4,2
305,0,2,0,562,0,0,0,48,48,99999,0,0,2,0.665,31.92,0.5,0.4,39,13
305,0,3,0,863,0,0,0,120,120,99999,0,0,3,0.111,13.32,0.5,0.4,34,17
305,0,4,0,954,0,0,0,12,12,99999,0,0,4,1.635,19.62,0.5,0.4,6,2
305,0,5,0,842,0,0,0,96,96,99999,0,0,5,0.148,14.208,0.5,0.4,18,9
305,0,6,0,854,0,0,0,180,180,99999,0,0,6,0.093,16.74,0.5,0.4,30,30
305,0,7,0,955,0,0,0,12,12,99999,0,0,7,1.63,19.56,0.5,0.4,4,2
305,0,8,0,759,0,0,0,24,24,99999,0,0,8,0.372,8.928,0.5,0.4,7,3
305,0,9,0,855,0,0,0,120,120,99999,0,0,9,0.103,12.36,0.5,0.4,30,15
306,0,0,0,777,0,0,0,12,12,99999,0,0,0,0.126,1.512,0.5,0.4,7,2
306,0,1,0,954,0,0,0,12,12,99999,0,0,1,1.635,19.62,0.5,0.4,6,2
306,0,2,0,842,0,0,0,96,96,99999,0,0,2,0.148,14.208,0.5,0.4,18,9
306,0,3,0,955,0,0,0,12,12,99999,0,0,3,1.63,19.56,0.5,0.4,4,2
306,0,4,0,759,0,0,0,24,24,99999,0,0,4,0.372,8.928,0.5,0.4,7,3
306,0,5,0,855,0,0,0,120,120,99999,0,0,5,0.103,12.36,0.5,0.4,30,15
306,0,6,0,724,0,0,0,8,8,99999,0,0,6,0.9,7.2,0.5,0.4,4,1
306,0,7,0,804,0,0,0,120,120,99999,0,0,7,0.047,5.64,0.5,0.4,36,12
306,0,8,0,857,0,0,0,120,120,99999,0,0,8,0.104,12.48,0.5,0.4,13,7
306,0,9,0,534,0,0,0,288,288,99999,0,0,9,0.222,63.936,0.5,0.4,23,23
307,0,0,0,777,0,0,0,12,12,99999,0,0,0,0.126,1.512,0.5,0.4,7,2
307,0,1,0,954,0,0,0,12,12,99999,0,0,1,1.635,19.62,0.5,0.4,6,2
307,0,2,0,955,0,0,0,12,12,99999,0,0,2,1.63,19.56,0.5,0.4,4,2
307,0,3,0,759,0,0,0,24,24,99999,0,0,3,0.372,8.928,0.5,0.4,7,3
307,0,4,0,724,0,0,0,8,8,99999,0,0,4,0.9,7.2,0.5,0.4,4,1
307,0,5,0,804,0,0,0,120,120,99999,0,0,5,0.047,5.64,0.5,0.4,36,12
307,0,6,0,857,0,0,0,120,120,99999,0,0,6,0.104,12.48,0.5,0.4,13,7
307,0,7,0,852,0,0,0,120,120,99999,0,0,7,0.104,12.48,0.5,0.4,20,10
307,0,8,0,554,0,0,0,48,48,99999,0,0,8,0.593,28.464,0.5,0.4,22,8
307,0,9,0,754,0,0,0,24,24,99999,0,0,9,0.307,7.368,0.5,0.4,11,4
308,0,0,0,724,0,0,0,8,8,99999,0,0,0,0.9,7.2,0.5,0.4,4,1
308,0,1,0,804,0,0,0,120,120,99999,0,0,1,0.047,5.64,0.5,0.4,36,12
308,0,2,0,852,0,0,0,120,120,99999,0,0,2,0.104,12.48,0.5,0.4,20,10
308,0,3,0,554,0,0,0,48,48,99999,0,0,3,0.593,28.464,0.5,0.4,22,8
308,0,4,0,754,0,0,0,24,24,99999,0,0,4,0.307,7.368,0.5,0.4,11,4
308,0,5,0,959,0,0,0,360,360,99999,0,0,5,0.221,79.56,0.5,0.4,20,20
308,0,6,0,712,0,0,0,12,12,99999,0,0,6,0.285,3.42,0.5,0.4,5,2
308,0,7,0,719,0,0,0,12,12,99999,0,0,7,0.207,2.484,0.5,0.4,5,2
308,0,8,0,596,0,0,0,24,24,99999,0,0,8,0.894,21.456,0.5,0.4,7,3
308,0,9,0,734,0,0,0,24,24,99999,0,0,9,0.368,8.832,0.5,0.4,8,3
309,0,0,0,724,0,0,0,8,8,99999,0,0,0,0.9,7.2,0.5,0.4,4,1
309,0,1,0,554,0,0,0,48,48,99999,0,0,1,0.593,28.464,0.5,0.4,22,8
309,0,2,0,754,0,0,0,24,24,99999,0,0,2,0.307,7.368,0.5,0.4,11,4
309,0,3,0,712,0,0,0,12,12,99999,0,0,3,0.285,3.42,0.5,0.4,5,2
309,0,4,0,719,0,0,0,12,12,99999,0,0,4,0.207,2.484,0.5,0.4,5,2
309,0,5,0,596,0,0,0,24,24,99999,0,0,5,0.894,21.456,0.5,0.4,7,3
309,0,6,0,734,0,0,0,24,24,99999,0,0,6,0.368,8.832,0.5,0.4,8,3
309,0,7,0,760,0,0,0,24,24,99999,0,0,7,0.372,8.928,0.5,0.4,8,3
309,0,8,0,789,0,0,0,20,20,99999,0,0,8,0.853,17.06,0.5,0.4,6,2
309,0,9,0,635,0,0,0,48,48,99999,0,0,9,0.871,41.808,0.5,0.4,6,3
310,0,0,0,724,0,0,0,8,8,99999,0,0,0,0.9,7.2,0.5,0.4,4,1
310,0,1,0,712,0,0,0,12,12,99999,0,0,1,0.285,3.42,0.5,0.4,5,2
310,0,2,0,719,0,0,0,12,12,99999,0,0,2,0.207,2.484,0.5,0.4,5,2
310,0,3,0,596,0,0,0,24,24,99999,0,0,3,0.894,21.456,0.5,0.4,7,3
310,0,4,0,734,0,0,0,24,24,99999,0,0,4,0.368,8.832,0.5,0.4,8,3
310,0,5,0,760,0,0,0,24,24,99999,0,0,5,0.372,8.928,0.5,0.4,8,3
310,0,6,0,789,0,0,0,20,20,99999,0,0,6,0.853,17.06,0.5,0.4,6,2
310,0,7,0,635,0,0,0,48,48,99999,0,0,7,0.871,41.808,0.5,0.4,6,3
310,0,8,0,961,0,0,0,192,192,99999,0,0,8,0.262,50.304,0.5,0.4,17,17
310,0,9,0,597,0,0,0,48,48,99999,0,0,9,0.717,34.416,0.5,0.4,7,4
311,0,0,0,760,0,0,0,24,24,99999,0,0,0,0.372,8.928,0.5,0.4,8,3
311,0,1,0,789,0,0,0,20,20,99999,0,0,1,0.853,17.06,0.5,0.4,6,2
311,0,2,0,597,0,0,0,48,48,99999,0,0,2,0.717,34.416,0.5,0.4,7,4
311,0,3,0,695,0,0,0,12,12,99999,0,0,3,0.169,2.028,0.5,0.4,6,2
311,0,4,0,849,0,0,0,72,72,99999,0,0,4,0.237,17.064,0.5,0.4,9,9
311,0,5,0,526,0,0,0,24,24,99999,0,0,5,1.35,32.4,0.5,0.4,10,4
311,0,6,0,625,0,0,0,108,108,99999,0,0,6,0.2,21.6,0.5,0.4,1,1
311,0,7,0,909,0,0,0,24,24,99999,0,0,7,1.95,46.8,0.5,0.4,6,6
311,0,8,0,764,0,0,0,20,20,99999,0,0,8,0.343,6.86,0.5,0.4,6,3
311,0,9,0,683,0,0,0,96,96,99999,0,0,9,0.175,16.8,0.5,0.4,11,11
312,0,0,0,695,0,0,0,12,12,99999,0,0,0,0.169,2.028,0.5,0.4,6,2
312,0,1,0,526,0,0,0,24,24,99999,0,0,1,1.35,32.4,0.5,0.4,10,4
312,0,2,0,764,0,0,0,20,20,99999,0,0,2,0.343,6.86,0.5,0.4,6,3
312,0,3,0,722,0,0,0,20,20,99999,0,0,3,0.388,7.76,0.5,0.4,6,3
312,0,4,0,633,0,0,0,12,12,99999,0,0,4,2.227,26.724,0.5,0.4,5,3
312,0,5,0,721,0,0,0,24,24,99999,0,0,5,0.408,9.792,0.5,0.4,7,4
312,0,6,0,738,0,0,0,24,24,99999,0,0,6,0.395,9.48,0.5,0.4,3,3
312,0,7,0,960,0,0,0,192,192,99999,0,0,7,0.267,51.264,0.5,0.4,13,13
312,0,8,0,958,0,0,0,192,192,99999,0,0,8,0.263,50.496,0.5,0.4,14,14
312,0,9,0,788,0,0,0,60,60,99999,0,0,9,0.29,17.4,0.5,0.4,4,4
313,0,0,0,695,0,0,0,12,12,99999,0,0,0,0.169,2.028,0.5,0.4,6,2
313,0,1,0,526,0,0,0,24,24,99999,0,0,1,1.35,32.4,0.5,0.4,10,4
313,0,2,0,722,0,0,0,20,20,99999,0,0,2,0.388,7.76,0.5,0.4,6,3
313,0,3,0,633,0,0,0,12,12,99999,0,0,3,2.227,26.724,0.5,0.4,5,3
313,0,4,0,721,0,0,0,24,24,99999,0,0,4,0.408,9.792,0.5,0.4,7,4
313,0,5,0,628,0,0,0,24,24,99999,0,0,5,2.005,48.12,0.5,0.4,4,4
313,0,6,0,941,0,0,0,32,32,99999,0,0,6,1.468,46.976,0.5,0.4,5,5
313,0,7,0,879,0,0,0,24,24,99999,0,0,7,0.517,12.408,0.5,0.4,6,3
313,0,8,0,704,0,0,0,20,20,99999,0,0,8,0.119,2.38,0.5,0.4,6,3
313,0,9,0,830,0,0,0,24,24,99999,0,0,9,0.405,9.72,0.5,0.4,7,4
314,0,0,0,695,0,0,0,12,12,99999,0,0,0,0.169,2.028,0.5,0.4,6,2
314,0,1,0,879,0,0,0,24,24,99999,0,0,1,0.517,12.408,0.5,0.4,6,3
314,0,2,0,704,0,0,0,20,20,99999,0,0,2,0.119,2.38,0.5,0.4,6,3
314,0,3,0,830,0,0,0,24,24,99999,0,0,3,0.405,9.72,0.5,0.4,7,4
314,0,4,0,745,0,0,0,20,20,99999,0,0,4,0.301,6.02,0.5,0.4,5,3
314,0,5,0,650,0,0,0,96,96,99999,0,0,5,0.212,20.352,0.5,0.4,4,4
314,0,6,0,867,0,0,0,16,16,99999,0,0,6,0.708,11.328,0.5,0.4,4,2
314,0,7,0,726,0,0,0,20,20,99999,0,0,7,0.344,6.88,0.5,0.4,6,3
314,0,8,0,794,0,0,0,40,40,99999,0,0,8,0.326,13.04,0.5,0.4,5,5
314,0,9,0,767,0,0,0,24,24,99999,0,0,9,0.221,5.304,0.5,0.4,5,3
315,0,0,0,695,0,0,0,12,12,99999,0,0,0,0.169,2.028,0.5,0.4,6,2
315,0,1,0,745,0,0,0,20,20,99999,0,0,1,0.301,6.02,0.5,0.4,5,3
315,0,2,0,867,0,0,0,16,16,99999,0,0,2,0.708,11.328,0.5,0.4,4,2
315,0,3,0,726,0,0,0,20,20,99999,0,0,3,0.344,6.88,0.5,0.4,6,3
315,0,4,0,767,0,0,0,24,24,99999,0,0,4,0.221,5.304,0.5,0.4,5,3
315,0,5,0,972,0,0,0,90,90,99999,0,0,5,0.525,47.25,0.5,0.4,5,5
315,0,6,0,922,0,0,0,24,24,99999,0,0,6,1.296,31.104,0.5,0.4,9,5
315,0,7,0,871,0,0,0,60,60,99999,0,0,7,1.11,66.6,0.5,0.4,5,5
315,0,8,0,701,0,0,0,24,24,99999,0,0,8,0.192,4.608,0.5,0.4,8,4
315,0,9,0,927,0,0,0,24,24,99999,0,0,9,1.333,31.992,0.5,0.4,8,4
316,0,0,0,922,0,0,0,24,24,99999,0,0,0,1.296,31.104,0.5,0.4,9,5
316,0,1,0,701,0,0,0,24,24,99999,0,0,1,0.192,4.608,0.5,0.4,8,4
316,0,2,0,927,0,0,0,24,24,99999,0,0,2,1.333,31.992,0.5,0.4,8,4
316,0,3,0,950,0,0,0,192,192,99999,0,0,3,0.312,59.904,0.5,0.4,14,14
316,0,4,0,945,0,0,0,240,240,99999,0,0,4,0.225,54.0,0.5,0.4,7,7
316,0,5,0,626,0,0,0,6,6,99999,0,0,5,3.783,22.698,0.5,0.4,2,1
316,0,6,0,937,0,0,0,144,144,99999,0,0,6,0.408,58.752,0.5,0.4,14,14
316,0,7,0,853,0,0,0,120,120,99999,0,0,7,0.121,14.52,0.5,0.4,19,19
316,0,8,0,904,0,0,0,48,48,99999,0,0,8,0.542,26.016,0.5,0.4,5,5
316,0,9,0,532,0,0,0,40,40,99999,0,0,9,1.138,45.52,0.5,0.4,4,4
317,0,0,0,626,0,0,0,6,6,99999,0,0,0,3.783,22.698,0.5,0.4,2,1
317,0,1,0,872,0,0,0,24,24,99999,0,0,1,0.533,12.792,0.5,0.4,4,2
317,0,2,0,589,0,0,0,48,48,99999,0,0,2,1.028,49.344,0.5,0.4,5,5
317,0,3,0,717,0,0,0,8,8,99999,0,0,3,0.485,3.88,0.5,0.4,3,1
317,0,4,0,971,0,0,0,72,72,99999,0,0,4,1.032,74.304,0.5,0.4,4,4
317,0,5,0,676,0,0,0,24,24,99999,0,0,5,0.288,6.912,0.5,0.4,6,3
317,0,6,0,696,0,0,0,24,24,99999,0,0,6,0.132,3.168,0.5,0.4,4,2
317,0,7,0,688,0,0,0,12,12,99999,0,0,7,0.318,3.816,0.5,0.4,5,2
317,0,8,0,785,0,0,0,40,40,99999,0,0,8,0.369,14.76,0.5,0.4,4,4
317,0,9,0,930,0,0,0,96,96,99999,0,0,9,0.579,55.584,0.5,0.4,5,5
318,0,0,0,872,0,0,0,24,24,99999,0,0,0,0.533,12.792,0.5,0.4,4,2
318,0,1,0,717,0,0,0,8,8,99999,0,0,1,0.485,3.88,0.5,0.4,3,1
318,0,2,0,676,0,0,0,24,24,99999,0,0,2,0.288,6.912,0.5,0.4,6,3
318,0,3,0,696,0,0,0,24,24,99999,0,0,3,0.132,3.168,0.5,0.4,4,2
318,0,4,0,688,0,0,0,12,12,99999,0,0,4,0.318,3.816,0.5,0.4,5,2
318,0,5,0,689,0,0,0,48,48,99999,0,0,5,0.097,4.656,0.5,0.4,4,4
318,0,6,0,951,0,0,0,288,288,99999,0,0,6,0.15,43.2,0.5,0.4,8,8
318,0,7,0,766,0,0,0,24,24,99999,0,0,7,0.344,8.256,0.5,0.4,8,4
318,0,8,0,720,0,0,0,24,24,99999,0,0,8,0.542,13.008,0.5,0.4,4,2
318,0,9,0,653,0,0,0,72,72,99999,0,0,9,0.111,7.992,0.5,0.4,14,7
319,0,0,0,717,0,0,0,8,8,99999,0,0,0,0.485,3.88,0.5,0.4,3,1
319,0,1,0,688,0,0,0,12,12,99999,0,0,1,0.318,3.816,0.5,0.4,5,2
319,0,2,0,766,0,0,0,24,24,99999,0,0,2,0.344,8.256,0.5,0.4,8,4
319,0,3,0,720,0,0,0,24,24,99999,0,0,3,0.542,13.008,0.5,0.4,4,2
319,0,4,0,653,0,0,0,72,72,99999,0,0,4,0.111,7.992,0.5,0.4,14,7
319,0,5,0,711,0,0,0,24,24,99999,0,0,5,0.163,3.912,0.5,0.4,5,3
319,0,6,0,761,0,0,0,24,24,99999,0,0,6,0.383,9.192,0.5,0.4,6,3
319,0,7,0,604,0,0,0,48,48,99999,0,0,7,0.935,44.88,0.5,0.4,7,7
319,0,8,0,692,0,0,0,32,32,99999,0,0,8,0.132,4.224,0.5,0.4,4,2
319,0,9,0,716,0,0,0,12,12,99999,0,0,9,0.218,2.616,0.5,0.4,2,1
320,0,0,0,711,0,0,0,24,24,99999,0,0,0,0.163,3.912,0.5,0.4,5,3
320,0,1,0,761,0,0,0,24,24,99999,0,0,1,0.383,9.192,0.5,0.4,6,3
320,0,2,0,692,0,0,0,32,32,99999,0,0,2,0.132,4.224,0.5,0.4,4,2
320,0,3,0,716,0,0,0,12,12,99999,0,0,3,0.218,2.616,0.5,0.4,2,1
320,0,4,0,611,0,0,0,48,48,99999,0,0,4,0.554,26.592,0.5,0.4,8,4
320,0,5,0,747,0,0,0,48,48,99999,0,0,5,0.452,21.696,0.5,0.4,4,4
320,0,6,0,968,0,0,0,72,72,99999,0,0,6,0.452,32.544,0.5,0.4,8,8
320,0,7,0,793,0,0,0,30,30,99999,0,0,7,0.491,14.73,0.5,0.4,7,4
320,0,8,0,953,0,0,0,48,48,99999,0,0,8,0.306,14.688,0.5,0.4,6,6
320,0,9,0,775,0,0,0,120,120,99999,0,0,9,0.054,6.48,0.5,0.4,39,39
321,0,0,0,611,0,0,0,48,48,99999,0,0,0,0.554,26.592,0.5,0.4,8,4
321,0,1,0,793,0,0,0,30,30,99999,0,0,1,0.491,14.73,0.5,0.4,7,4
321,0,2,0,700,0,0,0,24,24,99999,0,0,2,0.126,3.024,0.5,0.4,7,4
321,0,3,0,846,0,0,0,120,120,99999,0,0,3,0.106,12.72,0.5,0.4,12,12
321,0,4,0,744,0,0,0,20,20,99999,0,0,4,0.303,6.06,0.5,0.4,4,2
321,0,5,0,539,0,0,0,96,96,99999,0,0,5,0.579,55.584,0.5,0.4,15,15
321,0,6,0,858,0,0,0,80,80,99999,0,0,6,0.139,11.12,0.5,0.4,12,6
321,0,7,0,735,0,0,0,27,27,99999,0,0,7,0.253,6.831,0.5,0.4,4,4
321,0,8,0,801,0,0,0,96,96,99999,0,0,8,0.187,17.952,0.5,0.4,5,5
321,0,9,0,723,0,0,0,24,24,99999,0,0,9,0.675,16.2,0.5,0.4,4,2
322,0,0,0,700,0,0,0,24,24,99999,0,0,0,0.126,3.024,0.5,0.4,7,4
322,0,1,0,744,0,0,0,20,20,99999,0,0,1,0.303,6.06,0.5,0.4,4,2
322,0,2,0,858,0,0,0,80,80,99999,0,0,2,0.139,11.12,0.5,0.4,12,6
322,0,3,0,723,0,0,0,24,24,99999,0,0,3,0.675,16.2,0.5,0.4,4,2
322,0,4,0,703,0,0,0,24,24,99999,0,0,4,0.081,1.944,0.5,0.4,4,2
322,0,5,0,607,0,0,0,24,24,99999,0,0,5,0.868,20.832,0.5,0.4,4,2
322,0,6,0,693,0,0,0,32,32,99999,0,0,6,0.138,4.416,0.5,0.4,5,3
322,0,7,0,755,0,0,0,48,48,99999,0,0,7,0.216,10.368,0.5,0.4,4,4
322,0,8,0,774,0,0,0,20,20,99999,0,0,8,0.228,4.56,0.5,0.4,4,2
322,0,9,0,908,0,0,0,48,48,99999,0,0,9,0.625,30.0,0.5,0.4,11,11
323,0,0,0,703,0,0,0,24,24,99999,0,0,0,0.081,1.944,0.5,0.4,4,2
323,0,1,0,607,0,0,0,24,24,99999,0,0,1,0.868,20.832,0.5,0.4,4,2
323,0,2,0,693,0,0,0,32,32,99999,0,0,2,0.138,4.416,0.5,0.4,5,3
323,0,3,0,774,0,0,0,20,20,99999,0,0,3,0.228,4.56,0.5,0.4,4,2
323,0,4,0,727,0,0,0,30,30,99999,0,0,4,0.297,8.91,0.5,0.4,5,3
323,0,5,0,944,0,0,0,240,240,99999,0,0,5,0.241,57.84,0.5,0.4,6,6
323,0,6,0,948,0,0,0,288,288,99999,0,0,6,0.161,46.368,0.5,0.4,19,19
323,0,7,0,553,0,0,0,48,48,99999,0,0,7,0.657,31.536,0.5,0.4,18,9
323,0,8,0,546,0,0,0,8,8,99999,0,0,8,2.345,18.76,0.5,0.4,1,1
323,0,9,0,851,0,0,0,48,48,99999,0,0,9,0.271,13.008,0.5,0.4,6,6
324,0,0,0,774,0,0,0,20,20,99999,0,0,0,0.228,4.56,0.5,0.4,4,2
324,0,1,0,727,0,0,0,30,30,99999,0,0,1,0.297,8.91,0.5,0.4,5,3
324,0,2,0,553,0,0,0,48,48,99999,0,0,2,0.657,31.536,0.5,0.4,18,9
324,0,3,0,595,0,0,0,48,48,99999,0,0,3,0.638,30.624,0.5,0.4,5,5
324,0,4,0,786,0,0,0,60,60,99999,0,0,4,0.291,17.46,0.5,0.4,4,4
324,0,5,0,822,0,0,0,12,12,99999,0,0,5,1.967,23.604,0.5,0.4,1,1
324,0,6,0,750,0,0,0,20,20,99999,0,0,6,0.321,6.42,0.5,0.4,3,3
324,0,7,0,778,0,0,0,24,24,99999,0,0,7,0.132,3.168,0.5,0.4,4,4
324,0,8,0,705,0,0,0,12,12,99999,0,0,8,0.223,2.676,0.5,0.4,2,2
324,0,9,0,799,0,0,0,36,36,99999,0,0,9,0.235,8.46,0.5,0.4,3,3
325,0,0,0,967,0,0,0,48,48,99999,0,0,0,0.38,18.24,0.5,0.4,5,5
325,0,1,0,763,0,0,0,24,24,99999,0,0,1,0.402,9.648,0.5,0.4,5,5
325,0,2,0,841,0,0,0,48,48,99999,0,0,2,0.852,40.896,0.5,0.4,4,4
325,0,3,0,873,0,0,0,12,12,99999,0,0,3,1.328,15.936,0.5,0.4,2,1
325,0,4,0,917,0,0,0,6,6,99999,0,0,4,3.463,20.778,0.5,0.4,2,1
325,0,5,0,661,0,0,0,48,48,99999,0,0,5,0.126,6.048,0.5,0.4,5,5
325,0,6,0,657,0,0,0,24,24,99999,0,0,6,0.12,2.88,0.5,0.4,3,3
325,0,7,0,940,0,0,0,96,96,99999,0,0,7,0.509,48.864,0.5,0.4,8,8
325,0,8,0,681,0,0,0,10,10,99999,0,0,8,0.47,4.7,0.5,0.4,3,2
325,0,9,0,833,0,0,0,24,24,99999,0,0,9,0.916,21.984,0.5,0.4,6,6
326,0,0,0,873,0,0,0,12,12,99999,0,0,0,1.328,15.936,0.5,0.4,2,1
326,0,1,0,917,0,0,0,6,6,99999,0,0,1,3.463,20.778,0.5,0.4,2,1
326,0,2,0,681,0,0,0,10,10,99999,0,0,2,0.47,4.7,0.5,0.4,3,2
326,0,3,0,725,0,0,0,24,24,99999,0,0,3,0.373,8.952,0.5,0.4,3,3
326,0,4,0,877,0,0,0,24,24,99999,0,0,4,0.242,5.808,0.5,0.4,5,5
326,0,5,0,640,0,0,0,24,24,99999,0,0,5,0.825,19.8,0.5,0.4,3,3
326,0,6,0,772,0,0,0,72,72,99999,0,0,6,0.18,12.96,0.5,0.4,3,3
326,0,7,0,910,0,0,0,24,24,99999,0,0,7,1.998,47.952,0.5,0.4,3,3
326,0,8,0,715,0,0,0,12,12,99999,0,0,8,0.222,2.664,0.5,0.4,2,2
326,0,9,0,605,0,0,0,24,24,99999,0,0,9,0.877,21.048,0.5,0.4,3,3
327,0,0,0,714,0,0,0,12,12,99999,0,0,0,0.146,1.752,0.5,0.4,3,2
327,0,1,0,827,0,0,0,18,18,99999,0,0,1,0.478,8.604,0.5,0.4,4,4
327,0,2,0,870,0,0,0,24,24,99999,0,0,2,0.607,14.568,0.5,0.4,3,3
327,0,3,0,769,0,0,0,60,60,99999,0,0,3,0.377,22.62,0.5,0.4,3,3
327,0,4,0,732,0,0,0,36,36,99999,0,0,4,0.383,13.788,0.5,0.4,5,5
327,0,5,0,800,0,0,0,96,96,99999,0,0,5,0.212,20.352,0.5,0.4,4,4
327,0,6,0,915,0,0,0,96,96,99999,0,0,6,0.568,54.528,0.5,0.4,4,4
327,0,7,0,919,0,0,0,48,48,99999,0,0,7,1.023,49.104,0.5,0.4,3,3
327,0,8,0,943,0,0,0,240,240,99999,0,0,8,0.245,58.8,0.5,0.4,8,8
327,0,9,0,869,0,0,0,192,192,99999,0,0,9,0.333,63.936,0.5,0.4,2,2
328,0,0,0,714,0,0,0,12,12,99999,0,0,0,0.146,1.752,0.5,0.4,3,2
328,0,1,0,699,0,0,0,24,24,99999,0,0,1,0.129,3.096,0.5,0.4,3,3
328,0,2,0,934,0,0,0,48,48,99999,0,0,2,0.433,20.784,0.5,0.4,3,3
328,0,3,0,796,0,0,0,80,80,99999,0,0,3,0.192,15.36,0.5,0.4,3,3
328,0,4,0,779,0,0,0,48,48,99999,0,0,4,0.077,3.696,0.5,0.4,6,6
328,0,5,0,678,0,0,0,24,24,99999,0,0,5,0.196,4.704,0.5,0.4,8,4
328,0,6,0,713,0,0,0,12,12,99999,0,0,6,0.292,3.504,0.5,0.4,3,2
328,0,7,0,752,0,0,0,16,16,99999,0,0,7,0.381,6.096,0.5,0.4,5,3
328,0,8,0,780,0,0,0,80,80,99999,0,0,8,0.094,7.52,0.5,0.4,5,5
328,0,9,0,686,0,0,0,24,24,99999,0,0,9,0.393,9.432,0.5,0.4,4,4
329,0,0,0,678,0,0,0,24,24,99999,0,0,0,0.196,4.704,0.5,0.4,8,4
329,0,1,0,713,0,0,0,12,12,99999,0,0,1,0.292,3.504,0.5,0.4,3,2
329,0,2,0,752,0,0,0,16,16,99999,0,0,2,0.381,6.096,0.5,0.4,5,3
329,0,3,0,743,0,0,0,60,60,99999,0,0,3,0.26,15.6,0.5,0.4,6,6
329,0,4,0,782,0,0,0,80,80,99999,0,0,4,0.121,9.68,0.5,0.4,4,4
329,0,5,0,748,0,0,0,24,24,99999,0,0,5,0.312,7.488,0.5,0.4,5,5
329,0,6,0,680,0,0,0,24,24,99999,0,0,6,0.188,4.512,0.5,0.4,6,3
329,0,7,0,773,0,0,0,60,60,99999,0,0,7,0.2,12.0,0.5,0.4,4,4
329,0,8,0,840,0,0,0,60,60,99999,0,0,8,1.048,62.88,0.5,0.4,6,6
329,0,9,0,806,0,0,0,36,36,99999,0,0,9,0.235,8.46,0.5,0.4,4,4
330,0,0,0,680,0,0,0,24,24,99999,0,0,0,0.188,4.512,0.5,0.4,6,3
330,0,1,0,911,0,0,0,96,96,99999,0,0,1,0.404,38.784,0.5,0.4,7,7
330,0,2,0,923,0,0,0,48,48,99999,0,0,2,1.248,59.904,0.5,0.4,3,3
330,0,3,0,660,0,0,0,18,18,99999,0,0,3,0.322,5.796,0.5,0.4,6,3
330,0,4,0,836,0,0,0,24,24,99999,0,0,4,0.357,8.568,0.5,0.4,4,4
330,0,5,0,710,0,0,0,12,12,99999,0,0,5,0.146,1.752,0.5,0.4,4,2
330,0,6,0,691,0,0,0,24,24,99999,0,0,6,0.179,4.296,0.5,0.4,3,3
330,0,7,0,825,0,0,0,16,16,99999,0,0,7,0.543,8.688,0.5,0.4,4,2
330,0,8,0,839,0,0,0,40,40,99999,0,0,8,0.424,16.96,0.5,0.4,5,5
330,0,9,0,797,0,0,0,8,8,99999,0,0,9,0.75,6.0,0.5,0.4,4,2
331,0,0,0,660,0,0,0,18,18,99999,0,0,0,0.322,5.796,0.5,0.4,6,3
331,0,1,0,710,0,0,0,12,12,99999,0,0,1,0.146,1.752,0.5,0.4,4,2
331,0,2,0,825,0,0,0,16,16,99999,0,0,2,0.543,8.688,0.5,0.4,4,2
331,0,3,0,797,0,0,0,8,8,99999,0,0,3,0.75,6.0,0.5,0.4,4,2
331,0,4,0,746,0,0,0,24,24,99999,0,0,4,0.242,5.808,0.5,0.4,4,4
331,0,5,0,876,0,0,0,80,80,99999,0,0,5,0.115,9.2,0.5,0.4,11,6
331,0,6,0,920,0,0,0,48,48,99999,0,0,6,0.928,44.544,0.5,0.4,4,4
331,0,7,0,610,0,0,0,40,40,99999,0,0,7,0.091,3.64,0.5,0.4,4,4
331,0,8,0,674,0,0,0,48,48,99999,0,0,8,0.224,10.752,0.5,0.4,4,4
331,0,9,0,913,0,0,0,24,24,99999,0,0,9,1.575,37.8,0.5,0.4,5,5
332,0,0,0,876,0,0,0,80,80,99999,0,0,0,0.115,9.2,0.5,0.4,11,6
332,0,1,0,969,0,0,0,48,48,99999,0,0,1,0.454,21.792,0.5,0.4,6,6
332,0,2,0,598,0,0,0,24,24,99999,0,0,2,1.122,26.928,0.5,0.4,5,5
332,0,3,0,694,0,0,0,12,12,99999,0,0,3,0.3,3.6,0.5,0.4,3,2
332,0,4,0,931,0,0,0,144,144,99999,0,0,4,0.595,85.68,0.5,0.4,1,1
332,0,5,0,821,0,0,0,6,6,99999,0,0,5,2.902,17.412,0.5,0.4,1,1
332,0,6,0,928,0,0,0,288,288,99999,0,0,6,0.379,109.152,0.5,0.4,7,7
332,0,7,0,810,0,0,0,24,24,99999,0,0,7,0.367,8.808,0.5,0.4,1,1
332,0,8,0,608,0,0,0,72,72,99999,0,0,8,0.707,50.904,0.5,0.4,1,1
332,0,9,0,824,0,0,0,48,48,99999,0,0,9,0.778,37.344,0.5,0.4,1,1
333,0,0,0,694,0,0,0,12,12,99999,0,0,0,0.3,3.6,0.5,0.4,3,2
333,0,1,0,645,0,0,0,96,96,99999,0,0,1,0.183,17.568,0.5,0.4,2,2
333,0,2,0,926,0,0,0,72,72,99999,0,0,2,0.896,64.512,0.5,0.4,1,1
333,0,3,0,966,0,0,0,96,96,99999,0,0,3,0.117,11.232,0.5,0.4,1,1
333,0,4,0,907,0,0,0,540,540,99999,0,0,4,0.108,58.32,0.5,0.4,1,1
333,0,5,0,592,0,0,0,36,36,99999,0,0,5,0.628,22.608,0.5,0.4,1,1
333,0,6,0,631,0,0,0,24,24,99999,0,0,6,0.895,21.48,0.5,0.4,1,1
333,0,7,0,609,0,0,0,40,40,99999,0,0,7,1.16,46.4,0.5,0.4,1,1
333,0,8,0,844,0,0,0,12,12,99999,0,0,8,0.504,6.048,0.5,0.4,1,1
333,0,9,0,864,0,0,0,24,24,99999,0,0,9,0.434,10.416,0.5,0.4,1,1
334,0,0,0,933,0,0,0,144,144,99999,0,0,0,0.469,67.536,0.5,0.4,2,2
334,0,1,0,874,0,0,0,64,64,99999,0,0,1,0.173,11.072,0.5,0.4,4,4
334,0,2,0,828,0,0,0,24,24,99999,0,0,2,0.34,8.16,0.5,0.4,2,2
334,0,3,0,708,0,0,0,12,12,99999,0,0,3,0.324,3.888,0.5,0.4,2,2
334,0,4,0,742,0,0,0,48,48,99999,0,0,4,0.243,11.664,0.5,0.4,2,2
334,0,5,0,878,0,0,0,18,18,99999,0,0,5,0.567,10.206,0.5,0.4,1,1
334,0,6,0,652,0,0,0,144,144,99999,0,0,6,0.277,39.888,0.5,0.4,1,1
334,0,7,0,593,0,0,0,72,72,99999,0,0,7,0.685,49.32,0.5,0.4,1,1
334,0,8,0,654,0,0,0,24,24,99999,0,0,8,0.213,5.112,0.5,0.4,2,2
334,0,9,0,848,0,0,0,144,144,99999,0,0,9,0.104,14.976,0.5,0.4,4,4
335,0,0,0,632,0,0,0,24,24,99999,0,0,0,1.008,24.192,0.5,0.4,1,1
335,0,1,0,936,0,0,0,24,24,99999,0,0,1,1.046,25.104,0.5,0.4,2,2
335,0,2,0,783,0,0,0,80,80,99999,0,0,2,0.12,9.6,0.5,0.4,3,3
335,0,3,0,900,0,0,0,48,48,99999,0,0,3,0.534,25.632,0.5,0.4,1,1
335,0,4,0,707,0,0,0,8,8,99999,0,0,4,0.465,3.72,0.5,0.4,2,2
335,0,5,0,638,0,0,0,48,48,99999,0,0,5,0.264,12.672,0.5,0.4,2,2
335,0,6,0,859,0,0,0,48,48,99999,0,0,6,0.181,8.688,0.5,0.4,1,1
335,0,7,0,614,0,0,0,48,48,99999,0,0,7,0.079,3.792,0.5,0.4,2,2
335,0,8,0,812,0,0,0,48,48,99999,0,0,8,0.25,12.0,0.5,0.4,1,1
335,0,9,0,636,0,0,0,24,24,99999,0,0,9,1.005,24.12,0.5,0.4,1,1
336,0,0,0,837,0,0,0,24,24,99999,0,0,0,0.4,9.6,0.5,0.4,1,1
336,0,1,0,728,0,0,0,20,20,99999,0,0,1,0.41,8.2,0.5,0.4,1,1
336,0,2,0,906,0,0,0,192,192,99999,0,0,2,0.18,34.56,0.5,0.4,1,1
336,0,3,0,649,0,0,0,192,192,99999,0,0,3,0.137,26.304,0.5,0.4,2,2
336,0,4,0,819,0,0,0,12,12,99999,0,0,4,2.84,34.08,0.5,0.4,1,1
336,0,5,0,787,0,0,0,24,24,99999,0,0,5,0.4,9.6,0.5,0.4,2,2
336,0,6,0,765,0,0,0,24,24,99999,0,0,6,0.658,15.792,0.5,0.4,1,1
336,0,7,0,918,0,0,0,12,12,99999,0,0,7,3.5,42.0,0.5,0.4,1,1
336,0,8,0,659,0,0,0,48,48,99999,0,0,8,0.163,7.824,0.5,0.4,3,3
336,0,9,0,644,0,0,0,48,48,99999,0,0,9,0.9,43.2,0.5,0.4,2,2
337,0,0,0,600,0,0,0,48,48,99999,0,0,0,0.856,41.088,0.5,0.4,1,1
337,0,1,0,591,0,0,0,12,12,99999,0,0,1,1.192,14.304,0.5,0.4,1,1
337,0,2,0,634,0,0,0,24,24,99999,0,0,2,1.008,24.192,0.5,0.4,1,1
337,0,3,0,658,0,0,0,72,72,99999,0,0,3,0.092,6.624,0.5,0.4,3,3
337,0,4,0,808,0,0,0,16,16,99999,0,0,4,0.5,8.0,0.5,0.4,3,3
337,0,5,0,845,0,0,0,12,12,99999,0,0,5,0.504,6.048,0.5,0.4,1,1
337,0,6,0,641,0,0,0,48,48,99999,0,0,6,0.583,27.984,0.5,0.4,2,2
337,0,7,0,965,0,0,0,600,600,99999,0,0,7,0.1,60.0,0.5,0.4,3,3
337,0,8,0,647,0,0,0,96,96,99999,0,0,8,0.195,18.72,0.5,0.4,4,4
337,0,9,0,781,0,0,0,80,80,99999,0,0,9,0.104,8.32,0.5,0.4,2,2
338,0,0,0,639,0,0,0,288,288,99999,0,0,0,0.141,40.608,0.5,0.4,9,9
338,0,1,0,932,0,0,0,96,96,99999,0,0,1,0.409,39.264,0.5,0.4,4,4
338,0,2,0,736,0,0,0,20,20,99999,0,0,2,0.261,5.22,0.5,0.4,2,2
338,0,3,0,798,0,0,0,48,48,99999,0,0,3,0.461,22.128,0.5,0.4,2,2
338,0,4,0,718,0,0,0,56,56,99999,0,0,4,0.193,10.808,0.5,0.4,2,2
338,0,5,0,594,0,0,0,48,48,99999,0,0,5,0.46,22.08,0.5,0.4,5,5
338,0,6,0,902,0,0,0,96,96,99999,0,0,6,0.669,64.224,0.5,0.4,3,3
338,0,7,0,784,0,0,0,270,270,99999,0,0,7,0.119,32.13,0.5,0.4,3,3
338,0,8,0,924,0,0,0,48,48,99999,0,0,8,1.179,56.592,0.5,0.4,2,2
338,0,9,0,815,0,0,0,40,40,99999,0,0,9,0.424,16.96,0.5,0.4,3,3
339,0,0,0,770,0,0,0,96,96,99999,0,0,0,0.139,13.344,0.5,0.4,2,2
339,0,1,0,648,0,0,0,96,96,99999,0,0,1,0.195,18.72,0.5,0.4,3,3
339,0,2,0,905,0,0,0,48,48,99999,0,0,2,0.598,28.704,0.5,0.4,2,2
339,0,3,0,749,0,0,0,32,32,99999,0,0,3,0.26,8.32,0.5,0.4,3,3
339,0,4,0,733,0,0,0,24,24,99999,0,0,4,0.25,6.0,0.5,0.4,3,3
339,0,5,0,656,0,0,0,72,72,99999,0,0,5,0.108,7.776,0.5,0.4,2,2
339,0,6,0,771,0,0,0,24,24,99999,0,0,6,0.308,7.392,0.5,0.4,1,1
339,0,7,0,807,0,0,0,72,72,99999,0,0,7,0.483,34.776,0.5,0.4,3,3
339,0,8,0,792,0,0,0,30,30,99999,0,0,8,0.198,5.94,0.5,0.4,3,3
339,0,9,0,737,0,0,0,24,24,99999,0,0,9,0.309,7.416,0.5,0.4,2,2
340,0,0,0,706,0,0,0,12,12,99999,0,0,0,0.403,4.836,0.5,0.4,2,2
340,0,1,0,795,0,0,0,40,40,99999,0,0,1,0.191,7.64,0.5,0.4,2,2
340,0,2,0,835,0,0,0,24,24,99999,0,0,2,0.316,7.584,0.5,0.4,1,1
340,0,3,0,646,0,0,0,36,36,99999,0,0,3,0.118,4.248,0.5,0.4,4,4
340,0,4,0,809,0,0,0,16,16,99999,0,0,4,0.463,7.408,0.5,0.4,2,2
340,0,5,0,685,0,0,0,24,24,99999,0,0,5,0.293,7.032,0.5,0.4,3,3
340,0,6,0,751,0,0,0,48,48,99999,0,0,6,0.321,15.408,0.5,0.4,2,2
340,0,7,0,921,0,0,0,48,48,99999,0,0,7,0.946,45.408,0.5,0.4,2,2
340,0,8,0,731,0,0,0,48,48,99999,0,0,8,0.178,8.544,0.5,0.4,2,2
340,0,9,0,901,0,0,0,48,48,99999,0,0,9,0.533,25.584,0.5,0.4,2,2
341,0,0,0,970,0,0,0,90,90,99999,0,0,0,0.507,45.63,0.5,0.4,2,2
341,0,1,0,613,0,0,0,48,48,99999,0,0,1,0.261,12.528,0.5,0.4,2,2
341,0,2,0,823,0,0,0,96,96,99999,0,0,2,0.682,65.472,0.5,0.4,2,2
341,0,3,0,875,0,0,0,12,12,99999,0,0,3,1.362,16.344,0.5,0.4,2,2
341,0,4,0,895,0,0,0,192,192,99999,0,0,4,0.066,12.672,0.5,0.4,2,2
341,0,5,0,616,0,0,0,8,8,99999,0,0,5,4.53,36.24,0.5,0.4,1,1
341,0,6,0,818,0,0,0,48,48,99999,0,0,6,0.188,9.024,0.5,0.4,2,2
341,0,7,0,602,0,0,0,72,72,99999,0,0,7,0.333,23.976,0.5,0.4,2,2
341,0,8,0,935,0,0,0,36,36,99999,0,0,8,0.432,15.552,0.5,0.4,2,2
341,0,9,0,601,0,0,0,90,90,99999,0,0,9,0.16,14.4,0.5,0.4,2,2
342,0,0,0,687,0,0,0,24,24,99999,0,0,0,0.185,4.44,0.5,0.4,2,2
342,0,1,0,791,0,0,0,96,96,99999,0,0,1,0.26,24.96,0.5,0.4,3,3
342,0,2,0,946,0,0,0,288,288,99999,0,0,2,0.158,45.504,0.5,0.4,3,3
342,0,3,0,740,0,0,0,24,24,99999,0,0,3,0.234,5.616,0.5,0.4,6,6
342,0,4,0,973,0,0,0,48,48,99999,0,0,4,0.506,24.288,0.5,0.4,3,3
342,0,5,0,899,0,0,0,192,192,99999,0,0,5,0.053,10.176,0.5,0.4,3,3
342,0,6,0,811,0,0,0,24,24,99999,0,0,6,0.432,10.368,0.5,0.4,2,2
342,0,7,0,768,0,0,0,80,80,99999,0,0,7,0.242,19.36,0.5,0.4,2,2
342,0,8,0,817,0,0,0,96,96,99999,0,0,8,0.43,41.28,0.5,0.4,3,3
342,0,9,0,790,0,0,0,48,48,99999,0,0,9,0.207,9.936,0.5,0.4,3,3
343,0,0,0,802,0,0,0,96,96,99999,0,0,0,0.172,16.512,0.5,0.4,2,2
343,0,1,0,684,0,0,0,80,80,99999,0,0,1,0.15,12.0,0.5,0.4,6,6
343,0,2,0,637,0,0,0,24,24,99999,0,0,2,0.892,21.408,0.5,0.4,3,3
343,0,3,0,697,0,0,0,24,24,99999,0,0,3,0.13,3.12,0.5,0.4,3,3
343,0,4,0,898,0,0,0,192,192,99999,0,0,4,0.056,10.752,0.5,0.4,6,6
343,0,5,0,816,0,0,0,36,36,99999,0,0,5,0.464,16.704,0.5,0.4,3,3
343,0,6,0,655,0,0,0,96,96,99999,0,0,6,0.108,10.368,0.5,0.4,9,9
343,0,7,0,896,0,0,0,192,192,99999,0,0,7,0.05,9.6,0.5,0.4,4,4
343,0,8,0,903,0,0,0,144,144,99999,0,0,8,0.358,51.552,0.5,0.4,2,2
343,0,9,0,826,0,0,0,18,18,99999,0,0,9,0.504,9.072,0.5,0.4,3,3
344,0,0,0,897,0,0,0,192,192,99999,0,0,0,0.07,13.44,0.5,0.4,10,10
344,0,1,0,834,0,0,0,24,24,99999,0,0,1,0.541,12.984,0.5,0.4,3,3
344,0,2,0,651,0,0,0,48,48,99999,0,0,2,0.394,18.912,0.5,0.4,2,2
344,0,3,0,838,0,0,0,15,15,99999,0,0,3,0.26,3.9,0.5,0.4,3,3
344,0,4,0,242,0,0,0,75,75,99999,0,0,4,0.2,15.0,0.6,0.5,7,4
344,0,5,0,192,0,0,0,2000,2000,99999,0,0,5,0.1,200.0,0.6,0.5,1,1
344,0,6,0,179,0,0,0,240,240,99999,0,0,6,0.183,43.92,0.6,0.5,1,1
344,0,7,0,173,0,0,0,144,144,99999,0,0,7,0.14,20.16,0.6,0.5,1,1
344,0,8,0,74,0,0,0,24,24,99999,0,0,8,1.76,42.24,0.6,0.5,1,1
344,0,9,0,54,0,0,0,304,304,99999,0,0,9,0.068,20.672,0.6,0.5,1,1
