item_code,mean_demand,std_demand,cv_demand,nonzero_periods,T,demand_frequency,item_name,box_length,box_width,box_height,box_volume,box_weight,number_of_item_in_a_box,item_volume,item_unit,item_order_frequency,item_relative_importance,item_quantity_order_mean,item_quantity_order_std,item_quantity_order_total,item_quantity_order_unique,item_quantity_order_unique_frequency,item_class,item_initial_quantity_inventory,initial_unit_inventory,initial_box_inventory,max_affinity,cluster
11061055001,0.1904761904761904,0.511766315719159,2.6867731575255847,3,21,0.1428571428571428,百利多用途細緻菜瓜布海棉,42.0,38.0,30.0,47880.0,1.67,24.0,1995.0,PCS,4.0,0.9817569707171548,1.0,0.0,4,[1],[4],C,1,0.76,1,1.6691983546479605e-05,0
12000480001,0.2857142857142857,0.6436503043467892,2.2527760652137623,4,21,0.1904761904761904,潘婷水潤滋養洗髮乳700ml,29.0,17.0,25.0,12325.0,4.93,6.0,2054.2,PCS,6.0,0.9705171580473658,1.0,0.0,6,[1],[6],C,1,1.14,1,3.338396709295921e-05,0
14130044001,0.5714285714285714,1.164964745021435,2.0386883037875116,5,21,0.238095238095238,奧利奧捲心酥-草莓口味,51.0,33.0,21.0,35343.0,4.792,12.0,2945.3,PCS,12.0,0.9355477408709856,1.0,0.0,12,[1],[12],C,1,2.29,1,6.676793418591842e-05,0
14631023001,0.4761904761904761,0.7496030695673289,1.574166446091391,8,21,0.3809523809523809,李錦記蒜蓉辣椒醬368g,30.0,22.0,12.0,7920.0,7.144,12.0,660.0,PCS,9.0,0.9555707404876586,1.111,0.333,10,"[1, 2]","[8, 1]",C,2,1.9,1,5.007594882044941e-05,1
12000191001,0.3809523809523809,0.8047478161629565,2.112463017427761,5,21,0.238095238095238,ES輕甜花語奢華香水洗髮精 輕甜花語洗髮精,29.0,22.0,28.0,17864.0,8.39,12.0,1488.7,PCS,6.0,0.9703771603806604,1.333,0.816,8,"[1, 3]","[5, 1]",C,3,1.52,1,3.338396709295921e-05,0
14213008001,0.3333333333333333,0.7302967433402214,2.1908902300206643,5,21,0.238095238095238,口福不淺水果脆片,34.0,27.0,18.0,16524.0,0.93,12.0,1377.0,PCS,6.0,0.972597123381277,1.167,0.408,7,"[1, 2]","[5, 1]",C,2,1.33,1,5.007594882044941e-05,0
14611009001,0.3333333333333333,0.6582805886043833,1.97484176581315,5,21,0.238095238095238,福壽100％純葵花油2L,35.0,25.0,29.0,25375.0,12.03,6.0,4229.2,PCS,6.0,0.9737371043815936,1.167,0.408,7,"[1, 2]","[5, 1]",C,2,1.33,1,3.338396709295921e-05,0
12100054001,0.3333333333333333,0.7302967433402214,2.1908902300206643,4,21,0.1904761904761904,Crest專業鑽白牙膏-鑽亮炫白,27.0,22.0,11.0,6534.0,2.19,12.0,544.5,PCS,4.0,0.98354360760654,1.75,0.5,7,"[1, 2]","[1, 3]",C,3,1.33,1,1.6691983546479605e-05,0
12122012001,2.857142857142857,6.397544171678022,2.2391404600873077,5,21,0.238095238095238,蘇菲極緻柔感日用超薄衛生棉,43.0,37.0,28.0,44548.0,4.02,24.0,1856.2,PCS,6.0,0.9717171380476992,7.5,4.243,60,"[3, 6, 9, 12, 15]","[2, 3, 1, 1, 1]",C,15,11.43,1,3.338396709295921e-05,0
14225933001,0.3809523809523809,0.6690433824641326,1.7562388789683483,6,21,0.2857142857142857,HALLS XS無糖迷你薄荷糖酷爽薄荷量販包,24.0,15.0,17.0,6120.0,2.0,36.0,170.0,PCS,6.0,0.972697121714638,1.333,0.516,8,"[1, 2]","[4, 2]",C,2,1.52,1,3.338396709295921e-05,0
41530017001,0.1428571428571428,0.358568582800318,2.5099800796022267,3,21,0.1428571428571428,SDL山多力 SL-VF07 7吋空氣循環扇,22.0,22.0,31.0,15004.0,2.28,1.0,15004.0,PCS,3.0,0.9921301311644806,1.0,0.0,3,[1],[3],C,1,0.57,1,0.0,0
14010897001,0.1428571428571428,0.3585685828003181,2.509980079602227,3,21,0.1428571428571428,一口脆黑胡椒鬆餅,64.0,41.0,37.0,97088.0,5.0,12.0,8090.7,PCS,3.0,0.9903901601639972,1.0,0.0,3,[1],[3],C,1,0.57,1,3.338396709295921e-05,0
14330899001,0.6190476190476191,1.0712698295103096,1.730512801516654,7,21,0.3333333333333333,紅牛全脂牛奶粉2.3kg,60.0,41.0,23.0,56580.0,17.41,6.0,9430.0,PCS,9.0,0.9547307544874252,1.444,0.726,13,"[1, 2, 3]","[6, 2, 1]",C,3,2.48,1,1.6691983546479605e-05,1
14313004001,0.3333333333333333,0.7958224257542215,2.3874672772626644,4,21,0.1904761904761904,星巴克焦糖瑪奇朵咖啡膠囊,18.0,12.0,8.0,1966.0,0.1,1.0,1965.63,PCS,5.0,0.9791470142164296,1.4,0.894,7,"[1, 3]","[4, 1]",C,3,1.33,2,5.007594882044941e-05,0
12327056001,3.4285714285714284,8.605645987207634,2.5099800796022267,3,21,0.1428571428571428,桂格完膳營養素均衡營養,41.0,28.0,10.0,11480.0,7.7,24.0,478.3,PCS,3.0,0.9903301611639806,24.0,0.0,72,[24],[3],C,24,13.71,1,1.6691983546479605e-05,0
14621028001,6.285714285714286,9.7629035493692,1.553189201036009,8,21,0.3809523809523809,民生壺底油精 70g,47.0,25.0,16.0,18800.0,27.3,72.0,261.1,PCS,11.0,0.9435476075398744,12.0,6.0,132,"[6, 12, 18, 24]","[4, 4, 2, 1]",C,19,25.14,1,5.007594882044941e-05,1
14840021001,1.4285714285714286,2.4407258873423,1.70850812113961,6,21,0.2857142857142857,健康廚房-花生麵筋170g,29.0,22.0,10.0,6380.0,4.3,12.0,531.7,PCS,7.0,0.9682738621022984,4.286,1.604,30,"[3, 6]","[4, 3]",C,6,5.71,1,3.338396709295921e-05,0
11110056001,0.2857142857142857,0.5606119105813882,1.9621416870348587,5,21,0.238095238095238,蘭諾芳香豆Hebe限定組(清晨草木),36.0,26.0,25.0,23400.0,4.59,6.0,3900.0,PCS,5.0,0.9761137314378092,1.2,0.447,6,"[1, 2]","[4, 1]",C,2,1.14,1,1.6691983546479605e-05,0
12151073001,0.1428571428571428,0.358568582800318,2.5099800796022267,3,21,0.1428571428571428,博寶兒護敏沐浴露 博寶兒沐浴露,34.0,22.0,24.0,17952.0,7.51,12.0,1496.0,PCS,3.0,0.9901201646639224,1.0,0.0,3,[1],[3],C,1,0.57,1,1.6691983546479605e-05,0
14352093001,0.3809523809523809,0.6690433824641326,1.7562388789683483,6,21,0.2857142857142857,桂格穀添樂綜合堅果脆穀300g,51.0,24.0,24.0,29376.0,4.6,12.0,2448.0,PCS,6.0,0.9733371110481492,1.333,0.516,8,"[1, 2]","[4, 2]",C,2,1.52,1,5.007594882044941e-05,0
31250003001,0.1904761904761904,0.4023739080814782,2.112463017427761,4,21,0.1904761904761904,西式塑膠湯匙,25.0,17.0,21.0,8925.0,1.0,24.0,371.9,PCS,4.0,0.9865702238296028,1.0,0.0,4,[1],[4],C,1,0.76,1,5.007594882044941e-05,0
14303039001,0.2857142857142857,0.4629100498862757,1.620185174601965,6,21,0.2857142857142857,立頓絕品醇日式抹茶歐蕾,41.0,28.0,25.0,28700.0,4.4,12.0,2391.7,PCS,6.0,0.972957117381377,1.0,0.0,6,[1],[6],C,1,1.14,1,6.676793418591842e-05,1
11050049001,0.4761904761904761,0.6796357567879738,1.4272350892547452,8,21,0.3809523809523809,家福ECO環保無香氛洗碗精,33.0,18.0,22.0,13068.0,8.48,12.0,1089.0,PCS,9.0,0.9515208079865336,1.111,0.333,10,"[1, 2]","[8, 1]",C,2,1.9,1,3.338396709295921e-05,1
14506254001,0.1428571428571428,0.358568582800318,2.5099800796022267,3,21,0.1428571428571428,中農錦州美食松花刀削麵600g,40.0,41.0,29.0,47560.0,9.2,12.0,3963.3,PCS,3.0,0.9910601489975168,1.0,0.0,3,[1],[3],C,1,0.57,1,1.6691983546479605e-05,0
12011032001,0.238095238095238,0.5389584311207967,2.263625410707346,4,21,0.1904761904761904,牛乳石鹼精華沐浴乳補充包柚子 牛乳補柚子果香,40.0,19.0,24.0,18240.0,7.084,16.0,1140.0,PCS,5.0,0.9767303878268696,1.0,0.0,5,[1],[5],C,1,0.95,1,5.007594882044941e-05,0
14342010001,0.4761904761904761,0.8135752957807666,1.70850812113961,7,21,0.3333333333333333,好時巧克力醬,34.0,24.0,24.0,19584.0,9.34,12.0,1632.0,PCS,9.0,0.9548507524874584,1.0,0.0,10,[1],[10],C,2,1.9,1,3.338396709295921e-05,1
12010254001,1.7142857142857142,4.302822993603817,2.5099800796022267,4,21,0.1904761904761904,綠的藥皂-消毒殺菌味,41.0,26.0,32.0,34112.0,14.56,144.0,236.9,PCS,4.0,0.982890285161914,9.0,6.0,36,"[6, 18]","[3, 1]",C,16,6.86,1,1.6691983546479605e-05,0
12000100001,0.4761904761904761,1.077916862241593,2.263625410707346,4,21,0.1904761904761904,芙夏妮水水亮澤洗髮露-微涼控油型,39.0,21.0,24.0,19656.0,8.14,12.0,1638.0,PCS,5.0,0.9762470625489575,2.0,0.0,10,[2],[5],C,2,1.9,1,5.007594882044941e-05,0
12020225001,1.4285714285714286,2.2928460168844436,1.6049922118191104,8,21,0.3809523809523809,森田藥炭深層控油洗面乳,26.0,17.0,19.0,8398.0,2.2,12.0,699.8,PCS,14.0,0.9225546240895984,2.143,0.535,30,"[2, 4]","[13, 1]",C,3,5.71,1,3.338396709295921e-05,1
14620138001,0.238095238095238,0.5389584311207967,2.263625410707346,4,21,0.1904761904761904,萬家香大吟釀甘露醬油1500ml,32.0,23.0,17.0,12512.0,11.73,6.0,2085.3,PCS,5.0,0.979897001716638,1.0,0.0,5,[1],[5],C,1,0.95,1,1.6691983546479605e-05,0
14620920001,0.6666666666666666,1.2382783747337809,1.857417562100671,7,21,0.3333333333333333,萬家香丸大豆醬油450ml,33.0,25.0,19.0,15675.0,10.75,12.0,1306.3,PCS,8.0,0.9620706321561308,1.75,1.165,14,"[1, 2, 3, 4]","[5, 1, 1, 1]",C,3,2.67,1,3.338396709295921e-05,1
31455002001,0.5238095238095238,0.8135752957807666,1.5531892010360089,7,21,0.3333333333333333,妙潔萬用料理紙(小烤箱適用)22*7M,27.0,19.0,26.0,13338.0,2.8,24.0,555.8,PCS,8.0,0.9624706254895752,1.375,0.518,11,"[1, 2]","[5, 3]",C,2,2.1,1,3.338396709295921e-05,1
14604041001,0.3333333333333333,0.4830458915396479,1.449137674618944,7,21,0.3333333333333333,小磨坊羅勒葉8g,13.0,8.0,11.0,1144.0,0.65,6.0,190.7,PCS,7.0,0.9675505408243196,1.0,0.0,7,[1],[7],C,1,1.33,1,5.007594882044941e-05,1
14210127001,0.6190476190476191,1.395571226279421,2.2543842886052188,4,21,0.1904761904761904,聯國葡萄乾,49.0,28.0,19.0,26068.0,8.52,12.0,2172.3,PCS,5.0,0.9786303561607308,2.6,1.517,13,"[1, 2, 3, 5]","[1, 2, 1, 1]",C,5,2.48,1,1.6691983546479605e-05,0
14506131001,0.4761904761904761,0.9283882603225668,1.9496153466773904,6,21,0.2857142857142857,福成粄條麵 1200g,54.0,36.0,29.0,56376.0,15.98,12.0,4698.0,PCS,8.0,0.9613773103781604,1.25,0.463,10,"[1, 2]","[6, 2]",C,2,1.9,1,3.338396709295921e-05,0
14311066001,0.1904761904761904,0.511766315719159,2.6867731575255847,3,21,0.1428571428571428,貝納頌冷熱萃浸泡咖啡-果香綜合8g X10,51.0,24.0,22.0,26928.0,1.9,12.0,2244.0,PCS,4.0,0.985050249162514,1.0,0.0,4,[1],[4],C,1,0.76,1,1.6691983546479605e-05,0
14340002001,0.3333333333333333,0.6582805886043832,1.9748417658131496,5,21,0.238095238095238,盛美家草莓果醬-340g,27.0,20.0,13.0,7020.0,6.34,12.0,585.0,PCS,7.0,0.9668972183796936,1.0,0.0,7,[1],[7],C,1,1.33,1,3.338396709295921e-05,0
61062008002,0.8095238095238095,1.9395630337539331,2.3959308064019176,4,21,0.1904761904761904,宜而爽新舒棉三角褲,26.0,13.0,18.0,6084.0,1.0,12.0,507.0,PCS,4.0,0.9870502158297362,3.4,1.949,17,"[1, 2, 4, 6]","[1, 1, 2, 1]",C,7,3.24,1,1.6691983546479605e-05,0
14133930001,0.238095238095238,0.5389584311207967,2.263625410707346,4,21,0.1904761904761904,興麥原味蛋捲袋裝,47.0,44.0,26.0,53768.0,6.1,18.0,2987.1,PCS,4.0,0.9846769220512992,1.25,0.5,5,"[1, 2]","[3, 1]",C,2,0.95,1,5.007594882044941e-05,0
11110045001,0.1904761904761904,0.511766315719159,2.6867731575255847,3,21,0.1428571428571428,家福Horizon日本櫻桃花濃縮柔軟精,33.0,24.0,26.0,20592.0,12.91,8.0,2574.0,PCS,3.0,0.9881701971633806,1.333,0.577,4,"[1, 2]","[2, 1]",C,2,0.76,1,1.6691983546479605e-05,0
12005082003,0.238095238095238,0.6248809410409238,2.62449995237188,3,21,0.1428571428571428,宣若EX染髮霜 淺栗棕,20.0,8.0,19.0,3040.0,0.6,3.0,1013.3,PCS,4.0,0.982743620939651,1.25,0.5,5,"[1, 2]","[3, 1]",C,2,0.95,1,1.6691983546479605e-05,0
11022034001,0.7619047619047619,1.091089451179962,1.4320549046737003,9,21,0.4285714285714285,浴室魔術靈除霉漂潔替換瓶,36.0,32.0,24.0,27648.0,11.3,18.0,1536.0,PCS,10.0,0.9453042449292512,1.6,0.843,16,"[1, 2, 3]","[6, 2, 2]",C,3,3.05,1,3.338396709295921e-05,1
12000028001,0.4761904761904761,0.8135752957807666,1.70850812113961,7,21,0.3333333333333333,花王植萃弱酸洗髮精長效潔味型,42.0,23.0,26.0,25116.0,10.74,12.0,2093.0,PCS,9.0,0.9523307944867584,1.111,0.333,10,"[1, 2]","[8, 1]",C,2,1.9,1,3.338396709295921e-05,1
12002948001,0.3809523809523809,1.023532631438318,2.6867731575255847,3,21,0.1428571428571428,瑪宣妮莓果珍珠潤髮乳-蓬鬆感,27.0,20.0,22.0,11880.0,5.0,9.0,1320.0,PCS,4.0,0.9826369560507324,2.0,0.0,8,[2],[4],C,2,1.52,1,1.6691983546479605e-05,0
14352098001,0.6190476190476191,1.1608699529314417,1.8752514624277137,6,21,0.2857142857142857,家福草莓杏仁香榖脆片500g,40.0,20.0,26.0,20800.0,3.97,7.0,2971.4,PCS,12.0,0.9365877235379412,1.0,0.0,13,[1],[13],C,2,2.48,1,5.007594882044941e-05,0
11103115001,0.5238095238095238,1.077916862241593,2.0578412824612236,5,21,0.238095238095238,白蘭濃縮洗衣精陽光馨香2.7kg,46.0,22.0,33.0,33396.0,12.17,4.0,8349.0,PCS,6.0,0.9700371660472326,1.833,1.169,11,"[1, 2, 4]","[3, 2, 1]",C,4,2.1,1,1.6691983546479605e-05,0
31707076001,0.3809523809523809,0.7400128699009549,1.9425337834900067,6,21,0.2857142857142857,3M掛鉤替換膠條-中17021,27.0,22.0,22.0,13068.0,0.79,36.0,363.0,PCS,7.0,0.9687638539357676,1.143,0.378,8,"[1, 2]","[6, 1]",C,2,1.52,1,3.338396709295921e-05,0
11050078001,0.6190476190476191,0.8646496675642961,1.396741770680786,9,21,0.4285714285714285,Pril淨麗小蘇打洗碗精補充草本,38.0,22.0,25.0,20900.0,11.6,10.0,2090.0,PCS,11.0,0.939221012983117,1.182,0.405,13,"[1, 2]","[9, 2]",C,2,2.48,1,6.676793418591842e-05,1
14243106001,0.1904761904761904,0.4023739080814782,2.112463017427761,4,21,0.1904761904761904,盛香珍無調味核桃仁,30.0,23.0,10.0,6900.0,1.8,10.0,690.0,PCS,4.0,0.9848769187180214,1.0,0.0,4,[1],[4],C,1,0.76,1,1.6691983546479605e-05,0
12000260001,0.2857142857142857,0.5606119105813882,1.9621416870348587,5,21,0.238095238095238,澳潔蕬檸檬香桃木控油洗髮精500ML 澳潔蕬檸檬洗,23.0,16.0,23.0,8464.0,3.45,6.0,1410.7,PCS,6.0,0.9704171597140048,1.0,0.0,6,[1],[6],C,1,1.14,1,3.338396709295921e-05,0
11050073001,0.1428571428571428,0.4780914437337574,3.346640106136302,2,21,0.0952380952380952,白雪洗碗精,41.0,24.0,26.0,25584.0,13.081,12.0,2132.0,PCS,2.0,0.9927234546090898,1.5,0.707,3,"[1, 2]","[1, 1]",C,3,0.57,1,1.6691983546479605e-05,0
12001067001,0.1428571428571428,0.4780914437337574,3.3466401061363023,2,21,0.0952380952380952,Alpecin咖啡因頭髮液 咖啡因頭髮液,29.0,7.0,16.0,3248.0,1.56,6.0,541.3,PCS,2.0,0.9933767770537156,1.5,0.707,3,"[1, 2]","[1, 1]",C,3,0.57,1,3.338396709295921e-05,0
14500028001,1.0952380952380951,1.220850601210562,1.1146896793661651,11,21,0.5238095238095238,日村雞絲麵--海鮮口味300g,51.0,40.0,31.0,63240.0,6.05,12.0,5270.0,PCS,19.0,0.8988850185830236,1.211,0.419,23,"[1, 2]","[15, 4]",C,2,4.38,1,6.676793418591842e-05,1
14313008001,0.2857142857142857,0.7837638128197258,2.7431733448690405,3,21,0.1428571428571428,星巴克黃金烘焙義式濃縮咖啡膠囊,18.0,12.0,8.0,1966.0,0.1,1.0,1965.63,PCS,3.0,0.990830152830786,2.0,1.0,6,"[1, 2, 3]","[1, 1, 1]",C,4,1.14,2,1.6691983546479605e-05,0
12000146001,0.0952380952380952,0.3007926037591191,3.158322339470751,2,21,0.0952380952380952,飛柔橄欖油柔潤洗髮乳1000毫升,26.0,22.0,23.0,13156.0,6.98,6.0,2192.7,PCS,2.0,0.9932101131647806,1.0,0.0,2,[1],[2],C,1,0.38,1,1.6691983546479605e-05,0
14504042001,0.7619047619047619,1.220850601210562,1.6023664140888627,9,21,0.4285714285714285,福慧當歸口味素絲麵300g,54.0,38.0,25.0,51300.0,5.21,12.0,4275.0,PCS,11.0,0.9429242845952568,1.455,0.522,16,"[1, 2]","[6, 5]",C,2,3.05,1,5.007594882044941e-05,1
14631100001,0.3809523809523809,1.1169686869465263,2.9320428032346317,4,21,0.1904761904761904,陶華碧老干媽豆鼓油制辣椒210g,29.0,22.0,15.0,9570.0,5.31,12.0,797.5,PCS,4.0,0.9860902318294696,2.0,2.0,8,"[1, 5]","[3, 1]",C,5,1.52,1,1.6691983546479605e-05,0
14311093001,0.4285714285714285,1.121223821162776,2.6161889160464775,5,21,0.238095238095238,伯朗咖啡藍山風味,33.0,25.0,23.0,18975.0,3.51,6.0,3162.5,PCS,8.0,0.9609506508224864,1.125,0.354,9,"[1, 2]","[7, 1]",C,2,1.71,1,3.338396709295921e-05,0
14243111001,0.1428571428571428,0.4780914437337574,3.346640106136302,2,21,0.0952380952380952,萬歲牌酥脆雙果,39.0,30.0,17.0,19890.0,4.4,12.0,1657.5,PCS,2.0,0.9955300744987584,1.5,0.707,3,"[1, 2]","[1, 1]",C,3,0.57,1,1.6691983546479605e-05,0
14243110001,0.3333333333333333,0.966091783079296,2.898275349237888,3,21,0.1428571428571428,萬歲牌香蒜杏仁果,39.0,30.0,17.0,19890.0,4.4,12.0,1657.5,PCS,3.0,0.9906901551640804,2.333,1.528,7,"[1, 2, 4]","[1, 1, 1]",C,4,1.33,1,1.6691983546479605e-05,0
42301034001,0.1428571428571428,0.4780914437337574,3.346640106136302,2,21,0.0952380952380952,Aurora DT3945桌上型全功能計,24.0,14.0,4.0,1344.0,0.172,1.0,1344.0,PCS,2.0,0.9968500524991252,1.5,0.707,3,"[1, 2]","[1, 1]",C,3,0.57,1,1.6691983546479605e-05,0
14634027001,1.380952380952381,1.9098740920854045,1.383012273579086,10,21,0.4761904761904761,金蘭烤肉醬 240g,29.0,23.0,13.0,8671.0,5.63,12.0,722.6,PCS,14.0,0.9258212363127282,2.071,1.817,29,"[1, 2, 5, 6]","[9, 2, 2, 1]",C,4,5.52,1,5.007594882044941e-05,1
14506140001,3.619047619047619,5.200732549133732,1.4370445201553732,10,21,0.4761904761904761,農心爽口海鮮烏龍麵(包)120g,40.0,32.0,27.0,34560.0,5.54,32.0,1080.0,PCS,16.0,0.9137081048649188,4.75,1.612,76,"[4, 8]","[13, 3]",C,7,14.48,1,6.676793418591842e-05,1
14353013001,1.5714285714285714,2.6186146828319083,1.6663911618021234,10,21,0.4761904761904761,桂格濃湯燕麥-洋蔥起司風味,32.0,29.0,32.0,29696.0,4.08,12.0,2474.7,PCS,19.0,0.8988216863052283,1.65,1.461,33,"[1, 2, 3, 7]","[15, 1, 3, 1]",C,4,6.29,1,0.0001335358683718,1
14020961001,1.8571428571428572,1.8516401995451028,0.9970370305242862,13,21,0.6190476190476191,卡迪那全天然洋芋片鹽味175G,48.0,32.0,41.0,62976.0,3.89,12.0,5248.0,PCS,29.0,0.8521691305144914,1.3,0.702,39,"[1, 2, 3, 4]","[24, 4, 1, 1]",C,3,7.43,1,8.345991955138743e-05,1
31421041001,0.5238095238095238,1.4359334113755982,2.7413274217170507,4,21,0.1904761904761904,OP生物分解抗菌立體密封袋 L,50.0,48.0,31.0,74400.0,12.01,48.0,1550.0,PCS,4.0,0.9865968900518324,2.75,2.363,11,"[1, 3, 6]","[2, 1, 1]",C,6,2.1,1,3.338396709295921e-05,0
14111120001,1.238095238095238,1.7861904127153383,1.442692256423927,11,21,0.5238095238095238,家樂福堅果黑糖沙琪瑪,47.0,20.0,25.0,23500.0,2.91,12.0,1958.3,PCS,19.0,0.8975550407493208,1.3,1.129,26,"[1, 2, 6]","[18, 1, 1]",C,3,4.95,1,8.345991955138743e-05,1
11103203001,0.1428571428571428,0.4780914437337575,3.3466401061363027,2,21,0.0952380952380952,新3D無痕清新花園香洗衣膠球3倍大補充包白 洗衣球補充包,35.0,26.0,31.0,28210.0,7.01,8.0,3526.3,PCS,2.0,0.9930834486091898,1.5,0.707,3,"[1, 2]","[1, 1]",C,3,0.57,1,1.6691983546479605e-05,0
12323109001,0.0952380952380952,0.3007926037591192,3.158322339470752,2,21,0.0952380952380952,三多魚膠原蛋白C-盒裝28入 三多魚膠原蛋白,40.0,28.0,13.0,14560.0,1.95,6.0,2426.7,PCS,2.0,0.9952500791653472,1.0,0.0,2,[1],[2],C,1,0.38,1,1.6691983546479605e-05,0
14508903001,0.5714285714285714,0.9783367810436532,1.7120893668263937,8,21,0.3809523809523809,龍口特級炊粉 450g,55.0,35.0,39.0,75075.0,10.2,18.0,4170.8,PCS,9.0,0.9552407459875668,1.333,1.0,12,"[1, 4]","[8, 1]",C,3,2.29,1,5.007594882044941e-05,1
12110058001,0.0952380952380952,0.3007926037591191,3.158322339470751,2,21,0.0952380952380952,吉列威鋒三3層刮鬍刀架一刀頭 3層刮鬍刀架,21.0,9.0,21.0,3969.0,0.8,6.0,661.5,PCS,2.0,0.994950084165264,1.0,0.0,2,[1],[2],C,1,0.38,1,1.6691983546479605e-05,0
12112018001,0.7619047619047619,0.9436504599035548,1.2385412286234156,10,21,0.4761904761904761,吉列薄荷大鬍泡210g 薄荷鬍泡210g,23.0,17.0,19.0,7429.0,3.32,12.0,619.1,PCS,13.0,0.9288778520357994,1.231,0.599,16,"[1, 2, 3]","[11, 1, 1]",C,2,3.05,1,3.338396709295921e-05,1
11032003001,0.9047619047619048,1.13599128098599,1.2555693105634629,10,21,0.4761904761904761,妙管家集水袋除溼盒補充包,38.0,25.0,20.0,19000.0,8.22,12.0,1583.3,PCS,10.0,0.9455375743737604,1.9,0.876,19,"[1, 2, 4]","[3, 6, 1]",C,3,3.62,1,0.0001001518976408,1
12121109001,1.1428571428571428,1.6818357317441646,1.471606265276144,9,21,0.4285714285714285,好自在純肌透氣棉日用24cm16片X2,40.8,30.2,23.0,28339.68,2.56,12.0,2361.6,PCS,14.0,0.9228346194230096,1.714,0.469,24,"[1, 2]","[4, 10]",C,3,4.57,1,5.007594882044941e-05,1
12011220001,0.1904761904761904,0.6015852075182383,3.158322339470751,2,21,0.0952380952380952,麗仕水嫩柔膚沐浴乳補充包 水嫩柔膚,49.0,29.0,28.0,39788.0,8.6,12.0,3315.7,PCS,3.0,0.9889101848302528,1.333,0.577,4,"[1, 2]","[2, 1]",C,2,0.76,1,3.338396709295921e-05,0
14501007001,4.761904761904762,4.836370146140201,1.0156377306894422,13,21,0.6190476190476191,味王小館椒麻牛肉湯麵(包)91g,32.0,30.0,14.0,13440.0,2.5,24.0,560.0,PCS,21.0,0.8883785270245496,4.762,1.609,100,"[4, 8]","[17, 4]",C,7,19.05,1,8.345991955138743e-05,1
12011198001,0.3809523809523809,0.973457265430305,2.555325321754551,4,21,0.1904761904761904,Biore極緻精華油沐浴乳-紫丁香 紫丁香與風鈴草,31.0,23.0,22.0,15686.0,7.66,12.0,1307.2,PCS,4.0,0.9830902818286362,2.0,1.414,8,"[1, 2, 4]","[2, 1, 1]",C,4,1.52,1,3.338396709295921e-05,0
12000045001,1.0,1.0488088481701516,1.0488088481701516,13,21,0.6190476190476191,美吾髮白茶茉莉馨香洗髮露,43.0,23.0,25.0,24725.0,12.1,12.0,2060.4,PCS,20.0,0.8904251595806737,1.05,0.224,21,"[1, 2]","[19, 1]",C,2,4.0,1,6.676793418591842e-05,1
14851018001,0.7142857142857143,2.1010201603710787,2.9414282245195102,3,21,0.1428571428571428,家福超值貓乾糧(海鮮口味)1.5,57.0,24.0,28.0,38304.0,11.35,7.0,5472.0,PCS,3.0,0.9916301394976752,3.75,0.957,15,"[3, 4, 5]","[2, 1, 1]",C,6,2.86,1,5.007594882044941e-05,0
14730906001,0.2857142857142857,0.7837638128197258,2.7431733448690405,3,21,0.1428571428571428,家樂福素食海帶芽,41.0,32.0,19.0,24928.0,1.74,12.0,2077.3,PCS,3.0,0.9915201413309778,2.0,1.0,6,"[1, 2, 3]","[1, 1, 1]",C,4,1.14,1,1.6691983546479605e-05,0
14741003001,1.0,1.6733200530681511,1.6733200530681511,8,21,0.3809523809523809,日正寶島地瓜粉 (木薯粉),37.0,28.0,26.0,26936.0,12.548,12.0,2244.7,PCS,14.0,0.9259612339794336,1.5,1.092,21,"[1, 2, 5]","[10, 3, 1]",C,3,4.0,1,6.676793418591842e-05,1
31533309001,0.8095238095238095,1.600595127415038,1.9772057456303411,7,21,0.3333333333333333,多麼潔餐廚專用海綿菜瓜布4入,47.0,23.0,29.0,31349.0,2.1,24.0,1306.2,PCS,11.0,0.944720921317978,1.545,1.508,17,"[1, 2, 6]","[9, 1, 1]",C,4,3.24,1,1.6691983546479605e-05,0
12212003001,0.6666666666666666,1.9321835661585915,2.898275349237887,3,21,0.1428571428571428,家福嬰兒潔膚濕巾補充包,36.0,24.0,25.0,21600.0,10.6,16.0,1350.0,PCS,4.0,0.9843569273845436,3.5,1.0,14,"[2, 4]","[1, 3]",C,5,2.67,1,3.338396709295921e-05,0
14210108001,2.5714285714285716,2.9081167199998794,1.130934279999953,12,21,0.5714285714285714,果漾天然草莓乾,34.0,26.0,18.0,15912.0,2.4,20.0,795.6,PCS,20.0,0.8928917851369144,2.7,1.867,54,"[2, 4, 8]","[17, 1, 2]",C,5,10.29,1,5.007594882044941e-05,1
14523030001,0.8571428571428571,1.4589624493356332,1.7021228575582388,9,21,0.4285714285714285,職人料理川味辣雞,30.0,27.0,20.0,16200.0,6.41,12.0,1350.0,PCS,13.0,0.9315644739254346,1.286,0.469,18,"[1, 2]","[10, 4]",C,2,3.43,1,0.0001335358683718,1
14020956001,1.1904761904761905,1.8873009198071096,1.585332772637972,10,21,0.4761904761904761,卡滋格子脆-鹽之花風味,50.0,46.0,38.0,87400.0,3.72,8.0,10925.0,PCS,18.0,0.9024849585840236,1.316,1.157,25,"[1, 2, 6]","[17, 1, 1]",C,3,4.76,1,8.345991955138743e-05,1
32430039001,0.0952380952380952,0.3007926037591191,3.158322339470751,2,21,0.0952380952380952,3M Scotch 8克口紅膠,24.0,17.0,11.0,4488.0,1.5,24.0,187.0,PCS,2.0,0.9965167247212546,1.0,0.0,2,[1],[2],C,1,0.38,1,1.6691983546479605e-05,0
61062008001,0.3333333333333333,1.064581294844754,3.193743884534262,2,21,0.0952380952380952,宜而爽新舒棉三角褲,26.0,13.0,18.0,6084.0,1.0,12.0,507.0,PCS,2.0,0.9968700521657972,3.5,0.707,7,"[3, 4]","[1, 1]",C,5,1.33,1,1.6691983546479605e-05,0
14210058001,0.7142857142857143,1.419255337945119,1.9869574731231665,7,21,0.3333333333333333,家樂福番茄乾,36.0,21.0,19.0,14364.0,1.17,20.0,718.2,PCS,9.0,0.9541307644872584,1.667,0.866,15,"[1, 2, 3]","[5, 2, 2]",C,3,2.86,1,5.007594882044941e-05,0
11103179001,0.9523809523809524,1.395571226279421,1.4653497875933923,9,21,0.4285714285714285,橘子工坊五合一洗衣金球24顆,8.0,9.0,13.0,899.0,0.2,1.0,898.88,PCS,14.0,0.9219479675338744,1.429,0.514,20,"[1, 2]","[8, 6]",C,2,3.81,4,0.0001001518976408,1
12010149001,0.1428571428571428,0.4780914437337575,3.3466401061363027,2,21,0.0952380952380952,臺灣茶摳-桃花嫩白滋養皂 桃花嫩白,35.0,23.0,12.0,9660.0,4.64,12.0,805.0,PCS,2.0,0.9937767703871602,1.5,0.707,3,"[1, 2]","[1, 1]",C,3,0.57,1,1.6691983546479605e-05,0
11010005001,0.0952380952380952,0.3007926037591192,3.158322339470752,2,21,0.0952380952380952,香滿室茶樹地板清潔劑補充包,36.0,33.0,32.0,38016.0,12.1,6.0,6336.0,PCS,2.0,0.9924167930534492,1.0,0.0,2,[1],[2],C,1,0.38,1,1.6691983546479605e-05,0
11110092001,0.5238095238095238,1.1233453440081382,2.1445683840155367,7,21,0.3333333333333333,新熊寶貝柔軟護衣精舒恬薰衣草3.2L,39.0,26.0,32.0,32448.0,14.13,4.0,8112.0,PCS,7.0,0.9641205979900336,1.571,1.512,11,"[1, 5]","[6, 1]",C,4,2.1,1,3.338396709295921e-05,0
12005093008,1.1428571428571428,2.2424476423255526,1.9621416870348587,8,21,0.3809523809523809,莉婕泡沫染髮劑 亞麻棕色,31.0,26.0,20.0,16120.0,3.17,12.0,1343.3,PCS,12.0,0.93378777020383,1.846,0.376,24,"[1, 2]","[2, 11]",C,3,4.57,1,6.676793418591842e-05,1
14503999001,1.0476190476190477,1.395571226279421,1.3321361705394474,10,21,0.4761904761904761,雙響泡泰蝦酸辣湯麵114g,40.0,27.0,23.0,24840.0,2.17,12.0,2070.0,PCS,14.0,0.925261245645906,1.571,0.514,22,"[1, 2]","[6, 8]",C,3,4.19,1,0.0001168438830063,1
11074020001,1.2857142857142858,1.61687529336239,1.257569672615192,10,21,0.4761904761904761,威滅衣櫃除蟲片spa舒緩香氛2入,31.0,23.0,26.0,18538.0,0.95,12.0,1544.8,PCS,11.0,0.93936767720538,2.455,1.293,27,"[1, 2, 3, 4, 5]","[3, 3, 3, 1, 1]",C,4,5.14,1,0.0001168438830063,1
32507027002,1.4285714285714286,3.0260771399855053,2.1182539979898536,6,21,0.2857142857142857,MF258 開放式雜誌盒,64.0,33.0,51.0,107712.0,4.5,24.0,4488.0,PCS,6.0,0.974857085715238,4.286,3.302,30,"[2, 3, 8, 10]","[3, 2, 1, 1]",C,9,5.71,1,6.676793418591842e-05,0
11032227001,0.0952380952380952,0.3007926037591192,3.158322339470752,2,21,0.0952380952380952,奇蒂可-珪藻土除濕除臭防潮塊 方形60g 珪藻土方形,32.0,15.0,13.0,6240.0,1.525,20.0,312.0,PCS,2.0,0.9926167897201712,1.0,0.0,2,[1],[2],C,1,0.38,1,1.6691983546479605e-05,0
14304187001,0.8095238095238095,0.9807674351775564,1.2115362434546284,11,21,0.5238095238095238,T世家抹茶粉,32.0,28.0,20.0,17920.0,3.0,12.0,1493.3,PCS,14.0,0.92460792320128,1.214,0.579,17,"[1, 2, 3]","[12, 1, 1]",C,2,3.24,1,5.007594882044941e-05,1
12000351001,0.5714285714285714,0.9783367810436534,1.7120893668263937,8,21,0.3809523809523809,美吾髮仙草精油洗髮精,43.0,23.0,24.0,23736.0,12.06,12.0,1978.0,PCS,10.0,0.9462375627072882,1.091,0.302,12,"[1, 2]","[10, 1]",C,2,2.29,1,3.338396709295921e-05,1
30052113002,1.3333333333333333,3.3065591380365986,2.4799193535274493,5,21,0.238095238095238,旭光 23W螺旋省電燈泡,35.0,29.0,15.0,15225.0,2.284,20.0,761.3,PCS,10.0,0.9502041632639456,2.8,1.398,28,"[2, 4, 6]","[7, 2, 1]",C,5,5.33,1,5.007594882044941e-05,0
14361899001,0.8571428571428571,1.1084094137869045,1.2931443160847218,10,21,0.4761904761904761,萬歲牌燕麥堅果-堅果纖蔬,48.0,33.0,22.0,34848.0,4.806,12.0,2904.0,PCS,12.0,0.9367877202046632,1.5,0.674,18,"[1, 2, 3]","[7, 4, 1]",C,3,3.43,1,6.676793418591842e-05,1
14505973001,0.3809523809523809,1.2031704150364766,3.158322339470751,2,21,0.0952380952380952,宗家府火辣泡菜麵,37.0,32.0,14.0,16576.0,3.49,24.0,690.7,PCS,2.0,0.9957767370543824,4.0,0.0,8,[4],[2],C,4,1.52,1,1.6691983546479605e-05,0
12003104001,0.0952380952380952,0.3007926037591191,3.158322339470751,2,21,0.0952380952380952,麗仕髮的補給角蛋白胺基酸護髮乳 角蛋白護髮乳,34.0,21.0,23.0,16422.0,6.7,12.0,1368.5,PCS,2.0,0.9935234412759788,1.0,0.0,2,[1],[2],C,1,0.38,1,1.6691983546479605e-05,0
14211052001,0.7619047619047619,1.5134319246256802,1.9863794010712057,7,21,0.3333333333333333,家樂福小紅莓,36.0,22.0,19.0,15048.0,1.66,20.0,752.4,PCS,10.0,0.9479375343744272,1.6,1.265,16,"[1, 2, 5]","[7, 2, 1]",C,3,3.05,1,5.007594882044941e-05,0
31258006001,0.1428571428571428,0.4780914437337574,3.346640106136302,2,21,0.0952380952380952,自然風咖啡調味棒,26.0,23.0,16.0,9568.0,1.0,24.0,398.7,PCS,2.0,0.9963367277212046,1.5,0.707,3,"[1, 2]","[1, 1]",C,3,0.57,1,1.6691983546479605e-05,0
14616195001,0.0952380952380952,0.3007926037591191,3.158322339470751,2,21,0.0952380952380952,有機糙米醋,24.0,19.0,24.0,10944.0,6.3,12.0,912.0,PCS,2.0,0.9959900668322196,1.0,0.0,2,[1],[2],C,1,0.38,1,1.6691983546479605e-05,0
14621013001,8.142857142857142,10.403296180950123,1.27759777660791,10,21,0.4761904761904761,萬家香極品香菇素蠔油1200g,36.0,28.0,27.0,27216.0,16.0,12.0,2268.0,PCS,16.0,0.9146680888651856,8.55,4.751,171,"[1, 2, 4, 8, 11, 12]","[4, 1, 1, 1, 3, 10]",C,16,32.57,3,3.338396709295921e-05,1
14103051001,1.0,1.4142135623730951,1.4142135623730951,11,21,0.5238095238095238,正福堂乳酪奶酥,46.0,44.0,33.0,66792.0,8.2,20.0,3339.6,PCS,14.0,0.9237212713121448,1.5,1.345,21,"[1, 2, 6]","[11, 2, 1]",C,3,4.0,1,6.676793418591842e-05,1
10023892001,1.1428571428571428,1.1952286093343938,1.045825033167595,12,21,0.5714285714285714,天地合補葡萄糖胺18入,57.0,32.0,20.0,36480.0,9.38,4.0,9120.0,PCS,15.0,0.915878068698855,1.412,0.712,24,"[1, 2, 3]","[12, 3, 2]",C,3,4.57,2,3.338396709295921e-05,1
14740018001,0.3809523809523809,0.9734572654303052,2.555325321754551,4,21,0.1904761904761904,日正高筋麵粉1kg,37.0,28.0,26.0,26936.0,12.62,12.0,2244.7,PCS,4.0,0.9862102298295028,2.0,1.414,8,"[1, 2, 4]","[2, 1, 1]",C,4,1.52,1,3.338396709295921e-05,0
11103196001,0.6190476190476191,1.8296499795368095,2.9555884284825384,4,21,0.1904761904761904,水晶肥皂洗衣用液體(清爽型),38.0,31.0,32.0,37696.0,16.21,6.0,6282.7,PCS,5.0,0.9759470675488742,1.857,1.464,13,"[1, 2, 5]","[4, 2, 1]",C,5,2.48,1,1.6691983546479605e-05,0
12103070001,0.1428571428571428,0.4780914437337574,3.3466401061363023,2,21,0.0952380952380952,家福護齒專家硬毛牙刷2入 家福護齒專家硬,24.0,13.0,24.0,7488.0,0.85,20.0,374.4,PCS,3.0,0.9896701721637972,1.0,0.0,3,[1],[3],C,1,0.57,1,1.6691983546479605e-05,0
11074060005,0.4761904761904761,1.4359334113755975,3.0154601638887555,3,21,0.1428571428571428,熊寶貝衣物香氛袋21G,24.0,22.0,11.0,5808.0,0.63,10.0,580.8,PCS,4.0,0.9818636356060731,2.5,2.38,10,"[1, 2, 6]","[2, 1, 1]",C,5,1.9,1,1.6691983546479605e-05,0
11050097001,0.0952380952380952,0.3007926037591191,3.158322339470751,2,21,0.0952380952380952,妙管家植萃酵素洗潔精加侖桶,40.0,24.0,32.0,30720.0,16.54,4.0,7680.0,PCS,2.0,0.992743454275762,1.0,0.0,2,[1],[2],C,1,0.38,1,1.6691983546479605e-05,0
11030062001,0.3809523809523809,1.1608699529314417,3.047283626445034,3,21,0.1428571428571428,去味大師消臭易備長炭鞋櫃專用,26.0,20.0,9.0,4680.0,2.21,12.0,390.0,PCS,3.0,0.987490208496525,2.667,2.082,8,"[1, 2, 5]","[1, 1, 1]",C,5,1.52,1,1.6691983546479605e-05,0
14000135001,6.904761904761905,13.641498311786584,1.975665272741505,8,21,0.3809523809523809,慶讚中元-祈福金澎派箱,38.0,20.0,23.0,17480.0,0.84,1.0,17480.0,PCS,98.0,0.6700921651305811,1.48,0.749,145,"[1, 2, 3, 4]","[65, 20, 12, 1]",C,3,27.62,28,0.0002336877660127,1
10014103001,0.238095238095238,0.768424485864545,3.227382840631089,2,21,0.0952380952380952,樹頂100石榴莓綜合果汁1L,39.0,17.0,26.0,17238.0,11.312,10.0,1723.8,PCS,3.0,0.9871902134964418,1.667,1.155,5,"[1, 3]","[2, 1]",C,3,0.95,1,3.338396709295921e-05,0
12301005001,1.4285714285714286,2.1580414400893364,1.5106290080625355,9,21,0.4285714285714285,固特齒紙軸棉花棒,62.0,42.0,45.0,117180.0,17.158,96.0,1220.6,PCS,15.0,0.9176280395326744,2.0,1.414,30,"[1, 2, 3, 4, 6]","[7, 5, 1, 1, 1]",C,4,5.71,1,5.007594882044941e-05,1
14601051001,0.9047619047619048,0.9952267030562386,1.099987408641106,12,21,0.5714285714285714,康寶鮮雞晶120g,30.0,23.0,17.0,11730.0,4.326,24.0,488.8,PCS,16.0,0.9140814319761338,1.188,0.544,19,"[1, 2, 3]","[14, 1, 1]",C,2,3.62,1,6.676793418591842e-05,1
12102048001,1.3333333333333333,1.7126976771553508,1.2845232578665131,10,21,0.4761904761904761,雲南白藥擊漬亮白牙膏 擊漬亮白,30.0,17.0,24.0,12240.0,3.3,24.0,510.0,PCS,13.0,0.92874785420243,2.154,0.555,28,"[2, 4]","[12, 1]",C,3,5.33,1,0.0001001518976408,1
11070063001,0.1428571428571428,0.4780914437337574,3.3466401061363023,2,21,0.0952380952380952,速必效蟑螂螞蟻跳蚤水性氣霧寶,43.0,28.0,28.0,33712.0,13.126,24.0,1404.7,PCS,2.0,0.9928434526091232,1.5,0.707,3,"[1, 2]","[1, 1]",C,3,0.57,1,1.6691983546479605e-05,0
12011257001,0.9047619047619048,2.2114421065169645,2.444225486150329,5,21,0.238095238095238,莎啦莎啦沐浴乳玫瑰嫩白補充包,39.0,26.0,28.0,28392.0,10.8,12.0,2366.0,PCS,8.0,0.9588706854885752,2.375,1.685,19,"[1, 2, 5]","[3, 3, 2]",C,5,3.62,1,5.007594882044941e-05,0
12020282001,0.0952380952380952,0.3007926037591191,3.158322339470751,2,21,0.0952380952380952,絲芙蒂膠原蛋白彈力卸洗顏霜190g 膠原蛋白卸洗顏,28.0,19.0,24.0,12768.0,1.6,6.0,2128.0,PCS,2.0,0.9943234279428677,1.0,0.0,2,[1],[2],C,1,0.38,1,1.6691983546479605e-05,0
12327007001,0.5714285714285714,1.5675276256394517,2.7431733448690405,3,21,0.1428571428571428,三多補體健,54.0,40.0,30.0,64800.0,15.2,12.0,5400.0,PCS,3.0,0.9903101614973084,3.0,0.816,12,"[2, 3, 4]","[1, 2, 1]",C,5,2.29,1,1.6691983546479605e-05,0
10053903001,0.8571428571428571,2.868548662402545,3.3466401061363027,2,21,0.0952380952380952,十全鳳梨醋飲料(即飲品)140ml,42.0,26.0,19.0,20748.0,6.2,36.0,576.3,PCS,3.0,0.9873802103298278,6.0,0.0,18,[6],[3],C,6,3.43,1,1.6691983546479605e-05,0
12016026001,0.4761904761904761,1.2090925365350504,2.539094326723606,4,21,0.1904761904761904,妮維雅止汗爽身乳膏 -嫩白 妮維雅止汗爽,23.0,18.0,12.0,4968.0,1.54,18.0,276.0,PCS,6.0,0.9710971483808604,1.667,0.516,10,"[1, 2]","[2, 4]",C,3,1.9,1,1.6691983546479605e-05,0
14330004001,1.0476190476190477,1.430950400125402,1.3659072001197017,10,21,0.4761904761904761,安佳100％純淨天然全脂奶粉,56.0,39.0,23.0,50232.0,17.04,6.0,8372.0,PCS,15.0,0.9190780153664104,1.222,0.548,22,"[1, 2, 3]","[15, 2, 1]",C,3,4.19,1,1.6691983546479605e-05,1
32523001001,0.0952380952380952,0.3007926037591192,3.158322339470752,2,21,0.0952380952380952,震旦A4專業型護貝機,45.0,24.0,31.0,33480.0,13.5,4.0,8370.0,PCS,2.0,0.996570057165714,1.0,0.0,2,[1],[2],C,1,0.38,1,1.6691983546479605e-05,0
12003120001,0.0952380952380952,0.3007926037591192,3.158322339470752,2,21,0.0952380952380952,韓國isLeaf香氛順盈護髮油-拈花惹草 isLeaf髮油拈花,21.0,18.0,10.0,3780.0,1.076,6.0,630.0,PCS,2.0,0.9935501074982084,1.0,0.0,2,[1],[2],C,1,0.38,1,1.6691983546479605e-05,0
14222107001,1.4285714285714286,2.3145502494313788,1.620185174601965,10,21,0.4761904761904761,AS 箱裝果凍-麝香葡萄,47.0,36.0,25.0,42300.0,4.8,12.0,3525.0,PCS,19.0,0.8980616989716838,1.579,1.261,30,"[1, 2, 3, 6]","[14, 2, 2, 1]",C,3,5.71,1,5.007594882044941e-05,1
12030741001,0.0952380952380952,0.3007926037591191,3.158322339470751,2,21,0.0952380952380952,媚比琳武士道塑型眉筆 深棕色 武士道眉筆深棕,15.0,2.0,2.0,60.0,0.1,1.0,60.0,PCS,2.0,0.9945767570540492,1.0,0.0,2,[1],[2],C,1,0.38,1,1.6691983546479605e-05,0
14132149001,1.3333333333333333,1.3540064007726602,1.015504800579495,13,21,0.6190476190476191,黑師傅福源花生醬捲心酥,42.0,32.0,21.0,28224.0,7.9,12.0,2352.0,PCS,22.0,0.8826686221896302,1.273,0.55,28,"[1, 2, 3]","[17, 4, 1]",C,2,5.33,1,6.676793418591842e-05,1
14303897001,0.8571428571428571,1.7687768170607137,2.0635729532374993,7,21,0.3333333333333333,義美薑母茶,49.0,34.0,15.0,24990.0,3.24,12.0,2082.5,PCS,8.0,0.9607906534891084,2.0,2.0,18,"[1, 2, 3, 7]","[6, 1, 1, 1]",C,5,3.43,1,3.338396709295921e-05,0
12000205001,0.6190476190476191,1.395571226279421,2.2543842886052188,6,21,0.2857142857142857,潘婷絲質順滑洗髮乳700ml,29.0,17.0,25.0,12325.0,4.89,6.0,2054.2,PCS,8.0,0.9584440259329012,1.625,1.768,13,"[1, 6]","[7, 1]",C,4,2.48,1,5.007594882044941e-05,0
14616022001,1.0476190476190477,1.2031704150364766,1.1484808507166366,12,21,0.5714285714285714,工研業務白醋 3000ml,37.0,30.0,32.0,35520.0,21.0,6.0,5920.0,PCS,17.0,0.909554840752654,1.294,0.686,22,"[1, 2, 3]","[14, 1, 2]",C,3,4.19,1,5.007594882044941e-05,1
11050065001,0.1428571428571428,0.4780914437337574,3.346640106136302,2,21,0.0952380952380952,茶樹莊園海鹽超濃縮洗碗精補充包,35.0,28.0,29.0,28420.0,9.5,12.0,2368.3,PCS,3.0,0.9876502058299028,1.0,0.0,3,[1],[3],C,1,0.57,1,1.6691983546479605e-05,0
12011482001,0.0952380952380952,0.3007926037591191,3.158322339470751,2,21,0.0952380952380952,綠的男性抗菌沐浴露-極限能量大地 極限能量大地,39.0,21.0,27.0,22113.0,10.68,12.0,1842.8,PCS,2.0,0.9939967667205548,1.0,0.0,2,[1],[2],C,1,0.38,1,1.6691983546479605e-05,0
14506127001,0.1428571428571428,0.4780914437337574,3.3466401061363023,2,21,0.0952380952380952,上智鍋燒意麵海鮮口味280g,65.0,27.0,41.0,71955.0,6.87,20.0,3597.8,PCS,3.0,0.9910501491641804,1.0,0.0,3,[1],[3],C,1,0.57,1,3.338396709295921e-05,0
12000262001,0.1904761904761904,0.6015852075182383,3.158322339470751,2,21,0.0952380952380952,脫普輕盈保溼洗髮精,39.0,22.0,25.0,21450.0,11.12,12.0,1787.5,PCS,2.0,0.9932567790536824,2.0,0.0,4,[2],[2],C,2,0.76,1,1.6691983546479605e-05,0
12102122001,0.1428571428571428,0.4780914437337574,3.346640106136302,2,21,0.0952380952380952,歐樂B抗敏護齦專業修護90g,17.0,17.0,20.0,5780.0,1.6,12.0,481.7,PCS,2.0,0.99470342160964,1.5,0.707,3,"[1, 2]","[1, 1]",C,3,0.57,1,1.6691983546479605e-05,0
12017017001,0.1428571428571428,0.4780914437337574,3.3466401061363023,2,21,0.0952380952380952,婦潔私密柔淨慕絲-加強乳酸 加強乳酸,24.0,16.0,22.0,8448.0,1.6,8.0,1056.0,PCS,3.0,0.9892201796636724,1.0,0.0,3,[1],[3],C,1,0.57,1,1.6691983546479605e-05,0
12123050001,2.238095238095238,3.1289736640752013,1.3980520626718984,11,21,0.5238095238095238,好自在純肌甜睡棉柔極長夜用40cm,32.0,30.0,24.0,23040.0,1.96,12.0,1920.0,PCS,14.0,0.9229746170897152,3.357,2.59,47,"[1, 2, 4, 8, 10]","[1, 8, 3, 1, 1]",C,7,8.95,1,3.338396709295921e-05,1
14501938001,5.428571428571429,7.801098823700598,1.4370445201553732,11,21,0.5238095238095238,朕一品 金門高坑牛肉麵216g,35.0,31.0,14.0,15190.0,3.25,12.0,1265.8,PCS,26.0,0.865965567240546,4.222,1.502,114,"[3, 6]","[16, 11]",C,6,21.71,2,6.676793418591842e-05,1
12011299001,1.6666666666666667,2.0816659994661326,1.2489995996796794,12,21,0.5714285714285714,莎啦莎啦小蒼蘭香氛沐浴乳補充包,29.0,26.0,25.0,18850.0,10.8,12.0,1570.8,PCS,21.0,0.8859285678572024,1.591,1.098,35,"[1, 2, 6]","[13, 8, 1]",C,3,6.67,1,6.676793418591842e-05,1
12323010001,0.0952380952380952,0.3007926037591191,3.158322339470751,2,21,0.0952380952380952,三多女性B群Plus鐵鎂60錠 女性B群鐵鎂,23.0,16.0,17.0,6256.0,0.66,6.0,1042.7,PCS,2.0,0.99524341260979,1.0,0.0,2,[1],[2],C,1,0.38,1,1.6691983546479605e-05,0
11040056001,0.6190476190476191,1.160869952931442,1.8752514624277137,8,21,0.3809523809523809,家福松木尤加利馬桶清潔劑 家福松木尤加利,27.0,23.0,27.0,16767.0,10.27,12.0,1397.3,PCS,8.0,0.957590706821553,1.625,1.408,13,"[1, 2, 5]","[6, 1, 1]",C,4,2.48,1,3.338396709295921e-05,1
11103112001,0.6666666666666666,1.7981471945681569,2.6972207918522355,5,21,0.238095238095238,白蘭強效除蹣過敏洗衣精2.7KG,46.0,22.0,33.0,33396.0,12.15,4.0,8349.0,PCS,7.0,0.963980600323328,1.75,1.035,14,"[1, 2, 4]","[4, 3, 1]",C,4,2.67,1,3.338396709295921e-05,0
11021006001,0.6190476190476191,1.0712698295103096,1.730512801516654,8,21,0.3809523809523809,威猛先生廚房超強效,41.0,41.0,30.0,50430.0,14.3,12.0,4202.5,PCS,12.0,0.9328277862035632,1.0,0.0,13,[1],[13],C,2,2.48,1,5.007594882044941e-05,1
12123070001,0.4285714285714285,1.4342743312012722,3.3466401061363023,2,21,0.0952380952380952,靠得住溫柔宣言輕柔棉夜用,8.0,12.0,11.0,1102.0,0.13,1.0,1102.08,PCS,3.0,0.9899701671638806,2.25,0.957,9,"[1, 2, 3]","[1, 1, 2]",C,4,1.71,2,3.338396709295921e-05,0
14243069001,1.6666666666666667,7.192588778272628,4.315553266963577,2,21,0.0952380952380952,家樂福無調味核桃155g,49.0,33.0,18.0,29106.0,5.5,30.0,970.2,PCS,3.0,0.9906801553307444,11.667,18.475,35,"[1, 33]","[2, 1]",C,31,6.67,1,1.6691983546479605e-05,0
32511021001,0.0476190476190476,0.2182178902359924,4.582575694955841,1,21,0.0476190476190476,PL110 70g A4彩印紙-淺黃,33.0,23.0,22.0,16698.0,11.28,5.0,3339.6,PCS,1.0,0.9997666705554908,1.0,0.0,1,[1],[1],C,1,0.19,1,1.6691983546479605e-05,0
12011292001,0.0476190476190476,0.2182178902359924,4.582575694955841,1,21,0.0476190476190476,美吾髮藍風鈴奢香沐浴露,42.0,23.0,25.0,24150.0,12.1,12.0,2012.5,PCS,1.0,0.9981233646105898,1.0,0.0,1,[1],[1],C,1,0.19,1,1.6691983546479605e-05,0
10015005001,0.9523809523809524,3.556349117791875,3.7341665736814686,2,21,0.0952380952380952,津津綠蘆筍汁Pet600ml,38.0,26.0,24.0,23712.0,15.79,24.0,988.0,PCS,2.0,0.992270128831186,10.0,8.485,20,"[4, 16]","[1, 1]",C,19,3.81,1,1.6691983546479605e-05,0
12000108001,1.0476190476190477,1.1608699529314417,1.1081031368891034,13,21,0.6190476190476191,美吾髮藍風鈴奢香蓬鬆洗髮露,43.0,23.0,25.0,24725.0,12.1,12.0,2060.4,PCS,21.0,0.885718571357144,1.048,0.218,22,"[1, 2]","[20, 1]",C,2,4.19,1,8.345991955138743e-05,1
12123034001,2.857142857142857,3.2138094885309285,1.124833320985825,13,21,0.6190476190476191,蕾妮亞零觸感特薄特長夜用30cm,34.0,23.0,33.0,25806.0,3.3,36.0,716.8,PCS,17.0,0.9070615489741838,3.529,1.179,60,"[3, 6]","[14, 3]",C,5,11.43,1,0.0001502278464613,1
10041032001,36.57142857142857,23.36786560336957,0.6389650750921367,18,21,0.8571428571428571,舒味思氣泡水Pet500ml,42.0,25.0,24.0,25200.0,12.82,24.0,1050.0,PCS,61.0,0.758017366377227,12.59,10.95,768,"[4, 8, 24, 48]","[26, 14, 19, 2]",C,24,146.29,7,0.0001836118171922,1
12021069001,0.0476190476190476,0.2182178902359923,4.58257569495584,1,21,0.0476190476190476,肌研極潤保濕化水清爽型 極潤化水清爽,14.0,5.0,16.0,1120.0,0.5,3.0,373.3,PCS,1.0,0.9984166930551156,1.0,0.0,1,[1],[1],C,1,0.19,1,1.6691983546479605e-05,0
12000166001,0.0476190476190476,0.2182178902359924,4.582575694955841,1,21,0.0476190476190476,澳潔蕬玫瑰天竺葵保濕洗髮精500ML 澳潔蕬玫瑰洗,23.0,16.0,23.0,8464.0,3.45,6.0,1410.7,PCS,1.0,0.9976100398326696,1.0,0.0,1,[1],[1],C,1,0.19,1,1.6691983546479605e-05,0
10022008001,46.095238095238095,58.12564387764213,1.2609902080893438,15,21,0.7142857142857143,金車奧利多Btl150ml,32.0,22.0,16.0,11264.0,7.74,24.0,469.3,PCS,30.0,0.8472225462908951,28.471,13.529,968,"[8, 16, 24, 32, 40, 48]","[4, 3, 16, 1, 1, 9]",C,47,184.38,8,5.007594882044941e-05,1
31567028001,0.4285714285714285,1.325572652532805,3.093002855909879,4,21,0.1904761904761904,威拂魔效立體除塵紙16片*2入,58.0,49.0,33.0,93786.0,3.5,16.0,5861.6,PCS,4.0,0.9866768887185212,1.8,1.304,9,"[1, 2, 4]","[3, 1, 1]",C,4,1.71,1,1.6691983546479605e-05,0
14301013001,2.5714285714285716,3.52946778667023,1.3725708059273118,14,21,0.6666666666666666,天仁高山烏龍茶,43.0,43.0,34.0,62866.0,8.0,16.0,3929.1,PCS,30.0,0.8497225046249229,1.688,1.491,54,"[1, 2, 4, 6, 7]","[23, 5, 2, 1, 1]",C,4,10.29,1,0.0001168438830063,1
14500030001,1.5714285714285714,1.3627702877384935,0.8672174558335869,17,21,0.8095238095238095,日村雞絲麵--香菇口味300g,51.0,40.0,31.0,63240.0,6.05,12.0,5270.0,PCS,28.0,0.8579523674605424,1.179,0.39,33,"[1, 2]","[23, 5]",C,2,6.29,1,8.345991955138743e-05,1
11103130001,0.238095238095238,0.8890872794479686,3.734166573681468,2,21,0.0952380952380952,小綠人小蘇打抗菌洗衣精補充包,40.0,29.0,32.0,37120.0,17.1,8.0,4640.0,PCS,3.0,0.9880101998300028,1.667,0.577,5,"[1, 2]","[1, 2]",C,3,0.95,1,1.6691983546479605e-05,0
11032037001,6.333333333333333,6.036003092554984,0.9530531198771028,16,21,0.7619047619047619,家樂福備長炭集水袋除濕盒補充包,53.0,39.0,21.0,43407.0,15.31,24.0,1808.6,PCS,34.0,0.8345394243429276,3.5,2.14,133,"[1, 2, 3, 4, 5, 6]","[10, 7, 4, 2, 1, 14]",C,7,25.33,2,0.0001168438830063,1
31602030001,0.0476190476190476,0.2182178902359924,4.582575694955841,1,21,0.0476190476190476,密網特大洗衣袋50*65,26.0,21.0,23.0,12558.0,2.0,24.0,523.3,PCS,1.0,0.999686671888802,1.0,0.0,1,[1],[1],C,1,0.19,1,1.6691983546479605e-05,0
11062002001,0.0476190476190476,0.2182178902359924,4.582575694955841,1,21,0.0476190476190476,洗王菜瓜布4入 洗王菜瓜布4入,51.0,45.0,21.0,48195.0,3.89,30.0,1606.5,PCS,1.0,0.9972600456659056,1.0,0.0,1,[1],[1],C,1,0.19,1,1.6691983546479605e-05,0
14203005001,0.5714285714285714,1.5352989471574767,2.686773157525584,6,21,0.2857142857142857,珍珍鱈魚香絲(寬條),50.0,33.0,21.0,34650.0,3.3,20.0,1732.5,PCS,6.0,0.9724371260478992,1.714,1.496,12,"[1, 2, 5]","[5, 1, 1]",C,4,2.29,1,5.007594882044941e-05,0
12010209001,1.0952380952380951,1.5134319246256802,1.381829148571273,12,21,0.5714285714285714,白博士抗菌洗手乳500g,44.0,19.0,21.0,17556.0,7.0,12.0,1463.0,PCS,18.0,0.9016449725837904,1.278,0.461,23,"[1, 2]","[13, 5]",C,2,4.38,1,8.345991955138743e-05,1
30010002001,3.5238095238095237,4.032605207791208,1.1443879643731805,16,21,0.7619047619047619,永備碳鋅4號電池16入量販包,30.0,26.0,5.0,3900.0,3.0,30.0,130.0,PCS,60.0,0.7634439426009566,1.233,0.465,74,"[1, 2, 3]","[47, 12, 1]",C,2,14.1,1,0.0005341434734873,1
12010122001,0.0476190476190476,0.2182178902359924,4.582575694955841,1,21,0.0476190476190476,艾瑪花園蜂王乳青春馬賽液態皂 蜂王乳液態皂,36.0,26.0,22.0,20592.0,7.5,12.0,1716.0,PCS,1.0,0.9980166997216712,1.0,0.0,1,[1],[1],C,1,0.19,1,1.6691983546479605e-05,0
11103092001,0.3333333333333333,1.3165611772087669,3.9496835316263006,2,21,0.0952380952380952,清淨海環保洗衣精補充包,38.0,30.0,30.0,34200.0,10.4,6.0,5700.0,PCS,2.0,0.9930301161647306,2.333,1.528,7,"[1, 2, 4]","[1, 1, 1]",C,6,1.33,1,1.6691983546479605e-05,0
14502020001,35.476190476190474,43.55757000524599,1.227797275315659,13,21,0.6190476190476191,浪味炒麵 80g,36.0,30.0,13.0,14040.0,2.78,30.0,468.0,PCS,54.0,0.776073732104465,12.845,14.146,745,"[5, 10, 20, 30, 55, 60, 70]","[30, 16, 2, 7, 1, 1, 1]",C,29,141.9,5,0.0002503797586541,1
41223049001,0.0476190476190476,0.2182178902359924,4.582575694955841,1,21,0.0476190476190476,國際NC-HKD122電水壺,24.0,19.0,27.0,12312.0,1.72,1.0,12312.0,PCS,1.0,0.999853335777737,1.0,0.0,1,[1],[1],C,1,0.19,1,1.6691983546479605e-05,0
14222095001,4.619047619047619,4.18898783092277,0.9068942726740018,18,21,0.8571428571428571,Dr.Q檸檬鹽蒟蒻,37.0,20.0,17.0,12580.0,2.91,10.0,1258.0,PCS,70.0,0.7368777187046882,1.366,1.198,97,"[1, 2, 4, 10]","[57, 11, 2, 1]",C,3,18.48,2,0.0005341434734873,1
32524007001,0.0476190476190476,0.2182178902359924,4.582575694955841,1,21,0.0476190476190476,A4護貝膠膜,31.0,23.0,10.0,7130.0,7.0,5.0,1426.0,PCS,1.0,0.9997766703888268,1.0,0.0,1,[1],[1],C,1,0.19,1,1.6691983546479605e-05,0
14633002001,0.0476190476190476,0.2182178902359924,4.582575694955841,1,21,0.0476190476190476,太和殿麻辣鍋底1530g,48.0,21.0,29.0,29232.0,8.95,5.0,5846.4,PCS,1.0,0.9994800086665222,1.0,0.0,1,[1],[1],C,1,0.19,1,1.6691983546479605e-05,0
14331022001,1.619047619047619,1.2440333788202982,0.7683735575066547,17,21,0.8095238095238095,桂格高鈣脫脂奶粉順暢配方1.5Kg,49.0,32.0,24.0,37632.0,11.8,6.0,6272.0,PCS,23.0,0.8781053649105848,1.417,0.717,34,"[1, 2, 4]","[16, 7, 1]",C,3,6.48,2,3.338396709295921e-05,1
14002022001,1.8571428571428572,5.294201680005346,2.85072398154134,7,21,0.3333333333333333,口福不淺咖啡千層棒,34.0,27.0,18.0,16524.0,2.13,12.0,1377.0,PCS,12.0,0.935147747537541,3.0,3.742,39,"[1, 2, 5, 10, 12]","[8, 2, 1, 1, 1]",C,8,7.43,1,6.676793418591842e-05,0
12100011001,4.666666666666667,4.661902329879223,0.9989790706884047,15,21,0.7142857142857143,德恩奈超氟牙膏,45.0,21.0,24.0,22680.0,9.37,48.0,472.5,PCS,33.0,0.8368993850102499,2.97,2.651,98,"[2, 4, 6, 16]","[26, 3, 3, 1]",C,6,18.67,1,6.676793418591842e-05,1
14242128001,0.0476190476190476,0.2182178902359924,4.582575694955841,1,21,0.0476190476190476,甘源蒜香味青豌豆,47.0,36.5,25.0,42887.5,6.7,20.0,2144.4,PCS,1.0,0.9991300144997584,1.0,0.0,1,[1],[1],C,1,0.19,1,1.6691983546479605e-05,0
31422008001,1.4285714285714286,3.52946778667023,2.4706274506691615,7,21,0.3333333333333333,妙潔 PE 袋 (小) 18*25CM,45.0,27.0,42.0,51030.0,12.1,48.0,1063.1,PCS,11.0,0.9445375910401492,2.727,1.849,30,"[2, 4, 8]","[9, 1, 1]",C,5,5.71,1,5.007594882044941e-05,0
14603001001,0.0476190476190476,0.2182178902359924,4.582575694955841,1,21,0.0476190476190476,益壽多蘋果蜂蜜速食咖哩125g,18.0,18.0,15.0,4860.0,1.17,10.0,486.0,PCS,1.0,0.9993733437776036,1.0,0.0,1,[1],[1],C,1,0.19,1,1.6691983546479605e-05,0
11050062001,0.1904761904761904,0.6796357567879738,3.5680877231368626,2,21,0.0952380952380952,白蘭新動力配方洗碗精檸檬1kg,43.0,23.0,26.0,25714.0,13.65,12.0,2142.8,PCS,4.0,0.9816503058282362,1.0,0.0,4,[1],[4],C,1,0.76,1,1.6691983546479605e-05,0
12003063001,0.0476190476190476,0.2182178902359924,4.582575694955841,1,21,0.0476190476190476,麗仕璐咪可小確幸柔順護髮乳 璐咪可小確幸護,39.0,22.0,23.0,19734.0,7.2,12.0,1644.5,PCS,1.0,0.9978100364993916,1.0,0.0,1,[1],[1],C,1,0.19,1,1.6691983546479605e-05,0
14204118001,1.238095238095238,1.670471846657761,1.3492272607620377,12,21,0.5714285714285714,元本山朝鮮海苔湖鹽風味,39.0,27.0,21.0,22113.0,2.08,20.0,1105.7,PCS,17.0,0.9079115348077532,1.444,0.784,26,"[1, 2, 4]","[12, 5, 1]",C,3,4.95,1,6.676793418591842e-05,1
12010023002,13.428571428571429,11.36913113905996,0.846637425249146,16,21,0.7619047619047619,棕欖香皂,27.0,22.0,31.0,18414.0,10.17,72.0,255.8,PCS,35.0,0.8310594823419609,8.057,6.334,282,"[6, 12, 42]","[28, 6, 1]",C,15,53.71,1,5.007594882044941e-05,1
10040022001,89.52380952380952,86.39885360791487,0.9650935775352194,17,21,0.8095238095238095,統一 PH9.0鹼性離子水800ml,38.0,31.0,24.0,28272.0,18.32,20.0,1413.6,PCS,69.0,0.7375710404826586,27.246,9.684,1880,"[20, 40]","[44, 25]",C,38,358.1,18,0.0001168438830063,1
11103011003,0.0476190476190476,0.2182178902359924,4.582575694955841,1,21,0.0476190476190476,BioLead 經典香氛洗衣精 補 花園精靈,53.0,32.0,15.0,25440.0,11.68,6.0,4240.0,PCS,1.0,0.9974100431659472,1.0,0.0,1,[1],[1],C,1,0.19,1,1.6691983546479605e-05,0
14304084001,0.0476190476190476,0.2182178902359923,4.58257569495584,1,21,0.0476190476190476,濃純黑糖老薑母茶隨身包,34.0,29.0,18.0,17748.0,4.12,12.0,1479.0,PCS,1.0,0.9991733471108816,1.0,0.0,1,[1],[1],C,1,0.19,1,1.6691983546479605e-05,0
12000064001,0.0476190476190476,0.2182178902359924,4.582575694955841,1,21,0.0476190476190476,艾瑪花園植物性清爽滑順洗髮精500ml 清爽滑順洗髮精,33.0,26.0,22.0,18876.0,7.526,12.0,1573.0,PCS,1.0,0.9975767070548824,1.0,0.0,1,[1],[1],C,1,0.19,1,1.6691983546479605e-05,0
12005084002,0.0476190476190476,0.2182178902359924,4.582575694955841,1,21,0.0476190476190476,美源花果香染髮霜 自然淺棕色,15.0,9.0,16.0,2160.0,0.3,3.0,720.0,PCS,1.0,0.9979333677772038,1.0,0.0,1,[1],[1],C,1,0.19,1,1.6691983546479605e-05,0
11051899001,0.0476190476190476,0.2182178902359924,4.582575694955841,1,21,0.0476190476190476,優品洗衣槽去汙防霉劑150g*4 洗衣槽去汙劑,46.0,24.0,19.0,20976.0,8.14,12.0,1748.0,PCS,1.0,0.9972467125547908,1.0,0.0,1,[1],[1],C,1,0.19,1,1.6691983546479605e-05,0
10031022001,5.142857142857143,14.318818786079088,2.7842147639598225,5,21,0.238095238095238,雀巢茶品錫蘭原葉紅茶530ml,41.0,28.0,24.0,27552.0,14.3,24.0,1148.0,PCS,7.0,0.9631639472675456,13.5,9.547,108,"[4, 8, 16, 24]","[3, 1, 1, 3]",C,26,20.57,1,1.6691983546479605e-05,0
14632030001,2.4285714285714284,5.0849919230164815,2.0938202035950217,9,21,0.4285714285714285,味全台灣搵醬-蒜蓉醬200g,26.0,19.0,17.0,8398.0,4.91,12.0,699.8,PCS,12.0,0.9376677055382412,3.923,4.03,51,"[1, 2, 4, 5, 7, 12]","[5, 3, 1, 1, 1, 2]",C,9,9.71,1,5.007594882044941e-05,1
14110010001,1.8571428571428572,2.434865792722759,1.31108158069687,15,21,0.7142857142857143,家福杏仁派,43.0,26.0,22.0,24596.0,2.61,10.0,2459.6,PCS,26.0,0.8650122497958367,1.393,1.1,39,"[1, 2, 4, 6]","[23, 3, 1, 1]",C,3,7.43,1,0.0001335358683718,1
12120078001,0.6190476190476191,1.9868616075658232,3.209545673760176,4,21,0.1904761904761904,好自在隱型清新淡香護墊40片,27.0,38.0,14.0,14364.0,1.61,24.0,598.5,PCS,5.0,0.9778970350494158,2.6,3.578,13,"[1, 9]","[4, 1]",C,7,2.48,1,1.6691983546479605e-05,0
12020266001,0.1904761904761904,0.6796357567879738,3.5680877231368626,2,21,0.0952380952380952,曼秀雷敦保濕活力洗面乳,20.0,13.0,19.0,4940.0,0.8,6.0,823.3,PCS,3.0,0.9893201779970334,1.333,0.577,4,"[1, 2]","[2, 1]",C,2,0.76,1,1.6691983546479605e-05,0
14243007001,1.3333333333333333,2.726414006223804,2.044810504667853,10,21,0.4761904761904761,家樂福綜合纖果350g,54.0,37.0,18.0,35964.0,11.06,24.0,1498.5,PCS,13.0,0.9302644955917402,2.0,1.922,28,"[1, 2, 4, 5, 7]","[10, 1, 1, 1, 1]",C,5,5.33,1,5.007594882044941e-05,1
14023257001,2.047619047619047,2.39741924736143,1.1708326556881403,15,21,0.7142857142857143,薯片先生(紫薯味),37.0,22.0,25.0,20350.0,2.7,14.0,1453.6,PCS,29.0,0.8524591256812386,1.483,0.785,43,"[1, 2, 3, 4]","[19, 7, 2, 1]",C,3,8.19,1,0.0001001518976408,1
12125005001,0.0476190476190476,0.2182178902359924,4.582575694955841,1,21,0.0476190476190476,蘇菲導管式棉條一般型5入,42.0,31.0,17.0,22134.0,2.4,24.0,922.3,PCS,1.0,0.9988766853885768,1.0,0.0,1,[1],[1],C,1,0.19,1,1.6691983546479605e-05,0
11070012001,0.7142857142857143,2.629502940535666,3.681304116749932,3,21,0.1428571428571428,鱷魚水性蟑螂螞蟻藥,44.0,29.0,28.0,35728.0,14.0,24.0,1488.7,PCS,3.0,0.9877702038299362,3.75,3.096,15,"[1, 2, 4, 8]","[1, 1, 1, 1]",C,9,2.86,1,3.338396709295921e-05,0
12101032001,0.0476190476190476,0.2182178902359923,4.58257569495584,1,21,0.0476190476190476,日本獅王麵包超人牙膏-哈密瓜 哈密瓜,52.0,37.0,15.0,28860.0,7.2,120.0,240.5,PCS,1.0,0.9986433559440676,1.0,0.0,1,[1],[1],C,1,0.19,1,1.6691983546479605e-05,0
14121004001,3.0952380952380953,3.4914862437758782,1.1280186326045143,15,21,0.7142857142857143,家福牛奶法國薄酥,41.0,34.0,27.0,37638.0,3.21,10.0,3763.8,PCS,51.0,0.7827002883285279,1.25,0.519,65,"[1, 2, 3]","[41, 9, 2]",C,2,12.38,2,0.0001669198391027,1
14011030001,23.0,51.128270066568845,2.222968263763863,9,21,0.4285714285714285,多力多滋綜合組合包,59.0,39.0,40.0,92040.0,4.5,12.0,7670.0,PCS,158.0,0.5690771820469659,2.356,2.357,483,"[1, 2, 3, 4, 5, 6, 7, 8, 9, 10, 11, 12]","[116, 36, 17, 5, 11, 5, 2, 3, 4, 3, 1, 2]",C,6,92.0,8,0.0008345991955138,1
11062017001,0.0476190476190476,0.2182178902359924,4.582575694955841,1,21,0.0476190476190476,驅塵氏菜瓜布-爐具專用(5入) 驅塵氏-爐具5入,37.0,36.0,27.0,35964.0,2.0,36.0,999.0,PCS,1.0,0.997266712221463,1.0,0.0,1,[1],[1],C,1,0.19,1,1.6691983546479605e-05,0
32504024001,0.5714285714285714,2.2038926600773587,3.856812155135378,2,21,0.0952380952380952,同春加寬兩孔拱型檔案夾,64.0,21.0,33.0,44352.0,1.0,12.0,3696.0,PCS,2.0,0.9965433909434844,6.0,5.657,12,"[2, 10]","[1, 1]",C,12,2.29,1,1.6691983546479605e-05,0
11032024001,4.0,6.0332412515993425,1.5083103128998356,11,21,0.5238095238095238,家樂福環保除濕桶,46.0,36.0,28.0,46368.0,11.03,24.0,1932.0,PCS,17.0,0.9057015716404728,4.667,3.565,84,"[2, 4, 6, 8, 10, 12]","[9, 3, 2, 1, 1, 2]",C,9,16.0,1,0.0001001518976408,1
14204062001,4.904761904761905,4.32324833782148,0.8814389814975832,18,21,0.8571428571428571,小老板海苔棒棒捲-辣味3.0g*9,54.0,27.0,25.0,36450.0,1.59,12.0,3037.5,PCS,66.0,0.746790886818553,1.561,0.963,103,"[1, 2, 3, 5, 6]","[42, 16, 6, 1, 1]",C,3,19.62,2,0.0004840675101149,1
14600007001,2.3333333333333335,3.877284272958758,1.6616932598394678,11,21,0.5238095238095238,減鈉含碘鹽 600g,37.0,19.0,24.0,16872.0,10.7,16.0,1054.5,PCS,23.0,0.8789486841885968,2.13,3.195,49,"[1, 2, 10, 14]","[17, 4, 1, 1]",C,6,9.33,1,5.007594882044941e-05,1
14220132001,2.1904761904761907,4.23814874230539,1.9348070345307216,10,21,0.4761904761904761,愛力檸檬C(3支入)66g,21.0,16.0,13.0,4368.0,1.79,15.0,291.2,PCS,13.0,0.9300478325361244,3.286,3.338,46,"[1, 2, 7, 8, 10]","[7, 3, 1, 2, 1]",C,7,8.76,1,5.007594882044941e-05,1
14020019001,1.619047619047619,1.6874889770363086,1.0422726034636025,14,21,0.6666666666666666,湖池屋平切洋芋片-海苔口味150G,43.0,31.0,26.0,34658.0,1.34,6.0,5776.3,PCS,24.0,0.8717754704088265,1.36,0.638,34,"[1, 2, 3]","[18, 5, 2]",C,3,6.48,2,0.0001001518976408,1
14243043001,3.238095238095238,3.0806616481652433,0.9513808031098544,16,21,0.7619047619047619,義美蜜汁腰果,46.0,37.0,19.0,32338.0,2.82,12.0,2694.8,PCS,49.0,0.7878802019966334,1.36,0.942,68,"[1, 2, 3, 4, 6]","[41, 4, 3, 1, 1]",C,3,12.95,2,0.0002503797586541,1
14243152001,0.0476190476190476,0.2182178902359924,4.582575694955841,1,21,0.0476190476190476,紅布朗 輕烘焙聰明堅果170g,37.0,30.0,15.0,16650.0,3.6,12.0,1387.5,PCS,1.0,0.9991533474442092,1.0,0.0,1,[1],[1],C,1,0.19,1,1.6691983546479605e-05,0
12005015006,0.0476190476190476,0.2182178902359924,4.582575694955841,1,21,0.0476190476190476,566 美色護髮染髮霜 110g 8-葡萄酒紅,30.0,23.0,18.0,12420.0,3.0,12.0,1035.0,PCS,1.0,0.9979000349994168,1.0,0.0,1,[1],[1],C,1,0.19,1,1.6691983546479605e-05,0
32501007001,0.238095238095238,0.8890872794479686,3.734166573681468,2,21,0.0952380952380952,E-310 L型文件夾 A4白色,33.0,25.0,28.0,23100.0,12.0,70.0,330.0,PCS,3.0,0.9920101331644472,1.667,1.155,5,"[1, 3]","[2, 1]",C,3,0.95,1,1.6691983546479605e-05,0
31473013001,7.142857142857143,6.53670952609732,0.9151393336536248,18,21,0.8571428571428571,OP生物分解抗菌防蟲濾水網170入,48.0,39.0,30.0,56160.0,9.13,24.0,2340.0,PCS,83.0,0.7055449075848735,1.744,0.829,150,"[1, 2, 3, 4, 6]","[34, 46, 2, 3, 1]",C,3,28.57,2,0.0001669198391027,1
15020007001,5.238095238095238,18.400828138713653,3.512885371936243,4,21,0.1904761904761904,倍瑞100％全脂牛奶1000ml,37.0,20.0,22.0,16280.0,13.12,12.0,1356.7,PCS,10.0,0.9501374977083716,9.167,4.387,110,"[2, 10, 12]","[3, 2, 7]",C,16,20.95,2,1.6691983546479605e-05,0
14131121001,6.0,6.395310782127793,1.0658851303546322,14,21,0.6666666666666666,77新貴派18片盒裝-焦糖海鹽,60.0,27.0,23.0,37260.0,4.83,12.0,3105.0,PCS,106.0,0.6540690988483525,1.178,0.529,126,"[1, 2, 3, 5]","[92, 13, 1, 1]",C,2,24.0,2,0.000383915612474,1
14500067001,93.33333333333331,88.84443332777431,0.951904642797582,15,21,0.7142857142857143,味味A辣排骨雞風味乾麵123g,40.0,32.0,16.0,20480.0,3.72,24.0,853.3,PCS,204.0,0.5045249245845903,9.378,5.25,1960,"[1, 7, 8, 16, 24, 32, 48]","[1, 1, 186, 12, 6, 1, 2]",C,16,373.33,16,0.0004172995977569,1
10023043001,0.0476190476190476,0.2182178902359924,4.582575694955841,1,21,0.0476190476190476,華佗粉光蔘靈芝雞精禮盒68ml*9,49.0,37.0,24.0,43512.0,16.5,8.0,5439.0,PCS,1.0,0.9969767170547158,1.0,0.0,1,[1],[1],C,1,0.19,1,1.6691983546479605e-05,0
11050055001,0.0476190476190476,0.2182178902359923,4.58257569495584,1,21,0.0476190476190476,妙管家植萃酵素洗潔精補充包,39.0,29.0,27.0,30537.0,12.8,12.0,2544.8,PCS,1.0,0.9972167130547824,1.0,0.0,1,[1],[1],C,1,0.19,1,1.6691983546479605e-05,0
14620903001,1.8095238095238095,2.040074695177792,1.1274096999666745,15,21,0.7142857142857143,義美全豆純釀造醬油520ml,31.0,24.0,29.0,21576.0,14.15,12.0,1798.0,PCS,27.0,0.8623056282395294,1.407,0.636,38,"[1, 2, 3]","[18, 7, 2]",C,3,7.24,1,8.345991955138743e-05,1
11041024001,1.2857142857142858,4.337543742060214,3.3736451327135,6,21,0.2857142857142857,威猛先生潔廁清香凍重裝薰衣草,26.0,18.0,21.0,9828.0,2.0,12.0,819.0,PCS,8.0,0.9576973717104716,3.375,5.528,27,"[1, 2, 17]","[4, 3, 1]",C,10,5.14,1,3.338396709295921e-05,0
11050006001,2.0,6.730527468185536,3.365263734092768,3,21,0.1428571428571428,易洗樂洗潔精-補充包,28.0,27.0,20.0,15120.0,8.15,12.0,1260.0,PCS,4.0,0.981583640272662,10.5,13.077,42,"[3, 6, 30]","[2, 1, 1]",C,25,8.0,1,1.6691983546479605e-05,0
14311113001,1.619047619047619,3.4274799850063378,2.1169729319156794,9,21,0.4285714285714285,摩卡醇濃二合一咖啡 11g X30,55.0,35.0,23.0,44275.0,8.48,20.0,2213.8,PCS,13.0,0.9306111564807252,2.429,2.209,34,"[1, 4, 5, 8]","[9, 3, 1, 1]",C,5,6.48,1,3.338396709295921e-05,1
12123151001,0.0476190476190476,0.2182178902359924,4.582575694955841,1,21,0.0476190476190476,蕾妮亞極吸好眠晚安褲S-M 晚安褲S-M,43.0,36.0,26.0,40248.0,2.56,24.0,1677.0,PCS,1.0,0.9988733521107982,1.0,0.0,1,[1],[1],C,1,0.19,1,1.6691983546479605e-05,0
14200090001,1.380952380952381,1.8021151593666391,1.3049799429896354,12,21,0.5714285714285714,原味巡禮老滷豆干-香辣豆干,37.0,29.0,19.0,20387.0,3.344,24.0,849.5,PCS,15.0,0.9179780336994384,1.933,1.335,29,"[1, 2, 4, 5]","[8, 4, 2, 1]",C,4,5.52,1,6.676793418591842e-05,1
14602101001,0.0476190476190476,0.2182178902359923,4.58257569495584,1,21,0.0476190476190476,飛馬細粉紅辣椒35g,13.0,12.0,9.0,1404.0,0.97,6.0,234.0,PCS,1.0,0.999370010499825,1.0,0.0,1,[1],[1],C,1,0.19,1,1.6691983546479605e-05,0
14204899001,1.619047619047619,3.840262887826697,2.3719270777753128,8,21,0.3809523809523809,韓國現烤海苔酥-原味,39.0,29.0,27.0,30537.0,2.27,20.0,1526.9,PCS,15.0,0.9183280278662024,2.125,1.628,34,"[1, 2, 3, 4, 7]","[8, 3, 3, 1, 1]",C,4,6.48,1,6.676793418591842e-05,0
14370054001,3.238095238095238,5.262174093516499,1.6250831759389188,13,21,0.6190476190476191,家福黑糖,44.0,33.0,14.0,20328.0,10.23,12.0,1694.0,PCS,28.0,0.8578590356827386,2.429,3.084,68,"[1, 2, 4, 5, 7, 12]","[20, 2, 2, 1, 1, 2]",C,6,12.95,2,8.345991955138743e-05,1
14832012001,25.285714285714285,17.01218051027809,0.6727980992765347,18,21,0.8571428571428571,紅鷹牌蕃茄汁鯖魚(紅罐) 220g,35.0,28.0,22.0,21560.0,14.96,48.0,449.2,PCS,125.0,0.616053065782237,4.214,2.435,531,"[3, 6, 9, 12, 15]","[93, 22, 5, 5, 1]",C,7,101.14,3,0.0004172995977569,1
14103155001,3.1904761904761907,3.2652572275250784,1.0234388325078605,16,21,0.7619047619047619,本味誠現精選綜合箱,30.0,23.0,24.0,16560.0,0.26,1.0,16560.0,PCS,59.0,0.7652139131014483,1.117,0.324,67,"[1, 2]","[53, 7]",C,2,12.76,13,0.0001502278464613,1
14612075001,5.428571428571429,7.632636691022497,1.40601202203046,12,21,0.5714285714285714,得意的一天100％純橄欖油2L,34.0,23.0,28.0,21896.0,11.7,6.0,3649.3,PCS,60.0,0.7626439559340678,1.869,1.727,114,"[1, 2, 3, 4, 5, 12]","[37, 13, 4, 3, 3, 1]",C,4,21.71,4,8.345991955138743e-05,1
11100107001,0.4761904761904761,1.5368489717290903,3.2273828406310896,4,21,0.1904761904761904,藍寶抗菌防蹣洗衣粉,39.0,31.0,27.0,32643.0,19.136,4.0,8160.8,PCS,5.0,0.9758637356044066,1.667,1.211,10,"[1, 2, 4]","[4, 1, 1]",C,4,1.9,1,3.338396709295921e-05,0
11110026001,0.238095238095238,0.8890872794479686,3.734166573681468,2,21,0.0952380952380952,白鴿衣物柔軟精-花香,41.0,27.0,31.0,34317.0,14.19,4.0,8579.3,PCS,3.0,0.9881501974967084,1.667,0.577,5,"[1, 2]","[1, 2]",C,3,0.95,1,1.6691983546479605e-05,0
14304001001,0.8095238095238095,2.0154167712671147,2.4896324821534948,7,21,0.3333333333333333,天仁麥茶(免濾包),44.0,32.0,33.0,46464.0,7.81,24.0,1936.0,PCS,11.0,0.9424109598173364,1.545,1.508,17,"[1, 2, 6]","[9, 1, 1]",C,4,3.24,1,1.6691983546479605e-05,0
30073022001,0.0476190476190476,0.2182178902359924,4.582575694955841,1,21,0.0476190476190476,TY-S122六開六插2P 延長線6尺,40.0,25.0,28.0,28000.0,5.53,10.0,2800.0,PCS,1.0,0.9996266728887852,1.0,0.0,1,[1],[1],C,1,0.19,1,1.6691983546479605e-05,0
41417001001,0.0476190476190476,0.2182178902359923,4.58257569495584,1,21,0.0476190476190476,德國百靈32B刀頭刀網匣-黑,17.0,3.0,8.0,408.0,0.1,1.0,408.0,PCS,1.0,0.9999200013333112,1.0,0.0,1,[1],[1],C,1,0.19,1,0.0,0
14510103001,6.476190476190476,4.273394992497741,0.659862462076857,19,21,0.9047619047619048,池上壹等特賞米6kg,35.0,24.0,5.0,4288.0,6.0,1.0,4287.5,PCS,68.0,0.7421409643172614,2.0,1.316,136,"[1, 2, 3, 4, 5, 6]","[32, 19, 10, 2, 2, 3]",C,4,25.9,26,0.0001335358683718,1
14226035001,1.619047619047619,5.2865507703623775,3.265222534635586,4,21,0.1904761904761904,Airwaves Super口香糖極酷薄荷,42.0,19.0,17.0,13566.0,2.78,60.0,226.1,PCS,6.0,0.9727171213813104,5.667,4.32,34,"[2, 3, 5, 10, 12]","[2, 1, 1, 1, 1]",C,11,6.48,1,3.338396709295921e-05,0
12100013001,3.7142857142857144,2.704493615131253,0.7281328963814911,18,21,0.8571428571428571,高露潔全效美白牙膏,36.0,33.0,22.0,26136.0,9.35,48.0,544.5,PCS,30.0,0.8479225346244229,2.516,1.288,78,"[1, 2, 3, 4, 8]","[1, 23, 1, 5, 1]",C,4,14.86,1,5.007594882044941e-05,1
11020001001,0.1904761904761904,0.6796357567879738,3.5680877231368626,2,21,0.0952380952380952,家福 ECO環保玻璃清潔劑 家福 ECO環保玻,41.0,21.0,30.0,25830.0,11.6,14.0,1845.0,PCS,2.0,0.9924501258312362,2.0,1.414,4,"[1, 3]","[1, 1]",C,4,0.76,1,1.6691983546479605e-05,0
31709974001,2.8095238095238093,3.0102997794081507,1.071462633348664,13,21,0.6190476190476191,美姬【粗體驗沐浴球】,66.0,25.0,7.0,11550.0,0.7,12.0,962.5,PCS,30.0,0.850622489625173,1.844,0.448,59,"[1, 2, 3]","[6, 25, 1]",C,3,11.24,1,6.676793418591842e-05,1
14601047001,2.3333333333333335,2.033060090930254,0.8713114675415373,16,21,0.7619047619047619,烹大師干貝風味調味料500g,42.0,25.0,20.0,21000.0,7.17,12.0,1750.0,PCS,33.0,0.8395393410109832,1.485,0.972,49,"[1, 2, 3, 4, 5]","[24, 5, 2, 1, 1]",C,3,9.33,1,0.0001168438830063,1
14120054001,3.8095238095238098,3.249908423618235,0.8531009611997867,18,21,0.8571428571428571,迷你Oreo隨手包-巧克力,40.0,30.0,41.0,49200.0,4.16,16.0,3075.0,PCS,60.0,0.7622439626006233,1.29,0.584,80,"[1, 2, 3]","[48, 10, 4]",C,2,15.24,1,0.000317147700116,1
12001076001,0.0476190476190476,0.2182178902359924,4.582575694955841,1,21,0.0476190476190476,淨男士去屑洗髮乳強韌健髮淨爽型 淨男士強韌洗髮,29.0,17.0,25.0,12325.0,5.18,6.0,2054.2,PCS,1.0,0.9977033716104732,1.0,0.0,1,[1],[1],C,1,0.19,1,1.6691983546479605e-05,0
14104102001,2.142857142857143,3.320929301953209,1.5497670075781642,15,21,0.7142857142857143,茱蒂絲十榖餅,42.0,31.0,21.0,27342.0,3.0,12.0,2278.5,PCS,24.0,0.8722554624089599,1.8,2.021,45,"[1, 2, 3, 11]","[16, 6, 2, 1]",C,4,8.57,1,0.0001669198391027,1
32503007003,0.0476190476190476,0.2182178902359924,4.582575694955841,1,21,0.0476190476190476,高級40頁資料冊,33.0,14.0,25.0,11550.0,2.0,12.0,962.5,PCS,1.0,0.9997400043332612,1.0,0.0,1,[1],[1],C,1,0.19,1,1.6691983546479605e-05,0
11103110001,0.0476190476190476,0.2182178902359924,4.582575694955841,1,21,0.0476190476190476,白蘭蘆薈親膚洗衣補充包1.6kg,39.0,25.0,30.0,29250.0,10.56,6.0,4875.0,PCS,1.0,0.9974433759437342,1.0,0.0,1,[1],[1],C,1,0.19,1,1.6691983546479605e-05,0
10030019001,42.285714285714285,48.53982164897483,1.1479011876446752,15,21,0.7142857142857143,濃韻烏龍茶Pet 600ml,41.0,28.0,24.0,27552.0,15.6,24.0,1148.0,PCS,32.0,0.8404159930667823,24.0,0.0,888,[24],[37],C,28,169.14,8,5.007594882044941e-05,1
12011168001,9.047619047619047,7.51981509397798,0.831137457755461,18,21,0.8571428571428571,超值玫瑰沐浴乳,33.0,32.0,28.0,29568.0,13.25,6.0,4928.0,PCS,58.0,0.7667772203796603,2.879,2.484,190,"[1, 2, 3, 4, 5, 6, 7, 8, 10]","[33, 7, 4, 5, 6, 5, 1, 3, 2]",C,6,36.19,7,0.000383915612474,1
12122034001,2.0952380952380953,2.364418784918651,1.1284726018929925,13,21,0.6190476190476191,好自在INFINITY衛生棉27cm,45.0,27.0,13.0,15795.0,1.29,12.0,1316.3,PCS,21.0,0.8863485608573191,2.095,0.944,44,"[1, 2, 3]","[8, 3, 10]",C,4,8.38,1,0.0001001518976408,1
14200133001,1.2857142857142858,1.1892374507581378,0.9249624617007738,15,21,0.7142857142857143,良澔 大溪名產豆丁-蒜香口味,42.0,30.0,29.0,36540.0,3.7,12.0,3045.0,PCS,23.0,0.877338711021483,1.174,0.388,27,"[1, 2]","[19, 4]",C,2,5.14,1,0.0001502278464613,1
12011115001,1.0476190476190477,3.0736979434581806,2.933984400573718,6,21,0.2857142857142857,澎澎香浴乳補充包--倍潤保濕型,39.0,26.0,26.0,26364.0,9.2,12.0,2197.0,PCS,9.0,0.952810786486892,2.2,2.044,22,"[1, 2, 6]","[6, 2, 2]",C,5,4.19,1,3.338396709295921e-05,0
14833063001,0.1904761904761904,0.6796357567879738,3.5680877231368626,2,21,0.0952380952380952,香辣牛肉罐180g,24.0,17.0,12.0,4896.0,2.97,12.0,408.0,PCS,2.0,0.9961567307211546,2.0,1.414,4,"[1, 3]","[1, 1]",C,4,0.76,1,1.6691983546479605e-05,0
12005089004,0.0476190476190476,0.2182178902359924,4.582575694955841,1,21,0.0476190476190476,美吾髮快速染髮霜超值組 7號自然黑褐,42.0,34.0,20.0,28560.0,5.59,12.0,2380.0,PCS,1.0,0.9979433676105398,1.0,0.0,1,[1],[1],C,1,0.19,1,1.6691983546479605e-05,0
11040004001,0.4285714285714285,1.7484687178050562,4.079760341545131,2,21,0.0952380952380952,威猛先生深層淨力潔廁凝膠清新海洋,28.0,25.0,27.0,18900.0,10.21,12.0,1575.0,PCS,3.0,0.987570207163214,3.0,2.646,9,"[1, 2, 6]","[1, 1, 1]",C,6,1.71,1,3.338396709295921e-05,0
14244929001,2.619047619047619,3.680709041423819,1.4053616339981854,12,21,0.5714285714285714,義美原味堅果(綜合六果),38.0,28.0,16.0,17024.0,5.8,12.0,1418.7,PCS,31.0,0.8459859002349961,1.618,0.954,55,"[1, 2, 3, 4]","[23, 2, 8, 1]",C,3,10.48,1,6.676793418591842e-05,1
14225008001,0.0476190476190476,0.2182178902359924,4.582575694955841,1,21,0.0476190476190476,利口樂草本喉糖檸檬口味,32.0,24.0,10.0,7680.0,3.39,24.0,320.0,PCS,1.0,0.999110014833086,1.0,0.0,1,[1],[1],C,1,0.19,1,1.6691983546479605e-05,0
14830045001,12.428571428571429,8.176621726430962,0.6578891044254798,19,21,0.9047619047619048,紅鷹牌幼筍鮪魚170g,35.0,26.0,10.0,9100.0,5.39,24.0,379.2,PCS,55.0,0.7737304378260362,4.661,2.617,261,"[3, 6, 9, 12]","[36, 12, 5, 3]",C,8,49.71,3,0.0002003037952817,1
12016999001,0.0476190476190476,0.2182178902359924,4.582575694955841,1,21,0.0476190476190476,愛迪達男用香體噴霧品味透涼 品味透涼,31.0,21.0,17.0,11067.0,3.8,24.0,461.1,PCS,1.0,0.998266695555074,1.0,0.0,1,[1],[1],C,1,0.19,1,1.6691983546479605e-05,0
14226007001,3.238095238095238,3.433726283569526,1.060415469925883,16,21,0.7619047619047619,Airwaves超涼薄荷口香糖量販包,41.0,41.0,23.0,38663.0,5.95,30.0,1288.8,PCS,41.0,0.8128497858369027,1.619,1.058,68,"[1, 2, 3, 5]","[28, 6, 6, 2]",C,3,12.95,1,0.0001502278464613,1
14510225001,0.3809523809523809,1.3592715135759477,3.5680877231368626,2,21,0.0952380952380952,中興米台灣魯肉飯(圓一)2.5Kg,35.0,24.0,5.0,4288.0,2.5,1.0,4287.5,PCS,2.0,0.9958300694988416,4.0,2.828,8,"[2, 6]","[1, 1]",C,7,1.52,2,1.6691983546479605e-05,0
12103179001,0.0476190476190476,0.2182178902359923,4.58257569495584,1,21,0.0476190476190476,Ora2 Me微觸感牙刷中性毛 微觸感牙刷中性,23.0,8.0,5.0,920.0,0.11,6.0,153.3,PCS,1.0,0.99874002099965,1.0,0.0,1,[1],[1],C,1,0.19,1,1.6691983546479605e-05,0
14353073001,1.5238095238095235,4.5124167318527615,2.9612734802783747,6,21,0.2857142857142857,廣吉高纖特級燕麥片,48.0,37.0,23.0,40848.0,12.0,6.0,6808.0,PCS,18.0,0.903864935584407,1.684,1.336,32,"[1, 2, 3, 4, 6]","[13, 3, 1, 1, 1]",C,4,6.1,2,0.0001669198391027,0
14110163001,2.3333333333333335,2.456284456925405,1.0526933386823163,16,21,0.7619047619047619,小林煎餅千層派,35.0,35.0,26.0,31850.0,3.71,12.0,2654.2,PCS,30.0,0.8487225212913118,1.633,1.326,49,"[1, 2, 3, 5, 7]","[20, 7, 1, 1, 1]",C,4,9.33,1,0.0001669198391027,1
12012045001,0.2857142857142857,1.1019463300386794,3.856812155135378,2,21,0.0952380952380952,曼秀雷敦AD高效抗乾修復乳液 AD抗乾乳液,27.0,20.0,8.0,4320.0,1.53,6.0,720.0,PCS,3.0,0.9891201813303112,2.0,1.732,6,"[1, 4]","[2, 1]",C,4,1.14,1,1.6691983546479605e-05,0
14210216001,0.0476190476190476,0.2182178902359924,4.582575694955841,1,21,0.0476190476190476,森之果物嚴選迷你鳳梨乾,30.0,21.0,23.0,14490.0,1.65,12.0,1207.5,PCS,1.0,0.9990933484441926,1.0,0.0,1,[1],[1],C,1,0.19,1,1.6691983546479605e-05,0
32524032001,0.0476190476190476,0.2182178902359924,4.582575694955841,1,21,0.0476190476190476,L-110 A4護貝膠膜100入,46.0,33.0,11.0,16698.0,12.914,10.0,1669.8,PCS,1.0,0.9997800036666056,1.0,0.0,1,[1],[1],C,1,0.19,1,1.6691983546479605e-05,0
10041076001,0.0476190476190476,0.2182178902359924,4.582575694955841,1,21,0.0476190476190476,美國LaCroix葡萄柚風味氣泡水,41.0,28.0,13.0,14924.0,9.15,24.0,621.8,PCS,1.0,0.9970300494991752,1.0,0.0,1,[1],[1],C,1,0.19,1,1.6691983546479605e-05,0
14506139001,3.047619047619047,2.4181850730701004,0.7934669771011268,17,21,0.8095238095238095,正嘉關廟麵1200g,48.0,30.0,43.0,61920.0,15.93,12.0,5160.0,PCS,40.0,0.8163430609489842,1.422,0.499,64,"[1, 2]","[26, 19]",C,3,12.19,2,0.0001168438830063,1
12003064001,0.0476190476190476,0.2182178902359924,4.582575694955841,1,21,0.0476190476190476,多芬輕潤保濕一分鐘護髮精華,23.0,17.0,23.0,8993.0,2.65,12.0,749.4,PCS,1.0,0.9978133697771704,1.0,0.0,1,[1],[1],C,1,0.19,1,1.6691983546479605e-05,0
14616019001,2.0,2.1447610589527217,1.0723805294763609,15,21,0.7142857142857143,家福超值白醋,33.0,33.0,32.0,34848.0,20.78,6.0,5808.0,PCS,29.0,0.8540057665705572,1.355,0.709,42,"[1, 2, 3, 4]","[23, 6, 1, 1]",C,3,8.0,2,0.0001001518976408,1
11103237001,1.619047619047619,2.2243244025139517,1.3738474250821466,14,21,0.6666666666666666,白蘭含熊馨香洗衣精補二入組,42.0,30.0,30.0,37800.0,11.35,3.0,12600.0,PCS,19.0,0.8958450692488459,1.789,2.07,34,"[1, 2, 3, 10]","[13, 4, 1, 1]",C,4,6.48,3,3.338396709295921e-05,1
11075012001,0.0476190476190476,0.2182178902359924,4.582575694955841,1,21,0.0476190476190476,興農奶油香味粘鼠板-小 興農奶油香味粘,32.0,27.0,14.0,12096.0,4.2,12.0,1008.0,PCS,1.0,0.9973733771103817,1.0,0.0,1,[1],[1],C,1,0.19,1,1.6691983546479605e-05,0
14020949001,1.4761904761904765,3.0922329734198164,2.0947384658650368,9,21,0.4285714285714285,華元波的多洋芋片布列塔尼鹽口味,49.0,30.0,36.0,52920.0,2.42,6.0,8820.0,PCS,13.0,0.9295278412026466,1.938,1.569,31,"[1, 3, 4, 6]","[11, 2, 2, 1]",C,5,5.9,1,6.676793418591842e-05,1
14851072001,6.190476190476191,5.4737468668093126,0.8842206477153505,17,21,0.8095238095238095,席瑞思貓食-鱈魚干貝口味1.5kg,40.0,32.0,24.0,30720.0,9.78,6.0,5120.0,PCS,45.0,0.8009266512224796,2.826,1.554,130,"[2, 4, 6, 8]","[34, 6, 5, 1]",C,5,24.76,5,0.0004339915758464,1
14242083001,1.238095238095238,1.7861904127153383,1.442692256423927,13,21,0.6190476190476191,盛香珍椒麻青豆花生,35.0,30.0,18.0,18900.0,1.91,10.0,1890.0,PCS,17.0,0.9083648605856568,1.368,0.761,26,"[1, 2, 4]","[14, 4, 1]",C,3,4.95,1,6.676793418591842e-05,1
14361137001,1.0952380952380951,1.4108423691100964,1.288160423970088,12,21,0.5714285714285714,萬歲牌全天然無加糖腰果紫米什穀堅果飲,46.0,33.0,22.0,33396.0,3.798,12.0,2783.0,PCS,16.0,0.9135481075315413,1.438,1.031,23,"[1, 2, 5]","[12, 3, 1]",C,3,4.38,1,0.0001168438830063,1
12034075001,6.142857142857143,3.850788416489724,0.6268725329169317,19,21,0.9047619047619048,蘭韻化妝棉,49.0,36.0,37.0,65268.0,4.26,36.0,1813.0,PCS,37.0,0.8238029366177231,3.395,1.028,129,"[3, 6]","[33, 5]",C,5,24.57,1,6.676793418591842e-05,1
11010001001,0.4285714285714285,1.7484687178050564,4.079760341545132,2,21,0.0952380952380952,威猛先生地板瓶裝-芬多精,38.0,25.0,29.0,27550.0,14.08,6.0,4591.7,PCS,2.0,0.9924101264978916,3.0,1.732,9,"[1, 4]","[1, 2]",C,7,1.71,1,1.6691983546479605e-05,0
12123086001,9.714285714285714,5.992852886087369,0.6169113265089939,19,21,0.9047619047619048,蘇菲超熟睡超薄細緻棉柔35cm,40.0,38.0,30.0,45600.0,3.02,24.0,1900.0,PCS,49.0,0.7875535407743204,4.0,1.766,204,"[3, 6, 9]","[37, 11, 3]",C,6,38.86,2,0.0001335358683718,1
11103019001,21.238095238095237,19.791171673008044,0.931871311957778,16,21,0.7619047619047619,全效光鮮柔軟洗衣精溫柔花香,44.0,26.0,32.0,36608.0,15.6,4.0,9152.0,PCS,132.0,0.6032299461675639,3.209,1.759,446,"[1, 2, 3, 4, 5, 6, 9, 12]","[6, 72, 2, 36, 1, 20, 1, 1]",C,6,84.95,22,0.0001502278464613,1
14302005001,2.142857142857143,2.2866069685390684,1.0670832519848987,13,21,0.6190476190476191,天仁綠茶,43.0,43.0,34.0,62866.0,7.41,16.0,3929.1,PCS,30.0,0.849822502958284,1.452,0.768,45,"[1, 2, 3, 4]","[21, 7, 2, 1]",C,3,8.57,1,8.345991955138743e-05,1
14002003001,2.761904761904762,3.2848860239704196,1.189355284541014,15,21,0.7142857142857143,雪之戀鹹蛋黃餅,55.0,29.0,25.0,39875.0,3.52,12.0,3322.9,PCS,40.0,0.8146097565040583,1.415,0.948,58,"[1, 2, 3, 6]","[31, 6, 3, 1]",C,3,11.05,1,0.0002003037952817,1
10024010001,54.0,66.27216610312357,1.227262335243029,15,21,0.7142857142857143,可爾必思乳酸菌飲料Can335ml,41.0,27.0,12.0,13284.0,8.9,24.0,553.5,PCS,71.0,0.7321744637589374,14.727,9.856,1134,"[6, 12, 18, 24, 30, 48]","[35, 9, 5, 25, 1, 2]",C,27,216.0,9,0.0001335358683718,1
14612916001,0.6190476190476191,2.246690688016276,3.6292695729493687,2,21,0.0952380952380952,佳西亞特級冷壓初榨橄欖油,34.0,27.0,27.0,24786.0,16.35,12.0,2065.5,PCS,5.0,0.9798470025499576,2.6,2.074,13,"[1, 2, 3, 6]","[2, 1, 1, 1]",C,5,2.48,1,3.338396709295921e-05,0
14121075001,2.380952380952381,2.39741924736143,1.006916083891801,17,21,0.8095238095238095,奧利奧夾心餅乾隨手包-草莓,33.0,19.0,27.0,16929.0,3.85,12.0,1410.8,PCS,37.0,0.8254062432292795,1.316,0.873,50,"[1, 2, 3, 4, 5]","[32, 3, 1, 1, 1]",C,3,9.52,1,0.0001168438830063,1
12011011001,0.5714285714285714,1.9892568605242655,3.481199505917465,3,21,0.1428571428571428,澎澎 激酷沐浴乳 澎澎 激酷沐浴乳,37.0,21.0,25.0,19425.0,9.17,12.0,1618.8,PCS,4.0,0.9829169513841436,3.0,3.367,12,"[1, 2, 8]","[2, 1, 1]",C,7,2.29,1,3.338396709295921e-05,0
11071035001,0.4761904761904761,1.3273676061682242,2.787471972953271,5,21,0.238095238095238,速必效蟑螂凝膠餌寶,53.0,45.0,21.0,50085.0,8.86,24.0,2086.9,PCS,5.0,0.975780403659939,2.0,2.236,10,"[1, 6]","[4, 1]",C,5,1.9,1,3.338396709295921e-05,0
12123015001,4.190476190476191,3.9448580154303095,0.9413865718640512,15,21,0.7142857142857143,蘇菲超熟睡褲型衛生棉L2片,44.0,32.0,21.0,29568.0,1.446,12.0,2464.0,PCS,24.0,0.8714554757420709,3.143,2.785,88,"[1, 2, 3, 4, 5, 6, 10, 12]","[10, 6, 3, 3, 1, 3, 1, 1]",C,7,16.76,2,8.345991955138743e-05,1
14620051001,1.761904761904762,2.165750722146062,1.2292098693261433,14,21,0.6666666666666666,屏大薄鹽醬油,49.0,33.0,25.0,40425.0,22.7,24.0,1684.4,PCS,27.0,0.8622156297395044,1.37,0.742,37,"[1, 2, 3, 4]","[20, 5, 1, 1]",C,3,7.05,1,5.007594882044941e-05,1
14104060001,2.1904761904761907,1.9651729597938097,0.8971441772971739,17,21,0.8095238095238095,77蜜蘭諾千層鬆塔,40.0,26.0,25.0,26000.0,2.13,12.0,2166.7,PCS,34.0,0.8353327444542591,1.314,0.867,46,"[1, 2, 4, 5]","[29, 4, 1, 1]",C,3,8.76,1,0.0001335358683718,1
14021021001,7.761904761904762,7.771130946681839,1.0011886495725069,16,21,0.7619047619047619,卡那全天然洋芋片地瓜片拜拜箱綜合口味,33.0,20.0,25.0,16500.0,0.82,1.0,16500.0,PCS,143.0,0.589010183163614,1.14,0.348,163,"[1, 2]","[123, 20]",C,2,31.05,32,0.0004506835539359,1
12120027001,1.4285714285714286,5.334523676687813,3.734166573681469,2,21,0.0952380952380952,靠得住蘆薈高透氧護墊,14.0,8.0,14.0,1566.0,0.2,1.0,1566.0,PCS,4.0,0.9839569340510992,7.5,3.0,30,"[6, 12]","[3, 1]",C,11,5.71,6,3.338396709295921e-05,0
12034088001,0.4761904761904761,1.749829923708233,3.6746428397872903,3,21,0.1428571428571428,GATSBY潔面濕紙巾(極凍型) GBFP極凍型,13.0,11.0,18.0,2574.0,0.57,6.0,429.0,PCS,3.0,0.9894901751637472,3.333,4.041,10,"[1, 8]","[2, 1]",C,8,1.9,1,3.338396709295921e-05,0
14523031001,1.8095238095238095,2.786019519297157,1.539642365927376,12,21,0.5714285714285714,職人料理和風咖哩雞,30.0,27.0,20.0,16200.0,6.396,12.0,1350.0,PCS,23.0,0.8788720187996867,1.52,1.046,38,"[1, 2, 6]","[16, 8, 1]",C,3,7.24,1,0.0001001518976408,1
14613939001,3.5238095238095237,12.184494440144192,3.457761935716595,5,21,0.238095238095238,維義Omega3芥花不飽和調和油1000ml,33.0,26.0,29.0,24882.0,12.17,12.0,2073.5,PCS,6.0,0.973777103714938,9.25,10.138,74,"[1, 2, 7, 14, 24]","[3, 1, 1, 1, 2]",C,23,14.1,2,5.007594882044941e-05,0
12001015001,0.0476190476190476,0.2182178902359924,4.582575694955841,1,21,0.0476190476190476,絲蘊無矽靈抗屑洗髮乳 絲蘊無矽抗屑洗,31.0,22.0,26.0,17732.0,8.074,9.0,1970.2,PCS,1.0,0.9976867052215797,1.0,0.0,1,[1],[1],C,1,0.19,1,1.6691983546479605e-05,0
12201897001,2.761904761904762,2.488066757640597,0.9008517570767678,15,21,0.7142857142857143,舒潔女用濕式衛生紙40P       ,23.0,11.0,6.0,1518.0,0.5,1.0,1518.0,PCS,22.0,0.8820086331894469,2.636,0.953,58,"[2, 4]","[15, 7]",C,4,11.05,12,0.0001168438830063,1
31502034001,1.8095238095238095,2.5023798196726177,1.3828941108717097,12,21,0.5714285714285714,OP花香環保袋(大),47.0,20.0,35.0,32900.0,15.21,30.0,1096.7,PCS,20.0,0.8947584206929885,1.9,1.21,38,"[1, 2, 3, 6]","[9, 7, 3, 1]",C,4,7.24,1,6.676793418591842e-05,1
11050091001,0.0476190476190476,0.2182178902359924,4.582575694955841,1,21,0.0476190476190476,家福ECO環保薄荷迷迭香洗碗精 家福ECO環保薄荷,38.0,19.0,28.0,20216.0,10.15,12.0,1684.7,PCS,1.0,0.9972200463325612,1.0,0.0,1,[1],[1],C,1,0.19,1,1.6691983546479605e-05,0
11073902002,1.761904761904762,2.1190743711526956,1.2027178863299084,14,21,0.6666666666666666,雷達液體電蚊香無味重裝4入,35.0,31.0,13.0,14105.0,3.13,12.0,1175.4,PCS,20.0,0.8900918318028033,1.85,1.424,37,"[1, 2, 3, 5, 6]","[12, 4, 2, 1, 1]",C,4,7.05,1,6.676793418591842e-05,1
14353002001,0.4285714285714285,1.7484687178050564,4.079760341545132,2,21,0.0952380952380952,家樂福即食大燕麥片500g,39.0,31.0,23.0,27807.0,6.91,12.0,2317.3,PCS,4.0,0.9853302444959252,2.25,1.5,9,"[1, 3, 4]","[2, 1, 1]",C,4,1.71,1,3.338396709295921e-05,0
42613064001,0.1904761904761904,0.6796357567879738,3.5680877231368626,2,21,0.0952380952380952,G-PLUS LJ1704W來電顯示有線電話機,21.0,8.0,8.0,1344.0,0.4,1.0,1344.0,PCS,2.0,0.9968567190546824,2.0,1.414,4,"[1, 3]","[1, 1]",C,4,0.76,1,1.6691983546479605e-05,0
12010214001,0.0476190476190476,0.2182178902359924,4.582575694955841,1,21,0.0476190476190476,蜂王蘆薈潤膚皂 蘆薈皂,46.0,34.0,25.0,39100.0,37.25,24.0,1629.2,PCS,1.0,0.9980466992216795,1.0,0.0,1,[1],[1],C,1,0.19,1,1.6691983546479605e-05,0
14340006001,2.2857142857142856,2.0770858707058104,0.908725068433792,18,21,0.8571428571428571,康寶草莓果醬400g,24.0,31.0,14.0,10416.0,8.18,12.0,868.0,PCS,36.0,0.829406176563724,1.263,0.724,48,"[1, 2, 4]","[32, 4, 2]",C,3,9.14,1,8.345991955138743e-05,1
14506150001,1.8571428571428572,1.8516401995451028,0.9970370305242862,14,21,0.6666666666666666,譽方媽媽 關廟麵1200g,51.0,40.0,32.0,65280.0,16.35,12.0,5440.0,PCS,28.0,0.8581390310161497,1.345,0.484,39,"[1, 2]","[19, 10]",C,2,7.43,1,0.0001001518976408,1
12000090001,0.0476190476190476,0.2182178902359924,4.582575694955841,1,21,0.0476190476190476,多芬植萃蝴蝶蘭受損修護洗髮露 多芬蝶蘭洗髮露,28.0,22.0,25.0,15400.0,7.5,12.0,1283.3,PCS,1.0,0.9975900401659972,1.0,0.0,1,[1],[1],C,1,0.19,1,1.6691983546479605e-05,0
42607128001,0.0476190476190476,0.2182178902359924,4.582575694955841,1,21,0.0476190476190476,PHILIPS PD+QC 18W 2孔充電器,10.0,5.0,18.0,900.0,0.2,1.0,900.0,PCS,1.0,0.9999700004999916,1.0,0.0,1,[1],[1],C,1,0.19,1,1.6691983546479605e-05,0
12006067001,0.0476190476190476,0.2182178902359924,4.582575694955841,1,21,0.0476190476190476,Caravan原木頭皮護理氣墊梳 原木頭皮氣墊梳,38.0,25.0,6.0,5700.0,0.712,6.0,950.0,PCS,1.0,0.9979800336661055,1.0,0.0,1,[1],[1],C,1,0.19,1,1.6691983546479605e-05,0
14520066001,2.4761904761904763,2.749891772762114,1.1105332159231611,13,21,0.6190476190476191,康寶濃湯-自然原味火腿蘑菇41.4G,35.0,29.0,34.0,34510.0,6.34,96.0,359.5,PCS,22.0,0.8839152680788653,2.364,0.79,52,"[2, 4]","[18, 4]",C,4,9.9,1,0.0001335358683718,1
12005092002,0.0476190476190476,0.2182178902359924,4.582575694955841,1,21,0.0476190476190476,HELLO BUBBLE 泡沫染髮劑 HB煙灰,34.0,21.0,26.0,18564.0,2.66,8.0,2320.5,PCS,1.0,0.9979467008883184,1.0,0.0,1,[1],[1],C,1,0.19,1,1.6691983546479605e-05,0
41522003001,2.761904761904762,4.36926494853267,1.5819752399859666,13,21,0.6190476190476191,山多力 SL-168B 16吋立扇,47.0,25.0,46.0,54050.0,4.4,1.0,54050.0,PCS,37.0,0.8268862185630239,1.568,0.728,58,"[1, 2, 3]","[21, 11, 5]",C,3,11.05,12,1.6691983546479605e-05,1
14350001001,1.380952380952381,3.216771525554628,2.329386277125765,9,21,0.4285714285714285,喜瑞爾甜玉米脆片,36.0,30.0,26.0,28080.0,2.72,10.0,2808.0,PCS,11.0,0.942740954317428,2.636,3.443,29,"[1, 2, 6, 12]","[7, 2, 1, 1]",C,7,5.52,1,1.6691983546479605e-05,0
12102999001,0.0476190476190476,0.2182178902359924,4.582575694955841,1,21,0.0476190476190476,日本獅王細潔適齦佳牙膏修護Plus90g 適齦佳修護90,23.0,8.0,16.0,2944.0,1.21,10.0,294.4,PCS,1.0,0.9986766887218548,1.0,0.0,1,[1],[1],C,1,0.19,1,1.6691983546479605e-05,0
14631054001,0.0476190476190476,0.2182178902359923,4.58257569495584,1,21,0.0476190476190476,李錦記桂林辣椒醬368g,30.0,22.0,12.0,7920.0,7.09,12.0,660.0,PCS,1.0,0.99946000899985,1.0,0.0,1,[1],[1],C,1,0.19,1,1.6691983546479605e-05,0
35752005001,0.3809523809523809,1.3592715135759477,3.5680877231368626,2,21,0.0952380952380952,光陽機車齒輪油-110cc,26.0,22.0,25.0,14300.0,3.0,24.0,595.8,PCS,2.0,0.9966700554990752,4.0,2.828,8,"[2, 6]","[1, 1]",C,7,1.52,1,1.6691983546479605e-05,0
11112015001,0.0476190476190476,0.2182178902359924,4.582575694955841,1,21,0.0476190476190476,OP天然茶酚衣物去漬劑 OP茶酚衣物去漬,34.0,28.0,26.0,24752.0,6.67,12.0,2062.7,PCS,1.0,0.9975500408326528,1.0,0.0,1,[1],[1],C,1,0.19,1,1.6691983546479605e-05,0
11021026001,1.238095238095238,2.9309514138716444,2.3673069112040204,7,21,0.3333333333333333,家福強效廚房清潔劑,37.0,25.0,33.0,30525.0,16.48,4.0,7631.3,PCS,10.0,0.94520424659589,2.0,1.826,26,"[1, 2, 6]","[8, 3, 2]",C,5,4.95,2,6.676793418591842e-05,0
10040018001,33.142857142857146,23.635324652489363,0.713134795549248,18,21,0.8571428571428571,味丹多喝水2000ml,38.0,22.0,31.0,25916.0,16.93,8.0,3239.5,PCS,57.0,0.7683205279912001,10.388,4.512,696,"[1, 7, 8, 9, 15, 16]","[4, 6, 30, 3, 1, 23]",C,17,132.57,17,0.0002003037952817,1
12020018001,0.0476190476190476,0.2182178902359924,4.582575694955841,1,21,0.0476190476190476,肌研卵肌溫和去角質泡洗顏 卵肌系列,26.0,10.0,16.0,4160.0,1.5,6.0,693.3,PCS,1.0,0.9982833619439676,1.0,0.0,1,[1],[1],C,1,0.19,1,1.6691983546479605e-05,0
11100015001,0.9523809523809524,1.3592715135759477,1.4272350892547452,12,21,0.5714285714285714,白蘭陽光馨香洗衣粉,37.0,30.0,28.0,31080.0,18.12,4.0,7770.0,PCS,17.0,0.9059849002516625,1.111,0.323,20,"[1, 2]","[16, 2]",C,2,3.81,1,6.676793418591842e-05,1
14315003001,2.4761904761904763,2.3370718349902644,0.9438174718229914,16,21,0.7619047619047619,雀巢金牌濾掛純正阿拉比卡中烘培,35.0,23.0,28.0,22540.0,2.25,12.0,1878.3,PCS,33.0,0.8389893501774971,1.529,1.134,52,"[1, 2, 3, 4, 6]","[25, 5, 1, 2, 1]",C,3,9.9,1,0.0001669198391027,1
14811006001,9.238095238095235,10.2318364036216,1.1075699199796578,16,21,0.7619047619047619,台糖特級玉米醬 425公克,32.0,24.0,23.0,17664.0,12.21,24.0,736.0,PCS,33.0,0.8400893318444692,5.706,6.137,194,"[3, 6, 9, 12, 35]","[24, 3, 1, 5, 1]",C,13,36.95,2,0.0001335358683718,1
12020328001,0.0476190476190476,0.2182178902359924,4.582575694955841,1,21,0.0476190476190476,曼秀雷敦藥用抗痘潔面慕絲,15.0,10.0,20.0,3000.0,1.1,6.0,500.0,PCS,1.0,0.9983533607773204,1.0,0.0,1,[1],[1],C,1,0.19,1,1.6691983546479605e-05,0
14362019001,1.7142857142857142,5.7196403483336,3.336456869861267,6,21,0.2857142857142857,桂格北海道鮮奶麥片-特濃鮮奶,48.0,33.0,26.0,41184.0,7.84,15.0,2745.6,PCS,15.0,0.9192780120331328,2.4,2.923,36,"[1, 2, 9, 10]","[9, 4, 1, 1]",C,6,6.86,1,6.676793418591842e-05,0
12000233001,0.0476190476190476,0.2182178902359924,4.582575694955841,1,21,0.0476190476190476,Farm Recipe萃進化羽衣甘藍清爽蓬鬆洗髮精 清爽蓬鬆洗髮精,22.0,16.0,22.0,7744.0,3.48,6.0,1290.7,PCS,1.0,0.9976367060548992,1.0,0.0,1,[1],[1],C,1,0.19,1,1.6691983546479605e-05,0
12104047001,0.0476190476190476,0.2182178902359924,4.582575694955841,1,21,0.0476190476190476,歐樂B  D100K 兒童充電式電動牙刷,12.0,9.0,22.0,2376.0,0.35,1.0,2376.0,PCS,1.0,0.998763353944101,1.0,0.0,1,[1],[1],C,1,0.19,1,1.6691983546479605e-05,0
11075006001,0.0476190476190476,0.2182178902359924,4.582575694955841,1,21,0.0476190476190476,天堂鼠 天堂鼠,48.0,23.0,19.0,20976.0,5.93,24.0,874.0,PCS,1.0,0.9973700438326027,1.0,0.0,1,[1],[1],C,1,0.19,1,1.6691983546479605e-05,0
41401022001,0.0476190476190476,0.2182178902359924,4.582575694955841,1,21,0.0476190476190476,飛利浦BHC010櫻花粉時尚吹風,22.0,12.0,8.0,2112.0,0.8,1.0,2112.0,PCS,1.0,0.9999000016666388,1.0,0.0,1,[1],[1],C,1,0.19,1,1.6691983546479605e-05,0
14804016001,18.0,19.98999749874922,1.1105554165971787,16,21,0.7619047619047619,泰山十穀寶,41.0,27.0,12.0,13284.0,9.8,24.0,553.5,PCS,37.0,0.8265162247295879,9.45,6.21,378,"[6, 12, 18, 24, 36]","[26, 9, 3, 1, 1]",C,17,72.0,3,0.0001168438830063,1
12002002001,0.0476190476190476,0.2182178902359924,4.582575694955841,1,21,0.0476190476190476,絲蘊無矽靈水潤潤髮乳 無矽靈水潤潤髮,31.0,23.0,28.0,19964.0,8.24,9.0,2218.2,PCS,1.0,0.9977333711104814,1.0,0.0,1,[1],[1],C,1,0.19,1,1.6691983546479605e-05,0
14510148001,2.6666666666666665,2.3523038352503134,0.8821139382188675,18,21,0.8571428571428571,三好履歷芋香米2.2kg(圓一),35.0,24.0,5.0,4288.0,2.2,1.0,4287.5,PCS,40.0,0.8164763920601323,1.366,1.067,56,"[1, 2, 3, 5, 6]","[35, 2, 2, 1, 1]",C,3,10.67,11,0.0001001518976408,1
12002090001,0.0476190476190476,0.2182178902359924,4.582575694955841,1,21,0.0476190476190476,沛特斯有機茶樹潤絲精 有機茶樹,23.0,16.0,20.0,7360.0,3.4,6.0,1226.7,PCS,1.0,0.9977567040549324,1.0,0.0,1,[1],[1],C,1,0.19,1,1.6691983546479605e-05,0
11041027001,1.7142857142857142,1.4192553379451187,0.8278989471346526,18,21,0.8571428571428571,妙管家馬桶自動清潔劑-薰衣草,38.0,34.0,18.0,23256.0,8.0,24.0,969.0,PCS,26.0,0.8631922801286646,1.385,0.496,36,"[1, 2]","[16, 10]",C,2,6.86,1,0.0001001518976408,1
14611025001,1.0,2.8284271247461903,2.8284271247461903,7,21,0.3333333333333333,泰山活力元素純葵花油1L,35.0,26.0,29.0,26390.0,12.3,12.0,2199.2,PCS,10.0,0.94970417159714,1.909,1.64,21,"[1, 2, 4, 6]","[7, 2, 1, 1]",C,4,4.0,1,3.338396709295921e-05,0
14700029001,1.4761904761904765,2.7498917727621137,1.8628299105807864,10,21,0.4761904761904761,精選宣言紅豆真空包600g,38.0,31.0,16.0,18848.0,5.18,12.0,1570.7,PCS,17.0,0.909724837919368,1.824,2.651,31,"[1, 2, 12]","[13, 3, 1]",C,5,5.9,1,0.0001168438830063,1
12106109002,0.0476190476190476,0.2182178902359924,4.582575694955841,1,21,0.0476190476190476,３Ｍ 細滑微孔潔牙線,25.0,20.0,16.0,8000.0,2.1,12.0,666.7,PCS,1.0,0.998806686555224,1.0,0.0,1,[1],[1],C,1,0.19,1,1.6691983546479605e-05,0
11041019001,1.1904761904761905,2.2498677209793385,1.8898888856226443,10,21,0.4761904761904761,Bref妙力懸掛式馬桶清潔球,40.0,14.0,20.0,11200.0,1.6,10.0,1120.0,PCS,12.0,0.93306778220363,1.923,1.891,25,"[1, 2, 8]","[7, 5, 1]",C,5,4.76,1,5.007594882044941e-05,1
14010048001,1.380952380952381,1.774153050787628,1.2847315195358686,12,21,0.5714285714285714,古早可樂果,47.0,29.0,25.0,34075.0,2.22,12.0,2839.6,PCS,19.0,0.8973017116381393,1.45,0.826,29,"[1, 2, 3, 4]","[14, 4, 1, 1]",C,3,5.52,1,8.345991955138743e-05,1
14001019001,3.3333333333333335,4.385582439463809,1.3156747318391426,16,21,0.7619047619047619,正哲礦鹽蘇打餅 -香辣百匯風味,44.0,37.0,33.0,53724.0,4.7,10.0,5372.4,PCS,42.0,0.8085465242245963,1.591,1.589,70,"[1, 2, 3, 5, 10]","[33, 7, 1, 2, 1]",C,4,13.33,2,0.0002670717367436,1
14361114001,3.857142857142857,8.088792952509753,2.0970944691691953,12,21,0.5714285714285714,馬玉山高纖蔬菜胚芽,43.0,29.0,31.0,38657.0,10.99,12.0,3221.4,PCS,20.0,0.8933584440259329,3.375,3.536,81,"[1, 2, 3, 4, 5, 6, 10, 12]","[11, 5, 1, 1, 1, 1, 3, 1]",C,8,15.43,2,8.345991955138743e-05,1
14502016001,19.285714285714285,27.216066683381815,1.4112034576568349,12,21,0.5714285714285714,台酒麵攤-酒燉排骨風味湯麵95g,39.0,33.0,14.0,18018.0,3.63,30.0,600.6,PCS,65.0,0.7509308178197031,6.231,2.171,405,"[5, 10]","[49, 16]",C,9,77.14,3,0.000350531656295,1
14102115001,3.3333333333333335,3.055050463303893,0.916515138991168,18,21,0.8571428571428571,義美黑可可消化餅,53.0,22.0,28.0,32648.0,4.478,12.0,2720.7,PCS,50.0,0.7852269128847853,1.373,1.038,70,"[1, 2, 5, 7]","[40, 9, 1, 1]",C,3,13.33,2,0.0001335358683718,1
12005108003,0.3809523809523809,1.3592715135759477,3.5680877231368626,2,21,0.0952380952380952,巴黎萊雅優媚霜三重護髮染髮霜 優媚霜4自然棕,31.0,27.0,18.0,15066.0,3.3,12.0,1255.5,PCS,2.0,0.9937167713871436,4.0,2.828,8,"[2, 6]","[1, 1]",C,7,1.52,1,1.6691983546479605e-05,0
14223176001,2.857142857142857,3.3806170189140663,1.1832159566199232,14,21,0.6666666666666666,義美綜合果汁ＱＱ糖,30.0,23.0,16.0,11040.0,3.12,12.0,920.0,PCS,45.0,0.7991266812219796,1.304,0.866,60,"[1, 2, 4, 5]","[39, 4, 2, 1]",C,3,11.43,1,0.0001836118171922,1
12002127001,0.0476190476190476,0.2182178902359924,4.582575694955841,1,21,0.0476190476190476,巴黎美妝石榴保濕潤髮乳 櫻桃柔亮潤髮乳,27.0,16.0,17.0,7344.0,1.88,12.0,612.0,PCS,1.0,0.9977667038882684,1.0,0.0,1,[1],[1],C,1,0.19,1,1.6691983546479605e-05,0
14830048001,3.7142857142857144,4.124837659143171,1.1105332159231611,13,21,0.6190476190476191,遠洋牌鮪魚抹醬 110g,31.0,24.0,10.0,7440.0,3.78,24.0,310.0,PCS,16.0,0.915148080865319,4.875,2.655,78,"[3, 6, 9, 12]","[9, 5, 1, 1]",C,8,14.86,1,5.007594882044941e-05,1
12201896001,59.04761904761905,69.0582914576347,1.1695355811373618,19,21,0.9047619047619048,家福超值單抽式柔紙巾,21.0,10.0,8.0,1785.0,0.2,1.0,1785.0,PCS,46.0,0.7956334061098982,26.957,35.331,1240,"[10, 20, 60, 80, 130, 200]","[23, 15, 5, 1, 1, 1]",C,64,236.19,237,8.345991955138743e-05,1
14508017001,4.0476190476190474,7.466432819467342,1.8446481083389905,15,21,0.7142857142857143,南興新竹100％純米米粉200g,33.0,32.0,24.0,25344.0,2.9,12.0,2112.0,PCS,34.0,0.8358994016766387,2.361,2.282,85,"[1, 2, 3, 4, 5, 6, 12]","[19, 7, 3, 2, 1, 3, 1]",C,5,16.19,2,8.345991955138743e-05,1
14111037001,4.9523809523809526,8.58181909898007,1.7328673180632832,18,21,0.8571428571428571,原味巡禮菜脯餅,50.0,41.0,38.0,77900.0,5.62,24.0,3245.8,PCS,60.0,0.7620439659339011,1.651,1.233,104,"[1, 2, 4, 5, 9]","[36, 23, 2, 1, 1]",C,4,19.81,1,0.000350531656295,1
12105018001,0.0952380952380952,0.4364357804719847,4.58257569495584,1,21,0.0476190476190476,日本獅王固齒佳酵素漱口水 酵素漱口水,26.0,24.0,21.0,13104.0,6.374,12.0,1092.0,PCS,2.0,0.9948234196096732,1.0,0.0,2,[1],[2],C,1,0.38,1,1.6691983546479605e-05,0
14601026001,8.619047619047619,5.258100326887939,0.6100558390311973,20,21,0.9523809523809524,康寶全新鮮味炒手原味500g,31.0,24.0,23.0,17112.0,6.5,12.0,1426.0,PCS,126.0,0.6143864268928851,1.414,0.984,181,"[1, 2, 3, 4, 10]","[92, 27, 7, 1, 1]",C,3,34.48,3,0.0002336877660127,1
14130016001,13.571428571428571,8.5707142559499,0.6315263135963084,21,21,1.0,77新貴派18片盒裝-藍莓,60.0,26.0,23.0,35880.0,4.47,12.0,2990.0,PCS,195.0,0.5184080265328911,1.432,1.249,285,"[1, 2, 3, 5, 6, 7, 8, 9, 10]","[157, 27, 8, 2, 1, 1, 1, 1, 1]",C,3,54.29,5,0.0007177552906796,1
30013004001,0.0952380952380952,0.4364357804719848,4.582575694955841,1,21,0.0476190476190476,Panasonic 碳鋅(錳乾)1號4入,42.0,19.0,15.0,11970.0,13.026,30.0,399.0,PCS,1.0,0.9996033399443344,2.0,0.0,2,[2],[1],C,2,0.38,1,1.6691983546479605e-05,0
14505138001,84.14285714285714,68.8464129162048,0.8182086424676293,21,21,1.0,拉麵道-日式豚骨(杯)73G,42.0,34.0,13.0,18564.0,1.64,12.0,1547.0,PCS,285.0,0.3976133731104481,5.645,4.689,1767,"[1, 2, 3, 6, 9, 12, 15, 18, 24, 33]","[1, 1, 187, 66, 8, 37, 2, 2, 8, 1]",B,19,336.57,29,0.0017860422376543,3
14501016001,65.42857142857143,44.28043747364227,0.6767752452303404,21,21,1.0,滿漢大餐珍味牛肉(袋) 173g,34.0,26.0,15.0,13260.0,2.78,12.0,1105.0,PCS,209.0,0.4997183380276995,6.245,5.591,1374,"[3, 6, 9, 12, 15, 18, 24, 27]","[132, 39, 5, 27, 3, 2, 10, 2]",B,21,261.71,22,0.0011517468374222,3
10035021001,442.6666666666667,361.79404822817816,0.8173058318407639,21,21,1.0,Asahi 十六茶 530ml,41.0,27.0,24.0,26568.0,13.91,24.0,1107.0,PCS,286.0,0.392856785720238,31.405,63.555,9296,"[1, 3, 4, 7, 8, 9, 12, 15, 16, 24, 32, 33, 36, 39, 44, 48, 61, 64, 72, 120, 480, 960]","[1, 1, 49, 1, 23, 1, 3, 1, 6, 130, 1, 1, 1, 1, 1, 61, 1, 2, 4, 5, 1, 1]",B,196,1770.67,74,0.000317147700116,2
12004218001,0.0952380952380952,0.4364357804719848,4.582575694955841,1,21,0.0476190476190476,沙宣強力定型噴霧300ml 沙宣強力噴霧,23.0,18.0,28.0,11592.0,3.87,12.0,966.0,PCS,1.0,0.997873368777187,2.0,0.0,2,[2],[1],C,2,0.38,1,1.6691983546479605e-05,0
30045078002,0.4761904761904761,2.182178902359924,4.582575694955841,1,21,0.0476190476190476,旭光(超高效能 )LED13W球泡燈,35.0,28.0,16.0,15680.0,1.9,20.0,784.0,PCS,1.0,0.9996066732221128,10.0,0.0,10,[10],[1],C,10,1.9,1,0.0,0
14132003001,8.095238095238095,7.582247436642792,0.9366305657029332,19,21,0.9047619047619048,家福咖啡脆捲,38.0,33.0,26.0,32604.0,3.43,10.0,3260.4,PCS,108.0,0.6515724737921035,1.532,1.043,170,"[1, 2, 3, 4, 5]","[80, 17, 4, 6, 4]",C,3,32.38,4,0.0003672236343845,1
31567052001,2.4761904761904763,2.9089353313376978,1.1747623453479163,19,21,0.9047619047619048,無塵氏 酒精抗菌擦拭巾80抽,36.0,18.0,26.0,16848.0,6.07,12.0,1404.0,PCS,43.0,0.8070065498908352,1.209,1.372,52,"[1, 10]","[42, 1]",C,3,9.9,1,0.0001335358683718,1
12220013001,8.619047619047619,5.093880549013596,0.5910027156314117,21,21,1.0,五月花妙用廚房紙巾,31.0,21.0,22.0,14322.0,1.0,1.0,14322.0,PCS,133.0,0.6019066348894185,1.321,0.469,181,"[1, 2]","[93, 44]",C,2,34.48,35,0.0002336877660127,1
12004053001,0.0952380952380952,0.4364357804719847,4.58257569495584,1,21,0.0476190476190476,瑪宣妮保濕髮妝水 毛躁Bye Bye 毛躁 Bye Bye,20.0,18.0,6.0,2160.0,1.2,3.0,720.0,PCS,1.0,0.997850035832736,2.0,0.0,2,[2],[1],C,2,0.38,1,1.6691983546479605e-05,0
12010137001,3.4285714285714284,4.319391491534757,1.2598225183643044,19,21,0.9047619047619048,美琪抗菌洗手乳-淨萃青桔,43.0,22.0,24.0,22704.0,9.9,12.0,1892.0,PCS,57.0,0.7687005216579723,1.241,0.432,72,"[1, 2]","[44, 14]",C,2,13.71,2,8.345991955138743e-05,1
12016130001,0.238095238095238,1.091089451179962,4.582575694955841,1,21,0.0476190476190476,蕊娜自由舒暢制汗 爽身噴霧 15,19.0,14.0,8.0,2128.0,0.9,6.0,354.7,PCS,2.0,0.9941567640539324,2.5,2.121,5,"[1, 4]","[1, 1]",C,5,0.95,1,1.6691983546479605e-05,0
14202021001,3.047619047619047,2.957637409761218,0.9704747750778996,18,21,0.8571428571428571,家樂福蜜汁厚燒條子肉乾,39.0,29.0,16.0,18096.0,2.16,12.0,1508.0,PCS,46.0,0.7959400676655389,1.391,0.93,64,"[1, 2, 3, 4, 6]","[35, 8, 1, 1, 1]",C,3,12.19,2,0.0001502278464613,1
12103021001,0.1428571428571428,0.6546536707079772,4.582575694955841,1,21,0.0476190476190476,家福 FAMILY 牙刷4入 家福 FAMILY 牙,24.0,18.0,23.0,9936.0,1.23,18.0,552.0,PCS,1.0,0.9986900218329694,3.0,0.0,3,[3],[1],C,3,0.57,1,1.6691983546479605e-05,0
12021993001,0.238095238095238,1.091089451179962,4.582575694955841,1,21,0.0476190476190476,廣源良菜瓜水100ml 菜瓜水-100ml,18.0,14.0,18.0,4536.0,1.9,12.0,378.0,PCS,1.0,0.9984200263328944,5.0,0.0,5,[5],[1],C,5,0.95,1,1.6691983546479605e-05,0
12202006001,0.7619047619047619,3.491486243775878,4.58257569495584,1,21,0.0476190476190476,五月花三層捲筒衛生紙 200張,31.0,21.0,22.0,14322.0,1.0,1.0,14322.0,PCS,1.0,0.9989266845552576,4.0,2.449,16,"[1, 4, 7]","[1, 2, 1]",C,19,3.05,4,1.6691983546479605e-05,0
14241025001,0.1428571428571428,0.6546536707079772,4.582575694955841,1,21,0.0476190476190476,家樂福麻辣花生,40.0,25.0,19.0,19000.0,3.38,20.0,950.0,PCS,2.0,0.9954834086098564,1.5,0.707,3,"[1, 2]","[1, 1]",C,3,0.57,1,1.6691983546479605e-05,0
14621041001,25.0,16.748134224444225,0.669925368977769,21,21,1.0,萬家香香菇素蠔油1L,37.0,29.0,27.0,28971.0,15.99,12.0,2414.3,PCS,222.0,0.4833052782453625,2.253,2.626,525,"[1, 2, 3, 4, 5, 6, 7, 11, 12, 14]","[135, 56, 12, 6, 4, 6, 1, 3, 9, 1]",B,10,100.0,9,0.0005675274296663,1
12111034001,0.1904761904761904,0.8728715609439697,4.582575694955841,1,21,0.0476190476190476,吉列威鋒三3層刮鬍刀片(3片裝) 3層刮鬍刀片,15.0,9.0,16.0,2160.0,0.8,10.0,216.0,PCS,1.0,0.99881668638856,4.0,0.0,4,[4],[1],C,4,0.76,1,1.6691983546479605e-05,0
14522051001,5.904761904761905,3.659299959073619,0.619720154359242,20,21,0.9523809523809524,康寶濃湯-自然原味銀魚海帶芽37G,35.0,29.0,34.0,34510.0,5.1,96.0,359.5,PCS,50.0,0.786726887885202,2.385,1.051,124,"[2, 4, 8]","[44, 7, 1]",C,4,23.62,1,0.0002336877660127,1
12010147001,0.0952380952380952,0.4364357804719847,4.58257569495584,1,21,0.0476190476190476,臺灣茶摳-鳶尾花潤澤滋養皂 鳶尾花潤澤,35.0,23.0,12.0,9660.0,4.64,12.0,805.0,PCS,1.0,0.9980233662772288,2.0,0.0,2,[2],[1],C,2,0.38,1,1.6691983546479605e-05,0
11103187001,0.2857142857142857,1.3093073414159544,4.582575694955841,1,21,0.0476190476190476,易洗樂抗菌防洗衣精補充包 易洗樂洗衣精補,31.0,30.0,28.0,26040.0,10.61,6.0,4340.0,PCS,1.0,0.9974600423326276,6.0,0.0,6,[6],[1],C,6,1.14,1,0.0,0
14021017001,41.476190476190474,22.30609568619988,0.5378048328475287,21,21,1.0,卡迪那德州薯條量販包,61.0,47.0,38.0,108946.0,3.93,12.0,9078.8,PCS,491.0,0.2305328244529257,1.662,1.575,871,"[1, 2, 3, 4, 5, 6, 7, 8, 10, 12]","[377, 79, 26, 14, 6, 9, 4, 3, 3, 3]",B,6,165.9,14,0.0020197299309074,3
10011016001,213.42857142857144,158.30873994463207,0.741741084077928,21,21,1.0,黑松蘋果C/TP300ml,35.0,20.0,13.0,9100.0,7.9,24.0,379.2,PCS,207.0,0.5017949700838319,21.445,15.235,4482,"[6, 12, 18, 24, 30, 48, 72]","[72, 10, 2, 90, 1, 31, 3]",C,38,853.71,36,0.0008345991955138,3
14001060001,11.142857142857142,14.947527268032376,1.3414447548234183,19,21,0.9047619047619048,家福迷你原味蘇打餅乾,30.0,20.0,22.0,13200.0,2.1,12.0,1100.0,PCS,69.0,0.7380310328161197,3.079,3.413,234,"[1, 2, 3, 4, 5, 6, 7, 10, 11, 12]","[39, 15, 2, 3, 5, 2, 1, 1, 3, 5]",C,7,44.57,4,0.000350531656295,1
10032019001,306.85714285714283,213.36969928138473,0.6953388710287213,21,21,1.0,光泉午后時光-阿薩姆奶茶250ml,35.0,20.0,11.0,7700.0,6.5,24.0,320.8,PCS,229.0,0.467528874518758,27.076,21.324,6444,"[6, 12, 18, 24, 30, 36, 48, 96, 120]","[49, 15, 5, 114, 2, 1, 43, 4, 5]",B,83,1227.43,52,0.0008179072174243,3
14131081001,15.952380952380953,12.026953855720036,0.7539284506570769,21,21,1.0,新貴派大格酥芝麻豆奶324g,48.0,28.0,31.0,41664.0,5.35,12.0,3472.0,PCS,198.0,0.512514791420143,1.642,1.743,335,"[1, 2, 3, 5, 6, 7, 8, 12]","[150, 36, 5, 3, 4, 1, 2, 3]",C,4,63.81,6,0.0006509873783215,1
11050134001,0.0952380952380952,0.4364357804719848,4.582575694955841,1,21,0.0476190476190476,德國dalli花香洗碗精-1L 達麗花香洗碗精,27.0,20.0,31.0,16740.0,8.91,8.0,2092.5,PCS,1.0,0.997233379443676,2.0,0.0,2,[2],[1],C,2,0.38,1,1.6691983546479605e-05,0
14613024001,2.4761904761904763,2.9089353313376973,1.174762345347916,17,21,0.8095238095238095,統一芥花油 2L,34.0,23.0,28.0,21896.0,11.99,6.0,3649.3,PCS,31.0,0.8468125531241146,1.625,1.314,52,"[1, 2, 3, 4, 7]","[23, 4, 2, 2, 1]",C,4,9.9,2,8.345991955138743e-05,1
14832009001,0.1428571428571428,0.6546536707079772,4.582575694955841,1,21,0.0476190476190476,同榮虱目魚罐,35.0,26.0,12.0,10920.0,7.25,24.0,455.0,PCS,1.0,0.9995433409443176,3.0,0.0,3,[3],[1],C,3,0.57,1,1.6691983546479605e-05,0
14000033001,10.095238095238097,7.388536809847819,0.7318833632396425,21,21,1.0,北田蒟蒻糙米捲(芝士口味),44.0,28.0,14.0,17248.0,2.6,12.0,1437.3,PCS,124.0,0.617706371560474,1.643,1.178,212,"[1, 2, 3, 4, 5, 6, 7]","[87, 21, 10, 5, 4, 1, 1]",C,3,40.38,4,0.0009180590859614,3
10035041001,6.571428571428571,28.76903096833716,4.3778960169208725,2,21,0.0952380952380952,泰山仙草凍255g,41.0,27.0,10.0,11070.0,7.59,24.0,461.3,PCS,8.0,0.9571640472658788,15.333,9.055,138,"[6, 18, 24]","[4, 1, 4]",C,27,26.29,2,1.6691983546479605e-05,0
10002005001,242.57142857142856,112.72292199396334,0.4646999139916039,21,21,1.0,蘋果西打330ml,40.0,27.0,13.0,14040.0,9.56,24.0,585.0,PCS,363.0,0.316181396976717,13.805,13.704,5094,"[6, 12, 18, 24, 30, 36, 48, 72, 168]","[215, 37, 8, 87, 2, 3, 15, 1, 1]",B,50,970.29,41,0.0014021266251802,3
14502047001,32.38095238095238,43.520657382990194,1.3440203015335208,18,21,0.8571428571428571,媽媽麵紅蔥肉燥風味(包)80g,38.0,33.0,14.0,17556.0,3.09,30.0,585.2,PCS,56.0,0.7711504808253196,11.148,9.46,680,"[5, 10, 15, 25, 30, 35]","[34, 13, 2, 4, 6, 2]",C,22,129.52,5,0.0002169957879232,1
10040032001,239.71428571428572,241.82662029998735,1.008811884445716,19,21,0.9047619047619048,悅氏礦泉水 330ml,36.0,24.0,19.0,16416.0,9.2,24.0,684.0,PCS,135.0,0.5992266795553407,36.216,33.222,5034,"[6, 12, 24, 36, 48, 60, 72, 96, 360]","[7, 8, 69, 2, 41, 4, 3, 4, 1]",C,72,958.86,40,0.0001669198391027,1
14100021001,7.666666666666667,7.247988226627672,0.9453897686905658,20,21,0.9523809523809524,盛香珍手製煎餅-芝麻口味,38.0,34.0,27.0,34884.0,3.88,10.0,3488.4,PCS,90.0,0.6862185630239496,1.731,2.081,161,"[1, 2, 3, 5, 9, 10, 12]","[70, 13, 4, 2, 1, 1, 2]",C,4,30.67,4,0.0003004556929226,1
12031127001,0.0952380952380952,0.4364357804719848,4.582575694955841,1,21,0.0476190476190476,Za美白聚光智慧BB霜 Za美白BB霜,8.0,6.0,11.0,528.0,0.25,3.0,176.0,PCS,1.0,0.9985666905551576,2.0,0.0,2,[2],[1],C,2,0.38,1,1.6691983546479605e-05,0
10002006001,88.0,74.51577014297041,0.8467701152610274,21,21,1.0,蘋果西打2L,34.0,23.0,31.0,24242.0,13.37,6.0,4040.3,PCS,422.0,0.2767887201879969,4.268,6.462,1848,"[1, 2, 3, 4, 6, 7, 12, 18, 22, 24, 36, 48]","[188, 95, 39, 1, 52, 1, 29, 11, 4, 9, 1, 3]",B,21,352.0,59,0.0012185147497802,3
11031027001,0.0952380952380952,0.4364357804719848,4.582575694955841,1,21,0.0476190476190476,家福銀離子消臭液--寵物環境用,29.0,29.0,24.0,20184.0,5.32,12.0,1682.0,PCS,1.0,0.9971567140547658,2.0,0.0,2,[2],[1],C,2,0.38,1,1.6691983546479605e-05,0
14731899001,0.0952380952380952,0.4364357804719848,4.582575694955841,1,21,0.0476190476190476,登豐 蝦皮150g,49.0,27.0,15.0,19845.0,2.135,12.0,1653.8,PCS,1.0,0.9995300078332028,2.0,0.0,2,[2],[1],C,2,0.38,1,1.6691983546479605e-05,0
12020138001,0.0952380952380952,0.4364357804719848,4.582575694955841,1,21,0.0476190476190476,旁氏深層淨顏卸油,23.0,13.0,20.0,5980.0,2.59,12.0,498.3,PCS,1.0,0.9983066948884184,2.0,0.0,2,[2],[1],C,2,0.38,1,1.6691983546479605e-05,0
12011033001,11.61904761904762,13.162356135875486,1.132825733005677,18,21,0.8571428571428571,超值薰衣草沐浴乳,32.0,32.0,28.0,28672.0,13.51,6.0,4778.7,PCS,74.0,0.7268478858685689,3.297,3.251,244,"[1, 2, 3, 4, 5, 6, 7, 8, 9, 10, 12]","[33, 13, 7, 2, 1, 7, 2, 1, 1, 3, 4]",C,7,46.48,8,0.000383915612474,1
10034014001,206.0,142.12951839783318,0.6899491184360834,20,21,0.9523809523809524,雀巢茶品檸檬茶TP300ml,35.0,20.0,13.0,9100.0,7.87,24.0,379.2,PCS,212.0,0.4934151097481709,19.575,13.794,4326,"[6, 12, 18, 24, 30, 48]","[81, 16, 9, 84, 1, 30]",B,56,824.0,35,0.0004506835539359,1
11032229001,0.4761904761904761,2.182178902359924,4.582575694955841,1,21,0.0476190476190476,克潮靈卡通吊掛式除濕袋-無香,44.0,26.0,18.0,20592.0,5.68,12.0,1716.0,PCS,1.0,0.9971833802769954,10.0,0.0,10,[10],[1],C,10,1.9,1,1.6691983546479605e-05,0
10040063001,733.7142857142857,717.4583711168992,0.9778443531577676,21,21,1.0,家樂福超值純水  600ml,40.0,27.0,23.0,24840.0,15.2,24.0,1035.0,PCS,329.0,0.3508041532641122,45.994,42.99,15408,"[24, 48, 72, 96, 144, 264]","[144, 171, 3, 5, 1, 11]",B,158,2934.86,123,0.0009848270565271,2
14303933001,2.5714285714285716,1.9123657749350296,0.7436978013636226,19,21,0.9047619047619048,立頓奶茶粉-減糖原味,41.0,30.0,26.0,31980.0,5.18,12.0,2665.0,PCS,45.0,0.7992766787220213,1.174,0.529,54,"[1, 2, 4]","[40, 5, 1]",C,2,10.29,1,0.0001168438830063,1
12022047001,0.0952380952380952,0.4364357804719848,4.582575694955841,1,21,0.0476190476190476,水潤專科保濕乳液,13.0,6.0,16.0,1248.0,0.58,3.0,416.0,PCS,2.0,0.9944700921651306,1.0,0.0,2,[1],[2],C,1,0.38,1,1.6691983546479605e-05,0
14102009001,8.333333333333334,4.76794854558366,0.5721538254700391,20,21,0.9523809523809524,健司巧克力脆片24入,52.0,43.0,24.0,53664.0,7.196,8.0,6708.0,PCS,121.0,0.6250429159514008,1.316,0.972,175,"[1, 2, 3, 4, 7, 8]","[111, 14, 3, 3, 1, 1]",C,3,33.33,5,0.0004172995977569,1
14242210001,0.2857142857142857,1.3093073414159544,4.582575694955841,1,21,0.0476190476190476,盛香珍鹹蛋黃葵瓜子仁,31.0,19.0,12.0,7068.0,1.68,10.0,706.8,PCS,2.0,0.995510074832086,3.0,1.414,6,"[2, 4]","[1, 1]",C,5,1.14,1,1.6691983546479605e-05,0
12006020001,0.1428571428571428,0.6546536707079772,4.582575694955841,1,21,0.0476190476190476,Caravan基礎系染髮梳 染髮梳,26.0,24.0,2.0,1248.0,0.39,12.0,104.0,PCS,1.0,0.9979733671105482,3.0,0.0,3,[3],[1],C,3,0.57,1,1.6691983546479605e-05,0
11050004001,9.38095238095238,6.5610684379618425,0.6994032345035466,19,21,0.9047619047619048,泡舒洗潔精-綠茶2.8L,36.0,21.0,30.0,22680.0,12.37,4.0,5670.0,PCS,105.0,0.6565323911268146,1.743,1.528,197,"[1, 2, 3, 4, 5, 6, 7, 8]","[80, 15, 5, 4, 2, 4, 2, 1]",C,4,37.52,10,0.0001669198391027,1
12000059001,5.666666666666667,6.980926395066298,1.2319281873646408,18,21,0.8571428571428571,超值玫瑰洗髮乳,32.0,32.0,27.0,27648.0,13.362,6.0,4608.0,PCS,33.0,0.8367893868435526,3.132,2.979,119,"[1, 2, 3, 4, 5, 6, 7, 8, 12]","[17, 7, 2, 1, 4, 2, 2, 1, 2]",C,7,22.67,4,0.0001836118171922,1
10010027001,43.42857142857143,199.01471589522507,4.58257569495584,1,21,0.0476190476190476,一日蔬果100蘋果柳橙蔬果 160ml,33.0,16.0,10.0,5280.0,4.34,24.0,220.0,PCS,6.0,0.968897185046916,114.0,87.714,912,"[24, 96, 192, 288]","[2, 4, 1, 1]",C,243,173.71,8,0.0,0
12103135001,0.0952380952380952,0.4364357804719848,4.582575694955841,1,21,0.0476190476190476,GUM牙周護理牙刷-超彈力極細毛 小頭極軟毛,13.0,7.0,24.0,2184.0,0.5,12.0,182.0,PCS,1.0,0.9987200213329778,2.0,0.0,2,[2],[1],C,2,0.38,1,1.6691983546479605e-05,0
14244020001,66.42857142857143,46.0473358931561,0.6931857016174037,19,21,0.9047619047619048,萬歲牌無調味綜合果-盒裝,31.0,25.0,36.0,27900.0,2.8,60.0,465.0,PCS,165.0,0.5562040632656122,8.017,7.882,1395,"[1, 2, 4, 5, 10, 15, 20, 22, 25, 40, 45, 60]","[2, 1, 1, 120, 29, 11, 4, 1, 1, 1, 1, 2]",C,17,265.71,5,0.000634295400232,1
10031033001,218.28571428571428,113.5434466876635,0.5201597688570972,21,21,1.0,原萃錫蘭無糖紅茶580ml,37.0,25.0,24.0,22200.0,14.95,24.0,925.0,PCS,262.0,0.4185030249495842,17.233,15.366,4584,"[4, 8, 12, 16, 20, 24, 32, 48, 52, 72]","[99, 32, 9, 6, 2, 86, 1, 25, 2, 4]",B,57,873.14,37,0.0009681350202299,3
14100012001,9.476190476190476,8.600110741258206,0.9075493747056398,21,21,1.0,義美狀元煎餅花生,41.0,27.0,36.0,39852.0,4.9,12.0,3321.0,PCS,122.0,0.62221629639506,1.543,1.386,199,"[1, 2, 3, 4, 5, 6, 7, 10]","[100, 16, 2, 4, 2, 3, 1, 1]",C,4,37.9,4,0.0002837637148331,1
10001022001,55.23809523809524,36.67411179824913,0.663927886002786,21,21,1.0,黑松CC檸檬氣泡飲PET 500ml,42.0,28.0,23.0,27048.0,13.81,24.0,1127.0,PCS,128.0,0.6105798236696055,8.923,10.177,1160,"[4, 8, 12, 16, 24, 36, 48]","[93, 8, 7, 1, 15, 2, 4]",C,20,220.95,10,0.0008179072174243,3
10033074001,191.23809523809524,142.17521048407306,0.7434460707583501,20,21,0.9523809523809524,爽健美茶PET 535ml,42.0,28.0,24.0,28224.0,14.25,24.0,1176.0,PCS,282.0,0.4023332944450926,13.848,15.325,4016,"[4, 8, 12, 16, 20, 24, 28, 48, 60, 72]","[137, 49, 10, 8, 5, 56, 1, 15, 1, 8]",B,54,764.95,32,0.0008345991955138,3
10002008001,728.0,769.5110135664077,1.0570206230307797,21,21,1.0,加鹽黑松沙士Can245ml,40.0,27.0,10.0,10800.0,6.8,24.0,450.0,PCS,404.0,0.2932884451925801,37.748,28.435,15288,"[24, 48, 72, 96, 120, 192]","[267, 99, 21, 5, 5, 8]",B,111,2912.0,122,0.0011684388155117,2
14200018001,2.1904761904761907,2.6761735298565306,1.2217313940649377,17,21,0.8095238095238095,家福沙茶風味豆乾(非基改),25.0,37.0,15.0,13875.0,2.42,10.0,1387.5,PCS,32.0,0.8418026366227229,1.353,1.098,46,"[1, 2, 3, 7]","[28, 4, 1, 1]",C,3,8.76,1,0.0001335358683718,1
10031004001,97.71428571428572,74.04400236153018,0.7577602580858351,20,21,0.9523809523809524,御茶園特上紅茶Pet 550ml,42.0,28.0,24.0,28224.0,14.85,24.0,1176.0,PCS,123.0,0.6197696705054916,15.429,12.554,2052,"[4, 8, 12, 16, 20, 24, 28, 32, 40, 48]","[46, 22, 4, 6, 4, 39, 1, 1, 1, 9]",C,30,390.86,17,0.0003004556929226,1
12000036001,0.1428571428571428,0.6546536707079772,4.582575694955841,1,21,0.0476190476190476,飛柔檸檬均衡滋潤洗髮乳,26.0,22.0,23.0,13156.0,7.003,6.0,2192.7,PCS,2.0,0.9931967800536656,1.5,0.707,3,"[1, 2]","[1, 1]",C,3,0.57,1,1.6691983546479605e-05,0
35301023001,0.2857142857142857,1.3093073414159544,4.582575694955841,1,21,0.0476190476190476,(平)Mobil 1 5w50全合成機油 SN,23.0,19.0,24.0,10488.0,5.4,6.0,1748.0,PCS,1.0,0.9998100031666138,6.0,0.0,6,[6],[1],C,6,1.14,1,1.6691983546479605e-05,0
14131025001,19.47619047619047,15.58723531489484,0.8003225956302974,21,21,1.0,義美香芋夾心酥經濟包,56.0,26.0,23.0,33488.0,4.8,8.0,4186.0,PCS,243.0,0.445445909234846,1.591,1.649,409,"[1, 2, 3, 4, 5, 6, 8, 10, 16]","[192, 39, 9, 7, 2, 2, 2, 3, 1]",B,6,77.9,10,0.0011684388155117,3
14361099001,17.0,11.216059914247962,0.6597682302498802,21,21,1.0,桂格鮮榖王鮮蔬多穀飲,47.0,34.0,26.0,41548.0,4.86,12.0,3462.3,PCS,113.0,0.6401793303444943,2.975,2.228,357,"[1, 2, 3, 4, 5, 6, 8, 10, 12]","[2, 88, 2, 13, 1, 7, 1, 3, 3]",C,6,68.0,6,0.0008012151811271,1
14621017001,0.0952380952380952,0.4364357804719847,4.58257569495584,1,21,0.0476190476190476,萬家香香菇素蠔油 4.4Kg,31.0,31.0,31.0,29791.0,18.87,4.0,7447.8,PCS,2.0,0.9960100664988916,1.0,0.0,2,[1],[2],C,1,0.38,1,3.338396709295921e-05,0
14311043001,5.380952380952381,7.4597331753635165,1.3863220945365826,16,21,0.7619047619047619,西雅圖黃金淺焙無加糖二合一,27.0,18.0,12.0,5832.0,1.25,1.0,5832.0,PCS,42.0,0.8098065032249463,2.132,1.241,113,"[1, 2, 3, 4, 5, 6]","[20, 17, 10, 2, 3, 1]",C,4,21.52,22,6.676793418591842e-05,1
10040072001,1.1428571428571428,5.237229365663818,4.582575694955841,1,21,0.0476190476190476,北海道大雪山天然礦泉水Pet 550ml,42.0,28.0,23.0,27048.0,14.07,24.0,1127.0,PCS,1.0,0.997006716554724,24.0,0.0,24,[24],[1],C,24,4.57,1,1.6691983546479605e-05,0
14023034001,3.0,2.4083189157584592,0.8027729719194864,19,21,0.9047619047619048,波的多洋芋片派對包蚵仔煎辣味,40.0,29.0,26.0,30160.0,1.33,6.0,5026.7,PCS,48.0,0.7898168363860603,1.286,0.577,63,"[1, 2, 3]","[38, 8, 3]",C,2,12.0,2,0.0001836118171922,1
14805005001,36.57142857142857,16.853994863448335,0.4608514220474154,21,21,1.0,愛之味薏仁寶 340g,41.0,28.0,13.0,14924.0,9.93,24.0,621.8,PCS,85.0,0.7016549724171264,8.629,5.033,768,"[6, 12, 18, 24]","[65, 14, 5, 5]",C,15,146.29,7,0.0005341434734873,1
14505041001,452.1428571428572,200.5652725958025,0.4435882806226279,21,21,1.0,科學麵-原味(包)40g,39.0,31.0,12.0,14508.0,2.08,40.0,362.7,PCS,490.0,0.2321661305644906,17.649,21.828,9495,"[5, 10, 15, 20, 25, 30, 35, 40, 45, 50, 55, 60, 65, 70, 75, 80, 85, 90, 260]","[230, 156, 9, 7, 12, 7, 4, 78, 2, 1, 3, 2, 1, 2, 6, 12, 2, 3, 1]",B,76,1808.57,46,0.0014688945375382,2
10002992001,21.61904761904762,16.399622527595536,0.7585728481927451,21,21,1.0,黑松蘋安福氣組 460mlx12,27.0,19.0,23.0,11799.0,6.27,1.0,11799.0,PCS,351.0,0.3292511791470142,1.265,0.668,454,"[1, 2, 3, 4, 5, 7]","[289, 58, 3, 7, 1, 1]",B,4,86.48,87,0.0007177552906796,1
14615017001,43.714285714285715,17.82454166912254,0.4077509532152215,21,21,1.0,得意的一天國民優質健康調合2L,36.0,24.0,29.0,25056.0,12.34,6.0,4176.0,PCS,311.0,0.3699938334361094,2.833,2.494,918,"[1, 2, 3, 4, 6, 7, 8, 12, 30]","[11, 245, 2, 34, 19, 1, 2, 9, 1]",B,10,174.86,30,0.0006009113858453,1
10011008001,7.476190476190476,5.173190965149534,0.6919554794149058,21,21,1.0,樹頂100純蘋果汁1000ml,39.0,17.0,26.0,17238.0,11.38,10.0,1723.8,PCS,60.0,0.7598440025999567,2.415,1.87,157,"[1, 2, 3, 4, 6, 7, 10]","[22, 28, 3, 4, 5, 2, 1]",C,5,29.9,3,0.0001335358683718,1
14510041001,21.61904761904762,27.652262458027177,1.2790694088514771,20,21,0.9523809523809524,金農履歷一等小農種米(圓一)2kg,35.0,24.0,5.0,4288.0,2.0,1.0,4287.5,PCS,117.0,0.6321627972867119,3.314,4.331,454,"[1, 2, 3, 4, 5, 6, 7, 8, 9, 10, 11, 12, 15, 19, 21, 24, 27]","[73, 14, 11, 3, 12, 11, 2, 1, 1, 1, 1, 2, 1, 1, 1, 1, 1]",C,9,86.48,87,0.0006176033639349,1
14244087001,0.0952380952380952,0.4364357804719848,4.582575694955841,1,21,0.0476190476190476,義美烘焙綜合五果,31.0,25.0,14.0,10850.0,2.24,12.0,904.2,PCS,1.0,0.9991633472775454,2.0,0.0,2,[2],[1],C,2,0.38,1,1.6691983546479605e-05,0
14804010001,70.0,36.56227564033727,0.5223182234333895,21,21,1.0,愛之味沖繩島黑八寶340g,40.0,27.0,12.0,12960.0,10.08,24.0,540.0,PCS,177.0,0.5380076998716689,8.258,4.55,1470,"[6, 12, 18, 24]","[133, 31, 6, 8]",C,14,280.0,12,0.0011016709031537,3
10040058001,126.57142857142856,114.61263954231724,0.905517468167292,21,21,1.0,泰山純水600ml,42.0,28.0,24.0,28224.0,16.17,24.0,1176.0,PCS,83.0,0.7033316111398143,27.979,19.601,2658,"[6, 12, 18, 24, 30, 36, 42, 48, 96]","[16, 5, 7, 40, 2, 1, 4, 16, 4]",C,53,506.29,22,0.0001335358683718,1
14506056001,10.142857142857142,5.284748946598261,0.5210315862843355,21,21,1.0,五木雞蛋麵條經濟包 2000g,35.0,24.0,18.0,15120.0,9.4,4.0,3780.0,PCS,159.0,0.5674972083798603,1.291,0.469,213,"[1, 2, 3]","[118, 46, 1]",C,2,40.57,11,0.0004673755320254,1
14312999001,4.238095238095238,3.9737232151316464,0.9376200844692648,18,21,0.8571428571428571,雀巢金牌微研磨咖啡(罐裝)120g,47.0,32.0,15.0,22560.0,10.31,24.0,940.0,PCS,52.0,0.7808236529391177,1.712,1.177,89,"[1, 2, 3, 4, 5, 6]","[33, 9, 5, 3, 1, 1]",C,3,16.95,1,6.676793418591842e-05,1
14014015001,96.95238095238096,60.806641241295495,0.6271804843159162,21,21,1.0,可樂果原味量販包,60.0,40.0,35.0,84000.0,4.92,12.0,7000.0,PCS,1050.0,0.0741554307428209,1.915,2.706,2036,"[1, 2, 3, 4, 5, 6, 7, 8, 9, 10, 11, 12, 20, 55]","[743, 179, 44, 12, 18, 16, 9, 6, 4, 5, 3, 22, 1, 1]",A,20,387.81,33,0.0021198817994445,3
14820014001,71.85714285714286,39.838782253334145,0.5544164528296998,21,21,1.0,愛之味青脆菜心180g,42.0,29.0,19.0,23142.0,17.06,48.0,482.1,PCS,339.0,0.3430442825952901,4.374,2.883,1509,"[3, 6, 9, 12, 33]","[251, 54, 23, 16, 1]",B,12,287.43,6,0.0009514430421404,3
10021006001,759.047619047619,313.79459463006623,0.4134056767397359,21,21,1.0,黑松FIN健康補給飲料Pet580ml,42.0,28.0,24.0,28224.0,16.04,24.0,1176.0,PCS,432.0,0.2753820769653839,36.063,28.977,15940,"[4, 8, 12, 16, 20, 24, 28, 36, 48, 52, 64, 72, 96, 108, 120, 124, 128]","[58, 29, 13, 3, 1, 159, 2, 1, 111, 2, 1, 26, 15, 1, 16, 1, 3]",B,112,3036.19,127,0.0004339915758464,2
14223018001,3.4761904761904763,3.3707424644883153,0.9696656404692412,18,21,0.8571428571428571,Skittles彩虹糖家庭號混合水果,39.0,34.0,24.0,31824.0,4.96,24.0,1326.0,PCS,55.0,0.7735471075482075,1.327,0.883,73,"[1, 2, 3, 4, 6]","[45, 6, 2, 1, 1]",C,3,13.9,1,0.0002503797586541,1
14111118001,10.61904761904762,8.529221479573565,0.8032002290181384,20,21,0.9523809523809524,日香白胡椒餅,61.0,34.0,34.0,70516.0,4.65,9.0,7835.1,PCS,132.0,0.6041099315011417,1.559,1.325,223,"[1, 2, 3, 4, 5, 6, 12]","[102, 25, 8, 2, 3, 2, 1]",C,4,42.48,5,0.0004339915758464,1
14226002001,1.4761904761904765,5.418662635919011,3.6707069469128784,6,21,0.2857142857142857,青箭口香糖7片條裝20入-原味,34.0,24.0,33.0,26928.0,19.63,36.0,748.0,PCS,7.0,0.9663838936017732,3.875,5.643,31,"[1, 9, 16]","[6, 1, 1]",C,11,5.9,1,3.338396709295921e-05,0
10034003001,405.1428571428572,211.18482088310364,0.5212601361712713,21,21,1.0,光泉茉莉柚茶TP250ml,34.0,20.0,11.0,7480.0,6.64,24.0,311.7,PCS,324.0,0.3584173597106715,25.627,20.092,8508,"[6, 12, 18, 24, 36, 42, 48, 72, 264]","[77, 19, 2, 154, 3, 1, 72, 3, 1]",B,78,1620.57,68,0.0012185147497802,2
10014113001,71.71428571428571,43.327985017933685,0.6041750898915056,20,21,0.9523809523809524,崇德發減糖黑麥汁Can 330ml,41.0,28.0,12.0,13776.0,8.7,24.0,574.0,PCS,89.0,0.6883118614689755,15.853,11.706,1506,"[6, 12, 18, 24, 30, 36, 42, 48]","[39, 19, 3, 25, 1, 1, 2, 5]",C,30,286.86,12,0.0001502278464613,1
11050012001,4.238095238095238,4.023739080814783,0.9494215808664096,18,21,0.8571428571428571,泡舒洗潔精補充包--綠茶,39.0,26.0,27.0,27378.0,10.52,12.0,2281.5,PCS,50.0,0.7843935934401093,1.712,2.199,89,"[1, 2, 3, 5, 12]","[40, 7, 2, 1, 2]",C,5,16.95,2,0.0001669198391027,1
12020147001,0.3809523809523809,1.7457431218879391,4.582575694955841,1,21,0.0476190476190476,多芬潤澤卸妝乳,27.0,16.0,19.0,8208.0,3.12,12.0,684.0,PCS,2.0,0.9942567623872935,4.0,2.828,8,"[2, 6]","[1, 1]",C,7,1.52,1,3.338396709295921e-05,0
14506090001,7.476190476190476,5.163516704911951,0.6906614700837641,21,21,1.0,五木純麵煮意(原味)504g,53.0,39.0,25.0,51675.0,6.4,12.0,4306.3,PCS,106.0,0.6551290811819803,1.402,0.592,157,"[1, 2, 5]","[70, 41, 1]",C,3,29.9,3,0.000383915612474,1
14010039001,0.7142857142857143,3.2732683535398857,4.58257569495584,1,21,0.0476190476190476,張君雅- 墨西哥辣雞點心麵,39.0,26.0,18.0,18252.0,1.55,15.0,1216.8,PCS,1.0,0.9990500158330694,15.0,0.0,15,[15],[1],C,15,2.86,1,0.0,0
14001052001,20.714285714285715,15.063674376269748,0.7272118664406084,21,21,1.0,茱莉絲蘇打餅-奶油,47.0,32.0,22.0,33088.0,3.95,12.0,2757.3,PCS,219.0,0.4854985750237496,1.867,1.672,435,"[1, 2, 3, 4, 5, 6, 7, 10, 11, 12]","[136, 56, 19, 11, 3, 2, 2, 1, 1, 2]",B,7,82.86,7,0.000634295400232,1
12201103001,506.2857142857143,360.951124510943,0.7129395800159709,20,21,0.9523809523809524,倍潔雅抽取式衛生紙,79.0,48.0,38.0,144096.0,10.5,96.0,1501.0,PCS,175.0,0.539761003983267,58.418,31.847,10632,"[24, 48, 72, 96]","[72, 24, 21, 65]",C,94,2025.14,22,0.0002670717367436,2
14244077001,0.2857142857142857,1.3093073414159544,4.582575694955841,1,21,0.0476190476190476,江戶綜合米果14袋入,45.0,28.0,33.0,41580.0,3.9,8.0,5197.5,PCS,1.0,0.9991600139997666,6.0,0.0,6,[6],[1],C,6,1.14,1,0.0,0
14023003001,4.9523809523809526,4.067876478903833,0.821398135163274,19,21,0.9047619047619048,Lay s 樂事瑞士香濃起司,51.0,29.0,26.0,38454.0,1.75,12.0,3204.5,PCS,67.0,0.7434809419843003,1.425,1.092,104,"[1, 2, 4, 6, 8]","[54, 16, 1, 1, 1]",C,3,19.81,2,0.0002503797586541,1
14351034001,2.5714285714285716,5.784214973282273,2.249416934054217,13,21,0.6190476190476191,雀巢美祿可可球早餐脆片,59.0,21.0,30.0,37170.0,4.3,9.0,4130.0,PCS,18.0,0.9037449375843736,2.571,2.315,54,"[1, 2, 3, 4, 5, 8, 9]","[10, 4, 2, 2, 1, 1, 1]",C,6,10.29,2,6.676793418591842e-05,1
14506070001,3.9047619047619047,2.981690156685666,0.7636035767121828,21,21,1.0,五木純麵煮意(菠菜)504g,52.0,39.0,25.0,50700.0,7.28,12.0,4225.0,PCS,59.0,0.7656072398793353,1.344,0.479,82,"[1, 2]","[40, 21]",C,2,15.62,2,0.000383915612474,1
32517009001,0.238095238095238,1.091089451179962,4.582575694955841,1,21,0.0476190476190476,金牌 70g A4 多功能影印紙,32.0,23.0,26.0,19136.0,12.17,5.0,3827.2,PCS,1.0,0.999773337111048,5.0,0.0,5,[5],[1],C,5,0.95,1,1.6691983546479605e-05,0
14132031001,21.61904761904762,11.37750495704656,0.5262722557224179,21,21,1.0,孔雀咖啡捲心餅,54.0,29.0,22.0,34452.0,4.1,12.0,2871.0,PCS,297.0,0.3841235979400343,1.479,1.095,454,"[1, 2, 3, 4, 5, 6, 7, 10]","[227, 50, 13, 7, 5, 3, 1, 1]",B,5,86.48,8,0.0010515949688851,3
14000027001,8.761904761904763,8.34209063667353,0.9520864313594788,20,21,0.9523809523809524,旺旺米起司厚脆片經濟包,46.0,32.0,21.0,30912.0,2.75,5.0,6182.4,PCS,118.0,0.6302028299528342,1.415,0.896,184,"[1, 2, 3, 4, 8]","[94, 26, 6, 3, 1]",C,3,35.05,8,0.0004673755320254,1
12103013001,0.0952380952380952,0.4364357804719847,4.58257569495584,1,21,0.0476190476190476,3M 亮白美齒牙刷 白美齒牙刷,29.0,27.0,11.0,8613.0,1.26,24.0,358.9,PCS,1.0,0.9986866885551908,2.0,0.0,2,[2],[1],C,2,0.38,1,1.6691983546479605e-05,0
14243061001,2.4761904761904763,2.462093572938438,0.9943070198405228,19,21,0.9047619047619048,萬歲牌珍珠開心果-蒜味,33.0,24.0,13.0,10296.0,2.06,12.0,858.0,PCS,28.0,0.8570190496825053,1.793,1.74,52,"[1, 2, 3, 4, 10]","[17, 9, 1, 1, 1]",C,4,9.9,1,0.0001001518976408,1
11103022001,27.80952380952381,21.604673215809232,0.7768803724862908,21,21,1.0,妙管家有酵洗衣精補充包-抗菌,41.0,29.0,32.0,38048.0,13.01,6.0,6341.3,PCS,164.0,0.5583940267662205,3.518,4.703,584,"[2, 4, 6, 60]","[103, 27, 35, 1]",C,9,111.24,19,0.000667679356411,1
14001118001,3.7142857142857144,9.508642685172562,2.5600191844695357,12,21,0.5714285714285714,明治燕麥蘇打餅乾,50.0,25.0,35.0,43750.0,6.02,40.0,1093.8,PCS,23.0,0.8768787186880219,3.391,7.524,78,"[1, 2, 3, 6, 12, 36]","[17, 2, 1, 1, 1, 1]",C,12,14.86,1,0.0001335358683718,1
10052020001,7.714285714285714,5.693354522097295,0.7380274380496494,21,21,1.0,百家珍蔓越莓醋600ml,32.0,25.0,27.0,21600.0,12.34,12.0,1800.0,PCS,70.0,0.7352444125931235,2.25,0.9,162,"[1, 2, 3, 4, 6]","[4, 58, 2, 6, 2]",C,4,30.86,3,0.0004172995977569,1
14023252001,4.619047619047619,3.721238912999143,0.8056290430204331,19,21,0.9047619047619048,卡迪那洋芋片香辣口味310G,50.0,39.0,35.0,68250.0,3.88,8.0,8531.3,PCS,48.0,0.789976833719438,1.865,1.415,97,"[1, 2, 3, 4, 5, 6]","[31, 12, 1, 3, 3, 2]",C,4,18.48,3,0.0001168438830063,1
31533005001,6.571428571428571,4.728334046695819,0.7195290940624073,20,21,0.9523809523809524,小蘇打粉1000g,31.0,25.0,20.0,15500.0,12.38,12.0,1291.7,PCS,56.0,0.7718971350477491,2.379,1.226,138,"[1, 2, 3, 4, 6]","[4, 45, 2, 2, 5]",C,4,26.29,3,0.0002003037952817,1
14501004001,143.57142857142858,75.5834448993769,0.5264518550205356,21,21,1.0,味王原汁牛肉麵(袋) 82g,36.0,31.0,14.0,15624.0,3.014,30.0,520.8,PCS,226.0,0.4735987733537774,12.996,13.009,3015,"[5, 10, 15, 20, 25, 30, 35, 40, 60, 70]","[123, 53, 2, 3, 1, 39, 1, 3, 6, 1]",B,47,574.29,20,0.0009347510640509,3
14510107001,36.142857142857146,23.199753693273795,0.6418904183909745,21,21,1.0,皇家穀堡一等特賞米(圓ㄧ)2.5Kg,35.0,24.0,5.0,4288.0,2.5,1.0,4287.5,PCS,288.0,0.3909468175530408,2.497,1.372,759,"[1, 2, 3, 4, 5, 6, 8]","[30, 214, 2, 25, 5, 27, 1]",B,7,144.57,145,0.0005842194077558,1
14505031001,59.42857142857143,30.968647740208855,0.5211070533208221,21,21,1.0,統一阿Q桶麵韓式泡菜麵 102g,43.0,28.0,22.0,26488.0,2.5,12.0,2207.3,PCS,201.0,0.5072115464742254,5.915,4.933,1248,"[3, 6, 9, 12, 15, 18, 24, 30]","[128, 38, 2, 32, 2, 3, 5, 1]",C,12,237.71,20,0.0011517468374222,3
14502054001,27.047619047619047,24.95290802787561,0.9225546982137108,19,21,0.9047619047619048,味味一品原汁珍味爌肉(碗)190g,36.0,33.0,15.0,17820.0,2.39,8.0,2227.5,PCS,113.0,0.6405559907334878,4.336,3.03,568,"[2, 4, 6, 8, 12, 16]","[62, 30, 8, 27, 1, 3]",C,9,108.19,14,0.0005341434734873,1
12100019001,0.0952380952380952,0.4364357804719848,4.582575694955841,1,21,0.0476190476190476,高露潔清香薄荷牙膏,59.0,25.0,23.0,33925.0,17.276,72.0,471.2,PCS,1.0,0.9986333561107316,2.0,0.0,2,[2],[1],C,2,0.38,1,1.6691983546479605e-05,0
14503002001,30.714285714285715,15.434192097880787,0.5025085799310024,21,21,1.0,維力媽媽麵-蛤蜊海鮮(包)80g,38.0,32.0,14.0,17024.0,3.13,30.0,567.5,PCS,112.0,0.6416759720671322,5.708,1.751,645,"[5, 10]","[97, 16]",C,8,122.86,5,0.0004172995977569,1
10033056001,92.1904761904762,100.00380945124994,1.0847520653286409,20,21,0.9523809523809524,御茶園特撰冰釀綠茶550ml,40.0,27.0,24.0,25920.0,14.55,24.0,1080.0,PCS,99.0,0.6674555424076265,18.615,19.932,1936,"[4, 8, 12, 16, 20, 24, 36, 40, 48, 96]","[34, 16, 5, 5, 2, 29, 1, 1, 7, 4]",C,41,368.76,16,0.0003004556929226,1
10002072001,9.19047619047619,10.452841946662389,1.1373558594814,18,21,0.8571428571428571,金車奧利多水Pet2000ml,34.0,23.0,30.0,23460.0,13.3,6.0,3910.0,PCS,66.0,0.7445909234846085,2.838,4.727,193,"[1, 2, 3, 4, 6, 12, 36]","[38, 14, 3, 1, 9, 2, 1]",C,8,36.76,7,0.0003338396782055,1
14243021001,0.1904761904761904,0.8728715609439697,4.582575694955841,1,21,0.0476190476190476,萬歲牌薄鹽杏仁果,32.0,24.0,13.0,9984.0,2.55,12.0,832.0,PCS,2.0,0.9955167413876436,2.0,1.414,4,"[1, 3]","[1, 1]",C,4,0.76,1,1.6691983546479605e-05,0
14500037001,28.238095238095237,13.24728184158834,0.4691280247442752,21,21,1.0,韓式小雞麵(雞汁味)30g x24,41.0,37.0,38.0,57646.0,6.83,6.0,9607.7,PCS,475.0,0.2449459175680405,1.233,1.288,593,"[1, 2, 3, 14, 25]","[405, 73, 1, 1, 1]",B,5,112.95,19,0.0019529620185494,3
14001093001,18.333333333333332,19.453363034018903,1.061092529128304,19,21,0.9047619047619048,中祥鮮奶油起士酥餅,50.0,34.0,34.0,57800.0,5.7,12.0,4816.7,PCS,246.0,0.4405493241779303,1.565,1.693,385,"[1, 2, 3, 4, 5, 6, 7, 8, 10, 11, 12]","[190, 34, 8, 5, 1, 1, 1, 1, 1, 1, 3]",B,6,73.33,7,0.0009681350202299,3
11103136001,45.142857142857146,23.0201774847322,0.509940640484574,21,21,1.0,一匙靈制菌超濃縮洗衣精補充包,36.0,25.0,32.0,28800.0,12.4,6.0,4800.0,PCS,273.0,0.4069365510574824,3.292,1.929,948,"[1, 2, 3, 4, 5, 6, 7, 12]","[23, 137, 11, 51, 1, 61, 1, 3]",B,9,180.57,31,0.0005174514953978,1
14000041001,7.476190476190476,7.110689471626839,0.9511113305997684,20,21,0.9523809523809524,有田製果雪屋 (輕辣),40.0,27.0,35.0,37800.0,3.46,12.0,3150.0,PCS,105.0,0.6568823852935785,1.427,0.99,157,"[1, 2, 3, 4, 7]","[82, 18, 7, 1, 2]",C,3,29.9,3,0.0004006075905635,1
35307910001,0.1428571428571428,0.6546536707079772,4.582575694955841,1,21,0.0476190476190476,美孚1號 0w30全合成機油,23.0,19.0,24.0,10488.0,5.414,6.0,1748.0,PCS,1.0,0.9998233362777288,3.0,0.0,3,[3],[1],C,3,0.57,1,1.6691983546479605e-05,0
11101009001,0.2857142857142857,1.3093073414159544,4.582575694955841,1,21,0.0476190476190476,台塑防蹣抗菌濃縮洗衣粉補充包 台塑防蹣抗菌濃,52.0,41.0,22.0,46904.0,20.1,12.0,3908.7,PCS,1.0,0.9973933767770538,6.0,0.0,6,[6],[1],C,6,1.14,1,0.0,0
14200047001,2.857142857142857,3.070597894314954,1.0747092630102335,18,21,0.8571428571428571,德昌豆乾-黑胡椒,40.0,27.0,13.0,14040.0,3.77,10.0,1404.0,PCS,40.0,0.815276412059799,1.5,1.198,60,"[1, 2, 3, 4, 7]","[31, 4, 2, 2, 1]",C,3,11.43,2,0.0002169957879232,1
14011034001,29.47619047619047,15.97378805299184,0.5419217271612741,21,21,1.0,鴻津玉米濃湯捲,45.0,30.0,30.0,40500.0,2.8,10.0,4050.0,PCS,368.0,0.3113181446975884,1.642,1.731,619,"[1, 2, 3, 4, 5, 6, 7, 8, 10, 11, 12]","[273, 69, 11, 5, 5, 3, 1, 3, 1, 1, 5]",B,7,117.9,12,0.0012852827785536,3
14011011001,6.428571428571429,5.065288032989127,0.7879336940205308,20,21,0.9523809523809524,好麗友烏龜玉米脆片(麻辣味),37.0,37.0,25.0,34225.0,1.59,12.0,2852.1,PCS,77.0,0.7183013616439726,1.709,1.726,135,"[1, 2, 3, 4, 8, 10]","[56, 13, 3, 4, 1, 2]",C,4,25.71,3,0.0003004556929226,1
11111017001,16.80952380952381,10.428897581331633,0.6204160034219951,20,21,0.9523809523809524,超值漂白水5000克,39.0,28.0,32.0,34944.0,21.77,4.0,8736.0,PCS,181.0,0.533831102814953,1.94,0.893,353,"[1, 2, 3]","[78, 37, 67]",C,3,67.24,17,0.000350531656295,1
10021026001,183.76190476190476,68.72256162418915,0.3739761062731205,21,21,1.0,黑松FIN健康補給飲料Pet1460ml,39.0,28.0,32.0,34944.0,19.23,12.0,2912.0,PCS,2604.0,0.0086798553357444,1.478,3.068,3859,"[1, 2, 3, 4, 5, 6, 7, 8, 9, 10, 11, 12, 13, 24, 25, 48]","[2513, 7, 8, 3, 2, 1, 1, 2, 1, 2, 1, 21, 29, 4, 12, 4]",A,22,735.05,62,0.0020864978432655,3
12123044001,0.0952380952380952,0.4364357804719848,4.582575694955841,1,21,0.0476190476190476,靠得住好夢香氛夜用棉41cm 10片,13.0,10.0,16.0,2170.0,0.2,1.0,2169.86,PCS,1.0,0.9988600189996834,2.0,0.0,2,[2],[1],C,2,0.38,1,1.6691983546479605e-05,0
12320018001,0.8571428571428571,3.927922024247863,4.582575694955841,1,21,0.0476190476190476,好立善鐵+C+B發泡錠 FECB發泡錠,23.0,15.0,9.0,3105.0,1.088,12.0,258.8,PCS,3.0,0.9903001616639724,6.0,0.0,18,[6],[3],C,6,3.43,1,0.0,0
12010097001,0.3333333333333333,1.527525231651947,4.582575694955842,1,21,0.0476190476190476,Caprina山羊奶滋養皂-經典原味,19.0,18.0,11.0,3762.0,2.0,12.0,313.5,PCS,1.0,0.9980066998883352,7.0,0.0,7,[7],[1],C,7,1.33,1,1.6691983546479605e-05,0
12327046001,0.0952380952380952,0.4364357804719848,4.582575694955841,1,21,0.0476190476190476,亞培葡勝納SR原味不甜禮盒 葡勝納SR原味禮,54.0,30.0,21.0,34020.0,9.3,4.0,8505.0,PCS,1.0,0.9990266828886184,2.0,0.0,2,[2],[1],C,2,0.38,1,1.6691983546479605e-05,0
32600042001,0.1428571428571428,0.6546536707079772,4.582575694955841,1,21,0.0476190476190476,大A4事務黃牛皮公文封100入,37.0,26.0,37.0,35594.0,16.3,10.0,3559.4,PCS,2.0,0.9965767237212712,1.5,0.707,3,"[1, 2]","[1, 1]",C,3,0.57,1,1.6691983546479605e-05,0
14010072001,7.190476190476191,6.360967281939498,0.8846378339121156,21,21,1.0,可樂果原味超值分享包,48.0,33.0,41.0,64944.0,3.81,12.0,5412.0,PCS,83.0,0.7036082731954467,1.736,1.401,151,"[1, 2, 3, 4, 5, 6, 10]","[55, 18, 6, 4, 2, 1, 1]",C,4,28.76,3,0.0001502278464613,1
10012006001,58.0,49.16096012081131,0.8476027607036433,19,21,0.9047619047619048,義美寶吉純果汁柳橙TP125ml,28.0,16.0,9.0,4032.0,3.4,24.0,168.0,PCS,95.0,0.6739587673538774,12.18,9.437,1218,"[6, 12, 18, 24, 30, 48]","[56, 19, 4, 17, 1, 3]",C,23,232.0,10,0.0005174514953978,1
10020002001,35.857142857142854,30.052097621107436,0.8381063081583747,19,21,0.9047619047619048,貝納頌榛果拿鐵咖啡TP375,40.0,19.0,14.0,10640.0,9.6,24.0,443.3,PCS,65.0,0.7489808503191614,10.913,10.792,753,"[3, 6, 9, 12, 15, 18, 21, 24, 48]","[32, 11, 2, 2, 1, 2, 2, 15, 2]",C,23,143.43,6,0.0001836118171922,1
12002023001,2.9047619047619047,3.9862860146352,1.3723279722514623,17,21,0.8095238095238095,花王潤髮乳,41.0,21.0,24.0,20664.0,10.7,12.0,1722.0,PCS,24.0,0.8712954784086931,2.44,2.631,61,"[1, 2, 4, 5, 8, 12]","[14, 5, 3, 1, 1, 1]",C,6,11.62,1,0.0001001518976408,1
14111002001,5.333333333333333,3.9412350010286543,0.7389815626928727,20,21,0.9523809523809524,正福堂香港桃酥,37.0,26.0,17.0,16354.0,2.37,6.0,2725.7,PCS,86.0,0.6988150197496709,1.302,0.615,112,"[1, 2, 3, 4]","[65, 18, 1, 2]",C,2,21.33,4,0.0002670717367436,1
12102108001,0.2857142857142857,1.3093073414159544,4.582575694955841,1,21,0.0476190476190476,SPARKLE 三倍亮白頂級牙膏100g 三倍亮白牙膏,21.0,20.0,13.0,5460.0,1.548,12.0,455.0,PCS,1.0,0.9986600223329613,6.0,0.0,6,[6],[1],C,6,1.14,1,1.6691983546479605e-05,0
14104085001,6.809523809523809,5.801888034244091,0.852025515518363,20,21,0.9523809523809524,奇比樂起司餅乾,47.0,27.0,37.0,46953.0,6.9,18.0,2608.5,PCS,87.0,0.6950750820819653,1.571,1.292,143,"[1, 2, 3, 4, 5, 7, 10]","[61, 22, 4, 1, 1, 1, 1]",C,3,27.24,2,0.0003004556929226,1
14111010001,5.095238095238095,5.787095661078725,1.1357851297444228,17,21,0.8095238095238095,家福蜂蜜蜜麻花,65.0,43.0,26.0,72670.0,7.95,8.0,9083.8,PCS,75.0,0.7238646022566291,1.321,0.998,107,"[1, 2, 3, 4, 5, 8]","[67, 10, 1, 1, 1, 1]",C,3,20.38,3,0.0002003037952817,1
10033065001,64.23809523809524,51.35163557463848,0.7993953647645723,21,21,1.0,御茶園台灣四季春 1250ml,35.0,26.0,31.0,28210.0,15.97,12.0,2350.8,PCS,104.0,0.660025666238896,12.607,9.24,1349,"[1, 2, 3, 4, 6, 8, 11, 12, 13, 16, 24, 30]","[10, 13, 5, 2, 7, 1, 1, 36, 1, 1, 22, 8]",C,23,256.95,22,0.0001836118171922,1
14243044001,4.666666666666667,4.586211217697385,0.9827595466494397,18,21,0.8571428571428571,萬歲牌楓糖腰果,33.0,24.0,13.0,10296.0,2.55,12.0,858.0,PCS,51.0,0.7832102798286695,1.922,2.305,98,"[1, 2, 3, 5, 12]","[36, 7, 3, 3, 2]",C,5,18.67,2,0.0002169957879232,1
10002102001,496.8571428571428,277.69448783047267,0.5589020744144073,21,21,1.0,維大力零熱量汽水 330ml,40.0,27.0,12.0,12960.0,9.0,24.0,540.0,PCS,401.0,0.2973117114714754,25.763,22.914,10434,"[12, 18, 24, 36, 48, 60, 72, 84, 96, 120]","[217, 3, 98, 8, 50, 2, 4, 2, 15, 6]",B,85,1987.43,83,0.0012685908004641,2
10012907001,26.0,33.85262175962151,1.3020239138315968,18,21,0.8571428571428571,光泉果汁時刻100柳橙綜合果汁 200ml,33.0,16.0,13.0,6864.0,5.34,24.0,286.0,PCS,45.0,0.7977767037216046,11.87,15.205,546,"[6, 12, 18, 24, 48, 96]","[34, 2, 3, 5, 1, 1]",C,28,104.0,5,0.0002003037952817,1
14603013001,0.0952380952380952,0.4364357804719847,4.58257569495584,1,21,0.0476190476190476,工研-益壽多中辣咖哩125g,18.0,18.0,15.0,4860.0,1.64,10.0,486.0,PCS,1.0,0.9993766770553824,2.0,0.0,2,[2],[1],C,2,0.38,1,1.6691983546479605e-05,0
10041036001,1.1428571428571428,5.237229365663818,4.582575694955841,1,21,0.0476190476190476,舒跑透明系氣泡水PET510ml,42.0,28.0,25.0,29400.0,13.3,24.0,1225.0,PCS,1.0,0.9970233829436176,24.0,0.0,24,[24],[1],C,24,4.57,1,1.6691983546479605e-05,0
10030016001,47.42857142857143,48.137897158653935,1.0149556629836674,21,21,1.0,立頓茶佐茶無糖烏龍紅 535ml,41.0,27.0,23.0,25461.0,13.918,24.0,1060.9,PCS,105.0,0.6561823969600507,9.222,8.91,996,"[4, 8, 12, 16, 20, 24, 48]","[65, 16, 3, 6, 1, 15, 2]",C,19,189.71,8,0.0005842194077558,1
11021051002,0.0952380952380952,0.4364357804719848,4.582575694955841,1,21,0.0476190476190476,高樂氏居家殺菌濕紙巾,26.0,18.0,23.0,10764.0,2.39,6.0,1794.0,PCS,1.0,0.9970733821102982,2.0,0.0,2,[2],[1],C,2,0.38,1,1.6691983546479605e-05,0
14502002001,33.095238095238095,26.574244602443105,0.8029627865486405,20,21,0.9523809523809524,真爽精燉豬肉風味麵80g,37.0,32.0,14.0,16576.0,3.12,30.0,552.5,PCS,68.0,0.7416876385393577,10.072,10.931,695,"[5, 10, 15, 25, 30, 60]","[42, 18, 1, 2, 4, 2]",C,22,132.38,5,0.0002503797586541,1
14504001001,61.904761904761905,40.38799916052386,0.6524215249007701,20,21,0.9523809523809524,隨緣鮮蔬百匯麵(袋) 80g,40.0,31.0,13.0,16120.0,3.1,30.0,537.3,PCS,186.0,0.5241079315344744,6.915,5.15,1300,"[5, 10, 25, 30, 40]","[145, 36, 1, 5, 1]",C,13,247.62,9,0.0005508354515768,1
10021001001,666.2857142857143,419.8220030985921,0.6300930578237874,21,21,1.0,舒跑(小)Can245ml,41.0,28.0,10.0,11480.0,6.48,24.0,478.3,PCS,365.0,0.3137547707538207,38.022,33.179,13992,"[24, 48, 72, 96, 600]","[198, 155, 6, 8, 1]",B,124,2665.14,112,0.0013186667347326,2
14121115001,17.61904761904762,17.439828526898395,0.9898281055807197,19,21,0.9047619047619048,盛香珍濃厚花生牛奶雙色巧克酥,35.0,29.0,24.0,24360.0,3.1,10.0,2436.0,PCS,152.0,0.576263728937851,2.342,1.22,370,"[1, 2, 4, 5, 6, 8, 10]","[7, 132, 10, 1, 6, 1, 1]",C,4,70.48,8,0.0005508354515768,1
10030045001,28.0,31.5974682530104,1.1284810090360855,18,21,0.8571428571428571,茶之初烏龍茶 535ml,42.0,28.0,23.0,27048.0,14.24,24.0,1127.0,PCS,60.0,0.7602439959334011,9.188,9.553,588,"[4, 8, 12, 16, 24, 28, 40, 48]","[41, 8, 3, 1, 8, 1, 1, 1]",C,20,112.0,5,0.0002670717367436,1
12202007001,21.952380952380953,15.72410948345308,0.7162826445824614,19,21,0.9047619047619048,家樂福超值捲筒式花紋衛生紙,31.0,21.0,22.0,14322.0,1.0,1.0,14322.0,PCS,116.0,0.6333227779537007,3.842,4.171,461,"[1, 2, 5, 8, 9, 10, 11, 16]","[42, 44, 3, 18, 2, 2, 2, 7]",C,9,87.81,88,0.0001669198391027,1
14222046001,6.476190476190476,4.86435039464724,0.7511129285852356,20,21,0.9523809523809524,森永牛奶糖家庭號,48.0,28.0,18.0,24192.0,3.69,10.0,2419.2,PCS,90.0,0.687418543024283,1.447,1.267,136,"[1, 2, 3, 4, 5, 6, 10]","[75, 11, 2, 3, 1, 1, 1]",C,3,25.9,3,0.0005508354515768,1
12103156001,0.0952380952380952,0.4364357804719848,4.582575694955841,1,21,0.0476190476190476,Ora2 淨白無瑕牙刷-中性毛 中性毛,34.0,22.0,24.0,17952.0,1.21,48.0,374.0,PCS,1.0,0.9987366877218712,2.0,0.0,2,[2],[1],C,2,0.38,1,1.6691983546479605e-05,0
15022009001,21.428571428571427,17.653813833196008,0.823844645549147,19,21,0.9047619047619048,國農巧克力調味牛乳,36.0,24.0,13.0,11232.0,6.4,24.0,468.0,PCS,42.0,0.8113464775587074,10.465,6.815,450,"[6, 12, 18, 24]","[27, 7, 2, 7]",C,18,85.71,4,0.0002003037952817,1
10034050001,100.0,121.55492585658553,1.2155492585658552,18,21,0.8571428571428571,波爾茶葡萄柚口味320ml,41.0,27.0,12.0,13284.0,8.5,24.0,553.5,PCS,108.0,0.6512124797920035,18.103,9.882,2100,"[6, 12, 18, 24, 30, 36, 48]","[4, 66, 3, 33, 1, 2, 7]",C,30,400.0,17,0.0003004556929226,1
14630016001,8.333333333333334,6.762642481555071,0.8115170977866084,19,21,0.9047619047619048,可果美蕃茄醬(柔軟瓶)500g,30.0,18.0,22.0,11880.0,6.95,12.0,990.0,PCS,103.0,0.6620889651839136,1.651,1.805,175,"[1, 2, 3, 4, 9, 10, 12]","[79, 15, 6, 2, 2, 1, 1]",C,4,33.33,3,0.0003672236343845,1
12023094001,0.0952380952380952,0.4364357804719848,4.582575694955841,1,21,0.0476190476190476,森田極緻超保水美容液面膜8入,34.0,24.0,18.0,14688.0,4.07,12.0,1224.0,PCS,1.0,0.9984966917218048,2.0,0.0,2,[2],[1],C,2,0.38,1,1.6691983546479605e-05,0
14615108001,3.5238095238095237,5.446274392821644,1.5455643547196558,16,21,0.7619047619047619,義美100％純芝麻香油,25.0,19.0,26.0,12350.0,6.81,12.0,1029.2,PCS,37.0,0.8263928934517758,1.947,2.301,74,"[1, 2, 3, 4, 6, 9, 12]","[26, 7, 1, 1, 1, 1, 1]",C,5,14.1,2,8.345991955138743e-05,1
14003029001,32.476190476190474,20.373068123429636,0.627323212011763,21,21,1.0,海太加鈣營養餅乾,37.0,36.0,24.0,31968.0,5.17,18.0,1776.0,PCS,359.0,0.3209879835336077,1.809,2.365,682,"[1, 2, 3, 4, 5, 6, 7, 8, 9, 10, 11, 12, 15, 16, 18, 20]","[269, 64, 17, 5, 5, 3, 2, 2, 1, 1, 1, 2, 1, 1, 2, 1]",B,8,129.9,8,0.0011183628812432,3
10011001001,231.71428571428572,140.87197835522252,0.6079555169460897,21,21,1.0,光泉果汁時刻蘋果汁TP250ml,34.0,20.0,11.0,7480.0,6.59,24.0,311.7,PCS,209.0,0.4976283728604523,23.171,14.214,4866,"[6, 12, 18, 24, 48]","[54, 12, 3, 101, 40]",B,60,926.86,39,0.0009013671078719,3
11110101001,0.0952380952380952,0.4364357804719848,4.582575694955841,1,21,0.0476190476190476,家福JUNGLE廣藿香柑橘柔軟精,29.0,22.0,30.0,19140.0,10.05,8.0,2392.5,PCS,1.0,0.9975400409993168,2.0,0.0,2,[2],[1],C,2,0.38,1,0.0,0
14011059001,25.0,18.041618552668716,0.7216647421067486,21,21,1.0,奇多玉米濃湯口味隨口脆,43.0,33.0,20.0,28380.0,2.32,6.0,4730.0,PCS,339.0,0.3419143014283095,1.522,1.253,525,"[1, 2, 3, 4, 5, 6, 8, 10]","[254, 54, 20, 4, 5, 3, 3, 2]",B,5,100.0,17,0.0019529620185494,3
10022918001,0.1904761904761904,0.8728715609439697,4.582575694955841,1,21,0.0476190476190476,掠奪者能量飲料can 250ml,32.0,22.0,14.0,9856.0,6.926,24.0,410.7,PCS,1.0,0.996963383943601,2.0,0.0,4,[2],[2],C,4,0.76,1,0.0,0
11021095001,0.0952380952380952,0.4364357804719848,4.582575694955841,1,21,0.0476190476190476,高樂氏-居家殺菌濕紙巾(檸檬香)75片,34.0,23.0,23.0,17986.0,4.47,6.0,2997.7,PCS,1.0,0.9970800486658556,2.0,0.0,2,[2],[1],C,2,0.38,1,1.6691983546479605e-05,0
14616054001,3.5238095238095237,3.6141257258021287,1.025630273538442,18,21,0.8571428571428571,萬家香特級烏醋 595ml,33.0,25.0,26.0,21450.0,12.28,12.0,1787.5,PCS,44.0,0.8032799453342444,1.609,1.626,74,"[1, 2, 4, 7, 10]","[33, 10, 1, 1, 1]",C,4,14.1,2,0.0001168438830063,1
14121136001,12.952380952380953,14.42038900472588,1.113338856982513,19,21,0.9047619047619048,麗滋起司餅乾隨手包243g,50.0,21.0,23.0,24150.0,3.68,12.0,2012.5,PCS,171.0,0.5484275262078966,1.462,1.13,272,"[1, 2, 3, 4, 5, 6, 7, 8]","[143, 26, 6, 3, 4, 2, 1, 1]",C,3,51.81,5,0.000667679356411,1
14805004001,76.85714285714286,65.2213812444092,0.8486053321763278,21,21,1.0,愛之味妞妞珍珠圓 260g,41.0,28.0,10.0,11480.0,8.06,24.0,478.3,PCS,149.0,0.580763653939101,10.151,8.376,1614,"[6, 12, 18, 24, 30, 36, 48]","[118, 11, 6, 17, 3, 2, 2]",C,20,307.43,13,0.0006176033639349,1
12103049001,0.238095238095238,1.091089451179962,4.582575694955841,1,21,0.0476190476190476,歐樂B 多動向美白電動牙刷刷頭,22.0,5.0,3.0,330.0,0.03,1.0,330.0,PCS,2.0,0.9947300878318694,2.5,2.121,5,"[1, 4]","[1, 1]",C,5,0.95,1,1.6691983546479605e-05,0
14511056001,13.19047619047619,9.54787435830116,0.7238460704849254,19,21,0.9047619047619048,皇家穀堡一等特賞糙米(圓ㄧ)2.5Kg,35.0,24.0,5.0,4288.0,2.5,1.0,4287.5,PCS,83.0,0.7049915834736088,3.078,2.333,277,"[1, 2, 3, 4, 6, 8, 10, 16]","[4, 59, 1, 14, 6, 3, 2, 1]",C,6,52.76,53,0.0002169957879232,1
12200006001,490.0,636.0660343077595,1.2980939475668565,18,21,0.8571428571428571,舒潔平版式衛生紙,21.0,9.0,31.0,5859.0,1.0,1.0,5859.0,PCS,197.0,0.5138281028649523,47.419,49.422,10290,"[6, 12, 18, 24, 30, 36, 42, 48, 54, 60, 96, 108, 240]","[27, 44, 4, 2, 4, 4, 5, 95, 1, 1, 19, 1, 10]",C,104,1960.0,1960,0.0001669198391027,2
14362033001,0.5714285714285714,2.618614682831909,4.582575694955841,1,21,0.0476190476190476,桂格美味大燕麥片水果優格,32.0,29.0,32.0,29696.0,4.986,12.0,2474.7,PCS,1.0,0.9992433459442344,6.0,7.071,12,"[1, 11]","[1, 1]",C,20,2.29,1,1.6691983546479605e-05,0
12201099001,0.9523809523809524,4.364357804719848,4.582575694955841,1,21,0.0476190476190476,倍潔雅3層抽取衛生紙,48.0,36.0,36.0,62208.0,10.636,60.0,1036.8,PCS,1.0,0.9989200179997,20.0,0.0,20,[20],[1],C,20,3.81,1,1.6691983546479605e-05,0
14010084001,16.142857142857142,10.36477551269546,0.6420657397244975,21,21,1.0,可樂果素食量販包,63.0,45.0,35.0,99225.0,4.27,12.0,8268.8,PCS,187.0,0.5228646189230179,1.784,2.143,339,"[1, 2, 3, 4, 6, 8, 9, 10, 12]","[144, 26, 4, 3, 2, 4, 1, 3, 3]",C,5,64.57,6,0.0007177552906796,1
14833024001,60.857142857142854,44.153466131534586,0.7255264387810848,21,21,1.0,廣達香肉醬 150g,31.0,24.0,11.0,8184.0,5.08,24.0,341.0,PCS,200.0,0.5085448575857069,6.174,6.899,1278,"[3, 6, 9, 12, 18, 24, 30, 39, 48]","[124, 45, 13, 13, 1, 5, 3, 1, 2]",C,14,243.43,11,0.0005675274296663,1
15021060001,29.428571428571427,26.89344051729237,0.9138547748594494,18,21,0.8571428571428571,極品限定蘋果牛乳200ml,35.0,20.0,9.0,6300.0,5.3,24.0,262.5,PCS,42.0,0.8112064798920018,14.045,10.508,618,"[6, 12, 18, 24, 48]","[20, 10, 1, 11, 2]",C,26,117.71,5,0.0001168438830063,1
10031031001,277.0952380952381,205.5616464134068,0.7418447456060394,21,21,1.0,義美錫蘭紅茶TP250ml,35.0,21.0,12.0,8820.0,6.66,24.0,367.5,PCS,282.0,0.4013933101114981,20.066,26.757,5819,"[6, 7, 12, 17, 18, 23, 24, 36, 48, 72, 414]","[102, 3, 34, 3, 5, 1, 106, 4, 30, 1, 1]",B,90,1108.38,47,0.0007344472687691,3
14510139001,17.047619047619047,6.484413546930751,0.3803706270545972,21,21,1.0,台東關山好米(圓二)9kg,35.0,24.0,5.0,4288.0,9.0,1.0,4287.5,PCS,232.0,0.4652289128514524,1.473,0.887,358,"[1, 2, 3, 4, 5, 6]","[165, 58, 11, 4, 2, 3]",B,4,68.19,69,0.0004006075905635,1
12003003001,0.1904761904761904,0.8728715609439697,4.582575694955841,1,21,0.0476190476190476,阿葵亞水分髮梢修護凝露 阿葵亞修護凝,40.0,26.0,20.0,20800.0,6.12,36.0,577.8,PCS,1.0,0.9977767037216048,4.0,0.0,4,[4],[1],C,4,0.76,1,1.6691983546479605e-05,0
11110031002,0.1904761904761904,0.8728715609439697,4.582575694955841,1,21,0.0476190476190476,一匙靈抗菌EX抑菌柔衣精瓶裝 EX柔衣棉花香,35.0,26.0,28.0,25480.0,10.58,16.0,1592.5,PCS,1.0,0.9975200413326444,4.0,0.0,4,[4],[1],C,4,0.76,1,1.6691983546479605e-05,0
14010079001,7.714285714285714,4.95119033306999,0.6418209691016653,21,21,1.0,可樂果老朋友,37.0,20.0,28.0,20720.0,1.16,12.0,1726.7,PCS,86.0,0.6982416959717338,1.761,1.161,162,"[1, 2, 3, 4, 5, 8]","[49, 30, 5, 5, 2, 1]",C,4,30.86,3,0.0002169957879232,1
15021005001,20.0,18.81488772222678,0.9407443861113388,19,21,0.9047619047619048,國農草莓調味牛乳,36.0,24.0,13.0,11232.0,6.31,24.0,468.0,PCS,38.0,0.8229396176730388,10.244,6.606,420,"[6, 12, 18, 24]","[26, 7, 2, 6]",C,18,80.0,4,0.0001836118171922,1
14121020001,38.23809523809524,12.852644715795895,0.3361214682835788,21,21,1.0,盛香珍濃厚芋頭牛奶巧克酥,36.0,24.0,18.0,15552.0,1.73,10.0,1555.2,PCS,323.0,0.3594940084331928,2.301,1.139,803,"[1, 2, 3, 4, 5, 6, 8, 12]","[31, 260, 15, 29, 1, 11, 1, 1]",B,6,152.95,16,0.0019195780623704,3
14833003001,14.0,10.578279633286312,0.7555914023775937,20,21,0.9523809523809524,遠洋牌嘉義雞肉飯料110g,31.0,24.0,9.0,6696.0,3.6,24.0,279.0,PCS,62.0,0.7567973867102215,4.742,3.373,294,"[3, 6, 9, 12, 18]","[43, 10, 5, 2, 2]",C,9,56.0,3,0.0001335358683718,1
12010180001,0.0952380952380952,0.4364357804719848,4.582575694955841,1,21,0.0476190476190476,戴奧飛波登馬賽皂,23.0,16.0,21.0,7728.0,3.85,12.0,644.0,PCS,1.0,0.9980366993883436,2.0,0.0,2,[2],[1],C,2,0.38,1,1.6691983546479605e-05,0
14510109001,10.523809523809524,9.02008341213676,0.8571119984383346,20,21,0.9523809523809524,金農一等西螺米(圓ㄧ)2.8Kg,35.0,24.0,5.0,4288.0,2.8,1.0,4287.5,PCS,97.0,0.6720387993533441,2.278,1.784,221,"[1, 2, 3, 4, 5, 6]","[53, 13, 11, 3, 5, 12]",C,5,42.1,43,0.0002169957879232,1
14011023001,2.5238095238095237,3.0922329734198173,1.2252243856946443,18,21,0.8571428571428571,卡迪那四重脆起司口味92G,44.0,26.0,27.0,30888.0,1.56,12.0,2574.0,PCS,35.0,0.8318761353977434,1.472,1.298,53,"[1, 2, 3, 4, 8]","[28, 5, 1, 1, 1]",C,3,10.1,1,0.0001001518976408,1
11103050001,20.19047619047619,17.631276322544117,0.8732471763524209,21,21,1.0,妙管家有酵洗衣精補充包-護色,41.0,29.0,31.0,36859.0,13.12,6.0,6143.2,PCS,109.0,0.6486725221246312,3.719,3.093,424,"[1, 2, 3, 4, 5, 6, 7, 12, 13, 18, 22]","[2, 63, 1, 21, 1, 20, 1, 2, 1, 1, 1]",C,8,80.76,14,0.0006176033639349,1
11040035001,15.80952380952381,8.237833742065007,0.5210677969378468,21,21,1.0,潔霜芳香浴廁清潔劑-清新皂香,36.0,26.0,29.0,27144.0,10.2,12.0,2262.0,PCS,130.0,0.6054165763903935,2.406,1.242,332,"[1, 2, 3, 4, 6]","[15, 96, 3, 14, 10]",C,4,63.24,6,0.0003338396782055,1
14014006001,208.71428571428572,105.2222138415377,0.5041447617322135,21,21,1.0,華元大吉利超值包,60.0,41.0,29.0,71340.0,2.55,6.0,11890.0,PCS,1495.0,0.0338694355094081,2.584,4.841,4383,"[1, 2, 3, 4, 5, 6, 7, 8, 9, 10, 11, 12, 18, 19, 20, 22, 25, 30, 42, 46, 48, 54, 144]","[952, 289, 137, 75, 66, 67, 20, 17, 17, 18, 4, 22, 1, 1, 1, 1, 2, 1, 1, 1, 1, 1, 1]",A,35,834.86,140,0.0020531138870865,3
14132157001,7.142857142857143,10.88708277862217,1.5241915890071038,19,21,0.9047619047619048,小瓜呆脆笛酥-蜂蜜牛奶口味,37.0,36.0,26.0,34632.0,4.13,12.0,2886.0,PCS,57.0,0.7690805153247446,2.5,3.582,150,"[1, 2, 3, 4, 5, 6, 9, 11, 12, 21]","[42, 3, 6, 2, 1, 1, 1, 1, 2, 1]",C,7,28.57,3,0.0002336877660127,1
12010058001,0.4285714285714285,1.9639610121239313,4.58257569495584,1,21,0.0476190476190476,彎彎全效控油皂-白麝香,39.0,34.0,13.0,17238.0,8.52,72.0,239.4,PCS,1.0,0.9979933667772204,9.0,0.0,9,[9],[1],C,9,1.71,1,1.6691983546479605e-05,0
14001049001,19.095238095238095,16.096287652451924,0.8429477324226693,21,21,1.0,義美天然取向蘇打餅乾(蔬菜)袋,47.0,31.0,24.0,34968.0,3.1,8.0,4371.0,PCS,255.0,0.4305594906751554,1.458,1.064,401,"[1, 2, 3, 4, 5, 6, 8]","[206, 45, 7, 10, 2, 3, 2]",B,5,76.38,10,0.0008679831516928,3
10035017001,86.0952380952381,55.3768044960205,0.643204034522362,21,21,1.0,悅氏六茶 550ml,42.0,28.0,24.0,28224.0,14.6,24.0,1176.0,PCS,141.0,0.592316794720088,11.974,8.878,1808,"[4, 8, 12, 16, 20, 24, 28, 32, 40, 48, 56]","[12, 93, 5, 19, 2, 13, 1, 1, 1, 3, 1]",C,23,344.38,15,0.0003672236343845,1
14830007001,8.857142857142858,10.626785564250904,1.1997983701573602,17,21,0.8095238095238095,紅鷹牌水煮海底雞170g,35.0,26.0,10.0,9100.0,5.87,24.0,379.2,PCS,33.0,0.8401993300111665,5.471,7.798,186,"[3, 6, 9, 12, 48]","[23, 8, 1, 1, 1]",C,14,35.43,2,0.0001335358683718,1
14244017001,12.761904761904765,13.692716172859065,1.0729367150374638,20,21,0.9523809523809524,日本進口-味彩綜合豆果子360g,44.0,31.0,33.0,45012.0,4.35,10.0,4501.2,PCS,163.0,0.5600273328777854,1.558,1.911,268,"[1, 2, 3, 4, 5, 6, 10, 15, 18]","[129, 32, 3, 3, 1, 1, 1, 1, 1]",C,4,51.05,6,0.0006843713345006,1
11103388001,0.0952380952380952,0.4364357804719847,4.58257569495584,1,21,0.0476190476190476,ARIEL抗菌3D洗衣膠囊17顆盒裝,39.0,30.0,14.0,16380.0,2.646,6.0,2730.0,PCS,1.0,0.9975100414993084,2.0,0.0,2,[2],[1],C,2,0.38,1,1.6691983546479605e-05,0
14506066001,4.238095238095238,2.142539659020619,0.5055430656116068,20,21,0.9523809523809524,好勁道-天禧麵線300g,27.0,24.0,10.0,6480.0,4.0,12.0,540.0,PCS,52.0,0.7809969833836102,1.679,0.471,89,"[1, 2]","[17, 36]",C,3,16.95,2,0.0003004556929226,1
14100001001,7.095238095238095,4.836370146140201,0.6816360608653975,21,21,1.0,義美煎餅-杏仁,41.0,27.0,36.0,39852.0,6.5,12.0,3321.0,PCS,97.0,0.6717154714088098,1.49,0.98,149,"[1, 2, 3, 4, 5, 8]","[67, 25, 5, 1, 1, 1]",C,3,28.38,3,0.0004840675101149,1
14501053001,50.857142857142854,42.81388292865495,0.8418460126420917,20,21,0.9523809523809524,味味一品原汁珍味牛肉(碗)185g,36.0,34.0,15.0,18360.0,2.33,8.0,2295.0,PCS,192.0,0.5209713171447142,4.899,4.041,1068,"[2, 4, 6, 8, 10, 12, 14, 16, 22]","[100, 48, 8, 45, 2, 2, 1, 9, 3]",C,10,203.43,26,0.0007511392468586,1
14010002001,18.571428571428573,17.783620071772308,0.9575795423262012,19,21,0.9047619047619048,可樂果辣味量販包,62.0,45.0,34.0,94860.0,4.9,12.0,7905.0,PCS,238.0,0.4518691355144081,1.618,1.689,390,"[1, 2, 3, 4, 5, 6, 7, 8, 9, 10, 12, 15]","[179, 37, 8, 6, 2, 3, 1, 1, 1, 1, 1, 1]",B,6,74.29,7,0.0010349029907956,3
11073032001,0.0952380952380952,0.4364357804719848,4.582575694955841,1,21,0.0476190476190476,速必效無味型電熱蚊片寶 無味型電熱蚊片,41.0,26.0,15.0,15990.0,6.0,24.0,666.3,PCS,1.0,0.997333377777037,2.0,0.0,2,[2],[1],C,2,0.38,1,1.6691983546479605e-05,0
14510039001,70.95238095238095,23.77703974525885,0.3351126407049905,21,21,1.0,天生好米優質九號米3kg,35.0,24.0,5.0,4288.0,3.0,1.0,4287.5,PCS,535.0,0.2017733037782703,2.699,1.432,1490,"[1, 2, 3, 4, 5, 6, 8, 10]","[21, 391, 10, 62, 5, 61, 1, 1]",B,7,283.81,284,0.0010682869469746,3
14130009001,10.095238095238097,7.980631315283034,0.7905342340610553,20,21,0.9523809523809524,義美椰子夾心酥,56.0,26.0,23.0,33488.0,4.8,8.0,4186.0,PCS,160.0,0.562720621322978,1.309,0.907,212,"[1, 2, 3, 4, 5, 6, 7]","[135, 17, 5, 1, 1, 2, 1]",C,3,40.38,6,0.000634295400232,1
12120052001,20.952380952380953,18.7149036611899,0.8932113111022453,21,21,1.0,蘇菲瞬吸加長護墊17.5cm無香,43.0,29.0,24.0,29928.0,4.0,36.0,831.3,PCS,79.0,0.7138781020316328,5.5,5.507,440,"[2, 4, 6, 8, 10, 12, 16, 20, 24]","[39, 17, 6, 1, 7, 2, 3, 3, 2]",C,12,83.81,3,0.0001335358683718,1
10033064001,381.7142857142857,212.93218236263465,0.5578313160697764,21,21,1.0,統一麥香綠茶TP375ml,40.0,20.0,14.0,11200.0,9.82,24.0,466.7,PCS,433.0,0.2739421009649839,17.933,14.327,8016,"[6, 12, 18, 24, 30, 48, 54, 60, 72, 120]","[183, 50, 12, 154, 4, 37, 1, 2, 3, 1]",B,56,1526.86,64,0.0015690464060753,2
14011044001,4.761904761904762,3.819748184170809,0.8021471186758699,19,21,0.9047619047619048,好麗友烏龜玉米脆片 (韓國烤麻糬風味),36.0,36.0,25.0,32400.0,1.55,12.0,2700.0,PCS,71.0,0.7328844519258012,1.351,1.052,100,"[1, 2, 3, 9]","[59, 10, 4, 1]",C,3,19.05,2,0.0003004556929226,1
14508924001,0.0952380952380952,0.4364357804719847,4.58257569495584,1,21,0.0476190476190476,佛祖牌新竹炊粉900g,63.0,40.0,45.0,113400.0,10.67,10.0,11340.0,PCS,1.0,0.9993000116664722,2.0,0.0,2,[2],[1],C,2,0.38,1,1.6691983546479605e-05,0
10030048001,318.85714285714283,113.68829566595046,0.35654931436454,21,21,1.0,原萃木柵鐵觀音 580ml,38.0,25.0,24.0,22800.0,14.97,24.0,950.0,PCS,478.0,0.2401893301778303,13.806,12.444,6696,"[4, 8, 12, 16, 20, 24, 44, 48]","[228, 53, 16, 8, 5, 144, 1, 30]",B,46,1275.43,54,0.0017526582814753,3
14222114001,7.857142857142857,4.114434521118476,0.523655302687806,21,21,1.0,Dr.Q百香果蒟蒻265g,37.0,20.0,17.0,12580.0,2.9,10.0,1258.0,PCS,99.0,0.6687755204079932,1.587,1.67,165,"[1, 2, 3, 4, 5, 8, 10, 12]","[79, 15, 4, 1, 2, 1, 1, 1]",C,4,31.43,4,0.0007678312249481,1
14505917001,209.52380952380952,111.02820319523282,0.529907333431793,21,21,1.0,科學麵香蔥雞汁風味40g,39.0,31.0,12.0,14508.0,2.02,40.0,362.7,PCS,294.0,0.3880568657189047,14.148,17.269,4400,"[5, 10, 15, 20, 25, 30, 35, 40, 50, 55, 60, 80, 100]","[177, 66, 6, 2, 7, 2, 4, 31, 4, 2, 1, 8, 1]",B,60,838.1,21,0.0011183628812432,3
12200017001,73.71428571428571,73.61055824889718,0.9985928444617836,20,21,0.9523809523809524,情人平版衛生紙,18.0,10.0,8.0,1454.0,0.2,1.0,1453.5,PCS,58.0,0.7669705504908252,25.377,21.365,1548,"[6, 12, 18, 24, 36, 48, 54, 72]","[16, 16, 3, 1, 16, 1, 1, 7]",C,49,294.86,295,0.0001502278464613,1
10002040001,23.47619047619047,30.009363618076023,1.2782893224738263,20,21,0.9523809523809524,芬達橘子汽水2L,34.0,23.0,31.0,24242.0,13.1,6.0,4040.3,PCS,84.0,0.7019349677505375,5.602,7.542,493,"[1, 2, 3, 4, 5, 6, 7, 10, 11, 12, 13, 18, 30, 37, 48]","[31, 13, 3, 1, 1, 22, 1, 2, 1, 7, 1, 2, 1, 1, 1]",C,14,93.9,16,0.0003672236343845,1
11103090001,26.047619047619047,14.448100880310156,0.5546802897376842,21,21,1.0,妙管家有酵洗衣精補充包-中性,42.0,29.0,32.0,38976.0,12.8,6.0,6496.0,PCS,166.0,0.5523474608756521,3.022,1.69,547,"[1, 2, 3, 4, 5, 6]","[13, 105, 3, 21, 3, 36]",C,6,104.19,18,0.000667679356411,1
14022003001,6.761904761904762,6.9275158744297505,1.0244917842466532,21,21,1.0,樂事波樂香烤肋排洋芋片,50.0,29.0,26.0,37700.0,1.96,12.0,3141.7,PCS,87.0,0.6947850869152181,1.596,1.222,142,"[1, 2, 3, 4, 5, 6, 7]","[63, 15, 3, 3, 3, 1, 1]",C,3,27.05,3,0.0002503797586541,1
14500010001,183.57142857142856,213.442397716239,1.1627212326954652,21,21,1.0,統一阿Q排骨雞汁(碗) 107g,42.0,28.0,23.0,27048.0,2.5,12.0,2254.0,PCS,352.0,0.3280811986466892,10.253,7.751,3855,"[3, 6, 9, 12, 15, 21, 24, 30, 36]","[131, 42, 9, 134, 1, 2, 44, 10, 3]",B,31,734.29,62,0.0012685908004641,3
12103019001,0.0952380952380952,0.4364357804719847,4.58257569495584,1,21,0.0476190476190476,歐樂B Pro 450 3D電動牙刷 Pro450,13.0,8.0,24.0,2496.0,0.356,1.0,2496.0,PCS,2.0,0.994723421276312,1.0,0.0,2,[1],[2],C,1,0.38,1,0.0,0
14000010001,7.380952380952381,6.7117523082738275,0.9093341837016152,19,21,0.9047619047619048,波貝仙,48.0,32.0,23.0,35328.0,2.91,5.0,7065.6,PCS,114.0,0.6367760537324378,1.303,0.604,155,"[1, 2, 3, 4]","[91, 21, 6, 1]",C,2,29.52,6,0.0004339915758464,1
11061024001,0.0952380952380952,0.4364357804719848,4.582575694955841,1,21,0.0476190476190476,百利天然木漿棉菜瓜布細緻鍋具,41.0,27.0,18.0,19926.0,1.59,30.0,664.2,PCS,1.0,0.9972500458325696,2.0,0.0,2,[2],[1],C,2,0.38,1,1.6691983546479605e-05,0
14022029001,7.0476190476190474,5.426566045633191,0.769985722691196,21,21,1.0,波的多洋芋片派對包-蚵仔煎,41.0,30.0,27.0,33210.0,1.71,6.0,5535.0,PCS,91.0,0.6832119464675589,1.51,1.203,148,"[1, 2, 3, 4, 6, 10]","[70, 18, 6, 2, 1, 1]",C,3,28.19,5,0.0003338396782055,1
35750013001,1.238095238095238,5.224028731781267,4.2194078218233315,3,21,0.1428571428571428,中油二行程機油 LS 0.7L,35.0,20.0,22.0,15400.0,8.312,12.0,1283.3,PCS,4.0,0.986916884718588,6.5,6.351,26,"[1, 12]","[2, 2]",C,14,4.95,1,1.6691983546479605e-05,0
12023103001,0.0952380952380952,0.4364357804719847,4.58257569495584,1,21,0.0476190476190476,UNO完效男人保濕乳 UNO男人濕乳,13.0,7.0,16.0,1456.0,0.73,3.0,485.3,PCS,1.0,0.9985000249995832,2.0,0.0,2,[2],[1],C,2,0.38,1,1.6691983546479605e-05,0
10040049001,23.238095238095237,14.134725897253055,0.608256647217857,20,21,0.9523809523809524,味丹竹炭礦泉水6200ml,36.0,18.0,37.0,23976.0,12.8,2.0,11988.0,PCS,140.0,0.5932534457759038,3.461,0.891,488,"[2, 4]","[38, 103]",C,5,92.95,47,0.0012518988223746,3
14504055001,93.57142857142856,59.54290170001075,0.6363363540459165,21,21,1.0,維力素飄香麻辣燙風味麵90g,41.0,33.0,15.0,20295.0,3.13,30.0,676.5,PCS,284.0,0.3995100081665305,6.684,2.857,1965,"[5, 10, 35]","[200, 93, 1]",B,15,374.29,13,0.0007177552906796,1
10020015001,52.0,48.719605909736174,0.9369154982641572,19,21,0.9047619047619048,伯朗曼特寧咖啡Can240ml,40.0,27.0,10.0,10800.0,7.21,24.0,450.0,PCS,55.0,0.772080465325578,17.613,11.336,1092,"[6, 12, 18, 24, 30, 48]","[20, 10, 3, 24, 1, 4]",C,32,208.0,9,0.0001335358683718,1
11100001001,17.19047619047619,24.91910722240877,1.449587954766161,17,21,0.8095238095238095,妙管家活氧洗衣粉4.5Kg,37.0,30.0,32.0,35520.0,18.75,4.0,8880.0,PCS,78.0,0.7162380626989551,3.722,2.353,361,"[1, 2, 3, 4, 5, 6, 7, 8]","[22, 12, 13, 27, 3, 3, 1, 16]",C,8,68.76,18,8.345991955138743e-05,1
11110085001,5.0,5.049752469181039,1.0099504938362078,19,21,0.9047619047619048,新熊寶貝沁藍海洋香柔軟護衣精補充包,38.0,24.0,28.0,25536.0,12.03,6.0,4256.0,PCS,42.0,0.8081265312244796,2.143,1.486,105,"[1, 2, 3, 4, 5, 6, 7]","[21, 16, 4, 4, 1, 2, 1]",C,5,20.0,4,0.0001001518976408,1
14615084001,12.428571428571429,9.447599846370656,0.7601517117769493,21,21,1.0,得意的一天五珍寶健康調和2.4L,38.0,26.0,30.0,29640.0,14.22,6.0,4940.0,PCS,142.0,0.5909068182196964,1.695,1.548,261,"[1, 2, 3, 4, 6, 8, 12]","[105, 30, 8, 1, 8, 1, 1]",C,4,49.71,9,0.0002670717367436,1
10033018001,607.8095238095239,521.8696790433047,0.8586072751417579,21,21,1.0,原萃綠茶玉露 Pet 580ml,37.0,25.0,24.0,22200.0,14.89,24.0,925.0,PCS,666.0,0.1499841669305511,18.552,18.365,12764,"[1, 3, 4, 5, 7, 8, 9, 12, 15, 16, 19, 20, 24, 28, 36, 44, 48, 52, 64, 72, 96, 120]","[2, 1, 239, 1, 1, 80, 1, 32, 1, 17, 1, 3, 212, 2, 4, 1, 72, 1, 1, 7, 4, 5]",A,140,2431.24,102,0.0018861941061913,2
12020184001,0.0952380952380952,0.4364357804719848,4.582575694955841,1,21,0.0476190476190476,MensBiore激淨油抗痘洗面乳 激淨油抗痘洗面,25.0,20.0,20.0,10000.0,1.68,12.0,833.3,PCS,1.0,0.998313361443976,2.0,0.0,2,[2],[1],C,2,0.38,1,1.6691983546479605e-05,0
11110100001,0.0952380952380952,0.4364357804719848,4.582575694955841,1,21,0.0476190476190476,家福BLUE蓮花野生漿果柔軟精,29.0,22.0,30.0,19140.0,10.05,8.0,2392.5,PCS,1.0,0.997536707721538,2.0,0.0,2,[2],[1],C,2,0.38,1,0.0,0
14023295001,6.333333333333333,5.597618541248889,0.8838345065129826,21,21,1.0,卡辣姆久厚切洋芋片-極辛口味,43.0,30.0,24.0,30960.0,1.24,6.0,5160.0,PCS,78.0,0.7164980583656939,1.642,1.519,133,"[1, 2, 3, 5, 10]","[53, 20, 5, 1, 2]",C,4,25.33,5,0.000317147700116,1
10031006001,1.3333333333333333,6.110100926607787,4.582575694955841,1,21,0.0476190476190476,生活蘇格蘭紅茶 590ml,41.0,27.0,24.0,26568.0,14.0,24.0,1107.0,PCS,2.0,0.9923234612756454,14.0,14.142,28,"[4, 24]","[1, 1]",C,29,5.33,1,1.6691983546479605e-05,0
14504002001,56.666666666666664,70.43318346726444,1.2429385317752548,20,21,0.9523809523809524,隨緣素魷魚羹麵(袋) 94g,41.0,31.0,13.0,16523.0,4.05,30.0,550.8,PCS,118.0,0.6313828102864952,9.52,10.5,1190,"[5, 10, 15, 20, 25, 30, 40, 45, 60]","[92, 15, 2, 2, 3, 4, 3, 3, 1]",C,21,226.67,8,0.0004506835539359,1
14811007001,7.238095238095238,6.707494032086514,0.9266932544330052,19,21,0.9047619047619048,綠巨人珍珠玉米醬(3入組),31.0,23.0,23.0,16399.0,11.74,8.0,2049.9,PCS,110.0,0.6479458675688738,1.357,0.683,152,"[1, 2, 3, 4]","[83, 20, 7, 2]",C,3,28.95,4,0.0005174514953978,1
14522049001,6.380952380952381,8.731988264285462,1.3684459220148857,19,21,0.9047619047619048,康寶濃湯-自然原味香蟹南瓜42.2G,36.0,29.0,34.0,35496.0,5.39,96.0,369.8,PCS,44.0,0.8028399526674556,3.045,3.596,134,"[2, 4, 8, 24]","[37, 3, 3, 1]",C,7,25.52,1,0.0002670717367436,1
11040006001,14.61904761904762,8.53508166613648,0.5838329478464693,21,21,1.0,潔霜芳香浴廁清潔劑--檸檬,36.0,27.0,30.0,29160.0,10.73,12.0,2430.0,PCS,124.0,0.6172930451159148,2.456,1.125,307,"[1, 2, 3, 4, 6]","[2, 101, 1, 13, 8]",C,4,58.48,5,0.0004673755320254,1
10013005001,200.57142857142856,113.80359020196656,0.567396817246272,21,21,1.0,光泉果汁時刻葡萄汁TP250ml,34.0,20.0,11.0,7480.0,6.71,24.0,311.7,PCS,161.0,0.5621872968783853,26.161,15.911,4212,"[6, 12, 18, 24, 30, 48, 72]","[28, 11, 1, 85, 1, 29, 6]",C,43,802.29,34,0.0009013671078719,3
11070007001,32.61904761904762,90.2731832774696,2.76749904938228,19,21,0.9047619047619048,噴效新油性噴霧殺蟲劑,41.0,27.0,27.0,29889.0,11.5,24.0,1245.4,PCS,54.0,0.7749937501041649,12.455,45.522,685,"[1, 2, 3, 4, 5, 6, 9, 10, 24, 29, 91, 331]","[11, 10, 1, 3, 2, 21, 2, 1, 1, 1, 1, 1]",C,60,130.48,6,0.0002503797586541,1
14830069001,55.0,33.384127965247195,0.6069841448226763,21,21,1.0,愛之味珍寶三明治鮪魚 110g,31.0,24.0,9.0,6696.0,3.68,24.0,279.0,PCS,248.0,0.4380860318994683,4.583,3.866,1155,"[3, 6, 9, 12, 18, 24, 33, 36]","[184, 38, 16, 10, 1, 1, 1, 1]",B,15,220.0,10,0.000667679356411,1
12020404001,0.0952380952380952,0.4364357804719848,4.582575694955841,1,21,0.0476190476190476,OXY歐治 制痘酷涼洗面乳 制痘酷涼洗面乳,20.0,13.0,20.0,5200.0,1.036,6.0,866.7,PCS,1.0,0.9983666938884352,2.0,0.0,2,[2],[1],C,2,0.38,1,0.0,0
14001053001,20.428571428571427,19.62542083261255,0.960684935862153,20,21,0.9523809523809524,中祥自然之顏蔬菜餅乾量販包,50.0,34.0,36.0,61200.0,5.56,12.0,5100.0,PCS,299.0,0.3821436309394843,1.384,0.916,429,"[1, 2, 3, 4, 5, 6, 7, 8]","[237, 48, 17, 3, 1, 1, 2, 1]",B,4,81.71,7,0.0009848270565271,3
10033005001,230.8571428571429,100.69671579266412,0.4361862689038668,21,21,1.0,生活泡沫花茶TP250ml,35.0,20.0,11.0,7700.0,6.54,24.0,320.8,PCS,233.0,0.4636789386843553,20.63,12.624,4848,"[6, 12, 18, 24, 30, 36, 48]","[70, 14, 2, 120, 2, 1, 26]",B,54,923.43,39,0.0010515949688851,3
10034039001,95.42857142857144,67.15993703732265,0.7037717953012852,21,21,1.0,雀巢茶品翡翠檸檬蜜茶300ml,35.0,20.0,13.0,9100.0,7.9,24.0,379.2,PCS,110.0,0.6457459042349294,17.893,12.81,2004,"[6, 12, 18, 24, 30, 36, 48, 66]","[44, 10, 4, 43, 1, 1, 8, 1]",C,32,381.71,16,0.0002837637148331,1
12326121001,0.1428571428571428,0.6546536707079772,4.582575694955841,1,21,0.0476190476190476,日本味王防彈咖啡 防彈咖啡,26.0,18.0,17.0,7956.0,0.63,3.0,2652.0,PCS,1.0,0.9990033499441676,3.0,0.0,3,[3],[1],C,3,0.57,1,0.0,0
12120065001,0.1428571428571428,0.6546536707079772,4.582575694955841,1,21,0.0476190476190476,康乃馨輕柔乾爽護墊 (無香),39.0,29.0,16.0,18096.0,2.3,36.0,502.7,PCS,1.0,0.9988333527774536,3.0,0.0,3,[3],[1],C,3,0.57,1,1.6691983546479605e-05,0
10032011001,117.71428571428572,109.25069466925272,0.928100561510642,21,21,1.0,阿薩姆草莓奶茶TP250ml,42.0,25.0,8.0,8400.0,6.21,24.0,350.0,PCS,115.0,0.6348660855652406,20.098,16.224,2472,"[6, 12, 18, 24, 30, 42, 48, 72]","[52, 5, 5, 40, 1, 2, 15, 3]",C,39,470.86,20,0.0007010633125901,1
10001005001,91.71428571428572,85.13115931146648,0.928221363209136,21,21,1.0,七喜汽水330ml,40.0,27.0,12.0,12960.0,9.11,24.0,540.0,PCS,94.0,0.6752220796320061,19.069,14.158,1926,"[6, 12, 18, 24, 30, 36, 42, 48]","[41, 7, 5, 31, 2, 1, 1, 13]",C,36,366.86,16,0.0002837637148331,1
12102021001,0.1904761904761904,0.8728715609439697,4.582575694955841,1,21,0.0476190476190476,德恩奈抗敏感三效牙膏,38.0,22.0,23.0,19228.0,7.89,48.0,400.6,PCS,2.0,0.9946634222762956,2.0,0.0,4,[2],[2],C,2,0.76,1,1.6691983546479605e-05,0
14503019001,159.71428571428572,132.217677659662,0.8278387688887603,21,21,1.0,統一阿Q桶麵生猛海鮮(碗) 98g,43.0,29.0,23.0,28681.0,2.11,12.0,2390.1,PCS,485.0,0.2337827702871618,6.748,5.883,3354,"[3, 6, 9, 12, 15, 21, 24, 27, 30]","[278, 87, 4, 92, 1, 2, 31, 1, 1]",B,22,638.86,54,0.0013520506909117,3
11072033001,0.0952380952380952,0.4364357804719848,4.582575694955841,1,21,0.0476190476190476,鱷魚淡煙蚊香-A 60卷鐵罐 鱷魚淡煙-A60鐵,57.0,44.0,18.0,45144.0,14.5,12.0,3762.0,PCS,1.0,0.9973200446659224,2.0,0.0,2,[2],[1],C,2,0.38,1,1.6691983546479605e-05,0
12120080001,0.0952380952380952,0.4364357804719848,4.582575694955841,1,21,0.0476190476190476,來復易吸水淨爽護墊中量16片,36.0,20.0,20.0,14400.0,1.35,8.0,1800.0,PCS,1.0,0.9988366860552323,2.0,0.0,2,[2],[1],C,2,0.38,1,1.6691983546479605e-05,0
12122017001,0.2857142857142857,1.3093073414159544,4.582575694955841,1,21,0.0476190476190476,Elis愛麗思 超防護極安心日用超薄25cm,35.0,30.0,25.0,26250.0,1.716,18.0,1458.3,PCS,1.0,0.9988500191663472,6.0,0.0,6,[6],[1],C,6,1.14,1,1.6691983546479605e-05,0
12011006001,0.0952380952380952,0.4364357804719848,4.582575694955841,1,21,0.0476190476190476,On The Body SPA沐浴露-阿拉斯加 阿拉斯加,25.0,18.0,23.0,10350.0,4.36,6.0,1725.0,PCS,1.0,0.9980600323327944,2.0,0.0,2,[2],[1],C,2,0.38,1,1.6691983546479605e-05,0
10032013001,581.4285714285714,269.4922209319912,0.4635001342810659,21,21,1.0,統一麥香奶茶TP375ml,40.0,20.0,14.0,11200.0,9.8,24.0,466.7,PCS,649.0,0.1609006516558057,18.333,15.198,12210,"[6, 12, 18, 24, 30, 36, 48, 60, 72, 240]","[233, 98, 11, 265, 1, 1, 52, 1, 3, 1]",A,119,2325.71,97,0.0021031899377703,2
12201042001,203.42857142857144,220.01194772752032,1.081519405963934,15,21,0.7142857142857143,可麗舒除臭抽取衛生紙,20.0,10.0,8.0,1615.0,0.2,1.0,1615.0,PCS,77.0,0.7177880368660522,50.857,41.498,4272,"[12, 13, 24, 36, 48, 59, 60, 72, 96, 120, 144]","[25, 1, 17, 1, 1, 1, 2, 24, 3, 1, 8]",C,99,813.71,814,0.0002336877660127,1
14510004001,24.285714285714285,17.49612201930147,0.720428553735943,21,21,1.0,西螺金農上等米(圓二)3kg,35.0,24.0,5.0,4288.0,3.0,1.0,4287.5,PCS,152.0,0.576770387160214,3.11,3.618,510,"[1, 2, 3, 4, 5, 6, 7, 8, 10, 40]","[64, 35, 12, 9, 6, 32, 2, 1, 2, 1]",C,8,97.14,98,0.0004172995977569,1
14204041001,24.761904761904763,10.940314263789508,0.4418203837299609,21,21,1.0,橘平屋36束海苔經濟包,37.0,29.0,17.0,18241.0,2.13,10.0,1824.1,PCS,220.0,0.4840385993566773,2.241,0.874,520,"[1, 2, 3, 4, 6]","[15, 183, 7, 22, 5]",B,5,99.05,10,0.0005675274296663,1
12123106001,0.4761904761904761,2.182178902359924,4.582575694955841,1,21,0.0476190476190476,好自在甜睡瞬潔加長夜用36cm,42.0,33.0,27.0,37422.0,2.89,12.0,3118.5,PCS,2.0,0.9950767487208546,5.0,4.243,10,"[2, 8]","[1, 1]",C,10,1.9,1,1.6691983546479605e-05,0
12000159001,0.0952380952380952,0.4364357804719848,4.582575694955841,1,21,0.0476190476190476,沛特斯草本複方強建洗髮精 草本複方洗髮精,23.0,16.0,20.0,7360.0,3.4,6.0,1226.7,PCS,1.0,0.9976067065548908,2.0,0.0,2,[2],[1],C,2,0.38,1,1.6691983546479605e-05,0
14510133001,5.619047619047619,5.162133187706323,0.9186847198460406,20,21,0.9523809523809524,金農履歷一等台灣越光米1.8Kg,35.0,24.0,5.0,4288.0,1.8,1.0,4287.5,PCS,77.0,0.718814686421893,1.494,1.119,118,"[1, 2, 3, 4, 5, 6]","[60, 10, 4, 1, 2, 2]",C,3,22.48,23,0.0003004556929226,1
14130042001,8.80952380952381,7.480768995357681,0.849168372446007,20,21,0.9523809523809524,77新貴派18片盒裝-清爽檸檬  252g,59.0,27.0,22.0,35046.0,4.6,12.0,2920.5,PCS,151.0,0.5772737121047983,1.225,0.544,185,"[1, 2, 3, 4]","[124, 22, 3, 2]",C,2,35.24,3,0.0005508354515768,1
14222072001,9.714285714285714,7.843104341667636,0.8073783881128449,20,21,0.9523809523809524,Dr.Q荔枝蒟蒻,37.0,20.0,17.0,12580.0,2.8,10.0,1258.0,PCS,129.0,0.6092931784470259,1.534,1.247,204,"[1, 2, 3, 4, 5, 7, 10]","[96, 24, 5, 2, 4, 1, 1]",C,3,38.86,4,0.0008679831516928,3
10002942001,31.142857142857142,24.928469095164495,0.8004554296612453,19,21,0.9047619047619048,黑松CC氣泡飲蘋果口味330ml,40.0,28.0,12.0,13440.0,8.91,24.0,560.0,PCS,42.0,0.8072865452242463,13.915,12.007,654,"[6, 12, 18, 24, 36, 72]","[25, 5, 4, 11, 1, 1]",C,29,124.57,6,0.0003004556929226,1
12001114001,0.1428571428571428,0.6546536707079772,4.582575694955841,1,21,0.0476190476190476,Clear淨植萃頭皮煥活系列洗髮露水潤平衡 水潤平衡洗,26.0,25.0,23.0,14950.0,6.82,12.0,1245.8,PCS,1.0,0.9977300378327028,3.0,0.0,3,[3],[1],C,3,0.57,1,1.6691983546479605e-05,0
10002039001,1.1428571428571428,5.237229365663818,4.582575694955841,1,21,0.0476190476190476,七星白葡萄汽泡香檳飲料750 ml,35.0,27.0,32.0,30240.0,17.13,12.0,2520.0,PCS,2.0,0.9922367960533992,6.0,5.354,24,"[1, 2, 9, 12]","[1, 1, 1, 1]",C,18,4.57,1,0.0,0
10014127001,0.1428571428571428,0.6546536707079772,4.582575694955841,1,21,0.0476190476190476,紅牌芒果綜合果汁飲料 490ml,41.0,28.0,18.0,20664.0,12.93,24.0,861.0,PCS,1.0,0.9969433842769287,3.0,0.0,3,[3],[1],C,3,0.57,1,1.6691983546479605e-05,0
10035035001,1086.0,533.4772722431575,0.491231374072889,21,21,1.0,愛之味麥仔茶 TP250ml,35.0,20.0,11.0,7700.0,6.57,24.0,320.8,PCS,743.0,0.1149647505874902,28.795,20.983,22806,"[2, 4, 6, 8, 10, 12, 14, 16, 18, 20, 22, 24, 30, 34, 36, 42, 48, 54, 72, 78, 96, 240]","[1, 3, 153, 1, 1, 25, 2, 1, 27, 3, 1, 344, 6, 1, 2, 2, 168, 1, 28, 4, 17, 1]",A,169,4344.0,181,0.0020864978432655,2
14700026001,4.238095238095238,4.146139914483855,0.9783026764512466,19,21,0.9047619047619048,茂喜綠豆400g,36.0,31.0,13.0,14508.0,5.2,12.0,1209.0,PCS,54.0,0.776433726104565,1.618,1.284,89,"[1, 2, 3, 4, 5, 7]","[41, 4, 5, 2, 2, 1]",C,3,16.95,2,0.0001669198391027,1
10015007001,344.0,193.8411720971579,0.5634917793522033,21,21,1.0,津津蘆筍汁Can245ml,33.0,22.0,14.0,10164.0,7.26,24.0,423.5,PCS,225.0,0.4758554024099598,31.138,13.989,7224,"[24, 48, 72, 96]","[174, 51, 3, 4]",B,68,1376.0,58,0.000667679356411,3
14242131001,4.428571428571429,3.457910186390453,0.7808184291849409,19,21,0.9047619047619048,盛香珍豐葵香瓜子(焦糖口味),32.0,25.0,15.0,12000.0,1.92,10.0,1200.0,PCS,53.0,0.7783836936051066,1.722,1.089,93,"[1, 2, 3, 5, 6]","[29, 18, 4, 2, 1]",C,3,17.71,2,0.0001502278464613,1
10016018001,1.1428571428571428,5.237229365663818,4.582575694955841,1,21,0.0476190476190476,愛之味鮮採蕃茄汁-Oligo腸道保 530ml,41.0,28.0,25.0,28700.0,14.5,24.0,1195.8,PCS,1.0,0.9969467175547074,12.0,5.657,24,"[8, 16]","[1, 1]",C,30,4.57,1,0.0,0
14500056001,41.142857142857146,45.74525736542065,1.1118638942984185,20,21,0.9523809523809524,味味A排骨雞風味乾麵(重量碗)110g,34.0,34.0,18.0,20808.0,1.6,8.0,2601.0,PCS,225.0,0.4773553774103765,3.273,2.629,864,"[1, 2, 3, 4, 5, 6, 7, 8, 10, 12, 15, 16]","[28, 133, 11, 46, 5, 27, 1, 4, 2, 1, 1, 5]",B,11,164.57,21,0.0008512911736033,3
15020046001,201.0952380952381,179.22050796767226,0.8912220382005961,20,21,0.9523809523809524,福樂低脂高鈣牛乳(保久乳)200m,32.0,17.0,12.0,6528.0,5.23,24.0,272.0,PCS,111.0,0.6446459225679572,34.333,23.246,4223,"[6, 11, 12, 13, 18, 23, 24, 30, 36, 42, 48, 66, 72, 78, 96]","[15, 1, 6, 1, 4, 1, 47, 1, 1, 2, 27, 1, 9, 1, 6]",C,63,804.38,34,0.0002169957879232,1
12120005001,0.3333333333333333,1.5275252316519468,4.582575694955841,1,21,0.0476190476190476,蘇菲天然草本護墊17.5cm,39.0,33.0,25.0,32175.0,3.5,24.0,1340.6,PCS,2.0,0.9949767503874936,3.5,3.536,7,"[1, 6]","[1, 1]",C,8,1.33,1,1.6691983546479605e-05,0
12020021001,0.4761904761904761,2.182178902359924,4.582575694955841,1,21,0.0476190476190476,可伶可俐長效去油洗面乳,21.0,16.0,19.0,6384.0,1.67,12.0,532.0,PCS,1.0,0.9982866952217464,10.0,0.0,10,[10],[1],C,10,1.9,1,1.6691983546479605e-05,0
11050011001,7.0476190476190474,10.442586798663395,1.481718397107644,17,21,0.8095238095238095,沙拉脫,30.0,23.0,28.0,19320.0,11.22,12.0,1610.0,PCS,36.0,0.8270062165630573,3.895,4.837,148,"[1, 2, 3, 4, 5, 6, 19]","[16, 5, 4, 2, 3, 5, 3]",C,10,28.19,3,6.676793418591842e-05,1
12120040001,0.0952380952380952,0.4364357804719848,4.582575694955841,1,21,0.0476190476190476,來復易瞬吸安心漏尿專用棉墊多量型,36.0,33.0,39.0,46332.0,4.37,18.0,2574.0,PCS,1.0,0.9988233529441176,2.0,0.0,2,[2],[1],C,2,0.38,1,1.6691983546479605e-05,0
31215012001,0.1428571428571428,0.6546536707079772,4.582575694955841,1,21,0.0476190476190476,自然風環保植纖飯碗(大)500ml,32.0,12.0,19.0,7296.0,1.556,12.0,608.0,PCS,1.0,0.9996333394443426,3.0,0.0,3,[3],[1],C,3,0.57,1,1.6691983546479605e-05,0
14105102001,12.238095238095235,11.099120514278423,0.9069320264585484,20,21,0.9523809523809524,御之味蔬菜棒棒餅,52.0,36.0,19.0,35568.0,4.42,12.0,2964.0,PCS,171.0,0.5478575357077382,1.46,1.232,257,"[1, 2, 3, 4, 5, 6, 7, 10]","[138, 22, 7, 2, 2, 2, 2, 1]",C,3,48.95,5,0.0007344472687691,1
10021010001,33.142857142857146,26.17305047999891,0.7897041093103119,21,21,1.0,寶礦力水得(低卡)Pet 580ml,42.0,28.0,24.0,28224.0,15.6,24.0,1176.0,PCS,48.0,0.7890168497191713,14.5,11.422,696,"[4, 8, 12, 24, 48]","[18, 6, 4, 18, 2]",C,27,132.57,6,0.0001001518976408,1
14000006001,34.04761904761905,30.26132216291316,0.8887940775121347,21,21,1.0,雪餅,60.0,34.0,29.0,59160.0,4.77,9.0,6573.3,PCS,452.0,0.2665488908518191,1.521,1.189,715,"[1, 2, 3, 4, 5, 6, 7, 10, 12]","[335, 85, 27, 10, 4, 5, 1, 2, 1]",B,5,136.19,16,0.0014522025594487,3
12011173001,0.0952380952380952,0.4364357804719848,4.582575694955841,1,21,0.0476190476190476,綠的抗菌沐浴乳--百里香 抗菌沐浴乳,39.0,29.0,28.0,31668.0,14.206,12.0,2639.0,PCS,1.0,0.9981033649439176,2.0,0.0,2,[2],[1],C,2,0.38,1,1.6691983546479605e-05,0
14010149001,8.476190476190476,4.238148742305391,0.5000063122944562,21,21,1.0,KAKA醬燒蝦餅-炙烤原味,55.0,37.0,24.0,48840.0,2.12,16.0,3052.5,PCS,80.0,0.7112248129197847,2.07,0.748,178,"[1, 2, 4]","[12, 65, 9]",C,4,33.9,3,0.0002670717367436,1
14023047001,19.666666666666668,8.48724533245819,0.4315548474131283,21,21,1.0,樂事雞汁家庭號,44.0,36.0,24.0,38016.0,4.5,12.0,3168.0,PCS,308.0,0.3710204829919501,1.328,0.968,413,"[1, 2, 3, 4, 5, 8, 12]","[249, 45, 8, 5, 2, 1, 1]",B,4,78.67,7,0.0013854346470907,3
14130017001,13.904761904761903,10.681314347517173,0.7681767167734953,21,21,1.0,77新貴派18片盒裝-草莓,59.0,27.0,22.0,35046.0,4.47,12.0,2920.5,PCS,215.0,0.4905651572473792,1.309,0.948,292,"[1, 2, 3, 4, 5, 6, 10]","[183, 29, 5, 1, 2, 2, 1]",B,4,55.62,5,0.0007845232030376,1
14001047001,36.714285714285715,26.778989632065763,0.7293888226632698,21,21,1.0,義美天然取向蘇打餅乾(鮮蔥),47.0,32.0,23.0,34592.0,3.36,8.0,4324.0,PCS,452.0,0.2680555324077932,1.683,1.828,771,"[1, 2, 3, 4, 5, 6, 7, 8, 10, 11, 12, 24]","[320, 84, 20, 12, 7, 6, 1, 2, 1, 1, 3, 1]",B,7,146.86,19,0.0013520506909117,3
14204071001,10.285714285714286,6.783383058200806,0.6594955751028561,21,21,1.0,泰國小老板厚片海苔-原味,49.0,40.0,22.0,43120.0,1.84,24.0,1796.7,PCS,105.0,0.6575823736271063,1.964,1.981,216,"[1, 2, 3, 4, 5, 8, 10]","[66, 26, 8, 2, 2, 2, 4]",C,5,41.14,2,0.0004172995977569,1
12013052001,0.0952380952380952,0.4364357804719848,4.582575694955841,1,21,0.0476190476190476,E.M死海沐浴鹽-無香天然 無香天然,26.0,20.0,22.0,11440.0,6.83,12.0,953.3,PCS,1.0,0.9982300294995085,2.0,0.0,2,[2],[1],C,2,0.38,1,1.6691983546479605e-05,0
14832018001,121.28571428571428,74.67874052040706,0.6157257757866306,21,21,1.0,同榮茄汁鯖魚罐(紅) 230g,35.0,27.0,12.0,11340.0,7.21,24.0,472.5,PCS,371.0,0.3076282061965634,6.668,8.025,2547,"[3, 6, 9, 12, 18, 21, 24, 27, 30, 36, 42, 45, 48]","[243, 62, 22, 21, 2, 1, 19, 2, 1, 2, 1, 1, 5]",B,28,485.14,21,0.0015022784937173,3
11103134001,9.285714285714286,10.479231160456656,1.1285325865107163,19,21,0.9047619047619048,一匙靈制菌超濃縮洗衣精,46.0,25.0,32.0,36800.0,13.6,4.0,9200.0,PCS,76.0,0.720344660922318,2.294,1.379,195,"[1, 2, 3, 4, 5, 6]","[25, 40, 1, 13, 1, 5]",C,4,37.14,10,0.0001669198391027,1
14509008001,11.285714285714286,7.149425551349263,0.6334934032841119,21,21,1.0,虎牌綠豆粉絲 450g,43.0,31.0,27.0,35991.0,6.2,12.0,2999.3,PCS,182.0,0.5302044965917234,1.288,0.562,237,"[1, 2, 6]","[135, 48, 1]",C,2,45.14,4,0.0005007595173083,1
12344036001,0.0952380952380952,0.4364357804719848,4.582575694955841,1,21,0.0476190476190476,風獅爺一條根貼布(7片熱) 風獅爺貼布-熱,25.0,17.0,6.0,2550.0,0.632,10.0,255.0,PCS,1.0,0.9990400159997334,2.0,0.0,2,[2],[1],C,2,0.38,1,1.6691983546479605e-05,0
12100017001,0.0952380952380952,0.4364357804719848,4.582575694955841,1,21,0.0476190476190476,黑人超氟多效護理牙膏,43.0,27.0,26.0,30186.0,10.7,48.0,628.9,PCS,1.0,0.9986300228329528,2.0,0.0,2,[2],[1],C,2,0.38,1,1.6691983546479605e-05,0
11061033001,0.0952380952380952,0.4364357804719848,4.582575694955841,1,21,0.0476190476190476,家福木漿棉菜瓜布爐具專用2入 爐具專用菜瓜布,40.0,15.0,12.0,7200.0,1.3,19.0,378.9,PCS,2.0,0.9928101198313362,1.0,0.0,2,[1],[2],C,1,0.38,1,1.6691983546479605e-05,0
14510069001,8.666666666666666,5.369667897862338,0.6195770651379621,21,21,1.0,池上多力池上鮮米(圓一)2.5Kg,35.0,24.0,5.0,4288.0,2.5,1.0,4287.5,PCS,103.0,0.6614023099615006,1.625,1.023,182,"[1, 2, 3, 4, 5, 6]","[70, 26, 8, 5, 2, 1]",C,3,34.67,35,0.0002336877660127,1
14001009001,11.571428571428571,10.127050057007857,0.8751771654204321,19,21,0.9047619047619048,中祥自然之顏紫菜蘇打,44.0,31.0,31.0,42284.0,4.71,24.0,1761.8,PCS,81.0,0.7088115198080032,2.893,3.436,243,"[1, 2, 3, 4, 5, 6, 7, 8, 10, 12, 18]","[42, 19, 7, 3, 1, 2, 1, 1, 2, 5, 1]",C,7,46.29,2,0.0001669198391027,1
14020014001,8.0,6.978538528947161,0.8723173161183951,20,21,0.9523809523809524,湖池屋平切洋芋片-海苔口味,48.0,28.0,23.0,30912.0,1.19,10.0,3091.2,PCS,109.0,0.6490358494025099,1.5,1.082,168,"[1, 2, 3, 4, 5, 6]","[81, 21, 3, 2, 2, 3]",C,3,32.0,4,0.0004840675101149,1
14111036001,10.523809523809524,10.161786494603431,0.9655996216591498,18,21,0.8571428571428571,家福黑糖沙琪瑪,37.0,34.0,27.0,33966.0,6.29,6.0,5661.0,PCS,142.0,0.5899601673305445,1.483,1.359,221,"[1, 2, 3, 4, 5, 6, 7, 12]","[119, 14, 7, 3, 2, 2, 1, 1]",C,3,42.1,8,0.0005007595173083,1
14023115001,3.7142857142857144,2.6295029405356662,0.707943099374987,20,21,0.9523809523809524,華元波的多洋芋片-鹽之花風味,40.0,29.0,26.0,30160.0,1.31,6.0,5026.7,PCS,53.0,0.7776770387160215,1.368,0.938,78,"[1, 2, 3, 5, 6]","[45, 8, 2, 1, 1]",C,3,14.86,3,0.0001669198391027,1
10033030001,156.57142857142858,59.48156977465493,0.3799005368819201,21,21,1.0,黑松茶尋味新日式綠茶590ml,41.0,28.0,24.0,27552.0,15.28,24.0,1148.0,PCS,233.0,0.4644555924067932,13.757,11.856,3288,"[4, 8, 12, 16, 20, 24, 28, 32, 36, 40, 48]","[105, 31, 10, 3, 5, 69, 1, 2, 1, 1, 11]",B,45,626.29,27,0.0015857383841648,3
10033043001,469.5238095238095,248.38269244204977,0.529009791205177,21,21,1.0,御茶園台灣四季春PET550ml,41.0,27.0,24.0,26568.0,14.3,24.0,1107.0,PCS,1052.0,0.070655489075182,9.284,11.864,9860,"[2, 4, 8, 12, 16, 18, 20, 22, 24, 28, 32, 48, 52, 64, 72, 96]","[6, 769, 73, 27, 13, 1, 6, 1, 106, 4, 2, 45, 2, 2, 4, 1]",A,88,1878.1,79,0.0017359663033857,2
14502081001,381.0,664.5483428615257,1.7442213723399624,21,21,1.0,味味麵精燉肉燥湯麵(包) 78g,38.0,31.0,13.0,15314.0,3.25,30.0,510.5,PCS,406.0,0.2919418009699838,18.226,44.851,8001,"[1, 4, 5, 6, 9, 10, 15, 20, 25, 26, 30, 35, 40, 45, 50, 55, 60, 110, 300]","[2, 2, 236, 1, 1, 105, 7, 7, 7, 1, 39, 3, 2, 2, 1, 5, 7, 1, 10]",B,135,1524.0,51,0.0019863459747284,2
14602013001,0.8571428571428571,3.927922024247863,4.582575694955841,1,21,0.0476190476190476,味好美自磨式七彩胡椒粒24g,39.0,13.0,18.0,9126.0,6.0,36.0,253.5,PCS,1.0,0.999346677555374,18.0,0.0,18,[18],[1],C,18,3.43,1,0.0,0
12006135001,0.0952380952380952,0.4364357804719848,4.582575694955841,1,21,0.0476190476190476,Caravan直順抗靜電梳-大 抗靜電梳-大,38.0,24.0,5.0,4560.0,0.6,6.0,760.0,PCS,1.0,0.9979833669438842,2.0,0.0,2,[2],[1],C,2,0.38,1,1.6691983546479605e-05,0
10030018001,29.142857142857142,24.31724843456947,0.8344153874607172,20,21,0.9523809523809524,悅氏黑烏龍茶 2000ml,38.0,21.0,31.0,24738.0,17.72,8.0,3092.3,PCS,79.0,0.71308811519808,6.876,6.292,612,"[1, 2, 3, 4, 5, 6, 7, 8, 10, 15, 16, 24]","[20, 11, 4, 2, 5, 5, 1, 26, 1, 2, 6, 6]",C,15,116.57,15,0.000350531656295,1
14110084001,14.285714285714286,7.950741205339646,0.5565518843737751,21,21,1.0,77蜜蘭諾楓糖葡萄鬆塔,74.0,29.0,24.0,51504.0,8.0,15.0,3433.6,PCS,222.0,0.4825652905784903,1.327,0.858,300,"[1, 2, 3, 4, 5, 6, 8]","[179, 34, 8, 1, 1, 2, 1]",B,4,57.14,4,0.0010015190346166,3
12022070001,0.1428571428571428,0.6546536707079772,4.582575694955841,1,21,0.0476190476190476,萊雅8效勁能保濕乳液組合包 乳液組合包,26.0,20.0,29.0,15080.0,3.26,16.0,942.5,PCS,1.0,0.9984400259995668,3.0,0.0,3,[3],[1],C,3,0.57,1,0.0,0
10035006001,65.71428571428571,49.092914821940305,0.7470660951164829,20,21,0.9523809523809524,義美桂圓紅棗茶TP250ml,35.0,20.0,11.0,7700.0,6.73,24.0,320.8,PCS,73.0,0.7285645239246012,18.4,13.098,1380,"[6, 12, 18, 24, 48]","[29, 7, 1, 30, 8]",C,33,262.86,11,0.0001669198391027,1
10023100001,0.1428571428571428,0.6546536707079772,4.582575694955841,1,21,0.0476190476190476,桂格5X蜜人蔘濃縮精華飲盒裝15ml*18包,47.0,31.0,15.0,21855.0,4.01,6.0,3642.5,PCS,1.0,0.9969867168880518,3.0,0.0,3,[3],[1],C,3,0.57,1,0.0,0
12023278001,0.0952380952380952,0.4364357804719848,4.582575694955841,1,21,0.0476190476190476,OLAY長效保濕凝露50g 長效保濕凝露,23.0,17.0,20.0,7820.0,2.19,12.0,651.7,PCS,1.0,0.9985366910551492,2.0,0.0,2,[2],[1],C,2,0.38,1,1.6691983546479605e-05,0
14000057001,57.285714285714285,30.640076463910553,0.5348641776742491,21,21,1.0,鴻津太國捲(蛋奶素),52.0,32.0,28.0,46592.0,4.41,10.0,4659.2,PCS,794.0,0.1024182930284495,1.487,1.195,1203,"[1, 2, 3, 4, 5, 6, 7, 8, 9, 10, 12]","[612, 111, 44, 15, 12, 3, 5, 3, 2, 1, 1]",A,10,229.14,23,0.0020698059815913,3
14022118001,4.095238095238095,3.700064349504775,0.9035040853441894,19,21,0.9047619047619048,卡那洋芋片牛排口味175g,48.0,32.0,40.0,61440.0,3.5,12.0,5120.0,PCS,61.0,0.758220696321728,1.387,0.875,86,"[1, 2, 3, 5]","[48, 8, 4, 2]",C,3,16.38,2,0.0002503797586541,1
14620014001,26.61904761904762,23.42749707176631,0.8801027522488238,21,21,1.0,龜甲萬甘醇醬油 1600ml,33.0,23.0,28.0,21252.0,12.21,6.0,3542.0,PCS,234.0,0.4629022849619173,2.218,3.301,559,"[1, 2, 3, 4, 5, 6, 9, 11, 12, 13, 16, 18, 22, 23, 27]","[161, 50, 10, 9, 3, 9, 1, 1, 2, 1, 1, 1, 1, 1, 1]",B,11,106.48,18,0.0009013671078719,3
10040080001,0.9523809523809524,4.364357804719848,4.582575694955841,1,21,0.0476190476190476,Solan西班牙神藍天然礦泉水Pet500ml,36.0,30.0,21.0,22680.0,11.2,20.0,1134.0,PCS,1.0,0.9970133831102816,20.0,0.0,20,[20],[1],C,20,3.81,1,1.6691983546479605e-05,0
10032001001,34.857142857142854,48.73016079830408,1.397996416344789,16,21,0.7619047619047619,麥香阿薩姆奶茶Pet1250ml,35.0,27.0,28.0,26460.0,16.32,12.0,2205.0,PCS,44.0,0.801373310444826,16.267,7.673,732,"[1, 12, 23, 24, 36]","[1, 30, 1, 10, 3]",C,25,139.43,12,5.007594882044941e-05,1
10040094001,21.714285714285715,14.230751410740254,0.6553635518104064,21,21,1.0,家樂福天然水 6.3L,37.0,18.0,36.0,23976.0,12.0,2.0,11988.0,PCS,138.0,0.5964967250545824,3.257,0.985,456,"[1, 2, 3, 4]","[2, 48, 2, 88]",C,5,86.86,44,0.0010682869469746,3
12201006001,2.2857142857142856,10.474458731327635,4.582575694955841,1,21,0.0476190476190476,舒適抽取式衛生紙,20.0,10.0,8.0,1785.0,0.2,1.0,1785.0,PCS,1.0,0.9989166847219212,24.0,0.0,48,[24],[2],C,48,9.14,10,1.6691983546479605e-05,0
10010023001,0.2857142857142857,1.3093073414159544,4.582575694955841,1,21,0.0476190476190476,波蜜100蔬果汁TP160ml,33.0,16.0,10.0,5280.0,4.31,24.0,220.0,PCS,1.0,0.9969133847769204,6.0,0.0,6,[6],[1],C,6,1.14,1,1.6691983546479605e-05,0
14505102001,0.4761904761904761,2.182178902359924,4.582575694955841,1,21,0.0476190476190476,Paldo 極地麻辣湯麵120g,41.0,33.0,14.0,18942.0,2.98,20.0,947.1,PCS,1.0,0.9992666788886851,10.0,0.0,10,[10],[1],C,10,1.9,1,1.6691983546479605e-05,0
14121090001,7.238095238095238,5.769789960689747,0.7971420340426624,21,21,1.0,迷你Oreo隨手包-香草原味,56.0,42.0,33.0,77616.0,6.1,16.0,4851.0,PCS,114.0,0.6375360410659823,1.299,0.647,152,"[1, 2, 3, 4]","[93, 14, 9, 1]",C,3,28.95,2,0.0005007595173083,1
14131047001,41.142857142857146,25.371806625239984,0.6166758554745829,21,21,1.0,77新貴派18片盒裝-花生,59.0,27.0,22.0,35046.0,5.04,12.0,2920.5,PCS,583.0,0.1776037066048899,1.467,1.239,864,"[1, 2, 3, 4, 5, 6, 7, 8, 10, 12]","[451, 81, 27, 14, 7, 3, 1, 1, 1, 3]",A,10,164.57,14,0.0020864978432655,3
14361100001,10.904761904761903,9.010575796833198,0.826297343814398,21,21,1.0,桂格鮮榖王莓果多穀飲,47.0,34.0,26.0,41548.0,4.86,12.0,3462.3,PCS,85.0,0.7008049865835569,2.544,1.867,229,"[1, 2, 3, 4, 6, 8, 10, 12]","[8, 68, 1, 6, 2, 3, 1, 1]",C,5,43.62,4,0.0006176033639349,1
14000022001,27.142857142857142,19.370817520914585,0.7136616981389584,21,21,1.0,旺旺仙貝,41.0,21.0,13.0,11193.0,0.99,10.0,1119.3,PCS,253.0,0.4330927817869702,2.201,2.393,570,"[1, 2, 3, 4, 5, 6, 7, 8, 9, 10, 11, 12]","[146, 65, 16, 6, 4, 5, 3, 2, 1, 2, 2, 7]",B,9,108.57,11,0.0009347510640509,3
11070001001,12.761904761904765,9.8889067237221,0.7748770193961347,19,21,0.9047619047619048,噴效水性噴霧殺蟲劑,41.0,28.0,27.0,30996.0,13.3,24.0,1291.5,PCS,68.0,0.7403276612056465,3.941,3.566,268,"[1, 2, 3, 4, 6, 7, 8, 10, 12]","[20, 18, 6, 3, 8, 2, 1, 4, 6]",C,8,51.05,3,0.0002169957879232,1
14023056001,179.1904761904762,97.4318320917856,0.5437333175465048,21,21,1.0,樂事意合組合包,52.0,40.0,23.0,47840.0,4.86,12.0,3986.7,PCS,1917.0,0.0233262778953684,1.954,2.756,3763,"[1, 2, 3, 4, 5, 6, 7, 8, 9, 10, 11, 12, 13, 15, 18, 22, 24, 30, 38, 41, 52]","[1314, 321, 89, 55, 39, 27, 9, 14, 8, 10, 9, 22, 1, 1, 1, 1, 1, 1, 1, 1, 1]",A,21,716.76,60,0.0020698059815913,3
14204083001,5.571428571428571,6.013080978761458,1.0792709449059028,18,21,0.8571428571428571,家福麻油風味朝鮮海苔50g,39.0,28.0,20.0,21840.0,1.87,20.0,1092.0,PCS,65.0,0.7507141547640873,1.746,1.795,117,"[1, 2, 3, 4, 5, 9, 12]","[46, 11, 5, 2, 1, 1, 1]",C,4,22.29,2,0.0003004556929226,1
14003054001,5.761904761904762,4.206004777752421,0.7299677713454614,20,21,0.9523809523809524,可口美酥吮指椒鹽口味240g,43.0,34.0,29.0,42398.0,4.72,12.0,3533.2,PCS,77.0,0.7180446992550125,1.532,1.164,121,"[1, 2, 3, 4, 5, 7]","[60, 8, 4, 4, 2, 1]",C,3,23.05,2,0.000350531656295,1
10033015001,244.0,97.56228779605364,0.3998454417871051,21,21,1.0,茶裏王日式綠茶無糖600ml,40.0,28.0,24.0,26880.0,16.0,24.0,1120.0,PCS,337.0,0.3441675972067132,14.895,13.118,5124,"[4, 8, 12, 16, 20, 24, 28, 32, 48]","[133, 58, 15, 8, 2, 97, 1, 1, 29]",B,49,976.0,41,0.0008345991955138,3
14820028001,127.61904761904762,72.73271354107187,0.5699205165531751,21,21,1.0,大茂三寶組合罐 170g,31.0,23.0,23.0,16399.0,11.74,48.0,341.6,PCS,329.0,0.3529974500424993,7.486,12.44,2680,"[1, 2, 3, 4, 5, 6, 8, 9, 10, 11, 12, 13, 14, 17, 18, 21, 26, 27, 30, 34, 37, 38, 39, 45, 48, 57, 96, 100, 108]","[7, 8, 209, 1, 1, 57, 1, 20, 2, 1, 22, 1, 2, 1, 2, 1, 1, 1, 3, 1, 1, 1, 1, 1, 8, 1, 1, 1, 1]",B,41,510.48,11,0.0010015190346166,3
10040023001,188.95238095238096,105.27605434783172,0.5571565376271336,21,21,1.0,台鹽海洋鹼性離子水Pet850ml,37.0,30.0,26.0,28860.0,18.48,20.0,1443.0,PCS,173.0,0.544990916818053,22.545,12.47,3968,"[4, 8, 16, 20, 28, 40]","[25, 13, 1, 86, 1, 50]",C,36,755.81,38,0.0001502278464613,1
14311112001,11.238095238095235,15.84898975299297,1.4102914610714086,16,21,0.7619047619047619,西雅圖大地原始拿鐵無加糖2合1咖啡,27.0,19.0,13.0,6669.0,1.3,1.0,6669.0,PCS,89.0,0.6909818169697172,2.433,1.707,236,"[1, 2, 3, 4, 5, 6, 7, 9]","[41, 22, 6, 16, 8, 1, 2, 1]",C,5,44.95,45,8.345991955138743e-05,1
14506012001,0.0952380952380952,0.4364357804719848,4.582575694955841,1,21,0.0476190476190476,五木細關東麵375g,37.0,24.0,11.0,9768.0,7.85,20.0,488.4,PCS,1.0,0.9992733454442426,2.0,0.0,2,[2],[1],C,2,0.38,1,1.6691983546479605e-05,0
14111132001,9.714285714285714,8.013381665332414,0.8249069361371604,19,21,0.9047619047619048,福味手工麻花捲(黑糖口味),44.0,39.0,17.0,29172.0,5.2,20.0,1458.6,PCS,81.0,0.7098915018083032,2.345,1.301,204,"[1, 2, 3, 4, 5, 6, 9]","[10, 62, 4, 5, 1, 4, 1]",C,4,38.86,2,0.0002837637148331,1
14502015001,77.57142857142857,41.702004062840224,0.5375948958377192,20,21,0.9523809523809524,統一阿Q蒜香珍肉(碗)106g,43.0,28.0,23.0,27692.0,2.5,12.0,2307.7,PCS,251.0,0.4339294345094248,6.439,5.891,1629,"[3, 6, 9, 12, 18, 24]","[155, 38, 2, 39, 1, 18]",B,22,310.29,26,0.0015690464060753,3
14311231001,2.7142857142857144,3.318777744032539,1.222707589906725,17,21,0.8095238095238095,雀巢咖啡三合一義式拿鐵16g X25,48.0,23.0,31.0,34224.0,8.36,18.0,1901.3,PCS,28.0,0.857112381460309,1.839,1.772,57,"[1, 2, 4, 5, 7, 8]","[21, 6, 1, 1, 1, 1]",C,4,10.86,1,6.676793418591842e-05,1
14204132001,5.523809523809524,5.482873768554658,0.992589216721102,18,21,0.8571428571428571,家樂福辣味半切海苔,48.0,32.0,15.0,23040.0,2.41,20.0,1152.0,PCS,53.0,0.7782070298828353,2.148,2.158,116,"[1, 2, 3, 4, 5, 6, 10, 12]","[30, 13, 3, 2, 3, 1, 1, 1]",C,5,22.1,2,0.0001669198391027,1
14509021001,0.8095238095238095,3.709704134011871,4.582575694955841,1,21,0.0476190476190476,金龍一番日式豚骨杯39g,33.0,26.0,13.0,11154.0,0.98,12.0,929.5,PCS,1.0,0.9993033449442508,17.0,0.0,17,[17],[1],C,17,3.24,1,0.0,0
14833059001,9.80952380952381,39.50015069290123,4.026714391023911,9,21,0.4285714285714285,紅燒牛肉罐425g,32.0,25.0,13.0,10400.0,13.88,12.0,866.7,PCS,17.0,0.90995150080832,10.842,24.4,206,"[1, 2, 3, 22, 67, 89]","[6, 8, 2, 1, 1, 1]",C,38,39.24,4,0.0001001518976408,0
14505021001,70.42857142857143,37.294197174053,0.52953221139629,21,21,1.0,維力大乾麵-紅油擔擔(包)100g,40.0,33.0,14.0,18480.0,3.79,30.0,616.0,PCS,167.0,0.5512374793753437,8.451,8.467,1479,"[1, 4, 5, 9, 10, 15, 20, 30, 60]","[1, 1, 122, 1, 33, 1, 3, 11, 2]",C,18,281.71,10,0.0005508354515768,1
14120020001,6.571428571428571,4.38829612231705,0.6677841925265077,20,21,0.9523809523809524,奧利奧夾心餅乾隨手包-巧克力,45.0,18.0,26.0,21060.0,5.42,12.0,1755.0,PCS,101.0,0.6641189313511442,1.366,1.046,138,"[1, 2, 3, 4, 7, 8]","[81, 13, 4, 1, 1, 1]",C,3,26.29,3,0.0004006075905635,1
14120045001,4.904761904761905,6.700035536508459,1.366026662783278,17,21,0.8095238095238095,麗滋巧克力三明治餅乾隨手包243g,49.0,21.0,21.0,21609.0,3.75,12.0,1800.8,PCS,55.0,0.7733637772703789,1.585,1.446,103,"[1, 2, 3, 4, 7, 8]","[50, 6, 5, 1, 2, 1]",C,4,19.62,2,0.0002003037952817,1
12122020001,11.238095238095235,12.107455397005442,1.0773583192250606,18,21,0.8571428571428571,蘇菲彈力貼身日用超薄基本23cm16P,54.0,25.0,38.0,51300.0,5.2,48.0,1068.8,PCS,32.0,0.8410559824002933,7.152,6.838,236,"[4, 8, 12, 16, 24, 36]","[23, 4, 3, 1, 1, 1]",C,15,44.95,1,6.676793418591842e-05,1
14310053001,0.0952380952380952,0.4364357804719847,4.58257569495584,1,21,0.0476190476190476,UCC 香醇濃厚咖啡豆908g,52.0,22.0,20.0,22880.0,6.0,6.0,3813.3,PCS,2.0,0.9955967400543324,1.0,0.0,2,[1],[2],C,1,0.38,1,3.338396709295921e-05,0
11103137001,23.0,46.156256347325225,2.0067937542315315,17,21,0.8095238095238095,一匙靈亮彩超濃縮洗衣精補充包,36.0,25.0,32.0,28800.0,12.36,6.0,4800.0,PCS,77.0,0.717531374477092,5.819,4.179,483,"[1, 2, 3, 4, 6, 8, 9, 10, 11, 12]","[9, 21, 4, 7, 17, 1, 1, 1, 1, 21]",C,11,92.0,16,0.0005174514953978,1
14001017001,22.285714285714285,11.988089327089856,0.5379270851899295,21,21,1.0,正哲礦鹽蘇打餅-胡椒蕎麥風味,44.0,37.0,34.0,55352.0,4.8,10.0,5535.2,PCS,262.0,0.4193763437276045,1.74,1.849,468,"[1, 2, 3, 4, 5, 6, 7, 8, 9, 10, 11, 12]","[195, 41, 9, 7, 3, 3, 1, 4, 1, 2, 1, 2]",B,7,89.14,9,0.0005675274296663,1
31500006001,12.047619047619047,9.682335412885626,0.8036721093699531,20,21,0.9523809523809524,可家芬抗蟑驅蠅清潔袋(小),49.0,33.0,18.0,29106.0,10.85,24.0,1212.8,PCS,99.0,0.6697655039082682,2.505,1.39,253,"[1, 2, 3, 4, 5, 6]","[12, 67, 2, 9, 1, 10]",C,4,48.19,3,0.000383915612474,1
12020212001,0.0952380952380952,0.4364357804719848,4.582575694955841,1,21,0.0476190476190476,菲蘇德美水潤修護潔顏慕斯 水潤慕斯,20.0,16.0,21.0,6720.0,1.4,6.0,1120.0,PCS,1.0,0.998323361277312,2.0,0.0,2,[2],[1],C,2,0.38,1,1.6691983546479605e-05,0
14222009001,0.4761904761904761,2.182178902359924,4.582575694955841,1,21,0.0476190476190476,森永新多樂福水果糖,39.0,21.0,26.0,21294.0,10.25,40.0,532.4,PCS,1.0,0.99910001499975,10.0,0.0,10,[10],[1],C,10,1.9,1,1.6691983546479605e-05,0
11072011001,0.7619047619047619,3.491486243775878,4.58257569495584,1,21,0.0476190476190476,新鱷魚蚊香-優30卷鐵罐,59.0,44.0,23.0,59708.0,14.9,24.0,2487.8,PCS,3.0,0.9878202029966168,5.333,2.517,16,"[3, 5, 8]","[1, 1, 1]",C,8,3.05,1,3.338396709295921e-05,0
14111053001,1.1428571428571428,5.237229365663818,4.582575694955841,1,21,0.0476190476190476,家樂福葡萄蔓越莓沙琪瑪,47.0,20.0,25.0,23500.0,2.91,12.0,1958.3,PCS,1.0,0.9990766820552992,12.0,9.899,24,"[5, 19]","[1, 1]",C,35,4.57,1,1.6691983546479605e-05,0
14001018001,8.380952380952381,8.249098074796969,0.9842673839246384,18,21,0.8571428571428571,中祥自然之顏蔬菜蘇打,44.0,31.0,31.0,42284.0,4.5,24.0,1761.8,PCS,59.0,0.7646239229346178,2.708,3.715,176,"[1, 2, 3, 4, 5, 7, 8, 12, 22]","[36, 14, 6, 1, 1, 1, 1, 4, 1]",C,7,33.52,2,0.0001669198391027,1
12022114001,0.0952380952380952,0.4364357804719848,4.582575694955841,1,21,0.0476190476190476,Biore舒涼高防曬乳液,37.0,22.0,20.0,16280.0,3.97,48.0,339.2,PCS,1.0,0.9984533591106814,2.0,0.0,2,[2],[1],C,2,0.38,1,1.6691983546479605e-05,0
14023248001,23.19047619047619,11.034577688425813,0.4758236785563492,21,21,1.0,卡迪那95度C北海道松露薯條,42.0,22.0,13.0,12012.0,2.11,12.0,1001.0,PCS,229.0,0.4690555157414043,1.956,1.871,487,"[1, 2, 3, 4, 5, 6, 7, 8, 9, 10, 12]","[151, 53, 19, 5, 6, 3, 4, 2, 1, 4, 1]",B,7,92.76,8,0.0017526582814753,3
12233028001,0.0952380952380952,0.4364357804719847,4.58257569495584,1,21,0.0476190476190476,滿意活潑寶寶紙尿褲L號44+2片 活潑寶寶L號,60.0,26.0,43.0,67080.0,8.34,5.0,13416.0,PCS,2.0,0.9952167463875602,1.0,0.0,2,[1],[2],C,1,0.38,1,3.338396709295921e-05,0
14203001001,7.142857142857143,4.102264183176338,0.5743169856446873,21,21,1.0,珍珍魷魚絲,53.0,35.0,16.0,29680.0,4.0,20.0,1484.0,PCS,112.0,0.6413026449559174,1.327,0.749,150,"[1, 2, 3, 5, 6]","[86, 22, 3, 1, 1]",C,3,28.57,2,0.0005174514953978,1
10040003001,244.57142857142856,273.20698589687845,1.1170846385970497,21,21,1.0,悅氏礦泉水1500ml,35.0,27.0,30.0,28350.0,19.3,12.0,2362.5,PCS,226.0,0.4728454525757904,21.949,16.449,5136,"[5, 7, 12, 17, 24, 36, 48, 96]","[5, 8, 89, 3, 107, 6, 8, 8]",B,65,978.29,82,0.0004506835539359,1
31226017001,0.1428571428571428,0.6546536707079772,4.582575694955841,1,21,0.0476190476190476,自然風環保植纖圓紙盤 8吋,21.0,21.0,9.0,3969.0,1.47,12.0,330.8,PCS,1.0,0.9996366727221212,3.0,0.0,3,[3],[1],C,3,0.57,1,1.6691983546479605e-05,0
14112054001,8.380952380952381,5.669887040111033,0.6765206127405209,21,21,1.0,樂天小熊餅家庭號-濃黑巧克力風味,57.0,26.0,23.0,34086.0,3.01,10.0,3408.6,PCS,134.0,0.6005699905001584,1.285,0.977,176,"[1, 2, 3, 6, 10]","[115, 15, 5, 1, 1]",C,3,33.52,4,0.0004673755320254,1
12016035001,0.1428571428571428,0.6546536707079772,4.582575694955841,1,21,0.0476190476190476,妮維雅止汗噴霧珍珠煥采150ml,28.0,19.0,18.0,9576.0,3.35,24.0,399.0,PCS,1.0,0.998246695888402,1.5,0.707,3,"[1, 2]","[1, 1]",C,4,0.57,1,1.6691983546479605e-05,0
14501010001,240.57142857142856,199.10288079999532,0.8276248014251586,21,21,1.0,來一客-牛肉蔬菜 65g,45.0,34.0,21.0,32130.0,3.0,24.0,1338.8,PCS,720.0,0.1198413359777337,6.763,8.515,5052,"[3, 6, 9, 12, 15, 18, 21, 24, 27, 30, 33, 39, 48]","[455, 196, 4, 6, 4, 5, 4, 53, 1, 1, 1, 1, 16]",A,64,962.29,41,0.0020698059815913,3
10033054001,142.28571428571428,66.33938713701149,0.4662406726496791,21,21,1.0,黑松茶尋味台灣青茶 590ml,41.0,28.0,24.0,27552.0,15.28,24.0,1148.0,PCS,201.0,0.5058715688071865,14.719,14.235,2988,"[4, 8, 12, 16, 20, 24, 48, 52, 56, 96]","[90, 22, 9, 7, 2, 58, 9, 2, 3, 1]",C,30,569.14,24,0.0015690464060753,3
14104042001,11.904761904761903,5.70004177094135,0.4788035087590733,21,21,1.0,旺仔小饅頭經濟包,32.0,26.0,23.0,19136.0,2.34,5.0,3827.2,PCS,175.0,0.5415109748170864,1.359,1.041,250,"[1, 2, 3, 4, 5, 8, 10]","[146, 27, 6, 1, 2, 1, 1]",C,3,47.62,10,0.0004840675101149,1
61063005002,0.238095238095238,1.091089451179962,4.582575694955841,1,21,0.0476190476190476,宜而爽新舒棉平口褲,26.0,13.0,18.0,6084.0,0.8,12.0,507.0,PCS,1.0,0.9999833336111064,5.0,0.0,5,[5],[1],C,5,0.95,1,0.0,0
15023017001,98.0,126.70280186325796,1.2928857332985504,18,21,0.8571428571428571,義美無加糖元氣豆奶250ml,35.0,20.0,11.0,7700.0,6.57,24.0,320.8,PCS,56.0,0.7717104714921418,32.667,30.438,2058,"[6, 12, 18, 24, 30, 48, 72, 90, 96, 120]","[15, 2, 5, 23, 2, 6, 2, 1, 5, 2]",C,69,392.0,17,8.345991955138743e-05,1
14001045001,29.952380952380953,17.875894915992852,0.5968104820919712,21,21,1.0,義美天然取向蘇打餅乾(紫菜),47.0,32.0,23.0,34592.0,3.27,8.0,4324.0,PCS,356.0,0.3245612573123781,1.767,1.967,629,"[1, 2, 3, 4, 5, 6, 8, 9, 10, 12, 16]","[247, 58, 21, 13, 4, 4, 2, 1, 1, 2, 3]",B,7,119.81,15,0.0010849789250642,3
14242011001,10.0,9.126883367283709,0.9126883367283708,20,21,0.9523809523809524,恰好香香豆,40.0,26.0,27.0,28080.0,7.37,15.0,1872.0,PCS,109.0,0.6501258312361461,1.892,1.946,210,"[1, 2, 3, 4, 5, 6, 7, 8, 10, 12]","[71, 24, 5, 3, 1, 2, 1, 1, 2, 1]",C,4,40.0,3,0.0004006075905635,1
14370002001,6.904761904761905,7.502697927444246,1.0865976308712355,20,21,0.9523809523809524,台糖精製細砂,44.0,35.0,19.0,29260.0,20.97,20.0,1463.0,PCS,57.0,0.7692705121581307,2.458,2.836,145,"[1, 2, 3, 4, 5, 8, 10, 11, 12]","[33, 14, 3, 2, 1, 1, 2, 2, 1]",C,6,27.62,2,0.0002336877660127,1
10032055001,86.57142857142857,60.93978292426995,0.7039248852638443,20,21,0.9523809523809524,光泉午后時光重乳奶茶330ml,35.0,20.0,14.0,9800.0,8.7,24.0,408.3,PCS,125.0,0.615219746337561,13.773,10.889,1818,"[6, 12, 18, 24, 36, 48]","[72, 17, 3, 31, 4, 5]",C,26,346.29,15,0.0003004556929226,1
14244058001,5.428571428571429,5.201648090475062,0.9581983324559324,19,21,0.9047619047619048,義美烘焙夏威夷綜合果,46.0,37.0,19.0,32338.0,2.82,12.0,2694.8,PCS,73.0,0.7292945117581373,1.481,1.119,114,"[1, 2, 3, 4, 6]","[59, 9, 5, 1, 3]",C,3,21.71,2,0.0002670717367436,1
14503013001,123.42857142857144,122.5832661616468,0.9931514619577866,20,21,0.9523809523809524,統一鮮蝦碗麵83g,41.0,28.0,17.0,19516.0,1.7,12.0,1626.3,PCS,273.0,0.4078465358910685,9.159,10.396,2592,"[3, 6, 9, 12, 18, 24, 36, 60, 120]","[129, 47, 3, 62, 4, 33, 3, 1, 1]",B,37,493.71,42,0.0012185147497802,3
42613021001,0.1428571428571428,0.6546536707079772,4.582575694955841,1,21,0.0476190476190476,旺德 WD-7002 來電顯示電話,23.0,22.0,6.0,3036.0,0.676,1.0,3036.0,PCS,1.0,0.9999733337777704,3.0,0.0,3,[3],[1],C,3,0.57,1,0.0,0
10002944001,134.57142857142858,115.17142502746566,0.8558386148537787,20,21,0.9523809523809524,維大力蘋果風味氣水330ml,44.0,27.0,12.0,14256.0,8.82,24.0,594.0,PCS,125.0,0.6148030866152231,20.331,25.317,2826,"[6, 12, 18, 24, 36, 48, 60, 204, 216]","[7, 85, 2, 29, 7, 5, 2, 1, 1]",C,49,538.29,23,0.0008012151811271,3
14600005001,35.76190476190476,36.94307074662955,1.0330286094263923,21,21,1.0,台鹽高級碘鹽 1Kg,61.0,38.0,9.0,20862.0,24.38,24.0,869.3,PCS,270.0,0.4105531574473758,2.701,4.267,751,"[1, 2, 3, 4, 5, 6, 7, 10, 12, 14, 15, 16, 23, 24, 34, 37]","[151, 69, 21, 6, 3, 5, 3, 5, 8, 1, 1, 1, 1, 1, 1, 1]",B,14,143.05,6,0.0009180590859614,3
12011098001,0.0952380952380952,0.4364357804719848,4.582575694955841,1,21,0.0476190476190476,快潔適熊熊遇見你沐浴露 水潤清新,40.0,31.0,26.0,32240.0,14.1,12.0,2686.7,PCS,1.0,0.998086698555024,2.0,0.0,2,[2],[1],C,2,0.38,1,1.6691983546479605e-05,0
14804012001,14.857142857142858,6.405354902624165,0.4311296569073957,21,21,1.0,泰山八寶粥禮盒375g*12,42.0,28.0,13.0,15288.0,10.95,2.0,7644.0,PCS,237.0,0.4566190563490608,1.3,0.635,312,"[1, 2, 3, 4]","[185, 44, 5, 6]",B,3,59.43,30,0.0014522025594487,3
14222068001,12.285714285714286,6.017830648521585,0.4898234248796638,21,21,1.0,Dr.Q葡萄蒟蒻,37.0,20.0,17.0,12580.0,2.8,10.0,1258.0,PCS,160.0,0.5632539457675705,1.593,1.302,258,"[1, 2, 3, 4, 5, 6, 11]","[114, 30, 4, 6, 5, 2, 1]",C,3,49.14,5,0.0008679831516928,3
14851032001,0.1428571428571428,0.6546536707079772,4.582575694955841,1,21,0.0476190476190476,葛莉思貓食-鮪魚蟹肉 7Kg,47.0,37.0,9.0,15651.0,7.0,1.0,15651.0,PCS,2.0,0.996196730054499,1.0,0.0,3,[1],[3],C,2,0.57,1,1.6691983546479605e-05,0
11051016001,0.0952380952380952,0.4364357804719848,4.582575694955841,1,21,0.0476190476190476,茶樹莊園-茶樹洗衣槽去汙劑250g*3,43.0,34.0,18.0,26316.0,10.9,12.0,2193.0,PCS,1.0,0.9972367127214546,2.0,0.0,2,[2],[1],C,2,0.38,1,1.6691983546479605e-05,0
12013050001,0.0952380952380952,0.4364357804719848,4.582575694955841,1,21,0.0476190476190476,E.M死海沐浴鹽香草廣藿香 香草廣藿香,26.0,20.0,22.0,11440.0,6.83,12.0,953.3,PCS,1.0,0.9982266962217295,2.0,0.0,2,[2],[1],C,2,0.38,1,1.6691983546479605e-05,0
11050017001,5.238095238095238,3.448256978601825,0.658303605005803,20,21,0.9523809523809524,泡舒抗菌洗潔精--檸檬2.8L,36.0,22.0,30.0,23760.0,12.45,4.0,5940.0,PCS,89.0,0.6897951700804986,1.236,0.879,110,"[1, 2, 3, 4, 8]","[78, 7, 2, 1, 1]",C,3,20.95,6,0.0001669198391027,1
14502077001,223.71428571428572,229.09979110796735,1.024073140329356,21,21,1.0,統一肉燥碗麵 85g,43.0,28.0,17.0,20468.0,1.8,12.0,1705.7,PCS,497.0,0.2223129614506425,8.684,7.03,4698,"[3, 6, 9, 12, 15, 18, 21, 24, 27, 30, 36, 48]","[220, 93, 17, 145, 2, 9, 4, 42, 3, 1, 4, 1]",B,28,894.86,75,0.0020698059815913,3
14506006001,0.0952380952380952,0.4364357804719848,4.582575694955841,1,21,0.0476190476190476,五木拉麵-肉燥321g,46.0,26.0,23.0,27508.0,4.72,12.0,2292.3,PCS,1.0,0.999270012166464,2.0,0.0,2,[2],[1],C,2,0.38,1,1.6691983546479605e-05,0
14810016001,124.42857142857144,78.94401271063653,0.6344524557686059,21,21,1.0,牛頭牌金鑽玉米粒340g,35.0,26.0,18.0,16380.0,10.7,24.0,682.5,PCS,465.0,0.2558824019599673,5.536,4.999,2613,"[3, 6, 9, 12, 15, 18, 36, 84]","[262, 115, 36, 55, 1, 1, 1, 1]",B,19,497.71,21,0.0007010633125901,3
14330010001,8.380952380952381,4.954555383444517,0.5911685400700843,21,21,1.0,克寧高鈣全家人營養奶粉 DHA 2.2kg,55.0,37.0,23.0,46805.0,16.22,6.0,7800.8,PCS,101.0,0.6644555924067932,1.676,0.956,176,"[1, 2, 3, 4, 6]","[56, 38, 2, 8, 1]",C,3,33.52,6,0.0001335358683718,1
14111039001,9.857142857142858,10.36477551269546,1.051498965056061,18,21,0.8571428571428571,TW雲林旭成原味菜脯餅250G,29.0,21.0,8.0,4872.0,1.0,1.0,4872.0,PCS,137.0,0.5978667022216296,1.458,1.015,207,"[1, 2, 3, 4, 5, 6]","[104, 26, 6, 1, 1, 4]",C,3,39.43,40,0.0006009113858453,1
10040039001,78.95238095238095,57.26995389423339,0.7253733605421601,21,21,1.0,家樂福超值純水6000ml,36.0,18.0,35.0,22680.0,11.15,2.0,11340.0,PCS,422.0,0.2781953634106098,3.865,2.642,1658,"[2, 4, 6, 12, 18, 20]","[136, 265, 12, 6, 9, 1]",B,11,315.81,158,0.0015189704718068,3
12102140001,9.047619047619047,4.54396512394396,0.5022277242253851,20,21,0.9523809523809524,台鹽護牙齦益牙周牙膏,23.0,23.0,17.0,8993.0,2.55,12.0,749.4,PCS,79.0,0.7136147730871152,2.405,1.335,190,"[2, 4, 6, 12]","[68, 9, 1, 1]",C,4,36.19,4,0.0001836118171922,1
14502004001,160.57142857142858,189.17731667104584,1.1781505486630963,21,21,1.0,一度贊-爌肉(碗) 200g,50.0,36.0,17.0,30600.0,3.21,12.0,2550.0,PCS,322.0,0.3605673238779354,10.28,12.659,3372,"[2, 4, 8, 10, 12, 14, 16, 24, 26, 28, 48, 72]","[129, 62, 2, 2, 64, 2, 3, 37, 1, 16, 4, 6]",B,43,642.29,54,0.0011517468374222,3
12023273001,0.238095238095238,1.0910894511799618,4.58257569495584,1,21,0.0476190476190476,LUKE膠原蛋白果凍眼膜5組入 膠原蛋白眼膜,15.0,9.0,15.0,2025.0,0.39,10.0,202.5,PCS,1.0,0.9985333577773704,5.0,0.0,5,[5],[1],C,5,0.95,1,1.6691983546479605e-05,0
14110086001,7.523809523809524,4.53452365325232,0.6026898526474602,21,21,1.0,77蜜蘭諾-醇黑千層,74.0,29.0,24.0,51504.0,8.0,15.0,3433.6,PCS,110.0,0.6468458859019016,1.374,0.932,158,"[1, 2, 3, 4, 5, 7]","[91, 14, 6, 1, 2, 1]",C,3,30.1,3,0.0004840675101149,1
14613900001,7.238095238095238,9.71032832557562,1.3415585186650525,17,21,0.8095238095238095,泰山健康好理由純芥花油,29.0,27.0,25.0,19575.0,9.7,24.0,815.6,PCS,72.0,0.731457809036516,2.111,2.876,152,"[1, 2, 3, 4, 5, 7, 9, 12, 14]","[54, 7, 3, 1, 1, 1, 1, 3, 1]",C,6,28.95,2,0.000317147700116,1
12020210001,0.0952380952380952,0.4364357804719847,4.58257569495584,1,21,0.0476190476190476,露得清男性淨涼洗面乳 男性洗面,29.0,23.0,19.0,12673.0,2.39,12.0,1056.1,PCS,1.0,0.9983200279995332,2.0,0.0,2,[2],[1],C,2,0.38,1,1.6691983546479605e-05,0
10033049001,25.52380952380953,26.4662408505988,1.0369236154152517,18,21,0.8571428571428571,悅氏健茶到油切綠無糖Pet 2000ml,35.0,23.0,31.0,24955.0,17.16,8.0,3119.4,PCS,89.0,0.6892018466358893,5.702,5.967,536,"[1, 2, 3, 4, 5, 6, 8, 11, 16, 18, 22, 24]","[29, 16, 4, 6, 2, 3, 20, 1, 8, 1, 1, 3]",C,13,102.1,13,0.000317147700116,1
12120087001,0.1904761904761904,0.8728715609439697,4.582575694955841,1,21,0.0476190476190476,康乃韾清涼護墊一般15cm,40.0,24.0,16.0,15360.0,1.7,24.0,640.0,PCS,1.0,0.9988400193330113,4.0,0.0,4,[4],[1],C,4,0.76,1,1.6691983546479605e-05,0
14510100001,8.095238095238095,7.822434160188003,0.9663006903761652,19,21,0.9047619047619048,家樂福花蓮富里壽司米(圓一),35.0,24.0,5.0,4288.0,1.5,1.0,4287.5,PCS,99.0,0.6694355094081765,1.667,1.402,170,"[1, 2, 3, 5, 6]","[71, 20, 2, 1, 8]",C,4,32.38,33,0.0003004556929226,1
10032008001,414.8571428571428,196.4419216242515,0.4735170287085952,21,21,1.0,立頓瑞士巧克力奶茶TP250ml,34.0,20.0,11.0,7480.0,6.62,24.0,311.7,PCS,341.0,0.3385143580940317,25.034,16.065,8712,"[6, 12, 18, 24, 30, 42, 48, 60, 72, 90]","[82, 15, 2, 172, 1, 1, 69, 1, 1, 4]",B,67,1659.43,70,0.0020197299309074,2
14244021001,18.52380952380953,11.80092813137614,0.6370680996372723,20,21,0.9523809523809524,萬歲活力纖果綜合果,41.0,35.0,33.0,47355.0,3.23,12.0,3946.3,PCS,165.0,0.5567540540990984,2.21,1.159,389,"[1, 2, 3, 4, 5, 6, 8, 10]","[20, 137, 1, 10, 2, 4, 1, 1]",C,4,74.1,7,0.0005508354515768,1
14520067001,7.238095238095238,5.233591137113807,0.7230619334170392,19,21,0.9047619047619048,康寶濃湯-自然原味香菇雞蓉36.5 G,35.0,29.0,34.0,34510.0,4.84,96.0,359.5,PCS,57.0,0.7694605089915169,2.667,1.618,152,"[2, 4, 6, 12]","[44, 10, 2, 1]",C,5,28.95,1,0.0003004556929226,1
14634023001,0.1428571428571428,0.6546536707079772,4.582575694955841,1,21,0.0476190476190476,健康廚房古早味烤肉醬,27.0,20.0,12.0,6480.0,5.58,12.0,540.0,PCS,1.0,0.9994900084998584,3.0,0.0,3,[3],[1],C,3,0.57,1,1.6691983546479605e-05,0
10014009001,104.57142857142856,63.485881445067314,0.6071054236550153,21,21,1.0,崇德發天然黑麥汁Btl330ml,40.0,27.0,17.0,18360.0,12.08,24.0,765.0,PCS,124.0,0.6164663922267962,15.686,13.243,2196,"[6, 12, 18, 24, 30, 36, 42, 48, 96]","[58, 31, 12, 24, 2, 3, 2, 7, 1]",C,32,418.29,18,0.0002169957879232,1
14833072001,4.095238095238095,7.986894026495919,1.950288076237376,17,21,0.8095238095238095,義美純豬肉鬆175g,37.0,20.0,17.0,12580.0,2.448,8.0,1572.5,PCS,39.0,0.820912984783587,2.205,4.021,86,"[1, 2, 3, 4, 26]","[25, 7, 3, 3, 1]",C,7,16.38,3,0.0001168438830063,1
12011093001,0.0952380952380952,0.4364357804719848,4.582575694955841,1,21,0.0476190476190476,白雪檀香沐浴乳-乳沐果油 檀香-乳木果油,35.0,33.0,27.0,31185.0,13.6,6.0,5197.5,PCS,1.0,0.9980833652772454,2.0,0.0,2,[2],[1],C,2,0.38,1,1.6691983546479605e-05,0
14620114001,3.5238095238095237,4.130605858939432,1.172198959969298,18,21,0.8571428571428571,龜甲萬甘醇醬油-1000ml,33.0,25.0,28.0,23100.0,14.98,12.0,1925.0,PCS,42.0,0.8109264845585907,1.721,2.261,74,"[1, 2, 5, 10, 12]","[36, 3, 2, 1, 1]",C,5,14.1,2,0.0001168438830063,1
14710017001,0.0952380952380952,0.4364357804719848,4.582575694955841,1,21,0.0476190476190476,登豐 白木耳75g,47.0,34.0,17.0,27166.0,1.6,12.0,2263.8,PCS,1.0,0.9995100081665306,2.0,0.0,2,[2],[1],C,2,0.38,1,1.6691983546479605e-05,0
11072004001,0.0952380952380952,0.4364357804719848,4.582575694955841,1,21,0.0476190476190476,家家線體紙蚊香+燃燒盤,32.0,30.0,16.0,15360.0,2.99,12.0,1280.0,PCS,1.0,0.997310044832586,2.0,0.0,2,[2],[1],C,2,0.38,1,1.6691983546479605e-05,0
10020006001,0.2857142857142857,1.3093073414159544,4.582575694955841,1,21,0.0476190476190476,伯朗曼特寧咖啡二合一Can240ml,40.0,27.0,10.0,10800.0,7.06,24.0,450.0,PCS,1.0,0.996950050832486,6.0,0.0,6,[6],[1],C,6,1.14,1,1.6691983546479605e-05,0
14600011001,2.6666666666666665,2.496664441476534,0.9362491655537004,18,21,0.8571428571428571,台鹽美味含碘鹽300g,37.0,19.0,20.0,14060.0,8.59,24.0,585.8,PCS,44.0,0.8029866168897185,1.244,0.679,56,"[1, 2, 4]","[38, 5, 2]",C,2,10.67,1,0.0001335358683718,1
14616006001,20.761904761904763,13.634165768043024,0.6566914704791365,21,21,1.0,工研烏醋 600g,31.0,24.0,26.0,19344.0,11.64,12.0,1612.0,PCS,226.0,0.4751054149097515,1.887,3.002,436,"[1, 2, 3, 4, 5, 6, 7, 9, 10, 12, 38]","[165, 34, 12, 7, 1, 4, 1, 1, 2, 3, 1]",B,10,83.05,7,0.0005675274296663,1
14520065001,36.666666666666664,16.202880402364677,0.4418967382463094,21,21,1.0,康寶濃湯自然原味火腿玉米49.7g,35.0,29.0,34.0,34510.0,6.2,96.0,359.5,PCS,241.0,0.4494791753470775,3.169,2.178,770,"[2, 4, 6, 8, 10, 12, 16]","[162, 51, 12, 11, 3, 3, 1]",B,9,146.67,2,0.0009514430421404,3
14010193001,14.476190476190476,8.44167665584893,0.5831421374106168,21,21,1.0,蝦味先原味量販包,52.0,51.0,39.0,103428.0,5.3,15.0,6895.2,PCS,209.0,0.4983250279162014,1.339,0.961,304,"[1, 2, 3, 7, 10]","[181, 30, 13, 2, 1]",B,4,57.9,4,0.0007511392468586,1
14511052001,10.666666666666666,7.438637868140465,0.6973723001381686,21,21,1.0,皇家榖堡莊園紫米1kg,35.0,24.0,5.0,4288.0,1.0,1.0,4287.5,PCS,89.0,0.6912784786920217,2.358,1.211,224,"[1, 2, 4, 5, 6, 8]","[5, 78, 5, 1, 5, 1]",C,4,42.67,43,0.0003672236343845,1
14350009001,2.4285714285714284,3.3402309586528376,1.3753892182688157,16,21,0.7619047619047619,雀巢蜂蜜脆片370g,58.0,40.0,30.0,69600.0,9.07,18.0,3866.7,PCS,23.0,0.878182030299495,2.04,2.131,51,"[1, 2, 3, 5, 10]","[17, 3, 1, 3, 1]",C,5,9.71,1,6.676793418591842e-05,1
15023012001,176.04761904761904,172.2058292249354,0.9781775530764522,21,21,1.0,統一蜜豆奶(雞蛋),34.0,20.0,11.0,7480.0,6.75,24.0,311.7,PCS,224.0,0.480341994300095,15.277,13.114,3697,"[1, 5, 6, 7, 12, 17, 18, 23, 24, 30, 36, 48, 49, 72, 96]","[2, 1, 120, 2, 23, 2, 4, 4, 65, 3, 1, 9, 4, 1, 1]",B,51,704.19,30,0.0005007595173083,1
10041002001,71.28571428571429,50.56791755366525,0.7093695849211556,20,21,0.9523809523809524,Perrier 汽泡礦泉水330ml,42.0,28.0,19.0,22344.0,13.68,24.0,931.0,PCS,61.0,0.7578140364327262,19.96,16.179,1497,"[1, 3, 4, 8, 12, 20, 21, 24, 28, 36, 44, 48]","[1, 1, 21, 8, 5, 6, 1, 13, 2, 3, 1, 13]",C,42,285.14,12,8.345991955138743e-05,1
12326002001,0.0952380952380952,0.4364357804719848,4.582575694955841,1,21,0.0476190476190476,NV黃金比例金盞花葉黃素軟膠 金盞花葉黃素,38.0,29.0,24.0,26448.0,0.74,6.0,4408.0,PCS,1.0,0.99899668338861,2.0,0.0,2,[2],[1],C,2,0.38,1,1.6691983546479605e-05,0
31504001001,0.4761904761904761,2.182178902359924,4.582575694955841,1,21,0.0476190476190476,福營環保捲筒垃圾袋-2.4KG,58.0,31.0,28.0,50344.0,25.0,10.0,5034.4,PCS,3.0,0.991910134831086,3.333,2.517,10,"[1, 3, 6]","[1, 1, 1]",C,6,1.9,1,1.6691983546479605e-05,0
12020070001,0.1428571428571428,0.6546536707079772,4.582575694955841,1,21,0.0476190476190476,廣源良絲瓜洗敷凝露150ml 絲瓜洗敷,19.0,16.0,17.0,5168.0,2.448,12.0,430.7,PCS,1.0,0.9982966950550825,3.0,0.0,3,[3],[1],C,3,0.57,1,1.6691983546479605e-05,0
12123057001,8.857142857142858,6.791801780718533,0.7668163300811246,21,21,1.0,蘇菲彈力超熟睡夜用潔翼衛生棉,43.0,36.0,49.0,75852.0,5.79,18.0,4214.0,PCS,65.0,0.7498475025416244,2.657,2.112,186,"[1, 2, 3, 4, 5, 6, 7, 8, 10]","[21, 28, 6, 5, 2, 3, 1, 2, 2]",C,6,35.43,2,0.0001001518976408,1
14501940001,0.0952380952380952,0.4364357804719847,4.58257569495584,1,21,0.0476190476190476,韓國不倒翁蔥燒牛肉風味碗麵104g X6,44.0,29.0,8.0,10208.0,0.8,1.0,10208.0,PCS,2.0,0.9957500708321528,1.0,0.0,2,[1],[2],C,1,0.38,1,0.0,0
14204010001,21.19047619047619,62.026300105373885,2.9270838251974194,15,21,0.7142857142857143,元本山(6束)海苔,31.0,23.0,21.0,14973.0,1.62,30.0,499.1,PCS,33.0,0.8384393593440109,10.595,8.779,445,"[5, 10, 15, 30]","[25, 5, 6, 6]",C,23,84.76,3,8.345991955138743e-05,1
14361162001,3.047619047619047,4.8422741607243855,1.588871208987689,15,21,0.7142857142857143,馬玉山亞麻籽堅果紅豆飲,43.0,30.0,26.0,33540.0,4.28,12.0,2795.0,PCS,29.0,0.8533291111814804,2.0,2.272,64,"[1, 2, 3, 4, 6, 12]","[22, 4, 2, 1, 2, 1]",C,5,12.19,2,0.0001836118171922,1
12201083001,244.0,697.3882706211799,2.858148650086803,19,21,0.9047619047619048,春風柔韌感山茶花抽取衛生紙,20.0,10.0,8.0,1615.0,0.2,1.0,1615.0,PCS,68.0,0.7405543240945984,60.282,54.74,5124,"[12, 24, 36, 60, 72, 84, 144, 156, 168]","[22, 13, 16, 6, 8, 1, 2, 16, 1]",C,133,976.0,976,0.0001335358683718,1
14022002001,5.523809523809524,4.094130525753272,0.7411788020760234,20,21,0.9523809523809524,樂事大波浪椒香嫩雞,51.0,29.0,26.0,38454.0,1.75,12.0,3204.5,PCS,75.0,0.7233646105898235,1.526,1.077,116,"[1, 2, 3, 4, 5, 6]","[55, 12, 3, 3, 2, 1]",C,3,22.1,2,0.0002503797586541,1
35302038001,0.1428571428571428,0.6546536707079772,4.582575694955841,1,21,0.0476190476190476,FGK 10W40 合成機油,33.0,24.0,25.0,19800.0,11.6,12.0,1650.0,PCS,1.0,0.9998133364443926,3.0,0.0,3,[3],[1],C,3,0.57,1,1.6691983546479605e-05,0
14222142001,10.666666666666666,7.538788585265761,0.7067614298686651,21,21,1.0,盛香珍 零卡果凍-綜合口味,42.0,28.0,22.0,25872.0,8.53,10.0,2587.2,PCS,106.0,0.6544224262928952,2.0,1.703,224,"[1, 2, 3, 4, 5, 6, 7, 10]","[65, 25, 6, 3, 5, 5, 2, 1]",C,4,42.67,5,0.000317147700116,1
14361101001,20.52380952380953,12.952293417071154,0.6310862221774808,21,21,1.0,桂格鮮榖王野菇多穀飲,48.0,34.0,27.0,44064.0,4.42,12.0,3672.0,PCS,133.0,0.6023499608339861,2.972,3.27,431,"[1, 2, 3, 4, 5, 6, 8, 10, 11, 36]","[6, 103, 3, 17, 2, 8, 2, 1, 2, 1]",C,7,82.1,7,0.0008012151811271,1
12210024001,77.85714285714286,94.38712079213228,1.212311643201699,15,21,0.7142857142857143,五月花親肌感盒裝面紙,21.0,10.0,8.0,1785.0,0.2,1.0,1785.0,PCS,48.0,0.7891768470525491,31.442,26.519,1635,"[5, 10, 15, 25, 35, 40, 50, 55, 100]","[16, 6, 2, 2, 2, 1, 19, 1, 3]",C,62,311.43,312,0.0001168438830063,1
12005084001,0.0952380952380952,0.4364357804719848,4.582575694955841,1,21,0.0476190476190476,美源花果香染髮霜 淺亮棕色,15.0,9.0,16.0,2160.0,0.3,3.0,720.0,PCS,1.0,0.997930034499425,2.0,0.0,2,[2],[1],C,2,0.38,1,1.6691983546479605e-05,0
15022020001,1.4285714285714286,6.546536707079771,4.58257569495584,1,21,0.0476190476190476,台農牛乳巧克力保久乳飲品200ml,36.0,24.0,14.0,12096.0,8.32,24.0,504.0,PCS,1.0,0.9995900068332194,15.0,4.243,30,"[12, 18]","[1, 1]",C,35,5.71,1,1.6691983546479605e-05,0
12103127001,0.0952380952380952,0.4364357804719848,4.582575694955841,1,21,0.0476190476190476,獅王細潔全罩顧捷淨牙刷 全罩顧捷淨,39.0,25.0,31.0,30225.0,1.81,48.0,629.7,PCS,1.0,0.9987166880551992,2.0,0.0,2,[2],[1],C,2,0.38,1,1.6691983546479605e-05,0
12022162001,0.1904761904761904,0.8728715609439697,4.582575694955841,1,21,0.0476190476190476,萊雅完美UV全效隔離乳SPF50+明亮色,17.0,12.0,21.0,4284.0,1.3,12.0,357.0,PCS,2.0,0.9944834252762454,2.0,0.0,4,[2],[2],C,2,0.76,1,3.338396709295921e-05,0
31533084001,0.0952380952380952,0.4364357804719848,4.582575694955841,1,21,0.0476190476190476,碗盤用抗菌海棉刷,20.0,18.0,17.0,6120.0,0.23,6.0,1020.0,PCS,1.0,0.9996700054999084,2.0,0.0,2,[2],[1],C,2,0.38,1,1.6691983546479605e-05,0
14520068001,20.38095238095238,11.306972143222918,0.5547813434758909,21,21,1.0,康寶濃湯-自然原味雞蓉玉米54.1G,35.0,29.0,34.0,34510.0,6.68,96.0,359.5,PCS,127.0,0.6127031216146398,3.318,2.631,428,"[1, 2, 3, 4, 6, 8, 10, 12, 24]","[1, 78, 1, 32, 10, 3, 2, 1, 1]",C,7,81.52,1,0.0006509873783215,1
14204059001,16.333333333333332,11.217545780309226,0.6867885171617895,21,21,1.0,元本山海苔輕便包48束,41.0,30.0,19.0,23370.0,2.89,12.0,1947.5,PCS,243.0,0.4462558957350711,1.367,1.121,343,"[1, 2, 3, 5, 6, 7, 8, 9]","[205, 31, 7, 1, 3, 1, 2, 1]",B,5,65.33,6,0.0010015190346166,3
14010098001,4.761904761904762,3.330236656827288,0.6993496979337305,21,21,1.0,可樂果原味140g,47.0,28.0,25.0,32900.0,2.15,12.0,2741.7,PCS,68.0,0.7407809869835503,1.408,0.994,100,"[1, 2, 3, 4, 5, 7]","[54, 12, 2, 1, 1, 1]",C,3,19.05,2,0.0001836118171922,1
14023050001,16.476190476190474,12.960011757784203,0.7865903089984633,21,21,1.0,卡迪那牛排量販包,63.0,35.0,33.0,72765.0,2.81,8.0,9095.6,PCS,199.0,0.509871502141631,1.73,2.095,346,"[1, 2, 3, 4, 5, 7, 8, 9, 10, 12]","[152, 26, 9, 2, 1, 1, 2, 1, 1, 5]",C,4,65.9,9,0.0009681350202299,3
10303002001,64.71428571428571,67.97289375710207,1.0503537666660363,17,21,0.8095238095238095,舒味思通寧汽水Can330ml,40.0,27.0,12.0,12960.0,8.87,24.0,540.0,PCS,54.0,0.7748137531041149,22.279,18.178,1359,"[1, 2, 3, 4, 5, 6, 9, 10, 15, 17, 20, 24, 31, 39, 44, 48]","[3, 5, 2, 4, 1, 6, 4, 1, 2, 1, 1, 12, 1, 1, 1, 16]",C,45,258.86,11,6.676793418591842e-05,1
10034019001,682.5714285714286,303.3170900936133,0.4443741378516728,21,21,1.0,御茶園特上檸檬茶 250ml,35.0,20.0,12.0,8400.0,6.66,24.0,350.0,PCS,529.0,0.2035366077232046,26.349,15.75,14334,"[6, 12, 18, 24, 30, 36, 42, 48, 72, 96]","[106, 21, 7, 273, 2, 2, 2, 124, 3, 4]",B,68,2730.29,114,0.0018027342157438,2
14222036001,0.1428571428571428,0.6546536707079772,4.582575694955841,1,21,0.0476190476190476,Tarami美味蒟蒻果凍-白桃味,45.0,26.0,16.0,18720.0,5.67,30.0,624.0,PCS,2.0,0.9954500758320696,1.5,0.707,3,"[1, 2]","[1, 1]",C,3,0.57,1,1.6691983546479605e-05,0
10041085001,92.1904761904762,99.37787432201348,1.0779624797325842,17,21,0.8095238095238095,奇而思 Cheers EX 強氣泡水 500ml,43.0,29.0,23.0,28681.0,14.09,24.0,1195.0,PCS,91.0,0.6819986333561108,16.269,11.974,1936,"[4, 8, 12, 16, 20, 24, 28, 32, 36, 40, 44, 48]","[30, 22, 9, 8, 7, 28, 3, 1, 3, 1, 2, 5]",C,34,368.76,16,0.0001001518976408,1
14350005001,6.0476190476190474,4.620348368642677,0.7639946121377655,21,21,1.0,家樂氏東尼香甜玉米片,57.0,40.0,31.0,70680.0,8.69,16.0,4417.5,PCS,74.0,0.7278345360910652,1.608,1.418,127,"[1, 2, 3, 4, 5, 6, 7, 8]","[61, 6, 5, 2, 2, 1, 1, 1]",C,4,24.19,2,0.0001669198391027,1
12020224001,0.0952380952380952,0.4364357804719847,4.58257569495584,1,21,0.0476190476190476,森田藥活性炭深層淨化洗面乳,26.0,17.0,18.0,7956.0,2.3,12.0,663.0,PCS,1.0,0.9983300278328696,2.0,0.0,2,[2],[1],C,2,0.38,1,1.6691983546479605e-05,0
14011051001,8.714285714285714,10.070466012766524,1.1556272473666505,17,21,0.8095238095238095,好麗友烏龜玉米脆片,36.0,36.0,25.0,32400.0,1.51,12.0,2700.0,PCS,83.0,0.7038849352510792,2.128,2.274,183,"[1, 2, 3, 4, 6, 12, 15]","[39, 32, 9, 2, 1, 2, 1]",C,5,34.86,3,0.0002837637148331,1
14020006001,10.761904761904765,5.85580704860365,0.5441236638083038,21,21,1.0,樂事美國經典原味好康夾鏈包,59.0,36.0,21.0,44604.0,2.55,6.0,7434.0,PCS,156.0,0.5701171647139215,1.353,0.807,226,"[1, 2, 3, 4, 5, 6]","[131, 21, 10, 3, 1, 1]",C,3,43.05,8,0.0004673755320254,1
12201051001,29.047619047619047,22.339373738930533,0.7690604074058053,18,21,0.8571428571428571,春風經濟包抽取衛生紙,20.0,10.0,8.0,1785.0,0.2,1.0,1785.0,PCS,38.0,0.8212929784503592,14.524,5.038,610,"[10, 20]","[23, 19]",C,22,116.19,117,0.0001168438830063,1
12105036001,0.0952380952380952,0.4364357804719848,4.582575694955841,1,21,0.0476190476190476,Ora2 Me清新漱口水蜜桃 淨白清新漱口水,36.0,18.0,20.0,12960.0,6.71,12.0,1080.0,PCS,1.0,0.9987833536107732,2.0,0.0,2,[2],[1],C,2,0.38,1,1.6691983546479605e-05,0
14311189001,0.1428571428571428,0.6546536707079772,4.582575694955841,1,21,0.0476190476190476,雀巢咖啡二合一館藏系列全乳拿鐵,50.0,28.0,18.0,25200.0,4.45,12.0,2100.0,PCS,1.0,0.9992033466108898,3.0,0.0,3,[3],[1],C,3,0.57,1,1.6691983546479605e-05,0
35751001001,0.5714285714285714,2.618614682831909,4.582575694955841,1,21,0.0476190476190476,鈴鹿全合成5-50SL/MA2機車機油,43.0,24.0,26.0,26832.0,11.458,12.0,2236.0,PCS,2.0,0.9966633889435176,6.0,0.0,12,[6],[2],C,6,2.29,1,1.6691983546479605e-05,0
14361128001,2.6666666666666665,3.877284272958759,1.4539816023595349,16,21,0.7619047619047619,馬玉山冰糖杏仁茶,44.0,29.0,25.0,31900.0,6.49,12.0,2658.3,PCS,29.0,0.8532324461258979,1.806,1.558,56,"[1, 2, 3, 5, 6, 7]","[21, 4, 3, 1, 1, 1]",C,4,10.67,1,0.0001001518976408,1
10014032001,91.42857142857144,108.49726790503594,1.1866888677113303,21,21,1.0,黑松百香果C/TP300ml,35.0,20.0,13.0,9100.0,7.88,24.0,379.2,PCS,87.0,0.6939151014149764,21.099,14.788,1920,"[6, 12, 18, 24, 30, 48]","[32, 5, 3, 34, 1, 16]",C,38,365.71,16,0.000383915612474,1
14243131001,0.0952380952380952,0.4364357804719848,4.582575694955841,1,21,0.0476190476190476,Sunny Ranch 精選蟹黃風味腰果,54.0,24.0,17.0,22032.0,7.69,10.0,2203.2,PCS,1.0,0.999146680888652,2.0,0.0,2,[2],[1],C,2,0.38,1,1.6691983546479605e-05,0
14853069001,0.1904761904761904,0.8728715609439697,4.582575694955841,1,21,0.0476190476190476,偉嘉妙鮮包7+熟齡貓鮪魚85g四入裝,51.0,29.0,14.0,20706.0,8.5,20.0,1035.3,PCS,1.0,0.999583340277662,4.0,0.0,4,[4],[1],C,4,0.76,1,1.6691983546479605e-05,0
11051057001,0.0952380952380952,0.4364357804719848,4.582575694955841,1,21,0.0476190476190476,白象萬用去漬霸,33.0,25.0,15.0,12375.0,6.64,12.0,1031.3,PCS,1.0,0.997243379277012,2.0,0.0,2,[2],[1],C,2,0.38,1,1.6691983546479605e-05,0
14102250001,50.19047619047619,25.570723586983313,0.5094736198545062,21,21,1.0,義美杏仁巧克力酥片（牛奶巧克力）,51.0,21.0,34.0,36414.0,4.54,10.0,3641.4,PCS,681.0,0.1454942417626372,1.536,1.375,1054,"[1, 2, 3, 4, 5, 6, 7, 8, 9, 11, 12]","[515, 92, 41, 16, 4, 7, 1, 2, 4, 1, 3]",A,11,200.76,21,0.0019696541130542,3
10035003001,16.476190476190474,18.233537911275057,1.1066598154242089,18,21,0.8571428571428571,味丹青草茶Pet1480ml,36.0,27.0,32.0,31104.0,19.62,12.0,2592.0,PCS,45.0,0.798076698721688,7.061,6.517,346,"[1, 2, 3, 4, 6, 9, 10, 12, 14, 15, 24]","[12, 8, 3, 3, 2, 2, 2, 11, 2, 1, 3]",C,15,65.9,6,0.0001001518976408,1
10040025001,48.42857142857143,24.3281142478644,0.502350441696315,21,21,1.0,悅氏天然水6000ml,34.0,17.0,35.0,20230.0,10.69,2.0,10115.0,PCS,286.0,0.3938101031649472,3.413,1.608,1017,"[1, 2, 3, 4, 6, 12]","[6, 105, 1, 177, 3, 6]",B,8,193.71,97,0.0018361181719228,3
34511006001,0.0952380952380952,0.4364357804719847,4.58257569495584,1,21,0.0476190476190476,F#2貓砂總動員,38.0,27.0,26.0,26676.0,13.76,4.0,6669.0,PCS,1.0,0.9997933367777204,2.0,0.0,2,[2],[1],C,2,0.38,1,1.6691983546479605e-05,0
11050050001,0.0952380952380952,0.4364357804719847,4.58257569495584,1,21,0.0476190476190476,綠活維洗碗精-檸檬香 洗碗精-檸檬香,30.0,19.0,20.0,11400.0,6.75,12.0,950.0,PCS,1.0,0.9972133797770036,2.0,0.0,2,[2],[1],C,2,0.38,1,1.6691983546479605e-05,0
10002911001,0.2857142857142857,1.3093073414159544,4.582575694955841,1,21,0.0476190476190476,樹頂蘋果氣泡飲320ml,40.0,27.0,12.0,12960.0,8.7,24.0,540.0,PCS,1.0,0.996906718221363,6.0,0.0,6,[6],[1],C,6,1.14,1,1.6691983546479605e-05,0
14502041001,185.0,129.45076284054875,0.6997338531921554,21,21,1.0,味味A肉骨茶麵(袋) 85g,40.0,31.0,13.0,16120.0,3.42,30.0,537.3,PCS,325.0,0.3551740804319928,11.068,11.461,3885,"[5, 10, 15, 20, 25, 30, 35, 40, 50, 60]","[217, 66, 3, 10, 10, 30, 5, 1, 1, 8]",B,42,740.0,25,0.0009180590859614,3
14500032001,20.714285714285715,14.68721504282843,0.7090379675848207,20,21,0.9523809523809524,維力手打包麵-清香雞汁75g,38.0,33.0,14.0,17556.0,3.18,30.0,585.2,PCS,68.0,0.7414609756504058,6.304,2.212,435,"[5, 10]","[51, 18]",C,9,82.86,3,0.0003338396782055,1
14616053001,0.1904761904761904,0.8728715609439697,4.582575694955841,1,21,0.0476190476190476,萬家香水果醋 595ml,32.0,25.0,26.0,20800.0,13.17,12.0,1733.3,PCS,1.0,0.9994233429442844,4.0,0.0,4,[4],[1],C,4,0.76,1,1.6691983546479605e-05,0
12122037001,0.0952380952380952,0.4364357804719847,4.58257569495584,1,21,0.0476190476190476,康乃馨清涼棉量多12片2入,42.0,26.0,21.0,22932.0,3.0,24.0,955.5,PCS,1.0,0.998853352444126,2.0,0.0,2,[2],[1],C,2,0.38,1,1.6691983546479605e-05,0
14112021001,6.571428571428571,4.79136127391192,0.7291201938561618,21,21,1.0,樂天小熊餅乾家庭號--草莓風味,58.0,26.0,24.0,36192.0,3.03,10.0,3619.2,PCS,111.0,0.6435359410676489,1.221,0.651,138,"[1, 2, 3, 6]","[96, 12, 4, 1]",C,2,26.29,3,0.0005341434734873,1
14500024001,53.714285714285715,55.46272879794399,1.0325508020893828,18,21,0.8571428571428571,台酒米酒麻油雞麵(碗)200g,49.0,35.0,15.0,25725.0,3.24,12.0,2143.8,PCS,76.0,0.7213579773670439,13.59,4.094,1128,"[12, 24]","[72, 11]",C,20,214.86,18,0.0001669198391027,1
14020053001,44.0,16.00312469488381,0.3637073794291774,21,21,1.0,品客原味洋芋片,30.0,30.0,23.0,20700.0,2.87,16.0,1293.8,PCS,458.0,0.2604856585723571,1.941,1.811,924,"[1, 2, 3, 4, 5, 6, 7, 8, 9, 10, 11, 12, 20]","[260, 132, 43, 10, 7, 11, 3, 2, 2, 2, 1, 2, 1]",B,7,176.0,11,0.0020030380692332,3
10033019001,62.714285714285715,31.32114757977884,0.4994260434133299,21,21,1.0,御茶園日式綠茶無糖Pet1250ml,36.0,27.0,31.0,30132.0,16.35,12.0,2511.0,PCS,145.0,0.585173580440326,8.78,7.882,1317,"[1, 2, 3, 4, 5, 6, 12, 14, 16, 18, 19, 21, 23, 24, 30]","[27, 21, 12, 6, 3, 15, 39, 1, 1, 2, 1, 1, 1, 19, 1]",C,18,250.86,21,0.0002003037952817,1
10020008001,12.952380952380953,22.3035337793727,1.7219640050250982,17,21,0.8095238095238095,UCC Aroma Brew 艾洛瑪黑咖啡Pet 525ml,44.0,29.0,20.0,25520.0,13.9,24.0,1063.3,PCS,31.0,0.8435059415676406,8.0,9.496,272,"[4, 8, 12, 16, 36, 48]","[24, 4, 1, 3, 1, 1]",C,19,51.81,3,8.345991955138743e-05,1
14503034001,24.285714285714285,14.167366929471608,0.583362167684125,20,21,0.9523809523809524,不倒翁海鮮烏龍拉麵(袋)120g,39.0,33.0,29.0,37323.0,5.57,40.0,933.1,PCS,93.0,0.6770920484658589,5.484,1.486,510,"[5, 10]","[84, 9]",C,8,97.14,3,0.0003338396782055,1
14504008001,47.142857142857146,33.45038970518238,0.7095537210190201,20,21,0.9523809523809524,維力素飄香-素排骨雞 90g,39.0,32.0,15.0,18720.0,3.31,30.0,624.0,PCS,123.0,0.6201796636722722,7.615,7.077,990,"[5, 10, 15, 20, 30, 50]","[98, 22, 2, 3, 3, 2]",C,16,188.57,7,0.0006176033639349,1
12220015001,31.142857142857142,17.292442610243686,0.5552619186775496,20,21,0.9523809523809524,得意廚房紙巾,31.0,21.0,22.0,14322.0,1.0,1.0,14322.0,PCS,82.0,0.7066382226962884,6.812,3.734,654,"[1, 2, 3, 5, 6, 7, 8, 16]","[12, 8, 4, 2, 3, 6, 54, 7]",C,12,124.57,125,0.0001001518976408,1
10031005001,878.8571428571429,409.9919859843953,0.466505835807992,21,21,1.0,御茶園特上紅茶250ml,35.0,20.0,11.0,7700.0,6.58,24.0,320.8,PCS,647.0,0.165217246379227,26.709,25.773,18456,"[6, 12, 18, 24, 30, 36, 42, 48, 66, 72, 120, 216, 534]","[132, 35, 24, 336, 4, 4, 2, 139, 1, 11, 1, 1, 1]",A,199,3515.43,147,0.0020864978432655,2
12020418001,0.0952380952380952,0.4364357804719848,4.582575694955841,1,21,0.0476190476190476,專科超微米卸蜜-新升級,15.0,10.0,23.0,3450.0,1.164,6.0,575.0,PCS,1.0,0.998370027166214,2.0,0.0,2,[2],[1],C,2,0.38,1,1.6691983546479605e-05,0
12123021001,0.3809523809523809,1.745743121887939,4.58257569495584,1,21,0.0476190476190476,靠得住晚安好眠褲 M,5.0,20.0,21.0,2100.0,0.072,1.0,2100.0,PCS,1.0,0.9988566857219048,8.0,0.0,8,[8],[1],C,8,1.52,2,1.6691983546479605e-05,0
12012086001,0.0952380952380952,0.4364357804719848,4.582575694955841,1,21,0.0476190476190476,妮維雅淡斑亮白青春精華凝乳,34.0,24.0,25.0,20400.0,4.7,12.0,1700.0,PCS,1.0,0.9981933634439426,2.0,0.0,2,[2],[1],C,2,0.38,1,1.6691983546479605e-05,0
14503003001,621.7142857142857,242.170630518472,0.389520775190557,21,21,1.0,來一客-鮮蝦魚板 63g,46.0,33.0,20.0,30360.0,3.0,24.0,1265.0,PCS,2477.0,0.0169363843935934,5.231,5.434,13056,"[1, 2, 3, 6, 9, 12, 15, 18, 21, 24, 27, 30, 33, 39, 48, 54]","[1, 1, 1424, 959, 4, 3, 4, 2, 1, 67, 6, 4, 1, 1, 16, 2]",A,42,2486.86,104,0.0021031899377703,2
10001009001,950.8571428571428,769.4040736644358,0.8091689476639199,21,21,1.0,黑松沙士245ml,40.0,27.0,10.0,10800.0,6.77,24.0,450.0,PCS,571.0,0.1833202779953667,34.309,18.887,19968,"[2, 22, 24, 46, 48, 72, 96, 120, 240]","[4, 3, 379, 1, 158, 27, 4, 5, 1]",A,160,3803.43,159,0.0012685908004641,2
11110032001,0.1904761904761904,0.8728715609439694,4.58257569495584,1,21,0.0476190476190476,毛寶柔軟精補充包防霉日光浴,36.0,34.0,33.0,40392.0,12.4,6.0,6732.0,PCS,1.0,0.9975233746104232,2.0,1.414,4,"[1, 3]","[1, 1]",C,6,0.76,1,1.6691983546479605e-05,0
14204061001,15.61904761904762,8.182152470323382,0.5238573227950946,21,21,1.0,小老板海苔棒棒捲-原味3.0g*9,51.0,26.0,26.0,34476.0,1.51,12.0,2873.0,PCS,174.0,0.5444142597623373,1.802,1.331,328,"[1, 2, 3, 4, 5, 6, 8, 10]","[100, 53, 13, 9, 3, 1, 2, 1]",C,4,62.48,6,0.000634295400232,1
10040020001,138.61904761904762,81.31572799309872,0.586612946703907,21,21,1.0,家福竹炭水600ml,41.0,28.0,24.0,27552.0,15.15,24.0,1148.0,PCS,90.0,0.6850185830236163,30.968,14.92,2911,"[1, 6, 12, 18, 24, 29, 30, 43, 48, 60]","[1, 5, 8, 1, 41, 3, 1, 3, 27, 4]",C,48,554.48,24,0.0004006075905635,1
14505013001,486.42857142857144,214.82052309511104,0.441628094468657,21,21,1.0,維力炸醬麵(包) 90g,35.0,32.0,14.0,15680.0,3.3,30.0,522.7,PCS,797.0,0.0997716704721587,12.473,12.556,10215,"[5, 10, 15, 20, 25, 30, 35, 40, 45, 50, 55, 60, 70]","[417, 236, 1, 5, 4, 121, 3, 3, 1, 3, 1, 23, 1]",A,96,1945.71,65,0.0020030380692332,2
11111011001,7.571428571428571,5.143650732421755,0.6793500967349488,20,21,0.9523809523809524,新奇漂白水 1500ml瓶裝,33.0,22.0,32.0,23232.0,11.05,6.0,3872.0,PCS,90.0,0.6853185780236996,1.747,0.926,159,"[1, 2, 3]","[53, 8, 30]",C,3,30.29,6,0.0001001518976408,1
14501012001,79.33333333333333,43.874062193206285,0.5530343973933566,21,21,1.0,滿漢大餐蔥燒牛肉(碗) 192g,50.0,36.0,15.0,27000.0,3.0,12.0,2250.0,PCS,572.0,0.1814169763837269,2.892,1.266,1666,"[2, 4, 10, 12, 18]","[333, 240, 1, 1, 1]",A,12,317.33,27,0.0019195780623704,3
14831022001,30.285714285714285,14.163837252463956,0.4676738715436212,21,21,1.0,遠洋牌香辣燒鰻100g,33.0,23.0,10.0,7590.0,3.734,24.0,316.3,PCS,129.0,0.6101531641139314,4.855,3.42,636,"[3, 6, 9, 12, 30]","[81, 36, 3, 10, 1]",C,9,121.14,6,0.0004339915758464,1
14506002001,6.142857142857143,4.040862708453657,0.6578148595157116,20,21,0.9523809523809524,農心爽口海鮮烏龍麵超值包120g x5,41.0,32.0,28.0,36736.0,5.66,8.0,4592.0,PCS,105.0,0.6586323561273979,1.194,0.398,129,"[1, 2]","[87, 21]",C,2,24.57,4,0.0003338396782055,1
10002007001,126.85714285714286,64.82459850572597,0.5110047179505426,21,21,1.0,芬達橘子汽水330ml,40.0,28.0,12.0,13440.0,8.89,24.0,560.0,PCS,200.0,0.5078782020299661,13.254,11.52,2664,"[6, 12, 18, 24, 48]","[118, 27, 4, 39, 13]",C,26,507.43,22,0.0008846751297824,3
14103009001,24.571428571428573,12.520269280536375,0.5095458428125269,21,21,1.0,孔雀餅乾,39.0,26.0,32.0,32448.0,4.92,8.0,4056.0,PCS,360.0,0.3197913368110531,1.365,1.179,516,"[1, 2, 3, 4, 5, 6, 7, 11, 13]","[313, 39, 10, 6, 4, 1, 3, 1, 1]",B,5,98.29,13,0.0009681350202299,3
10033003001,32.95238095238095,59.77162888066226,1.8138789111183635,19,21,0.9047619047619048,光泉冷泡茶春釀綠茶微甜Pet585,42.0,29.0,24.0,29232.0,15.95,24.0,1218.0,PCS,60.0,0.7606439892668455,10.485,12.309,692,"[4, 8, 12, 16, 20, 24, 44, 48]","[43, 6, 2, 2, 3, 5, 1, 4]",C,25,131.81,6,0.0002336877660127,1
12000178001,12.476190476190476,7.068373558457756,0.5665490256779118,20,21,0.9523809523809524,花王洗髮精清新沁涼型,40.0,24.0,22.0,21120.0,10.45,12.0,1760.0,PCS,113.0,0.6390493491775137,2.22,2.39,262,"[1, 2, 3, 4, 5, 6, 7, 10, 12]","[71, 18, 12, 5, 2, 4, 1, 1, 4]",C,5,49.9,5,0.0002670717367436,1
14362041001,7.380952380952381,5.598894448694228,0.7585598930488954,21,21,1.0,桂格三合一麥片--麥香原味,41.0,38.0,24.0,37392.0,8.49,20.0,1869.6,PCS,66.0,0.747230879485342,2.348,2.593,155,"[1, 2, 3, 4, 5, 9, 10, 12]","[35, 18, 3, 3, 2, 1, 2, 2]",C,6,29.52,2,0.0001502278464613,1
14602086001,0.0952380952380952,0.4364357804719848,4.582575694955841,1,21,0.0476190476190476,真好家黑胡椒粉(罐)210g,22.0,15.0,17.0,5610.0,1.7,6.0,935.0,PCS,1.0,0.9993600106664888,2.0,0.0,2,[2],[1],C,2,0.38,1,1.6691983546479605e-05,0
10033010001,79.33333333333333,63.428962890254894,0.7995247423141374,20,21,0.9523809523809524,黑松茶花綠茶 1230ml,35.0,26.0,31.0,28210.0,16.27,12.0,2350.8,PCS,121.0,0.623026282895285,13.118,9.459,1666,"[1, 2, 3, 4, 5, 6, 11, 12, 13, 16, 24, 29, 30, 32]","[16, 10, 4, 3, 1, 10, 1, 38, 1, 4, 30, 1, 4, 4]",C,24,317.33,27,0.0008345991955138,3
14023029001,41.23809523809524,23.623938625692293,0.5728668719856098,21,21,1.0,樂事波樂組合包,59.0,39.0,40.0,92040.0,3.69,12.0,7670.0,PCS,475.0,0.2433626106231562,1.753,1.849,866,"[1, 2, 3, 4, 5, 6, 7, 8, 9, 10, 11, 12, 16]","[347, 79, 24, 15, 10, 5, 1, 2, 1, 3, 1, 5, 1]",B,7,164.95,14,0.0019696541130542,3
14103018001,8.80952380952381,7.941152609155975,0.9014281340122998,21,21,1.0,盛香珍經典奶酥,40.0,38.0,26.0,39520.0,3.44,10.0,3952.0,PCS,128.0,0.6114331427809536,1.412,1.306,185,"[1, 2, 3, 6, 10, 11]","[102, 22, 4, 1, 1, 1]",C,3,35.24,4,0.0005174514953978,1
14242133001,3.9047619047619047,5.5218181960723935,1.4141241721648814,17,21,0.8095238095238095,機上嚴選-鋪物語米果(輕巧包)30包入,55.0,41.0,26.0,58630.0,6.004,8.0,7328.8,PCS,54.0,0.775713738104365,1.464,1.128,82,"[1, 2, 3, 4, 6]","[44, 6, 2, 2, 2]",C,3,15.62,2,0.0001335358683718,1
14120017001,5.761904761904762,5.467218322920366,0.948856072572956,19,21,0.9047619047619048,茱蒂絲雷蒙德巧克力夾心餅,41.0,31.0,22.0,27962.0,2.9,12.0,2330.2,PCS,71.0,0.7333577773703771,1.592,1.568,121,"[1, 2, 3, 4, 5, 9, 10]","[58, 9, 4, 1, 2, 1, 1]",C,4,23.05,2,0.000350531656295,1
10052046001,0.0952380952380952,0.4364357804719848,4.582575694955841,1,21,0.0476190476190476,果然好喝紅葡萄蘋果雙果酢360ml,26.0,20.0,26.0,13520.0,9.5,12.0,1126.7,PCS,1.0,0.9970367160547324,2.0,0.0,2,[2],[1],C,2,0.38,1,1.6691983546479605e-05,0
14203017001,58.476190476190474,24.933148713347553,0.4263812076386796,21,21,1.0,北海鱈魚香絲,53.0,34.0,33.0,59466.0,6.06,40.0,1486.7,PCS,683.0,0.14322427959534,1.769,1.641,1228,"[1, 2, 3, 4, 5, 6, 7, 8, 10, 11, 12, 16, 20]","[420, 172, 55, 19, 7, 8, 1, 4, 3, 1, 2, 1, 1]",A,13,233.9,6,0.0019195780623704,3
14011031001,20.857142857142858,19.594095320493143,0.9394429263250138,20,21,0.9523809523809524,多力多滋超濃起司迷你脆,43.0,31.0,20.0,26660.0,2.4,6.0,4443.3,PCS,315.0,0.3658339027682872,1.335,0.953,438,"[1, 2, 3, 4, 5, 6, 12]","[261, 50, 5, 6, 4, 1, 1]",B,4,83.43,14,0.0012685908004641,3
10031909001,1.1428571428571428,5.237229365663818,4.582575694955841,1,21,0.0476190476190476,KIRIN午後紅茶-無糖紅茶500ml,38.0,26.0,23.0,22724.0,12.81,24.0,946.8,PCS,1.0,0.996996716721388,24.0,0.0,24,[24],[1],C,24,4.57,1,1.6691983546479605e-05,0
14833010001,70.42857142857143,40.98728025689363,0.5819694965481853,21,21,1.0,新東陽辣味肉醬 160g,35.0,27.0,10.0,9450.0,5.5,24.0,393.8,PCS,290.0,0.3890235162747287,5.031,9.324,1479,"[3, 6, 9, 12, 24, 30, 48, 150]","[196, 79, 9, 5, 2, 1, 1, 1]",B,29,281.71,12,0.0008512911736033,3
14204022001,0.0952380952380952,0.4364357804719848,4.582575694955841,1,21,0.0476190476190476,橘平屋日式海苔細片,52.0,40.0,40.0,83200.0,5.5,20.0,4160.0,PCS,1.0,0.999090015166414,2.0,0.0,2,[2],[1],C,2,0.38,1,1.6691983546479605e-05,0
11032225001,0.0952380952380952,0.4364357804719847,4.58257569495584,1,21,0.0476190476190476,奇蒂可-珪藻土除濕除臭防潮塊 橢圓60g 珪藻土橢圓,32.0,15.0,13.0,6240.0,1.45,20.0,312.0,PCS,1.0,0.9971800469992168,2.0,0.0,2,[2],[1],C,2,0.38,1,1.6691983546479605e-05,0
10023087001,0.1904761904761904,0.8728715609439694,4.58257569495584,1,21,0.0476190476190476,白蘭氏冰糖燕窩68mlx6,36.0,25.0,17.0,15300.0,9.18,8.0,1912.5,PCS,1.0,0.9969833836102732,4.0,0.0,4,[4],[1],C,4,0.76,1,0.0,0
11050111001,0.1428571428571428,0.6546536707079772,4.582575694955841,1,21,0.0476190476190476,洗寶環保洗潔精 洗寶環保洗潔精,42.0,23.0,26.0,25116.0,13.34,12.0,2093.0,PCS,1.0,0.9972300461658972,3.0,0.0,3,[3],[1],C,3,0.57,1,1.6691983546479605e-05,0
10014023001,237.1428571428571,188.9630349338954,0.7968320750224505,21,21,1.0,優鮮沛綜合果汁蔓越莓TP250ml,35.0,21.0,11.0,8085.0,6.64,24.0,336.9,PCS,219.0,0.4847685871902135,20.75,14.363,4980,"[6, 12, 18, 24, 30, 36, 42, 48, 96]","[76, 19, 15, 89, 4, 2, 5, 29, 1]",B,60,948.57,40,0.0008012151811271,3
10002071001,43.80952380952381,23.029587594264576,0.5256753689995175,21,21,1.0,金車奧利多水Pet585ml,42.0,28.0,25.0,29400.0,15.95,24.0,1225.0,PCS,147.0,0.5827336211063149,6.216,4.409,920,"[4, 8, 12, 16, 20, 24]","[102, 29, 9, 2, 1, 5]",C,11,175.24,8,0.0004673755320254,1
12005072003,0.0952380952380952,0.4364357804719848,4.582575694955841,1,21,0.0476190476190476,卡樂芙優質染髮霜 野莓紅,32.0,20.0,20.0,12800.0,2.8,12.0,1066.7,PCS,1.0,0.9979100348327528,2.0,0.0,2,[2],[1],C,2,0.38,1,1.6691983546479605e-05,0
10030005001,23.0,19.362334569984064,0.841840633477568,20,21,0.9523809523809524,開喜凍頂烏龍茶有糖Pet1500ml,38.0,28.0,32.0,34048.0,19.37,12.0,2837.3,PCS,56.0,0.7702171630472825,7.667,7.322,483,"[1, 2, 3, 4, 6, 8, 10, 11, 12, 18, 24]","[13, 10, 5, 5, 3, 3, 2, 1, 13, 1, 7]",C,17,92.0,8,0.0001001518976408,1
14105129001,5.380952380952381,4.3298520814941295,0.8046627762068735,20,21,0.9523809523809524,LOTTE Pepero 白巧克力棒分享盒,36.0,34.0,18.0,22032.0,2.28,9.0,2448.0,PCS,75.0,0.7236146064232263,1.449,1.028,113,"[1, 2, 3, 4, 6]","[59, 12, 2, 3, 2]",C,3,21.52,3,0.0003672236343845,1
14243058001,6.380952380952381,5.554063291646851,0.870412903914805,20,21,0.9523809523809524,萬歲牌珍珠開心果,34.0,24.0,13.0,10608.0,2.24,12.0,884.0,PCS,75.0,0.7243645939234347,1.696,1.697,134,"[1, 2, 3, 4, 5, 7, 10]","[57, 11, 5, 2, 1, 1, 2]",C,4,25.52,3,0.0002169957879232,1
15021003001,83.42857142857143,117.12923265716866,1.4039462818496242,20,21,0.9523809523809524,福樂香蕉牛乳,32.0,18.0,12.0,6912.0,5.33,24.0,288.0,PCS,72.0,0.7316978050365828,22.177,16.258,1752,"[6, 12, 18, 24, 30, 36, 42, 48, 66, 72]","[24, 9, 5, 23, 1, 2, 1, 12, 1, 1]",C,42,333.71,14,0.0002503797586541,1
14506898001,22.61904761904762,12.611408289624878,0.5575569980676262,21,21,1.0,阿舍食堂外省乾麵油蔥95g,43.0,35.0,34.0,51170.0,9.21,80.0,639.6,PCS,78.0,0.7170180496991717,6.013,2.022,475,"[5, 10]","[63, 16]",C,9,90.48,2,0.0002169957879232,1
12011322001,0.0952380952380952,0.4364357804719847,4.58257569495584,1,21,0.0476190476190476,莎啦莎啦沐浴乳櫻花彈力補充包,39.0,26.0,27.0,27378.0,10.446,12.0,2281.5,PCS,2.0,0.9939167680538658,1.0,0.0,2,[1],[2],C,1,0.38,1,3.338396709295921e-05,0
10031013001,648.0,371.5594165136983,0.5733941612865715,21,21,1.0,統一麥香紅茶TP375ml,40.0,20.0,14.0,11200.0,9.82,24.0,466.7,PCS,713.0,0.1246179230346161,18.692,13.908,13608,"[6, 12, 18, 24, 30, 36, 42, 48, 60, 72, 84, 96]","[255, 100, 13, 286, 2, 3, 2, 55, 1, 9, 1, 1]",A,111,2592.0,108,0.0020197299309074,2
14101004001,6.0476190476190474,4.499735441958677,0.7440507423711199,20,21,0.9523809523809524,可口奶滋葡萄量販包,33.0,28.0,38.0,35112.0,8.1,12.0,2926.0,PCS,86.0,0.6985283578607023,1.46,1.274,127,"[1, 2, 3, 4, 5, 10]","[70, 7, 5, 2, 2, 1]",C,3,24.19,3,0.0002336877660127,1
30045079001,0.1904761904761904,0.8728715609439694,4.58257569495584,1,21,0.0476190476190476,Glolux10瓦LED廣角高亮度燈泡-白,38.0,32.0,26.0,31616.0,4.0,60.0,526.9,PCS,1.0,0.9996100064998916,4.0,0.0,4,[4],[1],C,4,0.76,1,1.6691983546479605e-05,0
15022015001,25.714285714285715,23.171410956484408,0.9011104260855048,18,21,0.8571428571428571,國農麥胚芽調味牛乳,36.0,24.0,13.0,11232.0,6.29,24.0,468.0,PCS,41.0,0.8138064365593907,12.857,9.33,540,"[6, 12, 18, 24, 48]","[22, 7, 2, 10, 1]",C,23,102.86,5,0.0002003037952817,1
12020101001,0.0952380952380952,0.4364357804719848,4.582575694955841,1,21,0.0476190476190476,露得清洗面露,26.0,24.0,19.0,11856.0,5.47,24.0,494.0,PCS,1.0,0.9983000283328612,2.0,0.0,2,[2],[1],C,2,0.38,1,1.6691983546479605e-05,0
11040010001,13.428571428571429,7.645727098003358,0.5693626562342926,21,21,1.0,潔霜S浴廁清潔劑,36.0,21.0,29.0,21924.0,8.6,12.0,1827.0,PCS,101.0,0.663445609239846,2.686,1.354,282,"[1, 2, 3, 4, 6]","[3, 75, 1, 15, 11]",C,5,53.71,5,0.0002003037952817,1
14242012001,8.523809523809524,5.8362577703443455,0.684700632275035,20,21,0.9523809523809524,盛香珍蒜香青豆,40.0,30.0,19.0,22800.0,3.258,10.0,2280.0,PCS,108.0,0.6519324677922035,1.627,1.21,179,"[1, 2, 3, 5, 6, 10]","[68, 29, 9, 2, 1, 1]",C,3,34.1,4,0.0004172995977569,1
31531171001,0.4761904761904761,2.182178902359924,4.582575694955841,1,21,0.0476190476190476,OP天然棉紗布(3片入),33.0,20.0,17.0,11220.0,1.14,12.0,935.0,PCS,1.0,0.9996633389443508,10.0,0.0,10,[10],[1],C,10,1.9,1,1.6691983546479605e-05,0
14620021001,4.333333333333333,4.29340579648993,0.9907859530361376,21,21,1.0,統一龜甲萬甘甜醬油 500ml,32.0,25.0,26.0,20800.0,11.13,12.0,1733.3,PCS,59.0,0.7660005666572224,1.517,1.321,91,"[1, 2, 3, 4, 7, 8]","[46, 8, 2, 2, 1, 1]",C,3,17.33,2,0.0002003037952817,1
14010011001,43.80952380952381,23.38294046440492,0.5337410323396775,21,21,1.0,真魷味歡樂包--紅燒口味,51.0,42.0,24.0,51408.0,2.01,6.0,8568.0,PCS,525.0,0.2070432159464009,1.628,1.357,920,"[1, 2, 3, 4, 5, 6, 7, 8, 10, 11]","[403, 87, 24, 18, 17, 9, 3, 1, 2, 1]",B,6,175.24,30,0.0019529620185494,3
12234916001,0.0952380952380952,0.4364357804719847,4.58257569495584,1,21,0.0476190476190476,幫寶適超薄乾爽拉拉褲XXL號,44.0,40.0,27.0,47520.0,5.25,6.0,7920.0,PCS,1.0,0.9989600173330444,2.0,0.0,2,[2],[1],C,2,0.38,1,1.6691983546479605e-05,0
10033070001,196.76190476190476,169.5623498191461,0.8617641205716525,21,21,1.0,黑松茶花綠茶-無糖Pet580ml,42.0,28.0,24.0,28224.0,15.46,24.0,1176.0,PCS,182.0,0.5283845269245513,22.579,17.461,4132,"[4, 8, 12, 16, 24, 36, 48, 52, 64, 72]","[47, 20, 4, 4, 67, 2, 32, 2, 1, 4]",C,41,787.05,33,0.0018194261938333,3
14361106001,22.0,10.554619841567009,0.4797554473439549,21,21,1.0,桂格鮮榖王堅果多穀飲,47.0,34.0,26.0,41548.0,5.19,12.0,3462.3,PCS,183.0,0.5277778703688272,2.357,1.342,462,"[1, 2, 3, 4, 6, 7, 12]","[19, 147, 4, 13, 11, 1, 1]",C,4,88.0,8,0.0006509873783215,1
10041006001,34.476190476190474,51.82240736169928,1.5031361251321615,18,21,0.8571428571428571,舒味思伯爵紅茶風味氣泡水PET500ml,40.0,26.0,22.0,22880.0,12.85,24.0,953.3,PCS,50.0,0.7842269295511741,14.48,14.986,724,"[4, 8, 24, 48]","[27, 5, 12, 6]",C,31,137.9,6,0.0001001518976408,1
12000092001,0.0952380952380952,0.4364357804719848,4.582575694955841,1,21,0.0476190476190476,黛絲恩完美柔順極潤修護洗髮精 完美柔順洗髮精,28.0,19.0,23.0,12236.0,6.6,12.0,1019.7,PCS,1.0,0.997593373443776,2.0,0.0,2,[2],[1],C,2,0.38,1,1.6691983546479605e-05,0
14852904001,1.1428571428571428,5.237229365663818,4.582575694955841,1,21,0.0476190476190476,好一頓狗罐頭(雞肉口味),48.0,33.0,14.0,22176.0,12.7,24.0,924.0,PCS,1.0,0.9995800069998834,24.0,0.0,24,[24],[1],C,24,4.57,1,0.0,0
14620907001,23.0,12.489995996796797,0.5430433042085564,21,21,1.0,四季釀造醬油1600ml,33.0,23.0,28.0,21252.0,12.22,6.0,3542.0,PCS,251.0,0.4356027399543341,1.851,2.427,483,"[1, 2, 3, 4, 5, 6, 12, 30]","[172, 53, 14, 7, 3, 7, 4, 1]",B,9,92.0,16,0.0007177552906796,1
10040089001,0.9523809523809524,4.364357804719848,4.582575694955841,1,21,0.0476190476190476,天泉溫泉水(鹼性軟水)PET600ml,35.0,29.0,20.0,20300.0,13.2,20.0,1015.0,PCS,1.0,0.9970167163880602,20.0,0.0,20,[20],[1],C,20,3.81,1,1.6691983546479605e-05,0
11111023001,0.1428571428571428,0.6546536707079772,4.582575694955841,1,21,0.0476190476190476,白鴿殺菌漂白素,26.0,18.0,26.0,12168.0,6.7,6.0,2028.0,PCS,2.0,0.9931634472758788,1.5,0.707,3,"[1, 2]","[1, 1]",C,3,0.57,1,1.6691983546479605e-05,0
11061071001,7.333333333333333,3.902990306589722,0.5322259508985985,20,21,0.9523809523809524,百利細緻餐具海綿菜瓜布6片裝,42.0,39.0,30.0,49140.0,1.82,20.0,2457.0,PCS,116.0,0.6329361177313712,1.294,0.796,154,"[1, 2, 3, 5]","[97, 17, 1, 4]",C,3,29.33,2,0.0001669198391027,1
12201898001,526.3809523809524,402.6202275334011,0.7648837324227811,20,21,0.9523809523809524,可麗舒抽取衛生紙100抽,19.0,10.0,8.0,1550.0,1.0,1.0,1550.4,PCS,158.0,0.5685505241579307,56.398,38.122,11054,"[14, 24, 48, 72, 96, 120, 144]","[1, 82, 34, 51, 5, 1, 22]",C,110,2105.52,2106,0.0001836118171922,2
10031017001,205.71428571428572,113.22594351876378,0.5504038921051017,21,21,1.0,阿薩姆紅茶300ml,35.0,21.0,13.0,9555.0,7.82,24.0,398.1,PCS,134.0,0.600123331277812,30.0,10.429,4320,"[24, 48]","[108, 36]",C,44,822.86,35,0.000383915612474,1
12103154001,0.3809523809523809,1.7457431218879391,4.582575694955841,1,21,0.0476190476190476,日本獅王固齒佳薄深潔牙刷-小頭 薄深潔-小頭,26.0,19.0,26.0,12844.0,1.09,48.0,267.6,PCS,1.0,0.9987333544440926,8.0,0.0,8,[8],[1],C,8,1.52,1,1.6691983546479605e-05,0
14501013001,169.0,256.0765510545626,1.515245864228181,21,21,1.0,統一阿Q紅椒牛肉(碗) 101g,42.0,28.0,22.0,25872.0,2.5,12.0,2156.0,PCS,369.0,0.3100914984750254,9.266,15.708,3549,"[3, 6, 9, 12, 15, 18, 24, 30, 36, 102]","[196, 79, 2, 66, 1, 3, 23, 1, 3, 9]",B,50,676.0,57,0.0018361181719228,3
14508899001,33.857142857142854,44.54917026644347,1.3157982779118325,21,21,1.0,龍口新竹炊粉200g,55.0,38.0,53.0,110770.0,11.51,48.0,2307.7,PCS,111.0,0.6442759287345211,5.975,6.506,711,"[3, 6, 9, 12, 15, 18, 21, 36, 39, 42]","[73, 24, 10, 4, 1, 2, 2, 1, 1, 1]",C,14,135.43,3,0.0003672236343845,1
14830002001,33.57142857142857,38.92630399687521,1.1595069275664958,20,21,0.9523809523809524,遠洋三明治鮪魚 110g,31.0,24.0,9.0,6696.0,3.62,24.0,279.0,PCS,105.0,0.6593323444609257,6.295,7.501,705,"[3, 6, 9, 12, 18, 21, 36, 66]","[66, 20, 12, 7, 4, 1, 1, 1]",C,15,134.29,6,0.0002670717367436,1
10040048001,131.85714285714286,343.2533008893411,2.6032211335052957,11,21,0.5238095238095238,多喝水微鹼性竹炭離子水Pet2000ml,38.0,22.0,31.0,25916.0,17.0,8.0,3239.5,PCS,109.0,0.6483091948467525,23.075,13.668,2769,"[1, 7, 8, 16, 24, 32, 33, 40, 48]","[2, 6, 20, 31, 27, 6, 5, 5, 18]",C,40,527.43,66,5.007594882044941e-05,1
12121064001,8.380952380952381,4.364357804719848,0.5207472380631637,21,21,1.0,靠得住喵掌包衛生棉24cm 12片入,24.0,9.0,12.0,2592.0,1.0,1.0,2592.0,PCS,168.0,0.550120831319478,1.041,0.228,176,"[1, 2, 3]","[163, 5, 1]",C,2,33.52,34,0.0015523544279858,3
12004046001,0.0952380952380952,0.4364357804719848,4.582575694955841,1,21,0.0476190476190476,沙宣強力定型慕絲,19.0,14.0,20.0,5320.0,2.48,12.0,443.3,PCS,1.0,0.9978467025549574,2.0,0.0,2,[2],[1],C,2,0.38,1,1.6691983546479605e-05,0
14133030001,9.952380952380953,5.103686809319225,0.51281063634308,20,21,0.9523809523809524,義美小蛋捲-芝麻,40.0,23.0,37.0,34040.0,2.65,12.0,2836.7,PCS,104.0,0.6603723271278812,1.883,1.994,209,"[1, 2, 3, 4, 5, 10, 12]","[70, 24, 7, 4, 2, 2, 2]",C,5,39.81,4,0.0005842194077558,1
14011006001,12.476190476190476,6.5316081298486335,0.5235258424687836,21,21,1.0,多力多滋黃金起司,51.0,28.0,27.0,38556.0,2.03,12.0,3213.0,PCS,129.0,0.6075732071132148,1.885,1.766,262,"[1, 2, 3, 4, 5, 6, 8, 9, 10]","[83, 37, 5, 4, 3, 1, 3, 1, 2]",C,4,49.9,5,0.0005007595173083,1
11070040001,0.2857142857142857,1.3093073414159542,4.58257569495584,1,21,0.0476190476190476,金龍自動噴霧殺蟲劑 自動噴霧殺蟲劑,43.0,39.0,26.0,43602.0,12.23,24.0,1816.8,PCS,1.0,0.9972867118881352,6.0,0.0,6,[6],[1],C,6,1.14,1,1.6691983546479605e-05,0
14223003001,17.857142857142858,11.257378532703404,0.6304131978313906,21,21,1.0,森永嗨啾夾心軟糖 (家庭號)300g,47.0,28.0,18.0,23688.0,3.89,10.0,2368.8,PCS,242.0,0.4486758554024099,1.512,1.344,375,"[1, 2, 3, 4, 5, 6, 10, 12]","[192, 30, 9, 6, 4, 5, 1, 1]",B,5,71.43,8,0.0008512911736033,3
10021008001,1354.2857142857142,981.4469492976756,0.724697114460309,21,21,1.0,舒跑TP250ml,35.0,20.0,11.0,7700.0,6.58,24.0,320.8,PCS,756.0,0.1074948750854152,36.602,35.575,28440,"[6, 12, 18, 24, 30, 48, 72, 96, 144, 624, 720]","[3, 1, 3, 442, 2, 302, 13, 8, 1, 1, 1]",A,272,5417.14,226,0.0018194261938333,2
14020008001,7.095238095238095,5.06857733397412,0.7143632484124599,20,21,0.9523809523809524,滿天星原味40g,41.0,22.0,26.0,23452.0,0.97,12.0,1954.3,PCS,92.0,0.6792486791886801,1.62,1.316,149,"[1, 2, 3, 4, 5, 6, 8]","[60, 25, 1, 1, 2, 1, 2]",C,3,28.38,3,0.000383915612474,1
14000021001,4.857142857142857,4.126568965687042,0.8495877282296852,20,21,0.9523809523809524,北田蒟蒻糙米捲 -巧克力口味,46.0,28.0,14.0,18032.0,2.69,12.0,1502.7,PCS,72.0,0.7300178330361161,1.417,0.801,102,"[1, 2, 3, 5]","[53, 10, 8, 1]",C,3,19.43,2,0.0004006075905635,1
11050020001,6.523809523809524,4.955996848455895,0.7596783490333854,20,21,0.9523809523809524,泡舒檸檬抗菌精油洗潔精補充包,37.0,30.0,28.0,31080.0,10.42,12.0,2590.0,PCS,74.0,0.7266012233129447,1.803,1.307,137,"[1, 2, 3, 4, 5, 6, 8]","[43, 20, 6, 3, 2, 1, 1]",C,4,26.1,3,0.0001669198391027,1
15022017001,88.28571428571429,71.60247401950777,0.8110312591206381,20,21,0.9523809523809524,光泉調味乳-珍穀堅果牛乳,33.0,16.0,13.0,6864.0,5.3,24.0,286.0,PCS,79.0,0.7151947467542208,21.558,20.752,1854,"[6, 12, 18, 24, 30, 48, 54, 60, 66, 84, 96, 120]","[32, 8, 4, 29, 1, 6, 1, 1, 1, 1, 1, 1]",C,45,353.14,15,0.0001335358683718,1
10032064001,154.0,119.824872209404,0.7780835857753506,19,21,0.9047619047619048,午后時光伯爵奶茶250ml,34.0,20.0,11.0,7480.0,6.1,24.0,311.7,PCS,155.0,0.5716738054365761,19.482,13.086,3234,"[6, 12, 18, 24, 48, 72]","[51, 16, 4, 82, 10, 3]",C,35,616.0,26,0.0006009113858453,1
10022030001,95.42857142857144,59.21196790225049,0.6204846935864572,20,21,0.9523809523809524,金車奧利多Can240ml,33.0,22.0,14.0,10164.0,6.53,24.0,423.5,PCS,149.0,0.5792736787720205,13.36,10.523,2004,"[6, 12, 24, 48, 54]","[81, 24, 39, 5, 1]",C,25,381.71,16,0.0004006075905635,1
14311015001,0.1904761904761904,0.8728715609439697,4.582575694955841,1,21,0.0476190476190476,摩卡現在最好四合一特濃拿鐵,46.0,40.0,23.0,42320.0,8.96,20.0,2116.0,PCS,1.0,0.9991966800553324,4.0,0.0,4,[4],[1],C,4,0.76,1,1.6691983546479605e-05,0
14204048001,7.428571428571429,6.360592964271716,0.8562336682673464,20,21,0.9523809523809524,Konomi相撲手脆紫菜海苔-原味,68.0,45.0,26.0,79560.0,3.22,48.0,1657.5,PCS,61.0,0.7590340160997316,2.438,2.557,156,"[1, 2, 3, 4, 5, 6, 7, 11, 12]","[36, 11, 3, 5, 3, 2, 1, 1, 2]",C,6,29.71,1,0.0001669198391027,1
14002006001,0.5714285714285714,2.618614682831909,4.582575694955841,1,21,0.0476190476190476,家福咖哩方塊酥,46.0,35.0,30.0,48300.0,6.29,12.0,4025.0,PCS,1.0,0.999043349277512,12.0,0.0,12,[12],[1],C,12,2.29,1,1.6691983546479605e-05,0
14504028001,42.142857142857146,47.94714351688296,1.1377288292141718,19,21,0.9047619047619048,維力素飄香-素紅燒牛肉 85g,39.0,33.0,15.0,19305.0,3.32,30.0,643.5,PCS,101.0,0.6647922534624423,8.349,7.455,885,"[5, 10, 15, 20, 25, 30, 35, 50]","[72, 24, 1, 2, 2, 2, 2, 1]",C,17,168.57,6,0.0006176033639349,1
14010187001,9.285714285714286,5.051166767617727,0.5439718057434475,21,21,1.0,KAKA魷魚捲片-台式鹽酥,55.0,37.0,24.0,48840.0,2.21,16.0,3052.5,PCS,93.0,0.6764720587990201,2.031,0.57,195,"[1, 2, 3, 4, 6]","[6, 86, 1, 2, 1]",C,3,37.14,3,0.0002670717367436,1
12120090001,0.0952380952380952,0.4364357804719847,4.58257569495584,1,21,0.0476190476190476,蘇菲極淨肌天然棉護墊,41.0,23.0,24.0,22632.0,2.42,36.0,628.7,PCS,1.0,0.9988433526107898,2.0,0.0,2,[2],[1],C,2,0.38,1,1.6691983546479605e-05,0
14131027001,25.761904761904763,19.117805213739267,0.7420959509954244,21,21,1.0,義美牛奶夾心酥經濟包,56.0,26.0,23.0,33488.0,3.93,8.0,4186.0,PCS,305.0,0.3751070815486408,1.691,2.088,541,"[1, 2, 3, 4, 5, 6, 7, 8, 10, 12, 30]","[225, 56, 15, 10, 3, 5, 2, 1, 1, 1, 1]",B,8,103.05,13,0.0011684388155117,3
12103139001,0.0952380952380952,0.4364357804719848,4.582575694955841,1,21,0.0476190476190476,獅王細潔全罩顧加護牙刷 全罩顧加護,39.0,25.0,31.0,30225.0,1.81,48.0,629.7,PCS,1.0,0.9987233546107565,2.0,0.0,2,[2],[1],C,2,0.38,1,1.6691983546479605e-05,0
14000197001,53.0,25.0019999200064,0.4717358475472906,21,21,1.0,萬歲牌米果綜合果辣味,46.0,30.0,29.0,40020.0,3.46,12.0,3335.0,PCS,482.0,0.2369993833436109,2.217,0.974,1113,"[1, 2, 3, 4, 6, 8, 10]","[27, 421, 8, 34, 8, 2, 2]",B,5,212.0,18,0.0013353587128221,3
10000026001,344.3809523809524,162.8245915672679,0.4728037089204405,21,21,1.0,可口可樂Can 235ml,34.0,22.0,14.0,10472.0,6.62,24.0,436.3,PCS,506.0,0.2156430726154564,14.236,10.831,7232,"[8, 16, 24, 32, 40, 48, 64, 72, 96]","[312, 100, 49, 20, 8, 16, 1, 1, 1]",B,43,1377.52,58,0.0016525064129382,3
31533008001,11.571428571428571,5.929345904662914,0.5124126090449432,21,21,1.0,檸檬酸500g,31.0,25.0,20.0,15500.0,7.87,15.0,1033.3,PCS,109.0,0.6508524857919035,2.113,0.835,243,"[1, 2, 3, 4, 6]","[11, 94, 2, 5, 3]",C,4,46.29,4,0.0003004556929226,1
10040010001,110.28571428571428,81.24354919447012,0.7366643061674751,20,21,0.9523809523809524,味丹多喝水600ml,41.0,27.0,24.0,26568.0,15.72,24.0,1107.0,PCS,80.0,0.7104248262528958,28.95,13.46,2316,"[6, 12, 24, 48, 54, 60]","[7, 2, 49, 20, 1, 1]",C,43,441.14,19,0.0001335358683718,1
10040037001,11.80952380952381,7.040021644988371,0.5961308650998217,20,21,0.9523809523809524,家福竹炭水6000ml,36.0,18.0,35.0,22680.0,12.55,2.0,11340.0,PCS,81.0,0.7082715288078532,3.062,1.004,248,"[2, 4]","[38, 43]",C,5,47.24,24,0.0007177552906796,1
14130010001,9.904761904761903,8.030596253733355,0.8107813525403869,21,21,1.0,77新貴派好事花生綜合箱,29.0,13.0,24.0,9048.0,0.8,1.0,9048.0,PCS,162.0,0.5611106481558641,1.175,0.509,208,"[1, 2, 3, 4]","[155, 14, 7, 1]",C,2,39.62,40,0.0005675274296663,1
12103126001,0.0952380952380952,0.4364357804719848,4.582575694955841,1,21,0.0476190476190476,黑人淨白去漬牙刷 淨白去漬,32.0,22.0,26.0,18304.0,1.56,48.0,381.3,PCS,1.0,0.9987133547774204,2.0,0.0,2,[2],[1],C,2,0.38,1,1.6691983546479605e-05,0
10021012001,261.14285714285717,291.38398818642827,1.115803018219364,21,21,1.0,舒跑(中)Can335ml,41.0,27.0,13.0,14391.0,8.77,24.0,599.6,PCS,147.0,0.5837136047732537,37.306,35.804,5484,"[6, 12, 24, 48, 54, 72, 96, 144, 264]","[25, 2, 68, 34, 1, 4, 6, 6, 1]",C,75,1044.57,44,0.0003672236343845,1
10041087001,1.1428571428571428,5.237229365663818,4.582575694955841,1,21,0.0476190476190476,悅氏礦泉氣泡水PET520ml,42.0,28.0,23.0,27048.0,14.0,24.0,1127.0,PCS,1.0,0.9970333827769536,24.0,0.0,24,[24],[1],C,24,4.57,1,1.6691983546479605e-05,0
14010094001,8.761904761904763,5.476356105155707,0.6250189033058143,21,21,1.0,小王子麵-普羅旺斯羅勒香椿,34.0,29.0,16.0,15776.0,2.57,6.0,2629.3,PCS,120.0,0.6258462358960684,1.508,0.99,184,"[1, 2, 3, 4, 6]","[84, 25, 8, 2, 3]",C,3,35.05,6,0.0004172995977569,1
12102152001,2.4285714285714284,2.270934357735348,0.9350906178910258,18,21,0.8571428571428571,牙周適深層潔淨80克3入加贈行李收納袋,33.0,23.0,24.0,18216.0,4.73,12.0,1518.0,PCS,31.0,0.8446425892901785,1.645,1.199,51,"[1, 2, 3, 4, 6]","[21, 5, 2, 2, 1]",C,3,9.71,1,3.338396709295921e-05,1
12201084001,64.85714285714286,146.78803960619058,2.263251711989722,20,21,0.9523809523809524,家樂福優質抽取式衛生紙,78.0,48.0,39.0,146016.0,11.77,4.0,36504.0,PCS,261.0,0.4211196480058665,4.127,7.662,1362,"[1, 2, 3, 4, 5, 6, 7, 8, 9, 10, 12, 42]","[118, 87, 6, 78, 2, 2, 1, 19, 1, 1, 3, 12]",B,25,259.43,65,0.0003672236343845,1
14001090001,29.571428571428573,15.07505034343643,0.5097843111307006,21,21,1.0,天然屋胡椒亞麻仁蘇打餅,61.0,33.0,29.0,58377.0,5.18,12.0,4864.8,PCS,256.0,0.4271562140630989,2.317,1.324,621,"[1, 2, 3, 4, 6, 8, 10, 12]","[18, 219, 1, 18, 6, 4, 1, 1]",B,6,118.29,10,0.0006176033639349,1
14361907001,2.047619047619047,3.073697943458181,1.501108297967949,17,21,0.8095238095238095,桂格全天然超級穀珍黑穀堅果,48.0,34.0,31.0,50592.0,3.9,15.0,3372.8,PCS,24.0,0.8729754504091598,1.792,2.604,43,"[1, 2, 8, 12]","[21, 1, 1, 1]",C,5,8.19,1,0.0001335358683718,1
14121173001,6.571428571428571,3.956910771946072,0.602138595730924,20,21,0.9523809523809524,義美法蘭酥(咖啡),45.0,26.0,19.0,22230.0,2.59,12.0,1852.5,PCS,98.0,0.6707454875752071,1.366,0.857,138,"[1, 2, 3, 5, 7]","[76, 19, 4, 1, 1]",C,3,26.29,3,0.000383915612474,1
35307905001,0.0952380952380952,0.4364357804719848,4.582575694955841,1,21,0.0476190476190476,(平)FUCHS TITAN GT1 PRO C3 5W30,60.0,26.0,23.0,35880.0,20.0,20.0,1794.0,PCS,1.0,0.99982000299995,2.0,0.0,2,[2],[1],C,2,0.38,1,1.6691983546479605e-05,0
10030012001,27.761904761904763,22.65591481689663,0.8160792644165167,20,21,0.9523809523809524,悅氏黃金烏龍茶無糖Pet2000ml,35.0,24.0,31.0,26040.0,17.06,8.0,3255.0,PCS,82.0,0.7058182363627273,6.337,6.061,583,"[1, 2, 3, 4, 5, 6, 7, 8, 12, 16, 24]","[20, 18, 8, 1, 3, 3, 2, 20, 3, 10, 4]",C,14,111.05,14,0.0004506835539359,1
14621021001,16.952380952380953,67.69820986590132,3.993433728044741,11,21,0.5238095238095238,金蘭油膏 590ml,30.0,22.0,25.0,16500.0,8.97,12.0,1375.0,PCS,22.0,0.8843552607456543,9.622,7.672,356,"[2, 6, 10, 12, 24]","[14, 1, 7, 9, 6]",C,25,67.81,6,5.007594882044941e-05,0
12014022001,0.0952380952380952,0.4364357804719848,4.582575694955841,1,21,0.0476190476190476,我的心機大馬士革美白嫩膚足膜,28.0,25.0,14.0,9800.0,1.46,20.0,490.0,PCS,1.0,0.9982366960550656,2.0,0.0,2,[2],[1],C,2,0.38,1,1.6691983546479605e-05,0
14615082001,5.380952380952381,6.815249008482305,1.266550700691402,18,21,0.8571428571428571,MC TRADER 100％冷壓酪梨油1L,32.0,25.0,33.0,26400.0,18.9,12.0,2200.0,PCS,46.0,0.7970133831102815,2.404,2.133,113,"[1, 2, 3, 4, 5, 6, 12]","[24, 7, 6, 3, 3, 3, 1]",C,5,21.52,2,0.0001502278464613,1
10032006001,940.8571428571428,719.904041224543,0.7651576508611905,21,21,1.0,立頓奶茶TP250ml,34.0,20.0,11.0,7480.0,6.61,24.0,311.7,PCS,694.0,0.136351060815653,27.177,19.371,19758,"[6, 12, 18, 24, 30, 36, 48, 54, 60, 66, 72, 84, 96]","[158, 46, 16, 322, 4, 1, 129, 1, 3, 4, 30, 1, 12]",A,156,3763.43,157,0.0013353587128221,2
14510031001,0.1428571428571428,0.6546536707079772,4.582575694955841,1,21,0.0476190476190476,天生好米花東一等米(圓一)2.4kg,35.0,24.0,5.0,4288.0,2.4,1.0,4287.5,PCS,1.0,0.9993166780553656,3.0,0.0,3,[3],[1],C,3,0.57,1,1.6691983546479605e-05,0
14510007001,13.904761904761903,15.45931680865866,1.1118001814446297,18,21,0.8571428571428571,家樂福花蓮富里芋香米(圓二),35.0,24.0,5.0,4288.0,1.5,1.0,4287.5,PCS,124.0,0.619359677338711,2.264,3.815,292,"[1, 2, 3, 4, 5, 6, 12, 21, 36]","[85, 19, 5, 6, 5, 6, 1, 1, 1]",C,7,55.62,56,0.0002503797586541,1
11103070001,17.761904761904763,9.873726560446984,0.5558934524648435,21,21,1.0,白鴿防蹣洗衣精補充包,35.0,26.0,31.0,28210.0,12.83,6.0,4701.7,PCS,119.0,0.628236196063399,3.033,1.877,373,"[1, 2, 3, 4, 5, 6]","[33, 30, 18, 10, 6, 26]",C,6,71.05,12,0.0005675274296663,1
10014090001,437.42857142857144,193.08354964330115,0.441405894024529,21,21,1.0,波蜜多果汁TP250ml,35.0,20.0,11.0,7700.0,6.61,24.0,320.8,PCS,340.0,0.340784320261329,26.703,14.185,9186,"[6, 12, 18, 24, 48, 54]","[60, 6, 6, 184, 87, 1]",B,64,1749.71,73,0.0010849789250642,2
12221009001,13.61904761904762,5.783391656080284,0.4246546320898111,21,21,1.0,春風抽取式廚房紙巾,21.0,11.0,8.0,1964.0,0.2,1.0,1963.5,PCS,196.0,0.5164513924767921,1.459,0.593,286,"[1, 2, 6]","[110, 85, 1]",C,3,54.48,55,0.0007845232030376,1
14505099001,43.42857142857143,31.501700634364852,0.7253681067123485,21,21,1.0,拉麵道-日式味噌(杯)80G,42.0,33.0,13.0,18018.0,1.73,12.0,1501.5,PCS,167.0,0.5517941367643873,5.011,3.759,912,"[3, 6, 9, 12, 15, 18, 21, 24]","[121, 35, 4, 17, 1, 1, 2, 1]",C,10,173.71,15,0.0010682869469746,3
10030007001,310.4761904761905,87.89517566261476,0.2830979584225322,21,21,1.0,原萃文山包種烏龍茶580ml,38.0,25.0,24.0,22800.0,14.88,24.0,950.0,PCS,479.0,0.23859602339961,13.333,12.917,6520,"[4, 8, 12, 16, 20, 24, 28, 32, 48, 52, 60, 72]","[238, 59, 22, 10, 3, 123, 1, 1, 28, 1, 1, 2]",B,47,1241.9,52,0.0018861941061913,3
11103375001,9.333333333333334,4.575295983139598,0.490210283907814,20,21,0.9523809523809524,白鴿迷人小蒼蘭香氛抗菌洗衣精補充包,35.0,27.0,30.0,28350.0,12.87,6.0,4725.0,PCS,69.0,0.7378010366493892,2.649,2.155,196,"[1, 2, 3, 4, 5, 6, 7, 8, 10]","[30, 15, 13, 5, 2, 4, 1, 2, 2]",C,6,37.33,7,0.0004506835539359,1
14104012001,31.238095238095237,17.449655474836064,0.5586017758712765,21,21,1.0,77蜜蘭諾杏仁鬆塔12入盒裝,74.0,29.0,23.0,49358.0,4.21,15.0,3290.5,PCS,442.0,0.2710321494641756,1.432,1.215,656,"[1, 2, 3, 4, 5, 6, 7, 9, 10, 11, 15]","[349, 71, 23, 7, 2, 1, 1, 1, 1, 1, 1]",B,5,124.95,9,0.0017693502595648,3
12005108006,0.0952380952380952,0.4364357804719848,4.582575694955841,1,21,0.0476190476190476,巴黎萊雅優媚霜三重護髮染髮霜,31.0,27.0,18.0,15066.0,3.3,12.0,1255.5,PCS,1.0,0.997963367277212,2.0,0.0,2,[2],[1],C,2,0.38,1,1.6691983546479605e-05,0
14502010001,94.66666666666669,52.814139520902295,0.5578958400095313,21,21,1.0,維力大炒一番-泡菜燒肉(包)85g,32.0,32.0,14.0,14336.0,3.1,24.0,597.3,PCS,227.0,0.4720921317978033,8.496,2.393,1988,"[4, 8, 12, 16, 24]","[5, 213, 2, 12, 2]",B,15,378.67,16,0.0014021266251802,3
15022026001,462.0,1343.8540099281618,2.9087749132644194,21,21,1.0,福樂麥芽保久乳 200ml,30.0,17.0,12.0,6120.0,5.2,24.0,255.0,PCS,182.0,0.5314178097031717,45.126,59.396,9702,"[6, 12, 18, 24, 30, 48, 54, 60, 72, 78, 138, 144, 222]","[59, 13, 7, 70, 1, 24, 3, 1, 5, 1, 15, 1, 15]",C,115,1848.0,77,0.000317147700116,2
14203078001,11.38095238095238,4.188987830922769,0.3680700604576491,21,21,1.0,北海鱈魚香絲(寬條),53.0,35.0,33.0,61215.0,4.57,20.0,3060.8,PCS,156.0,0.571157147380877,1.494,0.769,239,"[1, 2, 3, 4, 5]","[101, 45, 9, 4, 1]",C,3,45.52,3,0.0007511392468586,1
12001010001,0.1428571428571428,0.6546536707079772,4.582575694955841,1,21,0.0476190476190476,妮維雅男士抗屑健髮洗髮精 男士抗屑洗髮精,23.0,9.0,23.0,4761.0,2.74,6.0,793.5,PCS,1.0,0.997683371943801,3.0,0.0,3,[3],[1],C,3,0.57,1,1.6691983546479605e-05,0
14130001001,14.857142857142858,11.42928569196568,0.7692788446515362,21,21,1.0,家福檸檬夾心酥,43.0,28.0,28.0,33712.0,4.11,8.0,4214.0,PCS,192.0,0.519691338477692,1.552,1.565,312,"[1, 2, 3, 4, 5, 6, 8, 10, 12]","[155, 28, 6, 3, 1, 3, 2, 2, 1]",C,4,59.43,8,0.0008012151811271,1
10031012001,46.857142857142854,91.4080334075106,1.9507812007700431,18,21,0.8571428571428571,泰山冰鎮檸檬紅茶Pet535ml,43.0,29.0,24.0,29928.0,17.0,24.0,1247.0,PCS,54.0,0.7742737621039649,16.966,23.875,984,"[4, 8, 12, 16, 20, 24, 32, 40, 48, 96]","[28, 7, 4, 2, 2, 8, 1, 1, 1, 4]",C,43,187.43,8,0.0001502278464613,1
11074060002,0.2857142857142857,1.3093073414159544,4.582575694955841,1,21,0.0476190476190476,熊寶貝衣物香氛袋21G 香氛袋茉莉香,22.0,24.0,11.0,5808.0,0.7,10.0,580.8,PCS,1.0,0.9973633772770454,6.0,0.0,6,[6],[1],C,6,1.14,1,1.6691983546479605e-05,0
12101001002,0.2857142857142857,1.3093073414159544,4.582575694955841,1,21,0.0476190476190476,高露潔兒童牙膏,32.0,18.0,18.0,10368.0,2.12,36.0,288.0,PCS,1.0,0.9986400226662888,6.0,0.0,6,[6],[1],C,6,1.14,1,1.6691983546479605e-05,0
14610004001,8.666666666666666,16.680327734590026,1.9246532001450032,17,21,0.8095238095238095,台糖大豆沙拉油600ml,30.0,23.0,26.0,17940.0,7.5,12.0,1495.0,PCS,48.0,0.7912568123864602,3.792,8.679,182,"[1, 2, 3, 4, 5, 6, 7, 9, 10, 12, 60]","[26, 7, 1, 6, 1, 2, 1, 1, 1, 1, 1]",C,13,34.67,3,0.0002503797586541,1
14011052001,306.2857142857143,314.9541463224675,1.0283017837020862,20,21,0.9523809523809524,乖乖-椰子,50.0,39.0,29.0,56550.0,2.45,24.0,2356.3,PCS,527.0,0.2052932451125814,11.955,13.675,6432,"[4, 8, 12, 16, 20, 24, 28, 32, 36, 40, 44, 48, 60, 68, 96, 120]","[276, 89, 44, 20, 26, 20, 3, 9, 3, 19, 4, 21, 1, 1, 1, 1]",B,48,1225.14,52,0.0016691983910277,3
14510033001,13.142857142857142,9.727721800533333,0.7401527456927535,21,21,1.0,西螺金農禾選米(圓三)3kg,35.0,24.0,5.0,4288.0,3.0,1.0,4287.5,PCS,112.0,0.6420492991783471,2.379,1.905,276,"[1, 2, 3, 4, 5, 6]","[61, 22, 4, 5, 5, 19]",C,5,52.57,53,0.0004172995977569,1
14720003001,0.2857142857142857,1.3093073414159542,4.58257569495584,1,21,0.0476190476190476,登豐冬瓜茶塊550g,50.0,21.0,14.0,14700.0,12.467,20.0,735.0,PCS,1.0,0.9995133414443091,6.0,0.0,6,[6],[1],C,6,1.14,1,1.6691983546479605e-05,0
14850010001,35.857142857142854,28.56446343673501,0.7966185022197015,21,21,1.0,家樂福狗乾糧-牛肉+雞肉口味,80.0,40.0,12.0,38400.0,15.0,1.0,38400.0,PCS,370.0,0.3088615189746838,1.85,1.118,753,"[1, 2, 3, 4, 5, 6]","[204, 110, 68, 10, 5, 10]",B,5,143.43,144,0.0011517468374222,3
14620062001,11.571428571428571,12.831879942438007,1.1089278962600748,20,21,0.9523809523809524,萬家香大吟釀醬油1L,37.0,28.0,27.0,27972.0,15.55,12.0,2331.0,PCS,93.0,0.6780220329661172,2.455,3.198,243,"[1, 2, 3, 4, 5, 6, 7, 8, 9, 10, 12, 14]","[72, 7, 3, 2, 1, 3, 1, 1, 2, 3, 1, 3]",C,6,46.29,4,0.0002670717367436,1
14132015001,33.57142857142857,16.31738774611742,0.4860498477566891,21,21,1.0,可口脆笛酥巧克力量販包,37.0,37.0,26.0,35594.0,4.14,12.0,2966.2,PCS,422.0,0.2810086498558357,1.632,1.978,705,"[1, 2, 3, 4, 5, 6, 7, 8, 9, 10, 12, 30]","[321, 62, 22, 7, 6, 3, 3, 2, 1, 3, 1, 1]",B,7,134.29,12,0.0014522025594487,3
10023004001,0.2857142857142857,1.3093073414159542,4.58257569495584,1,21,0.0476190476190476,歐典生機養身黑木耳180ml,35.0,24.0,17.0,14280.0,7.89,24.0,595.0,PCS,1.0,0.9969667172213796,6.0,0.0,6,[6],[1],C,6,1.14,1,1.6691983546479605e-05,0
14501037001,14.666666666666666,11.896778275370746,0.8111439733207327,20,21,0.9523809523809524,味味一品原汁珍味牛肉(袋)185g,34.0,30.0,13.0,13260.0,2.84,12.0,1105.0,PCS,80.0,0.7120247995866735,3.667,1.347,308,"[1, 2, 3, 4, 6]","[1, 3, 59, 1, 20]",C,6,58.67,5,0.000317147700116,1
14103030001,7.809523809523809,5.2117084302467225,0.6673529087511048,20,21,0.9523809523809524,本味誠現牛奶餅,55.0,38.0,24.0,50160.0,4.46,15.0,3344.0,PCS,99.0,0.6684455259079015,1.592,1.15,164,"[1, 2, 3, 4, 5, 6]","[71, 20, 3, 2, 6, 1]",C,3,31.24,3,0.0002336877660127,1
14022019001,29.333333333333332,17.3733512407173,0.5922733377517262,21,21,1.0,華元蚵仔煎洋芋片,57.0,28.0,25.0,39900.0,1.66,10.0,3990.0,PCS,313.0,0.3679205346577557,1.89,1.809,616,"[1, 2, 3, 4, 5, 6, 8, 9, 10, 11, 12]","[195, 81, 20, 8, 7, 4, 3, 1, 4, 1, 2]",B,7,117.33,12,0.0012352067278698,3
14830011001,13.142857142857142,6.740072064048828,0.5128315700906717,21,21,1.0,遠洋鮪魚片 185g,36.0,27.0,10.0,9720.0,5.79,24.0,405.0,PCS,66.0,0.7478908684855252,4.119,2.206,276,"[3, 6, 9, 12]","[50, 11, 4, 2]",C,7,52.57,3,0.0002670717367436,1
12120043001,0.1904761904761904,0.8728715609439694,4.58257569495584,1,21,0.0476190476190476,靠得住安全瞬吸無香護墊標準型,8.0,14.0,14.0,1458.0,0.11,1.0,1458.0,PCS,1.0,0.9988266862218964,4.0,0.0,4,[4],[1],C,4,0.76,1,1.6691983546479605e-05,0
10040041001,146.28571428571428,116.32073884615023,0.7951613007061052,20,21,0.9523809523809524,悅氏Light鹼性水隨手瓶Pet330ml,37.0,25.0,18.0,16650.0,8.8,24.0,693.8,PCS,87.0,0.6942050965817237,35.31,12.05,3072,"[24, 48]","[46, 41]",C,48,585.14,25,0.0001669198391027,1
14506084001,4.904761904761905,6.662617818130963,1.358397807580099,18,21,0.8571428571428571,鄉傳經濟包麵條1600g,37.0,23.0,12.0,10212.0,6.66,6.0,1702.0,PCS,80.0,0.7125581240312662,1.272,0.448,103,"[1, 2]","[59, 22]",C,2,19.62,4,0.0004172995977569,1
15020010001,387.7142857142857,391.4809245489674,1.0097149859405938,21,21,1.0,光泉低脂高鈣牛乳,32.0,16.0,13.0,6656.0,5.26,24.0,277.3,PCS,196.0,0.5177580373660439,36.027,33.87,8142,"[6, 12, 18, 24, 30, 36, 42, 48, 53, 67, 72, 78, 90, 96, 114, 120, 144, 168, 234]","[48, 15, 2, 80, 1, 1, 8, 26, 7, 7, 6, 5, 1, 8, 1, 5, 3, 1, 1]",C,77,1550.86,65,0.0003338396782055,2
10014043001,0.5714285714285714,2.618614682831909,4.582575694955841,1,21,0.0476190476190476,囍瑞100覆盆莓綜合原汁1L,36.0,20.0,20.0,14400.0,13.3,12.0,1200.0,PCS,1.0,0.9969233846102564,12.0,0.0,12,[12],[1],C,12,2.29,1,0.0,0
10002025001,14.761904761904765,13.122136875923683,0.8889189496593464,21,21,1.0,黑松沙士1250 ml,38.0,28.0,30.0,31920.0,16.2,12.0,2660.0,PCS,97.0,0.6710688155197413,3.069,4.177,310,"[1, 2, 3, 4, 5, 6, 8, 11, 12, 24]","[50, 25, 7, 1, 2, 6, 1, 1, 6, 2]",C,8,59.05,5,0.0003672236343845,1
15023036001,1.1428571428571428,5.237229365663818,4.582575694955841,1,21,0.0476190476190476,員山農會養生黑芝麻豆奶,37.0,25.0,17.0,15725.0,9.6,24.0,655.2,PCS,1.0,0.999593340110998,24.0,0.0,24,[24],[1],C,24,4.57,1,1.6691983546479605e-05,0
10021017001,77.33333333333333,56.21862087719098,0.7269649251360903,19,21,0.9047619047619048,寶礦力水得Pet580ml,40.0,28.0,23.0,25760.0,16.08,24.0,1073.3,PCS,86.0,0.6965217246379227,18.455,13.238,1624,"[4, 8, 12, 16, 24, 32, 36, 48]","[22, 15, 2, 1, 37, 1, 2, 8]",C,33,309.33,13,0.0003004556929226,1
14011029001,90.8095238095238,74.89700865029194,0.8247704151316889,21,21,1.0,多力多滋起士組合包,59.0,39.0,40.0,92040.0,4.4,12.0,7670.0,PCS,965.0,0.07737204379927,1.89,1.951,1907,"[1, 2, 3, 4, 5, 6, 7, 8, 9, 10, 11, 12]","[673, 167, 60, 32, 16, 23, 7, 6, 1, 8, 4, 12]",A,15,363.24,31,0.0017359663033857,3
14851003001,0.7619047619047619,3.491486243775878,4.58257569495584,1,21,0.0476190476190476,歡樂派貓乾糧(鮪魚+鮭魚+雞肉),57.0,30.0,10.0,17100.0,7.01,1.0,17100.0,PCS,4.0,0.9863835602739954,4.0,0.0,16,[4],[4],C,4,3.05,4,0.0,0
14014011001,10.238095238095235,10.00951927869047,0.9776739760581392,18,21,0.8571428571428571,上好佳歡樂小點心-原味薯條,44.0,30.0,39.0,51480.0,2.3,12.0,4290.0,PCS,120.0,0.6262462292295129,1.693,1.509,215,"[1, 2, 3, 4, 5, 6, 12]","[89, 18, 8, 5, 2, 4, 1]",C,4,40.95,4,0.0005174514953978,1
14831011001,32.42857142857143,24.19828801500517,0.7462027141191021,20,21,0.9523809523809524,紅鷹牌香辣紅燒鰻100g,32.0,23.0,17.0,12512.0,7.71,48.0,260.7,PCS,162.0,0.5616506391560141,4.178,2.655,681,"[3, 6, 9, 12, 21]","[125, 24, 5, 8, 1]",C,7,129.71,3,0.0005842194077558,1
31502006001,8.714285714285714,7.135424704548827,0.8188192283908491,19,21,0.9047619047619048,可家芬抗蟑驅蠅清潔袋(大),42.0,33.0,25.0,34650.0,10.9,24.0,1443.8,PCS,66.0,0.7483308611523142,2.731,1.543,183,"[1, 2, 3, 4, 6]","[6, 42, 3, 6, 10]",C,5,34.86,2,0.000350531656295,1
10030021001,14.476190476190476,26.305168784136413,1.817133369956792,15,21,0.7142857142857143,開喜凍頂烏龍茶(無糖)Pet575ml,43.0,29.0,24.0,29928.0,15.762,24.0,1247.0,PCS,26.0,0.8629322844619256,9.806,11.164,304,"[4, 8, 12, 20, 24, 44]","[20, 4, 1, 1, 3, 2]",C,24,57.9,3,0.0001001518976408,1
10040033001,47.23809523809524,43.81084884124566,0.927447404905402,19,21,0.9047619047619048,悅氏天然水2200ml,38.0,23.0,31.0,27094.0,19.0,8.0,3386.8,PCS,80.0,0.710691488475192,12.247,4.017,992,"[8, 16]","[38, 43]",C,17,188.95,24,0.0002670717367436,1
14851063001,8.047619047619047,7.539736006493798,0.9368902729962708,19,21,0.9047619047619048,席瑞思貓食-鮭魚明蝦口味1.5kg,40.0,32.0,24.0,30720.0,9.81,6.0,5120.0,PCS,56.0,0.7713371443809269,2.864,1.624,169,"[1, 2, 3, 4, 6, 8]","[3, 38, 2, 7, 8, 1]",C,5,32.19,6,0.0004339915758464,1
12327018001,1.1428571428571428,5.237229365663818,4.582575694955841,1,21,0.0476190476190476,桂格完膳營養素 100鉻含纖配方,35.0,24.0,16.0,13440.0,7.264,24.0,560.0,PCS,1.0,0.9990133497775036,24.0,0.0,24,[24],[1],C,24,4.57,1,0.0,0
11040030001,5.666666666666667,7.066352194260723,1.247003328398951,18,21,0.8571428571428571,家福超值浴廁清潔劑,34.0,26.0,29.0,25636.0,13.46,12.0,2136.3,PCS,35.0,0.8305928234529425,3.216,1.946,119,"[1, 2, 3, 4, 5, 6]","[10, 7, 4, 6, 1, 9]",C,6,22.67,2,8.345991955138743e-05,1
12034063001,0.0952380952380952,0.4364357804719848,4.582575694955841,1,21,0.0476190476190476,森田藥積雪草肌活緊妍深層卸妝棉48入 積雪草卸妝棉,31.0,14.0,19.0,8246.0,2.45,12.0,687.2,PCS,1.0,0.9985966900551656,2.0,0.0,2,[2],[1],C,2,0.38,1,1.6691983546479605e-05,0
14510258001,32.0,15.414279094398154,0.4816962216999423,20,21,0.9523809523809524,中興外銷日本之米(圓ㄧ)3Kg,35.0,24.0,5.0,4288.0,3.0,1.0,4287.5,PCS,264.0,0.4158764020599657,2.24,2.381,672,"[1, 2, 3, 4, 5, 6, 13, 22, 24]","[158, 65, 29, 12, 8, 25, 1, 1, 1]",B,9,128.0,128,0.0005007595173083,1
14850011001,23.428571428571427,21.903359168336323,0.934899476697282,21,21,1.0,家樂福狗乾糧-牛肉+羊肉口味 ,80.0,40.0,13.0,41600.0,15.0,1.0,41600.0,PCS,238.0,0.4542490958484025,2.016,1.477,492,"[1, 2, 3, 4, 5, 8]","[124, 46, 57, 4, 5, 8]",B,6,93.71,94,0.0011517468374222,3
14010211001,5.285714285714286,3.5091716564291513,0.6638973404055152,20,21,0.9523809523809524,可樂果川霸麻辣口味220G,47.0,32.0,40.0,60160.0,3.6,12.0,5013.3,PCS,81.0,0.7093515108081532,1.337,0.703,111,"[1, 2, 3, 4]","[64, 12, 5, 2]",C,3,21.14,2,0.0002169957879232,1
14500006001,30.666666666666668,23.776739333502675,0.7753284565272611,21,21,1.0,味味A排骨雞乾麵XL重量包123g,41.0,32.0,15.0,19680.0,3.56,24.0,820.0,PCS,94.0,0.6761620639656005,6.44,4.787,644,"[4, 8, 12, 16, 20, 36]","[66, 22, 4, 5, 2, 1]",C,12,122.67,6,0.0004006075905635,1
14500026001,69.28571428571429,60.46250313801344,0.8726546844661732,20,21,0.9523809523809524,味味A冬菜鴨肉冬粉(碗) 60g,43.0,28.0,17.0,20468.0,1.3,12.0,1705.7,PCS,192.0,0.5203313278112032,7.348,6.191,1455,"[3, 6, 9, 12, 15, 21, 24]","[101, 34, 4, 41, 1, 1, 16]",C,14,277.14,24,0.0009514430421404,3
12327063001,0.0952380952380952,0.4364357804719848,4.582575694955841,1,21,0.0476190476190476,桂格完膳營養素原味無糖24入,41.0,27.0,10.0,11070.0,7.7,1.0,11070.0,PCS,2.0,0.9952967450542493,1.0,0.0,2,[1],[2],C,1,0.38,1,1.6691983546479605e-05,0
12003086001,0.4285714285714285,1.9639610121239317,4.582575694955841,1,21,0.0476190476190476,樂絲朵-L摩洛哥護髮精華油 摩洛哥精華油,17.0,6.0,14.0,1428.0,0.54,3.0,476.0,PCS,2.0,0.9935167747204212,3.0,2.0,9,"[1, 3, 5]","[1, 1, 1]",C,7,1.71,1,0.0,0
