pod_id,slot_idx,slot_type,item_code,cluster,orientation,qty_boxes_assigned,qty_items_assigned,box_weight,weight_assigned,pod_weight_after,vol_util_slot,max_boxes_in_slot
0,16,4,14104012001,4,1,1,15,4.21,4.21,4.21,0.3826201550387597,1
0,14,3,14502011001,4,1,1,24,3.0,3.0,7.21,0.4604651162790698,1
0,15,3,14502011001,4,1,1,24,3.0,3.0,10.21,0.4604651162790698,1
1,16,4,14502011001,4,1,2,48,3.0,6.0,6.0,0.4604651162790698,2
1,14,3,14110015001,4,0,2,24,2.78,5.56,11.559999999999999,0.7488372093023256,2
1,15,3,14102250001,4,0,1,10,4.54,4.54,16.099999999999998,0.5645581395348838,1
2,16,4,14102250001,4,0,1,10,4.54,4.54,4.54,0.2822790697674419,2
2,14,3,14502026001,4,1,1,12,3.0,3.0,7.54,0.4186046511627907,1
2,15,3,14131041001,4,1,1,8,3.92,3.92,11.46,0.5417674418604651,1
3,16,4,14102246001,4,0,1,10,4.54,4.54,4.54,0.2822790697674419,2
3,14,3,14120012001,4,1,1,12,7.08,7.08,11.620000000000001,0.3601860465116279,1
3,15,3,14131027001,4,1,1,8,3.93,3.93,15.55,0.5191937984496124,1
3,0,0,10021001001,4,4,2,48,6.48,12.96,28.51,0.533953488372093,2
3,1,0,10021001001,4,4,2,48,6.48,12.96,41.47,0.533953488372093,2
3,2,0,10021001001,4,4,2,48,6.48,12.96,54.43,0.533953488372093,2
2,0,0,14501013001,4,4,1,12,2.5,2.5,13.96,0.6016744186046512,1
2,1,0,14501013001,4,4,1,12,2.5,2.5,16.46,0.6016744186046512,1
2,2,0,14501013001,4,4,1,12,2.5,2.5,18.96,0.6016744186046512,1
1,0,0,14501013001,4,4,1,12,2.5,2.5,18.599999999999998,0.6016744186046512,1
1,1,0,14501013001,4,4,1,12,2.5,2.5,21.099999999999998,0.6016744186046512,1
1,2,0,14804007001,4,4,1,24,10.8,10.8,31.9,0.34706976744186047,1
0,0,0,14804007001,4,4,1,24,10.8,10.8,21.01,0.34706976744186047,1
0,1,0,14804007001,4,4,1,24,10.8,10.8,31.810000000000002,0.34706976744186047,1
0,2,0,14804007001,4,4,1,24,10.8,10.8,42.61,0.34706976744186047,1
4,16,4,14804007001,4,4,1,24,10.8,10.8,10.8,0.11568992248062016,4
4,14,3,10002018001,4,4,4,96,9.27,37.08,47.879999999999995,0.823813953488372,4
4,15,3,10002018001,4,4,1,24,9.27,9.27,57.14999999999999,0.205953488372093,4
4,0,0,14500000001,4,4,1,30,3.55,3.55,60.69999999999999,0.3966511627906977,1
4,1,0,14500000001,4,4,1,30,3.55,3.55,64.24999999999999,0.3966511627906977,1
4,2,0,14500000001,4,4,1,30,3.55,3.55,67.79999999999998,0.3966511627906977,1
5,16,4,14500000001,4,4,1,30,3.55,3.55,3.55,0.1322170542635659,3
5,14,3,10033043001,4,4,2,48,14.3,28.6,32.15,0.823813953488372,2
5,15,3,10033043001,4,4,2,48,14.3,28.6,60.75,0.823813953488372,2
5,0,0,14505013001,4,1,1,30,3.3,3.3,64.05,0.36465116279069765,1
5,1,0,14505013001,4,1,1,30,3.3,3.3,67.35,0.36465116279069765,1
5,2,0,14505013001,4,1,1,30,3.3,3.3,70.64999999999999,0.36465116279069765,1
6,16,4,14505013001,4,1,1,30,3.3,3.3,3.3,0.12155038759689922,3
6,14,3,10040025001,4,0,1,2,10.69,10.69,13.989999999999998,0.3136434108527132,1
6,15,3,10040025001,4,0,1,2,10.69,10.69,24.68,0.3136434108527132,1
6,0,0,10040025001,4,0,1,2,10.69,10.69,35.37,0.4704651162790698,1
6,1,0,10040025001,4,0,1,2,10.69,10.69,46.059999999999995,0.4704651162790698,1
6,2,0,14503013001,4,4,1,12,1.7,1.7,47.76,0.4538604651162791,1
7,16,4,14503013001,4,4,3,36,1.7,5.1,5.1,0.4538604651162791,4
7,14,3,14502077001,4,4,2,24,1.8,3.6,8.7,0.6346666666666667,2
7,15,3,14502077001,4,4,1,12,1.8,1.8,10.5,0.31733333333333336,2
7,0,0,10002009001,4,4,1,24,16.02,16.02,26.52,0.672,1
7,1,0,10002009001,4,4,1,24,16.02,16.02,42.54,0.672,1
7,2,0,10002009001,4,4,1,24,16.02,16.02,58.56,0.672,1
8,16,4,14501063001,4,4,3,36,1.8,5.4,5.4,0.46493023255813953,4
8,14,3,14503000001,4,1,1,30,3.0,3.0,8.4,0.29714728682170544,1
8,15,3,14503000001,4,1,1,30,3.0,3.0,11.4,0.29714728682170544,1
8,0,0,14011003001,4,4,1,6,2.32,2.32,13.72,0.66,1
8,1,0,14011003001,4,4,1,6,2.32,2.32,16.04,0.66,1
8,2,0,14502015001,4,4,1,12,2.5,2.5,18.54,0.644,1
9,16,4,14502015001,4,4,1,12,2.5,2.5,2.5,0.21466666666666667,4
9,14,3,14505138001,4,1,1,12,1.64,1.64,4.14,0.2878139534883721,1
9,15,3,14505138001,4,1,1,12,1.64,1.64,5.779999999999999,0.2878139534883721,1
9,0,0,14804012001,4,4,1,2,10.95,10.95,16.729999999999997,0.35553488372093023,1
9,1,0,14804012001,4,4,1,2,10.95,10.95,27.679999999999996,0.35553488372093023,1
9,2,0,14500023001,4,4,1,12,3.0,3.0,30.679999999999996,0.522,1
10,16,4,14500023001,4,4,1,12,3.0,3.0,3.0,0.174,4
10,14,3,10002003001,4,4,2,48,16.03,32.06,35.06,0.896,2
10,15,3,14023248001,4,3,1,12,2.11,2.11,37.17,0.18623255813953488,4
10,0,0,14003029001,4,1,1,18,5.17,5.17,42.34,0.7434418604651163,1
10,3,1,10000002001,4,0,1,6,13.31,13.31,55.650000000000006,0.782,1
10,4,1,10000002001,4,0,1,6,13.31,13.31,68.96000000000001,0.782,1
10,5,1,10000002001,4,0,1,6,13.31,13.31,82.27000000000001,0.782,1
10,1,0,10000002001,4,0,1,6,13.31,13.31,95.58000000000001,0.5637674418604651,1
10,2,0,10000002001,4,0,1,6,13.31,13.31,108.89000000000001,0.5637674418604651,1
9,3,1,10000002001,4,0,1,6,13.31,13.31,43.989999999999995,0.782,1
9,4,1,10000002001,4,0,1,6,13.31,13.31,57.3,0.782,1
9,5,1,10000002001,4,0,1,6,13.31,13.31,70.61,0.782,1
8,3,1,10000002001,4,0,1,6,13.31,13.31,31.85,0.782,1
8,4,1,10000002001,4,0,1,6,13.31,13.31,45.160000000000004,0.782,1
8,5,1,10000002001,4,0,1,6,13.31,13.31,58.470000000000006,0.782,1
7,3,1,10000002001,4,0,1,6,13.31,13.31,71.87,0.782,1
7,4,1,10000002001,4,0,1,6,13.31,13.31,85.18,0.782,1
7,5,1,10000002001,4,0,1,6,13.31,13.31,98.49000000000001,0.782,1
6,3,1,10000002001,4,0,1,6,13.31,13.31,61.07,0.782,1
6,4,1,10000002001,4,0,1,6,13.31,13.31,74.38,0.782,1
6,5,1,10000002001,4,0,1,6,13.31,13.31,87.69,0.782,1
5,3,1,10000002001,4,0,1,6,13.31,13.31,83.96,0.782,1
5,4,1,10021008001,4,0,2,48,6.58,13.16,97.11999999999999,0.4967741935483871,2
5,5,1,10021008001,4,0,2,48,6.58,13.16,110.27999999999999,0.4967741935483871,2
4,3,1,10021008001,4,0,2,48,6.58,13.16,80.95999999999998,0.4967741935483871,2
4,4,1,10021008001,4,0,2,48,6.58,13.16,94.11999999999998,0.4967741935483871,2
4,5,1,10021008001,4,0,2,48,6.58,13.16,107.27999999999997,0.4967741935483871,2
3,3,1,10021008001,4,0,2,48,6.58,13.16,67.59,0.4967741935483871,2
3,4,1,10021025001,4,0,2,48,7.77,15.54,83.13,0.5870967741935483,2
3,5,1,10021025001,4,0,2,48,7.77,15.54,98.66999999999999,0.5870967741935483,2
2,3,1,10021025001,4,0,2,48,7.77,15.54,34.5,0.5870967741935483,2
2,4,1,10021025001,4,0,2,48,7.77,15.54,50.04,0.5870967741935483,2
2,5,1,10021025001,4,0,2,48,7.77,15.54,65.58,0.5870967741935483,2
1,3,1,10031005001,4,0,2,48,6.58,13.16,45.06,0.4967741935483871,2
1,4,1,10031005001,4,0,2,48,6.58,13.16,58.22,0.4967741935483871,2
1,5,1,10031005001,4,0,2,48,6.58,13.16,71.38,0.4967741935483871,2
0,3,1,10031005001,4,0,2,48,6.58,13.16,55.769999999999996,0.4967741935483871,2
0,4,1,10031005001,4,0,1,24,6.58,6.58,62.349999999999994,0.24838709677419354,2
0,5,1,10033018001,4,0,1,24,14.89,14.89,77.24,0.7161290322580646,1
11,16,4,10033018001,4,3,5,120,14.89,74.45,74.45,0.8604651162790697,5
11,14,3,10031001001,4,4,6,144,6.6,39.599999999999994,114.05,0.7162790697674418,6
11,15,3,10010002001,4,4,6,144,6.63,39.78,153.82999999999998,0.7162790697674418,6
11,3,1,10010004001,4,0,2,48,6.73,13.46,167.29,0.4967741935483871,2
11,4,1,10010004001,4,0,2,48,6.73,13.46,180.75,0.4967741935483871,2
11,5,1,10010004001,4,0,2,48,6.73,13.46,194.21,0.4967741935483871,2
11,0,0,10001006001,4,1,2,48,8.95,17.9,212.11,0.6251162790697674,2
11,1,0,10001006001,4,1,2,48,8.95,17.9,230.01000000000002,0.6251162790697674,2
11,2,0,10001006001,4,1,2,48,8.95,17.9,247.91000000000003,0.6251162790697674,2
12,16,4,10032013001,4,0,5,120,9.8,49.0,49.0,0.43410852713178294,9
12,14,3,10033025001,4,4,5,120,6.45,32.25,81.25,0.57984496124031,6
12,15,3,10001012001,4,4,4,96,6.79,27.16,108.41,0.6697674418604651,4
12,3,1,14810006001,4,1,1,24,10.14,10.14,118.55,0.5283870967741936,1
12,4,1,14810006001,4,1,1,24,10.14,10.14,128.69,0.5283870967741936,1
12,5,1,14810006001,4,1,1,24,10.14,10.14,138.82999999999998,0.5283870967741936,1
12,0,0,14810006001,4,1,1,24,10.14,10.14,148.96999999999997,0.3809302325581395,1
12,1,0,10035034001,4,1,4,96,6.58,26.32,175.28999999999996,0.695813953488372,4
12,2,0,10032008001,4,1,3,72,6.62,19.86,195.14999999999998,0.521860465116279,4
13,16,4,10000005001,4,4,3,72,8.89,26.67,26.67,0.3125581395348837,8
13,14,3,10031910001,4,4,3,72,6.6,19.799999999999997,46.47,0.3581395348837209,6
13,15,3,10032010001,4,4,3,72,6.68,20.04,66.50999999999999,0.347906976744186,6
13,3,1,10010035001,4,0,2,48,6.61,13.22,79.72999999999999,0.48258064516129034,2
13,4,1,10010035001,4,0,1,24,6.61,6.61,86.33999999999999,0.24129032258064517,2
13,5,1,10033068001,4,0,2,48,5.0,10.0,96.33999999999999,0.4967741935483871,2
13,0,0,10033068001,4,1,1,24,5.0,5.0,101.33999999999999,0.17906976744186046,4
13,1,0,10030013001,4,1,3,72,6.58,19.740000000000002,121.07999999999998,0.5372093023255814,4
13,2,0,14820008001,4,0,1,48,11.58,11.58,132.66,0.4107906976744186,1
14,16,4,14820008001,4,3,1,48,11.58,11.58,11.58,0.13693023255813955,5
14,14,3,14832021001,4,4,2,48,7.2,14.4,25.98,0.3516279069767442,4
14,15,3,14501022001,4,4,2,24,2.75,5.5,31.48,0.4111627906976744,2
14,3,1,14505917001,4,1,2,80,2.02,4.04,35.52,0.936,2
14,4,1,14620014001,4,0,1,6,12.21,12.21,47.730000000000004,0.6855483870967742,1
14,5,1,14620014001,4,0,1,6,12.21,12.21,59.940000000000005,0.6855483870967742,1
14,0,0,10011016001,4,0,2,48,7.9,15.8,75.74000000000001,0.4232558139534884,3
14,1,0,14833010001,4,1,2,48,5.5,11.0,86.74000000000001,0.43953488372093025,2
14,2,0,14121020001,4,0,1,10,1.73,1.73,88.47000000000001,0.36167441860465116,2
15,16,4,10001014001,4,0,1,24,6.55,6.55,6.55,0.08117829457364341,9
15,14,3,14820013001,4,3,1,48,13.99,13.99,20.54,0.25116279069767444,3
15,15,3,14831002001,4,3,1,48,8.13,8.13,28.67,0.2053953488372093,3
15,3,1,14501086001,4,1,1,12,2.87,2.87,31.540000000000003,0.42,1
15,6,2,14505009001,4,1,2,2,0.7,1.4,32.940000000000005,0.7305365853658536,2
15,7,2,14505009001,4,1,2,2,0.7,1.4,34.34,0.7305365853658536,2
15,8,2,14505009001,4,1,2,2,0.7,1.4,35.74,0.7305365853658536,2
15,9,2,14505009001,4,1,2,2,0.7,1.4,37.14,0.7305365853658536,2
16,16,4,14850007001,1,1,1,1,13.92,13.92,13.92,0.3546666666666667,1
16,14,3,14111053001,1,1,2,24,2.91,5.82,19.740000000000002,0.7286821705426356,2
16,15,3,14111053001,1,1,1,12,2.91,2.91,22.650000000000002,0.3643410852713178,2
17,16,4,14851006001,1,4,2,2,8.116,16.232,16.232,0.4514728682170543,2
17,14,3,12011126001,1,1,1,12,13.83,13.83,30.061999999999998,0.42846511627906975,1
17,15,3,11075006001,1,0,1,24,5.93,5.93,35.992,0.3252093023255814,2
18,16,4,14311033001,1,0,1,12,1.9,1.9,1.9,0.20874418604651163,2
18,14,3,14351069001,1,1,1,18,4.582,4.582,6.481999999999999,0.6267441860465116,1
18,15,3,14310053001,1,0,1,6,6.0,6.0,12.482,0.35472868217054265,2
19,16,4,14506006001,1,1,1,12,4.72,4.72,4.72,0.21324031007751937,2
19,14,3,31533211001,1,1,1,36,0.8,0.8,5.52,0.4470077519379845,1
19,15,3,12101032001,1,1,1,120,7.2,7.2,12.719999999999999,0.4474418604651163,1
20,16,4,31856016002,1,0,1,8,14.19,14.19,14.19,0.31976744186046513,2
20,14,3,12100911001,1,1,1,60,9.7,9.7,23.89,0.4541860465116279,1
20,15,3,14620168001,1,1,1,8,18.2,18.2,42.09,0.6016744186046512,1
21,16,4,12010082001,1,1,1,12,6.44,6.44,6.44,0.20874418604651163,2
21,14,3,11030028004,1,1,1,20,6.57,6.57,13.010000000000002,0.328062015503876,2
21,15,3,12234921001,1,0,1,3,4.23,4.23,17.240000000000002,0.816,1
22,16,4,14331025001,1,1,1,12,11.94,11.94,11.94,0.2917674418604651,2
22,14,3,14204069001,1,1,1,36,4.506,4.506,16.445999999999998,0.5264651162790698,1
22,15,3,12123108001,1,1,1,12,2.18,2.18,18.625999999999998,0.4558139534883721,1
23,16,4,14506349001,1,1,1,24,9.4,9.4,9.4,0.27251162790697675,2
23,14,3,10016018001,1,4,2,48,14.5,29.0,38.4,0.889922480620155,2
23,15,3,10041058001,1,4,1,24,15.0,15.0,53.4,0.4093643410852713,2
23,0,0,14243076001,1,3,1,12,2.8,2.8,56.199999999999996,0.43953488372093025,2
23,1,0,10040072001,1,4,1,24,14.07,14.07,70.27,0.6290232558139535,1
23,2,0,12327014001,1,4,1,6,6.9,6.9,77.17,0.5253720930232558,1
22,0,0,14700031001,1,2,1,12,7.4,7.4,26.025999999999996,0.3174418604651163,3
22,1,0,10041076001,1,4,1,24,9.15,9.15,35.175999999999995,0.34706976744186047,1
22,2,0,10040069001,1,4,1,24,14.73,14.73,49.90599999999999,0.6837209302325581,1
21,0,0,14506025001,1,1,1,30,3.56,3.56,20.8,0.4082790697674419,1
21,1,0,14241001001,1,3,1,20,4.62,4.62,25.42,0.5482558139534883,1
21,2,0,14505102001,1,4,1,20,2.98,2.98,28.400000000000002,0.44051162790697673,1
20,0,0,31530106001,1,1,1,12,0.88,0.88,42.970000000000006,0.1841860465116279,4
20,1,0,10023037001,1,4,1,24,14.08,14.08,57.050000000000004,0.6407441860465116,1
20,2,0,14602033001,1,4,1,20,13.11,13.11,70.16,0.66,1
19,0,0,11073001001,1,4,1,12,2.16,2.16,14.879999999999999,0.3947441860465116,2
19,1,0,11061024001,1,4,1,30,1.59,1.59,16.47,0.4633953488372093,1
19,2,0,30013004001,1,3,1,30,13.026,13.026,29.496,0.27837209302325583,2
18,0,0,11100111001,1,1,1,9,9.98,9.98,22.462,0.41511627906976745,1
18,1,0,12140011001,1,4,1,12,9.3,9.3,31.762,0.4633953488372093,1
18,2,0,12327063001,1,4,1,1,7.7,7.7,39.462,0.2574418604651163,2
17,0,0,11110020001,1,0,1,4,14.06,14.06,50.052,0.7290697674418605,1
17,1,0,12011292001,1,3,1,12,12.1,12.1,62.152,0.5616279069767441,1
23,3,1,12202006001,1,0,1,1,1.0,1.0,78.17,0.462,1
23,4,1,12202006001,1,0,1,1,1.0,1.0,79.17,0.462,1
23,5,1,12202006001,1,0,1,1,1.0,1.0,80.17,0.462,1
22,3,1,12202006001,1,0,1,1,1.0,1.0,50.90599999999999,0.462,1
22,4,1,12202006001,1,0,1,1,1.0,1.0,51.90599999999999,0.462,1
22,5,1,12202006001,1,0,1,1,1.0,1.0,52.90599999999999,0.462,1
21,3,1,12202006001,1,0,1,1,1.0,1.0,29.400000000000002,0.462,1
21,4,1,12202006001,1,0,1,1,1.0,1.0,30.400000000000002,0.462,1
21,5,1,12202006001,1,0,1,1,1.0,1.0,31.400000000000002,0.462,1
20,3,1,12202006001,1,0,1,1,1.0,1.0,71.16,0.462,1
20,4,1,12202006001,1,0,1,1,1.0,1.0,72.16,0.462,1
20,5,1,12202006001,1,0,1,1,1.0,1.0,73.16,0.462,1
19,3,1,12202006001,1,0,1,1,1.0,1.0,30.496,0.462,1
19,4,1,12202006001,1,0,1,1,1.0,1.0,31.496,0.462,1
19,5,1,12202006001,1,0,1,1,1.0,1.0,32.495999999999995,0.462,1
18,3,1,12202006001,1,0,1,1,1.0,1.0,40.462,0.462,1
18,4,1,12202006001,1,0,1,1,1.0,1.0,41.462,0.462,1
18,5,1,12202006001,1,0,1,1,1.0,1.0,42.462,0.462,1
17,3,1,12202006001,1,0,1,1,1.0,1.0,63.152,0.462,1
17,4,1,14833059001,1,0,2,24,13.88,27.76,90.912,0.6709677419354839,2
17,5,1,14833059001,1,0,2,24,13.88,27.76,118.67200000000001,0.6709677419354839,2
17,2,0,14020978001,1,1,2,28,2.48,4.96,123.632,0.7572093023255814,2
16,3,1,14020978001,1,0,1,14,2.48,2.48,25.130000000000003,0.5251612903225806,1
16,4,1,14510031001,1,0,3,3,2.4,7.199999999999999,32.33,0.4064516129032258,6
16,5,1,14510121001,1,0,3,3,2.0,6.0,38.33,0.4064516129032258,6
16,0,0,15022020001,1,0,2,48,8.32,16.64,54.97,0.5626046511627907,3
16,1,0,14510194001,1,0,2,2,1.8,3.6,58.57,0.19534883720930232,8
16,2,0,10014069001,1,0,1,24,7.97,7.97,66.54,0.2116279069767442,3
15,4,1,10020006001,1,1,1,24,7.06,7.06,44.2,0.34838709677419355,2
15,5,1,12105027001,1,1,1,12,13.08,13.08,57.28,0.72,1
15,0,0,32503007003,1,1,1,12,2.0,2.0,59.28,0.2686046511627907,3
15,1,0,10031909001,1,1,1,24,12.81,12.81,72.09,0.5284651162790698,1
15,2,0,32517009001,1,0,1,5,12.17,12.17,84.26,0.44502325581395347,1
24,16,4,11022021001,1,3,1,12,7.25,7.25,7.25,0.16406201550387597,4
24,14,3,14303012001,1,4,1,12,7.0,7.0,14.25,0.27209302325581397,2
24,15,3,10020029001,1,3,1,24,7.3,7.3,21.55,0.15627906976744185,5
24,3,1,12012985001,1,0,1,24,6.056,6.056,27.606,0.4308709677419355,1
24,4,1,31531171001,1,0,1,12,1.14,1.14,28.746000000000002,0.36193548387096774,1
24,5,1,10032005001,1,0,1,24,9.11,9.11,37.856,0.3387096774193548,2
24,0,0,12002119001,1,0,1,12,7.98,7.98,45.836,0.48604651162790696,1
24,1,0,14620033001,1,0,1,12,12.18,12.18,58.016,0.45209302325581396,1
24,2,0,30450039001,1,0,1,24,2.42,2.42,60.436,0.35455813953488374,2
25,16,4,12022079001,1,4,1,12,3.0,3.0,3.0,0.1000232558139535,7
25,14,3,12005015008,1,3,1,12,2.5,2.5,5.5,0.2537674418604651,2
25,15,3,12103156001,1,3,1,48,1.21,1.21,6.71,0.27832558139534885,2
25,3,1,12002158001,1,0,1,12,8.5,8.5,15.21,0.5408709677419354,1
25,4,1,14506032001,1,0,1,6,12.34,12.34,27.55,0.5609032258064516,1
25,5,1,14304084001,1,1,1,12,4.12,4.12,31.67,0.572516129032258,1
25,0,0,12023195001,1,1,1,12,2.13,2.13,33.800000000000004,0.3182558139534884,2
25,1,0,12010003001,1,0,1,14,5.06,5.06,38.86000000000001,0.25302325581395346,2
25,2,0,10014055001,1,1,1,24,13.2,13.2,52.06,0.5423720930232558,1
26,16,4,12000036001,1,3,1,6,7.003,7.003,7.003,0.101984496124031,5
26,14,3,12111010004,1,3,1,12,0.58,0.58,7.583,0.06548837209302326,10
26,15,3,12013033001,1,4,1,6,1.84,1.84,9.423,0.3134263565891473,2
26,3,1,12002002001,1,0,1,9,8.24,8.24,17.663,0.644,1
26,4,1,12105025001,1,1,1,12,9.63,9.63,27.293,0.7483870967741936,1
26,5,1,11030196002,1,0,1,12,5.6,5.6,32.893,0.7661290322580645,1
26,0,0,11021043001,1,2,1,12,7.82,7.82,40.713,0.4343255813953488,1
26,1,0,11050104001,1,1,1,12,13.25,13.25,53.963,0.4974418604651163,1
26,2,0,15023038001,1,0,1,24,9.6,9.6,63.563,0.3656976744186046,2
27,16,4,14620088001,1,4,1,12,12.0,12.0,12.0,0.16688372093023257,4
27,14,3,11103063001,1,4,1,6,2.72,2.72,14.72,0.25395348837209303,2
27,15,3,12103127001,1,0,1,48,1.81,1.81,16.53,0.4686046511627907,1
27,3,1,12005002004,1,0,1,12,2.0,2.0,18.53,0.4335483870967742,1
27,4,1,11021027001,1,1,1,12,5.026,5.026,23.556,0.4468064516129032,1
27,5,1,12012054001,1,0,1,12,6.84,6.84,30.396,0.48774193548387096,1
27,0,0,11031027001,1,1,1,12,5.32,5.32,35.716,0.4693953488372093,1
27,1,0,31707941001,1,0,1,24,0.113,0.113,35.829,0.2769069767441861,2
27,2,0,12001071001,1,0,1,6,5.2,5.2,41.029,0.29809302325581394,1
28,16,4,11040061001,1,3,1,12,9.27,9.27,9.27,0.2104186046511628,4
28,14,3,11050134001,1,0,1,8,8.91,8.91,18.18,0.25953488372093025,2
28,15,3,11022077001,1,3,1,12,9.3,9.3,27.48,0.3893953488372093,2
28,3,1,12012086001,1,0,1,12,4.7,4.7,32.18,0.6580645161290323,1
28,4,1,12103126001,1,0,1,48,1.56,1.56,33.74,0.5904516129032258,1
28,5,1,12011204001,1,0,1,12,12.63,12.63,46.370000000000005,0.588,1
28,0,0,11040032001,1,0,1,12,10.43,10.43,56.800000000000004,0.5503255813953488,1
28,1,0,12101001002,1,0,1,36,2.12,2.12,58.92,0.24111627906976743,2
28,2,0,12000020001,1,0,1,6,7.03,7.03,65.95,0.305953488372093,1
29,16,4,12034103001,1,1,1,12,3.308,3.308,3.308,0.06685271317829457,8
29,14,3,12105018001,1,0,1,12,6.374,6.374,9.681999999999999,0.20316279069767443,4
29,15,3,12103154001,1,0,1,48,1.09,1.09,10.771999999999998,0.19913178294573644,2
29,3,1,12022137001,1,0,1,12,1.53,1.53,12.301999999999998,0.45183870967741935,1
29,4,1,12002096001,1,0,1,9,5.63,5.63,17.932,0.391741935483871,1
29,5,1,12103146001,1,1,1,12,1.04,1.04,18.971999999999998,0.2834838709677419,1
29,0,0,35306002001,1,0,1,12,15.0,15.0,33.971999999999994,0.4797906976744186,1
29,1,0,12120065001,1,1,1,36,2.3,2.3,36.27199999999999,0.4208372093023256,1
29,2,0,12120048001,1,0,1,36,2.49,2.49,38.76199999999999,0.4164651162790698,1
30,16,4,31567060001,1,1,1,12,3.1,3.1,3.1,0.061395348837209304,12
30,14,3,31215012001,1,3,1,12,1.556,1.556,4.656000000000001,0.11311627906976744,6
30,15,3,12011346001,1,0,1,12,7.98,7.98,12.636000000000001,0.24728682170542635,2
30,3,1,30073022001,1,0,1,10,5.53,5.53,18.166,0.9032258064516129,1
30,4,1,14604255001,1,0,1,5,1.6,1.6,19.766000000000002,0.28225806451612906,3
30,5,1,12326002001,1,1,1,6,0.74,0.74,20.506,0.8531612903225806,1
30,0,0,32440140001,1,5,1,6,0.4,0.4,20.906,0.003441860465116279,258
30,1,0,12002996001,1,0,1,12,8.2,8.2,29.105999999999998,0.37227906976744185,1
30,2,0,12005072013,1,0,1,12,2.4,2.4,31.505999999999997,0.2827906976744186,2
31,16,4,12000276001,1,3,1,12,10.1,10.1,10.1,0.1657674418604651,4
31,14,3,14616053001,1,3,1,12,13.17,13.17,23.27,0.32248062015503876,2
31,15,3,12000071001,1,4,1,12,8.586,8.586,31.856,0.2235813953488372,3
31,3,1,61080025003,1,0,1,6,2.0,2.0,33.856,0.2267741935483871,3
31,4,1,12003063001,1,0,1,12,7.2,7.2,41.056000000000004,0.6365806451612903,1
31,5,1,12010175001,1,1,1,8,2.78,2.78,43.836000000000006,0.1887741935483871,4
31,0,0,11070005001,1,1,1,12,0.75,0.75,44.586000000000006,0.29204651162790696,2
31,1,0,12002036001,1,0,1,12,7.316,7.316,51.90200000000001,0.36334883720930233,2
31,2,0,12001078001,1,0,1,6,5.2,5.2,57.10200000000001,0.19288372093023257,2
32,16,4,12001015001,1,3,1,9,8.074,8.074,8.074,0.13745736434108527,4
32,14,3,11072004001,1,4,1,12,2.99,2.99,11.064,0.23813953488372094,2
32,15,3,11051057001,1,3,1,12,6.64,6.64,17.704,0.19186046511627908,4
32,3,1,12003035001,1,1,1,12,4.42,4.42,22.124000000000002,0.3396774193548387,2
32,4,1,12023330001,1,0,1,12,2.6,2.6,24.724000000000004,0.5225806451612903,1
32,5,1,12003142001,1,0,1,12,6.8,6.8,31.524000000000004,0.4769032258064516,1
32,0,0,32524007001,1,0,1,5,7.0,7.0,38.524,0.1658139534883721,4
32,1,0,11040059001,1,0,1,12,10.96,10.96,49.484,0.4558139534883721,1
32,2,0,11030002001,1,0,1,12,6.148,6.148,55.632000000000005,0.36055813953488375,2
33,16,4,14620061001,1,0,1,12,10.1,10.1,10.1,0.13186046511627908,4
33,14,3,14602013001,1,4,1,36,6.0,6.0,16.1,0.14148837209302326,4
33,15,3,10052014001,1,3,1,12,12.34,12.34,28.44,0.3114418604651163,2
33,3,1,41223061001,1,0,1,1,1.798,1.798,30.238,0.4790322580645161,1
33,4,1,12005072003,1,0,1,12,2.8,2.8,33.038,0.4129032258064516,1
33,5,1,10014112001,1,0,1,12,13.3,13.3,46.337999999999994,0.621,1
33,0,0,12103081001,1,0,1,72,1.65,1.65,47.98799999999999,0.5226744186046511,1
33,1,0,10035033001,1,0,1,24,13.33,13.33,61.31799999999999,0.47325581395348837,1
33,6,2,12211004001,1,2,3,3,0.1,0.30000000000000004,61.61799999999999,0.8195121951219512,3
33,7,2,12211004001,1,2,3,3,0.1,0.30000000000000004,61.917999999999985,0.8195121951219512,3
33,8,2,12211004001,1,2,3,3,0.1,0.30000000000000004,62.21799999999998,0.8195121951219512,3
33,9,2,12211004001,1,2,3,3,0.1,0.30000000000000004,62.51799999999998,0.8195121951219512,3
33,10,2,12211004001,1,2,3,3,0.1,0.30000000000000004,62.81799999999998,0.8195121951219512,3
33,11,2,12211004001,1,2,1,1,0.1,0.1,62.91799999999998,0.2731707317073171,3
33,12,2,12123099001,1,2,8,8,0.1,0.8,63.717999999999975,0.80130081300813,8
33,13,2,12123099001,1,2,7,7,0.1,0.7000000000000001,64.41799999999998,0.7011382113821139,8
33,2,0,12120043001,1,2,4,4,0.11,0.44,64.85799999999998,0.14586046511627906,18
32,6,2,12021923001,1,5,2,24,2.4,4.8,60.432,0.7539512195121951,2
32,7,2,14222120001,1,0,2,20,1.78,3.56,63.992000000000004,0.8299186991869919,2
32,8,2,12123044001,1,0,2,2,0.2,0.4,64.39200000000001,0.2705691056910569,4
32,9,2,12012014001,1,0,1,12,1.76,1.76,66.15200000000002,0.624390243902439,1
32,10,2,12020332001,1,0,1,12,2.22,2.22,68.37200000000001,0.5736585365853658,1
32,11,2,12020189001,1,0,1,24,2.5,2.5,70.87200000000001,0.7804878048780488,1
32,12,2,14602101001,1,0,1,6,0.97,0.97,71.84200000000001,0.0913170731707317,8
32,13,2,14615076001,1,1,1,12,6.01,6.01,77.85200000000002,0.6462439024390244,1
31,6,2,12021994001,1,0,1,12,2.852,2.852,59.95400000000001,0.3759349593495935,1
31,7,2,14225934001,1,5,1,36,2.0,2.0,61.95400000000001,0.3980487804878049,2
31,8,2,12031127001,1,4,1,3,0.25,0.25,62.20400000000001,0.03434146341463415,20
31,9,2,12034999001,1,1,1,12,0.446,0.446,62.650000000000006,0.1873170731707317,3
31,10,2,41223049001,1,2,1,1,1.72,1.72,64.37,0.8007804878048781,1
31,11,2,12003064001,1,1,1,12,2.65,2.65,67.02000000000001,0.5849105691056911,1
31,12,2,14632356001,1,0,1,12,0.83,0.83,67.85000000000001,0.12878048780487805,4
31,13,2,11112017001,1,4,1,8,2.07,2.07,69.92,0.28747967479674796,2
30,6,2,12010140001,1,5,1,30,1.55,1.55,33.056,0.3715121951219512,2
30,7,2,12021045001,1,0,1,3,0.75,0.75,33.806,0.0928780487804878,8
30,8,2,11031908002,1,1,1,12,3.19,3.19,36.995999999999995,0.7440650406504065,1
30,9,2,12104006001,1,0,1,24,2.86,2.86,39.855999999999995,0.704390243902439,1
30,10,2,12000295001,1,1,1,8,4.22,4.22,44.07599999999999,0.5838048780487805,1
30,11,2,14222121001,1,0,1,10,1.8,1.8,45.87599999999999,0.400650406504065,2
30,12,2,14616037001,1,1,1,12,5.37,5.37,51.24599999999999,0.6228292682926829,1
30,13,2,12012929001,1,0,1,12,3.54,3.54,54.78599999999999,0.41209756097560973,1
29,6,2,12032101001,1,0,1,24,0.6,0.6,39.361999999999995,0.3278048780487805,2
29,7,2,12023039001,1,2,1,24,0.8,0.8,40.16199999999999,0.3382113821138211,2
29,8,2,12002127001,1,0,1,12,1.88,1.88,42.041999999999994,0.47765853658536583,1
29,9,2,12016100001,1,2,1,24,4.18,4.18,46.221999999999994,0.3715121951219512,2
29,10,2,12020250001,1,0,1,6,1.5,1.5,47.721999999999994,0.2976260162601626,2
29,11,2,12011024001,1,1,1,9,6.91,6.91,54.63199999999999,0.8975609756097561,1
29,12,2,12022171001,1,1,1,12,1.06,1.06,55.69199999999999,0.3947317073170732,1
29,13,2,12021020001,1,4,1,3,1.2,1.2,56.891999999999996,0.1404878048780488,5
28,6,2,11021051002,1,1,1,6,2.39,2.39,68.34,0.7000975609756097,1
28,7,2,12010249001,1,5,1,30,1.55,1.55,69.89,0.3933658536585366,2
28,8,2,11030012002,1,1,1,20,0.91,0.91,70.8,0.6796747967479675,1
28,9,2,12022265001,1,5,1,6,0.9,0.9,71.7,0.14829268292682926,6
28,10,2,12020147001,1,0,1,12,3.12,3.12,74.82000000000001,0.5338536585365854,1
28,11,2,32500012001,1,3,1,3,0.8,0.8,75.62,0.09834146341463415,8
28,12,2,12102114001,1,0,1,10,1.21,1.21,76.83,0.19147967479674796,3
28,13,2,12020228001,1,5,1,6,3.28,3.28,80.11,0.4097560975609756,2
27,6,2,31602031001,1,2,1,48,2.0,2.0,43.029,0.5783414634146341,1
27,7,2,14634032001,1,0,1,12,4.834,4.834,47.863,0.5733983739837398,1
27,8,2,12344036001,1,2,1,10,0.632,0.632,48.495,0.16585365853658537,5
27,9,2,12011038001,1,1,1,6,4.12,4.12,52.614999999999995,0.5853658536585366,1
27,10,2,12003126001,1,1,1,12,2.84,2.84,55.455,0.4917073170731707,1
27,11,2,12022167001,1,3,1,6,0.6,0.6,56.055,0.1459512195121951,4
27,12,2,11031908001,1,1,1,12,3.19,3.19,59.245,0.7440650406504065,1
27,13,2,14721916001,1,5,1,10,0.62,0.62,59.864999999999995,0.42634146341463414,2
26,6,2,12151018001,1,2,1,6,0.538,0.538,64.101,0.05970731707317073,10
26,7,2,12103179001,1,0,1,6,0.11,0.11,64.211,0.05983739837398374,12
26,8,2,14631054001,1,0,1,12,7.09,7.09,71.301,0.5151219512195122,1
26,9,2,32510002001,1,1,1,6,2.5,2.5,73.801,0.30517073170731707,2
26,10,2,12010221001,1,1,1,12,3.1,3.1,76.901,0.2253658536585366,2
26,11,2,12021069001,1,0,1,3,0.5,0.5,77.401,0.07284552845528455,10
26,12,2,12302047001,1,5,1,12,1.66,1.66,79.06099999999999,0.34497560975609753,2
26,13,2,31226017001,1,0,1,12,1.47,1.47,80.53099999999999,0.25814634146341464,2
25,6,2,12020131001,1,4,1,6,1.2,1.2,53.260000000000005,0.28747967479674796,2
25,7,2,12012119001,1,1,1,12,5.75,5.75,59.010000000000005,0.7539512195121951,1
25,8,2,12005084008,1,0,1,3,0.3,0.3,59.31,0.1404878048780488,4
25,9,2,12020018001,1,0,1,6,1.5,1.5,60.81,0.2705691056910569,2
25,10,2,12020184001,1,0,1,12,1.68,1.68,62.49,0.6504065040650406,1
25,11,2,12004095001,1,0,1,12,1.14,1.14,63.63,0.40247154471544716,1
25,12,2,12020283001,1,1,1,6,1.8,1.8,65.43,0.8304390243902439,1
25,13,2,12004218001,1,2,1,12,3.87,3.87,69.30000000000001,0.7539512195121951,1
24,6,2,12006059001,1,2,1,12,0.25,0.25,60.686,0.056195121951219514,15
24,7,2,11071912001,1,0,1,12,1.46,1.46,62.146,0.5749593495934959,1
24,8,2,12020342001,1,0,1,12,2.1,2.1,64.246,0.5749593495934959,1
24,9,2,11074045002,1,0,1,10,0.61,0.61,64.856,0.3949268292682927,1
24,10,2,12020021001,1,0,1,12,1.67,1.67,66.526,0.41521951219512193,1
24,11,2,12005015001,1,0,1,12,2.8,2.8,69.326,0.8078048780487805,1
24,12,2,12020138001,1,5,1,12,2.59,2.59,71.916,0.3889430894308943,2
24,13,2,14602024001,1,0,1,6,0.97,0.97,72.886,0.0913170731707317,8
23,6,2,12106047001,1,1,1,24,0.56,0.56,80.73,0.4865040650406504,1
23,7,2,12106034001,1,4,1,12,1.2,1.2,81.93,0.1951219512195122,4
23,8,2,12320188001,1,5,1,12,1.37,1.37,83.30000000000001,0.20195121951219513,4
23,9,2,12002009001,1,2,1,6,5.1,5.1,88.4,0.7266341463414634,1
23,10,2,12102092001,1,1,1,12,1.88,1.88,90.28,0.40923577235772357,1
23,11,2,32470079001,1,2,1,12,2.4,2.4,92.68,0.2809756097560976,3
23,12,2,14241036001,1,0,1,30,1.708,1.708,94.388,0.6764227642276422,1
23,13,2,11031001001,1,4,1,6,2.46,2.46,96.848,0.45528455284552843,2
22,6,2,12020957001,1,0,1,15,2.84,2.84,55.745999999999995,0.6321951219512195,1
22,7,2,11071909001,1,1,1,12,0.595,0.595,56.340999999999994,0.4682926829268293,2
22,8,2,12023189001,1,2,1,24,0.8,0.8,57.14099999999999,0.3382113821138211,2
22,9,2,14602093001,1,0,1,6,0.98,0.98,58.12099999999999,0.0913170731707317,8
22,10,2,14604117001,1,0,1,6,0.97,0.97,59.09099999999999,0.0913170731707317,8
22,11,2,12000075001,1,1,1,6,3.02,3.02,62.11099999999999,0.6696585365853659,1
22,12,2,12032043007,1,1,1,12,0.2,0.2,62.31099999999999,0.09300813008130081,8
22,13,2,12022127001,1,2,1,6,1.25,1.25,63.56099999999999,0.22439024390243903,4
21,6,2,41414004001,1,1,1,1,0.3,0.3,31.700000000000003,0.02705691056910569,30
21,7,2,12020952001,1,0,1,12,2.92,2.92,34.620000000000005,0.3954471544715447,1
21,8,2,12022005001,1,0,1,3,0.5,0.5,35.120000000000005,0.06829268292682927,10
21,9,2,11031011002,1,0,1,12,1.85,1.85,36.970000000000006,0.4893658536585366,1
21,10,2,12004053001,1,2,1,3,1.2,1.2,38.17000000000001,0.1404878048780488,5
21,11,2,41601014001,1,2,1,1,1.5,1.5,39.67000000000001,0.6111219512195122,1
21,12,2,12020404001,1,4,1,6,1.036,1.036,40.70600000000001,0.3382113821138211,2
21,13,2,12023079001,1,4,1,3,1.0,1.0,41.70600000000001,0.1248780487804878,5
20,6,2,12012145001,1,0,1,24,4.7,4.7,77.86,0.5004878048780488,1
20,7,2,11076890001,1,4,1,12,1.92,1.92,79.78,0.22998373983739837,2
20,8,2,12000092001,1,1,1,12,6.6,6.6,86.38,0.7958373983739837,1
20,9,2,61080010002,1,2,1,6,1.0,1.0,87.38,0.2048780487804878,4
20,10,2,12151012001,1,1,1,24,2.4,2.4,89.78,0.7073170731707317,1
34,16,4,31822063001,3,1,4,4,7.0,28.0,28.0,0.5306046511627907,4
35,16,4,31821064001,3,1,2,2,7.0,14.0,14.0,0.27251162790697675,2
36,16,4,14001014001,3,0,1,18,3.21,3.21,3.21,0.26102325581395347,1
37,16,4,12327085001,3,1,1,6,16.13,16.13,16.13,0.32249612403100775,1
38,16,4,34101017001,3,1,1,12,24.0,24.0,24.0,0.39651162790697675,1
39,16,4,14509009001,3,1,1,20,13.2,13.2,13.2,0.39153488372093026,1
40,16,4,41313936001,3,0,1,6,7.6,7.6,7.6,0.42054263565891475,1
41,16,4,41100017001,3,1,1,1,2.054,2.054,2.054,0.09674418604651162,3
42,16,4,31835944001,3,1,1,1,7.0,7.0,7.0,0.25922480620155036,2
42,14,3,12210021001,3,2,3,3,0.2,0.6000000000000001,7.6,0.6429767441860466,3
42,15,3,12210021001,3,2,3,3,0.2,0.6000000000000001,8.2,0.6429767441860466,3
41,14,3,12210021001,3,2,3,3,0.2,0.6000000000000001,2.654,0.6429767441860466,3
41,15,3,12210021001,3,2,3,3,0.2,0.6000000000000001,3.254,0.6429767441860466,3
40,14,3,12210021001,3,2,3,3,0.2,0.6000000000000001,8.2,0.6429767441860466,3
40,15,3,12210021001,3,2,3,3,0.2,0.6000000000000001,8.799999999999999,0.6429767441860466,3
39,14,3,12210021001,3,2,3,3,0.2,0.6000000000000001,13.799999999999999,0.6429767441860466,3
39,15,3,12210021001,3,2,3,3,0.2,0.6000000000000001,14.399999999999999,0.6429767441860466,3
38,14,3,12210021001,3,2,3,3,0.2,0.6000000000000001,24.6,0.6429767441860466,3
38,15,3,12210021001,3,2,3,3,0.2,0.6000000000000001,25.200000000000003,0.6429767441860466,3
37,14,3,12210021001,3,2,3,3,0.2,0.6000000000000001,16.73,0.6429767441860466,3
37,15,3,12210021001,3,2,2,2,0.2,0.4,17.13,0.42865116279069765,3
36,14,3,41511008001,3,1,1,1,2.6,2.6,5.8100000000000005,0.42021705426356587,1
36,15,3,41511008001,3,1,1,1,2.6,2.6,8.41,0.42021705426356587,1
35,14,3,41511008001,3,1,1,1,2.6,2.6,16.6,0.42021705426356587,1
35,15,3,14851001001,3,1,2,2,7.0,14.0,30.6,0.6917209302325581,2
34,14,3,14851001001,3,1,1,1,7.0,7.0,35.0,0.34586046511627905,2
34,15,3,11103001002,3,0,1,4,14.0,14.0,49.0,0.4813953488372093,1
43,16,4,11103001002,3,0,1,4,14.0,14.0,14.0,0.24069767441860465,2
43,14,3,14851009001,3,1,2,2,7.0,14.0,28.0,0.6917209302325581,2
43,15,3,14851023001,3,1,2,2,8.0,16.0,44.0,0.6651162790697674,2
44,16,4,14853061001,3,1,1,20,8.13,8.13,8.13,0.16604651162790698,2
44,14,3,31271003001,3,0,1,10,8.6,8.6,16.73,0.2686511627906977,2
44,15,3,14203005001,3,1,1,20,3.3,3.3,20.03,0.5372093023255814,1
45,16,4,11030015001,3,0,1,12,4.63,4.63,4.63,0.1328372093023256,4
45,14,3,12011226001,3,0,1,12,14.08,14.08,18.71,0.442046511627907,1
45,15,3,35300013001,3,0,1,12,11.32,11.32,30.03,0.3451782945736434,1
46,16,4,11103112001,3,0,1,4,12.15,12.15,12.15,0.25888372093023254,2
46,14,3,12102024001,3,1,1,48,5.5,5.5,17.65,0.48348837209302326,1
46,15,3,14310011001,3,1,1,14,6.97,6.97,24.619999999999997,0.3876589147286822,1
47,16,4,12011184001,3,0,1,12,13.8,13.8,13.8,0.2084031007751938,2
47,14,3,14353012001,3,1,1,4,11.67,11.67,25.47,0.8543255813953489,1
47,15,3,14244047001,3,0,1,10,4.6,4.6,30.07,0.27832558139534885,2
48,16,4,11032031001,3,0,1,24,6.33,6.33,6.33,0.22771317829457363,2
48,14,3,14333006001,3,1,1,12,11.556,11.556,17.886,0.5358139534883721,1
48,15,3,11103113001,3,0,1,4,12.16,12.16,30.046,0.5177674418604651,1
49,16,4,12327040001,3,1,1,12,11.0,11.0,11.0,0.32005426356589145,2
49,14,3,14822899001,3,1,1,30,7.54,7.54,18.54,0.29469767441860467,2
49,15,3,14506642001,3,1,1,24,16.3,16.3,34.84,0.6013333333333334,1
50,16,4,31422013001,3,1,1,48,20.0,20.0,20.0,0.377984496124031,2
50,14,3,14505088001,3,1,1,15,1.7,1.7,21.7,0.26302325581395347,1
50,15,3,14604080001,3,1,1,20,5.812,5.812,27.512,0.3601860465116279,1
51,16,4,11074010001,3,1,1,12,4.89,4.89,4.89,0.1275658914728682,4
51,14,3,12011350001,3,0,1,12,13.98,13.98,18.87,0.47218604651162793,1
51,15,3,14350011001,3,1,1,18,6.12,6.12,24.990000000000002,0.6016744186046512,1
52,16,4,11032221001,3,0,1,12,6.018,6.018,6.018,0.2186046511627907,2
52,14,3,11030097001,3,1,1,18,8.13,8.13,14.148,0.3750697674418605,1
52,15,3,35310008001,3,1,1,6,5.6,5.6,19.747999999999998,0.6236744186046511,1
53,16,4,11103089004,3,0,1,4,14.04,14.04,14.04,0.24069767441860465,2
53,14,3,14210039001,3,1,1,20,11.0,11.0,25.04,0.5261085271317829,1
53,15,3,41531003001,3,0,1,1,2.76,2.76,27.799999999999997,0.602,1
54,16,4,31502041001,3,0,1,30,15.1,15.1,15.1,0.2704186046511628,2
54,14,3,10023124001,3,1,1,5,14.0,14.0,29.1,0.5805271317829457,1
54,15,3,14364197001,3,1,1,12,7.61,7.61,36.71,0.5157209302325582,1
55,16,4,14506392001,3,1,1,12,4.97,4.97,4.97,0.2567441860465116,2
55,14,3,11070051001,3,1,1,24,16.5,16.5,21.47,0.6011627906976744,1
55,15,3,14311008001,3,1,1,12,3.88,3.88,25.349999999999998,0.3821705426356589,1
56,16,4,12121078001,3,0,1,12,3.6,3.6,3.6,0.2396279069767442,2
56,14,3,14506358001,3,1,1,12,11.28,11.28,14.879999999999999,0.30151937984496124,1
56,15,3,14011046001,3,0,1,25,1.8,1.8,16.68,0.24906976744186046,2
57,16,4,12034051001,3,0,1,30,2.7,2.7,2.7,0.34945736434108526,2
57,14,3,31761004001,3,1,1,12,4.18,4.18,6.88,0.2609302325581395,2
57,15,3,14506328001,3,1,1,12,11.28,11.28,18.16,0.30151937984496124,1
58,16,4,14851018001,3,0,1,7,11.35,11.35,11.35,0.29693023255813955,2
58,14,3,31502041002,3,0,1,30,15.1,15.1,26.45,0.5408372093023256,1
58,15,3,14003070001,3,1,1,8,7.2,7.2,33.65,0.7648837209302326,1
59,16,4,31500032002,3,0,1,30,14.9,14.9,14.9,0.23255813953488372,2
59,14,3,14111079001,3,1,1,12,3.79,3.79,18.69,0.45069767441860464,1
59,15,3,12212058001,3,1,1,24,8.43,8.43,27.12,0.4564341085271318,1
60,16,4,41002005001,3,3,1,12,3.31,3.31,3.31,0.2813953488372093,2
60,14,3,12121071001,3,0,1,12,1.02,1.02,4.33,0.2909767441860465,2
60,15,3,11074033001,3,1,1,40,18.822,18.822,23.152,0.46493023255813953,1
61,16,4,11072017001,3,1,1,12,11.51,11.51,11.51,0.24027906976744187,2
61,14,3,14221114001,3,1,1,10,3.402,3.402,14.911999999999999,0.3672558139534884,1
61,15,3,12034094001,3,1,1,36,10.45,10.45,25.362,0.5885581395348837,1
62,16,4,14331020001,3,1,1,6,11.52,11.52,11.52,0.3008372093023256,2
62,14,3,31563008001,3,1,1,12,2.1,2.1,13.62,0.5583720930232559,1
62,15,3,14853013001,3,1,1,80,8.5,8.5,22.119999999999997,0.309953488372093,1
63,16,4,31501013001,3,1,1,20,14.0,14.0,14.0,0.26434108527131783,2
63,14,3,11050052001,3,0,1,12,13.52,13.52,27.52,0.44288372093023254,1
63,15,3,32420014001,3,0,1,30,3.0,3.0,30.52,0.20111627906976745,3
64,16,4,14210127001,3,1,1,12,8.52,8.52,8.52,0.20207751937984497,2
64,14,3,14240010001,3,1,1,6,5.8,5.8,14.32,0.5306046511627907,1
64,15,3,35311004001,3,1,1,24,5.0,5.0,19.32,0.3446511627906977,1
65,16,4,14822024001,3,1,1,20,9.75,9.75,9.75,0.12006201550387596,4
65,14,3,12106061001,3,0,1,144,5.17,5.17,14.92,0.7635348837209303,1
65,15,3,12011063001,3,1,1,12,13.83,13.83,28.75,0.42846511627906975,1
66,16,4,14242044001,3,1,1,20,7.9,7.9,7.9,0.32353488372093026,2
66,14,3,35301003001,3,4,2,24,11.482,22.964,30.863999999999997,0.8465116279069768,2
66,15,3,10031022001,3,4,2,48,14.3,28.6,59.464,0.8543255813953489,2
66,0,0,11021026001,3,0,1,4,16.48,16.48,75.944,0.7098837209302326,1
66,1,0,11021026001,3,0,1,4,16.48,16.48,92.424,0.7098837209302326,1
66,2,0,10031015001,3,4,1,24,15.2,15.2,107.62400000000001,0.6178604651162791,1
65,0,0,10031015001,3,4,1,24,15.2,15.2,43.95,0.6178604651162791,1
65,1,0,12327064001,3,4,2,2,7.56,15.12,59.07,0.5148837209302326,2
65,2,0,10034022001,3,4,1,24,14.38,14.38,73.45,0.6563720930232558,1
64,0,0,10034022001,3,4,1,24,14.38,14.38,33.7,0.6563720930232558,1
64,1,0,12327009001,3,4,2,48,7.68,15.36,49.06,0.5148837209302326,2
64,2,0,10014081001,3,4,1,24,12.41,12.41,61.47,0.411906976744186,1
63,0,0,10034047001,3,4,1,24,15.52,15.52,46.04,0.6290232558139535,1
63,1,0,11051019001,3,3,1,12,10.702,10.702,56.742,0.6104651162790697,1
63,2,0,12102047001,3,1,1,24,9.52,9.52,66.262,0.7032558139534884,1
62,0,0,11050073001,3,3,1,12,13.081,13.081,35.20099999999999,0.5949767441860465,1
62,1,0,11050037001,3,0,1,4,13.97,13.97,49.17099999999999,0.6504186046511627,1
62,2,0,12000057001,3,3,1,12,12.1,12.1,61.270999999999994,0.575,1
61,0,0,12123060001,3,4,1,12,3.0,3.0,28.362,0.8058139534883721,1
61,1,0,31504006001,3,3,1,24,15.0,15.0,43.361999999999995,0.5372093023255814,1
61,2,0,14601046001,3,1,1,30,5.3,5.3,48.66199999999999,0.6186046511627907,1
60,0,0,12002024001,3,3,1,12,10.8,10.8,33.952,0.5840930232558139,1
60,1,0,14804015001,3,4,1,24,9.9,9.9,43.852,0.34706976744186047,1
60,2,0,14502005001,3,4,1,24,2.89,2.89,46.742,0.7266976744186047,1
59,0,0,12000350001,3,3,1,12,12.06,12.06,39.18,0.552,1
59,1,0,12010121001,3,4,1,12,5.09,5.09,44.269999999999996,0.476,1
59,2,0,14413010001,3,1,1,6,10.38,10.38,54.65,0.5387441860465116,1
58,0,0,14344010001,3,4,1,12,6.88,6.88,40.53,0.429,1
58,1,0,14700050001,3,1,1,12,6.4,6.4,46.93,0.45246511627906977,1
58,2,0,30073068001,3,0,1,8,5.47,5.47,52.4,0.4241860465116279,1
57,0,0,11103002001,3,0,1,4,12.68,12.68,30.84,0.5408372093023256,1
57,1,0,12011340001,3,1,1,6,13.65,13.65,44.49,0.7732558139534884,1
57,2,0,11073901001,3,4,1,12,4.43,4.43,48.92,0.5010697674418605,1
56,0,0,12120091001,3,3,1,24,1.454,1.454,18.134,0.32,2
56,1,0,12014032001,3,4,1,36,2.5,2.5,20.634,0.5450232558139535,1
56,2,0,14200061001,3,3,1,10,3.54,3.54,24.174,0.30988372093023253,3
55,0,0,14023036001,3,4,1,12,2.12,2.12,27.47,0.4375813953488372,1
55,1,0,10033052001,3,4,1,24,15.4,15.4,42.87,0.616,1
55,2,0,30013002001,3,3,1,45,6.0,6.0,48.87,0.3241860465116279,2
54,0,0,11072010001,3,1,1,12,3.08,3.08,39.79,0.3581395348837209,2
54,1,0,12000193001,3,3,1,12,10.65,10.65,50.44,0.48055813953488374,1
54,2,0,31253004001,3,3,1,30,13.6,13.6,64.03999999999999,0.6768837209302325,1
53,0,0,10033062001,3,4,1,24,16.35,16.35,44.15,0.6563720930232558,1
53,1,0,14720022001,3,3,1,20,12.475,12.475,56.625,0.24027906976744187,2
53,2,0,11103267001,3,0,1,6,9.2,9.2,65.825,0.5909302325581396,1
52,0,0,11041020001,3,3,1,12,1.524,1.524,21.272,0.24027906976744187,2
52,1,0,14300029001,3,3,1,12,1.36,1.36,22.631999999999998,0.2822790697674419,2
52,2,0,10002011001,3,4,1,24,15.72,15.72,38.352,0.6563720930232558,1
51,0,0,14804009001,3,4,1,24,9.708,9.708,34.698,0.34706976744186047,1
51,1,0,11102012001,3,1,1,6,12.1,12.1,46.798,0.699906976744186,1
51,2,0,14504060001,3,1,1,8,1.36,1.36,48.158,0.4301395348837209,1
50,0,0,14852011001,3,1,1,96,12.1,12.1,39.612,0.7488372093023256,1
50,1,0,14822095001,3,4,1,20,2.06,2.06,41.672000000000004,0.4102325581395349,2
50,2,0,14240007001,3,4,1,20,4.78,4.78,46.452000000000005,0.713,1
49,0,0,14000109001,3,4,1,12,2.44,2.44,37.28,0.378,1
49,1,0,10023068001,3,4,1,4,11.6,11.6,48.88,0.6866511627906977,1
49,2,0,14244935001,3,4,1,6,7.65,7.65,56.53,0.58,1
48,0,0,14226116001,3,4,1,48,6.0,6.0,36.046,0.648,1
48,1,0,14852009001,3,1,1,96,12.1,12.1,48.146,0.7488372093023256,1
48,2,0,10041052001,3,4,1,24,13.116,13.116,61.262,0.6563720930232558,1
47,0,0,41310001001,3,0,1,1,2.57,2.57,32.64,0.3516279069767442,2
47,1,0,12011305001,3,3,1,12,16.58,16.58,49.22,0.5166976744186047,1
47,2,0,11041999004,3,3,1,10,0.9,0.9,50.12,0.24027906976744187,2
46,0,0,14615012001,3,0,1,12,17.97,17.97,42.589999999999996,0.6331395348837209,1
46,1,0,12106098001,3,0,1,24,7.03,7.03,49.62,0.6333023255813953,1
66,3,1,14510184001,3,0,6,6,6.0,36.0,143.62400000000002,0.8129032258064516,6
66,4,1,14510037001,3,0,4,4,3.0,12.0,155.62400000000002,0.5419354838709678,6
66,5,1,14511071001,3,0,4,4,2.0,8.0,163.62400000000002,0.5419354838709678,6
65,3,1,10002013001,3,0,2,24,4.69,9.38,82.83,0.43612903225806454,2
65,4,1,10002013001,3,0,2,24,4.69,9.38,92.21,0.43612903225806454,2
65,5,1,10020037001,3,1,2,60,6.592,13.184,105.39399999999999,0.6323225806451613,2
64,3,1,10020037001,3,1,1,30,6.592,6.592,68.062,0.31616129032258067,2
64,4,1,15024011001,3,0,1,24,9.6,9.6,77.66199999999999,0.507258064516129,1
64,5,1,15024011001,3,0,1,24,9.6,9.6,87.26199999999999,0.507258064516129,1
63,3,1,15024011001,3,0,1,24,9.6,9.6,75.862,0.507258064516129,1
63,4,1,10040044001,3,0,1,12,13.02,13.02,88.88199999999999,0.6854838709677419,1
63,5,1,10040044001,3,0,1,12,13.02,13.02,101.90199999999999,0.6854838709677419,1
62,3,1,14311041001,3,0,1,6,5.2,5.2,66.47099999999999,0.7951612903225806,1
62,4,1,14311041001,3,0,1,6,5.2,5.2,71.67099999999999,0.7951612903225806,1
62,5,1,15020007001,3,0,1,12,13.12,13.12,84.791,0.5251612903225806,1
61,3,1,15020007001,3,0,1,12,13.12,13.12,61.78199999999999,0.5251612903225806,1
61,4,1,14506313001,3,0,2,40,6.4,12.8,74.582,0.7060645161290322,2
61,5,1,14023210001,3,1,2,2,0.6,1.2,75.782,0.2787096774193548,5
60,3,1,14023502001,3,1,2,2,0.6,1.2,47.942,0.7790322580645161,2
60,4,1,14832043001,3,1,1,12,4.89,4.89,52.832,0.7109677419354838,1
60,5,1,14832043001,3,1,1,12,4.89,4.89,57.722,0.7109677419354838,1
59,3,1,10016021001,3,1,2,60,6.2,12.4,67.05,0.6898064516129032,2
59,4,1,10022004001,3,0,2,48,7.53,15.06,82.11,0.7025806451612904,2
59,5,1,10024005001,3,1,1,24,8.85,8.85,90.96,0.4529032258064516,1
58,3,1,10024005001,3,1,1,24,8.85,8.85,61.25,0.4529032258064516,1
58,4,1,10023073001,3,3,2,12,6.7,13.4,74.65,0.672,2
58,5,1,10012002001,3,0,1,12,13.28,13.28,87.93,0.4645161290322581,1
57,3,1,10012002001,3,0,1,12,13.28,13.28,62.2,0.4645161290322581,1
57,4,1,10002918001,3,0,1,6,13.45,13.45,75.65,0.805,1
57,5,1,10002918001,3,0,1,6,13.45,13.45,89.10000000000001,0.805,1
56,3,1,10013007001,3,0,2,48,5.38,10.76,34.934,0.44283870967741934,2
56,4,1,14613014001,3,0,1,12,11.93,11.93,46.864,0.7451612903225806,1
56,5,1,14613014001,3,0,1,12,11.93,11.93,58.794,0.7451612903225806,1
55,3,1,14512123001,3,0,2,2,1.2,2.4,51.269999999999996,0.2709677419354839,6
55,4,1,10022003001,3,0,1,24,9.4,9.4,60.669999999999995,0.47380645161290325,1
55,5,1,10022003001,3,0,1,24,9.4,9.4,70.07,0.47380645161290325,1
54,3,1,32517006001,3,0,1,5,15.1,15.1,79.13999999999999,0.667,1
54,4,1,32517006001,3,0,1,5,15.1,15.1,94.23999999999998,0.667,1
54,5,1,10024001001,3,1,1,24,8.59,8.59,102.82999999999998,0.4529032258064516,1
53,3,1,10024001001,3,1,1,24,8.59,8.59,74.415,0.4529032258064516,1
53,4,1,11072897001,3,1,1,12,3.18,3.18,77.59500000000001,0.6898064516129032,1
53,5,1,11071014001,3,0,1,30,3.1,3.1,80.69500000000001,0.3427741935483871,1
52,3,1,14244911001,3,1,1,12,4.0,4.0,42.352,0.6178064516129033,1
52,4,1,11071013001,3,0,1,24,1.654,1.654,44.006,0.4967741935483871,1
52,5,1,10001044001,3,1,1,24,13.748,13.748,57.754,0.8709677419354839,1
51,3,1,10014103001,3,0,1,10,11.312,11.312,59.47,0.5560645161290323,1
51,4,1,10031021001,3,0,1,24,8.52,8.52,67.99,0.3556451612903226,2
51,5,1,14730041001,3,1,1,12,1.76,1.76,69.75,0.6055483870967742,1
50,3,1,12020005003,3,0,1,12,1.94,1.94,48.392,0.3726451612903226,1
50,4,1,11062011001,3,1,1,40,1.0,1.0,49.392,0.772258064516129,1
50,5,1,12003069001,3,0,1,12,2.85,2.85,52.242000000000004,0.47780645161290325,1
49,3,1,10020039001,3,1,1,30,6.592,6.592,63.122,0.31616129032258067,2
49,4,1,12011388001,3,0,1,12,5.5,5.5,68.622,0.442,1
49,5,1,11050069001,3,0,1,12,13.7,13.7,82.322,0.8051612903225807,1
48,3,1,14311093001,3,0,1,6,3.51,3.51,64.772,0.6120967741935484,1
48,4,1,12125013001,3,1,1,24,3.0,3.0,67.772,0.3489032258064516,1
48,5,1,14243009001,3,0,1,12,2.15,2.15,69.92200000000001,0.34596774193548385,2
47,3,1,14801020001,3,1,1,24,7.58,7.58,57.699999999999996,0.38670967741935486,2
47,4,1,14312003001,3,0,1,12,6.566,6.566,64.26599999999999,0.45406451612903226,1
47,5,1,14244060001,3,1,1,12,5.734,5.734,69.99999999999999,0.5687741935483871,1
46,3,1,14210089001,3,0,1,20,1.18,1.18,50.8,0.4633548387096774,1
46,4,1,12012108001,3,1,1,24,13.084,13.084,63.884,0.7649032258064516,1
46,5,1,12005019008,3,0,1,12,2.2,2.2,66.084,0.4118709677419355,1
46,2,0,14321011001,3,0,1,24,11.0,11.0,77.084,0.33488372093023255,2
45,3,1,31533085001,3,1,1,12,0.4,0.4,30.43,0.30709677419354836,2
45,4,1,31421024001,3,0,1,12,2.44,2.44,32.87,0.504,1
45,5,1,14311002001,3,0,1,8,3.166,3.166,36.035999999999994,0.2270967741935484,2
45,0,0,12011011001,3,1,1,12,9.17,9.17,45.205999999999996,0.4517441860465116,2
45,1,0,14720030001,3,1,1,12,6.95,6.95,52.156,0.30279069767441863,2
45,2,0,12010040001,3,1,1,24,15.0,15.0,67.156,0.6097674418604652,1
44,3,1,12121081001,3,0,1,12,1.482,1.482,21.512,0.43148387096774193,1
44,4,1,12011191001,3,0,1,6,5.1,5.1,26.612000000000002,0.352258064516129,1
44,5,1,32431020001,3,1,1,12,2.0,2.0,28.612000000000002,0.1403225806451613,5
44,0,0,10023031001,3,0,1,6,13.0,13.0,41.612,0.5232558139534884,1
44,1,0,14310003001,3,0,1,8,2.352,2.352,43.964,0.26846511627906977,3
44,2,0,11021067001,3,1,1,10,2.44,2.44,46.403999999999996,0.18930232558139534,4
43,3,1,14741008001,3,1,1,12,6.57,6.57,50.57,0.5538064516129032,1
43,4,1,11030046001,3,2,1,12,2.26,2.26,52.83,0.5787096774193549,1
43,5,1,14633055001,3,0,1,24,8.59,8.59,61.42,0.3387096774193548,2
43,0,0,12011174001,3,0,1,12,7.95,7.95,69.37,0.3601860465116279,1
43,1,0,11074022001,3,0,1,12,7.2,7.2,76.57000000000001,0.3813720930232558,1
43,2,0,14852019001,3,0,1,96,8.11,8.11,84.68,0.421953488372093,1
42,3,1,12000206001,3,0,1,9,6.0,6.0,14.2,0.37470967741935485,1
42,4,1,12121066001,3,1,1,24,2.8,2.8,17.0,0.6683870967741935,1
42,5,1,30045076001,3,1,1,20,2.4,2.4,19.4,0.585,1
42,0,0,10020032001,3,1,1,24,7.24,7.24,26.64,0.26046511627906976,2
42,1,0,12001051001,3,1,1,12,11.2,11.2,37.84,0.5423720930232558,1
42,2,0,14243012001,3,1,1,10,2.9,2.9,40.74,0.4453953488372093,1
41,3,1,10024006001,3,1,1,24,8.59,8.59,11.844,0.4529032258064516,1
41,4,1,12152062001,3,0,1,12,7.08,7.08,18.924,0.45703225806451614,1
41,5,1,12002062001,3,0,1,12,10.4,10.4,29.323999999999998,0.6812903225806451,1
41,0,0,12002008001,3,1,1,12,7.11,7.11,36.434,0.3110697674418605,2
41,1,0,14632155001,3,1,1,12,9.8,9.8,46.233999999999995,0.26120930232558137,2
41,2,0,14852062001,3,0,1,96,7.1,7.1,53.333999999999996,0.47274418604651164,1
40,3,1,12212010001,3,1,1,60,5.16,5.16,13.959999999999999,0.4976774193548387,1
40,4,1,14616060001,3,0,1,12,12.27,12.27,26.229999999999997,0.6270967741935484,1
40,5,1,12010176001,3,1,1,8,2.79,2.79,29.019999999999996,0.1887741935483871,4
40,0,0,14242068001,3,1,1,10,2.0,2.0,31.019999999999996,0.41674418604651164,1
40,1,0,12011133001,3,0,1,12,10.97,10.97,41.989999999999995,0.5487906976744186,1
40,2,0,12022093003,3,0,1,24,3.86,3.86,45.849999999999994,0.2573720930232558,2
39,3,1,12120064001,3,1,1,36,2.36,2.36,16.759999999999998,0.583741935483871,1
39,4,1,12104015001,3,1,1,72,1.88,1.88,18.639999999999997,0.5208387096774194,1
39,5,1,12002093001,3,0,1,6,7.13,7.13,25.769999999999996,0.4864516129032258,1
39,0,0,14001020001,3,0,1,12,2.24,2.24,28.009999999999998,0.5134883720930232,1
39,1,0,30073017001,3,0,1,6,4.194,4.194,32.204,0.32651162790697674,2
39,2,0,31530008001,3,0,1,12,1.5,1.5,33.704,0.12274418604651163,3
38,3,1,10020040001,3,1,1,30,6.866,6.866,32.066,0.31616129032258067,2
38,4,1,11103314001,3,0,1,12,6.602,6.602,38.668000000000006,0.47974193548387095,1
38,5,1,14102223001,3,0,1,48,2.02,2.02,40.68800000000001,0.24567741935483872,2
38,0,0,11103054003,3,0,1,6,13.3,13.3,53.988000000000014,0.6747906976744186,1
38,1,0,11102014001,3,1,1,20,10.39,10.39,64.37800000000001,0.439046511627907,1
38,2,0,41401068001,3,1,1,1,0.8,0.8,65.17800000000001,0.30134883720930233,2
37,3,1,10000006001,3,0,1,12,4.69,4.69,21.82,0.21806451612903227,2
37,4,1,12106113001,3,1,1,72,2.04,2.04,23.86,0.5156129032258064,1
37,5,1,12000080001,3,0,1,12,8.6,8.6,32.46,0.5852903225806452,1
37,0,0,11023012001,3,0,1,12,5.82,5.82,38.28,0.35916279069767443,1
37,1,0,12005015010,3,0,1,12,2.5,2.5,40.78,0.38065116279069766,1
37,2,0,10052033001,3,0,1,12,12.35,12.35,53.13,0.48446511627906974,1
36,3,1,14360087001,3,0,1,6,3.7,3.7,12.11,0.4118709677419355,1
36,4,1,11074012001,3,0,1,12,7.46,7.46,19.57,0.6038709677419355,1
36,5,1,12010243001,3,1,1,24,15.78,15.78,35.35,0.936,1
36,0,0,14210061001,3,1,1,12,1.74,1.74,37.09,0.28569767441860466,1
36,1,0,12327086001,3,1,1,12,4.188,4.188,41.278000000000006,0.41004651162790695,1
36,2,0,35302040001,3,0,1,12,11.59,11.59,52.86800000000001,0.4744186046511628,1
35,3,1,14832931001,3,0,1,24,4.87,4.87,35.47,0.23741935483870968,3
35,4,1,11074041001,3,0,1,12,5.26,5.26,40.73,0.4807741935483871,1
35,5,1,14710006001,3,1,1,6,1.148,1.148,41.878,0.5736774193548387,1
35,0,0,12003072001,3,0,1,9,5.84,5.84,47.718,0.27013953488372094,1
35,1,0,12000183001,3,1,1,12,7.5,7.5,55.218,0.31646511627906976,2
35,2,0,14222006001,3,0,1,12,3.302,3.302,58.52,0.26120930232558137,3
34,3,1,14508022001,3,0,1,12,3.57,3.57,52.57,0.7862903225806451,1
34,4,1,12010085001,3,0,1,14,3.65,3.65,56.22,0.35096774193548386,1
34,5,1,12011999001,3,0,1,12,7.41,7.41,63.629999999999995,0.44129032258064516,1
34,0,0,12002037001,3,0,1,6,7.0,7.0,70.63,0.305953488372093,1
34,1,0,14244074001,3,1,1,12,5.58,5.58,76.21,0.45069767441860464,1
34,2,0,14822906001,3,0,1,12,6.206,6.206,82.416,0.19646511627906976,3
67,16,4,31707086001,3,3,1,36,2.8,2.8,2.8,0.10130232558139535,5
67,14,3,11010015002,3,3,1,6,13.5,13.5,16.3,0.4015503875968992,2
67,15,3,14831005001,3,1,1,48,7.78,7.78,24.080000000000002,0.2055813953488372,2
67,3,1,11050142001,3,0,1,12,6.75,6.75,30.830000000000002,0.46519354838709676,1
67,4,1,35751018001,3,0,1,12,11.0,11.0,41.83,0.6387096774193548,1
67,5,1,12000425001,3,0,1,12,8.6,8.6,50.43,0.4584516129032258,1
67,0,0,12005093010,3,1,1,12,3.19,3.19,53.62,0.37488372093023253,1
67,1,0,11021074001,3,0,1,6,4.35,4.35,57.97,0.43646511627906975,1
67,2,0,11040058001,3,0,1,12,11.72,11.72,69.69,0.43953488372093025,1
68,16,4,12011482001,3,3,1,12,10.68,10.68,10.68,0.1714186046511628,4
68,14,3,12010124001,3,0,1,12,5.9,5.9,16.58,0.20511627906976745,4
68,15,3,11020010001,3,3,1,12,7.39,7.39,23.97,0.29767441860465116,2
68,3,1,11041029001,3,0,1,12,1.54,1.54,25.509999999999998,0.34383870967741936,1
68,4,1,12001119001,3,0,1,12,5.9,5.9,31.409999999999997,0.47335483870967743,1
68,5,1,12102022001,3,0,1,48,7.46,7.46,38.87,0.6129032258064516,1
68,0,0,31707041001,3,1,1,24,1.53,1.53,40.4,0.5193023255813953,1
68,1,0,11021028001,3,0,1,12,7.41,7.41,47.81,0.45544186046511625,1
68,2,0,10041055001,3,0,1,6,5.41,5.41,53.22,0.35423255813953486,1
69,16,4,11030007001,3,3,1,12,6.148,6.148,6.148,0.12018604651162791,7
69,14,3,11110033001,3,3,1,8,12.91,12.91,19.058,0.3192558139534884,2
69,15,3,14310037001,3,4,1,12,6.5,6.5,25.558,0.3056124031007752,2
69,3,1,12103053001,3,0,1,48,2.5,2.5,28.058,0.567741935483871,1
69,4,1,12105046001,3,0,1,12,7.2,7.2,35.258,0.46741935483870967,1
69,5,1,12003123001,3,0,1,12,4.394,4.394,39.652,0.4529032258064516,1
69,0,0,12012984001,3,0,1,24,6.088,6.088,45.74,0.3106279069767442,2
69,1,0,12102113001,3,1,1,10,3.306,3.306,49.046,0.2988837209302326,1
69,2,0,10014044001,3,1,1,30,6.2,6.2,55.246,0.24865116279069768,2
70,16,4,12002026001,3,3,1,12,7.27,7.27,7.27,0.1215968992248062,5
70,14,3,11041023001,3,3,1,12,1.54,1.54,8.809999999999999,0.16525581395348837,3
70,15,3,10013011001,3,3,1,18,5.0,5.0,13.809999999999999,0.10964341085271317,4
70,3,1,14341019001,3,0,1,24,12.434,12.434,26.244,0.507258064516129,1
70,4,1,10052009001,3,0,1,12,11.5,11.5,37.744,0.6967741935483871,1
70,5,1,14241078001,3,1,1,10,1.5,1.5,39.244,0.4461935483870968,1
70,0,0,11102017001,3,1,1,20,16.07,16.07,55.314,0.49023255813953487,1
70,1,0,35751021001,3,1,1,12,11.076,11.076,66.39,0.5626046511627907,1
70,2,0,31421022001,3,1,1,24,3.54,3.54,69.93,0.40330232558139534,1
71,16,4,10022908001,3,2,1,24,9.32,9.32,9.32,0.11386046511627906,7
71,14,3,11110045001,3,3,1,8,12.91,12.91,22.23,0.3192558139534884,2
71,15,3,10041005001,3,5,1,6,6.41,6.41,28.64,0.224031007751938,3
71,3,1,12121062001,3,0,1,12,1.332,1.332,29.972,0.45183870967741935,1
71,4,1,12001031001,3,1,1,24,6.46,6.46,36.432,0.4529032258064516,1
71,5,1,10023991001,3,1,1,6,4.63,4.63,41.062000000000005,0.825,1
71,0,0,12011285001,3,0,1,12,9.29,9.29,50.352000000000004,0.3877906976744186,1
71,1,0,12011139001,3,0,1,12,10.0,10.0,60.352000000000004,0.42209302325581394,1
71,2,0,14301109001,3,0,1,12,1.2,1.2,61.55200000000001,0.40330232558139534,1
72,16,4,14225030001,3,4,1,159,6.84,6.84,6.84,0.10883720930232559,4
72,14,3,32504043005,3,0,1,12,3.0,3.0,9.84,0.26962790697674416,1
72,15,3,12001047001,3,0,1,6,7.16,7.16,17.0,0.21283720930232558,2
72,3,1,11110087002,3,0,1,6,10.37,10.37,27.369999999999997,0.823741935483871,1
72,4,1,14310054001,3,0,1,8,2.35,2.35,29.72,0.32941935483870965,2
72,5,1,14244022001,3,0,1,12,2.01,2.01,31.729999999999997,0.3321290322580645,2
72,0,0,14203055001,3,1,1,10,2.53,2.53,34.26,0.4646511627906977,1
72,1,0,12011103001,3,1,1,6,4.29,4.29,38.55,0.23790697674418604,2
72,2,0,12002064001,3,0,1,12,8.39,8.39,46.94,0.4154418604651163,1
73,16,4,14312011001,3,4,1,12,9.55,9.55,9.55,0.16496124031007753,4
73,14,3,14833078001,3,4,1,48,9.796,9.796,19.346,0.24906976744186046,2
73,15,3,14601899001,3,4,1,80,4.26,4.26,23.606,0.2837829457364341,2
73,3,1,12000076001,3,0,1,6,7.9,7.9,31.506,0.40761290322580646,1
73,4,1,14742016001,3,1,1,24,2.07,2.07,33.576,0.3832258064516129,2
73,5,1,14701041001,3,1,1,12,5.19,5.19,38.766,0.608,1
73,0,0,11030179001,3,0,1,12,3.08,3.08,41.846,0.21555813953488373,3
73,1,0,12112002001,3,0,1,6,1.6,1.6,43.446,0.09083720930232558,8
73,2,0,14741028001,3,1,1,24,10.53,10.53,53.976,0.5199069767441861,1
74,16,4,11050141002,3,3,1,12,4.82,4.82,4.82,0.15813953488372093,5
74,14,3,12000070001,3,1,1,12,8.6,8.6,13.42,0.28130232558139534,2
74,15,3,12000005001,3,0,1,9,5.84,5.84,19.259999999999998,0.18009302325581394,2
74,3,1,31530027001,3,0,1,20,2.05,2.05,21.31,0.44070967741935485,1
74,4,1,12000039001,3,0,1,12,6.7,6.7,28.009999999999998,0.5549677419354838,1
74,5,1,12000019001,3,0,1,12,8.166,8.166,36.176,0.5163870967741936,1
74,0,0,12151073001,3,0,1,12,7.51,7.51,43.686,0.41748837209302325,1
74,1,0,10052002001,3,0,1,12,12.31,12.31,55.996,0.4671627906976744,1
74,2,0,12000221001,3,0,1,12,8.426,8.426,64.422,0.44651162790697674,1
75,16,4,12034097001,3,4,1,35,1.93,1.93,1.93,0.20465116279069767,4
75,14,3,12014004001,3,4,1,20,2.0,2.0,3.9299999999999997,0.3134263565891473,2
75,15,3,12000035001,3,0,1,12,8.724,8.724,12.654,0.28130232558139534,2
75,3,1,11030016001,3,0,1,12,5.44,5.44,18.094,0.7354838709677419,1
75,4,1,14343027001,3,1,1,12,14.556,14.556,32.65,0.651483870967742,1
75,5,1,12011186001,3,0,1,12,11.82,11.82,44.47,0.7612258064516129,1
75,0,0,11110056001,3,1,1,6,4.59,4.59,49.06,0.5441860465116279,1
75,1,0,14203065001,3,1,1,20,3.74,3.74,52.800000000000004,0.5169767441860466,1
75,2,0,14352014001,3,0,1,12,5.5,5.5,58.300000000000004,0.4604651162790698,1
76,16,4,14310056001,3,3,1,8,2.34,2.34,2.34,0.07916279069767442,10
76,14,3,14700008001,3,1,1,12,5.18,5.18,7.52,0.29221705426356587,1
76,15,3,12201059001,3,1,36,36,0.2,7.2,14.719999999999999,0.8930232558139535,36
76,6,2,12201059001,3,4,9,9,0.2,1.8,16.52,0.9365853658536586,9
76,7,2,12201059001,3,4,9,9,0.2,1.8,18.32,0.9365853658536586,9
76,8,2,12201059001,3,4,9,9,0.2,1.8,20.12,0.9365853658536586,9
76,9,2,12201059001,3,4,9,9,0.2,1.8,21.92,0.9365853658536586,9
76,10,2,12201059001,3,4,9,9,0.2,1.8,23.720000000000002,0.9365853658536586,9
76,11,2,12201059001,3,4,9,9,0.2,1.8,25.520000000000003,0.9365853658536586,9
76,12,2,12201059001,3,4,9,9,0.2,1.8,27.320000000000004,0.9365853658536586,9
76,13,2,12201059001,3,4,9,9,0.2,1.8,29.120000000000005,0.9365853658536586,9
76,3,1,12201059001,3,1,7,7,0.2,1.4000000000000001,30.520000000000003,0.36129032258064514,18
76,4,1,11050094001,3,0,10,10,0.65,6.5,37.02,0.5961290322580645,10
76,5,1,11050094001,3,0,4,4,0.65,2.6,39.620000000000005,0.2384516129032258,10
76,0,0,12123112001,3,1,13,13,0.123,1.599,41.219,0.3918139534883721,24
76,1,0,14311086001,3,5,5,5,0.63,3.15,44.369,0.5811627906976744,6
76,2,0,12123070001,3,0,4,4,0.13,0.52,44.889,0.09823255813953488,30
75,6,2,14313008001,3,3,4,4,0.1,0.4,58.7,0.4495609756097561,6
75,7,2,41417013001,3,2,3,3,0.3,0.8999999999999999,59.6,0.22829268292682928,8
75,8,2,42301034001,3,5,3,3,0.172,0.516,60.116,0.2622439024390244,10
75,9,2,11103147001,3,2,3,3,1.5,4.5,64.616,0.5463414634146342,5
75,10,2,61037010002,3,1,2,12,0.84,1.68,66.296,0.3460162601626016,5
75,11,2,14342020001,3,1,1,6,4.25,4.25,70.546,0.4411707317073171,1
75,12,2,14342020001,3,1,1,6,4.25,4.25,74.796,0.4411707317073171,1
75,13,2,12020220001,3,1,1,6,1.4,1.4,76.19600000000001,0.4370731707317073,1
74,6,2,12020220001,3,1,1,6,1.4,1.4,65.822,0.4370731707317073,1
74,7,2,12211013001,3,2,2,2,0.1,0.2,66.022,0.5463414634146342,3
74,8,2,42613064002,3,0,1,1,0.4,0.4,66.42200000000001,0.06373983739837398,12
74,9,2,11051011001,3,0,1,12,4.1,4.1,70.522,0.5838048780487805,1
74,10,2,12012027001,3,2,1,12,1.31,1.31,71.83200000000001,0.17801626016260164,4
74,11,2,32470025001,3,2,1,12,2.27,2.27,74.102,0.2819512195121951,2
74,12,2,31254899001,3,0,1,20,4.0,4.0,78.102,0.39570731707317075,1
74,13,2,12010069001,3,0,1,12,6.84,6.84,84.94200000000001,0.8741463414634146,1
73,6,2,14602050001,3,1,1,6,1.2,1.2,55.176,0.16858536585365855,4
73,7,2,12003111001,3,4,1,6,1.64,1.64,56.816,0.22113821138211381,3
73,8,2,14241043001,3,0,1,8,2.67,2.67,59.486000000000004,0.5736585365853658,1
73,9,2,12020960001,3,0,1,15,2.84,2.84,62.32600000000001,0.6321951219512195,1
73,10,2,14602110001,3,1,1,6,1.01,1.01,63.336000000000006,0.0913170731707317,8
73,11,2,11031916001,3,0,1,12,3.5,3.5,66.83600000000001,0.7612357723577236,1
73,12,2,12016139001,3,0,1,24,4.1,4.1,70.936,0.6228292682926829,1
73,13,2,12002044001,3,1,1,9,5.262,5.262,76.19800000000001,0.6638048780487805,1
72,6,2,14602045001,3,0,1,6,0.97,0.97,47.91,0.0913170731707317,8
72,7,2,14853033001,3,0,1,24,2.522,2.522,50.431999999999995,0.33190243902439026,2
72,8,2,14850012001,3,1,1,12,1.29,1.29,51.721999999999994,0.5684552845528456,1
72,9,2,11030017001,3,0,1,12,1.85,1.85,53.571999999999996,0.6634146341463415,1
72,10,2,35307925001,3,1,1,6,5.492,5.492,59.06399999999999,0.7804878048780488,1
72,11,2,12034154001,3,2,1,6,0.1,0.1,59.163999999999994,0.0416260162601626,15
72,12,2,14633031001,3,0,1,12,0.83,0.83,59.99399999999999,0.12878048780487805,4
72,13,2,11002007001,3,0,1,12,7.66,7.66,67.654,0.4308292682926829,1
71,6,2,12020237001,3,0,1,12,2.042,2.042,63.59400000000001,0.5970731707317073,1
71,7,2,12012072001,3,0,1,12,2.8,2.8,66.394,0.3460162601626016,2
71,8,2,12022153001,3,2,1,12,0.992,0.992,67.38600000000001,0.7284552845528456,1
71,9,2,12001070001,3,0,1,6,1.89,1.89,69.27600000000001,0.25086178861788616,3
71,10,2,14602116001,3,1,1,6,1.0,1.0,70.27600000000001,0.08370731707317074,8
71,11,2,11074060005,3,0,1,10,0.63,0.63,70.906,0.3777560975609756,1
71,12,2,12005082006,3,0,1,3,0.6,0.6,71.506,0.19772357723577236,3
71,13,2,12016106001,3,0,1,24,3.9,3.9,75.406,0.39570731707317075,1
70,6,2,12011453001,3,1,1,6,4.36,4.36,74.29,0.6731707317073171,1
70,7,2,12125030001,3,0,1,16,1.63,1.63,75.92,0.45658536585365855,1
70,8,2,12020461001,3,0,1,6,1.0,1.0,76.92,0.2174959349593496,2
70,9,2,31258003001,3,2,1,24,2.0,2.0,78.92,0.3746341463414634,2
70,10,2,11030128001,3,0,1,12,3.3,3.3,82.22,0.5190243902439025,1
70,11,2,14632014001,3,2,1,10,0.77,0.77,82.99,0.30048780487804877,2
70,12,2,12100009001,3,1,1,24,3.77,3.77,86.75999999999999,0.5809430894308943,1
70,13,2,14241044001,3,0,1,8,2.69,2.69,89.44999999999999,0.5736585365853658,1
69,6,2,12001006001,3,1,1,9,5.5,5.5,60.746,0.8299186991869919,1
69,7,2,12103072001,3,0,1,48,2.9,2.9,63.646,0.6321951219512195,1
69,8,2,12020217001,3,0,1,12,1.78,1.78,65.426,0.5783414634146341,1
69,9,2,14615083001,3,2,1,12,7.48,7.48,72.906,0.34829268292682924,2
69,10,2,14631925001,3,0,1,6,2.82,2.82,75.726,0.2669268292682927,2
69,11,2,14822053001,3,0,1,12,6.0,6.0,81.726,0.5834146341463414,1
69,12,2,41512006001,3,0,1,1,0.676,0.676,82.402,0.4472845528455285,1
69,13,2,11050140002,3,0,1,12,3.76,3.76,86.162,0.4578861788617886,1
68,6,2,11076886001,3,4,1,12,1.94,1.94,55.16,0.2768130081300813,2
68,7,2,12011395001,3,0,1,12,3.59,3.59,58.75,0.4682926829268293,1
68,8,2,32470093001,3,4,1,12,2.2,2.2,60.95,0.2497560975609756,2
68,9,2,14632071001,3,0,1,6,2.82,2.82,63.77,0.2669268292682927,2
68,10,2,12020914001,3,1,1,12,3.56,3.56,67.33,0.5108292682926829,1
68,11,2,41420037001,3,1,1,1,0.385,0.385,67.715,0.1151869918699187,4
68,12,2,12102046001,3,0,1,24,3.7,3.7,71.415,0.7479674796747967,1
68,13,2,12016045001,3,4,1,6,0.52,0.52,71.935,0.11239024390243903,6
67,6,2,12003015001,3,2,1,8,2.93,2.93,72.62,0.6673170731707317,1
67,7,2,12102101001,3,0,1,12,3.0,3.0,75.62,0.6764227642276422,1
67,8,2,14310062001,3,2,1,8,0.6,0.6,76.22,0.08741463414634146,8
67,9,2,12324139001,3,0,1,6,0.654,0.654,76.874,0.3892032520325203,1
67,10,2,12020458001,3,5,1,12,2.45,2.45,79.324,0.38146341463414635,2
67,11,2,12003120001,3,2,1,6,1.076,1.076,80.39999999999999,0.24585365853658536,3
67,12,2,31532003001,3,0,1,20,0.23,0.23,80.63,0.4058536585365854,2
67,13,2,14204101001,3,0,1,12,0.76,0.76,81.39,0.6811056910569105,1
66,6,2,14631082001,3,0,1,12,9.942,9.942,173.56600000000003,0.45658536585365855,1
66,7,2,12020420001,3,1,1,12,2.736,2.736,176.30200000000002,0.7375609756097561,1
66,8,2,14616194001,3,1,1,12,6.3,6.3,182.60200000000003,0.7118048780487805,1
66,9,2,12005003002,3,1,1,12,1.73,1.73,184.33200000000002,0.7154471544715447,1
66,10,2,12020025001,3,0,1,12,1.634,1.634,185.966,0.44227642276422763,1
66,11,2,12020323001,3,0,1,6,0.79,0.79,186.756,0.1821138211382114,4
66,12,2,32430039001,3,1,1,24,1.5,1.5,188.256,0.2919024390243902,2
66,13,2,14110271001,3,1,1,1,1.1,1.1,189.356,0.6733658536585366,1
65,6,2,14632450001,3,4,1,6,2.6,2.6,107.99399999999999,0.32871544715447154,2
65,7,2,11051012001,3,0,1,12,12.61,12.61,120.60399999999998,0.7960975609756098,1
65,8,2,14616195001,3,1,1,12,6.3,6.3,126.90399999999998,0.7118048780487805,1
65,9,2,12010072001,3,5,1,18,1.5,1.5,128.404,0.2094308943089431,4
65,10,2,11112007001,3,0,1,12,3.66,3.66,132.064,0.4682926829268293,1
65,11,2,12105061001,3,0,1,24,2.6,2.6,134.664,0.4278373983739837,1
65,12,2,12011389001,3,1,1,12,3.5,3.5,138.164,0.7695609756097561,1
65,13,2,12020045001,3,0,1,3,0.5,0.5,138.664,0.10380487804878048,8
64,6,2,12000497001,3,1,1,6,4.9,4.9,92.16199999999999,0.6910569105691057,1
64,7,2,12034036001,3,4,1,24,0.42,0.42,92.582,0.16917073170731708,3
64,8,2,11051037001,3,0,1,12,7.87,7.87,100.452,0.4979512195121951,1
64,9,2,12001064001,3,4,1,6,1.77,1.77,102.222,0.23479674796747968,3
64,10,2,14820004001,3,0,1,12,7.82,7.82,110.042,0.6224390243902439,1
64,11,2,30000049001,3,0,1,12,1.2,1.2,111.242,0.10926829268292683,8
64,12,2,61062008002,3,0,1,12,1.0,1.0,112.242,0.39570731707317075,1
64,13,2,11030024001,3,0,1,12,2.5,2.5,114.742,0.4292682926829268,1
63,6,2,11076883001,3,4,1,12,1.72,1.72,103.62199999999999,0.3151219512195122,2
63,7,2,12012098001,3,1,1,12,5.95,5.95,109.57199999999999,0.7958373983739837,1
63,8,2,11076938001,3,0,1,12,1.1,1.1,110.67199999999998,0.1902439024390244,2
63,9,2,61062008003,3,0,1,12,2.0,2.0,112.67199999999998,0.39570731707317075,1
63,10,2,12102136001,3,5,1,10,1.52,1.52,114.19199999999998,0.25951219512195123,3
63,11,2,30001041001,3,0,1,12,1.5,1.5,115.69199999999998,0.1521951219512195,4
63,12,2,12020260001,3,5,1,6,1.28,1.28,116.97199999999998,0.20604878048780487,3
63,13,2,12005082003,3,0,1,3,0.6,0.6,117.57199999999997,0.19772357723577236,3
62,6,2,11073900001,3,0,1,12,1.82,1.82,86.61099999999999,0.3772357723577236,2
62,7,2,14602025001,3,0,1,6,0.97,0.97,87.58099999999999,0.0913170731707317,8
62,8,2,14602051001,3,0,1,6,0.828,0.828,88.40899999999999,0.13021138211382113,4
62,9,2,11051009001,3,0,1,12,4.07,4.07,92.47899999999998,0.3737235772357724,1
62,10,2,12017019001,3,1,1,8,2.5,2.5,94.97899999999998,0.5494634146341464,1
62,11,2,12102042001,3,1,1,10,1.64,1.64,96.61899999999999,0.24039024390243902,2
62,12,2,12016061001,3,0,1,6,0.86,0.86,97.47899999999998,0.17560975609756097,4
62,13,2,12000325001,3,0,1,12,3.52,3.52,100.99899999999998,0.44227642276422763,1
61,6,2,11041031001,3,1,1,12,1.6,1.6,77.38199999999999,0.6638048780487805,1
61,7,2,35300010001,3,1,1,6,5.48,5.48,82.862,0.7180487804878048,1
61,8,2,12010153001,3,0,1,12,3.69,3.69,86.55199999999999,0.5174634146341464,1
61,9,2,12102030001,3,4,1,12,2.12,2.12,88.672,0.38926829268292684,2
61,10,2,12004170001,3,4,1,3,0.8,0.8,89.472,0.06920325203252033,12
61,11,2,12023015001,3,2,1,6,1.19,1.19,90.66199999999999,0.21541463414634146,3
61,12,2,12016026001,3,1,1,18,1.54,1.54,92.202,0.3231219512195122,2
61,13,2,12100091001,3,0,1,12,2.5,2.5,94.702,0.34556097560975607,1
60,6,2,11074019001,3,0,1,10,0.61,0.61,58.332,0.3777560975609756,1
60,7,2,12000042001,3,2,1,6,5.31,5.31,63.642,0.71869918699187,1
60,8,2,12005056002,3,5,1,12,2.0,2.0,65.642,0.38634146341463416,2
60,9,2,12002071001,3,2,1,8,3.8,3.8,69.442,0.6426016260162601,1
77,16,4,14850042001,0,1,1,1,15.5,15.5,15.5,0.3464186046511628,1
78,16,4,14850042001,0,1,1,1,15.5,15.5,15.5,0.3464186046511628,1
79,16,4,31709974001,0,0,1,12,0.7,0.7,0.7,0.08953488372093023,6
80,16,4,31546020001,0,0,1,12,3.044,3.044,3.044,0.11930232558139535,4
81,16,4,14103070001,0,1,1,12,5.17,5.17,5.17,0.4268372093023256,1
82,16,4,10023051001,0,1,1,4,14.54,14.54,14.54,0.3102325581395349,1
83,16,4,31253002001,0,1,1,70,17.6,17.6,17.6,0.33844186046511626,1
84,16,4,31253001001,0,4,1,70,24.65,24.65,24.65,0.4330232558139535,1
85,16,4,31611044001,0,1,1,12,2.6,2.6,2.6,0.27410852713178296,1
85,14,3,12210003001,0,2,3,3,0.2,0.6000000000000001,3.2,0.6429767441860466,3
85,15,3,12210003001,0,2,3,3,0.2,0.6000000000000001,3.8000000000000003,0.6429767441860466,3
84,14,3,12210003001,0,2,3,3,0.2,0.6000000000000001,25.25,0.6429767441860466,3
84,15,3,12210003001,0,2,1,1,0.2,0.2,25.45,0.21432558139534882,3
83,14,3,14851007001,0,1,2,2,7.06,14.12,31.72,0.5302325581395348,2
83,15,3,14851007001,0,1,2,2,7.06,14.12,45.839999999999996,0.5302325581395348,2
82,14,3,14501031001,0,1,1,12,3.24,3.24,17.78,0.3988372093023256,1
82,15,3,14501031001,0,1,1,12,3.24,3.24,21.020000000000003,0.3988372093023256,1
81,14,3,14352069001,0,0,1,12,4.5,4.5,9.67,0.4744186046511628,1
81,15,3,31532099001,0,1,1,24,1.2,1.2,10.87,0.39069767441860465,1
80,14,3,14311065001,0,1,1,20,10.898,10.898,13.942,0.6821705426356589,1
80,15,3,14330039001,0,1,1,12,12.92,12.92,26.862000000000002,0.5587596899224806,1
79,14,3,14370072001,0,1,1,30,10.2,10.2,10.899999999999999,0.382015503875969,1
79,15,3,31500025001,0,1,1,30,15.12,15.12,26.019999999999996,0.5038759689922481,1
78,14,3,14332014001,0,1,1,6,12.36,12.36,27.86,0.5424186046511628,1
78,15,3,11032222002,0,1,1,12,10.87,10.87,38.73,0.5487906976744186,1
77,14,3,14010219001,0,1,1,10,1.5,1.5,17.0,0.407937984496124,1
77,15,3,14740038001,0,1,1,12,12.84,12.84,29.84,0.45069767441860464,1
86,16,4,12102080001,0,1,1,24,11.336,11.336,11.336,0.2532558139534884,2
86,14,3,11072012002,0,1,1,24,10.78,10.78,22.116,0.5007751937984496,1
86,15,3,12000223001,0,0,1,12,11.2,11.2,33.316,0.4144186046511628,1
87,16,4,14351034001,0,0,1,9,4.3,4.3,4.3,0.2881395348837209,2
87,14,3,14022107001,0,1,1,12,1.7,1.7,6.0,0.562015503875969,1
87,15,3,12011237001,0,0,1,6,12.55,12.55,18.55,0.47404651162790695,1
88,16,4,10020010001,0,1,1,24,13.9,13.9,13.9,0.19782945736434107,2
88,14,3,14104030001,0,1,1,10,4.25,4.25,18.15,0.35790697674418603,1
88,15,3,14001096001,0,1,1,12,3.2,3.2,21.349999999999998,0.37209302325581395,2
89,16,4,14361137001,0,1,1,12,3.798,3.798,3.798,0.25888372093023254,2
89,14,3,14311113001,0,1,1,20,8.48,8.48,12.278,0.6864341085271318,1
89,15,3,14120014001,0,1,1,12,6.71,6.71,18.988,0.4502325581395349,1
90,16,4,31500022004,0,1,1,20,6.24,6.24,6.24,0.14834108527131784,2
90,14,3,14506190001,0,1,1,12,13.39,13.39,19.630000000000003,0.33906976744186046,1
90,15,3,14721944001,0,1,1,20,7.45,7.45,27.080000000000002,0.574108527131783,1
91,16,4,31502034003,0,0,1,30,15.0,15.0,15.0,0.26672868217054263,2
91,14,3,14312070001,0,1,1,24,5.5,5.5,20.5,0.5621705426356589,1
91,15,3,31500030001,0,1,1,20,7.0,7.0,27.5,0.2930232558139535,1
92,16,4,14353045001,0,1,1,12,11.17,11.17,11.17,0.3013953488372093,2
92,14,3,11032018002,0,1,1,12,5.62,5.62,16.79,0.3315348837209302,1
92,15,3,14000072001,0,1,1,12,3.1,3.1,19.89,0.313953488372093,1
93,16,4,14204077001,0,1,1,36,4.73,4.73,4.73,0.24483720930232558,2
93,14,3,14511005001,0,1,1,6,16.33,16.33,21.06,0.3918139534883721,1
93,15,3,14361055001,0,1,1,12,3.5,3.5,24.56,0.4945736434108527,1
94,16,4,14243016001,0,1,1,24,11.06,11.06,11.06,0.2787906976744186,2
94,14,3,12106064001,0,1,1,36,7.7,7.7,18.76,0.874,1
94,15,3,12011347001,0,1,1,12,14.69,14.69,33.45,0.48372093023255813,1
95,16,4,14010285001,0,1,1,10,3.75,3.75,3.75,0.29953488372093023,2
95,14,3,11061011001,0,0,1,30,1.4,1.4,5.15,0.7953488372093023,1
95,15,3,14311032001,0,1,1,20,10.85,10.85,16.0,0.6668217054263565,1
96,16,4,14311003001,0,1,1,20,10.9,10.9,10.9,0.3497674418604651,2
96,14,3,10023892001,0,1,1,4,9.38,9.38,20.28,0.5655813953488372,1
96,15,3,11071033001,0,1,1,24,6.9,6.9,27.18,0.6186046511627907,1
97,16,4,12011238001,0,0,1,6,12.5,12.5,12.5,0.23702325581395348,2
97,14,3,14506045001,0,0,1,12,4.57,4.57,17.07,0.44288372093023254,1
97,15,3,14512013001,0,0,1,12,15.29,15.29,32.36,0.39069767441860465,2
98,16,4,14104139001,0,1,1,15,4.4,4.4,4.4,0.38883720930232557,2
98,14,3,14210021001,0,1,1,12,4.892,4.892,9.292000000000002,0.3304186046511628,2
98,15,3,14361899001,0,1,1,12,4.806,4.806,14.098000000000003,0.5402790697674419,1
99,16,4,31762009001,0,1,1,18,2.2,2.2,2.2,0.30930232558139537,2
99,14,3,14311051001,0,1,1,20,13.51,13.51,15.71,0.6821705426356589,1
99,15,3,14120008001,0,1,1,12,5.91,5.91,21.62,0.3601860465116279,1
100,16,4,14352058001,0,0,1,12,4.6,4.6,4.6,0.22772093023255813,2
100,14,3,12120034001,0,1,1,36,2.2,2.2,6.8,0.349953488372093,1
100,15,3,31476039001,0,1,1,50,6.0,6.0,12.8,0.5694418604651162,1
101,16,4,14311172001,0,1,1,20,3.02,3.02,3.02,0.26120930232558137,2
101,14,3,10023008001,0,1,1,4,13.54,13.54,16.56,0.5157209302325582,1
101,15,3,12010054001,0,1,1,24,9.2,9.2,25.759999999999998,0.41364341085271317,1
102,16,4,14730010001,0,1,1,12,1.7,1.7,1.7,0.13886821705426355,2
102,14,3,14740061001,0,1,1,12,13.21,13.21,14.91,0.5035658914728682,1
102,15,3,10033033001,0,1,1,24,17.76,17.76,32.67,0.40930232558139534,1
103,16,4,12000089001,0,0,1,12,11.1,11.1,11.1,0.1804341085271318,2
103,14,3,11073009001,0,1,1,48,3.92,3.92,15.02,0.2474418604651163,2
103,15,3,14220146001,0,1,1,10,2.7,2.7,17.72,0.4747906976744186,1
104,16,4,11030020001,0,1,1,24,6.5,6.5,6.5,0.3095813953488372,2
104,14,3,14353025001,0,1,1,24,14.108,14.108,20.608,0.5916279069767442,1
104,15,3,14241003001,0,1,1,24,8.678,8.678,29.286,0.45125581395348835,1
105,16,4,10014214001,0,0,1,6,8.0,8.0,8.0,0.1657674418604651,2
105,14,3,12102053001,0,1,1,48,9.36,9.36,17.36,0.43534883720930234,1
105,15,3,31567004001,0,1,1,24,2.0,2.0,19.36,0.6233178294573644,1
106,16,4,31531047001,0,1,1,24,4.138,4.138,4.138,0.2648217054263566,2
106,14,3,14310020001,0,1,1,10,10.1,10.1,14.238,0.5665116279069767,1
106,15,3,14601028001,0,1,1,12,8.8,8.8,23.038,0.31516279069767444,1
107,16,4,11071021001,0,1,1,24,3.95,3.95,3.95,0.1596279069767442,2
107,14,3,10000013001,0,4,2,48,7.03,14.06,18.01,0.355968992248062,4
107,15,3,10021022001,0,4,2,24,13.12,26.24,44.25,0.5938604651162791,3
107,0,0,15021047001,0,3,2,48,6.78,13.56,57.81,0.46493023255813953,2
107,1,0,10014029001,0,4,1,24,12.92,12.92,70.73,0.48055813953488374,1
107,2,0,10014029001,0,4,1,24,12.92,12.92,83.65,0.48055813953488374,1
106,0,0,10014111001,0,4,2,48,8.71,17.42,40.458,0.6407441860465116,2
106,1,0,11032008001,0,3,1,36,12.2,12.2,52.658,0.506,1
106,2,0,11032008001,0,3,1,36,12.2,12.2,64.858,0.506,1
105,0,0,10014067001,0,3,2,48,6.75,13.5,32.86,0.4538604651162791,2
105,1,0,14010088001,0,4,1,15,2.43,2.43,35.29,0.45125581395348835,1
105,2,0,14010088001,0,4,1,15,2.43,2.43,37.72,0.45125581395348835,1
104,0,0,10020030001,0,4,1,24,13.468,13.468,42.754000000000005,0.5469767441860465,1
104,1,0,10020030001,0,4,1,24,13.468,13.468,56.22200000000001,0.5469767441860465,1
104,2,0,12327084001,0,4,2,2,7.2,14.4,70.62200000000001,0.48055813953488374,2
103,0,0,14502016001,0,1,1,30,3.63,3.63,21.349999999999998,0.4190232558139535,1
103,1,0,14805018001,0,4,1,24,9.5,9.5,30.849999999999998,0.30893023255813956,2
103,2,0,14105026001,0,1,1,9,2.71,2.71,33.559999999999995,0.5123720930232558,1
102,0,0,11071902001,0,4,1,12,1.42,1.42,34.09,0.42,1
102,1,0,14700075001,0,3,1,12,7.74,7.74,41.830000000000005,0.4493023255813953,2
102,2,0,12010013001,0,4,1,12,7.43,7.43,49.260000000000005,0.5977674418604652,1
101,0,0,14203059001,0,4,1,20,2.88,2.88,28.639999999999997,0.54,1
101,1,0,11041017001,0,1,1,24,9.2,9.2,37.839999999999996,0.5119767441860466,1
101,2,0,12150016001,0,3,1,12,9.75,9.75,47.589999999999996,0.483,1
100,0,0,14111041001,0,4,1,10,5.0,5.0,17.8,0.84,1
100,1,0,14010226001,0,4,1,10,1.1,1.1,18.900000000000002,0.6837209302325581,1
100,2,0,10035010001,0,4,1,24,13.26,13.26,32.160000000000004,0.614046511627907,1
99,0,0,12000108001,0,3,1,12,12.1,12.1,33.72,0.575,1
99,1,0,10020016001,0,4,1,24,13.124,13.124,46.844,0.5665116279069767,1
99,2,0,14131024001,0,4,1,24,5.3,5.3,52.144,0.648,1
98,0,0,14121039001,0,4,1,12,5.86,5.86,19.958000000000002,0.512,1
98,1,0,10014030001,0,4,1,24,13.78,13.78,33.738,0.6798139534883721,1
98,2,0,14001039001,0,0,1,12,4.97,4.97,38.708,0.5893953488372093,1
97,0,0,14805059001,0,4,1,24,10.1,10.1,42.46,0.33467441860465114,1
97,1,0,14200060001,0,3,1,10,3.48,3.48,45.94,0.30988372093023253,3
97,2,0,31530107001,0,4,1,12,1.02,1.02,46.96,0.19451162790697674,4
96,0,0,14633897001,0,4,1,24,7.466,7.466,34.646,0.27348837209302324,2
96,1,0,10031023001,0,4,1,24,15.0,15.0,49.646,0.648,1
96,2,0,14110145001,0,3,1,12,3.5,3.5,53.146,0.28604651162790695,2
95,0,0,31623006001,0,1,1,12,5.2,5.2,21.2,0.4981395348837209,1
95,1,0,10053909001,0,4,1,24,10.66,10.66,31.86,0.5148837209302326,1
95,2,0,14210046001,0,4,1,12,4.78,4.78,36.64,0.3871162790697674,1
94,0,0,14506281001,0,1,1,24,2.8,2.8,36.25,0.4558139534883721,1
94,1,0,14361083001,0,4,1,12,7.4,7.4,43.65,0.7,1
94,2,0,14832037001,0,4,1,30,17.0,17.0,60.65,0.52,1
93,0,0,14503047001,0,4,1,12,1.454,1.454,26.014,0.40632558139534886,1
93,1,0,11050045001,0,0,1,4,13.97,13.97,39.984,0.653093023255814,1
93,2,0,12123073001,0,4,1,24,2.5,2.5,42.484,0.6593023255813953,1
92,0,0,14633900001,0,4,1,12,8.94,8.94,28.83,0.363,2
92,1,0,12102057001,0,1,1,48,9.34,9.34,38.17,0.6078139534883721,1
92,2,0,12105011001,0,1,1,12,14.59,14.59,52.760000000000005,0.7674418604651163,1
91,0,0,12123128001,0,4,1,24,2.9,2.9,30.4,0.5079069767441861,1
91,1,0,11010022001,0,4,1,6,12.06,12.06,42.46,0.627,1
91,2,0,11050064001,0,0,1,4,12.3,12.3,54.760000000000005,0.5893953488372093,1
90,0,0,11101039001,0,1,1,6,12.31,12.31,39.39,0.542093023255814,1
90,1,0,31912019001,0,0,1,12,5.0,5.0,44.39,0.6153488372093023,1
90,2,0,10032048001,0,4,1,24,15.46,15.46,59.85,0.6563720930232558,1
89,0,0,14241023001,0,4,1,24,5.15,5.15,24.137999999999998,0.51,1
89,1,0,14822026001,0,4,1,30,17.0,17.0,41.138,0.52,1
89,2,0,14226012001,0,1,1,60,5.0,5.0,46.138,0.7367441860465116,1
88,0,0,10033048001,0,4,1,24,16.28,16.28,37.629999999999995,0.672,1
88,1,0,31502032004,0,4,1,20,7.61,7.61,45.239999999999995,0.5196279069767442,1
88,2,0,11103224001,0,0,1,4,11.3,11.3,56.53999999999999,0.6965581395348838,1
87,0,0,12212025001,0,4,1,12,7.65,7.65,26.200000000000003,0.3804418604651163,2
87,1,0,12100046001,0,4,1,72,12.9,12.9,39.1,0.8695813953488372,1
87,2,0,31564007001,0,1,1,12,2.0,2.0,41.1,0.3304186046511628,2
86,0,0,11010023001,0,4,1,6,12.5,12.5,45.816,0.627,1
86,1,0,14303033001,0,4,1,12,4.4,4.4,50.216,0.6674418604651163,1
86,2,0,12011062001,0,3,1,12,10.892,10.892,61.108000000000004,0.5616279069767441,1
85,0,0,11022034001,0,1,1,18,11.3,11.3,15.100000000000001,0.6429767441860466,1
85,1,0,11022017001,0,0,1,4,16.578,16.578,31.678,0.7098837209302326,1
85,2,0,12000170001,0,3,1,12,10.8,10.8,42.478,0.5840930232558139,1
84,0,0,10010009001,0,4,1,24,15.9,15.9,41.35,0.6563720930232558,1
84,1,0,14601027001,0,3,1,12,6.89,6.89,48.24,0.3369767441860465,2
84,2,0,11103067001,0,0,1,4,11.3,11.3,59.540000000000006,0.6965581395348838,1
83,0,0,11030066001,0,0,1,24,8.9,8.9,54.739999999999995,0.6495348837209303,1
83,1,0,11010020001,0,4,1,6,12.02,12.02,66.75999999999999,0.6124186046511628,1
83,2,0,11041002001,0,0,1,24,10.78,10.78,77.53999999999999,0.521860465116279,1
82,0,0,12011262001,0,0,1,4,16.818,16.818,37.83800000000001,0.7482558139534884,1
82,1,0,11101038001,0,1,1,6,12.67,12.67,50.50800000000001,0.5119767441860466,1
82,2,0,12011221001,0,3,1,12,12.1,12.1,62.60800000000001,0.5616279069767441,1
81,0,0,12003161001,0,4,1,24,15.2,15.2,26.07,0.64,1
81,1,0,14312005001,0,4,1,12,2.34,2.34,28.41,0.3809302325581395,1
81,2,0,14304135001,0,4,1,12,18.5,18.5,46.91,0.5626046511627907,1
80,0,0,12103048001,0,3,1,72,2.0,2.0,28.862000000000002,0.494,1
80,1,0,12000208001,0,3,1,12,10.8,10.8,39.662000000000006,0.5840930232558139,1
80,2,0,12100002001,0,1,1,48,9.35,9.35,49.01200000000001,0.6078139534883721,1
107,3,1,10040048001,0,0,1,8,17.0,17.0,100.65,0.836,1
107,4,1,10040048001,0,0,1,8,17.0,17.0,117.65,0.836,1
107,5,1,10040048001,0,0,1,8,17.0,17.0,134.65,0.836,1
106,3,1,10040048001,0,0,1,8,17.0,17.0,81.858,0.836,1
106,4,1,10040048001,0,0,1,8,17.0,17.0,98.858,0.836,1
106,5,1,14510180001,0,0,5,5,2.0,10.0,108.858,0.6774193548387096,6
105,3,1,12221001001,0,5,4,4,1.0,4.0,41.72,0.92,4
105,4,1,12221001001,0,5,1,1,1.0,1.0,42.72,0.23,4
105,5,1,15020920001,0,0,2,48,5.26,10.52,53.239999999999995,0.4294193548387097,2
104,3,1,15020920001,0,0,2,48,5.26,10.52,81.14200000000001,0.4294193548387097,2
104,4,1,10002919001,0,0,1,6,13.46,13.46,94.602,0.805,1
104,5,1,10002919001,0,0,1,6,13.46,13.46,108.06200000000001,0.805,1
103,3,1,10002919001,0,0,1,6,13.46,13.46,47.019999999999996,0.805,1
103,4,1,10002919001,0,0,1,6,13.46,13.46,60.48,0.805,1
103,5,1,14511026001,0,0,4,4,1.0,4.0,64.47999999999999,0.5419354838709678,6
102,3,1,14510118001,0,0,3,3,2.5,7.5,56.760000000000005,0.4064516129032258,6
102,4,1,12220021001,0,0,1,1,1.0,1.0,57.760000000000005,0.462,1
102,5,1,12220021001,0,0,1,1,1.0,1.0,58.760000000000005,0.462,1
101,3,1,12220021001,0,0,1,1,1.0,1.0,48.589999999999996,0.462,1
101,4,1,10035011001,0,0,1,8,17.54,17.54,66.13,0.805,1
101,5,1,10035011001,0,0,1,8,17.54,17.54,83.66999999999999,0.805,1
100,3,1,10035011001,0,0,1,8,17.54,17.54,49.7,0.805,1
100,4,1,10016014001,0,1,1,24,10.09,10.09,59.790000000000006,0.4529032258064516,1
100,5,1,10016014001,0,1,1,24,10.09,10.09,69.88000000000001,0.4529032258064516,1
99,3,1,10010019001,0,0,2,36,5.1,10.2,62.343999999999994,0.49135483870967744,2
99,4,1,12212019001,0,0,1,3,8.0,8.0,70.344,0.551,1
99,5,1,12212019001,0,0,1,3,8.0,8.0,78.344,0.551,1
98,3,1,15021057001,0,0,2,48,5.32,10.64,49.348,0.44283870967741934,2
98,4,1,14615070001,0,0,1,6,13.13,13.13,62.478,0.7858064516129032,1
98,5,1,14615070001,0,0,1,6,13.13,13.13,75.608,0.7858064516129032,1
97,3,1,10020012001,0,1,2,48,7.23,14.46,61.42,0.6967741935483871,2
97,4,1,15022021001,0,0,2,48,5.42,10.84,72.26,0.44283870967741934,2
97,5,1,10014086001,0,1,1,24,9.372,9.372,81.632,0.8012903225806451,1
96,3,1,10014086001,0,1,1,24,9.372,9.372,62.518,0.8012903225806451,1
96,4,1,10020046001,0,0,2,48,6.81,13.62,76.138,0.5620645161290323,2
96,5,1,10011007001,0,0,1,12,13.28,13.28,89.418,0.4645161290322581,1
95,3,1,10011007001,0,0,1,12,13.28,13.28,49.92,0.4645161290322581,1
95,4,1,10035024001,0,0,1,12,12.73,12.73,62.650000000000006,0.6009677419354839,1
95,5,1,10035024001,0,0,1,12,12.73,12.73,75.38000000000001,0.6009677419354839,1
94,3,1,14010038001,0,1,1,15,1.94,1.94,62.589999999999996,0.5887741935483871,1
94,4,1,14010038001,0,1,1,15,1.94,1.94,64.53,0.5887741935483871,1
94,5,1,10020003001,0,1,2,48,7.02,14.04,78.57,0.6967741935483871,2
93,3,1,10030020001,0,0,1,12,12.48,12.48,54.964,0.6245161290322581,1
93,4,1,10030020001,0,0,1,12,12.48,12.48,67.444,0.6245161290322581,1
93,5,1,10303003001,0,1,2,48,8.752,17.504,84.94800000000001,0.8361290322580646,2
92,3,1,31567019001,0,0,1,12,5.16,5.16,57.92,0.4290322580645161,1
92,4,1,14210056001,0,0,1,20,1.17,1.17,59.09,0.4633548387096774,1
92,5,1,14200090001,0,1,1,24,3.344,3.344,62.434000000000005,0.6576451612903226,1
91,3,1,11031912001,0,0,1,24,8.35,8.35,63.11000000000001,0.6232258064516129,1
91,4,1,10014037001,0,1,1,24,10.08,10.08,73.19000000000001,0.4529032258064516,1
91,5,1,14101021001,0,0,1,48,2.0,2.0,75.19000000000001,0.24567741935483872,2
90,3,1,14612075001,0,0,1,6,11.7,11.7,71.55,0.7063225806451613,1
90,4,1,10032059001,0,0,1,24,15.8,15.8,87.35,0.7354838709677419,1
90,5,1,14833011001,0,1,1,48,10.2,10.2,97.55,0.5643870967741935,1
89,3,1,14610008001,0,0,1,6,12.1,12.1,58.238,0.7858064516129032,1
89,4,1,12005093004,0,1,1,12,3.17,3.17,61.408,0.52,1
89,5,1,10034049001,0,0,1,8,12.89,12.89,74.298,0.608,1
88,3,1,14621095001,0,3,1,12,10.862,10.862,67.40199999999999,0.6358709677419355,1
88,4,1,14226059001,0,0,1,60,5.08,5.08,72.48199999999999,0.7096774193548387,1
88,5,1,14200092001,0,1,1,24,3.35,3.35,75.83199999999998,0.6576451612903226,1
87,3,1,11040031001,0,0,1,12,10.25,10.25,51.35,0.7633548387096775,1
87,4,1,12005093001,0,1,1,12,3.188,3.188,54.538000000000004,0.52,1
87,5,1,14370076001,0,1,1,40,21.34,21.34,75.878,0.07741935483870968,10
86,3,1,14244009001,0,1,1,10,2.0,2.0,63.108000000000004,0.572516129032258,1
86,4,1,14841001001,0,3,1,24,5.68,5.68,68.78800000000001,0.264,3
86,5,1,11103317001,0,0,1,6,9.72,9.72,78.50800000000001,0.6548387096774193,1
85,3,1,14244919001,0,1,1,12,4.0,4.0,46.478,0.6416129032258064,1
85,4,1,14633934001,0,1,1,72,8.88,8.88,55.358000000000004,0.49135483870967744,1
85,5,1,14242145001,0,1,1,12,2.8,2.8,58.158,0.823741935483871,1
84,3,1,12120007001,0,1,1,12,1.83,1.83,61.370000000000005,0.6619354838709678,1
84,4,1,14244906001,0,0,1,12,2.09,2.09,63.46000000000001,0.31829032258064516,2
84,5,1,14242083001,0,1,1,10,1.91,1.91,65.37,0.6096774193548387,1
83,3,1,14833002001,0,1,1,12,4.0,4.0,81.53999999999999,0.5491612903225807,1
83,4,1,14243010001,0,0,1,12,1.93,1.93,83.47,0.34596774193548385,2
83,5,1,14523031001,0,1,1,12,6.396,6.396,89.866,0.5225806451612903,1
82,3,1,14620163001,0,0,1,12,10.302,10.302,72.91000000000001,0.5563870967741935,1
82,4,1,11110090001,0,0,1,6,12.03,12.03,84.94000000000001,0.823741935483871,1
82,5,1,10020025001,0,0,1,24,6.42,6.42,91.36000000000001,0.3044516129032258,2
81,3,1,14820031001,0,0,1,12,7.43,7.43,54.339999999999996,0.308,2
81,4,1,12121038001,0,1,1,24,3.0,3.0,57.339999999999996,0.6885161290322581,1
81,5,1,11103054001,0,0,1,6,13.14,13.14,70.47999999999999,0.936,1
80,3,1,12010036001,0,0,1,144,12.14,12.14,61.15200000000001,0.667741935483871,1
80,4,1,14810030001,0,1,1,24,10.55,10.55,71.70200000000001,0.5852903225806452,1
80,5,1,14202018001,0,1,1,24,7.67,7.67,79.37200000000001,0.676741935483871,1
79,3,1,12123079001,0,1,1,12,1.49,1.49,27.509999999999994,0.5663225806451613,1
79,4,1,14200088001,0,1,1,24,2.994,2.994,30.503999999999994,0.6576451612903226,1
79,5,1,14223119001,0,0,1,12,1.11,1.11,31.613999999999994,0.2498064516129032,2
79,0,0,14810025001,0,1,1,24,10.72,10.72,42.333999999999996,0.3809302325581395,1
79,1,0,14022027001,0,0,1,15,2.0,2.0,44.333999999999996,0.3561395348837209,1
79,2,0,14226016001,0,0,1,60,5.0,5.0,49.333999999999996,0.5134883720930232,1
78,3,1,14820015001,0,3,1,24,3.82,3.82,42.55,0.216,4
78,4,1,14131044001,0,1,1,10,2.0,2.0,44.55,0.5283870967741936,1
78,5,1,14204010001,0,0,1,30,1.62,1.62,46.169999999999995,0.483,1
78,0,0,14210024001,0,0,1,25,5.622,5.622,51.791999999999994,0.5651162790697675,1
78,1,0,30045077001,0,1,1,20,1.5,1.5,53.291999999999994,0.25153488372093025,1
78,2,0,31503001001,0,1,1,24,20.0,20.0,73.292,0.5632325581395349,1
77,3,1,14226063001,0,0,1,60,5.0,5.0,34.84,0.712258064516129,1
77,4,1,11103027001,0,0,1,6,10.76,10.76,45.6,0.96,1
77,5,1,14110154001,0,1,1,10,2.276,2.276,47.876000000000005,0.8467741935483871,1
77,0,0,14741039001,0,1,1,12,7.4,7.4,55.276,0.3101860465116279,1
77,1,0,14202041001,0,1,1,12,2.04,2.04,57.316,0.4208372093023256,1
77,2,0,12010080001,0,0,1,144,12.14,12.14,69.456,0.4813953488372093,1
108,16,4,14506042001,0,3,1,24,7.49,7.49,7.49,0.10716279069767441,7
108,14,3,14210081001,0,3,1,20,1.03,1.03,8.52,0.22269767441860466,3
108,15,3,14810018001,0,4,1,24,10.6,10.6,19.119999999999997,0.26372093023255816,2
108,3,1,14111018001,0,0,1,24,5.1,5.1,24.22,0.4633548387096774,1
108,4,1,11050047001,0,0,1,8,7.37,7.37,31.59,0.6193548387096774,1
108,5,1,11021036001,0,1,1,12,14.1,14.1,45.69,0.9,1
108,0,0,14342025001,0,0,1,12,6.12,6.12,51.809999999999995,0.22493023255813954,3
108,1,0,14203068001,0,0,1,20,1.94,1.94,53.74999999999999,0.6511627906976745,1
108,2,0,12101003001,0,1,1,48,6.15,6.15,59.89999999999999,0.3594418604651163,2
109,16,4,11031907001,0,0,1,12,5.44,5.44,5.44,0.12697674418604651,6
109,14,3,11030029001,0,3,1,12,4.33,4.33,9.77,0.19441860465116279,4
109,15,3,12005093008,0,4,1,12,3.17,3.17,12.94,0.24992248062015504,2
109,3,1,14832056001,0,0,1,24,3.65,3.65,16.59,0.20438709677419356,3
109,4,1,14612005001,0,0,1,12,17.662,17.662,34.251999999999995,0.7451612903225806,1
109,5,1,12023025001,0,0,1,12,3.56,3.56,37.812,0.47929032258064513,1
109,0,0,14632022001,0,0,1,12,10.526,10.526,48.337999999999994,0.3453488372093023,2
109,1,0,14822965001,0,0,1,12,4.73,4.73,53.068,0.1384186046511628,5
109,2,0,11110082001,0,0,1,6,11.54,11.54,64.608,0.6150697674418605,1
110,16,4,10034015001,0,0,1,24,9.0,9.0,9.0,0.07976744186046511,9
110,14,3,11103111001,0,3,1,6,10.57,10.57,19.57,0.45348837209302323,2
110,15,3,12000438001,0,0,1,12,7.5,7.5,27.07,0.2481860465116279,2
110,3,1,10052024001,0,0,1,12,12.72,12.72,39.79,0.6441290322580645,1
110,4,1,12120015001,0,0,1,24,1.6,1.6,41.39,0.40258064516129033,1
110,5,1,14222089001,0,0,1,12,3.9,3.9,45.29,0.4296774193548387,2
110,0,0,11103005001,0,0,1,6,10.58,10.58,55.87,0.6406976744186047,1
110,1,0,14104005001,0,0,1,10,1.806,1.806,57.675999999999995,0.39069767441860465,2
110,2,0,11103054002,0,0,1,6,13.3,13.3,70.976,0.6747906976744186,1
111,16,4,14503999001,0,4,1,12,2.17,2.17,2.17,0.1925581395348837,4
111,14,3,14310025001,0,3,1,6,3.06,3.06,5.23,0.17711627906976743,3
111,15,3,14832013001,0,4,1,24,7.49,7.49,12.72,0.1758139534883721,4
111,3,1,12000016001,0,0,1,12,10.068,10.068,22.788,0.6178064516129033,1
111,4,1,14631043001,0,0,1,24,10.2,10.2,32.988,0.5173548387096775,1
111,5,1,12010059001,0,1,1,144,16.51,16.51,49.498000000000005,0.975,1
111,0,0,14304187001,0,1,1,12,3.0,3.0,52.498000000000005,0.41674418604651164,1
111,1,0,14833084001,0,1,1,12,4.214,4.214,56.712,0.5803488372093023,1
111,2,0,14822926001,0,0,1,12,8.238,8.238,64.95,0.24941860465116278,3
112,16,4,14242150001,0,4,1,12,2.78,2.78,2.78,0.19088372093023256,4
112,14,3,14612015001,0,5,1,6,9.23,9.23,12.01,0.19609302325581396,3
112,15,3,14822018001,0,3,1,12,7.53,7.53,19.54,0.16124031007751938,4
112,3,1,14101016001,0,0,1,48,2.0,2.0,21.54,0.24567741935483872,2
112,4,1,11050895001,0,0,1,12,13.7,13.7,35.239999999999995,0.7983870967741935,1
112,5,1,14631028001,0,0,1,12,5.77,5.77,41.00999999999999,0.42154838709677417,1
112,0,0,14101017001,0,0,1,48,2.0,2.0,43.00999999999999,0.17711627906976743,3
112,1,0,10034040001,0,1,1,24,14.3,14.3,57.30999999999999,0.6251162790697674,1
112,2,0,30045077002,0,1,1,20,1.5,1.5,58.80999999999999,0.25153488372093025,1
113,16,4,14810022001,0,4,1,24,10.48,10.48,10.48,0.13562790697674418,4
113,14,3,11040040001,0,3,1,12,7.31,7.31,17.79,0.289922480620155,2
113,15,3,12010113001,0,3,1,12,7.56,7.56,25.349999999999998,0.29023255813953486,3
113,3,1,10022010001,0,1,1,48,11.25,11.25,36.599999999999994,0.4976774193548387,1
113,4,1,11040008001,0,0,1,12,7.8,7.8,44.39999999999999,0.5697096774193549,1
113,5,1,12100069001,0,0,1,24,4.4,4.4,48.79999999999999,0.46741935483870967,1
113,0,0,14523029001,0,1,1,12,6.41,6.41,55.209999999999994,0.3767441860465116,1
113,1,0,11103272001,0,1,1,6,4.636,4.636,59.846,0.5224186046511627,1
113,2,0,12011003001,0,1,1,12,10.8,10.8,70.646,0.4688372093023256,2
114,16,4,12122009001,0,0,1,12,1.576,1.576,1.576,0.09897674418604652,6
114,14,3,12102013001,0,1,1,40,8.24,8.24,9.816,0.28130232558139534,2
114,15,3,11102003001,0,1,1,20,15.85,15.85,25.666,0.31048062015503874,1
114,3,1,14620920001,0,0,1,12,10.75,10.75,36.416,0.5056451612903226,1
114,4,1,14203053001,0,1,1,10,2.0,2.0,38.416,0.787741935483871,1
114,5,1,14506334001,0,1,1,4,3.092,3.092,41.507999999999996,0.532,1
114,0,0,14312055001,0,0,1,12,3.0,3.0,44.507999999999996,0.4653488372093023,1
114,1,0,14244025001,0,0,1,12,2.55,2.55,47.05799999999999,0.23944186046511629,3
114,2,0,35301005001,0,0,1,12,10.51,10.51,57.56799999999999,0.4744186046511628,1
115,16,4,10023083001,0,4,1,6,13.83,13.83,13.83,0.16279069767441862,5
115,14,3,11042023001,0,4,1,12,6.97,6.97,20.8,0.2441860465116279,3
115,15,3,14244073001,0,4,1,12,5.546,5.546,26.346,0.30046511627906974,2
115,3,1,14360001001,0,1,1,12,10.554,10.554,36.9,0.6521290322580645,1
115,4,1,11102007001,0,0,1,12,10.3,10.3,47.2,0.4854193548387097,1
115,5,1,11042002001,0,3,1,12,7.43,7.43,54.63,0.48,2
115,0,0,12010213001,0,1,1,24,15.78,15.78,70.41,0.6747906976744186,1
115,1,0,14300019001,0,1,1,12,1.152,1.152,71.562,0.21209302325581394,3
115,2,0,12011147001,0,0,1,12,7.21,7.21,78.77199999999999,0.3581395348837209,1
116,16,4,14342031001,0,3,1,6,7.13,7.13,7.13,0.07144186046511627,10
116,14,3,12122030001,0,0,1,12,1.498,1.498,8.628,0.2118139534883721,2
116,15,3,31455002001,0,0,1,24,2.8,2.8,11.428,0.2067906976744186,2
116,3,1,10023078001,0,1,1,4,11.4,11.4,22.828000000000003,0.7296774193548388,1
116,4,1,11010060001,0,0,1,6,11.82,11.82,34.648,0.888,1
116,5,1,11102004001,0,1,1,20,15.73,15.73,50.378,0.6193548387096774,1
116,0,0,10012009001,0,0,1,10,11.27,11.27,61.647999999999996,0.3156279069767442,1
116,1,0,12010035001,0,0,1,14,5.06,5.06,66.708,0.25302325581395346,2
116,2,0,14632044001,0,0,1,12,12.0,12.0,78.708,0.40930232558139534,1
117,16,4,12151001001,0,3,1,36,6.2,6.2,6.2,0.09302325581395349,10
117,14,3,12201020001,0,0,24,24,0.05,1.2000000000000002,7.4,0.7441860465116279,24
117,15,3,12201020001,0,0,24,24,0.05,1.2000000000000002,8.600000000000001,0.7441860465116279,24
117,6,2,12201020001,0,2,6,6,0.05,0.30000000000000004,8.900000000000002,0.7804878048780488,6
117,7,2,12201020001,0,2,6,6,0.05,0.30000000000000004,9.200000000000003,0.7804878048780488,6
117,8,2,12201020001,0,2,6,6,0.05,0.30000000000000004,9.500000000000004,0.7804878048780488,6
117,9,2,12201030001,0,4,9,9,0.2,1.8,11.300000000000004,0.9365853658536586,9
117,10,2,12201030001,0,4,9,9,0.2,1.8,13.100000000000005,0.9365853658536586,9
117,11,2,12201030001,0,4,9,9,0.2,1.8,14.900000000000006,0.9365853658536586,9
117,12,2,12201030001,0,4,9,9,0.2,1.8,16.700000000000006,0.9365853658536586,9
117,13,2,12201030001,0,4,5,5,0.2,1.0,17.700000000000006,0.5203252032520326,9
117,3,1,12201022001,0,5,15,15,0.5,7.5,25.200000000000006,0.734516129032258,15
117,4,1,12201022001,0,5,4,4,0.5,2.0,27.200000000000006,0.1958709677419355,15
117,5,1,12123009001,0,5,16,16,0.15,2.4,29.600000000000005,0.7948387096774193,16
117,0,0,12123901001,0,2,11,11,0.4,4.4,34.00000000000001,0.4502325581395349,16
117,1,0,12123008001,0,5,10,10,0.15,1.5,35.50000000000001,0.3581395348837209,24
117,2,0,12124001001,0,1,4,4,0.475,1.9,37.400000000000006,0.6139534883720931,4
116,6,2,12124001001,0,1,2,2,0.475,0.95,79.658,0.8585365853658536,2
116,7,2,12124001001,0,1,2,2,0.475,0.95,80.608,0.8585365853658536,2
116,8,2,12123062001,0,5,6,6,0.13,0.78,81.388,0.686829268292683,6
116,9,2,12123062001,0,5,1,1,0.13,0.13,81.518,0.11447154471544715,6
116,10,2,11103158001,0,2,5,5,1.5,7.5,89.018,0.9105691056910569,5
116,11,2,11103158001,0,2,2,2,1.5,3.0,92.018,0.3642276422764228,5
116,12,2,12123143001,0,2,5,5,0.175,0.875,92.893,0.5463414634146342,8
116,13,2,12221003001,0,1,5,5,0.2,1.0,93.893,0.5463414634146342,6
115,6,2,15022005001,0,1,2,48,5.2,10.4,89.172,0.7960975609756098,2
115,7,2,15022005001,0,1,2,48,5.2,10.4,99.572,0.7960975609756098,2
115,8,2,12121082001,0,2,4,4,0.08,0.32,99.892,0.2809756097560976,12
115,9,2,11050093001,0,0,4,4,0.5,2.0,101.892,0.23934959349593496,12
115,10,2,14111030001,0,0,2,2,0.27,0.54,102.432,0.6337560975609756,2
115,11,2,14111030001,0,0,1,1,0.27,0.27,102.702,0.3168780487804878,2
115,12,2,11103291001,0,2,3,3,1.5,4.5,107.202,0.5463414634146342,5
115,13,2,12220016001,0,1,2,2,0.05,0.1,107.30199999999999,0.4786991869918699,3
114,6,2,11103031001,0,0,2,2,1.8,3.6,61.16799999999999,0.6321951219512195,2
114,7,2,14523104001,0,2,2,2,0.2,0.4,61.56799999999999,0.15921951219512195,7
114,8,2,11051023001,0,0,2,2,0.45,0.9,62.46799999999999,0.0832520325203252,18
114,9,2,11071916001,0,4,1,12,0.3,0.3,62.76799999999999,0.14926829268292682,4
114,10,2,12125007001,0,3,1,12,1.32,1.32,64.08799999999998,0.3231219512195122,2
114,11,2,12106030001,0,0,1,48,1.12,1.12,65.20799999999998,0.5057560975609756,1
114,12,2,12010192001,0,0,1,12,3.5,3.5,68.70799999999998,0.624390243902439,1
114,13,2,14220132001,0,2,1,15,1.79,1.79,70.49799999999999,0.28409756097560973,2
113,6,2,14243020001,0,0,1,6,2.81,2.81,73.456,0.5560975609756098,1
113,7,2,14822062001,0,0,1,12,7.54,7.54,80.99600000000001,0.5834146341463414,1
113,8,2,14243133001,0,0,1,6,2.82,2.82,83.816,0.624390243902439,1
113,9,2,12001109001,0,3,1,6,5.49,5.49,89.306,0.686829268292683,1
113,10,2,14342028001,0,2,1,6,2.82,2.82,92.12599999999999,0.3804878048780488,2
113,11,2,14243034001,0,0,1,6,2.35,2.35,94.47599999999998,0.5853658536585366,1
113,12,2,12102112001,0,0,1,12,3.03,3.03,97.50599999999999,0.7102439024390244,1
113,13,2,12105045001,0,2,1,3,5.188,5.188,102.69399999999999,0.7726829268292683,1
112,6,2,14602062001,0,0,1,12,0.5,0.5,59.30999999999999,0.18315447154471545,2
112,7,2,14621034001,0,1,1,12,6.9,6.9,66.21,0.7804878048780488,1
112,8,2,12125001001,0,0,1,12,1.01,1.01,67.22,0.41209756097560973,1
112,9,2,14620133001,0,2,1,12,10.2,10.2,77.42,0.9105691056910569,1
112,10,2,14741010001,0,0,1,12,1.526,1.526,78.946,0.6009756097560975,1
112,11,2,14810023001,0,0,1,24,5.91,5.91,84.856,0.6269268292682927,1
112,12,2,14312056001,0,2,1,6,2.06,2.06,86.916,0.3151219512195122,2
112,13,2,12010067001,0,0,1,8,1.64,1.64,88.556,0.13951219512195123,4
111,6,2,31531169001,0,0,1,6,1.2,1.2,66.15,0.32195121951219513,2
111,7,2,12103004001,0,1,1,12,1.08,1.08,67.23,0.6829268292682927,1
111,8,2,14833060001,0,0,1,12,4.57,4.57,71.80000000000001,0.4097560975609756,2
111,9,2,12010106001,0,0,1,60,5.96,5.96,77.76,0.6673170731707317,1
111,10,2,11073907001,0,0,1,12,3.0,3.0,80.76,0.527609756097561,1
111,11,2,30045057001,0,0,1,12,0.9,0.9,81.66000000000001,0.49717073170731707,1
111,12,2,14721018001,0,2,1,6,0.5,0.5,82.16000000000001,0.1826341463414634,4
111,13,2,12010055001,0,0,1,8,1.64,1.64,83.80000000000001,0.13951219512195123,4
110,6,2,12002005001,0,1,1,6,5.42,5.42,76.396,0.7317073170731707,1
110,7,2,12102026001,0,0,1,24,3.912,3.912,80.308,0.8117073170731708,1
110,8,2,31254009001,0,0,1,20,3.0,3.0,83.308,0.5707317073170731,1
110,9,2,11031035001,0,1,1,12,3.88,3.88,87.188,0.6634146341463415,1
110,10,2,14632435001,0,0,1,12,5.06,5.06,92.248,0.560910569105691,1
118,16,4,14850001001,2,1,2,2,15.0,30.0,30.0,0.5953488372093023,2
119,16,4,14850001001,2,1,2,2,15.0,30.0,30.0,0.5953488372093023,2
120,16,4,14850001001,2,1,2,2,15.0,30.0,30.0,0.5953488372093023,2
121,16,4,14110086001,2,1,1,15,8.0,8.0,8.0,0.39925581395348836,1
122,16,4,14001008001,2,0,1,18,3.21,3.21,3.21,0.26102325581395347,1
123,16,4,14001010001,2,0,1,18,3.21,3.21,3.21,0.26102325581395347,1
123,14,3,14500024001,2,1,1,12,3.24,3.24,6.45,0.3988372093023256,1
123,15,3,14500024001,2,1,1,12,3.24,3.24,9.690000000000001,0.3988372093023256,1
122,14,3,14020014001,2,1,1,10,1.19,1.19,4.4,0.4792558139534884,1
122,15,3,14506090001,2,1,1,12,6.4,6.4,10.8,0.8011627906976744,1
121,14,3,14001052001,2,1,1,12,3.95,3.95,11.95,0.5129922480620155,1
121,15,3,14504052001,2,1,1,12,2.29,2.29,14.239999999999998,0.4069767441860465,1
120,14,3,14131056001,2,1,1,8,4.18,4.18,34.18,0.5170542635658915,1
120,15,3,14010030001,2,1,1,10,1.5,1.5,35.68,0.4584186046511628,1
119,14,3,14121136001,2,1,1,12,3.68,3.68,33.68,0.3744186046511628,2
119,15,3,14840018001,2,1,1,48,11.8,11.8,45.480000000000004,0.2653023255813953,2
118,14,3,14020006001,2,1,1,6,2.55,2.55,32.55,0.6915348837209302,1
118,15,3,14506070001,2,1,1,12,7.28,7.28,39.83,0.786046511627907,1
124,16,4,14121094001,2,1,1,8,6.282,6.282,6.282,0.416,2
124,14,3,14011078001,2,1,1,12,2.3,2.3,8.582,0.562015503875969,1
124,15,3,14504053001,2,1,1,12,2.18,2.18,10.762,0.4069767441860465,1
125,16,4,14010060001,2,1,1,12,1.83,1.83,1.83,0.3325581395348837,2
125,14,3,14204071001,2,1,1,24,1.84,1.84,3.67,0.6685271317829458,1
125,15,3,14110106001,2,1,1,10,5.89,5.89,9.559999999999999,0.5116279069767442,1
126,16,4,14000075001,2,1,1,11,2.62,2.62,2.62,0.30697674418604654,2
126,14,3,14112021001,2,1,1,10,3.03,3.03,5.65,0.5611162790697675,1
126,15,3,14130009001,2,1,1,8,4.8,4.8,10.45,0.5191937984496124,1
127,16,4,14111008001,2,1,1,10,4.726,4.726,4.726,0.22790697674418606,2
127,14,3,14111011001,2,0,1,6,5.65,5.65,10.376000000000001,0.5815503875968993,1
127,15,3,14010149001,2,1,1,16,2.12,2.12,12.496000000000002,0.7572093023255814,1
128,16,4,14244058001,2,1,1,12,2.82,2.82,2.82,0.25068217054263564,2
128,14,3,14011041001,2,1,1,10,1.2,1.2,4.02,0.4493023255813953,1
128,15,3,10020008001,2,1,1,24,13.9,13.9,17.92,0.39565891472868214,1
129,16,4,14204062001,2,1,1,12,1.59,1.59,1.59,0.28255813953488373,2
129,14,3,14521178001,2,1,1,60,5.13,5.13,6.72,0.4018604651162791,1
129,15,3,31500006001,2,1,1,24,10.85,10.85,17.57,0.45125581395348835,1
130,16,4,14120005001,2,1,1,12,5.88,5.88,5.88,0.18009302325581394,2
130,14,3,14103057001,2,1,1,15,4.79,4.79,10.67,0.7776744186046511,1
130,15,3,14120045001,2,0,1,12,3.75,3.75,14.42,0.3350232558139535,2
131,16,4,14010187001,2,1,1,16,2.21,2.21,2.21,0.3786046511627907,2
131,14,3,14011042001,2,1,1,10,1.2,1.2,3.41,0.4493023255813953,1
131,15,3,14521180001,2,1,1,60,4.85,4.85,8.26,0.4018604651162791,1
132,16,4,14203083001,2,1,1,20,3.8,3.8,3.8,0.28217054263565894,2
132,14,3,14506159001,2,1,1,6,3.2,3.2,7.0,0.3209302325581395,1
132,15,3,14311231001,2,0,1,18,8.36,8.36,15.36,0.5306046511627907,1
133,16,4,12122020001,2,0,1,48,5.2,5.2,5.2,0.39767441860465114,2
133,14,3,14121015001,2,1,1,20,4.05,4.05,9.25,0.5527131782945737,1
133,15,3,14223080001,2,1,1,10,3.87,3.87,13.120000000000001,0.3466046511627907,1
134,16,4,12102086001,2,1,1,24,10.93,10.93,10.93,0.2686046511627907,2
134,14,3,14332016001,2,1,1,6,11.5,11.5,22.43,0.5515348837209302,1
134,15,3,14000015001,2,1,1,5,3.46,3.46,25.89,0.5693023255813954,1
135,16,4,14331028001,2,1,1,6,11.8,11.8,11.8,0.29172093023255813,2
135,14,3,14243166001,2,1,1,24,11.06,11.06,22.86,0.5575813953488372,1
135,15,3,11072001001,2,1,1,12,10.45,10.45,33.31,0.4625581395348837,1
135,0,0,10021006001,2,4,1,24,16.04,16.04,49.35,0.6563720930232558,1
135,1,0,10021006001,2,4,1,24,16.04,16.04,65.39,0.6563720930232558,1
135,2,0,10021006001,2,4,1,24,16.04,16.04,81.43,0.6563720930232558,1
134,0,0,10021006001,2,4,1,24,16.04,16.04,41.93,0.6563720930232558,1
134,1,0,10021006001,2,4,1,24,16.04,16.04,57.97,0.6563720930232558,1
134,2,0,10040005001,2,4,1,24,15.68,15.68,73.65,0.6178604651162791,1
133,0,0,10040005001,2,4,1,24,15.68,15.68,28.8,0.6178604651162791,1
133,1,0,10040005001,2,4,1,24,15.68,15.68,44.480000000000004,0.6178604651162791,1
133,2,0,10040005001,2,4,1,24,15.68,15.68,60.160000000000004,0.6178604651162791,1
132,0,0,10021016001,2,4,1,24,16.27,16.27,31.63,0.696,1
132,1,0,10021016001,2,4,1,24,16.27,16.27,47.9,0.696,1
132,2,0,10021016001,2,4,1,24,16.27,16.27,64.17,0.696,1
131,0,0,10040040001,2,0,1,2,12.6,12.6,20.86,0.5231627906976745,1
131,1,0,10040040001,2,0,1,2,12.6,12.6,33.46,0.5231627906976745,1
131,2,0,10040040001,2,0,1,2,12.6,12.6,46.06,0.5231627906976745,1
130,0,0,14505115001,2,1,1,24,3.75,3.75,18.17,0.4082790697674419,1
130,1,0,14505115001,2,1,1,24,3.75,3.75,21.92,0.4082790697674419,1
130,2,0,14505115001,2,1,1,24,3.75,3.75,25.67,0.4082790697674419,1
129,0,0,10040020001,2,4,1,24,15.15,15.15,32.72,0.6407441860465116,1
129,1,0,10040020001,2,4,1,24,15.15,15.15,47.87,0.6407441860465116,1
129,2,0,10002014001,2,4,1,24,9.53,9.53,57.4,0.33467441860465114,1
128,0,0,10002014001,2,4,1,24,9.53,9.53,27.450000000000003,0.33467441860465114,1
128,1,0,10031012001,2,4,1,24,17.0,17.0,44.45,0.696,1
128,2,0,10031012001,2,4,1,24,17.0,17.0,61.45,0.696,1
127,0,0,14502054001,2,1,1,8,2.39,2.39,14.886000000000003,0.4144186046511628,1
127,1,0,14502054001,2,1,1,8,2.39,2.39,17.276000000000003,0.4144186046511628,1
127,2,0,11103137001,2,0,1,6,12.36,12.36,29.636000000000003,0.6697674418604651,1
126,0,0,11103137001,2,0,1,6,12.36,12.36,22.81,0.6697674418604651,1
126,1,0,10030003001,2,4,1,24,15.358,15.358,38.168,0.6798139534883721,1
126,2,0,10030003001,2,4,1,24,15.358,15.358,53.525999999999996,0.6798139534883721,1
125,0,0,14805899001,2,4,1,24,9.74,9.74,19.299999999999997,0.33467441860465114,1
125,1,0,14805899001,2,4,1,24,9.74,9.74,29.04,0.33467441860465114,1
125,2,0,10034016001,2,4,1,24,15.434,15.434,44.474,0.725,1
124,0,0,10034016001,2,4,1,24,15.434,15.434,26.195999999999998,0.725,1
124,1,0,10033020001,2,0,1,8,17.51,17.51,43.706,0.6429767441860466,1
124,2,0,10033020001,2,0,1,8,17.51,17.51,61.21600000000001,0.6429767441860466,1
123,0,0,10002046001,2,4,2,48,8.82,17.64,27.330000000000002,0.696,2
123,1,0,10031004001,2,4,1,24,14.85,14.85,42.18,0.6563720930232558,1
123,2,0,10031004001,2,4,1,24,14.85,14.85,57.03,0.6563720930232558,1
122,0,0,10014020001,2,3,2,48,8.92,17.84,28.64,0.4214418604651163,3
122,1,0,10014113001,2,4,2,48,8.7,17.4,46.04,0.6407441860465116,2
122,2,0,10020036001,2,4,1,24,16.17,16.17,62.21,0.6178604651162791,1
121,0,0,10020036001,2,4,1,24,16.17,16.17,30.41,0.6178604651162791,1
121,1,0,10041002001,2,4,1,24,13.68,13.68,44.09,0.5196279069767442,1
121,2,0,10041002001,2,4,1,24,13.68,13.68,57.77,0.5196279069767442,1
120,0,0,10035017001,2,4,1,24,14.6,14.6,50.28,0.6563720930232558,1
120,1,0,14505106001,2,1,1,24,3.1,3.1,53.38,0.41511627906976745,1
120,2,0,14503002001,2,1,1,30,3.13,3.13,56.510000000000005,0.39590697674418607,1
119,0,0,14805005001,2,4,1,24,9.93,9.93,55.410000000000004,0.34706976744186047,1
119,1,0,10031007001,2,4,1,24,15.89,15.89,71.30000000000001,0.6178604651162791,1
119,2,0,10030015001,2,4,1,24,15.56,15.56,86.86000000000001,0.6178604651162791,1
118,0,0,14133030001,2,0,1,12,2.65,2.65,42.48,0.7916279069767442,1
118,1,0,10001022001,2,4,1,24,13.81,13.81,56.29,0.6290232558139535,1
118,2,0,14504002001,2,4,1,30,4.05,4.05,60.339999999999996,0.38425581395348835,1
136,16,4,10024011001,2,4,1,24,13.3,13.3,13.3,0.1935581395348837,4
136,14,3,14105130001,2,1,1,9,2.29,2.29,15.59,0.3415813953488372,1
136,15,3,14805017001,2,4,1,24,8.17,8.17,23.759999999999998,0.19578294573643412,4
136,0,0,14023295001,2,4,1,6,1.24,1.24,24.999999999999996,0.72,1
136,1,0,14504055001,2,4,1,30,3.13,3.13,28.129999999999995,0.4719767441860465,1
136,2,0,10032020001,2,4,1,24,12.47,12.47,40.599999999999994,0.5606511627906977,1
137,16,4,14505021001,2,1,1,30,3.79,3.79,3.79,0.14325581395348838,3
137,14,3,14222142001,2,4,1,10,8.53,8.53,12.32,0.40111627906976743,2
137,15,3,14503005001,2,1,1,24,3.17,3.17,15.49,0.22226356589147286,1
137,0,0,14804004001,2,4,1,24,9.8,9.8,25.29,0.34706976744186047,1
137,1,0,14370004001,2,4,1,20,20.92,20.92,46.21,0.6309767441860465,1
137,2,0,14000014001,2,4,1,5,2.92,2.92,49.13,0.7456279069767442,1
138,16,4,14502047001,2,1,1,30,3.09,3.09,3.09,0.13609302325581396,3
138,14,3,10002906001,2,4,1,24,13.2,13.2,16.29,0.4154418604651163,2
138,15,3,14121022001,2,1,1,12,5.85,5.85,22.14,0.3413333333333333,1
138,0,0,11050025001,2,3,1,12,13.48,13.48,35.620000000000005,0.5453953488372093,1
138,1,0,14851072001,2,1,1,6,9.78,9.78,45.400000000000006,0.7144186046511628,1
138,2,0,14501928001,2,1,1,30,3.06,3.06,48.46000000000001,0.3854883720930233,1
139,16,4,14110019001,2,4,1,10,3.07,3.07,3.07,0.19066666666666668,4
139,14,3,14503048001,2,1,1,12,1.454,1.454,4.524,0.27088372093023255,1
139,15,3,12120052001,2,4,1,36,4.0,4.0,8.524000000000001,0.464,2
139,0,0,14223018001,2,1,1,24,4.96,4.96,13.484000000000002,0.7400930232558139,1
139,1,0,14010194001,2,1,1,6,1.13,1.13,14.614,0.6511627906976745,1
139,2,0,14500064001,2,1,1,30,3.98,3.98,18.594,0.4190232558139535,1
140,16,4,12010234001,2,0,1,4,16.72,16.72,16.72,0.22251162790697673,3
140,14,3,14110010001,2,4,1,10,2.61,2.61,19.33,0.38133333333333336,2
140,15,3,10034007001,2,4,1,24,14.5,14.5,33.83,0.3867906976744186,2
140,0,0,14000100001,2,1,1,12,1.2,1.2,35.03,0.8843023255813953,1
140,1,0,10030021001,2,4,1,24,15.762,15.762,50.792,0.696,1
140,2,0,14361093001,2,4,1,12,7.4,7.4,58.192,0.7,1
141,16,4,14805006001,2,4,1,24,9.63,9.63,9.63,0.1029767441860465,8
141,14,3,14131074001,2,4,1,24,5.61,5.61,15.240000000000002,0.432,2
141,15,3,14506225001,2,1,1,16,3.7,3.7,18.94,0.26393798449612405,1
141,3,1,12200001001,2,5,4,4,1.0,4.0,22.94,0.756,4
141,4,1,12200001001,2,5,4,4,1.0,4.0,26.94,0.756,4
141,5,1,12200001001,2,5,4,4,1.0,4.0,30.94,0.756,4
141,0,0,12200001001,2,2,4,4,1.0,4.0,34.94,0.5450232558139535,4
141,1,0,12200001001,2,2,4,4,1.0,4.0,38.94,0.5450232558139535,4
141,2,0,12200001001,2,2,4,4,1.0,4.0,42.94,0.5450232558139535,4
140,3,1,12200001001,2,5,4,4,1.0,4.0,62.192,0.756,4
140,4,1,12200001001,2,5,4,4,1.0,4.0,66.19200000000001,0.756,4
140,5,1,12200001001,2,5,4,4,1.0,4.0,70.19200000000001,0.756,4
139,3,1,12200001001,2,5,4,4,1.0,4.0,22.594,0.756,4
139,4,1,12200001001,2,5,4,4,1.0,4.0,26.594,0.756,4
139,5,1,12200001001,2,5,4,4,1.0,4.0,30.594,0.756,4
138,3,1,12200001001,2,5,4,4,1.0,4.0,52.46000000000001,0.756,4
138,4,1,12200001001,2,5,4,4,1.0,4.0,56.46000000000001,0.756,4
138,5,1,12200001001,2,5,4,4,1.0,4.0,60.46000000000001,0.756,4
137,3,1,12200001001,2,5,4,4,1.0,4.0,53.13,0.756,4
137,4,1,12200001001,2,5,4,4,1.0,4.0,57.13,0.756,4
137,5,1,12200001001,2,5,4,4,1.0,4.0,61.13,0.756,4
136,3,1,12200001001,2,5,4,4,1.0,4.0,44.599999999999994,0.756,4
136,4,1,12200001001,2,5,4,4,1.0,4.0,48.599999999999994,0.756,4
136,5,1,12200001001,2,5,4,4,1.0,4.0,52.599999999999994,0.756,4
135,3,1,12200001001,2,5,4,4,1.0,4.0,85.43,0.756,4
135,4,1,12200001001,2,5,4,4,1.0,4.0,89.43,0.756,4
135,5,1,12200001001,2,5,4,4,1.0,4.0,93.43,0.756,4
134,3,1,12200001001,2,5,4,4,1.0,4.0,77.65,0.756,4
134,4,1,12200001001,2,5,4,4,1.0,4.0,81.65,0.756,4
134,5,1,12200001001,2,5,4,4,1.0,4.0,85.65,0.756,4
133,3,1,12200001001,2,5,4,4,1.0,4.0,64.16,0.756,4
133,4,1,12200001001,2,5,4,4,1.0,4.0,68.16,0.756,4
133,5,1,12200001001,2,5,3,3,1.0,3.0,71.16,0.567,4
132,3,1,12201024001,2,5,4,4,1.0,4.0,68.17,0.756,4
132,4,1,12201024001,2,5,4,4,1.0,4.0,72.17,0.756,4
132,5,1,12201024001,2,5,4,4,1.0,4.0,76.17,0.756,4
131,3,1,12201024001,2,5,4,4,1.0,4.0,50.06,0.756,4
131,4,1,12201024001,2,5,4,4,1.0,4.0,54.06,0.756,4
131,5,1,12201024001,2,5,4,4,1.0,4.0,58.06,0.756,4
130,3,1,12201024001,2,5,4,4,1.0,4.0,29.67,0.756,4
130,4,1,12201024001,2,5,4,4,1.0,4.0,33.67,0.756,4
130,5,1,12201024001,2,5,4,4,1.0,4.0,37.67,0.756,4
129,3,1,12201024001,2,5,3,3,1.0,3.0,60.4,0.567,4
129,4,1,14510258001,2,0,6,6,3.0,18.0,78.4,0.8129032258064516,6
129,5,1,14510258001,2,0,3,3,3.0,9.0,87.4,0.4064516129032258,6
128,3,1,12201108001,2,0,1,1,0.2,0.2,61.650000000000006,0.7741935483870968,1
128,4,1,12201108001,2,0,1,1,0.2,0.2,61.85000000000001,0.7741935483870968,1
128,5,1,12201108001,2,0,1,1,0.2,0.2,62.05000000000001,0.7741935483870968,1
127,3,1,12201108001,2,0,1,1,0.2,0.2,29.836000000000002,0.7741935483870968,1
127,4,1,12201108001,2,0,1,1,0.2,0.2,30.036,0.7741935483870968,1
127,5,1,12201108001,2,0,1,1,0.2,0.2,30.236,0.7741935483870968,1
126,3,1,12201108001,2,0,1,1,0.2,0.2,53.726,0.7741935483870968,1
126,4,1,12201108001,2,0,1,1,0.2,0.2,53.926,0.7741935483870968,1
126,5,1,14510039001,2,0,6,6,3.0,18.0,71.926,0.8129032258064516,6
125,3,1,14510039001,2,0,1,1,3.0,3.0,47.474,0.13548387096774195,6
125,4,1,14500014001,2,0,2,2,1.25,2.5,49.974,0.476,2
125,5,1,14500014001,2,0,2,2,1.25,2.5,52.474,0.476,2
124,3,1,14500014001,2,0,2,2,1.25,2.5,63.71600000000001,0.476,2
124,4,1,14500014001,2,0,1,1,1.25,1.25,64.96600000000001,0.238,2
124,5,1,14510109001,2,0,5,5,2.8,14.0,78.96600000000001,0.6774193548387096,6
123,3,1,12220003001,2,0,1,1,1.0,1.0,58.03,0.462,1
123,4,1,12220003001,2,0,1,1,1.0,1.0,59.03,0.462,1
123,5,1,12220003001,2,0,1,1,1.0,1.0,60.03,0.462,1
122,3,1,12220003001,2,0,1,1,1.0,1.0,63.21,0.462,1
122,4,1,12220003001,2,0,1,1,1.0,1.0,64.21000000000001,0.462,1
122,5,1,12220002001,2,0,1,1,1.0,1.0,65.21000000000001,0.462,1
121,3,1,12220002001,2,0,1,1,1.0,1.0,58.77,0.462,1
121,4,1,12220002001,2,0,1,1,1.0,1.0,59.77,0.462,1
121,5,1,12220002001,2,0,1,1,1.0,1.0,60.77,0.462,1
120,3,1,12220002001,2,0,1,1,1.0,1.0,57.510000000000005,0.462,1
120,4,1,15021001001,2,0,2,48,5.27,10.54,68.05000000000001,0.4294193548387097,2
120,5,1,15021001001,2,0,2,48,5.27,10.54,78.59,0.4294193548387097,2
119,3,1,15020010001,2,0,2,48,5.26,10.52,97.38000000000001,0.4294193548387097,2
119,4,1,15020010001,2,0,2,48,5.26,10.52,107.9,0.4294193548387097,2
119,5,1,14510153001,2,0,4,4,6.0,24.0,131.9,0.5419354838709678,6
118,3,1,14510111001,2,0,4,4,1.5,6.0,66.34,0.5419354838709678,6
118,4,1,14510100001,2,0,4,4,1.5,6.0,72.34,0.5419354838709678,6
118,5,1,14510103001,2,0,4,4,6.0,24.0,96.34,0.5419354838709678,6
142,16,4,15022004001,2,0,3,72,5.25,15.75,15.75,0.14511627906976743,9
142,14,3,10033006001,2,0,1,8,17.23,17.23,32.980000000000004,0.4037209302325581,1
142,15,3,10033006001,2,0,1,8,17.23,17.23,50.21000000000001,0.4037209302325581,1
142,3,1,10033006001,2,0,1,8,17.23,17.23,67.44000000000001,0.84,1
142,4,1,10034014001,2,0,2,48,7.87,15.74,83.18,0.5870967741935483,2
142,5,1,10034014001,2,0,1,24,7.87,7.87,91.05000000000001,0.29354838709677417,2
142,0,0,15023012001,2,1,3,72,6.75,20.25,111.30000000000001,0.521860465116279,4
142,1,0,10014028001,2,1,3,72,6.63,19.89,131.19,0.521860465116279,4
142,2,0,10033041001,2,1,1,24,15.762,15.762,146.952,0.565953488372093,1
143,16,4,10033041001,2,4,2,48,15.762,31.524,31.524,0.37730232558139537,4
143,14,3,10015007001,2,3,3,72,7.26,21.78,53.304,0.47274418604651164,4
143,15,3,10002040001,2,0,1,6,13.1,13.1,66.404,0.3758449612403101,1
143,3,1,10002040001,2,0,1,6,13.1,13.1,79.50399999999999,0.782,1
143,4,1,10002040001,2,0,1,6,13.1,13.1,92.60399999999998,0.782,1
143,5,1,10034999001,2,0,2,48,6.58,13.16,105.76399999999998,0.48258064516129034,2
143,0,0,10034999001,2,1,1,24,6.58,6.58,112.34399999999998,0.173953488372093,4
143,1,0,10033057001,2,1,1,24,17.18,17.18,129.52399999999997,0.5776744186046512,1
143,2,0,10033057001,2,1,1,24,17.18,17.18,146.70399999999998,0.5776744186046512,1
144,16,4,10033057001,2,4,1,24,17.18,17.18,17.18,0.1925581395348837,4
144,14,3,10001001001,2,0,1,6,13.34,13.34,30.52,0.3921860465116279,1
144,15,3,10001001001,2,0,1,6,13.34,13.34,43.86,0.3921860465116279,1
144,3,1,10001001001,2,0,1,6,13.34,13.34,57.2,0.816,1
144,4,1,15020046001,2,0,2,48,5.23,10.46,67.66,0.42116129032258065,2
144,5,1,15020046001,2,0,1,24,5.23,5.23,72.89,0.21058064516129033,2
144,0,0,14510159001,2,0,3,3,2.5,7.5,80.39,0.2930232558139535,8
144,1,0,10040013001,2,0,2,48,7.43,14.86,95.25,0.627906976744186,2
144,2,0,10040013001,2,0,1,24,7.43,7.43,102.68,0.313953488372093,2
145,16,4,14510127001,2,4,3,3,2.2,6.6000000000000005,6.6000000000000005,0.09767441860465116,25
145,14,3,10020041001,2,4,2,60,6.17,12.34,18.94,0.30390697674418604,4
145,15,3,14620907001,2,3,2,12,12.22,24.44,43.38,0.6589767441860465,2
145,3,1,14615894001,2,0,1,6,12.07,12.07,55.45,0.7896774193548387,1
145,4,1,14615894001,2,0,1,6,12.07,12.07,67.52000000000001,0.7896774193548387,1
145,5,1,10014033001,2,0,2,48,7.93,15.86,83.38000000000001,0.5870967741935483,2
145,0,0,10034027001,2,0,2,48,8.0,16.0,99.38000000000001,0.4232558139534884,3
145,1,0,10033056001,2,1,1,24,14.55,14.55,113.93,0.6027906976744186,1
145,2,0,10033056001,2,1,1,24,14.55,14.55,128.48000000000002,0.6027906976744186,1
146,16,4,10012011001,2,0,2,48,7.88,15.76,15.76,0.14108527131782947,9
146,14,3,10011003001,2,3,2,48,5.44,10.88,26.64,0.21283720930232558,4
146,15,3,10033044001,2,0,1,8,17.67,17.67,44.31,0.38689922480620154,1
146,3,1,10033044001,2,0,1,8,17.67,17.67,61.980000000000004,0.805,1
146,4,1,10032049001,2,0,2,48,6.69,13.38,75.36,0.5690322580645162,2
146,5,1,10035002001,2,0,1,8,17.3,17.3,92.66,0.864,1
146,0,0,10035002001,2,0,1,8,17.3,17.3,109.96,0.6228837209302326,1
146,1,0,10034039001,2,0,2,48,7.9,15.8,125.75999999999999,0.4232558139534884,3
146,2,0,10021021001,2,1,1,24,9.67,9.67,135.42999999999998,0.4365581395348837,1
147,16,4,10021021001,2,4,1,24,9.67,9.67,9.67,0.14551937984496124,4
147,14,3,10041006001,2,4,2,48,12.85,25.7,35.37,0.7094573643410853,2
147,15,3,15022013001,2,3,2,48,5.35,10.7,46.06999999999999,0.22613953488372093,4
147,3,1,10020011001,2,0,2,48,7.97,15.94,62.00999999999999,0.5264516129032258,2
147,4,1,10015011001,2,0,2,48,6.65,13.3,75.30999999999999,0.48258064516129034,2
147,5,1,10014009001,2,1,1,24,12.08,12.08,87.38999999999999,0.5922580645161291,1
147,0,0,10014009001,2,1,1,24,12.08,12.08,99.46999999999998,0.42697674418604653,1
147,1,0,10002917001,2,0,1,6,13.2,13.2,112.66999999999999,0.5392558139534883,1
147,2,0,10002917001,2,0,1,6,13.2,13.2,125.86999999999999,0.5392558139534883,1
148,16,4,10024014001,2,4,2,48,16.08,32.16,32.16,0.37730232558139537,4
148,14,3,15022017001,2,3,2,48,5.3,10.6,42.76,0.21283720930232558,4
148,15,3,10040041001,2,3,2,48,8.8,17.6,60.36,0.5162790697674419,3
148,3,1,15024014001,2,0,2,48,6.59,13.18,73.53999999999999,0.4967741935483871,2
148,4,1,10040022001,2,1,1,20,18.32,18.32,91.85999999999999,0.912,1
148,5,1,10040022001,2,1,1,20,18.32,18.32,110.17999999999998,0.912,1
148,0,0,14831013001,2,0,1,48,7.45,7.45,117.62999999999998,0.2909767441860465,2
148,1,0,14831021001,2,0,1,24,3.82,3.82,121.44999999999997,0.15886046511627908,4
148,2,0,14241042001,2,1,1,10,1.54,1.54,122.98999999999998,0.3587906976744186,1
149,16,4,14620006001,2,3,1,6,11.95,11.95,11.95,0.16235658914728682,4
149,14,3,14222114001,2,3,1,10,2.9,2.9,14.85,0.1950387596899225,3
149,15,3,14833009001,2,4,1,24,5.5,5.5,20.35,0.12697674418604651,4
149,3,1,10052020001,2,0,1,12,12.34,12.34,32.69,0.6967741935483871,1
149,4,1,14833020001,2,3,1,24,5.21,5.21,37.9,0.264,3
149,5,1,14833018001,2,1,1,12,4.89,4.89,42.79,0.7268709677419355,1
149,0,0,14121115001,2,1,1,10,3.1,3.1,45.89,0.5665116279069767,1
149,1,0,14104126001,2,0,1,30,4.46,4.46,50.35,0.3791162790697674,2
149,2,0,14833024001,2,0,1,24,5.08,5.08,55.43,0.19032558139534883,3
150,16,4,14504027001,2,1,1,30,2.95,2.95,2.95,0.12496124031007752,3
150,14,3,14204086001,2,4,1,20,1.95,1.95,4.9,0.3386046511627907,2
150,15,3,14831011001,2,3,1,48,7.71,7.71,12.61,0.19398449612403101,3
150,3,1,14010094001,2,1,1,6,2.57,2.57,15.18,0.5089032258064516,1
150,4,1,14001031001,2,0,1,10,3.22,3.22,18.4,0.6854838709677419,1
150,5,1,14223045001,2,1,1,12,5.1,5.1,23.5,0.6864516129032258,1
150,0,0,14831009001,2,0,1,24,3.97,3.97,27.47,0.15404651162790697,4
150,1,0,14001046001,2,0,1,12,2.52,2.52,29.99,0.4749767441860465,1
150,2,0,14001034001,2,0,1,10,3.08,3.08,33.07,0.4941860465116279,1
151,16,4,14023132001,2,1,1,16,2.92,2.92,2.92,0.16046511627906976,4
151,14,3,14833072001,2,3,1,8,2.448,2.448,5.368,0.1950387596899225,3
151,15,3,14621029001,2,0,1,12,8.97,8.97,14.338000000000001,0.266046511627907,2
151,3,1,14841003001,2,3,1,12,7.64,7.64,21.978,0.299,3
151,4,1,14612018002,2,0,1,12,17.58,17.58,39.558,0.7153548387096774,1
151,5,1,31533005001,2,3,1,12,12.38,12.38,51.938,0.5,2
151,0,0,12000179001,2,0,1,12,10.6,10.6,62.538000000000004,0.4493023255813953,2
151,1,0,14204006001,2,1,1,6,1.98,1.98,64.518,0.3776744186046512,1
151,2,0,31567018001,2,1,1,12,3.1,3.1,67.618,0.22372093023255815,3
152,16,4,10020002001,2,0,1,24,9.6,9.6,9.6,0.08248062015503876,9
152,14,3,12104003001,2,3,1,96,1.56,1.56,11.16,0.30151937984496124,2
152,15,3,14613915001,2,3,1,6,12.09,12.09,23.25,0.4069767441860465,2
152,3,1,11074015001,2,0,1,24,1.96,1.96,25.21,0.5574193548387096,1
152,4,1,14243044001,2,0,1,12,2.55,2.55,27.76,0.3321290322580645,2
152,5,1,14023129001,2,1,1,16,3.12,3.12,30.880000000000003,0.667741935483871,1
152,0,0,15021005001,2,0,1,24,6.31,6.31,37.190000000000005,0.26120930232558137,3
152,1,0,14132071001,2,1,1,10,3.3,3.3,40.49,0.6632558139534884,1
152,2,0,14023014001,2,0,1,12,1.41,1.41,41.9,0.4947674418604651,1
153,16,4,14810005001,2,4,1,24,10.28,10.28,10.28,0.13918604651162791,4
153,14,3,11074003001,2,1,1,24,2.02,2.02,12.299999999999999,0.2930232558139535,2
153,15,3,14104108001,2,4,1,6,2.13,2.13,14.43,0.10693023255813953,6
153,3,1,15022009001,2,0,1,24,6.4,6.4,20.83,0.36232258064516126,2
153,4,1,14504009001,2,1,1,30,3.04,3.04,23.869999999999997,0.504,1
153,5,1,14506039001,2,0,1,4,9.42,9.42,33.29,0.48774193548387096,1
153,0,0,10052035001,2,0,1,12,12.55,12.55,45.84,0.4855813953488372,1
153,1,0,14121053001,2,1,1,10,2.57,2.57,48.410000000000004,0.4933953488372093,1
153,2,0,14202021001,2,1,1,12,2.16,2.16,50.57000000000001,0.4208372093023256,1
154,16,4,14811008001,2,3,1,24,11.7,11.7,11.7,0.15503875968992248,4
154,14,3,14615041001,2,4,1,10,6.628,6.628,18.328,0.17413953488372094,5
154,15,3,14820029001,2,3,1,12,7.65,7.65,25.978,0.15475968992248063,4
154,3,1,14021035001,2,0,1,15,2.0,2.0,27.978,0.494,1
154,4,1,14104060001,2,1,1,12,2.13,2.13,30.108,0.8387096774193549,1
154,5,1,14502023001,2,1,1,12,3.14,3.14,33.248,0.42774193548387096,1
154,0,0,11101028001,2,0,1,6,11.2,11.2,44.44799999999999,0.4813953488372093,1
154,1,0,12121089001,2,0,1,24,3.24,3.24,47.687999999999995,0.6632558139534884,1
154,2,0,12212061001,2,0,1,12,6.26,6.26,53.94799999999999,0.4029069767441861,2
155,16,4,11071898001,2,4,1,12,1.93,1.93,1.93,0.18542635658914727,4
155,14,3,14220071001,2,3,1,12,3.0,3.0,4.93,0.13745736434108527,4
155,15,3,14242056001,2,4,1,10,2.97,2.97,7.9,0.35348837209302325,2
155,3,1,14600898001,2,0,1,12,5.73,5.73,13.63,0.3007741935483871,2
155,4,1,14613906001,2,2,1,6,9.05,9.05,22.68,0.42116129032258065,1
155,5,1,14832005001,2,1,1,24,7.3,7.3,29.98,0.352258064516129,2
155,0,0,10020020001,2,0,1,24,9.6,9.6,39.58,0.2474418604651163,3
155,1,0,12120001001,2,0,1,24,1.96,1.96,41.54,0.32744186046511625,2
155,2,0,11101029001,2,0,1,6,10.45,10.45,51.989999999999995,0.4813953488372093,1
156,16,4,14303934001,2,4,1,12,5.96,5.96,5.96,0.23255813953488372,4
156,14,3,12102152001,2,3,1,12,4.73,4.73,10.690000000000001,0.2824186046511628,2
156,15,3,12212005001,2,1,1,12,7.8,7.8,18.490000000000002,0.33488372093023255,2
156,3,1,14830007001,2,1,1,24,5.87,5.87,24.360000000000003,0.29354838709677417,2
156,4,1,15022015001,2,0,1,24,6.29,6.29,30.650000000000002,0.36232258064516126,2
156,5,1,14210120001,2,1,1,20,2.5,2.5,33.150000000000006,0.5418064516129032,1
156,0,0,14830045001,2,1,1,24,5.39,5.39,38.540000000000006,0.2116279069767442,2
156,1,0,11042008001,2,0,1,10,9.2,9.2,47.74000000000001,0.4552325581395349,1
156,2,0,14020977001,2,0,1,20,2.25,2.25,49.99000000000001,0.3851162790697674,1
157,16,4,14120044001,2,3,1,12,3.84,3.84,3.84,0.1652093023255814,5
157,14,3,14615107001,2,0,1,12,11.5,11.5,15.34,0.29989147286821705,2
157,15,3,14506018001,2,3,1,4,7.8,7.8,23.14,0.16372093023255813,5
157,3,1,15020904001,2,0,1,12,13.3,13.3,36.44,0.5012903225806452,1
157,4,1,14506096001,2,1,1,10,12.69,12.69,49.129999999999995,0.781258064516129,1
157,5,1,14601065001,2,1,1,60,10.78,10.78,59.91,0.5834838709677419,1
157,0,0,12003130001,2,1,1,24,10.5,10.5,70.41,0.6238372093023256,1
157,1,0,11102009001,2,1,1,9,15.98,15.98,86.39,0.5868372093023256,1
157,2,0,14833013001,2,1,1,12,4.8,4.8,91.19,0.505953488372093,1
158,16,4,12120006001,2,4,1,12,1.81,1.81,1.81,0.15906976744186047,4
158,14,3,12201043001,2,1,36,36,1.0,36.0,37.81,0.8930232558139535,36
158,15,3,12201043001,2,1,36,36,1.0,36.0,73.81,0.8930232558139535,36
158,6,2,12201043001,2,4,9,9,1.0,9.0,82.81,0.9365853658536586,9
158,7,2,12201043001,2,4,9,9,1.0,9.0,91.81,0.9365853658536586,9
158,8,2,12201043001,2,4,9,9,1.0,9.0,100.81,0.9365853658536586,9
158,9,2,12201043001,2,4,9,9,1.0,9.0,109.81,0.9365853658536586,9
158,10,2,12201043001,2,4,9,9,1.0,9.0,118.81,0.9365853658536586,9
158,11,2,12201043001,2,4,9,9,1.0,9.0,127.81,0.9365853658536586,9
158,12,2,12201043001,2,4,9,9,1.0,9.0,136.81,0.9365853658536586,9
158,13,2,12201043001,2,4,7,7,1.0,7.0,143.81,0.7284552845528456,9
158,3,1,12201898001,2,1,18,18,1.0,18.0,161.81,0.8825806451612903,18
158,4,1,12201898001,2,1,18,18,1.0,18.0,179.81,0.8825806451612903,18
158,5,1,12201898001,2,1,18,18,1.0,18.0,197.81,0.8825806451612903,18
158,0,0,12201898001,2,1,24,24,1.0,24.0,221.81,0.8483720930232558,24
158,1,0,12201898001,2,1,24,24,1.0,24.0,245.81,0.8483720930232558,24
158,2,0,12201898001,2,1,8,8,1.0,8.0,253.81,0.2827906976744186,24
157,6,2,12201065001,2,4,9,9,0.2,1.8,92.99,0.8897560975609756,9
157,7,2,12201065001,2,4,9,9,0.2,1.8,94.78999999999999,0.8897560975609756,9
157,8,2,12201065001,2,4,9,9,0.2,1.8,96.58999999999999,0.8897560975609756,9
157,9,2,12201065001,2,4,9,9,0.2,1.8,98.38999999999999,0.8897560975609756,9
157,10,2,12201065001,2,4,9,9,0.2,1.8,100.18999999999998,0.8897560975609756,9
157,11,2,12201065001,2,4,9,9,0.2,1.8,101.98999999999998,0.8897560975609756,9
157,12,2,12201065001,2,4,9,9,0.2,1.8,103.78999999999998,0.8897560975609756,9
157,13,2,12201065001,2,4,9,9,0.2,1.8,105.58999999999997,0.8897560975609756,9
156,6,2,12201065001,2,4,7,7,0.2,1.4000000000000001,51.39000000000001,0.6920325203252032,9
156,7,2,12201037001,2,4,9,9,0.2,1.8,53.190000000000005,0.8897560975609756,9
156,8,2,12201037001,2,4,9,9,0.2,1.8,54.99,0.8897560975609756,9
156,9,2,12201037001,2,4,9,9,0.2,1.8,56.79,0.8897560975609756,9
156,10,2,12201037001,2,4,9,9,0.2,1.8,58.589999999999996,0.8897560975609756,9
156,11,2,12201037001,2,4,9,9,0.2,1.8,60.38999999999999,0.8897560975609756,9
156,12,2,12201037001,2,4,9,9,0.2,1.8,62.18999999999999,0.8897560975609756,9
156,13,2,12201037001,2,4,9,9,0.2,1.8,63.98999999999999,0.8897560975609756,9
155,6,2,12201037001,2,4,7,7,0.2,1.4000000000000001,53.38999999999999,0.6920325203252032,9
155,7,2,12200017001,2,4,9,9,0.2,1.8,55.18999999999999,0.8429268292682927,9
155,8,2,12200017001,2,4,9,9,0.2,1.8,56.98999999999999,0.8429268292682927,9
155,9,2,12200017001,2,4,9,9,0.2,1.8,58.789999999999985,0.8429268292682927,9
155,10,2,12200017001,2,4,9,9,0.2,1.8,60.58999999999998,0.8429268292682927,9
155,11,2,12200017001,2,4,9,9,0.2,1.8,62.38999999999998,0.8429268292682927,9
155,12,2,12200017001,2,4,4,4,0.2,0.8,63.189999999999976,0.3746341463414634,9
155,13,2,12210018001,2,4,9,9,0.2,1.8,64.98999999999998,0.9365853658536586,9
154,6,2,12210018001,2,4,9,9,0.2,1.8,55.74799999999999,0.9365853658536586,9
154,7,2,12210018001,2,4,9,9,0.2,1.8,57.54799999999999,0.9365853658536586,9
154,8,2,12210018001,2,4,9,9,0.2,1.8,59.347999999999985,0.9365853658536586,9
154,9,2,12210018001,2,4,2,2,0.2,0.4,59.74799999999998,0.208130081300813,9
154,10,2,12201051001,2,4,9,9,0.2,1.8,61.54799999999998,0.9365853658536586,9
154,11,2,12201051001,2,4,9,9,0.2,1.8,63.34799999999998,0.9365853658536586,9
154,12,2,12201051001,2,4,4,4,0.2,0.8,64.14799999999998,0.416260162601626,9
154,13,2,12221012001,2,5,3,3,1.0,3.0,67.14799999999998,0.7375609756097561,3
153,6,2,12221012001,2,5,3,3,1.0,3.0,53.57000000000001,0.7375609756097561,3
153,7,2,12221012001,2,5,1,1,1.0,1.0,54.57000000000001,0.24585365853658536,3
153,8,2,12123111001,2,3,6,6,0.2,1.2000000000000002,55.77000000000001,0.41209756097560973,8
153,9,2,10002992001,2,1,1,1,6.27,6.27,62.040000000000006,0.7674146341463415,1
153,10,2,10002992001,2,1,1,1,6.27,6.27,68.31,0.7674146341463415,1
153,11,2,10002992001,2,1,1,1,6.27,6.27,74.58,0.7674146341463415,1
153,12,2,10002992001,2,1,1,1,6.27,6.27,80.85,0.7674146341463415,1
153,13,2,14111039001,2,0,2,2,1.0,2.0,82.85,0.6337560975609756,2
152,6,2,14111039001,2,0,1,1,1.0,1.0,42.9,0.3168780487804878,2
152,7,2,14130010001,2,1,1,1,0.8,0.8,43.699999999999996,0.5884878048780487,1
152,8,2,14130010001,2,1,1,1,0.8,0.8,44.49999999999999,0.5884878048780487,1
152,9,2,10034020001,2,0,1,18,5.97,5.97,50.46999999999999,0.47941463414634145,1
152,10,2,10034020001,2,0,1,18,5.97,5.97,56.43999999999999,0.47941463414634145,1
152,11,2,14504038001,2,0,1,10,0.99,0.99,57.42999999999999,0.4370731707317073,1
152,12,2,14504038001,2,0,1,10,0.99,0.99,58.419999999999995,0.4370731707317073,1
152,13,2,14506067001,2,0,1,12,3.88,3.88,62.3,0.4526829268292683,2
151,6,2,14001060001,2,1,1,12,2.1,2.1,69.71799999999999,0.8585365853658536,1
151,7,2,10012006001,2,0,1,24,3.4,3.4,73.118,0.2622439024390244,2
151,8,2,14506066001,2,0,1,12,4.0,4.0,77.118,0.4214634146341463,2
151,9,2,14612900001,2,2,1,6,6.98,6.98,84.098,0.6146341463414634,1
151,10,2,14620110001,2,2,1,12,9.08,9.08,93.178,0.7711219512195122,1
151,11,2,14241037001,2,0,1,30,1.734,1.734,94.91199999999999,0.6764227642276422,1
151,12,2,30011002001,2,0,1,30,6.0,6.0,100.91199999999999,0.4819512195121951,1
151,13,2,14630027001,2,0,1,12,10.0,10.0,110.91199999999999,0.7469268292682927,1
150,6,2,12020243001,2,0,1,12,1.67,1.67,34.74,0.6005853658536585,1
150,7,2,31602045001,2,0,1,24,1.72,1.72,36.46,0.44227642276422763,1
0,6,2,14505009001,4,1,2,2,0.7,1.4,78.64,0.7305365853658536,2
0,7,2,14505009001,4,1,2,2,0.7,1.4,80.04,0.7305365853658536,2
0,8,2,14505009001,4,1,2,2,0.7,1.4,81.44000000000001,0.7305365853658536,2
0,9,2,14505009001,4,1,2,2,0.7,1.4,82.84000000000002,0.7305365853658536,2
0,10,2,14505009001,4,1,2,2,0.7,1.4,84.24000000000002,0.7305365853658536,2
0,11,2,14505009001,4,1,2,2,0.7,1.4,85.64000000000003,0.7305365853658536,2
0,12,2,14505009001,4,1,2,2,0.7,1.4,87.04000000000003,0.7305365853658536,2
0,13,2,14505009001,4,1,2,2,0.7,1.4,88.44000000000004,0.7305365853658536,2
1,6,2,14505009001,4,1,2,2,0.7,1.4,72.78,0.7305365853658536,2
1,7,2,14505009001,4,1,2,2,0.7,1.4,74.18,0.7305365853658536,2
1,8,2,14505009001,4,1,2,2,0.7,1.4,75.58000000000001,0.7305365853658536,2
1,9,2,14505009001,4,1,2,2,0.7,1.4,76.98000000000002,0.7305365853658536,2
1,10,2,14505009001,4,1,2,2,0.7,1.4,78.38000000000002,0.7305365853658536,2
1,11,2,14505009001,4,1,2,2,0.7,1.4,79.78000000000003,0.7305365853658536,2
1,12,2,14505009001,4,1,2,2,0.7,1.4,81.18000000000004,0.7305365853658536,2
1,13,2,14505009001,4,1,2,2,0.7,1.4,82.58000000000004,0.7305365853658536,2
2,6,2,14505009001,4,1,2,2,0.7,1.4,66.98,0.7305365853658536,2
2,7,2,14505009001,4,1,2,2,0.7,1.4,68.38000000000001,0.7305365853658536,2
2,8,2,14505009001,4,1,2,2,0.7,1.4,69.78000000000002,0.7305365853658536,2
2,9,2,14505009001,4,1,2,2,0.7,1.4,71.18000000000002,0.7305365853658536,2
2,10,2,14505009001,4,1,2,2,0.7,1.4,72.58000000000003,0.7305365853658536,2
2,11,2,14505009001,4,1,2,2,0.7,1.4,73.98000000000003,0.7305365853658536,2
2,12,2,14505009001,4,1,2,2,0.7,1.4,75.38000000000004,0.7305365853658536,2
2,13,2,14505009001,4,1,2,2,0.7,1.4,76.78000000000004,0.7305365853658536,2
3,6,2,14505009001,4,1,2,2,0.7,1.4,100.07,0.7305365853658536,2
3,7,2,14505009001,4,1,2,2,0.7,1.4,101.47,0.7305365853658536,2
3,8,2,14505009001,4,1,2,2,0.7,1.4,102.87,0.7305365853658536,2
3,9,2,14505009001,4,1,2,2,0.7,1.4,104.27000000000001,0.7305365853658536,2
3,10,2,14505009001,4,1,2,2,0.7,1.4,105.67000000000002,0.7305365853658536,2
3,11,2,14505009001,4,1,2,2,0.7,1.4,107.07000000000002,0.7305365853658536,2
3,12,2,14505009001,4,1,2,2,0.7,1.4,108.47000000000003,0.7305365853658536,2
3,13,2,14505009001,4,1,2,2,0.7,1.4,109.87000000000003,0.7305365853658536,2
4,6,2,14505009001,4,1,2,2,0.7,1.4,108.67999999999998,0.7305365853658536,2
4,7,2,14505009001,4,1,2,2,0.7,1.4,110.07999999999998,0.7305365853658536,2
4,8,2,14505009001,4,1,2,2,0.7,1.4,111.47999999999999,0.7305365853658536,2
4,9,2,14505009001,4,1,2,2,0.7,1.4,112.88,0.7305365853658536,2
4,10,2,14505009001,4,1,2,2,0.7,1.4,114.28,0.7305365853658536,2
4,11,2,14505009001,4,1,2,2,0.7,1.4,115.68,0.7305365853658536,2
4,12,2,14505009001,4,1,2,2,0.7,1.4,117.08000000000001,0.7305365853658536,2
4,13,2,14505009001,4,1,2,2,0.7,1.4,118.48000000000002,0.7305365853658536,2
5,6,2,14505009001,4,1,2,2,0.7,1.4,111.67999999999999,0.7305365853658536,2
5,7,2,14505009001,4,1,2,2,0.7,1.4,113.08,0.7305365853658536,2
5,8,2,14505009001,4,1,2,2,0.7,1.4,114.48,0.7305365853658536,2
5,9,2,14505009001,4,1,2,2,0.7,1.4,115.88000000000001,0.7305365853658536,2
5,10,2,14505009001,4,1,2,2,0.7,1.4,117.28000000000002,0.7305365853658536,2
5,11,2,14505009001,4,1,2,2,0.7,1.4,118.68000000000002,0.7305365853658536,2
5,12,2,14505009001,4,1,2,2,0.7,1.4,120.08000000000003,0.7305365853658536,2
5,13,2,14505009001,4,1,2,2,0.7,1.4,121.48000000000003,0.7305365853658536,2
6,6,2,14505009001,4,1,2,2,0.7,1.4,89.09,0.7305365853658536,2
6,7,2,14505009001,4,1,2,2,0.7,1.4,90.49000000000001,0.7305365853658536,2
6,8,2,14505009001,4,1,2,2,0.7,1.4,91.89000000000001,0.7305365853658536,2
6,9,2,14505009001,4,1,2,2,0.7,1.4,93.29000000000002,0.7305365853658536,2
6,10,2,14505009001,4,1,2,2,0.7,1.4,94.69000000000003,0.7305365853658536,2
6,11,2,14505009001,4,1,2,2,0.7,1.4,96.09000000000003,0.7305365853658536,2
6,12,2,14505009001,4,1,2,2,0.7,1.4,97.49000000000004,0.7305365853658536,2
6,13,2,14505009001,4,1,2,2,0.7,1.4,98.89000000000004,0.7305365853658536,2
7,6,2,14505009001,4,1,2,2,0.7,1.4,99.89000000000001,0.7305365853658536,2
7,7,2,14505009001,4,1,2,2,0.7,1.4,101.29000000000002,0.7305365853658536,2
7,8,2,14505009001,4,1,2,2,0.7,1.4,102.69000000000003,0.7305365853658536,2
7,9,2,14505009001,4,1,2,2,0.7,1.4,104.09000000000003,0.7305365853658536,2
7,10,2,14505009001,4,1,2,2,0.7,1.4,105.49000000000004,0.7305365853658536,2
7,11,2,14505009001,4,1,2,2,0.7,1.4,106.89000000000004,0.7305365853658536,2
7,12,2,14505009001,4,1,2,2,0.7,1.4,108.29000000000005,0.7305365853658536,2
7,13,2,14505009001,4,1,2,2,0.7,1.4,109.69000000000005,0.7305365853658536,2
8,6,2,14505009001,4,1,2,2,0.7,1.4,59.870000000000005,0.7305365853658536,2
8,7,2,14505009001,4,1,2,2,0.7,1.4,61.27,0.7305365853658536,2
8,8,2,14505009001,4,1,2,2,0.7,1.4,62.67,0.7305365853658536,2
8,9,2,14505009001,4,1,2,2,0.7,1.4,64.07000000000001,0.7305365853658536,2
8,10,2,14505009001,4,1,2,2,0.7,1.4,65.47000000000001,0.7305365853658536,2
8,11,2,14505009001,4,1,2,2,0.7,1.4,66.87000000000002,0.7305365853658536,2
8,12,2,14505009001,4,1,2,2,0.7,1.4,68.27000000000002,0.7305365853658536,2
8,13,2,14505009001,4,1,2,2,0.7,1.4,69.67000000000003,0.7305365853658536,2
9,6,2,14505009001,4,1,2,2,0.7,1.4,72.01,0.7305365853658536,2
9,7,2,14505009001,4,1,2,2,0.7,1.4,73.41000000000001,0.7305365853658536,2
9,8,2,14505009001,4,1,2,2,0.7,1.4,74.81000000000002,0.7305365853658536,2
9,9,2,14505009001,4,1,2,2,0.7,1.4,76.21000000000002,0.7305365853658536,2
9,10,2,14505009001,4,1,2,2,0.7,1.4,77.61000000000003,0.7305365853658536,2
9,11,2,14505009001,4,1,2,2,0.7,1.4,79.01000000000003,0.7305365853658536,2
9,12,2,14505009001,4,1,2,2,0.7,1.4,80.41000000000004,0.7305365853658536,2
9,13,2,14505009001,4,1,2,2,0.7,1.4,81.81000000000004,0.7305365853658536,2
10,6,2,14505009001,4,1,2,2,0.7,1.4,110.29000000000002,0.7305365853658536,2
10,7,2,14505009001,4,1,2,2,0.7,1.4,111.69000000000003,0.7305365853658536,2
10,8,2,14505009001,4,1,2,2,0.7,1.4,113.09000000000003,0.7305365853658536,2
10,9,2,14505009001,4,1,2,2,0.7,1.4,114.49000000000004,0.7305365853658536,2
10,10,2,14505009001,4,1,2,2,0.7,1.4,115.89000000000004,0.7305365853658536,2
10,11,2,14505009001,4,1,2,2,0.7,1.4,117.29000000000005,0.7305365853658536,2
10,12,2,14505009001,4,1,2,2,0.7,1.4,118.69000000000005,0.7305365853658536,2
10,13,2,14505009001,4,1,2,2,0.7,1.4,120.09000000000006,0.7305365853658536,2
11,6,2,14505009001,4,1,2,2,0.7,1.4,249.31000000000003,0.7305365853658536,2
11,7,2,14505009001,4,1,2,2,0.7,1.4,250.71000000000004,0.7305365853658536,2
11,8,2,14505009001,4,1,2,2,0.7,1.4,252.11000000000004,0.7305365853658536,2
11,9,2,14505009001,4,1,2,2,0.7,1.4,253.51000000000005,0.7305365853658536,2
11,10,2,14505009001,4,1,2,2,0.7,1.4,254.91000000000005,0.7305365853658536,2
11,11,2,14505009001,4,1,2,2,0.7,1.4,256.31000000000006,0.7305365853658536,2
11,12,2,14505009001,4,1,2,2,0.7,1.4,257.71000000000004,0.7305365853658536,2
11,13,2,14505009001,4,1,2,2,0.7,1.4,259.11,0.7305365853658536,2
12,6,2,14505009001,4,1,2,2,0.7,1.4,196.54999999999998,0.7305365853658536,2
12,7,2,14505009001,4,1,2,2,0.7,1.4,197.95,0.7305365853658536,2
12,8,2,14505009001,4,1,2,2,0.7,1.4,199.35,0.7305365853658536,2
12,9,2,14505009001,4,1,2,2,0.7,1.4,200.75,0.7305365853658536,2
12,10,2,14505009001,4,1,2,2,0.7,1.4,202.15,0.7305365853658536,2
12,11,2,14505009001,4,1,2,2,0.7,1.4,203.55,0.7305365853658536,2
12,12,2,14505009001,4,1,2,2,0.7,1.4,204.95000000000002,0.7305365853658536,2
12,13,2,14505009001,4,1,2,2,0.7,1.4,206.35000000000002,0.7305365853658536,2
13,6,2,14505009001,4,1,2,2,0.7,1.4,134.06,0.7305365853658536,2
13,7,2,14505009001,4,1,2,2,0.7,1.4,135.46,0.7305365853658536,2
13,8,2,14505009001,4,1,2,2,0.7,1.4,136.86,0.7305365853658536,2
13,9,2,14505009001,4,1,2,2,0.7,1.4,138.26000000000002,0.7305365853658536,2
13,10,2,14505009001,4,1,2,2,0.7,1.4,139.66000000000003,0.7305365853658536,2
13,11,2,14505009001,4,1,2,2,0.7,1.4,141.06000000000003,0.7305365853658536,2
13,12,2,14505009001,4,1,2,2,0.7,1.4,142.46000000000004,0.7305365853658536,2
13,13,2,14505009001,4,1,2,2,0.7,1.4,143.86000000000004,0.7305365853658536,2
14,6,2,14505009001,4,1,2,2,0.7,1.4,89.87000000000002,0.7305365853658536,2
14,7,2,14505009001,4,1,2,2,0.7,1.4,91.27000000000002,0.7305365853658536,2
14,8,2,14505009001,4,1,2,2,0.7,1.4,92.67000000000003,0.7305365853658536,2
14,9,2,14505009001,4,1,2,2,0.7,1.4,94.07000000000004,0.7305365853658536,2
14,10,2,14505009001,4,1,2,2,0.7,1.4,95.47000000000004,0.7305365853658536,2
14,11,2,14505009001,4,1,2,2,0.7,1.4,96.87000000000005,0.7305365853658536,2
14,12,2,14505009001,4,1,2,2,0.7,1.4,98.27000000000005,0.7305365853658536,2
14,13,2,14505009001,4,1,2,2,0.7,1.4,99.67000000000006,0.7305365853658536,2
15,10,2,14505009001,4,1,2,2,0.7,1.4,85.66000000000001,0.7305365853658536,2
15,11,2,14505009001,4,1,2,2,0.7,1.4,87.06000000000002,0.7305365853658536,2
15,12,2,14505009001,4,1,2,2,0.7,1.4,88.46000000000002,0.7305365853658536,2
15,13,2,14505009001,4,1,2,2,0.7,1.4,89.86000000000003,0.7305365853658536,2
16,6,2,14505009001,4,1,2,2,0.7,1.4,67.94000000000001,0.7305365853658536,2
16,7,2,14505009001,4,1,2,2,0.7,1.4,69.34000000000002,0.7305365853658536,2
16,8,2,14505009001,4,1,2,2,0.7,1.4,70.74000000000002,0.7305365853658536,2
16,9,2,14505009001,4,1,2,2,0.7,1.4,72.14000000000003,0.7305365853658536,2
16,10,2,14505009001,4,1,2,2,0.7,1.4,73.54000000000003,0.7305365853658536,2
16,11,2,14505009001,4,1,2,2,0.7,1.4,74.94000000000004,0.7305365853658536,2
16,12,2,14505009001,4,1,2,2,0.7,1.4,76.34000000000005,0.7305365853658536,2
16,13,2,14505009001,4,1,2,2,0.7,1.4,77.74000000000005,0.7305365853658536,2
17,6,2,14505009001,4,1,2,2,0.7,1.4,125.03200000000001,0.7305365853658536,2
17,7,2,14505009001,4,1,2,2,0.7,1.4,126.43200000000002,0.7305365853658536,2
17,8,2,14505009001,4,1,2,2,0.7,1.4,127.83200000000002,0.7305365853658536,2
17,9,2,14505009001,4,1,2,2,0.7,1.4,129.23200000000003,0.7305365853658536,2
17,10,2,14505009001,4,1,2,2,0.7,1.4,130.63200000000003,0.7305365853658536,2
17,11,2,14505009001,4,1,2,2,0.7,1.4,132.03200000000004,0.7305365853658536,2
17,12,2,14505009001,4,1,2,2,0.7,1.4,133.43200000000004,0.7305365853658536,2
17,13,2,14505009001,4,1,2,2,0.7,1.4,134.83200000000005,0.7305365853658536,2
18,6,2,14505009001,4,1,2,2,0.7,1.4,43.862,0.7305365853658536,2
18,7,2,14505009001,4,1,2,2,0.7,1.4,45.262,0.7305365853658536,2
18,8,2,14505009001,4,1,2,2,0.7,1.4,46.662,0.7305365853658536,2
18,9,2,14505009001,4,1,2,2,0.7,1.4,48.062,0.7305365853658536,2
18,10,2,14505009001,4,1,2,2,0.7,1.4,49.461999999999996,0.7305365853658536,2
18,11,2,14505009001,4,1,2,2,0.7,1.4,50.861999999999995,0.7305365853658536,2
18,12,2,14505009001,4,1,2,2,0.7,1.4,52.26199999999999,0.7305365853658536,2
18,13,2,14505009001,4,1,2,2,0.7,1.4,53.66199999999999,0.7305365853658536,2
19,6,2,14505009001,4,1,2,2,0.7,1.4,33.895999999999994,0.7305365853658536,2
19,7,2,14505009001,4,1,2,2,0.7,1.4,35.29599999999999,0.7305365853658536,2
19,8,2,14505009001,4,1,2,2,0.7,1.4,36.69599999999999,0.7305365853658536,2
19,9,2,14505009001,4,1,2,2,0.7,1.4,38.09599999999999,0.7305365853658536,2
19,10,2,14505009001,4,1,2,2,0.7,1.4,39.49599999999999,0.7305365853658536,2
19,11,2,14505009001,4,1,2,2,0.7,1.4,40.89599999999999,0.7305365853658536,2
19,12,2,14505009001,4,1,2,2,0.7,1.4,42.295999999999985,0.7305365853658536,2
19,13,2,14505009001,4,1,2,2,0.7,1.4,43.695999999999984,0.7305365853658536,2
20,11,2,14505009001,4,1,2,2,0.7,1.4,91.18,0.7305365853658536,2
20,12,2,14505009001,4,1,2,2,0.7,1.4,92.58000000000001,0.7305365853658536,2
20,13,2,14505009001,4,1,2,2,0.7,1.4,93.98000000000002,0.7305365853658536,2
34,6,2,14505009001,4,1,2,2,0.7,1.4,83.816,0.7305365853658536,2
34,7,2,14505009001,4,1,2,2,0.7,1.4,85.21600000000001,0.7305365853658536,2
34,8,2,14505009001,4,1,2,2,0.7,1.4,86.61600000000001,0.7305365853658536,2
34,9,2,14505009001,4,1,2,2,0.7,1.4,88.01600000000002,0.7305365853658536,2
34,10,2,14505009001,4,1,2,2,0.7,1.4,89.41600000000003,0.7305365853658536,2
34,11,2,14505009001,4,1,2,2,0.7,1.4,90.81600000000003,0.7305365853658536,2
34,12,2,14505009001,4,1,2,2,0.7,1.4,92.21600000000004,0.7305365853658536,2
34,13,2,14505009001,4,1,2,2,0.7,1.4,93.61600000000004,0.7305365853658536,2
35,6,2,14505009001,4,1,2,2,0.7,1.4,59.92,0.7305365853658536,2
35,7,2,14505009001,4,1,2,2,0.7,1.4,61.32,0.7305365853658536,2
35,8,2,14505009001,4,1,2,2,0.7,1.4,62.72,0.7305365853658536,2
35,9,2,14505009001,4,1,2,2,0.7,1.4,64.12,0.7305365853658536,2
35,10,2,14505009001,4,1,2,2,0.7,1.4,65.52000000000001,0.7305365853658536,2
35,11,2,14505009001,4,1,2,2,0.7,1.4,66.92000000000002,0.7305365853658536,2
35,12,2,14505009001,4,1,2,2,0.7,1.4,68.32000000000002,0.7305365853658536,2
35,13,2,14505009001,4,1,2,2,0.7,1.4,69.72000000000003,0.7305365853658536,2
36,6,2,14505009001,4,1,2,2,0.7,1.4,54.26800000000001,0.7305365853658536,2
36,7,2,14505009001,4,1,2,2,0.7,1.4,55.668000000000006,0.7305365853658536,2
36,8,2,14505009001,4,1,2,2,0.7,1.4,57.068000000000005,0.7305365853658536,2
36,9,2,14505009001,4,1,2,2,0.7,1.4,58.468,0.7305365853658536,2
36,10,2,14505009001,4,1,2,2,0.7,1.4,59.868,0.7305365853658536,2
36,11,2,14505009001,4,1,2,2,0.7,1.4,61.268,0.7305365853658536,2
36,12,2,14505009001,4,1,2,2,0.7,1.4,62.668,0.7305365853658536,2
36,13,2,14505009001,4,1,2,2,0.7,1.4,64.068,0.7305365853658536,2
37,6,2,14505009001,4,1,2,2,0.7,1.4,54.53,0.7305365853658536,2
37,7,2,14505009001,4,1,2,2,0.7,1.4,55.93,0.7305365853658536,2
37,8,2,14505009001,4,1,2,2,0.7,1.4,57.33,0.7305365853658536,2
37,9,2,14505009001,4,1,2,2,0.7,1.4,58.73,0.7305365853658536,2
37,10,2,14505009001,4,1,2,2,0.7,1.4,60.129999999999995,0.7305365853658536,2
37,11,2,14505009001,4,1,2,2,0.7,1.4,61.529999999999994,0.7305365853658536,2
37,12,2,14505009001,4,1,2,2,0.7,1.4,62.92999999999999,0.7305365853658536,2
37,13,2,14505009001,4,1,2,2,0.7,1.4,64.33,0.7305365853658536,2
38,6,2,14505009001,4,1,2,2,0.7,1.4,66.57800000000002,0.7305365853658536,2
38,7,2,14505009001,4,1,2,2,0.7,1.4,67.97800000000002,0.7305365853658536,2
38,8,2,14505009001,4,1,2,2,0.7,1.4,69.37800000000003,0.7305365853658536,2
38,9,2,14505009001,4,1,2,2,0.7,1.4,70.77800000000003,0.7305365853658536,2
38,10,2,14505009001,4,1,2,2,0.7,1.4,72.17800000000004,0.7305365853658536,2
38,11,2,14505009001,4,1,2,2,0.7,1.4,73.57800000000005,0.7305365853658536,2
38,12,2,14505009001,4,1,2,2,0.7,1.4,74.97800000000005,0.7305365853658536,2
38,13,2,14505009001,4,1,2,2,0.7,1.4,76.37800000000006,0.7305365853658536,2
39,6,2,14505009001,4,1,2,2,0.7,1.4,35.104,0.7305365853658536,2
39,7,2,14505009001,4,1,2,2,0.7,1.4,36.504,0.7305365853658536,2
39,8,2,14505009001,4,1,2,2,0.7,1.4,37.903999999999996,0.7305365853658536,2
39,9,2,14505009001,4,1,2,2,0.7,1.4,39.303999999999995,0.7305365853658536,2
39,10,2,14505009001,4,1,2,2,0.7,1.4,40.70399999999999,0.7305365853658536,2
39,11,2,14505009001,4,1,2,2,0.7,1.4,42.10399999999999,0.7305365853658536,2
39,12,2,14505009001,4,1,2,2,0.7,1.4,43.50399999999999,0.7305365853658536,2
39,13,2,14505009001,4,1,2,2,0.7,1.4,44.90399999999999,0.7305365853658536,2
40,6,2,14505009001,4,1,2,2,0.7,1.4,47.24999999999999,0.7305365853658536,2
40,7,2,14505009001,4,1,2,2,0.7,1.4,48.64999999999999,0.7305365853658536,2
40,8,2,14505009001,4,1,2,2,0.7,1.4,50.04999999999999,0.7305365853658536,2
40,9,2,14505009001,4,1,2,2,0.7,1.4,51.44999999999999,0.7305365853658536,2
40,10,2,14505009001,4,1,2,2,0.7,1.4,52.84999999999999,0.7305365853658536,2
40,11,2,14505009001,4,1,2,2,0.7,1.4,54.249999999999986,0.7305365853658536,2
40,12,2,14505009001,4,1,2,2,0.7,1.4,55.649999999999984,0.7305365853658536,2
40,13,2,14505009001,4,1,2,2,0.7,1.4,57.04999999999998,0.7305365853658536,2
41,6,2,14505009001,4,1,2,2,0.7,1.4,54.733999999999995,0.7305365853658536,2
41,7,2,14505009001,4,1,2,2,0.7,1.4,56.13399999999999,0.7305365853658536,2
41,8,2,14505009001,4,1,2,2,0.7,1.4,57.53399999999999,0.7305365853658536,2
41,9,2,14505009001,4,1,2,2,0.7,1.4,58.93399999999999,0.7305365853658536,2
41,10,2,14505009001,4,1,2,2,0.7,1.4,60.33399999999999,0.7305365853658536,2
41,11,2,14505009001,4,1,2,2,0.7,1.4,61.73399999999999,0.7305365853658536,2
41,12,2,14505009001,4,1,2,2,0.7,1.4,63.133999999999986,0.7305365853658536,2
41,13,2,14505009001,4,1,2,2,0.7,1.4,64.53399999999999,0.7305365853658536,2
42,6,2,14505009001,4,1,2,2,0.7,1.4,42.14,0.7305365853658536,2
42,7,2,14505009001,4,1,2,2,0.7,1.4,43.54,0.7305365853658536,2
42,8,2,14505009001,4,1,2,2,0.7,1.4,44.94,0.7305365853658536,2
42,9,2,14505009001,4,1,2,2,0.7,1.4,46.339999999999996,0.7305365853658536,2
42,10,2,14505009001,4,1,2,2,0.7,1.4,47.739999999999995,0.7305365853658536,2
42,11,2,14505009001,4,1,2,2,0.7,1.4,49.13999999999999,0.7305365853658536,2
42,12,2,14505009001,4,1,2,2,0.7,1.4,50.53999999999999,0.7305365853658536,2
42,13,2,14505009001,4,1,2,2,0.7,1.4,51.93999999999999,0.7305365853658536,2
43,6,2,14505009001,4,1,2,2,0.7,1.4,86.08000000000001,0.7305365853658536,2
43,7,2,14505009001,4,1,2,2,0.7,1.4,87.48000000000002,0.7305365853658536,2
43,8,2,14505009001,4,1,2,2,0.7,1.4,88.88000000000002,0.7305365853658536,2
43,9,2,14505009001,4,1,2,2,0.7,1.4,90.28000000000003,0.7305365853658536,2
43,10,2,14505009001,4,1,2,2,0.7,1.4,91.68000000000004,0.7305365853658536,2
43,11,2,14505009001,4,1,2,2,0.7,1.4,93.08000000000004,0.7305365853658536,2
43,12,2,14505009001,4,1,2,2,0.7,1.4,94.48000000000005,0.7305365853658536,2
43,13,2,14505009001,4,1,2,2,0.7,1.4,95.88000000000005,0.7305365853658536,2
44,6,2,14505009001,4,1,2,2,0.7,1.4,47.803999999999995,0.7305365853658536,2
44,7,2,14505009001,4,1,2,2,0.7,1.4,49.20399999999999,0.7305365853658536,2
44,8,2,14505009001,4,1,2,2,0.7,1.4,50.60399999999999,0.7305365853658536,2
44,9,2,14505009001,4,1,2,2,0.7,1.4,52.00399999999999,0.7305365853658536,2
44,10,2,14505009001,4,1,2,2,0.7,1.4,53.40399999999999,0.7305365853658536,2
44,11,2,14505009001,4,1,2,2,0.7,1.4,54.80399999999999,0.7305365853658536,2
44,12,2,14505009001,4,1,2,2,0.7,1.4,56.203999999999986,0.7305365853658536,2
44,13,2,14505009001,4,1,2,2,0.7,1.4,57.603999999999985,0.7305365853658536,2
45,6,2,14505009001,4,1,2,2,0.7,1.4,68.55600000000001,0.7305365853658536,2
45,7,2,14505009001,4,1,2,2,0.7,1.4,69.95600000000002,0.7305365853658536,2
45,8,2,14505009001,4,1,2,2,0.7,1.4,71.35600000000002,0.7305365853658536,2
45,9,2,14505009001,4,1,2,2,0.7,1.4,72.75600000000003,0.7305365853658536,2
45,10,2,14505009001,4,1,2,2,0.7,1.4,74.15600000000003,0.7305365853658536,2
45,11,2,14505009001,4,1,2,2,0.7,1.4,75.55600000000004,0.7305365853658536,2
45,12,2,14505009001,4,1,2,2,0.7,1.4,76.95600000000005,0.7305365853658536,2
45,13,2,14505009001,4,1,2,2,0.7,1.4,78.35600000000005,0.7305365853658536,2
46,6,2,14505009001,4,1,2,2,0.7,1.4,78.48400000000001,0.7305365853658536,2
46,7,2,14505009001,4,1,2,2,0.7,1.4,79.88400000000001,0.7305365853658536,2
46,8,2,14505009001,4,1,2,2,0.7,1.4,81.28400000000002,0.7305365853658536,2
46,9,2,14505009001,4,1,2,2,0.7,1.4,82.68400000000003,0.7305365853658536,2
46,10,2,14505009001,4,1,2,2,0.7,1.4,84.08400000000003,0.7305365853658536,2
46,11,2,14505009001,4,1,2,2,0.7,1.4,85.48400000000004,0.7305365853658536,2
46,12,2,14505009001,4,1,2,2,0.7,1.4,86.88400000000004,0.7305365853658536,2
46,13,2,14505009001,4,1,2,2,0.7,1.4,88.28400000000005,0.7305365853658536,2
47,6,2,14505009001,4,1,2,2,0.7,1.4,71.39999999999999,0.7305365853658536,2
47,7,2,14505009001,4,1,2,2,0.7,1.4,72.8,0.7305365853658536,2
47,8,2,14505009001,4,1,2,2,0.7,1.4,74.2,0.7305365853658536,2
47,9,2,14505009001,4,1,2,2,0.7,1.4,75.60000000000001,0.7305365853658536,2
47,10,2,14505009001,4,1,2,2,0.7,1.4,77.00000000000001,0.7305365853658536,2
47,11,2,14505009001,4,1,2,2,0.7,1.4,78.40000000000002,0.7305365853658536,2
47,12,2,14505009001,4,1,2,2,0.7,1.4,79.80000000000003,0.7305365853658536,2
47,13,2,14505009001,4,1,2,2,0.7,1.4,81.20000000000003,0.7305365853658536,2
48,6,2,14505009001,4,1,2,2,0.7,1.4,71.32200000000002,0.7305365853658536,2
48,7,2,14505009001,4,1,2,2,0.7,1.4,72.72200000000002,0.7305365853658536,2
48,8,2,14505009001,4,1,2,2,0.7,1.4,74.12200000000003,0.7305365853658536,2
48,9,2,14505009001,4,1,2,2,0.7,1.4,75.52200000000003,0.7305365853658536,2
48,10,2,14505009001,4,1,2,2,0.7,1.4,76.92200000000004,0.7305365853658536,2
48,11,2,14505009001,4,1,2,2,0.7,1.4,78.32200000000005,0.7305365853658536,2
48,12,2,14505009001,4,1,2,2,0.7,1.4,79.72200000000005,0.7305365853658536,2
48,13,2,14505009001,4,1,2,2,0.7,1.4,81.12200000000006,0.7305365853658536,2
49,6,2,14505009001,4,1,2,2,0.7,1.4,83.72200000000001,0.7305365853658536,2
49,7,2,14505009001,4,1,2,2,0.7,1.4,85.12200000000001,0.7305365853658536,2
49,8,2,14505009001,4,1,2,2,0.7,1.4,86.52200000000002,0.7305365853658536,2
49,9,2,14505009001,4,1,2,2,0.7,1.4,87.92200000000003,0.7305365853658536,2
49,10,2,14505009001,4,1,2,2,0.7,1.4,89.32200000000003,0.7305365853658536,2
49,11,2,14505009001,4,1,2,2,0.7,1.4,90.72200000000004,0.7305365853658536,2
49,12,2,14505009001,4,1,2,2,0.7,1.4,92.12200000000004,0.7305365853658536,2
49,13,2,14505009001,4,1,2,2,0.7,1.4,93.52200000000005,0.7305365853658536,2
50,6,2,14505009001,4,1,2,2,0.7,1.4,53.642,0.7305365853658536,2
50,7,2,14505009001,4,1,2,2,0.7,1.4,55.042,0.7305365853658536,2
50,8,2,14505009001,4,1,2,2,0.7,1.4,56.442,0.7305365853658536,2
50,9,2,14505009001,4,1,2,2,0.7,1.4,57.842,0.7305365853658536,2
50,10,2,14505009001,4,1,2,2,0.7,1.4,59.242,0.7305365853658536,2
50,11,2,14505009001,4,1,2,2,0.7,1.4,60.641999999999996,0.7305365853658536,2
50,12,2,14505009001,4,1,2,2,0.7,1.4,62.041999999999994,0.7305365853658536,2
50,13,2,14505009001,4,1,2,2,0.7,1.4,63.44199999999999,0.7305365853658536,2
51,6,2,14505009001,4,1,2,2,0.7,1.4,71.15,0.7305365853658536,2
51,7,2,14505009001,4,1,2,2,0.7,1.4,72.55000000000001,0.7305365853658536,2
51,8,2,14505009001,4,1,2,2,0.7,1.4,73.95000000000002,0.7305365853658536,2
51,9,2,14505009001,4,1,2,2,0.7,1.4,75.35000000000002,0.7305365853658536,2
51,10,2,14505009001,4,1,2,2,0.7,1.4,76.75000000000003,0.7305365853658536,2
51,11,2,14505009001,4,1,2,2,0.7,1.4,78.15000000000003,0.7305365853658536,2
51,12,2,14505009001,4,1,2,2,0.7,1.4,79.55000000000004,0.7305365853658536,2
51,13,2,14505009001,4,1,2,2,0.7,1.4,80.95000000000005,0.7305365853658536,2
52,6,2,14505009001,4,1,2,2,0.7,1.4,59.153999999999996,0.7305365853658536,2
52,7,2,14505009001,4,1,2,2,0.7,1.4,60.553999999999995,0.7305365853658536,2
52,8,2,14505009001,4,1,2,2,0.7,1.4,61.95399999999999,0.7305365853658536,2
52,9,2,14505009001,4,1,2,2,0.7,1.4,63.35399999999999,0.7305365853658536,2
52,10,2,14505009001,4,1,2,2,0.7,1.4,64.75399999999999,0.7305365853658536,2
52,11,2,14505009001,4,1,2,2,0.7,1.4,66.154,0.7305365853658536,2
52,12,2,14505009001,4,1,2,2,0.7,1.4,67.554,0.7305365853658536,2
52,13,2,14505009001,4,1,2,2,0.7,1.4,68.95400000000001,0.7305365853658536,2
53,6,2,14505009001,4,1,2,2,0.7,1.4,82.09500000000001,0.7305365853658536,2
53,7,2,14505009001,4,1,2,2,0.7,1.4,83.49500000000002,0.7305365853658536,2
53,8,2,14505009001,4,1,2,2,0.7,1.4,84.89500000000002,0.7305365853658536,2
53,9,2,14505009001,4,1,2,2,0.7,1.4,86.29500000000003,0.7305365853658536,2
53,10,2,14505009001,4,1,2,2,0.7,1.4,87.69500000000004,0.7305365853658536,2
53,11,2,14505009001,4,1,2,2,0.7,1.4,89.09500000000004,0.7305365853658536,2
53,12,2,14505009001,4,1,2,2,0.7,1.4,90.49500000000005,0.7305365853658536,2
53,13,2,14505009001,4,1,2,2,0.7,1.4,91.89500000000005,0.7305365853658536,2
54,6,2,14505009001,4,1,2,2,0.7,1.4,104.22999999999999,0.7305365853658536,2
54,7,2,14505009001,4,1,2,2,0.7,1.4,105.63,0.7305365853658536,2
54,8,2,14505009001,4,1,2,2,0.7,1.4,107.03,0.7305365853658536,2
54,9,2,14505009001,4,1,2,2,0.7,1.4,108.43,0.7305365853658536,2
54,10,2,14505009001,4,1,2,2,0.7,1.4,109.83000000000001,0.7305365853658536,2
54,11,2,14505009001,4,1,2,2,0.7,1.4,111.23000000000002,0.7305365853658536,2
54,12,2,14505009001,4,1,2,2,0.7,1.4,112.63000000000002,0.7305365853658536,2
54,13,2,14505009001,4,1,2,2,0.7,1.4,114.03000000000003,0.7305365853658536,2
55,6,2,14505009001,4,1,2,2,0.7,1.4,71.47,0.7305365853658536,2
55,7,2,14505009001,4,1,2,2,0.7,1.4,72.87,0.7305365853658536,2
55,8,2,14505009001,4,1,2,2,0.7,1.4,74.27000000000001,0.7305365853658536,2
55,9,2,14505009001,4,1,2,2,0.7,1.4,75.67000000000002,0.7305365853658536,2
55,10,2,14505009001,4,1,2,2,0.7,1.4,77.07000000000002,0.7305365853658536,2
55,11,2,14505009001,4,1,2,2,0.7,1.4,78.47000000000003,0.7305365853658536,2
55,12,2,14505009001,4,1,2,2,0.7,1.4,79.87000000000003,0.7305365853658536,2
55,13,2,14505009001,4,1,2,2,0.7,1.4,81.27000000000004,0.7305365853658536,2
56,6,2,14505009001,4,1,2,2,0.7,1.4,60.193999999999996,0.7305365853658536,2
56,7,2,14505009001,4,1,2,2,0.7,1.4,61.593999999999994,0.7305365853658536,2
56,8,2,14505009001,4,1,2,2,0.7,1.4,62.99399999999999,0.7305365853658536,2
56,9,2,14505009001,4,1,2,2,0.7,1.4,64.39399999999999,0.7305365853658536,2
56,10,2,14505009001,4,1,2,2,0.7,1.4,65.794,0.7305365853658536,2
56,11,2,14505009001,4,1,2,2,0.7,1.4,67.194,0.7305365853658536,2
56,12,2,14505009001,4,1,2,2,0.7,1.4,68.59400000000001,0.7305365853658536,2
56,13,2,14505009001,4,1,2,2,0.7,1.4,69.99400000000001,0.7305365853658536,2
57,6,2,14505009001,4,1,2,2,0.7,1.4,90.50000000000001,0.7305365853658536,2
57,7,2,14505009001,4,1,2,2,0.7,1.4,91.90000000000002,0.7305365853658536,2
57,8,2,14505009001,4,1,2,2,0.7,1.4,93.30000000000003,0.7305365853658536,2
57,9,2,14505009001,4,1,2,2,0.7,1.4,94.70000000000003,0.7305365853658536,2
57,10,2,14505009001,4,1,2,2,0.7,1.4,96.10000000000004,0.7305365853658536,2
57,11,2,14505009001,4,1,2,2,0.7,1.4,97.50000000000004,0.7305365853658536,2
57,12,2,14505009001,4,1,2,2,0.7,1.4,98.90000000000005,0.7305365853658536,2
57,13,2,14505009001,4,1,2,2,0.7,1.4,100.30000000000005,0.7305365853658536,2
58,6,2,14505009001,4,1,2,2,0.7,1.4,89.33000000000001,0.7305365853658536,2
58,7,2,14505009001,4,1,2,2,0.7,1.4,90.73000000000002,0.7305365853658536,2
58,8,2,14505009001,4,1,2,2,0.7,1.4,92.13000000000002,0.7305365853658536,2
58,9,2,14505009001,4,1,2,2,0.7,1.4,93.53000000000003,0.7305365853658536,2
58,10,2,14505009001,4,1,2,2,0.7,1.4,94.93000000000004,0.7305365853658536,2
58,11,2,14505009001,4,1,2,2,0.7,1.4,96.33000000000004,0.7305365853658536,2
58,12,2,14505009001,4,1,2,2,0.7,1.4,97.73000000000005,0.7305365853658536,2
58,13,2,14505009001,4,1,2,2,0.7,1.4,99.13000000000005,0.7305365853658536,2
59,6,2,14505009001,4,1,2,2,0.7,1.4,92.36,0.7305365853658536,2
59,7,2,14505009001,4,1,2,2,0.7,1.4,93.76,0.7305365853658536,2
59,8,2,14505009001,4,1,2,2,0.7,1.4,95.16000000000001,0.7305365853658536,2
59,9,2,14505009001,4,1,2,2,0.7,1.4,96.56000000000002,0.7305365853658536,2
59,10,2,14505009001,4,1,2,2,0.7,1.4,97.96000000000002,0.7305365853658536,2
59,11,2,14505009001,4,1,2,2,0.7,1.4,99.36000000000003,0.7305365853658536,2
59,12,2,14505009001,4,1,2,2,0.7,1.4,100.76000000000003,0.7305365853658536,2
59,13,2,14505009001,4,1,2,2,0.7,1.4,102.16000000000004,0.7305365853658536,2
60,10,2,14505009001,4,1,2,2,0.7,1.4,70.842,0.7305365853658536,2
60,11,2,14505009001,4,1,2,2,0.7,1.4,72.242,0.7305365853658536,2
60,12,2,14505009001,4,1,2,2,0.7,1.4,73.64200000000001,0.7305365853658536,2
60,13,2,14505009001,4,1,2,2,0.7,1.4,75.04200000000002,0.7305365853658536,2
77,6,2,14505009001,4,1,2,2,0.7,1.4,70.85600000000001,0.7305365853658536,2
77,7,2,14505009001,4,1,2,2,0.7,1.4,72.25600000000001,0.7305365853658536,2
77,8,2,14505009001,4,1,2,2,0.7,1.4,73.65600000000002,0.7305365853658536,2
77,9,2,14505009001,4,1,2,2,0.7,1.4,75.05600000000003,0.7305365853658536,2
77,10,2,14505009001,4,1,2,2,0.7,1.4,76.45600000000003,0.7305365853658536,2
77,11,2,14505009001,4,1,2,2,0.7,1.4,77.85600000000004,0.7305365853658536,2
77,12,2,14505009001,4,1,2,2,0.7,1.4,79.25600000000004,0.7305365853658536,2
77,13,2,14505009001,4,1,2,2,0.7,1.4,80.65600000000005,0.7305365853658536,2
78,6,2,14505009001,4,1,2,2,0.7,1.4,74.69200000000001,0.7305365853658536,2
78,7,2,14505009001,4,1,2,2,0.7,1.4,76.09200000000001,0.7305365853658536,2
78,8,2,14505009001,4,1,2,2,0.7,1.4,77.49200000000002,0.7305365853658536,2
78,9,2,14505009001,4,1,2,2,0.7,1.4,78.89200000000002,0.7305365853658536,2
78,10,2,14505009001,4,1,2,2,0.7,1.4,80.29200000000003,0.7305365853658536,2
78,11,2,14505009001,4,1,2,2,0.7,1.4,81.69200000000004,0.7305365853658536,2
78,12,2,14505009001,4,1,2,2,0.7,1.4,83.09200000000004,0.7305365853658536,2
78,13,2,14505009001,4,1,2,2,0.7,1.4,84.49200000000005,0.7305365853658536,2
79,6,2,14505009001,4,1,2,2,0.7,1.4,50.733999999999995,0.7305365853658536,2
79,7,2,14505009001,4,1,2,2,0.7,1.4,52.13399999999999,0.7305365853658536,2
79,8,2,14505009001,4,1,2,2,0.7,1.4,53.53399999999999,0.7305365853658536,2
79,9,2,14505009001,4,1,2,2,0.7,1.4,54.93399999999999,0.7305365853658536,2
79,10,2,14505009001,4,1,2,2,0.7,1.4,56.33399999999999,0.7305365853658536,2
79,11,2,14505009001,4,1,2,2,0.7,1.4,57.73399999999999,0.7305365853658536,2
79,12,2,14505009001,4,1,2,2,0.7,1.4,59.133999999999986,0.7305365853658536,2
79,13,2,14505009001,4,1,2,2,0.7,1.4,60.533999999999985,0.7305365853658536,2
80,6,2,14505009001,4,1,2,2,0.7,1.4,80.77200000000002,0.7305365853658536,2
80,7,2,14505009001,4,1,2,2,0.7,1.4,82.17200000000003,0.7305365853658536,2
80,8,2,14505009001,4,1,2,2,0.7,1.4,83.57200000000003,0.7305365853658536,2
80,9,2,14505009001,4,1,2,2,0.7,1.4,84.97200000000004,0.7305365853658536,2
80,10,2,14505009001,4,1,2,2,0.7,1.4,86.37200000000004,0.7305365853658536,2
80,11,2,14505009001,4,1,2,2,0.7,1.4,87.77200000000005,0.7305365853658536,2
80,12,2,14505009001,4,1,2,2,0.7,1.4,89.17200000000005,0.7305365853658536,2
80,13,2,14505009001,4,1,2,2,0.7,1.4,90.57200000000006,0.7305365853658536,2
81,6,2,14505009001,4,1,2,2,0.7,1.4,71.88,0.7305365853658536,2
81,7,2,14505009001,4,1,2,2,0.7,1.4,73.28,0.7305365853658536,2
81,8,2,14505009001,4,1,2,2,0.7,1.4,74.68,0.7305365853658536,2
81,9,2,14505009001,4,1,2,2,0.7,1.4,76.08000000000001,0.7305365853658536,2
81,10,2,14505009001,4,1,2,2,0.7,1.4,77.48000000000002,0.7305365853658536,2
81,11,2,14505009001,4,1,2,2,0.7,1.4,78.88000000000002,0.7305365853658536,2
81,12,2,14505009001,4,1,2,2,0.7,1.4,80.28000000000003,0.7305365853658536,2
81,13,2,14505009001,4,1,2,2,0.7,1.4,81.68000000000004,0.7305365853658536,2
82,6,2,14505009001,4,1,2,2,0.7,1.4,92.76000000000002,0.7305365853658536,2
82,7,2,14505009001,4,1,2,2,0.7,1.4,94.16000000000003,0.7305365853658536,2
82,8,2,14505009001,4,1,2,2,0.7,1.4,95.56000000000003,0.7305365853658536,2
82,9,2,14505009001,4,1,2,2,0.7,1.4,96.96000000000004,0.7305365853658536,2
82,10,2,14505009001,4,1,2,2,0.7,1.4,98.36000000000004,0.7305365853658536,2
82,11,2,14505009001,4,1,2,2,0.7,1.4,99.76000000000005,0.7305365853658536,2
82,12,2,14505009001,4,1,2,2,0.7,1.4,101.16000000000005,0.7305365853658536,2
82,13,2,14505009001,4,1,2,2,0.7,1.4,102.56000000000006,0.7305365853658536,2
83,6,2,14505009001,4,1,2,2,0.7,1.4,91.266,0.7305365853658536,2
83,7,2,14505009001,4,1,2,2,0.7,1.4,92.66600000000001,0.7305365853658536,2
83,8,2,14505009001,4,1,2,2,0.7,1.4,94.06600000000002,0.7305365853658536,2
83,9,2,14505009001,4,1,2,2,0.7,1.4,95.46600000000002,0.7305365853658536,2
83,10,2,14505009001,4,1,2,2,0.7,1.4,96.86600000000003,0.7305365853658536,2
83,11,2,14505009001,4,1,2,2,0.7,1.4,98.26600000000003,0.7305365853658536,2
83,12,2,14505009001,4,1,2,2,0.7,1.4,99.66600000000004,0.7305365853658536,2
83,13,2,14505009001,4,1,2,2,0.7,1.4,101.06600000000005,0.7305365853658536,2
84,6,2,14505009001,4,1,2,2,0.7,1.4,66.77000000000001,0.7305365853658536,2
84,7,2,14505009001,4,1,2,2,0.7,1.4,68.17000000000002,0.7305365853658536,2
84,8,2,14505009001,4,1,2,2,0.7,1.4,69.57000000000002,0.7305365853658536,2
84,9,2,14505009001,4,1,2,2,0.7,1.4,70.97000000000003,0.7305365853658536,2
84,10,2,14505009001,4,1,2,2,0.7,1.4,72.37000000000003,0.7305365853658536,2
84,11,2,14505009001,4,1,2,2,0.7,1.4,73.77000000000004,0.7305365853658536,2
84,12,2,14505009001,4,1,2,2,0.7,1.4,75.17000000000004,0.7305365853658536,2
84,13,2,14505009001,4,1,2,2,0.7,1.4,76.57000000000005,0.7305365853658536,2
85,6,2,14505009001,4,1,2,2,0.7,1.4,59.558,0.7305365853658536,2
85,7,2,14505009001,4,1,2,2,0.7,1.4,60.958,0.7305365853658536,2
85,8,2,14505009001,4,1,2,2,0.7,1.4,62.358,0.7305365853658536,2
85,9,2,14505009001,4,1,2,2,0.7,1.4,63.757999999999996,0.7305365853658536,2
85,10,2,14505009001,4,1,2,2,0.7,1.4,65.158,0.7305365853658536,2
85,11,2,14505009001,4,1,2,2,0.7,1.4,66.558,0.7305365853658536,2
85,12,2,14505009001,4,1,2,2,0.7,1.4,67.95800000000001,0.7305365853658536,2
85,13,2,14505009001,4,1,2,2,0.7,1.4,69.35800000000002,0.7305365853658536,2
86,6,2,14505009001,4,1,2,2,0.7,1.4,79.90800000000002,0.7305365853658536,2
86,7,2,14505009001,4,1,2,2,0.7,1.4,81.30800000000002,0.7305365853658536,2
86,8,2,14505009001,4,1,2,2,0.7,1.4,82.70800000000003,0.7305365853658536,2
86,9,2,14505009001,4,1,2,2,0.7,1.4,84.10800000000003,0.7305365853658536,2
86,10,2,14505009001,4,1,2,2,0.7,1.4,85.50800000000004,0.7305365853658536,2
86,11,2,14505009001,4,1,2,2,0.7,1.4,86.90800000000004,0.7305365853658536,2
86,12,2,14505009001,4,1,2,2,0.7,1.4,88.30800000000005,0.7305365853658536,2
86,13,2,14505009001,4,1,2,2,0.7,1.4,89.70800000000006,0.7305365853658536,2
87,6,2,14505009001,4,1,2,2,0.7,1.4,77.278,0.7305365853658536,2
87,7,2,14505009001,4,1,2,2,0.7,1.4,78.67800000000001,0.7305365853658536,2
87,8,2,14505009001,4,1,2,2,0.7,1.4,80.07800000000002,0.7305365853658536,2
87,9,2,14505009001,4,1,2,2,0.7,1.4,81.47800000000002,0.7305365853658536,2
87,10,2,14505009001,4,1,2,2,0.7,1.4,82.87800000000003,0.7305365853658536,2
87,11,2,14505009001,4,1,2,2,0.7,1.4,84.27800000000003,0.7305365853658536,2
87,12,2,14505009001,4,1,2,2,0.7,1.4,85.67800000000004,0.7305365853658536,2
87,13,2,14505009001,4,1,2,2,0.7,1.4,87.07800000000005,0.7305365853658536,2
88,6,2,14505009001,4,1,2,2,0.7,1.4,77.23199999999999,0.7305365853658536,2
88,7,2,14505009001,4,1,2,2,0.7,1.4,78.63199999999999,0.7305365853658536,2
88,8,2,14505009001,4,1,2,2,0.7,1.4,80.032,0.7305365853658536,2
88,9,2,14505009001,4,1,2,2,0.7,1.4,81.432,0.7305365853658536,2
88,10,2,14505009001,4,1,2,2,0.7,1.4,82.83200000000001,0.7305365853658536,2
88,11,2,14505009001,4,1,2,2,0.7,1.4,84.23200000000001,0.7305365853658536,2
88,12,2,14505009001,4,1,2,2,0.7,1.4,85.63200000000002,0.7305365853658536,2
88,13,2,14505009001,4,1,2,2,0.7,1.4,87.03200000000002,0.7305365853658536,2
89,6,2,14505009001,4,1,2,2,0.7,1.4,75.69800000000001,0.7305365853658536,2
89,7,2,14505009001,4,1,2,2,0.7,1.4,77.09800000000001,0.7305365853658536,2
89,8,2,14505009001,4,1,2,2,0.7,1.4,78.49800000000002,0.7305365853658536,2
89,9,2,14505009001,4,1,2,2,0.7,1.4,79.89800000000002,0.7305365853658536,2
89,10,2,14505009001,4,1,2,2,0.7,1.4,81.29800000000003,0.7305365853658536,2
89,11,2,14505009001,4,1,2,2,0.7,1.4,82.69800000000004,0.7305365853658536,2
89,12,2,14505009001,4,1,2,2,0.7,1.4,84.09800000000004,0.7305365853658536,2
89,13,2,14505009001,4,1,2,2,0.7,1.4,85.49800000000005,0.7305365853658536,2
90,6,2,14505009001,4,1,2,2,0.7,1.4,98.95,0.7305365853658536,2
90,7,2,14505009001,4,1,2,2,0.7,1.4,100.35000000000001,0.7305365853658536,2
90,8,2,14505009001,4,1,2,2,0.7,1.4,101.75000000000001,0.7305365853658536,2
90,9,2,14505009001,4,1,2,2,0.7,1.4,103.15000000000002,0.7305365853658536,2
90,10,2,14505009001,4,1,2,2,0.7,1.4,104.55000000000003,0.7305365853658536,2
90,11,2,14505009001,4,1,2,2,0.7,1.4,105.95000000000003,0.7305365853658536,2
90,12,2,14505009001,4,1,2,2,0.7,1.4,107.35000000000004,0.7305365853658536,2
90,13,2,14505009001,4,1,2,2,0.7,1.4,108.75000000000004,0.7305365853658536,2
91,6,2,14505009001,4,1,2,2,0.7,1.4,76.59000000000002,0.7305365853658536,2
91,7,2,14505009001,4,1,2,2,0.7,1.4,77.99000000000002,0.7305365853658536,2
91,8,2,14505009001,4,1,2,2,0.7,1.4,79.39000000000003,0.7305365853658536,2
91,9,2,14505009001,4,1,2,2,0.7,1.4,80.79000000000003,0.7305365853658536,2
91,10,2,14505009001,4,1,2,2,0.7,1.4,82.19000000000004,0.7305365853658536,2
91,11,2,14505009001,4,1,2,2,0.7,1.4,83.59000000000005,0.7305365853658536,2
91,12,2,14505009001,4,1,2,2,0.7,1.4,84.99000000000005,0.7305365853658536,2
91,13,2,14505009001,4,1,2,2,0.7,1.4,86.39000000000006,0.7305365853658536,2
92,6,2,14505009001,4,1,2,2,0.7,1.4,63.834,0.7305365853658536,2
92,7,2,14505009001,4,1,2,2,0.7,1.4,65.23400000000001,0.7305365853658536,2
92,8,2,14505009001,4,1,2,2,0.7,1.4,66.63400000000001,0.7305365853658536,2
92,9,2,14505009001,4,1,2,2,0.7,1.4,68.03400000000002,0.7305365853658536,2
92,10,2,14505009001,4,1,2,2,0.7,1.4,69.43400000000003,0.7305365853658536,2
92,11,2,14505009001,4,1,2,2,0.7,1.4,70.83400000000003,0.7305365853658536,2
92,12,2,14505009001,4,1,2,2,0.7,1.4,72.23400000000004,0.7305365853658536,2
92,13,2,14505009001,4,1,2,2,0.7,1.4,73.63400000000004,0.7305365853658536,2
93,6,2,14505009001,4,1,2,2,0.7,1.4,86.34800000000001,0.7305365853658536,2
93,7,2,14505009001,4,1,2,2,0.7,1.4,87.74800000000002,0.7305365853658536,2
93,8,2,14505009001,4,1,2,2,0.7,1.4,89.14800000000002,0.7305365853658536,2
93,9,2,14505009001,4,1,2,2,0.7,1.4,90.54800000000003,0.7305365853658536,2
93,10,2,14505009001,4,1,2,2,0.7,1.4,91.94800000000004,0.7305365853658536,2
93,11,2,14505009001,4,1,2,2,0.7,1.4,93.34800000000004,0.7305365853658536,2
93,12,2,14505009001,4,1,2,2,0.7,1.4,94.74800000000005,0.7305365853658536,2
93,13,2,14505009001,4,1,2,2,0.7,1.4,96.14800000000005,0.7305365853658536,2
94,6,2,14505009001,4,1,2,2,0.7,1.4,79.97,0.7305365853658536,2
94,7,2,14505009001,4,1,2,2,0.7,1.4,81.37,0.7305365853658536,2
94,8,2,14505009001,4,1,2,2,0.7,1.4,82.77000000000001,0.7305365853658536,2
94,9,2,14505009001,4,1,2,2,0.7,1.4,84.17000000000002,0.7305365853658536,2
94,10,2,14505009001,4,1,2,2,0.7,1.4,85.57000000000002,0.7305365853658536,2
94,11,2,14505009001,4,1,2,2,0.7,1.4,86.97000000000003,0.7305365853658536,2
94,12,2,14505009001,4,1,2,2,0.7,1.4,88.37000000000003,0.7305365853658536,2
94,13,2,14505009001,4,1,2,2,0.7,1.4,89.77000000000004,0.7305365853658536,2
95,6,2,14505009001,4,1,2,2,0.7,1.4,76.78000000000002,0.7305365853658536,2
95,7,2,14505009001,4,1,2,2,0.7,1.4,78.18000000000002,0.7305365853658536,2
95,8,2,14505009001,4,1,2,2,0.7,1.4,79.58000000000003,0.7305365853658536,2
95,9,2,14505009001,4,1,2,2,0.7,1.4,80.98000000000003,0.7305365853658536,2
95,10,2,14505009001,4,1,2,2,0.7,1.4,82.38000000000004,0.7305365853658536,2
95,11,2,14505009001,4,1,2,2,0.7,1.4,83.78000000000004,0.7305365853658536,2
95,12,2,14505009001,4,1,2,2,0.7,1.4,85.18000000000005,0.7305365853658536,2
95,13,2,14505009001,4,1,2,2,0.7,1.4,86.58000000000006,0.7305365853658536,2
96,6,2,14505009001,4,1,2,2,0.7,1.4,90.81800000000001,0.7305365853658536,2
96,7,2,14505009001,4,1,2,2,0.7,1.4,92.21800000000002,0.7305365853658536,2
96,8,2,14505009001,4,1,2,2,0.7,1.4,93.61800000000002,0.7305365853658536,2
96,9,2,14505009001,4,1,2,2,0.7,1.4,95.01800000000003,0.7305365853658536,2
96,10,2,14505009001,4,1,2,2,0.7,1.4,96.41800000000003,0.7305365853658536,2
96,11,2,14505009001,4,1,2,2,0.7,1.4,97.81800000000004,0.7305365853658536,2
96,12,2,14505009001,4,1,2,2,0.7,1.4,99.21800000000005,0.7305365853658536,2
96,13,2,14505009001,4,1,2,2,0.7,1.4,100.61800000000005,0.7305365853658536,2
97,6,2,14505009001,4,1,2,2,0.7,1.4,83.03200000000001,0.7305365853658536,2
97,7,2,14505009001,4,1,2,2,0.7,1.4,84.43200000000002,0.7305365853658536,2
97,8,2,14505009001,4,1,2,2,0.7,1.4,85.83200000000002,0.7305365853658536,2
97,9,2,14505009001,4,1,2,2,0.7,1.4,87.23200000000003,0.7305365853658536,2
97,10,2,14505009001,4,1,2,2,0.7,1.4,88.63200000000003,0.7305365853658536,2
97,11,2,14505009001,4,1,2,2,0.7,1.4,90.03200000000004,0.7305365853658536,2
97,12,2,14505009001,4,1,2,2,0.7,1.4,91.43200000000004,0.7305365853658536,2
97,13,2,14505009001,4,1,2,2,0.7,1.4,92.83200000000005,0.7305365853658536,2
98,6,2,14505009001,4,1,2,2,0.7,1.4,77.00800000000001,0.7305365853658536,2
98,7,2,14505009001,4,1,2,2,0.7,1.4,78.40800000000002,0.7305365853658536,2
98,8,2,14505009001,4,1,2,2,0.7,1.4,79.80800000000002,0.7305365853658536,2
98,9,2,14505009001,4,1,2,2,0.7,1.4,81.20800000000003,0.7305365853658536,2
98,10,2,14505009001,4,1,2,2,0.7,1.4,82.60800000000003,0.7305365853658536,2
98,11,2,14505009001,4,1,2,2,0.7,1.4,84.00800000000004,0.7305365853658536,2
98,12,2,14505009001,4,1,2,2,0.7,1.4,85.40800000000004,0.7305365853658536,2
98,13,2,14505009001,4,1,2,2,0.7,1.4,86.80800000000005,0.7305365853658536,2
99,6,2,14505009001,4,1,2,2,0.7,1.4,79.744,0.7305365853658536,2
99,7,2,14505009001,4,1,2,2,0.7,1.4,81.144,0.7305365853658536,2
99,8,2,14505009001,4,1,2,2,0.7,1.4,82.54400000000001,0.7305365853658536,2
99,9,2,14505009001,4,1,2,2,0.7,1.4,83.94400000000002,0.7305365853658536,2
99,10,2,14505009001,4,1,2,2,0.7,1.4,85.34400000000002,0.7305365853658536,2
99,11,2,14505009001,4,1,2,2,0.7,1.4,86.74400000000003,0.7305365853658536,2
99,12,2,14505009001,4,1,2,2,0.7,1.4,88.14400000000003,0.7305365853658536,2
99,13,2,14505009001,4,1,2,2,0.7,1.4,89.54400000000004,0.7305365853658536,2
100,6,2,14505009001,4,1,2,2,0.7,1.4,71.28000000000002,0.7305365853658536,2
100,7,2,14505009001,4,1,2,2,0.7,1.4,72.68000000000002,0.7305365853658536,2
100,8,2,14505009001,4,1,2,2,0.7,1.4,74.08000000000003,0.7305365853658536,2
100,9,2,14505009001,4,1,2,2,0.7,1.4,75.48000000000003,0.7305365853658536,2
100,10,2,14505009001,4,1,2,2,0.7,1.4,76.88000000000004,0.7305365853658536,2
100,11,2,14505009001,4,1,2,2,0.7,1.4,78.28000000000004,0.7305365853658536,2
100,12,2,14505009001,4,1,2,2,0.7,1.4,79.68000000000005,0.7305365853658536,2
100,13,2,14505009001,4,1,2,2,0.7,1.4,81.08000000000006,0.7305365853658536,2
101,6,2,14505009001,4,1,2,2,0.7,1.4,85.07,0.7305365853658536,2
101,7,2,14505009001,4,1,2,2,0.7,1.4,86.47,0.7305365853658536,2
101,8,2,14505009001,4,1,2,2,0.7,1.4,87.87,0.7305365853658536,2
101,9,2,14505009001,4,1,2,2,0.7,1.4,89.27000000000001,0.7305365853658536,2
101,10,2,14505009001,4,1,2,2,0.7,1.4,90.67000000000002,0.7305365853658536,2
101,11,2,14505009001,4,1,2,2,0.7,1.4,92.07000000000002,0.7305365853658536,2
101,12,2,14505009001,4,1,2,2,0.7,1.4,93.47000000000003,0.7305365853658536,2
101,13,2,14505009001,4,1,2,2,0.7,1.4,94.87000000000003,0.7305365853658536,2
102,6,2,14505009001,4,1,2,2,0.7,1.4,60.160000000000004,0.7305365853658536,2
102,7,2,14505009001,4,1,2,2,0.7,1.4,61.56,0.7305365853658536,2
102,8,2,14505009001,4,1,2,2,0.7,1.4,62.96,0.7305365853658536,2
102,9,2,14505009001,4,1,2,2,0.7,1.4,64.36,0.7305365853658536,2
102,10,2,14505009001,4,1,2,2,0.7,1.4,65.76,0.7305365853658536,2
102,11,2,14505009001,4,1,2,2,0.7,1.4,67.16000000000001,0.7305365853658536,2
102,12,2,14505009001,4,1,2,2,0.7,1.4,68.56000000000002,0.7305365853658536,2
102,13,2,14505009001,4,1,2,2,0.7,1.4,69.96000000000002,0.7305365853658536,2
103,6,2,14505009001,4,1,2,2,0.7,1.4,65.88,0.7305365853658536,2
103,7,2,14505009001,4,1,2,2,0.7,1.4,67.28,0.7305365853658536,2
103,8,2,14505009001,4,1,2,2,0.7,1.4,68.68,0.7305365853658536,2
103,9,2,14505009001,4,1,2,2,0.7,1.4,70.08000000000001,0.7305365853658536,2
103,10,2,14505009001,4,1,2,2,0.7,1.4,71.48000000000002,0.7305365853658536,2
103,11,2,14505009001,4,1,2,2,0.7,1.4,72.88000000000002,0.7305365853658536,2
103,12,2,14505009001,4,1,2,2,0.7,1.4,74.28000000000003,0.7305365853658536,2
103,13,2,14505009001,4,1,2,2,0.7,1.4,75.68000000000004,0.7305365853658536,2
104,6,2,14505009001,4,1,2,2,0.7,1.4,109.46200000000002,0.7305365853658536,2
104,7,2,14505009001,4,1,2,2,0.7,1.4,110.86200000000002,0.7305365853658536,2
104,8,2,14505009001,4,1,2,2,0.7,1.4,112.26200000000003,0.7305365853658536,2
104,9,2,14505009001,4,1,2,2,0.7,1.4,113.66200000000003,0.7305365853658536,2
104,10,2,14505009001,4,1,2,2,0.7,1.4,115.06200000000004,0.7305365853658536,2
104,11,2,14505009001,4,1,2,2,0.7,1.4,116.46200000000005,0.7305365853658536,2
104,12,2,14505009001,4,1,2,2,0.7,1.4,117.86200000000005,0.7305365853658536,2
104,13,2,14505009001,4,1,2,2,0.7,1.4,119.26200000000006,0.7305365853658536,2
105,6,2,14505009001,4,1,2,2,0.7,1.4,54.63999999999999,0.7305365853658536,2
105,7,2,14505009001,4,1,2,2,0.7,1.4,56.03999999999999,0.7305365853658536,2
105,8,2,14505009001,4,1,2,2,0.7,1.4,57.43999999999999,0.7305365853658536,2
105,9,2,14505009001,4,1,2,2,0.7,1.4,58.83999999999999,0.7305365853658536,2
105,10,2,14505009001,4,1,2,2,0.7,1.4,60.23999999999999,0.7305365853658536,2
105,11,2,14505009001,4,1,2,2,0.7,1.4,61.639999999999986,0.7305365853658536,2
105,12,2,14505009001,4,1,2,2,0.7,1.4,63.039999999999985,0.7305365853658536,2
105,13,2,14505009001,4,1,2,2,0.7,1.4,64.43999999999998,0.7305365853658536,2
106,6,2,14505009001,4,1,2,2,0.7,1.4,110.25800000000001,0.7305365853658536,2
106,7,2,14505009001,4,1,2,2,0.7,1.4,111.65800000000002,0.7305365853658536,2
106,8,2,14505009001,4,1,2,2,0.7,1.4,113.05800000000002,0.7305365853658536,2
106,9,2,14505009001,4,1,2,2,0.7,1.4,114.45800000000003,0.7305365853658536,2
106,10,2,14505009001,4,1,2,2,0.7,1.4,115.85800000000003,0.7305365853658536,2
106,11,2,14505009001,4,1,2,2,0.7,1.4,117.25800000000004,0.7305365853658536,2
106,12,2,14505009001,4,1,2,2,0.7,1.4,118.65800000000004,0.7305365853658536,2
106,13,2,14505009001,4,1,2,2,0.7,1.4,120.05800000000005,0.7305365853658536,2
107,6,2,14505009001,4,1,2,2,0.7,1.4,136.05,0.7305365853658536,2
107,7,2,14505009001,4,1,2,2,0.7,1.4,137.45000000000002,0.7305365853658536,2
107,8,2,14505009001,4,1,2,2,0.7,1.4,138.85000000000002,0.7305365853658536,2
107,9,2,14505009001,4,1,2,2,0.7,1.4,140.25000000000003,0.7305365853658536,2
107,10,2,14505009001,4,1,2,2,0.7,1.4,141.65000000000003,0.7305365853658536,2
107,11,2,14505009001,4,1,2,2,0.7,1.4,143.05000000000004,0.7305365853658536,2
107,12,2,14505009001,4,1,2,2,0.7,1.4,144.45000000000005,0.7305365853658536,2
107,13,2,14505009001,4,1,2,2,0.7,1.4,145.85000000000005,0.7305365853658536,2
108,6,2,14505009001,4,1,2,2,0.7,1.4,61.29999999999999,0.7305365853658536,2
108,7,2,14505009001,4,1,2,2,0.7,1.4,62.69999999999999,0.7305365853658536,2
108,8,2,14505009001,4,1,2,2,0.7,1.4,64.1,0.7305365853658536,2
108,9,2,14505009001,4,1,2,2,0.7,1.4,65.5,0.7305365853658536,2
108,10,2,14505009001,4,1,2,2,0.7,1.4,66.9,0.7305365853658536,2
108,11,2,14505009001,4,1,2,2,0.7,1.4,68.30000000000001,0.7305365853658536,2
108,12,2,14505009001,4,1,2,2,0.7,1.4,69.70000000000002,0.7305365853658536,2
108,13,2,14505009001,4,1,2,2,0.7,1.4,71.10000000000002,0.7305365853658536,2
109,6,2,14505009001,4,1,2,2,0.7,1.4,66.00800000000001,0.7305365853658536,2
109,7,2,14505009001,4,1,2,2,0.7,1.4,67.40800000000002,0.7305365853658536,2
109,8,2,14505009001,4,1,2,2,0.7,1.4,68.80800000000002,0.7305365853658536,2
109,9,2,14505009001,4,1,2,2,0.7,1.4,70.20800000000003,0.7305365853658536,2
109,10,2,14505009001,4,1,2,2,0.7,1.4,71.60800000000003,0.7305365853658536,2
109,11,2,14505009001,4,1,2,2,0.7,1.4,73.00800000000004,0.7305365853658536,2
109,12,2,14505009001,4,1,2,2,0.7,1.4,74.40800000000004,0.7305365853658536,2
109,13,2,14505009001,4,1,2,2,0.7,1.4,75.80800000000005,0.7305365853658536,2
110,11,2,14505009001,4,1,2,2,0.7,1.4,93.64800000000001,0.7305365853658536,2
110,12,2,14505009001,4,1,2,2,0.7,1.4,95.04800000000002,0.7305365853658536,2
110,13,2,14505009001,4,1,2,2,0.7,1.4,96.44800000000002,0.7305365853658536,2
118,6,2,14505009001,4,1,2,2,0.7,1.4,97.74000000000001,0.7305365853658536,2
118,7,2,14505009001,4,1,2,2,0.7,1.4,99.14000000000001,0.7305365853658536,2
118,8,2,14505009001,4,1,2,2,0.7,1.4,100.54000000000002,0.7305365853658536,2
118,9,2,14505009001,4,1,2,2,0.7,1.4,101.94000000000003,0.7305365853658536,2
118,10,2,14505009001,4,1,2,2,0.7,1.4,103.34000000000003,0.7305365853658536,2
118,11,2,14505009001,4,1,2,2,0.7,1.4,104.74000000000004,0.7305365853658536,2
118,12,2,14505009001,4,1,2,2,0.7,1.4,106.14000000000004,0.7305365853658536,2
118,13,2,14505009001,4,1,2,2,0.7,1.4,107.54000000000005,0.7305365853658536,2
119,6,2,14505009001,4,1,2,2,0.7,1.4,133.3,0.7305365853658536,2
119,7,2,14505009001,4,1,2,2,0.7,1.4,134.70000000000002,0.7305365853658536,2
119,8,2,14505009001,4,1,2,2,0.7,1.4,136.10000000000002,0.7305365853658536,2
119,9,2,14505009001,4,1,2,2,0.7,1.4,137.50000000000003,0.7305365853658536,2
119,10,2,14505009001,4,1,2,2,0.7,1.4,138.90000000000003,0.7305365853658536,2
119,11,2,14505009001,4,1,2,2,0.7,1.4,140.30000000000004,0.7305365853658536,2
119,12,2,14505009001,4,1,2,2,0.7,1.4,141.70000000000005,0.7305365853658536,2
119,13,2,14505009001,4,1,2,2,0.7,1.4,143.10000000000005,0.7305365853658536,2
120,6,2,14505009001,4,1,2,2,0.7,1.4,79.99000000000001,0.7305365853658536,2
120,7,2,14505009001,4,1,2,2,0.7,1.4,81.39000000000001,0.7305365853658536,2
120,8,2,14505009001,4,1,2,2,0.7,1.4,82.79000000000002,0.7305365853658536,2
120,9,2,14505009001,4,1,2,2,0.7,1.4,84.19000000000003,0.7305365853658536,2
120,10,2,14505009001,4,1,2,2,0.7,1.4,85.59000000000003,0.7305365853658536,2
120,11,2,14505009001,4,1,2,2,0.7,1.4,86.99000000000004,0.7305365853658536,2
120,12,2,14505009001,4,1,2,2,0.7,1.4,88.39000000000004,0.7305365853658536,2
120,13,2,14505009001,4,1,2,2,0.7,1.4,89.79000000000005,0.7305365853658536,2
121,6,2,14505009001,4,1,2,2,0.7,1.4,62.17,0.7305365853658536,2
121,7,2,14505009001,4,1,2,2,0.7,1.4,63.57,0.7305365853658536,2
121,8,2,14505009001,4,1,2,2,0.7,1.4,64.97,0.7305365853658536,2
121,9,2,14505009001,4,1,2,2,0.7,1.4,66.37,0.7305365853658536,2
121,10,2,14505009001,4,1,2,2,0.7,1.4,67.77000000000001,0.7305365853658536,2
121,11,2,14505009001,4,1,2,2,0.7,1.4,69.17000000000002,0.7305365853658536,2
121,12,2,14505009001,4,1,2,2,0.7,1.4,70.57000000000002,0.7305365853658536,2
121,13,2,14505009001,4,1,2,2,0.7,1.4,71.97000000000003,0.7305365853658536,2
122,6,2,14505009001,4,1,2,2,0.7,1.4,66.61000000000001,0.7305365853658536,2
122,7,2,14505009001,4,1,2,2,0.7,1.4,68.01000000000002,0.7305365853658536,2
122,8,2,14505009001,4,1,2,2,0.7,1.4,69.41000000000003,0.7305365853658536,2
122,9,2,14505009001,4,1,2,2,0.7,1.4,70.81000000000003,0.7305365853658536,2
122,10,2,14505009001,4,1,2,2,0.7,1.4,72.21000000000004,0.7305365853658536,2
122,11,2,14505009001,4,1,2,2,0.7,1.4,73.61000000000004,0.7305365853658536,2
122,12,2,14505009001,4,1,2,2,0.7,1.4,75.01000000000005,0.7305365853658536,2
122,13,2,14505009001,4,1,2,2,0.7,1.4,76.41000000000005,0.7305365853658536,2
123,6,2,14505009001,4,1,2,2,0.7,1.4,61.43,0.7305365853658536,2
123,7,2,14505009001,4,1,2,2,0.7,1.4,62.83,0.7305365853658536,2
123,8,2,14505009001,4,1,2,2,0.7,1.4,64.23,0.7305365853658536,2
123,9,2,14505009001,4,1,2,2,0.7,1.4,65.63000000000001,0.7305365853658536,2
123,10,2,14505009001,4,1,2,2,0.7,1.4,67.03000000000002,0.7305365853658536,2
123,11,2,14505009001,4,1,2,2,0.7,1.4,68.43000000000002,0.7305365853658536,2
123,12,2,14505009001,4,1,2,2,0.7,1.4,69.83000000000003,0.7305365853658536,2
123,13,2,14505009001,4,1,2,2,0.7,1.4,71.23000000000003,0.7305365853658536,2
124,6,2,14505009001,4,1,2,2,0.7,1.4,80.36600000000001,0.7305365853658536,2
124,7,2,14505009001,4,1,2,2,0.7,1.4,81.76600000000002,0.7305365853658536,2
124,8,2,14505009001,4,1,2,2,0.7,1.4,83.16600000000003,0.7305365853658536,2
124,9,2,14505009001,4,1,2,2,0.7,1.4,84.56600000000003,0.7305365853658536,2
124,10,2,14505009001,4,1,2,2,0.7,1.4,85.96600000000004,0.7305365853658536,2
124,11,2,14505009001,4,1,2,2,0.7,1.4,87.36600000000004,0.7305365853658536,2
124,12,2,14505009001,4,1,2,2,0.7,1.4,88.76600000000005,0.7305365853658536,2
124,13,2,14505009001,4,1,2,2,0.7,1.4,90.16600000000005,0.7305365853658536,2
125,6,2,14505009001,4,1,2,2,0.7,1.4,53.873999999999995,0.7305365853658536,2
125,7,2,14505009001,4,1,2,2,0.7,1.4,55.273999999999994,0.7305365853658536,2
125,8,2,14505009001,4,1,2,2,0.7,1.4,56.67399999999999,0.7305365853658536,2
125,9,2,14505009001,4,1,2,2,0.7,1.4,58.07399999999999,0.7305365853658536,2
125,10,2,14505009001,4,1,2,2,0.7,1.4,59.47399999999999,0.7305365853658536,2
125,11,2,14505009001,4,1,2,2,0.7,1.4,60.87399999999999,0.7305365853658536,2
125,12,2,14505009001,4,1,2,2,0.7,1.4,62.27399999999999,0.7305365853658536,2
125,13,2,14505009001,4,1,2,2,0.7,1.4,63.673999999999985,0.7305365853658536,2
126,6,2,14505009001,4,1,2,2,0.7,1.4,73.32600000000001,0.7305365853658536,2
126,7,2,14505009001,4,1,2,2,0.7,1.4,74.72600000000001,0.7305365853658536,2
126,8,2,14505009001,4,1,2,2,0.7,1.4,76.12600000000002,0.7305365853658536,2
126,9,2,14505009001,4,1,2,2,0.7,1.4,77.52600000000002,0.7305365853658536,2
126,10,2,14505009001,4,1,2,2,0.7,1.4,78.92600000000003,0.7305365853658536,2
126,11,2,14505009001,4,1,2,2,0.7,1.4,80.32600000000004,0.7305365853658536,2
126,12,2,14505009001,4,1,2,2,0.7,1.4,81.72600000000004,0.7305365853658536,2
126,13,2,14505009001,4,1,2,2,0.7,1.4,83.12600000000005,0.7305365853658536,2
127,6,2,14505009001,4,1,2,2,0.7,1.4,31.636,0.7305365853658536,2
127,7,2,14505009001,4,1,2,2,0.7,1.4,33.036,0.7305365853658536,2
127,8,2,14505009001,4,1,2,2,0.7,1.4,34.436,0.7305365853658536,2
127,9,2,14505009001,4,1,2,2,0.7,1.4,35.836,0.7305365853658536,2
127,10,2,14505009001,4,1,2,2,0.7,1.4,37.236,0.7305365853658536,2
127,11,2,14505009001,4,1,2,2,0.7,1.4,38.635999999999996,0.7305365853658536,2
127,12,2,14505009001,4,1,2,2,0.7,1.4,40.035999999999994,0.7305365853658536,2
127,13,2,14505009001,4,1,2,2,0.7,1.4,41.43599999999999,0.7305365853658536,2
128,6,2,14505009001,4,1,2,2,0.7,1.4,63.45000000000001,0.7305365853658536,2
128,7,2,14505009001,4,1,2,2,0.7,1.4,64.85000000000001,0.7305365853658536,2
128,8,2,14505009001,4,1,2,2,0.7,1.4,66.25000000000001,0.7305365853658536,2
128,9,2,14505009001,4,1,2,2,0.7,1.4,67.65000000000002,0.7305365853658536,2
128,10,2,14505009001,4,1,2,2,0.7,1.4,69.05000000000003,0.7305365853658536,2
128,11,2,14505009001,4,1,2,2,0.7,1.4,70.45000000000003,0.7305365853658536,2
128,12,2,14505009001,4,1,2,2,0.7,1.4,71.85000000000004,0.7305365853658536,2
128,13,2,14505009001,4,1,2,2,0.7,1.4,73.25000000000004,0.7305365853658536,2
129,6,2,14505009001,4,1,2,2,0.7,1.4,88.80000000000001,0.7305365853658536,2
129,7,2,14505009001,4,1,2,2,0.7,1.4,90.20000000000002,0.7305365853658536,2
129,8,2,14505009001,4,1,2,2,0.7,1.4,91.60000000000002,0.7305365853658536,2
129,9,2,14505009001,4,1,2,2,0.7,1.4,93.00000000000003,0.7305365853658536,2
129,10,2,14505009001,4,1,2,2,0.7,1.4,94.40000000000003,0.7305365853658536,2
129,11,2,14505009001,4,1,2,2,0.7,1.4,95.80000000000004,0.7305365853658536,2
129,12,2,14505009001,4,1,2,2,0.7,1.4,97.20000000000005,0.7305365853658536,2
129,13,2,14505009001,4,1,2,2,0.7,1.4,98.60000000000005,0.7305365853658536,2
130,6,2,14505009001,4,1,2,2,0.7,1.4,39.07,0.7305365853658536,2
130,7,2,14505009001,4,1,2,2,0.7,1.4,40.47,0.7305365853658536,2
130,8,2,14505009001,4,1,2,2,0.7,1.4,41.87,0.7305365853658536,2
130,9,2,14505009001,4,1,2,2,0.7,1.4,43.269999999999996,0.7305365853658536,2
130,10,2,14505009001,4,1,2,2,0.7,1.4,44.669999999999995,0.7305365853658536,2
130,11,2,14505009001,4,1,2,2,0.7,1.4,46.06999999999999,0.7305365853658536,2
130,12,2,14505009001,4,1,2,2,0.7,1.4,47.46999999999999,0.7305365853658536,2
130,13,2,14505009001,4,1,2,2,0.7,1.4,48.86999999999999,0.7305365853658536,2
131,6,2,14505009001,4,1,2,2,0.7,1.4,59.46,0.7305365853658536,2
131,7,2,14505009001,4,1,2,2,0.7,1.4,60.86,0.7305365853658536,2
131,8,2,14505009001,4,1,2,2,0.7,1.4,62.26,0.7305365853658536,2
131,9,2,14505009001,4,1,2,2,0.7,1.4,63.66,0.7305365853658536,2
131,10,2,14505009001,4,1,2,2,0.7,1.4,65.06,0.7305365853658536,2
131,11,2,14505009001,4,1,2,2,0.7,1.4,66.46000000000001,0.7305365853658536,2
131,12,2,14505009001,4,1,2,2,0.7,1.4,67.86000000000001,0.7305365853658536,2
131,13,2,14505009001,4,1,2,2,0.7,1.4,69.26000000000002,0.7305365853658536,2
132,6,2,14505009001,4,1,2,2,0.7,1.4,77.57000000000001,0.7305365853658536,2
132,7,2,14505009001,4,1,2,2,0.7,1.4,78.97000000000001,0.7305365853658536,2
132,8,2,14505009001,4,1,2,2,0.7,1.4,80.37000000000002,0.7305365853658536,2
132,9,2,14505009001,4,1,2,2,0.7,1.4,81.77000000000002,0.7305365853658536,2
132,10,2,14505009001,4,1,2,2,0.7,1.4,83.17000000000003,0.7305365853658536,2
132,11,2,14505009001,4,1,2,2,0.7,1.4,84.57000000000004,0.7305365853658536,2
132,12,2,14505009001,4,1,2,2,0.7,1.4,85.97000000000004,0.7305365853658536,2
132,13,2,14505009001,4,1,2,2,0.7,1.4,87.37000000000005,0.7305365853658536,2
133,6,2,14505009001,4,1,2,2,0.7,1.4,72.56,0.7305365853658536,2
133,7,2,14505009001,4,1,2,2,0.7,1.4,73.96000000000001,0.7305365853658536,2
133,8,2,14505009001,4,1,2,2,0.7,1.4,75.36000000000001,0.7305365853658536,2
133,9,2,14505009001,4,1,2,2,0.7,1.4,76.76000000000002,0.7305365853658536,2
133,10,2,14505009001,4,1,2,2,0.7,1.4,78.16000000000003,0.7305365853658536,2
133,11,2,14505009001,4,1,2,2,0.7,1.4,79.56000000000003,0.7305365853658536,2
133,12,2,14505009001,4,1,2,2,0.7,1.4,80.96000000000004,0.7305365853658536,2
133,13,2,14505009001,4,1,2,2,0.7,1.4,82.36000000000004,0.7305365853658536,2
134,6,2,14505009001,4,1,2,2,0.7,1.4,87.05000000000001,0.7305365853658536,2
134,7,2,14505009001,4,1,2,2,0.7,1.4,88.45000000000002,0.7305365853658536,2
134,8,2,14505009001,4,1,2,2,0.7,1.4,89.85000000000002,0.7305365853658536,2
134,9,2,14505009001,4,1,2,2,0.7,1.4,91.25000000000003,0.7305365853658536,2
134,10,2,14505009001,4,1,2,2,0.7,1.4,92.65000000000003,0.7305365853658536,2
134,11,2,14505009001,4,1,2,2,0.7,1.4,94.05000000000004,0.7305365853658536,2
134,12,2,14505009001,4,1,2,2,0.7,1.4,95.45000000000005,0.7305365853658536,2
134,13,2,14505009001,4,1,2,2,0.7,1.4,96.85000000000005,0.7305365853658536,2
135,6,2,14505009001,4,1,2,2,0.7,1.4,94.83000000000001,0.7305365853658536,2
135,7,2,14505009001,4,1,2,2,0.7,1.4,96.23000000000002,0.7305365853658536,2
135,8,2,14505009001,4,1,2,2,0.7,1.4,97.63000000000002,0.7305365853658536,2
135,9,2,14505009001,4,1,2,2,0.7,1.4,99.03000000000003,0.7305365853658536,2
135,10,2,14505009001,4,1,2,2,0.7,1.4,100.43000000000004,0.7305365853658536,2
135,11,2,14505009001,4,1,2,2,0.7,1.4,101.83000000000004,0.7305365853658536,2
135,12,2,14505009001,4,1,2,2,0.7,1.4,103.23000000000005,0.7305365853658536,2
135,13,2,14505009001,4,1,2,2,0.7,1.4,104.63000000000005,0.7305365853658536,2
136,6,2,14505009001,4,1,2,2,0.7,1.4,53.99999999999999,0.7305365853658536,2
136,7,2,14505009001,4,1,2,2,0.7,1.4,55.39999999999999,0.7305365853658536,2
136,8,2,14505009001,4,1,2,2,0.7,1.4,56.79999999999999,0.7305365853658536,2
136,9,2,14505009001,4,1,2,2,0.7,1.4,58.19999999999999,0.7305365853658536,2
136,10,2,14505009001,4,1,2,2,0.7,1.4,59.59999999999999,0.7305365853658536,2
136,11,2,14505009001,4,1,2,2,0.7,1.4,60.999999999999986,0.7305365853658536,2
136,12,2,14505009001,4,1,2,2,0.7,1.4,62.399999999999984,0.7305365853658536,2
136,13,2,14505009001,4,1,2,2,0.7,1.4,63.79999999999998,0.7305365853658536,2
137,6,2,14505009001,4,1,2,2,0.7,1.4,62.53,0.7305365853658536,2
137,7,2,14505009001,4,1,2,2,0.7,1.4,63.93,0.7305365853658536,2
137,8,2,14505009001,4,1,2,2,0.7,1.4,65.33,0.7305365853658536,2
137,9,2,14505009001,4,1,2,2,0.7,1.4,66.73,0.7305365853658536,2
137,10,2,14505009001,4,1,2,2,0.7,1.4,68.13000000000001,0.7305365853658536,2
137,11,2,14505009001,4,1,2,2,0.7,1.4,69.53000000000002,0.7305365853658536,2
137,12,2,14505009001,4,1,2,2,0.7,1.4,70.93000000000002,0.7305365853658536,2
137,13,2,14505009001,4,1,2,2,0.7,1.4,72.33000000000003,0.7305365853658536,2
138,6,2,14505009001,4,1,2,2,0.7,1.4,61.86000000000001,0.7305365853658536,2
138,7,2,14505009001,4,1,2,2,0.7,1.4,63.260000000000005,0.7305365853658536,2
138,8,2,14505009001,4,1,2,2,0.7,1.4,64.66000000000001,0.7305365853658536,2
138,9,2,14505009001,4,1,2,2,0.7,1.4,66.06000000000002,0.7305365853658536,2
138,10,2,14505009001,4,1,2,2,0.7,1.4,67.46000000000002,0.7305365853658536,2
138,11,2,14505009001,4,1,2,2,0.7,1.4,68.86000000000003,0.7305365853658536,2
138,12,2,14505009001,4,1,2,2,0.7,1.4,70.26000000000003,0.7305365853658536,2
138,13,2,14505009001,4,1,2,2,0.7,1.4,71.66000000000004,0.7305365853658536,2
139,6,2,14505009001,4,1,2,2,0.7,1.4,31.994,0.7305365853658536,2
139,7,2,14505009001,4,1,2,2,0.7,1.4,33.394,0.7305365853658536,2
139,8,2,14505009001,4,1,2,2,0.7,1.4,34.794,0.7305365853658536,2
139,9,2,14505009001,4,1,2,2,0.7,1.4,36.193999999999996,0.7305365853658536,2
139,10,2,14505009001,4,1,2,2,0.7,1.4,37.593999999999994,0.7305365853658536,2
139,11,2,14505009001,4,1,2,2,0.7,1.4,38.99399999999999,0.7305365853658536,2
139,12,2,14505009001,4,1,2,2,0.7,1.4,40.39399999999999,0.7305365853658536,2
139,13,2,14505009001,4,1,2,2,0.7,1.4,41.79399999999999,0.7305365853658536,2
140,6,2,14505009001,4,1,2,2,0.7,1.4,71.59200000000001,0.7305365853658536,2
140,7,2,14505009001,4,1,2,2,0.7,1.4,72.99200000000002,0.7305365853658536,2
140,8,2,14505009001,4,1,2,2,0.7,1.4,74.39200000000002,0.7305365853658536,2
140,9,2,14505009001,4,1,2,2,0.7,1.4,75.79200000000003,0.7305365853658536,2
140,10,2,14505009001,4,1,2,2,0.7,1.4,77.19200000000004,0.7305365853658536,2
140,11,2,14505009001,4,1,2,2,0.7,1.4,78.59200000000004,0.7305365853658536,2
140,12,2,14505009001,4,1,2,2,0.7,1.4,79.99200000000005,0.7305365853658536,2
140,13,2,14505009001,4,1,2,2,0.7,1.4,81.39200000000005,0.7305365853658536,2
141,6,2,14505009001,4,1,2,2,0.7,1.4,44.339999999999996,0.7305365853658536,2
141,7,2,14505009001,4,1,2,2,0.7,1.4,45.739999999999995,0.7305365853658536,2
141,8,2,14505009001,4,1,2,2,0.7,1.4,47.13999999999999,0.7305365853658536,2
141,9,2,14505009001,4,1,2,2,0.7,1.4,48.53999999999999,0.7305365853658536,2
141,10,2,14505009001,4,1,2,2,0.7,1.4,49.93999999999999,0.7305365853658536,2
141,11,2,14505009001,4,1,2,2,0.7,1.4,51.33999999999999,0.7305365853658536,2
141,12,2,14505009001,4,1,2,2,0.7,1.4,52.73999999999999,0.7305365853658536,2
141,13,2,14505009001,4,1,2,2,0.7,1.4,54.139999999999986,0.7305365853658536,2
142,6,2,14505009001,4,1,2,2,0.7,1.4,148.352,0.7305365853658536,2
142,7,2,14505009001,4,1,2,2,0.7,1.4,149.752,0.7305365853658536,2
142,8,2,14505009001,4,1,2,2,0.7,1.4,151.15200000000002,0.7305365853658536,2
142,9,2,14505009001,4,1,2,2,0.7,1.4,152.55200000000002,0.7305365853658536,2
142,10,2,14505009001,4,1,2,2,0.7,1.4,153.95200000000003,0.7305365853658536,2
142,11,2,14505009001,4,1,2,2,0.7,1.4,155.35200000000003,0.7305365853658536,2
142,12,2,14505009001,4,1,2,2,0.7,1.4,156.75200000000004,0.7305365853658536,2
142,13,2,14505009001,4,1,2,2,0.7,1.4,158.15200000000004,0.7305365853658536,2
143,6,2,14505009001,4,1,2,2,0.7,1.4,148.10399999999998,0.7305365853658536,2
143,7,2,14505009001,4,1,2,2,0.7,1.4,149.504,0.7305365853658536,2
143,8,2,14505009001,4,1,2,2,0.7,1.4,150.904,0.7305365853658536,2
143,9,2,14505009001,4,1,2,2,0.7,1.4,152.304,0.7305365853658536,2
143,10,2,14505009001,4,1,2,2,0.7,1.4,153.704,0.7305365853658536,2
143,11,2,14505009001,4,1,2,2,0.7,1.4,155.104,0.7305365853658536,2
143,12,2,14505009001,4,1,2,2,0.7,1.4,156.50400000000002,0.7305365853658536,2
143,13,2,14505009001,4,1,2,2,0.7,1.4,157.90400000000002,0.7305365853658536,2
144,6,2,14505009001,4,1,2,2,0.7,1.4,104.08000000000001,0.7305365853658536,2
144,7,2,14505009001,4,1,2,2,0.7,1.4,105.48000000000002,0.7305365853658536,2
144,8,2,14505009001,4,1,2,2,0.7,1.4,106.88000000000002,0.7305365853658536,2
144,9,2,14505009001,4,1,2,2,0.7,1.4,108.28000000000003,0.7305365853658536,2
144,10,2,14505009001,4,1,2,2,0.7,1.4,109.68000000000004,0.7305365853658536,2
144,11,2,14505009001,4,1,2,2,0.7,1.4,111.08000000000004,0.7305365853658536,2
144,12,2,14505009001,4,1,2,2,0.7,1.4,112.48000000000005,0.7305365853658536,2
144,13,2,14505009001,4,1,2,2,0.7,1.4,113.88000000000005,0.7305365853658536,2
145,6,2,14505009001,4,1,2,2,0.7,1.4,129.88000000000002,0.7305365853658536,2
145,7,2,14505009001,4,1,2,2,0.7,1.4,131.28000000000003,0.7305365853658536,2
145,8,2,14505009001,4,1,2,2,0.7,1.4,132.68000000000004,0.7305365853658536,2
145,9,2,14505009001,4,1,2,2,0.7,1.4,134.08000000000004,0.7305365853658536,2
145,10,2,14505009001,4,1,2,2,0.7,1.4,135.48000000000005,0.7305365853658536,2
145,11,2,14505009001,4,1,2,2,0.7,1.4,136.88000000000005,0.7305365853658536,2
145,12,2,14505009001,4,1,2,2,0.7,1.4,138.28000000000006,0.7305365853658536,2
145,13,2,14505009001,4,1,2,2,0.7,1.4,139.68000000000006,0.7305365853658536,2
146,6,2,14505009001,4,1,2,2,0.7,1.4,136.82999999999998,0.7305365853658536,2
146,7,2,14505009001,4,1,2,2,0.7,1.4,138.23,0.7305365853658536,2
146,8,2,14505009001,4,1,2,2,0.7,1.4,139.63,0.7305365853658536,2
146,9,2,14505009001,4,1,2,2,0.7,1.4,141.03,0.7305365853658536,2
146,10,2,14505009001,4,1,2,2,0.7,1.4,142.43,0.7305365853658536,2
146,11,2,14505009001,4,1,2,2,0.7,1.4,143.83,0.7305365853658536,2
146,12,2,14505009001,4,1,2,2,0.7,1.4,145.23000000000002,0.7305365853658536,2
146,13,2,14505009001,4,1,2,2,0.7,1.4,146.63000000000002,0.7305365853658536,2
147,6,2,14505009001,4,1,2,2,0.7,1.4,127.27,0.7305365853658536,2
147,7,2,14505009001,4,1,2,2,0.7,1.4,128.67,0.7305365853658536,2
147,8,2,14505009001,4,1,2,2,0.7,1.4,130.07,0.7305365853658536,2
147,9,2,14505009001,4,1,2,2,0.7,1.4,131.47,0.7305365853658536,2
147,10,2,14505009001,4,1,2,2,0.7,1.4,132.87,0.7305365853658536,2
147,11,2,14505009001,4,1,2,2,0.7,1.4,134.27,0.7305365853658536,2
147,12,2,14505009001,4,1,2,2,0.7,1.4,135.67000000000002,0.7305365853658536,2
147,13,2,14505009001,4,1,2,2,0.7,1.4,137.07000000000002,0.7305365853658536,2
148,6,2,14505009001,4,1,2,2,0.7,1.4,124.38999999999999,0.7305365853658536,2
148,7,2,14505009001,4,1,2,2,0.7,1.4,125.78999999999999,0.7305365853658536,2
148,8,2,14505009001,4,1,2,2,0.7,1.4,127.19,0.7305365853658536,2
148,9,2,14505009001,4,1,2,2,0.7,1.4,128.59,0.7305365853658536,2
148,10,2,14505009001,4,1,2,2,0.7,1.4,129.99,0.7305365853658536,2
148,11,2,14505009001,4,1,2,2,0.7,1.4,131.39000000000001,0.7305365853658536,2
148,12,2,14505009001,4,1,2,2,0.7,1.4,132.79000000000002,0.7305365853658536,2
148,13,2,14505009001,4,1,2,2,0.7,1.4,134.19000000000003,0.7305365853658536,2
149,6,2,14505009001,4,1,2,2,0.7,1.4,56.83,0.7305365853658536,2
149,7,2,14505009001,4,1,2,2,0.7,1.4,58.23,0.7305365853658536,2
149,8,2,14505009001,4,1,2,2,0.7,1.4,59.629999999999995,0.7305365853658536,2
149,9,2,14505009001,4,1,2,2,0.7,1.4,61.029999999999994,0.7305365853658536,2
149,10,2,14505009001,4,1,2,2,0.7,1.4,62.42999999999999,0.7305365853658536,2
149,11,2,14505009001,4,1,2,2,0.7,1.4,63.82999999999999,0.7305365853658536,2
149,12,2,14505009001,4,1,2,2,0.7,1.4,65.22999999999999,0.7305365853658536,2
149,13,2,14505009001,4,1,2,2,0.7,1.4,66.63,0.7305365853658536,2
150,8,2,14505009001,4,1,2,2,0.7,1.4,37.86,0.7305365853658536,2
150,9,2,14505009001,4,1,2,2,0.7,1.4,39.26,0.7305365853658536,2
150,10,2,14505009001,4,1,2,2,0.7,1.4,40.66,0.7305365853658536,2
150,11,2,14505009001,4,1,2,2,0.7,1.4,42.059999999999995,0.7305365853658536,2
150,12,2,14505009001,4,1,2,2,0.7,1.4,43.459999999999994,0.7305365853658536,2
150,13,2,14505009001,4,1,2,2,0.7,1.4,44.85999999999999,0.7305365853658536,2
