item_code,item_name,box_length,box_width,box_height,box_volume,box_weight,number_of_item_in_a_box,mean_demand,std_demand,cv_demand,nonzero_periods,T,demand_frequency,avg_affinity,max_affinity,cluster,item_initial_inventory,box_initial_inventory,impact_score,quartile
14502016001,台酒麵攤-酒燉排骨風味湯麵95g,39.0,33.0,14.0,18018.0,3.63,30.0,19.285714285714285,26.56016146168446,1.3771935572725276,12,21,0.5714285714285714,2.1019912e-06,0.0003554743,0,54,2,0.2035826370602945,4
14352069001,桂格穀添樂七種果莓脆穀,51.0,25.0,24.0,30600.0,4.5,12.0,1.238095238095238,1.8232561637215856,1.4726299783905112,13,21,0.6190476190476191,3.5943003e-07,8.463674e-05,0,4,1,0.1861609442096689,4
14851007001,歡樂派貓乾糧(多種魚類-鮪魚+鮭魚+鱈肉),57.0,30.0,10.0,17100.0,7.06,1.0,5.190476190476191,8.180226144382722,1.5760068718535518,13,21,0.6190476190476191,7.507089e-08,6.770939e-05,0,16,16,0.1888561417119743,4
14805018001,泰山綿密牛奶紅豆330g,41.0,27.0,12.0,13284.0,9.5,24.0,5.714285714285714,5.993193418115151,1.0488088481701514,13,21,0.6190476190476191,6.574377e-07,6.770939e-05,0,14,1,0.1655822051033802,4
11071916001,一點絕2凝膠餌劑,17.0,15.0,9.0,2295.0,0.3,12.0,2.142857142857143,2.8666508463414115,1.3377703949593254,12,21,0.5714285714285714,3.9127815e-07,5.0782044e-05,0,6,1,0.1667139193202963,4
31532099001,順林_百研菜瓜布杯刷,60.0,30.0,14.0,25200.0,1.2,24.0,2.1904761904761907,2.3015325663989663,1.050699649877789,13,21,0.6190476190476191,3.4123127e-07,5.0782044e-05,0,6,1,0.162876685927635,4
10040048001,多喝水微鹼性竹炭離子水Pet2000ml,38.0,22.0,31.0,25916.0,17.0,8.0,131.85714285714286,334.9809213777329,2.540483694088982,11,21,0.5238095238095238,7.2796006e-08,3.3854696e-05,0,562,71,0.2195015635901095,4
12125007001,OB棉條普通型量販包,18.0,12.0,23.0,4968.0,1.32,12.0,1.761904761904762,3.1457418218883326,1.7854210340447294,10,21,0.4761904761904761,1.5014186e-07,1.6927348e-05,0,6,1,0.1640985774559059,4
31567019001,無塵氏櫻花芳香抗菌擦拭巾,35.0,19.0,20.0,13300.0,5.16,12.0,2.5238095238095237,2.905152198603742,1.1510980409561995,12,21,0.5714285714285714,4.345008e-07,0.000118491436,0,7,1,0.1643241212177055,4
14311065001,舊街場二合一白咖啡,44.0,40.0,25.0,44000.0,10.898,20.0,1.5238095238095235,2.3425474049997796,1.5372967345311055,12,21,0.5714285714285714,4.4360013e-07,5.0782044e-05,0,5,1,0.176349947484867,4
14330039001,克寧100％天然純淨即溶奶粉,53.0,40.0,17.0,36040.0,12.92,12.0,1.6666666666666667,2.3970881806958513,1.4382529084175106,14,21,0.6666666666666666,2.502365e-07,3.3854696e-05,0,5,1,0.1894451810022604,4
12201020001,春風山茶花精華抽取式衛生紙,20.0,10.0,10.0,2000.0,0.05,1.0,38.857142857142854,48.27134190158372,1.2422771812907576,13,21,0.6190476190476191,1.2966797e-07,3.3854696e-05,0,101,101,0.1720324878958209,4
14210056001,家樂福芒果乾,36.0,21.0,19.0,14364.0,1.17,20.0,1.6666666666666667,3.028960741674143,1.8173764450044856,11,21,0.5238095238095238,4.026526e-07,8.463674e-05,0,6,1,0.1827555151764687,4
14370072001,台糖黑糖300克,44.0,35.0,16.0,24640.0,10.2,30.0,2.6666666666666665,3.821410028140739,1.4330287605527772,14,21,0.6666666666666666,6.5516247e-07,6.770939e-05,0,8,1,0.1937003416397607,4
12123143001,靠得住茶樹舒涼棉35cm,12.0,10.0,14.0,1738.0,0.175,1.0,2.0952380952380953,3.1153194731040244,1.4868570212541934,12,21,0.5714285714285714,2.7980977e-07,8.463674e-05,0,7,7,0.1766430006459063,4
14200090001,原味巡禮老滷豆干-香辣豆干,37.0,29.0,19.0,20387.0,3.344,24.0,1.380952380952381,1.7586843154875609,1.2735300215599576,12,21,0.5714285714285714,5.687178e-07,6.770939e-05,0,4,1,0.1657473430075614,4
14105026001,LOTTE Pepero 巧克力棒分享盒,36.0,34.0,18.0,22032.0,2.71,9.0,2.1904761904761907,3.445066142416366,1.5727475867552974,11,21,0.5238095238095238,1.6947874e-06,0.00016927348,0,7,1,0.1831088645301611,4
15022005001,福樂巧克力牛乳(保久乳)200ml,30.0,17.0,12.0,6120.0,5.2,24.0,174.0,298.14857274280456,1.7134975444988767,13,21,0.6190476190476191,9.144978e-07,0.000118491436,2,557,24,0.2132669596838055,4
31500025001,OP花香環保袋(小),50.0,26.0,25.0,32500.0,15.12,30.0,2.4761904761904763,3.080183167389758,1.2439201252920176,13,21,0.6190476190476191,6.938353e-07,8.463674e-05,0,7,1,0.1763828351946805,4
14332014001,安怡長青高鈣奶粉 1500g,49.0,34.0,21.0,34986.0,12.36,6.0,1.6666666666666667,1.8601928556785343,1.1161157134071205,13,21,0.6190476190476191,3.0255848e-07,5.0782044e-05,0,5,1,0.1658412694767136,4
11032222002,克潮靈吊掛式除濕袋,57.0,27.0,23.0,35397.0,10.87,12.0,1.2857142857142858,2.141269252944487,1.6654316411790453,12,21,0.5714285714285714,1.3876748e-07,3.3854696e-05,0,5,1,0.1799013280215782,4
11031912001,Febreze風倍清織物除菌消臭補充-高效除菌,35.0,24.0,23.0,19320.0,8.35,24.0,2.047619047619047,2.7512108239341497,1.343614588432957,12,21,0.5714285714285714,1.4104235e-07,3.3854696e-05,0,6,1,0.1646159536744527,4
10014037001,好聖地100椰子水 350ml,40.0,27.0,13.0,14040.0,10.08,24.0,3.5714285714285716,4.304719763805532,1.205321533865549,12,21,0.5714285714285714,6.6426196e-07,6.770939e-05,0,10,1,0.1629310304828251,4
12106030001,歐樂B50M牙線無蠟,27.0,16.0,18.0,7776.0,1.12,48.0,6.666666666666667,9.508559218551378,1.426283882782707,13,21,0.6190476190476191,3.685295e-07,5.0782044e-05,0,19,1,0.1811423072298034,4
10016014001,統一嚴選素材番茄汁Can340ml,40.0,27.0,13.0,14040.0,10.09,24.0,58.857142857142854,85.9691449157837,1.4606408116759368,13,21,0.6190476190476191,2.525114e-07,3.3854696e-05,2,170,8,0.1840657219182921,4
11071902001,威滅滅蟑隊12入,43.0,28.0,15.0,18060.0,1.42,12.0,1.9523809523809523,3.4568936024536256,1.7706040402811254,13,21,0.6190476190476191,3.5488029e-07,6.770939e-05,0,7,1,0.1988069308598516,4
14101021001,大豆水果營養棒藍莓口味,32.0,17.0,14.0,7616.0,2.0,48.0,2.4285714285714284,3.824375810525954,1.574742980804805,13,21,0.6190476190476191,7.1430935e-07,0.00015234613,0,8,1,0.1985621905196838,4
15020920001,光泉高鈣牛乳-無加糖200ml,32.0,16.0,13.0,6656.0,5.26,24.0,212.57142857142856,380.69367406011327,1.7908976602290274,13,21,0.6190476190476191,3.0483338e-07,8.463674e-05,2,701,30,0.214264987709281,4
10000013001,百事可樂 Can250ml,41.0,28.0,10.0,11480.0,7.03,24.0,66.28571428571429,83.43639885002962,1.258738775754757,13,21,0.6190476190476191,3.890033e-07,5.0782044e-05,2,174,8,0.1769170568266152,4
14612075001,得意的一天100％純橄欖油2L,34.0,23.0,28.0,21896.0,11.7,6.0,5.428571428571429,7.448690703558506,1.3721272348660405,12,21,0.5714285714285714,7.7118085e-07,8.463674e-05,0,15,3,0.1729191496724694,4
12123062001,溫柔宣言夜用特長41公分,11.0,10.0,16.0,1758.0,0.13,1.0,1.9047619047619049,2.8769157079987075,1.5103807466993215,11,21,0.5238095238095238,2.5706112e-07,5.0782044e-05,0,6,6,0.1645066573669739,4
10032059001,伯朗絲絨奶茶 580ml,38.0,25.0,24.0,22800.0,15.8,24.0,9.333333333333334,13.54123625689617,1.4508467418103037,12,21,0.5714285714285714,4.0037756e-07,6.770939e-05,0,27,2,0.1741654735438443,4
14700075001,家樂福有機綠豆,42.0,23.0,20.0,19320.0,7.74,12.0,1.3333333333333333,2.3771398046378445,1.7828548534783837,12,21,0.5714285714285714,5.8236714e-07,8.463674e-05,0,5,1,0.1916519097990505,4
12010013001,綠的潔手乳,42.0,36.0,17.0,25704.0,7.43,12.0,1.8571428571428572,2.932343679683934,1.5789542890605797,11,21,0.5238095238095238,2.297626e-07,3.3854696e-05,0,6,1,0.1660995770154037,4
14010219001,燒番麥-原味115g,44.0,26.0,23.0,26312.0,1.5,10.0,3.238095238095238,4.241571607932067,1.3098971142143148,13,21,0.6190476190476191,1.1783852e-06,8.463674e-05,0,9,1,0.1810917556290577,4
14740038001,家福高筋麵粉,45.0,34.0,19.0,29070.0,12.84,12.0,2.857142857142857,3.795808644453264,1.3285330255586425,14,21,0.6666666666666666,2.8890926e-07,6.770939e-05,0,8,1,0.1875847522230867,4
14203059001,順發-東港鮪魚糖,43.0,30.0,18.0,23220.0,2.88,20.0,1.619047619047619,2.5350155531821263,1.5657449004948427,11,21,0.5238095238095238,8.075787e-07,8.463674e-05,0,5,1,0.172025850967072,4
11041017001,妙管家馬桶自動清潔劑,37.0,35.0,17.0,22015.0,9.2,24.0,1.1428571428571428,1.2453996981544782,1.0897247358851685,13,21,0.6190476190476191,2.7071033e-07,0.00010156409,0,3,1,0.1692130448999719,4
14833011001,飯友嚕肉飯150g,36.0,27.0,18.0,17496.0,10.2,48.0,5.857142857142857,9.046365827992894,1.544501482828055,13,21,0.6190476190476191,7.1885995e-07,0.00010156409,0,18,1,0.192585638497094,4
14610008001,福壽不飽和大豆沙拉油2L,35.0,24.0,29.0,24360.0,12.1,6.0,2.3333333333333335,5.312459150169742,2.2767682072156035,10,21,0.4761904761904761,1.435447e-06,0.00030469225,0,10,2,0.2185621707167383,4
12010192001,沙威隆茶樹精油抗菌潔淨洗手乳,30.0,20.0,16.0,9600.0,3.5,12.0,1.380952380952381,1.8120283419467096,1.3121584545131344,12,21,0.5714285714285714,3.116579e-07,8.463674e-05,0,4,1,0.1683712188456818,4
12124001001,靠得住產褥墊,15.0,20.0,22.0,6765.0,0.475,1.0,3.2857142857142856,4.7922840477749045,1.4585212319314926,12,21,0.5714285714285714,1.8199016e-07,3.3854696e-05,0,10,10,0.1702980500588082,4
12150016001,依必朗兒童抗菌洗髮乳,43.0,21.0,23.0,20769.0,9.75,12.0,1.3333333333333333,1.7817416127494958,1.336306209562122,12,21,0.5714285714285714,2.7526008e-07,5.0782044e-05,0,4,1,0.1662307520831779,4
14111041001,家福蜂蜜蜜麻花375g,43.0,35.0,24.0,36120.0,5.0,10.0,1.5714285714285714,2.700466072144348,1.7184784095464032,9,21,0.4285714285714285,9.417963e-07,0.000118491436,0,6,1,0.1628978500847814,4
14010226001,大同螃蟹王,42.0,35.0,20.0,29400.0,1.1,10.0,1.4285714285714286,3.230382972599358,2.2612680808195504,9,21,0.4285714285714285,6.483381e-07,8.463674e-05,0,6,1,0.1846683852283677,4
10021022001,舒跑Pet975ml,42.0,19.0,24.0,19152.0,13.12,12.0,16.571428571428573,22.366155189463917,1.3496817786745463,14,21,0.6666666666666666,2.0018918e-07,3.3854696e-05,0,46,4,0.1859908983300667,4
10035010001,泰山仙草蜜茶500ml,41.0,28.0,23.0,26404.0,13.26,24.0,31.047619047619047,49.69859267000109,1.6007215430521822,12,21,0.5714285714285714,1.9927982e-06,0.00015234613,0,95,4,0.1955772297890232,4
12005093004,莉婕泡沫染髮劑 栗子棕色,31.0,26.0,20.0,16120.0,3.17,12.0,2.0952380952380953,3.97497842946842,1.897148795882655,9,21,0.4285714285714285,2.7980977e-07,6.770939e-05,0,8,1,0.1646126770170008,4
12102080001,高露潔抗敏感抗敏護齦2+1超值組 抗敏護齦,45.0,33.0,22.0,32670.0,11.336,24.0,1.6666666666666667,2.1675822241411513,1.3005493344846908,14,21,0.6666666666666666,4.981968e-07,5.0782044e-05,0,5,1,0.1852449053866071,4
11072012002,鱷魚蚊香-30卷經濟包 鱷魚蚊香30卷,50.0,38.0,17.0,32300.0,10.78,24.0,1.9523809523809523,3.7477128323716182,1.9195602312147315,10,21,0.4761904761904761,3.4805572e-07,6.770939e-05,0,7,1,0.1758857170955826,4
10034049001,KIRIN午後紅茶 - 檸檬紅茶1500ml,32.0,19.0,31.0,18848.0,12.89,8.0,1.4285714285714286,2.4798507745317213,1.7358955421722049,10,21,0.4761904761904761,2.889093e-07,3.3854696e-05,0,5,1,0.16373891827119,4
12000108001,美吾髮藍風鈴奢香蓬鬆洗髮露,43.0,23.0,25.0,24725.0,12.1,12.0,1.0476190476190477,1.1328930717495542,1.0813979321245744,13,21,0.6190476190476191,3.344065e-07,8.463674e-05,0,3,1,0.1674223238047604,4
14621095001,義美全豆純釀造甘醇油膏420ml,28.0,22.0,32.0,19712.0,10.862,12.0,1.6666666666666667,2.100642380963121,1.2603854285778726,13,21,0.6190476190476191,2.6843546e-07,8.463674e-05,0,5,1,0.1757858193292988,4
14220132001,愛力檸檬C(3支入)66g,21.0,16.0,13.0,4368.0,1.79,15.0,2.1904761904761907,4.136009666782564,1.888178326139866,10,21,0.4761904761904761,3.5488029e-07,5.0782044e-05,0,8,1,0.1728386921815133,4
12221003001,家福擦手紙,21.0,10.0,8.0,1785.0,0.2,1.0,5.809523809523809,8.36443176915573,1.4397792389530355,11,21,0.5238095238095238,4.2085128e-07,8.463674e-05,0,17,17,0.1650708165681959,4
14510180001,樂米穀場-花蓮富里契作台灣越光米2kg,35.0,24.0,5.0,4288.0,2.0,1.0,1.6666666666666667,3.6296836190780017,2.177810171446801,11,21,0.5238095238095238,2.866344e-07,5.0782044e-05,0,7,7,0.1963981764689077,4
14226059001,Airwaves口香糖超值包超涼薄荷,40.0,22.0,25.0,22000.0,5.08,60.0,1.7142857142857142,3.466064835252922,2.0218711538975382,10,21,0.4761904761904761,3.1165786e-07,5.0782044e-05,0,7,1,0.1790464684763314,4
12000223001,566抗屑抗菌香氛洗髮精-小蒼蘭 抗屑抗菌小蒼蘭,45.0,22.0,27.0,26730.0,11.2,12.0,0.9523809523809524,1.3964645998681122,1.4662878298615178,11,21,0.5238095238095238,3.344066e-07,6.770939e-05,0,3,1,0.1641752884369907,4
10010019001,波蜜低卡果菜汁TP250ml,32.0,17.0,14.0,7616.0,5.1,18.0,23.428571428571427,27.333167412803192,1.1666595846928192,12,21,0.5714285714285714,8.0530367e-07,8.463674e-05,0,59,4,0.1643482873361435,4
14200092001,原味巡禮老滷豆干-蒜茸豆絲,37.0,29.0,19.0,20387.0,3.35,24.0,1.7142857142857142,2.6029810226126564,1.5184055965240495,12,21,0.5714285714285714,5.004718e-07,5.0782044e-05,0,6,1,0.1756393218606664,4
11040031001,家福浴廁清潔劑--百花香,34.0,24.0,29.0,23664.0,10.25,12.0,3.380952380952381,7.054051118910935,2.0864094858750653,12,21,0.5714285714285714,2.9345898e-07,3.3854696e-05,0,13,2,0.200581830561994,4
14351034001,雀巢美祿可可球早餐脆片,59.0,21.0,30.0,37170.0,4.3,9.0,2.5714285714285716,5.6448158143761695,2.195206150035177,13,21,0.6190476190476191,2.7980983e-07,6.770939e-05,0,10,2,0.2188494143452639,4
12005093001,莉婕泡沫染髮劑 棉花糖棕色,31.0,26.0,20.0,16120.0,3.188,12.0,2.1904761904761907,2.888714454876782,1.318760946791574,12,21,0.5714285714285714,2.2521282e-07,6.770939e-05,0,6,1,0.1668782245399103,4
14370076001,台糖精緻特砂500克,40.0,3.0,20.0,2400.0,21.34,40.0,3.4285714285714284,4.716449719776907,1.3756311682682647,11,21,0.5238095238095238,7.757307e-07,0.00013541878,0,10,1,0.1677382990520588,4
14244009001,盛香珍杏仁小魚,34.0,29.0,18.0,17748.0,2.0,10.0,1.5238095238095235,2.259773431943747,1.482976314713084,12,21,0.5714285714285714,6.073908e-07,6.770939e-05,0,5,1,0.1758607340481335,4
14243020001,萬歲牌珍味雙果,30.0,19.0,15.0,8550.0,2.81,6.0,1.2857142857142858,1.2399253872658609,0.9643864123178916,13,21,0.6190476190476191,7.0520986e-07,0.00010156409,0,3,1,0.164607663119925,4
14841001001,大茂香菇麵筋 170g,31.0,24.0,11.0,8184.0,5.68,24.0,15.142857142857142,18.82573141382045,1.2432086782711618,13,21,0.6190476190476191,1.4741183e-06,0.0002877649,0,40,2,0.1986245443795466,4
12212019001,康乃馨寶貝天使潔膚濕巾促銷包,31.0,19.0,29.0,17081.0,8.0,3.0,3.9047619047619047,4.341436693349135,1.1118313482967297,13,21,0.6190476190476191,1.4559211e-07,3.3854696e-05,0,10,4,0.1636971682758628,4
31709974001,美姬【粗體驗沐浴球】,66.0,25.0,7.0,11550.0,0.7,12.0,2.8095238095238093,2.9377517743213675,1.0456404620465884,13,21,0.6190476190476191,5.3914465e-07,6.770939e-05,0,7,1,0.1648807619870639,4
10002919001,維大力白葡萄風味氣水2000ml,35.0,23.0,31.0,24955.0,13.46,6.0,6.190476190476191,13.211175095058358,2.1341128999709653,9,21,0.4285714285714285,2.502365e-07,3.3854696e-05,0,24,4,0.1728945742782473,4
10020016001,韋恩 Flash Brew閃萃黑咖啡500ml,42.0,29.0,20.0,24360.0,13.124,24.0,17.904761904761905,22.20661583510807,1.2402631184501849,13,21,0.6190476190476191,5.368696e-07,8.463674e-05,0,47,2,0.1766738588004165,4
14022107001,樂事韓式辣醬炸雞,50.0,29.0,25.0,36250.0,1.7,12.0,1.761904761904762,3.264597428762402,1.852879621730012,9,21,0.4285714285714285,1.2580069e-06,0.00016927348,0,6,1,0.1750677904233272,4
12123009001,靠得住純白體驗超吸洞夜用超長,11.0,10.0,14.0,1484.0,0.15,1.0,6.0,15.793307805161389,2.632217967526898,10,21,0.4761904761904761,1.7516552e-07,5.0782044e-05,0,27,27,0.2079777545205493,4
14131024001,Gery捲心酥(榛果巧克力味),43.0,27.0,24.0,27864.0,5.3,24.0,2.4285714285714284,3.331972511340172,1.371988681140071,12,21,0.5714285714285714,1.3376275e-06,0.000118491436,0,7,1,0.1776743055989934,4
11103317001,一匙靈抗菌EX防成分PLUS洗衣精補包,29.0,25.0,28.0,20300.0,9.72,6.0,8.285714285714286,14.700640922674594,1.7742152837710716,10,21,0.4761904761904761,5.4141907e-07,0.000118491436,0,28,5,0.1747176214084861,4
14244919001,萬歲牌無調味堅果,39.0,30.0,17.0,19890.0,4.0,12.0,2.5714285714285716,3.048363004434137,1.1854745017243866,13,21,0.6190476190476191,7.188588e-07,8.463674e-05,0,7,1,0.1736812026989373,4
12011237001,嚕啦啦鈴蘭香氛沐浴乳,49.0,24.0,26.0,30576.0,12.55,6.0,1.6666666666666667,2.1894407490614567,1.313664449436874,13,21,0.6190476190476191,3.3440654e-07,6.770939e-05,0,5,1,0.1769446298663063,4
14121039001,金奇奧利奧香草夾心餅乾量販包399g,43.0,32.0,16.0,22016.0,5.86,12.0,1.1904761904761905,1.2580804584402767,1.0567875850898325,13,21,0.6190476190476191,7.7118096e-07,8.463674e-05,0,3,1,0.1676253656683885,4
14633934001,新康寶排骨風味湯塊100G,34.0,28.0,16.0,15232.0,8.88,72.0,2.047619047619047,2.733847637029966,1.3351348925030069,12,21,0.5714285714285714,6.1421537e-07,0.00020312818,0,6,1,0.1815659784284033,4
14242145001,義美濃蒜青豆,38.0,28.0,24.0,25536.0,2.8,12.0,1.1428571428571428,1.8331787195162057,1.6040313795766798,11,21,0.5238095238095238,8.030287e-07,6.770939e-05,0,4,1,0.1722197426047112,4
12120007001,蘇菲繽紛香氣超薄護墊玫瑰甜心,36.0,30.0,19.0,20520.0,1.83,12.0,2.3333333333333335,2.817180849095055,1.207363221040738,13,21,0.6190476190476191,3.0710808e-07,0.00020312818,0,6,1,0.1845319711510825,4
14244906001,萬歲牌養生八寶,33.0,23.0,13.0,9867.0,2.09,12.0,1.5714285714285714,2.2375885951372823,1.4239200150873614,12,21,0.5714285714285714,5.7554234e-07,5.0782044e-05,0,5,1,0.1713617091785762,4
14822062001,丸莊甜酒豆腐乳(非基改)380g,30.0,23.0,13.0,8970.0,7.54,12.0,1.0476190476190477,1.1741740958036146,1.1208025459943594,12,21,0.5714285714285714,7.893801e-07,0.000118491436,0,3,1,0.163899419207046,4
14242083001,盛香珍椒麻青豆花生,35.0,30.0,18.0,18900.0,1.91,10.0,1.238095238095238,1.7431433540688694,1.4079234782863943,13,21,0.6190476190476191,5.5961834e-07,6.770939e-05,0,4,1,0.1821160020492696,4
14243133001,萬歲牌蜜汁腰果350G,30.0,20.0,16.0,9600.0,2.82,6.0,1.5238095238095235,1.815778663327392,1.1916047478086012,13,21,0.6190476190476191,7.0748473e-07,8.463674e-05,0,4,1,0.1738728412898499,4
15021057001,克寧國小生草莓優酪乳198ML,33.0,16.0,13.0,6864.0,5.32,24.0,18.857142857142858,19.620896815302164,1.0405021038417814,13,21,0.6190476190476191,2.2521283e-07,5.0782044e-05,0,45,2,0.1630608996919198,4
14833002001,得意的一天嚴選肉鬆-香酥200g,38.0,28.0,16.0,17024.0,4.0,12.0,1.4761904761904765,1.7625481450782616,1.1939842273110803,13,21,0.6190476190476191,3.9810286e-07,5.0782044e-05,0,4,1,0.1698402291983263,4
14243010001,萬歲牌薄鹽烘焙核桃,33.0,25.0,13.0,10725.0,1.93,12.0,1.0476190476190477,1.98748921473421,1.897148795882655,9,21,0.4285714285714285,4.345007e-07,6.770939e-05,0,4,1,0.1650319542545487,4
12001109001,海倫仙度絲小蒼蘭香氛去屑洗髮乳750ml,20.0,22.0,24.0,10560.0,5.49,6.0,1.1904761904761905,1.401327520910682,1.1771151175649728,13,21,0.6190476190476191,5.095712e-07,6.770939e-05,0,3,1,0.1709546665480399,4
14523031001,職人料理和風咖哩雞,30.0,27.0,20.0,16200.0,6.396,12.0,1.8095238095238095,2.718876652118133,1.5025370972231789,12,21,0.5714285714285714,5.7099277e-07,0.00010156409,0,6,1,0.1798715001386016,4
14620163001,李錦記甘甜滷醬油 410ml,28.0,22.0,28.0,17248.0,10.302,12.0,2.4285714285714284,3.934843478116876,1.6202296674598904,13,21,0.6190476190476191,2.4796162e-07,3.3854696e-05,0,8,1,0.1881594129699364,4
10020010001,UCC Aroma Brew 艾洛瑪拿鐵咖啡Pet 525ml,44.0,29.0,20.0,25520.0,13.9,24.0,4.761904761904762,6.718168414685104,1.410815367083872,12,21,0.5714285714285714,6.1649007e-07,0.00010156409,0,14,1,0.1758249844751941,4
11110090001,新熊寶貝純淨溫和柔軟護衣精補充包,38.0,24.0,28.0,25536.0,12.03,6.0,1.761904761904762,3.0222155528804633,1.715311530013236,12,21,0.5714285714285714,2.7753495e-07,8.463674e-05,0,6,1,0.1875047286833755,4
14615070001,得意的一天五珍寶健康油2L,35.0,24.0,29.0,24360.0,13.13,6.0,31.285714285714285,43.66009713265253,1.3955282188519071,11,21,0.5238095238095238,2.8982015e-06,0.00030469225,0,88,15,0.1929311945203857,4
10014030001,優鮮沛蔓越莓綜合果汁Pet500ml,42.0,29.0,24.0,29232.0,13.78,24.0,10.095238095238097,17.176686198240755,1.7014641988823391,10,21,0.4761904761904761,6.051158e-07,0.000118491436,0,33,2,0.1715614652688487,4
10020025001,貝納頌直火炭焙風味 Can 210ml,33.0,22.0,13.0,9438.0,6.42,24.0,16.857142857142858,20.166652611452907,1.196326849831952,13,21,0.6190476190476191,1.0805634e-06,0.00015234613,0,43,2,0.1825657937845692,4
14001039001,御之味奶鹽蘇打餅,33.0,24.0,32.0,25344.0,4.97,12.0,3.0,3.651483716701107,1.2171612389003692,12,21,0.5714285714285714,1.7107106e-06,0.00025391023,0,8,1,0.1841960281017481,4
14820031001,金蘭香菇素瓜仔肉370g,31.0,22.0,14.0,9548.0,7.43,12.0,1.4761904761904765,1.990909043844464,1.3486803200236692,11,21,0.5238095238095238,7.3478304e-07,0.00010156409,0,5,1,0.1630298120745412,4
14805059001,愛之味蒟蒻紅豆粉粿340g,41.0,27.0,13.0,14391.0,10.1,24.0,8.571428571428571,11.499778169998915,1.3416407864998736,13,21,0.6190476190476191,7.1658394e-07,0.00010156409,0,24,1,0.1830772585639122,4
12121038001,蘇菲清新涼感衛生棉23cm黃瓜,32.0,29.0,23.0,21344.0,3.0,24.0,1.619047619047619,2.6632631341161073,1.6449566416599486,10,21,0.4761904761904761,3.480557e-07,8.463674e-05,0,6,1,0.164363087755214,4
14200060001,四乘六果汁大丁豆干,41.0,25.0,13.0,13325.0,3.48,10.0,1.1904761904761905,2.822006169529344,2.370485182404649,8,21,0.3809523809523809,2.8435952e-07,6.770939e-05,0,5,1,0.1771328809890481,4
14501031001,台酒花雕酸菜牛肉麵(碗)200g,49.0,35.0,15.0,25725.0,3.24,12.0,44.142857142857146,47.835318406746595,1.0836479897968485,13,21,0.6190476190476191,9.89569e-07,0.00015234613,2,106,9,0.1786019326681318,4
31530107001,OP舒適手套耐用強化 M,41.0,34.0,6.0,8364.0,1.02,12.0,1.7142857142857142,2.864276807966203,1.6708281379802852,11,21,0.5238095238095238,3.61705e-07,3.3854696e-05,0,6,1,0.1708830070425232,4
14511026001,台東池上大地黑米1kg,35.0,24.0,5.0,4288.0,1.0,1.0,1.9047619047619049,2.616882221720778,1.3738631664034089,13,21,0.6190476190476191,3.77629e-07,5.0782044e-05,0,6,6,0.1783768276879627,4
11103054001,水晶肥皂液体補充包 (洗衣用),39.0,24.0,31.0,29016.0,13.14,6.0,1.9523809523809523,3.1543800307960375,1.615658064554068,11,21,0.5238095238095238,2.7753495e-07,3.3854696e-05,0,6,1,0.1680045502727928,4
12010036001,麗仕持久香氛皂-媚惑幽香,36.0,23.0,25.0,20700.0,12.14,144.0,9.714285714285714,10.713333291001527,1.102843132897216,13,21,0.6190476190476191,4.913721e-07,0.000118491436,0,24,1,0.1726478974781508,4
14810030001,牛頭牌金色蔬菜特選玉米粒-易(2入),36.0,28.0,18.0,18144.0,10.55,24.0,6.285714285714286,9.056136341850031,1.4407489634761417,14,21,0.6666666666666666,9.577201e-07,0.000118491436,0,18,1,0.2000017627214521,4
14202018001,家樂福傳統香烤豬肉乾(辣味),37.0,27.0,21.0,20979.0,7.67,24.0,2.0952380952380953,3.962980623154891,1.8914225701421072,12,21,0.5714285714285714,6.346891e-07,0.000118491436,0,8,1,0.2002125354530163,4
14633897001,牛頭牌素食沙茶醬 250g,42.0,28.0,10.0,11760.0,7.466,24.0,1.5714285714285714,2.4798507745317218,1.5780868565201869,12,21,0.5714285714285714,4.026525e-07,5.0782044e-05,0,5,1,0.1781690224558939,4
14104030001,家福綜合香鬆奶酥,45.0,27.0,19.0,23085.0,4.25,10.0,2.1904761904761907,4.349264279535405,1.9855336928313805,10,21,0.4761904761904761,6.096655e-07,8.463674e-05,0,8,1,0.1814514080611372,4
12123079001,好自在液體衛生棉超長夜用34cm,33.0,28.0,19.0,17556.0,1.49,12.0,2.5238095238095237,3.580623085163326,1.4187374488382989,13,21,0.6190476190476191,3.2985676e-07,0.00013541878,0,8,1,0.1883411558589232,4
10020012001,36法郎拿堤烘焙咖啡Can240ml,40.0,27.0,10.0,10800.0,7.23,24.0,13.428571428571429,22.135021655138928,1.648352676446516,12,21,0.5714285714285714,6.5288776e-07,6.770939e-05,0,42,2,0.1846241823593378,4
14200088001,原味巡禮老滷豆干-大板條,37.0,29.0,19.0,20387.0,2.994,24.0,1.0476190476190477,1.0900498230723428,1.0405021038417817,13,21,0.6190476190476191,7.302332e-07,6.770939e-05,0,3,1,0.1651247601822469,4
10031023001,光泉茉莉茶園蘋果紅茶585ml,43.0,27.0,24.0,27864.0,15.0,24.0,10.285714285714286,14.105530347865614,1.3713710060424902,13,21,0.6190476190476191,4.9137225e-07,5.0782044e-05,0,29,2,0.179133781142966,4
14223119001,義美益生菌Jelly糖 (綜合),32.0,22.0,11.0,7744.0,1.11,12.0,0.9523809523809524,1.3265131692556305,1.392838827718412,12,21,0.5714285714285714,6.597126e-07,8.463674e-05,0,3,1,0.1732798928939139,4
14810025001,飯友牌KA玉米粒340g,35.0,26.0,18.0,16380.0,10.72,24.0,3.857142857142857,6.7491496062958385,1.7497795275581802,10,21,0.4761904761904761,3.5033077e-07,5.0782044e-05,0,13,1,0.1663308768557674,4
14022027001,樂事雞汁分享包芋片,31.0,19.0,26.0,15314.0,2.0,15.0,2.761904761904762,3.914621698012306,1.4173630285906629,14,21,0.6666666666666666,8.462518e-07,0.00013541878,0,8,1,0.1999069085625132,4
14001096001,家樂福亞麻蕎麥糙米餅160g,48.0,20.0,25.0,24000.0,3.2,12.0,1.0476190476190477,1.0900498230723423,1.0405021038417814,13,21,0.6190476190476191,7.097593e-07,5.0782044e-05,0,3,1,0.1634733680840482,4
14361137001,萬歲牌全天然無加糖腰果紫米什穀堅果飲,46.0,33.0,22.0,33396.0,3.798,12.0,1.0952380952380951,1.376841170933425,1.2571158517218226,12,21,0.5714285714285714,4.8227287e-07,0.000118491436,0,3,1,0.1694385295156775,4
14110145001,家樂福雙餡麻糬-紅豆奶香風味,41.0,20.0,15.0,12300.0,3.5,12.0,0.9047619047619048,0.920908552657796,1.017846295042827,13,21,0.6190476190476191,8.007543e-07,0.000118491436,0,3,1,0.1690186509475015,4
14311113001,摩卡醇濃二合一咖啡 11g X30,55.0,35.0,23.0,44275.0,8.48,20.0,1.619047619047619,3.3448779673973226,2.0659540386865816,9,21,0.4285714285714285,3.2075732e-07,3.3854696e-05,0,6,1,0.1695830018007931,4
14342028001,美國PBC無糖香脆花生醬,25.0,18.0,13.0,5850.0,2.82,6.0,0.7619047619047619,1.687623347301843,2.215005643333669,9,21,0.4285714285714285,1.3649259e-07,1.6927348e-05,0,3,1,0.1744704330878934,4
31623006001,HK家居a咖浸塑衣架10入,36.0,35.0,17.0,21420.0,5.2,12.0,0.8095238095238095,1.7353206817417712,2.1436314303868937,8,21,0.3809523809523809,1.7744041e-07,3.3854696e-05,0,4,1,0.1627867438168106,4
14226016001,Airwaves口香糖超值包冰釀葡萄,40.0,23.0,24.0,22080.0,5.0,60.0,2.5714285714285716,5.534062733664667,2.152135507536259,8,21,0.3809523809523809,4.868227e-07,0.00010156409,0,10,1,0.1706190362810296,4
14243034001,萬歲牌無調味核桃290G,30.0,20.0,15.0,9000.0,2.35,6.0,1.5714285714285714,2.718042512920064,1.7296634173127678,10,21,0.4761904761904761,3.5260544e-07,5.0782044e-05,0,6,1,0.1652374093857077,4
14820015001,大茂小蔭瓜,31.0,24.0,9.0,6696.0,3.82,24.0,4.857142857142857,9.280218153663837,1.9106331492837312,10,21,0.4761904761904761,4.936474e-07,6.770939e-05,0,17,1,0.1760960718430349,4
14131044001,萊佳綜合迷你哈斯餅,30.0,26.0,21.0,16380.0,2.0,10.0,1.4285714285714286,1.529750324210382,1.0708252269472671,13,21,0.6190476190476191,1.17156e-06,8.463674e-05,0,4,1,0.1695625783554979,4
14510118001,花蓮富里台灣越光米(圓二)2.5kg,35.0,24.0,5.0,4288.0,2.5,1.0,1.761904761904762,2.3885592769494197,1.3556687788091302,13,21,0.6190476190476191,6.8928574e-07,8.463674e-05,0,5,5,0.181650916046148,4
12201022001,舒潔濕式衛生紙,23.0,11.0,6.0,1518.0,0.5,1.0,7.0,16.826849293401814,2.403835613343116,9,21,0.4285714285714285,2.798098e-07,3.3854696e-05,0,29,29,0.1858939561563673,4
14204010001,元本山(6束)海苔,31.0,23.0,21.0,14973.0,1.62,30.0,21.19047619047619,60.53147079756199,2.856541318536633,15,21,0.7142857142857143,1.164735e-06,8.463674e-05,0,99,4,0.2758846020977405,4
14210024001,7D菲律賓宿霧芒果乾,36.0,25.0,27.0,24300.0,5.622,25.0,1.761904761904762,2.3685390696087407,1.3443059584265826,12,21,0.5714285714285714,9.0312307e-07,8.463674e-05,0,5,1,0.171778683229182,4
30045077001,旭光(超高效能) LED10W球泡燈,32.0,26.0,13.0,10816.0,1.5,20.0,3.5714285714285716,4.370588154508102,1.2237646832622684,12,21,0.5714285714285714,3.048335e-07,6.770939e-05,0,10,1,0.1626850018991053,4
14120014001,奧利奧雙倍夾心 (量販包),44.0,33.0,20.0,29040.0,6.71,12.0,1.1904761904761905,1.789361355052946,1.5030635382444748,11,21,0.5238095238095238,8.508016e-07,0.00010156409,0,4,1,0.1707341096396841,4
31500022004,驅塵氏香氛清潔袋(小),46.0,32.0,13.0,19136.0,6.24,20.0,1.9523809523809523,2.319199173692557,1.1878825035986265,13,21,0.6190476190476191,4.254012e-07,5.0782044e-05,0,5,1,0.1696643655965289,4
10053909001,泰山奇兒思Cheers+果醋氣泡飲PET380ml,41.0,27.0,20.0,22140.0,10.66,24.0,11.428571428571429,19.05523657203779,1.6673332000533063,11,21,0.5238095238095238,3.0710817e-07,5.0782044e-05,0,36,2,0.1727351763413445,4
31503001001,環潔實心垃圾袋--特大,39.0,27.0,23.0,24219.0,20.0,24.0,1.8571428571428572,2.0067911910195693,1.0805798720874604,13,21,0.6190476190476191,2.502365e-07,5.0782044e-05,0,5,1,0.1639954416455698,4
14226063001,Airwaves口香糖超值蜂蜜檸 62G,40.0,23.0,24.0,22080.0,5.0,60.0,1.7142857142857142,3.7688302737922625,2.19848432637882,8,21,0.3809523809523809,3.0710817e-07,6.770939e-05,0,7,1,0.169037975726262,4
15021047001,愛之味純濃燕麥-天然原味TPA250ml,42.0,17.0,14.0,9996.0,6.78,24.0,25.428571428571427,37.85256036955244,1.4885838347576803,12,21,0.5714285714285714,5.050217e-07,8.463674e-05,0,74,4,0.1788771627498598,4
14506190001,五木細關東麵家庭號1.05Kg,45.0,27.0,18.0,21870.0,13.39,12.0,2.0952380952380953,2.58023184459887,1.2314742894676425,13,21,0.6190476190476191,5.960162e-07,6.770939e-05,0,6,1,0.1738724587664036,4
11103027001,水晶肥皂液体補充包,40.0,24.0,31.0,29760.0,10.76,6.0,1.8571428571428572,2.782354506284103,1.4981908879991324,13,21,0.6190476190476191,2.616109e-07,5.0782044e-05,0,6,1,0.1839369049272087,4
12123901001,靠得住完美封漏細緻綿柔夜用41,11.0,10.0,16.0,1758.0,0.4,1.0,5.0476190476190474,9.16762518179724,1.8162276303560576,13,21,0.6190476190476191,2.7298518e-07,6.770939e-05,0,17,17,0.200917195028031,4
14110154001,盛香珍法式奶油千層酥,35.0,30.0,25.0,26250.0,2.276,10.0,11.095238095238097,17.85631744124074,1.6093676663779208,9,21,0.4285714285714285,2.5319478e-06,0.000389329,0,34,4,0.1886620997953167,4
10014029001,椰活100純椰子水 500ml,41.0,28.0,18.0,20664.0,12.92,24.0,16.571428571428573,22.44267072760627,1.3542990956314127,14,21,0.6666666666666666,7.370579e-07,6.770939e-05,0,46,2,0.1910661825122458,4
15022021001,雀巢美祿極致濃巧克力飲品198ml,33.0,16.0,13.0,6864.0,5.42,24.0,12.857142857142858,26.52992149807228,2.063438338738955,13,21,0.6190476190476191,5.6416815e-07,6.770939e-05,0,47,2,0.2140965086134212,4
14741039001,日正寶島太白粉400g,38.0,27.0,13.0,13338.0,7.4,12.0,2.1904761904761907,2.985983886969692,1.3631665570948592,12,21,0.5714285714285714,7.6435646e-07,0.00010156409,0,7,1,0.173857180405896,4
10014086001,酷椰嶼100純椰子汁350ml,40.0,27.0,23.0,24840.0,9.372,24.0,18.095238095238095,41.11992306124074,2.2724168007527776,14,21,0.6666666666666666,6.9156033e-07,5.0782044e-05,0,71,3,0.2331939679120493,4
14202041001,家樂福黑胡椒嫩烤條子肉乾,39.0,29.0,16.0,18096.0,2.04,12.0,2.1904761904761907,3.2163132934796725,1.4683169383276764,14,21,0.6666666666666666,1.585593e-06,0.00015234613,0,7,1,0.206201951068674,4
12123008001,靠得住純白體驗超吸洞夜用超薄,11.0,10.0,14.0,1484.0,0.15,1.0,4.0,6.023762469230862,1.5059406173077154,11,21,0.5238095238095238,1.9108964e-07,6.770939e-05,0,12,12,0.1658057229468192,4
12010080001,麗仕煥活香氛皂-煥活冰爽,36.0,23.0,25.0,20700.0,12.14,144.0,10.857142857142858,11.945454263066784,1.1002392084403616,13,21,0.6190476190476191,5.118459e-07,0.000118491436,0,27,1,0.1726587355888213,4
14210046001,森之果物嚴選特大葡萄乾蔓越莓,41.0,29.0,14.0,16646.0,4.78,12.0,1.0952380952380951,1.2688488185213551,1.158514138649933,13,21,0.6190476190476191,3.6625462e-07,3.3854696e-05,0,3,1,0.1664388908286718,4
14506042001,家福營養麵條 300g,36.0,24.0,16.0,13824.0,7.49,24.0,1.6666666666666667,2.817180849095055,1.690308509457033,11,21,0.5238095238095238,4.3905067e-07,6.770939e-05,0,6,1,0.1752253289489696,4
14210081001,家樂福紅心芭樂果乾35g,36.0,21.0,19.0,14364.0,1.03,20.0,1.5714285714285714,2.498979383505129,1.590259607685082,10,21,0.4761904761904761,8.780999e-07,0.00010156409,0,5,1,0.1649994753570023,4
14810018001,永偉鮮嫩玉米粒 340g,35.0,27.0,18.0,17010.0,10.6,24.0,4.571428571428571,5.122977450583173,1.1206513173150692,13,21,0.6190476190476191,4.3677562e-07,5.0782044e-05,0,12,1,0.1666577305535644,4
14111018001,台鳳牌鳳梨酥-全麥(蛋奶素),38.0,21.0,18.0,14364.0,5.1,24.0,1.8571428571428572,3.151503258623676,1.6969632931050562,12,21,0.5714285714285714,3.298569e-07,5.0782044e-05,0,6,1,0.1836252299516715,4
14506281001,臺灣好物雲林香蔥蒜蓉拌麵82g,35.0,35.0,16.0,19600.0,2.8,24.0,11.047619047619047,15.113778609430378,1.368057546543267,10,21,0.4761904761904761,5.186709e-07,0.000118491436,0,31,2,0.1554577470993164,3
14361083001,馬玉山紫山藥黑豆漿30g*12,43.0,28.0,25.0,30100.0,7.4,12.0,1.4761904761904765,2.1518330528942866,1.4576933584122589,11,21,0.5238095238095238,3.0255842e-07,5.0782044e-05,0,5,1,0.1621111069356818,3
14832037001,味島香鬆3合1-瀨戶.鰹節.海苔,43.0,40.0,13.0,22360.0,17.0,30.0,2.380952380952381,3.154380030796037,1.3248396129343356,10,21,0.4761904761904761,5.209456e-07,6.770939e-05,0,7,1,0.1481055313270463,3
14721944001,家樂福紅棗,46.0,35.0,23.0,37030.0,7.45,20.0,1.238095238095238,2.6709149833105066,2.1572774865200244,7,21,0.3333333333333333,1.1601869e-07,5.0782044e-05,0,5,1,0.1548588015822834,3
11050047001,水晶肥皂食器洗滌液体-補充包,32.0,20.0,30.0,19200.0,7.37,8.0,1.619047619047619,2.277763951066933,1.4068542050707529,11,21,0.5238095238095238,1.7744038e-07,3.3854696e-05,0,5,1,0.157717698828939,3
31502034003,OP花香環保袋(大),46.0,22.0,34.0,34408.0,15.0,30.0,0.7619047619047619,1.3768411709334247,1.80710403685012,8,21,0.3809523809523809,1.3876746e-07,5.0782044e-05,0,3,1,0.1482091091283644,3
11021036001,新廚房魔術靈青蘋不刺鼻經濟2P,36.0,31.0,25.0,27900.0,14.1,12.0,0.6666666666666666,1.32137494528682,1.98206241793023,8,21,0.3809523809523809,1.3876749e-07,5.0782044e-05,0,3,1,0.156542774331047,3
12102112001,舒酸定專業修復抗敏牙膏超值組,26.0,21.0,20.0,10920.0,3.03,12.0,0.8095238095238095,0.957131011535323,1.1823383083671637,11,21,0.5238095238095238,3.2075732e-07,3.3854696e-05,0,3,1,0.1474143547917682,3
31546020001,多麼潔歐式巧用地板刷,81.0,19.0,10.0,15390.0,3.044,12.0,0.8571428571428571,1.6120296076010243,1.880701208867862,8,21,0.3809523809523809,1.6151625e-07,1.6927348e-05,0,3,1,0.1486197079852063,3
14312070001,雀巢咖啡醇品經典風味補充包,49.0,37.0,20.0,36260.0,5.5,24.0,1.9523809523809523,2.4971639242146466,1.2790351806953069,12,21,0.5714285714285714,1.5241675e-07,3.3854696e-05,0,6,1,0.1615674103977034,3
14342025001,美國Skippy花生醬(香脆)16.3,31.0,24.0,13.0,9672.0,6.12,12.0,0.8095238095238095,1.005652956282994,1.2422771812907574,11,21,0.5238095238095238,3.002836e-07,5.0782044e-05,0,3,1,0.1517946141592639,3
12105045001,李施德霖亮白+綠茶漱口水750mlX2,22.0,20.0,27.0,11880.0,5.188,3.0,1.5714285714285714,2.0135594773205687,1.28135603102218,12,21,0.5714285714285714,3.548803e-07,3.3854696e-05,0,5,2,0.1622881975961797,3
14203068001,台灣名產鱈魚香絲,40.0,25.0,28.0,28000.0,1.94,20.0,0.8571428571428571,1.8070158058105024,2.1081851067789197,7,21,0.3333333333333333,3.3895626e-07,5.0782044e-05,0,4,1,0.1531930154849431,3
14503047001,日清合味道XO醬海鮮味杯麵,42.0,32.0,13.0,17472.0,1.454,12.0,1.1904761904761905,2.061415316372701,1.731588865753069,8,21,0.3809523809523809,4.7544847e-07,8.463674e-05,0,4,1,0.1488647117607387,3
12101003001,德恩奈兒童牙膏,32.0,21.0,23.0,15456.0,6.15,48.0,0.8095238095238095,1.366923818514983,1.6885529522832143,9,21,0.4285714285714285,2.5478624e-07,3.3854696e-05,0,3,1,0.1513370817225146,3
14103070001,東海牧場-鮮奶薄餅,63.0,38.0,23.0,55062.0,5.17,12.0,1.0952380952380951,1.7702505043277244,1.616315677864444,10,21,0.4761904761904761,6.551629e-07,6.770939e-05,0,4,1,0.162339460431228,3
12220016001,舒潔耐水洗家用紙巾,23.0,20.0,8.0,3680.0,0.05,1.0,1.1428571428571428,1.1664236870396083,1.0206207261596576,13,21,0.6190476190476191,1.9336456e-07,3.3854696e-05,0,3,3,0.1593278046839867,3
14850042001,加好寶經典狗糧-雞肉15Kg,76.0,42.0,14.0,44688.0,15.5,1.0,0.8095238095238095,1.401327520910682,1.731051643477901,9,21,0.4285714285714285,3.6398003e-08,8.463674e-05,0,3,3,0.1574410966459458,3
31500030001,驅塵氏抗蟑防蠅清潔袋(小),45.0,30.0,14.0,18900.0,7.0,20.0,1.0952380952380951,1.659166799065176,1.5148914252334214,9,21,0.4285714285714285,2.4568672e-07,8.463674e-05,0,4,1,0.147810463674998,3
14353045001,桂格紫米山藥大燕麥片700g,54.0,40.0,18.0,38880.0,11.17,12.0,1.2857142857142858,1.200906686944618,0.9340385342902584,13,21,0.6190476190476191,5.1184617e-07,6.770939e-05,0,3,1,0.1593811989515776,3
11031907001,Febreze風倍清織物除菌消臭噴霧-高效除菌,39.0,20.0,21.0,16380.0,5.44,12.0,0.7142857142857143,0.982846068597633,1.3759844960366865,10,21,0.4761904761904761,2.798098e-07,5.0782044e-05,0,2,1,0.1480979145395944,3
11030029001,去味大師晶球充包-舒爽薰衣草,38.0,22.0,15.0,12540.0,4.33,12.0,0.9523809523809524,2.0581126461880292,2.1610182784974308,7,21,0.3333333333333333,1.7971529e-07,6.770939e-05,0,4,1,0.1568060883232976,3
10020046001,韋恩特濃黑咖Can210ml,33.0,22.0,12.0,8712.0,6.81,24.0,10.857142857142858,18.200695209866268,1.6763798219613668,9,21,0.4285714285714285,6.688123e-07,0.00010156409,0,35,2,0.1590251285404416,3
12005093008,莉婕泡沫染髮劑 亞麻棕色,31.0,26.0,20.0,16120.0,3.17,12.0,1.1428571428571428,2.1884048177287725,1.914854215512676,8,21,0.3809523809523809,1.9563943e-07,6.770939e-05,0,4,1,0.1551340851870733,3
10023051001,桂格養氣人蔘雞精雙效滋補18入,69.0,29.0,20.0,40020.0,14.54,4.0,0.7142857142857143,1.1605769149479943,1.624807680927192,9,21,0.4285714285714285,5.4596995e-08,5.0782044e-05,0,3,1,0.1492533298168717,3
11050045001,妙管家植萃酵素洗潔精桔油香,37.0,23.0,33.0,28083.0,13.97,4.0,1.4285714285714286,1.9166296949998196,1.3416407864998736,11,21,0.5238095238095238,3.2075735e-07,3.3854696e-05,0,4,1,0.1550460568822774,3
12210003001,春風超柔軟面紙-故宮版,24.0,12.0,48.0,13536.0,0.2,1.0,10.238095238095235,11.799534946060826,1.1525127156617552,12,21,0.5714285714285714,3.8672837e-07,5.0782044e-05,0,26,26,0.1583711505876956,3
14832056001,東和好媽媽無添加特製豆豉紅燒鰻,32.0,22.0,9.0,6336.0,3.65,24.0,5.0,8.847921466972585,1.769584293394517,9,21,0.4285714285714285,8.690003e-07,6.770939e-05,0,17,1,0.160556681227422,3
10011007001,囍瑞100純天然蘋果原汁1L,36.0,20.0,20.0,14400.0,13.28,12.0,4.809523809523809,7.895864183343965,1.6417143351507255,9,21,0.4285714285714285,2.206631e-07,5.0782044e-05,0,15,2,0.1508329876570603,3
14612005001,得意的一天清淡橄欖油 1L,33.0,25.0,28.0,23100.0,17.662,12.0,1.380952380952381,1.5879363810031493,1.1498849655540049,12,21,0.5714285714285714,4.799981e-07,6.770939e-05,0,4,1,0.1595759500825285,3
12023025001,森田瞬效極緻保濕精華面膜8入,34.0,23.0,19.0,14858.0,3.56,12.0,1.761904761904762,3.022215552880463,1.7153115300132358,9,21,0.4285714285714285,1.0236943e-07,0.00010156409,0,6,1,0.1585436994841182,3
10035024001,Asahi十六茶 990ml,30.0,23.0,27.0,18630.0,12.73,12.0,10.857142857142858,12.229105462304396,1.1263649767911943,12,21,0.5714285714285714,7.2796006e-08,1.6927348e-05,0,27,3,0.1530058534834961,3
14632022001,萬家香壽喜燒露450ml,33.0,25.0,18.0,14850.0,10.526,12.0,0.6666666666666666,0.9428090415820636,1.4142135623730954,10,21,0.4761904761904761,2.8435952e-07,5.0782044e-05,0,2,1,0.1499314316772289,3
11103158001,橘子工坊濃縮洗衣精補充包,5.0,20.0,28.0,2800.0,1.5,1.0,2.857142857142857,3.440455593940656,1.2041594578792294,11,21,0.5238095238095238,1.1146894e-07,3.3854696e-05,0,8,8,0.1479263035680482,3
12123073001,好自在甜睡瞬潔絲薄蝶翼32cm,42.0,27.0,25.0,28350.0,2.5,24.0,3.5238095238095237,5.482604938904478,1.5558743745539736,10,21,0.4761904761904761,7.962064e-08,1.6927348e-05,0,11,1,0.1530454962880978,3
14633900001,牛頭牌沙茶醬600g,43.0,33.0,11.0,15609.0,8.94,12.0,3.5238095238095237,4.604542763288981,1.3066945679603863,11,21,0.5238095238095238,1.1897581e-06,0.00010156409,0,10,1,0.1625797226738956,3
14111030001,TW雲林旭成菜脯酥-海苔270G,29.0,21.0,8.0,4872.0,0.27,1.0,1.619047619047619,1.7855555485002546,1.102843132897216,11,21,0.5238095238095238,9.895685e-07,0.00013541878,0,4,4,0.1552927614722873,3
11032018002,克潮靈吊掛式除濕袋,44.0,27.0,18.0,21384.0,5.62,12.0,1.238095238095238,1.63021359701178,1.316710982201822,11,21,0.5238095238095238,3.0028355e-07,0.00010156409,0,4,1,0.1601310574437275,3
14822965001,愛之味綠美人剝皮辣椒,31.0,24.0,8.0,5952.0,4.73,12.0,1.3333333333333333,1.754811978351265,1.3161089837634488,10,21,0.4761904761904761,5.6871795e-07,8.463674e-05,0,4,1,0.1493612624143399,3
14602062001,小磨坊精選八角粒10g,16.0,11.0,16.0,2816.0,0.5,12.0,1.1428571428571428,1.6983385238216198,1.4860462083439174,10,21,0.4761904761904761,6.938354e-07,6.770939e-05,0,4,1,0.1562540441678537,3
11110082001,新熊寶貝舒恬薰衣草柔軟護衣精補充包,38.0,24.0,29.0,26448.0,11.54,6.0,1.4761904761904765,2.2807485742529616,1.5450232277197482,10,21,0.4761904761904761,1.9108964e-07,8.463674e-05,0,5,1,0.1590994406277654,3
12102057001,高露潔全效專業抗敏感牙膏,36.0,33.0,22.0,26136.0,9.34,48.0,2.0952380952380953,2.5053231310411253,1.195722403451446,11,21,0.5238095238095238,3.366814e-07,3.3854696e-05,0,6,1,0.1481818943023023,3
12105011001,舒酸定抗敏漱口水酷涼薄荷組,40.0,33.0,25.0,33000.0,14.59,12.0,0.6666666666666666,1.3213749452868202,1.9820624179302304,8,21,0.3809523809523809,1.2056846e-07,1.6927348e-05,0,3,1,0.1533112015826807,3
14000072001,北田能量99棒(南瓜口味),50.0,27.0,15.0,20250.0,3.1,12.0,0.9047619047619048,1.3058389715049608,1.443295705347588,10,21,0.4761904761904761,7.097594e-07,8.463674e-05,0,3,1,0.1558386834024019,3
12123128001,康乃馨清涼棉量多加長10片2入,42.0,26.0,20.0,21840.0,2.9,24.0,1.619047619047619,3.2436926411288383,2.003457219520753,7,21,0.3333333333333333,1.4331721e-07,0.00010156409,0,6,1,0.1523977822122388,3
10034015001,貝思寶兒覆盆子果茶 330ml,35.0,21.0,14.0,10290.0,9.0,24.0,6.571428571428571,9.240549502169271,1.4061705764170631,10,21,0.4761904761904761,4.8227275e-07,6.770939e-05,0,19,1,0.1521210389881649,3
11010022001,威猛先生地板補充包-芬多精,43.0,33.0,19.0,26961.0,12.06,6.0,0.9047619047619048,1.7969487870584009,1.986101290959285,7,21,0.3333333333333333,1.02369434e-07,6.770939e-05,0,4,1,0.1482234176512911,3
11103111001,白蘭陽光馨香超濃縮洗衣精補包,39.0,25.0,30.0,29250.0,10.57,6.0,1.1428571428571428,1.4891900734392274,1.303041314259324,11,21,0.5238095238095238,2.8890926e-07,5.0782044e-05,0,4,1,0.1546760624916815,3
12000438001,多芬日本植萃防斷髮柔韌洗髮露 多芬植萃柔韌洗,29.0,23.0,24.0,16008.0,7.5,12.0,0.6190476190476191,1.1328930717495542,1.8300580389800492,8,21,0.3809523809523809,1.6379111e-07,6.770939e-05,0,3,1,0.1509600113176348,3
11050064001,白蘭新動力配方洗碗精柚2.8kg,36.0,22.0,32.0,25344.0,12.3,4.0,1.1904761904761905,2.061415316372701,1.731588865753069,9,21,0.4285714285714285,1.5014186e-07,1.6927348e-05,0,4,1,0.1514971787054937,3
10052024001,家樂福蘋果醋,32.0,24.0,26.0,19968.0,12.72,12.0,0.8095238095238095,1.762548145078262,2.1772653556849115,7,21,0.3333333333333333,1.3194284e-07,3.3854696e-05,0,4,1,0.1542475156167495,3
11101039001,一匙靈Attack抗菌EX超濃縮洗粉,35.0,37.0,18.0,23310.0,12.31,6.0,1.4761904761904765,2.259773431943747,1.5308142603489898,10,21,0.4761904761904761,2.9573388e-07,3.3854696e-05,0,5,1,0.1539878248250634,3
14621034001,金蘭香菇素蠔油295ml,25.0,20.0,24.0,12000.0,6.9,12.0,2.142857142857143,4.097452336056944,1.9121444234932403,8,21,0.3809523809523809,3.3213163e-07,3.3854696e-05,0,8,1,0.1523195949162599,3
14204077001,泰國小老板超大海苔-辣香味,47.0,32.0,21.0,31584.0,4.73,36.0,0.9047619047619048,0.9712418121129114,1.0734777923353231,12,21,0.5714285714285714,5.778174e-07,0.00010156409,0,3,1,0.1593852092869956,3
12120015001,康乃馨奈米核心加長型護墊無香,39.0,20.0,16.0,12480.0,1.6,24.0,2.857142857142857,5.540205551332947,1.9390719429665313,8,21,0.3809523809523809,1.3649259e-07,3.3854696e-05,0,10,1,0.1530349938190028,3
14511005001,義美美味糙米2.6Kg,54.0,36.0,13.0,25272.0,16.33,6.0,2.0,2.878491668515698,1.439245834257849,10,21,0.4761904761904761,2.7526008e-07,5.0782044e-05,0,6,1,0.151178813642437,3
14222089001,比菲多益生菌小Q果凍(原味)280g,37.0,24.0,15.0,13320.0,3.9,12.0,1.1428571428571428,1.2453996981544782,1.0897247358851685,12,21,0.5714285714285714,1.0100421e-06,8.463674e-05,0,3,1,0.1599401171513733,3
11103005001,白蘭含熊寶貝純淨溫和洗衣精補充包,38.0,25.0,29.0,27550.0,10.58,6.0,1.9047619047619049,3.20572051042035,1.683003267970684,9,21,0.4285714285714285,1.774404e-07,5.0782044e-05,0,7,2,0.1524856454043026,3
10014111001,崇德發白麥檸檬汁Can 330ml,41.0,28.0,12.0,13776.0,8.71,24.0,12.285714285714286,17.515008141707547,1.4256401975808468,10,21,0.4761904761904761,2.7526008e-07,3.3854696e-05,0,35,2,0.1495807838093244,3
14104005001,盛香珍鹹蛋黃流沙曲奇,32.0,25.0,21.0,16800.0,1.806,10.0,1.4761904761904765,2.0381842437173994,1.380705455421464,10,21,0.4761904761904761,9.963926e-07,0.00010156409,0,5,1,0.1553752549062807,3
11032008001,家福除濕桶補充包- 紫羅蘭香,43.0,23.0,22.0,21758.0,12.2,36.0,17.428571428571427,33.324624712739045,1.9120686310587975,8,21,0.3809523809523809,1.5014186e-07,0.00010156409,0,61,2,0.1590433348179285,3
14361055001,馬玉山抹茶牛奶,44.0,29.0,25.0,31900.0,3.5,12.0,1.3333333333333333,1.699673171197595,1.2747548783981963,11,21,0.5238095238095238,7.3933245e-07,6.770939e-05,0,4,1,0.1563368594460992,3
11103054002,水晶肥皂液体補充包 (洗衣用),39.0,24.0,31.0,29016.0,13.3,6.0,0.9523809523809524,2.0581126461880292,2.1610182784974308,7,21,0.3333333333333333,2.0246407e-07,3.3854696e-05,0,4,1,0.1537026971192125,3
14503999001,雙響泡泰蝦酸辣湯麵114g,40.0,27.0,23.0,24840.0,2.17,12.0,1.0476190476190477,1.361938061530961,1.3000317860068265,10,21,0.4761904761904761,6.2331503e-07,0.000118491436,0,3,1,0.1519227213955827,3
14310025001,伯朗精選綜合咖啡豆,32.0,21.0,17.0,11424.0,3.06,6.0,2.4285714285714284,4.348742878792714,1.7906588324440589,9,21,0.4285714285714285,1.569665e-07,3.3854696e-05,0,9,2,0.15599824647209,3
14243016001,家樂福蜜汁腰果350g,54.0,37.0,18.0,35964.0,11.06,24.0,1.1904761904761905,1.4998110236212971,1.2598412598418895,10,21,0.4761904761904761,6.028405e-07,0.00010156409,0,4,1,0.1483644629925331,3
14832013001,新宜興蘇澳蕃茄魚罐 230g,35.0,27.0,12.0,11340.0,7.49,24.0,2.857142857142857,3.398679215248663,1.189537725337032,11,21,0.5238095238095238,6.3696393e-07,6.770939e-05,0,8,1,0.1520489348655155,3
12106064001,超值單支攜帶型牙線棒,57.0,43.0,23.0,56373.0,7.7,36.0,1.0476190476190477,1.8892223261787973,1.803348584079761,9,21,0.4285714285714285,2.1156356e-07,3.3854696e-05,0,4,1,0.156688394567205,3
31912019001,地基主金紙,30.0,21.0,42.0,26460.0,5.0,12.0,0.9047619047619048,0.9712418121129114,1.0734777923353231,12,21,0.5714285714285714,3.1165794e-07,5.0782044e-05,0,3,1,0.1537901294966999,3
10014067001,愛之味莎莎亞椰奶TP250ml,41.0,17.0,14.0,9758.0,6.75,24.0,7.428571428571429,13.720236804049108,1.846954954391226,8,21,0.3809523809523809,1.9563943e-07,3.3854696e-05,0,26,2,0.1491127599158788,3
10032048001,立頓英式奶茶535ml,42.0,28.0,24.0,28224.0,15.46,24.0,10.666666666666666,16.66857131974033,1.562678561225656,10,21,0.4761904761904761,5.68718e-07,6.770939e-05,0,33,2,0.1601056955266125,3
12125001001,蘇菲導管式棉條一般型 10入,22.0,18.0,16.0,6336.0,1.01,12.0,1.0,1.1952286093343936,1.1952286093343936,11,21,0.5238095238095238,2.7753492e-07,0.00010156409,0,3,1,0.1542545003268033,3
12011347001,沙威隆抗菌潔淨沐浴乳茶樹精油,50.0,26.0,24.0,31200.0,14.69,12.0,1.238095238095238,2.13596776114341,1.7252047301542928,9,21,0.4285714285714285,8.872016e-08,1.6927348e-05,0,4,1,0.1510035531176907,3
14010285001,歐邁福麵包餅乾香蒜奶油口味,48.0,35.0,23.0,38640.0,3.75,10.0,1.2857142857142858,1.9794866372215736,1.5396007178390017,10,21,0.4761904761904761,6.187649e-07,6.770939e-05,0,4,1,0.1585806354572669,3
11061011001,OP茶樹抗菌海綿菜瓜布,54.0,25.0,38.0,51300.0,1.4,30.0,0.9047619047619048,0.920908552657796,1.0178462950428273,12,21,0.5714285714285714,2.4113697e-07,5.0782044e-05,0,3,1,0.1509176411571649,3
14311032001,摩卡現在最好拿鐵 4合一咖啡,55.0,34.0,23.0,43010.0,10.85,20.0,1.4285714285714286,2.216205005375256,1.5513435037626793,10,21,0.4761904761904761,4.1630184e-07,5.0782044e-05,0,5,1,0.1569281421487924,3
12000016001,566洗潤雙效洗髮乳,38.0,24.0,21.0,19152.0,10.068,12.0,1.0952380952380951,1.1086139739831251,1.0122127588541578,13,21,0.6190476190476191,3.6625462e-07,5.0782044e-05,0,3,1,0.1610525871553092,3
14010038001,張君雅小妹妹休閒丸子日式串燒,39.0,26.0,18.0,18252.0,1.94,15.0,14.285714285714286,12.657175104763825,0.8860022573334676,13,21,0.6190476190476191,4.9137213e-07,6.770939e-05,0,31,3,0.1578335157787223,3
14631043001,寧記蒜蓉辣椒醬245g,27.0,22.0,27.0,16038.0,10.2,24.0,1.0952380952380951,2.0448486241508466,1.8670357003116425,9,21,0.4285714285714285,2.5933602e-07,3.3854696e-05,0,4,1,0.1598766040055362,3
14241023001,台灣美食全記錄-蒜茸花生185g,43.0,30.0,17.0,21930.0,5.15,24.0,1.380952380952381,1.9389783877621265,1.4040877980346431,10,21,0.4761904761904761,5.1867084e-07,6.770939e-05,0,4,1,0.1518138483416587,3
12010059001,美琪藥皂,39.0,31.0,25.0,30225.0,16.51,144.0,8.571428571428571,9.178501945262292,1.0708252269472676,12,21,0.5714285714285714,5.1867056e-07,5.0782044e-05,0,21,1,0.1547871121622974,3
14311003001,摩卡現在最好三合一咖啡-特調,47.0,40.0,24.0,45120.0,10.9,20.0,2.142857142857143,3.226168511610347,1.505545305418162,10,21,0.4761904761904761,4.7544825e-07,5.0782044e-05,0,7,1,0.1549745651293444,3
14822026001,味島香鬆3合1-清香.海苔.野菜,43.0,40.0,13.0,22360.0,17.0,30.0,2.5714285714285716,3.619674131234265,1.407651051035547,10,21,0.4761904761904761,4.254015e-07,6.770939e-05,0,8,1,0.1517655471675494,3
14226012001,Extra潔淨超值包-清檸薄荷,40.0,33.0,24.0,31680.0,5.0,60.0,2.2857142857142856,4.153516664258386,1.817163540613044,9,21,0.4285714285714285,3.708044e-07,3.3854696e-05,0,8,1,0.1579221517087344,3
14304187001,T世家抹茶粉,32.0,28.0,20.0,17920.0,3.0,12.0,0.8095238095238095,0.9571310115353228,1.1823383083671637,11,21,0.5238095238095238,1.6606602e-07,5.0782044e-05,0,3,1,0.1485174170694004,3
14833084001,如意海苔素香鬆300g,35.0,31.0,23.0,24955.0,4.214,12.0,0.9047619047619048,0.9712418121129116,1.0734777923353231,12,21,0.5714285714285714,4.5042478e-07,5.0782044e-05,0,3,1,0.1542245195610647,3
14822926001,福松特級樹子390g,33.0,25.0,13.0,10725.0,8.238,12.0,0.6190476190476191,1.0900498230723428,1.7608497141937844,9,21,0.4285714285714285,3.2303234e-07,5.0782044e-05,0,3,1,0.1565723063707614,3
14242150001,義美香蒜青豆,38.0,27.0,24.0,24624.0,2.78,12.0,1.0476190476190477,1.6754868653103985,1.5993283714326527,9,21,0.4285714285714285,5.573434e-07,8.463674e-05,0,4,1,0.1528078819113317,3
11103031001,橘子工坊天然制菌力濃縮洗衣精,27.0,9.0,20.0,5074.0,1.8,1.0,0.9523809523809524,1.5879363810031493,1.6673332000533068,10,21,0.4761904761904761,1.9563943e-07,1.6927348e-05,0,3,3,0.1585620263952894,3
14523104001,樂雅樂印度風牛肉咖哩,17.0,18.0,4.0,1224.0,0.2,1.0,1.3333333333333333,1.4907119849998598,1.118033988749895,12,21,0.5714285714285714,4.526998e-07,6.770939e-05,0,4,4,0.1579693343538009,3
14620133001,大同淬釀人級蔭油膏420g,25.0,20.0,28.0,14000.0,10.2,12.0,2.0952380952380953,3.914621698012306,1.8683421740513275,9,21,0.4285714285714285,3.0938307e-07,5.0782044e-05,0,8,1,0.1617448534653414,3
10023892001,天地合補葡萄糖胺18入,57.0,32.0,20.0,36480.0,9.38,4.0,1.1428571428571428,1.1664236870396087,1.0206207261596578,12,21,0.5714285714285714,7.734576e-08,3.3854696e-05,0,3,1,0.148964624157576,3
11071033001,速必效連鎖殺蟑螂套餐堡,57.0,35.0,20.0,39900.0,6.9,24.0,1.0,1.1126972805283737,1.1126972805283737,12,21,0.5714285714285714,1.9563943e-07,3.3854696e-05,0,3,1,0.1537149909192732,3
14612015001,泰山健康好理由100％橄欖油1L,24.0,17.0,31.0,12648.0,9.23,6.0,1.0,1.0690449676496978,1.0690449676496978,12,21,0.5714285714285714,4.6862363e-07,5.0782044e-05,0,3,1,0.1540760989064004,3
10020003001,伯朗醇黑咖啡無糖,40.0,27.0,10.0,10800.0,7.02,24.0,13.428571428571429,21.022825301882467,1.565529543757205,10,21,0.4761904761904761,2.5706115e-07,6.770939e-05,0,41,2,0.1594372533075684,3
10033048001,古道百香綠茶微甜Pet600ml,43.0,28.0,24.0,28896.0,16.28,24.0,6.476190476190476,9.194299722778796,1.4197080454290787,10,21,0.4761904761904761,5.3231986e-07,6.770939e-05,0,19,1,0.1529170762249564,3
12121082001,靠得住茶樹舒涼棉23cm,12.0,9.0,10.0,1040.0,0.08,1.0,1.5238095238095235,2.3015325663989663,1.5103807466993218,10,21,0.4761904761904761,1.3194283e-07,8.463674e-05,0,5,5,0.1572659732502163,3
14822018001,黃大目豆腐乳-甜酒香,32.0,25.0,13.0,10400.0,7.53,12.0,0.6666666666666666,1.3213749452868198,1.9820624179302295,8,21,0.3809523809523809,3.2303228e-07,5.0782044e-05,0,3,1,0.1571195893250923,3
14741010001,日正麵包粉,28.0,22.0,15.0,9240.0,1.526,12.0,1.238095238095238,1.8747637795266217,1.5142322834638096,10,21,0.4761904761904761,3.7307933e-07,5.0782044e-05,0,4,1,0.1550120847098908,3
12011238001,嚕啦啦百里香清新沐浴乳,49.0,24.0,26.0,30576.0,12.5,6.0,0.8095238095238095,1.4349065879351774,1.7725316674493368,8,21,0.3809523809523809,1.2056846e-07,6.770939e-05,0,3,1,0.1480944664852829,3
14101016001,大豆水果營養棒(草莓口味),32.0,17.0,14.0,7616.0,2.0,48.0,1.4285714285714286,1.8662778992633735,1.3063945294843615,10,21,0.4761904761904761,5.6189305e-07,0.00015234613,0,4,1,0.1552319604456217,3
14506045001,揚豐肉燥3分拉麵(寬麵)333g,46.0,23.0,27.0,28566.0,4.57,12.0,1.380952380952381,1.430157849302972,1.0356315460469798,12,21,0.5714285714285714,4.5042478e-07,6.770939e-05,0,4,1,0.1540373685611977,3
31502032004,驅塵氏香氛清潔袋(大),42.0,28.0,19.0,22344.0,7.61,20.0,1.2857142857142858,2.0963200669576323,1.6304711631892694,10,21,0.4761904761904761,1.4786698e-07,3.3854696e-05,0,4,1,0.1582633856912998,3
14512013001,日正十穀米1.2Kg,50.0,24.0,21.0,25200.0,15.29,12.0,1.0952380952380951,1.0190921218587,0.9304754156101172,13,21,0.6190476190476191,4.0492742e-07,5.0782044e-05,0,3,1,0.1572775526280613,3
11050895001,日星沙拉脫,33.0,25.0,30.0,24750.0,13.7,12.0,1.761904761904762,2.7063375692157754,1.5360294311765212,10,21,0.4761904761904761,3.002836e-07,3.3854696e-05,0,6,1,0.1542683701713978,3
11103224001,白蘭含熊寶貝花漾清新洗衣精瓶裝,39.0,24.0,32.0,29952.0,11.3,4.0,0.7142857142857143,1.350233036072174,1.8903262505010432,8,21,0.3809523809523809,9.099503e-08,3.3854696e-05,0,3,1,0.1504361820216427,3
14810023001,牛頭牌185g金鑽玉米粒,27.0,21.0,17.0,9639.0,5.91,24.0,2.857142857142857,3.6421567954234177,1.274754878398196,11,21,0.5238095238095238,4.4587503e-07,5.0782044e-05,0,8,1,0.1539254195086996,3
14104139001,本味誠現穀香燕麥餅200g,55.0,38.0,24.0,50160.0,4.4,15.0,0.7619047619047619,1.1507662831994832,1.5103807466993218,10,21,0.4761904761904761,5.141208e-07,5.0782044e-05,0,3,1,0.1552404800294657,3
14631028001,愛之味甜辣醬390g,33.0,22.0,18.0,13068.0,5.77,12.0,1.0476190476190477,1.8892223261787973,1.803348584079761,9,21,0.4285714285714285,3.412312e-07,5.0782044e-05,0,4,1,0.1586816024894979,3
12212025001,康乃馨寶寶潔膚濕巾補充包,41.0,19.0,21.0,16359.0,7.65,12.0,1.6666666666666667,2.513455851504123,1.508073510902474,10,21,0.4761904761904761,2.525113e-07,5.0782044e-05,0,5,1,0.154367674183293,3
12100046001,黑人全亮白牙齦護理牙膏,41.0,38.0,24.0,37392.0,12.9,72.0,1.8095238095238095,3.318333598130351,1.8338159358088784,8,21,0.3809523809523809,2.525114e-07,3.3854696e-05,0,7,1,0.1483160779085227,3
10030020001,濃韻烏龍茶 975mL,40.0,22.0,22.0,19360.0,12.48,12.0,6.428571428571429,11.41666045980267,1.7759249604137488,9,21,0.4285714285714285,2.2748752e-08,1.6927348e-05,0,22,2,0.1535365226741795,3
14101017001,大豆水果營養棒(葡萄杏仁),32.0,17.0,14.0,7616.0,2.0,48.0,1.238095238095238,1.7431433540688692,1.4079234782863943,9,21,0.4285714285714285,5.4141924e-07,0.00013541878,0,4,1,0.1484082386323794,3
10034040001,雀巢茶品翡翠檸檬蜜茶 530ml,40.0,28.0,24.0,26880.0,14.3,24.0,3.8095238095238098,7.034737261950243,1.8466185312619388,8,21,0.3809523809523809,2.59336e-07,5.0782044e-05,0,13,1,0.1506590081808017,3
14210021001,太陽牌去籽加州梅,48.0,37.0,12.0,21312.0,4.892,12.0,0.5714285714285714,0.9035079029052512,1.5811388300841895,9,21,0.4285714285714285,2.5706115e-07,5.0782044e-05,0,2,1,0.1477967364938444,3
14361899001,萬歲牌燕麥堅果-堅果纖蔬,48.0,33.0,22.0,34848.0,4.806,12.0,0.8571428571428571,1.081696827771481,1.261979632400061,10,21,0.4761904761904761,4.3677562e-07,6.770939e-05,0,3,1,0.1447512749621635,2
14312056001,家福衣索比亞冷凍乾燥即溶咖啡粉,19.0,17.0,15.0,4845.0,2.06,6.0,1.0,1.6903085094570331,1.6903085094570331,8,21,0.3809523809523809,1.2966795e-07,3.3854696e-05,0,4,1,0.1410409080379216,2
30045077002,旭光(超高效能) LED10W球泡燈,32.0,26.0,13.0,10816.0,1.5,20.0,2.142857142857143,3.655207821408665,1.70576364999071,7,21,0.3333333333333333,1.7516551e-07,6.770939e-05,0,7,1,0.1351654864181511,2
14810022001,爭鮮黃金甜玉米粒340g,36.0,27.0,18.0,17496.0,10.48,24.0,1.8571428571428572,2.849991049037143,1.534610564866154,9,21,0.4285714285714285,2.7071036e-07,3.3854696e-05,0,6,1,0.1441140691285121,2
11040040001,魔術靈高密泡馬桶清潔劑更替瓶-柑橘消臭,34.0,22.0,25.0,18700.0,7.31,12.0,1.1428571428571428,1.4568627181693672,1.2747548783981963,9,21,0.4285714285714285,2.183882e-07,5.0782044e-05,0,4,1,0.1331070042652197,2
31564007001,驅塵氏- 吸水膠棉拖補充頭,37.0,32.0,12.0,14208.0,2.0,12.0,1.380952380952381,2.10387828898805,1.523498071336174,9,21,0.4285714285714285,2.4341188e-07,3.3854696e-05,0,5,1,0.1434693989744477,2
11010023001,威猛先生地板補充包-檸檬,43.0,33.0,19.0,26961.0,12.5,6.0,1.380952380952381,2.21415770239289,1.6033555775948511,8,21,0.3809523809523809,9.326992e-08,6.770939e-05,0,5,1,0.1399804936839191,2
12010113001,美琪抗菌T3洗手慕斯,39.0,24.0,20.0,18720.0,7.56,12.0,0.5714285714285714,0.659828879073858,1.1547005383792517,10,21,0.4761904761904761,1.2284333e-07,1.6927348e-05,0,2,1,0.1338753647744083,2
31762009001,3M 百利超潔淨馬桶刷補充包,50.0,42.0,19.0,39900.0,2.2,18.0,0.6666666666666666,1.0389249632986397,1.558387444947959,8,21,0.3809523809523809,1.546916e-07,5.0782044e-05,0,2,1,0.1363977204611159,2
14303033001,立頓絕品醇焙香烏龍奶茶,41.0,28.0,25.0,28700.0,4.4,12.0,0.6190476190476191,1.0900498230723423,1.760849714193784,7,21,0.3333333333333333,2.4796162e-07,3.3854696e-05,0,3,1,0.1347500064232621,2
14311051001,舊街場榛果白咖啡,44.0,40.0,25.0,44000.0,13.51,20.0,1.3333333333333333,2.232515841853532,1.674386881390149,8,21,0.3809523809523809,2.1838821e-07,5.0782044e-05,0,5,1,0.1421676846135476,2
12011062001,MENs Biore 控油體香沐浴乳,42.0,23.0,25.0,24150.0,10.892,12.0,0.5714285714285714,0.9547589359887344,1.6708281379802854,8,21,0.3809523809523809,1.0009454e-07,3.3854696e-05,0,2,1,0.1399932058226901,2
14120008001,奧利奧巧克力夾心量販包,44.0,33.0,16.0,23232.0,5.91,12.0,0.6190476190476191,1.0454523047666735,1.688807569238473,7,21,0.3333333333333333,4.29951e-07,5.0782044e-05,0,2,1,0.1334730374728181,2
14352058001,桂格穀添樂黑醋栗莓果脆穀300g,51.0,24.0,24.0,29376.0,4.6,12.0,0.5238095238095238,1.005652956282994,1.919882916540261,6,21,0.2857142857142857,1.6151623e-07,8.463674e-05,0,2,1,0.1368158812977075,2
12010067001,澳洲NATM精油香皂-活性碳,15.0,11.0,13.0,2145.0,1.64,8.0,0.6190476190476191,1.0454523047666735,1.688807569238473,7,21,0.3333333333333333,1.11468935e-07,8.463674e-05,0,2,1,0.1356506774334414,2
12220021001,舒潔全能三層廚房紙巾,31.0,21.0,22.0,14322.0,1.0,1.0,0.8571428571428571,1.1664236870396083,1.3608276348795434,9,21,0.4285714285714285,1.251182e-07,3.3854696e-05,0,3,3,0.1353127636133426,2
12120034001,蘇菲極淨肌透氣清新護墊無香,44.0,27.0,19.0,22572.0,2.2,36.0,2.142857142857143,3.719776161797582,1.7358955421722049,8,21,0.3809523809523809,2.0246405e-07,5.0782044e-05,0,7,1,0.1450999067608315,2
31476039001,3M萬用料理手套盒裝,53.0,33.0,21.0,36729.0,6.0,50.0,0.8095238095238095,1.4349065879351774,1.7725316674493368,8,21,0.3809523809523809,1.1146893e-07,3.3854696e-05,0,3,1,0.1448913786286632,2
31531169001,超細纖維多用抹布-4入,30.0,11.0,15.0,4950.0,1.2,6.0,0.6190476190476191,0.7221786137191952,1.166596222161777,10,21,0.4761904761904761,3.2075735e-07,3.3854696e-05,0,2,1,0.1366521811218344,2
14311172001,摩卡現在最好純黑咖啡,48.0,39.0,18.0,33696.0,3.02,20.0,1.5238095238095235,2.838830202055025,1.8629823200986104,7,21,0.3333333333333333,2.8435952e-07,3.3854696e-05,0,6,1,0.1397883029602387,2
11022034001,浴室魔術靈除霉漂潔替換瓶,36.0,32.0,24.0,27648.0,11.3,18.0,0.7619047619047619,1.0647942749998998,1.3975424859373684,9,21,0.4285714285714285,1.4104236e-07,3.3854696e-05,0,3,1,0.1371067574402245,2
11022017001,家福強效浴室清潔劑,37.0,25.0,33.0,30525.0,16.578,4.0,0.6666666666666666,0.890870806374748,1.336306209562122,9,21,0.4285714285714285,2.2521284e-07,6.770939e-05,0,2,1,0.137620048890726,2
10022010001,康貝特來富飲料100 ml,38.0,29.0,14.0,15428.0,11.25,48.0,3.047619047619047,5.777428909753562,1.8957188610128877,6,21,0.2857142857142857,2.0701381e-07,5.0782044e-05,0,11,1,0.1327883941699112,2
12000170001,花王植萃弱酸洗髮精涼感控油型,42.0,23.0,26.0,25116.0,10.8,12.0,0.7619047619047619,1.2688488185213551,1.6653640743092786,8,21,0.3809523809523809,1.7971527e-07,3.3854696e-05,0,3,1,0.1399938081967683,2
10023008001,白蘭氏黑醋栗+金盞花葉黃素精華飲60mlx18,48.0,33.0,21.0,33264.0,13.54,4.0,0.6190476190476191,0.9988655696858588,1.6135520741079254,8,21,0.3809523809523809,1.0236943e-07,3.3854696e-05,0,2,1,0.1372731574964804,2
11040008001,潔霜免刷洗馬桶清潔劑百花清香,29.0,21.0,29.0,17661.0,7.8,12.0,1.0476190476190477,1.7586843154875609,1.6787441193290351,8,21,0.3809523809523809,1.4786698e-07,5.0782044e-05,0,4,1,0.1421369034192557,2
12103004001,舒酸定牙齦護理-抗敏軟毛牙刷3入,30.0,14.0,25.0,10500.0,1.08,12.0,0.7142857142857143,0.8806305718527109,1.2328828005937953,10,21,0.4761904761904761,1.6834089e-07,3.3854696e-05,0,2,1,0.1393405861200021,2
31253002001,自然風超值免洗筷,63.0,33.0,21.0,43659.0,17.6,70.0,0.5714285714285714,1.0033955955097846,1.7559422921421233,7,21,0.3333333333333333,1.933645e-07,5.0782044e-05,0,2,1,0.1359295293704523,2
10010009001,波蜜BCE果菜汁Pet580ml,42.0,28.0,24.0,28224.0,15.9,24.0,8.761904761904763,13.04170877609424,1.488455892923799,9,21,0.4285714285714285,4.6179917e-07,6.770939e-05,0,26,2,0.1461149907600943,2
14601027001,味丹御品高鮮味精 500g,42.0,23.0,15.0,14490.0,6.89,12.0,0.8571428571428571,1.124858267715973,1.3123346456686351,10,21,0.4761904761904761,2.5933602e-07,5.0782044e-05,0,3,1,0.1450087471747013,2
12010054001,Biore抗菌洗手慕絲補充瓶-自然清香,46.0,29.0,20.0,26680.0,9.2,24.0,0.8095238095238095,1.1799534946060826,1.4575896109839843,9,21,0.4285714285714285,1.5469162e-07,3.3854696e-05,0,3,1,0.1400146450904487,2
10035011001,悅氏青草茶Pet2000ml,35.0,23.0,31.0,24955.0,17.54,8.0,6.095238095238095,9.206130265595863,1.5103807466993218,9,21,0.4285714285714285,2.0018913e-07,3.3854696e-05,0,18,3,0.1430011697811291,2
14730010001,千浦麩卷豆腐海帶芽,53.0,26.0,13.0,17914.0,1.7,12.0,0.5238095238095238,0.5870870479018073,1.1208025459943594,10,21,0.4761904761904761,3.2303217e-07,5.0782044e-05,0,2,1,0.1360578956730717,2
11103067001,白蘭含熊寶貝大自然馨香洗衣精瓶裝,39.0,24.0,32.0,29952.0,11.3,4.0,0.8571428571428571,1.081696827771481,1.261979632400061,10,21,0.4761904761904761,1.5924138e-07,3.3854696e-05,0,3,1,0.1407078900219273,2
12100069001,白人 蜂膠牙膏 白人蜂膠牙膏,35.0,23.0,18.0,14490.0,4.4,24.0,0.9047619047619048,1.63021359701178,1.8018150282761776,8,21,0.3809523809523809,7.962064e-08,3.3854696e-05,0,3,1,0.146193409002778,2
14740061001,麥典實作工坊麵包專用粉,56.0,29.0,20.0,32480.0,13.21,12.0,0.7142857142857143,1.27775312999988,1.7888543819998317,7,21,0.3333333333333333,9.7819665e-08,1.6927348e-05,0,3,1,0.134033483289091,2
14010088001,張君雅小妹妹五連包BBQ點心麵,42.0,33.0,14.0,19404.0,2.43,15.0,12.142857142857142,20.95411248256468,1.7256327926817971,8,21,0.3809523809523809,3.6852944e-07,5.0782044e-05,0,39,3,0.1457506484074124,2
11030066001,去味大師備長炭消臭易,38.0,21.0,35.0,27930.0,8.9,24.0,1.0952380952380951,1.7969487870584009,1.6406923707924526,8,21,0.3809523809523809,1.6834089e-07,3.3854696e-05,0,4,1,0.1388028696455729,2
14833060001,維力炸醬175g,30.0,21.0,10.0,6300.0,4.57,12.0,1.4285714285714286,1.761261143705422,1.2328828005937953,10,21,0.4761904761904761,8.735496e-07,8.463674e-05,0,4,1,0.1463543391703047,2
14523029001,職人料理精燉豚肉,30.0,27.0,20.0,16200.0,6.41,12.0,0.6666666666666666,0.7766431633476233,1.164964745021435,10,21,0.4761904761904761,2.6843543e-07,8.463674e-05,0,2,1,0.141175486322962,2
11103272001,Ariel洗衣膠囊34顆袋裝,36.0,26.0,24.0,22464.0,4.636,6.0,1.0476190476190477,1.6754868653103985,1.5993283714326527,8,21,0.3809523809523809,1.7971529e-07,3.3854696e-05,0,4,1,0.1368638653864138,2
12010106001,家福玫瑰香氛精油皂,30.0,19.0,18.0,10260.0,5.96,60.0,3.7142857142857144,6.540298938434055,1.760849714193784,7,21,0.3333333333333333,1.2966797e-07,1.6927348e-05,0,13,1,0.1329843332544316,2
12011003001,Mens Biore 沐浴乳-麝香清新,40.0,21.0,24.0,20160.0,10.8,12.0,1.8571428571428572,3.398679215248663,1.8300580389800492,7,21,0.3333333333333333,1.4104235e-07,3.3854696e-05,0,7,1,0.1377909684986751,2
12122009001,蕾妮亞零觸感特薄超涼量多日用22.5cm,32.0,19.0,21.0,12768.0,1.576,12.0,2.0,4.0,2.0,7,21,0.3333333333333333,1.251182e-07,3.3854696e-05,0,8,1,0.1458504363426344,2
12102013001,三詩達藥用鹽牙膏--微粒晶鹽,36.0,21.0,24.0,18144.0,8.24,40.0,2.1904761904761907,2.7536823418668495,1.2571158517218224,10,21,0.4761904761904761,2.1611334e-07,3.3854696e-05,0,6,1,0.1407367601677992,2
10033033001,Arizona綠茶,44.0,30.0,20.0,26400.0,17.76,24.0,2.6666666666666665,4.979322322731356,1.8672458710242583,7,21,0.3333333333333333,2.0018919e-07,3.3854696e-05,0,10,1,0.1397989126047412,2
11010020001,威猛先生地板補充包完美花香,42.0,33.0,19.0,26334.0,12.02,6.0,0.7142857142857143,1.350233036072174,1.8903262505010432,7,21,0.3333333333333333,9.099504e-08,5.0782044e-05,0,3,1,0.1420234836759703,2
11102003001,家福薰衣草天然洗衣皂,34.0,31.0,19.0,20026.0,15.85,20.0,1.0952380952380951,1.9494751895674969,1.7799556078659753,8,21,0.3809523809523809,1.8199016e-07,3.3854696e-05,0,4,1,0.1454837217705762,2
12000089001,566 薄荷淨屑洗髮露,44.0,23.0,23.0,23276.0,11.1,12.0,0.7619047619047619,0.920908552657796,1.2086924753633574,10,21,0.4761904761904761,2.4341185e-07,3.3854696e-05,0,2,1,0.1384254813075155,2
11041002001,家福固體馬桶潔廁劑,33.0,20.0,34.0,22440.0,10.78,24.0,1.0476190476190477,1.557659736552012,1.4868570212541932,9,21,0.4285714285714285,1.7061576e-07,5.0782044e-05,0,4,1,0.1430616199684987,2
10303003001,舒味思薑汁汽水Can330ml,40.0,27.0,12.0,12960.0,8.752,24.0,16.047619047619047,21.506314001941696,1.340156065402895,9,21,0.4285714285714285,4.777237e-08,3.3854696e-05,0,44,2,0.135027245589257,2
11073009001,滅飛液體電蚊香液45ml油性,57.0,28.0,10.0,15960.0,3.92,48.0,1.619047619047619,2.9996220472425943,1.8527077350616024,7,21,0.3333333333333333,1.4559211e-07,3.3854696e-05,0,6,1,0.1388700680203227,2
14620920001,萬家香丸大豆醬油450ml,33.0,25.0,19.0,15675.0,10.75,12.0,0.6666666666666666,1.2084359562332878,1.8126539343499315,7,21,0.3333333333333333,1.9336454e-07,3.3854696e-05,0,3,1,0.1370513519957281,2
14203053001,鮮味本舖松板烤魚,37.0,30.0,22.0,24420.0,2.0,10.0,0.7142857142857143,0.8247860988423226,1.1547005383792517,10,21,0.4761904761904761,6.870108e-07,6.770939e-05,0,2,1,0.1404121746384306,2
12011262001,綠的抗菌沐浴乳-百里香精油加侖桶 百里香加侖桶,39.0,25.0,33.0,32175.0,16.818,4.0,0.4761904761904761,0.9060141709733548,1.9026297590440449,7,21,0.3333333333333333,1.0236943e-07,3.3854696e-05,0,2,1,0.1410434834796158,2
14506334001,PALDO韓國乾拌麵130g x5,38.0,31.0,14.0,16492.0,3.092,4.0,0.5238095238095238,0.9571310115353228,1.8272501129310708,7,21,0.3333333333333333,2.9573386e-07,6.770939e-05,0,2,1,0.1412332913131327,2
14220146001,易口舒勁爽薄荷口味150g,44.0,29.0,24.0,30624.0,2.7,10.0,0.7142857142857143,1.1605769149479943,1.624807680927192,8,21,0.3809523809523809,5.345948e-07,5.0782044e-05,0,3,1,0.1407558953967246,2
11073907001,雷達佳兒護液體電蚊香重裝,26.0,24.0,13.0,8112.0,3.0,12.0,1.380952380952381,1.6176464525202885,1.1713991552733125,11,21,0.5238095238095238,2.3658724e-07,3.3854696e-05,0,4,1,0.1466648794965345,2
10020030001,韋恩Flash Brew閃萃拿鐵咖啡pet500ml,42.0,28.0,20.0,23520.0,13.468,24.0,8.0,14.182484166846692,1.772810520855837,7,21,0.3333333333333333,6.0284077e-07,8.463674e-05,0,27,2,0.141650614063065,2
12327084001,亞培安素香草少甜24入/箱,41.0,28.0,9.0,10332.0,7.2,1.0,1.0,1.1952286093343938,1.1952286093343938,10,21,0.4761904761904761,7.5070886e-08,3.3854696e-05,0,3,3,0.1372715084809039,2
11030020001,去味大師三效消臭潔淨   350ML,52.0,32.0,24.0,39936.0,6.5,24.0,1.0476190476190477,1.7036708399998397,1.626231256363483,8,21,0.3809523809523809,2.6616064e-07,3.3854696e-05,0,4,1,0.1384168239878517,2
14312055001,雀巢金牌微研磨咖啡隨行包,29.0,23.0,30.0,20010.0,3.0,12.0,2.047619047619047,3.3018925377828032,1.6125521696148577,9,21,0.4285714285714285,7.0521125e-08,1.6927348e-05,0,7,1,0.1456270808766401,2
11101038001,一匙靈淨柔超濃縮洗衣粉,37.0,35.0,17.0,22015.0,12.67,6.0,2.761904761904762,4.638398347385112,1.6794200912946096,8,21,0.3809523809523809,1.6379113e-07,3.3854696e-05,0,9,2,0.1407379707395057,2
14353025001,台糖燕麥片,53.0,40.0,18.0,38160.0,14.108,24.0,2.1904761904761907,3.2895078169848655,1.5017318294930906,9,21,0.4285714285714285,2.502365e-07,3.3854696e-05,0,7,1,0.1425034493461859,2
14244025001,萬歲牌活力六寶140G,33.0,24.0,13.0,10296.0,2.55,12.0,1.0952380952380951,2.1581465130713635,1.9704815988912447,7,21,0.3333333333333333,2.5251137e-07,5.0782044e-05,0,4,1,0.1463733968591376,2
14241003001,大哥燒烤味花生豆(罐裝),49.0,33.0,18.0,29106.0,8.678,24.0,0.6190476190476191,0.7221786137191952,1.166596222161777,10,21,0.4761904761904761,4.595242e-07,6.770939e-05,0,2,1,0.1402611742760081,2
30045057001,家樂福LED燈泡10w,26.0,21.0,14.0,7644.0,0.9,12.0,1.6666666666666667,3.1672931711077883,1.900375902664673,7,21,0.3333333333333333,6.597137e-08,1.6927348e-05,0,6,1,0.1393086297372804,2
12011221001,美吾髮琥珀檀香雪松精油沐浴露 琥珀檀香沐浴露,42.0,23.0,25.0,24150.0,12.1,12.0,0.5238095238095238,0.9060141709733548,1.7296634173127678,8,21,0.3809523809523809,1.7744041e-07,5.0782044e-05,0,2,1,0.1446241189601486,2
35301005001,新金美孚1號5W/50 FS X2全合成機,34.0,25.0,24.0,20400.0,10.51,12.0,3.4761904761904763,4.27193552228682,1.2289129584660714,10,21,0.4761904761904761,5.0047245e-08,1.6927348e-05,0,9,1,0.1373650169777731,2
10014214001,Innocent 100 椰子水 1L,44.0,18.0,27.0,21384.0,8.0,6.0,1.1904761904761905,2.10710922760358,1.7699717511870072,8,21,0.3809523809523809,1.1829357e-07,1.6927348e-05,0,4,1,0.143227041710468,2
10023083001,白蘭氏雙認證雞精 68mlX12,35.0,24.0,25.0,21000.0,13.83,6.0,0.5714285714285714,0.659828879073858,1.1547005383792517,10,21,0.4761904761904761,2.0246407e-07,3.3854696e-05,0,2,1,0.1357119079192064,2
12102053001,舒酸定清涼薄荷加量包 清涼薄荷加量包,45.0,26.0,24.0,28080.0,9.36,48.0,1.619047619047619,2.902809648405366,1.7929118416621377,7,21,0.3333333333333333,1.6606602e-07,3.3854696e-05,0,6,1,0.1360839261362589,2
12003161001,超值玫瑰滋養護髮霜,43.0,32.0,20.0,27520.0,15.2,24.0,0.5714285714285714,1.0033955955097846,1.7559422921421233,7,21,0.3333333333333333,1.4104235e-07,3.3854696e-05,0,2,1,0.1341784406199977,2
12201030001,舒潔萬用輕巧包衛生紙,20.0,10.0,8.0,1615.0,0.2,1.0,73.33333333333333,114.03146321596772,1.55497449839956,8,21,0.3809523809523809,6.5743745e-07,6.770939e-05,0,220,220,0.143902043119587,2
11042023001,魔術靈水管疏通劑500G,35.0,18.0,25.0,15750.0,6.97,12.0,0.7619047619047619,1.1507662831994832,1.5103807466993218,8,21,0.3809523809523809,2.2066311e-07,3.3854696e-05,0,3,1,0.1327345504053466,2
14244073001,義美原味五堅果,38.0,30.0,17.0,19380.0,5.546,12.0,1.0476190476190477,1.5879363810031493,1.5157574545939152,9,21,0.4285714285714285,3.0255848e-07,3.3854696e-05,0,4,1,0.1432649152543306,2
11103291001,橘子工坊高倍速淨洗衣精補充包,5.0,20.0,28.0,2800.0,1.5,1.0,0.7619047619047619,1.191428190780648,1.5637495003996007,9,21,0.4285714285714285,1.3649259e-07,3.3854696e-05,0,3,3,0.1450149428110113,2
14360001001,阿華田營養麥芽飲品 400g,38.0,28.0,19.0,20216.0,10.554,12.0,0.3333333333333333,0.563436169819011,1.6903085094570331,6,21,0.2857142857142857,1.0691918e-07,1.6927348e-05,0,2,1,0.1193410558056649,1
14312005001,摩卡特賞咖啡 (經濟補充包),42.0,26.0,15.0,16380.0,2.34,12.0,1.761904761904762,3.053565627025028,1.7331048153385296,7,21,0.3333333333333333,1.00094546e-07,1.6927348e-05,0,6,1,0.131448205168832,1
31253001001,免洗筷#666,38.0,70.0,21.0,55860.0,24.65,70.0,0.4285714285714285,0.659828879073858,1.539600717839002,7,21,0.3333333333333333,1.9108965e-07,3.3854696e-05,0,2,1,0.1240141053462714,1
14721018001,小磨坊濃香滷味包36g,24.0,9.0,13.0,2808.0,0.5,6.0,0.4761904761904761,0.7939681905015746,1.6673332000533068,6,21,0.2857142857142857,1.8653992e-07,3.3854696e-05,0,2,1,0.1200913155784375,1
11102007001,泡舒天然肥皂160g*5,36.0,19.0,22.0,15048.0,10.3,12.0,0.5714285714285714,0.7284313590846836,1.2747548783981963,9,21,0.4285714285714285,2.1611334e-07,3.3854696e-05,0,2,1,0.1314771482678578,1
31567004001,驅塵氏靜電紙20張+5張,46.0,38.0,23.0,40204.0,2.0,24.0,1.5238095238095235,2.1738499448596813,1.4265890263141658,8,21,0.3809523809523809,1.5469162e-07,3.3854696e-05,0,5,1,0.1285812619883873,1
11042002001,妙管家水管疏通劑,31.0,24.0,20.0,14880.0,7.43,12.0,0.4285714285714285,0.7284313590846835,1.699673171197595,6,21,0.2857142857142857,1.06919174e-07,3.3854696e-05,0,2,1,0.1213806391558718,1
12010213001,美琪抗菌皂白麝香6入裝 美琪白麝皂6入,39.0,31.0,24.0,29016.0,15.78,24.0,0.3333333333333333,0.563436169819011,1.6903085094570331,6,21,0.2857142857142857,1.797152e-07,3.3854696e-05,0,2,1,0.1211562351249261,1
31611044001,小米圓型曬架18夾,65.0,32.0,17.0,35360.0,2.6,12.0,0.3333333333333333,0.4714045207910316,1.414213562373095,7,21,0.3333333333333333,1.2966795e-07,5.0782044e-05,0,1,1,0.1194265220935821,1
14300019001,唐寧歐式大吉嶺茶,38.0,30.0,8.0,9120.0,1.152,12.0,0.4285714285714285,0.659828879073858,1.539600717839002,7,21,0.3333333333333333,1.5241675e-07,1.6927348e-05,0,2,1,0.1223057436521224,1
14304135001,韓味不二生黃金柚子茶(果醬),42.0,32.0,18.0,24192.0,18.5,12.0,0.3333333333333333,0.5634361698190111,1.6903085094570334,6,21,0.2857142857142857,1.7061576e-07,3.3854696e-05,0,2,1,0.1211277506085439,1
12011147001,麗仕植然光澤透亮精油香氛沐浴露 光澤透亮,28.0,22.0,25.0,15400.0,7.21,12.0,0.6666666666666666,0.9428090415820632,1.414213562373095,7,21,0.3333333333333333,9.326991e-08,3.3854696e-05,0,2,1,0.1177459509215868,1
12221001001,百吉牌擦手紙巾,23.0,10.0,31.0,7421.0,1.0,1.0,1.5238095238095235,2.442072648563445,1.602610175619761,7,21,0.3333333333333333,4.3222624e-08,1.6927348e-05,0,5,5,0.1250352509470495,1
14342031001,阿華田脆酷力抹醬,32.0,24.0,12.0,9216.0,7.13,6.0,0.6666666666666666,1.1268723396380222,1.6903085094570334,6,21,0.2857142857142857,2.0018919e-07,3.3854696e-05,0,3,1,0.1212409954624339,1
12010055001,澳洲NATM精油香皂-卡卡度果與粉紅百合,15.0,11.0,13.0,2145.0,1.64,8.0,0.5714285714285714,0.8491692619108099,1.4860462083439174,7,21,0.3333333333333333,9.326992e-08,0.000118491436,0,2,1,0.1291005302599253,1
12122030001,蕾妮亞零觸感特薄超涼量多日用加長25cm,27.0,23.0,22.0,13662.0,1.498,12.0,1.238095238095238,1.7969487870584009,1.4513817126240929,8,21,0.3809523809523809,1.6379111e-07,3.3854696e-05,0,4,1,0.1297737988559112,1
12103048001,高露潔適齒彈力牙刷,43.0,19.0,26.0,21242.0,2.0,72.0,1.7142857142857142,2.7105237087157534,1.5811388300841895,7,21,0.3333333333333333,1.8653992e-07,1.6927348e-05,0,6,1,0.1244722429520143,1
31455002001,妙潔萬用料理紙(小烤箱適用)22*7M,27.0,19.0,26.0,13338.0,2.8,24.0,0.5238095238095238,0.7939681905015746,1.5157574545939152,7,21,0.3333333333333333,1.5241675e-07,3.3854696e-05,0,2,1,0.1227624372227705,1
31531047001,OP 超音波柔邊瞬吸布,58.0,31.0,19.0,34162.0,4.138,24.0,0.3333333333333333,0.4714045207910316,1.414213562373095,7,21,0.3333333333333333,1.7061576e-07,3.3854696e-05,0,1,1,0.1179674018272965,1
14310020001,摩卡極致烘焙豆,58.0,35.0,18.0,36540.0,10.1,10.0,1.1428571428571428,2.1444438569900384,1.8763883748662835,6,21,0.2857142857142857,7.0521125e-08,1.6927348e-05,0,4,1,0.1281470015191061,1
11051023001,橘子工坊食器妙用清潔粉,8.0,8.0,10.0,640.0,0.45,1.0,0.4285714285714285,0.7911070345636262,1.8459164139817943,6,21,0.2857142857142857,9.326991e-08,1.6927348e-05,0,2,2,0.126721444568829,1
11050093001,橘子工坊淨味碗盤洗滌液補充包,23.0,8.0,5.0,943.0,0.5,1.0,1.238095238095238,2.201833908894646,1.778404311030291,6,21,0.2857142857142857,1.1146893e-07,3.3854696e-05,0,5,5,0.1251978791411309,1
10023078001,白蘭氏關鍵活躍雞精69mlx15入,39.0,29.0,20.0,22620.0,11.4,4.0,0.4761904761904761,0.7939681905015746,1.6673332000533068,7,21,0.3333333333333333,3.4123126e-08,1.6927348e-05,0,2,1,0.12802689463097,1
12002005001,TRES.沙龍級維他命E潤澤護髮素 TRES.沙龍級維,25.0,18.0,25.0,11250.0,5.42,6.0,0.3333333333333333,0.5634361698190111,1.6903085094570334,6,21,0.2857142857142857,1.7289065e-07,3.3854696e-05,0,2,1,0.1211348718315502,1
11010060001,魔術靈地板清潔劑清新海洋補充,37.0,24.0,31.0,27528.0,11.82,6.0,0.6190476190476191,0.9988655696858586,1.6135520741079254,7,21,0.3333333333333333,1.13743816e-07,1.6927348e-05,0,2,1,0.1257214617881449,1
11102004001,家福檸檬天然洗衣皂 5個,32.0,30.0,20.0,19200.0,15.73,20.0,0.5238095238095238,0.7315376902732008,1.396571954157929,8,21,0.3809523809523809,1.9108967e-07,3.3854696e-05,0,2,1,0.1272023982564592,1
12102026001,黑人全亮白極緻酵素清爽薄荷牙膏 清爽薄荷,26.0,24.0,20.0,12480.0,3.912,24.0,0.5238095238095238,0.8518354199999199,1.626231256363483,7,21,0.3333333333333333,3.548803e-07,3.3854696e-05,0,2,1,0.1286620679234157,1
31254009001,背心袋(2斤),27.0,25.0,13.0,8775.0,3.0,20.0,0.5238095238095238,0.9571310115353228,1.8272501129310703,6,21,0.2857142857142857,7.734576e-08,1.6927348e-05,0,2,1,0.1257877534176776,1
10012009001,樹頂100純柳橙汁1000ml,29.0,18.0,26.0,13572.0,11.27,10.0,0.4761904761904761,0.7939681905015745,1.6673332000533063,6,21,0.2857142857142857,1.9336456e-07,3.3854696e-05,0,2,1,0.1201126791535456,1
14601028001,康寶鮮雞晶 500g,44.0,33.0,14.0,20328.0,8.8,12.0,0.4285714285714285,0.7911070345636262,1.8459164139817943,6,21,0.2857142857142857,1.5469162e-07,1.6927348e-05,0,2,1,0.1269137165882848,1
12010035001,家福衛生深層泡沫潔手乳 300ML 家福衛生深層泡,40.0,17.0,16.0,10880.0,5.06,14.0,0.3809523809523809,0.4856209060564557,1.2747548783981963,8,21,0.3809523809523809,1.2511822e-07,3.3854696e-05,0,2,1,0.1211804897684298,1
11031035001,滿庭香空氣清淨劑--自然清香,24.0,17.0,25.0,10200.0,3.88,12.0,0.5238095238095238,0.7939681905015746,1.5157574545939152,7,21,0.3333333333333333,2.0018919e-07,3.3854696e-05,0,2,1,0.1229119821233136,1
14632044001,穀盛醇米霖 600g,32.0,25.0,22.0,17600.0,12.0,12.0,0.3809523809523809,0.5753831415997416,1.5103807466993218,7,21,0.3333333333333333,2.206631e-07,3.3854696e-05,0,2,1,0.1227109282105481,1
12000208001,花王植萃弱酸洗髮精酷爽去屑型 花王植萃洗酷爽,42.0,23.0,26.0,25116.0,10.8,12.0,0.4761904761904761,0.7315376902732008,1.5362291495737217,7,21,0.3333333333333333,1.66066e-07,3.3854696e-05,0,2,1,0.1237780158430651,1
12100002001,高露潔全效專業潔淨膏狀牙膏,36.0,33.0,22.0,26136.0,9.35,48.0,0.9523809523809524,1.8120283419467096,1.9026297590440449,6,21,0.2857142857142857,1.3876748e-07,3.3854696e-05,0,4,1,0.1311869501573173,1
14632435001,義美香酥紅蔥油,28.0,22.0,14.0,8624.0,5.06,12.0,0.4761904761904761,0.6632565846278151,1.3928388277184118,8,21,0.3809523809523809,2.3658723e-07,5.0782044e-05,0,2,1,0.1287512275179189,1
12151001001,嬌生嬰兒皂,40.0,25.0,12.0,12000.0,6.2,36.0,2.5714285714285716,4.370588154508102,1.6996731711975952,6,21,0.2857142857142857,1.4331722e-07,3.3854696e-05,0,9,1,0.1216274527863421,1
11071021001,蟻愛呷攻巢螞蟻餌劑,44.0,26.0,18.0,20592.0,3.95,24.0,0.4761904761904761,0.8518354199999199,1.7888543819998317,6,21,0.2857142857142857,1.251182e-07,1.6927348e-05,0,2,1,0.1241041736590805,1
10041058001,多喝水More+維他命100氣泡水(百香果風味),41.0,28.0,23.0,26404.0,15.0,24.0,0.5714285714285714,2.55550625999976,4.47213595499958,1,21,0.0476190476190476,7.5070886e-08,1.6927348e-05,1,4,1,0.2018547809419442,4
10014069001,波蜜芭樂汁300ml,35.0,20.0,13.0,9100.0,7.97,24.0,0.2857142857142857,1.27775312999988,4.47213595499958,1,21,0.0476190476190476,2.9573375e-08,1.6927348e-05,1,2,1,0.2016946407638704,4
12012014001,艾惟諾燕麥高效舒緩護手霜 艾惟諾燕麥護手,30.0,16.0,20.0,9600.0,1.76,12.0,0.1428571428571428,0.6388765649999399,4.47213595499958,1,21,0.0476190476190476,4.0947747e-08,1.6927348e-05,1,1,1,0.2017213883234235,4
12020332001,Simple清妍溫和毛孔調理潔顏凝露,21.0,21.0,20.0,8820.0,2.22,12.0,0.0952380952380952,0.4259177099999599,4.47213595499958,1,21,0.0476190476190476,2.9573375e-08,1.6927348e-05,1,1,1,0.201682829682123,4
12020189001,妮維雅水活保濕洗面乳 水活保濕,30.0,25.0,16.0,12000.0,2.5,24.0,0.0952380952380952,0.4259177099999599,4.47213595499958,1,21,0.0476190476190476,2.2748752e-08,1.6927348e-05,1,1,1,0.2016614661602309,4
14243076001,森之果物嚴選天然甘栗,42.0,25.0,18.0,18900.0,2.8,12.0,0.238095238095238,1.0647942749998998,4.47213595499958,1,21,0.0476190476190476,1.8199003e-08,1.6927348e-05,1,2,1,0.20165608212257,4
14602101001,飛馬細粉紅辣椒35g,13.0,12.0,9.0,1404.0,0.97,6.0,0.0476190476190476,0.2129588549999799,4.47213595499958,1,21,0.0476190476190476,2.5023628e-08,1.6927348e-05,1,1,1,0.2016656345689753,4
12011126001,多芬清爽水嫩清潤沐浴乳,47.0,28.0,21.0,27636.0,13.83,12.0,0.238095238095238,1.0647942749998998,4.47213595499958,1,21,0.0476190476190476,7.0521125e-08,1.6927348e-05,1,2,1,0.2018198691623504,4
10020006001,伯朗曼特寧咖啡二合一Can240ml,40.0,27.0,10.0,10800.0,7.06,24.0,0.2857142857142857,1.27775312999988,4.47213595499958,1,21,0.0476190476190476,2.9573375e-08,1.6927348e-05,1,2,1,0.2016946407638704,4
12105027001,GUM 牙周護理潔齒液960ml 潔齒液960ml,30.0,31.0,24.0,22320.0,13.08,12.0,0.0476190476190476,0.2129588549999799,4.47213595499958,1,21,0.0476190476190476,2.5023628e-08,1.6927348e-05,1,1,1,0.2016656345689753,4
11075006001,天堂鼠 天堂鼠,48.0,23.0,19.0,20976.0,5.93,24.0,0.0476190476190476,0.2129588549999799,4.47213595499958,1,21,0.0476190476190476,2.7298501e-08,1.6927348e-05,1,1,1,0.2016727557387655,4
14615076001,黃山舒香小磨香油,24.0,18.0,23.0,9936.0,6.01,12.0,0.0476190476190476,0.2129588549999799,4.47213595499958,1,21,0.0476190476190476,6.369649e-08,1.6927348e-05,1,1,1,0.2017866945211466,4
12021994001,廣源良菜瓜水180ml 菜瓜水,20.0,17.0,17.0,5780.0,2.852,12.0,0.1428571428571428,0.6388765649999399,4.47213595499958,1,21,0.0476190476190476,2.2748752e-08,1.6927348e-05,1,1,1,0.2016644189306678,4
14225934001,HALLS XS無糖迷你薄荷糖蜂蜜檸檬量販包,24.0,15.0,17.0,6120.0,2.0,36.0,0.0476190476190476,0.2129588549999799,4.47213595499958,1,21,0.0476190476190476,5.232212e-08,1.6927348e-05,1,1,1,0.2017510886565437,4
12021923001,森田藥玻尿酸水 森田玻尿酸水,23.0,14.0,18.0,5796.0,2.4,12.0,1.0476190476190477,4.685094809999559,4.472135954999579,1,21,0.0476190476190476,6.824626e-09,3.3854696e-05,1,8,1,0.2032579749565052,4
32503007003,高級40頁資料冊,33.0,14.0,25.0,11550.0,2.0,12.0,0.0476190476190476,0.2129588549999799,4.47213595499958,1,21,0.0476190476190476,3.4123126e-08,1.6927348e-05,1,1,1,0.2016941192669183,4
14311033001,貝納頌冷熱萃浸泡咖啡-黃金曼巴8g X10,51.0,24.0,22.0,26928.0,1.9,12.0,0.0476190476190476,0.2129588549999799,4.47213595499958,1,21,0.0476190476190476,2.9573375e-08,1.6927348e-05,1,1,1,0.2016798769116861,4
10031909001,KIRIN午後紅茶-無糖紅茶500ml,38.0,26.0,23.0,22724.0,12.81,24.0,1.1428571428571428,5.11101251999952,4.47213595499958,1,21,0.0476190476190476,6.824626e-09,1.6927348e-05,1,8,1,0.201676578874355,4
15022020001,台農牛乳巧克力保久乳飲品200ml,36.0,24.0,14.0,12096.0,8.32,24.0,1.4285714285714286,6.388765649999399,4.47213595499958,1,21,0.0476190476190476,2.2748754e-09,1.6927348e-05,1,10,1,0.201680053142996,4
12031127001,Za美白聚光智慧BB霜 Za美白BB霜,8.0,6.0,11.0,528.0,0.25,3.0,0.0952380952380952,0.4259177099999599,4.47213595499958,1,21,0.0476190476190476,2.2748752e-08,1.6927348e-05,1,1,1,0.2016614661602309,4
12034999001,貝拉美人毛穴粉刺鼻頭貼-白 鼻頭貼-白,20.0,18.0,8.0,2880.0,0.446,12.0,0.0476190476190476,0.2129588549999799,4.47213595499958,1,21,0.0476190476190476,2.2748752e-08,1.6927348e-05,1,1,1,0.201658513389794,4
10040072001,北海道大雪山天然礦泉水Pet 550ml,42.0,28.0,23.0,27048.0,14.07,24.0,1.1428571428571428,5.11101251999952,4.47213595499958,1,21,0.0476190476190476,1.5924128e-08,1.6927348e-05,1,8,1,0.2017050635848194,4
32517009001,金牌 70g A4 多功能影印紙,32.0,23.0,26.0,19136.0,12.17,5.0,0.238095238095238,1.0647942749998998,4.47213595499958,1,21,0.0476190476190476,4.0947747e-08,1.6927348e-05,1,2,1,0.2017272938642972,4
11022021001,清淨海環保浴廁清潔劑 清淨海浴廁清潔,37.0,22.0,26.0,21164.0,7.25,12.0,0.0952380952380952,0.4259177099999599,4.47213595499958,1,21,0.0476190476190476,3.184825e-08,1.6927348e-05,1,1,1,0.2016899508581739,4
14303012001,立頓奶茶粉(罐),39.0,30.0,15.0,17550.0,7.0,12.0,0.0952380952380952,0.4259177099999599,4.47213595499958,1,21,0.0476190476190476,2.7298501e-08,1.6927348e-05,1,1,1,0.2016757085092024,4
14833059001,紅燒牛肉罐425g,32.0,25.0,13.0,10400.0,13.88,12.0,9.80952380952381,38.548199942680355,3.929670867943143,9,21,0.4285714285714285,2.843595e-07,0.00010156409,4,60,5,0.2651621206039251,4
10020029001,伯朗精品咖啡_巴西喜拉朵240ml,35.0,24.0,12.0,10080.0,7.3,24.0,0.2857142857142857,1.27775312999988,4.47213595499958,1,21,0.0476190476190476,5.232212e-08,1.6927348e-05,1,2,1,0.201765852508728,4
14351069001,雀巢可可脆片早餐脆片,49.0,33.0,25.0,40425.0,4.582,18.0,1.6666666666666667,6.7916849254794,4.07501095528764,4,21,0.1904761904761904,4.777237e-08,1.6927348e-05,1,11,1,0.2129078701462295,4
41223049001,國際NC-HKD122電水壺,24.0,19.0,27.0,12312.0,1.72,1.0,0.0476190476190476,0.2129588549999799,4.47213595499958,1,21,0.0476190476190476,2.9573375e-08,1.6927348e-05,1,1,1,0.2016798769116861,4
12327014001,愛基均衡及糖尿病配方營養素,41.0,29.0,19.0,22591.0,6.9,6.0,0.0476190476190476,0.2129588549999799,4.47213595499958,1,21,0.0476190476190476,2.5023628e-08,1.6927348e-05,1,1,1,0.2016656345689753,4
12012985001,妮維雅全方位潤膚霜-敏感肌適用 敏感肌適用,37.0,19.0,19.0,13357.0,6.056,24.0,0.1428571428571428,0.6388765649999399,4.47213595499958,1,21,0.0476190476190476,2.7298501e-08,1.6927348e-05,1,1,1,0.2016786612796393,4
14700031001,家福非基改黃豆,25.0,42.0,13.0,13650.0,7.4,12.0,0.0476190476190476,0.2129588549999799,4.47213595499958,1,21,0.0476190476190476,2.9573375e-08,1.6927348e-05,1,1,1,0.2016798769116861,4
10041076001,美國LaCroix葡萄柚風味氣泡水,41.0,28.0,13.0,14924.0,9.15,24.0,0.0476190476190476,0.2129588549999799,4.47213595499958,1,21,0.0476190476190476,4.3222624e-08,1.6927348e-05,1,1,1,0.2017226039648614,4
14310053001,UCC 香醇濃厚咖啡豆908g,52.0,22.0,20.0,22880.0,6.0,6.0,0.0952380952380952,0.4259177099999599,4.47213595499958,1,21,0.0476190476190476,1.5924128e-08,3.3854696e-05,1,1,1,0.2032274042582325,4
10040069001,家福天然水 550ml毫升,42.0,28.0,25.0,29400.0,14.73,24.0,1.1428571428571428,5.11101251999952,4.47213595499958,1,21,0.0476190476190476,2.2748752e-08,1.6927348e-05,1,8,1,0.2017264271098419,4
12003064001,多芬輕潤保濕一分鐘護髮精華,23.0,17.0,23.0,8993.0,2.65,12.0,0.0476190476190476,0.2129588549999799,4.47213595499958,1,21,0.0476190476190476,3.4123126e-08,1.6927348e-05,1,1,1,0.2016941192669183,4
14632356001,李錦記黑胡椒肉片醬60g,11.0,12.0,15.0,1980.0,0.83,12.0,0.1904761904761904,0.8518354199999199,4.47213595499958,1,21,0.0476190476190476,2.0473879e-08,1.6927348e-05,1,2,1,0.2016602505313144,4
11112017001,碧蓮衣物去漬凝膠,17.0,13.0,20.0,4420.0,2.07,8.0,0.0476190476190476,0.2129588549999799,4.47213595499958,1,21,0.0476190476190476,2.2748752e-08,1.6927348e-05,1,1,1,0.201658513389794,4
12010140001,雅蓮碧美體入浴劑-膠原蛋白 雅蓮碧入浴劑,24.0,14.0,17.0,5712.0,1.55,30.0,0.2857142857142857,1.27775312999988,4.47213595499958,1,21,0.0476190476190476,3.6398e-08,1.6927348e-05,1,2,1,0.2017160042920232,4
14510194001,皇家穀堡冠軍米147 1.8Kg,35.0,24.0,5.0,4288.0,1.8,1.0,0.0952380952380952,0.4259177099999599,4.47213595499958,1,21,0.0476190476190476,3.184825e-08,1.6927348e-05,1,1,1,0.2016899508581739,4
31531171001,OP天然棉紗布(3片入),33.0,20.0,17.0,11220.0,1.14,12.0,0.4761904761904761,2.1295885499997995,4.47213595499958,1,21,0.0476190476190476,1.8199003e-08,1.6927348e-05,1,4,1,0.2016708459747543,4
12021045001,水潤專科保濕化水-清爽型 專科保濕水清爽,14.0,6.0,17.0,1428.0,0.75,3.0,0.0952380952380952,0.4259177099999599,4.47213595499958,1,21,0.0476190476190476,3.8672873e-08,1.6927348e-05,1,1,1,0.201711314380066,4
12202006001,五月花三層捲筒衛生紙 200張,31.0,21.0,22.0,14322.0,1.0,1.0,0.7619047619047619,3.4073416799996794,4.47213595499958,1,21,0.0476190476190476,1.3649252e-08,1.6927348e-05,1,6,6,0.2016743202421432,4
10032005001,阿薩姆咖啡奶茶TP350ml,35.0,20.0,15.0,10500.0,9.11,24.0,0.2857142857142857,1.27775312999988,4.47213595499958,1,21,0.0476190476190476,5.4596995e-08,1.6927348e-05,1,2,1,0.2017729736847789,4
14020978001,乾脆點洋芋片-原味,37.0,20.0,22.0,16280.0,2.48,14.0,1.4761904761904765,6.3816630734289355,4.323062082000247,2,21,0.0952380952380952,7.5070886e-08,1.6927348e-05,1,10,1,0.2048051245521877,4
12002119001,芙夏妮水水亮澤潤髮乳,38.0,22.0,25.0,20900.0,7.98,12.0,0.0952380952380952,0.4259177099999599,4.47213595499958,1,21,0.0476190476190476,4.0947747e-08,1.6927348e-05,1,1,1,0.2017184355529866,4
14222120001,Jelly.B低卡蒟蒻果凍(青葡萄味)150g,29.0,11.0,20.0,6380.0,1.78,10.0,0.5238095238095238,2.3425474049997796,4.472135954999579,1,21,0.0476190476190476,5.4596995e-08,1.6927348e-05,1,4,1,0.2017877375369632,4
11031908002,熊寶貝衣物清新噴霧200ML 熊寶貝噴霧玫瑰,26.0,20.0,22.0,11440.0,3.19,12.0,0.0476190476190476,0.2129588549999799,4.47213595499958,1,21,0.0476190476190476,4.0947747e-08,1.6927348e-05,1,1,1,0.2017154827825497,4
12104006001,歐樂B兒童防蛀牙膏40克2入-冰雪奇緣,30.0,19.0,19.0,10830.0,2.86,24.0,0.0476190476190476,0.2129588549999799,4.47213595499958,1,21,0.0476190476190476,5.232212e-08,1.6927348e-05,1,1,1,0.2017510886565437,4
12000295001,呂滋養韌髮洗髮精_油性頭皮適用,22.0,17.0,24.0,8976.0,4.22,8.0,0.0476190476190476,0.2129588549999799,4.47213595499958,1,21,0.0476190476190476,2.9573375e-08,1.6927348e-05,1,1,1,0.2016798769116861,4
14620033001,李錦記頭道減鹽醬油,30.0,24.0,27.0,19440.0,12.18,12.0,0.0952380952380952,0.4259177099999599,4.47213595499958,1,21,0.0476190476190476,9.326991e-08,1.6927348e-05,1,1,1,0.2018822227211118,4
14222121001,Jelly.B低卡蒟蒻果凍(藍莓味)150g,28.0,11.0,20.0,6160.0,1.8,10.0,0.0476190476190476,0.2129588549999799,4.47213595499958,1,21,0.0476190476190476,5.4596995e-08,1.6927348e-05,1,1,1,0.2017582098325946,4
14616037001,十全烏醋240ml,24.0,19.0,21.0,9576.0,5.37,12.0,0.0476190476190476,0.2129588549999799,4.47213595499958,1,21,0.0476190476190476,4.5497497e-08,1.6927348e-05,1,1,1,0.2017297251346516,4
14506025001,公仔麵-麻油(包)100g,38.0,33.0,14.0,17556.0,3.56,30.0,0.238095238095238,1.0647942749998998,4.47213595499958,1,21,0.0476190476190476,2.5023628e-08,1.6927348e-05,1,2,1,0.2016774456507228,4
30450039001,OPP透明膠帶-1入,33.0,22.0,21.0,15246.0,2.42,24.0,0.0952380952380952,0.4259177099999599,4.47213595499958,1,21,0.0476190476190476,5.0047245e-08,1.6927348e-05,1,1,1,0.2017469202509296,4
14111053001,家樂福葡萄蔓越莓沙琪瑪,47.0,20.0,25.0,23500.0,2.91,12.0,1.1428571428571428,5.11101251999952,4.47213595499958,1,21,0.0476190476190476,4.3222624e-08,1.6927348e-05,1,8,1,0.2017905176849092,4
12022079001,妮維雅涼感長效防曬噴霧 SPF50,33.0,17.0,23.0,12903.0,3.0,12.0,0.0476190476190476,0.2129588549999799,4.47213595499958,1,21,0.0476190476190476,2.5023628e-08,1.6927348e-05,1,1,1,0.2016656345689753,4
12123099001,靠得住完美封漏後漏終結35,11.0,10.0,14.0,1484.0,0.1,1.0,0.9523809523809524,4.259177099999599,4.47213595499958,1,21,0.0476190476190476,1.5924128e-08,1.6927348e-05,1,7,7,0.201693252503072,4
12005015008,566 美色護髮染髮霜 110g 3B-魅力柔黑,31.0,24.0,22.0,16368.0,2.5,12.0,0.0476190476190476,0.2129588549999799,4.47213595499958,1,21,0.0476190476190476,2.5023628e-08,1.6927348e-05,1,1,1,0.2016656345689753,4
12103156001,Ora2 淨白無瑕牙刷-中性毛 中性毛,34.0,22.0,24.0,17952.0,1.21,48.0,0.0952380952380952,0.4259177099999599,4.47213595499958,1,21,0.0476190476190476,2.0473879e-08,1.6927348e-05,1,1,1,0.2016543449904407,4
12012929001,家福法國進口蘭花沐浴露 家福蘭花沐浴露,22.0,16.0,18.0,6336.0,3.54,12.0,0.0476190476190476,0.2129588549999799,4.47213595499958,1,21,0.0476190476190476,4.0947747e-08,1.6927348e-05,1,1,1,0.2017154827825497,4
12032101001,妮維雅潤澤修護護唇膏 潤澤護唇膏,30.0,12.0,14.0,5040.0,0.6,24.0,0.0476190476190476,0.2129588549999799,4.47213595499958,1,21,0.0476190476190476,4.5497497e-08,1.6927348e-05,1,1,1,0.2017297251346516,4
12023039001,Farm stay 膠原蛋白補水精華面膜 膠原蛋白面膜,20.0,20.0,13.0,5200.0,0.8,24.0,0.0476190476190476,0.2129588549999799,4.47213595499958,1,21,0.0476190476190476,2.7298501e-08,1.6927348e-05,1,1,1,0.2016727557387655,4
12002127001,巴黎美妝石榴保濕潤髮乳 櫻桃柔亮潤髮乳,27.0,16.0,17.0,7344.0,1.88,12.0,0.0476190476190476,0.2129588549999799,4.47213595499958,1,21,0.0476190476190476,3.184825e-08,1.6927348e-05,1,1,1,0.201686998087737,4
12016100001,妮維雅止汗乳液美白植萃-百合 止汗乳液-百合,24.0,17.0,14.0,5712.0,4.18,24.0,0.0952380952380952,0.4259177099999599,4.47213595499958,1,21,0.0476190476190476,2.5023628e-08,1.6927348e-05,1,1,1,0.2016685873394122,4
12002158001,Elastine香水潤髮乳-永恆珍愛,27.0,23.0,27.0,16767.0,8.5,12.0,0.0476190476190476,0.2129588549999799,4.47213595499958,1,21,0.0476190476190476,2.5023628e-08,1.6927348e-05,1,1,1,0.2016656345689753,4
12020250001,肌研極潤保濕泡洗顏 極潤保濕泡洗顏,26.0,11.0,16.0,4576.0,1.5,6.0,0.0952380952380952,0.4259177099999599,4.47213595499958,1,21,0.0476190476190476,1.0919406e-07,1.6927348e-05,1,1,1,0.2019320710317273,4
12011024001,詩波蜜柔沐浴乳柑橘香(清爽型) 柑橘香(清爽,30.0,20.0,23.0,13800.0,6.91,9.0,0.0952380952380952,0.4259177099999599,4.47213595499958,1,21,0.0476190476190476,2.5023628e-08,1.6927348e-05,1,1,1,0.2016685873394122,4
12022171001,萊雅完美UV全效隔離乳SPF50+自然色,17.0,17.0,21.0,6069.0,1.06,12.0,0.1904761904761904,0.8518354199999199,4.47213595499958,1,21,0.0476190476190476,9.099502e-09,3.3854696e-05,1,2,1,0.203211946267823,4
14506032001,家福細拉麵2000g,36.0,23.0,21.0,17388.0,12.34,6.0,0.0952380952380952,0.4259177099999599,4.47213595499958,1,21,0.0476190476190476,3.6398e-08,1.6927348e-05,1,1,1,0.2017041932102758,4
14304084001,濃純黑糖老薑母茶隨身包,34.0,29.0,18.0,17748.0,4.12,12.0,0.0476190476190476,0.2129588549999799,4.47213595499958,1,21,0.0476190476190476,2.9573375e-08,1.6927348e-05,1,1,1,0.2016798769116861,4
12021020001,肌研極水胺基酸化水400ml 胺基酸化水,18.0,6.0,20.0,2160.0,1.2,3.0,0.0476190476190476,0.2129588549999799,4.47213595499958,1,21,0.0476190476190476,2.5023628e-08,1.6927348e-05,1,1,1,0.2016656345689753,4
11021051002,高樂氏居家殺菌濕紙巾,26.0,18.0,23.0,10764.0,2.39,6.0,0.0952380952380952,0.4259177099999599,4.47213595499958,1,21,0.0476190476190476,2.0473879e-08,1.6927348e-05,1,1,1,0.2016543449904407,4
12023195001,我的心機 高效安瓶EX極致淨白面膜4入,35.0,17.0,23.0,13685.0,2.13,12.0,0.0952380952380952,0.4259177099999598,4.472135954999579,1,21,0.0476190476190476,2.5023628e-08,1.6927348e-05,1,1,1,0.2016685873394121,4
12010003001,家樂福超柔軟潔手乳 300ML,40.0,17.0,16.0,10880.0,5.06,14.0,0.0476190476190476,0.2129588549999799,4.47213595499958,1,21,0.0476190476190476,2.2748752e-08,1.6927348e-05,1,1,1,0.201658513389794,4
12010249001,雅蓮碧入浴劑吉野櫻40g 雅蓮碧吉野櫻,24.0,14.0,18.0,6048.0,1.55,30.0,0.2857142857142857,1.27775312999988,4.47213595499958,1,21,0.0476190476190476,3.6398e-08,1.6927348e-05,1,2,1,0.2017160042920232,4
10014055001,鮮剖100純椰子汁 500ml,39.0,26.0,23.0,23322.0,13.2,24.0,1.1428571428571428,5.11101251999952,4.47213595499958,1,21,0.0476190476190476,2.9573375e-08,1.6927348e-05,1,8,1,0.2017477906317339,4
12000036001,飛柔檸檬均衡滋潤洗髮乳,26.0,22.0,23.0,13156.0,7.003,6.0,0.1428571428571428,0.6388765649999399,4.47213595499958,1,21,0.0476190476190476,3.6398e-08,1.6927348e-05,1,1,1,0.2017071459807127,4
14241001001,家福五香花生,41.0,25.0,23.0,23575.0,4.62,20.0,0.0476190476190476,0.2129588549999799,4.47213595499958,1,21,0.0476190476190476,4.3222624e-08,1.6927348e-05,1,1,1,0.2017226039648614,4
12111010004,吉列鋒隱5+1 刀片四入,32.0,11.0,12.0,4224.0,0.58,12.0,0.0476190476190476,0.2129588549999799,4.47213595499958,1,21,0.0476190476190476,2.9573375e-08,1.6927348e-05,1,1,1,0.2016798769116861,4
12013033001,我的心機．綠茶淨化身體去角質霜,38.0,28.0,19.0,20216.0,1.84,6.0,0.1904761904761904,0.8518354199999199,4.47213595499958,1,21,0.0476190476190476,4.3222624e-08,1.6927348e-05,1,2,1,0.2017314622761719,4
12002002001,絲蘊無矽靈水潤潤髮乳 無矽靈水潤潤髮,31.0,23.0,28.0,19964.0,8.24,9.0,0.0476190476190476,0.2129588549999799,4.47213595499958,1,21,0.0476190476190476,2.5023628e-08,1.6927348e-05,1,1,1,0.2016656345689753,4
14505102001,Paldo 極地麻辣湯麵120g,41.0,33.0,14.0,18942.0,2.98,20.0,0.4761904761904761,2.1295885499997995,4.47213595499958,1,21,0.0476190476190476,1.3649252e-08,1.6927348e-05,1,4,1,0.201656603619522,4
31530106001,OP舒適手套耐用強化 S,40.0,33.0,6.0,7920.0,0.88,12.0,0.0476190476190476,0.2129588549999799,4.472135954999579,1,21,0.0476190476190476,2.2748752e-08,1.6927348e-05,1,1,1,0.201658513389794,4
12105025001,依必朗清新漱口水 清新漱口水,40.0,29.0,20.0,23200.0,9.63,12.0,0.0952380952380952,0.4259177099999599,4.47213595499958,1,21,0.0476190476190476,4.3222624e-08,1.6927348e-05,1,1,1,0.2017255567352983,4
11030012002,Laundrin車用芳香,25.0,19.0,22.0,10450.0,0.91,20.0,0.0476190476190476,0.2129588549999799,4.47213595499958,1,21,0.0476190476190476,4.0947747e-08,1.6927348e-05,1,1,1,0.2017154827825497,4
10023037001,愛健御白玉薏仁水Pet530ml,41.0,28.0,24.0,27552.0,14.08,24.0,0.7619047619047619,3.4073416799996794,4.47213595499958,1,21,0.0476190476190476,4.0947747e-08,1.6927348e-05,1,6,1,0.2017597743391027,4
11030196002,Farcent香水室內擴香 Farcent罌粟花,38.0,25.0,25.0,23750.0,5.6,12.0,0.0476190476190476,0.2129588549999799,4.47213595499958,1,21,0.0476190476190476,3.4123126e-08,1.6927348e-05,1,1,1,0.2016941192669183,4
11021043001,魔利泡沫廚房清潔劑 魔利廚房清潔劑,23.0,29.0,28.0,18676.0,7.82,12.0,0.0476190476190476,0.2129588549999799,4.47213595499958,1,21,0.0476190476190476,2.7298501e-08,1.6927348e-05,1,1,1,0.2016727557387655,4
11050104001,鷹王檸檬洗潔精        1000ML,31.0,30.0,23.0,21390.0,13.25,12.0,0.0476190476190476,0.2129588549999799,4.47213595499958,1,21,0.0476190476190476,5.0047245e-08,1.6927348e-05,1,1,1,0.2017439674804927,4
15023038001,員山農會濃嘜甜高濃度養生豆奶,37.0,25.0,17.0,15725.0,9.6,24.0,1.1428571428571428,5.11101251999952,4.47213595499958,1,21,0.0476190476190476,4.549751e-09,1.6927348e-05,1,8,1,0.201669457698304,4
12123044001,靠得住好夢香氛夜用棉41cm 10片,13.0,10.0,16.0,2170.0,0.2,1.0,0.0952380952380952,0.4259177099999598,4.472135954999579,1,21,0.0476190476190476,2.0473879e-08,1.6927348e-05,1,1,1,0.2016543449904406,4
14620088001,黑豆桑頂級厚黑金醬油550ml,36.0,26.0,23.0,21528.0,12.0,12.0,0.0476190476190476,0.2129588549999799,4.47213595499958,1,21,0.0476190476190476,2.9573375e-08,1.6927348e-05,1,1,1,0.2016798769116861,4
11103063001,日本PG BOLD 新3D無痕清新皂香洗衣球(水藍) BOLD洗衣球,39.0,30.0,14.0,16380.0,2.72,6.0,0.0952380952380952,0.4259177099999599,4.47213595499958,1,21,0.0476190476190476,2.9573375e-08,1.6927348e-05,1,1,1,0.201682829682123,4
12103127001,獅王細潔全罩顧捷淨牙刷 全罩顧捷淨,39.0,25.0,31.0,30225.0,1.81,48.0,0.0952380952380952,0.4259177099999599,4.47213595499958,1,21,0.0476190476190476,2.9573375e-08,1.6927348e-05,1,1,1,0.201682829682123,4
14510031001,天生好米花東一等米(圓一)2.4kg,35.0,24.0,5.0,4288.0,2.4,1.0,0.1428571428571428,0.6388765649999399,4.47213595499958,1,21,0.0476190476190476,2.5023628e-08,1.6927348e-05,1,1,1,0.201671540109849,4
12005002004,美吾髮黑娜快速護髮染髮霜80g,32.0,21.0,20.0,13440.0,2.0,12.0,0.0952380952380952,0.4259177099999599,4.47213595499958,1,21,0.0476190476190476,1.5924128e-08,1.6927348e-05,1,1,1,0.2016401026352084,3
14506006001,五木拉麵-肉燥321g,46.0,26.0,23.0,27508.0,4.72,12.0,0.0952380952380952,0.4259177099999599,4.47213595499958,1,21,0.0476190476190476,1.5924128e-08,1.6927348e-05,1,1,1,0.2016401026352084,3
12211004001,家福袖珍包面紙,21.0,20.0,10.0,4095.0,0.1,1.0,0.7619047619047619,3.4073416799996794,4.47213595499958,1,21,0.0476190476190476,2.2748754e-09,1.6927348e-05,1,6,6,0.20163871435688,3
11021027001,魔術靈多用途清潔濕巾補充包 濕巾柑橘香補包,27.0,27.0,19.0,13851.0,5.026,12.0,0.0952380952380952,0.4259177099999599,4.47213595499958,1,21,0.0476190476190476,1.5924128e-08,1.6927348e-05,1,1,1,0.2016401026352084,3
12022265001,肌研極潤完美多效清透凝露UV,12.0,10.0,19.0,2280.0,0.9,6.0,0.1904761904761904,0.8518354199999199,4.47213595499958,1,21,0.0476190476190476,1.5924128e-08,1.6927348e-05,1,2,1,0.2016460081760821,3
12020147001,多芬潤澤卸妝乳,27.0,16.0,19.0,8208.0,3.12,12.0,0.3809523809523809,1.7036708399998397,4.47213595499958,1,21,0.0476190476190476,1.3649252e-08,1.6927348e-05,1,3,1,0.2016506980786483,3
32500012001,GREAT 11孔EZ資料袋100入,18.0,12.0,7.0,1512.0,0.8,3.0,0.1428571428571428,0.6388765649999399,4.47213595499958,1,21,0.0476190476190476,1.1374377e-08,1.6927348e-05,1,1,1,0.2016288130504131,3
12012054001,Mdmmd.紫香蘭安瓶精油身體乳-保濕 保濕緊膚,30.0,21.0,24.0,15120.0,6.84,12.0,0.0476190476190476,0.2129588549999799,4.47213595499958,1,21,0.0476190476190476,1.5924128e-08,1.6927348e-05,1,1,1,0.2016371498647716,3
12102114001,日本獅王細潔適齦佳牙膏淨白plus95g 適齦佳淨白95,23.0,8.0,16.0,2944.0,1.21,10.0,0.0476190476190476,0.2129588549999799,4.472135954999579,1,21,0.0476190476190476,1.5924128e-08,1.6927348e-05,1,1,1,0.2016371498647715,3
11031027001,家福銀離子消臭液--寵物環境用,29.0,29.0,24.0,20184.0,5.32,12.0,0.0952380952380952,0.4259177099999599,4.47213595499958,1,21,0.0476190476190476,1.1374377e-08,1.6927348e-05,1,1,1,0.2016258602799762,3
31707941001,3M無痕大型防水膠條,27.0,21.0,21.0,11907.0,0.113,24.0,0.1904761904761904,0.8518354199999199,4.47213595499958,1,21,0.0476190476190476,1.3649252e-08,1.6927348e-05,1,2,1,0.2016388869969008,3
12001071001,淨男士去屑洗髮乳清爽控油型 淨男去屑洗清爽,29.0,17.0,26.0,12818.0,5.2,6.0,0.0476190476190476,0.2129588549999799,4.47213595499958,1,21,0.0476190476190476,1.3649252e-08,1.6927348e-05,1,1,1,0.2016300286855903,3
14602033001,小磨坊鹹酥雞椒鹽粉300g,43.0,33.0,20.0,28380.0,13.11,20.0,0.0476190476190476,0.2129588549999799,4.47213595499958,1,21,0.0476190476190476,1.8199003e-08,1.6927348e-05,1,1,1,0.2016442710408225,3
11073001001,雷達薄型液體電蚊香無味組裝,41.0,18.0,23.0,16974.0,2.16,12.0,0.0476190476190476,0.2129588549999799,4.47213595499958,1,21,0.0476190476190476,1.5924128e-08,1.6927348e-05,1,1,1,0.2016371498647716,3
31533211001,3M 百利妙用擦,53.0,32.0,17.0,28832.0,0.8,36.0,0.0476190476190476,0.2129588549999799,4.47213595499958,1,21,0.0476190476190476,1.8199003e-08,1.6927348e-05,1,1,1,0.2016442710408225,3
12101032001,日本獅王麵包超人牙膏-哈密瓜 哈密瓜,52.0,37.0,15.0,28860.0,7.2,120.0,0.0476190476190476,0.2129588549999799,4.47213595499958,1,21,0.0476190476190476,1.5924128e-08,1.6927348e-05,1,1,1,0.2016371498647716,3
11040061001,妙管家浴室噴槍清潔劑-清新檸檬 浴室清潔噴槍檸,39.0,24.0,29.0,27144.0,9.27,12.0,0.0476190476190476,0.2129588549999799,4.47213595499958,1,21,0.0476190476190476,1.3649252e-08,1.6927348e-05,1,1,1,0.2016300286855903,3
12020228001,家福進口卸妝水 - 溫和肌膚 家福進口卸妝水,21.0,15.0,20.0,6300.0,3.28,6.0,0.0476190476190476,0.2129588549999799,4.472135954999579,1,21,0.0476190476190476,2.0473879e-08,1.6927348e-05,1,1,1,0.2016513922200037,3
31856016002,生活大師桌上螢幕架,55.0,25.0,30.0,41250.0,14.19,8.0,0.0476190476190476,0.2129588549999799,4.47213595499958,1,21,0.0476190476190476,1.3649252e-08,1.6927348e-05,1,1,1,0.2016300286855903,3
11050134001,德國dalli花香洗碗精-1L 達麗花香洗碗精,27.0,20.0,31.0,16740.0,8.91,8.0,0.0952380952380952,0.4259177099999599,4.47213595499958,1,21,0.0476190476190476,1.1374377e-08,1.6927348e-05,1,1,1,0.2016258602799762,3
31602031001,密網洗衣袋 30*32 cm,19.0,18.0,26.0,8892.0,2.0,48.0,0.0476190476190476,0.2129588549999799,4.47213595499958,1,21,0.0476190476190476,1.5924128e-08,1.6927348e-05,1,1,1,0.2016371498647716,3
11022077001,妙管家廚房清潔劑噴槍 妙管家廚房清潔,39.0,23.0,28.0,25116.0,9.3,12.0,0.0476190476190476,0.2129588549999799,4.47213595499958,1,21,0.0476190476190476,1.5924128e-08,1.6927348e-05,1,1,1,0.2016371498647716,3
12012086001,妮維雅淡斑亮白青春精華凝乳,34.0,24.0,25.0,20400.0,4.7,12.0,0.0952380952380952,0.4259177099999598,4.472135954999579,1,21,0.0476190476190476,1.1374377e-08,1.6927348e-05,1,1,1,0.2016258602799762,3
12103126001,黑人淨白去漬牙刷 淨白去漬,32.0,22.0,26.0,18304.0,1.56,48.0,0.0952380952380952,0.4259177099999599,4.47213595499958,1,21,0.0476190476190476,1.5924128e-08,1.6927348e-05,1,1,1,0.2016401026352084,3
14634032001,飛馬黑胡椒醬 350g,29.0,16.0,19.0,8816.0,4.834,12.0,0.0476190476190476,0.2129588549999799,4.47213595499958,1,21,0.0476190476190476,1.8199003e-08,1.6927348e-05,1,1,1,0.2016442710408225,3
11061024001,百利天然木漿棉菜瓜布細緻鍋具,41.0,27.0,18.0,19926.0,1.59,30.0,0.0952380952380952,0.4259177099999599,4.47213595499958,1,21,0.0476190476190476,1.3649252e-08,1.6927348e-05,1,1,1,0.2016329814560272,3
12011204001,水平衡香水沐浴乳-繽紛馬卡龍 繽紛馬卡龍,31.0,21.0,28.0,18228.0,12.63,12.0,0.0476190476190476,0.2129588549999799,4.47213595499958,1,21,0.0476190476190476,2.0473879e-08,1.6927348e-05,1,1,1,0.2016513922200038,3
12344036001,風獅爺一條根貼布(7片熱) 風獅爺貼布-熱,25.0,17.0,6.0,2550.0,0.632,10.0,0.0952380952380952,0.4259177099999599,4.47213595499958,1,21,0.0476190476190476,1.5924128e-08,1.6927348e-05,1,1,1,0.2016401026352084,3
12011038001,澡享白茶沐浴乳補充包,20.0,18.0,25.0,9000.0,4.12,6.0,0.0476190476190476,0.2129588549999799,4.47213595499958,1,21,0.0476190476190476,1.3649252e-08,1.6927348e-05,1,1,1,0.2016300286855903,3
11040032001,家福浴廁清潔劑--檸檬香,34.0,24.0,29.0,23664.0,10.43,12.0,0.0952380952380952,0.4259177099999599,4.47213595499958,1,21,0.0476190476190476,1.8199003e-08,1.6927348e-05,1,1,1,0.2016472238112594,3
12101001002,高露潔兒童牙膏,32.0,18.0,18.0,10368.0,2.12,36.0,0.2857142857142857,1.27775312999988,4.47213595499958,1,21,0.0476190476190476,9.099502e-09,1.6927348e-05,1,2,1,0.2016305501856727,3
12003126001,澳寶一分鐘焗油-極耀水光凝護 澳寶焗油極耀,20.0,18.0,21.0,7560.0,2.84,12.0,0.0952380952380952,0.4259177099999599,4.47213595499958,1,21,0.0476190476190476,1.3649252e-08,1.6927348e-05,1,1,1,0.2016329814560272,3
12000020001,飛柔熱油滋潤洗髮乳,26.0,22.0,23.0,13156.0,7.03,6.0,0.0476190476190476,0.2129588549999799,4.47213595499958,1,21,0.0476190476190476,1.5924128e-08,1.6927348e-05,1,1,1,0.2016371498647716,3
12034103001,森田藥無添加深層卸妝棉 深層卸妝棉,28.0,28.0,11.0,8624.0,3.308,12.0,0.0952380952380952,0.4259177099999599,4.47213595499958,1,21,0.0476190476190476,1.1374377e-08,1.6927348e-05,1,1,1,0.2016258602799762,3
12022167001,曼秀雷敦控油醒膚凝膠 控油清爽系列,17.0,11.0,12.0,2244.0,0.6,6.0,0.0476190476190476,0.2129588549999799,4.47213595499958,1,21,0.0476190476190476,1.3649252e-08,1.6927348e-05,1,1,1,0.2016300286855903,3
12120043001,靠得住安全瞬吸無香護墊標準型,8.0,14.0,14.0,1458.0,0.11,1.0,0.1904761904761904,0.8518354199999199,4.47213595499958,1,21,0.0476190476190476,1.3649252e-08,1.6927348e-05,1,2,2,0.2016388869969008,3
12105018001,日本獅王固齒佳酵素漱口水 酵素漱口水,26.0,24.0,21.0,13104.0,6.374,12.0,0.0952380952380952,0.4259177099999599,4.47213595499958,1,21,0.0476190476190476,1.8199003e-08,1.6927348e-05,1,1,1,0.2016472238112594,3
11031908001,熊寶貝衣物清新噴霧200ML 熊寶貝噴霧茉莉,26.0,20.0,22.0,11440.0,3.19,12.0,0.0476190476190476,0.2129588549999799,4.47213595499958,1,21,0.0476190476190476,1.3649252e-08,1.6927348e-05,1,1,1,0.2016300286855903,3
14721916001,私房小膳養生藥膳-肉骨茶-69g,23.0,15.0,19.0,6555.0,0.62,10.0,0.0476190476190476,0.2129588549999799,4.47213595499958,1,21,0.0476190476190476,2.0473879e-08,1.6927348e-05,1,1,1,0.2016513922200038,3
12151018001,Nac Nac牛奶燕麥嬰兒皂 牛奶燕麥嬰兒皂,18.0,17.0,3.0,918.0,0.538,6.0,0.0476190476190476,0.2129588549999799,4.472135954999579,1,21,0.0476190476190476,1.3649252e-08,1.6927348e-05,1,1,1,0.2016300286855902,3
12103179001,Ora2 Me微觸感牙刷中性毛 微觸感牙刷中性,23.0,8.0,5.0,920.0,0.11,6.0,0.0476190476190476,0.2129588549999799,4.47213595499958,1,21,0.0476190476190476,1.8199003e-08,1.6927348e-05,1,1,1,0.2016442710408225,3
12103154001,日本獅王固齒佳薄深潔牙刷-小頭 薄深潔-小頭,26.0,19.0,26.0,12844.0,1.09,48.0,0.3809523809523809,1.7036708399998397,4.47213595499958,1,21,0.0476190476190476,1.3649252e-08,1.6927348e-05,1,3,1,0.2016506980786483,3
12022137001,雪芙蘭超水感清爽勁涼防曬噴霧 勁涼SPF50+,29.0,21.0,23.0,14007.0,1.53,12.0,0.0476190476190476,0.2129588549999799,4.472135954999579,1,21,0.0476190476190476,1.3649252e-08,1.6927348e-05,1,1,1,0.2016300286855902,3
12002096001,潘婷奇蹟系列柔亮護色護髮精華素 潘婷奇蹟護色潤,22.0,23.0,24.0,12144.0,5.63,9.0,0.0476190476190476,0.2129588549999799,4.47213595499958,1,21,0.0476190476190476,1.3649252e-08,1.6927348e-05,1,1,1,0.2016300286855903,3
14631054001,李錦記桂林辣椒醬368g,30.0,22.0,12.0,7920.0,7.09,12.0,0.0476190476190476,0.2129588549999799,4.47213595499958,1,21,0.0476190476190476,2.0473879e-08,1.6927348e-05,1,1,1,0.2016513922200038,3
32510002001,216x30M傳真紙彩盒包裝,23.0,17.0,12.0,4692.0,2.5,6.0,0.2857142857142857,1.27775312999988,4.47213595499958,1,21,0.0476190476190476,1.3649252e-08,1.6927348e-05,1,2,1,0.2016447925377746,3
12010221001,小橄欖樹草本極致滋潤香皂-薰衣草 薰衣草,21.0,15.0,11.0,3465.0,3.1,12.0,0.0476190476190476,0.2129588549999799,4.47213595499958,1,21,0.0476190476190476,1.5924128e-08,1.6927348e-05,1,1,1,0.2016371498647716,3
12021069001,肌研極潤保濕化水清爽型 極潤化水清爽,14.0,5.0,16.0,1120.0,0.5,3.0,0.0476190476190476,0.2129588549999799,4.47213595499958,1,21,0.0476190476190476,1.8199003e-08,1.6927348e-05,1,1,1,0.2016442710408225,3
12100911001,獅王固齒佳酵素亮白牙膏-百花 百花薄荷,45.0,31.0,21.0,29295.0,9.7,60.0,0.0476190476190476,0.2129588549999799,4.47213595499958,1,21,0.0476190476190476,1.8199003e-08,1.6927348e-05,1,1,1,0.2016442710408225,3
30013004001,Panasonic 碳鋅(錳乾)1號4入,42.0,19.0,15.0,11970.0,13.026,30.0,0.0952380952380952,0.4259177099999599,4.47213595499958,1,21,0.0476190476190476,1.3649252e-08,1.6927348e-05,1,1,1,0.2016329814560272,3
12103146001,歐樂B多效5效潔淨牙刷2+1,26.0,26.0,13.0,8788.0,1.04,12.0,0.0476190476190476,0.2129588549999799,4.47213595499958,1,21,0.0476190476190476,1.3649252e-08,1.6927348e-05,1,1,1,0.2016300286855903,3
35306002001,美孚超級1000機油20W/50,39.0,23.0,23.0,20631.0,15.0,12.0,0.0476190476190476,0.2129588549999799,4.47213595499958,1,21,0.0476190476190476,1.3649252e-08,1.6927348e-05,1,1,1,0.2016300286855903,3
12302047001,XCREME冰晶潤滑液 冰晶潤滑液,24.0,13.0,17.0,5304.0,1.66,12.0,0.0476190476190476,0.2129588549999799,4.47213595499958,1,21,0.0476190476190476,1.5924128e-08,1.6927348e-05,1,1,1,0.2016371498647716,3
31226017001,自然風環保植纖圓紙盤 8吋,21.0,21.0,9.0,3969.0,1.47,12.0,0.1428571428571428,0.6388765649999399,4.47213595499958,1,21,0.0476190476190476,1.5924128e-08,1.6927348e-05,1,1,1,0.2016430554056453,3
12020131001,ROSETTE果酸清爽型去角質洗顏OP組 去角質洗顏凝膠,17.0,13.0,20.0,4420.0,1.2,6.0,0.0476190476190476,0.2129588549999799,4.47213595499958,1,21,0.0476190476190476,1.3649252e-08,1.6927348e-05,1,1,1,0.2016300286855903,3
12012119001,凡士林十效亮白修護潤膚露,28.0,18.0,23.0,11592.0,5.75,12.0,0.0952380952380952,0.4259177099999598,4.472135954999579,1,21,0.0476190476190476,1.3649252e-08,1.6927348e-05,1,1,1,0.2016329814560271,3
14620168001,屏大醬油超值組,49.0,33.0,24.0,38808.0,18.2,8.0,0.0476190476190476,0.2129588549999799,4.47213595499958,1,21,0.0476190476190476,1.5924128e-08,1.6927348e-05,1,1,1,0.2016371498647716,3
12005084008,美源花果香染髮霜 深棕色,15.0,9.0,16.0,2160.0,0.3,3.0,0.0952380952380952,0.4259177099999599,4.47213595499958,1,21,0.0476190476190476,1.8199003e-08,1.6927348e-05,1,1,1,0.2016472238112594,3
11100111001,家福進口活氧洗衣粉 家福進口活氧,35.0,34.0,15.0,17850.0,9.98,9.0,0.0476190476190476,0.2129588549999799,4.47213595499958,1,21,0.0476190476190476,1.8199003e-08,1.6927348e-05,1,1,1,0.2016442710408225,3
12020018001,肌研卵肌溫和去角質泡洗顏 卵肌系列,26.0,10.0,16.0,4160.0,1.5,6.0,0.0476190476190476,0.2129588549999799,4.47213595499958,1,21,0.0476190476190476,1.8199003e-08,1.6927348e-05,1,1,1,0.2016442710408225,3
12120065001,康乃馨輕柔乾爽護墊 (無香),39.0,29.0,16.0,18096.0,2.3,36.0,0.1428571428571428,0.6388765649999399,4.47213595499958,1,21,0.0476190476190476,1.3649252e-08,1.6927348e-05,1,1,1,0.201635934226464,3
12120048001,康乃馨律動美人140 貼身護墊微,37.0,22.0,22.0,17908.0,2.49,36.0,0.0952380952380952,0.4259177099999599,4.47213595499958,1,21,0.0476190476190476,1.8199003e-08,1.6927348e-05,1,1,1,0.2016472238112594,3
12020184001,MensBiore激淨油抗痘洗面乳 激淨油抗痘洗面,25.0,20.0,20.0,10000.0,1.68,12.0,0.0952380952380952,0.4259177099999599,4.47213595499958,1,21,0.0476190476190476,1.1374377e-08,1.6927348e-05,1,1,1,0.2016258602799762,3
31567060001,立得清抗病毒地板濕拖巾,33.0,20.0,12.0,7920.0,3.1,12.0,0.0952380952380952,0.4259177099999599,4.47213595499958,1,21,0.0476190476190476,1.3649252e-08,1.6927348e-05,1,1,1,0.2016329814560272,3
12004095001,Man-Q 光澤造型髮蠟 光澤造型髮蠟,28.0,13.0,17.0,6188.0,1.14,12.0,0.0476190476190476,0.2129588549999799,4.47213595499958,1,21,0.0476190476190476,1.5924128e-08,1.6927348e-05,1,1,1,0.2016371498647716,3
31215012001,自然風環保植纖飯碗(大)500ml,32.0,12.0,19.0,7296.0,1.556,12.0,0.1428571428571428,0.6388765649999399,4.47213595499958,1,21,0.0476190476190476,1.5924128e-08,1.6927348e-05,1,1,1,0.2016430554056453,3
12020283001,絲芙蒂玻尿酸特淨卸洗顏霜190g 玻尿酸卸洗顏,28.0,19.0,24.0,12768.0,1.8,6.0,0.0476190476190476,0.2129588549999799,4.472135954999579,1,21,0.0476190476190476,1.5924128e-08,1.6927348e-05,1,1,1,0.2016371498647715,3
12004218001,沙宣強力定型噴霧300ml 沙宣強力噴霧,23.0,18.0,28.0,11592.0,3.87,12.0,0.0952380952380952,0.4259177099999599,4.47213595499958,1,21,0.0476190476190476,1.1374377e-08,1.6927348e-05,1,1,1,0.2016258602799762,3
12006059001,Caravan琥珀系極細齒尖尾梳-中 極細齒尖尾梳中,24.0,18.0,2.0,864.0,0.25,12.0,0.0476190476190476,0.2129588549999799,4.47213595499958,1,21,0.0476190476190476,1.3649252e-08,1.6927348e-05,1,1,1,0.2016300286855903,3
11071912001,家家滅蟻劑4入(吊卡式) 家家滅蟻劑4入,26.0,20.0,17.0,8840.0,1.46,12.0,0.0476190476190476,0.2129588549999799,4.47213595499958,1,21,0.0476190476190476,1.8199003e-08,1.6927348e-05,1,1,1,0.2016442710408225,3
12020342001,森田藥蘆薈晶透洗面乳120g,26.0,17.0,20.0,8840.0,2.1,12.0,0.0952380952380952,0.4259177099999599,4.47213595499958,1,21,0.0476190476190476,1.8199003e-08,1.6927348e-05,1,1,1,0.2016472238112594,3
11074045002,熊寶貝衣物香氛袋,24.0,23.0,11.0,6072.0,0.61,10.0,0.0476190476190476,0.2129588549999799,4.47213595499958,1,21,0.0476190476190476,4.549751e-09,1.6927348e-05,1,1,1,0.2016015439782562,2
12011346001,牛乳石鹼植物性無添加沐浴乳 牛乳無添加,29.0,25.0,22.0,15950.0,7.98,12.0,0.0476190476190476,0.2129588549999799,4.47213595499958,1,21,0.0476190476190476,1.1374377e-08,1.6927348e-05,1,1,1,0.2016229075095394,2
12140011001,博士倫舒視能保養液300ml*2,41.0,27.0,18.0,19926.0,9.3,12.0,0.0476190476190476,0.2129588549999799,4.47213595499958,1,21,0.0476190476190476,1.1374377e-08,1.6927348e-05,1,1,1,0.2016229075095394,2
12020021001,可伶可俐長效去油洗面乳,21.0,16.0,19.0,6384.0,1.67,12.0,0.4761904761904761,2.1295885499997995,4.47213595499958,1,21,0.0476190476190476,2.2748754e-09,1.6927348e-05,1,4,1,0.2016209977342588,2
30073022001,TY-S122六開六插2P 延長線6尺,40.0,25.0,28.0,28000.0,5.53,10.0,0.0476190476190476,0.2129588549999799,4.47213595499958,1,21,0.0476190476190476,9.099502e-09,1.6927348e-05,1,1,1,0.2016157863334884,2
14604255001,飛馬日式七味唐辛子,35.0,25.0,10.0,8750.0,1.6,5.0,0.0476190476190476,0.2129588549999799,4.47213595499958,1,21,0.0476190476190476,1.1374377e-08,1.6927348e-05,1,1,1,0.2016229075095394,2
12005015001,566 美色護髮染髮霜 110g 3A-自然亮黑,30.0,23.0,18.0,12420.0,2.8,12.0,0.0476190476190476,0.2129588549999799,4.47213595499958,1,21,0.0476190476190476,9.099502e-09,1.6927348e-05,1,1,1,0.2016157863334884,2
12326002001,NV黃金比例金盞花葉黃素軟膠 金盞花葉黃素,38.0,29.0,24.0,26448.0,0.74,6.0,0.0952380952380952,0.4259177099999599,4.47213595499958,1,21,0.0476190476190476,6.824626e-09,1.6927348e-05,1,1,1,0.201611617924744,2
32440140001,筆樂30公分鐵尺,4.0,37.0,1.0,148.0,0.4,6.0,0.0476190476190476,0.2129588549999799,4.47213595499958,1,21,0.0476190476190476,1.1374377e-08,1.6927348e-05,1,1,1,0.2016229075095394,2
12020138001,旁氏深層淨顏卸油,23.0,13.0,20.0,5980.0,2.59,12.0,0.0952380952380952,0.4259177099999599,4.47213595499958,1,21,0.0476190476190476,4.549751e-09,1.6927348e-05,1,1,1,0.2016044967486931,2
12002996001,飛柔豐盈飄逸微米潤髮乳530ML 飛柔豐盈潤髮乳,29.0,23.0,24.0,16008.0,8.2,12.0,0.0476190476190476,0.2129588549999799,4.47213595499958,1,21,0.0476190476190476,4.549751e-09,1.6927348e-05,1,1,1,0.2016015439782562,2
12327063001,桂格完膳營養素原味無糖24入,41.0,27.0,10.0,11070.0,7.7,1.0,0.0952380952380952,0.4259177099999599,4.47213595499958,1,21,0.0476190476190476,4.549751e-09,1.6927348e-05,1,1,1,0.2016044967486931,2
14602024001,飛馬日式七味唐辛子35g,13.0,12.0,9.0,1404.0,0.97,6.0,0.0476190476190476,0.2129588549999799,4.47213595499958,1,21,0.0476190476190476,1.1374377e-08,1.6927348e-05,1,1,1,0.2016229075095394,2
12005072013,卡樂芙優質染髮霜 奶荼甜棕,32.0,20.0,19.0,12160.0,2.4,12.0,0.0476190476190476,0.2129588549999799,4.472135954999579,1,21,0.0476190476190476,4.549751e-09,1.6927348e-05,1,1,1,0.2016015439782562,2
12106047001,惠百施牙間刷I型SS號 惠百施牙間刷I,20.0,17.0,22.0,7480.0,0.56,24.0,0.0476190476190476,0.2129588549999799,4.47213595499958,1,21,0.0476190476190476,9.099502e-09,1.6927348e-05,1,1,1,0.2016157863334884,2
12010082001,快潔適小黃鴨抑菌洗手慕絲 甜蜜厞香,44.0,34.0,18.0,26928.0,6.44,12.0,0.0476190476190476,0.2129588549999799,4.47213595499958,1,21,0.0476190476190476,6.824626e-09,1.6927348e-05,1,1,1,0.2016086651543071,2
12106034001,3M 軟式牙間刷80入 80入,20.0,15.0,10.0,3000.0,1.2,12.0,0.0476190476190476,0.2129588549999799,4.47213595499958,1,21,0.0476190476190476,6.824626e-09,1.6927348e-05,1,1,1,0.2016086651543071,2
12000276001,水平衡香水洗髮精現正戀愛中 現正戀愛中,36.0,22.0,27.0,21384.0,10.1,12.0,0.0476190476190476,0.2129588549999799,4.47213595499958,1,21,0.0476190476190476,9.099502e-09,1.6927348e-05,1,1,1,0.2016157863334884,2
12320188001,好立善超級B群發泡錠 超級B群發泡錠,23.0,15.0,9.0,3105.0,1.37,12.0,0.0476190476190476,0.2129588549999799,4.472135954999579,1,21,0.0476190476190476,9.099502e-09,1.6927348e-05,1,1,1,0.2016157863334884,2
14616053001,萬家香水果醋 595ml,32.0,25.0,26.0,20800.0,13.17,12.0,0.1904761904761904,0.8518354199999199,4.47213595499958,1,21,0.0476190476190476,6.824626e-09,1.6927348e-05,1,2,1,0.2016175234656177,2
12000071001,上山採藥魚池紅玉修護洗髮露600ml 紅玉修護洗髮露,33.0,19.0,23.0,14421.0,8.586,12.0,0.0476190476190476,0.2129588549999799,4.472135954999579,1,21,0.0476190476190476,6.824626e-09,1.6927348e-05,1,1,1,0.2016086651543071,2
12002009001,魅尚萱 完美深層修護潤髮乳680ml 魅尚萱修護潤,21.0,19.0,28.0,11172.0,5.1,6.0,0.0476190476190476,0.2129588549999799,4.47213595499958,1,21,0.0476190476190476,6.824626e-09,1.6927348e-05,1,1,1,0.2016086651543071,2
12102092001,Drs Formula 固齒健牙齦牙周雙護理牙膏 牙周雙護理,22.0,13.0,22.0,6292.0,1.88,12.0,0.0476190476190476,0.2129588549999799,4.47213595499958,1,21,0.0476190476190476,9.099502e-09,1.6927348e-05,1,1,1,0.2016157863334884,2
32470079001,3M 利貼抽取式便條紙 3x3 4入,24.0,18.0,10.0,4320.0,2.4,12.0,0.0476190476190476,0.2129588549999799,4.47213595499958,1,21,0.0476190476190476,1.1374377e-08,1.6927348e-05,1,1,1,0.2016229075095394,2
61080025003,TR-女免洗褲(十入),37.0,19.0,10.0,7030.0,2.0,6.0,0.0952380952380952,0.4259177099999599,4.47213595499958,1,21,0.0476190476190476,9.099502e-09,1.6927348e-05,1,1,1,0.2016187391039253,2
14241036001,家樂福小魚乾花生45g,26.0,25.0,16.0,10400.0,1.708,30.0,0.0476190476190476,0.2129588549999799,4.47213595499958,1,21,0.0476190476190476,1.1374377e-08,1.6927348e-05,1,1,1,0.2016229075095394,2
12003063001,麗仕璐咪可小確幸柔順護髮乳 璐咪可小確幸護,39.0,22.0,23.0,19734.0,7.2,12.0,0.0476190476190476,0.2129588549999799,4.47213595499958,1,21,0.0476190476190476,4.549751e-09,1.6927348e-05,1,1,1,0.2016015439782562,2
11110020001,毛寶衣物柔軟精--防霉日光浴,38.0,25.0,33.0,31350.0,14.06,4.0,0.0476190476190476,0.2129588549999799,4.47213595499958,1,21,0.0476190476190476,6.824626e-09,1.6927348e-05,1,1,1,0.2016086651543071,2
11031001001,AP清新噴霧-海洋微風 AP噴霧海洋,20.0,14.0,25.0,7000.0,2.46,6.0,0.0952380952380952,0.4259177099999599,4.47213595499958,1,21,0.0476190476190476,6.824626e-09,1.6927348e-05,1,1,1,0.201611617924744,2
12010175001,滴露清新柑橘香皂 清新柑橘,38.0,14.0,11.0,5852.0,2.78,8.0,0.0476190476190476,0.2129588549999799,4.47213595499958,1,21,0.0476190476190476,6.824626e-09,1.6927348e-05,1,1,1,0.2016086651543071,2
11070005001,威滅防蚊網補充包1入60天,26.0,21.0,23.0,12558.0,0.75,12.0,0.0476190476190476,0.2129588549999799,4.47213595499958,1,21,0.0476190476190476,1.1374377e-08,1.6927348e-05,1,1,1,0.2016229075095394,2
12020957001,澳寶outlast茶樹控油磨砂淨膚潔面乳,30.0,18.0,18.0,9720.0,2.84,15.0,0.0476190476190476,0.2129588549999799,4.47213595499958,1,21,0.0476190476190476,4.549751e-09,1.6927348e-05,1,1,1,0.2016015439782562,2
11071909001,易克捷除蟑餌膠 易克捷除蟑餌膠,30.0,10.0,24.0,7200.0,0.595,12.0,0.0476190476190476,0.2129588549999799,4.47213595499958,1,21,0.0476190476190476,1.1374377e-08,1.6927348e-05,1,1,1,0.2016229075095394,2
12023189001,Farm stay 蝸牛補水保濕精華面膜 蝸牛保濕面膜,20.0,20.0,13.0,5200.0,0.8,24.0,0.0476190476190476,0.2129588549999799,4.47213595499958,1,21,0.0476190476190476,6.824626e-09,1.6927348e-05,1,1,1,0.2016086651543071,2
14510121001,天生好米有機生態一等米,35.0,24.0,5.0,4288.0,2.0,1.0,0.1428571428571428,0.6388765649999399,4.47213595499958,1,21,0.0476190476190476,9.099502e-09,1.6927348e-05,1,1,1,0.2016216918743622,2
12002036001,BTANIST植物性潤髮乳滋潤保濕 滋潤保濕,31.0,24.0,21.0,15624.0,7.316,12.0,0.0476190476190476,0.2129588549999799,4.47213595499958,1,21,0.0476190476190476,4.549751e-09,1.6927348e-05,1,1,1,0.2016015439782562,2
14602093001,飛馬甘草粉25g,13.0,12.0,9.0,1404.0,0.98,6.0,0.0476190476190476,0.2129588549999799,4.47213595499958,1,21,0.0476190476190476,9.099502e-09,1.6927348e-05,1,1,1,0.2016157863334884,2
14604117001,飛馬百里香葉15g,13.0,12.0,9.0,1404.0,0.97,6.0,0.0476190476190476,0.2129588549999799,4.47213595499958,1,21,0.0476190476190476,1.1374377e-08,1.6927348e-05,1,1,1,0.2016229075095394,2
11030028004,ST夢幻香水果凍芳香劑-閃耀香水-260g,46.0,20.0,23.0,21160.0,6.57,20.0,0.0476190476190476,0.2129588549999799,4.47213595499958,1,21,0.0476190476190476,1.1374377e-08,1.6927348e-05,1,1,1,0.2016229075095394,2
12001078001,淨女士去屑洗髮乳多效水護型 淨女去屑洗多效,29.0,11.0,26.0,8294.0,5.2,6.0,0.1904761904761904,0.8518354199999199,4.47213595499958,1,21,0.0476190476190476,6.824626e-09,1.6927348e-05,1,2,1,0.2016175234656177,2
12000075001,美國箭牌馬洗髮精 箭牌馬洗髮精,26.0,18.0,22.0,10296.0,3.02,6.0,0.0476190476190476,0.2129588549999799,4.47213595499958,1,21,0.0476190476190476,1.1374377e-08,1.6927348e-05,1,1,1,0.2016229075095394,2
12032043007,曼秀雷敦薄荷修護潤唇膏 葯用,13.0,10.0,11.0,1430.0,0.2,12.0,0.0476190476190476,0.2129588549999799,4.47213595499958,1,21,0.0476190476190476,1.1374377e-08,1.6927348e-05,1,1,1,0.2016229075095394,2
12001015001,絲蘊無矽靈抗屑洗髮乳 絲蘊無矽抗屑洗,31.0,22.0,26.0,17732.0,8.074,9.0,0.0476190476190476,0.2129588549999799,4.47213595499958,1,21,0.0476190476190476,9.099502e-09,1.6927348e-05,1,1,1,0.2016157863334884,2
11072004001,家家線體紙蚊香+燃燒盤,32.0,30.0,16.0,15360.0,2.99,12.0,0.0952380952380952,0.4259177099999599,4.47213595499958,1,21,0.0476190476190476,9.099502e-09,1.6927348e-05,1,1,1,0.2016187391039253,2
12011292001,美吾髮藍風鈴奢香沐浴露,42.0,23.0,25.0,24150.0,12.1,12.0,0.0476190476190476,0.2129588549999799,4.47213595499958,1,21,0.0476190476190476,6.824626e-09,1.6927348e-05,1,1,1,0.2016086651543071,2
12022127001,Olay 防曬淨白乳液UV SPF19,23.0,10.0,15.0,3450.0,1.25,6.0,0.0476190476190476,0.2129588549999799,4.47213595499958,1,21,0.0476190476190476,4.549751e-09,1.6927348e-05,1,1,1,0.2016015439782562,2
11051057001,白象萬用去漬霸,33.0,25.0,15.0,12375.0,6.64,12.0,0.0952380952380952,0.4259177099999599,4.47213595499958,1,21,0.0476190476190476,4.549751e-09,1.6927348e-05,1,1,1,0.2016044967486931,2
12003035001,潘婷乳液修護深層滋養髮膜 乳液修護髮膜,39.0,30.0,9.0,10530.0,4.42,12.0,0.0476190476190476,0.2129588549999799,4.472135954999579,1,21,0.0476190476190476,6.824626e-09,1.6927348e-05,1,1,1,0.2016086651543071,2
12023330001,我的心機 肌優安瓶水活修護面膜4入 肌優活水修護,36.0,25.0,18.0,16200.0,2.6,12.0,0.1904761904761904,0.8518354199999197,4.472135954999579,1,21,0.0476190476190476,4.549751e-09,1.6927348e-05,1,2,1,0.2016104022895667,2
41414004001,德國百靈M90水洗式刮鬍刀,13.0,4.0,8.0,416.0,0.3,1.0,0.0476190476190476,0.2129588549999799,4.47213595499958,1,21,0.0476190476190476,9.099502e-09,1.6927348e-05,1,1,1,0.2016157863334884,2
12003142001,多芬植萃櫻花柔順保濕護髮乳 櫻花柔順保濕,28.0,22.0,24.0,14784.0,6.8,12.0,0.0476190476190476,0.2129588549999799,4.47213595499958,1,21,0.0476190476190476,6.824626e-09,1.6927348e-05,1,1,1,0.2016086651543071,2
12020952001,露得清深層淨化洗卸輕透潔顏油 露得清洗卸輕透,20.0,16.0,19.0,6080.0,2.92,12.0,0.0476190476190476,0.2129588549999799,4.472135954999579,1,21,0.0476190476190476,1.1374377e-08,1.6927348e-05,1,1,1,0.2016229075095393,2
32524007001,A4護貝膠膜,31.0,23.0,10.0,7130.0,7.0,5.0,0.0476190476190476,0.2129588549999799,4.47213595499958,1,21,0.0476190476190476,9.099502e-09,1.6927348e-05,1,1,1,0.2016157863334884,2
11040059001,家福除菌抗石灰馬桶清潔劑 家福除菌抗石灰,35.0,20.0,28.0,19600.0,10.96,12.0,0.0476190476190476,0.2129588549999799,4.47213595499958,1,21,0.0476190476190476,9.099502e-09,1.6927348e-05,1,1,1,0.2016157863334884,2
12022005001,肌研極潤保濕乳液 肌研極潤乳液,14.0,5.0,15.0,1050.0,0.5,3.0,0.0476190476190476,0.2129588549999799,4.47213595499958,1,21,0.0476190476190476,6.824626e-09,1.6927348e-05,1,1,1,0.2016086651543071,2
11031011002,熊寶貝衣物清新噴霧,22.0,18.0,19.0,7524.0,1.85,12.0,0.0476190476190476,0.2129588549999799,4.47213595499958,1,21,0.0476190476190476,4.549751e-09,1.6927348e-05,1,1,1,0.2016015439782562,2
11030002001,妙管家液體芳香劑(玫瑰香),38.0,24.0,17.0,15504.0,6.148,12.0,0.1904761904761904,0.6632565846278152,3.4820970692960302,2,21,0.0952380952380952,3.8672873e-08,3.3854696e-05,4,2,1,0.1661133027966857,1
12234921001,滿意寶寶瞬潔乾爽輕巧褲XXL號26片,51.0,24.0,43.0,52632.0,4.23,3.0,0.0952380952380952,0.4259177099999599,4.47213595499958,1,21,0.0476190476190476,2.2748754e-09,1.6927348e-05,1,1,1,0.2015973755707639,1
14331025001,桂格高鈣奶粉-高鐵配方750g,51.0,41.0,18.0,37638.0,11.94,12.0,0.1904761904761904,0.6632565846278151,3.48209706929603,2,21,0.0952380952380952,6.824626e-09,1.6927348e-05,4,2,1,0.1644263047183396,1
12004053001,瑪宣妮保濕髮妝水 毛躁Bye Bye 毛躁 Bye Bye,20.0,18.0,6.0,2160.0,1.2,3.0,0.0952380952380952,0.4259177099999599,4.47213595499958,1,21,0.0476190476190476,2.2748754e-09,1.6927348e-05,1,1,1,0.2015973755707639,1
14204069001,MM象泰式烤海苔-經典原味,49.0,33.0,21.0,33957.0,4.506,36.0,0.238095238095238,0.8676603408708857,3.64417343165772,2,21,0.0952380952380952,1.3194283e-07,3.3854696e-05,1,2,1,0.1741337600591431,1
41601014001,聲寶 ML-JA03E 吸入式捕蚊燈,18.0,18.0,29.0,9396.0,1.5,1.0,0.0476190476190476,0.2129588549999799,4.472135954999579,1,21,0.0476190476190476,0.0,0.0,1,1,1,0.1999999999999999,1
14620061001,有機豆麥醬油,27.0,21.0,30.0,17010.0,10.1,12.0,0.3809523809523809,1.4952684255340554,3.925079617026896,2,21,0.0952380952380952,2.2748752e-08,1.6927348e-05,1,3,1,0.185603181440735,1
12020404001,OXY歐治 制痘酷涼洗面乳 制痘酷涼洗面乳,20.0,13.0,20.0,5200.0,1.036,6.0,0.0952380952380952,0.4259177099999599,4.47213595499958,1,21,0.0476190476190476,0.0,0.0,1,1,1,0.2000029527704368,1
10016018001,愛之味鮮採蕃茄汁-Oligo腸道保 530ml,41.0,28.0,25.0,28700.0,14.5,24.0,1.1428571428571428,5.11101251999952,4.47213595499958,1,21,0.0476190476190476,0.0,0.0,1,8,1,0.2000679137200477,1
14602013001,味好美自磨式七彩胡椒粒24g,39.0,13.0,18.0,9126.0,6.0,36.0,0.8571428571428571,3.83325938999964,4.47213595499958,1,21,0.0476190476190476,0.0,0.0,1,6,1,0.2000501970974266,1
10052014001,百家珍蘆薈醋600ml,31.0,24.0,27.0,20088.0,12.34,12.0,0.7619047619047619,2.65302633851126,3.482097069296029,2,21,0.0952380952380952,1.8199003e-08,1.6927348e-05,4,5,1,0.1644973438500973,1
12023079001,肌研極潤多效精華水感凝露 180ml 肌研水感凝露,16.0,6.0,20.0,1920.0,1.0,3.0,0.0952380952380952,0.4259177099999599,4.47213595499958,1,21,0.0476190476190476,0.0,0.0,1,1,1,0.2000029527704368,1
12012145001,超值蘆薈綿羊油滋養霜 超值蘆薈滋養霜,27.0,19.0,15.0,7695.0,4.7,24.0,1.7142857142857142,6.415330278717847,3.742275995918744,3,21,0.1428571428571428,3.1848256e-08,3.3854696e-05,1,10,1,0.188588123292036,1
14850007001,葛莉思犬食-羊肉+蔬菜+玄米,76.0,43.0,14.0,45752.0,13.92,1.0,0.0476190476190476,0.2129588549999799,4.47213595499958,1,21,0.0476190476190476,2.2748754e-09,1.6927348e-05,1,1,1,0.201594422800327,1
41223061001,九陽北山溫控壺K10-T5M,25.0,22.0,27.0,14850.0,1.798,1.0,0.0476190476190476,0.2129588549999799,4.47213595499958,1,21,0.0476190476190476,0.0,0.0,1,1,1,0.1999999999999999,1
12123108001,好自在純肌安睡褲M 4片,49.0,30.0,20.0,29400.0,2.18,12.0,0.1904761904761904,0.6632565846278151,3.48209706929603,2,21,0.0952380952380952,2.9573375e-08,1.6927348e-05,4,2,1,0.1644975164757186,1
12005072003,卡樂芙優質染髮霜 野莓紅,32.0,20.0,20.0,12800.0,2.8,12.0,0.0952380952380952,0.4259177099999598,4.472135954999579,1,21,0.0476190476190476,2.2748754e-09,1.6927348e-05,1,1,1,0.2015973755707639,1
10014112001,悅氏洛神仙楂茶1000ml,31.0,23.0,27.0,19251.0,13.3,12.0,0.5714285714285714,2.55550625999976,4.47213595499958,1,21,0.0476190476190476,0.0,0.0,1,4,1,0.2000324804748054,1
14851006001,葛莉思貓食燻雞風味 8Kg,40.0,56.0,13.0,29120.0,8.116,1.0,0.0952380952380952,0.4259177099999599,4.47213595499958,1,21,0.0476190476190476,2.2748754e-09,1.6927348e-05,1,1,1,0.2015973755707639,1
14506349001,水哦千拌麵-黑麻油麵線372g,54.0,31.0,21.0,35154.0,9.4,24.0,0.238095238095238,0.8676603408708856,3.64417343165772,2,21,0.0952380952380952,9.781966e-08,3.3854696e-05,1,2,1,0.1740269422775129,1
11076890001,叮嚀清新長效防蚊液,17.0,13.0,16.0,3536.0,1.92,12.0,0.1904761904761904,0.6632565846278151,3.48209706929603,2,21,0.0952380952380952,1.8199003e-08,1.6927348e-05,4,2,1,0.164461910604855,1
12103081001,獅王細潔標準牙刷 細潔標準,29.0,25.0,31.0,22475.0,1.65,72.0,1.7142857142857142,7.666518779999278,4.47213595499958,1,21,0.0476190476190476,0.0,0.0,1,12,1,0.2001033469652901,1
10035033001,鴻福堂竹蔗茅根500ml,37.0,25.0,22.0,20350.0,13.33,24.0,0.3809523809523809,1.3265131692556302,3.48209706929603,2,21,0.0952380952380952,9.099503e-08,3.3854696e-05,4,3,1,0.1662889010277761,1
12000092001,黛絲恩完美柔順極潤修護洗髮精 完美柔順洗髮精,28.0,19.0,23.0,12236.0,6.6,12.0,0.0952380952380952,0.4259177099999599,4.47213595499958,1,21,0.0476190476190476,2.2748754e-09,1.6927348e-05,1,1,1,0.2015973755707639,1
61080010002,桑塔娜便利免洗褲,21.0,10.0,15.0,3150.0,1.0,6.0,0.238095238095238,0.8676603408708856,3.64417343165772,2,21,0.0952380952380952,1.5924128e-08,3.3854696e-05,1,2,1,0.1737705798395077,1
12151012001,Nac Nac 嬰兒皂 嬰兒皂,29.0,15.0,25.0,10875.0,2.4,24.0,1.1428571428571428,3.979539507766891,3.48209706929603,2,21,0.0952380952380952,6.824626e-09,1.6927348e-05,4,7,1,0.1644853601270768,1
10020041001,UCC無糖咖啡飲料Can184ml,33.0,27.0,11.0,9801.0,6.17,30.0,144.85714285714286,90.4519265710143,0.62442158382357,20,21,0.9523809523809524,3.676221e-06,0.00033854696,2,261,9,0.2588280486181978,4
14020014001,湖池屋平切洋芋片-海苔口味,48.0,28.0,23.0,30912.0,1.19,10.0,8.0,6.810356259473683,0.8512945324342104,20,21,0.9523809523809524,4.326834e-06,0.0004908931,2,17,2,0.2774782859257459,4
14510039001,天生好米優質九號米3kg,35.0,24.0,5.0,4288.0,3.0,1.0,70.95238095238095,23.204014821898284,0.3270364505099758,21,21,1.0,9.004035e-06,0.0005924572,2,101,101,0.2905576797397176,4
14110086001,77蜜蘭諾-醇黑千層,74.0,29.0,24.0,51504.0,8.0,15.0,7.523809523809524,4.425241963995788,0.5881650711639971,21,21,1.0,5.309586e-06,0.0004908931,2,14,1,0.2779827894533838,4
14831013001,紅鷹牌日式蒲燒鰻100g,32.0,23.0,17.0,12512.0,7.45,48.0,27.428571428571427,36.45293303056165,1.3290131834058936,19,21,0.9047619047619048,3.530621e-06,0.00044011103,2,75,2,0.2841996255962472,4
14620907001,四季釀造醬油1600ml,33.0,23.0,28.0,21252.0,12.22,6.0,23.0,12.18898800440088,0.5299560001913426,21,21,1.0,6.5380277e-06,0.000727876,2,39,7,0.3022355340002473,4
12201037001,五月花蓬厚柔三層抽取衛生紙,19.0,10.0,8.0,1550.0,0.2,1.0,240.0,240.79867109267855,1.003327796219494,21,21,1.0,9.895678e-07,6.770939e-05,2,549,549,0.2589816212101729,4
14506090001,五木純麵煮意(原味)504g,53.0,39.0,25.0,51675.0,6.4,12.0,7.476190476190476,5.0390763289945415,0.6740165790374865,21,21,1.0,3.039244e-06,0.000389329,2,14,2,0.2654412398485665,4
14831021001,遠洋牌紅燒鰻100g,33.0,23.0,9.0,6831.0,3.82,24.0,39.714285714285715,24.788904693801364,0.6241810534410415,21,21,1.0,5.99888e-06,0.0005755298,2,72,3,0.2917898432263474,4
14111039001,TW雲林旭成原味菜脯餅250G,29.0,21.0,8.0,4872.0,1.0,1.0,9.857142857142858,10.114985178934669,1.026157916703517,18,21,0.8571428571428571,5.7190678e-06,0.0006093845,2,23,23,0.2813977864732954,4
10035017001,悅氏六茶 550ml,42.0,28.0,24.0,28224.0,14.6,24.0,86.0952380952381,54.042227547323066,0.6277028642111638,21,21,1.0,3.5875032e-06,0.0002877649,2,156,7,0.2603011105363394,4
14505106001,巷口乾麵麻醬風味(袋) 100g,35.0,34.0,15.0,17850.0,3.1,24.0,19.047619047619047,13.740715273806806,0.7213875518748574,20,21,0.9523809523809524,2.3021814e-06,0.0004231837,2,37,2,0.259284081939287,4
14615894001,泰山超值不飽和調合油 2L,34.0,24.0,30.0,24480.0,12.07,6.0,16.19047619047619,23.382164647071633,1.4441925223191303,21,21,1.0,2.393175e-06,0.00022005552,2,47,8,0.284797378655956,4
12201898001,可麗舒抽取衛生紙100抽,19.0,10.0,8.0,1550.0,1.0,1.0,526.3809523809524,392.9171094204011,0.7464500902685384,20,21,0.9523809523809524,1.0942123e-06,0.00010156409,2,1030,1030,0.2579974218436883,4
15022004001,光泉巧克力牛乳,32.0,15.0,13.0,6240.0,5.25,24.0,330.57142857142856,490.6703452982481,1.4843096011615111,21,21,1.0,3.4237034e-06,0.00052474777,2,960,40,0.3380011428167671,4
14001052001,茱莉絲蘇打餅-奶油,47.0,32.0,22.0,33088.0,3.95,12.0,20.714285714285715,14.700640922674594,0.7096861135084287,21,21,1.0,9.317945e-06,0.00064323924,2,40,4,0.3114264510866898,4
14503002001,維力媽媽麵-蛤蜊海鮮(包)80g,38.0,32.0,14.0,17024.0,3.13,30.0,30.714285714285715,15.062229194223535,0.490398159811929,21,21,1.0,3.9992497e-06,0.0004231837,2,51,2,0.2643095979394183,4
10033006001,悅氏日式綠茶無糖Pet2000ml,35.0,24.0,31.0,26040.0,17.23,8.0,47.095238095238095,84.55423999501022,1.7953883113197318,17,21,0.8095238095238095,9.4407073e-07,0.0002877649,2,156,20,0.2652668224725749,4
14504052001,素飄香野菜多風味碗麵95g,50.0,35.0,15.0,26250.0,2.29,12.0,12.476190476190476,11.307894619495867,0.9063579656847832,21,21,1.0,4.583896e-06,0.00062631187,2,27,3,0.3038836094456811,4
14805005001,愛之味薏仁寶 340g,41.0,28.0,13.0,14924.0,9.93,24.0,36.57142857142857,16.447814816713432,0.4497449363945079,21,21,1.0,2.5114716e-06,0.00054167514,2,58,3,0.2691888428849959,4
10031007001,茶裏王英式紅茶Pet600ml,41.0,27.0,24.0,26568.0,15.89,24.0,46.285714285714285,28.299659861901517,0.6114124044237982,21,21,1.0,2.7753633e-06,0.00033854696,2,83,4,0.2592757096824557,4
10034014001,雀巢茶品檸檬茶TP300ml,35.0,20.0,13.0,9100.0,7.87,24.0,206.0,138.7042073725853,0.6733213950125501,20,21,0.9523809523809524,5.487035e-06,0.0004570384,2,384,16,0.2817298756376394,4
14241042001,盛香珍蔥蒜花生100g,38.0,29.0,14.0,15428.0,1.54,10.0,5.571428571428571,5.038626311013828,0.904368825053764,21,21,1.0,2.390903e-06,0.00033854696,2,13,2,0.2695116603026118,4
14131056001,義美夾心酥(咖啡),50.0,29.0,23.0,33350.0,4.18,8.0,8.142857142857142,5.816935163286381,0.7143604586492047,20,21,0.9523809523809524,4.156214e-06,0.000389329,2,16,2,0.2609021284250688,4
15023012001,統一蜜豆奶(雞蛋),34.0,20.0,11.0,7480.0,6.75,24.0,176.04761904761904,168.0556813027771,0.9546035454039272,21,21,1.0,5.261822e-06,0.00050782046,2,392,17,0.3073370939455849,4
14506067001,好勁道-千羽拉麵320g,29.0,24.0,10.0,6960.0,3.88,12.0,8.476190476190476,9.708214722933148,1.1453511751775065,20,21,0.9523809523809524,2.0246437e-06,0.00047396575,2,21,2,0.2827303404900869,4
10040020001,家福竹炭水600ml,41.0,28.0,24.0,27552.0,15.15,24.0,138.61904761904762,79.35602488032812,0.5724756174808968,21,21,1.0,7.66631e-07,0.00040625635,2,241,11,0.2632063222036699,4
10030015001,茶裏王青心烏龍無糖Pet600ml,41.0,27.0,24.0,26568.0,15.56,24.0,37.904761904761905,35.490984451325986,0.9363199415550826,19,21,0.9047619047619048,2.6707148e-06,0.0004908931,2,84,4,0.2682012009825352,4
10002014001,維大力汽水Can330ml,41.0,27.0,13.0,14391.0,9.53,24.0,130.57142857142858,68.73314264573666,0.5264026242014842,21,21,1.0,4.2244665e-06,0.0004570384,2,219,10,0.2760973603817547,4
14010030001,華元超值包-真魷味(紅燒),48.0,28.0,22.0,29568.0,1.5,10.0,8.619047619047619,9.332361465435314,1.0827601700228815,21,21,1.0,3.112046e-06,0.00025391023,2,21,3,0.2725247735041353,4
10014028001,光泉果汁時刻芭芒柳汁TP250ml,34.0,20.0,11.0,7480.0,6.63,24.0,280.57142857142856,139.03222354430454,0.4955323649746089,21,21,1.0,5.650827e-06,0.0006770939,2,459,20,0.3090270643616102,4
14121136001,麗滋起司餅乾隨手包243g,50.0,21.0,23.0,24150.0,3.68,12.0,12.952380952380953,14.072858681658213,1.0865074717456709,19,21,0.9047619047619048,6.9452353e-06,0.0006770939,2,31,3,0.3046538920257612,4
10014033001,黑松蜜桃C/TP300ml,35.0,20.0,13.0,9100.0,7.93,24.0,164.57142857142858,130.11078482020855,0.7906037272061283,21,21,1.0,3.9651313e-06,0.00079558534,2,332,14,0.3217332732169845,4
14133030001,義美小蛋捲-芝麻,40.0,23.0,37.0,34040.0,2.65,12.0,9.952380952380953,4.980688329521097,0.5004519374159954,20,21,0.9523809523809524,4.3996292e-06,0.0005924572,2,17,2,0.2706277634345152,4
14510258001,中興外銷日本之米(圓ㄧ)3Kg,35.0,24.0,5.0,4288.0,3.0,1.0,32.0,15.04279609267221,0.4700873778960066,20,21,0.9523809523809524,6.064861e-06,0.00050782046,2,52,52,0.2678238039706987,4
10034027001,古道百香綠茶300ml,35.0,20.0,13.0,9100.0,8.0,24.0,118.57142857142856,74.06340361542966,0.6246311148289249,20,21,0.9523809523809524,4.383709e-06,0.0004570384,2,214,9,0.2705339102048075,4
14620006001,龜甲萬甘醇薄鹽醬油1600ml,34.0,22.0,28.0,20944.0,11.95,6.0,14.857142857142858,6.475490158213172,0.4358502991105019,21,21,1.0,4.1675917e-06,0.00047396575,2,24,4,0.2660151220385561,4
14840018001,青葉Q彈花生麵筋 170G,46.0,31.0,12.0,17112.0,11.8,48.0,23.428571428571427,18.038507563045258,0.7699362984226633,20,21,0.9523809523809524,3.887776e-06,0.0005755298,2,47,1,0.2811190549749089,4
10001022001,黑松CC檸檬氣泡飲PET 500ml,42.0,28.0,23.0,27048.0,13.81,24.0,55.23809523809524,35.790268379233986,0.6479272723826842,21,21,1.0,3.5420028e-06,0.0008294401,2,102,5,0.310002957787455,4
10033056001,御茶園特撰冰釀綠茶550ml,40.0,27.0,24.0,25920.0,14.55,24.0,92.1904761904762,97.59372493860602,1.0586096196852923,20,21,0.9523809523809524,2.2885336e-06,0.00030469225,2,218,10,0.2687397378140704,4
10031012001,泰山冰鎮檸檬紅茶Pet535ml,43.0,29.0,24.0,29928.0,17.0,24.0,46.857142857142854,89.20510647047153,1.903767516138112,18,21,0.8571428571428571,1.4081496e-06,0.00015234613,2,162,7,0.2691723864809024,4
14222114001,Dr.Q百香果蒟蒻265g,37.0,20.0,17.0,12580.0,2.9,10.0,7.857142857142857,4.015276949301485,0.5110352480929162,21,21,1.0,4.5361226e-06,0.000778658,2,14,2,0.298889894499674,4
10033041001,愛之味健康油切分解茶無糖 590ml,39.0,26.0,24.0,24336.0,15.762,24.0,308.2857142857143,128.09116651344664,0.4154949794226721,21,21,1.0,7.4480045e-06,0.0005586025,2,473,20,0.3014452159639592,4
10015007001,津津蘆筍汁Can245ml,33.0,22.0,14.0,10164.0,7.26,24.0,344.0,189.1696139900456,0.5499116685757139,21,21,1.0,4.099348e-06,0.0006770939,2,587,25,0.310695513179921,4
14020006001,樂事美國經典原味好康夾鏈包,59.0,36.0,21.0,44604.0,2.55,6.0,10.761904761904765,5.714682525904837,0.5310103232035468,21,21,1.0,4.8068346e-06,0.00047396575,2,19,4,0.2722981438532652,4
14506070001,五木純麵煮意(菠菜)504g,52.0,39.0,25.0,50700.0,7.28,12.0,3.9047619047619047,2.9098316414194643,0.7452007862171799,21,21,1.0,1.5423682e-06,0.000389329,2,8,1,0.2639270912577454,4
10012011001,黑松柳橙C/TP300ml,35.0,20.0,13.0,9100.0,7.88,24.0,164.57142857142858,173.6851479322423,1.0553785030605,20,21,0.9523809523809524,3.4328068e-06,0.00062631187,2,388,17,0.3068146522007288,4
10040005001,悅氏礦泉水600ml,41.0,27.0,24.0,26568.0,15.68,24.0,417.1428571428572,158.73016507936498,0.3805175190258749,21,21,1.0,1.6583894e-06,0.00033854696,2,621,26,0.2677695147498428,4
14833009001,新東陽原味肉醬 160g,35.0,26.0,9.0,8190.0,5.5,24.0,33.42857142857143,21.117745705294148,0.6317274356284573,20,21,0.9523809523809524,5.9670274e-06,0.00076173065,2,61,3,0.2991203934087317,4
15021001001,光泉果汁牛乳,32.0,16.0,13.0,6656.0,5.27,24.0,358.2857142857143,296.7662448487574,0.8282949417628795,21,21,1.0,3.7603863e-06,0.00052474777,2,739,31,0.3095039821821329,4
10052020001,百家珍蔓越莓醋600ml,32.0,25.0,27.0,21600.0,12.34,12.0,7.714285714285714,5.556145093436613,0.720241030630672,21,21,1.0,1.2853047e-06,0.0004231837,2,15,2,0.2653434830572407,4
14121094001,健司法式薄片40入,52.0,43.0,24.0,53664.0,6.282,8.0,7.904761904761905,6.109358643797952,0.772870671805765,21,21,1.0,3.6489164e-06,0.0004231837,2,16,2,0.2752628937586125,4
14833020001,廣達香家常肉醬--香辣口味,31.0,24.0,11.0,8184.0,5.21,24.0,12.714285714285714,18.92628018477622,1.4885838347576803,19,21,0.9047619047619048,1.2534547e-06,0.00022005552,2,37,2,0.2631300498340177,4
10002992001,黑松蘋安福氣組 460mlx12,27.0,19.0,23.0,11799.0,6.27,1.0,21.61904761904762,16.004392821008892,0.7402912978880765,21,21,1.0,7.3933957e-06,0.000727876,2,43,43,0.3148533604664431,4
14130010001,77新貴派好事花生綜合箱,29.0,13.0,24.0,9048.0,0.8,1.0,9.904761904761903,7.837059469838597,0.7912415810894737,21,21,1.0,5.9283584e-06,0.0005755298,2,20,20,0.2976837623551446,4
10002040001,芬達橘子汽水2L,34.0,23.0,31.0,24242.0,13.1,6.0,23.47619047619047,29.286140144019445,1.2474826430515382,20,21,0.9523809523809524,1.6037907e-06,0.00037240167,2,62,11,0.2776874342481407,4
14833018001,新東陽豬肉鬆270g,37.0,29.0,21.0,22533.0,4.89,12.0,10.19047619047619,7.718987397315097,0.7574707259047525,21,21,1.0,3.7581128e-06,0.0002877649,2,21,2,0.2623139820047213,4
14011078001,波卡話匣子-勁爆香辣,50.0,29.0,25.0,36250.0,2.3,12.0,6.666666666666667,4.794176361391703,0.7191264542087553,20,21,0.9523809523809524,4.2654087e-06,0.0004570384,2,13,2,0.2677287944912457,4
10021016001,舒跑Pet590ml,43.0,29.0,24.0,29928.0,16.27,24.0,299.8095238095238,145.76419935655994,0.4861893561765817,21,21,1.0,5.2459027e-06,0.0005755298,2,487,21,0.2989832701219933,4
10040040001,波爾天然水6000ml,37.0,19.0,32.0,22496.0,12.6,2.0,12.761904761904765,9.571310115353228,0.7499907179940961,21,21,1.0,7.052102e-07,0.00066016655,2,26,13,0.2874808425414216,4
14850001001,家樂福狗乾糧-牛肉口味,80.0,40.0,12.0,38400.0,15.0,1.0,25.142857142857142,18.688641098872033,0.7432982255233195,20,21,0.9523809523809524,6.1421594e-07,0.0008463674,2,50,50,0.2951050335290662,4
14504002001,隨緣素魷魚羹麵(袋) 94g,41.0,31.0,13.0,16523.0,4.05,30.0,56.666666666666664,68.7357488837008,1.212983803830014,20,21,0.9523809523809524,3.089294e-06,0.0004570384,2,145,5,0.2906877589009223,4
10024011001,可爾必思乳酸菌飲料Pet500ml,41.0,29.0,21.0,24969.0,13.3,24.0,46.095238095238095,45.83397031097263,0.99433200054796,21,21,1.0,2.6911919e-06,0.0002877649,2,105,5,0.272490760732557,4
14105130001,LOTTE Pepero杏仁巧克力棒分享盒,36.0,34.0,18.0,22032.0,2.29,9.0,6.809523809523809,6.381663073428935,0.937167304489564,19,21,0.9047619047619048,4.9751793e-06,0.00050782046,2,15,2,0.2751145368754083,4
10011003001,樹頂100純蘋果汁200ml,33.0,16.0,13.0,6864.0,5.44,24.0,129.42857142857142,54.44487944664019,0.4206558014641074,21,21,1.0,8.057671e-06,0.00062631187,2,200,9,0.2988582856887791,4
14502054001,味味一品原汁珍味爌肉(碗)190g,36.0,33.0,15.0,17820.0,2.39,8.0,27.047619047619047,24.351544764681847,0.9003211972857725,19,21,0.9047619047619048,4.008347e-06,0.00054167514,2,59,8,0.2747612261165029,4
14805017001,愛之味妞妞紅豆粉粿260g,41.0,28.0,11.0,12628.0,8.17,24.0,43.42857142857143,35.56425630504049,0.8189137964976427,20,21,0.9523809523809524,3.3236079e-06,0.0004570384,2,90,4,0.2718166244006338,4
10033044001,悅氏梅子綠茶微甜Pet2000ml,35.0,23.0,31.0,24955.0,17.67,8.0,27.952380952380953,18.7171329471059,0.6696078226392229,21,21,1.0,3.1029501e-06,0.00044011103,2,52,7,0.2714621097787716,4
14023295001,卡辣姆久厚切洋芋片-極辛口味,43.0,30.0,24.0,30960.0,1.24,6.0,6.333333333333333,5.462716342742852,0.8625341593804504,21,21,1.0,3.3531808e-06,0.00032161962,2,14,3,0.2689897867513576,4
14121115001,盛香珍濃厚花生牛奶雙色巧克酥,35.0,29.0,24.0,24360.0,3.1,10.0,17.61904761904762,17.01952993161005,0.9659733204427324,19,21,0.9047619047619048,4.1835137e-06,0.0005586025,2,40,4,0.279441590796827,4
14001060001,家福迷你原味蘇打餅乾,30.0,20.0,22.0,13200.0,2.1,12.0,11.142857142857142,14.587292951272984,1.3091160340886012,19,21,0.9047619047619048,1.7994325e-06,0.0003554743,2,30,3,0.2688856109290836,4
14104126001,掬水軒營養口糧140g,39.0,22.0,19.0,16302.0,4.46,30.0,17.047619047619047,21.067863567135767,1.235824399189528,20,21,0.9523809523809524,2.274886e-06,0.00020312818,2,45,2,0.2629608603176421,4
14504053001,素飄香麻辣燙風味碗麵100g,50.0,35.0,15.0,26250.0,2.18,12.0,8.761904761904763,5.579765841688391,0.6368211014970445,21,21,1.0,4.374605e-06,0.00062631187,2,16,2,0.2901503862941721,4
10034999001,光泉正庄蜂蜜菊花茶250ml,34.0,20.0,11.0,7480.0,6.58,24.0,272.57142857142856,141.50906800106702,0.5191632473833696,21,21,1.0,5.800975e-06,0.0007109486,2,454,19,0.3133020099763532,4
10012006001,義美寶吉純果汁柳橙TP125ml,28.0,16.0,9.0,4032.0,3.4,24.0,58.0,47.97618456811969,0.8271755960020637,19,21,0.9047619047619048,2.7048404e-06,0.00052474777,2,120,5,0.2675262191476927,4
14833024001,廣達香肉醬 150g,31.0,24.0,11.0,8184.0,5.08,24.0,60.857142857142854,43.08937081869519,0.7080413045325501,21,21,1.0,6.7837186e-06,0.0005755298,2,117,5,0.2995549849544289,4
14504055001,維力素飄香麻辣燙風味麵90g,41.0,33.0,15.0,20295.0,3.13,30.0,93.57142857142856,58.10792211260783,0.6210006943332135,21,21,1.0,8.214635e-06,0.000727876,2,169,6,0.3161996617065808,4
12200001001,家樂福超值平版式花紋衛生紙,21.0,9.0,31.0,5859.0,1.0,1.0,376.8571428571428,309.89741554789595,0.8223206629398301,21,21,1.0,1.5924163e-06,0.00023698287,2,775,775,0.2766001414420019,4
14010060001,孔雀香酥脆狠大包-香魚,52.0,33.0,25.0,42900.0,1.83,12.0,16.857142857142858,17.77715418407439,1.054576943123057,21,21,1.0,6.6950006e-06,0.00062631187,2,40,4,0.317828789741007,4
11103137001,一匙靈亮彩超濃縮洗衣精補充包,36.0,25.0,32.0,28800.0,12.36,6.0,23.0,45.04389393638588,1.958430171147212,17,21,0.8095238095238095,8.599003e-07,0.00052474777,2,81,14,0.293503016924305,4
14204071001,泰國小老板厚片海苔-原味,49.0,40.0,22.0,43120.0,1.84,24.0,10.285714285714286,6.61990402133601,0.6436017798521121,21,21,1.0,4.099345e-06,0.0004231837,2,19,1,0.2706588013282447,4
10032020001,紅茶花伝皇家奶茶Pet 470ml,41.0,28.0,21.0,24108.0,12.47,24.0,49.142857142857146,34.8524587016615,0.709207008464042,21,21,1.0,4.092525e-06,0.00030469225,2,94,4,0.2650629407788306,4
14505021001,維力大乾麵-紅油擔擔(包)100g,40.0,33.0,14.0,18480.0,3.79,30.0,70.42857142857143,36.3954097427153,0.5167705237302376,21,21,1.0,5.7941406e-06,0.0005586025,2,118,4,0.2863463421113221,4
14505115001,維力炸醬麵重量包(袋) 123g,38.0,33.0,14.0,17556.0,3.75,24.0,145.52380952380952,179.15133774007649,1.2310792187636146,14,21,0.6666666666666666,6.290072e-06,0.00074480334,2,376,16,0.2740638799800288,4
10030003001,光泉冷泡烏龍茶無糖Pet585 ml,42.0,29.0,24.0,29232.0,15.358,24.0,160.95238095238096,84.10338093565119,0.5225357987126257,21,21,1.0,8.226006e-06,0.00076173065,2,269,12,0.3188945958995423,4
14504027001,隨緣韓式泡菜湯麵(包)75g,40.0,31.0,13.0,16120.0,2.95,30.0,75.47619047619048,49.83077940353451,0.6602185283749051,21,21,1.0,6.701821e-06,0.0004908931,2,140,5,0.2899890905360745,4
14110106001,Custard Cake-蛋黃派(卡士達口味蛋糕),50.0,33.0,20.0,33000.0,5.89,10.0,35.142857142857146,37.31881398907286,1.0619174712337804,13,21,0.6190476190476191,8.492163e-06,0.00089714944,2,83,9,0.2703351375283613,4
10032049001,義美錫蘭奶茶 250ML,35.0,21.0,12.0,8820.0,6.69,24.0,142.85714285714286,105.48856210364173,0.738419934725492,20,21,0.9523809523809524,5.737276e-06,0.0006770939,2,279,12,0.3023357537743161,4
15020010001,光泉低脂高鈣牛乳,32.0,16.0,13.0,6656.0,5.26,24.0,387.7142857142857,382.0462628252965,0.9853809284366528,21,21,1.0,3.1074967e-06,0.00033854696,2,878,37,0.2993123637757681,4
14204086001,家福芥末風味朝鮮海苔50g,39.0,28.0,20.0,21840.0,1.95,20.0,6.095238095238095,5.032321833761107,0.8256153008514316,21,21,1.0,1.308054e-06,0.00030469225,2,13,1,0.2592259623193881,4
14222142001,盛香珍 零卡果凍-綜合口味,42.0,28.0,22.0,25872.0,8.53,10.0,10.666666666666666,7.357104330304426,0.68972853096604,21,21,1.0,3.762658e-06,0.00032161962,2,21,3,0.2623033421249321,4
10021006001,黑松FIN健康補給飲料Pet580ml,42.0,28.0,24.0,28224.0,16.04,24.0,759.047619047619,306.23216779033714,0.4034426300876462,21,21,1.0,4.6476025e-06,0.00044011103,2,1152,48,0.3089442744109189,4
14831011001,紅鷹牌香辣紅燒鰻100g,32.0,23.0,17.0,12512.0,7.71,48.0,32.42857142857143,23.61511103907316,0.7282192831432251,20,21,0.9523809523809524,6.365136e-06,0.0005924572,2,63,2,0.2890309776218686,4
10035002001,悅氏麥仔茶Pet2000ml,36.0,24.0,31.0,26784.0,17.3,8.0,36.095238095238095,22.75941408967321,0.6305378573656166,20,21,0.9523809523809524,3.2417186e-06,0.00044011103,2,66,9,0.2605391188241936,4
14503005001,維力大炒一番-九層塔蛤蜊85g,32.0,32.0,14.0,14336.0,3.17,24.0,91.23809523809524,62.97535781248073,0.690230957234914,19,21,0.9047619047619048,4.6635228e-06,0.00076173065,2,172,8,0.2914132493584822,4
14010094001,小王子麵-普羅旺斯羅勒香椿,34.0,29.0,16.0,15776.0,2.57,6.0,8.761904761904763,5.344376322513599,0.6099559933303564,21,21,1.0,5.1321413e-06,0.0004231837,2,16,3,0.2721935752315103,4
14804004001,泰山黑八寶 340g,41.0,28.0,13.0,14924.0,9.8,24.0,86.85714285714286,46.97546037614767,0.5408358924885422,21,21,1.0,5.4256066e-06,0.00054167514,2,148,7,0.2857712018197807,4
14001031001,義美美味蘇打餅乾-原味,34.0,25.0,25.0,21250.0,3.22,10.0,9.857142857142858,8.509298635334531,0.8632621803962567,21,21,1.0,3.4578288e-06,0.00032161962,2,21,3,0.2695705794691617,4
14370004001,台糖貳號砂糖,42.0,34.0,19.0,27132.0,20.92,20.0,42.095238095238095,17.031916151756192,0.4046043429715837,21,21,1.0,9.606872e-06,0.0005586025,2,64,4,0.291178146764966,4
14000075001,旺旺小小酥綜合包,60.0,33.0,20.0,39600.0,2.62,11.0,14.047619047619047,7.227435759963494,0.5144954269804521,20,21,0.9523809523809524,8.401166e-06,0.0006093845,2,24,3,0.2856646439731457,4
14223045001,一百份芒果QQ糖,40.0,28.0,19.0,21280.0,5.1,12.0,13.714285714285714,9.646824580648076,0.7034142923389223,21,21,1.0,3.6307176e-06,0.0002877649,2,27,3,0.2595570389319647,4
14001008001,家福紫菜蘇打,61.0,23.0,24.0,33672.0,3.21,18.0,11.047619047619047,18.21165558352591,1.6484688243708798,20,21,0.9523809523809524,1.5833167e-06,0.00030469225,2,35,2,0.2896168786045981,4
14831009001,同榮辣味燒鰻(易開罐) 100g,32.0,23.0,9.0,6624.0,3.97,24.0,30.714285714285715,46.08598883985174,1.5004740552509868,19,21,0.9047619047619048,2.1588594e-06,0.0003554743,2,90,4,0.280345611219568,4
10033057001,每朝健康雙纖綠茶650ml,40.0,27.0,23.0,24840.0,17.18,24.0,292.95238095238096,158.03992147569977,0.5394730739580128,21,21,1.0,7.759662e-06,0.0006093845,2,496,21,0.3121414675839872,4
14001046001,義美天然取向蘇打餅乾(鮮蔥),37.0,24.0,23.0,20424.0,2.52,12.0,18.952380952380953,15.740382371092789,0.8305226879219813,21,21,1.0,5.264092e-06,0.000389329,2,40,4,0.280577455264537,4
10001001001,七喜汽水2L,34.0,24.0,31.0,25296.0,13.34,6.0,43.142857142857146,51.60683390910984,1.1961848919330094,21,21,1.0,3.6398214e-06,0.000389329,2,110,19,0.2944225760437243,4
14000014001,米豆,41.0,34.0,23.0,32062.0,2.92,5.0,12.714285714285714,9.186651066799548,0.7225455895235599,20,21,0.9523809523809524,7.3387882e-06,0.00066016655,2,25,5,0.2969351719829393,4
10034039001,雀巢茶品翡翠檸檬蜜茶300ml,35.0,20.0,13.0,9100.0,7.9,24.0,95.42857142857144,65.54138745394206,0.6868109463736444,21,21,1.0,3.4760285e-06,0.0002877649,2,180,8,0.2633483450312665,4
14001034001,義美美味蘇打餅乾-紫菜,34.0,25.0,25.0,21250.0,3.08,10.0,10.142857142857142,8.779227183071,0.8655576095985494,20,21,0.9523809523809524,4.395081e-06,0.00040625635,2,22,3,0.2705681533713364,4
14112021001,樂天小熊餅乾家庭號--草莓風味,58.0,26.0,24.0,36192.0,3.03,10.0,6.571428571428571,4.67588981673342,0.711548450372477,21,21,1.0,5.0479766e-06,0.00054167514,2,13,2,0.2877479024240198,4
14130009001,義美椰子夾心酥,56.0,26.0,23.0,33488.0,4.8,8.0,10.095238095238097,7.78829868276006,0.7714824166884966,20,21,0.9523809523809524,6.5903505e-06,0.00064323924,2,21,3,0.2951752167051341,4
10021021001,寶礦力水得Pet345ml,38.0,26.0,19.0,18772.0,9.67,24.0,56.76190476190476,44.99513705142639,0.7926995621476126,19,21,0.9047619047619048,1.7357346e-06,0.00018620084,2,115,5,0.2310264326335599,3
14023132001,品客香辣口味洋芋片,30.0,30.0,23.0,20700.0,2.92,16.0,4.523809523809524,3.911144609215442,0.8645688083528872,18,21,0.8571428571428571,2.5774448e-06,0.00033854696,2,10,1,0.238133533596441,3
14510153001,天生好米嚴選黃金比例6kg,35.0,24.0,5.0,4288.0,6.0,1.0,6.571428571428571,4.894811914003376,0.7448626825657312,19,21,0.9047619047619048,8.326025e-07,0.00025391023,2,13,13,0.2291560970329736,3
14111008001,純黑糖沙琪瑪,50.0,28.0,21.0,29400.0,4.726,10.0,4.0,3.903600291794133,0.9759000729485332,19,21,0.9047619047619048,2.607019e-06,0.00018620084,2,10,1,0.2392146364052753,3
14833072001,義美純豬肉鬆175g,37.0,20.0,17.0,12580.0,2.448,8.0,4.095238095238095,7.79441046308957,1.9032862758707092,17,21,0.8095238095238095,7.825552e-07,0.000118491436,2,15,2,0.2513649215281355,3
14621029001,金蘭甘醇醬油膏 590ml,30.0,22.0,26.0,17160.0,8.97,12.0,12.761904761904765,11.049260961731942,0.8658002992401894,19,21,0.9047619047619048,2.1201877e-06,0.00015234613,2,27,3,0.2298113661141335,3
12221012001,家樂福環保擦手紙200抽X5包,21.0,9.0,20.0,3780.0,1.0,1.0,26.095238095238095,17.991809676058192,0.6894671591190183,21,21,1.0,1.4240753e-06,0.00018620084,2,50,50,0.2432285645398643,3
14510111001,三好履歷契作台灣越光米1.5kg,35.0,24.0,5.0,4288.0,1.5,1.0,7.571428571428571,6.608590574983073,0.8728327174505945,20,21,0.9523809523809524,3.8331827e-06,0.0002877649,2,17,17,0.2578854230161561,3
14841003001,金蘭花生麵筋396g,31.0,23.0,13.0,9269.0,7.64,12.0,4.0,3.039423504234847,0.7598558760587117,20,21,0.9523809523809524,1.4832187e-06,0.000118491436,2,8,1,0.2290495619052341,3
14111011001,卡賀沙琪瑪,55.0,22.0,31.0,37510.0,5.65,6.0,4.761904761904762,5.041775593358638,1.058772874605314,17,21,0.8095238095238095,2.802658e-06,0.0002877649,2,12,2,0.2333483252775644,3
12200017001,情人平版衛生紙,18.0,10.0,8.0,1454.0,0.2,1.0,73.71428571428571,71.83654916488102,0.974526829756138,20,21,0.9523809523809524,6.255894e-07,8.463674e-05,2,166,166,0.2377456378944918,3
14506066001,好勁道-天禧麵線300g,27.0,24.0,10.0,6480.0,4.0,12.0,4.238095238095238,2.090904609533347,0.4933595146089921,20,21,0.9523809523809524,1.6242635e-06,0.00030469225,2,7,1,0.2342633408415751,3
14612018002,得意的一天橄欖油 1000ml,33.0,24.0,28.0,22176.0,17.58,12.0,17.61904761904762,9.245210808980742,0.5247281810502583,21,21,1.0,5.2436217e-06,0.00030469225,2,30,3,0.2579181804913553,3
14001010001,家福蔬菜蘇打,61.0,23.0,24.0,33672.0,3.21,18.0,6.523809523809524,8.2382328642509,1.2627948186078022,17,21,0.8095238095238095,9.281471e-07,0.00030469225,2,18,1,0.2389019021966307,3
31533005001,小蘇打粉1000g,31.0,25.0,20.0,15500.0,12.38,12.0,6.571428571428571,4.614381541095483,0.7021884953840952,20,21,0.9523809523809524,8.962982e-07,0.00020312818,2,13,2,0.232559473133083,3
14010149001,KAKA醬燒蝦餅-炙烤原味,55.0,37.0,24.0,48840.0,2.12,16.0,8.476190476190476,4.136009666782564,0.4879561966428867,21,21,1.0,2.1725132e-06,0.00027083757,2,14,1,0.2428101995051873,3
14500024001,台酒米酒麻油雞麵(碗)200g,49.0,35.0,15.0,25725.0,3.24,12.0,53.714285714285715,54.12608107983825,1.007666403082095,18,21,0.8571428571428571,1.3012285e-06,0.00016927348,2,124,11,0.2281366072943367,3
10041006001,舒味思伯爵紅茶風味氣泡水PET500ml,40.0,26.0,22.0,22880.0,12.85,24.0,34.476190476190474,50.57349112465094,1.4669106541680523,18,21,0.8571428571428571,1.0396149e-06,0.00010156409,2,100,5,0.2416658853461677,3
14502047001,媽媽麵紅蔥肉燥風味(包)80g,38.0,33.0,14.0,17556.0,3.09,30.0,32.38095238095238,42.47181271482825,1.3116295103108726,18,21,0.8571428571428571,1.8949747e-06,0.00022005552,2,87,3,0.2479230227681825,3
14805899001,名屋嚴選牛奶花生320g,41.0,27.0,13.0,14391.0,9.74,24.0,57.142857142857146,67.69559717995713,1.1846729506492495,19,21,0.9047619047619048,1.1328864e-06,0.00018620084,2,144,6,0.247846736865912,3
10034016001,波蜜靠茶四季青茶580ml,43.0,29.0,25.0,31175.0,15.434,24.0,40.95238095238095,46.90667146221738,1.1453954659378665,18,21,0.8571428571428571,1.0145915e-06,0.00018620084,2,102,5,0.2346002877933767,3
12000179001,花王洗髮精溫和柔潤型,40.0,23.0,21.0,19320.0,10.6,12.0,10.80952380952381,10.144757255510978,0.9385017725362578,18,21,0.8571428571428571,7.643559e-07,0.00027083757,2,24,2,0.2300225638930621,3
14244058001,義美烘焙夏威夷綜合果,46.0,37.0,19.0,32338.0,2.82,12.0,5.428571428571429,5.076288750947211,0.9351058225429072,19,21,0.9047619047619048,2.9846499e-06,0.00027083757,2,12,1,0.2464773473062633,3
14204006001,元本山(90束)海苔經濟包,40.0,29.0,14.0,16240.0,1.98,6.0,5.333333333333333,6.010572695424632,1.1269823803921186,18,21,0.8571428571428571,2.6274952e-06,0.00018620084,2,14,3,0.2365629049554929,3
31567018001,無塵氏檸檬柑橘擦拭拖地兩用布,37.0,13.0,20.0,9620.0,3.1,12.0,6.380952380952381,9.105080687784472,1.4269156301751784,15,21,0.7142857142857143,7.5525713e-07,0.00033854696,2,19,2,0.2293494275085509,3
14510100001,家樂福花蓮富里壽司米(圓一),35.0,24.0,5.0,4288.0,1.5,1.0,8.095238095238095,7.633914067562571,0.9430129142283176,19,21,0.9047619047619048,3.0915714e-06,0.00025391023,2,18,18,0.2457670039205829,3
12201043001,春風抽取衛生紙,20.0,10.0,8.0,1615.0,1.0,1.0,448.0,198.39354828219592,0.4428427417013302,21,21,1.0,2.1361177e-06,0.00015234613,2,703,703,0.2566888488177427,3
10033020001,悅氏綠茶微甜Pet2000ml,36.0,24.0,32.0,27648.0,17.51,8.0,30.095238095238095,24.723046433304106,0.8214936314863704,19,21,0.9047619047619048,1.1874833e-06,0.00020312818,2,62,8,0.2306164573635685,3
10002906001,美粒果蘋果蘇打Pet 500ml,42.0,29.0,22.0,26796.0,13.2,24.0,35.904761904761905,26.579449207637957,0.7402764368175028,19,21,0.9047619047619048,3.2257908e-06,0.00032161962,2,70,3,0.2445971410066623,3
14011041001,AirCorn空氣玉米脆餅-巧達起司,45.0,28.0,23.0,28980.0,1.2,10.0,3.380952380952381,4.22550296218648,1.2497966507875506,16,21,0.7619047619047619,1.5582949e-06,0.0002877649,2,9,1,0.2284727355478081,3
10020002001,貝納頌榛果拿鐵咖啡TP375,40.0,19.0,14.0,10640.0,9.6,24.0,35.857142857142854,29.32784426069519,0.8179080072703838,19,21,0.9047619047619048,2.3044608e-06,0.00018620084,2,74,4,0.2327120701330974,3
14121022001,奧利奧減甜香草夾心餅乾量販包399g,43.0,32.0,16.0,22016.0,5.85,12.0,3.857142857142857,2.3761857047380284,0.6160481456728222,19,21,0.9047619047619048,2.6525163e-06,0.00027083757,2,7,1,0.2301319970335321,3
10020008001,UCC Aroma Brew 艾洛瑪黑咖啡Pet 525ml,44.0,29.0,20.0,25520.0,13.9,24.0,12.952380952380953,21.76602024229989,1.6804647981187415,17,21,0.8095238095238095,7.9620406e-07,8.463674e-05,2,41,2,0.2381612451838862,3
14204062001,小老板海苔棒棒捲-辣味3.0g*9,54.0,27.0,25.0,36450.0,1.59,12.0,4.904761904761905,4.219058368254607,0.8601963663431722,18,21,0.8571428571428571,2.8709048e-06,0.0004908931,2,11,1,0.2531530894173251,3
14521178001,VONO醇緻原味-玉米濃湯57.6g,48.0,27.0,20.0,25920.0,5.13,60.0,2.6666666666666665,1.8082702424807169,0.6781013409302687,20,21,0.9523809523809524,1.4536462e-06,0.00027083757,2,5,1,0.2392631128240266,3
12104003001,刷樂小胖子兒童牙刷,34.0,22.0,26.0,19448.0,1.56,96.0,20.38095238095238,43.58950964938609,2.138737622983897,16,21,0.7619047619047619,4.9137225e-07,6.770939e-05,2,77,1,0.2479243866229271,3
14613915001,泰山健康好理由純芥花油 2L,35.0,25.0,30.0,26250.0,12.09,6.0,7.523809523809524,6.0758620600901265,0.807551286467675,20,21,0.9523809523809524,2.0974421e-06,0.00013541878,2,16,3,0.2350515587289205,3
15022013001,雀巢美祿巧克力麥芽飲品TP,33.0,17.0,13.0,7293.0,5.35,24.0,54.0,49.75367897380627,0.9213644254408568,21,21,1.0,2.2043619e-06,0.00015234613,2,118,5,0.2552804818549475,3
10002046001,金車麥根沙士can330ml,43.0,29.0,12.0,14964.0,8.82,24.0,126.57142857142856,106.1735198932889,0.8388427079605217,18,21,0.8571428571428571,2.4273047e-06,0.00025391023,2,263,11,0.2360687236377671,3
11074015001,花仙子香氛袋,36.0,20.0,24.0,17280.0,1.96,24.0,4.9523809523809526,4.434455895932501,0.8954189789863705,19,21,0.9047619047619048,8.098532e-07,0.00027083757,2,11,1,0.2377482104893878,3
10034020001,飛想茶檸檬紅茶300ml,27.0,21.0,13.0,7371.0,5.97,18.0,86.85714285714286,79.15884315084192,0.911368259960351,20,21,0.9523809523809524,1.7584854e-06,0.000118491436,2,189,11,0.2422710592830876,3
14243044001,萬歲牌楓糖腰果,33.0,24.0,13.0,10296.0,2.55,12.0,4.666666666666667,4.4756838619082595,0.9590751132660555,18,21,0.8571428571428571,1.772132e-06,0.00022005552,2,11,1,0.2290151017179814,3
11050025001,泡舒洗潔精-綠茶,41.0,22.0,26.0,23452.0,13.48,12.0,6.428571428571429,5.287644435234784,0.8225224677031887,20,21,0.9523809523809524,1.2944045e-06,0.00010156409,2,14,2,0.2300088628339708,3
10020011001,統一咖啡廣場TP300ml,34.0,20.0,12.0,8160.0,7.97,24.0,125.71428571428572,77.29297562930704,0.614830487960397,19,21,0.9047619047619048,1.6674885e-06,0.00022005552,2,225,10,0.2297846993384286,3
14023129001,品客比薩口味洋芋片,30.0,30.0,23.0,20700.0,3.12,16.0,4.523809523809524,4.953296618646036,1.094939252542808,16,21,0.7619047619047619,2.6456921e-06,0.00064323924,2,11,1,0.2578994463410871,3
14510109001,金農一等西螺米(圓ㄧ)2.8Kg,35.0,24.0,5.0,4288.0,2.8,1.0,10.523809523809524,8.80270005990612,0.8364556618010341,20,21,0.9523809523809524,2.070141e-06,0.00022005552,2,22,22,0.2444663858209992,3
10015011001,光泉正庄蘆筍汁TP250ml,34.0,20.0,11.0,7480.0,6.65,24.0,104.0,87.42670399499555,0.8406413845672649,19,21,0.9047619047619048,2.6525188e-06,0.00027083757,2,217,10,0.247047148134828,3
12201024001,家樂福超值連續抽取式花紋衛生紙輕巧包,21.0,9.0,31.0,5859.0,1.0,1.0,269.5238095238095,150.75922748277074,0.5593540242293614,21,21,1.0,2.188443e-06,0.00016927348,2,463,463,0.2529265937801285,3
14851072001,席瑞思貓食-鱈魚干貝口味1.5kg,40.0,32.0,24.0,30720.0,9.78,6.0,6.190476190476191,5.341829966621013,0.8629109946080098,17,21,0.8095238095238095,6.460637e-07,0.00044011103,2,14,3,0.2316357504839066,3
31500006001,可家芬抗蟑驅蠅清潔袋(小),49.0,33.0,18.0,29106.0,10.85,24.0,12.047619047619047,9.448991835747249,0.7843036701608388,20,21,0.9523809523809524,1.5651159e-06,0.000389329,2,25,2,0.2563671025382891,3
12210018001,家福超值盒裝面紙,20.0,10.0,8.0,1615.0,0.2,1.0,70.0,48.89249625940764,0.6984642322772521,19,21,0.9047619047619048,8.098536e-07,0.00022005552,2,133,133,0.2276317407525075,3
14120005001,奧利奧黑白巧克力餅乾量販包,44.0,33.0,16.0,23232.0,5.88,12.0,3.7142857142857144,3.614031611621004,0.9730085108210396,19,21,0.9047619047619048,2.3590537e-06,0.00018620084,2,9,1,0.23828287003241,3
15021005001,國農草莓調味牛乳,36.0,24.0,13.0,11232.0,6.31,24.0,20.0,18.361450300639575,0.9180725150319788,19,21,0.9047619047619048,8.326028e-07,0.00018620084,2,44,2,0.2318957972175961,3
10014009001,崇德發天然黑麥汁Btl330ml,40.0,27.0,17.0,18360.0,12.08,24.0,104.57142857142856,61.95587633344313,0.5924742272323796,21,21,1.0,2.5478737e-06,0.00022005552,2,184,8,0.2501639571456152,3
14132071001,旺旺夾心酥捲(香草味),40.0,31.0,23.0,28520.0,3.3,10.0,3.857142857142857,3.5628468323828355,0.9237010306177722,19,21,0.9047619047619048,1.6106156e-06,0.00022005552,2,9,1,0.2367731583354184,3
10002917001,黑松蘋果蘇打富士蘋果風味2000ml,34.0,22.0,31.0,23188.0,13.2,6.0,9.904761904761903,10.433027967103236,1.0533345543709998,19,21,0.9047619047619048,9.3042127e-07,0.00030469225,2,24,4,0.2491345295756644,3
15020046001,福樂低脂高鈣牛乳(保久乳)200m,32.0,17.0,12.0,6528.0,5.23,24.0,201.0952380952381,174.90130679952455,0.8697436520933023,20,21,0.9523809523809524,1.0032184e-06,0.00022005552,2,426,18,0.2545302282482329,3
14023014001,華元卡辣姆久洋芋條,37.0,25.0,23.0,21275.0,1.41,12.0,8.380952380952381,9.146824536032735,1.0913824730493606,17,21,0.8095238095238095,2.2498596e-06,0.00032161962,2,21,2,0.2365712536800111,3
10024014001,健酪乳酸飲料原味Pet580ml,39.0,26.0,24.0,24336.0,16.08,24.0,19.80952380952381,36.12625881493569,1.823681334407811,15,21,0.7142857142857143,8.576259e-07,0.00013541878,2,67,3,0.2303671841143927,3
12201065001,蒲公英環保抽取衛生紙,19.0,10.0,8.0,1550.0,0.2,1.0,217.1428571428571,150.7878628797316,0.6944177895777113,21,21,1.0,8.1667775e-07,6.770939e-05,2,411,411,0.2422985711831711,3
15022017001,光泉調味乳-珍穀堅果牛乳,33.0,16.0,13.0,6864.0,5.3,24.0,88.28571428571429,69.87685961893308,0.7914854649393714,20,21,0.9523809523809524,1.3444511e-06,0.00013541878,2,178,8,0.2369365311723332,3
14501928001,真爽蔥辣牛肉風味麵75g,37.0,32.0,14.0,16576.0,3.06,30.0,30.714285714285715,25.55506259999759,0.8320252939534101,20,21,0.9523809523809524,2.334029e-06,0.00033854696,2,64,3,0.2574443584436007,3
10031004001,御茶園特上紅茶Pet 550ml,42.0,28.0,24.0,28224.0,14.85,24.0,97.71428571428572,72.25954730601866,0.7394982911434659,20,21,0.9523809523809524,2.5546958e-06,0.00030469225,2,191,8,0.2547046737799461,3
14110019001,家福奶油派,43.0,26.0,22.0,24596.0,3.07,10.0,2.5714285714285716,3.7868372099182936,1.4726589149682252,16,21,0.7619047619047619,1.7744101e-06,0.00016927348,0,8,1,0.2286109051717633,3
10014020001,崇德發天然黑麥汁Can330ml,41.0,17.0,13.0,9061.0,8.92,24.0,68.28571428571429,54.34733344940876,0.7958814521879943,20,21,0.9523809523809524,2.2339368e-06,0.00023698287,2,138,6,0.2482141265638252,3
14500014001,味味A排骨雞包麵80gX12特規,31.0,17.0,14.0,7378.0,1.25,1.0,16.38095238095238,20.273079007055237,1.2376007533376745,15,21,0.7142857142857143,4.6157425e-06,0.000389329,2,43,43,0.237792232227998,3
14810005001,綠巨人金玉雙色玉米粒,35.0,27.0,19.0,17955.0,10.28,24.0,13.571428571428571,11.549361675090136,0.8510055971119048,19,21,0.9047619047619048,2.1179146e-06,0.00025391023,2,29,2,0.2386730538067551,3
11074003001,花仙子衣物香氛袋-晨露香氛,36.0,21.0,25.0,18900.0,2.02,24.0,4.619047619047619,3.683634210631185,0.797487818796442,19,21,0.9047619047619048,7.575315e-07,0.00025391023,2,10,1,0.2313084653282898,3
14103057001,本味誠現乳酥餅221g,55.0,38.0,24.0,50160.0,4.79,15.0,4.714285714285714,3.9296535306243343,0.8335628701324346,19,21,0.9047619047619048,1.540095e-06,0.00016927348,2,10,1,0.227547121041183,3
14120045001,麗滋巧克力三明治餅乾隨手包243g,49.0,21.0,21.0,21609.0,3.75,12.0,4.904761904761905,6.538565168836369,1.333105519859842,17,21,0.8095238095238095,2.3840764e-06,0.00020312818,2,14,2,0.2371867134135105,3
14010187001,KAKA魷魚捲片-台式鹽酥,55.0,37.0,24.0,48840.0,2.21,16.0,9.285714285714286,4.929434016993346,0.5308621249069757,21,21,1.0,3.0847489e-06,0.00027083757,2,16,1,0.247761177154847,3
14104108001,比利時蓮花薄脆餅(家庭號),33.0,19.0,11.0,6897.0,2.13,6.0,5.714285714285714,4.967924325998086,0.8693867570496651,18,21,0.8571428571428571,2.6684406e-06,0.00023698287,2,13,3,0.2291980449433187,3
14503048001,日清合味道酸辣蝦味杯麵,42.0,32.0,13.0,17472.0,1.454,12.0,3.952380952380953,3.0779738307032973,0.7787644631899908,20,21,0.9523809523809524,1.7880568e-06,0.00030469225,2,8,1,0.2483624756442271,3
12120052001,蘇菲瞬吸加長護墊17.5cm無香,43.0,29.0,24.0,29928.0,4.0,36.0,20.952380952380953,18.263875848179993,0.871684983663136,21,21,1.0,1.4195244e-06,0.00013541878,2,45,2,0.2468191124779891,3
10014113001,崇德發減糖黑麥汁Can 330ml,41.0,28.0,12.0,13776.0,8.7,24.0,71.71428571428571,42.28378373971444,0.589614514298807,20,21,0.9523809523809524,2.2248387e-06,0.00015234613,2,126,6,0.2306298124823628,3
15022009001,國農巧克力調味牛乳,36.0,24.0,13.0,11232.0,6.4,24.0,21.428571428571427,17.22835820763581,0.8039900496896712,19,21,0.9047619047619048,1.2420801e-06,0.00020312818,2,44,2,0.2294156345673833,3
14504009001,味王素食(包)82g,36.0,31.0,14.0,15624.0,3.04,30.0,39.285714285714285,45.96286581593456,1.1699638571328796,17,21,0.8095238095238095,2.934598e-06,0.00044011103,2,99,4,0.255487850072189,3
12220003001,家福超值廚房紙抹布,31.0,21.0,22.0,14322.0,1.0,1.0,13.857142857142858,11.989224186686954,0.8652017454310172,18,21,0.8571428571428571,2.0951702e-06,0.00023698287,2,30,30,0.2277089435050756,3
14011042001,AirCorn空氣玉米脆餅-經典海鹽,45.0,28.0,23.0,28980.0,1.2,10.0,6.428571428571429,5.851914042361155,0.9102977399228463,19,21,0.9047619047619048,2.971003e-06,0.0002877649,2,14,2,0.2469014330224584,3
12220002001,春風超吸收廚房紙巾,31.0,21.0,22.0,14322.0,1.0,1.0,17.476190476190474,7.901892766739634,0.4521519021840118,21,21,1.0,3.85367e-06,0.00020312818,2,28,28,0.2405750431794836,3
14223018001,Skittles彩虹糖家庭號混合水果,39.0,34.0,24.0,31824.0,4.96,24.0,3.4761904761904763,3.2895078169848655,0.9462967692696188,18,21,0.8571428571428571,2.6206671e-06,0.00025391023,2,8,1,0.2341630138641094,3
10040041001,悅氏Light鹼性水隨手瓶Pet330ml,37.0,25.0,18.0,16650.0,8.8,24.0,146.28571428571428,113.5174175253853,0.7759979713649386,20,21,0.9523809523809524,7.98479e-07,0.00016927348,2,292,13,0.241260293096322,3
14506039001,五木特級營養麵條經濟包 2000g,35.0,24.0,18.0,15120.0,9.42,4.0,8.142857142857142,8.735726939990057,1.0728085715777265,15,21,0.7142857142857143,1.9381966e-06,0.00047396575,2,20,5,0.228981243024712,3
10052035001,崇德發水蜜桃醋,30.0,24.0,29.0,20880.0,12.55,12.0,4.190476190476191,2.6116779430099215,0.6232413273091858,19,21,0.9047619047619048,5.709924e-07,0.00013541878,2,8,1,0.2112812056167693,2
14121053001,義美蘇打餅夾心奶油口味,34.0,26.0,24.0,21216.0,2.57,10.0,3.047619047619047,3.618420998383404,1.1872943900945545,18,21,0.8571428571428571,1.401326e-06,0.00010156409,2,8,1,0.2275211465872563,2
14521180001,VONO醇緻原味-南瓜濃湯52.2g,48.0,27.0,20.0,25920.0,4.85,60.0,1.619047619047619,1.430157849302972,0.8833327892753651,16,21,0.7619047619047619,8.1440334e-07,0.00023698287,2,4,1,0.203805055883954,2
14202021001,家樂福蜜汁厚燒條子肉乾,39.0,29.0,16.0,18096.0,2.16,12.0,3.047619047619047,2.886358563941284,0.9470864037932338,18,21,0.8571428571428571,1.5036973e-06,0.00015234613,2,7,1,0.2211537500351169,2
14811008001,牛頭牌金色蔬菜玉米醬418g,32.0,25.0,25.0,20000.0,11.7,24.0,6.380952380952381,4.685094809999559,0.7342312761939608,17,21,0.8095238095238095,1.0054923e-06,0.0002877649,2,13,1,0.2123533370608838,2
14615041001,統一綺麗健康油 652ml,39.0,12.0,24.0,11232.0,6.628,10.0,4.0476190476190474,3.8849672484516455,0.9598154378527596,17,21,0.8095238095238095,1.0896631e-06,0.00010156409,2,10,1,0.205764520384792,2
14010194001,大同玉米濃湯點心餅,35.0,32.0,25.0,28000.0,1.13,6.0,3.9047619047619047,4.888321962593843,1.251887331883789,16,21,0.7619047619047619,1.8699556e-06,0.00015234613,2,11,2,0.2168820687718581,2
14510159001,台東關山鎮農會良質米2.5kg,35.0,24.0,5.0,4288.0,2.5,1.0,2.8095238095238093,1.8674925286788169,0.6647007305466975,19,21,0.9047619047619048,8.5762616e-07,8.463674e-05,2,6,6,0.2093071423995573,2
14820029001,金蘭香菇麵筋396g,31.0,23.0,14.0,9982.0,7.65,12.0,3.142857142857143,2.6238052026582688,0.834847109936722,18,21,0.8571428571428571,1.3558246e-06,0.000118491436,2,7,1,0.2121721567995609,2
14203083001,珍珍- 芝麻鱈絲,52.0,35.0,20.0,36400.0,3.8,20.0,2.8095238095238093,2.6298478612350618,0.9360475438294288,18,21,0.8571428571428571,1.3945003e-06,0.00016927348,2,7,1,0.2218582835717261,2
12201051001,春風經濟包抽取衛生紙,20.0,10.0,8.0,1785.0,0.2,1.0,29.047619047619047,21.800996461446857,0.750526107689154,18,21,0.8571428571428571,5.8464195e-07,8.463674e-05,2,57,57,0.2041705348704217,2
14506159001,KORMOSA韓素香紅燒湯麵110g x4,46.0,30.0,15.0,20700.0,3.2,6.0,2.3333333333333335,1.6426846010152705,0.7040076861494016,19,21,0.9047619047619048,1.1579098e-06,0.00013541878,2,5,1,0.2168531212132557,2
14612900001,主廚精選第一道冷壓橄欖油,21.0,15.0,30.0,9450.0,6.98,6.0,9.428571428571429,4.583317872577511,0.4861094713339784,20,21,0.9523809523809524,1.2011332e-06,0.00015234613,2,16,3,0.2186293487315421,2
14021035001,樂事海苔壽司分享包洋芋片,31.0,19.0,26.0,15314.0,2.0,15.0,4.0476190476190474,5.084768950841985,1.2562370349139025,16,21,0.7619047619047619,1.0600895e-06,0.00013541878,2,11,1,0.2129757864721027,2
15024014001,義美低糖糙米奶250ml,35.0,20.0,11.0,7700.0,6.59,24.0,40.285714285714285,30.093731125621904,0.7470075102104728,19,21,0.9047619047619048,9.0312324e-07,0.00018620084,2,79,4,0.2252204428592636,2
14104060001,77蜜蘭諾千層鬆塔,40.0,26.0,25.0,26000.0,2.13,12.0,2.1904761904761907,1.9178124348192636,0.8755230680696637,17,21,0.8095238095238095,1.5332697e-06,0.00013541878,2,5,1,0.2061947308095661,2
14500064001,台酒麵攤三杯雞風味乾麵105g,39.0,33.0,14.0,18018.0,3.98,30.0,35.0,37.25715016067705,1.0644900045907728,15,21,0.7142857142857143,3.5169721e-06,0.0003554743,2,83,3,0.2240811143774684,2
12010234001,美琪抗菌洗手乳-玫瑰果萃 1加侖,39.0,23.0,32.0,28704.0,16.72,4.0,2.9047619047619047,2.467015970854975,0.8493005801304013,18,21,0.8571428571428571,5.300449e-07,6.770939e-05,2,7,2,0.2054994402279503,2
14502023001,台酒麻辣酒香豚肉麵(包)200g,34.0,30.0,13.0,13260.0,3.14,12.0,22.571428571428573,24.52320849933876,1.0864712626289323,14,21,0.6666666666666666,3.8172607e-06,0.00030469225,2,55,5,0.2105363062709239,2
14620110001,淬釀和風醬油露靜岡鰹魚300ml,24.0,19.0,26.0,11856.0,9.08,12.0,2.761904761904762,2.524258720133061,0.913955743496453,17,21,0.8095238095238095,1.0145917e-06,0.00015234613,2,6,1,0.208025750264396,2
11101028001,一匙靈制菌超濃縮洗衣粉補充包,36.0,25.0,23.0,20700.0,11.2,6.0,9.333333333333334,7.661488934822833,0.8208738144453035,18,21,0.8571428571428571,7.1658377e-07,0.00016927348,2,20,4,0.214650816906754,2
12121089001,蕾妮亞零觸感特薄一般量日用20.5cm,40.0,23.0,31.0,28520.0,3.24,24.0,4.857142857142857,7.62380803664362,1.5696075369560396,16,21,0.7619047619047619,3.0938295e-07,8.463674e-05,0,15,1,0.2208512241990077,2
14311231001,雀巢咖啡三合一義式拿鐵16g X25,48.0,23.0,31.0,34224.0,8.36,18.0,2.7142857142857144,3.238795442501324,1.1932404261846985,17,21,0.8095238095238095,6.6881194e-07,6.770939e-05,2,7,1,0.2123162653005633,2
14241037001,家樂福麻辣花生46g,26.0,25.0,16.0,10400.0,1.734,30.0,2.047619047619047,2.9996220472425943,1.4649316974905695,15,21,0.7142857142857143,7.2113374e-07,8.463674e-05,0,6,1,0.2069764574162449,2
30011002001,永備碳鋅3號電池16入量販包,30.0,13.0,19.0,7410.0,6.0,30.0,3.238095238095238,3.676239822022626,1.1353093568011048,14,21,0.6666666666666666,7.3023364e-07,0.00054167514,0,8,1,0.2242241199417849,2
14510103001,池上壹等特賞米6kg,35.0,24.0,5.0,4288.0,6.0,1.0,6.476190476190476,4.170406484916441,0.6439598248768034,19,21,0.9047619047619048,5.118463e-07,8.463674e-05,2,12,12,0.2074634539940253,2
12212061001,滿意寶寶濕毛巾棉柔厚型補充包,33.0,25.0,21.0,17325.0,6.26,12.0,13.714285714285714,10.859022393702794,0.7918037162074955,19,21,0.9047619047619048,8.0302885e-07,6.770939e-05,2,28,3,0.2142836099758659,2
11071898001,雷達殺蟑堡8入,40.0,26.0,23.0,23920.0,1.93,12.0,4.9523809523809526,4.990239907165362,1.0076445966391596,17,21,0.8095238095238095,6.3241356e-07,8.463674e-05,2,12,1,0.2050817917761226,2
10020036001,咖啡廣場奶香特調咖啡Pet600ml,41.0,27.0,24.0,26568.0,16.17,24.0,28.952380952380953,29.287533818814595,1.0115760036103725,17,21,0.8095238095238095,8.3942666e-07,0.00010156409,2,67,3,0.2089927098089075,2
14110010001,家福杏仁派,43.0,26.0,22.0,24596.0,2.61,10.0,1.8571428571428572,2.3761857047380284,1.2794846102435538,15,21,0.7142857142857143,1.1192371e-06,0.00013541878,0,5,1,0.2041332317880341,2
10040013001,家福竹炭水280ml,36.0,25.0,15.0,13500.0,7.43,24.0,118.85714285714286,70.83870727913937,0.5959987391273744,19,21,0.9047619047619048,7.4615735e-07,0.00010156409,2,210,9,0.2144666574685522,2
14220071001,迷你曼陀珠袋裝什錦水果,31.0,22.0,13.0,8866.0,3.0,12.0,2.047619047619047,1.731396091685509,0.8455655331487368,17,21,0.8095238095238095,1.4263486e-06,0.00013541878,2,5,1,0.20442321441869,2
10040022001,統一 PH9.0鹼性離子水800ml,38.0,31.0,24.0,28272.0,18.32,20.0,89.52380952380952,84.31664753863376,0.9418348927187814,17,21,0.8095238095238095,2.7753495e-07,0.000118491436,2,198,10,0.2092527307468942,2
14242056001,盛香珍芥末青豆,40.0,30.0,19.0,22800.0,2.97,10.0,2.4761904761904763,2.6836195816391184,1.0837694464311824,16,21,0.7619047619047619,1.465023e-06,0.00020312818,2,6,1,0.212274295160341,2
14600898001,統一生機海鹽-立袋450g,37.0,21.0,12.0,9324.0,5.73,12.0,2.4761904761904763,1.679542103671276,0.678276618790323,19,21,0.9047619047619048,1.192033e-06,0.00010156409,2,5,1,0.2125676970044486,2
12122020001,蘇菲彈力貼身日用超薄基本23cm16P,54.0,25.0,38.0,51300.0,5.2,48.0,11.238095238095235,11.815666605158723,1.051394062323446,18,21,0.8571428571428571,4.77723e-07,6.770939e-05,2,27,1,0.2154853817801245,2
14613906001,主廚精選葡萄籽油1L,24.0,17.0,32.0,13056.0,9.05,6.0,7.714285714285714,5.766428763131659,0.7475000248504002,19,21,0.9047619047619048,1.1783845e-06,0.00018620084,2,16,3,0.2240858907335342,2
14832005001,同榮辣味蕃茄汁鯖魚,35.0,26.0,12.0,10920.0,7.3,24.0,6.428571428571429,10.02649551163805,1.559677079588141,15,21,0.7142857142857143,7.575321e-07,8.463674e-05,0,20,1,0.2118781880368909,2
10020020001,貝納頌咖啡重乳拿鐵 375ML,40.0,19.0,14.0,10640.0,9.6,24.0,21.0,16.945290116809957,0.8069185769909504,17,21,0.8095238095238095,1.4809468e-06,0.00022005552,2,43,2,0.2118636903525831,2
12120001001,康乃馨超薄透氣護墊,40.0,22.0,16.0,14080.0,1.96,24.0,16.38095238095238,12.5222704105856,0.7644409262276094,18,21,0.8571428571428571,8.075787e-07,8.463674e-05,2,33,2,0.2047462341517841,2
11101029001,一匙靈亮彩超濃縮洗衣粉補充包,36.0,25.0,23.0,20700.0,10.45,6.0,4.904761904761905,5.528323278955743,1.1271338724084523,16,21,0.7619047619047619,3.116579e-07,0.00016927348,2,12,2,0.2077068455290096,2
14303934001,立頓即溶奶茶粉-香濃原味,40.0,30.0,25.0,30000.0,5.96,12.0,2.8095238095238093,2.0381842437174,0.7254554087807695,18,21,0.8571428571428571,1.3171546e-06,0.00018620084,2,6,1,0.2131653764167098,2
12102152001,牙周適深層潔淨80克3入加贈行李收納袋,33.0,23.0,24.0,18216.0,4.73,12.0,2.4285714285714284,2.216205005375256,0.9125550022133408,18,21,0.8571428571428571,2.820847e-07,3.3854696e-05,2,6,1,0.2045341918481142,2
10041002001,Perrier 汽泡礦泉水330ml,42.0,28.0,19.0,22344.0,13.68,24.0,71.28571428571429,49.34923442947732,0.6922738296720264,20,21,0.9523809523809524,5.66443e-07,8.463674e-05,2,135,6,0.2239560184280825,2
14121015001,ACE 起司夾心餅乾,46.0,31.0,25.0,35650.0,4.05,20.0,4.761904761904762,4.946424989970624,1.0387492478938312,15,21,0.7142857142857143,2.9528026e-06,0.00027083757,2,12,1,0.2112765851823785,2
14510127001,三好履歷台梗九號米(圓三)2.2kg,35.0,24.0,5.0,4288.0,2.2,1.0,3.5714285714285716,4.675889816733419,1.3092491486853572,15,21,0.7142857142857143,1.4399964e-06,0.000118491436,0,10,10,0.2050750793725678,2
10034007001,泰山冰鎮水果茶 535ml,42.0,27.0,22.0,24948.0,14.5,24.0,12.38095238095238,11.83407586057834,0.955829204123635,18,21,0.8571428571428571,1.2466319e-06,0.00010156409,2,28,2,0.2165826160313966,2
12212005001,嬌生嬰兒純水柔濕巾- 一般型,24.0,36.0,25.0,21600.0,7.8,12.0,12.714285714285714,8.327480938165527,0.6549704108669516,20,21,0.9523809523809524,1.0214156e-06,6.770939e-05,2,24,2,0.2183829309664291,2
14830007001,紅鷹牌水煮海底雞170g,35.0,26.0,10.0,9100.0,5.87,24.0,8.857142857142858,10.37068080736088,1.1708833169600992,17,21,0.8095238095238095,1.0214168e-06,0.00013541878,2,23,1,0.2190844843467929,2
15022015001,國農麥胚芽調味牛乳,36.0,24.0,13.0,11232.0,6.29,24.0,25.714285714285715,22.612981642753574,0.8793937305515278,18,21,0.8571428571428571,9.190475e-07,0.00020312818,2,55,3,0.2222643695847193,2
14000100001,三幸燒海老煎餅米果,39.0,39.0,25.0,38025.0,1.2,12.0,2.6666666666666665,2.8840007485193753,1.0815002806947658,16,21,0.7619047619047619,1.5810435e-06,0.000118491436,2,7,1,0.2046046214881047,2
14210120001,果漾天然愛文芒果乾,34.0,26.0,19.0,16796.0,2.5,20.0,3.7142857142857144,4.0135823820391385,1.0805798720874604,16,21,0.7619047619047619,7.9847945e-07,0.00013541878,2,9,1,0.2037633048349759,2
14830045001,紅鷹牌幼筍鮪魚170g,35.0,26.0,10.0,9100.0,5.39,24.0,12.428571428571429,7.979565739296538,0.6420340250008708,19,21,0.9047619047619048,1.9563965e-06,0.00020312818,2,23,1,0.2233738279226789,2
10030021001,開喜凍頂烏龍茶(無糖)Pet575ml,43.0,29.0,24.0,29928.0,15.762,24.0,14.476190476190476,25.671216135362204,1.773340588298047,15,21,0.7142857142857143,7.0065965e-07,0.00010156409,0,48,2,0.2239709670993217,2
14223080001,森永嗨啾軟糖家庭包(特選)300g,46.0,27.0,18.0,22356.0,3.87,10.0,3.1904761904761907,2.362787853343862,0.7405752973167329,18,21,0.8571428571428571,1.6083394e-06,0.00027083757,2,7,1,0.2227577237885535,2
11042008001,通樂超濃疏通膠,29.0,25.0,27.0,19575.0,9.2,10.0,2.0,1.927248223318863,0.9636241116594316,17,21,0.8095238095238095,3.7990387e-07,5.0782044e-05,2,5,1,0.1988353891549311,1
14020977001,韓國好麗友預感香烤洋芋片(原味),30.0,24.0,23.0,16560.0,2.25,20.0,1.9523809523809523,2.55373098624608,1.3080085539309192,14,21,0.6666666666666666,9.94118e-07,0.00020312818,0,6,1,0.2014562998627257,1
14361093001,馬玉山紫山藥黑米仁,43.0,28.0,25.0,30100.0,7.4,12.0,1.6666666666666667,2.0079208230769536,1.2047524938461722,14,21,0.6666666666666666,3.77629e-07,0.000118491436,0,5,1,0.1866504367016511,1
14120044001,麗滋巧克力三明治餅乾兩條裝236g,37.0,24.0,24.0,21312.0,3.84,12.0,1.9047619047619049,1.9977311393717172,1.0488088481701516,14,21,0.6666666666666666,1.0964878e-06,0.00010156409,0,5,1,0.1798949716413672,1
14805006001,泰山紫米紅豆湯330g,41.0,27.0,12.0,13284.0,9.63,24.0,17.142857142857142,18.909019551742052,1.1030261405182864,14,21,0.6666666666666666,1.2261571e-06,0.00015234613,2,42,2,0.1885919970090716,1
14615107001,義美100％純黑麻油,29.0,23.0,29.0,19343.0,11.5,12.0,1.3333333333333333,1.2472191289246473,0.9354143466934854,14,21,0.6666666666666666,4.254013e-07,6.770939e-05,0,3,1,0.1691791277306765,1
12123111001,靠得住完美封漏夜用棉柔28,8.0,12.0,11.0,1102.0,0.2,1.0,3.7142857142857144,3.0572763655760995,0.8231128676551037,15,21,0.7142857142857143,4.93647e-07,0.00010156409,0,8,8,0.1773620382727498,1
14506018001,龍口台灣拉麵1.8Kg,40.0,22.0,12.0,10560.0,7.8,4.0,1.5238095238095235,1.2953781436890897,0.8500919067959651,16,21,0.7619047619047619,6.8928597e-07,6.770939e-05,0,4,1,0.1859500110423821,1
15020904001,雀巢全脂牛奶1L,37.0,20.0,21.0,15540.0,13.3,12.0,6.523809523809524,7.613390757137169,1.1670161014589822,15,21,0.7142857142857143,1.9336456e-07,3.3854696e-05,0,17,2,0.1866395534318055,1
14131074001,Gery捲心酥(黑巧克力味),43.0,27.0,24.0,27864.0,5.61,24.0,2.8095238095238093,3.7368059651073233,1.3300495808009118,14,21,0.6666666666666666,1.408149e-06,0.00015234613,0,8,1,0.1990942182272884,1
12102086001,舒酸定牙膏清涼薄荷120g三入超值組 清涼薄荷超值組,45.0,35.0,22.0,34650.0,10.93,24.0,2.142857142857143,1.858973456756489,0.8675209464863616,17,21,0.8095238095238095,6.574374e-07,6.770939e-05,2,5,1,0.196719472641522,1
14506096001,財貴伯台灣手工麵線1200g,39.0,27.0,23.0,24219.0,12.69,10.0,2.0,2.115700942049815,1.0578504710249077,14,21,0.6666666666666666,8.894739e-07,6.770939e-05,0,5,1,0.1765092239049542,1
14601065001,烹大師鰹魚風味調味料(罐)65g,34.0,28.0,19.0,18088.0,10.78,60.0,1.0,1.023532631438318,1.023532631438318,14,21,0.6666666666666666,6.0511564e-07,6.770939e-05,0,3,1,0.1739212771937791,1
12201108001,家樂福抽取式花紋衛生紙-FSC130X12,40.0,20.0,30.0,24000.0,0.2,1.0,6.333333333333333,5.392528635006501,0.8514518897378687,15,21,0.7142857142857143,5.0047245e-08,1.6927348e-05,2,14,14,0.1695501142861305,1
14332016001,安怡關鍵高鈣奶粉1500g,49.0,33.0,22.0,35574.0,11.5,6.0,1.8095238095238095,1.7076591501943912,0.9437063724758478,16,21,0.7619047619047619,2.5478627e-07,3.3854696e-05,0,4,1,0.1858952139474657,1
14000015001,旺旺岩塚仙貝經濟包,45.0,34.0,24.0,36720.0,3.46,5.0,3.857142857142857,4.632038677831304,1.2008989164747823,15,21,0.7142857142857143,1.4741228e-06,0.00013541878,0,10,2,0.2016223002070364,1
14331028001,桂格雙認證高鈣脫脂奶粉1.5Kg,49.0,32.0,24.0,37632.0,11.8,6.0,3.2857142857142856,3.0259647362509052,0.9209457892937538,17,21,0.8095238095238095,4.4587506e-07,6.770939e-05,2,8,2,0.1986746229174515,1
12003130001,FINO高效滲透護髮膜,37.0,29.0,25.0,26825.0,10.5,24.0,1.380952380952381,1.6176464525202885,1.1713991552733125,15,21,0.7142857142857143,2.616109e-07,5.0782044e-05,0,4,1,0.1883305141656814,1
14504038001,味王當歸藥膳包麵78g(特規),30.0,16.0,14.0,6720.0,0.99,10.0,35.714285714285715,30.16958868848982,0.844748483277715,16,21,0.7619047619047619,8.4625185e-07,0.00022005552,2,75,8,0.2025924744721643,1
14630027001,亨氏番茄醬(倒瓶) 567g,29.0,22.0,18.0,11484.0,10.0,12.0,2.857142857142857,3.29914439536929,1.1547005383792517,15,21,0.7142857142857143,6.5061266e-07,5.0782044e-05,0,8,1,0.188843808617543,1
11102009001,水晶肥皂200g 8入,37.0,31.0,22.0,25234.0,15.98,9.0,5.380952380952381,4.369550379792176,0.8120403360675724,17,21,0.8095238095238095,9.4634515e-07,8.463674e-05,2,11,2,0.1967674077064247,1
12020243001,露得清男性深層去油洗面乳,27.0,18.0,19.0,9234.0,1.67,12.0,2.9047619047619047,3.1758727620062985,1.0933332459365943,15,21,0.7142857142857143,6.574372e-07,6.770939e-05,0,7,1,0.1875302911606241,1
14243166001,家樂福無調味烘烤雙果,54.0,37.0,18.0,35964.0,11.06,24.0,2.619047619047619,2.535015553182127,0.967915029396812,16,21,0.7619047619047619,5.891915e-07,5.0782044e-05,2,6,1,0.1897334516380653,1
14833013001,新東陽精緻海苔肉鬆248g,37.0,28.0,21.0,21756.0,4.8,12.0,2.9047619047619047,3.006417927174209,1.0349963355845635,15,21,0.7142857142857143,1.3740234e-06,0.00023698287,0,7,1,0.2028657909918877,1
31602045001,NiceNice細網角型洗衣袋 6060,25.0,17.0,16.0,6800.0,1.72,24.0,3.3333333333333335,3.7585880496516406,1.127576414895492,14,21,0.6666666666666666,3.9355322e-07,5.0782044e-05,0,9,1,0.176775748759255,1
14506225001,Paldo御膳炸醬麵(包)200g,38.0,32.0,14.0,17024.0,3.7,16.0,5.523809523809524,6.230638946208048,1.1279604988824914,14,21,0.6666666666666666,9.167722e-07,0.00010156409,0,14,1,0.1833296523988742,1
12120006001,蘇菲繽紛香氣超薄護墊淡雅香氛,36.0,30.0,19.0,20520.0,1.81,12.0,2.8095238095238093,2.9214974571767556,1.0398550271307097,15,21,0.7142857142857143,2.9118405e-07,0.00020312818,0,7,1,0.1965272010822764,1
11072001001,滅飛新蚊香經濟包60卷,51.0,39.0,15.0,29835.0,10.45,12.0,5.9523809523809526,7.101148065973226,1.192992875083502,15,21,0.7142857142857143,5.391445e-07,0.00010156409,0,16,2,0.1952739518611107,1
14853061001,偉嘉妙鮮包鯖魚及鮭魚 85G 四入裝,51.0,28.0,15.0,21420.0,8.13,20.0,1.3333333333333333,3.919831548048891,2.9398736610366685,5,21,0.238095238095238,1.16018676e-07,5.0782044e-05,4,7,1,0.1721679562705528,4
31271003001,環保椰子炭,48.0,19.0,19.0,17328.0,8.6,10.0,0.238095238095238,0.7499055118106487,3.1496031496047245,2,21,0.0952380952380952,7.5070886e-08,1.6927348e-05,4,2,1,0.1487942291552889,4
10014081001,樹頂100石榴莓綜合果汁200ml,41.0,27.0,16.0,17712.0,12.41,24.0,0.8571428571428571,2.799416848895061,3.2659863237109046,2,21,0.0952380952380952,8.644527e-08,3.3854696e-05,4,5,1,0.1560030460442374,4
42613064002,G-PLUS LJ1704W來電顯示有線電話機,7.0,7.0,20.0,980.0,0.4,1.0,0.1428571428571428,0.4665694748158434,3.265986323710904,2,21,0.0952380952380952,2.2748752e-08,1.6927348e-05,4,1,1,0.1541720598788877,4
10040044001,Evian依雲礦泉水1000ml,34.0,25.0,25.0,21250.0,13.02,12.0,4.857142857142857,11.90952285752362,2.4519605883136864,5,21,0.238095238095238,3.6398e-08,5.0782044e-05,4,21,2,0.148880343007405,4
10034047001,茶本淨草本舒壓有機南非綠博士茶580ml,42.0,28.0,23.0,27048.0,15.52,24.0,0.5714285714285714,1.8662778992633735,3.265986323710904,2,21,0.0952380952380952,7.0521125e-08,3.3854696e-05,4,3,1,0.1559354811266524,4
35301003001,鈴鹿5W/50全合成SN/CF機油,42.0,26.0,25.0,27300.0,11.482,12.0,1.619047619047619,4.434455895932501,2.7389286416053684,4,21,0.1904761904761904,4.549751e-09,1.6927348e-05,4,8,1,0.1490838814488066,4
14203005001,珍珍鱈魚香絲(寬條),50.0,33.0,21.0,34650.0,3.3,20.0,0.5714285714285714,1.4982983545287878,2.622022120425379,6,21,0.2857142857142857,3.184825e-07,5.0782044e-05,4,3,1,0.1676037768203727,4
11072897001,雷達強效煙霧殺蟲劑2入42.5g,33.0,27.0,24.0,21384.0,3.18,12.0,0.7619047619047619,1.8491893179950096,2.4270609798684504,6,21,0.2857142857142857,7.734576e-08,3.3854696e-05,4,4,1,0.1559804189565607,4
11030015001,去味大師竹木香-粉戀櫻花 竹木香粉戀櫻花,48.0,17.0,21.0,17136.0,4.63,12.0,0.1428571428571428,0.4665694748158434,3.2659863237109037,2,21,0.0952380952380952,1.5924128e-08,1.6927348e-05,4,1,1,0.1541506963538652,4
11051011001,加倍潔檸檬酸去汙粉,24.0,22.0,17.0,8976.0,4.1,12.0,0.5238095238095238,1.3316315670580536,2.5422057189290115,5,21,0.238095238095238,5.4596995e-08,1.6927348e-05,4,3,1,0.1497956337392712,4
11071014001,家福黏蟑屋,22.0,21.0,23.0,10626.0,3.1,30.0,0.5714285714285714,1.7340134720031548,3.034523576005521,4,21,0.1904761904761904,9.099503e-08,1.6927348e-05,4,3,1,0.1633793609533378,4
14244911001,Sunny Ranch特選無調味綜合堅果,38.0,28.0,18.0,19152.0,4.0,12.0,0.2857142857142857,0.9331389496316868,3.2659863237109037,2,21,0.0952380952380952,4.3222624e-08,1.6927348e-05,4,2,1,0.1542450087652656,4
12012027001,雪芙蘭小蒼蘭滋養霜,23.0,17.0,7.0,2737.0,1.31,12.0,0.6190476190476191,2.1486693662244716,3.470927437747223,3,21,0.1428571428571428,6.1421616e-08,1.6927348e-05,4,4,1,0.1740913759042374,4
14311041001,伯朗咖啡藍山風味3合1,34.0,25.0,29.0,24650.0,5.2,6.0,0.9047619047619048,2.860315698605944,3.161401561617096,3,21,0.1428571428571428,1.2966795e-07,3.3854696e-05,4,5,1,0.1611561613975418,4
32470025001,3M利貼可再貼便條紙3*3混色,17.0,17.0,15.0,4335.0,2.27,12.0,0.1428571428571428,0.4665694748158434,3.265986323710904,2,21,0.0952380952380952,2.7298501e-08,1.6927348e-05,4,1,1,0.1541863022278592,4
11071013001,鱷魚點點殺蟑 鱷魚點點殺蟑,28.0,22.0,25.0,15400.0,1.654,24.0,0.1428571428571428,0.4665694748158434,3.265986323710904,2,21,0.0952380952380952,4.5497497e-08,1.6927348e-05,4,1,1,0.1542432716237452,4
11051019001,妙管家除垢劑750g,42.0,25.0,25.0,26250.0,10.702,12.0,1.1428571428571428,2.799416848895061,2.4494897427831783,6,21,0.2857142857142857,1.00094546e-07,3.3854696e-05,4,5,1,0.1571443429777262,4
61037010002,宜而爽女彈性三角褲,28.0,19.0,5.0,2660.0,0.84,6.0,0.4761904761904761,1.4998110236212974,3.1496031496047245,2,21,0.0952380952380952,1.1374377e-08,1.6927348e-05,4,3,1,0.1486096000498737,4
41417013001,百靈 閘式清潔液,9.0,10.0,13.0,1170.0,0.3,1.0,0.1428571428571428,0.4665694748158434,3.265986323710904,2,21,0.0952380952380952,0.0,0.0,4,1,1,0.1525135464890936,4
31254899001,耐熱袋-1斤,26.0,18.0,13.0,6084.0,4.0,20.0,0.3809523809523809,1.1328930717495542,2.97384431334258,3,21,0.1428571428571428,4.7772375e-08,5.0782044e-05,4,2,1,0.1535145113988582,4
10001044001,黑松CC乳酸菌氣泡飲 510ml,40.0,27.0,25.0,27000.0,13.748,24.0,0.7619047619047619,2.3483481916072293,3.0822070014844885,2,21,0.0952380952380952,1.11468935e-07,5.0782044e-05,4,4,1,0.1489027453331227,4
14001014001,家福麥味蘇打140g,61.0,23.0,24.0,33672.0,3.21,18.0,1.4285714285714286,5.1043532174710915,3.573047252229764,4,21,0.1904761904761904,1.774404e-07,6.770939e-05,4,8,1,0.1941343038381547,4
10014103001,樹頂100石榴莓綜合果汁1L,39.0,17.0,26.0,17238.0,11.312,10.0,0.238095238095238,0.7499055118106487,3.1496031496047245,2,21,0.0952380952380952,8.4170395e-08,3.3854696e-05,4,2,1,0.1504100155106899,4
11103001002,白帥帥抗菌洗衣精,45.0,23.0,30.0,31050.0,14.0,4.0,0.4761904761904761,1.401327520910682,2.9427877939124323,3,21,0.1428571428571428,7.5070886e-08,3.3854696e-05,4,3,1,0.150538228617428,4
10031021001,阿薩姆雙茶會烏龍紅茶330ml,35.0,21.0,15.0,11025.0,8.52,24.0,0.8571428571428571,2.7994168488950604,3.265986323710904,2,21,0.0952380952380952,1.3876748e-07,3.3854696e-05,4,5,1,0.1561668333594894,4
14730041001,登豐海帶芽120g,38.0,26.0,19.0,18772.0,1.76,12.0,1.4285714285714286,4.2378277069118075,2.9664793948382653,7,21,0.3333333333333333,1.5469162e-07,3.3854696e-05,4,7,1,0.1919758099824337,4
12102047001,舒酸定牙齦護理超值組,36.0,35.0,24.0,30240.0,9.52,24.0,0.1428571428571428,0.4665694748158434,3.2659863237109037,2,21,0.0952380952380952,2.5023628e-08,1.6927348e-05,4,1,1,0.154179181058069,4
41511008001,山多力 SL-3501A 10吋桌扇,44.0,28.0,22.0,27104.0,2.6,1.0,0.1428571428571428,0.4665694748158434,3.2659863237109037,2,21,0.0952380952380952,2.5023628e-08,1.6927348e-05,4,1,1,0.154179181058069,4
15020007001,倍瑞100％全脂牛奶1000ml,37.0,20.0,22.0,16280.0,13.12,12.0,5.238095238095238,17.957369522884076,3.4282250907324143,4,21,0.1904761904761904,4.549751e-09,1.6927348e-05,4,29,3,0.1821643141059891,4
12123070001,靠得住溫柔宣言輕柔棉夜用,8.0,12.0,11.0,1102.0,0.13,1.0,0.4285714285714285,1.3997084244475302,3.265986323710904,2,21,0.0952380952380952,6.142162e-08,3.3854696e-05,4,3,3,0.1558981380954863,4
12020005003,雪芙蘭淨肌礦物泥洗面乳,32.0,19.0,19.0,11552.0,1.94,12.0,0.2857142857142857,0.9331389496316868,3.265986323710904,2,21,0.0952380952380952,6.824625e-08,1.6927348e-05,4,2,1,0.1543233417049563,4
12010069001,巴黎美妝馬賽潔手露-羅勒檸檬 巴黎美妝馬賽潔,28.0,24.0,20.0,13440.0,6.84,12.0,0.8571428571428571,2.335761613034423,2.725055215206827,7,21,0.3333333333333333,1.0691919e-07,3.3854696e-05,4,4,1,0.1802831007713363,4
11062011001,洗王茶杯專用菜瓜布 洗王茶杯專用,38.0,30.0,21.0,23940.0,1.0,40.0,0.1428571428571428,0.4665694748158434,3.2659863237109037,2,21,0.0952380952380952,9.099502e-09,1.6927348e-05,4,1,1,0.154129332822582,4
12003069001,潘婷三分鐘護髮精華素-多效 多效損傷修護,28.0,23.0,23.0,14812.0,2.85,12.0,0.238095238095238,0.7499055118106486,3.149603149604724,2,21,0.0952380952380952,1.8199003e-08,1.6927348e-05,4,2,1,0.1486161997289725,4
10020039001,Asahi Wonda 金的微糖咖啡 CAN182ml,33.0,27.0,11.0,9801.0,6.592,30.0,0.8571428571428571,2.7994168488950604,3.265986323710904,2,21,0.0952380952380952,3.184825e-08,1.6927348e-05,4,5,1,0.1542448361333837,4
14506313001,五木麵大師和風麵條300g,38.0,24.0,12.0,10944.0,6.4,20.0,4.666666666666667,17.326921891156033,3.71291183381915,9,21,0.4285714285714285,4.640742e-07,0.000118491436,4,27,2,0.2566610527673355,4
12011388001,愛迪達男用三效洗髮沐浴露青春活力,31.0,17.0,26.0,13702.0,5.5,12.0,0.3809523809523809,1.290115922299435,3.386554296036017,3,21,0.1428571428571428,2.2748752e-08,1.6927348e-05,4,3,1,0.1699338197714011,4
11050069001,妙管家椰子油洗潔精 妙管家椰子油洗,40.0,24.0,26.0,24960.0,13.7,12.0,0.1428571428571428,0.4665694748158434,3.265986323710904,2,21,0.0952380952380952,3.4123126e-08,1.6927348e-05,4,1,1,0.154207665756012,4
12011226001,麗仕精油香氛沐浴乳浪漫怡香 浪漫怡香,48.0,22.0,27.0,28512.0,14.08,12.0,0.2857142857142857,0.8806305718527109,3.0822070014844885,3,21,0.1428571428571428,5.0047245e-08,1.6927348e-05,4,2,1,0.1555063424258573,4
14311093001,伯朗咖啡藍山風味,33.0,25.0,23.0,18975.0,3.51,6.0,0.4285714285714285,1.0942024088643865,2.553138954016902,5,21,0.238095238095238,2.1156357e-07,3.3854696e-05,4,2,1,0.1523895354572326,4
12125013001,蘇菲導管式衛生棉條量少型,26.0,26.0,16.0,10816.0,3.0,24.0,0.1428571428571428,0.4665694748158434,3.2659863237109037,2,21,0.0952380952380952,1.00094546e-07,3.3854696e-05,4,1,1,0.1560014816253793,4
14243009001,萬歲牌南棗琥珀核桃,33.0,25.0,13.0,10725.0,2.15,12.0,0.8095238095238095,2.362787853343862,2.9187379364835944,5,21,0.238095238095238,5.0047248e-08,3.3854696e-05,4,4,1,0.1693342039163557,4
14510037001,中興鮨壽司米(圓ㄧ)3kg,35.0,24.0,5.0,4288.0,3.0,1.0,0.8571428571428571,2.4355641623894138,2.8414915227876496,4,21,0.1904761904761904,1.5241675e-07,3.3854696e-05,4,4,4,0.1559755804835498,4
35300013001,(平)ENI i-Sint 5W/40 全合成機油,44.0,22.0,23.0,22264.0,11.32,12.0,0.3809523809523809,1.2140522651411392,3.1868871959954905,2,21,0.0952380952380952,0.0,0.0,4,2,1,0.1487579693045373,4
14342020001,雀巢巧克力醬,19.0,17.0,21.0,6783.0,4.25,6.0,0.7619047619047619,2.447637576361218,3.212524318974099,3,21,0.1428571428571428,2.7298501e-08,1.6927348e-05,4,4,1,0.1616763669638043,4
14851001001,加好寶經典乾貓糧-鮪魚7Kg,52.0,39.0,11.0,22308.0,7.0,1.0,0.1428571428571428,0.4665694748158434,3.2659863237109037,2,21,0.0952380952380952,1.3649252e-08,1.6927348e-05,4,1,1,0.1541435751746839,4
14602050001,秘密味蕾-黑胡椒粗粒50g,12.0,18.0,12.0,2592.0,1.2,6.0,1.0,2.309401076758503,2.309401076758503,7,21,0.3333333333333333,2.3431237e-07,3.3854696e-05,4,4,1,0.1608781647528583,4
11050073001,白雪洗碗精,41.0,24.0,26.0,25584.0,13.081,12.0,0.1428571428571428,0.4665694748158434,3.2659863237109037,2,21,0.0952380952380952,2.0473879e-08,1.6927348e-05,4,1,1,0.1541649387090974,4
14801020001,飯友新四分片鳳梨切片227g,37.0,27.0,12.0,11988.0,7.58,24.0,2.142857142857143,4.733726150223112,2.209072203437452,7,21,0.3333333333333333,3.162077e-07,5.0782044e-05,0,9,1,0.1580104160404311,4
12003111001,瑪宣妮珍珠光護髮優格 珍珠光護髮優格,20.0,10.0,17.0,3400.0,1.64,6.0,0.1428571428571428,0.4665694748158434,3.2659863237109037,2,21,0.0952380952380952,2.0473879e-08,1.6927348e-05,4,1,1,0.1541649387090974,4
11103112001,白蘭強效除蹣過敏洗衣精2.7KG,46.0,22.0,33.0,33396.0,12.15,4.0,0.6666666666666666,1.7548119783512648,2.6322179675268975,5,21,0.238095238095238,7.962064e-08,3.3854696e-05,4,3,1,0.1557606528075106,4
11050037001,妙管家E護洗潔精,38.0,23.0,32.0,27968.0,13.97,4.0,0.1428571428571428,0.4665694748158434,3.265986323710904,2,21,0.0952380952380952,1.5924128e-08,1.6927348e-05,4,1,1,0.1541506963538652,4
14241043001,泰源農場五香落花生,30.0,21.0,14.0,8820.0,2.67,8.0,0.1428571428571428,0.4665694748158434,3.2659863237109037,2,21,0.0952380952380952,6.824625e-08,1.6927348e-05,4,1,1,0.1543144833936456,4
12020960001,澳寶outlast櫻花亮白彈嫩水潔面乳 櫻花亮潔面乳,30.0,18.0,18.0,9720.0,2.84,15.0,0.3333333333333333,1.0837911120705757,3.251373336211727,3,21,0.1428571428571428,7.2796006e-08,1.6927348e-05,4,2,1,0.1636439938118742,4
14312003001,UCC 117 即溶咖啡,34.0,23.0,18.0,14076.0,6.566,12.0,3.1904761904761907,10.21492394498432,3.201692579771205,5,21,0.238095238095238,1.2966795e-07,3.3854696e-05,4,17,2,0.1832184070762623,4
14602110001,飛馬白胡椒粒50g,13.0,9.0,12.0,1404.0,1.01,6.0,0.1428571428571428,0.4665694748158434,3.2659863237109037,2,21,0.0952380952380952,4.5497497e-08,1.6927348e-05,4,1,1,0.1542432716237452,4
11031916001,妙管家噴霧式芳香劑-清新檸檬 噴式香劑檸檬,28.0,22.0,19.0,11704.0,3.5,12.0,0.6190476190476191,1.7855555485002546,2.8843589629619495,4,21,0.1904761904761904,8.872016e-08,3.3854696e-05,4,3,1,0.1578047439156072,4
14023210001,樂事洋芋片限量熱銷組,36.0,6.0,20.0,4320.0,0.6,1.0,1.4285714285714286,3.1858530826052824,2.2300971578236974,7,21,0.3333333333333333,5.891916e-07,0.000118491436,0,6,6,0.1661720446700789,4
12016139001,妮維雅男止汗爽身噴霧-無印乾爽 男士無印乾爽,28.0,19.0,18.0,9576.0,4.1,24.0,0.1428571428571428,0.4665694748158434,3.265986323710904,2,21,0.0952380952380952,1.5924128e-08,1.6927348e-05,4,1,1,0.1541506963538652,4
12102024001,保麗淨假牙黏著劑 保麗淨假牙黏著,45.0,33.0,21.0,31185.0,5.5,48.0,0.4761904761904761,1.3316315670580536,2.7964262908219126,4,21,0.1904761904761904,5.232212e-08,1.6927348e-05,4,3,1,0.1519032440489232,4
14310011001,家福曼特寧風情咖啡豆,47.0,28.0,19.0,25004.0,6.97,14.0,0.1428571428571428,0.4665694748158434,3.265986323710904,2,21,0.0952380952380952,2.5023628e-08,1.6927348e-05,4,1,1,0.154179181058069,4
14244060001,義美原味綜合纖果,38.0,29.0,16.0,17632.0,5.734,12.0,0.4761904761904761,1.0962728031639368,2.302172886644267,6,21,0.2857142857142857,1.2284332e-07,3.3854696e-05,4,2,1,0.1501522070096201,4
14210089001,家樂福全果粒蔓越莓果乾42g,36.0,21.0,19.0,14364.0,1.18,20.0,1.0,2.5260547066428276,2.5260547066428276,5,21,0.238095238095238,3.0028355e-07,5.0782044e-05,4,5,1,0.152998997312277,4
12011184001,麗仕清爽沐浴乳煥活冰爽,47.0,22.0,26.0,26884.0,13.8,12.0,0.5714285714285714,1.5297503242103816,2.677063067368168,5,21,0.238095238095238,5.6871873e-08,3.3854696e-05,4,3,1,0.1578211231243785,4
12012108001,超值薰衣草身體乳液,38.0,26.0,24.0,23712.0,13.084,24.0,0.9047619047619048,2.598621647550905,2.872160768345737,5,21,0.238095238095238,5.0047245e-08,5.0782044e-05,4,5,1,0.1687072625878456,4
14353012001,馬玉山高纖大燕麥片2400g,56.0,41.0,24.0,55104.0,11.67,4.0,0.2857142857142857,0.9331389496316868,3.265986323710904,2,21,0.0952380952380952,1.8199003e-08,1.6927348e-05,4,2,1,0.1541666758412267,4
12005019008,美吾髮快速護髮染髮霜 80g 3號-淺粟,32.0,21.0,19.0,12768.0,2.2,12.0,0.1428571428571428,0.4665694748158434,3.2659863237109037,2,21,0.0952380952380952,2.0473879e-08,1.6927348e-05,4,1,1,0.1541649387090974,4
14023502001,百事金光閃閃洋芋片組合箱,35.0,15.0,23.0,12075.0,0.6,1.0,1.2857142857142858,3.7814441325889185,2.9411232142358252,4,21,0.1904761904761904,1.8199003e-08,1.6927348e-05,4,7,7,0.1587437507682438,4
12002044001,思波綺瞬亮修護潤髮乳 思波綺瞬亮修潤,27.0,18.0,21.0,10206.0,5.262,9.0,0.5238095238095238,1.29537814368909,2.4729946379518988,6,21,0.2857142857142857,8.6445276e-08,1.6927348e-05,4,3,1,0.1565963131520117,4
14321011001,雀巢鷹牌煉奶罐裝原味 397g,32.0,25.0,18.0,14400.0,11.0,24.0,1.380952380952381,3.19934800614111,2.316769245826321,7,21,0.3333333333333333,8.4170395e-08,1.6927348e-05,4,6,1,0.159195698304128,4
14832043001,新東陽旗魚鬆,38.0,29.0,20.0,22040.0,4.89,12.0,2.0952380952380953,6.361377223636867,3.0361118567357774,7,21,0.3333333333333333,2.7071036e-07,5.0782044e-05,4,11,1,0.1972867334328631,4
10016021001,SAKI番茄汁180ML,33.0,27.0,12.0,10692.0,6.2,30.0,2.2857142857142856,7.740695533796608,3.3865542960360164,3,21,0.1428571428571428,6.1421616e-08,1.6927348e-05,4,13,1,0.1701729905473076,4
31533085001,餐具專用海綿菜瓜布2入,40.0,14.0,17.0,9520.0,0.4,12.0,0.3333333333333333,1.0837911120705754,3.2513733362117265,3,21,0.1428571428571428,6.597137e-08,1.6927348e-05,4,2,1,0.1636226302492874,4
14602045001,飛馬椒鹽粉60g,13.0,12.0,9.0,1404.0,0.97,6.0,0.1428571428571428,0.4665694748158434,3.2659863237109037,2,21,0.0952380952380952,5.4596995e-08,1.6927348e-05,4,1,1,0.1542717563216882,4
10022004001,白馬馬力夯提神飲料150ml,33.0,22.0,15.0,10890.0,7.53,24.0,8.285714285714286,20.987848768236525,2.5330162306492356,6,21,0.2857142857142857,6.597137e-08,3.3854696e-05,4,36,2,0.1614618164413117,4
14853033001,愛貓機能餐罐(鮪魚+吻仔魚)85g,27.0,21.0,9.0,5103.0,2.522,24.0,0.5238095238095238,1.679542103671276,3.2063985615542543,2,21,0.0952380952380952,9.099502e-09,1.6927348e-05,4,3,1,0.1513126431971143,4
14850012001,寶路雞肉包 70g,20.0,19.0,23.0,8740.0,1.29,12.0,0.6666666666666666,2.1675822241411513,3.251373336211727,3,21,0.1428571428571428,1.5924128e-08,1.6927348e-05,4,4,1,0.1634866337942677,4
11030017001,去味大師竹木香補充-清新麝香,30.0,17.0,20.0,10200.0,1.85,12.0,0.1428571428571428,0.4665694748158434,3.2659863237109037,2,21,0.0952380952380952,1.1374377e-08,1.6927348e-05,4,1,1,0.154136453998633,4
35307925001,Mobil1 ESP 5w30全合成機油,24.0,20.0,25.0,12000.0,5.492,6.0,0.3809523809523809,1.2140522651411392,3.1868871959954905,2,21,0.0952380952380952,2.2748754e-09,1.6927348e-05,4,2,1,0.1503523921048644,4
31421024001,密保諾大袋20入,24.0,21.0,31.0,15624.0,2.44,12.0,0.8571428571428571,2.231499907401901,2.6034165586355513,5,21,0.238095238095238,5.4597e-08,5.0782044e-05,4,4,1,0.1559085838388329,4
14311002001,伯朗特濃湖鹽咖啡三合一,40.0,11.0,16.0,7040.0,3.166,8.0,0.4761904761904761,1.5312319229346216,3.2155870381627056,3,21,0.1428571428571428,3.6398e-08,1.6927348e-05,4,3,1,0.1618331226931237,4
12000057001,美吾髮鼠尾草沁香洗髮露,43.0,23.0,25.0,24725.0,12.1,12.0,0.3333333333333333,0.8908708063747479,2.6726124191242437,4,21,0.1904761904761904,1.1829358e-07,5.0782044e-05,4,2,1,0.1493737881927074,4
12011011001,澎澎 激酷沐浴乳 澎澎 激酷沐浴乳,37.0,21.0,25.0,19425.0,9.17,12.0,0.5714285714285714,1.941315915299001,3.397302851773252,3,21,0.1428571428571428,3.8672873e-08,3.3854696e-05,4,4,1,0.1720951216275993,4
14720030001,聯昇冬瓜茶磚550g,35.0,31.0,12.0,13020.0,6.95,12.0,1.1904761904761905,3.033449201644378,2.5480973293812776,5,21,0.238095238095238,1.5469162e-07,3.3854696e-05,4,6,1,0.1520184359398545,4
10024005001,健酪水蜜桃乳酸飲料,40.0,27.0,13.0,14040.0,8.85,24.0,10.0,22.168188275738085,2.2168188275738085,7,21,0.3333333333333333,3.344066e-07,5.0782044e-05,0,39,2,0.1589238430413145,4
12034154001,cosmos 多功能抗菌香皂袋 香皂袋,20.0,16.0,2.0,640.0,0.1,6.0,0.1428571428571428,0.4665694748158434,3.265986323710904,2,21,0.0952380952380952,6.597137e-08,3.3854696e-05,4,1,1,0.155894663824967,4
14633031001,李錦記麻辣火鍋上湯70g,11.0,12.0,15.0,1980.0,0.83,12.0,0.3809523809523809,1.1328930717495542,2.97384431334258,3,21,0.1428571428571428,9.099503e-08,1.6927348e-05,4,2,1,0.1504752105916887,4
12010040001,櫻桃牛乳香皂,38.0,30.0,23.0,26220.0,15.0,24.0,0.5714285714285714,1.293626448305345,2.263846284534354,7,21,0.3333333333333333,1.4331722e-07,1.6927348e-05,4,3,1,0.1568080247976424,4
11002007001,去味大師鞋內除臭芳香劑 220ml,23.0,16.0,18.0,6624.0,7.66,12.0,0.1428571428571428,0.4665694748158434,3.265986323710904,2,21,0.0952380952380952,1.00094546e-07,1.6927348e-05,4,1,1,0.1544141800023553,4
12020237001,元素碳男性洗面乳-深層淨化,30.0,17.0,18.0,9180.0,2.042,12.0,0.1428571428571428,0.4665694748158434,3.2659863237109037,2,21,0.0952380952380952,5.687187e-08,3.3854696e-05,4,1,1,0.1558661791207632,4
12012072001,雪芙蘭滋養霜(清爽型) 清爽型,28.0,19.0,10.0,5320.0,2.8,12.0,0.6666666666666666,2.0548046676563256,3.0822070014844885,3,21,0.1428571428571428,2.2748752e-08,3.3854696e-05,4,4,1,0.1570318121216776,4
14244047001,Fungo杏仁小魚,48.0,22.0,17.0,17952.0,4.6,10.0,0.1428571428571428,0.4665694748158434,3.265986323710904,2,21,0.0952380952380952,2.9573375e-08,1.6927348e-05,4,1,1,0.1541934234007798,4
12022153001,自白肌防曬乳SPF50+ 35ml戶外型,20.0,20.0,28.0,11200.0,0.992,12.0,0.2857142857142857,0.9331389496316868,3.265986323710904,2,21,0.0952380952380952,6.369649e-08,1.6927348e-05,4,2,1,0.1543090993215508,4
12121081001,蕾妮亞輕潔抑菌量多日用型22.5cm 輕潔抑菌日用型,32.0,19.0,22.0,13376.0,1.482,12.0,0.4761904761904761,1.4998110236212974,3.1496031496047245,2,21,0.0952380952380952,3.6398e-08,1.6927348e-05,4,3,1,0.1486879329801733,4
12011191001,淨男士平衡控油沐浴露活力運動,28.0,15.0,26.0,10920.0,5.1,6.0,0.1428571428571428,0.4665694748158434,3.2659863237109037,2,21,0.0952380952380952,4.0947747e-08,1.6927348e-05,4,1,1,0.1542290292716434,4
32431020001,Opp超透明事務小膠帶18mm,30.0,29.0,5.0,4350.0,2.0,12.0,0.1428571428571428,0.4665694748158434,3.2659863237109037,2,21,0.0952380952380952,3.4123126e-08,1.6927348e-05,4,1,1,0.154207665756012,4
10023031001,白蘭氏旭沛蜆精60ml*12,36.0,25.0,25.0,22500.0,13.0,6.0,0.3809523809523809,1.0900498230723423,2.8613807855648994,4,21,0.1904761904761904,7.2796e-08,3.3854696e-05,4,2,1,0.1566448533323247,4
14310003001,伯朗精品咖啡豆印尼弗洛勒斯(中深),37.0,24.0,13.0,11544.0,2.352,8.0,0.2857142857142857,0.8806305718527109,3.0822070014844885,3,21,0.1428571428571428,7.2796006e-08,1.6927348e-05,4,2,1,0.1555775542208007,4
11021067001,家福全效多功能橄欖油黑肥皂濕巾 (80張) 家福全效多功能,37.0,20.0,11.0,8140.0,2.44,10.0,0.1428571428571428,0.4665694748158434,3.2659863237109037,2,21,0.0952380952380952,6.1421616e-08,1.6927348e-05,4,1,1,0.1542931198373196,4
12001070001,Alpecin咖啡因洗髮露,29.0,7.0,19.0,3857.0,1.89,6.0,0.4285714285714285,1.0942024088643862,2.553138954016901,5,21,0.238095238095238,1.0919406e-07,3.3854696e-05,4,2,1,0.1520690821123419,4
14741008001,日正在來粉 500g,37.0,29.0,16.0,17168.0,6.57,12.0,0.238095238095238,0.7499055118106486,3.149603149604724,2,21,0.0952380952380952,3.4123126e-08,1.6927348e-05,4,2,1,0.1486660479550684,4
14602116001,小磨坊自調式研磨器鮮磨黑胡椒42g,13.0,9.0,11.0,1287.0,1.0,6.0,0.2857142857142857,0.9331389496316868,3.2659863237109037,2,21,0.0952380952380952,3.8672873e-08,1.6927348e-05,4,2,1,0.1542307664100334,4
12123060001,好自在甜睡瞬潔40cm10片,42.0,33.0,25.0,34650.0,3.0,12.0,0.3809523809523809,1.1328930717495542,2.97384431334258,3,21,0.1428571428571428,2.7298501e-08,1.6927348e-05,4,2,1,0.1502758175714821,4
11030046001,Farcent香水室內擴香補充-真我星夜 擴香補充-星夜,23.0,20.0,39.0,17940.0,2.26,12.0,0.238095238095238,0.7499055118106487,3.1496031496047245,2,21,0.0952380952380952,2.2748752e-08,1.6927348e-05,4,2,1,0.1486304420779441,4
31504006001,環潔實心垃圾袋--超大,42.0,25.0,22.0,23100.0,15.0,24.0,0.4285714285714285,1.3997084244475304,3.2659863237109046,2,21,0.0952380952380952,9.099502e-09,1.6927348e-05,4,3,1,0.1541470494452033,4
31822063001,美背三層空櫥,92.0,31.0,6.0,17112.0,7.0,1.0,1.238095238095238,3.3651542369628102,2.718009191393039,9,21,0.4285714285714285,2.2748752e-08,3.3854696e-05,4,6,6,0.1997073832731278,4
14633055001,福華沙茶醬 145g,35.0,25.0,12.0,10500.0,8.59,24.0,0.4285714285714285,1.3997084244475302,3.265986323710904,2,21,0.0952380952380952,4.3222624e-08,1.6927348e-05,4,3,1,0.1542538670765762,4
10023073001,白蘭氏兒童學進雞精41mlx6,31.0,21.0,16.0,10416.0,6.7,6.0,1.238095238095238,3.9267672624930103,3.171619712013585,3,21,0.1428571428571428,4.549751e-09,1.6927348e-05,4,7,2,0.1596849228702351,4
10020037001,Asahi Wonda 早安咖啡 CAN179ml,33.0,27.0,11.0,9801.0,6.592,30.0,4.285714285714286,13.997084244475303,3.265986323710904,2,21,0.0952380952380952,2.7298501e-08,1.6927348e-05,4,23,1,0.1544431932558662,4
11032031001,克潮靈集水袋除濕盒,47.0,25.0,25.0,29375.0,6.33,24.0,0.6666666666666666,2.167582224141151,3.2513733362117265,3,21,0.1428571428571428,3.184825e-08,1.6927348e-05,4,4,1,0.1635364820172332,4
12011174001,牛乳石鹼美肌保濕沐浴乳-花香 優雅花香,32.0,22.0,22.0,15488.0,7.95,12.0,0.1428571428571428,0.4665694748158434,3.265986323710904,2,21,0.0952380952380952,4.3222624e-08,1.6927348e-05,4,1,1,0.154236150453955,4
11074060005,熊寶貝衣物香氛袋21G,24.0,22.0,11.0,5808.0,0.63,10.0,0.4761904761904761,1.401327520910682,2.9427877939124323,3,21,0.1428571428571428,5.4596995e-08,1.6927348e-05,4,3,1,0.1488868363598598,4
10031022001,雀巢茶品錫蘭原葉紅茶530ml,41.0,28.0,24.0,27552.0,14.3,24.0,5.142857142857143,13.97373629787141,2.717115391252774,5,21,0.238095238095238,1.046443e-07,1.6927348e-05,4,24,1,0.1585759674137619,4
11074022001,優品木之薈樟腦油-補充瓶,31.0,23.0,23.0,16399.0,7.2,12.0,0.4285714285714285,1.3299276232160897,3.103164454170876,3,21,0.1428571428571428,1.1374377e-08,3.3854696e-05,4,3,1,0.157980400862881,4
14601046001,烹大師干貝風味調味料120g,40.0,35.0,19.0,26600.0,5.3,30.0,0.8571428571428571,2.9806633056245384,3.4774405232286285,4,21,0.1904761904761904,2.3431237e-07,3.3854696e-05,4,5,1,0.1865451044529063,4
14333006001,貝氏羊奶粉 700g,54.0,40.0,16.0,34560.0,11.556,12.0,1.0,2.3094010767585034,2.3094010767585034,7,21,0.3333333333333333,5.232212e-08,1.6927348e-05,4,4,1,0.1587211682631696,4
14852019001,西莎蒸鮮包低脂牛肉與蔬菜70g,32.0,21.0,27.0,18144.0,8.11,96.0,3.142857142857143,10.41192409045063,3.312884937870655,3,21,0.1428571428571428,6.597137e-08,3.3854696e-05,4,17,1,0.1683161588997746,4
12210021001,柔情200盒裝面紙,24.0,12.0,48.0,13536.0,0.2,1.0,3.3333333333333335,10.615950861718073,3.1847852585154217,5,21,0.238095238095238,4.3222624e-08,1.6927348e-05,4,17,17,0.1805634540310123,4
12327085001,亞培安素香草少甜8入禮盒 安素香草少甜盒,61.0,31.0,22.0,41602.0,16.13,6.0,0.1428571428571428,0.4665694748158434,3.2659863237109037,2,21,0.0952380952380952,4.549751e-09,1.6927348e-05,4,1,1,0.1541150904673498,4
11103113001,白蘭洗衣精蘆薈親膚2.7KG 白蘭洗衣精蘆薈,46.0,22.0,33.0,33396.0,12.16,4.0,0.2857142857142857,0.8806305718527109,3.0822070014844885,3,21,0.1428571428571428,5.4596995e-08,1.6927348e-05,4,2,1,0.1555205847779592,4
12327040001,桂格機能燕麥片700g,53.0,41.0,19.0,41287.0,11.0,12.0,0.8571428571428571,2.3761857047380284,2.7722166555277,6,21,0.2857142857142857,1.273931e-07,1.6927348e-05,4,4,1,0.17100788825811,4
12005082006,宣若EX染髮霜 自然紅棕,20.0,8.0,19.0,3040.0,0.6,3.0,0.1428571428571428,0.4665694748158434,3.265986323710904,2,21,0.0952380952380952,1.8199003e-08,1.6927348e-05,4,1,1,0.1541578175299162,4
12016106001,妮維雅男止汗爽身乳液-無印乾爽 男土無印乾爽,26.0,18.0,13.0,6084.0,3.9,24.0,0.4761904761904761,1.4998110236212974,3.1496031496047245,2,21,0.0952380952380952,5.4596995e-08,1.6927348e-05,4,3,1,0.148744902372929,4
12011453001,On The Body SPA沐浴露-經典香,25.0,18.0,23.0,10350.0,4.36,6.0,0.2857142857142857,0.9331389496316868,3.265986323710904,2,21,0.0952380952380952,2.0473879e-08,1.6927348e-05,4,2,1,0.1541737970204081,4
12125030001,蘇菲指入式棉條量多加強型 蘇菲指入棉條多,30.0,18.0,13.0,7020.0,1.63,16.0,0.3809523809523809,1.1328930717495542,2.97384431334258,3,21,0.1428571428571428,7.0521125e-08,1.6927348e-05,4,2,1,0.1504111199133195,4
12020461001,滋卿愛淨白調理洗面乳 美白抗痘洗面乳,16.0,11.0,19.0,3344.0,1.0,6.0,0.2857142857142857,0.8806305718527109,3.0822070014844885,3,21,0.1428571428571428,3.184825e-08,1.6927348e-05,4,2,1,0.1554493730331017,4
12000206001,Hair Recipe生薑蘋果滋養洗髮露,22.0,22.0,24.0,11616.0,6.0,9.0,0.1428571428571428,0.4665694748158434,3.265986323710904,2,21,0.0952380952380952,1.3649252e-08,1.6927348e-05,4,1,1,0.1541435751746839,4
12121066001,康乃韾清涼棉一般流量14片2入,37.0,28.0,20.0,20720.0,2.8,24.0,0.9523809523809524,2.5907562873781793,2.7202941017470885,5,21,0.238095238095238,8.4170395e-08,3.3854696e-05,4,5,1,0.1599908510553728,4
30045076001,旭光(超高效能 )LED16W球泡燈,39.0,31.0,15.0,18135.0,2.4,20.0,0.4285714285714285,1.3997084244475302,3.265986323710904,2,21,0.0952380952380952,6.824626e-09,1.6927348e-05,4,3,1,0.154139928266022,4
10012002001,囍瑞100純天然柳橙原汁1L,36.0,20.0,20.0,14400.0,13.28,12.0,1.619047619047619,5.232464506067503,3.231816312571105,4,21,0.1904761904761904,3.184825e-08,1.6927348e-05,4,9,1,0.1726633318388996,4
12002024001,花王植萃弱酸潤髮乳長效潔味型 花王植萃潤潔味,42.0,23.0,26.0,25116.0,10.8,12.0,0.1428571428571428,0.4665694748158434,3.265986323710904,2,21,0.0952380952380952,4.0947747e-08,1.6927348e-05,4,1,1,0.1542290292716434,4
11021026001,家福強效廚房清潔劑,37.0,25.0,33.0,30525.0,16.48,4.0,1.238095238095238,2.860315698605944,2.31025498733557,7,21,0.3333333333333333,7.962064e-08,6.770939e-05,4,5,2,0.1636239934954215,4
10020032001,伯朗巧克力風味咖啡Can 240ml,40.0,28.0,10.0,11200.0,7.24,24.0,1.7142857142857142,5.283783431116266,3.0822070014844885,3,21,0.1428571428571428,7.0521125e-08,3.3854696e-05,4,9,1,0.1572463177620975,4
31258003001,自然風紙包木質咖啡拌條,24.0,16.0,15.0,5760.0,2.0,24.0,0.1428571428571428,0.4665694748158434,3.2659863237109037,2,21,0.0952380952380952,3.4123126e-08,1.6927348e-05,4,1,1,0.154207665756012,4
14804015001,親親紫米八寶320g,41.0,28.0,13.0,14924.0,9.9,24.0,1.7142857142857142,5.598833697790122,3.2659863237109046,2,21,0.0952380952380952,3.6398006e-08,5.0782044e-05,4,9,1,0.1574868316181793,4
10002918001,維大力蘋果風味氣水2000ml,35.0,23.0,31.0,24955.0,13.45,6.0,1.238095238095238,3.97497842946842,3.210559500724493,3,21,0.1428571428571428,1.046443e-07,3.3854696e-05,4,7,2,0.1634416613535768,4
14502005001,日清出前一丁黑蒜油豬骨湯味麵(杯),42.0,31.0,24.0,31248.0,2.89,24.0,1.3333333333333333,3.0131984799155003,2.259898859936625,6,21,0.2857142857142857,3.2985693e-07,5.0782044e-05,4,6,1,0.1504256506402062,4
11030128001,滿庭香除臭清香凝膠清新早晨,21.0,19.0,20.0,7980.0,3.3,12.0,0.8095238095238095,2.647893099896732,3.270926770460669,3,21,0.1428571428571428,6.597137e-08,1.6927348e-05,4,5,1,0.1645841924486916,4
12001051001,566去屑專用洗髮乳,39.0,26.0,23.0,23322.0,11.2,12.0,0.6666666666666666,1.9354668031334832,2.9032002047002248,5,21,0.238095238095238,1.1146893e-07,3.3854696e-05,4,4,1,0.1687769956178396,4
14243012001,盛香珍杏仁果,36.0,28.0,19.0,19152.0,2.9,10.0,0.8095238095238095,2.593380724607638,3.2035879539270824,4,21,0.1904761904761904,9.781966e-08,3.3854696e-05,4,5,1,0.1730614169172906,4
14822899001,味島海苔香鬆52g,44.0,36.0,12.0,19008.0,7.54,30.0,0.7619047619047619,1.770250504327724,2.323453786930138,6,21,0.2857142857142857,3.4578085e-07,6.770939e-05,4,4,1,0.1550567771902184,4
10031015001,生活日月潭無糖紅茶590ml,41.0,27.0,24.0,26568.0,15.2,24.0,8.285714285714286,21.312064227396014,2.5721456826167604,5,21,0.238095238095238,4.777237e-08,1.6927348e-05,4,36,2,0.1516826908641906,4
14632014001,雅媽吉茶碗蒸高湯包,22.0,15.0,14.0,4620.0,0.77,10.0,0.6190476190476191,2.148669366224472,3.470927437747224,3,21,0.1428571428571428,5.9146743e-08,1.6927348e-05,4,4,1,0.1740842547344472,4
14506642001,台客99紅燒牛肉麵580g,43.0,41.0,22.0,38786.0,16.3,24.0,0.1428571428571428,0.4665694748158434,3.265986323710904,2,21,0.0952380952380952,3.1848256e-08,3.3854696e-05,4,1,1,0.1557878462186369,4
10024006001,健酪藍莓乳酸飲料,40.0,27.0,13.0,14040.0,8.59,24.0,0.8571428571428571,2.7994168488950604,3.265986323710904,2,21,0.0952380952380952,9.554479e-08,3.3854696e-05,4,5,1,0.1560315308110483,4
10013007001,光泉果汁時刻100葡萄綜合果汁 200ml,33.0,16.0,13.0,6864.0,5.38,24.0,10.0,25.2756234909674,2.5275623490967396,5,21,0.238095238095238,1.7516552e-07,5.0782044e-05,4,43,2,0.1532372698630422,4
15024011001,員山農會養生米奶250ml,37.0,25.0,17.0,15725.0,9.6,24.0,44.57142857142857,112.15150103174486,2.516219574430173,6,21,0.2857142857142857,2.957338e-08,5.0782044e-05,4,189,8,0.1643845605084793,4
12000350001,美吾髮檀香精油洗髮精,43.0,23.0,24.0,23736.0,12.06,12.0,1.0,2.4299715851758235,2.4299715851758235,6,21,0.2857142857142857,2.1156357e-07,3.3854696e-05,4,5,1,0.1565540697615959,4
12152062001,嬌生嬰兒甜夢潤膚乳,28.0,23.0,22.0,14168.0,7.08,12.0,0.9047619047619048,2.7238761230619217,3.0105999254894926,3,21,0.1428571428571428,4.549751e-09,1.6927348e-05,4,5,1,0.1519890802307256,4
31422013001,台塑保鮮耐熱袋20*30cm250袋,53.0,40.0,23.0,48760.0,20.0,48.0,0.5238095238095238,1.2953781436890897,2.4729946379518983,6,21,0.2857142857142857,6.369649e-08,1.6927348e-05,4,3,1,0.1565251012788094,4
12002062001,花王潤髮乳山茶花,40.0,24.0,22.0,21120.0,10.4,12.0,0.7619047619047619,2.56171002977386,3.3622444140781913,4,21,0.1904761904761904,8.4170395e-08,3.3854696e-05,4,5,1,0.1805782599149436,4
12002008001,Mods Hair 熱感修護潤髮乳 熱感修護潤髮乳,32.0,19.0,22.0,13376.0,7.11,12.0,0.4285714285714285,1.3299276232160897,3.1031644541708756,3,21,0.1428571428571428,1.8199003e-08,1.6927348e-05,4,3,1,0.1564144627711401,4
14613014001,維義100％芥花金鑽,33.0,25.0,28.0,23100.0,11.93,12.0,5.238095238095238,13.483339850153568,2.5740921532111356,8,21,0.3809523809523809,7.9620634e-08,3.3854696e-05,0,23,2,0.1832734922047316,4
12100009001,天工特效牙膏,29.0,14.0,22.0,8932.0,3.77,24.0,0.6666666666666666,2.1894407490614567,3.284161123592185,3,21,0.1428571428571428,4.0947747e-08,1.6927348e-05,4,4,1,0.1651278302205947,4
12201059001,舒潔棉柔舒適抽取衛生紙,20.0,10.0,8.0,1785.0,0.2,1.0,42.285714285714285,120.3206600068741,2.845421013676077,6,21,0.2857142857142857,2.8890926e-07,3.3854696e-05,4,197,197,0.1791590645707718,4
14505088001,不倒翁辣炒年糕乾拌杯麵 65g,45.0,29.0,13.0,16965.0,1.7,15.0,0.1428571428571428,0.4665694748158434,3.265986323710904,2,21,0.0952380952380952,2.7298501e-08,1.6927348e-05,4,1,1,0.1541863022278592,4
14511071001,樂米穀場-台東關山契作胚芽鮮米,35.0,24.0,5.0,4288.0,2.0,1.0,0.4285714285714285,1.2936264483053452,3.0184617127124724,4,21,0.1904761904761904,1.251182e-07,1.6927348e-05,4,3,3,0.1627117152387535,4
14311086001,西雅圖極品大濾掛咖啡-咖優峰,21.0,17.0,14.0,4998.0,0.63,1.0,1.5238095238095235,3.92330093791352,2.574666240505747,6,21,0.2857142857142857,4.5497497e-08,3.3854696e-05,4,7,7,0.1629637228919379,4
42301034001,Aurora DT3945桌上型全功能計,24.0,14.0,4.0,1344.0,0.172,1.0,0.1428571428571428,0.4665694748158434,3.2659863237109037,2,21,0.0952380952380952,4.0947747e-08,1.6927348e-05,4,1,1,0.1542290292716434,4
14632155001,La Costena墨西哥中辣莎莎醬,36.0,26.0,12.0,11232.0,9.8,12.0,0.8095238095238095,2.5563934345656287,3.1578977721104824,5,21,0.238095238095238,7.0521125e-08,1.6927348e-05,4,5,1,0.1792107917016611,4
14852062001,西莎蒸鮮包成犬低脂雞肉與蔬菜70g,33.0,22.0,28.0,20328.0,7.1,96.0,0.8571428571428571,2.7994168488950604,3.265986323710904,2,21,0.0952380952380952,2.9573375e-08,1.6927348e-05,4,5,1,0.1542377149573327,4
12010121001,快潔適貓熊抑菌洗手乳 貓熊抗菌洗手乳,43.0,34.0,14.0,20468.0,5.09,12.0,0.1428571428571428,0.4665694748158434,3.2659863237109037,2,21,0.0952380952380952,9.099503e-08,1.6927348e-05,4,1,1,0.1543856952480658,4
14413010001,桂格幼兒多力羊奶,39.0,33.0,18.0,23166.0,10.38,6.0,0.1428571428571428,0.4665694748158434,3.265986323710904,2,21,0.0952380952380952,4.549751e-09,1.6927348e-05,4,1,1,0.1541150904673499,4
12212010001,康乃馨寶貝天使濕巾,29.0,28.0,19.0,15428.0,5.16,60.0,1.4285714285714286,4.665694748158435,3.2659863237109046,2,21,0.0952380952380952,7.0521125e-08,1.6927348e-05,4,8,1,0.1544013293714919,4
14616060001,工研無糖蘋果醋 600ml,30.0,24.0,27.0,19440.0,12.27,12.0,0.9047619047619048,3.1908315367144673,3.526708540579148,4,21,0.1904761904761904,9.781965e-08,3.3854696e-05,4,5,1,0.1884691965417451,4
14510184001,三好CAS驗證米(圓一)6kg,35.0,24.0,5.0,4288.0,6.0,1.0,0.3333333333333333,1.1268723396380222,3.3806170189140667,2,21,0.0952380952380952,4.0947747e-08,1.6927348e-05,4,2,2,0.1597048299911724,4
14241044001,泰源農場香辣落花生,30.0,21.0,14.0,8820.0,2.69,8.0,0.1428571428571428,0.4665694748158434,3.2659863237109037,2,21,0.0952380952380952,2.2748752e-08,1.6927348e-05,4,1,1,0.1541720598788876,4
14604080001,小磨坊五香粉250g,44.0,33.0,16.0,23232.0,5.812,20.0,0.3809523809523809,1.290115922299435,3.386554296036017,3,21,0.1428571428571428,1.2284332e-07,3.3854696e-05,4,3,1,0.1718344533535308,4
12001006001,思波綺豐盈潤髮乳(軟塌髮用) 豐盈潤髮軟塌髮,29.0,20.0,22.0,12760.0,5.5,9.0,0.1428571428571428,0.4665694748158434,3.2659863237109037,2,21,0.0952380952380952,1.1374377e-08,1.6927348e-05,4,1,1,0.154136453998633,4
12103072001,家福攜帶型牙間刷-S 家福牙間刷-S,27.0,18.0,20.0,9720.0,2.9,48.0,0.1428571428571428,0.4665694748158434,3.2659863237109037,2,21,0.0952380952380952,3.184825e-08,1.6927348e-05,4,1,1,0.1542005445768307,4
12010176001,滴露滋潤倍護香皂 滋潤倍護,38.0,14.0,11.0,5852.0,2.79,8.0,0.1428571428571428,0.4665694748158434,3.265986323710904,2,21,0.0952380952380952,2.9573375e-08,1.6927348e-05,4,1,1,0.1541934234007798,4
14242068001,盛香珍鹽烤南瓜籽仁,40.0,28.0,16.0,17920.0,2.0,10.0,0.4285714285714285,1.3299276232160893,3.103164454170875,3,21,0.1428571428571428,2.7298501e-08,1.6927348e-05,4,3,1,0.1564429474690831,4
12011133001,Farcent香水胺基酸沐浴露-絲滑白麝香,38.0,23.0,27.0,23598.0,10.97,12.0,0.4285714285714285,1.0942024088643865,2.553138954016902,5,21,0.238095238095238,3.8672873e-08,1.6927348e-05,4,2,1,0.1502610238376566,4
12020217001,澎澎元氣炭控油洗面乳,26.0,18.0,19.0,8892.0,1.78,12.0,0.3809523809523809,1.290115922299435,3.386554296036017,3,21,0.1428571428571428,4.5497497e-08,1.6927348e-05,4,3,1,0.1700050315162587,4
12022093003,蜜妮含水防曬清透水凝露 含水防曬水凝露,31.0,17.0,21.0,11067.0,3.86,24.0,0.1428571428571428,0.4665694748158434,3.265986323710904,2,21,0.0952380952380952,5.0047245e-08,1.6927348e-05,4,1,1,0.1542575139695864,4
11074010001,防蟲樂薰衣草香衣物防蟲劑 散裝,44.0,34.0,11.0,16456.0,4.89,12.0,0.1428571428571428,0.4665694748158434,3.2659863237109037,2,21,0.0952380952380952,2.7298501e-08,1.6927348e-05,4,1,1,0.1541863022278592,4
14615083001,真好家芝麻香油130ml,21.0,17.0,15.0,5355.0,7.48,12.0,0.1428571428571428,0.4665694748158434,3.265986323710904,2,21,0.0952380952380952,7.2796006e-08,1.6927348e-05,4,1,1,0.1543287257645297,4
12011350001,雪芙蘭海洋活泉沐浴乳- 清爽 清爽海礦鹽,47.0,24.0,27.0,30456.0,13.98,12.0,0.7142857142857143,2.141269252944487,2.9977769541222816,5,21,0.238095238095238,1.11468935e-07,5.0782044e-05,4,4,1,0.1748753477742555,4
12120064001,康乃馨輕柔乾爽護墊 (草本潔淨,39.0,29.0,16.0,18096.0,2.36,36.0,1.8571428571428572,5.436085025840128,2.927122706221607,3,21,0.1428571428571428,4.777237e-08,3.3854696e-05,4,9,1,0.1497917123284596,4
14631925001,健康廚房泰式甜辣醬200ml,18.0,12.0,19.0,4104.0,2.82,6.0,0.5238095238095238,1.4998110236212974,2.8632755905497493,5,21,0.238095238095238,1.2966795e-07,3.3854696e-05,4,3,1,0.1669220591023639,4
11050094001,橘子工坊深層淨味碗盤洗滌液,8.0,11.0,21.0,1891.0,0.65,1.0,1.1904761904761905,3.5134984277517556,2.951338679311475,3,21,0.1428571428571428,1.1374377e-08,1.6927348e-05,4,6,6,0.1492034123146228,4
14344010001,愛羅莉植物奶油,43.0,33.0,13.0,18447.0,6.88,12.0,0.6190476190476191,1.731396091685509,2.796870609645822,5,21,0.238095238095238,3.1848256e-08,3.3854696e-05,4,3,1,0.1634564923456129,4
34101017001,有機肥2Kg系列,62.0,33.0,25.0,51150.0,24.0,12.0,0.1428571428571428,0.4665694748158434,3.265986323710904,2,21,0.0952380952380952,4.777237e-08,1.6927348e-05,4,1,1,0.1542503927935355,4
12104015001,刷樂炭寶貝牙刷 炭寶貝牙刷,27.0,26.0,23.0,16146.0,1.88,72.0,0.4285714285714285,1.3997084244475304,3.2659863237109046,2,21,0.0952380952380952,2.5023628e-08,1.6927348e-05,4,3,1,0.1541968976806902,4
12002093001,阿葵亞瞬護賦活潤髮乳,29.0,20.0,26.0,15080.0,7.13,6.0,0.1428571428571428,0.4665694748158434,3.265986323710904,2,21,0.0952380952380952,2.5023628e-08,1.6927348e-05,4,1,1,0.154179181058069,4
14001020001,中祥自然之顏麥穗蘇打,40.0,23.0,24.0,22080.0,2.24,12.0,0.9523809523809524,2.75121082393415,2.8887713651308577,7,21,0.3333333333333333,2.41137e-07,3.3854696e-05,4,5,1,0.1885128544512947,4
14700050001,台灣非基因黃豆(高雄9號)500g,38.0,32.0,16.0,19456.0,6.4,12.0,0.3333333333333333,1.0837911120705754,3.2513733362117265,3,21,0.1428571428571428,6.597137e-08,3.3854696e-05,4,2,1,0.1652099318723115,4
14822053001,丸莊香辣豆腐乳(非基改)350g,30.0,23.0,13.0,8970.0,6.0,12.0,0.2857142857142857,0.9331389496316868,3.265986323710904,2,21,0.0952380952380952,1.0009454e-07,3.3854696e-05,4,2,1,0.1560103399179078,4
14350011001,雀巢蜂蜜脆片220g,49.0,33.0,24.0,38808.0,6.12,18.0,0.9523809523809524,2.6090719108195666,2.739525506360545,5,21,0.238095238095238,1.4104234e-07,3.3854696e-05,4,5,1,0.1610855652979982,4
30073017001,BOSS  7開6插2P高溫斷電延長線-1.8米,39.0,24.0,15.0,14040.0,4.194,6.0,0.3333333333333333,0.8908708063747479,2.6726124191242437,4,21,0.1904761904761904,1.8199003e-08,1.6927348e-05,4,2,1,0.1458858529593804,3
31530008001,妙潔蘆薈護手手套 M,29.0,7.0,26.0,5278.0,1.5,12.0,0.238095238095238,0.6834619092574915,2.8705400188814645,3,21,0.1428571428571428,5.232212e-08,1.6927348e-05,4,2,1,0.1454211870464796,3
10020040001,Asahi Wonda 特製咖啡歐蕾 CAN179ml,33.0,27.0,11.0,9801.0,6.866,30.0,2.5714285714285716,6.821335077893328,2.6527414191807384,4,21,0.1904761904761904,2.0018919e-07,3.3854696e-05,4,12,1,0.1472344578728664,3
41512006001,DIKE DUF300 8吋摺疊桌扇,23.0,23.0,13.0,6877.0,0.676,1.0,0.0952380952380952,0.2935435239509036,3.0822070014844885,2,21,0.0952380952380952,2.7298501e-08,1.6927348e-05,4,1,1,0.1454233196023827,3
11032221001,克潮靈集水袋除濕盒-除濕盒,47.0,25.0,24.0,28200.0,6.018,12.0,0.6190476190476191,1.3265131692556302,2.1428289657206334,6,21,0.2857142857142857,8.189552e-08,5.0782044e-05,4,3,1,0.1440248942244728,3
11030097001,家福檸檬消臭液 消臭液-檸檬,48.0,28.0,18.0,24192.0,8.13,18.0,0.0952380952380952,0.2935435239509036,3.082207001484488,2,21,0.0952380952380952,3.8672873e-08,1.6927348e-05,4,1,1,0.1454589254732463,3
35310008001,3M汽油添加劑超值組合包,53.0,33.0,23.0,40227.0,5.6,6.0,0.0952380952380952,0.2935435239509036,3.082207001484488,2,21,0.0952380952380952,2.9573375e-08,1.6927348e-05,4,1,1,0.1454304407753033,3
12123112001,靠得住完美封漏夜用網層28,12.0,9.0,12.0,1231.0,0.123,1.0,1.2857142857142858,3.4106675389466634,2.652741419180738,4,21,0.1904761904761904,7.0521125e-08,3.3854696e-05,4,6,6,0.1467488254413995,3
11103314001,一匙靈抗菌EX 3倍濃縮洗衣補,26.0,22.0,26.0,14872.0,6.602,12.0,0.8571428571428571,1.8844151368961313,2.19848432637882,6,21,0.2857142857142857,5.0047245e-08,1.6927348e-05,4,4,1,0.1434182281265955,3
11050140002,珂珂透超濃縮洗碗凝露 洗碗凝露葡萄,22.0,16.0,20.0,7040.0,3.76,12.0,0.0952380952380952,0.2935435239509036,3.0822070014844885,2,21,0.0952380952380952,1.8199003e-08,1.6927348e-05,4,1,1,0.1453948349044397,3
11076886001,叮嚀柚香長效防蚊液-可倒噴 防蚊液可倒噴,19.0,14.0,16.0,4256.0,1.94,12.0,0.0952380952380952,0.2935435239509036,3.082207001484488,2,21,0.0952380952380952,4.3222624e-08,1.6927348e-05,4,1,1,0.1454731678284785,3
11103089004,白帥帥馨香抗菌洗精,45.0,23.0,30.0,31050.0,14.04,4.0,0.238095238095238,0.6834619092574915,2.8705400188814645,3,21,0.1428571428571428,3.8672873e-08,1.6927348e-05,4,2,1,0.1453784599995651,3
14102223001,大豆水果營養棒(杏仁巧克力風味),32.0,17.0,14.0,7616.0,2.02,48.0,1.2857142857142858,2.762725657973388,2.14878662286819,6,21,0.2857142857142857,2.6616058e-07,8.463674e-05,4,5,1,0.1481016299332465,3
12011395001,巴黎美妝鈴蘭沐浴露 鈴蘭,25.0,16.0,18.0,7200.0,3.59,12.0,0.0952380952380952,0.2935435239509036,3.082207001484488,2,21,0.0952380952380952,2.2748752e-08,1.6927348e-05,4,1,1,0.1454090772534111,3
14210039001,台灣美食- 彰化大村巨峰葡萄乾,47.0,38.0,19.0,33934.0,11.0,20.0,0.7142857142857143,1.577908716741037,2.2090722034374517,6,21,0.2857142857142857,1.6379113e-07,3.3854696e-05,4,3,1,0.1458574126810582,3
32470093001,3M 3x3利貼便條紙超值包4入,16.0,15.0,16.0,3840.0,2.2,12.0,0.3333333333333333,0.890870806374748,2.672612419124244,4,21,0.1904761904761904,5.0047245e-08,1.6927348e-05,4,2,1,0.1459855493990507,3
11103054003,水晶肥皂液体補充包 (洗衣用),39.0,24.0,31.0,29016.0,13.3,6.0,0.3333333333333333,0.9428090415820634,2.8284271247461903,3,21,0.1428571428571428,6.369649e-08,3.3854696e-05,4,2,1,0.1450426457902984,3
11102014001,鷹王護手洗衣皂 鷹王護手洗衣皂,31.0,29.0,21.0,18879.0,10.39,20.0,0.0952380952380952,0.2935435239509036,3.082207001484488,2,21,0.0952380952380952,4.0947747e-08,1.6927348e-05,4,1,1,0.1454660466461668,3
41531003001,山多力 SL-514 14吋掛壁扇,43.0,21.0,43.0,38829.0,2.76,1.0,0.0952380952380952,0.2935435239509036,3.082207001484488,2,21,0.0952380952380952,2.2748754e-09,1.6927348e-05,4,1,1,0.1453449866639442,3
41401068001,飛利浦BHD029/01恆溫負離子吹風機,31.0,19.0,22.0,12958.0,0.8,1.0,0.0952380952380952,0.2935435239509036,3.082207001484488,2,21,0.0952380952380952,5.0047245e-08,1.6927348e-05,4,1,1,0.1454945313441099,3
31502041001,輕時代花香清潔袋(大),51.0,19.0,36.0,34884.0,15.1,30.0,0.0952380952380952,0.2935435239509036,3.082207001484488,2,21,0.0952380952380952,2.9573375e-08,1.6927348e-05,4,1,1,0.1454304407753033,3
10000006001,Dr. Pepper 可樂,40.0,13.0,13.0,6760.0,4.69,12.0,0.6190476190476191,1.7586843154875609,2.840951586556829,3,21,0.1428571428571428,2.0473879e-08,1.6927348e-05,4,3,1,0.1439347498044805,3
12106113001,麗奇潔牙線含蠟無味 含蠟無味,37.0,27.0,16.0,15984.0,2.04,72.0,0.2857142857142857,0.8806305718527109,3.0822070014844885,2,21,0.0952380952380952,1.8199003e-08,1.6927348e-05,4,2,1,0.1454066459861871,3
10023124001,老協珍人蔘精麥蘆卡蜂蜜口味60mlx14入,46.0,37.0,22.0,37444.0,14.0,5.0,0.4285714285714285,1.1368891796488878,2.6527414191807384,4,21,0.1904761904761904,1.1374377e-08,3.3854696e-05,4,2,1,0.1465105250024723,3
12000080001,Farcent香水奇蹟洗髮露-同名花語,36.0,21.0,24.0,18144.0,8.6,12.0,0.0952380952380952,0.2935435239509036,3.0822070014844885,2,21,0.0952380952380952,4.777237e-08,1.6927348e-05,4,1,1,0.145487410168059,3
11023012001,優品輕鬆打傢俱噴腊-檜木450ml 傢俱臘-檜木,27.0,22.0,26.0,15444.0,5.82,12.0,0.238095238095238,0.6834619092574916,2.870540018881465,3,21,0.1428571428571428,2.9573375e-08,1.6927348e-05,4,2,1,0.1453499753016221,3
14632071001,健康廚房和風洋蔥沾拌醬200ml,18.0,12.0,19.0,4104.0,2.82,6.0,0.0952380952380952,0.2935435239509036,3.082207001484488,2,21,0.0952380952380952,5.687187e-08,1.6927348e-05,4,1,1,0.1455158948722627,3
12020914001,家福進口3合1全效卸妝水 3合1卸妝水,22.0,17.0,21.0,7854.0,3.56,12.0,0.238095238095238,0.6834619092574916,2.870540018881465,3,21,0.1428571428571428,3.8672873e-08,1.6927348e-05,4,2,1,0.1453784599995651,3
41420037001,飛利浦HX3216音波震動電動牙刷,11.0,7.0,23.0,1771.0,0.385,1.0,0.0952380952380952,0.2935435239509036,3.082207001484488,2,21,0.0952380952380952,4.549751e-09,1.6927348e-05,4,1,1,0.1453521078418733,3
30073068001,7開6插3P高溫斷電延長線-2.7米,32.0,15.0,38.0,18240.0,5.47,8.0,0.3333333333333333,0.9428090415820632,2.82842712474619,3,21,0.1428571428571428,7.734576e-08,1.6927348e-05,4,2,1,0.1434980712861871,3
12102046001,高露潔抗敏專家牙膏-長效抗敏,25.0,23.0,20.0,11500.0,3.7,24.0,0.0952380952380952,0.2935435239509036,3.082207001484488,2,21,0.0952380952380952,1.8199003e-08,1.6927348e-05,4,1,1,0.1453948349044396,3
12016045001,蕊娜男士制汗香體露-極酷冰涼,16.0,9.0,12.0,1728.0,0.52,6.0,0.0952380952380952,0.2935435239509036,3.0822070014844885,2,21,0.0952380952380952,2.2748752e-08,1.6927348e-05,4,1,1,0.1454090772534112,3
12005015010,566 美色護髮染髮霜 110g 4-栗黑色,31.0,24.0,22.0,16368.0,2.5,12.0,0.0952380952380952,0.2935435239509036,3.082207001484488,2,21,0.0952380952380952,2.5023628e-08,1.6927348e-05,4,1,1,0.1454161984325925,3
11103002001,家福藍色清新香氛洗衣精 家福藍色清新香,36.0,19.0,34.0,23256.0,12.68,4.0,0.0952380952380952,0.2935435239509036,3.082207001484488,2,21,0.0952380952380952,1.8199003e-08,1.6927348e-05,4,1,1,0.1453948349044396,3
12003015001,魅尚萱完美修護 3分鐘沙龍級髮膜300ml 3分鐘髮膜,20.0,19.0,27.0,10260.0,2.93,8.0,0.1904761904761904,0.5870870479018073,3.0822070014844885,2,21,0.0952380952380952,1.5924128e-08,1.6927348e-05,4,1,1,0.1453936192692624,3
10052033001,百家珍桑椹醋600ml,31.0,24.0,28.0,20832.0,12.35,12.0,0.0952380952380952,0.2935435239509036,3.0822070014844885,2,21,0.0952380952380952,2.0473879e-08,1.6927348e-05,4,1,1,0.145401956083621,3
14360087001,可提娜Caotina頂級瑞士黑巧克力粉500g,32.0,21.0,19.0,12768.0,3.7,6.0,0.0952380952380952,0.2935435239509036,3.082207001484488,2,21,0.0952380952380952,4.0947747e-08,1.6927348e-05,4,1,1,0.1454660466461668,3
12011340001,白雪維他命Ｅ＆果酸沐浴乳,38.0,35.0,25.0,33250.0,13.65,6.0,0.238095238095238,0.6834619092574915,2.8705400188814645,3,21,0.1428571428571428,3.8672873e-08,1.6927348e-05,4,2,1,0.1453784599995651,3
11074012001,優品木之薈樟腦油-噴式 優品木之薈樟腦,30.0,24.0,26.0,18720.0,7.46,12.0,0.0952380952380952,0.2935435239509036,3.082207001484488,2,21,0.0952380952380952,2.2748752e-08,1.6927348e-05,4,1,1,0.1454090772534111,3
12010243001,美琪抗菌皂草本6入裝 美琪草本皂6入,39.0,31.0,24.0,29016.0,15.78,24.0,0.0952380952380952,0.2935435239509036,3.082207001484488,2,21,0.0952380952380952,6.824625e-08,1.6927348e-05,4,1,1,0.1455515007681692,3
14210061001,家樂福紅心芭樂果乾,35.0,27.0,13.0,12285.0,1.74,12.0,0.5238095238095238,1.4677176197545183,2.8020063649858984,3,21,0.1428571428571428,5.4596995e-08,1.6927348e-05,4,3,1,0.1421792979526644,3
12102101001,舒酸定速效修護抗敏牙膏100g 2入組 速效修護抗敏,26.0,20.0,20.0,10400.0,3.0,12.0,0.4285714285714285,1.1368891796488876,2.652741419180738,4,21,0.1904761904761904,2.2748752e-08,1.6927348e-05,4,2,1,0.144958829259703,3
12327086001,台糖大豆卵磷脂200g 大豆卵磷脂,38.0,29.0,16.0,17632.0,4.188,12.0,0.5714285714285714,1.761261143705422,3.0822070014844885,2,21,0.0952380952380952,6.824626e-09,1.6927348e-05,4,3,1,0.1453887567222929,3
14364197001,歐特有機黑芝麻糊(罐) 有機黑芝麻糊,44.0,36.0,21.0,33264.0,7.61,12.0,0.0952380952380952,0.2935435239509036,3.082207001484488,2,21,0.0952380952380952,7.2796006e-08,1.6927348e-05,4,1,1,0.1455657431390532,3
35302040001,美孚Special Plus 10w40 機油,34.0,25.0,24.0,20400.0,11.59,12.0,0.7619047619047619,2.348348191607229,3.082207001484488,2,21,0.0952380952380952,1.00094546e-07,3.3854696e-05,4,4,1,0.1472798377860189,3
14310062001,產地嚴選耶加雪菲濾掛式咖啡,12.0,16.0,7.0,1344.0,0.6,8.0,0.4285714285714285,1.2177820811947069,2.8414915227876496,3,21,0.1428571428571428,1.046443e-07,3.3854696e-05,4,2,1,0.1457994606177715,3
14832931001,老船長薑汁魚腹-130g,32.0,23.0,10.0,7360.0,4.87,24.0,3.0,6.546536707079771,2.1821789023599236,6,21,0.2857142857142857,1.5469162e-07,3.3854696e-05,4,12,1,0.1446887641522495,3
14506392001,五木府城肉燥味湯麵 336g,46.0,30.0,24.0,33120.0,4.97,12.0,0.0952380952380952,0.2935435239509036,3.082207001484488,2,21,0.0952380952380952,5.687187e-08,1.6927348e-05,4,1,1,0.1455158948722627,3
11074041001,水晶腦衣物芳香防蟲包 水晶腦防蟲包,36.0,23.0,18.0,14904.0,5.26,12.0,0.0952380952380952,0.2935435239509036,3.082207001484488,2,21,0.0952380952380952,4.777237e-08,1.6927348e-05,4,1,1,0.1454874101680589,3
14710006001,良農新社黑皮厚肉香菇130g,36.0,26.0,19.0,17784.0,1.148,6.0,0.0952380952380952,0.2935435239509036,3.082207001484488,2,21,0.0952380952380952,6.1421616e-08,1.6927348e-05,4,1,1,0.1455301372118431,3
12003072001,潘婷淨化極潤順澤護髮精華素500g 潘婷護色護髮素,22.0,22.0,24.0,11616.0,5.84,9.0,0.0952380952380952,0.2935435239509036,3.082207001484488,2,21,0.0952380952380952,1.8199003e-08,1.6927348e-05,4,1,1,0.1453948349044396,3
12000183001,沙宣護色亮澤洗髮乳 沙宣護色亮澤洗,27.0,21.0,24.0,13608.0,7.5,12.0,0.0952380952380952,0.2935435239509036,3.0822070014844885,2,21,0.0952380952380952,7.734576e-08,1.6927348e-05,4,1,1,0.1455799855036765,3
11073901001,興家安速電蚊香液+器組合 興家安速液+器,42.0,27.0,19.0,21546.0,4.43,12.0,0.0952380952380952,0.2935435239509036,3.082207001484488,2,21,0.0952380952380952,2.7298501e-08,1.6927348e-05,4,1,1,0.1454233196023827,3
12324139001,三多男性薑黃鋅複方錠 男性薑黃鋅複方,22.0,16.0,17.0,5984.0,0.654,6.0,0.0952380952380952,0.2935435239509036,3.082207001484488,2,21,0.0952380952380952,2.2748752e-08,1.6927348e-05,4,1,1,0.1454090772534111,3
12020220001,菲蘇德美控油調理潔顏慕斯 控油慕斯,20.0,16.0,21.0,6720.0,1.4,6.0,0.5238095238095238,1.4998110236212971,2.863275590549749,3,21,0.1428571428571428,6.824626e-09,1.6927348e-05,4,3,1,0.1449502137409427,3
14222006001,義美噗啾益生菌果凍(荔枝)247g,36.0,24.0,13.0,11232.0,3.302,12.0,0.0952380952380952,0.2935435239509036,3.0822070014844885,2,21,0.0952380952380952,9.7819665e-08,1.6927348e-05,4,1,1,0.1456440761820457,3
14508022001,源順有機糙米米粉200g,39.0,25.0,25.0,24375.0,3.57,12.0,0.3333333333333333,0.9428090415820632,2.82842712474619,3,21,0.1428571428571428,8.4170395e-08,1.6927348e-05,4,2,1,0.1435194348456435,3
11070051001,康朵 防蟑螂螞蟻噴劑-500ML 防蟑螂螞蟻噴,47.0,33.0,25.0,38775.0,16.5,24.0,0.0952380952380952,0.2935435239509036,3.082207001484488,2,21,0.0952380952380952,1.3649252e-08,1.6927348e-05,4,1,1,0.1453805925492074,3
12120091001,康乃韾超薄透氣護墊加長微香 護墊加長微香,43.0,20.0,16.0,13760.0,1.454,24.0,0.4761904761904761,1.366923818514983,2.8705400188814645,3,21,0.1428571428571428,1.13743816e-07,3.3854696e-05,4,3,1,0.1472155244973187,3
12014032001,VGT喚醒系列沐浴巾-白 沐浴巾-白,42.0,31.0,18.0,23436.0,2.5,36.0,0.0952380952380952,0.2935435239509036,3.082207001484488,2,21,0.0952380952380952,2.0473879e-08,1.6927348e-05,4,1,1,0.145401956083621,3
12020458001,萊雅勁炭控油潔面乳 勁炭控油潔面乳,23.0,15.0,17.0,5865.0,2.45,12.0,0.0952380952380952,0.2935435239509036,3.0822070014844885,2,21,0.0952380952380952,1.5924128e-08,1.6927348e-05,4,1,1,0.1453877137283887,3
14200061001,四乘六黑胡椒豆干,41.0,25.0,13.0,13325.0,3.54,10.0,0.3809523809523809,0.8984743935292004,2.3584952830141512,5,21,0.238095238095238,1.7516551e-07,3.3854696e-05,4,2,1,0.1429947535015764,3
14023036001,卡那95 極品XO醬味薯條,42.0,32.0,14.0,18816.0,2.12,12.0,0.1904761904761904,0.5870870479018072,3.082207001484488,2,21,0.0952380952380952,5.0047248e-08,3.3854696e-05,4,1,1,0.1470877385173987,3
12211013001,舒潔迪士尼紙手帕,21.0,20.0,10.0,4095.0,0.1,1.0,0.238095238095238,0.6834619092574916,2.870540018881465,3,21,0.1428571428571428,5.232212e-08,1.6927348e-05,4,2,2,0.1454211870464797,3
12010085001,巴黎美妝潔手乳-粉紅葡萄柚補充包,40.0,17.0,16.0,10880.0,3.65,14.0,0.0952380952380952,0.2935435239509036,3.0822070014844885,2,21,0.0952380952380952,4.0947747e-08,1.6927348e-05,4,1,1,0.1454660466461669,3
12011999001,MENS Biore 髮顏體潔淨露-清香 淨皂清香,36.0,20.0,19.0,13680.0,7.41,12.0,0.0952380952380952,0.2935435239509036,3.082207001484488,2,21,0.0952380952380952,1.8199003e-08,1.6927348e-05,4,1,1,0.1453948349044396,3
14311008001,咖啡三合一館藏系列全乳拿鐵,50.0,29.0,17.0,24650.0,3.88,12.0,0.6666666666666666,1.9107050140703696,2.8660575211055543,3,21,0.1428571428571428,9.099502e-09,1.6927348e-05,4,4,1,0.1450987968041775,3
12003120001,韓國isLeaf香氛順盈護髮油-拈花惹草 isLeaf髮油拈花,21.0,18.0,10.0,3780.0,1.076,6.0,0.0952380952380952,0.2935435239509036,3.0822070014844885,2,21,0.0952380952380952,3.184825e-08,1.6927348e-05,4,1,1,0.1454375619513542,3
12121078001,愛康超透氣衛生棉日用4入組,46.0,24.0,28.0,30912.0,3.6,12.0,0.238095238095238,0.6834619092574915,2.8705400188814645,3,21,0.1428571428571428,4.777237e-08,1.6927348e-05,4,2,1,0.1454069446943778,3
12002037001,飛柔熱油滋潤潤髮乳,26.0,22.0,23.0,13156.0,7.0,6.0,0.0952380952380952,0.2935435239509036,3.0822070014844885,2,21,0.0952380952380952,2.0473879e-08,1.6927348e-05,4,1,1,0.145401956083621,3
14244074001,義美原味六堅果,38.0,30.0,17.0,19380.0,5.58,12.0,0.1904761904761904,0.5870870479018073,3.0822070014844885,2,21,0.0952380952380952,3.6398e-08,1.6927348e-05,4,1,1,0.1454577098443298,3
14822906001,江記金饌麻油辣腐乳270g,32.0,24.0,11.0,8448.0,6.206,12.0,0.0952380952380952,0.2935435239509036,3.0822070014844885,2,21,0.0952380952380952,6.1421616e-08,1.6927348e-05,4,1,1,0.1455301372118431,3
10033052001,超油切綠茶無糖Pet600ml,43.0,28.0,22.0,26488.0,15.4,24.0,0.3809523809523809,1.1741740958036144,3.082207001484488,2,21,0.0952380952380952,5.232212e-08,1.6927348e-05,4,2,1,0.145519369142782,3
31707086001,3M無痕小型掛鉤替換膠條,27.0,22.0,22.0,13068.0,2.8,36.0,0.3333333333333333,0.890870806374748,2.672612419124244,4,21,0.1904761904761904,5.687187e-08,1.6927348e-05,4,2,1,0.1460069129272035,3
14506358001,中農經典蛋黃拉麵 900g,44.0,34.0,13.0,19448.0,11.28,12.0,0.5238095238095238,1.219642711891971,2.3284088136119445,5,21,0.238095238095238,2.5251123e-07,5.0782044e-05,4,3,1,0.1433989309107509,3
11010015002,妙管家除臭地板清潔劑-瓶裝,37.0,25.0,28.0,25900.0,13.5,6.0,0.0952380952380952,0.2935435239509036,3.082207001484488,2,21,0.0952380952380952,2.2748752e-08,1.6927348e-05,4,1,1,0.1454090772534111,3
30013002001,永備碳鋅1號電池4入量販包,41.0,17.0,20.0,13940.0,6.0,45.0,0.5238095238095238,1.1388819755334665,2.174229226018436,6,21,0.2857142857142857,8.8720135e-08,3.3854696e-05,4,2,1,0.1439497761647039,3
14831005001,同榮紅燒鰻,30.0,26.0,17.0,13260.0,7.78,48.0,1.5714285714285714,4.304719763805533,2.7393671224217027,3,21,0.1428571428571428,2.7980983e-07,5.0782044e-05,4,8,1,0.1431380955029361,3
11050142001,家福ECO環保杏仁香氣洗碗精 家福ECO環保杏仁,33.0,19.0,23.0,14421.0,6.75,12.0,0.0952380952380952,0.2935435239509036,3.082207001484488,2,21,0.0952380952380952,2.0473879e-08,1.6927348e-05,4,1,1,0.145401956083621,3
35751018001,FGK 5W/50 機車全合成機油,33.0,24.0,25.0,19800.0,11.0,12.0,0.9047619047619048,2.4476375763612186,2.7052836370308206,4,21,0.1904761904761904,6.1421616e-08,1.6927348e-05,4,5,1,0.1476138956170635,3
31532003001,3M 好潔淨抗菌杯刷補充海綿,26.0,12.0,20.0,6240.0,0.23,20.0,0.3333333333333333,0.9428090415820632,2.82842712474619,3,21,0.1428571428571428,7.5070886e-08,3.3854696e-05,4,2,1,0.1450782517362906,3
14204101001,小怪獸海苔夾心-紫米,28.0,22.0,17.0,10472.0,0.76,12.0,0.0952380952380952,0.2935435239509036,3.082207001484488,2,21,0.0952380952380952,3.8672876e-08,3.3854696e-05,4,1,1,0.1470462271056614,3
12000425001,曼秀雷敦頭皮去味洗髮精 曼秀去味洗髮精,34.0,19.0,22.0,14212.0,8.6,12.0,0.0952380952380952,0.2935435239509036,3.0822070014844885,2,21,0.0952380952380952,6.597137e-08,1.6927348e-05,4,1,1,0.1455443795764665,3
12005093010,莉婕泡沫染髮劑 自然黑色,31.0,26.0,20.0,16120.0,3.19,12.0,0.0952380952380952,0.2935435239509036,3.0822070014844885,2,21,0.0952380952380952,2.0473879e-08,1.6927348e-05,4,1,1,0.145401956083621,3
14631082001,寧記金鉤辣椒245g,27.0,20.0,13.0,7020.0,9.942,12.0,0.238095238095238,0.6834619092574916,2.870540018881465,3,21,0.1428571428571428,5.687187e-08,1.6927348e-05,4,2,1,0.1454354293985815,3
11021074001,3M百利家用除菌清潔濕巾85入桶裝,34.0,23.0,24.0,18768.0,4.35,6.0,0.0952380952380952,0.2935435239509036,3.082207001484488,2,21,0.0952380952380952,2.0473879e-08,1.6927348e-05,4,1,1,0.145401956083621,3
12020420001,露得清深層淨化氣墊泡泡潔顏乳 氣墊泡泡洗面乳,27.0,20.0,21.0,11340.0,2.736,12.0,0.1904761904761904,0.5870870479018072,3.082207001484488,2,21,0.0952380952380952,1.8199003e-08,1.6927348e-05,4,1,1,0.1454007404453134,3
14616194001,有機白醋,24.0,19.0,24.0,10944.0,6.3,12.0,0.0952380952380952,0.2935435239509036,3.082207001484488,2,21,0.0952380952380952,2.2748752e-08,1.6927348e-05,4,1,1,0.1454090772534111,3
12005003002,566 美色護髮染髮霜補充盒 自然深栗,25.0,20.0,22.0,11000.0,1.73,12.0,0.7619047619047619,1.7431433540688692,2.287875652215391,6,21,0.2857142857142857,7.962064e-08,1.6927348e-05,4,3,1,0.1477658271515695,3
11040058001,家福海洋香氛馬桶清潔劑 家福海洋清香浴,35.0,20.0,27.0,18900.0,11.72,12.0,0.5238095238095238,1.1388819755334665,2.174229226018436,6,21,0.2857142857142857,9.099503e-08,1.6927348e-05,4,2,1,0.1423695957803379,3
12020025001,森田藥茶樹蘆薈淨化洗面乳,25.0,16.0,17.0,6800.0,1.634,12.0,0.1904761904761904,0.5870870479018072,3.082207001484488,2,21,0.0952380952380952,7.0521125e-08,1.6927348e-05,4,1,1,0.1455645274850938,3
12011482001,綠的男性抗菌沐浴露-極限能量大地 極限能量大地,39.0,21.0,27.0,22113.0,10.68,12.0,0.0952380952380952,0.2935435239509036,3.0822070014844885,2,21,0.0952380952380952,1.5924128e-08,1.6927348e-05,4,1,1,0.1453877137283887,3
14011046001,Tattoos 玉米脆片-披薩風味,45.0,21.0,17.0,16065.0,1.8,25.0,0.0952380952380952,0.2935435239509036,3.082207001484488,2,21,0.0952380952380952,7.734576e-08,1.6927348e-05,4,1,1,0.1455799855036765,3
12020323001,肌研毛穴對策洗顏乳,14.0,10.0,20.0,2800.0,0.79,6.0,0.0952380952380952,0.2935435239509036,3.082207001484488,2,21,0.0952380952380952,2.9573375e-08,1.6927348e-05,4,1,1,0.1454304407753033,3
12034051001,蘭韻淨角質化妝棉80片,56.0,23.0,35.0,45080.0,2.7,30.0,0.238095238095238,0.6834619092574915,2.8705400188814645,3,21,0.1428571428571428,4.5497497e-08,1.6927348e-05,4,2,1,0.1453998235245875,3
12010124001,OP天然茶酚洗手慕絲深層抗菌 OP抗菌洗手,30.0,21.0,21.0,13230.0,5.9,12.0,0.238095238095238,0.6834619092574915,2.8705400188814645,3,21,0.1428571428571428,7.734576e-08,3.3854696e-05,4,2,1,0.1470868216530194,3
32430039001,3M Scotch 8克口紅膠,24.0,17.0,11.0,4488.0,1.5,24.0,0.0952380952380952,0.2935435239509036,3.082207001484488,2,21,0.0952380952380952,3.184825e-08,1.6927348e-05,4,1,1,0.1454375619513542,3
11020010001,新威猛先生玻璃重裝,32.0,24.0,25.0,19200.0,7.39,12.0,0.6666666666666666,1.8856180831641267,2.8284271247461903,3,21,0.1428571428571428,6.597137e-08,1.6927348e-05,4,4,1,0.1434831347520351,3
14110271001,樂天派好運箱,29.0,17.0,21.0,10353.0,1.1,1.0,0.0952380952380952,0.2935435239509036,3.082207001484488,2,21,0.0952380952380952,4.3222624e-08,1.6927348e-05,4,1,1,0.1454731678284785,3
11041029001,威猛先生潔廁清香凍活力柑橘組 威猛先生潔廁清,33.0,19.0,17.0,10659.0,1.54,12.0,0.0952380952380952,0.2935435239509036,3.082207001484488,2,21,0.0952380952380952,3.8672873e-08,1.6927348e-05,4,1,1,0.1454589254732463,3
12001119001,台鹽絲易康60植萃健髮洗髮精-蓬鬆豐盈,29.0,23.0,22.0,14674.0,5.9,12.0,0.1904761904761904,0.5870870479018072,3.082207001484488,2,21,0.0952380952380952,1.3649252e-08,1.6927348e-05,4,1,1,0.1453864980900811,3
14632450001,健康廚房無油沾拌淋醬-香蒜洋蔥,19.0,14.0,19.0,5054.0,2.6,6.0,0.238095238095238,0.6834619092574916,2.870540018881465,3,21,0.1428571428571428,5.4596995e-08,3.3854696e-05,4,2,1,0.1470156098455546,3
14512123001,中興養生十榖米1.2Kg,35.0,24.0,5.0,4288.0,1.2,1.0,0.238095238095238,0.6834619092574916,2.870540018881465,3,21,0.1428571428571428,5.0047245e-08,1.6927348e-05,4,2,2,0.1454140658704287,3
12102022001,高露潔抗敏感+ 美白牙膏,38.0,25.0,20.0,19000.0,7.46,48.0,0.0952380952380952,0.2935435239509036,3.0822070014844885,2,21,0.0952380952380952,3.8672873e-08,1.6927348e-05,4,1,1,0.1454589254732463,3
11051012001,家福洗碗機專用清潔鹽,30.0,24.0,17.0,12240.0,12.61,12.0,0.5238095238095238,1.6218463205644191,3.0962520665320725,2,21,0.0952380952380952,2.7298501e-08,1.6927348e-05,4,3,1,0.1461193669646719,3
31707041001,3M 無痕大型掛鉤,35.0,29.0,22.0,22330.0,1.53,24.0,0.0952380952380952,0.2935435239509036,3.0822070014844885,2,21,0.0952380952380952,5.9146743e-08,1.6927348e-05,4,1,1,0.1455230160420529,3
31761004001,實用通便器,51.0,30.0,11.0,16830.0,4.18,12.0,0.0952380952380952,0.2935435239509036,3.0822070014844885,2,21,0.0952380952380952,2.9573375e-08,1.6927348e-05,4,1,1,0.1454304407753033,3
14616195001,有機糙米醋,24.0,19.0,24.0,10944.0,6.3,12.0,0.0952380952380952,0.2935435239509036,3.082207001484488,2,21,0.0952380952380952,4.3222624e-08,1.6927348e-05,4,1,1,0.1454731678284785,3
11021028001,毛寶小蘇打廚房清潔劑噴槍瓶,34.0,24.0,24.0,19584.0,7.41,12.0,0.4761904761904761,1.1388819755334665,2.3916521486202793,5,21,0.238095238095238,7.2796006e-08,1.6927348e-05,4,2,1,0.1426733600939736,3
10041055001,Perrier 汽泡礦泉水1L,28.0,17.0,32.0,15232.0,5.41,6.0,0.5714285714285714,1.761261143705422,3.0822070014844885,2,21,0.0952380952380952,0.0,0.0,4,3,1,0.1437800915679857,3
11072010001,必安住水蒸式殺蹣滅蟑劑10g,40.0,35.0,11.0,15400.0,3.08,12.0,0.6666666666666666,1.8082702424807169,2.712405363721075,4,21,0.1904761904761904,4.5497497e-08,1.6927348e-05,4,3,1,0.1478887479571491,3
12010072001,Citra香皂(粉紅)-珍珠淨白 香皂(粉紅)珍珠,23.0,14.0,10.0,3220.0,1.5,18.0,0.0952380952380952,0.2935435239509036,3.082207001484488,2,21,0.0952380952380952,1.0691918e-07,1.6927348e-05,4,1,1,0.1456725609332048,3
11112007001,效達衣領去漬凝膠,20.0,18.0,20.0,7200.0,3.66,12.0,1.1428571428571428,2.4743582965269675,2.165063509461097,6,21,0.2857142857142857,3.8672873e-08,1.6927348e-05,4,5,1,0.1418073013677545,3
11030007001,妙管家液體芳香劑-薰衣草,38.0,24.0,17.0,15504.0,6.148,12.0,0.0952380952380952,0.2935435239509036,3.0822070014844885,2,21,0.0952380952380952,9.099502e-09,1.6927348e-05,4,1,1,0.1453663501971056,3
11110033001,家福Horizon茉莉金橘濃縮柔軟精,33.0,24.0,26.0,20592.0,12.91,8.0,0.1904761904761904,0.5870870479018072,3.082207001484488,2,21,0.0952380952380952,1.5924128e-08,1.6927348e-05,4,1,1,0.1453936192692624,3
14506328001,中農經典家常勁麵 900g,44.0,34.0,13.0,19448.0,11.28,12.0,0.0952380952380952,0.2935435239509036,3.082207001484488,2,21,0.0952380952380952,5.232212e-08,1.6927348e-05,4,1,1,0.1455016525201608,3
14310037001,卡薩特選早餐咖啡豆454g,32.0,28.0,22.0,19712.0,6.5,12.0,0.0952380952380952,0.2935435239509036,3.082207001484488,2,21,0.0952380952380952,9.099503e-08,3.3854696e-05,4,1,1,0.1472100142456133,3
14851018001,家福超值貓乾糧(海鮮口味)1.5,57.0,24.0,28.0,38304.0,11.35,7.0,0.7142857142857143,2.050385727772475,2.870540018881465,3,21,0.1428571428571428,2.2748752e-08,5.0782044e-05,4,4,1,0.1485327427301467,3
12103053001,黑人炭金炫潔牙刷,32.0,22.0,25.0,17600.0,2.5,48.0,0.1904761904761904,0.5870870479018072,3.082207001484488,2,21,0.0952380952380952,1.5924128e-08,1.6927348e-05,4,1,1,0.1453936192692624,3
12105061001,Ora2 Me淨白清新漱口水青檸 淨白清新漱口水,23.0,22.0,13.0,6578.0,2.6,24.0,0.0952380952380952,0.2935435239509036,3.082207001484488,2,21,0.0952380952380952,3.184825e-08,1.6927348e-05,4,1,1,0.1454375619513542,3
12000193001,花王洗髮精深層柔潤型,41.0,21.0,24.0,20664.0,10.65,12.0,0.0952380952380952,0.2935435239509036,3.082207001484488,2,21,0.0952380952380952,2.2748752e-08,1.6927348e-05,4,1,1,0.1454090772534111,3
12105046001,Drs Formula 固齒健兒童含氟漱口水3-12歲 兒童含氟漱口水,35.0,18.0,23.0,14490.0,7.2,12.0,0.0952380952380952,0.2935435239509036,3.0822070014844885,2,21,0.0952380952380952,1.3649252e-08,1.6927348e-05,4,1,1,0.1453805925492075,3
12003123001,Clear淨植萃頭皮煥活系列護髮乳控油淨化 控油淨化護,26.0,20.0,27.0,14040.0,4.394,12.0,0.0952380952380952,0.2935435239509036,3.082207001484488,2,21,0.0952380952380952,2.7298501e-08,1.6927348e-05,4,1,1,0.1454233196023827,3
12012984001,妮維雅全方位潤膚霜 全方位潤膚霜,37.0,19.0,19.0,13357.0,6.088,24.0,0.0952380952380952,0.2935435239509036,3.082207001484488,2,21,0.0952380952380952,1.8199003e-08,1.6927348e-05,4,1,1,0.1453948349044396,3
12011389001,愛迪達男用三效洗髮沐浴露極限挑戰 極限挑戰,29.0,17.0,24.0,11832.0,3.5,12.0,0.0952380952380952,0.2935435239509036,3.082207001484488,2,21,0.0952380952380952,3.6398003e-08,3.3854696e-05,4,1,1,0.1470391059358712,3
12102113001,GUM牙周護理牙膏-清爽岩鹽 盒裝,34.0,27.0,14.0,12852.0,3.306,10.0,0.0952380952380952,0.2935435239509036,3.0822070014844885,2,21,0.0952380952380952,9.099503e-08,1.6927348e-05,4,1,1,0.1456227126225893,3
12020045001,碧菲絲特毛孔淨透洗面乳 毛孔淨透洗面乳,14.0,6.0,19.0,1596.0,0.5,3.0,0.0952380952380952,0.2935435239509036,3.082207001484488,2,21,0.0952380952380952,3.6398e-08,1.6927348e-05,4,1,1,0.1454518043034561,3
12000497001,多芬直順亮澤洗髮乳,25.0,17.0,25.0,10625.0,4.9,6.0,0.0952380952380952,0.2935435239509036,3.0822070014844885,2,21,0.0952380952380952,5.4596995e-08,1.6927348e-05,4,1,1,0.1455087736962118,3
12034036001,曼秀雷敦Acnes清爽吸油面紙 60片,17.0,9.0,17.0,2601.0,0.42,24.0,0.1904761904761904,0.5870870479018072,3.082207001484488,2,21,0.0952380952380952,6.369649e-08,1.6927348e-05,4,1,1,0.1455431639256374,3
31253004001,紙包日式圓筷,42.0,21.0,33.0,29106.0,13.6,30.0,0.4285714285714285,1.1368891796488878,2.6527414191807384,4,21,0.1904761904761904,5.9146743e-08,1.6927348e-05,4,2,1,0.1450727680483447,3
10014044001,SAKI水蜜桃果汁180ML,33.0,27.0,12.0,10692.0,6.2,30.0,2.857142857142857,8.80630571852711,3.0822070014844885,2,21,0.0952380952380952,3.8672873e-08,1.6927348e-05,4,15,1,0.1456301861585843,3
12002026001,BOTANIST植物性潤髮乳受損護理 受損護理潤髮,31.0,23.0,22.0,15686.0,7.27,12.0,0.0952380952380952,0.2935435239509036,3.082207001484488,2,21,0.0952380952380952,5.0047245e-08,1.6927348e-05,4,1,1,0.1454945313441099,3
11041023001,威猛先生潔廁清香凍組裝薰衣草 潔廁清凍薰衣,33.0,19.0,17.0,10659.0,1.54,12.0,0.0952380952380952,0.2935435239509036,3.082207001484488,2,21,0.0952380952380952,3.4123126e-08,1.6927348e-05,4,1,1,0.1454446831305355,3
10033062001,生活泡沫綠茶-微甜Pet590ml,42.0,28.0,24.0,28224.0,16.35,24.0,0.3809523809523809,1.1741740958036146,3.0822070014844885,2,21,0.0952380952380952,5.9146743e-08,1.6927348e-05,4,2,1,0.1455407326646741,3
31502041002,輕時代花香清潔袋(大),51.0,19.0,36.0,34884.0,15.1,30.0,0.1904761904761904,0.5870870479018073,3.0822070014844885,2,21,0.0952380952380952,2.9573375e-08,1.6927348e-05,4,1,1,0.145436346316177,3
14720022001,登豐黑糖冬瓜茶塊550g,41.0,18.0,14.0,10332.0,12.475,20.0,0.7619047619047619,1.874763779526622,2.4606274606286913,5,21,0.238095238095238,9.554479e-08,3.3854696e-05,4,4,1,0.1476373691859059,3
10013011001,波蜜一日水果100葡萄綜合果汁250ml,32.0,17.0,13.0,7072.0,5.0,18.0,0.5714285714285714,1.761261143705422,3.0822070014844885,2,21,0.0952380952380952,6.369649e-08,1.6927348e-05,4,3,1,0.1455667860891323,3
14341019001,聖桃園天然野生小藍莓果醬284g,37.0,25.0,17.0,15725.0,12.434,24.0,0.4285714285714285,1.2177820811947069,2.8414915227876496,3,21,0.1428571428571428,8.6445276e-08,1.6927348e-05,4,2,1,0.1441551895112113,3
11051037001,天工去汙粉,29.0,22.0,12.0,7656.0,7.87,12.0,0.8095238095238095,2.259773431943747,2.791484827695217,3,21,0.1428571428571428,1.1374377e-08,1.6927348e-05,4,4,1,0.1415601923876956,3
12001064001,Seborin 咖啡因洗髮露 咖啡因洗髮露,19.0,10.0,19.0,3610.0,1.77,6.0,0.0952380952380952,0.2935435239509036,3.0822070014844885,2,21,0.0952380952380952,7.0521125e-08,1.6927348e-05,4,1,1,0.1455586219442201,3
14003070001,麗滋餅乾三麗鷗收納箱,55.0,39.0,23.0,49335.0,7.2,8.0,0.0952380952380952,0.2935435239509036,3.0822070014844885,2,21,0.0952380952380952,0.0,0.0,4,1,1,0.1437505638636171,3
14820004001,大茂黑瓜玻璃瓶375g,29.0,22.0,15.0,9570.0,7.82,12.0,2.857142857142857,8.2015429110899,2.870540018881465,3,21,0.1428571428571428,6.824625e-08,1.6927348e-05,4,14,2,0.1456334376685154,3
30000049001,8pcs#4(Alk) 勁量鹼性電池AAA,14.0,12.0,10.0,1680.0,1.2,12.0,0.4761904761904761,1.005652956282994,2.111871208194288,5,21,0.238095238095238,1.11468935e-07,1.6927348e-05,4,2,1,0.1294583748220881,2
31500032002,輕時代花香清潔袋(小),50.0,24.0,25.0,30000.0,14.9,30.0,0.4285714285714285,0.9035079029052512,2.1081851067789197,6,21,0.2857142857142857,1.3421771e-07,1.6927348e-05,4,2,1,0.1393509320864509,2
10022003001,紅牛能量飲料Can355ml,36.0,24.0,17.0,14688.0,9.4,24.0,4.571428571428571,11.986386836230302,2.622022120425379,3,21,0.1428571428571428,6.369649e-08,1.6927348e-05,4,20,1,0.1338796345420126,2
61062008002,宜而爽新舒棉三角褲,26.0,13.0,18.0,6084.0,1.0,12.0,0.8095238095238095,1.892819706128742,2.3381890487472696,4,21,0.1904761904761904,1.1374377e-08,1.6927348e-05,4,4,1,0.1299533842406106,2
11030024001,去味大師備長炭消臭易冰箱專用 備長炭-冰箱用,25.0,24.0,11.0,6600.0,2.5,12.0,0.4285714285714285,1.178030178747903,2.7487370837451075,3,21,0.1428571428571428,1.06919174e-07,3.3854696e-05,4,2,1,0.1413853463363623,2
10052009001,百家珍嚴選精釀無糖蘋果醋,32.0,25.0,27.0,21600.0,11.5,12.0,0.2857142857142857,0.764875162105191,2.677063067368169,3,21,0.1428571428571428,1.569665e-07,3.3854696e-05,4,2,1,0.1381167386455542,2
32517006001,Double A A4多功能紙,31.0,23.0,29.0,20677.0,15.1,5.0,1.6666666666666667,3.883215816738117,2.32992949004287,4,21,0.1904761904761904,2.2748754e-09,1.6927348e-05,4,7,2,0.1295843490636449,2
14111079001,皇族棉大福(綜合口味),45.0,34.0,19.0,29070.0,3.79,12.0,0.3809523809523809,0.9988655696858584,2.622022120425379,3,21,0.1428571428571428,1.6151624e-07,3.3854696e-05,4,2,1,0.1355133033280779,2
11103267001,ARIEL抗菌洗衣精補充包1430G微香,35.0,22.0,33.0,25410.0,9.2,6.0,0.5714285714285714,1.178030178747903,2.0615528128088303,5,21,0.238095238095238,8.872016e-08,3.3854696e-05,4,3,1,0.1285818922309085,2
11041020001,Bref妙力投入式馬桶清潔錠,41.0,14.0,18.0,10332.0,1.524,12.0,0.6190476190476191,1.4952684255340554,2.4154336104780896,4,21,0.1904761904761904,5.687187e-08,1.6927348e-05,4,3,1,0.133765937905243,2
11076883001,叮寧小黑蚊防蚊液,19.0,15.0,17.0,4845.0,1.72,12.0,0.1904761904761904,0.4994327848429293,2.622022120425379,3,21,0.1428571428571428,3.184825e-08,1.6927348e-05,4,1,1,0.1335082832284118,2
11103147001,橘子工坊天然低敏親膚洗衣精補充包,5.0,20.0,28.0,2800.0,1.5,1.0,0.238095238095238,0.6098213559459855,2.561249694973139,3,21,0.1428571428571428,5.9146743e-08,1.6927348e-05,4,2,2,0.1306999101097577,2
14241078001,盛香珍薄鹽花生,38.0,28.0,13.0,13832.0,1.5,10.0,0.4285714285714285,0.9547589359887344,2.2277708506403804,5,21,0.238095238095238,1.7289061e-07,5.0782044e-05,4,2,1,0.1383467725169822,2
12012098001,凡士林專業修護潤膚露,28.0,19.0,23.0,12236.0,5.95,12.0,0.1904761904761904,0.4994327848429292,2.622022120425379,3,21,0.1428571428571428,2.7298501e-08,1.6927348e-05,4,1,1,0.1334940408794402,2
14300029001,唐寧皇家伯爵低咖啡因茶,42.0,17.0,17.0,12138.0,1.36,12.0,0.4761904761904761,1.2196427118919713,2.5612496949731396,4,21,0.1904761904761904,6.369649e-08,1.6927348e-05,4,3,1,0.1407289163046528,2
31821064001,美背加厚版二層空櫥,63.0,31.0,9.0,17577.0,7.0,1.0,0.1904761904761904,0.4994327848429293,2.622022120425379,3,21,0.1428571428571428,1.8199003e-08,3.3854696e-05,4,1,1,0.1350528578045213,2
11102017001,家福洗衣皂,34.0,31.0,20.0,21080.0,16.07,20.0,0.4761904761904761,1.051939144494025,2.2090722034374526,5,21,0.238095238095238,7.0521125e-08,1.6927348e-05,4,2,1,0.1339633785808148,2
11076938001,Hello Kitty小黑蚊防蚊液 KT防蚊液,15.0,13.0,15.0,2925.0,1.1,12.0,0.2857142857142857,0.6998542122237651,2.449489742783178,4,21,0.1904761904761904,5.0047245e-08,1.6927348e-05,4,2,1,0.1353472254540696,2
61062008003,宜而爽新舒棉三角褲,26.0,13.0,18.0,6084.0,2.0,12.0,0.7142857142857143,1.7766436291597745,2.487301080823684,3,21,0.1428571428571428,1.5924128e-08,1.6927348e-05,4,3,1,0.1270692989745664,2
35751021001,(平)Shell  機油 10W40 4T,36.0,28.0,24.0,24192.0,11.076,12.0,0.4285714285714285,1.0942024088643862,2.553138954016901,3,21,0.1428571428571428,5.232212e-08,1.6927348e-05,4,2,1,0.1303037508845711,2
31421022001,3M立體密實袋中型25入,29.0,26.0,23.0,17342.0,3.54,24.0,0.1428571428571428,0.3499271061118825,2.449489742783178,3,21,0.1428571428571428,5.9146743e-08,3.3854696e-05,4,1,1,0.1269541534637261,2
10002011001,金車麥根沙士PET585ml,42.0,28.0,24.0,28224.0,15.72,24.0,3.238095238095238,6.830636600777565,2.1094613031813068,5,21,0.238095238095238,1.4559211e-07,3.3854696e-05,4,12,1,0.1312088843339909,2
12212058001,沙威隆清爽抗菌濕巾80抽,46.0,32.0,20.0,29440.0,8.43,24.0,0.7619047619047619,1.5707069049972042,2.0615528128088307,5,21,0.238095238095238,9.099503e-08,3.3854696e-05,4,3,1,0.1286008244730551,2
10022908001,白魔爪能量碳酸飲料(超越)Can355ml,24.0,36.0,17.0,14688.0,9.32,24.0,3.047619047619047,6.160366334779516,2.021370203599529,6,21,0.2857142857142857,1.3876748e-07,3.3854696e-05,0,11,1,0.1369767571116448,2
11110045001,家福Horizon日本櫻桃花濃縮柔軟精,33.0,24.0,26.0,20592.0,12.91,8.0,0.1904761904761904,0.4994327848429292,2.622022120425379,3,21,0.1428571428571428,4.3222624e-08,1.6927348e-05,4,1,1,0.1335438891055361,2
10041005001,亞莉佳氣泡礦泉水1500ml,25.0,17.0,34.0,14450.0,6.41,6.0,0.2857142857142857,0.6998542122237651,2.449489742783178,3,21,0.1428571428571428,4.0947747e-08,3.3854696e-05,4,2,1,0.1269060423791507,2
14804009001,愛之味忘不了核桃燕麥粥340g,41.0,28.0,13.0,14924.0,9.708,24.0,3.142857142857143,6.311634866964149,2.0082474576704112,6,21,0.2857142857142857,2.8435957e-07,3.3854696e-05,0,12,1,0.1368129090597503,2
12102136001,日本獅王NONIO終結口氣牙膏冰炫薄荷 NONIO冰炫,21.0,10.0,19.0,3990.0,1.52,10.0,0.4285714285714285,1.0033955955097846,2.341256389522831,4,21,0.1904761904761904,7.0521125e-08,3.3854696e-05,4,2,1,0.1318484222147521,2
41002005001,3M CHIMSPD-02UCF超濾淨型專用濾網　,33.0,25.0,44.0,36300.0,3.31,12.0,0.1904761904761904,0.4994327848429292,2.6220221204253784,3,21,0.1428571428571428,4.549751e-09,1.6927348e-05,4,1,1,0.1334228291189309,2
30001041001,8pcs#3勁量鹼性電池,13.0,10.0,18.0,2340.0,1.5,12.0,0.1904761904761904,0.4994327848429292,2.622022120425379,3,21,0.1428571428571428,9.554479e-08,3.3854696e-05,4,1,1,0.1352949779060764,2
12121062001,Slim Slim輕柔動感衛生棉25cm 日用超薄250,29.0,21.0,23.0,14007.0,1.332,12.0,0.1904761904761904,0.4994327848429292,2.622022120425379,3,21,0.1428571428571428,7.734576e-08,3.3854696e-05,4,1,1,0.1352380084037581,2
12020260001,曼秀雷敦冰振活炭潔面乳,22.0,9.0,16.0,3168.0,1.28,6.0,0.1904761904761904,0.4994327848429293,2.622022120425379,3,21,0.1428571428571428,6.1421616e-08,1.6927348e-05,4,1,1,0.1336008584889007,2
12005082003,宣若EX染髮霜 淺栗棕,20.0,8.0,19.0,3040.0,0.6,3.0,0.238095238095238,0.6098213559459855,2.561249694973139,3,21,0.1428571428571428,7.5070886e-08,1.6927348e-05,4,2,1,0.1307497583984607,2
11102012001,水晶肥皂粉体,38.0,33.0,24.0,30096.0,12.1,6.0,0.3333333333333333,0.7766431633476233,2.32992949004287,4,21,0.1904761904761904,4.777237e-08,1.6927348e-05,4,2,1,0.1296440949955275,2
12001031001,落建洗髮露潔淨健髮配方200ml 潔淨健髮,30.0,26.0,18.0,14040.0,6.46,24.0,0.1904761904761904,0.4994327848429293,2.622022120425379,3,21,0.1428571428571428,5.2322125e-08,3.3854696e-05,4,1,1,0.1351596754358942,2
10023991001,正官庄高麗蔘精Everytime秘10mlx20,33.0,31.0,25.0,25575.0,4.63,6.0,0.3333333333333333,0.7766431633476234,2.32992949004287,4,21,0.1904761904761904,1.00094546e-07,1.6927348e-05,4,2,1,0.1298078822043473,2
14504060001,隨緣南洋叻沙拌麵碗麵92g,34.0,34.0,16.0,18496.0,1.36,8.0,0.3809523809523809,0.9499970163457144,2.4937421679075005,3,21,0.1428571428571428,1.2966795e-07,3.3854696e-05,4,2,1,0.1292990112534895,2
12011285001,澎澎MAN二合一洗髮沐浴露-海洋,29.0,23.0,25.0,16675.0,9.29,12.0,0.238095238095238,0.6098213559459856,2.5612496949731396,3,21,0.1428571428571428,6.597137e-08,3.3854696e-05,4,2,1,0.1323085752671953,2
11073900001,興家安速電蚊香液2入,29.0,20.0,10.0,5800.0,1.82,12.0,0.1904761904761904,0.4994327848429292,2.622022120425379,3,21,0.1428571428571428,5.0047245e-08,1.6927348e-05,4,1,1,0.1335652526211674,2
12011139001,曼秀雷敦海洋清爽沐浴乳 海洋清爽,33.0,22.0,25.0,18150.0,10.0,12.0,0.238095238095238,0.6098213559459855,2.561249694973139,3,21,0.1428571428571428,5.0047245e-08,3.3854696e-05,4,2,1,0.1322587270348387,2
14301109001,立頓茗閒情100％台灣茶-高山烏龍茶61.6g,29.0,23.0,26.0,17342.0,1.2,12.0,0.3333333333333333,0.7126966450997982,2.1380899352993947,5,21,0.238095238095238,3.366814e-07,3.3854696e-05,4,2,1,0.1329915565761033,2
12121071001,好自在純棉液體衛生棉日用24cm8片,46.0,24.0,17.0,18768.0,1.02,12.0,0.5238095238095238,1.0962728031639368,2.0928844424038795,5,21,0.238095238095238,6.824625e-08,3.3854696e-05,4,2,1,0.1300083030209045,2
14225030001,曼陀珠-白薄荷,36.0,26.0,15.0,14040.0,6.84,159.0,0.8571428571428571,2.099562636671296,2.4494897427831788,4,21,0.1904761904761904,1.046443e-07,3.3854696e-05,4,4,1,0.1371408687197283,2
14509009001,曾蒙牛職人麵舖-紅燒牛肉細粉 460g,61.0,36.0,23.0,50508.0,13.2,20.0,0.238095238095238,0.6098213559459855,2.561249694973139,3,21,0.1428571428571428,3.6398e-08,3.3854696e-05,4,2,1,0.1322159999941849,2
32504043005,高級A4 4孔夾,31.0,17.0,33.0,17391.0,3.0,12.0,1.0952380952380951,2.4476375763612186,2.2347995262428517,4,21,0.1904761904761904,3.6398006e-08,5.0782044e-05,4,5,1,0.1282958694448083,2
14313008001,星巴克黃金烘焙義式濃縮咖啡膠囊,18.0,12.0,8.0,1966.0,0.1,1.0,0.2857142857142857,0.7648751621051909,2.6770630673681683,3,21,0.1428571428571428,2.7298501e-08,1.6927348e-05,4,2,2,0.1361235295994622,2
14852011001,西莎精緻狗食-雞肉100g,40.0,35.0,23.0,32200.0,12.1,96.0,0.8571428571428571,2.0995626366712954,2.449489742783178,3,21,0.1428571428571428,4.322263e-08,3.3854696e-05,4,4,1,0.1269485968254868,2
14602025001,飛馬正品五香粉30g,13.0,12.0,9.0,1404.0,0.97,6.0,0.1904761904761904,0.4994327848429292,2.622022120425379,3,21,0.1428571428571428,1.2284333e-07,3.3854696e-05,4,1,1,0.135380432143902,2
11074033001,奈丸,49.0,34.0,18.0,29988.0,18.822,40.0,0.3333333333333333,0.835710894037345,2.507132682112035,3,21,0.1428571428571428,5.4596995e-08,3.3854696e-05,4,2,1,0.129699332014141,2
14822095001,味島香鬆迷你包,42.0,35.0,12.0,17640.0,2.06,20.0,0.1428571428571428,0.3499271061118825,2.449489742783178,3,21,0.1428571428571428,1.2966795e-07,3.3854696e-05,4,1,1,0.1271749101779946,2
12001047001,海倫絲滑柔順去屑洗髮乳,26.0,22.0,24.0,13728.0,7.16,6.0,0.3333333333333333,0.7766431633476234,2.32992949004287,4,21,0.1904761904761904,4.5497497e-08,3.3854696e-05,4,2,1,0.1312242754487613,2
11110087002,新熊寶貝柔軟護衣精補充包,38.0,24.0,28.0,25536.0,10.37,6.0,0.4761904761904761,1.005652956282994,2.111871208194288,5,21,0.238095238095238,1.6834089e-07,1.6927348e-05,4,2,1,0.1296364044737903,2
11072017001,速必效微煙黑蚊香,54.0,41.0,14.0,30996.0,11.51,12.0,0.1904761904761904,0.4994327848429292,2.622022120425379,3,21,0.1428571428571428,6.824625e-08,1.6927348e-05,4,1,1,0.1336222220452267,2
14221114001,森永白色牛奶糖(家庭包)260g,47.0,28.0,18.0,23688.0,3.402,10.0,0.4761904761904761,0.9571310115353228,2.0099751242241783,6,21,0.2857142857142857,5.368697e-07,6.770939e-05,4,2,1,0.140694955398702,2
12034094001,GATSBY潔面濕紙巾(控油型)超值包 控油濕巾42張,54.0,37.0,19.0,37962.0,10.45,36.0,1.1428571428571428,2.568781706525938,2.247683993210196,5,21,0.238095238095238,1.5924128e-08,3.3854696e-05,4,5,1,0.1372615813290701,2
14310054001,伯朗精品咖啡豆衣索比亞,37.0,23.0,12.0,10212.0,2.35,8.0,0.1904761904761904,0.4994327848429293,2.622022120425379,3,21,0.1428571428571428,6.597137e-08,1.6927348e-05,4,1,1,0.133615100853524,2
14602051001,小磨坊香蒜粒35g,14.0,11.0,13.0,2002.0,0.828,6.0,0.3333333333333333,0.7126966450997985,2.1380899352993956,5,21,0.238095238095238,1.0236942e-07,3.3854696e-05,4,2,1,0.132258075896759,2
11051009001,加倍潔洗衣槽專用去污劑,26.0,17.0,13.0,5746.0,4.07,12.0,0.4761904761904761,1.051939144494025,2.2090722034374526,5,21,0.238095238095238,9.326991e-08,5.0782044e-05,4,2,1,0.1372091936969348,2
12327064001,三多補体康C經典配方24入 補体康C,41.0,27.0,10.0,11070.0,7.56,1.0,0.1904761904761904,0.4994327848429292,2.622022120425379,3,21,0.1428571428571428,0.0,0.0,4,1,1,0.1318212851406746,2
12017019001,婦潔私密沐浴露-蔓越莓 蔓越莓,24.0,16.0,22.0,8448.0,2.5,8.0,0.1904761904761904,0.4994327848429292,2.6220221204253784,3,21,0.1428571428571428,3.8672873e-08,1.6927348e-05,4,1,1,0.1335296467503038,2
12102042001,GUM牙周護理牙膏 牙周護理牙膏,24.0,7.0,22.0,3696.0,1.64,10.0,0.4285714285714285,1.0033955955097846,2.341256389522831,4,21,0.1904761904761904,7.5070886e-08,1.6927348e-05,4,2,1,0.1302753629782638,2
14244022001,萬歲牌核桃小魚125G,33.0,24.0,13.0,10296.0,2.01,12.0,0.6666666666666666,1.5836465855538944,2.3754698783308417,4,21,0.1904761904761904,2.7526005e-07,5.0782044e-05,4,3,1,0.135722215111472,2
14240007001,嘉禾大花生鹹酥,43.0,31.0,23.0,30659.0,4.78,20.0,0.5714285714285714,1.2177820811947069,2.1311186420907373,5,21,0.238095238095238,1.979143e-07,3.3854696e-05,4,3,1,0.1322396357103511,2
14203055001,鮮味本舖沙嗲魚,37.0,30.0,18.0,19980.0,2.53,10.0,0.6666666666666666,1.583646585553894,2.3754698783308412,4,21,0.1904761904761904,2.1611334e-07,3.3854696e-05,4,3,1,0.133949763036338,2
12011103001,澎澎Soft胺基酸修護沐浴露 胺基酸修護,31.0,15.0,22.0,10230.0,4.29,6.0,0.238095238095238,0.6098213559459855,2.561249694973139,3,21,0.1428571428571428,8.4170395e-08,3.3854696e-05,4,2,1,0.1323655447538617,2
12016061001,蕊娜制汗爽身噴霧-亮白玫瑰 亮白玫瑰,15.0,10.0,18.0,2700.0,0.86,6.0,0.1428571428571428,0.3499271061118825,2.449489742783178,3,21,0.1428571428571428,5.687187e-08,3.3854696e-05,4,1,1,0.1269470322939359,2
14331020001,桂格高鈣奶粉-inulin配方 1.5Kg,49.0,33.0,24.0,38808.0,11.52,6.0,0.6190476190476191,1.430157849302972,2.31025498733557,5,21,0.238095238095238,7.734577e-08,3.3854696e-05,4,3,1,0.1404038832608379,2
12002064001,ES輕甜花語奢華香水潤髮乳 輕甜花語潤髮乳,29.0,22.0,28.0,17864.0,8.39,12.0,0.1904761904761904,0.4994327848429292,2.6220221204253784,3,21,0.1428571428571428,1.2284333e-07,3.3854696e-05,4,1,1,0.135380432143902,2
14000109001,角落小夥伴海苔糙米捲,43.0,27.0,14.0,16254.0,2.44,12.0,0.5238095238095238,1.0962728031639368,2.0928844424038795,5,21,0.238095238095238,4.094772e-07,3.3854696e-05,4,2,1,0.1310764784894371,2
12000325001,巴黎美妝迷迭香甘菊洗髮精 LCDP-橘子迷迭,25.0,16.0,17.0,6800.0,3.52,12.0,0.1904761904761904,0.4994327848429292,2.6220221204253784,3,21,0.1428571428571428,5.9146743e-08,1.6927348e-05,4,1,1,0.1335937373191104,2
14312011001,雀巢咖啡(醇品風味),38.0,28.0,20.0,21280.0,9.55,12.0,0.3333333333333333,0.7766431633476234,2.32992949004287,4,21,0.1904761904761904,1.7061575e-07,3.3854696e-05,4,2,1,0.1316159405322488,2
14833078001,青葉嚕肉飯料150G,35.0,27.0,17.0,16065.0,9.796,48.0,2.5714285714285716,5.178448274397674,2.0138409955990952,5,21,0.238095238095238,4.276761e-07,5.0782044e-05,4,10,1,0.1290800313875817,2
10023068001,桂格冬蟲夏草養氣人蔘60mlx16,42.0,37.0,19.0,29526.0,11.6,4.0,0.3333333333333333,0.7766431633476233,2.32992949004287,4,21,0.1904761904761904,2.5023628e-08,3.3854696e-05,4,2,1,0.1311601848830851,2
31563008001,3M 百利抗菌拖把替換包,49.0,35.0,21.0,36015.0,2.1,12.0,1.0,2.0930724738891344,2.0930724738891344,5,21,0.238095238095238,2.7298501e-08,1.6927348e-05,4,4,1,0.1283313106500288,2
14601899001,烹大師干貝風味調味料40g,32.0,26.0,22.0,18304.0,4.26,80.0,0.1428571428571428,0.3499271061118825,2.449489742783178,3,21,0.1428571428571428,1.4786698e-07,3.3854696e-05,4,1,1,0.1272318796803129,2
10024001001,健酪原味乳酸飲料,40.0,27.0,13.0,14040.0,8.59,24.0,14.0,30.331501776206203,2.166535841157586,5,21,0.238095238095238,3.7762894e-07,8.463674e-05,4,53,3,0.1400849903453949,2
14853013001,偉嘉妙鮮包鮪魚(貓)85g,51.0,28.0,14.0,19992.0,8.5,80.0,4.0,10.327955589886448,2.5819888974716116,3,21,0.1428571428571428,1.1374377e-08,3.3854696e-05,4,18,1,0.1333594912830227,2
14851009001,加好寶經典乾貓糧 - 海鮮7Kg,52.0,39.0,11.0,22308.0,7.0,1.0,0.2857142857142857,0.6998542122237651,2.449489742783178,4,21,0.1904761904761904,4.3222624e-08,1.6927348e-05,4,2,2,0.1353258619384383,2
11041031001,威猛先生潔廁清香凍活力柑橘重,27.0,18.0,21.0,10206.0,1.6,12.0,0.3333333333333333,0.7766431633476233,2.32992949004287,4,21,0.1904761904761904,5.687187e-08,1.6927348e-05,4,2,1,0.1296725796997312,2
35300010001,嘉實多Edge with Syntec 5W40,23.0,20.0,24.0,11040.0,5.48,6.0,0.4285714285714285,1.178030178747903,2.7487370837451075,3,21,0.1428571428571428,1.3649252e-08,1.6927348e-05,4,2,1,0.139506076348123,2
31501013001,可家芬平底清潔袋(中),50.0,31.0,22.0,34100.0,14.0,20.0,0.6190476190476191,1.3964645998681124,2.2558274305561814,5,21,0.238095238095238,5.6871873e-08,3.3854696e-05,4,3,1,0.1377454472995182,2
14244935001,Sunny Ranch特選大豆堅果桶,43.0,29.0,20.0,24940.0,7.65,6.0,0.3809523809523809,0.7853534524986019,2.0615528128088303,5,21,0.238095238095238,1.6151625e-07,3.3854696e-05,4,2,1,0.1287979590645234,2
12000076001,美國箭牌馬洗髮精,26.0,18.0,27.0,12636.0,7.9,6.0,0.3333333333333333,0.7126966450997985,2.1380899352993956,5,21,0.238095238095238,7.734576e-08,3.3854696e-05,4,2,1,0.1321797428506362,2
12010153001,滴露滋潤倍護潔手液 滋潤倍護,26.0,17.0,18.0,7956.0,3.69,12.0,0.1904761904761904,0.4994327848429292,2.6220221204253784,3,21,0.1428571428571428,1.8199003e-08,1.6927348e-05,4,1,1,0.1334655561814972,2
14742016001,日正美國泡打粉,40.0,27.0,11.0,11880.0,2.07,24.0,0.1904761904761904,0.4994327848429292,2.6220221204253784,3,21,0.1428571428571428,3.184825e-08,1.6927348e-05,4,1,1,0.1335082832284117,2
10034022001,伊藤園TEASTEA蘋果紅茶535ml,42.0,28.0,24.0,28224.0,14.38,24.0,9.142857142857142,18.84848285996645,2.0615528128088303,5,21,0.238095238095238,1.0236942e-07,5.0782044e-05,4,34,2,0.130743419620177,2
12102030001,Ora2愛樂齒晶鑽薄荷新微鈣粒子 Ora2膏,19.0,15.0,21.0,5985.0,2.12,12.0,0.1428571428571428,0.3499271061118825,2.449489742783178,3,21,0.1428571428571428,7.734576e-08,3.3854696e-05,4,1,1,0.1270111229253497,2
14701041001,茂喜熟白芝麻粒250g,38.0,31.0,16.0,18848.0,5.19,12.0,0.5238095238095238,1.051939144494025,2.0082474576704112,6,21,0.2857142857142857,1.9563943e-07,3.3854696e-05,4,2,1,0.136372780772781,2
12004170001,UNO強硬作風定型膠 UNO硬定型膠,19.0,14.0,4.0,1064.0,0.8,3.0,0.238095238095238,0.6098213559459856,2.5612496949731396,3,21,0.1428571428571428,1.8199003e-08,1.6927348e-05,4,2,1,0.1305717289721444,2
11030179001,美國Renuzit室內芳香凍-柑橘果園,31.0,23.0,13.0,9269.0,3.08,12.0,0.1428571428571428,0.3499271061118825,2.449489742783178,3,21,0.1428571428571428,1.3194285e-07,3.3854696e-05,4,1,1,0.1271820314323045,2
12023015001,Olay滋潤保濕霜 敏感,23.0,16.0,9.0,3312.0,1.19,6.0,0.5238095238095238,1.2580804584402767,2.4017899661132556,4,21,0.1904761904761904,3.4123126e-08,1.6927348e-05,4,3,1,0.1330384823227748,2
12016026001,妮維雅止汗爽身乳膏 -嫩白 妮維雅止汗爽,23.0,18.0,12.0,4968.0,1.54,18.0,0.4761904761904761,1.1799534946060826,2.4779023386727737,4,21,0.1904761904761904,8.872016e-08,1.6927348e-05,4,2,1,0.1368344121733843,2
14226116001,XYLITOL護牙分享包2+1,43.0,27.0,24.0,27864.0,6.0,48.0,0.1904761904761904,0.4994327848429292,2.622022120425379,3,21,0.1428571428571428,5.4596995e-08,1.6927348e-05,4,1,1,0.1335794949732693,2
12100091001,台鹽鹹淨潔效牙膏,23.0,21.0,11.0,5313.0,2.5,12.0,0.3809523809523809,0.7853534524986019,2.0615528128088303,5,21,0.238095238095238,1.4786698e-07,3.3854696e-05,4,2,1,0.1287552319456106,2
12112002001,舒適牌刮鬍泡--敏感膚質,31.0,6.0,21.0,3906.0,1.6,6.0,0.7142857142857143,1.452185779235896,2.0330600909302543,6,21,0.2857142857142857,9.7819665e-08,1.6927348e-05,4,3,1,0.1356737988321317,2
14741028001,鑫旺萊寶島木薯粉400g,36.0,27.0,23.0,22356.0,10.53,24.0,0.238095238095238,0.5259695722470124,2.209072203437452,4,21,0.1904761904761904,8.4170395e-08,1.6927348e-05,4,1,1,0.1239913418475433,1
14852009001,西莎100g-牛肉及肝 100g,40.0,35.0,23.0,32200.0,12.1,96.0,2.0,3.854496446637726,1.927248223318863,5,21,0.238095238095238,1.0464429e-07,5.0782044e-05,4,7,1,0.1239058592309961,1
10041052001,deepbloo 純沛海洋離子氣泡水pet 500ml,42.0,28.0,24.0,28224.0,13.116,24.0,5.714285714285714,12.623269733928298,2.209072203437452,4,21,0.1904761904761904,1.0236943e-07,1.6927348e-05,4,22,1,0.1243878799657525,1
41310001001,飛利浦HD4988黑晶爐,36.0,10.0,42.0,15120.0,2.57,1.0,0.238095238095238,0.42591770999996,1.788854381999832,5,21,0.238095238095238,1.13743816e-07,1.6927348e-05,4,1,1,0.1140538038984682,1
11050141002,珂珂透噴槍型泡泡洗碗精,34.0,25.0,24.0,20400.0,4.82,12.0,0.2857142857142857,0.628138378965377,2.1984843263788196,4,21,0.1904761904761904,8.6445276e-08,1.6927348e-05,4,2,1,0.1234967337952092,1
11050052001,白熊PLUS洗碗精 白熊PLUS洗碗精,46.0,23.0,27.0,28566.0,13.52,12.0,0.2857142857142857,0.6281383789653772,2.19848432637882,4,21,0.1904761904761904,8.189552e-08,1.6927348e-05,4,2,1,0.1234824914243253,1
32420014001,SDI自動鎖定小美工刀3入0406B,47.0,23.0,12.0,12972.0,3.0,30.0,0.1428571428571428,0.3499271061118825,2.449489742783178,3,21,0.1428571428571428,4.3222624e-08,1.6927348e-05,4,1,1,0.1253170036271277,1
12327009001,桂格完膳營養素纖穀口味,41.0,27.0,10.0,11070.0,7.68,24.0,8.0,15.417985786550904,1.927248223318863,5,21,0.238095238095238,9.099502e-09,1.6927348e-05,0,28,2,0.1208042155468997,1
12000070001,Farcent香水奇蹟洗髮露-微醺小蒼蘭,36.0,21.0,24.0,18144.0,8.6,12.0,0.2857142857142857,0.5471012044321931,1.914854215512676,5,21,0.238095238095238,1.4786698e-07,5.0782044e-05,4,1,1,0.123344088951882,1
11074019001,熊寶貝衣物香氛袋芬芳香音勺,24.0,22.0,11.0,5808.0,0.61,10.0,0.2857142857142857,0.628138378965377,2.1984843263788196,4,21,0.1904761904761904,5.687187e-08,1.6927348e-05,4,2,1,0.1234041584095059,1
12000005001,潘婷淨化極潤順澤洗髮露500ml 潘婷護色洗髮露,22.0,22.0,24.0,11616.0,5.84,9.0,0.1428571428571428,0.3499271061118825,2.449489742783178,3,21,0.1428571428571428,5.232212e-08,1.6927348e-05,4,1,1,0.12534548831881,1
12000042001,麗仕柔亮直順洗髮乳 麗仕直順洗髮乳,25.0,17.0,26.0,11050.0,5.31,6.0,0.1428571428571428,0.3499271061118825,2.449489742783178,3,21,0.1428571428571428,5.232212e-08,1.6927348e-05,4,1,1,0.12534548831881,1
14210127001,聯國葡萄乾,49.0,28.0,19.0,26068.0,8.52,12.0,0.6190476190476191,1.361938061530961,2.2000537917038603,4,21,0.1904761904761904,6.824625e-08,1.6927348e-05,4,3,1,0.1235352438726361,1
12011305001,美琪抗菌沐浴乳(蠟菊) 美琪沐浴乳蠟菊,42.0,23.0,23.0,22218.0,16.58,12.0,0.1428571428571428,0.3499271061118825,2.449489742783178,3,21,0.1428571428571428,4.777237e-08,1.6927348e-05,4,1,1,0.1253312459667081,1
14240010001,Sunny Ranch黑金剛花生850g,48.0,31.0,23.0,34224.0,5.8,6.0,0.238095238095238,0.5259695722470124,2.209072203437452,4,21,0.1904761904761904,1.6379113e-07,3.3854696e-05,4,1,1,0.1258278849766896,1
31530027001,3M 百利全面抗滑絨裡手套-中型,27.0,23.0,22.0,13662.0,2.05,20.0,0.5714285714285714,1.1368891796488878,1.9895560643855537,5,21,0.238095238095238,7.0521125e-08,1.6927348e-05,4,3,1,0.1235058222454466,1
12000039001,麗仕髮的補給乳木果萃取胺基酸洗髮精,34.0,22.0,23.0,17204.0,6.7,12.0,0.3333333333333333,0.7126966450997984,2.138089935299395,4,21,0.1904761904761904,3.8672876e-08,3.3854696e-05,4,2,1,0.122058682829597,1
12000019001,飛柔淨油柔順微米洗髮露530ML 0矽靈淨油洗髮露,29.0,23.0,24.0,16008.0,8.166,12.0,0.3809523809523809,0.7221786137191952,1.8957188610128877,5,21,0.238095238095238,8.4170395e-08,3.3854696e-05,4,2,1,0.1206511933791631,1
41313936001,聲寶KQ-CA12D美食鍋1.2L,62.0,25.0,35.0,54250.0,7.6,6.0,0.1428571428571428,0.3499271061118825,2.449489742783178,3,21,0.1428571428571428,2.0473879e-08,1.6927348e-05,4,1,1,0.1252457918822701,1
35311004001,愛鐵強油精,45.0,26.0,19.0,22230.0,5.0,24.0,0.1428571428571428,0.3499271061118826,2.4494897427831783,3,21,0.1428571428571428,2.0473879e-08,1.6927348e-05,4,1,1,0.1252457918822702,1
14851023001,葛莉思貓食-海洋口味 8Kg,55.0,39.0,10.0,21450.0,8.0,1.0,0.238095238095238,0.5259695722470124,2.209072203437452,4,21,0.1904761904761904,2.0473879e-08,1.6927348e-05,4,1,1,0.1237919488680313,1
10002013001,AW 麥根沙士,40.0,13.0,13.0,6760.0,4.69,12.0,5.714285714285714,12.623269733928298,2.209072203437452,4,21,0.1904761904761904,1.3649252e-08,1.6927348e-05,4,22,2,0.1241101539338569,1
12151073001,博寶兒護敏沐浴露 博寶兒沐浴露,34.0,22.0,24.0,17952.0,7.51,12.0,0.1428571428571428,0.3499271061118825,2.449489742783178,3,21,0.1428571428571428,7.0521125e-08,1.6927348e-05,4,1,1,0.1254024577428693,1
10052002001,百家珍健美醋600ml,31.0,24.0,27.0,20088.0,12.31,12.0,0.8571428571428571,2.0995626366712954,2.449489742783178,3,21,0.1428571428571428,4.549751e-09,1.6927348e-05,4,4,1,0.1252402351970754,1
12000221001,Drs Formula恆采固色洗髮精,32.0,25.0,24.0,19200.0,8.426,12.0,0.2857142857142857,0.6281383789653772,2.19848432637882,4,21,0.1904761904761904,1.137438e-07,3.3854696e-05,4,2,1,0.1251694896059732,1
11041999004,Bref妙力懸掛式馬桶清潔球50g,41.0,14.0,18.0,10332.0,0.9,10.0,0.1428571428571428,0.3499271061118825,2.449489742783178,3,21,0.1428571428571428,2.0473879e-08,3.3854696e-05,4,1,1,0.1268330935052942,1
14615012001,維義油之鑽127鑽石級調合油,33.0,25.0,33.0,27225.0,17.97,12.0,0.7142857142857143,1.385051387833237,1.9390719429665315,5,21,0.238095238095238,8.189552e-08,3.3854696e-05,4,3,1,0.1227312107049964,1
12034097001,家福進口蘆薈化妝棉 進口蘆薈化妝棉,40.0,30.0,22.0,26400.0,1.93,35.0,0.238095238095238,0.5259695722470125,2.2090722034374526,4,21,0.1904761904761904,3.4123126e-08,1.6927348e-05,4,1,1,0.1238346759149458,1
41100017001,東元XYFXJ066直立式手提吸塵器,64.0,13.0,15.0,12480.0,2.054,1.0,0.1904761904761904,0.3926767262493011,2.0615528128088307,4,21,0.1904761904761904,2.9573375e-08,1.6927348e-05,4,1,1,0.1167858177575027,1
14822024001,味島海苔醬--海苔佃煮190g,44.0,32.0,11.0,15488.0,9.75,20.0,0.5714285714285714,1.0942024088643865,1.9148542155126764,5,21,0.238095238095238,2.4568675e-07,3.3854696e-05,4,2,1,0.1220807149755715,1
12106061001,固特齒L型牙間刷-M 固特齒L-M,57.0,24.0,36.0,49248.0,5.17,144.0,0.2857142857142857,0.5471012044321932,1.9148542155126764,5,21,0.238095238095238,4.0947747e-08,1.6927348e-05,4,1,1,0.1198347900933611,1
12014004001,我的心機去皮嫩膚黑足膜,38.0,28.0,19.0,20216.0,2.0,20.0,0.3809523809523809,0.7853534524986019,2.0615528128088303,4,21,0.1904761904761904,5.9146743e-08,1.6927348e-05,4,2,1,0.1168902041059997,1
12005056002,美吾髮快速護髮染髮霜補充包 5號-深栗,22.0,15.0,18.0,5940.0,2.0,12.0,0.238095238095238,0.5259695722470124,2.209072203437452,4,21,0.1904761904761904,1.0236943e-07,3.3854696e-05,4,1,1,0.1256356129885374,1
12000035001,ES大馬士革玫瑰香水洗髮精 玫瑰香水洗髮精,28.0,24.0,27.0,18144.0,8.724,12.0,0.238095238095238,0.4259177099999599,1.7888543819998317,5,21,0.238095238095238,9.099503e-08,3.3854696e-05,4,1,1,0.11556989364829,1
12002071001,呂韓方頭皮養護潤髮乳染燙受損 呂染燙受損潤髮,20.0,19.0,26.0,9880.0,3.8,8.0,0.2857142857142857,0.6281383789653772,2.19848432637882,4,21,0.1904761904761904,8.872016e-08,3.3854696e-05,4,2,1,0.1250911566224575,1
11030016001,Farcent香水室內擴香,38.0,25.0,24.0,22800.0,5.44,12.0,0.238095238095238,0.4259177099999599,1.7888543819998317,5,21,0.238095238095238,7.2796006e-08,3.3854696e-05,4,1,1,0.1155129241647539,1
14343027001,家樂福龍眼蜂蜜700g,34.0,27.0,22.0,20196.0,14.556,12.0,0.238095238095238,0.5259695722470125,2.2090722034374526,4,21,0.1904761904761904,4.5497497e-08,1.6927348e-05,4,1,1,0.1238702817826791,1
12011186001,綠的男性抗菌沐浴乳-清爽麝香,38.0,23.0,27.0,23598.0,11.82,12.0,0.1428571428571428,0.3499271061118826,2.4494897427831783,3,21,0.1428571428571428,5.9146743e-08,1.6927348e-05,4,1,1,0.1253668518407021,1
11110056001,蘭諾芳香豆Hebe限定組(清晨草木),36.0,26.0,25.0,23400.0,4.59,6.0,0.2857142857142857,0.5471012044321932,1.9148542155126764,5,21,0.238095238095238,8.189552e-08,1.6927348e-05,4,1,1,0.1199629713342762,1
12011063001,多芬薰衣草舒緩清潤沐浴乳,47.0,28.0,21.0,27636.0,13.83,12.0,0.2857142857142857,0.5471012044321931,1.914854215512676,5,21,0.238095238095238,6.597137e-08,1.6927348e-05,4,1,1,0.1199131230236607,1
14242044001,台灣美食全紀錄--北港蠶豆,47.0,37.0,24.0,41736.0,7.9,20.0,0.4285714285714285,0.8491692619108099,1.9813949444585568,5,21,0.238095238095238,2.2521283e-07,3.3854696e-05,4,2,1,0.1251794980200019,1
12106098001,刷樂雙線超細滑牙線棒-盒裝,37.0,23.0,32.0,27232.0,7.03,24.0,0.238095238095238,0.42591770999996,1.788854381999832,5,21,0.238095238095238,7.5070886e-08,1.6927348e-05,4,1,1,0.1139327437334326,1
14203065001,RSN 鱈魚起士條(乾杯),39.0,30.0,19.0,22230.0,3.74,20.0,0.3333333333333333,0.642416074439621,1.927248223318863,5,21,0.238095238095238,7.2796006e-08,1.6927348e-05,4,2,1,0.1205282124485125,1
14352014001,家樂氏--什錦果麥--美麗纖果,36.0,22.0,25.0,19800.0,5.5,12.0,0.238095238095238,0.5259695722470125,2.2090722034374526,4,21,0.1904761904761904,9.7819665e-08,1.6927348e-05,4,1,1,0.1240340689664561,1
31835944001,藤井穿鞋椅,95.0,32.0,11.0,33440.0,7.0,1.0,0.1428571428571428,0.3499271061118825,2.449489742783178,3,21,0.1428571428571428,0.0,0.0,4,1,1,0.1235943996622662,1
14310056001,伯朗精品咖啡豆巴西喜拉朵,37.0,23.0,12.0,10212.0,2.34,8.0,0.238095238095238,0.42591770999996,1.7888543819998322,5,21,0.238095238095238,1.9336456e-07,3.3854696e-05,4,1,1,0.1158903470557878,1
14700008001,屏東紅豆 600g,38.0,31.0,16.0,18848.0,5.18,12.0,0.2857142857142857,0.6281383789653772,2.19848432637882,4,21,0.1904761904761904,1.2284333e-07,1.6927348e-05,4,2,1,0.1236106727810637,1
14503000001,統一鮮蝦麵(包) 83g,37.0,37.0,14.0,19166.0,3.0,30.0,225.71428571428572,98.23787595479072,0.4352310960022373,21,21,1.0,1.2316264e-05,0.0021159186,3,352,12,0.4585370127258155,4
14820008001,大茂黑瓜 170g,32.0,24.0,23.0,17664.0,11.58,48.0,155.71428571428572,323.29010160522756,2.076174964437241,21,21,1.0,7.984866e-06,0.0014896067,3,571,12,0.4601247182233289,4
10000002001,可口可樂2L,34.0,23.0,31.0,24242.0,13.31,6.0,475.04761904761904,709.8081213687243,1.4941830943006429,21,21,1.0,9.313407e-06,0.0020651366,3,1385,231,0.5103118296627509,4
14501013001,統一阿Q紅椒牛肉(碗) 101g,42.0,28.0,22.0,25872.0,2.5,12.0,169.0,249.9051248545564,1.4787285494352451,21,21,1.0,1.2141086e-05,0.0018620082,3,490,41,0.4804017280331191,4
10021008001,舒跑TP250ml,35.0,20.0,11.0,7700.0,6.58,24.0,1354.2857142857142,957.7941494147168,0.7072319668674071,21,21,1.0,1.4707177e-05,0.001845081,3,2582,108,0.5235704602305351,4
14110015001,樂天蛋黃派,46.0,25.0,21.0,24150.0,2.78,12.0,47.0,31.48847105725855,0.6699674693033734,21,21,1.0,2.360655e-05,0.001845081,3,88,8,0.4685900377306845,4
10033018001,原萃綠茶玉露 Pet 580ml,37.0,25.0,24.0,22200.0,14.89,24.0,607.8095238095239,509.29265784798866,0.8379149024449829,21,21,1.0,1.6063026e-05,0.0019127904,3,1261,53,0.4941054687307493,4
10032008001,立頓瑞士巧克力奶茶TP250ml,34.0,20.0,11.0,7480.0,6.62,24.0,414.8571428571428,191.7076856432571,0.4621053028590908,21,21,1.0,9.331603e-06,0.002048209,3,661,28,0.4558541162953313,4
14011003001,奇多隨口脆-家常起司,43.0,33.0,20.0,28380.0,2.32,6.0,53.285714285714285,37.1446885995355,0.6970853088384679,21,21,1.0,2.7000671e-05,0.0021328458,3,101,17,0.5078813379180734,4
14832021001,同榮茄汁鯖魚罐(黃) 230g,35.0,27.0,12.0,11340.0,7.2,24.0,175.71428571428572,57.79944212710086,0.3289399145444764,21,21,1.0,2.1340766e-05,0.0019297177,3,250,11,0.4611597345181543,4
14804007001,泰山八寶粥 375g,41.0,28.0,13.0,14924.0,10.8,24.0,819.4285714285714,360.2312182643877,0.4396127140604452,21,21,1.0,3.45306e-05,0.0016419528,3,1282,54,0.5206554108436199,4
10031005001,御茶園特上紅茶250ml,35.0,20.0,11.0,7700.0,6.58,24.0,878.8571428571429,400.1112090304853,0.4552630791959358,21,21,1.0,1.473448e-05,0.0021159186,3,1392,58,0.5075619419385201,4
14500000001,味味A排骨雞麵(袋) 90g,41.0,32.0,13.0,17056.0,3.55,30.0,658.0952380952381,361.4964802254919,0.5493072420213698,21,21,1.0,3.6941994e-05,0.0020143543,3,1122,38,0.5583492774144926,4
10032013001,統一麥香奶茶TP375ml,40.0,20.0,14.0,11200.0,9.8,24.0,581.4285714285714,262.9974780665924,0.4523298148565471,21,21,1.0,1.9338853e-05,0.0021328458,3,919,39,0.504979750198439,4
14104012001,77蜜蘭諾杏仁鬆塔12入盒裝,74.0,29.0,23.0,49358.0,4.21,15.0,31.238095238095237,17.029120050819284,0.5451395138219588,21,21,1.0,2.0462643e-05,0.0017942989,3,54,4,0.4470591496592481,4
14502077001,統一肉燥碗麵 85g,43.0,28.0,17.0,20468.0,1.8,12.0,223.71428571428572,223.57850285475908,0.999393052352052,21,21,1.0,1.3706207e-05,0.002098991,3,511,43,0.4880680502563425,4
10002018001,黑松沙士330ml,41.0,27.0,12.0,13284.0,9.27,24.0,633.4285714285714,273.90241074558816,0.4324124662199181,21,21,1.0,2.2239363e-05,0.001997427,3,985,42,0.5036360185580838,4
10033025001,生活泡沫綠茶-微甜TP250ml,34.0,20.0,11.0,7480.0,6.45,24.0,664.8571428571429,264.3544312208941,0.3976108763528704,21,21,1.0,1.7016178e-05,0.0015911707,3,1004,42,0.4494803139019573,4
14502026001,滿漢大餐蔥燒豬肉麵(大碗)193g,50.0,36.0,15.0,27000.0,3.0,12.0,47.333333333333336,26.210382045749103,0.5537404657552627,21,21,1.0,1.3829058e-05,0.0019804998,3,81,7,0.4451619795483647,4
10031001001,泰山冰鎮檸檬紅茶250ml,35.0,20.0,11.0,7700.0,6.6,24.0,839.4285714285714,367.3950217964532,0.4376727625213022,21,21,1.0,1.610395e-05,0.0020143543,3,1311,55,0.4990416910298395,4
10021025001,黑松FIN健康補給飲料TP300ml,35.0,20.0,13.0,9100.0,7.77,24.0,3225.4285714285716,1869.1045111147175,0.5794902815928348,21,21,1.0,2.9043558e-05,0.0019297177,3,5621,235,0.6863222109195017,4
14102250001,義美杏仁巧克力酥片（牛奶巧克力）,51.0,21.0,34.0,36414.0,4.54,10.0,50.19047619047619,24.954471013883797,0.4971953427813659,21,21,1.0,2.9034438e-05,0.001997427,3,83,9,0.4918294545282148,4
10010002001,波蜜果菜汁TP250ml,35.0,20.0,11.0,7700.0,6.63,24.0,937.7142857142856,489.3942945215075,0.5219012890997187,21,21,1.0,1.6452012e-05,0.0014388246,3,1565,66,0.456272364609395,4
14502011001,來一客-京燉肉骨 71g,45.0,33.0,20.0,29700.0,3.0,24.0,298.0,198.96589801126365,0.6676707986955156,21,21,1.0,2.2837632e-05,0.0017942989,3,553,24,0.476875717832013,4
10033043001,御茶園台灣四季春PET550ml,41.0,27.0,24.0,26568.0,14.3,24.0,469.5238095238095,242.3966876733495,0.5162606938276206,21,21,1.0,3.0442648e-05,0.0017604441,3,781,33,0.5009262983876398,4
14505013001,維力炸醬麵(包) 90g,35.0,32.0,14.0,15680.0,3.3,30.0,486.42857142857144,209.64336415936097,0.4309848896080842,21,21,1.0,2.3904577e-05,0.0020312818,3,756,26,0.5028401004008802,4
14502015001,統一阿Q蒜香珍肉(碗)106g,43.0,28.0,23.0,27692.0,2.5,12.0,77.57142857142857,40.69698880702581,0.5246388980647895,20,21,0.9523809523809524,9.315672e-06,0.0015911707,3,130,11,0.3850133666599907,3
14505138001,拉麵道-日式豚骨(杯)73G,42.0,34.0,13.0,18564.0,1.64,12.0,84.14285714285714,67.18721938716911,0.7984898738712798,21,21,1.0,9.938994e-06,0.0018112262,3,171,15,0.431060377220949,3
10000005001,可口可樂330ml,40.0,28.0,12.0,13440.0,8.89,24.0,555.7142857142857,484.937025156202,0.8726373203324973,21,21,1.0,1.14017685e-05,0.0010833503,3,1178,50,0.4001610228607037,3
14131041001,義美巧克力夾心酥經濟包,56.0,26.0,24.0,34944.0,3.92,8.0,35.333333333333336,19.47485150828733,0.5511750426873773,21,21,1.0,2.030339e-05,0.0016758074,3,61,8,0.4359911411216463,3
10001012001,雪碧汽水Can 250 ml,40.0,27.0,10.0,10800.0,6.79,24.0,769.1428571428571,518.1140052623357,0.673625192577331,21,21,1.0,9.929898e-06,0.0013880426,3,1434,60,0.4278731719293135,3
14102246001,義美臻果巧克力酥片 (牛奶巧克力),51.0,21.0,34.0,36414.0,4.54,10.0,24.857142857142858,15.624418356521046,0.6285685545726858,21,21,1.0,1.4850483e-05,0.0014388246,3,45,5,0.3997387987721695,3
10031910001,波蜜靠茶初茗紅茶 250ml,35.0,20.0,11.0,7700.0,6.6,24.0,485.7142857142857,319.80606368133004,0.6584242487556795,21,21,1.0,7.491217e-06,0.001218769,3,896,38,0.386066738548856,3
10010004001,紅牌速纖纖維飲料TP250ml,35.0,20.0,11.0,7700.0,6.73,24.0,556.8571428571429,298.0601226844911,0.5352541967140682,21,21,1.0,9.195119e-06,0.001455752,3,939,40,0.4121632108940349,3
10040025001,悅氏天然水6000ml,34.0,17.0,35.0,20230.0,10.69,2.0,48.42857142857143,23.741808469191117,0.4902438326971617,21,21,1.0,2.5456018e-06,0.0018620082,3,79,40,0.3957708626537807,3
14810006001,綠巨人天然特甜玉米粒,35.0,26.0,18.0,16380.0,10.14,24.0,145.0,96.05950536739492,0.6624793473613443,21,21,1.0,1.8046732e-05,0.0013541878,3,269,12,0.410873925251556,3
14505009001,科學麵原味40gX12特規,26.0,18.0,12.0,5616.0,0.7,1.0,36.857142857142854,29.737399435224123,0.8068286668471663,18,21,0.8571428571428571,1.6058455e-05,0.0015065339,3,75,75,0.3891104321918541,3
10002009001,黑松沙士600 ml,43.0,28.0,24.0,28896.0,16.02,24.0,199.42857142857144,164.14296075258864,0.8230664221118342,21,21,1.0,5.5325404e-06,0.0016250254,3,410,18,0.4081264027080937,3
14121020001,盛香珍濃厚芋頭牛奶巧克酥,36.0,24.0,18.0,15552.0,1.73,10.0,38.23809523809524,12.542896915726796,0.3280209654175127,21,21,1.0,9.242879e-06,0.001946645,3,55,6,0.4163078479834984,3
10021001001,舒跑(小)Can245ml,41.0,28.0,10.0,11480.0,6.48,24.0,666.2857142857143,409.7043234493154,0.6149078610945985,21,21,1.0,6.8519726e-06,0.0013372605,3,1192,50,0.404299443529952,3
14023248001,卡迪那95度C北海道松露薯條,42.0,22.0,13.0,12012.0,2.11,12.0,23.19047619047619,10.768645171091007,0.4643563626137806,21,21,1.0,9.365728e-06,0.0017773715,3,37,4,0.4063848824420114,3
14501063001,統一蔥燒牛肉碗麵 90g,42.0,28.0,17.0,19992.0,1.8,12.0,206.0,117.667813295371,0.5712029771619951,21,21,1.0,1.7648606e-05,0.0015403887,3,357,30,0.4265196895829058,3
10001006001,雪碧汽水330ml,40.0,28.0,12.0,13440.0,8.95,24.0,479.1428571428572,183.118563131282,0.3821794698625444,21,21,1.0,1.6561224e-05,0.0014218972,3,714,30,0.4199317678049983,3
10032010001,立頓鮮漾綠奶茶TP250ml,34.0,20.0,11.0,7480.0,6.68,24.0,545.1428571428571,231.753211456515,0.425123815564886,21,21,1.0,1.2391344e-05,0.0013541878,3,843,36,0.4066688641396052,3
14501022001,滿漢大餐蔥燒牛肉(袋) 187g,34.0,26.0,15.0,13260.0,2.75,12.0,135.71428571428572,44.23653182946556,0.325953392427641,21,21,1.0,1.5159881e-05,0.0016588802,3,193,17,0.4137918414454876,3
14503013001,統一鮮蝦碗麵83g,41.0,28.0,17.0,19516.0,1.7,12.0,123.42857142857144,119.62901838942058,0.9692165841735464,20,21,0.9523809523809524,8.555853e-06,0.0012356964,3,277,24,0.373336296116699,2
14804012001,泰山八寶粥禮盒375g*12,42.0,28.0,13.0,15288.0,10.95,2.0,14.857142857142858,6.250986316732167,0.4207394636262035,21,21,1.0,6.5425847e-06,0.0014726793,3,23,12,0.3663802273763356,2
10001014001,雪碧易開罐235ml,34.0,22.0,14.0,10472.0,6.55,24.0,100.57142857142856,49.35061289586259,0.49070211686227,21,21,1.0,5.4665625e-06,0.0013880426,3,164,7,0.3637252153382652,2
14500023001,統一大補帖當歸鴨細麵(碗)102g,43.0,29.0,18.0,22446.0,3.0,12.0,76.95238095238095,60.223770176991295,0.7826108748247631,21,21,1.0,9.304304e-06,0.0012695511,3,155,13,0.3770771638239987,2
10010035001,波蜜BCE果菜汁TP250ml,34.0,20.0,11.0,7480.0,6.61,24.0,520.8571428571429,212.5971566611561,0.4081678816862569,21,21,1.0,1.0496366e-05,0.0011849144,3,794,34,0.3825497585578271,2
14120012001,奧利奧巧克力三明治餅乾原味香,44.0,33.0,16.0,23232.0,7.08,12.0,20.952380952380953,10.812145685804726,0.5160342259134074,21,21,1.0,1.2637021e-05,0.0011510596,3,35,3,0.360219540654533,2
10035034001,波蜜漢宮冬瓜茶TP250ml,34.0,20.0,11.0,7480.0,6.58,24.0,519.7142857142857,319.1460544666542,0.614079818929791,21,21,1.0,7.882496e-06,0.001167987,3,929,39,0.3825242370218278,2
10033068001,波蜜靠茶初茗綠茶 250ml,35.0,20.0,11.0,7700.0,5.0,24.0,365.7142857142857,232.4193957272157,0.6355217851916053,21,21,1.0,4.8250367e-06,0.001218769,3,664,28,0.3691879854109497,2
14003029001,海太加鈣營養餅乾,37.0,36.0,24.0,31968.0,5.17,18.0,32.476190476190474,19.882078667840418,0.6122047683645877,21,21,1.0,1.4620726e-05,0.0011341323,3,58,4,0.3701405908461358,2
14820013001,愛之味壺底蔭瓜140g,36.0,25.0,18.0,16200.0,13.99,48.0,73.85714285714286,30.33352022069961,0.4107053027947723,21,21,1.0,9.6182375e-06,0.0014388246,3,113,3,0.3760137160233596,2
14505917001,科學麵香蔥雞汁風味40g,39.0,31.0,12.0,14508.0,2.02,40.0,209.52380952380952,108.35243159757226,0.5171366053520494,21,21,1.0,1.0316628e-05,0.0011341323,3,349,9,0.3631140967645984,2
10030013001,開喜凍頂烏龍茶微糖TP 250ml,35.0,20.0,11.0,7700.0,6.58,24.0,380.2857142857143,172.50566391174712,0.4536212048768707,21,21,1.0,9.019935e-06,0.0011510596,3,602,26,0.3682033870194187,2
14131027001,義美牛奶夾心酥經濟包,56.0,26.0,23.0,33488.0,3.93,8.0,25.761904761904763,18.657067502703995,0.7242114927112456,21,21,1.0,1.2147909e-05,0.0011849144,3,50,7,0.3720842700847678,2
14620014001,龜甲萬甘醇醬油 1600ml,33.0,23.0,28.0,21252.0,12.21,6.0,26.61904761904762,22.86289610133829,0.8588923401218319,21,21,1.0,6.2172717e-06,0.0009140768,2,56,10,0.3345952662209858,1
14831002001,紅鷹牌紅燒鰻(易開罐)100g,32.0,23.0,18.0,13248.0,8.13,48.0,44.142857142857146,29.930531814417822,0.6780379375434458,20,21,0.9523809523809524,7.846093e-06,0.0008294401,2,83,2,0.3142235666772544,1
10002003001,黑松加鹽沙士600 ml,43.0,28.0,24.0,28896.0,16.03,24.0,97.9047619047619,63.12037235232133,0.6447119744157335,21,21,1.0,4.9274104e-06,0.0008463674,2,179,8,0.3184195002734811,1
14501086001,一度贊-紅燒牛肉(袋) 200g,31.0,30.0,14.0,13020.0,2.87,12.0,47.714285714285715,18.92628018477622,0.396658566746807,21,21,1.0,8.633212e-06,0.0010494955,3,72,6,0.3341316629356409,1
10011016001,黑松蘋果C/TP300ml,35.0,20.0,13.0,9100.0,7.9,24.0,213.42857142857144,154.4935108603568,0.723865178060574,21,21,1.0,5.905613e-06,0.0008463674,2,412,18,0.3324179655543633,1
14833010001,新東陽辣味肉醬 160g,35.0,27.0,10.0,9450.0,5.5,24.0,70.42857142857143,39.99948979266448,0.5679440741351954,21,21,1.0,1.0644212e-05,0.00086329476,2,122,6,0.3325394766891346,1
