item_code,cluster,mean_demand,std_demand,cv_demand,initial_inventory_boxes,qty_inv_items,num_compatible_slots,min_slot_type,total_boxes_assigned,total_items_assigned,total_weight_assigned,pods_used,slots_used
14104012001,4,31.238095238095237,17.029120050819284,0.5451395138219588,1,5,1,4,1,15,4.21,1,1
14502011001,4,298.0,198.96589801126365,0.6676707986955156,4,87,2,3,4,96,12.0,2,3
14110015001,4,47.0,31.48847105725855,0.6699674693033734,2,13,2,3,2,24,5.56,1,1
14102250001,4,50.19047619047619,24.954471013883797,0.4971953427813659,2,11,2,3,2,20,9.08,2,2
14502026001,4,47.333333333333336,26.210382045749103,0.5537404657552627,1,6,2,3,1,12,3.0,1,1
14131041001,4,35.333333333333336,19.47485150828733,0.5511750426873773,1,5,2,3,1,8,3.92,1,1
14102246001,4,24.857142857142858,15.624418356521046,0.6285685545726858,1,5,2,3,1,10,4.54,1,1
14120012001,4,20.952380952380953,10.812145685804726,0.5160342259134074,1,4,2,3,1,12,7.08,1,1
14131027001,4,25.761904761904763,18.657067502703995,0.7242114927112456,1,8,2,3,1,8,3.93,1,1
10021001001,4,666.2857142857143,409.7043234493154,0.6149078610945985,6,124,3,0,6,144,38.88,1,3
14501013001,4,169.0,249.9051248545564,1.4787285494352451,5,50,3,0,5,60,12.5,2,5
14804007001,4,819.4285714285714,360.2312182643877,0.4396127140604452,5,104,3,0,5,120,54.0,3,5
10002018001,4,633.4285714285714,273.90241074558816,0.4324124662199181,5,106,3,0,5,120,46.349999999999994,1,2
14500000001,4,658.0952380952381,361.4964802254919,0.5493072420213698,4,92,3,0,4,120,14.2,2,4
10033043001,4,469.5238095238095,242.3966876733495,0.5162606938276206,4,88,3,0,4,96,57.2,1,2
14505013001,4,486.42857142857144,209.64336415936097,0.4309848896080842,4,96,3,0,4,120,13.2,2,4
10040025001,4,48.42857142857143,23.741808469191117,0.4902438326971617,4,8,3,0,4,8,42.76,1,4
14503013001,4,123.42857142857144,119.62901838942058,0.9692165841735464,4,37,3,0,4,48,6.8,2,2
14502077001,4,223.71428571428572,223.57850285475908,0.999393052352052,3,28,3,0,3,36,5.4,1,2
10002009001,4,199.42857142857144,164.14296075258864,0.8230664221118342,3,67,3,0,3,72,48.06,1,3
14501063001,4,206.0,117.667813295371,0.5712029771619951,3,26,3,0,3,36,5.4,1,1
14503000001,4,225.71428571428572,98.23787595479072,0.4352310960022373,2,44,3,0,2,60,6.0,1,2
14011003001,4,53.285714285714285,37.1446885995355,0.6970853088384679,2,10,3,0,2,12,4.64,1,2
14502015001,4,77.57142857142857,40.69698880702581,0.5246388980647895,2,22,3,0,2,24,5.0,2,2
14505138001,4,84.14285714285714,67.18721938716911,0.7984898738712798,2,19,3,0,2,24,3.28,1,2
14804012001,4,14.857142857142858,6.250986316732167,0.4207394636262035,2,3,3,0,2,4,21.9,1,2
14500023001,4,76.95238095238095,60.223770176991295,0.7826108748247631,2,22,3,0,2,24,6.0,2,2
10002003001,4,97.9047619047619,63.12037235232133,0.6447119744157335,2,25,3,0,2,48,32.06,1,1
14023248001,4,23.19047619047619,10.768645171091007,0.4643563626137806,1,7,3,0,1,12,2.11,1,1
14003029001,4,32.476190476190474,19.882078667840418,0.6122047683645877,1,8,3,0,1,18,5.17,1,1
10000002001,4,475.04761904761904,709.8081213687243,1.4941830943006429,18,107,4,0,18,108,239.58,6,18
10021008001,4,1354.2857142857142,957.7941494147168,0.7072319668674071,12,272,4,0,12,288,78.96000000000001,3,6
10021025001,4,3225.4285714285716,1869.1045111147175,0.5794902815928348,10,240,4,0,10,240,77.69999999999999,2,5
10031005001,4,878.8571428571429,400.1112090304853,0.4552630791959358,9,199,4,0,9,216,59.22,2,5
10033018001,4,607.8095238095239,509.29265784798866,0.8379149024449829,6,140,4,0,6,144,89.34,2,2
10031001001,4,839.4285714285714,367.3950217964532,0.4376727625213022,6,143,4,0,6,144,39.599999999999994,1,1
10010002001,4,937.7142857142856,489.3942945215075,0.5219012890997187,6,142,4,0,6,144,39.78,1,1
10010004001,4,556.8571428571429,298.0601226844911,0.5352541967140682,6,126,4,0,6,144,40.38,1,3
10001006001,4,479.1428571428572,183.118563131282,0.3821794698625444,6,143,4,0,6,144,53.699999999999996,1,3
10032013001,4,581.4285714285714,262.9974780665924,0.4523298148565471,5,119,4,0,5,120,49.0,1,1
10033025001,4,664.8571428571429,264.3544312208941,0.3976108763528704,5,115,4,0,5,120,32.25,1,1
10001012001,4,769.1428571428571,518.1140052623357,0.673625192577331,4,92,4,0,4,96,27.16,1,1
14810006001,4,145.0,96.05950536739492,0.6624793473613443,4,96,4,0,4,96,40.56,1,4
10035034001,4,519.7142857142857,319.1460544666542,0.614079818929791,4,76,4,0,4,96,26.32,1,1
10032008001,4,414.8571428571428,191.7076856432571,0.4621053028590908,3,67,4,0,3,72,19.86,1,1
10000005001,4,555.7142857142857,484.937025156202,0.8726373203324973,3,68,4,0,3,72,26.67,1,1
10031910001,4,485.7142857142857,319.80606368133004,0.6584242487556795,3,71,4,0,3,72,19.799999999999997,1,1
10032010001,4,545.1428571428571,231.753211456515,0.425123815564886,3,65,4,0,3,72,20.04,1,1
10010035001,4,520.8571428571429,212.5971566611561,0.4081678816862569,3,63,4,0,3,72,19.830000000000002,1,2
10033068001,4,365.7142857142857,232.4193957272157,0.6355217851916053,3,69,4,0,3,72,15.0,1,2
10030013001,4,380.2857142857143,172.50566391174712,0.4536212048768707,3,63,4,0,3,72,19.740000000000002,1,1
14820008001,4,155.71428571428572,323.29010160522756,2.076174964437241,2,64,4,0,2,96,23.16,2,2
14832021001,4,175.71428571428572,57.79944212710086,0.3289399145444764,2,41,4,0,2,48,14.4,1,1
14501022001,4,135.71428571428572,44.23653182946556,0.325953392427641,2,17,4,0,2,24,5.5,1,1
14505917001,4,209.52380952380952,108.35243159757226,0.5171366053520494,2,60,4,0,2,80,4.04,1,1
14620014001,4,26.61904761904762,22.86289610133829,0.8588923401218319,2,11,4,0,2,12,24.42,1,2
10011016001,4,213.42857142857144,154.4935108603568,0.723865178060574,2,38,4,0,2,48,15.8,1,1
14833010001,4,70.42857142857143,39.99948979266448,0.5679440741351954,2,29,4,0,2,48,11.0,1,1
14121020001,4,38.23809523809524,12.542896915726796,0.3280209654175127,1,6,4,0,1,10,1.73,1,1
10001014001,4,100.57142857142856,49.35061289586259,0.49070211686227,1,23,4,0,1,24,6.55,1,1
14820013001,4,73.85714285714286,30.33352022069961,0.4107053027947723,1,14,4,0,1,48,13.99,1,1
14831002001,4,44.142857142857146,29.930531814417822,0.6780379375434458,1,15,4,0,1,48,8.13,1,1
14501086001,4,47.714285714285715,18.92628018477622,0.396658566746807,1,8,4,0,1,12,2.87,1,1
14505009001,4,36.857142857142854,29.737399435224123,0.8068286668471663,8,8,5,0,1808,1808,1265.6,115,904
14850007001,1,0.0476190476190476,0.2129588549999799,4.47213595499958,1,1,1,4,1,1,13.92,1,1
14111053001,1,1.1428571428571428,5.11101251999952,4.47213595499958,3,35,2,3,3,36,8.73,1,2
14851006001,1,0.0952380952380952,0.4259177099999599,4.47213595499958,2,2,2,3,2,2,16.232,1,1
12011126001,1,0.238095238095238,1.0647942749998998,4.47213595499958,1,5,2,3,1,12,13.83,1,1
11075006001,1,0.0476190476190476,0.2129588549999799,4.47213595499958,1,1,2,3,1,24,5.93,1,1
14311033001,1,0.0476190476190476,0.2129588549999799,4.47213595499958,1,1,2,3,1,12,1.9,1,1
14351069001,1,1.6666666666666667,6.7916849254794,4.07501095528764,1,15,2,3,1,18,4.582,1,1
14310053001,1,0.0952380952380952,0.4259177099999599,4.47213595499958,1,1,2,3,1,6,6.0,1,1
14506006001,1,0.0952380952380952,0.4259177099999599,4.47213595499958,1,2,2,3,1,12,4.72,1,1
31533211001,1,0.0476190476190476,0.2129588549999799,4.47213595499958,1,1,2,3,1,36,0.8,1,1
12101032001,1,0.0476190476190476,0.2129588549999799,4.47213595499958,1,1,2,3,1,120,7.2,1,1
31856016002,1,0.0476190476190476,0.2129588549999799,4.47213595499958,1,1,2,3,1,8,14.19,1,1
12100911001,1,0.0476190476190476,0.2129588549999799,4.47213595499958,1,1,2,3,1,60,9.7,1,1
14620168001,1,0.0476190476190476,0.2129588549999799,4.47213595499958,1,1,2,3,1,8,18.2,1,1
12010082001,1,0.0476190476190476,0.2129588549999799,4.47213595499958,1,1,2,3,1,12,6.44,1,1
11030028004,1,0.0476190476190476,0.2129588549999799,4.47213595499958,1,1,2,3,1,20,6.57,1,1
12234921001,1,0.0952380952380952,0.4259177099999599,4.47213595499958,1,2,2,3,1,3,4.23,1,1
14331025001,1,0.1904761904761904,0.6632565846278151,3.48209706929603,1,4,2,3,1,12,11.94,1,1
14204069001,1,0.238095238095238,0.8676603408708857,3.64417343165772,1,3,2,3,1,36,4.506,1,1
12123108001,1,0.1904761904761904,0.6632565846278151,3.48209706929603,1,4,2,3,1,12,2.18,1,1
14506349001,1,0.238095238095238,0.8676603408708856,3.64417343165772,1,2,2,3,1,24,9.4,1,1
10016018001,1,1.1428571428571428,5.11101251999952,4.47213595499958,2,30,3,0,2,48,29.0,1,1
10041058001,1,0.5714285714285714,2.55550625999976,4.47213595499958,1,9,3,0,1,24,15.0,1,1
14243076001,1,0.238095238095238,1.0647942749998998,4.47213595499958,1,5,3,0,1,12,2.8,1,1
10040072001,1,1.1428571428571428,5.11101251999952,4.47213595499958,1,24,3,0,1,24,14.07,1,1
12327014001,1,0.0476190476190476,0.2129588549999799,4.47213595499958,1,1,3,0,1,6,6.9,1,1
14700031001,1,0.0476190476190476,0.2129588549999799,4.47213595499958,1,1,3,0,1,12,7.4,1,1
10041076001,1,0.0476190476190476,0.2129588549999799,4.47213595499958,1,1,3,0,1,24,9.15,1,1
10040069001,1,1.1428571428571428,5.11101251999952,4.47213595499958,1,24,3,0,1,24,14.73,1,1
14506025001,1,0.238095238095238,1.0647942749998998,4.47213595499958,1,5,3,0,1,30,3.56,1,1
14241001001,1,0.0476190476190476,0.2129588549999799,4.47213595499958,1,1,3,0,1,20,4.62,1,1
14505102001,1,0.4761904761904761,2.1295885499997995,4.47213595499958,1,10,3,0,1,20,2.98,1,1
31530106001,1,0.0476190476190476,0.2129588549999799,4.472135954999579,1,1,3,0,1,12,0.88,1,1
10023037001,1,0.7619047619047619,3.4073416799996794,4.47213595499958,1,14,3,0,1,24,14.08,1,1
14602033001,1,0.0476190476190476,0.2129588549999799,4.47213595499958,1,1,3,0,1,20,13.11,1,1
11073001001,1,0.0476190476190476,0.2129588549999799,4.47213595499958,1,1,3,0,1,12,2.16,1,1
11061024001,1,0.0952380952380952,0.4259177099999599,4.47213595499958,1,2,3,0,1,30,1.59,1,1
30013004001,1,0.0952380952380952,0.4259177099999599,4.47213595499958,1,2,3,0,1,30,13.026,1,1
11100111001,1,0.0476190476190476,0.2129588549999799,4.47213595499958,1,1,3,0,1,9,9.98,1,1
12140011001,1,0.0476190476190476,0.2129588549999799,4.47213595499958,1,1,3,0,1,12,9.3,1,1
12327063001,1,0.0952380952380952,0.4259177099999599,4.47213595499958,1,1,3,0,1,1,7.7,1,1
11110020001,1,0.0476190476190476,0.2129588549999799,4.47213595499958,1,1,3,0,1,4,14.06,1,1
12011292001,1,0.0476190476190476,0.2129588549999799,4.47213595499958,1,1,3,0,1,12,12.1,1,1
12202006001,1,0.7619047619047619,3.4073416799996794,4.47213595499958,19,19,4,0,19,19,19.0,7,19
14833059001,1,9.80952380952381,38.548199942680355,3.929670867943143,4,38,4,0,4,48,55.52,1,2
14020978001,1,1.4761904761904765,6.3816630734289355,4.323062082000247,3,37,4,0,3,42,7.4399999999999995,2,2
14510031001,1,0.1428571428571428,0.6388765649999399,4.47213595499958,3,3,4,0,3,3,7.199999999999999,1,1
14510121001,1,0.1428571428571428,0.6388765649999399,4.47213595499958,3,3,4,0,3,3,6.0,1,1
15022020001,1,1.4285714285714286,6.388765649999399,4.47213595499958,2,35,4,0,2,48,16.64,1,1
14510194001,1,0.0952380952380952,0.4259177099999599,4.47213595499958,2,2,4,0,2,2,3.6,1,1
10014069001,1,0.2857142857142857,1.27775312999988,4.47213595499958,1,6,4,0,1,24,7.97,1,1
10020006001,1,0.2857142857142857,1.27775312999988,4.47213595499958,1,6,4,0,1,24,7.06,1,1
12105027001,1,0.0476190476190476,0.2129588549999799,4.47213595499958,1,1,4,0,1,12,13.08,1,1
32503007003,1,0.0476190476190476,0.2129588549999799,4.47213595499958,1,1,4,0,1,12,2.0,1,1
10031909001,1,1.1428571428571428,5.11101251999952,4.47213595499958,1,24,4,0,1,24,12.81,1,1
32517009001,1,0.238095238095238,1.0647942749998998,4.47213595499958,1,5,4,0,1,5,12.17,1,1
11022021001,1,0.0952380952380952,0.4259177099999599,4.47213595499958,1,2,4,0,1,12,7.25,1,1
14303012001,1,0.0952380952380952,0.4259177099999599,4.47213595499958,1,2,4,0,1,12,7.0,1,1
10020029001,1,0.2857142857142857,1.27775312999988,4.47213595499958,1,6,4,0,1,24,7.3,1,1
12012985001,1,0.1428571428571428,0.6388765649999399,4.47213595499958,1,3,4,0,1,24,6.056,1,1
31531171001,1,0.4761904761904761,2.1295885499997995,4.47213595499958,1,10,4,0,1,12,1.14,1,1
10032005001,1,0.2857142857142857,1.27775312999988,4.47213595499958,1,6,4,0,1,24,9.11,1,1
12002119001,1,0.0952380952380952,0.4259177099999599,4.47213595499958,1,2,4,0,1,12,7.98,1,1
14620033001,1,0.0952380952380952,0.4259177099999599,4.47213595499958,1,2,4,0,1,12,12.18,1,1
30450039001,1,0.0952380952380952,0.4259177099999599,4.47213595499958,1,1,4,0,1,24,2.42,1,1
12022079001,1,0.0476190476190476,0.2129588549999799,4.47213595499958,1,1,4,0,1,12,3.0,1,1
12005015008,1,0.0476190476190476,0.2129588549999799,4.47213595499958,1,1,4,0,1,12,2.5,1,1
12103156001,1,0.0952380952380952,0.4259177099999599,4.47213595499958,1,2,4,0,1,48,1.21,1,1
12002158001,1,0.0476190476190476,0.2129588549999799,4.47213595499958,1,1,4,0,1,12,8.5,1,1
14506032001,1,0.0952380952380952,0.4259177099999599,4.47213595499958,1,2,4,0,1,6,12.34,1,1
14304084001,1,0.0476190476190476,0.2129588549999799,4.47213595499958,1,1,4,0,1,12,4.12,1,1
12023195001,1,0.0952380952380952,0.4259177099999598,4.472135954999579,1,2,4,0,1,12,2.13,1,1
12010003001,1,0.0476190476190476,0.2129588549999799,4.47213595499958,1,1,4,0,1,14,5.06,1,1
10014055001,1,1.1428571428571428,5.11101251999952,4.47213595499958,1,24,4,0,1,24,13.2,1,1
12000036001,1,0.1428571428571428,0.6388765649999399,4.47213595499958,1,3,4,0,1,6,7.003,1,1
12111010004,1,0.0476190476190476,0.2129588549999799,4.47213595499958,1,1,4,0,1,12,0.58,1,1
12013033001,1,0.1904761904761904,0.8518354199999199,4.47213595499958,1,2,4,0,1,6,1.84,1,1
12002002001,1,0.0476190476190476,0.2129588549999799,4.47213595499958,1,1,4,0,1,9,8.24,1,1
12105025001,1,0.0952380952380952,0.4259177099999599,4.47213595499958,1,1,4,0,1,12,9.63,1,1
11030196002,1,0.0476190476190476,0.2129588549999799,4.47213595499958,1,1,4,0,1,12,5.6,1,1
11021043001,1,0.0476190476190476,0.2129588549999799,4.47213595499958,1,1,4,0,1,12,7.82,1,1
11050104001,1,0.0476190476190476,0.2129588549999799,4.47213595499958,1,1,4,0,1,12,13.25,1,1
15023038001,1,1.1428571428571428,5.11101251999952,4.47213595499958,1,24,4,0,1,24,9.6,1,1
14620088001,1,0.0476190476190476,0.2129588549999799,4.47213595499958,1,1,4,0,1,12,12.0,1,1
11103063001,1,0.0952380952380952,0.4259177099999599,4.47213595499958,1,2,4,0,1,6,2.72,1,1
12103127001,1,0.0952380952380952,0.4259177099999599,4.47213595499958,1,2,4,0,1,48,1.81,1,1
12005002004,1,0.0952380952380952,0.4259177099999599,4.47213595499958,1,2,4,0,1,12,2.0,1,1
11021027001,1,0.0952380952380952,0.4259177099999599,4.47213595499958,1,2,4,0,1,12,5.026,1,1
12012054001,1,0.0476190476190476,0.2129588549999799,4.47213595499958,1,1,4,0,1,12,6.84,1,1
11031027001,1,0.0952380952380952,0.4259177099999599,4.47213595499958,1,2,4,0,1,12,5.32,1,1
31707941001,1,0.1904761904761904,0.8518354199999199,4.47213595499958,1,6,4,0,1,24,0.113,1,1
12001071001,1,0.0476190476190476,0.2129588549999799,4.47213595499958,1,1,4,0,1,6,5.2,1,1
11040061001,1,0.0476190476190476,0.2129588549999799,4.47213595499958,1,1,4,0,1,12,9.27,1,1
11050134001,1,0.0952380952380952,0.4259177099999599,4.47213595499958,1,2,4,0,1,8,8.91,1,1
11022077001,1,0.0476190476190476,0.2129588549999799,4.47213595499958,1,1,4,0,1,12,9.3,1,1
12012086001,1,0.0952380952380952,0.4259177099999598,4.472135954999579,1,2,4,0,1,12,4.7,1,1
12103126001,1,0.0952380952380952,0.4259177099999599,4.47213595499958,1,2,4,0,1,48,1.56,1,1
12011204001,1,0.0476190476190476,0.2129588549999799,4.47213595499958,1,1,4,0,1,12,12.63,1,1
11040032001,1,0.0952380952380952,0.4259177099999599,4.47213595499958,1,2,4,0,1,12,10.43,1,1
12101001002,1,0.2857142857142857,1.27775312999988,4.47213595499958,1,6,4,0,1,36,2.12,1,1
12000020001,1,0.0476190476190476,0.2129588549999799,4.47213595499958,1,1,4,0,1,6,7.03,1,1
12034103001,1,0.0952380952380952,0.4259177099999599,4.47213595499958,1,2,4,0,1,12,3.308,1,1
12105018001,1,0.0952380952380952,0.4259177099999599,4.47213595499958,1,1,4,0,1,12,6.374,1,1
12103154001,1,0.3809523809523809,1.7036708399998397,4.47213595499958,1,8,4,0,1,48,1.09,1,1
12022137001,1,0.0476190476190476,0.2129588549999799,4.472135954999579,1,1,4,0,1,12,1.53,1,1
12002096001,1,0.0476190476190476,0.2129588549999799,4.47213595499958,1,1,4,0,1,9,5.63,1,1
12103146001,1,0.0476190476190476,0.2129588549999799,4.47213595499958,1,1,4,0,1,12,1.04,1,1
35306002001,1,0.0476190476190476,0.2129588549999799,4.47213595499958,1,1,4,0,1,12,15.0,1,1
12120065001,1,0.1428571428571428,0.6388765649999399,4.47213595499958,1,3,4,0,1,36,2.3,1,1
12120048001,1,0.0952380952380952,0.4259177099999599,4.47213595499958,1,2,4,0,1,36,2.49,1,1
31567060001,1,0.0952380952380952,0.4259177099999599,4.47213595499958,1,2,4,0,1,12,3.1,1,1
31215012001,1,0.1428571428571428,0.6388765649999399,4.47213595499958,1,3,4,0,1,12,1.556,1,1
12011346001,1,0.0476190476190476,0.2129588549999799,4.47213595499958,1,1,4,0,1,12,7.98,1,1
30073022001,1,0.0476190476190476,0.2129588549999799,4.47213595499958,1,1,4,0,1,10,5.53,1,1
14604255001,1,0.0476190476190476,0.2129588549999799,4.47213595499958,1,1,4,0,1,5,1.6,1,1
12326002001,1,0.0952380952380952,0.4259177099999599,4.47213595499958,1,2,4,0,1,6,0.74,1,1
32440140001,1,0.0476190476190476,0.2129588549999799,4.47213595499958,1,1,4,0,1,6,0.4,1,1
12002996001,1,0.0476190476190476,0.2129588549999799,4.47213595499958,1,1,4,0,1,12,8.2,1,1
12005072013,1,0.0476190476190476,0.2129588549999799,4.472135954999579,1,1,4,0,1,12,2.4,1,1
12000276001,1,0.0476190476190476,0.2129588549999799,4.47213595499958,1,1,4,0,1,12,10.1,1,1
14616053001,1,0.1904761904761904,0.8518354199999199,4.47213595499958,1,4,4,0,1,12,13.17,1,1
12000071001,1,0.0476190476190476,0.2129588549999799,4.472135954999579,1,1,4,0,1,12,8.586,1,1
61080025003,1,0.0952380952380952,0.4259177099999599,4.47213595499958,1,2,4,0,1,6,2.0,1,1
12003063001,1,0.0476190476190476,0.2129588549999799,4.47213595499958,1,1,4,0,1,12,7.2,1,1
12010175001,1,0.0476190476190476,0.2129588549999799,4.47213595499958,1,1,4,0,1,8,2.78,1,1
11070005001,1,0.0476190476190476,0.2129588549999799,4.47213595499958,1,1,4,0,1,12,0.75,1,1
12002036001,1,0.0476190476190476,0.2129588549999799,4.47213595499958,1,1,4,0,1,12,7.316,1,1
12001078001,1,0.1904761904761904,0.8518354199999199,4.47213595499958,1,4,4,0,1,6,5.2,1,1
12001015001,1,0.0476190476190476,0.2129588549999799,4.47213595499958,1,1,4,0,1,9,8.074,1,1
11072004001,1,0.0952380952380952,0.4259177099999599,4.47213595499958,1,2,4,0,1,12,2.99,1,1
11051057001,1,0.0952380952380952,0.4259177099999599,4.47213595499958,1,2,4,0,1,12,6.64,1,1
12003035001,1,0.0476190476190476,0.2129588549999799,4.472135954999579,1,1,4,0,1,12,4.42,1,1
12023330001,1,0.1904761904761904,0.8518354199999197,4.472135954999579,1,4,4,0,1,12,2.6,1,1
12003142001,1,0.0476190476190476,0.2129588549999799,4.47213595499958,1,1,4,0,1,12,6.8,1,1
32524007001,1,0.0476190476190476,0.2129588549999799,4.47213595499958,1,1,4,0,1,5,7.0,1,1
11040059001,1,0.0476190476190476,0.2129588549999799,4.47213595499958,1,1,4,0,1,12,10.96,1,1
11030002001,1,0.1904761904761904,0.6632565846278152,3.4820970692960302,1,4,4,0,1,12,6.148,1,1
14620061001,1,0.3809523809523809,1.4952684255340554,3.925079617026896,1,6,4,0,1,12,10.1,1,1
14602013001,1,0.8571428571428571,3.83325938999964,4.47213595499958,1,18,4,0,1,36,6.0,1,1
10052014001,1,0.7619047619047619,2.65302633851126,3.482097069296029,1,7,4,0,1,12,12.34,1,1
41223061001,1,0.0476190476190476,0.2129588549999799,4.47213595499958,1,1,4,0,1,1,1.798,1,1
12005072003,1,0.0952380952380952,0.4259177099999598,4.472135954999579,1,2,4,0,1,12,2.8,1,1
10014112001,1,0.5714285714285714,2.55550625999976,4.47213595499958,1,12,4,0,1,12,13.3,1,1
12103081001,1,1.7142857142857142,7.666518779999278,4.47213595499958,1,36,4,0,1,72,1.65,1,1
10035033001,1,0.3809523809523809,1.3265131692556302,3.48209706929603,1,7,4,0,1,24,13.33,1,1
12211004001,1,0.7619047619047619,3.4073416799996794,4.47213595499958,16,16,5,0,16,16,1.6000000000000003,1,6
12123099001,1,0.9523809523809524,4.259177099999599,4.47213595499958,15,15,5,0,15,15,1.5,1,2
12120043001,1,0.1904761904761904,0.8518354199999199,4.47213595499958,4,4,5,0,4,4,0.44,1,1
12021923001,1,1.0476190476190477,4.685094809999559,4.472135954999579,2,13,5,0,2,24,4.8,1,1
14222120001,1,0.5238095238095238,2.3425474049997796,4.472135954999579,2,13,5,0,2,20,3.56,1,1
12123044001,1,0.0952380952380952,0.4259177099999598,4.472135954999579,2,2,5,0,2,2,0.4,1,1
12012014001,1,0.1428571428571428,0.6388765649999399,4.47213595499958,1,3,5,0,1,12,1.76,1,1
12020332001,1,0.0952380952380952,0.4259177099999599,4.47213595499958,1,2,5,0,1,12,2.22,1,1
12020189001,1,0.0952380952380952,0.4259177099999599,4.47213595499958,1,2,5,0,1,24,2.5,1,1
14602101001,1,0.0476190476190476,0.2129588549999799,4.47213595499958,1,1,5,0,1,6,0.97,1,1
14615076001,1,0.0476190476190476,0.2129588549999799,4.47213595499958,1,1,5,0,1,12,6.01,1,1
12021994001,1,0.1428571428571428,0.6388765649999399,4.47213595499958,1,3,5,0,1,12,2.852,1,1
14225934001,1,0.0476190476190476,0.2129588549999799,4.47213595499958,1,1,5,0,1,36,2.0,1,1
12031127001,1,0.0952380952380952,0.4259177099999599,4.47213595499958,1,2,5,0,1,3,0.25,1,1
12034999001,1,0.0476190476190476,0.2129588549999799,4.47213595499958,1,1,5,0,1,12,0.446,1,1
41223049001,1,0.0476190476190476,0.2129588549999799,4.47213595499958,1,1,5,0,1,1,1.72,1,1
12003064001,1,0.0476190476190476,0.2129588549999799,4.47213595499958,1,1,5,0,1,12,2.65,1,1
14632356001,1,0.1904761904761904,0.8518354199999199,4.47213595499958,1,4,5,0,1,12,0.83,1,1
11112017001,1,0.0476190476190476,0.2129588549999799,4.47213595499958,1,1,5,0,1,8,2.07,1,1
12010140001,1,0.2857142857142857,1.27775312999988,4.47213595499958,1,6,5,0,1,30,1.55,1,1
12021045001,1,0.0952380952380952,0.4259177099999599,4.47213595499958,1,2,5,0,1,3,0.75,1,1
11031908002,1,0.0476190476190476,0.2129588549999799,4.47213595499958,1,1,5,0,1,12,3.19,1,1
12104006001,1,0.0476190476190476,0.2129588549999799,4.47213595499958,1,1,5,0,1,24,2.86,1,1
12000295001,1,0.0476190476190476,0.2129588549999799,4.47213595499958,1,1,5,0,1,8,4.22,1,1
14222121001,1,0.0476190476190476,0.2129588549999799,4.47213595499958,1,1,5,0,1,10,1.8,1,1
14616037001,1,0.0476190476190476,0.2129588549999799,4.47213595499958,1,1,5,0,1,12,5.37,1,1
12012929001,1,0.0476190476190476,0.2129588549999799,4.47213595499958,1,1,5,0,1,12,3.54,1,1
12032101001,1,0.0476190476190476,0.2129588549999799,4.47213595499958,1,1,5,0,1,24,0.6,1,1
12023039001,1,0.0476190476190476,0.2129588549999799,4.47213595499958,1,1,5,0,1,24,0.8,1,1
12002127001,1,0.0476190476190476,0.2129588549999799,4.47213595499958,1,1,5,0,1,12,1.88,1,1
12016100001,1,0.0952380952380952,0.4259177099999599,4.47213595499958,1,1,5,0,1,24,4.18,1,1
12020250001,1,0.0952380952380952,0.4259177099999599,4.47213595499958,1,2,5,0,1,6,1.5,1,1
12011024001,1,0.0952380952380952,0.4259177099999599,4.47213595499958,1,2,5,0,1,9,6.91,1,1
12022171001,1,0.1904761904761904,0.8518354199999199,4.47213595499958,1,2,5,0,1,12,1.06,1,1
12021020001,1,0.0476190476190476,0.2129588549999799,4.47213595499958,1,1,5,0,1,3,1.2,1,1
11021051002,1,0.0952380952380952,0.4259177099999599,4.47213595499958,1,2,5,0,1,6,2.39,1,1
12010249001,1,0.2857142857142857,1.27775312999988,4.47213595499958,1,6,5,0,1,30,1.55,1,1
11030012002,1,0.0476190476190476,0.2129588549999799,4.47213595499958,1,1,5,0,1,20,0.91,1,1
12022265001,1,0.1904761904761904,0.8518354199999199,4.47213595499958,1,4,5,0,1,6,0.9,1,1
12020147001,1,0.3809523809523809,1.7036708399998397,4.47213595499958,1,7,5,0,1,12,3.12,1,1
32500012001,1,0.1428571428571428,0.6388765649999399,4.47213595499958,1,3,5,0,1,3,0.8,1,1
12102114001,1,0.0476190476190476,0.2129588549999799,4.472135954999579,1,1,5,0,1,10,1.21,1,1
12020228001,1,0.0476190476190476,0.2129588549999799,4.472135954999579,1,1,5,0,1,6,3.28,1,1
31602031001,1,0.0476190476190476,0.2129588549999799,4.47213595499958,1,1,5,0,1,48,2.0,1,1
14634032001,1,0.0476190476190476,0.2129588549999799,4.47213595499958,1,1,5,0,1,12,4.834,1,1
12344036001,1,0.0952380952380952,0.4259177099999599,4.47213595499958,1,2,5,0,1,10,0.632,1,1
12011038001,1,0.0476190476190476,0.2129588549999799,4.47213595499958,1,1,5,0,1,6,4.12,1,1
12003126001,1,0.0952380952380952,0.4259177099999599,4.47213595499958,1,2,5,0,1,12,2.84,1,1
12022167001,1,0.0476190476190476,0.2129588549999799,4.47213595499958,1,1,5,0,1,6,0.6,1,1
11031908001,1,0.0476190476190476,0.2129588549999799,4.47213595499958,1,1,5,0,1,12,3.19,1,1
14721916001,1,0.0476190476190476,0.2129588549999799,4.47213595499958,1,1,5,0,1,10,0.62,1,1
12151018001,1,0.0476190476190476,0.2129588549999799,4.472135954999579,1,1,5,0,1,6,0.538,1,1
12103179001,1,0.0476190476190476,0.2129588549999799,4.47213595499958,1,1,5,0,1,6,0.11,1,1
14631054001,1,0.0476190476190476,0.2129588549999799,4.47213595499958,1,1,5,0,1,12,7.09,1,1
32510002001,1,0.2857142857142857,1.27775312999988,4.47213595499958,1,6,5,0,1,6,2.5,1,1
12010221001,1,0.0476190476190476,0.2129588549999799,4.47213595499958,1,1,5,0,1,12,3.1,1,1
12021069001,1,0.0476190476190476,0.2129588549999799,4.47213595499958,1,1,5,0,1,3,0.5,1,1
12302047001,1,0.0476190476190476,0.2129588549999799,4.47213595499958,1,1,5,0,1,12,1.66,1,1
31226017001,1,0.1428571428571428,0.6388765649999399,4.47213595499958,1,3,5,0,1,12,1.47,1,1
12020131001,1,0.0476190476190476,0.2129588549999799,4.47213595499958,1,1,5,0,1,6,1.2,1,1
12012119001,1,0.0952380952380952,0.4259177099999598,4.472135954999579,1,2,5,0,1,12,5.75,1,1
12005084008,1,0.0952380952380952,0.4259177099999599,4.47213595499958,1,1,5,0,1,3,0.3,1,1
12020018001,1,0.0476190476190476,0.2129588549999799,4.47213595499958,1,1,5,0,1,6,1.5,1,1
12020184001,1,0.0952380952380952,0.4259177099999599,4.47213595499958,1,2,5,0,1,12,1.68,1,1
12004095001,1,0.0476190476190476,0.2129588549999799,4.47213595499958,1,1,5,0,1,12,1.14,1,1
12020283001,1,0.0476190476190476,0.2129588549999799,4.472135954999579,1,1,5,0,1,6,1.8,1,1
12004218001,1,0.0952380952380952,0.4259177099999599,4.47213595499958,1,2,5,0,1,12,3.87,1,1
12006059001,1,0.0476190476190476,0.2129588549999799,4.47213595499958,1,1,5,0,1,12,0.25,1,1
11071912001,1,0.0476190476190476,0.2129588549999799,4.47213595499958,1,1,5,0,1,12,1.46,1,1
12020342001,1,0.0952380952380952,0.4259177099999599,4.47213595499958,1,2,5,0,1,12,2.1,1,1
11074045002,1,0.0476190476190476,0.2129588549999799,4.47213595499958,1,1,5,0,1,10,0.61,1,1
12020021001,1,0.4761904761904761,2.1295885499997995,4.47213595499958,1,10,5,0,1,12,1.67,1,1
12005015001,1,0.0476190476190476,0.2129588549999799,4.47213595499958,1,1,5,0,1,12,2.8,1,1
12020138001,1,0.0952380952380952,0.4259177099999599,4.47213595499958,1,2,5,0,1,12,2.59,1,1
14602024001,1,0.0476190476190476,0.2129588549999799,4.47213595499958,1,1,5,0,1,6,0.97,1,1
12106047001,1,0.0476190476190476,0.2129588549999799,4.47213595499958,1,1,5,0,1,24,0.56,1,1
12106034001,1,0.0476190476190476,0.2129588549999799,4.47213595499958,1,1,5,0,1,12,1.2,1,1
12320188001,1,0.0476190476190476,0.2129588549999799,4.472135954999579,1,1,5,0,1,12,1.37,1,1
12002009001,1,0.0476190476190476,0.2129588549999799,4.47213595499958,1,1,5,0,1,6,5.1,1,1
12102092001,1,0.0476190476190476,0.2129588549999799,4.47213595499958,1,1,5,0,1,12,1.88,1,1
32470079001,1,0.0476190476190476,0.2129588549999799,4.47213595499958,1,1,5,0,1,12,2.4,1,1
14241036001,1,0.0476190476190476,0.2129588549999799,4.47213595499958,1,1,5,0,1,30,1.708,1,1
11031001001,1,0.0952380952380952,0.4259177099999599,4.47213595499958,1,2,5,0,1,6,2.46,1,1
12020957001,1,0.0476190476190476,0.2129588549999799,4.47213595499958,1,1,5,0,1,15,2.84,1,1
11071909001,1,0.0476190476190476,0.2129588549999799,4.47213595499958,1,1,5,0,1,12,0.595,1,1
12023189001,1,0.0476190476190476,0.2129588549999799,4.47213595499958,1,1,5,0,1,24,0.8,1,1
14602093001,1,0.0476190476190476,0.2129588549999799,4.47213595499958,1,1,5,0,1,6,0.98,1,1
14604117001,1,0.0476190476190476,0.2129588549999799,4.47213595499958,1,1,5,0,1,6,0.97,1,1
12000075001,1,0.0476190476190476,0.2129588549999799,4.47213595499958,1,1,5,0,1,6,3.02,1,1
12032043007,1,0.0476190476190476,0.2129588549999799,4.47213595499958,1,1,5,0,1,12,0.2,1,1
12022127001,1,0.0476190476190476,0.2129588549999799,4.47213595499958,1,1,5,0,1,6,1.25,1,1
41414004001,1,0.0476190476190476,0.2129588549999799,4.47213595499958,1,1,5,0,1,1,0.3,1,1
12020952001,1,0.0476190476190476,0.2129588549999799,4.472135954999579,1,1,5,0,1,12,2.92,1,1
12022005001,1,0.0476190476190476,0.2129588549999799,4.47213595499958,1,1,5,0,1,3,0.5,1,1
11031011002,1,0.0476190476190476,0.2129588549999799,4.47213595499958,1,1,5,0,1,12,1.85,1,1
12004053001,1,0.0952380952380952,0.4259177099999599,4.47213595499958,1,2,5,0,1,3,1.2,1,1
41601014001,1,0.0476190476190476,0.2129588549999799,4.472135954999579,1,1,5,0,1,1,1.5,1,1
12020404001,1,0.0952380952380952,0.4259177099999599,4.47213595499958,1,2,5,0,1,6,1.036,1,1
12023079001,1,0.0952380952380952,0.4259177099999599,4.47213595499958,1,2,5,0,1,3,1.0,1,1
12012145001,1,1.7142857142857142,6.415330278717847,3.742275995918744,1,13,5,0,1,24,4.7,1,1
11076890001,1,0.1904761904761904,0.6632565846278151,3.48209706929603,1,4,5,0,1,12,1.92,1,1
12000092001,1,0.0952380952380952,0.4259177099999599,4.47213595499958,1,2,5,0,1,12,6.6,1,1
61080010002,1,0.238095238095238,0.8676603408708856,3.64417343165772,1,5,5,0,1,6,1.0,1,1
12151012001,1,1.1428571428571428,3.979539507766891,3.48209706929603,1,21,5,0,1,24,2.4,1,1
31822063001,3,1.238095238095238,3.3651542369628102,2.718009191393039,4,4,1,4,4,4,28.0,1,1
31821064001,3,0.1904761904761904,0.4994327848429293,2.622022120425379,2,2,1,4,2,2,14.0,1,1
14001014001,3,1.4285714285714286,5.1043532174710915,3.573047252229764,1,10,1,4,1,18,3.21,1,1
12327085001,3,0.1428571428571428,0.4665694748158434,3.2659863237109037,1,3,1,4,1,6,16.13,1,1
34101017001,3,0.1428571428571428,0.4665694748158434,3.265986323710904,1,3,1,4,1,12,24.0,1,1
14509009001,3,0.238095238095238,0.6098213559459855,2.561249694973139,1,3,1,4,1,20,13.2,1,1
41313936001,3,0.1428571428571428,0.3499271061118825,2.449489742783178,1,1,1,4,1,6,7.6,1,1
41100017001,3,0.1904761904761904,0.3926767262493011,2.0615528128088307,1,1,1,4,1,1,2.054,1,1
31835944001,3,0.1428571428571428,0.3499271061118825,2.449489742783178,1,1,1,4,1,1,7.0,1,1
12210021001,3,3.3333333333333335,10.615950861718073,3.1847852585154217,35,35,2,3,35,35,7.000000000000001,6,12
41511008001,3,0.1428571428571428,0.4665694748158434,3.2659863237109037,3,3,2,3,3,3,7.800000000000001,2,3
14851001001,3,0.1428571428571428,0.4665694748158434,3.2659863237109037,3,3,2,3,3,3,21.0,2,2
11103001002,3,0.4761904761904761,1.401327520910682,2.9427877939124323,2,5,2,3,2,8,28.0,2,2
14851009001,3,0.2857142857142857,0.6998542122237651,2.449489742783178,2,2,2,3,2,2,14.0,1,1
14851023001,3,0.238095238095238,0.5259695722470124,2.209072203437452,2,2,2,3,2,2,16.0,1,1
14853061001,3,1.3333333333333333,3.919831548048891,2.9398736610366685,1,9,2,3,1,20,8.13,1,1
31271003001,3,0.238095238095238,0.7499055118106487,3.1496031496047245,1,4,2,3,1,10,8.6,1,1
14203005001,3,0.5714285714285714,1.4982983545287878,2.622022120425379,1,4,2,3,1,20,3.3,1,1
11030015001,3,0.1428571428571428,0.4665694748158434,3.2659863237109037,1,3,2,3,1,12,4.63,1,1
12011226001,3,0.2857142857142857,0.8806305718527109,3.0822070014844885,1,4,2,3,1,12,14.08,1,1
35300013001,3,0.3809523809523809,1.2140522651411392,3.1868871959954905,1,6,2,3,1,12,11.32,1,1
11103112001,3,0.6666666666666666,1.7548119783512648,2.6322179675268975,1,4,2,3,1,4,12.15,1,1
12102024001,3,0.4761904761904761,1.3316315670580536,2.7964262908219126,1,5,2,3,1,48,5.5,1,1
14310011001,3,0.1428571428571428,0.4665694748158434,3.265986323710904,1,1,2,3,1,14,6.97,1,1
12011184001,3,0.5714285714285714,1.5297503242103816,2.677063067368168,1,4,2,3,1,12,13.8,1,1
14353012001,3,0.2857142857142857,0.9331389496316868,3.265986323710904,1,3,2,3,1,4,11.67,1,1
14244047001,3,0.1428571428571428,0.4665694748158434,3.265986323710904,1,3,2,3,1,10,4.6,1,1
11032031001,3,0.6666666666666666,2.167582224141151,3.2513733362117265,1,10,2,3,1,24,6.33,1,1
14333006001,3,1.0,2.3094010767585034,2.3094010767585034,1,4,2,3,1,12,11.556,1,1
11103113001,3,0.2857142857142857,0.8806305718527109,3.0822070014844885,1,3,2,3,1,4,12.16,1,1
12327040001,3,0.8571428571428571,2.3761857047380284,2.7722166555277,1,5,2,3,1,12,11.0,1,1
14822899001,3,0.7619047619047619,1.770250504327724,2.323453786930138,1,3,2,3,1,30,7.54,1,1
14506642001,3,0.1428571428571428,0.4665694748158434,3.265986323710904,1,3,2,3,1,24,16.3,1,1
31422013001,3,0.5238095238095238,1.2953781436890897,2.4729946379518983,1,4,2,3,1,48,20.0,1,1
14505088001,3,0.1428571428571428,0.4665694748158434,3.265986323710904,1,1,2,3,1,15,1.7,1,1
14604080001,3,0.3809523809523809,1.290115922299435,3.386554296036017,1,5,2,3,1,20,5.812,1,1
11074010001,3,0.1428571428571428,0.4665694748158434,3.2659863237109037,1,3,2,3,1,12,4.89,1,1
12011350001,3,0.7142857142857143,2.141269252944487,2.9977769541222816,1,8,2,3,1,12,13.98,1,1
14350011001,3,0.9523809523809524,2.6090719108195666,2.739525506360545,1,6,2,3,1,18,6.12,1,1
11032221001,3,0.6190476190476191,1.3265131692556302,2.1428289657206334,1,5,2,3,1,12,6.018,1,1
11030097001,3,0.0952380952380952,0.2935435239509036,3.082207001484488,1,1,2,3,1,18,8.13,1,1
35310008001,3,0.0952380952380952,0.2935435239509036,3.082207001484488,1,1,2,3,1,6,5.6,1,1
11103089004,3,0.238095238095238,0.6834619092574915,2.8705400188814645,1,3,2,3,1,4,14.04,1,1
14210039001,3,0.7142857142857143,1.577908716741037,2.2090722034374517,1,4,2,3,1,20,11.0,1,1
41531003001,3,0.0952380952380952,0.2935435239509036,3.082207001484488,1,1,2,3,1,1,2.76,1,1
31502041001,3,0.0952380952380952,0.2935435239509036,3.082207001484488,1,1,2,3,1,30,15.1,1,1
10023124001,3,0.4285714285714285,1.1368891796488878,2.6527414191807384,1,3,2,3,1,5,14.0,1,1
14364197001,3,0.0952380952380952,0.2935435239509036,3.082207001484488,1,1,2,3,1,12,7.61,1,1
14506392001,3,0.0952380952380952,0.2935435239509036,3.082207001484488,1,1,2,3,1,12,4.97,1,1
11070051001,3,0.0952380952380952,0.2935435239509036,3.082207001484488,1,1,2,3,1,24,16.5,1,1
14311008001,3,0.6666666666666666,1.9107050140703696,2.8660575211055543,1,8,2,3,1,12,3.88,1,1
12121078001,3,0.238095238095238,0.6834619092574915,2.8705400188814645,1,2,2,3,1,12,3.6,1,1
14506358001,3,0.5238095238095238,1.219642711891971,2.3284088136119445,1,2,2,3,1,12,11.28,1,1
14011046001,3,0.0952380952380952,0.2935435239509036,3.082207001484488,1,1,2,3,1,25,1.8,1,1
12034051001,3,0.238095238095238,0.6834619092574915,2.8705400188814645,1,2,2,3,1,30,2.7,1,1
31761004001,3,0.0952380952380952,0.2935435239509036,3.0822070014844885,1,1,2,3,1,12,4.18,1,1
14506328001,3,0.0952380952380952,0.2935435239509036,3.082207001484488,1,1,2,3,1,12,11.28,1,1
14851018001,3,0.7142857142857143,2.050385727772475,2.870540018881465,1,6,2,3,1,7,11.35,1,1
31502041002,3,0.1904761904761904,0.5870870479018073,3.0822070014844885,1,2,2,3,1,30,15.1,1,1
14003070001,3,0.0952380952380952,0.2935435239509036,3.0822070014844885,1,1,2,3,1,8,7.2,1,1
31500032002,3,0.4285714285714285,0.9035079029052512,2.1081851067789197,1,2,2,3,1,30,14.9,1,1
14111079001,3,0.3809523809523809,0.9988655696858584,2.622022120425379,1,3,2,3,1,12,3.79,1,1
12212058001,3,0.7619047619047619,1.5707069049972042,2.0615528128088307,1,4,2,3,1,24,8.43,1,1
41002005001,3,0.1904761904761904,0.4994327848429292,2.6220221204253784,1,2,2,3,1,12,3.31,1,1
12121071001,3,0.5238095238095238,1.0962728031639368,2.0928844424038795,1,3,2,3,1,12,1.02,1,1
11074033001,3,0.3333333333333333,0.835710894037345,2.507132682112035,1,3,2,3,1,40,18.822,1,1
11072017001,3,0.1904761904761904,0.4994327848429292,2.622022120425379,1,2,2,3,1,12,11.51,1,1
14221114001,3,0.4761904761904761,0.9571310115353228,2.0099751242241783,1,2,2,3,1,10,3.402,1,1
12034094001,3,1.1428571428571428,2.568781706525938,2.247683993210196,1,8,2,3,1,36,10.45,1,1
14331020001,3,0.6190476190476191,1.430157849302972,2.31025498733557,1,5,2,3,1,6,11.52,1,1
31563008001,3,1.0,2.0930724738891344,2.0930724738891344,1,7,2,3,1,12,2.1,1,1
14853013001,3,4.0,10.327955589886448,2.5819888974716116,1,34,2,3,1,80,8.5,1,1
31501013001,3,0.6190476190476191,1.3964645998681124,2.2558274305561814,1,5,2,3,1,20,14.0,1,1
11050052001,3,0.2857142857142857,0.6281383789653772,2.19848432637882,1,3,2,3,1,12,13.52,1,1
32420014001,3,0.1428571428571428,0.3499271061118825,2.449489742783178,1,1,2,3,1,30,3.0,1,1
14210127001,3,0.6190476190476191,1.361938061530961,2.2000537917038603,1,5,2,3,1,12,8.52,1,1
14240010001,3,0.238095238095238,0.5259695722470124,2.209072203437452,1,1,2,3,1,6,5.8,1,1
35311004001,3,0.1428571428571428,0.3499271061118826,2.4494897427831783,1,1,2,3,1,24,5.0,1,1
14822024001,3,0.5714285714285714,1.0942024088643865,1.9148542155126764,1,4,2,3,1,20,9.75,1,1
12106061001,3,0.2857142857142857,0.5471012044321932,1.9148542155126764,1,2,2,3,1,144,5.17,1,1
12011063001,3,0.2857142857142857,0.5471012044321931,1.914854215512676,1,1,2,3,1,12,13.83,1,1
14242044001,3,0.4285714285714285,0.8491692619108099,1.9813949444585568,1,3,2,3,1,20,7.9,1,1
35301003001,3,1.619047619047619,4.434455895932501,2.7389286416053684,2,17,3,0,2,24,22.964,1,1
10031022001,3,5.142857142857143,13.97373629787141,2.717115391252774,2,26,3,0,2,48,28.6,1,1
11021026001,3,1.238095238095238,2.860315698605944,2.31025498733557,2,5,3,0,2,8,32.96,1,2
10031015001,3,8.285714285714286,21.312064227396014,2.5721456826167604,2,32,3,0,2,48,30.4,2,2
12327064001,3,0.1904761904761904,0.4994327848429292,2.622022120425379,2,2,3,0,2,2,15.12,1,1
10034022001,3,9.142857142857142,18.84848285996645,2.0615528128088303,2,31,3,0,2,48,28.76,2,2
12327009001,3,8.0,15.417985786550904,1.927248223318863,2,39,3,0,2,48,15.36,1,1
10014081001,3,0.8571428571428571,2.799416848895061,3.2659863237109046,1,6,3,0,1,24,12.41,1,1
10034047001,3,0.5714285714285714,1.8662778992633735,3.265986323710904,1,9,3,0,1,24,15.52,1,1
11051019001,3,1.1428571428571428,2.799416848895061,2.4494897427831783,1,8,3,0,1,12,10.702,1,1
12102047001,3,0.1428571428571428,0.4665694748158434,3.2659863237109037,1,3,3,0,1,24,9.52,1,1
11050073001,3,0.1428571428571428,0.4665694748158434,3.2659863237109037,1,3,3,0,1,12,13.081,1,1
11050037001,3,0.1428571428571428,0.4665694748158434,3.265986323710904,1,3,3,0,1,4,13.97,1,1
12000057001,3,0.3333333333333333,0.8908708063747479,2.6726124191242437,1,1,3,0,1,12,12.1,1,1
12123060001,3,0.3809523809523809,1.1328930717495542,2.97384431334258,1,4,3,0,1,12,3.0,1,1
31504006001,3,0.4285714285714285,1.3997084244475304,3.2659863237109046,1,7,3,0,1,24,15.0,1,1
14601046001,3,0.8571428571428571,2.9806633056245384,3.4774405232286285,1,7,3,0,1,30,5.3,1,1
12002024001,3,0.1428571428571428,0.4665694748158434,3.265986323710904,1,1,3,0,1,12,10.8,1,1
14804015001,3,1.7142857142857142,5.598833697790122,3.2659863237109046,1,12,3,0,1,24,9.9,1,1
14502005001,3,1.3333333333333333,3.0131984799155003,2.259898859936625,1,5,3,0,1,24,2.89,1,1
12000350001,3,1.0,2.4299715851758235,2.4299715851758235,1,4,3,0,1,12,12.06,1,1
12010121001,3,0.1428571428571428,0.4665694748158434,3.2659863237109037,1,3,3,0,1,12,5.09,1,1
14413010001,3,0.1428571428571428,0.4665694748158434,3.265986323710904,1,3,3,0,1,6,10.38,1,1
14344010001,3,0.6190476190476191,1.731396091685509,2.796870609645822,1,6,3,0,1,12,6.88,1,1
14700050001,3,0.3333333333333333,1.0837911120705754,3.2513733362117265,1,5,3,0,1,12,6.4,1,1
30073068001,3,0.3333333333333333,0.9428090415820632,2.82842712474619,1,4,3,0,1,8,5.47,1,1
11103002001,3,0.0952380952380952,0.2935435239509036,3.082207001484488,1,1,3,0,1,4,12.68,1,1
12011340001,3,0.238095238095238,0.6834619092574915,2.8705400188814645,1,3,3,0,1,6,13.65,1,1
11073901001,3,0.0952380952380952,0.2935435239509036,3.082207001484488,1,1,3,0,1,12,4.43,1,1
12120091001,3,0.4761904761904761,1.366923818514983,2.8705400188814645,1,4,3,0,1,24,1.454,1,1
12014032001,3,0.0952380952380952,0.2935435239509036,3.082207001484488,1,1,3,0,1,36,2.5,1,1
14200061001,3,0.3809523809523809,0.8984743935292004,2.3584952830141512,1,3,3,0,1,10,3.54,1,1
14023036001,3,0.1904761904761904,0.5870870479018072,3.082207001484488,1,2,3,0,1,12,2.12,1,1
10033052001,3,0.3809523809523809,1.1741740958036144,3.082207001484488,1,4,3,0,1,24,15.4,1,1
30013002001,3,0.5238095238095238,1.1388819755334665,2.174229226018436,1,3,3,0,1,45,6.0,1,1
11072010001,3,0.6666666666666666,1.8082702424807169,2.712405363721075,1,6,3,0,1,12,3.08,1,1
12000193001,3,0.0952380952380952,0.2935435239509036,3.082207001484488,1,1,3,0,1,12,10.65,1,1
31253004001,3,0.4285714285714285,1.1368891796488878,2.6527414191807384,1,3,3,0,1,30,13.6,1,1
10033062001,3,0.3809523809523809,1.1741740958036146,3.0822070014844885,1,4,3,0,1,24,16.35,1,1
14720022001,3,0.7619047619047619,1.874763779526622,2.4606274606286913,1,4,3,0,1,20,12.475,1,1
11103267001,3,0.5714285714285714,1.178030178747903,2.0615528128088303,1,3,3,0,1,6,9.2,1,1
11041020001,3,0.6190476190476191,1.4952684255340554,2.4154336104780896,1,5,3,0,1,12,1.524,1,1
14300029001,3,0.4761904761904761,1.2196427118919713,2.5612496949731396,1,5,3,0,1,12,1.36,1,1
10002011001,3,3.238095238095238,6.830636600777565,2.1094613031813068,1,12,3,0,1,24,15.72,1,1
14804009001,3,3.142857142857143,6.311634866964149,2.0082474576704112,1,20,3,0,1,24,9.708,1,1
11102012001,3,0.3333333333333333,0.7766431633476233,2.32992949004287,1,3,3,0,1,6,12.1,1,1
14504060001,3,0.3809523809523809,0.9499970163457144,2.4937421679075005,1,3,3,0,1,8,1.36,1,1
14852011001,3,0.8571428571428571,2.0995626366712954,2.449489742783178,1,6,3,0,1,96,12.1,1,1
14822095001,3,0.1428571428571428,0.3499271061118825,2.449489742783178,1,1,3,0,1,20,2.06,1,1
14240007001,3,0.5714285714285714,1.2177820811947069,2.1311186420907373,1,4,3,0,1,20,4.78,1,1
14000109001,3,0.5238095238095238,1.0962728031639368,2.0928844424038795,1,3,3,0,1,12,2.44,1,1
10023068001,3,0.3333333333333333,0.7766431633476233,2.32992949004287,1,2,3,0,1,4,11.6,1,1
14244935001,3,0.3809523809523809,0.7853534524986019,2.0615528128088303,1,2,3,0,1,6,7.65,1,1
14226116001,3,0.1904761904761904,0.4994327848429292,2.622022120425379,1,2,3,0,1,48,6.0,1,1
14852009001,3,2.0,3.854496446637726,1.927248223318863,1,12,3,0,1,96,12.1,1,1
10041052001,3,5.714285714285714,12.623269733928298,2.209072203437452,1,24,3,0,1,24,13.116,1,1
41310001001,3,0.238095238095238,0.42591770999996,1.788854381999832,1,1,3,0,1,1,2.57,1,1
12011305001,3,0.1428571428571428,0.3499271061118825,2.449489742783178,1,1,3,0,1,12,16.58,1,1
11041999004,3,0.1428571428571428,0.3499271061118825,2.449489742783178,1,1,3,0,1,10,0.9,1,1
14615012001,3,0.7142857142857143,1.385051387833237,1.9390719429665315,1,4,3,0,1,12,17.97,1,1
12106098001,3,0.238095238095238,0.42591770999996,1.788854381999832,1,1,3,0,1,24,7.03,1,1
14510184001,3,0.3333333333333333,1.1268723396380222,3.3806170189140667,6,6,4,0,6,6,36.0,1,1
14510037001,3,0.8571428571428571,2.4355641623894138,2.8414915227876496,4,4,4,0,4,4,12.0,1,1
14511071001,3,0.4285714285714285,1.2936264483053452,3.0184617127124724,4,4,4,0,4,4,8.0,1,1
10002013001,3,5.714285714285714,12.623269733928298,2.209072203437452,4,43,4,0,4,48,18.76,1,2
10020037001,3,4.285714285714286,13.997084244475303,3.265986323710904,3,67,4,0,3,90,19.776,2,2
15024011001,3,44.57142857142857,112.15150103174486,2.516219574430173,3,63,4,0,3,72,28.799999999999997,2,3
10040044001,3,4.857142857142857,11.90952285752362,2.4519605883136864,2,22,4,0,2,24,26.04,1,2
14311041001,3,0.9047619047619048,2.860315698605944,3.161401561617096,2,8,4,0,2,12,10.4,1,2
15020007001,3,5.238095238095238,17.957369522884076,3.4282250907324143,2,16,4,0,2,24,26.24,2,2
14506313001,3,4.666666666666667,17.326921891156033,3.71291183381915,2,25,4,0,2,40,12.8,1,1
14023210001,3,1.4285714285714286,3.1858530826052824,2.2300971578236974,2,2,4,0,2,2,1.2,1,1
14023502001,3,1.2857142857142858,3.7814441325889185,2.9411232142358252,2,2,4,0,2,2,1.2,1,1
14832043001,3,2.0952380952380953,6.361377223636867,3.0361118567357774,2,13,4,0,2,24,9.78,1,2
10016021001,3,2.2857142857142856,7.740695533796608,3.3865542960360164,2,34,4,0,2,60,12.4,1,1
10022004001,3,8.285714285714286,20.987848768236525,2.5330162306492356,2,43,4,0,2,48,15.06,1,1
10024005001,3,10.0,22.168188275738085,2.2168188275738085,2,35,4,0,2,48,17.7,2,2
10023073001,3,1.238095238095238,3.9267672624930103,3.171619712013585,2,10,4,0,2,12,13.4,1,1
10012002001,3,1.619047619047619,5.232464506067503,3.231816312571105,2,20,4,0,2,24,26.56,2,2
10002918001,3,1.238095238095238,3.97497842946842,3.210559500724493,2,8,4,0,2,12,26.9,1,2
10013007001,3,10.0,25.2756234909674,2.5275623490967396,2,36,4,0,2,48,10.76,1,1
14613014001,3,5.238095238095238,13.483339850153568,2.5740921532111356,2,19,4,0,2,24,23.86,1,2
14512123001,3,0.238095238095238,0.6834619092574916,2.870540018881465,2,2,4,0,2,2,2.4,1,1
10022003001,3,4.571428571428571,11.986386836230302,2.622022120425379,2,47,4,0,2,48,18.8,1,2
32517006001,3,1.6666666666666667,3.883215816738117,2.32992949004287,2,9,4,0,2,10,30.2,1,2
10024001001,3,14.0,30.331501776206203,2.166535841157586,2,33,4,0,2,48,17.18,2,2
11072897001,3,0.7619047619047619,1.8491893179950096,2.4270609798684504,1,4,4,0,1,12,3.18,1,1
11071014001,3,0.5714285714285714,1.7340134720031548,3.034523576005521,1,4,4,0,1,30,3.1,1,1
14244911001,3,0.2857142857142857,0.9331389496316868,3.2659863237109037,1,4,4,0,1,12,4.0,1,1
11071013001,3,0.1428571428571428,0.4665694748158434,3.265986323710904,1,3,4,0,1,24,1.654,1,1
10001044001,3,0.7619047619047619,2.3483481916072293,3.0822070014844885,1,8,4,0,1,24,13.748,1,1
10014103001,3,0.238095238095238,0.7499055118106487,3.1496031496047245,1,3,4,0,1,10,11.312,1,1
10031021001,3,0.8571428571428571,2.7994168488950604,3.265986323710904,1,6,4,0,1,24,8.52,1,1
14730041001,3,1.4285714285714286,4.2378277069118075,2.9664793948382653,1,7,4,0,1,12,1.76,1,1
12020005003,3,0.2857142857142857,0.9331389496316868,3.265986323710904,1,5,4,0,1,12,1.94,1,1
11062011001,3,0.1428571428571428,0.4665694748158434,3.2659863237109037,1,3,4,0,1,40,1.0,1,1
12003069001,3,0.238095238095238,0.7499055118106486,3.149603149604724,1,4,4,0,1,12,2.85,1,1
10020039001,3,0.8571428571428571,2.7994168488950604,3.265986323710904,1,14,4,0,1,30,6.592,1,1
12011388001,3,0.3809523809523809,1.290115922299435,3.386554296036017,1,6,4,0,1,12,5.5,1,1
11050069001,3,0.1428571428571428,0.4665694748158434,3.265986323710904,1,3,4,0,1,12,13.7,1,1
14311093001,3,0.4285714285714285,1.0942024088643865,2.553138954016902,1,2,4,0,1,6,3.51,1,1
12125013001,3,0.1428571428571428,0.4665694748158434,3.2659863237109037,1,3,4,0,1,24,3.0,1,1
14243009001,3,0.8095238095238095,2.362787853343862,2.9187379364835944,1,8,4,0,1,12,2.15,1,1
14801020001,3,2.142857142857143,4.733726150223112,2.209072203437452,1,9,4,0,1,24,7.58,1,1
14312003001,3,3.1904761904761907,10.21492394498432,3.201692579771205,1,10,4,0,1,12,6.566,1,1
14244060001,3,0.4761904761904761,1.0962728031639368,2.302172886644267,1,3,4,0,1,12,5.734,1,1
14210089001,3,1.0,2.5260547066428276,2.5260547066428276,1,6,4,0,1,20,1.18,1,1
12012108001,3,0.9047619047619048,2.598621647550905,2.872160768345737,1,8,4,0,1,24,13.084,1,1
12005019008,3,0.1428571428571428,0.4665694748158434,3.2659863237109037,1,3,4,0,1,12,2.2,1,1
14321011001,3,1.380952380952381,3.19934800614111,2.316769245826321,1,8,4,0,1,24,11.0,1,1
31533085001,3,0.3333333333333333,1.0837911120705754,3.2513733362117265,1,4,4,0,1,12,0.4,1,1
31421024001,3,0.8571428571428571,2.231499907401901,2.6034165586355513,1,5,4,0,1,12,2.44,1,1
14311002001,3,0.4761904761904761,1.5312319229346216,3.2155870381627056,1,6,4,0,1,8,3.166,1,1
12011011001,3,0.5714285714285714,1.941315915299001,3.397302851773252,1,7,4,0,1,12,9.17,1,1
14720030001,3,1.1904761904761905,3.033449201644378,2.5480973293812776,1,8,4,0,1,12,6.95,1,1
12010040001,3,0.5714285714285714,1.293626448305345,2.263846284534354,1,4,4,0,1,24,15.0,1,1
12121081001,3,0.4761904761904761,1.4998110236212974,3.1496031496047245,1,7,4,0,1,12,1.482,1,1
12011191001,3,0.1428571428571428,0.4665694748158434,3.2659863237109037,1,1,4,0,1,6,5.1,1,1
32431020001,3,0.1428571428571428,0.4665694748158434,3.2659863237109037,1,3,4,0,1,12,2.0,1,1
10023031001,3,0.3809523809523809,1.0900498230723423,2.8613807855648994,1,3,4,0,1,6,13.0,1,1
14310003001,3,0.2857142857142857,0.8806305718527109,3.0822070014844885,1,4,4,0,1,8,2.352,1,1
11021067001,3,0.1428571428571428,0.4665694748158434,3.2659863237109037,1,3,4,0,1,10,2.44,1,1
14741008001,3,0.238095238095238,0.7499055118106486,3.149603149604724,1,4,4,0,1,12,6.57,1,1
11030046001,3,0.238095238095238,0.7499055118106487,3.1496031496047245,1,3,4,0,1,12,2.26,1,1
14633055001,3,0.4285714285714285,1.3997084244475302,3.265986323710904,1,7,4,0,1,24,8.59,1,1
12011174001,3,0.1428571428571428,0.4665694748158434,3.265986323710904,1,3,4,0,1,12,7.95,1,1
11074022001,3,0.4285714285714285,1.3299276232160897,3.103164454170876,1,6,4,0,1,12,7.2,1,1
14852019001,3,3.142857142857143,10.41192409045063,3.312884937870655,1,46,4,0,1,96,8.11,1,1
12000206001,3,0.1428571428571428,0.4665694748158434,3.265986323710904,1,3,4,0,1,9,6.0,1,1
12121066001,3,0.9523809523809524,2.5907562873781793,2.7202941017470885,1,9,4,0,1,24,2.8,1,1
30045076001,3,0.4285714285714285,1.3997084244475302,3.265986323710904,1,7,4,0,1,20,2.4,1,1
10020032001,3,1.7142857142857142,5.283783431116266,3.0822070014844885,1,23,4,0,1,24,7.24,1,1
12001051001,3,0.6666666666666666,1.9354668031334832,2.9032002047002248,1,4,4,0,1,12,11.2,1,1
14243012001,3,0.8095238095238095,2.593380724607638,3.2035879539270824,1,9,4,0,1,10,2.9,1,1
10024006001,3,0.8571428571428571,2.7994168488950604,3.265986323710904,1,6,4,0,1,24,8.59,1,1
12152062001,3,0.9047619047619048,2.7238761230619217,3.0105999254894926,1,12,4,0,1,12,7.08,1,1
12002062001,3,0.7619047619047619,2.56171002977386,3.3622444140781913,1,7,4,0,1,12,10.4,1,1
12002008001,3,0.4285714285714285,1.3299276232160897,3.1031644541708756,1,6,4,0,1,12,7.11,1,1
14632155001,3,0.8095238095238095,2.5563934345656287,3.1578977721104824,1,9,4,0,1,12,9.8,1,1
14852062001,3,0.8571428571428571,2.7994168488950604,3.265986323710904,1,14,4,0,1,96,7.1,1,1
12212010001,3,1.4285714285714286,4.665694748158435,3.2659863237109046,1,23,4,0,1,60,5.16,1,1
14616060001,3,0.9047619047619048,3.1908315367144673,3.526708540579148,1,8,4,0,1,12,12.27,1,1
12010176001,3,0.1428571428571428,0.4665694748158434,3.265986323710904,1,3,4,0,1,8,2.79,1,1
14242068001,3,0.4285714285714285,1.3299276232160893,3.103164454170875,1,6,4,0,1,10,2.0,1,1
12011133001,3,0.4285714285714285,1.0942024088643865,2.553138954016902,1,4,4,0,1,12,10.97,1,1
12022093003,3,0.1428571428571428,0.4665694748158434,3.265986323710904,1,1,4,0,1,24,3.86,1,1
12120064001,3,1.8571428571428572,5.436085025840128,2.927122706221607,1,16,4,0,1,36,2.36,1,1
12104015001,3,0.4285714285714285,1.3997084244475304,3.2659863237109046,1,7,4,0,1,72,1.88,1,1
12002093001,3,0.1428571428571428,0.4665694748158434,3.265986323710904,1,3,4,0,1,6,7.13,1,1
14001020001,3,0.9523809523809524,2.75121082393415,2.8887713651308577,1,6,4,0,1,12,2.24,1,1
30073017001,3,0.3333333333333333,0.8908708063747479,2.6726124191242437,1,4,4,0,1,6,4.194,1,1
31530008001,3,0.238095238095238,0.6834619092574915,2.8705400188814645,1,2,4,0,1,12,1.5,1,1
10020040001,3,2.5714285714285716,6.821335077893328,2.6527414191807384,1,22,4,0,1,30,6.866,1,1
11103314001,3,0.8571428571428571,1.8844151368961313,2.19848432637882,1,6,4,0,1,12,6.602,1,1
14102223001,3,1.2857142857142858,2.762725657973388,2.14878662286819,1,6,4,0,1,48,2.02,1,1
11103054003,3,0.3333333333333333,0.9428090415820634,2.8284271247461903,1,2,4,0,1,6,13.3,1,1
11102014001,3,0.0952380952380952,0.2935435239509036,3.082207001484488,1,1,4,0,1,20,10.39,1,1
41401068001,3,0.0952380952380952,0.2935435239509036,3.082207001484488,1,1,4,0,1,1,0.8,1,1
10000006001,3,0.6190476190476191,1.7586843154875609,2.840951586556829,1,8,4,0,1,12,4.69,1,1
12106113001,3,0.2857142857142857,0.8806305718527109,3.0822070014844885,1,3,4,0,1,72,2.04,1,1
12000080001,3,0.0952380952380952,0.2935435239509036,3.0822070014844885,1,1,4,0,1,12,8.6,1,1
11023012001,3,0.238095238095238,0.6834619092574916,2.870540018881465,1,3,4,0,1,12,5.82,1,1
12005015010,3,0.0952380952380952,0.2935435239509036,3.082207001484488,1,1,4,0,1,12,2.5,1,1
10052033001,3,0.0952380952380952,0.2935435239509036,3.0822070014844885,1,1,4,0,1,12,12.35,1,1
14360087001,3,0.0952380952380952,0.2935435239509036,3.082207001484488,1,1,4,0,1,6,3.7,1,1
11074012001,3,0.0952380952380952,0.2935435239509036,3.082207001484488,1,1,4,0,1,12,7.46,1,1
12010243001,3,0.0952380952380952,0.2935435239509036,3.082207001484488,1,1,4,0,1,24,15.78,1,1
14210061001,3,0.5238095238095238,1.4677176197545183,2.8020063649858984,1,6,4,0,1,12,1.74,1,1
12327086001,3,0.5714285714285714,1.761261143705422,3.0822070014844885,1,6,4,0,1,12,4.188,1,1
35302040001,3,0.7619047619047619,2.348348191607229,3.082207001484488,1,6,4,0,1,12,11.59,1,1
14832931001,3,3.0,6.546536707079771,2.1821789023599236,1,17,4,0,1,24,4.87,1,1
11074041001,3,0.0952380952380952,0.2935435239509036,3.082207001484488,1,1,4,0,1,12,5.26,1,1
14710006001,3,0.0952380952380952,0.2935435239509036,3.082207001484488,1,1,4,0,1,6,1.148,1,1
12003072001,3,0.0952380952380952,0.2935435239509036,3.082207001484488,1,1,4,0,1,9,5.84,1,1
12000183001,3,0.0952380952380952,0.2935435239509036,3.0822070014844885,1,1,4,0,1,12,7.5,1,1
14222006001,3,0.0952380952380952,0.2935435239509036,3.0822070014844885,1,1,4,0,1,12,3.302,1,1
14508022001,3,0.3333333333333333,0.9428090415820632,2.82842712474619,1,4,4,0,1,12,3.57,1,1
12010085001,3,0.0952380952380952,0.2935435239509036,3.0822070014844885,1,1,4,0,1,14,3.65,1,1
12011999001,3,0.0952380952380952,0.2935435239509036,3.082207001484488,1,1,4,0,1,12,7.41,1,1
12002037001,3,0.0952380952380952,0.2935435239509036,3.0822070014844885,1,1,4,0,1,6,7.0,1,1
14244074001,3,0.1904761904761904,0.5870870479018073,3.0822070014844885,1,2,4,0,1,12,5.58,1,1
14822906001,3,0.0952380952380952,0.2935435239509036,3.0822070014844885,1,1,4,0,1,12,6.206,1,1
31707086001,3,0.3333333333333333,0.890870806374748,2.672612419124244,1,4,4,0,1,36,2.8,1,1
11010015002,3,0.0952380952380952,0.2935435239509036,3.082207001484488,1,1,4,0,1,6,13.5,1,1
14831005001,3,1.5714285714285714,4.304719763805533,2.7393671224217027,1,7,4,0,1,48,7.78,1,1
11050142001,3,0.0952380952380952,0.2935435239509036,3.082207001484488,1,1,4,0,1,12,6.75,1,1
35751018001,3,0.9047619047619048,2.4476375763612186,2.7052836370308206,1,6,4,0,1,12,11.0,1,1
12000425001,3,0.0952380952380952,0.2935435239509036,3.0822070014844885,1,1,4,0,1,12,8.6,1,1
12005093010,3,0.0952380952380952,0.2935435239509036,3.0822070014844885,1,1,4,0,1,12,3.19,1,1
11021074001,3,0.0952380952380952,0.2935435239509036,3.082207001484488,1,1,4,0,1,6,4.35,1,1
11040058001,3,0.5238095238095238,1.1388819755334665,2.174229226018436,1,4,4,0,1,12,11.72,1,1
12011482001,3,0.0952380952380952,0.2935435239509036,3.0822070014844885,1,1,4,0,1,12,10.68,1,1
12010124001,3,0.238095238095238,0.6834619092574915,2.8705400188814645,1,2,4,0,1,12,5.9,1,1
11020010001,3,0.6666666666666666,1.8856180831641267,2.8284271247461903,1,8,4,0,1,12,7.39,1,1
11041029001,3,0.0952380952380952,0.2935435239509036,3.082207001484488,1,1,4,0,1,12,1.54,1,1
12001119001,3,0.1904761904761904,0.5870870479018072,3.082207001484488,1,2,4,0,1,12,5.9,1,1
12102022001,3,0.0952380952380952,0.2935435239509036,3.0822070014844885,1,1,4,0,1,48,7.46,1,1
31707041001,3,0.0952380952380952,0.2935435239509036,3.0822070014844885,1,1,4,0,1,24,1.53,1,1
11021028001,3,0.4761904761904761,1.1388819755334665,2.3916521486202793,1,4,4,0,1,12,7.41,1,1
10041055001,3,0.5714285714285714,1.761261143705422,3.0822070014844885,1,6,4,0,1,6,5.41,1,1
11030007001,3,0.0952380952380952,0.2935435239509036,3.0822070014844885,1,1,4,0,1,12,6.148,1,1
11110033001,3,0.1904761904761904,0.5870870479018072,3.082207001484488,1,2,4,0,1,8,12.91,1,1
14310037001,3,0.0952380952380952,0.2935435239509036,3.082207001484488,1,1,4,0,1,12,6.5,1,1
12103053001,3,0.1904761904761904,0.5870870479018072,3.082207001484488,1,2,4,0,1,48,2.5,1,1
12105046001,3,0.0952380952380952,0.2935435239509036,3.0822070014844885,1,1,4,0,1,12,7.2,1,1
12003123001,3,0.0952380952380952,0.2935435239509036,3.082207001484488,1,1,4,0,1,12,4.394,1,1
12012984001,3,0.0952380952380952,0.2935435239509036,3.082207001484488,1,1,4,0,1,24,6.088,1,1
12102113001,3,0.0952380952380952,0.2935435239509036,3.0822070014844885,1,1,4,0,1,10,3.306,1,1
10014044001,3,2.857142857142857,8.80630571852711,3.0822070014844885,1,30,4,0,1,30,6.2,1,1
12002026001,3,0.0952380952380952,0.2935435239509036,3.082207001484488,1,1,4,0,1,12,7.27,1,1
11041023001,3,0.0952380952380952,0.2935435239509036,3.082207001484488,1,1,4,0,1,12,1.54,1,1
10013011001,3,0.5714285714285714,1.761261143705422,3.0822070014844885,1,6,4,0,1,18,5.0,1,1
14341019001,3,0.4285714285714285,1.2177820811947069,2.8414915227876496,1,3,4,0,1,24,12.434,1,1
10052009001,3,0.2857142857142857,0.764875162105191,2.677063067368169,1,3,4,0,1,12,11.5,1,1
14241078001,3,0.4285714285714285,0.9547589359887344,2.2277708506403804,1,2,4,0,1,10,1.5,1,1
11102017001,3,0.4761904761904761,1.051939144494025,2.2090722034374526,1,3,4,0,1,20,16.07,1,1
35751021001,3,0.4285714285714285,1.0942024088643862,2.553138954016901,1,4,4,0,1,12,11.076,1,1
31421022001,3,0.1428571428571428,0.3499271061118825,2.449489742783178,1,1,4,0,1,24,3.54,1,1
10022908001,3,3.047619047619047,6.160366334779516,2.021370203599529,1,12,4,0,1,24,9.32,1,1
11110045001,3,0.1904761904761904,0.4994327848429292,2.622022120425379,1,2,4,0,1,8,12.91,1,1
10041005001,3,0.2857142857142857,0.6998542122237651,2.449489742783178,1,2,4,0,1,6,6.41,1,1
12121062001,3,0.1904761904761904,0.4994327848429292,2.622022120425379,1,2,4,0,1,12,1.332,1,1
12001031001,3,0.1904761904761904,0.4994327848429293,2.622022120425379,1,1,4,0,1,24,6.46,1,1
10023991001,3,0.3333333333333333,0.7766431633476234,2.32992949004287,1,2,4,0,1,6,4.63,1,1
12011285001,3,0.238095238095238,0.6098213559459856,2.5612496949731396,1,1,4,0,1,12,9.29,1,1
12011139001,3,0.238095238095238,0.6098213559459855,2.561249694973139,1,2,4,0,1,12,10.0,1,1
14301109001,3,0.3333333333333333,0.7126966450997982,2.1380899352993947,1,1,4,0,1,12,1.2,1,1
14225030001,3,0.8571428571428571,2.099562636671296,2.4494897427831788,1,8,4,0,1,159,6.84,1,1
32504043005,3,1.0952380952380951,2.4476375763612186,2.2347995262428517,1,7,4,0,1,12,3.0,1,1
12001047001,3,0.3333333333333333,0.7766431633476234,2.32992949004287,1,3,4,0,1,6,7.16,1,1
11110087002,3,0.4761904761904761,1.005652956282994,2.111871208194288,1,3,4,0,1,6,10.37,1,1
14310054001,3,0.1904761904761904,0.4994327848429293,2.622022120425379,1,2,4,0,1,8,2.35,1,1
14244022001,3,0.6666666666666666,1.5836465855538944,2.3754698783308417,1,3,4,0,1,12,2.01,1,1
14203055001,3,0.6666666666666666,1.583646585553894,2.3754698783308412,1,5,4,0,1,10,2.53,1,1
12011103001,3,0.238095238095238,0.6098213559459855,2.561249694973139,1,3,4,0,1,6,4.29,1,1
12002064001,3,0.1904761904761904,0.4994327848429292,2.6220221204253784,1,1,4,0,1,12,8.39,1,1
14312011001,3,0.3333333333333333,0.7766431633476234,2.32992949004287,1,2,4,0,1,12,9.55,1,1
14833078001,3,2.5714285714285716,5.178448274397674,2.0138409955990952,1,8,4,0,1,48,9.796,1,1
14601899001,3,0.1428571428571428,0.3499271061118825,2.449489742783178,1,1,4,0,1,80,4.26,1,1
12000076001,3,0.3333333333333333,0.7126966450997985,2.1380899352993956,1,3,4,0,1,6,7.9,1,1
14742016001,3,0.1904761904761904,0.4994327848429292,2.6220221204253784,1,2,4,0,1,24,2.07,1,1
14701041001,3,0.5238095238095238,1.051939144494025,2.0082474576704112,1,3,4,0,1,12,5.19,1,1
11030179001,3,0.1428571428571428,0.3499271061118825,2.449489742783178,1,1,4,0,1,12,3.08,1,1
12112002001,3,0.7142857142857143,1.452185779235896,2.0330600909302543,1,4,4,0,1,6,1.6,1,1
14741028001,3,0.238095238095238,0.5259695722470124,2.209072203437452,1,2,4,0,1,24,10.53,1,1
11050141002,3,0.2857142857142857,0.628138378965377,2.1984843263788196,1,2,4,0,1,12,4.82,1,1
12000070001,3,0.2857142857142857,0.5471012044321931,1.914854215512676,1,2,4,0,1,12,8.6,1,1
12000005001,3,0.1428571428571428,0.3499271061118825,2.449489742783178,1,1,4,0,1,9,5.84,1,1
31530027001,3,0.5714285714285714,1.1368891796488878,1.9895560643855537,1,4,4,0,1,20,2.05,1,1
12000039001,3,0.3333333333333333,0.7126966450997984,2.138089935299395,1,2,4,0,1,12,6.7,1,1
12000019001,3,0.3809523809523809,0.7221786137191952,1.8957188610128877,1,2,4,0,1,12,8.166,1,1
12151073001,3,0.1428571428571428,0.3499271061118825,2.449489742783178,1,1,4,0,1,12,7.51,1,1
10052002001,3,0.8571428571428571,2.0995626366712954,2.449489742783178,1,8,4,0,1,12,12.31,1,1
12000221001,3,0.2857142857142857,0.6281383789653772,2.19848432637882,1,1,4,0,1,12,8.426,1,1
12034097001,3,0.238095238095238,0.5259695722470125,2.2090722034374526,1,2,4,0,1,35,1.93,1,1
12014004001,3,0.3809523809523809,0.7853534524986019,2.0615528128088303,1,2,4,0,1,20,2.0,1,1
12000035001,3,0.238095238095238,0.4259177099999599,1.7888543819998317,1,1,4,0,1,12,8.724,1,1
11030016001,3,0.238095238095238,0.4259177099999599,1.7888543819998317,1,1,4,0,1,12,5.44,1,1
14343027001,3,0.238095238095238,0.5259695722470125,2.2090722034374526,1,1,4,0,1,12,14.556,1,1
12011186001,3,0.1428571428571428,0.3499271061118826,2.4494897427831783,1,1,4,0,1,12,11.82,1,1
11110056001,3,0.2857142857142857,0.5471012044321932,1.9148542155126764,1,2,4,0,1,6,4.59,1,1
14203065001,3,0.3333333333333333,0.642416074439621,1.927248223318863,1,2,4,0,1,20,3.74,1,1
14352014001,3,0.238095238095238,0.5259695722470125,2.2090722034374526,1,1,4,0,1,12,5.5,1,1
14310056001,3,0.238095238095238,0.42591770999996,1.7888543819998322,1,1,4,0,1,8,2.34,1,1
14700008001,3,0.2857142857142857,0.6281383789653772,2.19848432637882,1,1,4,0,1,12,5.18,1,1
12201059001,3,42.285714285714285,120.3206600068741,2.845421013676077,115,115,5,0,115,115,23.0,1,10
11050094001,3,1.1904761904761905,3.5134984277517556,2.951338679311475,14,14,5,0,14,14,9.1,1,2
12123112001,3,1.2857142857142858,3.4106675389466634,2.652741419180738,13,13,5,0,13,13,1.599,1,1
14311086001,3,1.5238095238095235,3.92330093791352,2.574666240505747,5,5,5,0,5,5,3.15,1,1
12123070001,3,0.4285714285714285,1.3997084244475302,3.265986323710904,4,4,5,0,4,4,0.52,1,1
14313008001,3,0.2857142857142857,0.7648751621051909,2.6770630673681683,4,4,5,0,4,4,0.4,1,1
41417013001,3,0.1428571428571428,0.4665694748158434,3.265986323710904,3,3,5,0,3,3,0.8999999999999999,1,1
42301034001,3,0.1428571428571428,0.4665694748158434,3.2659863237109037,3,3,5,0,3,3,0.516,1,1
11103147001,3,0.238095238095238,0.6098213559459855,2.561249694973139,3,3,5,0,3,3,4.5,1,1
61037010002,3,0.4761904761904761,1.4998110236212974,3.1496031496047245,2,7,5,0,2,12,1.68,1,1
14342020001,3,0.7619047619047619,2.447637576361218,3.212524318974099,2,11,5,0,2,12,8.5,1,2
12020220001,3,0.5238095238095238,1.4998110236212971,2.863275590549749,2,7,5,0,2,12,2.8,2,2
12211013001,3,0.238095238095238,0.6834619092574916,2.870540018881465,2,2,5,0,2,2,0.2,1,1
42613064002,3,0.1428571428571428,0.4665694748158434,3.265986323710904,1,1,5,0,1,1,0.4,1,1
11051011001,3,0.5238095238095238,1.3316315670580536,2.5422057189290115,1,5,5,0,1,12,4.1,1,1
12012027001,3,0.6190476190476191,2.1486693662244716,3.470927437747223,1,8,5,0,1,12,1.31,1,1
32470025001,3,0.1428571428571428,0.4665694748158434,3.265986323710904,1,3,5,0,1,12,2.27,1,1
31254899001,3,0.3809523809523809,1.1328930717495542,2.97384431334258,1,5,5,0,1,20,4.0,1,1
12010069001,3,0.8571428571428571,2.335761613034423,2.725055215206827,1,5,5,0,1,12,6.84,1,1
14602050001,3,1.0,2.309401076758503,2.309401076758503,1,5,5,0,1,6,1.2,1,1
12003111001,3,0.1428571428571428,0.4665694748158434,3.2659863237109037,1,3,5,0,1,6,1.64,1,1
14241043001,3,0.1428571428571428,0.4665694748158434,3.2659863237109037,1,3,5,0,1,8,2.67,1,1
12020960001,3,0.3333333333333333,1.0837911120705757,3.251373336211727,1,5,5,0,1,15,2.84,1,1
14602110001,3,0.1428571428571428,0.4665694748158434,3.2659863237109037,1,1,5,0,1,6,1.01,1,1
11031916001,3,0.6190476190476191,1.7855555485002546,2.8843589629619495,1,7,5,0,1,12,3.5,1,1
12016139001,3,0.1428571428571428,0.4665694748158434,3.265986323710904,1,3,5,0,1,24,4.1,1,1
12002044001,3,0.5238095238095238,1.29537814368909,2.4729946379518988,1,3,5,0,1,9,5.262,1,1
14602045001,3,0.1428571428571428,0.4665694748158434,3.2659863237109037,1,3,5,0,1,6,0.97,1,1
14853033001,3,0.5238095238095238,1.679542103671276,3.2063985615542543,1,8,5,0,1,24,2.522,1,1
14850012001,3,0.6666666666666666,2.1675822241411513,3.251373336211727,1,10,5,0,1,12,1.29,1,1
11030017001,3,0.1428571428571428,0.4665694748158434,3.2659863237109037,1,3,5,0,1,12,1.85,1,1
35307925001,3,0.3809523809523809,1.2140522651411392,3.1868871959954905,1,6,5,0,1,6,5.492,1,1
12034154001,3,0.1428571428571428,0.4665694748158434,3.265986323710904,1,1,5,0,1,6,0.1,1,1
14633031001,3,0.3809523809523809,1.1328930717495542,2.97384431334258,1,4,5,0,1,12,0.83,1,1
11002007001,3,0.1428571428571428,0.4665694748158434,3.265986323710904,1,1,5,0,1,12,7.66,1,1
12020237001,3,0.1428571428571428,0.4665694748158434,3.2659863237109037,1,3,5,0,1,12,2.042,1,1
12012072001,3,0.6666666666666666,2.0548046676563256,3.0822070014844885,1,9,5,0,1,12,2.8,1,1
12022153001,3,0.2857142857142857,0.9331389496316868,3.265986323710904,1,2,5,0,1,12,0.992,1,1
12001070001,3,0.4285714285714285,1.0942024088643862,2.553138954016901,1,3,5,0,1,6,1.89,1,1
14602116001,3,0.2857142857142857,0.9331389496316868,3.2659863237109037,1,2,5,0,1,6,1.0,1,1
11074060005,3,0.4761904761904761,1.401327520910682,2.9427877939124323,1,5,5,0,1,10,0.63,1,1
12005082006,3,0.1428571428571428,0.4665694748158434,3.265986323710904,1,3,5,0,1,3,0.6,1,1
12016106001,3,0.4761904761904761,1.4998110236212974,3.1496031496047245,1,7,5,0,1,24,3.9,1,1
12011453001,3,0.2857142857142857,0.9331389496316868,3.265986323710904,1,5,5,0,1,6,4.36,1,1
12125030001,3,0.3809523809523809,1.1328930717495542,2.97384431334258,1,5,5,0,1,16,1.63,1,1
12020461001,3,0.2857142857142857,0.8806305718527109,3.0822070014844885,1,4,5,0,1,6,1.0,1,1
31258003001,3,0.1428571428571428,0.4665694748158434,3.2659863237109037,1,3,5,0,1,24,2.0,1,1
11030128001,3,0.8095238095238095,2.647893099896732,3.270926770460669,1,7,5,0,1,12,3.3,1,1
14632014001,3,0.6190476190476191,2.148669366224472,3.470927437747224,1,8,5,0,1,10,0.77,1,1
12100009001,3,0.6666666666666666,2.1894407490614567,3.284161123592185,1,9,5,0,1,24,3.77,1,1
14241044001,3,0.1428571428571428,0.4665694748158434,3.2659863237109037,1,3,5,0,1,8,2.69,1,1
12001006001,3,0.1428571428571428,0.4665694748158434,3.2659863237109037,1,3,5,0,1,9,5.5,1,1
12103072001,3,0.1428571428571428,0.4665694748158434,3.2659863237109037,1,3,5,0,1,48,2.9,1,1
12020217001,3,0.3809523809523809,1.290115922299435,3.386554296036017,1,6,5,0,1,12,1.78,1,1
14615083001,3,0.1428571428571428,0.4665694748158434,3.265986323710904,1,3,5,0,1,12,7.48,1,1
14631925001,3,0.5238095238095238,1.4998110236212974,2.8632755905497493,1,5,5,0,1,6,2.82,1,1
14822053001,3,0.2857142857142857,0.9331389496316868,3.265986323710904,1,3,5,0,1,12,6.0,1,1
41512006001,3,0.0952380952380952,0.2935435239509036,3.0822070014844885,1,1,5,0,1,1,0.676,1,1
11050140002,3,0.0952380952380952,0.2935435239509036,3.0822070014844885,1,1,5,0,1,12,3.76,1,1
11076886001,3,0.0952380952380952,0.2935435239509036,3.082207001484488,1,1,5,0,1,12,1.94,1,1
12011395001,3,0.0952380952380952,0.2935435239509036,3.082207001484488,1,1,5,0,1,12,3.59,1,1
32470093001,3,0.3333333333333333,0.890870806374748,2.672612419124244,1,3,5,0,1,12,2.2,1,1
14632071001,3,0.0952380952380952,0.2935435239509036,3.082207001484488,1,1,5,0,1,6,2.82,1,1
12020914001,3,0.238095238095238,0.6834619092574916,2.870540018881465,1,3,5,0,1,12,3.56,1,1
41420037001,3,0.0952380952380952,0.2935435239509036,3.082207001484488,1,1,5,0,1,1,0.385,1,1
12102046001,3,0.0952380952380952,0.2935435239509036,3.082207001484488,1,1,5,0,1,24,3.7,1,1
12016045001,3,0.0952380952380952,0.2935435239509036,3.0822070014844885,1,1,5,0,1,6,0.52,1,1
12003015001,3,0.1904761904761904,0.5870870479018073,3.0822070014844885,1,2,5,0,1,8,2.93,1,1
12102101001,3,0.4285714285714285,1.1368891796488876,2.652741419180738,1,4,5,0,1,12,3.0,1,1
14310062001,3,0.4285714285714285,1.2177820811947069,2.8414915227876496,1,4,5,0,1,8,0.6,1,1
12324139001,3,0.0952380952380952,0.2935435239509036,3.082207001484488,1,1,5,0,1,6,0.654,1,1
12020458001,3,0.0952380952380952,0.2935435239509036,3.0822070014844885,1,1,5,0,1,12,2.45,1,1
12003120001,3,0.0952380952380952,0.2935435239509036,3.0822070014844885,1,1,5,0,1,6,1.076,1,1
31532003001,3,0.3333333333333333,0.9428090415820632,2.82842712474619,1,2,5,0,1,20,0.23,1,1
14204101001,3,0.0952380952380952,0.2935435239509036,3.082207001484488,1,1,5,0,1,12,0.76,1,1
14631082001,3,0.238095238095238,0.6834619092574916,2.870540018881465,1,3,5,0,1,12,9.942,1,1
12020420001,3,0.1904761904761904,0.5870870479018072,3.082207001484488,1,2,5,0,1,12,2.736,1,1
14616194001,3,0.0952380952380952,0.2935435239509036,3.082207001484488,1,1,5,0,1,12,6.3,1,1
12005003002,3,0.7619047619047619,1.7431433540688692,2.287875652215391,1,6,5,0,1,12,1.73,1,1
12020025001,3,0.1904761904761904,0.5870870479018072,3.082207001484488,1,2,5,0,1,12,1.634,1,1
12020323001,3,0.0952380952380952,0.2935435239509036,3.082207001484488,1,1,5,0,1,6,0.79,1,1
32430039001,3,0.0952380952380952,0.2935435239509036,3.082207001484488,1,1,5,0,1,24,1.5,1,1
14110271001,3,0.0952380952380952,0.2935435239509036,3.082207001484488,1,1,5,0,1,1,1.1,1,1
14632450001,3,0.238095238095238,0.6834619092574916,2.870540018881465,1,3,5,0,1,6,2.6,1,1
11051012001,3,0.5238095238095238,1.6218463205644191,3.0962520665320725,1,6,5,0,1,12,12.61,1,1
14616195001,3,0.0952380952380952,0.2935435239509036,3.082207001484488,1,1,5,0,1,12,6.3,1,1
12010072001,3,0.0952380952380952,0.2935435239509036,3.082207001484488,1,1,5,0,1,18,1.5,1,1
11112007001,3,1.1428571428571428,2.4743582965269675,2.165063509461097,1,5,5,0,1,12,3.66,1,1
12105061001,3,0.0952380952380952,0.2935435239509036,3.082207001484488,1,1,5,0,1,24,2.6,1,1
12011389001,3,0.0952380952380952,0.2935435239509036,3.082207001484488,1,1,5,0,1,12,3.5,1,1
12020045001,3,0.0952380952380952,0.2935435239509036,3.082207001484488,1,1,5,0,1,3,0.5,1,1
12000497001,3,0.0952380952380952,0.2935435239509036,3.0822070014844885,1,1,5,0,1,6,4.9,1,1
12034036001,3,0.1904761904761904,0.5870870479018072,3.082207001484488,1,2,5,0,1,24,0.42,1,1
11051037001,3,0.8095238095238095,2.259773431943747,2.791484827695217,1,10,5,0,1,12,7.87,1,1
12001064001,3,0.0952380952380952,0.2935435239509036,3.0822070014844885,1,1,5,0,1,6,1.77,1,1
14820004001,3,2.857142857142857,8.2015429110899,2.870540018881465,1,12,5,0,1,12,7.82,1,1
30000049001,3,0.4761904761904761,1.005652956282994,2.111871208194288,1,4,5,0,1,12,1.2,1,1
61062008002,3,0.8095238095238095,1.892819706128742,2.3381890487472696,1,7,5,0,1,12,1.0,1,1
11030024001,3,0.4285714285714285,1.178030178747903,2.7487370837451075,1,3,5,0,1,12,2.5,1,1
11076883001,3,0.1904761904761904,0.4994327848429293,2.622022120425379,1,1,5,0,1,12,1.72,1,1
12012098001,3,0.1904761904761904,0.4994327848429292,2.622022120425379,1,2,5,0,1,12,5.95,1,1
11076938001,3,0.2857142857142857,0.6998542122237651,2.449489742783178,1,3,5,0,1,12,1.1,1,1
61062008003,3,0.7142857142857143,1.7766436291597745,2.487301080823684,1,7,5,0,1,12,2.0,1,1
12102136001,3,0.4285714285714285,1.0033955955097846,2.341256389522831,1,3,5,0,1,10,1.52,1,1
30001041001,3,0.1904761904761904,0.4994327848429292,2.622022120425379,1,2,5,0,1,12,1.5,1,1
12020260001,3,0.1904761904761904,0.4994327848429293,2.622022120425379,1,1,5,0,1,6,1.28,1,1
12005082003,3,0.238095238095238,0.6098213559459855,2.561249694973139,1,2,5,0,1,3,0.6,1,1
11073900001,3,0.1904761904761904,0.4994327848429292,2.622022120425379,1,2,5,0,1,12,1.82,1,1
14602025001,3,0.1904761904761904,0.4994327848429292,2.622022120425379,1,1,5,0,1,6,0.97,1,1
14602051001,3,0.3333333333333333,0.7126966450997985,2.1380899352993956,1,1,5,0,1,6,0.828,1,1
11051009001,3,0.4761904761904761,1.051939144494025,2.2090722034374526,1,2,5,0,1,12,4.07,1,1
12017019001,3,0.1904761904761904,0.4994327848429292,2.6220221204253784,1,2,5,0,1,8,2.5,1,1
12102042001,3,0.4285714285714285,1.0033955955097846,2.341256389522831,1,3,5,0,1,10,1.64,1,1
12016061001,3,0.1428571428571428,0.3499271061118825,2.449489742783178,1,1,5,0,1,6,0.86,1,1
12000325001,3,0.1904761904761904,0.4994327848429292,2.6220221204253784,1,1,5,0,1,12,3.52,1,1
11041031001,3,0.3333333333333333,0.7766431633476233,2.32992949004287,1,2,5,0,1,12,1.6,1,1
35300010001,3,0.4285714285714285,1.178030178747903,2.7487370837451075,1,5,5,0,1,6,5.48,1,1
12010153001,3,0.1904761904761904,0.4994327848429292,2.6220221204253784,1,2,5,0,1,12,3.69,1,1
12102030001,3,0.1428571428571428,0.3499271061118825,2.449489742783178,1,1,5,0,1,12,2.12,1,1
12004170001,3,0.238095238095238,0.6098213559459856,2.5612496949731396,1,3,5,0,1,3,0.8,1,1
12023015001,3,0.5238095238095238,1.2580804584402767,2.4017899661132556,1,5,5,0,1,6,1.19,1,1
12016026001,3,0.4761904761904761,1.1799534946060826,2.4779023386727737,1,3,5,0,1,18,1.54,1,1
12100091001,3,0.3809523809523809,0.7853534524986019,2.0615528128088303,1,2,5,0,1,12,2.5,1,1
11074019001,3,0.2857142857142857,0.628138378965377,2.1984843263788196,1,3,5,0,1,10,0.61,1,1
12000042001,3,0.1428571428571428,0.3499271061118825,2.449489742783178,1,1,5,0,1,6,5.31,1,1
12005056002,3,0.238095238095238,0.5259695722470124,2.209072203437452,1,2,5,0,1,12,2.0,1,1
12002071001,3,0.2857142857142857,0.6281383789653772,2.19848432637882,1,1,5,0,1,8,3.8,1,1
14850042001,0,0.8095238095238095,1.401327520910682,1.731051643477901,2,2,1,4,2,2,31.0,2,2
31709974001,0,2.8095238095238093,2.9377517743213675,1.0456404620465884,1,3,1,4,1,12,0.7,1,1
31546020001,0,0.8571428571428571,1.6120296076010243,1.880701208867862,1,3,1,4,1,12,3.044,1,1
14103070001,0,1.0952380952380951,1.7702505043277244,1.616315677864444,1,3,1,4,1,12,5.17,1,1
10023051001,0,0.7142857142857143,1.1605769149479943,1.624807680927192,1,3,1,4,1,4,14.54,1,1
31253002001,0,0.5714285714285714,1.0033955955097846,1.7559422921421233,1,3,1,4,1,70,17.6,1,1
31253001001,0,0.4285714285714285,0.659828879073858,1.539600717839002,1,1,1,4,1,70,24.65,1,1
31611044001,0,0.3333333333333333,0.4714045207910316,1.414213562373095,1,1,1,4,1,12,2.6,1,1
12210003001,0,10.238095238095235,11.799534946060826,1.1525127156617552,10,10,2,3,10,10,2.0000000000000004,2,4
14851007001,0,5.190476190476191,8.180226144382722,1.5760068718535518,4,4,2,3,4,4,28.24,1,2
14501031001,0,44.142857142857146,47.835318406746595,1.0836479897968485,2,19,2,3,2,24,6.48,1,2
14352069001,0,1.238095238095238,1.8232561637215856,1.4726299783905112,1,2,2,3,1,12,4.5,1,1
31532099001,0,2.1904761904761907,2.3015325663989663,1.050699649877789,1,3,2,3,1,24,1.2,1,1
14311065001,0,1.5238095238095235,2.3425474049997796,1.5372967345311055,1,5,2,3,1,20,10.898,1,1
14330039001,0,1.6666666666666667,2.3970881806958513,1.4382529084175106,1,4,2,3,1,12,12.92,1,1
14370072001,0,2.6666666666666665,3.821410028140739,1.4330287605527772,1,5,2,3,1,30,10.2,1,1
31500025001,0,2.4761904761904763,3.080183167389758,1.2439201252920176,1,4,2,3,1,30,15.12,1,1
14332014001,0,1.6666666666666667,1.8601928556785343,1.1161157134071205,1,3,2,3,1,6,12.36,1,1
11032222002,0,1.2857142857142858,2.141269252944487,1.6654316411790453,1,5,2,3,1,12,10.87,1,1
14010219001,0,3.238095238095238,4.241571607932067,1.3098971142143148,1,4,2,3,1,10,1.5,1,1
14740038001,0,2.857142857142857,3.795808644453264,1.3285330255586425,1,6,2,3,1,12,12.84,1,1
12102080001,0,1.6666666666666667,2.1675822241411513,1.3005493344846908,1,2,2,3,1,24,11.336,1,1
11072012002,0,1.9523809523809523,3.7477128323716182,1.9195602312147315,1,7,2,3,1,24,10.78,1,1
12000223001,0,0.9523809523809524,1.3964645998681122,1.4662878298615178,1,2,2,3,1,12,11.2,1,1
14351034001,0,2.5714285714285716,5.6448158143761695,2.195206150035177,1,6,2,3,1,9,4.3,1,1
14022107001,0,1.761904761904762,3.264597428762402,1.852879621730012,1,3,2,3,1,12,1.7,1,1
12011237001,0,1.6666666666666667,2.1894407490614567,1.313664449436874,1,3,2,3,1,6,12.55,1,1
10020010001,0,4.761904761904762,6.718168414685104,1.410815367083872,1,13,2,3,1,24,13.9,1,1
14104030001,0,2.1904761904761907,4.349264279535405,1.9855336928313805,1,8,2,3,1,10,4.25,1,1
14001096001,0,1.0476190476190477,1.0900498230723423,1.0405021038417814,1,2,2,3,1,12,3.2,1,1
14361137001,0,1.0952380952380951,1.376841170933425,1.2571158517218226,1,3,2,3,1,12,3.798,1,1
14311113001,0,1.619047619047619,3.3448779673973226,2.0659540386865816,1,5,2,3,1,20,8.48,1,1
14120014001,0,1.1904761904761905,1.789361355052946,1.5030635382444748,1,2,2,3,1,12,6.71,1,1
31500022004,0,1.9523809523809523,2.319199173692557,1.1878825035986265,1,3,2,3,1,20,6.24,1,1
14506190001,0,2.0952380952380953,2.58023184459887,1.2314742894676425,1,3,2,3,1,12,13.39,1,1
14721944001,0,1.238095238095238,2.6709149833105066,2.1572774865200244,1,6,2,3,1,20,7.45,1,1
31502034003,0,0.7619047619047619,1.3768411709334247,1.80710403685012,1,4,2,3,1,30,15.0,1,1
14312070001,0,1.9523809523809523,2.4971639242146466,1.2790351806953069,1,5,2,3,1,24,5.5,1,1
31500030001,0,1.0952380952380951,1.659166799065176,1.5148914252334214,1,3,2,3,1,20,7.0,1,1
14353045001,0,1.2857142857142858,1.200906686944618,0.9340385342902584,1,2,2,3,1,12,11.17,1,1
11032018002,0,1.238095238095238,1.63021359701178,1.316710982201822,1,4,2,3,1,12,5.62,1,1
14000072001,0,0.9047619047619048,1.3058389715049608,1.443295705347588,1,3,2,3,1,12,3.1,1,1
14204077001,0,0.9047619047619048,0.9712418121129114,1.0734777923353231,1,2,2,3,1,36,4.73,1,1
14511005001,0,2.0,2.878491668515698,1.439245834257849,1,5,2,3,1,6,16.33,1,1
14361055001,0,1.3333333333333333,1.699673171197595,1.2747548783981963,1,3,2,3,1,12,3.5,1,1
14243016001,0,1.1904761904761905,1.4998110236212971,1.2598412598418895,1,3,2,3,1,24,11.06,1,1
12106064001,0,1.0476190476190477,1.8892223261787973,1.803348584079761,1,3,2,3,1,36,7.7,1,1
12011347001,0,1.238095238095238,2.13596776114341,1.7252047301542928,1,6,2,3,1,12,14.69,1,1
14010285001,0,1.2857142857142858,1.9794866372215736,1.5396007178390017,1,3,2,3,1,10,3.75,1,1
11061011001,0,0.9047619047619048,0.920908552657796,1.0178462950428273,1,2,2,3,1,30,1.4,1,1
14311032001,0,1.4285714285714286,2.216205005375256,1.5513435037626793,1,4,2,3,1,20,10.85,1,1
14311003001,0,2.142857142857143,3.226168511610347,1.505545305418162,1,7,2,3,1,20,10.9,1,1
10023892001,0,1.1428571428571428,1.1664236870396087,1.0206207261596578,1,3,2,3,1,4,9.38,1,1
11071033001,0,1.0,1.1126972805283737,1.1126972805283737,1,2,2,3,1,24,6.9,1,1
12011238001,0,0.8095238095238095,1.4349065879351774,1.7725316674493368,1,4,2,3,1,6,12.5,1,1
14506045001,0,1.380952380952381,1.430157849302972,1.0356315460469798,1,2,2,3,1,12,4.57,1,1
14512013001,0,1.0952380952380951,1.0190921218587,0.9304754156101172,1,2,2,3,1,12,15.29,1,1
14104139001,0,0.7619047619047619,1.1507662831994832,1.5103807466993218,1,2,2,3,1,15,4.4,1,1
14210021001,0,0.5714285714285714,0.9035079029052512,1.5811388300841895,1,2,2,3,1,12,4.892,1,1
14361899001,0,0.8571428571428571,1.081696827771481,1.261979632400061,1,3,2,3,1,12,4.806,1,1
31762009001,0,0.6666666666666666,1.0389249632986397,1.558387444947959,1,2,2,3,1,18,2.2,1,1
14311051001,0,1.3333333333333333,2.232515841853532,1.674386881390149,1,4,2,3,1,20,13.51,1,1
14120008001,0,0.6190476190476191,1.0454523047666735,1.688807569238473,1,2,2,3,1,12,5.91,1,1
14352058001,0,0.5238095238095238,1.005652956282994,1.919882916540261,1,2,2,3,1,12,4.6,1,1
12120034001,0,2.142857142857143,3.719776161797582,1.7358955421722049,1,5,2,3,1,36,2.2,1,1
31476039001,0,0.8095238095238095,1.4349065879351774,1.7725316674493368,1,2,2,3,1,50,6.0,1,1
14311172001,0,1.5238095238095235,2.838830202055025,1.8629823200986104,1,6,2,3,1,20,3.02,1,1
10023008001,0,0.6190476190476191,0.9988655696858588,1.6135520741079254,1,2,2,3,1,4,13.54,1,1
12010054001,0,0.8095238095238095,1.1799534946060826,1.4575896109839843,1,2,2,3,1,24,9.2,1,1
14730010001,0,0.5238095238095238,0.5870870479018073,1.1208025459943594,1,1,2,3,1,12,1.7,1,1
14740061001,0,0.7142857142857143,1.27775312999988,1.7888543819998317,1,4,2,3,1,12,13.21,1,1
10033033001,0,2.6666666666666665,4.979322322731356,1.8672458710242583,1,7,2,3,1,24,17.76,1,1
12000089001,0,0.7619047619047619,0.920908552657796,1.2086924753633574,1,2,2,3,1,12,11.1,1,1
11073009001,0,1.619047619047619,2.9996220472425943,1.8527077350616024,1,6,2,3,1,48,3.92,1,1
14220146001,0,0.7142857142857143,1.1605769149479943,1.624807680927192,1,2,2,3,1,10,2.7,1,1
11030020001,0,1.0476190476190477,1.7036708399998397,1.626231256363483,1,4,2,3,1,24,6.5,1,1
14353025001,0,2.1904761904761907,3.2895078169848655,1.5017318294930906,1,7,2,3,1,24,14.108,1,1
14241003001,0,0.6190476190476191,0.7221786137191952,1.166596222161777,1,2,2,3,1,24,8.678,1,1
10014214001,0,1.1904761904761905,2.10710922760358,1.7699717511870072,1,5,2,3,1,6,8.0,1,1
12102053001,0,1.619047619047619,2.902809648405366,1.7929118416621377,1,4,2,3,1,48,9.36,1,1
31567004001,0,1.5238095238095235,2.1738499448596813,1.4265890263141658,1,5,2,3,1,24,2.0,1,1
31531047001,0,0.3333333333333333,0.4714045207910316,1.414213562373095,1,1,2,3,1,24,4.138,1,1
14310020001,0,1.1428571428571428,2.1444438569900384,1.8763883748662835,1,6,2,3,1,10,10.1,1,1
14601028001,0,0.4285714285714285,0.7911070345636262,1.8459164139817943,1,2,2,3,1,12,8.8,1,1
11071021001,0,0.4761904761904761,0.8518354199999199,1.7888543819998317,1,2,2,3,1,24,3.95,1,1
10000013001,0,66.28571428571429,83.43639885002962,1.258738775754757,2,34,3,0,2,48,14.06,1,1
10021022001,0,16.571428571428573,22.366155189463917,1.3496817786745463,2,22,3,0,2,24,26.24,1,1
15021047001,0,25.428571428571427,37.85256036955244,1.4885838347576803,2,30,3,0,2,48,13.56,1,1
10014029001,0,16.571428571428573,22.44267072760627,1.3542990956314127,2,25,3,0,2,48,25.84,1,2
10014111001,0,12.285714285714286,17.515008141707547,1.4256401975808468,2,30,3,0,2,48,17.42,1,1
11032008001,0,17.428571428571427,33.324624712739045,1.9120686310587975,2,47,3,0,2,72,24.4,1,2
10014067001,0,7.428571428571429,13.720236804049108,1.846954954391226,2,26,3,0,2,48,13.5,1,1
14010088001,0,12.142857142857142,20.95411248256468,1.7256327926817971,2,21,3,0,2,30,4.86,1,2
10020030001,0,8.0,14.182484166846692,1.772810520855837,2,25,3,0,2,48,26.936,1,2
12327084001,0,1.0,1.1952286093343938,1.1952286093343938,2,2,3,0,2,2,14.4,1,1
14502016001,0,19.285714285714285,26.56016146168446,1.3771935572725276,1,9,3,0,1,30,3.63,1,1
14805018001,0,5.714285714285714,5.993193418115151,1.0488088481701514,1,13,3,0,1,24,9.5,1,1
14105026001,0,2.1904761904761907,3.445066142416366,1.5727475867552974,1,2,3,0,1,9,2.71,1,1
11071902001,0,1.9523809523809523,3.4568936024536256,1.7706040402811254,1,3,3,0,1,12,1.42,1,1
14700075001,0,1.3333333333333333,2.3771398046378445,1.7828548534783837,1,5,3,0,1,12,7.74,1,1
12010013001,0,1.8571428571428572,2.932343679683934,1.5789542890605797,1,5,3,0,1,12,7.43,1,1
14203059001,0,1.619047619047619,2.5350155531821263,1.5657449004948427,1,3,3,0,1,20,2.88,1,1
11041017001,0,1.1428571428571428,1.2453996981544782,1.0897247358851685,1,3,3,0,1,24,9.2,1,1
12150016001,0,1.3333333333333333,1.7817416127494958,1.336306209562122,1,3,3,0,1,12,9.75,1,1
14111041001,0,1.5714285714285714,2.700466072144348,1.7184784095464032,1,3,3,0,1,10,5.0,1,1
14010226001,0,1.4285714285714286,3.230382972599358,2.2612680808195504,1,3,3,0,1,10,1.1,1,1
10035010001,0,31.047619047619047,49.69859267000109,1.6007215430521822,1,23,3,0,1,24,13.26,1,1
12000108001,0,1.0476190476190477,1.1328930717495542,1.0813979321245744,1,2,3,0,1,12,12.1,1,1
10020016001,0,17.904761904761905,22.20661583510807,1.2402631184501849,1,22,3,0,1,24,13.124,1,1
14131024001,0,2.4285714285714284,3.331972511340172,1.371988681140071,1,4,3,0,1,24,5.3,1,1
14121039001,0,1.1904761904761905,1.2580804584402767,1.0567875850898325,1,2,3,0,1,12,5.86,1,1
10014030001,0,10.095238095238097,17.176686198240755,1.7014641988823391,1,22,3,0,1,24,13.78,1,1
14001039001,0,3.0,3.651483716701107,1.2171612389003692,1,4,3,0,1,12,4.97,1,1
14805059001,0,8.571428571428571,11.499778169998915,1.3416407864998736,1,17,3,0,1,24,10.1,1,1
14200060001,0,1.1904761904761905,2.822006169529344,2.370485182404649,1,5,3,0,1,10,3.48,1,1
31530107001,0,1.7142857142857142,2.864276807966203,1.6708281379802852,1,5,3,0,1,12,1.02,1,1
14633897001,0,1.5714285714285714,2.4798507745317218,1.5780868565201869,1,4,3,0,1,24,7.466,1,1
10031023001,0,10.285714285714286,14.105530347865614,1.3713710060424902,1,21,3,0,1,24,15.0,1,1
14110145001,0,0.9047619047619048,0.920908552657796,1.017846295042827,1,2,3,0,1,12,3.5,1,1
31623006001,0,0.8095238095238095,1.7353206817417712,2.1436314303868937,1,3,3,0,1,12,5.2,1,1
10053909001,0,11.428571428571429,19.05523657203779,1.6673332000533063,1,24,3,0,1,24,10.66,1,1
14210046001,0,1.0952380952380951,1.2688488185213551,1.158514138649933,1,2,3,0,1,12,4.78,1,1
14506281001,0,11.047619047619047,15.113778609430378,1.368057546543267,1,8,3,0,1,24,2.8,1,1
14361083001,0,1.4761904761904765,2.1518330528942866,1.4576933584122589,1,4,3,0,1,12,7.4,1,1
14832037001,0,2.380952380952381,3.154380030796037,1.3248396129343356,1,4,3,0,1,30,17.0,1,1
14503047001,0,1.1904761904761905,2.061415316372701,1.731588865753069,1,3,3,0,1,12,1.454,1,1
11050045001,0,1.4285714285714286,1.9166296949998196,1.3416407864998736,1,3,3,0,1,4,13.97,1,1
12123073001,0,3.5238095238095237,5.482604938904478,1.5558743745539736,1,14,3,0,1,24,2.5,1,1
14633900001,0,3.5238095238095237,4.604542763288981,1.3066945679603863,1,4,3,0,1,12,8.94,1,1
12102057001,0,2.0952380952380953,2.5053231310411253,1.195722403451446,1,4,3,0,1,48,9.34,1,1
12105011001,0,0.6666666666666666,1.3213749452868202,1.9820624179302304,1,3,3,0,1,12,14.59,1,1
12123128001,0,1.619047619047619,3.2436926411288383,2.003457219520753,1,8,3,0,1,24,2.9,1,1
11010022001,0,0.9047619047619048,1.7969487870584009,1.986101290959285,1,5,3,0,1,6,12.06,1,1
11050064001,0,1.1904761904761905,2.061415316372701,1.731588865753069,1,3,3,0,1,4,12.3,1,1
11101039001,0,1.4761904761904765,2.259773431943747,1.5308142603489898,1,4,3,0,1,6,12.31,1,1
31912019001,0,0.9047619047619048,0.9712418121129114,1.0734777923353231,1,3,3,0,1,12,5.0,1,1
10032048001,0,10.666666666666666,16.66857131974033,1.562678561225656,1,19,3,0,1,24,15.46,1,1
14241023001,0,1.380952380952381,1.9389783877621265,1.4040877980346431,1,3,3,0,1,24,5.15,1,1
14822026001,0,2.5714285714285716,3.619674131234265,1.407651051035547,1,6,3,0,1,30,17.0,1,1
14226012001,0,2.2857142857142856,4.153516664258386,1.817163540613044,1,9,3,0,1,60,5.0,1,1
10033048001,0,6.476190476190476,9.194299722778796,1.4197080454290787,1,15,3,0,1,24,16.28,1,1
31502032004,0,1.2857142857142858,2.0963200669576323,1.6304711631892694,1,4,3,0,1,20,7.61,1,1
11103224001,0,0.7142857142857143,1.350233036072174,1.8903262505010432,1,4,3,0,1,4,11.3,1,1
12212025001,0,1.6666666666666667,2.513455851504123,1.508073510902474,1,3,3,0,1,12,7.65,1,1
12100046001,0,1.8095238095238095,3.318333598130351,1.8338159358088784,1,4,3,0,1,72,12.9,1,1
31564007001,0,1.380952380952381,2.10387828898805,1.523498071336174,1,4,3,0,1,12,2.0,1,1
11010023001,0,1.380952380952381,2.21415770239289,1.6033555775948511,1,5,3,0,1,6,12.5,1,1
14303033001,0,0.6190476190476191,1.0900498230723423,1.760849714193784,1,2,3,0,1,12,4.4,1,1
12011062001,0,0.5714285714285714,0.9547589359887344,1.6708281379802854,1,2,3,0,1,12,10.892,1,1
11022034001,0,0.7619047619047619,1.0647942749998998,1.3975424859373684,1,3,3,0,1,18,11.3,1,1
11022017001,0,0.6666666666666666,0.890870806374748,1.336306209562122,1,2,3,0,1,4,16.578,1,1
12000170001,0,0.7619047619047619,1.2688488185213551,1.6653640743092786,1,2,3,0,1,12,10.8,1,1
10010009001,0,8.761904761904763,13.04170877609424,1.488455892923799,1,19,3,0,1,24,15.9,1,1
14601027001,0,0.8571428571428571,1.124858267715973,1.3123346456686351,1,3,3,0,1,12,6.89,1,1
11103067001,0,0.8571428571428571,1.081696827771481,1.261979632400061,1,3,3,0,1,4,11.3,1,1
11030066001,0,1.0952380952380951,1.7969487870584009,1.6406923707924526,1,4,3,0,1,24,8.9,1,1
11010020001,0,0.7142857142857143,1.350233036072174,1.8903262505010432,1,4,3,0,1,6,12.02,1,1
11041002001,0,1.0476190476190477,1.557659736552012,1.4868570212541932,1,3,3,0,1,24,10.78,1,1
12011262001,0,0.4761904761904761,0.9060141709733548,1.9026297590440449,1,3,3,0,1,4,16.818,1,1
11101038001,0,2.761904761904762,4.638398347385112,1.6794200912946096,1,6,3,0,1,6,12.67,1,1
12011221001,0,0.5238095238095238,0.9060141709733548,1.7296634173127678,1,2,3,0,1,12,12.1,1,1
12003161001,0,0.5714285714285714,1.0033955955097846,1.7559422921421233,1,3,3,0,1,24,15.2,1,1
14312005001,0,1.761904761904762,3.053565627025028,1.7331048153385296,1,7,3,0,1,12,2.34,1,1
14304135001,0,0.3333333333333333,0.5634361698190111,1.6903085094570334,1,1,3,0,1,12,18.5,1,1
12103048001,0,1.7142857142857142,2.7105237087157534,1.5811388300841895,1,6,3,0,1,72,2.0,1,1
12000208001,0,0.4761904761904761,0.7315376902732008,1.5362291495737217,1,1,3,0,1,12,10.8,1,1
12100002001,0,0.9523809523809524,1.8120283419467096,1.9026297590440449,1,2,3,0,1,48,9.35,1,1
10040048001,0,131.85714285714286,334.9809213777329,2.540483694088982,5,40,4,0,5,40,85.0,2,5
14510180001,0,1.6666666666666667,3.6296836190780017,2.177810171446801,5,5,4,0,5,5,10.0,1,1
12221001001,0,1.5238095238095235,2.442072648563445,1.602610175619761,5,5,4,0,5,5,5.0,1,2
15020920001,0,212.57142857142856,380.69367406011327,1.7908976602290274,4,75,4,0,4,96,21.04,2,2
10002919001,0,6.190476190476191,13.211175095058358,2.1341128999709653,4,21,4,0,4,24,53.84,2,4
14511026001,0,1.9047619047619049,2.616882221720778,1.3738631664034089,4,4,4,0,4,4,4.0,1,1
14510118001,0,1.761904761904762,2.3885592769494197,1.3556687788091302,3,3,4,0,3,3,7.5,1,1
12220021001,0,0.8571428571428571,1.1664236870396083,1.3608276348795434,3,3,4,0,3,3,3.0,2,3
10035011001,0,6.095238095238095,9.206130265595863,1.5103807466993218,3,17,4,0,3,24,52.62,2,3
10016014001,0,58.857142857142854,85.9691449157837,1.4606408116759368,2,45,4,0,2,48,20.18,1,2
10010019001,0,23.428571428571427,27.333167412803192,1.1666595846928192,2,23,4,0,2,36,10.2,1,1
12212019001,0,3.9047619047619047,4.341436693349135,1.1118313482967297,2,5,4,0,2,6,16.0,1,2
15021057001,0,18.857142857142858,19.620896815302164,1.0405021038417814,2,28,4,0,2,48,10.64,1,1
14615070001,0,31.285714285714285,43.66009713265253,1.3955282188519071,2,11,4,0,2,12,26.26,1,2
10020012001,0,13.428571428571429,22.135021655138928,1.648352676446516,2,27,4,0,2,48,14.46,1,1
15022021001,0,12.857142857142858,26.52992149807228,2.063438338738955,2,26,4,0,2,48,10.84,1,1
10014086001,0,18.095238095238095,41.11992306124074,2.2724168007527776,2,28,4,0,2,48,18.744,2,2
10020046001,0,10.857142857142858,18.200695209866268,1.6763798219613668,2,32,4,0,2,48,13.62,1,1
10011007001,0,4.809523809523809,7.895864183343965,1.6417143351507255,2,15,4,0,2,24,26.56,2,2
10035024001,0,10.857142857142858,12.229105462304396,1.1263649767911943,2,21,4,0,2,24,25.46,1,2
14010038001,0,14.285714285714286,12.657175104763825,0.8860022573334676,2,16,4,0,2,30,3.88,1,2
10020003001,0,13.428571428571429,21.022825301882467,1.565529543757205,2,39,4,0,2,48,14.04,1,1
10030020001,0,6.428571428571429,11.41666045980267,1.7759249604137488,2,17,4,0,2,24,24.96,1,2
10303003001,0,16.047619047619047,21.506314001941696,1.340156065402895,2,41,4,0,2,48,17.504,1,1
31567019001,0,2.5238095238095237,2.905152198603742,1.1510980409561995,1,4,4,0,1,12,5.16,1,1
14210056001,0,1.6666666666666667,3.028960741674143,1.8173764450044856,1,7,4,0,1,20,1.17,1,1
14200090001,0,1.380952380952381,1.7586843154875609,1.2735300215599576,1,4,4,0,1,24,3.344,1,1
11031912001,0,2.047619047619047,2.7512108239341497,1.343614588432957,1,6,4,0,1,24,8.35,1,1
10014037001,0,3.5714285714285716,4.304719763805532,1.205321533865549,1,7,4,0,1,24,10.08,1,1
14101021001,0,2.4285714285714284,3.824375810525954,1.574742980804805,1,7,4,0,1,48,2.0,1,1
14612075001,0,5.428571428571429,7.448690703558506,1.3721272348660405,1,4,4,0,1,6,11.7,1,1
10032059001,0,9.333333333333334,13.54123625689617,1.4508467418103037,1,20,4,0,1,24,15.8,1,1
14833011001,0,5.857142857142857,9.046365827992894,1.544501482828055,1,9,4,0,1,48,10.2,1,1
14610008001,0,2.3333333333333335,5.312459150169742,2.2767682072156035,1,3,4,0,1,6,12.1,1,1
12005093004,0,2.0952380952380953,3.97497842946842,1.897148795882655,1,5,4,0,1,12,3.17,1,1
10034049001,0,1.4285714285714286,2.4798507745317213,1.7358955421722049,1,5,4,0,1,8,12.89,1,1
14621095001,0,1.6666666666666667,2.100642380963121,1.2603854285778726,1,5,4,0,1,12,10.862,1,1
14226059001,0,1.7142857142857142,3.466064835252922,2.0218711538975382,1,6,4,0,1,60,5.08,1,1
14200092001,0,1.7142857142857142,2.6029810226126564,1.5184055965240495,1,4,4,0,1,24,3.35,1,1
11040031001,0,3.380952380952381,7.054051118910935,2.0864094858750653,1,10,4,0,1,12,10.25,1,1
12005093001,0,2.1904761904761907,2.888714454876782,1.318760946791574,1,5,4,0,1,12,3.188,1,1
14370076001,0,3.4285714285714284,4.716449719776907,1.3756311682682647,1,7,4,0,1,40,21.34,1,1
14244009001,0,1.5238095238095235,2.259773431943747,1.482976314713084,1,4,4,0,1,10,2.0,1,1
14841001001,0,15.142857142857142,18.82573141382045,1.2432086782711618,1,16,4,0,1,24,5.68,1,1
11103317001,0,8.285714285714286,14.700640922674594,1.7742152837710716,1,6,4,0,1,6,9.72,1,1
14244919001,0,2.5714285714285716,3.048363004434137,1.1854745017243866,1,4,4,0,1,12,4.0,1,1
14633934001,0,2.047619047619047,2.733847637029966,1.3351348925030069,1,4,4,0,1,72,8.88,1,1
14242145001,0,1.1428571428571428,1.8331787195162057,1.6040313795766798,1,2,4,0,1,12,2.8,1,1
12120007001,0,2.3333333333333335,2.817180849095055,1.207363221040738,1,5,4,0,1,12,1.83,1,1
14244906001,0,1.5714285714285714,2.2375885951372823,1.4239200150873614,1,4,4,0,1,12,2.09,1,1
14242083001,0,1.238095238095238,1.7431433540688694,1.4079234782863943,1,3,4,0,1,10,1.91,1,1
14833002001,0,1.4761904761904765,1.7625481450782616,1.1939842273110803,1,3,4,0,1,12,4.0,1,1
14243010001,0,1.0476190476190477,1.98748921473421,1.897148795882655,1,4,4,0,1,12,1.93,1,1
14523031001,0,1.8095238095238095,2.718876652118133,1.5025370972231789,1,3,4,0,1,12,6.396,1,1
14620163001,0,2.4285714285714284,3.934843478116876,1.6202296674598904,1,8,4,0,1,12,10.302,1,1
11110090001,0,1.761904761904762,3.0222155528804633,1.715311530013236,1,4,4,0,1,6,12.03,1,1
10020025001,0,16.857142857142858,20.166652611452907,1.196326849831952,1,24,4,0,1,24,6.42,1,1
14820031001,0,1.4761904761904765,1.990909043844464,1.3486803200236692,1,3,4,0,1,12,7.43,1,1
12121038001,0,1.619047619047619,2.6632631341161073,1.6449566416599486,1,4,4,0,1,24,3.0,1,1
11103054001,0,1.9523809523809523,3.1543800307960375,1.615658064554068,1,5,4,0,1,6,13.14,1,1
12010036001,0,9.714285714285714,10.713333291001527,1.102843132897216,1,14,4,0,1,144,12.14,1,1
14810030001,0,6.285714285714286,9.056136341850031,1.4407489634761417,1,9,4,0,1,24,10.55,1,1
14202018001,0,2.0952380952380953,3.962980623154891,1.8914225701421072,1,5,4,0,1,24,7.67,1,1
12123079001,0,2.5238095238095237,3.580623085163326,1.4187374488382989,1,5,4,0,1,12,1.49,1,1
14200088001,0,1.0476190476190477,1.0900498230723428,1.0405021038417817,1,2,4,0,1,24,2.994,1,1
14223119001,0,0.9523809523809524,1.3265131692556305,1.392838827718412,1,2,4,0,1,12,1.11,1,1
14810025001,0,3.857142857142857,6.7491496062958385,1.7497795275581802,1,9,4,0,1,24,10.72,1,1
14022027001,0,2.761904761904762,3.914621698012306,1.4173630285906629,1,6,4,0,1,15,2.0,1,1
14226016001,0,2.5714285714285716,5.534062733664667,2.152135507536259,1,9,4,0,1,60,5.0,1,1
14820015001,0,4.857142857142857,9.280218153663837,1.9106331492837312,1,15,4,0,1,24,3.82,1,1
14131044001,0,1.4285714285714286,1.529750324210382,1.0708252269472671,1,2,4,0,1,10,2.0,1,1
14204010001,0,21.19047619047619,60.53147079756199,2.856541318536633,1,23,4,0,1,30,1.62,1,1
14210024001,0,1.761904761904762,2.3685390696087407,1.3443059584265826,1,4,4,0,1,25,5.622,1,1
30045077001,0,3.5714285714285716,4.370588154508102,1.2237646832622684,1,5,4,0,1,20,1.5,1,1
31503001001,0,1.8571428571428572,2.0067911910195693,1.0805798720874604,1,4,4,0,1,24,20.0,1,1
14226063001,0,1.7142857142857142,3.7688302737922625,2.19848432637882,1,8,4,0,1,60,5.0,1,1
11103027001,0,1.8571428571428572,2.782354506284103,1.4981908879991324,1,4,4,0,1,6,10.76,1,1
14110154001,0,11.095238095238097,17.85631744124074,1.6093676663779208,1,4,4,0,1,10,2.276,1,1
14741039001,0,2.1904761904761907,2.985983886969692,1.3631665570948592,1,4,4,0,1,12,7.4,1,1
14202041001,0,2.1904761904761907,3.2163132934796725,1.4683169383276764,1,3,4,0,1,12,2.04,1,1
12010080001,0,10.857142857142858,11.945454263066784,1.1002392084403616,1,15,4,0,1,144,12.14,1,1
14506042001,0,1.6666666666666667,2.817180849095055,1.690308509457033,1,5,4,0,1,24,7.49,1,1
14210081001,0,1.5714285714285714,2.498979383505129,1.590259607685082,1,4,4,0,1,20,1.03,1,1
14810018001,0,4.571428571428571,5.122977450583173,1.1206513173150692,1,11,4,0,1,24,10.6,1,1
14111018001,0,1.8571428571428572,3.151503258623676,1.6969632931050562,1,6,4,0,1,24,5.1,1,1
11050047001,0,1.619047619047619,2.277763951066933,1.4068542050707529,1,3,4,0,1,8,7.37,1,1
11021036001,0,0.6666666666666666,1.32137494528682,1.98206241793023,1,4,4,0,1,12,14.1,1,1
14342025001,0,0.8095238095238095,1.005652956282994,1.2422771812907574,1,2,4,0,1,12,6.12,1,1
14203068001,0,0.8571428571428571,1.8070158058105024,2.1081851067789197,1,4,4,0,1,20,1.94,1,1
12101003001,0,0.8095238095238095,1.366923818514983,1.6885529522832143,1,2,4,0,1,48,6.15,1,1
11031907001,0,0.7142857142857143,0.982846068597633,1.3759844960366865,1,2,4,0,1,12,5.44,1,1
11030029001,0,0.9523809523809524,2.0581126461880292,2.1610182784974308,1,4,4,0,1,12,4.33,1,1
12005093008,0,1.1428571428571428,2.1884048177287725,1.914854215512676,1,3,4,0,1,12,3.17,1,1
14832056001,0,5.0,8.847921466972585,1.769584293394517,1,6,4,0,1,24,3.65,1,1
14612005001,0,1.380952380952381,1.5879363810031493,1.1498849655540049,1,3,4,0,1,12,17.662,1,1
12023025001,0,1.761904761904762,3.022215552880463,1.7153115300132358,1,7,4,0,1,12,3.56,1,1
14632022001,0,0.6666666666666666,0.9428090415820636,1.4142135623730954,1,2,4,0,1,12,10.526,1,1
14822965001,0,1.3333333333333333,1.754811978351265,1.3161089837634488,1,3,4,0,1,12,4.73,1,1
11110082001,0,1.4761904761904765,2.2807485742529616,1.5450232277197482,1,4,4,0,1,6,11.54,1,1
10034015001,0,6.571428571428571,9.240549502169271,1.4061705764170631,1,18,4,0,1,24,9.0,1,1
11103111001,0,1.1428571428571428,1.4891900734392274,1.303041314259324,1,3,4,0,1,6,10.57,1,1
12000438001,0,0.6190476190476191,1.1328930717495542,1.8300580389800492,1,2,4,0,1,12,7.5,1,1
10052024001,0,0.8095238095238095,1.762548145078262,2.1772653556849115,1,4,4,0,1,12,12.72,1,1
12120015001,0,2.857142857142857,5.540205551332947,1.9390719429665313,1,13,4,0,1,24,1.6,1,1
14222089001,0,1.1428571428571428,1.2453996981544782,1.0897247358851685,1,2,4,0,1,12,3.9,1,1
11103005001,0,1.9047619047619049,3.20572051042035,1.683003267970684,1,5,4,0,1,6,10.58,1,1
14104005001,0,1.4761904761904765,2.0381842437173994,1.380705455421464,1,3,4,0,1,10,1.806,1,1
11103054002,0,0.9523809523809524,2.0581126461880292,2.1610182784974308,1,5,4,0,1,6,13.3,1,1
14503999001,0,1.0476190476190477,1.361938061530961,1.3000317860068265,1,3,4,0,1,12,2.17,1,1
14310025001,0,2.4285714285714284,4.348742878792714,1.7906588324440589,1,6,4,0,1,6,3.06,1,1
14832013001,0,2.857142857142857,3.398679215248663,1.189537725337032,1,5,4,0,1,24,7.49,1,1
12000016001,0,1.0952380952380951,1.1086139739831251,1.0122127588541578,1,2,4,0,1,12,10.068,1,1
14631043001,0,1.0952380952380951,2.0448486241508466,1.8670357003116425,1,5,4,0,1,24,10.2,1,1
12010059001,0,8.571428571428571,9.178501945262292,1.0708252269472676,1,10,4,0,1,144,16.51,1,1
14304187001,0,0.8095238095238095,0.9571310115353228,1.1823383083671637,1,2,4,0,1,12,3.0,1,1
14833084001,0,0.9047619047619048,0.9712418121129116,1.0734777923353231,1,2,4,0,1,12,4.214,1,1
14822926001,0,0.6190476190476191,1.0900498230723428,1.7608497141937844,1,3,4,0,1,12,8.238,1,1
14242150001,0,1.0476190476190477,1.6754868653103985,1.5993283714326527,1,3,4,0,1,12,2.78,1,1
14612015001,0,1.0,1.0690449676496978,1.0690449676496978,1,2,4,0,1,6,9.23,1,1
14822018001,0,0.6666666666666666,1.3213749452868198,1.9820624179302295,1,3,4,0,1,12,7.53,1,1
14101016001,0,1.4285714285714286,1.8662778992633735,1.3063945294843615,1,4,4,0,1,48,2.0,1,1
11050895001,0,1.761904761904762,2.7063375692157754,1.5360294311765212,1,3,4,0,1,12,13.7,1,1
14631028001,0,1.0476190476190477,1.8892223261787973,1.803348584079761,1,4,4,0,1,12,5.77,1,1
14101017001,0,1.238095238095238,1.7431433540688692,1.4079234782863943,1,4,4,0,1,48,2.0,1,1
10034040001,0,3.8095238095238098,7.034737261950243,1.8466185312619388,1,16,4,0,1,24,14.3,1,1
30045077002,0,2.142857142857143,3.655207821408665,1.70576364999071,1,5,4,0,1,20,1.5,1,1
14810022001,0,1.8571428571428572,2.849991049037143,1.534610564866154,1,8,4,0,1,24,10.48,1,1
11040040001,0,1.1428571428571428,1.4568627181693672,1.2747548783981963,1,3,4,0,1,12,7.31,1,1
12010113001,0,0.5714285714285714,0.659828879073858,1.1547005383792517,1,2,4,0,1,12,7.56,1,1
10022010001,0,3.047619047619047,5.777428909753562,1.8957188610128877,1,18,4,0,1,48,11.25,1,1
11040008001,0,1.0476190476190477,1.7586843154875609,1.6787441193290351,1,3,4,0,1,12,7.8,1,1
12100069001,0,0.9047619047619048,1.63021359701178,1.8018150282761776,1,5,4,0,1,24,4.4,1,1
14523029001,0,0.6666666666666666,0.7766431633476233,1.164964745021435,1,2,4,0,1,12,6.41,1,1
11103272001,0,1.0476190476190477,1.6754868653103985,1.5993283714326527,1,3,4,0,1,6,4.636,1,1
12011003001,0,1.8571428571428572,3.398679215248663,1.8300580389800492,1,6,4,0,1,12,10.8,1,1
12122009001,0,2.0,4.0,2.0,1,8,4,0,1,12,1.576,1,1
12102013001,0,2.1904761904761907,2.7536823418668495,1.2571158517218224,1,5,4,0,1,40,8.24,1,1
11102003001,0,1.0952380952380951,1.9494751895674969,1.7799556078659753,1,5,4,0,1,20,15.85,1,1
14620920001,0,0.6666666666666666,1.2084359562332878,1.8126539343499315,1,3,4,0,1,12,10.75,1,1
14203053001,0,0.7142857142857143,0.8247860988423226,1.1547005383792517,1,2,4,0,1,10,2.0,1,1
14506334001,0,0.5238095238095238,0.9571310115353228,1.8272501129310708,1,2,4,0,1,4,3.092,1,1
14312055001,0,2.047619047619047,3.3018925377828032,1.6125521696148577,1,5,4,0,1,12,3.0,1,1
14244025001,0,1.0952380952380951,2.1581465130713635,1.9704815988912447,1,4,4,0,1,12,2.55,1,1
35301005001,0,3.4761904761904763,4.27193552228682,1.2289129584660714,1,7,4,0,1,12,10.51,1,1
10023083001,0,0.5714285714285714,0.659828879073858,1.1547005383792517,1,2,4,0,1,6,13.83,1,1
11042023001,0,0.7619047619047619,1.1507662831994832,1.5103807466993218,1,2,4,0,1,12,6.97,1,1
14244073001,0,1.0476190476190477,1.5879363810031493,1.5157574545939152,1,3,4,0,1,12,5.546,1,1
14360001001,0,0.3333333333333333,0.563436169819011,1.6903085094570331,1,2,4,0,1,12,10.554,1,1
11102007001,0,0.5714285714285714,0.7284313590846836,1.2747548783981963,1,2,4,0,1,12,10.3,1,1
11042002001,0,0.4285714285714285,0.7284313590846835,1.699673171197595,1,2,4,0,1,12,7.43,1,1
12010213001,0,0.3333333333333333,0.563436169819011,1.6903085094570331,1,1,4,0,1,24,15.78,1,1
14300019001,0,0.4285714285714285,0.659828879073858,1.539600717839002,1,2,4,0,1,12,1.152,1,1
12011147001,0,0.6666666666666666,0.9428090415820632,1.414213562373095,1,2,4,0,1,12,7.21,1,1
14342031001,0,0.6666666666666666,1.1268723396380222,1.6903085094570334,1,3,4,0,1,6,7.13,1,1
12122030001,0,1.238095238095238,1.7969487870584009,1.4513817126240929,1,4,4,0,1,12,1.498,1,1
31455002001,0,0.5238095238095238,0.7939681905015746,1.5157574545939152,1,2,4,0,1,24,2.8,1,1
10023078001,0,0.4761904761904761,0.7939681905015746,1.6673332000533068,1,3,4,0,1,4,11.4,1,1
11010060001,0,0.6190476190476191,0.9988655696858586,1.6135520741079254,1,3,4,0,1,6,11.82,1,1
11102004001,0,0.5238095238095238,0.7315376902732008,1.396571954157929,1,2,4,0,1,20,15.73,1,1
10012009001,0,0.4761904761904761,0.7939681905015745,1.6673332000533063,1,2,4,0,1,10,11.27,1,1
12010035001,0,0.3809523809523809,0.4856209060564557,1.2747548783981963,1,1,4,0,1,14,5.06,1,1
14632044001,0,0.3809523809523809,0.5753831415997416,1.5103807466993218,1,1,4,0,1,12,12.0,1,1
12151001001,0,2.5714285714285716,4.370588154508102,1.6996731711975952,1,9,4,0,1,36,6.2,1,1
12201020001,0,38.857142857142854,48.27134190158372,1.2422771812907576,66,66,5,0,66,66,3.3000000000000007,1,5
12201030001,0,73.33333333333333,114.03146321596772,1.55497449839956,41,41,5,0,41,41,8.2,1,5
12201022001,0,7.0,16.826849293401814,2.403835613343116,19,19,5,0,19,19,9.5,1,2
12123009001,0,6.0,15.793307805161389,2.632217967526898,16,16,5,0,16,16,2.4,1,1
12123901001,0,5.0476190476190474,9.16762518179724,1.8162276303560576,11,11,5,0,11,11,4.4,1,1
12123008001,0,4.0,6.023762469230862,1.5059406173077154,10,10,5,0,10,10,1.5,1,1
12124001001,0,3.2857142857142856,4.7922840477749045,1.4585212319314926,8,8,5,0,8,8,3.8,2,3
12123062001,0,1.9047619047619049,2.8769157079987075,1.5103807466993215,7,7,5,0,7,7,0.91,1,2
11103158001,0,2.857142857142857,3.440455593940656,1.2041594578792294,7,7,5,0,7,7,10.5,1,2
12123143001,0,2.0952380952380953,3.1153194731040244,1.4868570212541934,5,5,5,0,5,5,0.875,1,1
12221003001,0,5.809523809523809,8.36443176915573,1.4397792389530355,5,5,5,0,5,5,1.0,1,1
15022005001,0,174.0,298.14857274280456,1.7134975444988767,4,84,5,0,4,96,20.8,1,2
12121082001,0,1.5238095238095235,2.3015325663989663,1.5103807466993218,4,4,5,0,4,4,0.32,1,1
11050093001,0,1.238095238095238,2.201833908894646,1.778404311030291,4,4,5,0,4,4,2.0,1,1
14111030001,0,1.619047619047619,1.7855555485002546,1.102843132897216,3,3,5,0,3,3,0.81,1,2
11103291001,0,0.7619047619047619,1.191428190780648,1.5637495003996007,3,3,5,0,3,3,4.5,1,1
12220016001,0,1.1428571428571428,1.1664236870396083,1.0206207261596576,2,2,5,0,2,2,0.1,1,1
11103031001,0,0.9523809523809524,1.5879363810031493,1.6673332000533068,2,2,5,0,2,2,3.6,1,1
14523104001,0,1.3333333333333333,1.4907119849998598,1.118033988749895,2,2,5,0,2,2,0.4,1,1
11051023001,0,0.4285714285714285,0.7911070345636262,1.8459164139817943,2,2,5,0,2,2,0.9,1,1
11071916001,0,2.142857142857143,2.8666508463414115,1.3377703949593254,1,3,5,0,1,12,0.3,1,1
12125007001,0,1.761904761904762,3.1457418218883326,1.7854210340447294,1,5,5,0,1,12,1.32,1,1
12106030001,0,6.666666666666667,9.508559218551378,1.426283882782707,1,12,5,0,1,48,1.12,1,1
12010192001,0,1.380952380952381,1.8120283419467096,1.3121584545131344,1,2,5,0,1,12,3.5,1,1
14220132001,0,2.1904761904761907,4.136009666782564,1.888178326139866,1,7,5,0,1,15,1.79,1,1
14243020001,0,1.2857142857142858,1.2399253872658609,0.9643864123178916,1,2,5,0,1,6,2.81,1,1
14822062001,0,1.0476190476190477,1.1741740958036146,1.1208025459943594,1,2,5,0,1,12,7.54,1,1
14243133001,0,1.5238095238095235,1.815778663327392,1.1916047478086012,1,3,5,0,1,6,2.82,1,1
12001109001,0,1.1904761904761905,1.401327520910682,1.1771151175649728,1,2,5,0,1,6,5.49,1,1
14342028001,0,0.7619047619047619,1.687623347301843,2.215005643333669,1,4,5,0,1,6,2.82,1,1
14243034001,0,1.5714285714285714,2.718042512920064,1.7296634173127678,1,4,5,0,1,6,2.35,1,1
12102112001,0,0.8095238095238095,0.957131011535323,1.1823383083671637,1,2,5,0,1,12,3.03,1,1
12105045001,0,1.5714285714285714,2.0135594773205687,1.28135603102218,1,3,5,0,1,3,5.188,1,1
14602062001,0,1.1428571428571428,1.6983385238216198,1.4860462083439174,1,3,5,0,1,12,0.5,1,1
14621034001,0,2.142857142857143,4.097452336056944,1.9121444234932403,1,8,5,0,1,12,6.9,1,1
12125001001,0,1.0,1.1952286093343936,1.1952286093343936,1,3,5,0,1,12,1.01,1,1
14620133001,0,2.0952380952380953,3.914621698012306,1.8683421740513275,1,6,5,0,1,12,10.2,1,1
14741010001,0,1.238095238095238,1.8747637795266217,1.5142322834638096,1,4,5,0,1,12,1.526,1,1
14810023001,0,2.857142857142857,3.6421567954234177,1.274754878398196,1,7,5,0,1,24,5.91,1,1
14312056001,0,1.0,1.6903085094570331,1.6903085094570331,1,5,5,0,1,6,2.06,1,1
12010067001,0,0.6190476190476191,1.0454523047666735,1.688807569238473,1,3,5,0,1,8,1.64,1,1
31531169001,0,0.6190476190476191,0.7221786137191952,1.166596222161777,1,1,5,0,1,6,1.2,1,1
12103004001,0,0.7142857142857143,0.8806305718527109,1.2328828005937953,1,2,5,0,1,12,1.08,1,1
14833060001,0,1.4285714285714286,1.761261143705422,1.2328828005937953,1,2,5,0,1,12,4.57,1,1
12010106001,0,3.7142857142857144,6.540298938434055,1.760849714193784,1,19,5,0,1,60,5.96,1,1
11073907001,0,1.380952380952381,1.6176464525202885,1.1713991552733125,1,3,5,0,1,12,3.0,1,1
30045057001,0,1.6666666666666667,3.1672931711077883,1.900375902664673,1,9,5,0,1,12,0.9,1,1
14721018001,0,0.4761904761904761,0.7939681905015746,1.6673332000533068,1,3,5,0,1,6,0.5,1,1
12010055001,0,0.5714285714285714,0.8491692619108099,1.4860462083439174,1,3,5,0,1,8,1.64,1,1
12002005001,0,0.3333333333333333,0.5634361698190111,1.6903085094570334,1,1,5,0,1,6,5.42,1,1
12102026001,0,0.5238095238095238,0.8518354199999199,1.626231256363483,1,2,5,0,1,24,3.912,1,1
31254009001,0,0.5238095238095238,0.9571310115353228,1.8272501129310703,1,3,5,0,1,20,3.0,1,1
11031035001,0,0.5238095238095238,0.7939681905015746,1.5157574545939152,1,2,5,0,1,12,3.88,1,1
14632435001,0,0.4761904761904761,0.6632565846278151,1.3928388277184118,1,2,5,0,1,12,5.06,1,1
14850001001,2,25.142857142857142,18.688641098872033,0.7432982255233195,6,6,1,4,6,6,90.0,3,3
14110086001,2,7.523809523809524,4.425241963995788,0.5881650711639971,1,3,1,4,1,15,8.0,1,1
14001008001,2,11.047619047619047,18.21165558352591,1.6484688243708798,1,9,1,4,1,18,3.21,1,1
14001010001,2,6.523809523809524,8.2382328642509,1.2627948186078022,1,8,1,4,1,18,3.21,1,1
14500024001,2,53.714285714285715,54.12608107983825,1.007666403082095,2,20,2,3,2,24,6.48,1,2
14020014001,2,8.0,6.810356259473683,0.8512945324342104,1,3,2,3,1,10,1.19,1,1
14506090001,2,7.476190476190476,5.0390763289945415,0.6740165790374865,1,3,2,3,1,12,6.4,1,1
14001052001,2,20.714285714285715,14.700640922674594,0.7096861135084287,1,7,2,3,1,12,3.95,1,1
14504052001,2,12.476190476190476,11.307894619495867,0.9063579656847832,1,5,2,3,1,12,2.29,1,1
14131056001,2,8.142857142857142,5.816935163286381,0.7143604586492047,1,3,2,3,1,8,4.18,1,1
14010030001,2,8.619047619047619,9.332361465435314,1.0827601700228815,1,4,2,3,1,10,1.5,1,1
14121136001,2,12.952380952380953,14.072858681658213,1.0865074717456709,1,3,2,3,1,12,3.68,1,1
14840018001,2,23.428571428571427,18.038507563045258,0.7699362984226633,1,7,2,3,1,48,11.8,1,1
14020006001,2,10.761904761904765,5.714682525904837,0.5310103232035468,1,3,2,3,1,6,2.55,1,1
14506070001,2,3.9047619047619047,2.9098316414194643,0.7452007862171799,1,2,2,3,1,12,7.28,1,1
14121094001,2,7.904761904761905,6.109358643797952,0.772870671805765,1,3,2,3,1,8,6.282,1,1
14011078001,2,6.666666666666667,4.794176361391703,0.7191264542087553,1,3,2,3,1,12,2.3,1,1
14504053001,2,8.761904761904763,5.579765841688391,0.6368211014970445,1,3,2,3,1,12,2.18,1,1
14010060001,2,16.857142857142858,17.77715418407439,1.054576943123057,1,5,2,3,1,12,1.83,1,1
14204071001,2,10.285714285714286,6.61990402133601,0.6436017798521121,1,5,2,3,1,24,1.84,1,1
14110106001,2,35.142857142857146,37.31881398907286,1.0619174712337804,1,7,2,3,1,10,5.89,1,1
14000075001,2,14.047619047619047,7.227435759963494,0.5144954269804521,1,3,2,3,1,11,2.62,1,1
14112021001,2,6.571428571428571,4.67588981673342,0.711548450372477,1,2,2,3,1,10,3.03,1,1
14130009001,2,10.095238095238097,7.78829868276006,0.7714824166884966,1,3,2,3,1,8,4.8,1,1
14111008001,2,4.0,3.903600291794133,0.9759000729485332,1,3,2,3,1,10,4.726,1,1
14111011001,2,4.761904761904762,5.041775593358638,1.058772874605314,1,3,2,3,1,6,5.65,1,1
14010149001,2,8.476190476190476,4.136009666782564,0.4879561966428867,1,4,2,3,1,16,2.12,1,1
14244058001,2,5.428571428571429,5.076288750947211,0.9351058225429072,1,3,2,3,1,12,2.82,1,1
14011041001,2,3.380952380952381,4.22550296218648,1.2497966507875506,1,5,2,3,1,10,1.2,1,1
10020008001,2,12.952380952380953,21.76602024229989,1.6804647981187415,1,19,2,3,1,24,13.9,1,1
14204062001,2,4.904761904761905,4.219058368254607,0.8601963663431722,1,3,2,3,1,12,1.59,1,1
14521178001,2,2.6666666666666665,1.8082702424807169,0.6781013409302687,1,2,2,3,1,60,5.13,1,1
31500006001,2,12.047619047619047,9.448991835747249,0.7843036701608388,1,4,2,3,1,24,10.85,1,1
14120005001,2,3.7142857142857144,3.614031611621004,0.9730085108210396,1,3,2,3,1,12,5.88,1,1
14103057001,2,4.714285714285714,3.9296535306243343,0.8335628701324346,1,4,2,3,1,15,4.79,1,1
14120045001,2,4.904761904761905,6.538565168836369,1.333105519859842,1,4,2,3,1,12,3.75,1,1
14010187001,2,9.285714285714286,4.929434016993346,0.5308621249069757,1,3,2,3,1,16,2.21,1,1
14011042001,2,6.428571428571429,5.851914042361155,0.9102977399228463,1,4,2,3,1,10,1.2,1,1
14521180001,2,1.619047619047619,1.430157849302972,0.8833327892753651,1,2,2,3,1,60,4.85,1,1
14203083001,2,2.8095238095238093,2.6298478612350618,0.9360475438294288,1,3,2,3,1,20,3.8,1,1
14506159001,2,2.3333333333333335,1.6426846010152705,0.7040076861494016,1,2,2,3,1,6,3.2,1,1
14311231001,2,2.7142857142857144,3.238795442501324,1.1932404261846985,1,4,2,3,1,18,8.36,1,1
12122020001,2,11.238095238095235,11.815666605158723,1.051394062323446,1,15,2,3,1,48,5.2,1,1
14121015001,2,4.761904761904762,4.946424989970624,1.0387492478938312,1,3,2,3,1,20,4.05,1,1
14223080001,2,3.1904761904761907,2.362787853343862,0.7405752973167329,1,3,2,3,1,10,3.87,1,1
12102086001,2,2.142857142857143,1.858973456756489,0.8675209464863616,1,2,2,3,1,24,10.93,1,1
14332016001,2,1.8095238095238095,1.7076591501943912,0.9437063724758478,1,3,2,3,1,6,11.5,1,1
14000015001,2,3.857142857142857,4.632038677831304,1.2008989164747823,1,4,2,3,1,5,3.46,1,1
14331028001,2,3.2857142857142856,3.0259647362509052,0.9209457892937538,1,3,2,3,1,6,11.8,1,1
14243166001,2,2.619047619047619,2.535015553182127,0.967915029396812,1,3,2,3,1,24,11.06,1,1
11072001001,2,5.9523809523809526,7.101148065973226,1.192992875083502,1,8,2,3,1,12,10.45,1,1
10021006001,2,759.047619047619,306.23216779033714,0.4034426300876462,5,112,3,0,5,120,80.19999999999999,2,5
10040005001,2,417.1428571428572,158.73016507936498,0.3805175190258749,4,82,3,0,4,96,62.72,2,4
10021016001,2,299.8095238095238,145.76419935655994,0.4861893561765817,3,63,3,0,3,72,48.81,1,3
10040040001,2,12.761904761904765,9.571310115353228,0.7499907179940961,3,5,3,0,3,6,37.8,1,3
14505115001,2,145.52380952380952,179.15133774007649,1.2310792187636146,3,53,3,0,3,72,11.25,1,3
10040020001,2,138.61904761904762,79.35602488032812,0.5724756174808968,2,48,3,0,2,48,30.3,1,2
10002014001,2,130.57142857142858,68.73314264573666,0.5264026242014842,2,33,3,0,2,48,19.06,2,2
10031012001,2,46.857142857142854,89.20510647047153,1.903767516138112,2,43,3,0,2,48,34.0,1,2
14502054001,2,27.047619047619047,24.351544764681847,0.9003211972857725,2,9,3,0,2,16,4.78,1,2
11103137001,2,23.0,45.04389393638588,1.958430171147212,2,11,3,0,2,12,24.72,2,2
10030003001,2,160.95238095238096,84.10338093565119,0.5225357987126257,2,44,3,0,2,48,30.716,1,2
14805899001,2,57.142857142857146,67.69559717995713,1.1846729506492495,2,38,3,0,2,48,19.48,1,2
10034016001,2,40.95238095238095,46.90667146221738,1.1453954659378665,2,28,3,0,2,48,30.868,2,2
10033020001,2,30.095238095238095,24.723046433304106,0.8214936314863704,2,16,3,0,2,16,35.02,1,2
10002046001,2,126.57142857142856,106.1735198932889,0.8388427079605217,2,29,3,0,2,48,17.64,1,1
10031004001,2,97.71428571428572,72.25954730601866,0.7394982911434659,2,30,3,0,2,48,29.7,1,2
10014020001,2,68.28571428571429,54.34733344940876,0.7958814521879943,2,30,3,0,2,48,17.84,1,1
10014113001,2,71.71428571428571,42.28378373971444,0.589614514298807,2,30,3,0,2,48,17.4,1,1
10020036001,2,28.952380952380953,29.287533818814595,1.0115760036103725,2,31,3,0,2,48,32.34,2,2
10041002001,2,71.28571428571429,49.34923442947732,0.6922738296720264,2,42,3,0,2,48,27.36,1,2
10035017001,2,86.0952380952381,54.042227547323066,0.6277028642111638,1,23,3,0,1,24,14.6,1,1
14505106001,2,19.047619047619047,13.740715273806806,0.7213875518748574,1,10,3,0,1,24,3.1,1,1
14503002001,2,30.714285714285715,15.062229194223535,0.490398159811929,1,8,3,0,1,30,3.13,1,1
14805005001,2,36.57142857142857,16.447814816713432,0.4497449363945079,1,15,3,0,1,24,9.93,1,1
10031007001,2,46.285714285714285,28.299659861901517,0.6114124044237982,1,20,3,0,1,24,15.89,1,1
10030015001,2,37.904761904761905,35.490984451325986,0.9363199415550826,1,21,3,0,1,24,15.56,1,1
14133030001,2,9.952380952380953,4.980688329521097,0.5004519374159954,1,5,3,0,1,12,2.65,1,1
10001022001,2,55.23809523809524,35.790268379233986,0.6479272723826842,1,20,3,0,1,24,13.81,1,1
14504002001,2,56.666666666666664,68.7357488837008,1.212983803830014,1,21,3,0,1,30,4.05,1,1
10024011001,2,46.095238095238095,45.83397031097263,0.99433200054796,1,21,3,0,1,24,13.3,1,1
14105130001,2,6.809523809523809,6.381663073428935,0.937167304489564,1,3,3,0,1,9,2.29,1,1
14805017001,2,43.42857142857143,35.56425630504049,0.8189137964976427,1,17,3,0,1,24,8.17,1,1
14023295001,2,6.333333333333333,5.462716342742852,0.8625341593804504,1,4,3,0,1,6,1.24,1,1
14504055001,2,93.57142857142856,58.10792211260783,0.6210006943332135,1,15,3,0,1,30,3.13,1,1
10032020001,2,49.142857142857146,34.8524587016615,0.709207008464042,1,17,3,0,1,24,12.47,1,1
14505021001,2,70.42857142857143,36.3954097427153,0.5167705237302376,1,18,3,0,1,30,3.79,1,1
14222142001,2,10.666666666666666,7.357104330304426,0.68972853096604,1,4,3,0,1,10,8.53,1,1
14503005001,2,91.23809523809524,62.97535781248073,0.690230957234914,1,16,3,0,1,24,3.17,1,1
14804004001,2,86.85714285714286,46.97546037614767,0.5408358924885422,1,19,3,0,1,24,9.8,1,1
14370004001,2,42.095238095238095,17.031916151756192,0.4046043429715837,1,12,3,0,1,20,20.92,1,1
14000014001,2,12.714285714285714,9.186651066799548,0.7225455895235599,1,3,3,0,1,5,2.92,1,1
14502047001,2,32.38095238095238,42.47181271482825,1.3116295103108726,1,22,3,0,1,30,3.09,1,1
10002906001,2,35.904761904761905,26.579449207637957,0.7402764368175028,1,15,3,0,1,24,13.2,1,1
14121022001,2,3.857142857142857,2.3761857047380284,0.6160481456728222,1,2,3,0,1,12,5.85,1,1
11050025001,2,6.428571428571429,5.287644435234784,0.8225224677031887,1,5,3,0,1,12,13.48,1,1
14851072001,2,6.190476190476191,5.341829966621013,0.8629109946080098,1,5,3,0,1,6,9.78,1,1
14501928001,2,30.714285714285715,25.55506259999759,0.8320252939534101,1,22,3,0,1,30,3.06,1,1
14110019001,2,2.5714285714285716,3.7868372099182936,1.4726589149682252,1,3,3,0,1,10,3.07,1,1
14503048001,2,3.952380952380953,3.0779738307032973,0.7787644631899908,1,4,3,0,1,12,1.454,1,1
12120052001,2,20.952380952380953,18.263875848179993,0.871684983663136,1,12,3,0,1,36,4.0,1,1
14223018001,2,3.4761904761904763,3.2895078169848655,0.9462967692696188,1,3,3,0,1,24,4.96,1,1
14010194001,2,3.9047619047619047,4.888321962593843,1.251887331883789,1,4,3,0,1,6,1.13,1,1
14500064001,2,35.0,37.25715016067705,1.0644900045907728,1,9,3,0,1,30,3.98,1,1
12010234001,2,2.9047619047619047,2.467015970854975,0.8493005801304013,1,2,3,0,1,4,16.72,1,1
14110010001,2,1.8571428571428572,2.3761857047380284,1.2794846102435538,1,3,3,0,1,10,2.61,1,1
10034007001,2,12.38095238095238,11.83407586057834,0.955829204123635,1,11,3,0,1,24,14.5,1,1
14000100001,2,2.6666666666666665,2.8840007485193753,1.0815002806947658,1,3,3,0,1,12,1.2,1,1
10030021001,2,14.476190476190476,25.671216135362204,1.773340588298047,1,24,3,0,1,24,15.762,1,1
14361093001,2,1.6666666666666667,2.0079208230769536,1.2047524938461722,1,5,3,0,1,12,7.4,1,1
14805006001,2,17.142857142857142,18.909019551742052,1.1030261405182864,1,19,3,0,1,24,9.63,1,1
14131074001,2,2.8095238095238093,3.7368059651073233,1.3300495808009118,1,4,3,0,1,24,5.61,1,1
14506225001,2,5.523809523809524,6.230638946208048,1.1279604988824914,1,7,3,0,1,16,3.7,1,1
12200001001,2,376.8571428571428,309.89741554789595,0.8223206629398301,119,119,4,0,119,119,119.0,9,30
12201024001,2,269.5238095238095,150.75922748277074,0.5593540242293614,39,39,4,0,39,39,39.0,4,10
14510258001,2,32.0,15.04279609267221,0.4700873778960066,9,9,4,0,9,9,27.0,1,2
12201108001,2,6.333333333333333,5.392528635006501,0.8514518897378687,8,8,4,0,8,8,1.6,3,8
14510039001,2,70.95238095238095,23.204014821898284,0.3270364505099758,7,7,4,0,7,7,21.0,2,2
14500014001,2,16.38095238095238,20.273079007055237,1.2376007533376745,7,7,4,0,7,7,8.75,2,4
14510109001,2,10.523809523809524,8.80270005990612,0.8364556618010341,5,5,4,0,5,5,14.0,1,1
12220003001,2,13.857142857142858,11.989224186686954,0.8652017454310172,5,5,4,0,5,5,5.0,2,5
12220002001,2,17.476190476190474,7.901892766739634,0.4521519021840118,5,5,4,0,5,5,5.0,3,5
15021001001,2,358.2857142857143,296.7662448487574,0.8282949417628795,4,88,4,0,4,96,21.08,1,2
15020010001,2,387.7142857142857,382.0462628252965,0.9853809284366528,4,77,4,0,4,96,21.04,1,2
14510153001,2,6.571428571428571,4.894811914003376,0.7448626825657312,4,4,4,0,4,4,24.0,1,1
14510111001,2,7.571428571428571,6.608590574983073,0.8728327174505945,4,4,4,0,4,4,6.0,1,1
14510100001,2,8.095238095238095,7.633914067562571,0.9430129142283176,4,4,4,0,4,4,6.0,1,1
14510103001,2,6.476190476190476,4.170406484916441,0.6439598248768034,4,4,4,0,4,4,24.0,1,1
15022004001,2,330.57142857142856,490.6703452982481,1.4843096011615111,3,66,4,0,3,72,15.75,1,1
10033006001,2,47.095238095238095,84.55423999501022,1.7953883113197318,3,20,4,0,3,24,51.69,1,3
10034014001,2,206.0,138.7042073725853,0.6733213950125501,3,56,4,0,3,72,23.61,1,2
15023012001,2,176.04761904761904,168.0556813027771,0.9546035454039272,3,51,4,0,3,72,20.25,1,1
10014028001,2,280.57142857142856,139.03222354430454,0.4955323649746089,3,64,4,0,3,72,19.89,1,1
10033041001,2,308.2857142857143,128.09116651344664,0.4154949794226721,3,55,4,0,3,72,47.286,2,2
10015007001,2,344.0,189.1696139900456,0.5499116685757139,3,68,4,0,3,72,21.78,1,1
10002040001,2,23.47619047619047,29.286140144019445,1.2474826430515382,3,14,4,0,3,18,39.3,1,3
10034999001,2,272.57142857142856,141.50906800106702,0.5191632473833696,3,63,4,0,3,72,19.740000000000002,1,2
10033057001,2,292.95238095238096,158.03992147569977,0.5394730739580128,3,57,4,0,3,72,51.54,2,3
10001001001,2,43.142857142857146,51.60683390910984,1.1961848919330094,3,15,4,0,3,18,40.019999999999996,1,3
15020046001,2,201.0952380952381,174.90130679952455,0.8697436520933023,3,63,4,0,3,72,15.690000000000001,1,2
14510159001,2,2.8095238095238093,1.8674925286788169,0.6647007305466975,3,3,4,0,3,3,7.5,1,1
10040013001,2,118.85714285714286,70.83870727913937,0.5959987391273744,3,50,4,0,3,72,22.29,1,2
14510127001,2,3.5714285714285716,4.675889816733419,1.3092491486853572,3,3,4,0,3,3,6.6000000000000005,1,1
10020041001,2,144.85714285714286,90.4519265710143,0.62442158382357,2,35,4,0,2,60,12.34,1,1
14620907001,2,23.0,12.18898800440088,0.5299560001913426,2,9,4,0,2,12,24.44,1,1
14615894001,2,16.19047619047619,23.382164647071633,1.4441925223191303,2,9,4,0,2,12,24.14,1,2
10014033001,2,164.57142857142858,130.11078482020855,0.7906037272061283,2,37,4,0,2,48,15.86,1,1
10034027001,2,118.57142857142856,74.06340361542966,0.6246311148289249,2,32,4,0,2,48,16.0,1,1
10033056001,2,92.1904761904762,97.59372493860602,1.0586096196852923,2,41,4,0,2,48,29.1,1,2
10012011001,2,164.57142857142858,173.6851479322423,1.0553785030605,2,44,4,0,2,48,15.76,1,1
10011003001,2,129.42857142857142,54.44487944664019,0.4206558014641074,2,36,4,0,2,48,10.88,1,1
10033044001,2,27.952380952380953,18.7171329471059,0.6696078226392229,2,11,4,0,2,16,35.34,1,2
10032049001,2,142.85714285714286,105.48856210364173,0.738419934725492,2,29,4,0,2,48,13.38,1,1
10035002001,2,36.095238095238095,22.75941408967321,0.6305378573656166,2,14,4,0,2,16,34.6,1,2
10034039001,2,95.42857142857144,65.54138745394206,0.6868109463736444,2,32,4,0,2,48,15.8,1,1
10021021001,2,56.76190476190476,44.99513705142639,0.7926995621476126,2,33,4,0,2,48,19.34,2,2
10041006001,2,34.476190476190474,50.57349112465094,1.4669106541680523,2,31,4,0,2,48,25.7,1,1
15022013001,2,54.0,49.75367897380627,0.9213644254408568,2,31,4,0,2,48,10.7,1,1
10020011001,2,125.71428571428572,77.29297562930704,0.614830487960397,2,40,4,0,2,48,15.94,1,1
10015011001,2,104.0,87.42670399499555,0.8406413845672649,2,36,4,0,2,48,13.3,1,1
10014009001,2,104.57142857142856,61.95587633344313,0.5924742272323796,2,32,4,0,2,48,24.16,1,2
10002917001,2,9.904761904761903,10.433027967103236,1.0533345543709998,2,9,4,0,2,12,26.4,1,2
10024014001,2,19.80952380952381,36.12625881493569,1.823681334407811,2,32,4,0,2,48,32.16,1,1
15022017001,2,88.28571428571429,69.87685961893308,0.7914854649393714,2,45,4,0,2,48,10.6,1,1
10040041001,2,146.28571428571428,113.5174175253853,0.7759979713649386,2,48,4,0,2,48,17.6,1,1
15024014001,2,40.285714285714285,30.093731125621904,0.7470075102104728,2,29,4,0,2,48,13.18,1,1
10040022001,2,89.52380952380952,84.31664753863376,0.9418348927187814,2,38,4,0,2,40,36.64,1,2
14831013001,2,27.428571428571427,36.45293303056165,1.3290131834058936,1,17,4,0,1,48,7.45,1,1
14831021001,2,39.714285714285715,24.788904693801364,0.6241810534410415,1,8,4,0,1,24,3.82,1,1
14241042001,2,5.571428571428571,5.038626311013828,0.904368825053764,1,4,4,0,1,10,1.54,1,1
14620006001,2,14.857142857142858,6.475490158213172,0.4358502991105019,1,4,4,0,1,6,11.95,1,1
14222114001,2,7.857142857142857,4.015276949301485,0.5110352480929162,1,4,4,0,1,10,2.9,1,1
14833009001,2,33.42857142857143,21.117745705294148,0.6317274356284573,1,8,4,0,1,24,5.5,1,1
10052020001,2,7.714285714285714,5.556145093436613,0.720241030630672,1,4,4,0,1,12,12.34,1,1
14833020001,2,12.714285714285714,18.92628018477622,1.4885838347576803,1,13,4,0,1,24,5.21,1,1
14833018001,2,10.19047619047619,7.718987397315097,0.7574707259047525,1,4,4,0,1,12,4.89,1,1
14121115001,2,17.61904761904762,17.01952993161005,0.9659733204427324,1,4,4,0,1,10,3.1,1,1
14104126001,2,17.047619047619047,21.067863567135767,1.235824399189528,1,11,4,0,1,30,4.46,1,1
14833024001,2,60.857142857142854,43.08937081869519,0.7080413045325501,1,14,4,0,1,24,5.08,1,1
14504027001,2,75.47619047619048,49.83077940353451,0.6602185283749051,1,20,4,0,1,30,2.95,1,1
14204086001,2,6.095238095238095,5.032321833761107,0.8256153008514316,1,6,4,0,1,20,1.95,1,1
14831011001,2,32.42857142857143,23.61511103907316,0.7282192831432251,1,7,4,0,1,48,7.71,1,1
14010094001,2,8.761904761904763,5.344376322513599,0.6099559933303564,1,3,4,0,1,6,2.57,1,1
14001031001,2,9.857142857142858,8.509298635334531,0.8632621803962567,1,5,4,0,1,10,3.22,1,1
14223045001,2,13.714285714285714,9.646824580648076,0.7034142923389223,1,4,4,0,1,12,5.1,1,1
14831009001,2,30.714285714285715,46.08598883985174,1.5004740552509868,1,21,4,0,1,24,3.97,1,1
14001046001,2,18.952380952380953,15.740382371092789,0.8305226879219813,1,7,4,0,1,12,2.52,1,1
14001034001,2,10.142857142857142,8.779227183071,0.8655576095985494,1,4,4,0,1,10,3.08,1,1
14023132001,2,4.523809523809524,3.911144609215442,0.8645688083528872,1,3,4,0,1,16,2.92,1,1
14833072001,2,4.095238095238095,7.79441046308957,1.9032862758707092,1,7,4,0,1,8,2.448,1,1
14621029001,2,12.761904761904765,11.049260961731942,0.8658002992401894,1,8,4,0,1,12,8.97,1,1
14841003001,2,4.0,3.039423504234847,0.7598558760587117,1,3,4,0,1,12,7.64,1,1
14612018002,2,17.61904761904762,9.245210808980742,0.5247281810502583,1,6,4,0,1,12,17.58,1,1
31533005001,2,6.571428571428571,4.614381541095483,0.7021884953840952,1,4,4,0,1,12,12.38,1,1
12000179001,2,10.80952380952381,10.144757255510978,0.9385017725362578,1,8,4,0,1,12,10.6,1,1
14204006001,2,5.333333333333333,6.010572695424632,1.1269823803921186,1,4,4,0,1,6,1.98,1,1
31567018001,2,6.380952380952381,9.105080687784472,1.4269156301751784,1,5,4,0,1,12,3.1,1,1
10020002001,2,35.857142857142854,29.32784426069519,0.8179080072703838,1,23,4,0,1,24,9.6,1,1
12104003001,2,20.38095238095238,43.58950964938609,2.138737622983897,1,33,4,0,1,96,1.56,1,1
14613915001,2,7.523809523809524,6.0758620600901265,0.807551286467675,1,4,4,0,1,6,12.09,1,1
11074015001,2,4.9523809523809526,4.434455895932501,0.8954189789863705,1,4,4,0,1,24,1.96,1,1
14243044001,2,4.666666666666667,4.4756838619082595,0.9590751132660555,1,5,4,0,1,12,2.55,1,1
14023129001,2,4.523809523809524,4.953296618646036,1.094939252542808,1,3,4,0,1,16,3.12,1,1
15021005001,2,20.0,18.361450300639575,0.9180725150319788,1,18,4,0,1,24,6.31,1,1
14132071001,2,3.857142857142857,3.5628468323828355,0.9237010306177722,1,4,4,0,1,10,3.3,1,1
14023014001,2,8.380952380952381,9.146824536032735,1.0913824730493606,1,6,4,0,1,12,1.41,1,1
14810005001,2,13.571428571428571,11.549361675090136,0.8510055971119048,1,7,4,0,1,24,10.28,1,1
11074003001,2,4.619047619047619,3.683634210631185,0.797487818796442,1,4,4,0,1,24,2.02,1,1
14104108001,2,5.714285714285714,4.967924325998086,0.8693867570496651,1,4,4,0,1,6,2.13,1,1
15022009001,2,21.428571428571427,17.22835820763581,0.8039900496896712,1,18,4,0,1,24,6.4,1,1
14504009001,2,39.285714285714285,45.96286581593456,1.1699638571328796,1,22,4,0,1,30,3.04,1,1
14506039001,2,8.142857142857142,8.735726939990057,1.0728085715777265,1,4,4,0,1,4,9.42,1,1
10052035001,2,4.190476190476191,2.6116779430099215,0.6232413273091858,1,4,4,0,1,12,12.55,1,1
14121053001,2,3.047619047619047,3.618420998383404,1.1872943900945545,1,4,4,0,1,10,2.57,1,1
14202021001,2,3.047619047619047,2.886358563941284,0.9470864037932338,1,3,4,0,1,12,2.16,1,1
14811008001,2,6.380952380952381,4.685094809999559,0.7342312761939608,1,6,4,0,1,24,11.7,1,1
14615041001,2,4.0476190476190474,3.8849672484516455,0.9598154378527596,1,6,4,0,1,10,6.628,1,1
14820029001,2,3.142857142857143,2.6238052026582688,0.834847109936722,1,3,4,0,1,12,7.65,1,1
14021035001,2,4.0476190476190474,5.084768950841985,1.2562370349139025,1,7,4,0,1,15,2.0,1,1
14104060001,2,2.1904761904761907,1.9178124348192636,0.8755230680696637,1,3,4,0,1,12,2.13,1,1
14502023001,2,22.571428571428573,24.52320849933876,1.0864712626289323,1,8,4,0,1,12,3.14,1,1
11101028001,2,9.333333333333334,7.661488934822833,0.8208738144453035,1,6,4,0,1,6,11.2,1,1
12121089001,2,4.857142857142857,7.62380803664362,1.5696075369560396,1,9,4,0,1,24,3.24,1,1
12212061001,2,13.714285714285714,10.859022393702794,0.7918037162074955,1,6,4,0,1,12,6.26,1,1
11071898001,2,4.9523809523809526,4.990239907165362,1.0076445966391596,1,4,4,0,1,12,1.93,1,1
14220071001,2,2.047619047619047,1.731396091685509,0.8455655331487368,1,3,4,0,1,12,3.0,1,1
14242056001,2,2.4761904761904763,2.6836195816391184,1.0837694464311824,1,3,4,0,1,10,2.97,1,1
14600898001,2,2.4761904761904763,1.679542103671276,0.678276618790323,1,3,4,0,1,12,5.73,1,1
14613906001,2,7.714285714285714,5.766428763131659,0.7475000248504002,1,4,4,0,1,6,9.05,1,1
14832005001,2,6.428571428571429,10.02649551163805,1.559677079588141,1,12,4,0,1,24,7.3,1,1
10020020001,2,21.0,16.945290116809957,0.8069185769909504,1,17,4,0,1,24,9.6,1,1
12120001001,2,16.38095238095238,12.5222704105856,0.7644409262276094,1,11,4,0,1,24,1.96,1,1
11101029001,2,4.904761904761905,5.528323278955743,1.1271338724084523,1,5,4,0,1,6,10.45,1,1
14303934001,2,2.8095238095238093,2.0381842437174,0.7254554087807695,1,3,4,0,1,12,5.96,1,1
12102152001,2,2.4285714285714284,2.216205005375256,0.9125550022133408,1,3,4,0,1,12,4.73,1,1
12212005001,2,12.714285714285714,8.327480938165527,0.6549704108669516,1,6,4,0,1,12,7.8,1,1
14830007001,2,8.857142857142858,10.37068080736088,1.1708833169600992,1,14,4,0,1,24,5.87,1,1
15022015001,2,25.714285714285715,22.612981642753574,0.8793937305515278,1,23,4,0,1,24,6.29,1,1
14210120001,2,3.7142857142857144,4.0135823820391385,1.0805798720874604,1,3,4,0,1,20,2.5,1,1
14830045001,2,12.428571428571429,7.979565739296538,0.6420340250008708,1,8,4,0,1,24,5.39,1,1
11042008001,2,2.0,1.927248223318863,0.9636241116594316,1,3,4,0,1,10,9.2,1,1
14020977001,2,1.9523809523809523,2.55373098624608,1.3080085539309192,1,3,4,0,1,20,2.25,1,1
14120044001,2,1.9047619047619049,1.9977311393717172,1.0488088481701516,1,3,4,0,1,12,3.84,1,1
14615107001,2,1.3333333333333333,1.2472191289246473,0.9354143466934854,1,3,4,0,1,12,11.5,1,1
14506018001,2,1.5238095238095235,1.2953781436890897,0.8500919067959651,1,2,4,0,1,4,7.8,1,1
15020904001,2,6.523809523809524,7.613390757137169,1.1670161014589822,1,11,4,0,1,12,13.3,1,1
14506096001,2,2.0,2.115700942049815,1.0578504710249077,1,2,4,0,1,10,12.69,1,1
14601065001,2,1.0,1.023532631438318,1.023532631438318,1,2,4,0,1,60,10.78,1,1
12003130001,2,1.380952380952381,1.6176464525202885,1.1713991552733125,1,3,4,0,1,24,10.5,1,1
11102009001,2,5.380952380952381,4.369550379792176,0.8120403360675724,1,4,4,0,1,9,15.98,1,1
14833013001,2,2.9047619047619047,3.006417927174209,1.0349963355845635,1,3,4,0,1,12,4.8,1,1
12120006001,2,2.8095238095238093,2.9214974571767556,1.0398550271307097,1,5,4,0,1,12,1.81,1,1
12201043001,2,448.0,198.39354828219592,0.4428427417013302,142,142,5,0,142,142,142.0,1,10
12201898001,2,526.3809523809524,392.9171094204011,0.7464500902685384,110,110,5,0,110,110,110.0,1,6
12201065001,2,217.1428571428571,150.7878628797316,0.6944177895777113,79,79,5,0,79,79,15.8,2,9
12201037001,2,240.0,240.79867109267855,1.003327796219494,70,70,5,0,70,70,14.0,2,8
12200017001,2,73.71428571428571,71.83654916488102,0.974526829756138,49,49,5,0,49,49,9.8,1,6
12210018001,2,70.0,48.89249625940764,0.6984642322772521,38,38,5,0,38,38,7.6000000000000005,2,5
12201051001,2,29.047619047619047,21.800996461446857,0.750526107689154,22,22,5,0,22,22,4.4,1,3
12221012001,2,26.095238095238095,17.991809676058192,0.6894671591190183,7,7,5,0,7,7,7.0,2,3
12123111001,2,3.7142857142857144,3.0572763655760995,0.8231128676551037,6,6,5,0,6,6,1.2000000000000002,1,1
10002992001,2,21.61904761904762,16.004392821008892,0.7402912978880765,4,4,5,0,4,4,25.08,1,4
14111039001,2,9.857142857142858,10.114985178934669,1.026157916703517,3,3,5,0,3,3,3.0,2,2
14130010001,2,9.904761904761903,7.837059469838597,0.7912415810894737,2,2,5,0,2,2,1.6,1,2
10034020001,2,86.85714285714286,79.15884315084192,0.911368259960351,2,33,5,0,2,36,11.94,1,2
14504038001,2,35.714285714285715,30.16958868848982,0.844748483277715,2,18,5,0,2,20,1.98,1,2
14506067001,2,8.476190476190476,9.708214722933148,1.1453511751775065,1,7,5,0,1,12,3.88,1,1
14001060001,2,11.142857142857142,14.587292951272984,1.3091160340886012,1,7,5,0,1,12,2.1,1,1
10012006001,2,58.0,47.97618456811969,0.8271755960020637,1,23,5,0,1,24,3.4,1,1
14506066001,2,4.238095238095238,2.090904609533347,0.4933595146089921,1,3,5,0,1,12,4.0,1,1
14612900001,2,9.428571428571429,4.583317872577511,0.4861094713339784,1,4,5,0,1,6,6.98,1,1
14620110001,2,2.761904761904762,2.524258720133061,0.913955743496453,1,3,5,0,1,12,9.08,1,1
14241037001,2,2.047619047619047,2.9996220472425943,1.4649316974905695,1,5,5,0,1,30,1.734,1,1
30011002001,2,3.238095238095238,3.676239822022626,1.1353093568011048,1,2,5,0,1,30,6.0,1,1
14630027001,2,2.857142857142857,3.29914439536929,1.1547005383792517,1,5,5,0,1,12,10.0,1,1
12020243001,2,2.9047619047619047,3.1758727620062985,1.0933332459365943,1,4,5,0,1,12,1.67,1,1
31602045001,2,3.3333333333333335,3.7585880496516406,1.127576414895492,1,4,5,0,1,24,1.72,1,1
