order_id,item_id,item_quantity,order_arrival
793,34,3,0
793,236,3,0
793,232,3,0
793,26,3,0
793,445,2,0
794,26,1,1
794,349,3,1
795,35,2,2
795,14,1,2
795,52,2,2
795,4,1,2
795,200,3,2
796,430,3,3
796,391,3,3
797,38,2,4
798,101,1,5
799,420,3,6
799,72,1,6
799,43,2,6
799,41,1,6
800,12,3,7
800,86,2,7
801,107,1,8
801,27,3,8
801,206,2,8
801,332,1,8
801,145,3,8
801,31,1,8
802,160,3,9
803,157,2,10
803,97,1,10
803,87,1,10
803,11,2,10
804,53,3,11
804,215,2,11
805,50,2,12
805,41,2,12
805,1,2,12
806,30,3,13
807,2,3,14
808,18,2,15
809,159,2,16
809,184,2,16
809,75,3,16
810,0,1,17
811,37,1,18
811,6,2,18
811,53,3,18
811,9,2,18
812,19,2,19
812,123,2,19
813,5,2,20
814,274,1,21
814,277,2,21
814,68,3,21
814,455,1,21
814,314,3,21
814,255,1,21
814,168,3,21
814,49,2,21
814,5,2,21
814,223,1,21
815,143,2,22
815,185,1,22
815,89,3,22
815,172,2,22
815,101,3,22
815,175,1,22
816,22,3,23
816,8,1,23
817,8,2,24
817,314,2,24
817,193,2,24
818,379,2,25
819,157,1,26
819,9,2,26
820,333,2,27
820,216,2,27
821,22,2,28
822,0,2,29
822,172,1,29
823,49,3,30
824,97,1,31
825,120,1,32
825,273,2,32
825,13,3,32
826,1,1,33
827,184,2,34
827,264,3,34
828,18,1,35
828,51,1,35
828,40,3,35
828,310,3,35
828,25,3,35
828,1,1,35
828,37,3,35
828,473,1,35
828,435,2,35
829,151,2,36
829,172,2,36
830,135,2,37
831,13,1,38
831,5,1,38
831,174,1,38
831,15,3,38
831,11,3,38
831,84,1,38
831,315,3,38
831,27,2,38
832,0,2,39
833,6,1,40
834,43,3,41
835,60,1,42
835,14,3,42
835,166,3,42
835,209,1,42
836,312,1,43
837,40,2,44
838,371,2,45
838,56,2,45
838,420,1,45
838,3,2,45
839,6,3,46
840,66,2,47
840,436,2,47
840,283,2,47
840,140,3,47
840,258,2,47
840,8,3,47
840,5,3,47
840,172,3,47
840,197,2,47
840,65,1,47
841,33,2,48
841,114,3,48
842,14,3,49
842,16,3,49
843,4,3,50
843,2,1,50
843,67,1,50
843,29,3,50
843,223,1,50
844,8,3,51
844,20,1,51
844,12,2,51
844,4,2,51
844,0,2,51
844,3,3,51
844,11,3,51
845,43,2,52
845,278,3,52
846,9,3,53
847,14,2,54
848,1,2,55
848,27,3,55
849,185,2,56
850,304,3,57
851,266,1,58
851,482,3,58
851,290,1,58
851,327,3,58
851,243,2,58
851,301,1,58
852,37,2,59
852,29,1,59
852,109,2,59
852,31,2,59
852,7,1,59
852,50,2,59
853,22,2,60
853,32,1,60
854,355,3,61
855,40,3,62
855,22,2,62
855,71,1,62
855,325,1,62
855,240,1,62
855,341,3,62
855,174,1,62
856,204,1,63
856,15,2,63
856,106,3,63
856,6,2,63
857,6,1,64
857,436,3,64
857,280,2,64
857,199,1,64
857,295,1,64
857,320,2,64
857,460,2,64
857,79,1,64
858,55,1,65
858,69,3,65
858,140,3,65
859,41,3,66
859,90,1,66
859,417,2,66
859,24,2,66
859,6,3,66
860,97,2,67
860,33,3,67
860,299,2,67
860,286,2,67
860,94,1,67
861,7,1,68
862,27,3,69
862,134,1,69
863,157,2,70
863,103,3,70
863,43,2,70
863,478,1,70
863,285,1,70
863,449,2,70
863,24,2,70
863,247,1,70
864,36,3,71
865,18,3,72
865,42,3,72
865,35,2,72
865,23,1,72
865,323,2,72
866,17,3,73
866,188,2,73
866,15,1,73
866,497,3,73
866,242,3,73
866,195,3,73
867,6,1,74
868,10,1,75
868,283,1,75
868,242,3,75
868,2,2,75
868,0,3,75
869,194,3,76
870,168,3,77
871,106,3,78
871,285,3,78
871,1,2,78
871,12,2,78
871,5,3,78
872,196,1,79
872,13,1,79
872,140,1,79
873,448,1,80
873,223,1,80
873,4,1,80
873,81,1,80
874,8,3,81
874,4,2,81
874,12,2,81
874,425,2,81
875,55,3,82
875,9,2,82
875,389,1,82
876,107,1,83
876,144,1,83
876,438,2,83
877,39,2,84
877,10,3,84
878,19,1,85
879,72,3,86
879,160,2,86
880,11,2,87
880,80,1,87
881,32,2,88
882,55,2,89
883,108,2,90
883,211,1,90
883,261,1,90
884,33,3,91
884,105,3,91
884,62,2,91
885,240,1,92
885,445,3,92
885,135,1,92
885,144,1,92
886,41,2,93
886,7,2,93
886,5,2,93
886,179,1,93
886,4,3,93
886,20,1,93
887,0,3,94
887,174,1,94
887,320,1,94
887,138,2,94
888,25,2,95
889,151,3,96
889,25,2,96
889,124,1,96
889,202,2,96
889,91,2,96
889,194,3,96
889,1,2,96
889,13,1,96
889,51,1,96
889,18,3,96
889,10,3,96
889,225,1,96
889,488,2,96
889,196,2,96
889,327,2,96
889,493,3,96
890,273,1,97
891,12,1,98
892,62,1,99
892,82,1,99
893,191,1,100
894,88,2,101
894,161,1,101
894,280,3,101
895,23,2,102
895,241,2,102
895,182,3,102
896,43,3,103
896,342,2,103
896,214,2,103
896,325,1,103
896,100,1,103
896,88,2,103
897,82,2,104
897,14,1,104
897,27,1,104
897,9,2,104
897,1,2,104
897,283,1,104
897,144,2,104
898,82,1,105
898,475,3,105
898,196,3,105
898,118,2,105
899,403,3,106
899,301,2,106
899,370,3,106
899,31,3,106
900,90,2,107
900,460,1,107
900,486,1,107
901,137,2,108
901,42,3,108
901,4,3,108
901,1,2,108
902,38,2,109
902,473,1,109
902,122,3,109
902,211,3,109
902,23,3,109
902,75,3,109
902,295,2,109
902,439,3,109
902,341,1,109
902,3,3,109
902,26,3,109
902,2,3,109
903,1,3,110
903,14,2,110
903,84,1,110
903,295,3,110
903,2,2,110
904,255,1,111
904,266,1,111
905,24,1,112
905,267,2,112
905,42,3,112
905,85,3,112
905,80,1,112
905,38,3,112
906,115,1,113
906,315,2,113
907,30,3,114
908,56,1,115
909,65,3,116
909,98,2,116
909,435,1,116
909,178,1,116
910,10,2,117
911,36,3,118
912,32,2,119
912,404,3,119
913,17,3,120
913,288,2,120
913,47,1,120
914,46,1,121
914,180,1,121
914,135,2,121
914,205,3,121
914,42,1,121
914,12,1,121
914,20,1,121
915,159,2,122
915,78,1,122
915,104,3,122
915,493,3,122
915,231,3,122
916,9,3,123
916,63,2,123
916,10,3,123
916,116,2,123
916,452,1,123
917,4,1,124
917,1,2,124
917,17,2,124
917,5,3,124
917,40,1,124
917,52,3,124
917,51,3,124
917,3,2,124
917,9,1,124
918,28,1,125
919,5,2,126
920,0,2,127
920,44,3,127
920,49,2,127
920,27,1,127
920,38,1,127
920,206,1,127
921,40,3,128
922,22,3,129
923,1,3,130
923,38,1,130
923,171,3,130
923,25,1,130
923,4,1,130
923,9,1,130
923,315,3,130
923,0,2,130
924,54,1,131
925,0,2,132
925,186,1,132
925,166,1,132
925,17,1,132
925,159,3,132
925,295,2,132
926,460,2,133
926,122,1,133
926,223,1,133
927,67,3,134
927,32,1,134
927,36,3,134
927,26,2,134
927,4,2,134
928,119,1,135
929,129,1,136
929,40,1,136
929,249,3,136
929,200,1,136
930,8,3,137
930,45,1,137
930,496,2,137
930,1,3,137
931,5,2,138
931,215,2,138
931,370,1,138
932,1,2,139
933,18,1,140
933,98,1,140
933,322,1,140
934,223,2,141
935,72,1,142
936,99,2,143
936,249,3,143
937,455,2,144
937,161,1,144
937,155,3,144
937,5,2,144
938,3,2,145
938,264,2,145
939,7,2,146
939,447,3,146
939,30,3,146
939,12,3,146
940,38,3,147
941,228,2,148
941,93,3,148
941,82,2,148
941,220,3,148
942,4,3,149
942,283,3,149
942,369,2,149
943,132,1,150
944,447,3,151
945,242,2,152
945,87,2,152
945,44,2,152
945,81,2,152
946,327,2,153
946,165,2,153
946,33,2,153
947,6,1,154
947,8,3,154
948,370,1,155
948,70,1,155
949,232,2,156
949,89,2,156
949,24,1,156
949,11,2,156
950,1,1,157
951,90,2,158
951,88,2,158
951,15,3,158
951,17,2,158
951,23,3,158
951,167,2,158
951,351,1,158
951,423,2,158
951,486,1,158
952,49,2,159
953,76,1,160
953,167,2,160
953,23,2,160
953,17,2,160
953,7,3,160
953,294,3,160
954,30,1,161
954,140,1,161
955,342,3,162
956,255,3,163
957,193,1,164
958,31,1,165
959,111,2,166
960,223,1,167
960,45,3,167
960,59,1,167
960,29,3,167
960,14,1,167
960,9,3,167
961,41,3,168
961,66,2,168
961,149,2,168
962,367,1,169
963,368,2,170
963,33,2,170
964,14,3,171
965,285,1,172
966,72,3,173
966,79,2,173
967,9,3,174
967,475,3,174
967,315,2,174
968,295,2,175
969,1,1,176
969,25,3,176
970,138,1,177
970,297,3,177
970,73,2,177
971,0,2,178
971,467,3,178
971,68,1,178
972,5,3,179
972,10,2,179
973,296,2,180
973,91,3,180
974,93,1,181
974,151,2,181
975,23,2,182
975,9,2,182
975,125,3,182
975,331,2,182
975,3,1,182
975,39,1,182
975,349,2,182
975,284,3,182
975,493,3,182
976,30,2,183
976,77,3,183
976,197,3,183
976,179,1,183
977,23,2,184
977,35,1,184
977,40,1,184
978,96,1,185
979,0,2,186
979,23,3,186
979,13,3,186
979,176,3,186
980,5,1,187
980,22,1,187
980,9,3,187
980,23,3,187
981,48,3,188
982,368,1,189
982,202,1,189
982,40,3,189
982,86,3,189
983,102,2,190
983,0,2,190
984,72,3,191
984,63,2,191
984,417,2,191
984,350,2,191
984,103,3,191
984,96,2,191
985,279,3,192
986,447,3,193
986,263,3,193
986,294,1,193
986,318,2,193
986,169,2,193
986,115,2,193
987,61,1,194
988,11,1,195
988,180,3,195
989,0,1,196
990,188,2,197
990,22,2,197
990,165,3,197
990,23,1,197
990,34,1,197
991,32,2,198
992,449,2,199
992,13,3,199
992,6,3,199
992,174,2,199
992,31,1,199
992,316,1,199
992,258,2,199
992,24,2,199
993,102,2,200
993,162,1,200
994,44,3,201
994,5,1,201
994,121,1,201
994,472,2,201
994,120,1,201
994,107,1,201
994,52,1,201
994,3,1,201
994,97,2,201
994,36,3,201
994,220,3,201
994,355,1,201
994,327,1,201
994,148,2,201
994,42,2,201
994,172,3,201
994,202,3,201
994,151,2,201
994,344,1,201
994,49,1,201
994,280,1,201
994,20,1,201
994,11,3,201
994,68,1,201
995,177,3,202
995,10,2,202
995,40,3,202
996,139,1,203
997,38,2,204
997,27,2,204
997,11,3,204
997,10,3,204
998,9,1,205
999,180,1,206
1000,6,2,207
1000,103,2,207
1000,76,3,207
1000,110,2,207
1000,336,3,207
1000,478,2,207
1000,399,1,207
1000,69,2,207
1000,24,1,207
1000,115,3,207
1000,41,2,207
1000,162,2,207
1000,113,2,207
1000,165,2,207
1001,142,1,208
1001,325,2,208
1002,16,2,209
1002,61,1,209
1003,98,1,210
1003,3,1,210
1003,0,1,210
1004,87,2,211
1004,18,1,211
1004,267,2,211
1004,107,2,211
1004,78,2,211
1004,463,1,211
1004,6,1,211
1005,4,3,212
1006,32,2,213
1007,203,1,214
1008,25,2,215
1008,2,2,215
1009,72,2,216
1010,315,1,217
1010,8,3,217
1010,4,3,217
1010,6,1,217
1010,99,3,217
1010,11,3,217
1010,216,2,217
1011,1,3,218
1011,30,1,218
1011,29,3,218
1011,373,3,218
1011,203,1,218
1011,351,2,218
1011,66,2,218
1011,473,2,218
1011,158,3,218
1011,177,2,218
1011,465,2,218
1011,114,2,218
1011,50,3,218
1011,160,2,218
1011,15,2,218
1011,26,3,218
1011,14,3,218
1012,22,3,219
1012,42,3,219
1013,92,2,220
1013,112,2,220
1014,27,1,221
1014,3,1,221
1015,28,1,222
1015,13,2,222
1015,62,1,222
1015,211,2,222
1016,66,3,223
1016,209,2,223
1016,9,1,223
1016,389,3,223
1016,100,3,223
1016,369,3,223
1016,191,2,223
1016,0,1,223
1017,197,1,224
1017,172,2,224
1017,52,3,224
1017,0,3,224
1018,26,1,225
1018,75,1,225
1018,33,2,225
1018,9,1,225
1018,178,3,225
1018,128,1,225
1019,9,3,226
1019,82,2,226
1019,348,2,226
1019,116,1,226
1019,10,2,226
1019,196,2,226
1020,33,3,227
1020,35,1,227
1020,38,1,227
1021,187,3,228
1021,34,2,228
1021,28,2,228
1021,233,2,228
1021,9,2,228
1022,96,3,229
1023,77,2,230
1023,2,2,230
1024,11,2,231
1024,5,2,231
1024,13,1,231
1025,30,1,232
1025,164,2,232
1025,473,1,232
1025,9,1,232
1025,109,2,232
1025,352,2,232
1025,234,3,232
1025,116,2,232
1025,118,3,232
1026,109,2,233
1027,1,1,234
1027,285,3,234
1027,345,2,234
1027,12,1,234
1027,3,3,234
1027,196,3,234
1027,15,2,234
1028,35,1,235
1028,4,3,235
1029,10,1,236
1029,27,3,236
1030,211,1,237
1031,439,3,238
1031,352,1,238
1031,455,2,238
1031,41,2,238
1031,183,2,238
1032,435,1,239
1032,266,1,239
1032,176,3,239
1032,95,1,239
1032,53,2,239
1032,41,3,239
1032,33,3,239
1033,73,2,240
1033,5,3,240
1033,11,3,240
1033,12,1,240
1033,391,1,240
1033,84,2,240
1033,108,1,240
1033,436,2,240
1034,10,1,241
1035,278,3,242
1035,189,1,242
1035,191,2,242
1036,207,3,243
1036,458,1,243
1036,88,1,243
1037,34,2,244
1038,151,3,245
1038,116,2,245
1039,90,1,246
1039,183,1,246
1040,117,2,247
1041,331,3,248
1042,42,1,249
1043,43,1,250
1043,37,2,250
1043,482,2,250
1044,2,2,251
1044,64,1,251
1045,1,1,252
1045,445,2,252
1045,120,3,252
1046,2,3,253
1046,174,2,253
1047,33,2,254
1047,109,2,254
1047,332,3,254
1047,237,3,254
1047,84,3,254
1048,33,3,255
1048,187,2,255
1049,37,2,256
1049,11,2,256
1049,145,1,256
1049,8,2,256
1050,254,2,257
1050,63,3,257
1050,10,1,257
1050,389,1,257
1051,46,1,258
1052,144,1,259
1052,216,1,259
1052,60,2,259
1052,48,1,259
1052,41,3,259
1052,9,2,259
1052,19,3,259
1053,40,3,260
1054,136,2,261
1054,325,2,261
1054,148,1,261
1054,299,1,261
1054,44,1,261
1055,13,2,262
1055,153,1,262
1056,6,1,263
1057,19,3,264
1057,40,1,264
1058,315,2,265
1058,120,3,265
1058,196,2,265
1058,349,2,265
1059,274,2,266
1059,335,2,266
1059,167,2,266
1059,12,2,266
1059,0,3,266
1059,42,2,266
1059,49,2,266
1060,12,3,267
1061,194,1,268
1061,493,2,268
1061,399,3,268
1061,407,1,268
1061,112,3,268
1062,23,2,269
1062,76,1,269
1062,84,3,269
1062,21,1,269
1062,11,3,269
1062,1,3,269
1062,335,1,269
1062,158,3,269
1063,15,1,270
1063,291,2,270
1063,46,1,270
1063,122,3,270
1063,227,1,270
1064,15,2,271
1064,42,2,271
1064,33,2,271
1064,14,3,271
1064,150,3,271
1064,310,1,271
1064,111,1,271
1064,291,1,271
1064,76,3,271
1064,2,2,271
1065,3,1,272
1065,28,1,272
1065,137,2,272
1065,45,2,272
1065,10,2,272
1066,85,2,273
1066,191,1,273
1066,474,1,273
1066,150,3,273
1066,134,3,273
1066,445,1,273
1067,38,3,274
1068,9,2,275
1069,165,2,276
1070,169,3,277
1070,60,1,277
1070,33,2,277
1070,14,3,277
1070,7,2,277
1070,420,2,277
1070,117,1,277
1071,84,1,278
1072,11,2,279
1072,320,1,279
1072,368,3,279
1072,350,3,279
1072,75,2,279
1073,143,1,280
1073,10,1,280
1073,184,3,280
1074,34,1,281
1074,256,3,281
1074,177,1,281
1074,248,3,281
1075,5,3,282
1076,43,1,283
1076,89,3,283
1076,80,3,283
1077,13,1,284
1077,148,3,284
1077,203,3,284
1077,176,3,284
1077,25,1,284
1077,190,3,284
1077,455,2,284
1078,39,2,285
1078,484,2,285
1078,23,2,285
1079,17,1,286
1079,170,3,286
1079,118,1,286
1079,478,2,286
1079,407,1,286
1079,108,2,286
1080,184,3,287
1080,1,3,287
1080,14,1,287
1081,2,2,288
1081,25,3,288
1082,29,3,289
1083,2,3,290
1083,131,1,290
1083,46,3,290
1083,296,1,290
1083,279,2,290
1083,404,1,290
1083,66,2,290
1083,145,3,290
1083,265,2,290
1084,132,3,291
1084,154,1,291
1084,101,2,291
1085,10,1,292
1085,260,2,292
1085,306,3,292
1086,436,2,293
1087,296,1,294
1087,97,3,294
1087,14,1,294
1087,12,1,294
1087,3,1,294
1087,5,1,294
1087,4,2,294
1088,153,3,295
1088,200,1,295
1088,401,2,295
1089,113,1,296
1089,106,2,296
1089,39,1,296
1090,15,1,297
1090,7,3,297
1090,24,3,297
1090,255,2,297
1090,125,3,297
1091,146,1,298
1092,103,1,299
1093,18,3,300
1093,63,1,300
1093,31,1,300
1093,105,3,300
1093,177,2,300
1093,180,3,300
1093,146,2,300
1094,35,3,301
1095,3,1,302
1095,12,2,302
1096,13,3,303
1096,205,2,303
1096,128,2,303
1096,247,2,303
1097,312,2,304
1097,140,2,304
1097,142,3,304
1098,44,3,305
1099,296,2,306
1099,171,2,306
1100,36,3,307
1100,13,1,307
1100,16,1,307
1100,3,3,307
1100,0,3,307
1100,41,1,307
1100,183,2,307
1100,203,2,307
1100,2,1,307
1100,69,1,307
1101,31,1,308
1101,185,3,308
1101,28,3,308
1102,195,2,309
1102,498,2,309
1102,62,1,309
1102,34,3,309
1103,482,1,310
1103,488,2,310
1103,180,2,310
1104,322,1,311
1104,27,3,311
1104,56,2,311
1104,365,3,311
1104,96,3,311
1104,61,3,311
1105,15,2,312
1105,26,2,312
1105,68,2,312
1105,139,2,312
1105,138,3,312
1106,22,3,313
1106,5,2,313
1107,35,1,314
1107,14,1,314
1107,140,1,314
1107,155,1,314
1107,5,2,314
1107,26,3,314
1108,2,1,315
1109,0,2,316
1109,185,2,316
1109,24,1,316
1110,2,2,317
1110,162,2,317
1111,9,3,318
1112,49,3,319
1112,7,2,319
1112,18,2,319
1112,98,1,319
1112,259,3,319
1112,227,2,319
1112,462,3,319
1113,1,2,320
1114,112,1,321
1114,3,2,321
1115,72,1,322
1115,254,3,322
1115,323,1,322
1116,69,1,323
1116,35,1,323
1117,36,1,324
1118,9,2,325
1118,200,3,325
1119,315,2,326
1120,367,1,327
1120,3,3,327
1120,130,1,327
1120,472,1,327
1120,435,3,327
1120,473,1,327
1120,179,2,327
1121,32,2,328
1121,73,3,328
1121,28,3,328
1122,194,1,329
1122,120,3,329
1122,128,3,329
1122,42,1,329
1123,8,3,330
1123,13,3,330
1124,125,2,331
1124,21,1,331
1124,244,3,331
1124,95,2,331
1124,331,3,331
1124,57,2,331
1124,149,1,331
1124,437,2,331
1124,77,1,331
1125,23,1,332
1125,3,1,332
1125,42,2,332
1125,169,2,332
1126,45,2,333
1126,238,3,333
1126,152,3,333
1126,455,2,333
1126,255,1,333
1126,42,1,333
1127,103,1,334
1128,6,1,335
1129,31,1,336
1129,95,1,336
1130,74,1,337
1131,4,2,338
1131,0,2,338
1131,17,2,338
1132,174,3,339
1132,44,2,339
1133,0,3,340
1133,46,2,340
1133,30,3,340
1134,344,1,341
1134,3,3,341
1134,71,3,341
1134,258,2,341
1134,65,2,341
1135,449,1,342
1135,7,2,342
1135,47,1,342
1135,43,3,342
1135,8,2,342
1135,25,1,342
1135,467,1,342
1135,9,2,342
1136,39,3,343
1136,10,1,343
1136,1,3,343
1136,315,2,343
1136,42,3,343
1136,44,3,343
1136,8,1,343
1136,36,2,343
1136,422,1,343
1136,192,1,343
1136,473,2,343
1137,47,3,344
1137,438,1,344
1138,1,1,345
1139,10,2,346
1139,135,1,346
1140,15,2,347
1140,29,2,347
1140,27,2,347
1140,130,2,347
1141,55,2,348
1141,16,1,348
1141,304,3,348
1141,120,1,348
1141,1,3,348
1141,41,3,348
1142,172,3,349
1143,111,3,350
1143,195,2,350
1143,490,2,350
1144,45,3,351
1145,74,2,352
1146,312,2,353
1147,4,1,354
1148,16,3,355
1149,10,1,356
1150,27,2,357
1150,20,1,357
1151,0,1,358
1152,474,1,359
1152,447,3,359
1152,127,1,359
1152,135,1,359
1153,191,3,360
1153,356,3,360
1153,105,3,360
1153,247,3,360
1154,3,1,361
1154,482,3,361
1154,273,2,361
1154,12,2,361
1154,83,3,361
1154,0,2,361
1154,153,1,361
1154,322,3,361
1155,1,1,362
1155,38,2,362
1156,33,1,363
1156,256,1,363
1157,33,1,364
1157,24,3,364
1157,48,2,364
1157,36,2,364
1157,19,2,364
1157,73,2,364
1157,28,2,364
1158,14,1,365
1158,423,1,365
1158,306,3,365
1158,473,2,365
1158,352,2,365
1159,61,1,366
1159,25,2,366
1159,353,3,366
1159,36,1,366
1159,91,1,366
1160,176,1,367
1160,8,1,367
1160,45,1,367
1161,332,2,368
1162,9,3,369
1162,24,3,369
1162,78,3,369
1162,214,2,369
1162,103,1,369
1162,11,3,369
1162,3,1,369
1163,3,2,370
1163,5,3,370
1163,261,2,370
1163,462,1,370
1163,104,1,370
1163,76,2,370
1163,136,3,370
1164,109,2,371
1165,90,1,372
1166,91,3,373
1166,5,3,373
1167,225,3,374
1167,25,2,374
1167,23,2,374
1167,31,1,374
1168,26,2,375
1169,10,1,376
1169,22,1,376
1170,24,2,377
1170,49,3,377
1171,62,3,378
1171,447,1,378
1172,164,2,379
1172,2,2,379
1172,35,2,379
1172,143,1,379
1172,478,1,379
1172,161,3,379
1172,19,3,379
1173,118,3,380
1173,356,2,380
1173,194,2,380
1174,214,3,381
1174,3,2,381
1174,51,2,381
1174,32,1,381
1174,225,1,381
1174,210,3,381
1175,11,2,382
1175,2,1,382
1175,213,1,382
1175,276,1,382
1176,111,1,383
1176,144,1,383
1176,57,3,383
1176,34,1,383
1176,2,2,383
1176,114,1,383
1176,4,2,383
1176,0,3,383
1176,137,2,383
1176,423,1,383
1177,33,1,384
1177,100,2,384
1177,341,3,384
1178,27,1,385
1179,17,1,386
1179,8,1,386
1180,291,3,387
1180,11,3,387
1181,3,1,388
1181,14,2,388
1182,10,3,389
1183,42,1,390
1183,81,3,390
1183,39,1,390
1184,103,1,391
1184,299,3,391
1185,2,2,392
1185,9,2,392
1185,4,3,392
1186,118,1,393
1187,186,1,394
1187,6,2,394
1187,1,2,394
1187,4,3,394
1187,237,2,394
1187,48,1,394
1188,42,3,395
1188,466,2,395
1189,2,1,396
1189,40,3,396
1189,248,1,396
1189,215,3,396
1189,232,2,396
1190,45,2,397
1190,44,1,397
1191,14,3,398
1192,220,2,399
1193,6,1,400
1193,114,1,400
1193,290,2,400
1194,1,1,401
1195,465,3,402
1195,20,2,402
1195,145,2,402
1195,4,3,402
1196,0,1,403
1196,69,3,403
1197,10,2,404
1198,66,1,405
1198,288,2,405
1198,277,3,405
1199,14,2,406
1199,48,3,406
1199,22,3,406
1199,25,3,406
1199,353,2,406
1200,40,2,407
1200,3,3,407
1200,12,2,407
1201,318,3,408
1202,146,1,409
1203,263,3,410
1204,104,3,411
1205,142,3,412
1205,327,2,412
1205,271,2,412
1206,373,1,413
1206,206,3,413
1206,214,3,413
1206,103,2,413
1207,10,3,414
1208,40,2,415
1208,67,2,415
1208,2,3,415
1209,92,2,416
1209,209,1,416
1209,224,3,416
1210,47,1,417
1210,62,1,417
1210,8,3,417
1211,99,2,418
1211,6,2,418
1211,81,2,418
1211,18,3,418
1211,148,2,418
1211,312,1,418
1212,207,2,419
1212,286,2,419
1213,1,2,420
1213,10,2,420
1214,348,1,421
1214,166,3,421
1215,23,1,422
1216,27,3,423
1216,175,3,423
1216,280,1,423
1216,21,2,423
1216,84,1,423
1217,236,1,424
1217,160,2,424
1217,140,3,424
1217,35,3,424
1217,209,3,424
1217,164,2,424
1217,1,3,424
1218,2,2,425
1219,47,3,426
1219,79,2,426
1219,72,1,426
1219,54,1,426
1219,16,1,426
1219,3,3,426
1219,12,2,426
1219,180,3,426
1220,52,1,427
1221,80,2,428
1221,359,1,428
1222,266,1,429
1222,349,3,429
1222,223,3,429
1222,152,2,429
1222,215,1,429
1222,243,3,429
1222,5,1,429
1223,43,2,430
1224,34,1,431
1224,35,2,431
1224,17,3,431
1225,8,2,432
1225,25,1,432
1225,23,1,432
1225,75,1,432
1225,123,2,432
1225,232,3,432
1225,463,1,432
1225,70,3,432
1225,249,2,432
1225,11,2,432
1226,44,3,433
1226,83,3,433
1226,40,1,433
1226,1,2,433
1227,0,2,434
1227,53,3,434
1227,215,2,434
1227,323,1,434
1227,153,1,434
1227,198,1,434
1227,244,2,434
1227,352,1,434
1227,39,2,434
1227,401,3,434
1227,10,3,434
1227,223,2,434
1227,8,3,434
1227,14,3,434
1227,1,2,434
1227,40,3,434
1228,280,1,435
1229,30,3,436
1230,30,3,437
1230,104,1,437
1230,103,2,437
1230,214,1,437
1230,3,3,437
1230,6,3,437
1230,92,3,437
1230,18,2,437
1230,109,2,437
1231,16,3,438
1231,50,3,438
1231,20,2,438
1231,228,3,438
1231,323,3,438
1232,320,3,439
1233,32,1,440
1233,68,1,440
1233,42,3,440
1234,42,1,441
1235,81,3,442
1235,83,3,442
1235,44,3,442
1235,45,3,442
1235,10,3,442
1235,206,2,442
1235,24,1,442
1236,233,3,443
1237,167,1,444
1237,180,2,444
1237,295,1,444
1237,496,3,444
1238,36,2,445
1238,396,1,445
1238,135,3,445
1238,170,1,445
1239,29,2,446
1239,34,1,446
1239,17,3,446
1239,47,2,446
1239,176,2,446
1239,356,2,446
1240,35,1,447
1240,34,2,447
1240,58,1,447
1241,177,2,448
1241,249,1,448
1242,197,2,449
1242,27,2,449
1242,78,1,449
1242,39,3,449
1242,190,3,449
1243,43,1,450
1244,225,3,451
1244,484,2,451
1245,178,3,452
1246,28,3,453
1247,47,3,454
1247,25,1,454
1247,198,2,454
1247,264,2,454
1248,8,3,455
1249,436,3,456
1249,40,1,456
1249,13,1,456
1250,42,3,457
1251,0,1,458
1251,53,2,458
1251,102,1,458
1251,284,2,458
1251,132,2,458
1251,109,1,458
1251,12,2,458
1251,112,2,458
1251,301,3,458
1251,37,1,458
1251,33,1,458
1251,299,2,458
1251,2,1,458
1251,23,3,458
1252,3,1,459
1252,196,3,459
1252,23,3,459
1253,11,2,460
1253,8,1,460
1253,46,3,460
1253,1,2,460
1253,15,3,460
1254,233,2,461
1255,106,3,462
1255,172,2,462
1255,87,1,462
1255,197,1,462
1255,447,1,462
1255,16,2,462
1256,98,3,463
1256,322,3,463
1257,167,3,464
1258,1,2,465
1258,125,1,465
1258,62,3,465
1258,165,1,465
1258,157,1,465
1258,37,2,465
1258,6,1,465
1259,104,2,466
1260,48,3,467
1260,355,1,467
1260,99,2,467
1260,349,3,467
1261,193,3,468
1261,189,1,468
1261,184,3,468
1261,58,1,468
1261,277,1,468
1261,294,1,468
1261,498,1,468
1261,163,3,468
1261,13,1,468
1261,71,3,468
1261,11,2,468
1261,15,1,468
1261,28,2,468
1261,134,1,468
1262,17,1,469
1262,79,3,469
1262,49,3,469
1263,2,1,470
1263,370,1,470
1263,482,2,470
1263,260,1,470
1264,127,1,471
1264,48,3,471
1264,36,3,471
1264,58,2,471
1264,352,2,471
1265,16,1,472
1265,34,3,472
1265,2,2,472
1266,13,2,473
1266,14,2,473
1267,2,2,474
1268,27,2,475
1268,26,3,475
1268,39,1,475
1268,259,3,475
1268,101,2,475
1269,136,2,476
1269,146,3,476
1270,21,2,477
1270,4,3,477
1270,34,1,477
1271,49,1,478
1271,360,1,478
1272,37,3,479
1272,0,1,479
1272,16,3,479
1273,29,1,480
1274,0,1,481
1274,10,2,481
1274,7,1,481
1275,12,1,482
1275,0,2,482
1275,322,1,482
1276,7,3,483
1277,72,3,484
1277,478,2,484
1277,29,3,484
1278,79,2,485
1279,318,2,486
1279,31,2,486
1280,88,3,487
1280,448,2,487
1281,54,1,488
1281,213,3,488
1281,25,1,488
1281,71,1,488
1281,177,3,488
1281,123,3,488
1281,27,1,488
1282,498,2,489
1282,2,1,489
1282,9,1,489
1282,128,2,489
1283,62,2,490
1283,41,1,490
1283,140,3,490
1283,166,2,490
1284,96,1,491
1284,75,3,491
1284,49,3,491
1284,4,1,491
1284,15,1,491
1284,1,3,491
1285,17,3,492
1286,167,2,493
1286,448,2,493
1287,154,3,494
1288,280,3,495
1289,7,2,496
1289,0,1,496
1290,166,1,497
1290,462,3,497
1290,17,1,497
1290,75,1,497
1290,28,2,497
1290,49,3,497
1290,24,1,497
1291,89,1,498
1291,12,3,498
1292,177,1,499
1292,198,3,499
1292,254,2,499
1293,16,3,500
1293,3,1,500
1293,75,1,500
1294,2,3,501
1295,72,2,502
1296,179,3,503
1296,66,2,503
1296,155,1,503
1296,203,1,503
1296,144,3,503
1297,183,3,504
1298,13,2,505
1298,151,3,505
1298,3,2,505
1299,3,2,506
1300,18,2,507
1300,267,1,507
1300,263,3,507
1300,258,3,507
1301,3,2,508
1301,22,1,508
1301,15,3,508
1301,40,3,508
1301,137,1,508
1301,73,2,508
1301,177,2,508
1301,69,2,508
1301,9,2,508
1302,14,3,509
1303,462,1,510
1304,0,3,511
1304,11,3,511
1304,95,2,511
1305,146,3,512
1305,137,1,512
1305,205,1,512
1305,466,3,512
1305,148,2,512
1305,186,1,512
1305,360,3,512
1306,75,2,513
1306,114,2,513
1306,141,1,513
1306,20,1,513
1306,18,2,513
1307,13,1,514
1307,265,2,514
1308,30,1,515
1308,11,3,515
1309,0,1,516
1309,389,3,516
1310,214,1,517
1310,400,2,517
1310,106,3,517
1310,134,1,517
1311,5,1,518
1312,144,2,519
1312,65,3,519
1312,43,3,519
1312,40,2,519
1312,52,3,519
1313,195,1,520
1313,462,1,520
1313,158,3,520
1313,8,3,520
1313,3,1,520
1313,28,1,520
1313,16,1,520
1314,85,3,521
1314,181,2,521
1314,70,1,521
1314,224,1,521
1315,14,3,522
1316,91,3,523
1316,99,3,523
1316,205,3,523
1316,15,1,523
1317,8,3,524
1318,36,1,525
1318,13,3,525
1319,5,1,526
1319,109,1,526
1319,447,2,526
1320,4,1,527
1320,1,2,527
1320,110,1,527
1320,233,1,527
1320,355,2,527
1320,8,1,527
1320,177,2,527
1321,182,3,528
1322,125,1,529
1322,208,1,529
1322,367,2,529
1323,24,1,530
1323,6,2,530
1323,9,1,530
1324,2,3,531
1325,452,3,532
1325,465,3,532
1326,67,1,533
1326,229,2,533
1326,26,1,533
1326,12,3,533
1327,97,2,534
1327,170,1,534
1327,484,1,534
1327,244,3,534
1327,8,1,534
1327,223,3,534
1327,54,3,534
1327,3,1,534
1327,43,3,534
1327,389,1,534
1327,56,1,534
1327,143,2,534
1327,10,1,534
1328,1,1,535
1329,88,2,536
1329,47,2,536
1329,43,1,536
1329,3,2,536
1330,299,3,537
1330,435,3,537
1330,234,2,537
1330,425,1,537
1331,4,1,538
1332,24,1,539
1333,63,3,540
1333,12,3,540
1333,114,1,540
1333,33,1,540
1333,0,1,540
1334,174,1,541
1335,6,3,542
1335,180,1,542
1335,186,2,542
1335,18,2,542
1336,5,2,543
1336,45,2,543
1337,6,1,544
1338,17,1,545
1338,29,2,545
1338,25,1,545
1338,285,3,545
1338,192,2,545
1338,430,3,545
1338,61,1,545
1338,9,2,545
1338,68,1,545
1339,16,3,546
1339,50,1,546
1339,2,3,546
1340,20,1,547
1341,3,2,548
1342,2,2,549
1342,40,1,549
1342,26,3,549
1342,15,3,549
1343,6,1,550
1343,436,1,550
1343,165,3,550
1343,206,1,550
1343,251,2,550
1343,267,2,550
1343,299,2,550
1343,121,1,550
1343,145,1,550
1344,10,1,551
1345,81,1,552
1345,44,2,552
1345,5,2,552
1346,59,2,553
1346,121,2,553
1346,120,3,553
1346,466,3,553
1347,0,2,554
1347,322,2,554
1348,498,1,555
1349,1,1,556
1349,4,1,556
1349,2,1,556
1349,71,3,556
1350,48,1,557
1350,78,1,557
1350,39,3,557
1350,3,2,557
1350,118,3,557
1350,18,3,557
1350,4,1,557
1350,23,3,557
1351,193,3,558
1351,132,2,558
1351,331,2,558
1352,16,1,559
1352,0,1,559
1352,17,2,559
1352,33,3,559
1352,37,3,559
1352,63,2,559
1352,356,1,559
1352,59,1,559
1352,135,1,559
1353,97,3,560
1353,223,3,560
1353,138,1,560
1354,5,2,561
1355,22,1,562
1356,51,2,563
1356,93,2,563
1357,21,3,564
1357,26,1,564
1357,85,1,564
1357,144,3,564
1358,88,1,565
1358,19,2,565
1358,49,1,565
1358,280,3,565
1359,43,3,566
1360,0,2,567
1360,265,2,567
1361,17,1,568
1361,229,1,568
1361,446,3,568
1361,179,1,568
1361,36,2,568
1361,140,3,568
1361,150,1,568
1361,455,3,568
1361,170,2,568
1362,310,1,569
1362,5,2,569
1362,7,2,569
1362,149,3,569
1363,45,1,570
1363,318,3,570
1363,391,2,570
1363,348,3,570
1363,170,1,570
1363,66,3,570
1364,43,2,571
1365,19,2,572
1366,160,1,573
1366,5,1,573
1366,180,3,573
1367,92,2,574
1367,44,1,574
1368,3,2,575
1368,245,3,575
1368,423,3,575
1369,460,2,576
1369,77,1,576
1369,6,2,576
1370,21,2,577
1370,0,2,577
1371,9,1,578
1372,228,1,579
1372,72,1,579
1373,22,3,580
1373,183,2,580
1373,173,1,580
1373,216,1,580
1374,157,1,581
1374,445,3,581
1374,379,3,581
1374,5,3,581
1374,145,2,581
1374,87,2,581
1374,263,2,581
1374,2,3,581
1374,20,2,581
1374,162,2,581
1374,261,2,581
1374,241,2,581
1374,113,2,581
1374,72,3,581
1375,275,2,582
1375,436,1,582
1375,145,3,582
1375,77,3,582
1375,185,2,582
1376,137,2,583
1376,166,2,583
1376,231,1,583
1376,45,2,583
1377,200,2,584
1378,176,2,585
1379,143,3,586
1379,55,2,586
1379,314,2,586
1379,129,1,586
1380,115,2,587
1380,162,3,587
1380,76,2,587
1381,388,3,588
1382,466,3,589
1382,473,2,589
1382,452,3,589
1382,268,1,589
1383,146,3,590
1383,165,1,590
1383,359,2,590
1384,33,2,591
1384,5,2,591
1384,10,3,591
1385,1,1,592
1385,2,2,592
1386,109,1,593
1387,63,3,594
1388,19,2,595
1389,238,3,596
1389,67,2,596
1389,59,2,596
1390,496,1,597
1390,45,3,597
1391,49,2,598
1391,28,3,598
1391,47,2,598
1391,17,2,598
1391,176,2,598
1391,105,2,598
1392,43,1,599
1392,341,3,599
1392,35,3,599
1392,438,3,599
1393,187,1,600
1393,40,3,600
1394,20,3,601
1395,28,2,602
1395,185,2,602
1396,2,1,603
1396,143,2,603
1396,228,3,603
1396,103,2,603
1397,28,3,604
1397,43,1,604
1397,196,1,604
1397,55,1,604
1397,278,3,604
1398,1,2,605
1399,234,3,606
1399,450,3,606
1399,143,1,606
1399,35,2,606
1399,8,3,606
1399,45,3,606
1400,13,1,607
1401,12,2,608
1402,75,2,609
1402,367,3,609
1403,26,2,610
1403,8,2,610
1403,25,2,610
1403,430,1,610
1404,186,1,611
1404,176,2,611
1405,97,2,612
1405,136,2,612
1405,34,2,612
1405,5,1,612
1405,369,1,612
1405,203,2,612
1405,114,3,612
1406,170,2,613
1407,1,2,614
1408,9,1,615
1408,2,1,615
1408,140,2,615
1408,75,3,615
1408,83,3,615
1409,20,1,616
1410,21,3,617
1411,31,1,618
1412,2,1,619
1412,12,2,619
1412,254,2,619
1412,399,1,619
1412,265,2,619
1412,75,1,619
1413,57,3,620
1413,42,2,620
1414,24,3,621
1415,21,3,622
1415,72,3,622
1415,27,2,622
1415,2,3,622
1415,125,2,622
1415,17,1,622
1416,24,1,623
1417,75,2,624
1417,83,1,624
1417,1,2,624
1417,68,1,624
1417,13,1,624
1417,54,2,624
1417,256,3,624
1417,142,3,624
1417,62,1,624
1418,102,1,625
1418,1,2,625
1418,10,1,625
1419,34,3,626
1419,165,3,626
1419,359,2,626
1419,296,3,626
1420,185,2,627
1420,222,2,627
1420,340,3,627
1420,452,3,627
1420,160,1,627
1420,178,2,627
1421,167,2,628
1421,452,3,628
1421,80,1,628
1421,207,3,628
1421,312,2,628
1422,8,2,629
1422,437,2,629
1422,83,3,629
1423,34,1,630
1423,14,1,630
1423,12,1,630
1423,186,3,630
1423,121,1,630
1424,20,1,631
1424,16,2,631
1424,2,2,631
1424,44,2,631
1424,45,2,631
1424,177,2,631
1425,312,1,632
1426,466,2,633
1427,14,1,634
1428,162,3,635
1429,94,2,636
1429,209,2,636
1430,100,3,637
1430,249,1,637
1430,314,3,637
1430,155,2,637
1430,267,1,637
1430,11,2,637
1430,149,2,637
1430,465,3,637
1430,23,3,637
1430,223,1,637
1431,24,3,638
1432,12,1,639
1432,21,2,639
1432,0,1,639
1432,9,2,639
1433,156,1,640
1433,62,1,640
1433,33,1,640
1434,9,1,641
1434,1,1,641
1435,81,1,642
1435,423,3,642
1435,318,1,642
1435,196,3,642
1436,33,2,643
1437,33,1,644
1437,17,3,644
1438,149,1,645
1438,204,1,645
1438,148,1,645
1438,2,1,645
1438,108,3,645
1438,174,3,645
1439,39,2,646
1439,105,2,646
1439,83,1,646
1440,102,1,647
1440,1,3,647
1441,101,3,648
1442,90,3,649
1442,138,2,649
1442,462,2,649
1443,13,3,650
1443,24,3,650
1443,38,2,650
1443,16,3,650
1444,12,2,651
1444,152,3,651
1444,130,3,651
1445,38,3,652
1446,23,1,653
1446,403,1,653
1446,101,1,653
1446,144,1,653
1447,26,2,654
1447,13,1,654
1448,497,1,655
1449,0,1,656
1449,348,1,656
1450,115,2,657
1450,399,3,657
1451,437,2,658
1451,8,3,658
1452,314,3,659
1452,65,3,659
1452,31,3,659
1452,156,2,659
1452,118,3,659
1452,170,1,659
1453,6,2,660
1453,10,1,660
1454,109,2,661
1454,95,3,661
1454,48,2,661
1454,100,2,661
1454,248,3,661
1455,39,3,662
1455,312,2,662
1455,93,2,662
1456,45,3,663
1457,33,2,664
1457,13,1,664
1457,258,2,664
1458,11,3,665
1458,68,2,665
1458,136,1,665
1458,340,2,665
1458,52,3,665
1458,379,1,665
1458,169,2,665
1459,23,2,666
1460,42,3,667
1460,3,1,667
1460,2,3,667
1461,9,1,668
1461,248,3,668
1461,40,1,668
1462,18,1,669
1462,39,2,669
1462,438,1,669
1462,425,3,669
1462,279,1,669
1462,16,3,669
1463,29,2,670
1464,105,1,671
1465,23,2,672
1466,7,1,673
1466,47,1,673
1467,7,1,674
1467,72,2,674
1467,12,1,674
1467,3,2,674
1467,11,2,674
1467,1,1,674
1467,13,2,674
1467,52,1,674
1467,191,1,674
1468,2,1,675
1468,13,2,675
1469,490,2,676
1469,478,1,676
1469,143,1,676
1469,5,2,676
1469,26,2,676
1469,20,1,676
1469,0,1,676
1469,6,2,676
1469,47,3,676
1469,25,1,676
1469,13,2,676
1469,151,1,676
1469,57,1,676
1469,320,2,676
1470,8,1,677
1471,53,3,678
1472,14,1,679
1472,39,3,679
1472,5,3,679
1473,21,1,680
1474,165,1,681
1474,450,2,681
1474,238,3,681
1474,248,2,681
1474,142,1,681
1474,403,2,681
1474,162,3,681
1475,20,1,682
1475,216,2,682
1476,35,2,683
1476,174,2,683
1476,9,1,683
1476,316,2,683
1476,178,1,683
1477,26,1,684
1478,96,3,685
1478,100,2,685
1478,58,3,685
1478,353,3,685
1478,365,3,685
1478,91,3,685
1478,448,1,685
1478,132,2,685
1478,290,2,685
1479,161,2,686
1480,275,1,687
1480,23,2,687
1480,34,2,687
1480,115,3,687
1481,30,1,688
1482,56,1,689
1482,26,2,689
1482,40,2,689
1483,20,1,690
1483,84,1,690
1483,391,2,690
1483,204,1,690
1484,4,1,691
1485,187,1,692
1485,24,2,692
1485,13,1,692
1485,28,2,692
1486,269,2,693
1486,109,1,693
1486,176,1,693
1486,132,3,693
1487,112,1,694
1488,45,3,695
1488,22,3,695
1488,187,2,695
1488,248,2,695
1488,154,3,695
1488,261,3,695
1488,100,1,695
1489,365,2,696
1489,341,3,696
1490,490,1,697
1490,50,2,697
1491,167,2,698
1491,371,3,698
1492,33,2,699
1492,56,1,699
1492,150,1,699
1493,111,2,700
1493,269,2,700
1493,146,2,700
1493,169,2,700
1493,3,1,700
1493,27,1,700
1494,34,1,701
1494,44,1,701
1494,16,2,701
1494,79,2,701
1495,0,2,702
1495,250,3,702
1495,12,2,702
1496,45,2,703
1497,29,1,704
1497,105,2,704
1497,40,2,704
1497,0,3,704
1497,32,3,704
1497,72,1,704
1498,18,3,705
1498,181,3,705
1498,180,2,705
1498,141,1,705
1498,486,1,705
1498,244,2,705
1498,400,3,705
1498,278,3,705
1498,31,2,705
1498,166,2,705
1498,105,3,705
1498,403,3,705
1498,325,1,705
1498,22,3,705
1498,5,2,705
1498,3,3,705
1499,8,1,706
1499,4,3,706
1499,14,3,706
1499,172,1,706
1499,7,1,706
1499,102,3,706
1499,234,1,706
1500,10,1,707
1500,143,2,707
1501,5,1,708
1501,59,1,708
1502,2,1,709
1502,448,1,709
1502,264,3,709
1502,35,2,709
1503,11,2,710
1504,9,3,711
1504,62,3,711
1504,33,3,711
1505,124,2,712
1506,8,3,713
1507,213,2,714
1507,157,2,714
1508,183,2,715
1508,69,3,715
1508,129,1,715
1508,216,1,715
1508,87,3,715
1509,23,1,716
1509,7,3,716
1509,17,1,716
1509,51,3,716
1509,316,1,716
1510,371,2,717
1510,56,3,717
1511,17,1,718
1511,178,3,718
1511,193,2,718
1511,160,3,718
1511,79,2,718
1511,269,2,718
1511,325,1,718
1512,11,3,719
1512,1,3,719
1512,33,1,719
1512,223,3,719
1512,42,2,719
1512,137,1,719
1513,256,2,720
1514,275,3,721
1515,69,1,722
1515,4,1,722
1515,2,1,722
1515,5,2,722
1515,77,2,722
1515,265,1,722
1515,130,2,722
1515,118,3,722
1515,184,3,722
1515,122,1,722
1515,148,2,722
1515,94,1,722
1515,264,2,722
1515,497,3,722
1515,90,3,722
1515,0,1,722
1516,0,1,723
1516,77,3,723
1516,401,2,723
1516,332,2,723
1516,368,3,723
1517,77,3,724
1517,3,2,724
1517,11,1,724
1518,189,1,725
1518,403,1,725
1518,23,1,725
1518,367,3,725
1519,2,2,726
1519,0,1,726
1519,3,1,726
1519,47,3,726
1519,185,2,726
1519,24,1,726
1520,356,1,727
1520,282,2,727
1520,399,3,727
1520,190,2,727
1521,91,1,728
1522,248,1,729
1523,20,3,730
1523,55,2,730
1523,227,2,730
1523,66,3,730
1523,152,2,730
1523,231,2,730
1523,475,1,730
1523,265,3,730
1523,27,2,730
1524,5,2,731
1525,63,2,732
1526,118,3,733
1527,0,1,734
1527,47,2,734
1527,23,1,734
1527,14,2,734
1527,41,1,734
1527,226,3,734
1527,407,3,734
1528,10,1,735
1528,170,2,735
1528,174,1,735
1529,9,2,736
1529,160,2,736
1530,166,1,737
1530,231,3,737
1530,1,2,737
1530,18,2,737
1530,46,3,737
1531,224,2,738
1531,56,2,738
1532,132,1,739
1533,153,1,740
1534,0,1,741
1534,1,1,741
1534,45,2,741
1535,12,1,742
1535,48,2,742
1535,28,1,742
1536,13,1,743
1537,265,1,744
1537,345,1,744
1538,53,2,745
1538,274,1,745
1538,89,1,745
1539,1,1,746
1540,277,1,747
1540,23,3,747
1540,41,1,747
1540,33,1,747
1540,55,3,747
1540,120,2,747
1541,93,3,748
1541,89,3,748
1541,43,1,748
1542,1,2,749
1542,173,2,749
1542,161,2,749
1543,8,1,750
1543,9,3,750
1543,7,2,750
1543,123,1,750
1543,493,2,750
1543,45,2,750
1543,323,2,750
1543,51,3,750
1543,169,1,750
1543,3,2,750
1544,37,3,751
1544,97,3,751
1544,223,2,751
1544,33,3,751
1544,240,3,751
1544,99,1,751
1544,286,3,751
1544,39,3,751
1544,26,1,751
1544,64,1,751
1545,40,1,752
1545,44,1,752
1546,0,3,753
1546,40,2,753
1546,87,2,753
1546,107,3,753
1546,6,2,753
1547,141,1,754
1548,44,1,755
1548,263,2,755
1548,11,1,755
1549,33,3,756
1550,13,1,757
1550,3,3,757
1550,33,3,757
1550,176,2,757
1551,118,3,758
1551,226,3,758
1551,32,2,758
1552,21,1,759
1552,102,2,759
1552,77,2,759
1552,89,3,759
1552,5,3,759
1553,1,1,760
1553,3,2,760
1554,25,3,761
1554,20,3,761
1555,119,3,762
1556,2,2,763
1557,98,3,764
1558,135,3,765
1559,0,3,766
1559,102,1,766
1559,482,1,766
1559,67,3,766
1560,93,3,767
1561,1,1,768
1561,50,3,768
1561,158,3,768
1561,100,1,768
1562,194,1,769
1562,26,3,769
1563,41,2,770
1564,162,1,771
1564,294,2,771
1564,484,3,771
1564,240,1,771
1565,86,2,772
1565,348,1,772
1565,69,3,772
1565,125,3,772
1565,224,2,772
1565,72,1,772
1565,11,1,772
1566,29,2,773
1566,97,3,773
1567,89,2,774
1567,227,1,774
1567,96,2,774
1567,276,2,774
1567,72,2,774
1567,4,2,774
1567,430,2,774
1567,353,2,774
1567,101,1,774
1567,184,1,774
1567,104,2,774
1567,49,3,774
1567,22,3,774
1568,4,2,775
1568,87,1,775
1568,315,2,775
1568,50,2,775
1568,22,1,775
1568,19,2,775
1568,26,1,775
1569,2,1,776
1569,25,1,776
1569,129,3,776
1570,0,1,777
1571,1,2,778
1571,18,3,778
1572,11,2,779
1572,24,2,779
1572,43,3,779
1572,254,3,779
1572,316,2,779
1572,50,3,779
1572,9,1,779
1573,7,1,780
1573,145,2,780
1573,436,2,780
1574,59,1,781
1575,23,2,782
1575,276,3,782
1575,103,1,782
1575,11,3,782
1575,24,1,782
1576,6,3,783
1576,4,1,783
1576,8,3,783
1577,1,3,784
1577,128,1,784
1577,237,2,784
1577,497,3,784
1577,88,1,784
1577,36,2,784
1577,49,3,784
1577,247,3,784
1577,294,3,784
1578,96,1,785
1578,47,2,785
1579,154,3,786
1579,469,2,786
1579,160,3,786
1580,18,2,787
1581,33,2,788
1582,164,1,789
1582,53,1,789
1583,53,2,790
1583,11,1,790
1583,27,2,790
1583,84,3,790
1583,108,1,790
1583,25,3,790
1583,38,2,790
1584,23,3,791
1585,70,3,792
1586,21,1,793
1586,322,2,793
1587,275,2,794
1588,1,3,795
1588,9,1,795
1588,109,1,795
1588,20,2,795
1589,2,3,796
1590,35,2,797
1591,4,2,798
1591,12,1,798
1591,43,2,798
1591,33,2,798
1591,55,2,798
1591,400,2,798
1592,322,3,799
1593,43,3,800
1593,359,2,800
1594,16,1,801
1594,114,2,801
1595,111,1,802
1596,0,2,803
1596,39,3,803
1597,33,1,804
1598,16,3,805
1599,496,2,806
1599,437,1,806
1600,213,2,807
1600,87,1,807
1600,233,1,807
1600,36,3,807
1600,139,1,807
1600,121,2,807
1600,4,2,807
1600,18,3,807
1600,420,3,807
1600,72,2,807
1601,11,3,808
1601,1,1,808
1602,122,2,809
1602,45,1,809
1602,85,2,809
1602,96,1,809
1602,105,3,809
1603,341,1,810
1603,122,1,810
1603,0,3,810
1604,49,2,811
1604,167,2,811
1604,40,2,811
1605,30,3,812
1605,39,3,812
1605,14,3,812
1605,33,3,812
1606,19,1,813
1606,157,1,813
1606,244,3,813
1607,0,3,814
1608,7,1,815
1609,16,3,816
1609,42,1,816
1610,6,2,817
1611,6,2,818
1611,158,3,818
1611,68,1,818
1612,3,3,819
1613,37,3,820
1613,91,1,820
1613,1,2,820
1613,18,1,820
1613,51,2,820
1613,368,1,820
1613,90,1,820
1613,270,2,820
1613,258,3,820
1614,13,2,821
1614,116,1,821
1615,49,2,822
1615,13,1,822
1615,106,2,822
1616,7,3,823
1616,96,2,823
1617,203,3,824
1617,396,1,824
1618,28,2,825
1618,498,2,825
1618,63,2,825
1618,31,1,825
1619,40,3,826
1619,12,3,826
1619,38,3,826
1619,291,2,826
1620,9,3,827
1621,55,3,828
1621,344,2,828
1621,28,1,828
1621,106,3,828
1622,28,1,829
1622,333,3,829
1623,137,1,830
1623,160,2,830
1623,423,1,830
1623,116,3,830
1623,94,1,830
1624,39,2,831
1624,30,3,831
1624,14,3,831
1624,42,2,831
1624,147,2,831
1624,84,3,831
1625,82,2,832
1626,118,1,833
1626,198,2,833
1627,2,1,834
1627,66,2,834
1627,475,3,834
1627,154,3,834
1627,284,2,834
1627,221,2,834
1628,131,3,835
1629,449,2,836
1630,202,1,837
1631,25,3,838
1632,7,3,839
1633,13,2,840
1633,18,1,840
1634,21,2,841
1634,1,2,841
1635,2,3,842
1635,22,2,842
1635,233,2,842
1636,11,2,843
1636,180,1,843
1637,12,3,844
1637,19,1,844
1637,11,3,844
1637,24,1,844
1637,28,1,844
1637,98,2,844
1637,18,1,844
1638,109,3,845
1638,44,2,845
1638,81,2,845
1638,15,2,845
1638,9,2,845
1638,41,1,845
1639,148,2,846
1639,18,3,846
1639,2,3,846
1639,37,2,846
1640,30,3,847
1640,16,3,847
1640,65,3,847
1640,44,1,847
1641,43,3,848
1642,34,2,849
1642,335,2,849
1642,359,3,849
1643,83,2,850
1643,130,1,850
1643,112,3,850
1644,0,2,851
1645,1,2,852
1645,46,3,852
1645,104,3,852
1645,32,3,852
1645,264,1,852
1645,35,1,852
1646,21,2,853
1647,497,2,854
1648,184,3,855
1649,12,1,856
1649,30,3,856
1649,81,1,856
1649,5,2,856
1649,170,1,856
1649,87,1,856
1649,140,3,856
1649,157,1,856
1649,173,2,856
1649,15,3,856
1649,10,2,856
1649,13,1,856
1650,42,2,857
1651,23,1,858
1652,458,2,859
1652,38,2,859
1652,45,1,859
1653,115,2,860
1653,24,2,860
1654,2,1,861
1654,283,2,861
1655,31,3,862
1655,401,2,862
1655,109,2,862
1655,56,2,862
1655,288,1,862
1656,103,3,863
1656,145,3,863
1656,304,3,863
1657,18,3,864
1657,0,3,864
1657,77,1,864
1658,17,2,865
1659,187,3,866
1659,23,3,866
1659,90,2,866
1660,310,3,867
1661,148,3,868
1661,3,2,868
1661,43,2,868
1662,49,1,869
1662,92,2,869
1663,11,1,870
1663,318,2,870
1664,9,3,871
1665,39,2,872
1666,2,3,873
1666,1,3,873
1667,78,1,874
1667,141,1,874
1667,88,3,874
1667,370,3,874
1667,108,2,874
1667,345,2,874
1668,92,3,875
1669,39,2,876
1670,0,1,877
1671,62,1,878
1671,54,1,878
1672,336,3,879
1672,38,1,879
1672,32,1,879
1672,104,1,879
1672,238,2,879
1672,125,1,879
1672,236,1,879
1672,23,2,879
1672,26,3,879
1672,157,2,879
1672,186,2,879
1672,285,2,879
1672,3,2,879
1672,9,2,879
1673,97,2,880
1674,0,1,881
1674,47,3,881
1674,249,1,881
1674,191,1,881
1674,154,3,881
1674,211,1,881
1675,35,3,882
1675,29,3,882
1675,172,1,882
1675,90,2,882
1675,33,3,882
1675,9,1,882
1675,7,1,882
1675,49,3,882
1675,11,1,882
1675,0,3,882
1676,401,2,883
1677,30,2,884
1677,43,2,884
1677,32,3,884
1677,2,1,884
1677,19,2,884
1677,10,1,884
1677,7,2,884
1678,6,2,885
1678,0,2,885
1679,168,1,886
1680,30,2,887
1680,40,2,887
1680,111,1,887
1680,156,1,887
1680,16,3,887
1680,4,1,887
1680,35,1,887
1681,37,1,888
1682,43,3,889
1682,11,3,889
1682,3,1,889
1683,14,2,890
1684,139,2,891
1684,370,1,891
1684,195,3,891
1684,103,2,891
1684,52,1,891
1685,238,2,892
1686,1,3,893
1686,24,3,893
1687,41,3,894
1687,407,2,894
1687,391,3,894
1687,351,3,894
1687,370,3,894
1687,115,1,894
1687,263,2,894
1688,19,3,895
1688,462,3,895
1688,118,1,895
1688,47,2,895
1688,6,2,895
1688,164,2,895
1688,173,3,895
1688,111,2,895
1688,144,3,895
1689,61,3,896
1689,484,1,896
1689,62,3,896
1689,33,2,896
1690,120,2,897
1690,55,2,897
1690,0,1,897
1691,9,3,898
1692,33,3,899
1693,84,1,900
1693,42,1,900
1694,288,2,901
1695,22,3,902
1695,3,2,902
1696,1,1,903
1696,10,2,903
1696,12,2,903
1696,57,3,903
1696,417,1,903
1696,115,3,903
1697,8,2,904
1698,105,2,905
1698,195,3,905
1698,318,1,905
1698,84,2,905
1698,40,3,905
1699,18,3,906
1699,3,3,906
1699,113,1,906
1700,279,2,907
1701,92,2,908
1701,164,2,908
1701,399,1,908
1701,448,2,908
1702,177,1,909
1702,193,1,909
1703,263,2,910
1704,33,3,911
1704,176,2,911
1704,291,3,911
1704,104,1,911
1704,19,1,911
1704,490,3,911
1704,11,3,911
1704,80,1,911
1704,183,1,911
1705,12,1,912
1705,96,3,912
1705,226,2,912
1705,27,1,912
1705,11,1,912
1706,315,1,913
1706,137,2,913
1707,38,2,914
1707,37,1,914
1707,31,2,914
1707,28,2,914
1707,21,3,914
1707,125,2,914
1707,3,2,914
1707,98,1,914
1707,19,1,914
1707,44,3,914
1707,10,1,914
1708,15,1,915
1708,169,2,915
1708,75,2,915
1708,13,1,915
1708,137,1,915
1709,24,3,916
1710,41,1,917
1710,182,1,917
1711,87,1,918
1711,462,2,918
1711,345,2,918
1711,422,3,918
1711,224,1,918
1711,135,1,918
1711,99,2,918
1711,208,3,918
1712,348,3,919
1713,174,1,920
1714,129,3,921
1714,455,2,921
1714,99,2,921
1714,340,2,921
1714,134,1,921
1715,135,1,922
1715,24,2,922
1715,373,2,922
1716,87,2,923
1717,102,1,924
1718,4,3,925
1719,173,3,926
1720,6,2,927
1720,59,3,927
1720,11,3,927
1720,95,1,927
1720,5,3,927
1721,11,3,928
1722,56,3,929
1722,498,1,929
1723,24,3,930
1724,278,2,931
1724,399,3,931
1724,54,1,931
1724,67,3,931
1724,245,1,931
1724,86,2,931
1724,175,3,931
1725,404,1,932
1726,14,1,933
1727,43,2,934
1728,224,1,935
1728,138,2,935
1728,29,2,935
1729,63,2,936
1729,9,1,936
1729,49,1,936
1729,66,3,936
1729,64,2,936
1730,7,1,937
1731,35,2,938
1731,17,3,938
1731,38,1,938
1732,19,1,939
1732,13,3,939
1732,401,2,939
1732,345,2,939
1732,84,3,939
1732,269,2,939
1732,192,3,939
1733,71,2,940
1734,399,2,941
1735,67,2,942
1735,185,1,942
1735,136,1,942
1736,97,3,943
1736,46,3,943
1736,21,1,943
1737,9,1,944
1737,118,3,944
1738,22,2,945
1739,315,3,946
1740,4,3,947
1740,11,3,947
1741,94,3,948
1742,229,1,949
1743,0,3,950
1744,22,2,951
1744,5,2,951
1744,445,3,951
1744,204,2,951
1744,335,2,951
1744,291,2,951
1745,114,1,952
1745,436,2,952
1745,147,2,952
1745,77,3,952
1746,162,2,953
1746,109,2,953
1747,82,1,954
1747,396,1,954
1747,143,2,954
1748,47,1,955
1748,2,3,955
1749,48,2,956
1749,60,3,956
1749,3,3,956
1749,72,1,956
1749,62,3,956
1749,185,2,956
1749,2,2,956
1750,34,2,957
1751,70,3,958
1751,15,1,958
1751,43,3,958
1751,25,2,958
1751,111,2,958
1751,151,3,958
1752,2,1,959
1752,22,1,959
1752,42,3,959
1752,9,1,959
1752,37,2,959
1753,112,3,960
1754,52,1,961
1755,159,2,962
1755,47,3,962
1755,64,1,962
1755,38,3,962
1755,87,2,962
1756,236,1,963
1757,25,2,964
1757,21,3,964
1757,11,3,964
1758,6,1,965
1758,145,1,965
1758,77,1,965
1758,0,1,965
1758,47,3,965
1759,247,3,966
1760,185,3,967
1760,165,2,967
1760,359,2,967
1761,268,2,968
1761,25,1,968
1761,89,3,968
1762,213,3,969
1762,104,1,969
1763,32,2,970
1763,0,1,970
1763,3,3,970
1764,48,3,971
1764,7,2,971
1764,75,3,971
1764,345,3,971
1764,283,3,971
1764,69,2,971
1764,8,1,971
1765,4,3,972
1765,2,3,972
1765,140,2,972
1765,143,3,972
1765,68,3,972
1766,151,1,973
1766,118,3,973
1766,482,3,973
1767,10,2,974
1768,4,3,975
1768,5,2,975
1768,140,3,975
1768,9,3,975
1768,2,2,975
1768,223,3,975
1768,278,3,975
1768,400,1,975
1768,243,3,975
1768,104,1,975
1768,389,2,975
1768,77,1,975
1768,30,3,975
1768,240,1,975
1768,267,2,975
1768,371,3,975
1768,29,3,975
1769,100,3,976
1769,3,2,976
1769,10,1,976
1769,389,3,976
1769,466,1,976
1769,472,3,976
1769,15,1,976
1770,6,1,977
1770,48,1,977
1770,18,1,977
1771,276,2,978
1772,38,3,979
1772,32,3,979
1772,30,1,979
1772,91,3,979
1772,60,2,979
1772,243,1,979
1772,327,1,979
1772,391,2,979
1773,49,1,980
1773,167,3,980
1773,12,3,980
1773,482,1,980
1774,13,2,981
1774,148,3,981
1774,352,3,981
1774,340,1,981
1774,348,3,981
1774,147,2,981
1775,151,1,982
1776,45,2,983
1776,318,2,983
1776,242,3,983
1777,144,2,984
1777,155,2,984
1777,189,3,984
1778,184,3,985
1778,3,1,985
1778,123,2,985
1778,170,3,985
1779,45,2,986
1779,205,2,986
1779,42,1,986
1779,9,2,986
1780,192,2,987
1780,261,1,987
1780,64,2,987
1780,83,3,987
1781,46,2,988
1782,18,3,989
1782,24,1,989
1782,106,1,989
1782,109,3,989
1783,39,3,990
1783,15,3,990
1783,33,1,990
1784,53,1,991
1785,342,2,992
1785,76,3,992
1785,22,1,992
1785,167,2,992
1785,493,1,992
1785,379,2,992
1785,5,3,992
1786,44,2,993
1786,63,2,993
1786,27,2,993
1787,125,1,994
1787,183,2,994
1787,33,3,994
1788,5,2,995
1788,14,1,995
1788,89,2,995
1788,40,1,995
1789,39,2,996
1790,113,2,997
1791,20,1,998
1792,389,1,999
1792,139,3,999
1792,5,3,999
1792,21,3,999
1792,9,1,999
1793,62,2,1000
1793,88,1,1000
1793,268,3,1000
1793,2,1,1000
1793,148,3,1000
1793,14,3,1000
1793,187,3,1000
1793,112,2,1000
1793,8,1,1000
1793,204,3,1000
1794,79,3,1001
1794,26,3,1001
1794,6,2,1001
1795,16,1,1002
1795,21,2,1002
1795,80,3,1002
1796,214,3,1003
1796,59,1,1003
1796,111,1,1003
1796,1,2,1003
1796,122,2,1003
1797,176,1,1004
1797,325,3,1004
1797,6,1,1004
1797,493,2,1004
1797,50,1,1004
1798,49,1,1005
1799,91,1,1006
1799,316,1,1006
1800,7,3,1007
1800,233,2,1007
1800,12,1,1007
1801,96,2,1008
1802,24,2,1009
1802,41,3,1009
1802,47,1,1009
1803,85,1,1010
1803,123,1,1010
1804,20,1,1011
1804,0,1,1011
1804,10,3,1011
1804,63,3,1011
1805,151,1,1012
1806,167,1,1013
1806,58,3,1013
1806,17,2,1013
1807,423,2,1014
1807,45,1,1014
1807,173,2,1014
1807,127,3,1014
1807,25,3,1014
1807,114,3,1014
1807,101,2,1014
1807,140,3,1014
1807,295,3,1014
1807,98,2,1014
1807,206,1,1014
1807,78,2,1014
1807,2,3,1014
1807,28,2,1014
1807,368,3,1014
1807,149,3,1014
1808,177,1,1015
1808,121,2,1015
1808,8,2,1015
1808,67,2,1015
1808,25,3,1015
1808,2,3,1015
1809,201,2,1016
1809,256,1,1016
1809,271,3,1016
1809,1,1,1016
1809,80,3,1016
1810,132,1,1017
1810,445,2,1017
1810,474,3,1017
1810,410,1,1017
1810,23,3,1017
1811,7,1,1018
1811,10,1,1018
1811,331,1,1018
1811,33,1,1018
1811,37,3,1018
1811,42,3,1018
1812,278,3,1019
1812,94,3,1019
1812,36,3,1019
1812,47,3,1019
1812,30,3,1019
1812,0,2,1019
1813,28,1,1020
1813,5,1,1020
1814,33,3,1021
1814,77,1,1021
1814,294,1,1021
1815,6,1,1022
1816,172,3,1023
1816,304,2,1023
1816,222,1,1023
1817,22,1,1024
1817,227,1,1024
1818,18,2,1025
1819,290,1,1026
1820,9,1,1027
1821,45,1,1028
1821,95,1,1028
1821,51,1,1028
1821,4,1,1028
1821,228,1,1028
1822,4,2,1029
1823,41,1,1030
1823,19,1,1030
1823,36,1,1030
1823,179,2,1030
1823,4,1,1030
1824,26,2,1031
1824,3,3,1031
1824,48,3,1031
1824,95,1,1031
1824,12,3,1031
1824,44,1,1031
1824,14,1,1031
1824,195,1,1031
1824,333,2,1031
1824,166,3,1031
1825,27,2,1032
1826,367,2,1033
1827,28,2,1034
1827,7,1,1034
1827,300,1,1034
1827,0,2,1034
1828,23,2,1035
1828,3,3,1035
1828,18,1,1035
1828,14,3,1035
1829,17,2,1036
1830,119,3,1037
1830,79,1,1037
1830,36,1,1037
1831,9,3,1038
1832,10,3,1039
1832,11,1,1039
1833,73,3,1040
1833,210,1,1040
1833,290,3,1040
1834,170,3,1041
1834,280,3,1041
1834,105,2,1041
1834,41,1,1041
1835,1,1,1042
1835,0,1,1042
1836,51,3,1043
1836,49,3,1043
1836,96,2,1043
1836,327,2,1043
1837,24,2,1044
1837,137,2,1044
1838,28,3,1045
1838,37,3,1045
1839,110,2,1046
1839,29,1,1046
1839,28,3,1046
1839,37,1,1046
1839,1,1,1046
1839,47,3,1046
1839,185,1,1046
1839,190,2,1046
1839,39,2,1046
1839,188,3,1046
1839,245,1,1046
1839,67,1,1046
1839,198,2,1046
1839,213,2,1046
1840,37,3,1047
1841,43,3,1048
1841,48,1,1048
1841,61,1,1048
1841,20,1,1048
1841,10,2,1048
1841,143,2,1048
1841,68,2,1048
1841,37,3,1048
1841,0,2,1048
1841,187,1,1048
1841,2,2,1048
1841,145,2,1048
1841,87,2,1048
1841,186,2,1048
1842,53,1,1049
1843,5,1,1050
1843,41,1,1050
1843,28,2,1050
1844,273,3,1051
1844,158,3,1051
1845,24,1,1052
1846,96,1,1053
1846,266,2,1053
1847,9,2,1054
1847,2,1,1054
1847,160,1,1054
1848,333,2,1055
1849,27,3,1056
1849,206,2,1056
1849,24,2,1056
1850,279,3,1057
1850,439,2,1057
1851,40,3,1058
1852,6,1,1059
1852,2,2,1059
1852,103,1,1059
1852,77,1,1059
1852,291,1,1059
1852,21,3,1059
1852,184,2,1059
1853,65,3,1060
1854,121,1,1061
1855,91,1,1062
1856,150,3,1063
1857,28,2,1064
1858,51,1,1065
1858,98,3,1065
1858,454,3,1065
1858,116,3,1065
1858,360,3,1065
1858,275,3,1065
1859,165,3,1066
1860,86,3,1067
1860,58,2,1067
1860,472,2,1067
1860,77,1,1067
1860,89,2,1067
1861,104,3,1068
1862,24,1,1069
1862,143,3,1069
1862,10,1,1069
1862,225,2,1069
1862,450,1,1069
1862,34,2,1069
1863,41,3,1070
1863,90,3,1070
1863,28,1,1070
1863,25,1,1070
1864,9,1,1071
1864,209,2,1071
1864,195,1,1071
1865,373,1,1072
1865,172,2,1072
1866,27,2,1073
1866,37,2,1073
1866,25,3,1073
1866,8,2,1073
1867,231,3,1074
1867,128,3,1074
1867,37,3,1074
1867,93,3,1074
1867,449,3,1074
1867,274,2,1074
1867,187,3,1074
1868,33,2,1075
1868,17,3,1075
1868,47,1,1075
1868,23,2,1075
1869,24,3,1076
1869,97,2,1076
1870,214,3,1077
1871,11,2,1078
1871,60,1,1078
1872,2,3,1079
1872,446,3,1079
1872,258,3,1079
1872,68,1,1079
1872,25,1,1079
1872,22,3,1079
1873,220,2,1080
1873,255,1,1080
1873,306,3,1080
1873,47,2,1080
1874,439,1,1081
1875,6,2,1082
1876,6,2,1083
1876,83,1,1083
1877,7,3,1084
1877,77,1,1084
1877,266,1,1084
1877,55,1,1084
1877,18,2,1084
1878,118,2,1085
1879,88,3,1086
1880,0,2,1087
1881,352,3,1088
1881,197,3,1088
1882,10,1,1089
1882,251,2,1089
1883,46,3,1090
1883,117,2,1090
1884,0,3,1091
1885,29,1,1092
1886,30,2,1093
1887,4,2,1094
1887,295,2,1094
1888,43,3,1095
1888,24,3,1095
1889,41,3,1096
1889,312,3,1096
1889,336,3,1096
1890,103,1,1097
1891,101,1,1098
1891,241,1,1098
1892,41,2,1099
1893,135,1,1100
1893,116,1,1100
1893,241,3,1100
1893,193,3,1100
1894,113,1,1101
1894,41,2,1101
1894,79,1,1101
1894,315,3,1101
1895,210,3,1102
1895,134,2,1102
1895,169,1,1102
1895,490,2,1102
1895,221,2,1102
1895,42,3,1102
1895,0,3,1102
1895,156,1,1102
1895,72,2,1102
1896,125,1,1103
1896,466,3,1103
1896,399,2,1103
1896,87,1,1103
1896,195,2,1103
1896,2,2,1103
1897,8,1,1104
1897,205,2,1104
1897,0,3,1104
1897,40,3,1104
1897,44,1,1104
1897,33,1,1104
1898,227,3,1105
1898,296,3,1105
1898,9,1,1105
1899,57,1,1106
1899,265,3,1106
1899,31,1,1106
1900,7,3,1107
1900,49,1,1107
1900,169,2,1107
1900,196,1,1107
1901,35,2,1108
1901,3,3,1108
1901,11,1,1108
1901,28,3,1108
1901,498,3,1108
1901,98,1,1108
1901,1,2,1108
1901,47,2,1108
1901,6,2,1108
1901,24,1,1108
1902,62,1,1109
1903,248,2,1110
1903,43,3,1110
1903,367,1,1110
1903,153,1,1110
1904,50,3,1111
1905,17,3,1112
1905,224,1,1112
1905,87,3,1112
1905,315,1,1112
1906,198,2,1113
1906,25,3,1113
1907,36,2,1114
1908,348,2,1115
1909,103,3,1116
1909,109,2,1116
1910,260,3,1117
1910,238,2,1117
1910,186,1,1117
1911,80,2,1118
1911,104,3,1118
1912,389,3,1119
1912,296,1,1119
1912,208,2,1119
1912,285,3,1119
1912,25,1,1119
1912,47,3,1119
1912,14,3,1119
1912,0,2,1119
1912,396,2,1119
1912,371,1,1119
1913,24,3,1120
1913,14,1,1120
1913,18,1,1120
1913,3,2,1120
1913,33,3,1120
1913,0,2,1120
1913,8,1,1120
1913,25,1,1120
1913,12,1,1120
1913,132,1,1120
1913,23,2,1120
1913,280,2,1120
1913,55,1,1120
1913,9,1,1120
1913,1,3,1120
1913,127,3,1120
1913,81,2,1120
1913,118,2,1120
1913,31,2,1120
1913,473,2,1120
1913,30,1,1120
1913,65,2,1120
1913,345,3,1120
1913,87,2,1120
1914,231,3,1121
1915,163,3,1122
1915,80,3,1122
1915,6,1,1122
1916,0,3,1123
1916,172,2,1123
1917,81,1,1124
1917,4,1,1124
1918,285,1,1125
1919,93,2,1126
1919,482,3,1126
1920,45,3,1127
1920,33,3,1127
1920,101,2,1127
1921,22,3,1128
1921,236,1,1128
1922,14,1,1129
1922,115,1,1129
1922,320,2,1129
1922,170,1,1129
1922,49,1,1129
1922,238,2,1129
1923,101,2,1130
1923,16,2,1130
1924,1,2,1131
1924,38,1,1131
1924,143,2,1131
1924,325,1,1131
1924,214,3,1131
1924,299,3,1131
1924,42,3,1131
1925,39,1,1132
1925,60,3,1132
1925,3,3,1132
1926,16,3,1133
1926,29,2,1133
1927,49,1,1134
1927,15,1,1134
1927,110,1,1134
1927,469,2,1134
1928,8,2,1135
1928,51,2,1135
1929,7,2,1136
1930,20,2,1137
1930,101,2,1137
1930,174,2,1137
1930,294,2,1137
1930,301,3,1137
1930,353,2,1137
1931,32,1,1138
1931,10,2,1138
1932,1,1,1139
1932,18,3,1139
1933,171,1,1140
1933,165,3,1140
1933,349,2,1140
1934,0,1,1141
1934,71,1,1141
1934,267,2,1141
1934,44,3,1141
1934,83,2,1141
1934,39,1,1141
1934,3,3,1141
1934,1,1,1141
1934,9,1,1141
1934,6,2,1141
1934,103,1,1141
1935,275,1,1142
1935,105,2,1142
1935,13,3,1142
1935,190,1,1142
1935,371,3,1142
1936,275,1,1143
1936,224,3,1143
1936,117,2,1143
1937,39,3,1144
1937,256,3,1144
1937,129,1,1144
1937,50,2,1144
1937,158,2,1144
1937,167,2,1144
1938,48,2,1145
1938,26,3,1145
1939,27,1,1146
1939,87,1,1146
1940,43,3,1147
1940,40,3,1147
1940,113,1,1147
1941,22,3,1148
1941,137,2,1148
1942,49,2,1149
1942,176,1,1149
1942,22,2,1149
1943,30,1,1150
1944,27,2,1151
1944,267,1,1151
1945,359,3,1152
1945,143,3,1152
1945,220,1,1152
1946,23,1,1153
1947,10,1,1154
1947,105,1,1154
1947,31,1,1154
1948,92,3,1155
1948,430,2,1155
1948,128,2,1155
1948,2,2,1155
1948,52,1,1155
1948,123,1,1155
1948,1,3,1155
1948,194,3,1155
1948,185,1,1155
1948,237,2,1155
1949,2,1,1156
1950,255,2,1157
1950,278,3,1157
1950,493,2,1157
1950,258,2,1157
1950,83,3,1157
1950,125,2,1157
1950,8,2,1157
1950,13,1,1157
1950,38,1,1157
1950,11,1,1157
1950,420,2,1157
1950,496,3,1157
1951,11,1,1158
1951,3,1,1158
1952,3,1,1159
1952,21,3,1159
1952,61,2,1159
1952,45,2,1159
1952,56,3,1159
1952,10,2,1159
1952,117,2,1159
1953,24,2,1160
1953,13,2,1160
1954,22,3,1161
1955,2,3,1162
1956,29,3,1163
1956,191,3,1163
1956,437,3,1163
1957,72,2,1164
1958,79,3,1165
1958,36,1,1165
1958,7,1,1165
1959,310,1,1166
1960,68,2,1167
1961,46,3,1168
1961,142,3,1168
1962,176,1,1169
1962,228,3,1169
1963,26,3,1170
1963,172,2,1170
1963,111,2,1170
1963,165,2,1170
1963,266,2,1170
1963,312,2,1170
1963,373,2,1170
1963,100,1,1170
1963,150,1,1170
1963,81,2,1170
1963,123,1,1170
1963,283,2,1170
1963,322,3,1170
1964,438,2,1171
1964,36,3,1171
1965,106,1,1172
1965,154,3,1172
1965,225,3,1172
1966,16,2,1173
1967,41,3,1174
1967,79,3,1174
1967,144,3,1174
1967,85,3,1174
1968,114,2,1175
1968,336,1,1175
1968,225,3,1175
1968,463,2,1175
1969,39,1,1176
1969,26,3,1176
1969,74,1,1176
1969,66,2,1176
1970,58,2,1177
1971,53,2,1178
1972,8,3,1179
1972,87,3,1179
1972,145,3,1179
1973,365,2,1180
1974,1,3,1181
1974,167,3,1181
1974,33,1,1181
1975,410,3,1182
1975,71,1,1182
1975,244,1,1182
1975,69,3,1182
1975,169,3,1182
1975,184,1,1182
1975,3,2,1182
1975,0,3,1182
1975,4,3,1182
1975,9,1,1182
1976,28,3,1183
1976,228,1,1183
1976,269,3,1183
1976,301,2,1183
1977,245,2,1184
1977,130,1,1184
1977,316,1,1184
1978,46,2,1185
1979,0,1,1186
1979,109,3,1186
1979,26,2,1186
1979,438,2,1186
1979,66,1,1186
1979,4,1,1186
1979,1,2,1186
1979,55,1,1186
1979,482,2,1186
1979,474,1,1186
1979,123,1,1186
1980,261,1,1187
1980,0,1,1187
1980,14,2,1187
1981,80,1,1188
1982,129,1,1189
1983,93,3,1190
1983,18,2,1190
1983,3,2,1190
1983,12,2,1190
1983,351,1,1190
1983,469,3,1190
1983,142,3,1190
1983,82,1,1190
1984,33,1,1191
1984,6,1,1191
1985,6,2,1192
1985,79,1,1192
1985,47,1,1192
1985,10,2,1192
1985,0,2,1192
1985,20,1,1192
1986,353,3,1193
1986,144,3,1193
1986,215,1,1193
1986,228,2,1193
1987,165,1,1194
1987,129,2,1194
1987,28,3,1194
1988,371,3,1195
1989,164,3,1196
1989,43,1,1196
1989,102,1,1196
1989,244,3,1196
1989,269,1,1196
1989,99,2,1196
1990,187,2,1197
1990,247,1,1197
1990,265,1,1197
1991,23,3,1198
1991,16,1,1198
1992,14,3,1199
1992,57,1,1199
1993,1,3,1200
1994,23,2,1201
1994,7,2,1201
1994,445,2,1201
1995,47,2,1202
1995,170,3,1202
1995,448,3,1202
1995,124,1,1202
1996,29,2,1203
1996,0,3,1203
1996,355,1,1203
1997,21,1,1204
1997,44,2,1204
1997,225,1,1204
1997,50,3,1204
1997,110,3,1204
1997,183,2,1204
1997,9,3,1204
1997,34,1,1204
1997,29,2,1204
1997,131,2,1204
1997,22,3,1204
1997,14,2,1204
1997,117,3,1204
1997,26,1,1204
1997,41,2,1204
1997,161,1,1204
1997,290,2,1204
1998,498,2,1205
1998,201,3,1205
1998,286,3,1205
1998,296,3,1205
1999,8,3,1206
2000,55,2,1207
2000,270,1,1207
2001,115,3,1208
2001,29,2,1208
2002,43,2,1209
2003,125,1,1210
2003,177,1,1210
2003,85,2,1210
2004,297,1,1211
2004,117,1,1211
2004,54,1,1211
2004,72,2,1211
2004,200,2,1211
2004,91,2,1211
2004,3,2,1211
2004,27,2,1211
2004,13,1,1211
2004,30,3,1211
2005,165,2,1212
2005,460,2,1212
2006,109,1,1213
2006,196,3,1213
2006,81,2,1213
2006,33,2,1213
2006,0,2,1213
2006,438,1,1213
2006,173,1,1213
2007,79,2,1214
2008,92,2,1215
2008,138,3,1215
2008,316,3,1215
2008,26,3,1215
2008,129,1,1215
2009,11,2,1216
2010,6,1,1217
2010,106,3,1217
2010,10,1,1217
2011,10,3,1218
2011,452,1,1218
2012,10,2,1219
2013,157,2,1220
2013,68,3,1220
2013,166,2,1220
2014,54,1,1221
2014,39,3,1221
2014,179,1,1221
2014,323,1,1221
2014,121,3,1221
2014,484,3,1221
2015,47,2,1222
2015,39,2,1222
2015,299,3,1222
2016,35,2,1223
2017,112,1,1224
2017,6,1,1224
2017,256,3,1224
2017,365,1,1224
2017,198,1,1224
2017,2,2,1224
2017,51,2,1224
2018,203,3,1225
2018,439,2,1225
2019,111,1,1226
2020,28,1,1227
2020,98,3,1227
2020,174,1,1227
2020,209,1,1227
2021,6,1,1228
2022,166,3,1229
2022,10,3,1229
2022,84,1,1229
2022,23,2,1229
2022,30,2,1229
2022,24,2,1229
2022,241,3,1229
2023,3,3,1230
2023,288,2,1230
2023,221,1,1230
2023,172,3,1230
2024,47,1,1231
2024,30,1,1231
2025,5,3,1232
2025,32,2,1232
2025,36,1,1232
2025,23,1,1232
2025,37,2,1232
2026,430,1,1233
2026,106,3,1233
2026,36,3,1233
2026,6,3,1233
2026,1,3,1233
2026,30,2,1233
2027,33,2,1234
2027,17,3,1234
2027,38,2,1234
2027,11,1,1234
2027,267,1,1234
2027,61,3,1234
2027,179,3,1234
2027,103,1,1234
2027,353,2,1234
2027,240,2,1234
2028,2,1,1235
2028,22,1,1235
2028,79,1,1235
2028,41,1,1235
2028,53,1,1235
2028,18,2,1235
2029,57,1,1236
2029,82,3,1236
2029,52,3,1236
2029,199,2,1236
2029,28,3,1236
2029,16,2,1236
2029,114,1,1236
2029,95,1,1236
2029,249,1,1236
2030,159,2,1237
2031,18,3,1238
2031,201,2,1238
2031,173,2,1238
2031,355,2,1238
2031,181,2,1238
2031,28,2,1238
2031,3,2,1238
2031,388,2,1238
2032,2,2,1239
2032,7,1,1239
2032,201,1,1239
2032,176,1,1239
2032,14,3,1239
2032,1,3,1239
2032,17,3,1239
2032,24,3,1239
2032,3,3,1239
2033,21,1,1240
2033,498,3,1240
2034,14,1,1241
2034,26,2,1241
2034,56,3,1241
2035,57,1,1242
2035,140,2,1242
2035,35,1,1242
2035,178,1,1242
2035,231,3,1242
2035,25,3,1242
2035,96,2,1242
2035,157,1,1242
2035,318,1,1242
2036,10,1,1243
2037,137,1,1244
2037,20,3,1244
2038,67,3,1245
2039,185,1,1246
2039,175,1,1246
2039,226,2,1246
2039,12,3,1246
2039,0,2,1246
2039,37,3,1246
2039,4,3,1246
2039,28,3,1246
2040,7,2,1247
2040,2,2,1247
2040,87,2,1247
2040,197,2,1247
2041,13,1,1248
2041,26,2,1248
2042,371,2,1249
2042,164,3,1249
2042,265,3,1249
2043,40,1,1250
2043,68,2,1250
2043,1,3,1250
2044,0,2,1251
2044,13,2,1251
2044,14,2,1251
2044,153,2,1251
2044,197,1,1251
2044,48,2,1251
2044,189,2,1251
2044,87,1,1251
2044,103,2,1251
2045,42,2,1252
2045,314,3,1252
2045,182,1,1252
2045,296,2,1252
2045,80,1,1252
2045,260,1,1252
2045,81,1,1252
2046,498,1,1253
2046,295,2,1253
2046,19,2,1253
2046,342,3,1253
2046,294,2,1253
2046,123,1,1253
2046,159,2,1253
2046,184,2,1253
2046,1,3,1253
2047,404,2,1254
2047,345,1,1254
2047,214,2,1254
2047,163,3,1254
2048,106,2,1255
2049,44,2,1256
2049,248,1,1256
2049,221,3,1256
2049,137,1,1256
2050,37,1,1257
2050,7,1,1257
2051,157,3,1258
2052,8,3,1259
2052,5,3,1259
2053,1,1,1260
2053,24,3,1260
2054,180,3,1261
2054,9,2,1261
2054,19,3,1261
2055,88,2,1262
2055,460,2,1262
2056,47,1,1263
2057,0,1,1264
2058,97,2,1265
2058,26,3,1265
2058,14,1,1265
2058,108,3,1265
2058,407,3,1265
2058,110,3,1265
2058,28,1,1265
2059,34,1,1266
2060,236,3,1267
2061,270,1,1268
2061,478,1,1268
2061,243,3,1268
2062,25,1,1269
2063,266,1,1270
2063,11,3,1270
2063,0,2,1270
2063,30,1,1270
2063,24,2,1270
2063,267,1,1270
2063,18,2,1270
2063,184,2,1270
2063,132,3,1270
2063,96,3,1270
2063,20,3,1270
2063,493,1,1270
2064,242,3,1271
2064,45,2,1271
2064,135,2,1271
2065,496,2,1272
2065,484,2,1272
2065,169,2,1272
2066,156,3,1273
2066,2,1,1273
2066,23,3,1273
2066,314,3,1273
2066,288,3,1273
2066,271,2,1273
2066,249,1,1273
2066,141,1,1273
2066,127,3,1273
2066,333,2,1273
2066,109,1,1273
2066,196,3,1273
2067,2,1,1274
2067,325,2,1274
2068,187,3,1275
2069,108,2,1276
2069,371,1,1276
2069,180,3,1276
2070,356,1,1277
2070,173,2,1277
2071,283,2,1278
2072,109,1,1279
2072,197,1,1279
2073,27,3,1280
2074,178,1,1281
2074,27,2,1281
2074,54,1,1281
2074,10,1,1281
2075,154,3,1282
2075,20,3,1282
2075,85,2,1282
2075,96,3,1282
2075,488,3,1282
2076,36,3,1283
2077,82,3,1284
2077,103,2,1284
2078,325,3,1285
2079,38,1,1286
2079,63,1,1286
2080,277,2,1287
2080,472,2,1287
2080,497,2,1287
2080,241,2,1287
2080,169,1,1287
2080,340,1,1287
2080,8,1,1287
2080,198,2,1287
2080,150,2,1287
2080,251,2,1287
2081,14,1,1288
2082,184,2,1289
2082,6,1,1289
2083,46,2,1290
2084,85,1,1291
2084,94,1,1291
2084,155,2,1291
2085,95,2,1292
2085,81,2,1292
2086,13,3,1293
2086,22,3,1293
2087,184,1,1294
2087,241,2,1294
2087,165,1,1294
2088,2,3,1295
2088,31,2,1295
2088,269,2,1295
2088,148,1,1295
2088,14,3,1295
2088,22,2,1295
2089,23,1,1296
2089,16,3,1296
2090,129,1,1297
2090,92,1,1297
2091,43,2,1298
2091,41,3,1298
2092,160,3,1299
2092,151,1,1299
2092,116,1,1299
2092,194,3,1299
2092,50,2,1299
2092,282,3,1299
2092,371,3,1299
2093,5,2,1300
2093,1,3,1300
2093,26,1,1300
2093,85,2,1300
2093,65,2,1300
2093,447,1,1300
2093,48,1,1300
2094,27,1,1301
2094,473,1,1301
2094,244,3,1301
2094,12,1,1301
2095,102,3,1302
2095,55,1,1302
2095,12,1,1302
2095,201,2,1302
2095,42,3,1302
2095,137,3,1302
2095,223,2,1302
2095,41,3,1302
2095,59,3,1302
2096,13,3,1303
2096,131,3,1303
2096,124,1,1303
2097,83,1,1304
2097,186,1,1304
2098,27,1,1305
2098,13,1,1305
2098,12,3,1305
2098,156,3,1305
2098,43,2,1305
2098,48,3,1305
2099,349,3,1306
2099,4,1,1306
2100,108,2,1307
2100,59,1,1307
2100,145,1,1307
2101,436,2,1308
2101,102,2,1308
2101,162,2,1308
2102,14,2,1309
2102,458,1,1309
2103,7,2,1310
2103,207,1,1310
2103,65,2,1310
2103,466,3,1310
2103,251,2,1310
2104,15,2,1311
2104,142,2,1311
2105,225,3,1312
2105,47,3,1312
2106,4,1,1313
2106,18,3,1313
2106,52,1,1313
2107,109,1,1314
2108,60,2,1315
2108,90,3,1315
2108,35,3,1315
2108,189,1,1315
2108,30,3,1315
2108,16,3,1315
2109,5,2,1316
2110,135,1,1317
2110,112,1,1317
2111,62,3,1318
2112,1,3,1319
2113,3,2,1320
2114,88,2,1321
2115,430,3,1322
2115,458,3,1322
2115,59,1,1322
2115,5,1,1322
2115,26,2,1322
2116,12,2,1323
2117,92,3,1324
2117,98,1,1324
2117,423,3,1324
2117,24,2,1324
2118,61,3,1325
2118,5,1,1325
2118,327,2,1325
2119,349,2,1326
2119,238,2,1326
2119,463,1,1326
2120,183,3,1327
2120,83,3,1327
2120,35,1,1327
2121,222,1,1328
2121,423,3,1328
2122,2,3,1329
2122,277,1,1329
2122,139,3,1329
2122,199,1,1329
2122,118,1,1329
2122,314,1,1329
2122,193,1,1329
2123,0,3,1330
2123,100,1,1330
2124,2,1,1331
2124,10,1,1331
2124,104,1,1331
2125,11,1,1332
2126,8,1,1333
2126,27,2,1333
2126,122,2,1333
2127,322,2,1334
2128,17,3,1335
2128,301,2,1335
2129,241,3,1336
2129,21,3,1336
2129,204,2,1336
2130,4,2,1337
2131,6,3,1338
2131,15,1,1338
2131,132,2,1338
2131,238,1,1338
2131,46,2,1338
2131,232,2,1338
2131,184,1,1338
2131,314,1,1338
2132,0,3,1339
2132,153,3,1339
2132,422,2,1339
2133,35,3,1340
2133,34,3,1340
2133,284,3,1340
2133,447,2,1340
2133,486,3,1340
2133,301,3,1340
2133,64,2,1340
2134,51,2,1341
2134,446,1,1341
2134,11,2,1341
2134,228,2,1341
2134,15,1,1341
2134,28,1,1341
2135,50,1,1342
2135,371,2,1342
2135,56,1,1342
2135,6,3,1342
2135,158,2,1342
2135,275,3,1342
2135,163,1,1342
2135,322,3,1342
2135,350,1,1342
2136,13,2,1343
2137,111,2,1344
2137,36,1,1344
2137,106,1,1344
2137,17,3,1344
2138,13,3,1345
2138,44,2,1345
2139,400,1,1346
2139,211,2,1346
2139,229,3,1346
2139,130,1,1346
2140,210,3,1347
2141,3,2,1348
2141,191,2,1348
2142,189,1,1349
2142,117,2,1349
2143,114,3,1350
2144,49,2,1351
2144,151,3,1351
2144,47,1,1351
2144,145,2,1351
2144,417,1,1351
2144,247,1,1351
2144,455,1,1351
2144,228,2,1351
2144,171,2,1351
2144,73,3,1351
2144,249,2,1351
2145,5,3,1352
2146,5,1,1353
2146,436,2,1353
2147,12,1,1354
2147,33,2,1354
2147,460,3,1354
2148,447,1,1355
2149,11,2,1356
2149,86,1,1356
2149,15,1,1356
2149,101,3,1356
2149,16,2,1356
2149,193,1,1356
2149,439,3,1356
2149,53,2,1356
2149,81,2,1356
2149,4,2,1356
2149,25,1,1356
2149,2,3,1356
2149,22,3,1356
2149,466,1,1356
2150,137,1,1357
2151,0,3,1358
2151,17,2,1358
2151,199,2,1358
2151,200,2,1358
2152,352,1,1359
2153,5,1,1360
2153,276,2,1360
2153,220,2,1360
2153,109,3,1360
2154,59,3,1361
2154,216,1,1361
2155,25,3,1362
2155,36,1,1362
2155,160,1,1362
2155,171,2,1362
2155,129,1,1362
2155,180,2,1362
2155,396,1,1362
2155,325,1,1362
2155,344,2,1362
2156,17,3,1363
2156,14,2,1363
2157,69,1,1364
2157,154,3,1364
2158,182,1,1365
2159,44,1,1366
2160,238,2,1367
2160,228,1,1367
2160,473,3,1367
2161,13,1,1368
2162,49,2,1369
2162,15,1,1369
2163,97,1,1370
2163,155,2,1370
2164,28,3,1371
2165,103,3,1372
2165,110,3,1372
2165,111,3,1372
2165,8,2,1372
2165,259,1,1372
2165,241,1,1372
2165,220,2,1372
2165,196,2,1372
2165,94,1,1372
2165,42,3,1372
2166,31,2,1373
2166,136,3,1373
2167,195,1,1374
2167,18,2,1374
2167,351,3,1374
2167,425,2,1374
2168,35,3,1375
2169,449,1,1376
2170,64,3,1377
2171,29,1,1378
2171,25,3,1378
2172,33,2,1379
2172,449,3,1379
2172,245,1,1379
2172,187,3,1379
2172,27,3,1379
2172,2,2,1379
2172,191,1,1379
2172,144,1,1379
2172,99,3,1379
2172,342,1,1379
2173,106,1,1380
2174,356,2,1381
2175,11,2,1382
2176,72,3,1383
2176,353,1,1383
2176,25,1,1383
2176,342,3,1383
2176,187,1,1383
2176,172,3,1383
2176,34,1,1383
2177,8,2,1384
2177,9,1,1384
2177,2,3,1384
2177,34,3,1384
2177,3,1,1384
2177,33,2,1384
2177,12,3,1384
2177,120,2,1384
2177,332,1,1384
2178,53,2,1385
2178,41,3,1385
2178,5,3,1385
2178,172,2,1385
2179,323,3,1386
2179,33,2,1386
2179,143,3,1386
2179,42,3,1386
2179,38,3,1386
2179,6,3,1386
2179,458,3,1386
2179,266,1,1386
2179,99,2,1386
2179,87,2,1386
2180,28,2,1387
2180,46,1,1387
2180,4,1,1387
2181,24,2,1388
2181,15,3,1388
2181,151,2,1388
2181,435,3,1388
2181,157,3,1388
2181,2,1,1388
2181,97,1,1388
2182,23,3,1389
2183,12,3,1390
2183,35,3,1390
2184,104,3,1391
2185,26,1,1392
2185,438,1,1392
2185,356,1,1392
2185,62,1,1392
2186,48,2,1393
2187,19,3,1394
2187,48,2,1394
2187,1,3,1394
2187,49,3,1394
2187,4,1,1394
2187,345,3,1394
2188,168,3,1395
2188,121,1,1395
2188,29,2,1395
2189,61,1,1396
2190,183,1,1397
2190,9,2,1397
2190,32,1,1397
2190,152,1,1397
2191,24,2,1398
2191,236,3,1398
2191,160,1,1398
2191,177,1,1398
2192,268,1,1399
2193,172,1,1400
2193,20,1,1400
2193,77,3,1400
2193,260,1,1400
2193,223,3,1400
2193,9,3,1400
2193,278,2,1400
2194,49,2,1401
2194,469,3,1401
2195,23,1,1402
2195,5,1,1402
2195,35,1,1402
2195,70,3,1402
2196,58,2,1403
2196,299,2,1403
2196,350,2,1403
2197,42,1,1404
2197,73,1,1404
2198,8,1,1405
2198,30,3,1405
2199,33,1,1406
2199,88,2,1406
2199,161,2,1406
2200,2,2,1407
2200,47,3,1407
2200,43,3,1407
2200,186,3,1407
2201,8,3,1408
2201,84,3,1408
2201,267,3,1408
2202,10,1,1409
2202,146,2,1409
2202,369,2,1409
2202,260,2,1409
2202,228,2,1409
2203,183,1,1410
2204,200,2,1411
2204,72,3,1411
2204,4,2,1411
2204,18,1,1411
2204,209,2,1411
2204,233,3,1411
2204,472,2,1411
2204,130,2,1411
2204,168,1,1411
2205,234,1,1412
2206,145,2,1413
2206,265,3,1413
2206,118,2,1413
2207,145,3,1414
2208,21,3,1415
2208,35,3,1415
2209,33,2,1416
2210,163,3,1417
2211,3,1,1418
2211,8,3,1418
2211,437,2,1418
2211,59,2,1418
2211,9,2,1418
2211,430,2,1418
2211,399,2,1418
2211,251,3,1418
2211,193,1,1418
2212,28,2,1419
2212,46,3,1419
2212,67,2,1419
2213,168,3,1420
2213,104,1,1420
2214,12,2,1421
2215,17,3,1422
2215,177,1,1422
2216,182,1,1423
2217,152,3,1424
2217,336,1,1424
2217,455,1,1424
2218,11,3,1425
2218,350,3,1425
2218,129,2,1425
2218,355,2,1425
2219,282,2,1426
2220,0,3,1427
2220,2,1,1427
2220,151,3,1427
2221,16,2,1428
2221,84,2,1428
2221,27,3,1428
2221,430,1,1428
2222,42,1,1429
2222,389,1,1429
2222,94,2,1429
2223,8,1,1430
2223,62,3,1430
2223,10,1,1430
2223,103,3,1430
2223,43,1,1430
2223,447,3,1430
2223,113,3,1430
2223,16,3,1430
2224,85,2,1431
2225,322,1,1432
2226,12,1,1433
2226,4,1,1433
2226,356,1,1433
2226,26,1,1433
2227,20,3,1434
2228,43,3,1435
2228,176,3,1435
2229,93,2,1436
2229,158,2,1436
2229,247,3,1436
2229,333,1,1436
2230,99,3,1437
2231,19,3,1438
2231,299,3,1438
2231,62,1,1438
2231,26,1,1438
2232,26,3,1439
2232,296,2,1439
2233,164,2,1440
2233,209,2,1440
2233,447,2,1440
2233,280,3,1440
2234,0,1,1441
2234,17,1,1441
2234,96,2,1441
2235,47,2,1442
2235,0,2,1442
2236,6,3,1443
2236,37,2,1443
2237,46,2,1444
2237,1,2,1444
2237,202,2,1444
2238,151,3,1445
2239,33,2,1446
2239,40,3,1446
2239,51,1,1446
2240,466,2,1447
2241,12,2,1448
2241,112,2,1448
2242,7,1,1449
2243,85,3,1450
2243,6,2,1450
2243,4,2,1450
2243,94,3,1450
2244,120,1,1451
2245,10,3,1452
2245,135,3,1452
2245,73,1,1452
2246,270,1,1453
2247,43,2,1454
2247,56,2,1454
2247,2,1,1454
2247,81,3,1454
2247,6,2,1454
2247,47,1,1454
2248,17,2,1455
2249,2,1,1456
2249,23,1,1456
2249,26,2,1456
2249,36,2,1456
2249,160,1,1456
2249,44,2,1456
2249,48,3,1456
2249,101,2,1456
2249,41,1,1456
2249,401,1,1456
2249,484,2,1456
2249,33,1,1456
2249,27,3,1456
2249,11,3,1456
2250,3,1,1457
2250,90,2,1457
2250,78,2,1457
2250,202,3,1457
2250,174,2,1457
2250,360,1,1457
2250,17,2,1457
2251,155,1,1458
2251,251,1,1458
2251,299,1,1458
2251,233,2,1458
2252,209,2,1459
2252,64,1,1459
2252,19,1,1459
2252,208,1,1459
2252,87,3,1459
2253,22,1,1460
2253,0,3,1460
2253,2,2,1460
2254,25,2,1461
2255,5,2,1462
2256,11,1,1463
2256,27,1,1463
2256,45,2,1463
2257,1,2,1464
2258,115,1,1465
2258,14,2,1465
2259,0,3,1466
2259,2,1,1466
2259,13,2,1466
2259,4,3,1466
2260,41,1,1467
2260,159,3,1467
2260,228,3,1467
2260,142,3,1467
2260,436,2,1467
2261,25,1,1468
2262,27,1,1469
2262,43,1,1469
2262,186,1,1469
2263,23,2,1470
2263,187,1,1470
2263,163,3,1470
2264,118,2,1471
2265,29,1,1472
2265,137,3,1472
2265,285,3,1472
2266,31,2,1473
2266,202,3,1473
2266,316,1,1473
2266,53,1,1473
2267,28,1,1474
2268,66,1,1475
2269,95,1,1476
2270,32,3,1477
2270,176,3,1477
2271,3,2,1478
2271,5,3,1478
2271,379,2,1478
2272,9,3,1479
2272,38,1,1479
2272,210,1,1479
2272,367,1,1479
2273,379,2,1480
2274,120,1,1481
2275,93,1,1482
2275,34,3,1482
2275,196,3,1482
2276,22,1,1483
2276,150,1,1483
2276,199,1,1483
2276,191,2,1483
2276,105,1,1483
2276,163,1,1483
2277,5,3,1484
2278,49,1,1485
2278,1,3,1485
2278,149,3,1485
2278,420,2,1485
2278,379,3,1485
2279,400,2,1486
2279,460,3,1486
2279,103,2,1486
2280,256,3,1487
2280,118,3,1487
2280,113,3,1487
2280,184,2,1487
2280,221,3,1487
2281,371,2,1488
2281,35,2,1488
2281,391,2,1488
2281,23,1,1488
2282,28,1,1489
2282,4,3,1489
2282,97,3,1489
2283,9,1,1490
2283,5,1,1490
2283,12,3,1490
2283,55,1,1490
2284,63,2,1491
2284,282,1,1491
2284,482,1,1491
2284,105,3,1491
2284,19,2,1491
2285,9,3,1492
2285,248,1,1492
2285,460,1,1492
2286,28,1,1493
2287,66,2,1494
2287,5,2,1494
2287,40,3,1494
2287,2,2,1494
2287,33,1,1494
2287,44,3,1494
2288,152,2,1495
2289,229,1,1496
2290,8,3,1497
2290,44,2,1497
2290,137,1,1497
2290,399,1,1497
2291,7,1,1498
2291,2,2,1498
2292,1,1,1499
2292,144,2,1499
2292,221,2,1499
2292,306,1,1499
2292,76,2,1499
2293,21,1,1500
2294,9,2,1501
2295,23,3,1502
2295,403,3,1502
2295,71,2,1502
2295,42,3,1502
2295,201,1,1502
2296,42,3,1503
2296,97,2,1503
2297,15,3,1504
2297,81,1,1504
2298,135,2,1505
2298,84,2,1505
2298,205,1,1505
2298,0,3,1505
2298,27,3,1505
2298,38,3,1505
2299,24,3,1506
2299,88,1,1506
2300,399,2,1507
2301,11,3,1508
2301,0,2,1508
2301,39,3,1508
2301,403,3,1508
2301,34,1,1508
2301,8,3,1508
2301,4,3,1508
2301,166,2,1508
2301,275,2,1508
2302,18,1,1509
2303,423,2,1510
2303,148,3,1510
2304,88,2,1511
2304,2,3,1511
2304,72,2,1511
2304,21,1,1511
2305,26,3,1512
2305,9,2,1512
2305,45,1,1512
2306,47,1,1513
2306,207,1,1513
2306,134,1,1513
2306,325,3,1513
2306,6,3,1513
2306,19,3,1513
2306,4,1,1513
2307,54,2,1514
2307,180,2,1514
2307,273,2,1514
2308,17,1,1515
2308,466,3,1515
2308,4,3,1515
2308,29,1,1515
2309,26,1,1516
2310,187,2,1517
2310,83,2,1517
2310,458,1,1517
2310,214,3,1517
2310,350,3,1517
2310,75,3,1517
2310,113,1,1517
2310,3,3,1517
2311,1,2,1518
2311,38,1,1518
2311,159,1,1518
2311,344,1,1518
2312,88,3,1519
2312,48,2,1519
2312,114,3,1519
2312,260,2,1519
2312,94,2,1519
2312,493,3,1519
2313,144,3,1520
2313,300,2,1520
2313,7,1,1520
2314,286,1,1521
2314,144,3,1521
2315,18,1,1522
2315,294,2,1522
2316,1,1,1523
2316,7,1,1523
2317,71,1,1524
2317,27,1,1524
2318,30,2,1525
2319,3,3,1526
2319,60,1,1526
2320,187,3,1527
2320,422,2,1527
2320,242,3,1527
2320,493,3,1527
2320,2,3,1527
2321,39,1,1528
2321,225,2,1528
2321,31,2,1528
2321,118,1,1528
2321,100,1,1528
2321,125,1,1528
2321,185,3,1528
2322,131,2,1529
2322,19,3,1529
2322,251,1,1529
2322,264,3,1529
2323,25,2,1530
2323,6,3,1530
2324,3,1,1531
2325,178,1,1532
2326,94,2,1533
2326,171,2,1533
2327,12,1,1534
2328,37,1,1535
2328,29,3,1535
2328,66,2,1535
2329,40,1,1536
2329,111,3,1536
2329,211,3,1536
2330,35,1,1537
2331,458,3,1538
2331,92,3,1538
2332,33,2,1539
2332,203,1,1539
2333,77,1,1540
2333,295,1,1540
2333,215,3,1540
2334,24,1,1541
2334,268,2,1541
2334,458,1,1541
2334,54,1,1541
2334,156,1,1541
2334,29,3,1541
2335,62,2,1542
2335,1,3,1542
2336,80,3,1543
2336,50,1,1543
2337,348,1,1544
2337,66,3,1544
2338,115,2,1545
2339,26,1,1546
2339,5,1,1546
2340,45,2,1547
2340,448,3,1547
2341,37,2,1548
2341,3,3,1548
2341,12,2,1548
2341,30,2,1548
2341,32,2,1548
2341,232,1,1548
2341,263,2,1548
2342,5,1,1549
2342,12,1,1549
2342,20,2,1549
2343,8,3,1550
2344,493,2,1551
2344,142,2,1551
2344,147,3,1551
2344,315,3,1551
2344,2,1,1551
2344,34,3,1551
2344,6,1,1551
2345,72,3,1552
2345,238,1,1552
2345,247,1,1552
2345,158,3,1552
2346,40,2,1553
2347,53,1,1554
2348,42,1,1555
2349,400,3,1556
2350,1,2,1557
2350,184,3,1557
2351,13,2,1558
2351,151,1,1558
2352,6,3,1559
2352,4,1,1559
2353,450,1,1560
2353,496,1,1560
2353,318,3,1560
2353,36,3,1560
2354,103,1,1561
2354,3,3,1561
2355,153,3,1562
2355,294,3,1562
2355,149,2,1562
2355,10,1,1562
2355,186,2,1562
2355,160,2,1562
2355,403,2,1562
2355,25,3,1562
2355,22,2,1562
2355,28,2,1562
2355,110,2,1562
2355,254,1,1562
2355,466,3,1562
2355,87,1,1562
2355,122,1,1562
2355,1,1,1562
2355,16,2,1562
2356,155,1,1563
2356,335,3,1563
2356,74,1,1563
2356,125,2,1563
2357,460,3,1564
2357,24,3,1564
2358,7,1,1565
2358,164,1,1565
2358,144,3,1565
2358,327,3,1565
2358,423,3,1565
2358,371,3,1565
2359,68,1,1566
2359,2,1,1566
2359,193,2,1566
2360,359,1,1567
2360,493,3,1567
2360,135,2,1567
2360,26,1,1567
2360,47,1,1567
2360,4,3,1567
2360,254,2,1567
2360,181,1,1567
2361,3,3,1568
2361,9,3,1568
2361,33,3,1568
2361,5,1,1568
2362,161,2,1569
2363,13,2,1570
2363,63,1,1570
2364,191,2,1571
2364,420,2,1571
2365,12,3,1572
2365,44,2,1572
2365,20,3,1572
2366,241,1,1573
2366,127,3,1573
2366,295,2,1573
2366,19,3,1573
2366,189,2,1573
2366,49,2,1573
2366,7,2,1573
2366,140,3,1573
2367,68,1,1574
2368,1,2,1575
2368,27,2,1575
2368,92,1,1575
2369,49,3,1576
2369,97,2,1576
2370,0,1,1577
2371,10,3,1578
2371,104,1,1578
2371,163,1,1578
2371,122,3,1578
2371,242,2,1578
2371,222,2,1578
2372,120,1,1579
2372,222,1,1579
2373,88,1,1580
2373,131,3,1580
2373,13,1,1580
2373,23,3,1580
2373,40,3,1580
2373,93,1,1580
2373,104,1,1580
2373,264,3,1580
2373,61,1,1580
2373,201,3,1580
2373,299,2,1580
2373,286,2,1580
2374,497,1,1581
2375,8,1,1582
2375,41,2,1582
2376,312,2,1583
2376,132,3,1583
2377,176,2,1584
2377,32,1,1584
2377,0,3,1584
2377,79,1,1584
2377,301,3,1584
2377,202,2,1584
2377,28,2,1584
2378,159,3,1585
2378,184,3,1585
2378,173,1,1585
2378,254,2,1585
2378,158,3,1585
2378,164,2,1585
2379,108,3,1586
2380,25,2,1587
2380,18,2,1587
2381,51,3,1588
2381,67,2,1588
2381,245,1,1588
2381,153,2,1588
2381,473,2,1588
2381,6,2,1588
2382,157,1,1589
2382,11,1,1589
2382,40,3,1589
2383,42,3,1590
2383,9,1,1590
2383,82,2,1590
2383,92,3,1590
2383,260,1,1590
2383,176,2,1590
2384,52,1,1591
2385,18,3,1592
2385,123,3,1592
2385,63,2,1592
2385,148,1,1592
2386,344,1,1593
2386,71,2,1593
2387,47,3,1594
2387,7,3,1594
2387,19,2,1594
2387,13,2,1594
2388,0,3,1595
2388,18,3,1595
2388,10,2,1595
2388,445,3,1595
2388,27,2,1595
2388,11,2,1595
2389,4,1,1596
2389,0,1,1596
2389,5,3,1596
2389,32,3,1596
2390,21,2,1597
2390,132,3,1597
2390,460,3,1597
2390,121,1,1597
2391,14,2,1598
2391,89,3,1598
2391,127,3,1598
2391,454,2,1598
2392,237,2,1599
2392,194,3,1599
2392,8,2,1599
2392,10,2,1599
2392,3,2,1599
2392,5,1,1599
2392,436,1,1599
2392,40,3,1599
2392,104,2,1599
2393,55,1,1600
2393,12,1,1600
2393,107,1,1600
2394,14,2,1601
2394,169,2,1601
2395,237,1,1602
2395,90,3,1602
2395,41,1,1602
2395,9,3,1602
2395,312,2,1602
2395,199,1,1602
2395,4,2,1602
2395,47,1,1602
2396,15,1,1603
2396,83,1,1603
2396,149,3,1603
2396,465,3,1603
2396,160,2,1603
2397,13,2,1604
2397,125,2,1604
2397,8,1,1604
2397,452,2,1604
2397,455,1,1604
2397,171,1,1604
2398,106,1,1605
2398,90,1,1605
2398,18,1,1605
2398,341,2,1605
2399,7,1,1606
2400,84,1,1607
2400,108,2,1607
2401,6,3,1608
2401,2,3,1608
2401,79,2,1608
2401,160,2,1608
2402,3,1,1609
2402,80,1,1609
2402,11,3,1609
2402,103,3,1609
2402,65,1,1609
2403,7,2,1610
2403,140,1,1610
2403,24,1,1610
2404,12,3,1611
2405,173,3,1612
2405,389,1,1612
2405,77,3,1612
2405,102,3,1612
2405,244,2,1612
2406,83,1,1613
2406,81,1,1613
2406,61,2,1613
2406,20,3,1613
2406,33,1,1613
2406,147,1,1613
2406,190,3,1613
2407,9,2,1614
2407,389,2,1614
2408,450,1,1615
2408,111,3,1615
2408,435,3,1615
2409,2,2,1616
2410,0,1,1617
2410,3,2,1617
2411,8,3,1618
2411,156,3,1618
2411,436,1,1618
2411,241,3,1618
2412,25,1,1619
2413,161,3,1620
2413,466,3,1620
2413,57,1,1620
2414,0,2,1621
2414,55,2,1621
2414,280,3,1621
2415,7,1,1622
2415,335,3,1622
2415,34,2,1622
2415,236,2,1622
2416,10,2,1623
2416,47,1,1623
2417,8,3,1624
2417,124,2,1624
2417,299,1,1624
2417,335,3,1624
2417,163,3,1624
2418,25,2,1625
2418,172,1,1625
2419,3,2,1626
2419,117,1,1626
2419,475,1,1626
2419,497,3,1626
2419,445,2,1626
2419,344,3,1626
2420,29,1,1627
2420,5,3,1627
2420,67,2,1627
2421,56,2,1628
2421,6,3,1628
2422,6,3,1629
2423,200,3,1630
2424,7,3,1631
2425,9,3,1632
2425,151,1,1632
2426,27,1,1633
2426,41,1,1633
2426,39,1,1633
2427,5,1,1634
2428,17,3,1635
2428,23,1,1635
2428,5,2,1635
2428,136,2,1635
2428,437,1,1635
2428,320,1,1635
2428,228,2,1635
2428,310,1,1635
2428,128,2,1635
2428,342,3,1635
2428,332,1,1635
2429,466,1,1636
2429,156,3,1636
2429,43,3,1636
2429,98,1,1636
2430,71,1,1637
2431,18,2,1638
2431,28,2,1638
2431,475,1,1638
2431,36,2,1638
2431,7,1,1638
2431,100,2,1638
2431,1,2,1638
2431,12,2,1638
2432,86,1,1639
2432,270,2,1639
2432,327,3,1639
2433,6,3,1640
2433,423,2,1640
2433,400,2,1640
2433,100,3,1640
2433,1,3,1640
2433,73,1,1640
2434,13,2,1641
2435,1,2,1642
2435,119,3,1642
2435,91,2,1642
2435,105,1,1642
2435,130,3,1642
2435,46,2,1642
2435,115,2,1642
2436,48,3,1643
2436,154,1,1643
2436,10,2,1643
2436,7,3,1643
2437,9,3,1644
2437,45,1,1644
2437,109,2,1644
2437,20,2,1644
2437,79,1,1644
2438,11,2,1645
2438,278,1,1645
2439,1,3,1646
2440,72,1,1647
2441,17,3,1648
2442,1,1,1649
2442,73,1,1649
2443,12,3,1650
2443,193,1,1650
2443,251,2,1650
2443,15,1,1650
2444,27,3,1651
2444,92,2,1651
2445,8,1,1652
2445,0,2,1652
2445,1,1,1652
2445,32,3,1652
2445,249,3,1652
2445,340,2,1652
2445,438,2,1652
2445,136,3,1652
2445,148,2,1652
2445,57,3,1652
2446,12,2,1653
2446,103,2,1653
2446,195,1,1653
2446,345,2,1653
2446,0,2,1653
2447,407,2,1654
2447,220,2,1654
2447,67,3,1654
2447,30,3,1654
2447,96,2,1654
2447,23,2,1654
2448,1,2,1655
2448,17,3,1655
2449,7,2,1656
2449,9,1,1656
2450,73,1,1657
2450,152,1,1657
2450,155,2,1657
2451,306,2,1658
2452,32,2,1659
2453,8,1,1660
2453,312,1,1660
2453,5,1,1660
2453,169,3,1660
2453,196,1,1660
2454,183,2,1661
2454,310,1,1661
2455,13,3,1662
2455,5,2,1662
2456,12,1,1663
2456,191,3,1663
2457,1,3,1664
2457,271,3,1664
2457,206,2,1664
2457,136,2,1664
2457,0,3,1664
2458,165,3,1665
2458,237,1,1665
2458,435,1,1665
2459,113,3,1666
2460,111,2,1667
2460,114,2,1667
2460,234,1,1667
2461,4,2,1668
2461,91,2,1668
2461,355,1,1668
2461,37,2,1668
2461,25,2,1668
2461,23,1,1668
2462,11,3,1669
2462,55,1,1669
2462,129,1,1669
2462,5,3,1669
2462,4,2,1669
2462,423,2,1669
2462,242,3,1669
2463,42,1,1670
2463,9,1,1670
2463,244,1,1670
2463,62,1,1670
2464,109,1,1671
2464,399,2,1671
2464,77,1,1671
2464,247,1,1671
2464,206,1,1671
2465,13,2,1672
2465,91,3,1672
2465,153,3,1672
2465,0,2,1672
2465,474,1,1672
2466,134,3,1673
2466,15,1,1673
2467,37,2,1674
2467,38,2,1674
2468,0,1,1675
2468,1,3,1675
2468,27,1,1675
2468,97,2,1675
2468,20,3,1675
2468,85,2,1675
2468,222,3,1675
2468,29,1,1675
2468,469,1,1675
2468,117,3,1675
2468,223,1,1675
2469,0,2,1676
2470,71,3,1677
2470,467,2,1677
2470,340,3,1677
2471,23,2,1678
2471,22,2,1678
2472,6,3,1679
2472,26,2,1679
2473,8,2,1680
2473,29,2,1680
2474,112,2,1681
2474,36,1,1681
2474,4,2,1681
2474,21,2,1681
2475,9,2,1682
2475,24,3,1682
2475,156,3,1682
2475,114,1,1682
2475,2,3,1682
2475,10,1,1682
2475,352,3,1682
2475,35,1,1682
2475,121,1,1682
2475,282,3,1682
2475,87,2,1682
2476,306,1,1683
2477,229,1,1684
2478,138,2,1685
2478,269,2,1685
2478,34,3,1685
2479,256,3,1686
2479,224,2,1686
2479,192,3,1686
2479,174,2,1686
2479,0,1,1686
2479,43,2,1686
2479,102,3,1686
2479,170,3,1686
2479,104,1,1686
2480,0,3,1687
2481,31,3,1688
2481,243,2,1688
2481,38,3,1688
2481,1,3,1688
2482,236,2,1689
2482,140,2,1689
2482,279,2,1689
2482,17,3,1689
2482,62,2,1689
2482,379,1,1689
2482,106,2,1689
2482,430,3,1689
2482,29,2,1689
2482,5,1,1689
2483,49,2,1690
2483,9,2,1690
2483,143,3,1690
2483,184,1,1690
2484,373,1,1691
2485,106,2,1692
2485,283,3,1692
2485,25,1,1692
2485,50,1,1692
2485,195,1,1692
2486,214,3,1693
2486,197,3,1693
2486,2,3,1693
2487,438,1,1694
2488,331,1,1695
2488,315,3,1695
2488,188,2,1695
2488,68,3,1695
2488,40,1,1695
2489,18,2,1696
2489,23,2,1696
2490,34,3,1697
2491,48,1,1698
2491,36,1,1698
2491,26,1,1698
2491,4,3,1698
2491,13,3,1698
2491,3,1,1698
2491,6,1,1698
2491,10,2,1698
2491,30,3,1698
2492,40,3,1699
2493,49,3,1700
2493,11,1,1700
2493,141,2,1700
2493,264,3,1700
2493,89,3,1700
2493,2,1,1700
2494,45,1,1701
2495,2,3,1702
2496,98,3,1703
2496,83,3,1703
2497,23,2,1704
2498,40,2,1705
2498,166,2,1705
2499,7,1,1706
2499,77,1,1706
2499,43,1,1706
2499,72,3,1706
2500,182,3,1707
2500,403,1,1707
2500,29,1,1707
2500,48,3,1707
2500,23,3,1707
2500,283,2,1707
2500,36,1,1707
2501,15,3,1708
2501,117,1,1708
2501,370,1,1708
2501,199,1,1708
2502,3,3,1709
2503,13,2,1710
2503,17,1,1710
2504,19,3,1711
2505,0,2,1712
2505,275,1,1712
2506,81,1,1713
2506,282,2,1713
2506,245,2,1713
2506,273,2,1713
2507,54,1,1714
2507,107,2,1714
2507,14,3,1714
2507,18,1,1714
2508,0,1,1715
2508,55,3,1715
2509,105,1,1716
2509,0,3,1716
2509,3,2,1716
2510,94,3,1717
2510,260,3,1717
2510,270,3,1717
2510,282,2,1717
2511,25,1,1718
2512,145,3,1719
2512,44,3,1719
2512,20,3,1719
2513,9,1,1720
2513,27,1,1720
2513,35,1,1720
2513,23,3,1720
2513,0,2,1720
2514,159,3,1721
2514,3,2,1721
2515,316,1,1722
2516,275,3,1723
2516,72,3,1723
2516,200,1,1723
2516,59,3,1723
2516,388,2,1723
2516,155,1,1723
2516,139,2,1723
2516,410,1,1723
2516,342,1,1723
2516,473,2,1723
2516,6,3,1723
2516,13,2,1723
2517,196,1,1724
2517,176,1,1724
2517,46,1,1724
2517,13,1,1724
2518,1,3,1725
2518,449,2,1725
2519,34,3,1726
2519,447,1,1726
2519,39,2,1726
2519,14,2,1726
2519,258,1,1726
2519,410,1,1726
2520,193,1,1727
2520,112,2,1727
2520,7,3,1727
2520,129,3,1727
2521,465,2,1728
2521,68,2,1728
2521,142,2,1728
2522,214,2,1729
2522,173,1,1729
2522,187,1,1729
2523,0,3,1730
2524,55,1,1731
2524,498,3,1731
2525,24,3,1732
2525,48,1,1732
2525,447,3,1732
2525,109,2,1732
2525,278,2,1732
2525,190,1,1732
2526,13,2,1733
2527,243,1,1734
2527,124,1,1734
2528,0,3,1735
2528,12,2,1735
2528,283,2,1735
2529,20,2,1736
2529,137,2,1736
2529,223,1,1736
2529,467,2,1736
2529,8,2,1736
2529,367,2,1736
2529,103,1,1736
2529,263,3,1736
2530,41,1,1737
2531,39,2,1738
2531,157,1,1738
2531,113,3,1738
2531,187,3,1738
2532,48,3,1739
2532,13,3,1739
2532,106,3,1739
2532,4,2,1739
2532,14,2,1739
2533,465,3,1740
2533,63,1,1740
2534,13,1,1741
2535,53,3,1742
2535,17,2,1742
2535,47,2,1742
2535,0,3,1742
2535,100,1,1742
2536,145,3,1743
2536,41,1,1743
2536,102,2,1743
2536,134,3,1743
2536,15,3,1743
2537,54,3,1744
2537,186,1,1744
2537,69,1,1744
2538,263,2,1745
2538,325,3,1745
2539,43,3,1746
2540,10,2,1747
2541,97,1,1748
2541,137,1,1748
2541,31,3,1748
2541,84,2,1748
2541,1,1,1748
2542,39,1,1749
2542,3,2,1749
2542,0,1,1749
2542,125,2,1749
2542,21,3,1749
2542,12,2,1749
2542,33,2,1749
2542,20,3,1749
2542,104,2,1749
2542,116,1,1749
2543,17,1,1750
2543,46,2,1750
2543,24,3,1750
2544,279,2,1751
2545,19,3,1752
2545,40,1,1752
2546,48,3,1753
2546,1,3,1753
2546,186,1,1753
2547,16,2,1754
2548,162,2,1755
2548,12,3,1755
2548,25,2,1755
2548,185,3,1755
2548,129,3,1755
2548,26,3,1755
2548,36,2,1755
2549,109,3,1756
2550,27,1,1757
2550,9,1,1757
2550,42,3,1757
2550,14,3,1757
2550,16,3,1757
2550,97,1,1757
2551,40,2,1758
2552,10,1,1759
2552,273,3,1759
2553,165,3,1760
2554,83,2,1761
2555,2,1,1762
2556,14,3,1763
2556,39,2,1763
2556,435,2,1763
2557,214,3,1764
2557,71,1,1764
2557,191,3,1764
2557,186,2,1764
2557,221,3,1764
2557,138,3,1764
2557,6,2,1764
2558,3,3,1765
2558,0,1,1765
2558,154,2,1765
2559,8,2,1766
2559,33,2,1766
2559,331,1,1766
2559,37,2,1766
2559,1,2,1766
2560,137,3,1767
2560,1,1,1767
2560,40,1,1767
2560,260,3,1767
2560,135,2,1767
2560,460,1,1767
2560,247,3,1767
2561,23,2,1768
2562,24,3,1769
2563,153,1,1770
2563,164,2,1770
2563,458,3,1770
2563,430,1,1770
2564,13,2,1771
2564,215,2,1771
2564,196,3,1771
2564,100,3,1771
2564,110,1,1771
2565,1,1,1772
2565,135,3,1772
2565,410,2,1772
2565,115,1,1772
2565,8,3,1772
2565,186,3,1772
2565,288,1,1772
2565,89,3,1772
2566,8,2,1773
2566,198,3,1773
2567,54,1,1774
2567,109,1,1774
2567,67,1,1774
2567,93,3,1774
2567,271,1,1774
2567,258,1,1774
2567,315,3,1774
2567,87,3,1774
2568,38,2,1775
2568,35,1,1775
2568,136,2,1775
2569,6,1,1776
2569,77,1,1776
2569,5,1,1776
2569,162,3,1776
2569,147,1,1776
2569,144,3,1776
2569,286,2,1776
2569,169,3,1776
2569,48,1,1776
2569,41,3,1776
2570,33,3,1777
2570,6,3,1777
2570,27,2,1777
2570,379,1,1777
2570,455,3,1777
2571,6,1,1778
2571,79,1,1778
2571,44,3,1778
2571,22,3,1778
2571,124,2,1778
2571,449,3,1778
2572,59,2,1779
2572,121,2,1779
2572,205,1,1779
2572,27,3,1779
2572,2,1,1779
2572,193,3,1779
2572,207,3,1779
2573,83,1,1780
2573,2,3,1780
2573,435,3,1780
2574,106,2,1781
2574,285,3,1781
2575,83,3,1782
2575,33,3,1782
2575,54,1,1782
2575,304,3,1782
2575,97,3,1782
2575,21,1,1782
2575,141,3,1782
2575,157,3,1782
2575,301,2,1782
2575,40,1,1782
2575,22,2,1782
2576,108,2,1783
2577,12,3,1784
2577,60,2,1784
2577,36,1,1784
2577,2,3,1784
2577,10,1,1784
2578,18,1,1785
2578,173,3,1785
2578,458,2,1785
2578,185,1,1785
2578,104,2,1785
2579,184,2,1786
2579,268,3,1786
2580,47,3,1787
2580,185,1,1787
2580,335,3,1787
2580,176,3,1787
2581,2,3,1788
2581,13,2,1788
2581,168,1,1788
2582,69,1,1789
2582,345,3,1789
2583,30,1,1790
2583,8,2,1790
2583,124,2,1790
2583,15,3,1790
2584,87,3,1791
2584,205,2,1791
2584,290,2,1791
2585,75,2,1792
2586,43,2,1793
2587,53,3,1794
2588,16,3,1795
2589,465,1,1796
2590,116,3,1797
2590,181,3,1797
2590,297,3,1797
2590,403,2,1797
2590,167,1,1797
2590,2,2,1797
2590,102,1,1797
2590,473,3,1797
2590,61,3,1797
2590,96,2,1797
2590,43,2,1797
2590,33,1,1797
2590,146,1,1797
2590,108,1,1797
2590,445,1,1797
2590,276,1,1797
2590,11,3,1797
2590,184,3,1797
2591,87,2,1798
2592,40,2,1799
2592,291,3,1799
2592,422,3,1799
2592,67,1,1799
2592,226,2,1799
2592,29,1,1799
2593,33,1,1800
2594,165,3,1801
2594,5,1,1801
2594,25,1,1801
2594,37,2,1801
2594,79,3,1801
2595,132,3,1802
2595,125,3,1802
2596,15,2,1803
2596,17,2,1803
2596,484,3,1803
2597,6,1,1804
2597,1,3,1804
2597,12,3,1804
2597,296,2,1804
2598,7,2,1805
2598,77,2,1805
2598,18,2,1805
2598,22,2,1805
2598,350,1,1805
2598,360,1,1805
2598,27,2,1805
2598,12,1,1805
2598,57,2,1805
2598,2,1,1805
2599,28,1,1806
2599,71,1,1806
2599,25,3,1806
2599,142,2,1806
2599,15,3,1806
2599,3,3,1806
2599,123,3,1806
2599,275,1,1806
2600,33,3,1807
2601,103,1,1808
2601,95,3,1808
2601,151,2,1808
2602,1,1,1809
2602,22,1,1809
2602,128,3,1809
2602,45,2,1809
2603,5,1,1810
2603,118,1,1810
2603,284,3,1810
2603,240,3,1810
2604,270,3,1811
2605,167,3,1812
2606,36,1,1813
2606,46,3,1813
2606,98,2,1813
2607,82,3,1814
2608,98,3,1815
2608,91,1,1815
2608,69,1,1815
2608,234,1,1815
2609,15,1,1816
2609,2,3,1816
2609,3,3,1816
2610,7,3,1817
2610,238,2,1817
2611,52,1,1818
2611,18,1,1818
2611,48,1,1818
2611,26,3,1818
2611,190,3,1818
2611,22,1,1818
2611,222,2,1818
2611,316,1,1818
2611,388,3,1818
2611,423,3,1818
2611,51,3,1818
2611,103,2,1818
2611,280,1,1818
2611,116,1,1818
2611,5,3,1818
2611,23,2,1818
2612,8,1,1819
2613,30,3,1820
2613,47,1,1820
2614,99,2,1821
2615,314,1,1822
2615,254,3,1822
2615,191,3,1822
2615,183,1,1822
2615,148,3,1822
2616,76,1,1823
2616,323,1,1823
2617,90,3,1824
2617,214,1,1824
2617,80,2,1824
2618,291,1,1825
2618,420,1,1825
2618,88,1,1825
2619,118,2,1826
2619,157,2,1826
2619,74,3,1826
2619,10,2,1826
2619,184,1,1826
2620,314,3,1827
2620,147,2,1827
2620,149,3,1827
2621,391,3,1828
2621,350,3,1828
2621,150,1,1828
2621,57,3,1828
2621,51,2,1828
2621,437,2,1828
2621,115,1,1828
2621,270,2,1828
2621,446,2,1828
2622,9,3,1829
2623,103,3,1830
2623,96,2,1830
2623,17,2,1830
2623,47,2,1830
2623,351,2,1830
2623,225,1,1830
2623,101,3,1830
2623,141,2,1830
2623,410,3,1830
2623,425,1,1830
2624,59,2,1831
2624,54,1,1831
2624,35,3,1831
2625,12,1,1832
2625,4,2,1832
2625,493,3,1832
2625,50,2,1832
2626,51,2,1833
2626,18,2,1833
2626,209,2,1833
2626,355,1,1833
2627,275,3,1834
2627,310,3,1834
2627,3,3,1834
2628,132,3,1835
2628,13,3,1835
2628,194,1,1835
2628,193,2,1835
2628,110,3,1835
2628,348,2,1835
2628,191,3,1835
2628,325,2,1835
2628,248,1,1835
2628,65,1,1835
2629,33,2,1836
2629,356,1,1836
2629,463,2,1836
2629,288,3,1836
2630,182,2,1837
2631,27,2,1838
2631,12,1,1838
2631,482,2,1838
2631,166,2,1838
2631,340,3,1838
2631,437,2,1838
2631,177,3,1838
2631,121,1,1838
2632,17,1,1839
2632,85,2,1839
2632,260,2,1839
2632,389,1,1839
2633,6,2,1840
2634,220,2,1841
2634,145,1,1841
2635,11,1,1842
2635,15,2,1842
2635,344,1,1842
2635,20,2,1842
2636,17,2,1843
2637,260,1,1844
2637,114,1,1844
2638,404,2,1845
2638,34,1,1845
2639,371,3,1846
2639,61,3,1846
2640,12,1,1847
2640,120,3,1847
2640,208,3,1847
2641,111,1,1848
2642,123,1,1849
2642,199,3,1849
2642,365,3,1849
2642,220,1,1849
2642,201,1,1849
2642,48,1,1849
2642,103,3,1849
2642,40,1,1849
2642,1,2,1849
2642,167,3,1849
2642,11,2,1849
2642,108,1,1849
2642,33,2,1849
2642,44,1,1849
2642,249,2,1849
2642,30,3,1849
2642,111,2,1849
2642,152,3,1849
2643,89,1,1850
2643,111,2,1850
2644,35,1,1851
2644,125,2,1851
2645,98,3,1852
2645,4,2,1852
2645,367,1,1852
2646,12,3,1853
2646,3,3,1853
2647,17,2,1854
2648,157,1,1855
2648,435,2,1855
2648,359,3,1855
2648,423,2,1855
2648,148,1,1855
2648,19,3,1855
2648,33,1,1855
2648,17,1,1855
2648,125,1,1855
2648,2,2,1855
2648,8,3,1855
2649,7,2,1856
2650,10,1,1857
2650,1,2,1857
2650,267,1,1857
2650,355,1,1857
2651,116,1,1858
2652,318,2,1859
2653,0,3,1860
2653,203,2,1860
2653,284,3,1860
2654,111,3,1861
2655,59,3,1862
2655,124,1,1862
2655,81,3,1862
2655,201,2,1862
2655,410,1,1862
2655,209,1,1862
2655,64,2,1862
2655,2,1,1862
2655,72,3,1862
2656,12,1,1863
2656,24,2,1863
2657,93,1,1864
2658,72,2,1865
2658,0,2,1865
2658,11,1,1865
2659,125,1,1866
2660,9,1,1867
2660,4,3,1867
2660,11,2,1867
2660,49,3,1867
2661,75,3,1868
2662,20,3,1869
2662,4,2,1869
2662,9,2,1869
2662,3,2,1869
2662,264,3,1869
2663,88,3,1870
2663,12,3,1870
2664,14,2,1871
2665,115,1,1872
2666,2,3,1873
2666,484,2,1873
2666,16,3,1873
2666,209,1,1873
2667,141,2,1874
2667,294,2,1874
2668,3,1,1875
2668,43,3,1875
2668,117,1,1875
2668,342,3,1875
2668,166,2,1875
2669,46,2,1876
2670,13,2,1877
2670,14,3,1877
2670,41,2,1877
2670,2,1,1877
2670,15,2,1877
2671,51,3,1878
2672,17,3,1879
2672,1,3,1879
2672,9,2,1879
2673,1,1,1880
2673,12,3,1880
2673,22,1,1880
2673,26,1,1880
2674,24,3,1881
2675,30,1,1882
2676,3,2,1883
2676,72,2,1883
2677,205,3,1884
2678,320,1,1885
2678,157,3,1885
2678,26,3,1885
2678,224,3,1885
2678,137,3,1885
2678,14,1,1885
2678,48,2,1885
2678,45,1,1885
2678,245,2,1885
2678,254,2,1885
2679,194,3,1886
2679,260,3,1886
2679,176,2,1886
2679,33,2,1886
2679,249,1,1886
2679,4,3,1886
2679,14,1,1886
2679,34,3,1886
2679,93,1,1886
2680,0,3,1887
2680,99,1,1887
2681,23,2,1888
2681,47,3,1888
2682,23,1,1889
2683,184,3,1890
2684,71,2,1891
2684,467,2,1891
2684,113,1,1891
2684,98,1,1891
2684,5,1,1891
2684,2,1,1891
2684,16,1,1891
2684,53,1,1891
2684,92,1,1891
2684,14,3,1891
2685,127,1,1892
2685,10,3,1892
2685,44,1,1892
2686,1,1,1893
2686,10,1,1893
2687,45,2,1894
2688,10,3,1895
2688,6,3,1895
2688,191,2,1895
2688,110,1,1895
2688,349,1,1895
2688,80,3,1895
2688,171,2,1895
2689,8,2,1896
2689,36,3,1896
2689,12,1,1896
2689,345,1,1896
2689,4,3,1896
2690,66,1,1897
2691,10,1,1898
2691,48,1,1898
2691,59,2,1898
2692,6,3,1899
2693,18,3,1900
2694,36,3,1901
2694,160,2,1901
2695,100,3,1902
2695,268,2,1902
2695,282,3,1902
2695,58,1,1902
2695,482,1,1902
2695,278,1,1902
2696,31,1,1903
2696,161,2,1903
2696,98,1,1903
2697,3,1,1904
2698,49,3,1905
2698,422,3,1905
2698,286,2,1905
2698,314,3,1905
2698,162,3,1905
2699,89,3,1906
2700,3,2,1907
2701,7,3,1908
2701,5,1,1908
2701,203,3,1908
2701,24,1,1908
2701,2,2,1908
2701,114,3,1908
2702,13,2,1909
2702,159,3,1909
2703,16,3,1910
2703,21,3,1910
2704,0,1,1911
2705,14,3,1912
2705,108,2,1912
2705,168,1,1912
2705,342,1,1912
2705,467,2,1912
2706,12,3,1913
2707,259,3,1914
2708,33,1,1915
2708,114,2,1915
2709,125,1,1916
2709,83,3,1916
2709,34,2,1916
2709,196,3,1916
2709,251,1,1916
2709,150,1,1916
2710,0,1,1917
2711,201,3,1918
2712,79,3,1919
2712,153,1,1919
2712,14,3,1919
2712,110,3,1919
2712,25,3,1919
2712,60,2,1919
2713,4,1,1920
2713,1,2,1920
2713,2,3,1920
2713,11,3,1920
2714,466,2,1921
2715,28,3,1922
2715,47,2,1922
2715,40,3,1922
2716,19,2,1923
2716,60,3,1923
2716,0,2,1923
2716,188,1,1923
2716,89,1,1923
2716,30,3,1923
2716,490,1,1923
2717,463,2,1924
2717,125,1,1924
2718,30,2,1925
2718,2,1,1925
2718,194,2,1925
2719,3,3,1926
2719,112,3,1926
2719,291,1,1926
2719,224,1,1926
2719,216,1,1926
2720,4,2,1927
2720,15,3,1927
2720,77,2,1927
2720,10,3,1927
2721,1,2,1928
2721,34,2,1928
2721,228,2,1928
2721,93,1,1928
2721,188,1,1928
2721,190,2,1928
2722,203,2,1929
2723,109,2,1930
2724,11,1,1931
2724,447,3,1931
2725,194,2,1932
2725,151,1,1932
2725,64,2,1932
2726,36,1,1933
2726,177,1,1933
2727,185,2,1934
2727,490,1,1934
2727,116,3,1934
2728,2,1,1935
2728,24,2,1935
2728,14,3,1935
2728,102,3,1935
2728,115,3,1935
2729,209,1,1936
2729,469,2,1936
2730,5,3,1937
2731,32,1,1938
2732,97,1,1939
2732,42,1,1939
2732,14,3,1939
2732,29,3,1939
2732,47,1,1939
2732,131,3,1939
2732,13,1,1939
2733,10,3,1940
2733,5,3,1940
2733,89,2,1940
2733,85,2,1940
2733,11,2,1940
2733,0,2,1940
2733,4,3,1940
2733,50,3,1940
2733,33,1,1940
2733,183,3,1940
2733,318,1,1940
2733,43,1,1940
2733,34,2,1940
2733,14,1,1940
2733,26,3,1940
2733,23,3,1940
2734,97,1,1941
2734,146,2,1941
2735,6,1,1942
2736,152,2,1943
2736,247,1,1943
2736,447,3,1943
2737,3,1,1944
2737,29,1,1944
2737,96,2,1944
2737,117,2,1944
2738,23,2,1945
2738,228,2,1945
2739,52,1,1946
2739,122,2,1946
2739,20,3,1946
2740,7,2,1947
2740,498,1,1947
2740,306,2,1947
2741,28,1,1948
2742,108,3,1949
2742,371,2,1949
2742,124,3,1949
2743,84,2,1950
2743,97,3,1950
2744,11,2,1951
2745,43,1,1952
2745,30,2,1952
2745,39,1,1952
2745,62,1,1952
2745,314,2,1952
2745,466,2,1952
2745,352,2,1952
2745,355,3,1952
2745,22,1,1952
2746,10,3,1953
2746,22,3,1953
2746,21,3,1953
2746,224,2,1953
2747,175,1,1954
2747,61,1,1954
2747,259,3,1954
2747,57,2,1954
2747,89,1,1954
2748,37,2,1955
2749,74,2,1956
2749,2,2,1956
2749,5,3,1956
2750,20,3,1957
2750,138,2,1957
2750,197,2,1957
2750,488,1,1957
2750,19,1,1957
2750,92,2,1957
2751,36,1,1958
2752,107,1,1959
2752,11,3,1959
2752,214,2,1959
2752,81,1,1959
2753,273,1,1960
2753,331,2,1960
2753,316,3,1960
2753,129,3,1960
2753,210,2,1960
2753,203,1,1960
2754,266,1,1961
2754,106,1,1961
2755,143,1,1962
2755,285,1,1962
2756,53,2,1963
2756,162,3,1963
2756,169,1,1963
2757,60,2,1964
2758,39,3,1965
2758,3,1,1965
2759,2,3,1966
2759,62,2,1966
2759,210,2,1966
2759,1,1,1966
2759,14,2,1966
2759,33,1,1966
2759,77,3,1966
2759,36,1,1966
2760,25,3,1967
2760,389,1,1967
2761,59,2,1968
2761,210,1,1968
2761,227,1,1968
2762,151,2,1969
2762,12,2,1969
2763,89,3,1970
2763,21,3,1970
2763,107,3,1970
2764,23,2,1971
2764,8,1,1971
2765,30,1,1972
2765,115,3,1972
2765,265,3,1972
2765,238,2,1972
2766,10,3,1973
2766,223,2,1973
2766,454,3,1973
2767,40,3,1974
2767,118,3,1974
2767,204,2,1974
2767,32,1,1974
2767,2,2,1974
2767,37,2,1974
2767,175,1,1974
2767,48,2,1974
2767,161,3,1974
2767,223,3,1974
2767,205,2,1974
2767,44,3,1974
2767,46,3,1974
2767,13,1,1974
2767,19,2,1974
2767,5,3,1974
2767,9,1,1974
2767,17,2,1974
2768,83,3,1975
2768,97,1,1975
2768,45,1,1975
2768,44,2,1975
2768,165,1,1975
2768,157,3,1975
2769,26,1,1976
2770,13,3,1977
2770,27,3,1977
2770,11,1,1977
2770,68,3,1977
2770,167,3,1977
2770,129,3,1977
2770,448,3,1977
2771,24,2,1978
2771,189,3,1978
2771,27,1,1978
2772,72,2,1979
2773,43,3,1980
2774,163,1,1981
2774,11,1,1981
2775,63,2,1982
2775,312,3,1982
2775,179,3,1982
2776,446,1,1983
2776,16,1,1983
2777,40,3,1984
2778,67,2,1985
2779,8,3,1986
2780,14,3,1987
2780,30,3,1987
2781,32,2,1988
2782,16,2,1989
2783,77,1,1990
2783,265,3,1990
2783,122,1,1990
2783,102,3,1990
2784,15,2,1991
2784,452,3,1991
2784,316,3,1991
2784,332,3,1991
2784,254,3,1991
2784,484,3,1991
2784,140,3,1991
2785,24,3,1992
2786,136,1,1993
2786,263,3,1993
2787,66,1,1994
2787,20,3,1994
2787,101,3,1994
2787,368,3,1994
2787,222,2,1994
2788,48,2,1995
2788,37,1,1995
2788,12,1,1995
2788,14,2,1995
2789,33,2,1996
2790,34,2,1997
2790,236,1,1997
2790,122,2,1997
2791,93,3,1998
2791,208,2,1998
2791,26,1,1998
2791,180,1,1998
2791,20,3,1998
2791,57,3,1998
2792,4,1,1999
2793,18,3,2000
2793,52,1,2000
2793,43,2,2000
2793,191,3,2000
2794,4,1,2001
2794,15,1,2001
2795,14,3,2002
2795,238,2,2002
2796,36,1,2003
2797,19,1,2004
2798,9,2,2005
2799,296,3,2006
2799,64,1,2006
2799,349,1,2006
2799,103,2,2006
2800,30,3,2007
2801,76,2,2008
2801,162,1,2008
2801,35,2,2008
2801,4,1,2008
2801,466,2,2008
2802,145,1,2009
2802,87,2,2009
2802,466,1,2009
2802,11,1,2009
2802,270,3,2009
2802,24,1,2009
2802,33,3,2009
2803,11,2,2010
2803,20,1,2010
2803,48,3,2010
2804,74,1,2011
2804,400,2,2011
2804,165,2,2011
2805,10,1,2012
2805,103,1,2012
2805,227,2,2012
2806,43,1,2013
2806,71,2,2013
2806,213,3,2013
2806,178,1,2013
2806,5,1,2013
2806,160,2,2013
2807,69,1,2014
2807,78,2,2014
2807,134,2,2014
2807,227,2,2014
2808,34,1,2015
2809,50,1,2016
2809,61,3,2016
2809,371,2,2016
2809,98,3,2016
2809,100,1,2016
2809,10,1,2016
2809,159,1,2016
2810,404,2,2017
2811,88,3,2018
2812,25,3,2019
2813,49,3,2020
2814,472,3,2021
2814,47,2,2021
2815,226,2,2022
2815,69,1,2022
2815,183,1,2022
2815,344,3,2022
2815,304,2,2022
2815,215,1,2022
2815,23,2,2022
2816,18,1,2023
2817,28,2,2024
2817,29,2,2024
2818,72,1,2025
2818,6,3,2025
2818,36,2,2025
2818,48,1,2025
2818,77,3,2025
2818,147,1,2025
2819,0,1,2026
2820,33,1,2027
2820,147,1,2027
2821,19,3,2028
2821,40,1,2028
2821,116,2,2028
2822,114,2,2029
2822,14,3,2029
2823,177,3,2030
2823,61,1,2030
2823,185,1,2030
2823,10,3,2030
2823,247,2,2030
2823,182,2,2030
2823,44,1,2030
2823,27,1,2030
2823,187,2,2030
2823,353,3,2030
2823,183,3,2030
2823,72,3,2030
2823,232,1,2030
2823,351,1,2030
2823,310,2,2030
2823,111,2,2030
2823,155,1,2030
2823,360,2,2030
2824,46,3,2031
2824,148,2,2031
2824,12,1,2031
2824,180,1,2031
2824,201,3,2031
2825,81,3,2032
2826,2,1,2033
2826,4,2,2033
2826,42,1,2033
2826,482,1,2033
2827,190,2,2034
2827,46,1,2034
2827,85,3,2034
2828,34,3,2035
2828,268,1,2035
2829,19,2,2036
2829,240,3,2036
2830,79,2,2037
2830,45,1,2037
2830,0,1,2037
2831,90,1,2038
2832,3,3,2039
2833,7,2,2040
2834,14,2,2041
2835,197,2,2042
2835,300,1,2042
2835,231,2,2042
2835,430,1,2042
2836,22,2,2043
2836,24,2,2043
2837,2,1,2044
2837,93,3,2044
2837,315,2,2044
2837,122,2,2044
2837,4,2,2044
2838,104,3,2045
2838,225,3,2045
2838,148,2,2045
2838,223,1,2045
2838,211,3,2045
2838,15,1,2045
2838,12,1,2045
2838,0,3,2045
2838,47,3,2045
2838,216,3,2045
2838,238,2,2045
2838,175,3,2045
2839,423,1,2046
2840,12,3,2047
2840,40,2,2047
2840,176,2,2047
2840,323,1,2047
2841,46,2,2048
2841,38,3,2048
2841,2,3,2048
2841,7,3,2048
2842,269,1,2049
2843,0,2,2050
2843,22,2,2050
2843,160,2,2050
2843,79,2,2050
2844,117,3,2051
2845,8,1,2052
2845,2,3,2052
2845,9,3,2052
2846,16,1,2053
2847,35,1,2054
2847,371,3,2054
2847,232,2,2054
2847,191,3,2054
2848,371,1,2055
2848,56,1,2055
2848,187,3,2055
2848,26,2,2055
2848,64,1,2055
2848,275,3,2055
2848,445,2,2055
2848,72,1,2055
2848,200,2,2055
2849,498,2,2056
2849,6,1,2056
2849,11,2,2056
2849,8,2,2056
2850,35,2,2057
2850,125,2,2057
2850,63,2,2057
2850,39,3,2057
2850,277,3,2057
2850,225,2,2057
2851,40,2,2058
2852,191,3,2059
2852,124,1,2059
2853,37,2,2060
2853,32,1,2060
2853,8,2,2060
2853,27,3,2060
2853,31,1,2060
2853,12,2,2060
2854,15,1,2061
2854,113,1,2061
2854,198,1,2061
2855,41,1,2062
2856,120,1,2063
2856,185,3,2063
2856,99,3,2063
2857,231,2,2064
2858,7,3,2065
2858,15,2,2065
2859,223,3,2066
2860,37,2,2067
2860,87,2,2067
2860,22,2,2067
2861,296,3,2068
2862,2,1,2069
2862,45,1,2069
2862,9,2,2069
2862,103,3,2069
2862,497,1,2069
2862,410,3,2069
2862,437,2,2069
2862,58,1,2069
2862,211,1,2069
2862,84,3,2069
2862,342,1,2069
2862,67,2,2069
2862,30,1,2069
2862,0,3,2069
2862,13,3,2069
2862,18,1,2069
2863,27,3,2070
2863,9,3,2070
2863,82,2,2070
2864,45,3,2071
2864,176,1,2071
2865,27,1,2072
2866,26,3,2073
2867,97,1,2074
2867,223,1,2074
2867,177,2,2074
2868,120,3,2075
2868,138,3,2075
2868,37,1,2075
2868,98,2,2075
2868,156,3,2075
2868,185,3,2075
2868,265,2,2075
2868,420,3,2075
2869,83,2,2076
2870,18,1,2077
2871,0,3,2078
2871,14,1,2078
2872,244,1,2079
2872,497,1,2079
2872,120,1,2079
2873,437,3,2080
2874,43,3,2081
2874,3,2,2081
2874,0,3,2081
2874,53,3,2081
2875,33,3,2082
2875,13,1,2082
2875,46,2,2082
2876,173,3,2083
2876,172,2,2083
2876,25,3,2083
2877,110,3,2084
2877,102,2,2084
2877,341,1,2084
2877,43,3,2084
2878,172,3,2085
2879,3,2,2086
2880,156,2,2087
2880,30,1,2087
2880,5,3,2087
2880,19,1,2087
2880,16,3,2087
2880,162,1,2087
2881,103,3,2088
2881,150,3,2088
2881,203,2,2088
2882,87,2,2089
2882,5,2,2089
2882,162,2,2089
2882,118,3,2089
2882,214,3,2089
2882,20,3,2089
2883,14,1,2090
2884,179,1,2091
2884,207,3,2091
2885,28,2,2092
2885,14,1,2092
2886,3,2,2093
2886,12,1,2093
2886,228,2,2093
2886,176,3,2093
2887,198,3,2094
2887,236,1,2094
2887,1,2,2094
2888,43,1,2095
2888,176,2,2095
2888,105,1,2095
2888,53,1,2095
2889,49,1,2096
2889,389,3,2096
2890,7,1,2097
2890,164,3,2097
2890,0,1,2097
2890,86,3,2097
2891,26,1,2098
2891,44,2,2098
2891,23,3,2098
2892,48,1,2099
2893,21,3,2100
2893,68,1,2100
2893,10,2,2100
2893,77,2,2100
2894,10,3,2101
2894,3,2,2101
2894,28,2,2101
2894,49,2,2101
2894,39,3,2101
2894,135,3,2101
2895,19,2,2102
2896,14,3,2103
2896,19,3,2103
2896,36,1,2103
2897,10,3,2104
2897,44,3,2104
2898,38,2,2105
2898,143,1,2105
2898,355,3,2105
2898,215,2,2105
2898,43,2,2105
2898,98,1,2105
2898,54,1,2105
2898,72,2,2105
2898,478,1,2105
2898,110,2,2105
2898,80,2,2105
2898,11,2,2105
2898,8,2,2105
2898,104,3,2105
2899,216,3,2106
2899,335,3,2106
2899,139,2,2106
2900,371,1,2107
2900,108,3,2107
2900,205,3,2107
2900,83,3,2107
2901,7,2,2108
2901,19,3,2108
2901,200,3,2108
2901,232,1,2108
2901,425,3,2108
2901,111,1,2108
2901,299,3,2108
2902,164,3,2109
2903,39,2,2110
2903,23,3,2110
2903,474,3,2110
2904,61,3,2111
2904,396,3,2111
2904,207,1,2111
2904,182,1,2111
2904,80,3,2111
2905,122,3,2112
2905,404,2,2112
2906,95,3,2113
2907,46,1,2114
2907,50,2,2114
2907,150,1,2114
2907,182,2,2114
2907,98,2,2114
2908,6,2,2115
2908,24,2,2115
2908,11,1,2115
2908,40,1,2115
2908,4,1,2115
2908,165,2,2115
2908,23,1,2115
2909,355,1,2116
2909,27,2,2116
2909,445,2,2116
2909,64,1,2116
2910,35,3,2117
2911,106,1,2118
2912,16,2,2119
2912,351,1,2119
2912,56,2,2119
2912,189,3,2119
2912,53,1,2119
2912,9,2,2119
2912,3,2,2119
2913,21,1,2120
2913,1,3,2120
2913,10,1,2120
2913,9,1,2120
2913,43,3,2120
2913,183,2,2120
2913,35,1,2120
2913,11,3,2120
2913,104,1,2120
2913,65,3,2120
2913,165,2,2120
2914,48,3,2121
2914,50,2,2121
2914,223,2,2121
2914,205,1,2121
2914,176,3,2121
2915,7,3,2122
2916,94,2,2123
2917,91,2,2124
2918,14,2,2125
2919,124,3,2126
2919,72,1,2126
2919,15,1,2126
2920,436,1,2127
2921,5,2,2128
2922,34,3,2129
2922,115,2,2129
2922,435,1,2129
2922,23,2,2129
2923,484,3,2130
2923,95,3,2130
2923,446,3,2130
2923,91,3,2130
2923,243,1,2130
2924,60,3,2131
2925,196,3,2132
2926,30,1,2133
2926,31,3,2133
2927,56,2,2134
2928,166,1,2135
2928,28,3,2135
2928,19,3,2135
2928,41,3,2135
2928,37,2,2135
2928,190,2,2135
2928,161,1,2135
2928,128,1,2135
2929,69,1,2136
2929,9,2,2136
2930,105,2,2137
2931,38,3,2138
2932,0,1,2139
2932,41,2,2139
2933,125,3,2140
2934,43,2,2141
2934,96,3,2141
2934,39,3,2141
2935,16,3,2142
2935,114,3,2142
2935,6,1,2142
2935,48,1,2142
2935,0,2,2142
2936,1,2,2143
2936,52,1,2143
2936,171,2,2143
2936,437,2,2143
2936,236,1,2143
2936,23,1,2143
2937,295,2,2144
2937,458,2,2144
2937,61,3,2144
2937,216,3,2144
2937,260,3,2144
2937,1,3,2144
2937,17,3,2144
2937,12,1,2144
2938,10,2,2145
2938,26,2,2145
2938,3,2,2145
2939,220,2,2146
2939,46,1,2146
2939,180,1,2146
2939,10,1,2146
2939,37,1,2146
2939,47,3,2146
2940,323,1,2147
2941,42,1,2148
2942,31,3,2149
2942,379,2,2149
2942,57,1,2149
2943,33,3,2150
2943,183,2,2150
2943,2,3,2150
2944,7,3,2151
2944,23,3,2151
2944,367,1,2151
2944,210,1,2151
2944,8,1,2151
2944,3,1,2151
2944,159,2,2151
2944,132,2,2151
2944,182,3,2151
2944,396,1,2151
2945,7,1,2152
2945,16,3,2152
2945,314,1,2152
2945,23,3,2152
2946,29,3,2153
2946,191,1,2153
2947,20,1,2154
2947,8,1,2154
2947,132,1,2154
2948,291,3,2155
2948,367,3,2155
2948,76,2,2155
2948,51,3,2155
2948,370,1,2155
2948,137,1,2155
2949,80,3,2156
2950,61,2,2157
2951,24,3,2158
2951,14,1,2158
2951,120,1,2158
2951,283,3,2158
2951,452,1,2158
2952,20,3,2159
2952,0,3,2159
2952,46,1,2159
2952,23,3,2159
2953,323,3,2160
2954,187,3,2161
2954,33,2,2161
2954,105,1,2161
2955,11,3,2162
2956,4,1,2163
2956,91,3,2163
2956,3,1,2163
2956,2,1,2163
2956,71,2,2163
2956,107,1,2163
2956,129,2,2163
2956,110,1,2163
2956,226,2,2163
2957,98,3,2164
2957,70,1,2164
2958,44,2,2165
2958,46,2,2165
2958,19,3,2165
2958,80,3,2165
2958,36,2,2165
2959,13,3,2166
2960,19,2,2167
2960,22,1,2167
2960,37,3,2167
2960,404,1,2167
2960,348,3,2167
2960,34,3,2167
2960,101,2,2167
2961,61,3,2168
2961,22,1,2168
2961,2,1,2168
2961,29,2,2168
2962,191,1,2169
2962,1,1,2169
2962,4,1,2169
2962,106,3,2169
2962,97,2,2169
2963,137,1,2170
2964,28,3,2171
2964,110,1,2171
2964,389,1,2171
2965,39,2,2172
2966,28,1,2173
2966,12,3,2173
2967,241,2,2174
2967,134,3,2174
2968,28,1,2175
2968,119,2,2175
2968,315,3,2175
2969,61,2,2176
2969,77,2,2176
2969,223,2,2176
2970,70,1,2177
2970,488,1,2177
2971,9,3,2178
2972,28,3,2179
2972,12,1,2179
2973,71,3,2180
2973,11,2,2180
2974,26,1,2181
2975,13,2,2182
2975,31,1,2182
2976,5,2,2183
2976,9,1,2183
2977,318,2,2184
2977,223,3,2184
2977,8,2,2184
2977,466,2,2184
2978,116,2,2185
2979,80,3,2186
2979,166,1,2186
2979,472,3,2186
2979,27,1,2186
2979,8,1,2186
2980,17,3,2187
2980,13,1,2187
2981,29,3,2188
2981,63,3,2188
2981,37,1,2188
2982,24,2,2189
2982,1,1,2189
2982,144,1,2189
2982,304,3,2189
2982,16,3,2189
2982,107,1,2189
2982,165,2,2189
2982,23,3,2189
2982,79,3,2189
2982,25,3,2189
2983,34,3,2190
2983,45,1,2190
2983,17,1,2190
2983,96,2,2190
2983,85,1,2190
2983,222,2,2190
2983,131,3,2190
2983,19,1,2190
2983,296,2,2190
2983,342,3,2190
2983,140,1,2190
2983,193,3,2190
2983,157,1,2190
2983,263,3,2190
2983,116,2,2190
2983,154,1,2190
2984,134,3,2191
2984,359,2,2191
2985,5,2,2192
2985,34,2,2192
2985,6,1,2192
2985,1,2,2192
2985,4,3,2192
2986,353,3,2193
2986,189,1,2193
2986,193,2,2193
2987,318,2,2194
2987,448,3,2194
2988,84,1,2195
2988,124,2,2195
2988,8,2,2195
2989,23,2,2196
2989,48,1,2196
2989,7,1,2196
2989,396,1,2196
2989,35,2,2196
2990,0,3,2197
2990,11,2,2197
2990,151,1,2197
2990,61,2,2197
2991,43,3,2198
2992,128,2,2199
2993,92,3,2200
2993,403,2,2200
2994,35,3,2201
2994,282,3,2201
2995,11,1,2202
2996,7,1,2203
2996,26,2,2203
2996,101,3,2203
2996,23,1,2203
2996,27,3,2203
2997,195,3,2204
2998,5,1,2205
2998,7,2,2205
2999,13,2,2206
2999,410,2,2206
3000,8,3,2207
3000,11,1,2207
3000,83,1,2207
3000,27,3,2207
3000,9,3,2207
3000,3,1,2207
3000,2,1,2207
3000,149,2,2207
3001,42,2,2208
3001,244,3,2208
3002,30,3,2209
3003,47,3,2210
3004,31,2,2211
3005,247,2,2212
3005,190,3,2212
3006,24,3,2213
3006,47,1,2213
3006,26,1,2213
3006,214,3,2213
3007,73,3,2214
3007,152,3,2214
3007,180,3,2214
3008,11,3,2215
3008,77,2,2215
3008,36,3,2215
3009,125,2,2216
3010,49,2,2217
3010,137,2,2217
3011,11,2,2218
3011,3,1,2218
3011,97,2,2218
3011,22,1,2218
3012,475,3,2219
3012,34,1,2219
3013,403,1,2220
3013,58,1,2220
3013,401,3,2220
3013,51,3,2220
3013,231,1,2220
3013,1,1,2220
3013,31,2,2220
3014,1,2,2221
3014,236,3,2221
3014,85,1,2221
3014,23,2,2221
3015,43,2,2222
3016,33,3,2223
3016,42,1,2223
3016,186,2,2223
3017,12,2,2224
3017,57,1,2224
3017,452,1,2224
3017,173,1,2224
3017,478,1,2224
3017,101,2,2224
3017,145,3,2224
3018,436,2,2225
3019,420,2,2226
3019,189,1,2226
3019,498,1,2226
3019,297,3,2226
3019,187,1,2226
3019,167,3,2226
3019,31,2,2226
3020,44,2,2227
3021,250,2,2228
3021,472,1,2228
3021,417,2,2228
3022,345,3,2229
3023,21,1,2230
3024,101,2,2231
3024,0,1,2231
3024,151,1,2231
3025,22,1,2232
3025,159,2,2232
3026,0,1,2233
3027,455,3,2234
3027,259,1,2234
3027,221,3,2234
3027,435,2,2234
3027,72,3,2234
3028,37,1,2235
3028,23,1,2235
3029,5,2,2236
3029,189,1,2236
3030,5,3,2237
3031,2,3,2238
3032,194,1,2239
3033,158,3,2240
3033,229,3,2240
3033,285,3,2240
3033,283,3,2240
3033,396,1,2240
3034,11,3,2241
3034,2,2,2241
3034,35,1,2241
3035,0,1,2242
3036,27,1,2243
3036,11,2,2243
3036,38,3,2243
3036,22,2,2243
3036,124,3,2243
3036,174,3,2243
3036,0,1,2243
3036,47,3,2243
3036,2,3,2243
3036,102,1,2243
3037,15,3,2244
3037,46,2,2244
3037,17,1,2244
3037,0,3,2244
3037,90,3,2244
3037,73,3,2244
3038,163,2,2245
3038,356,2,2245
3038,286,1,2245
3038,39,1,2245
3038,3,2,2245
3038,314,2,2245
3038,23,1,2245
3038,34,2,2245
3038,103,1,2245
3038,13,3,2245
3038,18,3,2245
3038,48,1,2245
3038,29,1,2245
3038,138,1,2245
3038,7,3,2245
3038,71,3,2245
3039,18,1,2246
3040,29,1,2247
3040,14,2,2247
3040,47,2,2247
3040,26,2,2247
3040,194,1,2247
3040,488,2,2247
3041,40,3,2248
3041,9,1,2248
3041,458,1,2248
3041,463,1,2248
3041,128,3,2248
3041,52,1,2248
3041,194,1,2248
3041,299,3,2248
3041,132,1,2248
3041,80,1,2248
3042,186,1,2249
3042,60,1,2249
3043,5,2,2250
3043,202,1,2250
3043,6,1,2250
3043,36,3,2250
3043,112,3,2250
3043,113,2,2250
3043,159,1,2250
3043,25,2,2250
3043,91,1,2250
3044,52,1,2251
3044,19,1,2251
3045,11,3,2252
3046,7,3,2253
3046,23,1,2253
3046,109,3,2253
3046,220,1,2253
3047,64,2,2254
3047,134,2,2254
3048,356,3,2255
3048,70,1,2255
3048,32,3,2255
3048,21,2,2255
3049,24,2,2256
3049,9,3,2256
3049,49,3,2256
3049,488,2,2256
3049,60,1,2256
3049,259,2,2256
3050,15,2,2257
3050,42,1,2257
3051,183,1,2258
3051,31,1,2258
3051,105,1,2258
3051,37,2,2258
3052,157,2,2259
3053,26,1,2260
3053,32,1,2260
3053,160,3,2260
3053,125,1,2260
3053,21,2,2260
3054,31,3,2261
3055,186,2,2262
3055,134,3,2262
3055,28,1,2262
3056,125,2,2263
3057,66,1,2264
3057,282,2,2264
3057,29,1,2264
3058,55,3,2265
3058,64,3,2265
3058,258,2,2265
3058,410,1,2265
3058,65,1,2265
3058,391,1,2265
3058,40,3,2265
3059,458,1,2266
3059,63,1,2266
3059,42,3,2266
3059,14,1,2266
3059,9,1,2266
3060,312,1,2267
3060,17,3,2267
3060,48,3,2267
3060,484,3,2267
3060,353,2,2267
3060,273,2,2267
3060,2,1,2267
3060,3,1,2267
3060,168,1,2267
3060,96,2,2267
3061,22,3,2268
3061,2,2,2268
3061,396,1,2268
3061,254,3,2268
3061,167,3,2268
3061,299,3,2268
3062,26,2,2269
3063,84,1,2270
3063,108,2,2270
3063,463,2,2270
3064,92,3,2271
3064,85,1,2271
3064,1,2,2271
3064,93,3,2271
3064,180,3,2271
3065,180,2,2272
3065,41,2,2272
3066,2,2,2273
3066,34,1,2273
3066,17,1,2273
3067,0,2,2274
3067,399,1,2274
3067,144,3,2274
3068,74,3,2275
3068,227,3,2275
3069,3,3,2276
3070,0,2,2277
3070,103,3,2277
3070,127,2,2277
3070,163,1,2277
3070,296,1,2277
3070,493,1,2277
3070,5,1,2277
3070,79,1,2277
3070,199,1,2277
3070,96,3,2277
3070,335,2,2277
3070,174,1,2277
3070,18,1,2277
3070,227,1,2277
3070,454,1,2277
3070,24,3,2277
3071,7,1,2278
3071,23,3,2278
3072,144,2,2279
3072,10,3,2279
3072,47,2,2279
3073,27,1,2280
3074,9,1,2281
3074,430,2,2281
3075,5,3,2282
3075,78,3,2282
3075,143,1,2282
3076,19,2,2283
3076,104,2,2283
3076,425,3,2283
3076,238,1,2283
3076,273,3,2283
3077,10,1,2284
3078,41,2,2285
3078,28,1,2285
3078,49,1,2285
3078,3,2,2285
3078,9,1,2285
3078,8,3,2285
3078,0,1,2285
3078,134,1,2285
3078,74,1,2285
3078,26,1,2285
3078,64,1,2285
3078,71,2,2285
3078,51,2,2285
3078,52,2,2285
3078,1,1,2285
3078,107,1,2285
3079,19,1,2286
3079,5,2,2286
3079,48,2,2286
3079,10,3,2286
3079,183,3,2286
3079,7,2,2286
3080,67,1,2287
3081,28,1,2288
3081,96,3,2288
3081,20,3,2288
3081,107,2,2288
3081,21,3,2288
3081,89,3,2288
3081,5,3,2288
3081,49,1,2288
3081,18,1,2288
3081,116,3,2288
3081,275,3,2288
3081,356,2,2288
3082,34,2,2289
3082,170,3,2289
3083,43,2,2290
3083,30,2,2290
3083,348,2,2290
3083,229,2,2290
3083,201,3,2290
3084,225,3,2291
3084,335,3,2291
3084,163,1,2291
3085,78,3,2292
3085,128,1,2292
3085,389,2,2292
3086,336,1,2293
3086,155,3,2293
3086,65,1,2293
3086,106,2,2293
3086,82,1,2293
3086,103,1,2293
3087,94,2,2294
3087,102,3,2294
3087,36,2,2294
3088,29,1,2295
3088,92,2,2295
3088,94,1,2295
3088,353,3,2295
3088,121,2,2295
3088,104,3,2295
3088,301,2,2295
3088,46,1,2295
3088,96,1,2295
3089,51,3,2296
3089,34,3,2296
3089,10,2,2296
3089,105,2,2296
3090,83,3,2297
3091,83,1,2298
3092,8,1,2299
3092,96,1,2299
3093,5,1,2300
3093,52,2,2300
3093,145,1,2300
3093,0,1,2300
3093,2,2,2300
3094,3,1,2301
3094,103,3,2301
3094,181,1,2301
3094,232,3,2301
3094,186,3,2301
3094,452,1,2301
3094,172,1,2301
3094,229,3,2301
3094,97,1,2301
3094,231,1,2301
3095,23,3,2302
3095,109,1,2302
3095,63,3,2302
3095,0,1,2302
3096,189,2,2303
3096,251,3,2303
3097,26,1,2304
3097,48,3,2304
3097,46,1,2304
3097,5,2,2304
3097,78,2,2304
3098,144,3,2305
3099,226,1,2306
3100,40,1,2307
3100,14,3,2307
3101,55,2,2308
3102,21,1,2309
3102,49,1,2309
3102,247,2,2309
3102,159,1,2309
3102,277,2,2309
3102,143,2,2309
3102,69,2,2309
3103,275,3,2310
3104,33,2,2311
3104,294,3,2311
3105,16,1,2312
3105,9,3,2312
3105,21,1,2312
3106,10,1,2313
3106,48,1,2313
3106,28,2,2313
3106,46,2,2313
3107,106,3,2314
3107,13,1,2314
3107,314,3,2314
3107,400,2,2314
3107,403,2,2314
3107,154,2,2314
3107,23,2,2314
3108,50,1,2315
3108,45,3,2315
3109,43,3,2316
3109,2,2,2316
3109,301,2,2316
3110,25,2,2317
3110,122,2,2317
3111,4,1,2318
3111,498,1,2318
3111,226,3,2318
3111,5,2,2318
3111,59,3,2318
3111,64,2,2318
3112,488,2,2319
3112,237,1,2319
3113,22,2,2320
3113,136,1,2320
3114,49,2,2321
3114,98,2,2321
3114,90,1,2321
3114,255,2,2321
3114,158,3,2321
3114,369,3,2321
3115,23,3,2322
3115,127,3,2322
3115,48,3,2322
3115,2,3,2322
3115,157,1,2322
3116,35,2,2323
3116,320,3,2323
3116,323,3,2323
3116,417,1,2323
3116,335,1,2323
3116,475,3,2323
3116,194,2,2323
3116,34,1,2323
3116,43,2,2323
3117,189,3,2324
3117,454,3,2324
3118,12,2,2325
3118,152,1,2325
3118,327,1,2325
3118,92,1,2325
3119,177,2,2326
3120,345,3,2327
3121,67,3,2328
3121,48,1,2328
3121,179,3,2328
3121,243,3,2328
3121,478,3,2328
3121,121,2,2328
3121,5,1,2328
3122,0,3,2329
3122,53,1,2329
3122,45,2,2329
3122,33,1,2329
3123,14,1,2330
3123,40,2,2330
3124,98,2,2331
3124,28,3,2331
3124,1,2,2331
3124,180,3,2331
3125,82,2,2332
3125,351,2,2332
3125,159,1,2332
3125,249,3,2332
3125,463,3,2332
3125,316,3,2332
3125,150,1,2332
3125,121,1,2332
3125,48,1,2332
3126,50,3,2333
3126,69,1,2333
3127,123,2,2334
3127,283,1,2334
3127,106,1,2334
3127,180,3,2334
3128,102,2,2335
3128,371,1,2335
3128,59,3,2335
3129,49,3,2336
3129,223,3,2336
3130,176,3,2337
3130,40,1,2337
3130,482,2,2337
3130,437,3,2337
3130,142,2,2337
3130,12,3,2337
3131,29,3,2338
3131,3,1,2338
3131,46,2,2338
3131,35,1,2338
3131,9,3,2338
3132,27,1,2339
3132,38,2,2339
3132,99,3,2339
3132,473,1,2339
3133,116,2,2340
3133,216,3,2340
3133,183,2,2340
3133,110,1,2340
3134,25,2,2341
3135,59,1,2342
3135,121,1,2342
3136,27,2,2343
3136,125,1,2343
3137,3,2,2344
3138,41,2,2345
3139,323,2,2346
3139,202,2,2346
3139,5,1,2346
3140,304,3,2347
3141,3,2,2348
3141,12,3,2348
3141,254,2,2348
3142,149,3,2349
3142,43,1,2349
3143,423,2,2350
3143,131,1,2350
3143,118,2,2350
3143,49,1,2350
3144,0,1,2351
3144,95,2,2351
3144,45,2,2351
3144,44,1,2351
3144,21,2,2351
3144,34,2,2351
3145,61,3,2352
3145,367,2,2352
3146,373,1,2353
3146,351,2,2353
3146,205,3,2353
3146,222,1,2353
3146,175,1,2353
3146,162,3,2353
3147,9,3,2354
3147,105,2,2354
3147,273,2,2354
3148,26,1,2355
3148,316,3,2355
3148,249,3,2355
3148,320,1,2355
3148,97,3,2355
3148,46,2,2355
3149,132,2,2356
3149,331,2,2356
3149,273,2,2356
3149,462,3,2356
3149,170,2,2356
3150,26,3,2357
3151,140,1,2358
3151,143,3,2358
3151,211,1,2358
3152,49,1,2359
3152,13,3,2359
3152,46,2,2359
3153,37,3,2360
3153,2,1,2360
3153,41,1,2360
3153,223,3,2360
3153,137,2,2360
3154,34,1,2361
3154,166,3,2361
3155,162,3,2362
3156,251,1,2363
3156,404,1,2363
3156,286,1,2363
3156,62,3,2363
3157,48,2,2364
3157,320,3,2364
3157,396,1,2364
3158,142,3,2365
3159,1,3,2366
3159,14,3,2366
3159,163,3,2366
3159,176,1,2366
3159,12,2,2366
3159,18,2,2366
3159,28,2,2366
3159,27,1,2366
3159,271,1,2366
3159,255,3,2366
3160,32,2,2367
3160,446,1,2367
3160,0,1,2367
3160,23,1,2367
3160,180,2,2367
3160,46,2,2367
3160,356,2,2367
3160,41,3,2367
3160,183,2,2367
3161,0,2,2368
3161,3,2,2368
3161,4,3,2368
3162,22,1,2369
3163,30,2,2370
3163,0,1,2370
3163,40,3,2370
3164,111,2,2371
3165,359,1,2372
3165,0,2,2372
3165,40,1,2372
3165,34,3,2372
3165,228,1,2372
3165,159,2,2372
3165,156,3,2372
3166,185,1,2373
3166,318,2,2373
3166,232,3,2373
3167,234,3,2374
3167,496,2,2374
3167,140,1,2374
3167,203,3,2374
3167,268,2,2374
3168,36,3,2375
3168,13,3,2375
3169,47,2,2376
3169,8,2,2376
3169,67,1,2376
3169,6,2,2376
3170,31,3,2377
3170,118,1,2377
3170,367,1,2377
3170,109,2,2377
3170,353,2,2377
3170,35,3,2377
3170,30,3,2377
3171,16,2,2378
3171,371,3,2378
3171,128,1,2378
3172,32,3,2379
3172,30,3,2379
3172,0,2,2379
3172,11,2,2379
3172,180,3,2379
3172,89,2,2379
3172,439,3,2379
3172,26,2,2379
3172,97,1,2379
3172,190,1,2379
3172,195,1,2379
3172,162,1,2379
3172,113,3,2379
3172,200,3,2379
3173,12,1,2380
3174,1,2,2381
3175,5,2,2382
3176,23,2,2383
3176,37,1,2383
3176,84,2,2383
3176,33,2,2383
3176,43,2,2383
3177,0,3,2384
3177,205,3,2384
3178,0,2,2385
3178,138,1,2385
3178,199,2,2385
3178,21,3,2385
3178,355,1,2385
3178,297,1,2385
3179,7,1,2386
3179,14,3,2386
3180,15,1,2387
3180,170,3,2387
3180,425,3,2387
3181,84,3,2388
3181,40,1,2388
3181,279,2,2388
3181,36,1,2388
3181,12,3,2388
3181,30,1,2388
3181,23,2,2388
3182,32,3,2389
3182,129,1,2389
3182,15,2,2389
3183,30,2,2390
3183,28,2,2390
3183,2,3,2390
3184,35,3,2391
3184,294,3,2391
3185,92,3,2392
3186,113,1,2393
3187,17,3,2394
3188,315,3,2395
3188,342,3,2395
3188,112,2,2395
3188,208,1,2395
3189,0,3,2396
3189,5,3,2396
3190,67,3,2397
3191,131,1,2398
3191,88,3,2398
3191,27,3,2398
3191,355,1,2398
3191,190,3,2398
3191,80,2,2398
3192,5,3,2399
3193,23,2,2400
3193,121,2,2400
3193,288,1,2400
3193,371,3,2400
3194,106,3,2401
3195,110,3,2402
3195,15,2,2402
3196,8,1,2403
3197,109,2,2404
3197,196,1,2404
3198,164,2,2405
3198,404,2,2405
3198,18,3,2405
3198,62,2,2405
3199,15,1,2406
3200,26,3,2407
3200,110,2,2407
3200,146,2,2407
3201,95,1,2408
3201,11,1,2408
3201,10,1,2408
3201,29,3,2408
3201,367,1,2408
3202,1,1,2409
3203,36,2,2410
3203,271,3,2410
3203,8,3,2410
3203,43,1,2410
3203,200,3,2410
3204,42,2,2411
3205,176,3,2412
3206,3,1,2413
3206,138,3,2413
3207,247,1,2414
3207,73,1,2414
3207,205,2,2414
3207,498,3,2414
3207,70,1,2414
3207,142,2,2414
3207,407,3,2414
3208,97,3,2415
3208,205,2,2415
3208,4,2,2415
3209,371,2,2416
3209,465,1,2416
3209,227,2,2416
3209,216,1,2416
3209,203,1,2416
3209,213,2,2416
3209,191,3,2416
3210,10,1,2417
3211,404,2,2418
3211,209,1,2418
3211,449,1,2418
3211,389,1,2418
3211,30,1,2418
3212,17,1,2419
3212,316,1,2419
3212,232,2,2419
3213,368,3,2420
3213,295,1,2420
3213,316,3,2420
3213,482,1,2420
3213,188,1,2420
3213,355,2,2420
3213,9,3,2420
3213,59,3,2420
3213,122,2,2420
3213,1,2,2420
3213,5,3,2420
3213,2,3,2420
3214,188,2,2421
3215,44,1,2422
3216,496,1,2423
3216,318,3,2423
3216,276,2,2423
3216,193,1,2423
3216,234,3,2423
3216,27,1,2423
3216,13,1,2423
3216,460,1,2423
3217,12,3,2424
3217,72,1,2424
3218,16,3,2425
3219,38,3,2426
3219,134,2,2426
3220,122,3,2427
3220,25,1,2427
3221,310,2,2428
3221,484,2,2428
3222,6,3,2429
3222,105,3,2429
3222,31,3,2429
3222,26,2,2429
3222,62,2,2429
3222,210,1,2429
3222,274,3,2429
3223,194,2,2430
3223,34,2,2430
3223,71,3,2430
3223,231,1,2430
3223,474,2,2430
3223,4,3,2430
3223,22,2,2430
3224,112,1,2431
3224,115,2,2431
3225,45,1,2432
3225,469,3,2432
3225,297,3,2432
3226,145,3,2433
3227,38,2,2434
3227,11,3,2434
3227,1,3,2434
3227,184,3,2434
3228,128,1,2435
3228,137,2,2435
3228,40,3,2435
3229,116,1,2436
3229,194,1,2436
3229,234,1,2436
3230,187,3,2437
3231,89,3,2438
3231,164,3,2438
3231,10,3,2438
3231,45,1,2438
3231,95,1,2438
3231,6,2,2438
3231,4,3,2438
3232,39,1,2439
3232,229,1,2439
3232,189,1,2439
3233,2,3,2440
3233,175,1,2440
3234,37,2,2441
3235,37,1,2442
3235,360,3,2442
3235,25,2,2442
3236,5,2,2443
3236,87,3,2443
3236,335,2,2443
3236,318,3,2443
3237,295,3,2444
3237,63,2,2444
3238,220,3,2445
3238,436,3,2445
3238,6,1,2445
3238,125,3,2445
3238,21,1,2445
3239,37,1,2446
3239,58,2,2446
3239,475,1,2446
3239,210,2,2446
3239,209,1,2446
3239,2,3,2446
3240,47,1,2447
3240,102,3,2447
3241,285,1,2448
3241,26,3,2448
3241,107,1,2448
3242,131,2,2449
3242,8,3,2449
3242,25,3,2449
3243,73,1,2450
3243,30,2,2450
3243,131,1,2450
3243,137,3,2450
3244,134,3,2451
3244,28,3,2451
3245,97,1,2452
3245,25,3,2452
3245,166,2,2452
3245,111,2,2452
3246,43,3,2453
3246,191,2,2453
3246,129,3,2453
3247,25,1,2454
3247,43,1,2454
3247,420,2,2454
3247,407,2,2454
3247,66,2,2454
3248,169,3,2455
3248,65,2,2455
3248,370,1,2455
3248,13,3,2455
3248,38,1,2455
3248,29,3,2455
3248,61,3,2455
3248,148,3,2455
3249,10,1,2456
3249,29,3,2456
3250,37,1,2457
3250,22,1,2457
3250,196,3,2457
3250,9,2,2457
3251,0,1,2458
3251,53,2,2458
3251,150,3,2458
3251,211,1,2458
3251,359,3,2458
3251,24,1,2458
3251,33,2,2458
3252,145,3,2459
3252,265,3,2459
3252,389,2,2459
3253,40,2,2460
3253,4,3,2460
3253,188,2,2460
3254,98,2,2461
3255,71,1,2462
3256,44,3,2463
3256,0,3,2463
3256,61,2,2463
3256,2,1,2463
3257,0,1,2464
3257,5,2,2464
3257,38,3,2464
3257,183,1,2464
3257,445,2,2464
3257,145,2,2464
3258,275,2,2465
3258,127,3,2465
3259,4,1,2466
3259,37,1,2466
3259,254,2,2466
3259,137,3,2466
3259,113,2,2466
3259,335,2,2466
3260,22,2,2467
3260,61,1,2467
3260,5,2,2467
3261,75,2,2468
3261,2,1,2468
3262,34,1,2469
3263,6,3,2470
3264,102,2,2471
3264,27,3,2471
3264,234,2,2471
3264,194,1,2471
3265,39,1,2472
3266,103,1,2473
3267,7,1,2474
3268,34,3,2475
3269,18,1,2476
3269,59,2,2476
3269,448,3,2476
3270,32,2,2477
3270,122,2,2477
3270,344,1,2477
3271,0,1,2478
3271,145,2,2478
3271,6,3,2478
3271,4,1,2478
3271,174,2,2478
3272,196,2,2479
3272,113,3,2479
3272,496,3,2479
3272,121,2,2479
3272,24,2,2479
3273,4,3,2480
3274,68,2,2481
3275,3,3,2482
3275,26,3,2482
3276,89,2,2483
3276,10,3,2483
3276,44,2,2483
3277,30,1,2484
3278,1,2,2485
3278,14,3,2485
3279,176,3,2486
3280,39,1,2487
3280,203,2,2487
3281,4,1,2488
3282,173,3,2489
3282,177,2,2489
3283,10,2,2490
3284,4,3,2491
3284,283,3,2491
3284,1,1,2491
3284,46,1,2491
3284,3,1,2491
3285,88,2,2492
3285,24,1,2492
3285,203,2,2492
3285,135,1,2492
3285,1,3,2492
3285,41,2,2492
3285,190,3,2492
3286,21,1,2493
3286,141,2,2493
3287,21,2,2494
3288,13,3,2495
3289,2,2,2496
3290,122,3,2497
3290,202,3,2497
3290,80,3,2497
3291,131,1,2498
3291,213,1,2498
3291,118,2,2498
3291,336,3,2498
3291,25,1,2498
3291,159,3,2498
3291,47,3,2498
3291,45,2,2498
3291,300,3,2498
3291,222,3,2498
3292,204,1,2499
3292,63,1,2499
3292,105,2,2499
3292,310,1,2499
3292,438,2,2499
3293,224,2,2500
3293,220,1,2500
3293,26,2,2500
3293,23,3,2500
3293,256,1,2500
3294,172,2,2501
3295,20,2,2502
3296,33,1,2503
3296,43,3,2503
3296,8,2,2503
3296,21,1,2503
3296,187,3,2503
3296,273,2,2503
3296,135,3,2503
3296,370,3,2503
3296,115,1,2503
3297,96,3,2504
3297,250,3,2504
3297,268,2,2504
3297,52,1,2504
3298,237,2,2505
3298,142,3,2505
3298,34,1,2505
3299,0,1,2506
3299,191,3,2506
3299,3,1,2506
3299,29,1,2506
3299,196,1,2506
3299,109,2,2506
3300,245,1,2507
3300,27,2,2507
3300,18,3,2507
3301,193,3,2508
3301,163,2,2508
3301,190,3,2508
3301,356,3,2508
3301,367,3,2508
3301,322,3,2508
3302,439,1,2509
3303,9,3,2510
3303,44,3,2510
3303,96,3,2510
3304,36,3,2511
3305,243,3,2512
3306,55,1,2513
3306,150,3,2513
3306,201,3,2513
3307,3,3,2514
3307,26,1,2514
3307,72,2,2514
3308,183,3,2515
3308,10,2,2515
3309,46,3,2516
3310,83,2,2517
3310,16,3,2517
3311,373,2,2518
3311,261,3,2518
3311,233,1,2518
3312,28,1,2519
3312,136,3,2519
3312,0,2,2519
3313,37,3,2520
3313,12,3,2520
3313,34,3,2520
3314,473,1,2521
3314,449,2,2521
3315,2,1,2522
3315,268,1,2522
3315,128,2,2522
3316,54,1,2523
3317,41,1,2524
3317,82,1,2524
3317,295,2,2524
3317,45,2,2524
3317,8,3,2524
3318,165,3,2525
3319,53,2,2526
3319,1,1,2526
3319,15,3,2526
3320,51,2,2527
3320,446,1,2527
3321,25,1,2528
3321,5,3,2528
3322,20,1,2529
3322,403,2,2529
3322,11,1,2529
3322,473,1,2529
3322,353,3,2529
3322,67,1,2529
3322,184,3,2529
3322,260,1,2529
3322,94,1,2529
3322,85,3,2529
3323,43,1,2530
3323,11,1,2530
3324,4,3,2531
3324,103,3,2531
3324,51,3,2531
3325,2,2,2532
3325,222,1,2532
3325,101,2,2532
3325,4,1,2532
3325,65,3,2532
3325,45,3,2532
3326,446,3,2533
3326,147,3,2533
3326,5,3,2533
3327,9,1,2534
3328,22,1,2535
3328,21,2,2535
3329,333,2,2536
3329,35,1,2536
3329,10,1,2536
3329,91,3,2536
3330,157,2,2537
3330,26,1,2537
3330,109,2,2537
3331,20,1,2538
3331,153,1,2538
3331,275,2,2538
3331,51,2,2538
3331,156,3,2538
3331,181,2,2538
3332,0,3,2539
3332,43,2,2539
3332,11,2,2539
3332,100,2,2539
3332,179,1,2539
3333,134,1,2540
3333,15,2,2540
3334,236,3,2541
3334,38,3,2541
3334,47,1,2541
3335,98,2,2542
3335,174,3,2542
3335,208,2,2542
3335,89,3,2542
3335,164,1,2542
3335,316,3,2542
3335,34,1,2542
3336,60,3,2543
3337,140,3,2544
3338,13,1,2545
3338,10,3,2545
3338,2,1,2545
3338,108,1,2545
3338,43,1,2545
3338,12,1,2545
3339,15,3,2546
3339,9,2,2546
3340,4,1,2547
3340,1,1,2547
3341,138,1,2548
3341,7,1,2548
3342,233,3,2549
3342,54,3,2549
3342,291,3,2549
3343,172,3,2550
3343,11,1,2550
3343,403,2,2550
3343,336,3,2550
3343,71,1,2550
3343,14,2,2550
3343,344,1,2550
3343,43,3,2550
3343,191,3,2550
3343,82,1,2550
3343,213,2,2550
3344,3,1,2551
3345,5,2,2552
3345,14,2,2552
3345,174,2,2552
3345,31,3,2552
3345,23,1,2552
3345,120,2,2552
3345,88,3,2552
3345,255,2,2552
3345,251,2,2552
3345,117,3,2552
3345,200,1,2552
3345,388,1,2552
3346,4,1,2553
3346,122,2,2553
3347,3,3,2554
3347,331,1,2554
3348,4,1,2555
3349,190,2,2556
3350,0,1,2557
3350,55,2,2557
3350,22,2,2557
3350,1,1,2557
3351,56,1,2558
3351,35,2,2558
3351,450,1,2558
3351,189,2,2558
3351,24,1,2558
3351,48,2,2558
3351,417,3,2558
3352,59,1,2559
3353,125,3,2560
3353,9,3,2560
3353,32,3,2560
3353,0,2,2560
3353,22,3,2560
3353,124,3,2560
3353,33,1,2560
3354,258,3,2561
3354,344,2,2561
3354,195,1,2561
3354,64,1,2561
3355,342,3,2562
3356,129,3,2563
3356,40,3,2563
3357,24,2,2564
3358,16,3,2565
3359,184,2,2566
3359,5,2,2566
3359,61,1,2566
3359,25,1,2566
3359,15,1,2566
3359,110,3,2566
3359,11,3,2566
3360,310,2,2567
3361,15,1,2568
3361,410,1,2568
3361,69,2,2568
3361,38,3,2568
3361,28,1,2568
3362,13,2,2569
3362,11,2,2569
3362,30,3,2569
3362,8,2,2569
3362,360,1,2569
3362,278,1,2569
3362,331,1,2569
3363,183,1,2570
3363,33,1,2570
3364,10,2,2571
3364,75,2,2571
3364,0,3,2571
3365,117,2,2572
3365,3,3,2572
3365,162,3,2572
3365,259,2,2572
3365,258,1,2572
3365,437,1,2572
3366,43,2,2573
3366,420,3,2573
3367,342,2,2574
3367,269,2,2574
3368,23,1,2575
3368,48,1,2575
3368,43,3,2575
3368,369,1,2575
3368,54,1,2575
3368,46,3,2575
3368,122,1,2575
3369,154,1,2576
3369,49,1,2576
3369,29,2,2576
3369,43,3,2576
3369,142,1,2576
3369,189,1,2576
3369,271,1,2576
3369,8,1,2576
3369,191,1,2576
3370,29,1,2577
3371,248,1,2578
3371,165,1,2578
3371,163,3,2578
3372,19,3,2579
3373,11,1,2580
3374,4,2,2581
3375,5,3,2582
3375,73,1,2582
3375,95,1,2582
3375,379,3,2582
3375,264,3,2582
3376,97,2,2583
3377,19,1,2584
3377,37,3,2584
3377,6,2,2584
3377,83,2,2584
3378,9,2,2585
3378,183,1,2585
3378,417,2,2585
3378,237,2,2585
3378,19,3,2585
3378,36,2,2585
3378,8,1,2585
3378,101,1,2585
3378,497,1,2585
3378,103,2,2585
3378,12,3,2585
3378,17,3,2585
3378,75,1,2585
3378,163,2,2585
3378,70,1,2585
3378,284,3,2585
3379,17,1,2586
3379,437,1,2586
3379,467,3,2586
3380,4,3,2587
3380,47,2,2587
3380,0,2,2587
3380,72,2,2587
3380,420,2,2587
3381,48,3,2588
3382,49,3,2589
3383,136,3,2590
3383,254,3,2590
3384,67,3,2591
3384,214,3,2591
3385,211,3,2592
3385,88,3,2592
3385,8,2,2592
3386,73,1,2593
3386,445,2,2593
3386,159,1,2593
3386,273,3,2593
3386,259,1,2593
3386,189,3,2593
3386,77,3,2593
3387,139,2,2594
3388,474,2,2595
3388,18,1,2595
3389,3,2,2596
3389,11,2,2596
3390,168,3,2597
3391,4,3,2598
3391,19,3,2598
3391,11,1,2598
3392,48,2,2599
3393,86,3,2600
3393,5,1,2600
3394,103,2,2601
3394,163,1,2601
3395,101,3,2602
3396,33,1,2603
3396,14,3,2603
3396,47,1,2603
3397,7,3,2604
3397,42,1,2604
3397,47,3,2604
3398,371,2,2605
3398,40,1,2605
3398,11,3,2605
3398,22,1,2605
3399,131,2,2606
3400,49,2,2607
3401,123,2,2608
3401,81,2,2608
3401,164,2,2608
3402,233,3,2609
3403,116,3,2610
3403,25,2,2610
3403,37,1,2610
3403,29,2,2610
3403,2,3,2610
3403,33,1,2610
3403,32,1,2610
3404,159,2,2611
3404,147,1,2611
3405,142,3,2612
3405,350,1,2612
3405,100,2,2612
3406,157,2,2613
3407,152,1,2614
3407,467,2,2614
3407,187,1,2614
3407,370,1,2614
3408,105,3,2615
3408,482,1,2615
3408,64,3,2615
3408,66,2,2615
3408,323,1,2615
3409,8,2,2616
3410,0,2,2617
3410,137,1,2617
3410,205,1,2617
3410,177,3,2617
3410,104,1,2617
3411,352,1,2618
3412,14,1,2619
3413,8,3,2620
3414,160,2,2621
3414,360,3,2621
3415,0,2,2622
3415,77,1,2622
3415,9,1,2622
3415,296,1,2622
3415,448,2,2622
3415,101,3,2622
3415,299,1,2622
3415,195,2,2622
3415,17,2,2622
3415,85,2,2622
3415,469,2,2622
3416,19,3,2623
3416,5,1,2623
3416,172,2,2623
3417,203,2,2624
3417,0,3,2624
3417,187,1,2624
3417,236,1,2624
3418,93,1,2625
3418,420,3,2625
3419,48,2,2626
3419,11,3,2626
3420,167,3,2627
3420,49,2,2627
3420,448,2,2627
3420,23,3,2627
3420,45,3,2627
3420,71,2,2627
3421,9,2,2628
3422,44,2,2629
3422,30,1,2629
3422,1,2,2629
3422,149,1,2629
3423,15,2,2630
3423,20,2,2630
3424,16,1,2631
3424,25,2,2631
3424,472,2,2631
3424,147,2,2631
3425,0,2,2632
3426,39,2,2633
3426,181,2,2633
3426,462,1,2633
3426,1,3,2633
3426,98,1,2633
3426,7,1,2633
3427,60,3,2634
3427,63,3,2634
3427,1,1,2634
3427,62,1,2634
3427,88,3,2634
3427,30,2,2634
3427,50,3,2634
3427,2,3,2634
3427,498,2,2634
3427,119,1,2634
3427,175,1,2634
3427,280,3,2634
3427,271,1,2634
3427,401,1,2634
3428,115,1,2635
3428,161,1,2635
3428,121,2,2635
3428,486,1,2635
3428,284,2,2635
3428,336,1,2635
3428,351,3,2635
3429,22,2,2636
3429,436,2,2636
3429,6,3,2636
3430,32,3,2637
3430,1,3,2637
3431,21,2,2638
3431,49,2,2638
3431,107,3,2638
3431,40,3,2638
3431,84,2,2638
3432,167,3,2639
3433,327,1,2640
3433,225,1,2640
3434,6,3,2641
3434,245,2,2641
3434,450,3,2641
3434,265,2,2641
3435,3,1,2642
3435,335,1,2642
3436,10,2,2643
3436,460,3,2643
3437,15,2,2644
3437,183,2,2644
3438,264,1,2645
3438,282,1,2645
3438,35,2,2645
3438,140,2,2645
3438,484,2,2645
3438,108,1,2645
3438,370,3,2645
3438,124,2,2645
3438,460,1,2645
3438,245,3,2645
3439,360,3,2646
3440,410,1,2647
3440,238,3,2647
3440,420,2,2647
3440,490,3,2647
3441,33,3,2648
3442,180,2,2649
3443,320,3,2650
3443,28,3,2650
3443,370,1,2650
3444,81,2,2651
3444,33,3,2651
3445,183,1,2652
3445,14,1,2652
3445,11,2,2652
3445,1,1,2652
3445,45,3,2652
3446,179,3,2653
3446,0,2,2653
3446,55,2,2653
3446,12,1,2653
3446,27,3,2653
3446,39,1,2653
3446,417,1,2653
3446,216,1,2653
3446,91,3,2653
3447,7,1,2654
3448,131,3,2655
3449,77,2,2656
3450,180,2,2657
3450,186,2,2657
3450,47,1,2657
3450,9,3,2657
3450,99,3,2657
3450,148,1,2657
3451,265,1,2658
3452,124,3,2659
3452,12,2,2659
3452,28,1,2659
3453,12,1,2660
3453,11,2,2660
3453,0,1,2660
3453,21,2,2660
3454,9,3,2661
3454,69,1,2661
3454,30,2,2661
3455,116,2,2662
3455,194,3,2662
3455,49,2,2662
3455,5,2,2662
3455,135,1,2662
3455,176,3,2662
3455,163,2,2662
3456,2,2,2663
3457,18,3,2664
3457,116,2,2664
3457,228,2,2664
3458,38,2,2665
3458,277,3,2665
3458,13,3,2665
3459,11,1,2666
3460,15,3,2667
3461,118,1,2668
3462,37,2,2669
3463,420,2,2670
3464,40,1,2671
3464,68,3,2671
3464,439,2,2671
3465,35,3,2672
3465,119,1,2672
3465,123,3,2672
3465,40,1,2672
3466,161,3,2673
3466,47,1,2673
3466,40,3,2673
3466,111,1,2673
3466,41,3,2673
3466,39,3,2673
3466,185,3,2673
3466,26,3,2673
3466,62,2,2673
3467,130,3,2674
3468,87,3,2675
3468,466,1,2675
3468,496,3,2675
3468,332,1,2675
3468,498,1,2675
3468,223,1,2675
3468,113,2,2675
3468,365,3,2675
3468,359,3,2675
3469,45,1,2676
3470,396,2,2677
3471,16,2,2678
3472,82,1,2679
3472,93,3,2679
3472,34,1,2679
3472,295,2,2679
3472,310,2,2679
3473,32,3,2680
3473,410,2,2680
3473,400,3,2680
3473,284,3,2680
3474,10,2,2681
3474,92,3,2681
3474,41,2,2681
3475,8,3,2682
3475,196,2,2682
3475,43,1,2682
3475,1,1,2682
3475,3,3,2682
3475,35,2,2682
3475,42,1,2682
3475,22,1,2682
3475,128,2,2682
3476,107,1,2683
3477,204,3,2684
3477,256,1,2684
3477,179,1,2684
3477,67,2,2684
3478,14,3,2685
3479,1,3,2686
3480,19,2,2687
3480,44,2,2687
3480,4,2,2687
3480,30,1,2687
3480,425,3,2687
3480,271,1,2687
3480,159,1,2687
3480,41,3,2687
3480,33,2,2687
3481,189,3,2688
3481,149,1,2688
3481,300,3,2688
3481,446,3,2688
3481,0,3,2688
3481,33,1,2688
3481,13,3,2688
3482,367,2,2689
3483,76,1,2690
3484,236,2,2691
3484,60,3,2691
3484,63,3,2691
3484,103,2,2691
3484,1,3,2691
3485,111,1,2692
3485,314,3,2692
3486,348,1,2693
3487,26,3,2694
3487,13,3,2694
3487,482,3,2694
3488,10,1,2695
3489,4,3,2696
3490,27,1,2697
3491,36,2,2698
3491,258,1,2698
3492,273,2,2699
3492,473,1,2699
3492,27,2,2699
3492,11,2,2699
3492,92,3,2699
3492,9,3,2699
3492,3,2,2699
3493,162,1,2700
3493,3,1,2700
3493,29,1,2700
3493,4,1,2700
3493,297,3,2700
3493,275,2,2700
3493,237,3,2700
3493,247,1,2700
3494,1,3,2701
3494,2,2,2701
3495,166,1,2702
3495,445,1,2702
3495,15,1,2702
3496,469,1,2703
3497,57,3,2704
3497,119,1,2704
3498,18,1,2705
3499,50,2,2706
3500,54,1,2707
3500,117,3,2707
3500,462,2,2707
3500,93,2,2707
3501,42,1,2708
3501,9,3,2708
3501,0,2,2708
3501,107,3,2708
3502,84,2,2709
3502,124,3,2709
3503,44,1,2710
3503,201,3,2710
3503,106,2,2710
3504,251,3,2711
3504,87,3,2711
3504,410,1,2711
3504,23,2,2711
3504,242,3,2711
3504,27,3,2711
3504,37,2,2711
3504,449,3,2711
3504,20,1,2711
3504,205,1,2711
3504,122,2,2711
3504,5,1,2711
3505,47,2,2712
3505,2,2,2712
3506,8,2,2713
3506,138,1,2713
3506,157,3,2713
3506,6,2,2713
3506,10,2,2713
3507,171,1,2714
3507,11,2,2714
3507,267,3,2714
3507,458,3,2714
3507,9,1,2714
3508,8,1,2715
3508,188,3,2715
3508,327,1,2715
3508,482,1,2715
3509,16,3,2716
3509,6,3,2716
3509,7,2,2716
3510,458,3,2717
3511,20,1,2718
3511,50,2,2718
3511,226,1,2718
3511,210,1,2718
3511,159,2,2718
3512,17,2,2719
3512,15,3,2719
3513,33,2,2720
3513,9,3,2720
3514,30,3,2721
3515,109,3,2722
3516,224,2,2723
3516,310,1,2723
3517,389,2,2724
3517,454,3,2724
3518,260,3,2725
3518,478,2,2725
3518,27,3,2725
3518,498,2,2725
3519,23,2,2726
3519,194,1,2726
3520,72,2,2727
3521,42,1,2728
3522,7,2,2729
3522,6,3,2729
3522,15,2,2729
3523,156,2,2730
3523,207,3,2730
3523,106,1,2730
3523,6,1,2730
3523,270,1,2730
3523,180,1,2730
3523,9,2,2730
3523,51,2,2730
3524,33,2,2731
3525,26,3,2732
3525,1,3,2732
3525,43,2,2732
3525,20,2,2732
3525,274,2,2732
3525,284,1,2732
3525,143,1,2732
3525,201,2,2732
3525,83,2,2732
3525,95,1,2732
3525,420,2,2732
3525,52,3,2732
3525,40,3,2732
3525,254,3,2732
3525,150,2,2732
3525,101,2,2732
3525,2,2,2732
3525,33,1,2732
3526,19,3,2733
3527,24,1,2734
3528,203,3,2735
3528,13,1,2735
3529,10,2,2736
3529,38,1,2736
3530,191,2,2737
3530,370,1,2737
3531,2,2,2738
3531,18,2,2738
3531,39,1,2738
3531,100,1,2738
3531,110,2,2738
3531,124,2,2738
3531,350,3,2738
3531,82,1,2738
3531,284,2,2738
3531,204,1,2738
3531,130,1,2738
3531,58,1,2738
3532,356,3,2739
3532,150,1,2739
3532,243,3,2739
3532,165,3,2739
3533,465,2,2740
3534,72,3,2741
3534,82,1,2741
3534,194,2,2741
3534,13,1,2741
3535,0,1,2742
3536,185,3,2743
3537,8,3,2744
3537,145,3,2744
3537,87,1,2744
3537,437,1,2744
3537,168,2,2744
3537,86,3,2744
3537,64,2,2744
3538,36,1,2745
3538,8,2,2745
3538,6,1,2745
3539,122,1,2746
3539,20,3,2746
3539,50,3,2746
3539,5,3,2746
3539,116,1,2746
3540,14,3,2747
3540,259,3,2747
3541,20,1,2748
3542,105,3,2749
3542,482,2,2749
3542,103,3,2749
3542,20,3,2749
3543,353,3,2750
3544,183,2,2751
3544,69,1,2751
3544,216,3,2751
3544,128,1,2751
3544,291,2,2751
3545,425,2,2752
3546,458,3,2753
3546,145,2,2753
3546,54,2,2753
3547,49,3,2754
3548,14,2,2755
3549,164,3,2756
3549,484,1,2756
3549,67,3,2756
3549,315,1,2756
3550,35,3,2757
3550,189,2,2757
3550,50,2,2757
3550,20,1,2757
3551,8,3,2758
3552,5,1,2759
3552,78,1,2759
3552,156,2,2759
3552,130,2,2759
3552,138,3,2759
3553,175,3,2760
3554,43,1,2761
3554,11,3,2761
3555,1,1,2762
3556,7,1,2763
3556,216,1,2763
3556,445,1,2763
3557,233,1,2764
3557,137,2,2764
3558,42,1,2765
3558,22,2,2765
3558,250,3,2765
3558,446,1,2765
3558,162,3,2765
3558,27,2,2765
3558,45,1,2765
3558,10,3,2765
3558,54,1,2765
3558,31,1,2765
3558,145,2,2765
3558,258,3,2765
3559,140,1,2766
3560,2,2,2767
3560,42,3,2767
3561,7,2,2768
3561,61,2,2768
3561,368,2,2768
3561,6,3,2768
3562,7,3,2769
3562,353,1,2769
3562,100,1,2769
3562,2,2,2769
3563,156,1,2770
3564,173,3,2771
3565,1,3,2772
3565,110,1,2772
3565,498,2,2772
3565,322,3,2772
3565,109,2,2772
3565,367,3,2772
3565,245,2,2772
3565,76,1,2772
3565,41,3,2772
3565,62,1,2772
3565,46,3,2772
3565,30,1,2772
3566,80,1,2773
3567,16,1,2774
3567,0,2,2774
3567,187,2,2774
3567,59,3,2774
3567,67,3,2774
3567,8,1,2774
3567,124,2,2774
3567,52,1,2774
3567,276,3,2774
3568,37,2,2775
3568,122,3,2775
3568,137,2,2775
3568,0,1,2775
3569,4,1,2776
3569,0,1,2776
3569,2,1,2776
3570,50,1,2777
3571,449,2,2778
3571,325,1,2778
3572,33,1,2779
3572,32,2,2779
3573,85,3,2780
3573,57,3,2780
3573,198,3,2780
3573,63,3,2780
3574,159,1,2781
3575,3,3,2782
3575,159,1,2782
3576,81,2,2783
3577,3,1,2784
3577,469,1,2784
3578,96,2,2785
3578,16,2,2785
3578,162,1,2785
3579,370,2,2786
3579,420,1,2786
3579,18,2,2786
3580,294,1,2787
3580,355,3,2787
3580,98,3,2787
3581,72,2,2788
3582,79,3,2789
3582,47,3,2789
3583,16,2,2790
3583,54,1,2790
3583,233,2,2790
3583,44,1,2790
3583,181,3,2790
3583,185,3,2790
3583,22,1,2790
3583,227,3,2790
3583,143,3,2790
3584,4,2,2791
3585,26,3,2792
3585,38,2,2792
3585,25,2,2792
3586,8,2,2793
3586,44,2,2793
3586,45,2,2793
3587,7,3,2794
3588,81,2,2795
3589,12,3,2796
3589,79,2,2796
3590,172,2,2797
3591,10,2,2798
3591,248,2,2798
3591,316,2,2798
3591,40,2,2798
3591,51,3,2798
3591,174,3,2798
3591,99,3,2798
3592,193,3,2799
3592,314,2,2799
3592,266,2,2799
3592,250,2,2799
3592,401,2,2799
3592,234,1,2799
3592,10,2,2799
3592,85,2,2799
3592,13,1,2799
3592,370,2,2799
3593,69,3,2800
3593,128,2,2800
3593,27,3,2800
3593,49,3,2800
3594,143,3,2801
3594,38,2,2801
3594,1,2,2801
3594,280,1,2801
3594,493,3,2801
3594,24,3,2801
3594,125,2,2801
3595,6,3,2802
3595,47,2,2802
3595,245,2,2802
3595,213,2,2802
3595,124,2,2802
3595,114,1,2802
3595,2,1,2802
3595,71,3,2802
3595,341,3,2802
3595,1,1,2802
3595,12,1,2802
3595,41,2,2802
3596,33,2,2803
3596,97,3,2803
3596,159,2,2803
3597,34,3,2804
3597,46,2,2804
3597,54,3,2804
3598,118,2,2805
3599,274,1,2806
3600,92,2,2807
3601,315,3,2808
3601,422,3,2808
3602,291,2,2809
3602,245,1,2809
3602,359,3,2809
3603,19,3,2810
3603,493,2,2810
3603,234,3,2810
3604,49,2,2811
3605,145,3,2812
3606,16,2,2813
3606,134,3,2813
3606,14,2,2813
3607,43,3,2814
3607,34,2,2814
3608,19,2,2815
3608,46,3,2815
3608,24,1,2815
3608,112,2,2815
3608,323,1,2815
3608,30,3,2815
3609,154,1,2816
3609,135,1,2816
3610,165,1,2817
3610,106,3,2817
3610,21,3,2817
3611,176,1,2818
3612,3,3,2819
3612,5,2,2819
3612,193,2,2819
3612,155,3,2819
3612,149,3,2819
3612,189,3,2819
3612,7,3,2819
3613,396,2,2820
3613,258,1,2820
3614,2,3,2821
3614,22,1,2821
3614,97,3,2821
3614,23,2,2821
3615,47,3,2822
3616,255,1,2823
3616,32,3,2823
3616,171,1,2823
3616,28,1,2823
3617,2,2,2824
3618,164,2,2825
3618,497,1,2825
3618,447,1,2825
3618,107,2,2825
3618,6,2,2825
3619,10,3,2826
3620,250,2,2827
3620,148,3,2827
3621,26,1,2828
3621,39,3,2828
3622,33,1,2829
3622,16,1,2829
3622,7,1,2829
3622,0,1,2829
3623,177,2,2830
3623,243,3,2830
3623,271,3,2830
3623,496,1,2830
3624,7,3,2831
3625,23,3,2832
3626,74,1,2833
3626,162,2,2833
3626,248,3,2833
3627,202,3,2834
3628,12,2,2835
3628,401,3,2835
3628,455,2,2835
3629,12,3,2836
3629,8,1,2836
3630,449,3,2837
3630,353,3,2837
3630,231,2,2837
3630,31,1,2837
3630,10,3,2837
3631,283,3,2838
3632,238,3,2839
3632,214,1,2839
3633,28,3,2840
3633,0,1,2840
3634,422,2,2841
3634,403,2,2841
3634,21,1,2841
3634,452,3,2841
3635,270,1,2842
3635,462,1,2842
3635,350,1,2842
3635,56,2,2842
3636,40,1,2843
3636,4,2,2843
3636,42,2,2843
3637,31,3,2844
3637,29,1,2844
3637,115,3,2844
3637,226,1,2844
3638,141,3,2845
3638,33,3,2845
3638,86,3,2845
3638,167,2,2845
3638,19,1,2845
3638,13,2,2845
3638,410,2,2845
3638,175,1,2845
3638,17,1,2845
3639,436,1,2846
3640,184,3,2847
3640,1,2,2847
3640,129,3,2847
3641,78,2,2848
3641,2,2,2848
3642,5,1,2849
3642,0,2,2849
3642,260,3,2849
3642,83,3,2849
3642,125,3,2849
3643,51,1,2850
3644,140,2,2851
3644,472,1,2851
3645,125,1,2852
3646,165,2,2853
3646,23,1,2853
3647,486,3,2854
3647,38,1,2854
3647,268,1,2854
3647,106,2,2854
3648,105,1,2855
3649,10,1,2856
3649,206,2,2856
3650,35,3,2857
3650,458,3,2857
3651,53,1,2858
3651,316,3,2858
3651,110,1,2858
3651,26,2,2858
3651,24,1,2858
3652,14,1,2859
3652,1,1,2859
3652,21,3,2859
3652,38,2,2859
3652,80,2,2859
3652,4,3,2859
3652,176,1,2859
3652,301,1,2859
3652,71,2,2859
3652,269,3,2859
3652,127,1,2859
3652,106,3,2859
3652,410,3,2859
3652,403,1,2859
3652,110,1,2859
3652,104,3,2859
3653,20,1,2860
3653,77,1,2860
3653,310,1,2860
3653,484,2,2860
3654,466,2,2861
3654,19,2,2861
3654,63,3,2861
3654,349,2,2861
3654,1,1,2861
3654,37,3,2861
3655,159,3,2862
3656,32,1,2863
3656,2,2,2863
3656,422,1,2863
3656,310,1,2863
3656,102,2,2863
3657,18,1,2864
3657,410,1,2864
3657,94,3,2864
3657,259,2,2864
3657,127,3,2864
3657,11,1,2864
3657,359,3,2864
3657,37,3,2864
3657,340,3,2864
3657,40,1,2864
3657,15,1,2864
3657,312,2,2864
3657,214,1,2864
3658,327,1,2865
3658,349,3,2865
3658,107,1,2865
3658,18,3,2865
3659,81,3,2866
3660,488,1,2867
3660,172,2,2867
3661,423,3,2868
3661,195,3,2868
3661,285,2,2868
3661,228,1,2868
3661,105,3,2868
3661,9,1,2868
3661,141,1,2868
3662,104,3,2869
3663,24,2,2870
3663,17,2,2870
3663,32,2,2870
3663,30,3,2870
3664,1,1,2871
3664,110,2,2871
3664,27,3,2871
3664,224,1,2871
3664,32,3,2871
3664,67,3,2871
3665,6,2,2872
3666,15,2,2873
3666,24,1,2873
3666,9,3,2873
3667,13,1,2874
3667,35,3,2874
3667,323,1,2874
3668,7,1,2875
3668,21,1,2875
3668,244,3,2875
3669,223,3,2876
3670,162,3,2877
3670,82,3,2877
3670,447,1,2877
3670,34,1,2877
3670,62,3,2877
3671,33,3,2878
3672,13,3,2879
3672,21,1,2879
3673,29,3,2880
3674,341,2,2881
3674,296,3,2881
3674,42,1,2881
3675,44,3,2882
3675,4,2,2882
3675,120,1,2882
3675,144,1,2882
3676,70,1,2883
3677,91,3,2884
3678,3,3,2885
3678,6,1,2885
3679,82,2,2886
3679,333,3,2886
3679,496,2,2886
3679,69,1,2886
3679,186,2,2886
3680,23,2,2887
3680,115,2,2887
3681,5,2,2888
3681,61,3,2888
3682,0,2,2889
3682,20,3,2889
3682,172,1,2889
3683,34,1,2890
3683,115,3,2890
3684,352,1,2891
3684,142,2,2891
3684,79,1,2891
3685,320,1,2892
3686,264,3,2893
3687,51,2,2894
3688,46,3,2895
3688,104,3,2895
3689,11,1,2896
3689,0,2,2896
3689,332,3,2896
3689,162,1,2896
3689,45,3,2896
3689,20,3,2896
3689,2,1,2896
3689,22,3,2896
3689,42,1,2896
3689,81,3,2896
3689,76,3,2896
3689,391,1,2896
3689,438,2,2896
3689,47,2,2896
3689,370,3,2896
3689,360,1,2896
3690,27,3,2897
3691,0,1,2898
3691,107,2,2898
3691,467,2,2898
3691,21,1,2898
3691,22,2,2898
3691,83,1,2898
3691,275,2,2898
3691,154,3,2898
3691,10,2,2898
3691,11,1,2898
3692,296,1,2899
3692,211,2,2899
3692,245,3,2899
3692,44,1,2899
3692,68,1,2899
3693,16,2,2900
3694,36,2,2901
3694,12,1,2901
3694,0,2,2901
3695,6,2,2902
3695,92,3,2902
3695,498,2,2902
3696,79,1,2903
3696,348,1,2903
3696,455,2,2903
3697,151,1,2904
3698,266,1,2905
3699,16,1,2906
3699,47,3,2906
3699,30,3,2906
3700,32,3,2907
3700,151,3,2907
3701,127,1,2908
3701,120,3,2908
3701,391,3,2908
3701,184,1,2908
3701,399,1,2908
3702,102,1,2909
3702,137,2,2909
3702,462,2,2909
3702,185,2,2909
3703,59,2,2910
3704,0,3,2911
3704,185,1,2911
3704,280,1,2911
3704,21,1,2911
3704,214,1,2911
3704,263,2,2911
3704,159,1,2911
3705,316,1,2912
3705,286,3,2912
3706,0,3,2913
3706,16,1,2913
3706,117,2,2913
3706,143,3,2913
3706,10,1,2913
3706,187,3,2913
3706,6,1,2913
3706,74,2,2913
3706,157,3,2913
3707,40,3,2914
3707,0,1,2914
3707,65,3,2914
3707,79,3,2914
3707,20,2,2914
3707,15,2,2914
3707,10,2,2914
3707,37,2,2914
3708,225,3,2915
3709,78,1,2916
3710,168,1,2917
3710,100,2,2917
3710,34,1,2917
3710,25,2,2917
3711,0,3,2918
3711,345,1,2918
3712,296,3,2919
3713,93,3,2920
3713,5,2,2920
3713,162,1,2920
3714,12,1,2921
3714,60,2,2921
3714,119,2,2921
3714,33,2,2921
3714,35,3,2921
3714,188,2,2921
3714,43,3,2921
3714,445,2,2921
3714,41,3,2921
3715,51,3,2922
3715,146,3,2922
3715,113,1,2922
3716,71,2,2923
3717,48,3,2924
3718,51,3,2925
3719,118,3,2926
3719,283,2,2926
3719,4,1,2926
3719,45,1,2926
3720,4,3,2927
3720,15,3,2927
3720,50,2,2927
3720,465,2,2927
3720,26,2,2927
3721,88,3,2928
3721,32,1,2928
3721,172,3,2928
3722,62,3,2929
3723,72,2,2930
3723,22,2,2930
3724,26,3,2931
3725,42,3,2932
3725,97,2,2932
3726,30,2,2933
3726,348,1,2933
3726,391,3,2933
3726,159,1,2933
3726,47,1,2933
3726,91,2,2933
3727,144,1,2934
3728,10,1,2935
3728,74,1,2935
3728,280,3,2935
3728,455,1,2935
3729,80,2,2936
3729,11,1,2936
3730,48,3,2937
3730,10,2,2937
3730,39,2,2937
3730,12,1,2937
3730,25,3,2937
3731,242,1,2938
3731,0,2,2938
3731,82,2,2938
3731,9,1,2938
3731,190,2,2938
3731,367,2,2938
3732,42,2,2939
3733,97,3,2940
3734,62,2,2941
3735,62,1,2942
3735,93,2,2942
3735,288,1,2942
3735,3,1,2942
3735,75,1,2942
3736,23,3,2943
3736,8,2,2943
3737,2,3,2944
3737,50,2,2944
3737,15,2,2944
3737,145,3,2944
3737,102,3,2944
3737,5,1,2944
3738,349,2,2945
3739,39,3,2946
3740,9,2,2947
3741,2,2,2948
3742,5,2,2949
3742,111,2,2949
3742,65,2,2949
3742,4,1,2949
3742,50,2,2949
3742,35,1,2949
3743,13,2,2950
3743,355,1,2950
3743,27,3,2950
3743,2,1,2950
3743,11,3,2950
3743,184,2,2950
3743,193,2,2950
3744,379,1,2951
3744,304,2,2951
3744,193,2,2951
3744,314,1,2951
3744,33,2,2951
3744,294,1,2951
3744,498,2,2951
3745,137,3,2952
3745,420,2,2952
3745,156,2,2952
3745,332,3,2952
3745,53,1,2952
3745,10,1,2952
3746,2,2,2953
3746,110,2,2953
3746,5,3,2953
3746,180,3,2953
3746,25,2,2953
3747,15,3,2954
3747,3,2,2954
3748,6,3,2955
3749,12,3,2956
3750,37,2,2957
3750,46,2,2957
3751,40,3,2958
3751,30,3,2958
3751,21,2,2958
3752,61,1,2959
3752,175,1,2959
3752,122,3,2959
3752,351,2,2959
3752,148,2,2959
3752,71,1,2959
3753,13,2,2960
3754,16,3,2961
3754,0,2,2961
3754,2,2,2961
3754,449,3,2961
3754,203,1,2961
3755,117,2,2962
3755,155,2,2962
3755,297,1,2962
3755,469,1,2962
3755,54,3,2962
3756,48,1,2963
3756,16,3,2963
3757,368,1,2964
3757,143,2,2964
3757,465,2,2964
3757,160,3,2964
3758,52,3,2965
3758,18,2,2965
3759,1,2,2966
3759,104,3,2966
3759,49,1,2966
3759,22,1,2966
3760,473,3,2967
3760,131,2,2967
3760,84,1,2967
3760,8,2,2967
3760,176,1,2967
3760,18,1,2967
3760,367,1,2967
3760,497,3,2967
3760,23,2,2967
3760,116,1,2967
3761,36,3,2968
3761,109,2,2968
3761,437,2,2968
3761,286,3,2968
3761,200,1,2968
3761,106,1,2968
3761,84,2,2968
3762,25,2,2969
3762,277,1,2969
3762,65,2,2969
3762,4,2,2969
3762,91,3,2969
3763,6,1,2970
3763,24,2,2970
3764,16,3,2971
3764,79,2,2971
3764,403,2,2971
3765,168,2,2972
3766,59,1,2973
3767,21,1,2974
3768,248,3,2975
3769,41,1,2976
3769,16,2,2976
3769,37,2,2976
3769,9,1,2976
3769,206,3,2976
3769,10,1,2976
3769,254,2,2976
3769,6,3,2976
3769,23,1,2976
3769,7,1,2976
3769,160,3,2976
3770,183,2,2977
3770,42,1,2977
3770,151,2,2977
3771,184,3,2978
3772,157,3,2979
3773,39,3,2980
3773,53,3,2980
3773,279,2,2980
3773,211,3,2980
3773,244,2,2980
3773,51,2,2980
3774,30,2,2981
3775,48,2,2982
3775,273,3,2982
3775,61,1,2982
3775,84,1,2982
3775,105,1,2982
3775,68,2,2982
3776,81,3,2983
3777,37,3,2984
3778,116,1,2985
3778,5,2,2985
3779,47,2,2986
3779,148,1,2986
3779,46,3,2986
3779,356,2,2986
3779,19,3,2986
3780,12,2,2987
3780,13,1,2987
3780,156,1,2987
3781,85,3,2988
3781,9,3,2988
3781,140,1,2988
3781,352,1,2988
3782,280,1,2989
3782,201,1,2989
3782,57,1,2989
3783,278,3,2990
3783,423,2,2990
3783,86,1,2990
3783,166,1,2990
3783,8,1,2990
3784,7,2,2991
3784,51,3,2991
3784,71,2,2991
3784,28,3,2991
3784,49,2,2991
3784,0,3,2991
3784,31,1,2991
3784,90,2,2991
3785,29,3,2992
3786,8,3,2993
3787,359,3,2994
3787,30,1,2994
3787,143,1,2994
3787,69,2,2994
3787,117,3,2994
3787,170,2,2994
3787,469,2,2994
3787,46,3,2994
3787,184,2,2994
3788,123,3,2995
3788,50,1,2995
3788,490,2,2995
3788,177,3,2995
3789,64,2,2996
3789,74,1,2996
3790,312,1,2997
3790,142,1,2997
3790,465,2,2997
3790,131,2,2997
3790,83,2,2997
3790,349,1,2997
3790,224,1,2997
3790,310,1,2997
3791,41,3,2998
3792,87,2,2999
3793,46,2,3000
3793,6,1,3000
3793,0,3,3000
3793,13,1,3000
3793,148,2,3000
3794,13,3,3001
3794,264,3,3001
3794,466,3,3001
3795,473,1,3002
3795,40,1,3002
3796,152,3,3003
3796,201,3,3003
3796,147,3,3003
3796,445,1,3003
3796,93,2,3003
3796,367,1,3003
3796,109,1,3003
3796,231,2,3003
3797,79,1,3004
3797,25,2,3004
3797,271,2,3004
3797,437,3,3004
3797,417,3,3004
3798,4,3,3005
3798,445,1,3005
3798,157,1,3005
3798,388,1,3005
3798,312,3,3005
3798,204,1,3005
3799,206,1,3006
3799,1,1,3006
3799,13,3,3006
3799,106,1,3006
3800,83,3,3007
3801,21,2,3008
3801,6,2,3008
3801,178,3,3008
3801,486,2,3008
3801,127,3,3008
3801,389,1,3008
3802,5,2,3009
3803,206,3,3010
3803,112,2,3010
3803,6,2,3010
3803,2,3,3010
3804,88,1,3011
3804,104,3,3011
3805,10,3,3012
3805,130,2,3012
3805,348,1,3012
3805,446,2,3012
3805,194,3,3012
3805,26,1,3012
3806,12,2,3013
3806,254,2,3013
3806,130,2,3013
3806,0,1,3013
3806,52,2,3013
3806,169,3,3013
3806,350,2,3013
3806,184,1,3013
3806,4,2,3013
3806,323,1,3013
3807,80,3,3014
3807,114,1,3014
3807,399,1,3014
3808,5,3,3015
3809,3,3,3016
3810,178,2,3017
3810,229,2,3017
3810,2,3,3017
3810,197,1,3017
3810,147,1,3017
3810,285,3,3017
3811,15,2,3018
3811,139,3,3018
3811,450,2,3018
3811,109,3,3018
3811,48,1,3018
3811,36,3,3018
3811,244,3,3018
3811,125,3,3018
3812,391,3,3019
3812,270,3,3019
3812,466,1,3019
3813,237,2,3020
3814,140,2,3021
3814,178,2,3021
3815,30,2,3022
3815,6,3,3022
3816,157,1,3023
3816,83,3,3023
3816,39,2,3023
3817,27,2,3024
3818,5,1,3025
3818,38,2,3025
3818,102,3,3025
3819,345,1,3026
3819,255,1,3026
3819,131,2,3026
3819,38,1,3026
3820,26,3,3027
3821,21,3,3028
3821,49,3,3028
3821,12,2,3028
3821,39,2,3028
3822,447,1,3029
3823,52,1,3030
3823,0,2,3030
3823,11,3,3030
3824,19,3,3031
3825,40,2,3032
3825,20,1,3032
3825,101,2,3032
3825,114,2,3032
3825,447,3,3032
3825,11,2,3032
3825,171,3,3032
3825,69,1,3032
3825,270,1,3032
3825,367,3,3032
3825,349,1,3032
3825,370,3,3032
3825,258,2,3032
3825,27,3,3032
3826,159,2,3033
3826,225,3,3033
3827,17,1,3034
3827,0,3,3034
3827,396,1,3034
3827,274,3,3034
3827,348,2,3034
3828,280,3,3035
3828,114,3,3035
3828,2,1,3035
3828,1,3,3035
3828,38,2,3035
3828,256,1,3035
3828,396,3,3035
3828,140,1,3035
3829,25,2,3036
3830,47,3,3037
3830,186,1,3037
3830,396,2,3037
3831,18,1,3038
3831,35,1,3038
3832,187,1,3039
3833,180,2,3040
3834,4,1,3041
3834,0,3,3041
3835,294,2,3042
3835,14,2,3042
3835,1,1,3042
3835,10,2,3042
3835,181,3,3042
3835,39,1,3042
3836,8,3,3043
3836,30,3,3043
3836,19,3,3043
3836,155,3,3043
3837,37,1,3044
3837,174,1,3044
3837,2,2,3044
3837,27,1,3044
3837,0,3,3044
3837,122,3,3044
3837,8,3,3044
3838,105,3,3045
3838,190,2,3045
3838,197,3,3045
3839,1,1,3046
3839,39,3,3046
3840,159,2,3047
3841,50,3,3048
3841,425,1,3048
3841,100,1,3048
3841,22,2,3048
3842,214,1,3049
3843,46,1,3050
3843,24,1,3050
3844,144,3,3051
3844,177,2,3051
3844,121,3,3051
3844,106,3,3051
3845,8,2,3052
3845,125,1,3052
3846,6,1,3053
3846,30,2,3053
3846,17,2,3053
3846,20,2,3053
3846,29,3,3053
3846,156,3,3053
3846,16,1,3053
3846,23,3,3053
3846,4,3,3053
3846,25,2,3053
3846,389,2,3053
3846,102,1,3053
3846,263,2,3053
3846,163,1,3053
3847,446,3,3054
3847,447,1,3054
3848,174,1,3055
3848,18,3,3055
3849,11,3,3056
3850,134,1,3057
3850,245,2,3057
3851,31,3,3058
3852,21,1,3059
3853,11,2,3060
3853,1,1,3060
3853,104,1,3060
3854,0,3,3061
3854,205,3,3061
3855,34,2,3062
3855,39,2,3062
3855,143,1,3062
3855,63,1,3062
3855,158,1,3062
3856,157,1,3063
3857,15,2,3064
3857,56,3,3064
3857,60,1,3064
3857,199,3,3064
3857,318,2,3064
3857,174,1,3064
3857,42,3,3064
3857,156,2,3064
3857,16,1,3064
3857,96,1,3064
3857,202,1,3064
3858,154,2,3065
3858,151,2,3065
3859,0,3,3066
3859,2,1,3066
3860,5,2,3067
3861,1,2,3068
3861,68,1,3068
3861,21,2,3068
3862,45,1,3069
3862,1,1,3069
3862,25,1,3069
3862,124,1,3069
3862,22,1,3069
3862,407,2,3069
3862,162,2,3069
3862,2,2,3069
3862,50,2,3069
3862,223,1,3069
3862,106,2,3069
3862,379,3,3069
3862,417,1,3069
3862,36,1,3069
3863,185,3,3070
3863,14,2,3070
3863,16,3,3070
3863,13,3,3070
3863,322,1,3070
3864,267,2,3071
3864,85,3,3071
3865,4,3,3072
3865,2,3,3072
3866,26,1,3073
3866,41,3,3073
3866,5,3,3073
3866,86,2,3073
3867,0,2,3074
3867,2,1,3074
3867,43,1,3074
3867,21,3,3074
3867,125,3,3074
3867,282,2,3074
3867,42,3,3074
3867,315,2,3074
3867,5,2,3074
3867,114,2,3074
3867,60,2,3074
3867,190,3,3074
3868,48,2,3075
3868,74,3,3075
3868,359,2,3075
3869,280,1,3076
3870,493,1,3077
3871,4,3,3078
3872,2,2,3079
3872,40,1,3079
3872,3,1,3079
3872,34,2,3079
3872,43,3,3079
3873,190,3,3080
3873,403,3,3080
3873,454,2,3080
3874,45,1,3081
3874,17,2,3081
3874,33,3,3081
3874,22,1,3081
3874,44,2,3081
3875,3,2,3082
3876,35,3,3083
3876,177,1,3083
3877,82,3,3084
3877,27,1,3084
3877,388,2,3084
3878,5,2,3085
3878,87,3,3085
3878,63,3,3085
3878,96,3,3085
3879,222,3,3086
3879,74,2,3086
3880,18,2,3087
3881,283,3,3088
3882,106,2,3089
3882,5,2,3089
3883,49,3,3090
3883,29,3,3090
3883,186,1,3090
3883,188,1,3090
3883,18,3,3090
3883,97,2,3090
3883,143,3,3090
3884,43,3,3091
3884,478,2,3091
3884,72,2,3091
3885,113,3,3092
3885,454,2,3092
3885,243,3,3092
3885,92,1,3092
3886,5,1,3093
3886,49,3,3093
3886,44,1,3093
3886,9,3,3093
3886,22,1,3093
3886,107,1,3093
3886,1,2,3093
3887,2,3,3094
3887,22,3,3094
3888,13,3,3095
3888,131,3,3095
3888,214,2,3095
3888,260,1,3095
3889,5,3,3096
3889,162,1,3096
3889,35,3,3096
3890,23,3,3097
3890,7,3,3097
3890,158,2,3097
3890,367,2,3097
3891,21,1,3098
3892,124,3,3099
3892,31,1,3099
3893,68,1,3100
3893,163,1,3100
3893,81,3,3100
3894,145,2,3101
3894,152,2,3101
3895,56,2,3102
3895,145,3,3102
3895,171,2,3102
3895,13,2,3102
3896,151,1,3103
3897,32,1,3104
3897,25,2,3104
3897,2,3,3104
3897,1,2,3104
3897,7,1,3104
3897,0,1,3104
3897,29,1,3104
3897,27,3,3104
3897,44,2,3104
3897,20,1,3104
3897,9,2,3104
3897,5,2,3104
3897,19,1,3104
3897,46,3,3104
3897,14,3,3104
3897,40,2,3104
3898,335,3,3105
3898,222,1,3105
3898,267,1,3105
3898,71,2,3105
3898,373,3,3105
3898,190,1,3105
3898,54,1,3105
3898,3,3,3105
3898,60,2,3105
3898,109,3,3105
3898,282,2,3105
3899,33,1,3106
3899,13,1,3106
3900,12,3,3107
3900,110,3,3107
3900,196,3,3107
3900,3,3,3107
3900,250,2,3107
3901,482,3,3108
3901,40,3,3108
3901,2,3,3108
3902,72,2,3109
3903,249,2,3110
3903,41,1,3110
3904,157,1,3111
3904,314,2,3111
3904,54,2,3111
3904,356,3,3111
3905,25,3,3112
3906,59,1,3113
3906,9,2,3113
3906,49,3,3113
3907,18,2,3114
3907,240,1,3114
3908,349,2,3115
3908,240,3,3115
3908,97,2,3115
3909,0,3,3116
3909,78,1,3116
3909,18,3,3116
3909,195,1,3116
3909,202,1,3116
3909,438,3,3116
3909,197,3,3116
3909,2,2,3116
3909,44,1,3116
3909,299,1,3116
3910,22,1,3117
3911,40,3,3118
3911,172,3,3118
3912,26,1,3119
3912,37,3,3119
3912,66,3,3119
3912,228,2,3119
3913,33,1,3120
3914,12,2,3121
3914,228,2,3121
3914,300,2,3121
3915,47,2,3122
3916,247,1,3123
3916,174,1,3123
3916,12,1,3123
3917,163,1,3124
3917,333,1,3124
3917,367,2,3124
3917,7,1,3124
3917,146,3,3124
3917,248,1,3124
3917,38,1,3124
3917,47,1,3124
3918,300,3,3125
3918,1,2,3125
3918,14,1,3125
3918,111,3,3125
3918,43,2,3125
3918,3,1,3125
3918,151,3,3125
3919,277,2,3126
3919,128,2,3126
3920,25,3,3127
3921,294,2,3128
3921,7,2,3128
3921,6,1,3128
3921,103,1,3128
3921,86,1,3128
3921,74,1,3128
3922,129,2,3129
3923,33,1,3130
3924,236,2,3131
3925,215,3,3132
3925,142,2,3132
3925,114,2,3132
3925,15,2,3132
3926,7,1,3133
3926,25,1,3133
3927,60,2,3134
3927,439,1,3134
3928,18,3,3135
3929,0,1,3136
3929,437,2,3136
3929,370,3,3136
3929,154,3,3136
3930,16,2,3137
3930,490,2,3137
3930,61,3,3137
3930,44,3,3137
3930,349,3,3137
3930,114,1,3137
3930,14,3,3137
3930,2,1,3137
3930,8,1,3137
3930,30,2,3137
3930,46,2,3137
3930,93,2,3137
3930,273,3,3137
3930,1,3,3137
3930,187,3,3137
3930,153,1,3137
3931,167,1,3138
3931,40,1,3138
3931,88,3,3138
3932,10,3,3139
3932,77,2,3139
3932,143,1,3139
3933,227,3,3140
3933,312,2,3140
3934,10,3,3141
3934,154,1,3141
3934,8,2,3141
3935,46,1,3142
3936,31,3,3143
3936,6,1,3143
3937,206,1,3144
3937,447,1,3144
3938,18,3,3145
3939,85,3,3146
3939,194,3,3146
3940,49,3,3147
3940,438,1,3147
3941,112,1,3148
3941,23,1,3148
3941,344,1,3148
3941,396,1,3148
3941,306,2,3148
3942,5,3,3149
3943,0,3,3150
3943,116,2,3150
3944,48,1,3151
3945,40,1,3152
3946,23,1,3153
3946,96,2,3153
3947,24,2,3154
3947,147,1,3154
3947,204,1,3154
3948,2,3,3155
3948,71,2,3155
3948,267,2,3155
3948,13,1,3155
3948,299,3,3155
3949,472,2,3156
3949,224,3,3156
3949,279,3,3156
3949,78,1,3156
3949,39,3,3156
3949,297,1,3156
3949,148,2,3156
3950,3,1,3157
3950,23,1,3157
3950,474,3,3157
3951,6,3,3158
3951,27,2,3158
3951,110,1,3158
3951,1,3,3158
3952,270,3,3159
3953,10,1,3160
3954,69,1,3161
3954,223,3,3161
3954,52,3,3161
3954,331,1,3161
3954,186,2,3161
3954,161,3,3161
3954,271,1,3161
3954,316,1,3161
3955,28,1,3162
3955,6,2,3162
3955,21,1,3162
3955,78,1,3162
3955,75,2,3162
3955,322,3,3162
3955,232,2,3162
3955,73,2,3162
3955,160,2,3162
3955,271,1,3162
3955,403,1,3162
3955,119,1,3162
3955,445,1,3162
3955,4,3,3162
3955,107,2,3162
3955,225,1,3162
3956,430,3,3163
3956,264,2,3163
3957,8,2,3164
3957,40,1,3164
3957,5,1,3164
3958,10,1,3165
3958,11,3,3165
3958,236,1,3165
3959,31,1,3166
3959,107,3,3166
3959,1,3,3166
3959,0,2,3166
3960,23,3,3167
3961,48,2,3168
3962,69,3,3169
3962,271,3,3169
3962,130,1,3169
3963,91,2,3170
3963,179,1,3170
3964,344,1,3171
3964,76,2,3171
3964,175,1,3171
3964,265,3,3171
3964,423,2,3171
3964,195,2,3171
3964,2,2,3171
3964,92,3,3171
3964,6,1,3171
3964,110,1,3171
3964,132,1,3171
3964,193,3,3171
3965,38,1,3172
3965,137,3,3172
3965,87,1,3172
3965,314,1,3172
3965,164,1,3172
3965,7,2,3172
3966,143,3,3173
3966,183,3,3173
3966,273,2,3173
3966,484,2,3173
3967,62,1,3174
3968,51,1,3175
3968,40,3,3175
3968,117,2,3175
3968,149,2,3175
3968,74,1,3175
3969,55,1,3176
3969,49,3,3176
3970,103,1,3177
3970,0,2,3177
3970,48,2,3177
3971,23,2,3178
3971,26,2,3178
3972,38,3,3179
3972,493,3,3179
3972,99,3,3179
3972,224,3,3179
3972,204,3,3179
3973,344,2,3180
3973,455,3,3180
3974,0,3,3181
3975,124,3,3182
3975,5,2,3182
3976,11,1,3183
3976,137,3,3183
3976,28,2,3183
3977,48,2,3184
3977,22,3,3184
3977,40,3,3184
3978,2,1,3185
3978,105,2,3185
3978,29,2,3185
3979,1,2,3186
3979,18,1,3186
3980,78,1,3187
3980,180,3,3187
3981,93,1,3188
3982,185,1,3189
3982,25,2,3189
3982,6,1,3189
3983,4,2,3190
3983,2,2,3190
3984,96,3,3191
3985,21,2,3192
3986,0,1,3193
3986,7,3,3193
3986,263,3,3193
3986,20,2,3193
3986,26,3,3193
3986,21,2,3193
3986,132,3,3193
3986,113,2,3193
3986,297,1,3193
3986,278,3,3193
3986,193,3,3193
3986,68,1,3193
3987,15,3,3194
3987,172,1,3194
3987,150,3,3194
3987,399,2,3194
3987,271,1,3194
3987,373,3,3194
3987,105,2,3194
3987,26,3,3194
3987,32,3,3194
3988,97,3,3195
3988,223,1,3195
3988,9,3,3195
3988,43,3,3195
3988,72,3,3195
3988,269,2,3195
3988,106,1,3195
3989,193,3,3196
3989,158,1,3196
3990,15,3,3197
3990,25,1,3197
3990,285,3,3197
3990,50,3,3197
3991,12,1,3198
3991,49,2,3198
3991,93,2,3198
3991,20,2,3198
3992,478,3,3199
3992,333,1,3199
3992,250,3,3199
3992,194,3,3199
3993,186,2,3200
3993,404,1,3200
3994,72,2,3201
3995,26,1,3202
3995,172,2,3202
3995,89,3,3202
3995,38,2,3202
3996,0,1,3203
3996,171,1,3203
3996,75,1,3203
3996,465,3,3203
3996,284,2,3203
3997,275,2,3204
3997,422,3,3204
3997,264,3,3204
3998,12,3,3205
3998,1,2,3205
3999,19,2,3206
3999,104,2,3206
3999,8,2,3206
4000,113,3,3207
4001,54,2,3208
4001,365,3,3208
4001,482,2,3208
4001,8,1,3208
4002,79,2,3209
4002,197,3,3209
4003,155,1,3210
4003,222,2,3210
4003,34,3,3210
4003,1,3,3210
4004,33,1,3211
4005,28,1,3212
4005,12,2,3212
4005,0,1,3212
4006,314,3,3213
4006,53,2,3213
4006,92,3,3213
4007,4,2,3214
4007,310,1,3214
4008,60,3,3215
4008,2,2,3215
4009,129,1,3216
4010,9,2,3217
4011,30,1,3218
4012,59,3,3219
4012,108,3,3219
4012,143,1,3219
4013,198,1,3220
4014,39,3,3221
4014,23,3,3221
4014,6,2,3221
4014,1,2,3221
4015,7,3,3222
4016,49,1,3223
4017,234,2,3224
4017,238,3,3224
4018,296,1,3225
4018,482,3,3225
4018,95,3,3225
4018,26,1,3225
4018,9,2,3225
4018,99,3,3225
4019,81,3,3226
4019,49,2,3226
4019,7,2,3226
4019,61,1,3226
4019,18,3,3226
4020,60,1,3227
4020,52,1,3227
4021,279,3,3228
4022,11,1,3229
4023,86,3,3230
4023,225,2,3230
4023,96,1,3230
4023,227,2,3230
4024,201,3,3231
4024,242,2,3231
4024,194,3,3231
4024,140,1,3231
4024,83,1,3231
4024,294,2,3231
4024,255,3,3231
4024,164,3,3231
4025,1,3,3232
4026,10,3,3233
4026,475,1,3233
4026,0,3,3233
4026,16,3,3233
4027,194,3,3234
4027,455,1,3234
4027,245,1,3234
4028,13,1,3235
4028,273,2,3235
4028,400,3,3235
4028,229,1,3235
4028,227,3,3235
4028,458,2,3235
4029,28,2,3236
4029,349,2,3236
4030,1,2,3237
4030,188,3,3237
4030,125,3,3237
4030,233,3,3237
4030,12,2,3237
4031,19,1,3238
4031,30,1,3238
4032,38,1,3239
4033,109,2,3240
4033,63,1,3240
4034,33,1,3241
4034,117,1,3241
4034,438,3,3241
4034,254,3,3241
4034,166,3,3241
4034,137,3,3241
4035,209,1,3242
4035,332,1,3242
4035,39,2,3242
4036,14,3,3243
4036,105,1,3243
4036,103,3,3243
4037,210,2,3244
4037,320,3,3244
4037,437,3,3244
4037,474,3,3244
4037,179,2,3244
4037,5,2,3244
4038,23,2,3245
4038,315,3,3245
4038,156,1,3245
4038,2,3,3245
4038,194,2,3245
4038,261,3,3245
4038,251,2,3245
4038,216,2,3245
4038,78,1,3245
4038,27,2,3245
4038,1,2,3245
4039,14,1,3246
4040,174,3,3247
4040,2,3,3247
4040,111,3,3247
4040,17,2,3247
4040,64,1,3247
4040,403,2,3247
4040,112,3,3247
4040,439,1,3247
4040,279,3,3247
4040,99,1,3247
4040,9,1,3247
4040,202,2,3247
4040,129,2,3247
4040,12,1,3247
4040,4,3,3247
4041,2,1,3248
4041,14,3,3248
4042,42,3,3249
4042,12,1,3249
4042,35,2,3249
4042,189,3,3249
4043,21,3,3250
4043,258,2,3250
4043,259,1,3250
4043,254,3,3250
4043,28,3,3250
4043,286,1,3250
4044,404,1,3251
4044,172,1,3251
4045,12,1,3252
4045,203,3,3252
4045,438,1,3252
4045,13,2,3252
4045,68,3,3252
4045,472,3,3252
4046,11,3,3253
4046,99,2,3253
4046,78,3,3253
4047,13,2,3254
4047,19,3,3254
4047,0,1,3254
4047,9,2,3254
4047,463,3,3254
4047,128,2,3254
4048,170,1,3255
4048,320,1,3255
4049,79,1,3256
4049,166,1,3256
4049,31,2,3256
4049,225,1,3256
4050,199,3,3257
4050,296,2,3257
4050,78,2,3257
4050,3,1,3257
4050,57,1,3257
4050,2,3,3257
4050,110,3,3257
4050,215,2,3257
4051,53,2,3258
4051,1,1,3258
4051,122,1,3258
4052,8,2,3259
4052,12,1,3259
4052,14,3,3259
4053,1,3,3260
4053,4,1,3260
4053,174,1,3260
4053,0,1,3260
4053,42,2,3260
4054,8,2,3261
4054,373,2,3261
4054,369,2,3261
4054,484,1,3261
4054,294,1,3261
4054,399,1,3261
4054,222,3,3261
4054,388,1,3261
4054,41,2,3261
4054,162,2,3261
4054,150,2,3261
4054,24,1,3261
4054,22,2,3261
4054,14,3,3261
4054,34,3,3261
4054,13,1,3261
4054,25,2,3261
4054,26,1,3261
4055,198,3,3262
4055,125,2,3262
4055,33,1,3262
4056,458,2,3263
4056,497,2,3263
4057,53,2,3264
4058,306,2,3265
4058,64,3,3265
4058,35,1,3265
4058,10,2,3265
4058,200,1,3265
4058,149,1,3265
4058,98,3,3265
4058,43,3,3265
4058,18,3,3265
4059,179,2,3266
4059,7,1,3266
4059,0,3,3266
4059,3,2,3266
4060,157,3,3267
4060,234,2,3267
4061,8,3,3268
4061,171,1,3268
4062,206,3,3269
4062,78,2,3269
4062,189,2,3269
4062,41,1,3269
4063,1,1,3270
4064,225,1,3271
4064,54,2,3271
4064,72,3,3271
4064,0,1,3271
4065,274,3,3272
4065,191,3,3272
4065,192,2,3272
4066,5,1,3273
4066,37,3,3273
4067,37,3,3274
4067,10,2,3274
4068,19,1,3275
4068,189,2,3275
4068,3,1,3275
4068,6,3,3275
4068,25,2,3275
4068,299,2,3275
4068,44,2,3275
4068,137,1,3275
4069,8,2,3276
4070,54,3,3277
4070,26,2,3277
4070,37,1,3277
4070,2,2,3277
4070,40,3,3277
4070,35,3,3277
4070,11,1,3277
4071,150,3,3278
4071,83,3,3278
4071,153,1,3278
4072,80,3,3279
4073,83,1,3280
4073,2,3,3280
4073,30,3,3280
4073,90,1,3280
4074,187,3,3281
4074,49,2,3281
4075,13,1,3282
4075,5,2,3282
4075,22,3,3282
4076,399,3,3283
4076,106,2,3283
4076,82,3,3283
4076,267,2,3283
4076,42,2,3283
4076,24,1,3283
4076,13,3,3283
4077,75,1,3284
4077,17,2,3284
4077,24,2,3284
4077,449,1,3284
4078,369,2,3285
4078,81,3,3285
4078,23,2,3285
4079,5,2,3286
4079,14,2,3286
4079,17,1,3286
4079,101,1,3286
4079,177,3,3286
4080,129,3,3287
4081,266,3,3288
4082,5,2,3289
4082,20,2,3289
4082,128,2,3289
4083,52,2,3290
4083,128,2,3290
4083,336,3,3290
4083,156,1,3290
4083,342,2,3290
4084,8,3,3291
4085,44,1,3292
4086,8,2,3293
4087,18,2,3294
4088,193,1,3295
4089,18,3,3296
4089,14,2,3296
4089,3,3,3296
4089,26,3,3296
4090,40,3,3297
4090,5,1,3297
4090,96,1,3297
4090,423,3,3297
4091,108,1,3298
4092,13,1,3299
4092,54,1,3299
4092,157,2,3299
4093,2,2,3300
4093,101,1,3300
4093,20,1,3300
4093,124,2,3300
4094,420,3,3301
4094,213,1,3301
4095,10,3,3302
4095,27,3,3302
4095,26,1,3302
4095,187,3,3302
4096,2,2,3303
4097,60,3,3304
4098,9,2,3305
4098,29,2,3305
4098,248,3,3305
4098,215,1,3305
4098,447,1,3305
4098,191,1,3305
4098,42,3,3305
4098,194,3,3305
4098,245,1,3305
4098,437,3,3305
4098,166,1,3305
4099,25,2,3306
4099,231,2,3306
4099,216,1,3306
4099,288,1,3306
4099,259,1,3306
4099,245,2,3306
4099,342,3,3306
4099,145,3,3306
4099,333,3,3306
4100,16,3,3307
4100,2,3,3307
4100,43,1,3307
4100,285,1,3307
4100,469,1,3307
4100,391,3,3307
4100,185,2,3307
4101,60,2,3308
4101,264,2,3308
4102,124,1,3309
4103,83,3,3310
4103,10,1,3310
4103,109,3,3310
4103,9,2,3310
4103,23,3,3310
4103,1,1,3310
4103,44,1,3310
4103,33,1,3310
4103,5,1,3310
4104,184,2,3311
4104,103,1,3311
4104,188,3,3311
4104,316,3,3311
4105,18,2,3312
4106,29,2,3313
4106,389,1,3313
4107,474,3,3314
4107,234,3,3314
4107,37,2,3314
4108,33,2,3315
4109,177,2,3316
4110,1,1,3317
4110,283,1,3317
4110,4,3,3317
4110,345,3,3317
4110,12,3,3317
4111,1,2,3318
4111,80,2,3318
4111,173,3,3318
4112,488,2,3319
4112,177,2,3319
4112,10,3,3319
4112,8,2,3319
4112,152,3,3319
4112,478,3,3319
4112,149,1,3319
4112,16,2,3319
4112,34,2,3319
4112,43,1,3319
4113,97,1,3320
4113,2,2,3320
4113,24,3,3320
4114,56,2,3321
4114,141,1,3321
4114,493,2,3321
4114,259,1,3321
4114,458,1,3321
4115,105,1,3322
4115,27,3,3322
4115,473,3,3322
4115,472,2,3322
4115,84,1,3322
4115,147,3,3322
4116,264,3,3323
4117,269,3,3324
4117,301,3,3324
4117,46,1,3324
4117,32,2,3324
4117,132,3,3324
4117,75,1,3324
4118,102,3,3325
4118,91,2,3325
4118,194,2,3325
4119,56,3,3326
4119,112,2,3326
4119,166,1,3326
4120,11,3,3327
4120,220,3,3327
4120,351,1,3327
4120,189,3,3327
4121,131,1,3328
4122,13,3,3329
4123,31,1,3330
4123,145,3,3330
4123,136,1,3330
4124,203,1,3331
4124,95,3,3331
4125,12,2,3332
4126,29,1,3333
4126,152,2,3333
4127,199,1,3334
4127,59,1,3334
4127,3,3,3334
4127,202,3,3334
4127,70,3,3334
4127,95,1,3334
4128,42,1,3335
4129,117,3,3336
4130,30,3,3337
4130,32,1,3337
4131,229,2,3338
4131,29,3,3338
4132,25,3,3339
4133,6,2,3340
4133,5,3,3340
4133,86,1,3340
4133,74,1,3340
4133,200,3,3340
4133,344,2,3340
4134,438,1,3341
4134,195,3,3341
4134,482,2,3341
4134,306,2,3341
4134,7,2,3341
4134,0,2,3341
4134,2,2,3341
4135,36,3,3342
4135,6,2,3342
4135,12,2,3342
4135,474,1,3342
4136,465,1,3343
4137,1,1,3344
4137,4,3,3344
4137,122,2,3344
4138,12,3,3345
4138,437,1,3345
4138,200,2,3345
4138,478,2,3345
4139,140,2,3346
4139,228,2,3346
4140,9,2,3347
4141,18,1,3348
4141,5,3,3348
4141,29,3,3348
4141,4,1,3348
4141,445,3,3348
4141,67,1,3348
4142,103,2,3349
4142,176,3,3349
4143,26,1,3350
4143,30,3,3350
4143,40,2,3350
4143,104,2,3350
4143,88,1,3350
4143,52,3,3350
4143,3,3,3350
4144,396,3,3351
4144,255,3,3351
4145,13,1,3352
4145,62,1,3352
4145,2,1,3352
4145,5,1,3352
4145,32,2,3352
4145,129,1,3352
4145,306,3,3352
4145,84,2,3352
4145,210,3,3352
4146,0,2,3353
4147,176,2,3354
4147,8,2,3354
4147,156,3,3354
4148,300,2,3355
4149,29,3,3356
4149,236,3,3356
4150,183,2,3357
4150,9,3,3357
4150,159,2,3357
4150,41,2,3357
4151,31,1,3358
4152,145,3,3359
4152,2,2,3359
4153,27,1,3360
4153,110,1,3360
4153,450,2,3360
4154,48,3,3361
4154,314,3,3361
4155,19,3,3362
4155,193,3,3362
4155,23,1,3362
4155,154,1,3362
4155,379,2,3362
4156,39,3,3363
4157,40,1,3364
4157,23,2,3364
4157,120,2,3364
4157,210,2,3364
4158,30,2,3365
4158,2,1,3365
4158,47,1,3365
4158,131,1,3365
4159,206,3,3366
4159,186,3,3366
4159,233,2,3366
4159,473,3,3366
4159,180,3,3366
4159,25,1,3366
4159,107,3,3366
4160,29,3,3367
4160,475,2,3367
4160,249,3,3367
4160,336,2,3367
4161,28,1,3368
4161,228,2,3368
4161,370,3,3368
4161,333,1,3368
4161,323,1,3368
4162,5,3,3369
4162,174,2,3369
4163,13,2,3370
4163,81,3,3370
4163,55,2,3370
4164,172,3,3371
4164,15,3,3371
4164,5,2,3371
4165,2,2,3372
4165,11,2,3372
4165,61,3,3372
4165,7,2,3372
4166,21,2,3373
4166,9,3,3373
4166,0,1,3373
4166,7,3,3373
4166,187,1,3373
4166,83,1,3373
4166,19,1,3373
4167,104,1,3374
4167,449,2,3374
4167,13,3,3374
4167,163,2,3374
4167,16,3,3374
4167,29,1,3374
4168,156,1,3375
4169,22,1,3376
4170,187,1,3377
4171,47,3,3378
4172,82,3,3379
4173,185,3,3380
4173,273,3,3380
4174,179,2,3381
4174,201,2,3381
4175,2,1,3382
4176,312,1,3383
4177,6,3,3384
4177,367,2,3384
4177,255,3,3384
4177,188,3,3384
4177,454,2,3384
4177,274,3,3384
4177,227,1,3384
4177,61,1,3384
4177,24,2,3384
4177,348,2,3384
4177,62,2,3384
4177,1,3,3384
4177,18,2,3384
4177,47,3,3384
4177,28,3,3384
4177,327,1,3384
4177,152,2,3384
4177,391,1,3384
4177,229,2,3384
4177,193,2,3384
4177,34,1,3384
4177,25,1,3384
4177,275,2,3384
4177,291,1,3384
4178,43,3,3385
4178,8,1,3385
4178,84,2,3385
4179,245,2,3386
4179,63,1,3386
4179,345,3,3386
4179,369,1,3386
4179,199,1,3386
4180,190,3,3387
4181,2,2,3388
4181,3,3,3388
4182,430,1,3389
4183,176,3,3390
4184,270,1,3391
4184,62,2,3391
4185,5,1,3392
4185,2,1,3392
4185,430,1,3392
4185,92,1,3392
4185,166,1,3392
4186,98,2,3393
4186,40,3,3393
4187,49,2,3394
4187,48,3,3394
4187,78,2,3394
4187,224,2,3394
4187,44,3,3394
4188,1,3,3395
4188,28,3,3395
4188,48,1,3395
4188,60,1,3395
4188,286,3,3395
4188,45,2,3395
4188,97,1,3395
4188,420,1,3395
4188,497,2,3395
4189,71,2,3396
4190,19,1,3397
4191,61,1,3398
4191,209,3,3398
4191,241,2,3398
4191,148,1,3398
4191,1,3,3398
4191,6,3,3398
4191,46,1,3398
4192,18,3,3399
4192,355,1,3399
4192,208,2,3399
4192,187,3,3399
4192,255,3,3399
4192,89,1,3399
4192,285,3,3399
4193,1,2,3400
4193,21,2,3400
4193,271,1,3400
4194,43,3,3401
4194,266,1,3401
4195,0,3,3402
4195,199,2,3402
4196,48,3,3403
4196,14,2,3403
4197,11,2,3404
4198,25,1,3405
4198,198,3,3405
4198,147,3,3405
4198,10,3,3405
4198,37,1,3405
4198,6,3,3405
4199,205,2,3406
4199,243,1,3406
4199,192,3,3406
4199,258,3,3406
4199,120,2,3406
4200,369,3,3407
4201,125,1,3408
4202,278,3,3409
4202,348,3,3409
4203,90,3,3410
4203,88,2,3410
4203,161,3,3410
4203,118,2,3410
4203,86,1,3410
4203,15,2,3410
4203,32,2,3410
4203,181,3,3410
4203,450,2,3410
4204,60,2,3411
4205,14,2,3412
4205,185,1,3412
4205,356,3,3412
4205,267,2,3412
4205,24,3,3412
4205,18,2,3412
4205,437,3,3412
4205,13,3,3412
4205,5,1,3412
4206,189,2,3413
4206,58,1,3413
4207,79,3,3414
4208,17,1,3415
4208,6,3,3415
4208,436,1,3415
4208,462,2,3415
4208,260,2,3415
4208,446,3,3415
4209,162,1,3416
4209,288,1,3416
4210,484,1,3417
4210,195,1,3417
4211,21,1,3418
4211,40,3,3418
4212,38,2,3419
4212,55,2,3419
4212,0,1,3419
4213,237,2,3420
4213,306,1,3420
4214,69,2,3421
4214,115,3,3421
4215,4,1,3422
4215,47,2,3422
4215,40,2,3422
4215,68,2,3422
4215,18,1,3422
4215,96,3,3422
4215,3,1,3422
4215,125,2,3422
4215,182,3,3422
4215,111,1,3422
4215,482,2,3422
4215,331,2,3422
4215,184,3,3422
4215,486,3,3422
4215,350,3,3422
4215,33,2,3422
4215,100,2,3422
4216,101,1,3423
4217,27,2,3424
4218,6,1,3425
4218,4,2,3425
4219,7,3,3426
4220,1,2,3427
4220,3,2,3427
4220,37,1,3427
4221,34,2,3428
4221,86,3,3428
4221,400,2,3428
4221,168,2,3428
4221,294,3,3428
4221,215,1,3428
4221,214,1,3428
4221,439,1,3428
4221,0,1,3428
4221,232,2,3428
4221,177,2,3428
4221,179,2,3428
4221,114,1,3428
4221,16,2,3428
4221,3,2,3428
4221,355,1,3428
4222,42,3,3429
4222,22,2,3429
4222,96,1,3429
4222,132,3,3429
4222,220,1,3429
4222,195,3,3429
4223,355,3,3430
4223,77,1,3430
4223,103,3,3430
4223,26,2,3430
4224,9,1,3431
4224,4,1,3431
4224,8,3,3431
4224,61,1,3431
4225,47,3,3432
4225,161,1,3432
4225,12,3,3432
4226,46,2,3433
4226,1,3,3433
4226,12,3,3433
4226,27,2,3433
4227,40,3,3434
4227,160,1,3434
4227,49,3,3434
4228,22,3,3435
4228,43,3,3435
4229,193,1,3436
4229,490,2,3436
4229,469,3,3436
4229,102,3,3436
4229,43,1,3436
4229,150,2,3436
4229,6,2,3436
4230,282,3,3437
4230,242,2,3437
4230,161,1,3437
4230,63,3,3437
4231,156,1,3438
4231,2,3,3438
4231,24,1,3438
4232,45,1,3439
4232,370,1,3439
4232,47,1,3439
4233,95,2,3440
4233,117,3,3440
4233,113,3,3440
4233,98,3,3440
4233,436,3,3440
4233,198,2,3440
4234,91,3,3441
4234,320,1,3441
4234,250,1,3441
4235,214,3,3442
4235,100,2,3442
4235,82,3,3442
4236,3,2,3443
4236,29,1,3443
4236,176,3,3443
4236,486,2,3443
4236,5,1,3443
4237,48,1,3444
4238,31,1,3445
4238,37,2,3445
4238,452,2,3445
4239,184,3,3446
4240,15,2,3447
4240,114,1,3447
4240,182,2,3447
4240,140,2,3447
4240,249,2,3447
4241,7,3,3448
4242,496,1,3449
4243,105,1,3450
4244,46,3,3451
4244,458,2,3451
4244,8,2,3451
4244,103,1,3451
4245,49,3,3452
4245,16,1,3452
4245,3,1,3452
4245,5,3,3452
4245,222,2,3452
4245,89,3,3452
4245,369,1,3452
4246,169,1,3453
4247,15,3,3454
4248,148,3,3455
4248,365,1,3455
4248,204,2,3455
4248,270,1,3455
4248,114,3,3455
4248,231,3,3455
4248,242,2,3455
4249,43,1,3456
4249,15,3,3456
4249,26,2,3456
4250,53,2,3457
4250,331,2,3457
4250,279,2,3457
4250,21,3,3457
4251,42,3,3458
4252,2,3,3459
4252,496,3,3459
4253,10,1,3460
4253,452,1,3460
4253,211,3,3460
4253,472,1,3460
4254,273,2,3461
4254,39,3,3461
4254,27,2,3461
4254,83,3,3461
4255,98,3,3462
4255,356,1,3462
4255,138,3,3462
4255,11,3,3462
4255,118,3,3462
4255,184,3,3462
4255,113,2,3462
4256,26,2,3463
4256,5,2,3463
4256,12,3,3463
4256,39,3,3463
4256,3,3,3463
4256,117,1,3463
4256,318,2,3463
4256,192,3,3463
4257,92,1,3464
4258,102,3,3465
4258,164,2,3465
4259,17,2,3466
4260,101,2,3467
4260,175,2,3467
4260,196,1,3467
4260,135,3,3467
4260,4,1,3467
4261,21,2,3468
4262,4,3,3469
4263,16,3,3470
4264,16,1,3471
4265,23,3,3472
4265,13,2,3472
4265,47,2,3472
4265,14,1,3472
4265,60,3,3472
4265,74,2,3472
4265,396,1,3472
4265,446,3,3472
4265,260,1,3472
4265,68,2,3472
4265,96,2,3472
4265,36,1,3472
4265,244,3,3472
4265,6,1,3472
4265,109,3,3472
4265,45,3,3472
4266,77,3,3473
4266,89,2,3473
4267,0,3,3474
4267,47,1,3474
4267,40,2,3474
4268,2,3,3475
4269,209,1,3476
4269,64,2,3476
4269,221,3,3476
4269,1,3,3476
4269,108,3,3476
4270,189,2,3477
4270,2,2,3477
4271,66,1,3478
4271,0,3,3478
4272,81,2,3479
4272,369,2,3479
4273,37,2,3480
4273,4,2,3480
4273,174,3,3480
4274,353,3,3481
4274,161,2,3481
4274,207,3,3481
4274,49,1,3481
4274,466,2,3481
4275,356,3,3482
4275,284,2,3482
4275,399,2,3482
4276,141,3,3483
4276,11,3,3483
4276,1,1,3483
4277,2,3,3484
4277,17,1,3484
4277,301,2,3484
4277,37,2,3484
4277,41,1,3484
4277,30,1,3484
4277,228,3,3484
4277,144,1,3484
4277,60,2,3484
4278,34,2,3485
4278,26,3,3485
4278,3,1,3485
4279,27,2,3486
4279,493,2,3486
4280,72,3,3487
4281,163,1,3488
4281,497,3,3488
4282,42,3,3489
4282,24,1,3489
4282,105,2,3489
4282,240,1,3489
4282,78,3,3489
4282,121,3,3489
4283,174,3,3490
4284,276,2,3491
4284,322,2,3491
4284,332,2,3491
4284,92,3,3491
4285,162,3,3492
4285,206,1,3492
4285,27,2,3492
4285,14,3,3492
4285,356,3,3492
4286,301,2,3493
4286,373,3,3493
4286,73,2,3493
4287,196,1,3494
4287,65,1,3494
4288,498,1,3495
4288,27,1,3495
4288,122,2,3495
4288,84,2,3495
4289,166,3,3496
4289,228,3,3496
4289,484,3,3496
4290,156,3,3497
4291,70,2,3498
4292,10,3,3499
4292,45,3,3499
4292,69,2,3499
4292,92,1,3499
4293,156,2,3500
4293,75,2,3500
4293,140,3,3500
4293,27,1,3500
4293,9,2,3500
4294,2,3,3501
4294,27,3,3501
4294,242,1,3501
4295,3,3,3502
4295,341,2,3502
4295,141,3,3502
4295,171,2,3502
4296,0,2,3503
4296,10,3,3503
4296,15,2,3503
4296,113,1,3503
4297,177,2,3504
4297,10,2,3504
4297,9,3,3504
4297,27,2,3504
4297,4,3,3504
4297,154,3,3504
4298,220,1,3505
4299,48,2,3506
4299,19,3,3506
4300,258,3,3507
4300,475,1,3507
4301,55,2,3508
4301,4,1,3508
4301,367,3,3508
4301,125,3,3508
4302,31,2,3509
4303,8,3,3510
4304,410,3,3511
4305,41,3,3512
4305,26,1,3512
4306,23,1,3513
4306,96,1,3513
4306,103,3,3513
4307,13,2,3514
4307,162,1,3514
4308,47,1,3515
4309,341,2,3516
4309,340,3,3516
4310,33,2,3517
4310,1,2,3517
4310,172,2,3517
4311,140,1,3518
4311,138,1,3518
4311,20,3,3518
4312,423,1,3519
4313,282,2,3520
4313,142,1,3520
4313,301,3,3520
4313,17,1,3520
4313,2,3,3520
4313,27,1,3520
4313,92,1,3520
4313,1,2,3520
4313,47,2,3520
4314,15,2,3521
4315,13,3,3522
4315,15,1,3522
4315,34,3,3522
4315,53,2,3522
4315,1,1,3522
4315,10,2,3522
4315,47,3,3522
4315,17,1,3522
4315,227,2,3522
4315,285,1,3522
4315,185,1,3522
4315,99,2,3522
4315,350,3,3522
4315,61,3,3522
4315,352,1,3522
4315,24,1,3522
4315,371,2,3522
4315,35,1,3522
4316,197,1,3523
4316,165,3,3523
4316,275,3,3523
4316,422,2,3523
4317,12,1,3524
4317,34,3,3524
4318,72,1,3525
4318,160,3,3525
4318,9,2,3525
4318,0,2,3525
4318,156,3,3525
4319,11,3,3526
4319,113,1,3526
4319,199,3,3526
4320,14,3,3527
4321,81,2,3528
4322,163,3,3529
4323,30,1,3530
4323,2,3,3530
4323,18,1,3530
4323,11,3,3530
4324,44,1,3531
4325,21,1,3532
4326,12,3,3533
4327,38,1,3534
4327,56,3,3534
4328,32,2,3535
4328,425,1,3535
4329,10,1,3536
4329,38,3,3536
4329,73,3,3536
4330,41,3,3537
4330,21,1,3537
4330,172,3,3537
4330,20,2,3537
4330,71,1,3537
4330,322,2,3537
4330,98,2,3537
4330,121,2,3537
4330,8,2,3537
4330,2,1,3537
4330,465,1,3537
4331,34,1,3538
4331,189,3,3538
4332,17,1,3539
4332,26,3,3539
4332,379,1,3539
4332,349,1,3539
4332,85,2,3539
4332,84,1,3539
4332,270,3,3539
4332,35,3,3539
4333,400,2,3540
4333,27,2,3540
4334,124,3,3541
4335,15,1,3542
4335,83,2,3542
4335,312,1,3542
4336,82,1,3543
4337,29,3,3544
4337,14,1,3544
4337,115,1,3544
4337,46,2,3544
4338,410,2,3545
4338,204,3,3545
4338,22,1,3545
4339,22,1,3546
4339,270,3,3546
4339,400,2,3546
4339,371,1,3546
4339,10,3,3546
4339,215,3,3546
4339,251,3,3546
4339,118,2,3546
4339,148,2,3546
4340,9,3,3547
4340,35,2,3547
4340,189,3,3547
4341,27,3,3548
4341,140,2,3548
4341,10,3,3548
4342,231,1,3549
4342,399,2,3549
4342,187,2,3549
4342,99,3,3549
4342,335,3,3549
4342,104,2,3549
4342,312,3,3549
4342,39,2,3549
4342,325,2,3549
4343,12,3,3550
4343,3,3,3550
4344,78,2,3551
4344,2,2,3551
4344,0,3,3551
4345,5,2,3552
4345,3,3,3552
4345,9,1,3552
4345,197,2,3552
4346,202,1,3553
4346,71,2,3553
4346,28,2,3553
4347,48,3,3554
4347,181,3,3554
4347,26,2,3554
4348,466,3,3555
4348,35,3,3555
4348,40,3,3555
4349,14,3,3556
4349,12,3,3556
4349,27,1,3556
4350,116,2,3557
4350,310,1,3557
4350,23,2,3557
4350,25,1,3557
4350,180,2,3557
4351,3,2,3558
4352,225,2,3559
4352,10,2,3559
4353,47,2,3560
4353,38,1,3560
4353,1,3,3560
4354,30,2,3561
4354,46,1,3561
4354,455,2,3561
4354,314,2,3561
4354,285,3,3561
4354,156,1,3561
4354,345,3,3561
4354,186,3,3561
4354,169,2,3561
4354,280,1,3561
4355,21,1,3562
4355,72,3,3562
4355,4,1,3562
4355,182,2,3562
4355,466,3,3562
4356,4,1,3563
4356,16,1,3563
4356,41,2,3563
4356,220,2,3563
4356,182,1,3563
4356,38,1,3563
4357,0,1,3564
4357,153,3,3564
4357,267,2,3564
4358,157,1,3565
4358,128,2,3565
4358,9,1,3565
4359,42,2,3566
4359,315,3,3566
4359,291,1,3566
4360,3,3,3567
4360,2,2,3567
4360,172,3,3567
4360,38,2,3567
4361,152,1,3568
4362,211,3,3569
4362,29,2,3569
4362,32,1,3569
4362,104,1,3569
4362,410,2,3569
4362,57,3,3569
4363,498,2,3570
4364,154,1,3571
4364,32,1,3571
4364,18,2,3571
4364,77,2,3571
4365,8,3,3572
4365,306,3,3572
4365,46,2,3572
4366,279,1,3573
4366,46,1,3573
4366,18,2,3573
4366,78,2,3573
4366,59,1,3573
4366,238,3,3573
4366,184,2,3573
4367,4,3,3574
4367,25,3,3574
4368,229,2,3575
4368,469,3,3575
4368,185,1,3575
4368,340,2,3575
4369,149,2,3576
4369,285,1,3576
4369,69,3,3576
4370,355,1,3577
4370,134,3,3577
4370,482,1,3577
4370,277,2,3577
4370,225,1,3577
4370,103,3,3577
4370,261,3,3577
4371,21,1,3578
4371,43,1,3578
4371,28,2,3578
4372,2,1,3579
4372,1,3,3579
4373,0,1,3580
4373,4,1,3580
4374,351,2,3581
4375,47,2,3582
4375,6,3,3582
4376,6,3,3583
4376,8,3,3583
4376,109,1,3583
4376,12,1,3583
4376,4,3,3583
4376,110,3,3583
4376,165,2,3583
4376,51,1,3583
4376,291,2,3583
4376,34,3,3583
4377,223,3,3584
4377,135,1,3584
4377,83,3,3584
4378,143,3,3585
4379,129,1,3586
4379,172,1,3586
4380,174,1,3587
4380,496,2,3587
4381,26,2,3588
4382,2,3,3589
4382,195,2,3589
4383,29,2,3590
4383,1,2,3590
4384,24,2,3591
4384,112,2,3591
4385,237,1,3592
4385,91,3,3592
4385,75,1,3592
4386,168,2,3593
4386,177,2,3593
4387,40,3,3594
4387,1,1,3594
4388,9,1,3595
4388,38,3,3595
4388,17,1,3595
4389,87,1,3596
4389,45,3,3596
4390,3,3,3597
4391,30,3,3598
4391,40,2,3598
4391,187,3,3598
4391,113,1,3598
4391,10,2,3598
4391,7,1,3598
4391,14,1,3598
4392,5,3,3599
4393,47,3,3600
4393,159,2,3600
4393,37,3,3600
4393,72,2,3600
4393,64,1,3600
4393,16,3,3600
4393,50,2,3600
4394,162,3,3601
4394,76,1,3601
4394,27,1,3601
4394,225,2,3601
4394,29,2,3601
4394,16,2,3601
4395,37,3,3602
4395,420,1,3602
4395,200,3,3602
4395,207,2,3602
4395,53,2,3602
4396,40,3,3603
4397,34,3,3604
4397,15,1,3604
4398,214,3,3605
4398,280,1,3605
4399,41,3,3606
4400,40,1,3607
4400,187,1,3607
4400,12,3,3607
4400,368,2,3607
4400,288,3,3607
4401,7,1,3608
4401,55,3,3608
4402,40,2,3609
4402,125,1,3609
4402,33,1,3609
4402,13,3,3609
4402,75,2,3609
4402,105,2,3609
4403,10,3,3610
4403,19,3,3610
4403,161,1,3610
4404,161,1,3611
4404,320,2,3611
4404,211,2,3611
4404,128,3,3611
4404,254,1,3611
4405,37,2,3612
4405,44,3,3612
4406,17,2,3613
4406,446,1,3613
4407,195,1,3614
4408,30,3,3615
4408,73,2,3615
4408,344,1,3615
4408,420,2,3615
4409,1,3,3616
4409,7,2,3616
4409,3,3,3616
4410,114,2,3617
4410,1,3,3617
4411,300,3,3618
4411,182,3,3618
4412,45,3,3619
4412,391,3,3619
4412,187,2,3619
4413,277,1,3620
4413,423,2,3620
4413,152,2,3620
4414,23,1,3621
4414,367,2,3621
4414,59,2,3621
4414,7,2,3621
4414,195,3,3621
4415,55,1,3622
4415,488,1,3622
4415,99,2,3622
4415,101,2,3622
4415,25,2,3622
4415,37,3,3622
4415,1,3,3622
4415,0,1,3622
4415,41,3,3622
4415,174,3,3622
4415,68,3,3622
4415,137,3,3622
4416,184,1,3623
4416,420,3,3623
4417,146,2,3624
4417,490,1,3624
4418,186,2,3625
4419,7,1,3626
4419,28,3,3626
4419,55,2,3626
4419,225,1,3626
4420,132,3,3627
4421,48,1,3628
4421,24,1,3628
4422,155,3,3629
4423,43,2,3630
4423,275,3,3630
4423,31,2,3630
4424,1,1,3631
4424,50,3,3631
4424,16,2,3631
4424,41,1,3631
4424,10,2,3631
4424,17,2,3631
4424,4,2,3631
4424,0,2,3631
4424,134,3,3631
4424,106,1,3631
4424,11,2,3631
4424,391,3,3631
4424,266,3,3631
4424,102,3,3631
4425,49,3,3632
4425,141,1,3632
4425,291,3,3632
4425,299,3,3632
4425,13,1,3632
4425,5,1,3632
4425,18,2,3632
4425,20,1,3632
4425,285,3,3632
4425,273,3,3632
4425,32,2,3632
4425,40,1,3632
4425,14,3,3632
4425,186,2,3632
4426,104,2,3633
4427,188,2,3634
4428,42,3,3635
4429,325,3,3636
4429,105,3,3636
4429,267,2,3636
4429,22,1,3636
4429,256,3,3636
4430,132,3,3637
4430,84,3,3637
4430,205,2,3637
4430,288,3,3637
4431,78,1,3638
4431,99,2,3638
4431,417,3,3638
4431,31,1,3638
4431,225,3,3638
4431,140,1,3638
4431,5,1,3638
4432,325,2,3639
4432,323,2,3639
4432,23,2,3639
4432,10,1,3639
4432,169,1,3639
4432,401,2,3639
4432,81,1,3639
4433,85,2,3640
4434,36,3,3641
4434,350,1,3641
4434,23,2,3641
4435,15,2,3642
4435,417,1,3642
4435,60,1,3642
4436,299,3,3643
4436,153,2,3643
4436,0,1,3643
4436,28,3,3643
4436,14,2,3643
4437,143,2,3644
4437,30,1,3644
4437,12,3,3644
4438,7,2,3645
4439,67,1,3646
4439,157,3,3646
4439,81,2,3646
4440,182,3,3647
4441,26,3,3648
4441,194,3,3648
4441,27,1,3648
4442,9,2,3649
4442,4,3,3649
4442,52,2,3649
4442,144,1,3649
4442,177,2,3649
4442,22,1,3649
4442,139,2,3649
4442,45,2,3649
4443,81,2,3650
4444,9,1,3651
4444,36,1,3651
4445,10,1,3652
4445,196,1,3652
4446,3,3,3653
4447,12,1,3654
4448,435,2,3655
4448,304,2,3655
4449,0,1,3656
4450,46,1,3657
4451,5,1,3658
4452,0,2,3659
4452,401,2,3659
4452,145,3,3659
4452,47,2,3659
4453,40,1,3660
4453,23,1,3660
4454,97,3,3661
4455,342,2,3662
4455,168,1,3662
4455,391,2,3662
4455,167,2,3662
4456,11,2,3663
4457,2,2,3664
4457,14,2,3664
4457,162,3,3664
4458,294,1,3665
4459,85,1,3666
4459,22,2,3666
4459,28,3,3666
4459,20,2,3666
4459,175,3,3666
4459,143,2,3666
4459,211,3,3666
4459,135,2,3666
4459,348,1,3666
4460,315,3,3667
4460,84,1,3667
4461,0,1,3668
4462,3,1,3669
4462,23,1,3669
4462,20,2,3669
4462,151,2,3669
4462,400,1,3669
4462,341,1,3669
4463,5,2,3670
4463,315,2,3670
4463,274,2,3670
4463,282,1,3670
4463,314,3,3670
4463,103,3,3670
4463,25,1,3670
4464,228,2,3671
4464,25,3,3671
4464,14,3,3671
4464,33,3,3671
4464,5,2,3671
4464,114,2,3671
4464,222,3,3671
4465,482,1,3672
4465,300,1,3672
4465,276,1,3672
4466,32,3,3673
4467,22,3,3674
4467,4,1,3674
4468,89,1,3675
4468,410,2,3675
4468,331,2,3675
4468,122,1,3675
4468,205,2,3675
4469,5,3,3676
4469,177,1,3676
4469,10,1,3676
4469,341,3,3676
4469,202,3,3676
4469,25,3,3676
4469,201,3,3676
4469,157,2,3676
4470,1,2,3677
4470,23,2,3677
4470,116,2,3677
4470,26,2,3677
4471,50,3,3678
4471,154,3,3678
4471,389,2,3678
4471,340,2,3678
4471,32,1,3678
4472,18,2,3679
4473,278,2,3680
4473,142,2,3680
4473,109,1,3680
4473,11,2,3680
4473,9,3,3680
4474,141,1,3681
4475,221,1,3682
4475,454,1,3682
4475,74,3,3682
4476,170,3,3683
4477,119,1,3684
4477,352,2,3684
4477,355,1,3684
4478,21,1,3685
4478,14,1,3685
4478,0,1,3685
4478,16,2,3685
4478,8,1,3685
4478,132,1,3685
4479,17,1,3686
4479,23,3,3686
4479,103,3,3686
4479,430,2,3686
4480,73,1,3687
4480,425,3,3687
4480,10,1,3687
4480,1,2,3687
4480,4,3,3687
4480,179,3,3687
4480,26,1,3687
4480,14,1,3687
4480,81,1,3687
4481,17,3,3688
4482,12,2,3689
4482,83,3,3689
4483,0,2,3690
4484,269,1,3691
4485,6,2,3692
4485,3,3,3692
4485,180,3,3692
4486,45,3,3693
4487,165,2,3694
4488,1,2,3695
4488,141,1,3695
4488,54,1,3695
4488,341,1,3695
4489,94,3,3696
4490,28,1,3697
4490,14,1,3697
4490,27,2,3697
4490,16,1,3697
4490,113,1,3697
4491,9,1,3698
4492,0,1,3699
4492,278,3,3699
4492,300,1,3699
4492,144,2,3699
4493,20,1,3700
4493,116,2,3700
4493,13,2,3700
4494,75,1,3701
4494,11,3,3701
4495,14,1,3702
4495,4,2,3702
4495,24,2,3702
4495,373,1,3702
4495,258,3,3702
4496,174,1,3703
4496,167,2,3703
4496,335,2,3703
4497,4,1,3704
4498,435,1,3705
4498,283,2,3705
4498,290,1,3705
4499,14,3,3706
4499,42,2,3706
4499,28,1,3706
4499,10,3,3706
4500,11,1,3707
4501,23,3,3708
4501,223,2,3708
4501,4,3,3708
4501,445,2,3708
4501,263,3,3708
4501,422,2,3708
4501,199,1,3708
4502,1,3,3709
4503,4,3,3710
4503,121,3,3710
4503,33,3,3710
4503,35,3,3710
4503,23,3,3710
4503,47,1,3710
4504,187,2,3711
4504,8,1,3711
4505,162,2,3712
4505,35,1,3712
4506,335,3,3713
4506,255,1,3713
4506,269,2,3713
4506,449,2,3713
4506,227,1,3713
4506,306,3,3713
4506,162,3,3713
4506,13,1,3713
4506,203,1,3713
4506,260,3,3713
4507,80,1,3714
4508,225,3,3715
4508,222,3,3715
4508,168,2,3715
4508,224,1,3715
4508,118,2,3715
4508,170,2,3715
4509,22,2,3716
4509,14,3,3716
4510,265,2,3717
4511,187,1,3718
4512,116,1,3719
4512,407,2,3719
4512,389,2,3719
4512,238,3,3719
4512,40,3,3719
4512,52,2,3719
4513,97,3,3720
4513,33,1,3720
4514,43,3,3721
4514,285,3,3721
4514,49,3,3721
4515,17,2,3722
4515,35,3,3722
4515,4,2,3722
4515,80,1,3722
4516,39,2,3723
4517,84,1,3724
4518,191,3,3725
4518,91,2,3725
4519,14,2,3726
4519,40,3,3726
4520,1,1,3727
4520,46,3,3727
4520,109,3,3727
4520,7,1,3727
4520,247,2,3727
4520,81,3,3727
4520,335,3,3727
4520,206,3,3727
4520,16,1,3727
4521,34,2,3728
4522,95,1,3729
4522,162,3,3729
4522,44,3,3729
4523,16,3,3730
4523,47,2,3730
4523,29,3,3730
4523,209,1,3730
4524,136,3,3731
4525,8,1,3732
4525,2,2,3732
4525,6,1,3732
4525,98,3,3732
4525,71,3,3732
4525,20,3,3732
4526,238,2,3733
4526,220,3,3733
4526,355,1,3733
4526,108,3,3733
4527,33,1,3734
4527,17,1,3734
4527,24,3,3734
4527,7,2,3734
4528,231,1,3735
4529,35,2,3736
4529,14,3,3736
4529,22,1,3736
4529,216,1,3736
4529,51,2,3736
4529,191,2,3736
4530,5,1,3737
4530,183,1,3737
4531,0,1,3738
4532,85,3,3739
4532,170,2,3739
4532,174,3,3739
4532,332,2,3739
4532,46,2,3739
4532,197,2,3739
4532,352,2,3739
4532,14,2,3739
4532,7,2,3739
4532,77,2,3739
4532,8,3,3739
4532,20,3,3739
4532,43,2,3739
4532,10,2,3739
4532,155,3,3739
4533,78,2,3740
4533,27,1,3740
4533,5,3,3740
4533,66,3,3740
4533,241,1,3740
4533,320,3,3740
4534,466,3,3741
4534,294,3,3741
4534,165,3,3741
4535,23,1,3742
4535,61,1,3742
4535,22,3,3742
4536,141,3,3743
4536,169,1,3743
4537,145,3,3744
4537,77,3,3744
4537,448,3,3744
4537,135,3,3744
4538,81,2,3745
4539,15,3,3746
4539,34,1,3746
4540,86,2,3747
4540,34,2,3747
4540,172,1,3747
4540,111,3,3747
4540,205,1,3747
4540,136,1,3747
4540,9,2,3747
4540,12,3,3747
4540,131,2,3747
4540,245,3,3747
4540,273,2,3747
4540,1,1,3747
4540,162,1,3747
4541,16,3,3748
4541,23,3,3748
4541,140,1,3748
4542,223,3,3749
4543,69,2,3750
4543,140,3,3750
4543,249,1,3750
4543,8,2,3750
4544,28,2,3751
4544,458,3,3751
4544,280,1,3751
4544,162,3,3751
4544,47,3,3751
4544,7,1,3751
4544,103,2,3751
4544,3,1,3751
4544,33,2,3751
4545,6,3,3752
4545,26,3,3752
4546,34,1,3753
4546,196,3,3753
4546,2,1,3753
4547,353,1,3754
4547,341,1,3754
4547,1,2,3754
4547,46,1,3754
4547,255,2,3754
4547,205,1,3754
4548,1,1,3755
4548,87,2,3755
4549,0,2,3756
4550,49,3,3757
4550,121,2,3757
4550,273,2,3757
4550,206,1,3757
4550,96,3,3757
4550,131,3,3757
4550,42,3,3757
4551,84,2,3758
4552,33,3,3759
4553,109,3,3760
4553,80,2,3760
4553,104,2,3760
4553,1,2,3760
4553,68,1,3760
4554,0,3,3761
4555,32,1,3762
4556,34,3,3763
4556,13,2,3763
4557,18,2,3764
4557,22,2,3764
4557,76,1,3764
4557,54,2,3764
4557,44,1,3764
4558,30,3,3765
4558,43,1,3765
4558,420,1,3765
4558,166,1,3765
4558,490,1,3765
4558,322,3,3765
4559,19,1,3766
4559,155,1,3766
4559,197,1,3766
4559,352,2,3766
4559,296,2,3766
4560,169,2,3767
4560,229,3,3767
4560,203,3,3767
4561,215,2,3768
4562,172,2,3769
4562,40,1,3769
4562,69,2,3769
4563,131,2,3770
4564,19,3,3771
4565,57,2,3772
4565,183,3,3772
4566,40,3,3773
4566,5,3,3773
4567,37,2,3774
4567,318,1,3774
4567,34,2,3774
4567,166,2,3774
4567,204,1,3774
4567,207,1,3774
4568,46,3,3775
4568,2,1,3775
4569,21,1,3776
4569,31,3,3776
4569,13,1,3776
4569,93,2,3776
4569,203,1,3776
4569,447,2,3776
4569,152,1,3776
4570,437,2,3777
4570,15,3,3777
4570,34,2,3777
4571,37,2,3778
4571,16,1,3778
4571,49,2,3778
4572,8,2,3779
4572,44,1,3779
4572,400,2,3779
4572,187,3,3779
4573,138,3,3780
4574,9,1,3781
4574,31,2,3781
4574,436,1,3781
4574,158,2,3781
4574,85,1,3781
4574,0,3,3781
4575,296,2,3782
4575,285,3,3782
4576,35,3,3783
4576,69,3,3783
4576,78,1,3783
4577,100,3,3784
4577,32,3,3784
4577,40,3,3784
4577,12,2,3784
4577,45,3,3784
4577,29,2,3784
4578,269,2,3785
4578,342,2,3785
4578,176,3,3785
4578,46,3,3785
4579,37,2,3786
4579,113,3,3786
4579,57,1,3786
4579,3,1,3786
4579,13,3,3786
4579,0,1,3786
4579,48,1,3786
4579,29,3,3786
4579,145,2,3786
4579,164,1,3786
4579,33,3,3786
4580,26,2,3787
4580,33,3,3787
4580,143,2,3787
4581,240,3,3788
4581,31,1,3788
4581,66,1,3788
4582,125,1,3789
4582,21,1,3789
4582,32,1,3789
4582,16,2,3789
4582,134,2,3789
4582,67,1,3789
4582,407,3,3789
4582,74,2,3789
4582,60,3,3789
4582,417,3,3789
4582,388,2,3789
4583,295,3,3790
4583,176,2,3790
4583,21,3,3790
4584,20,3,3791
4584,116,1,3791
4585,24,2,3792
4585,148,2,3792
4585,134,3,3792
4585,9,1,3792
4585,42,1,3792
4585,0,3,3792
4585,159,3,3792
4585,225,2,3792
4585,10,1,3792
4585,63,1,3792
4586,13,1,3793
4586,264,2,3793
4586,233,3,3793
4587,99,3,3794
4587,266,2,3794
4587,264,2,3794
4587,327,2,3794
4588,34,3,3795
4588,33,2,3795
4589,4,1,3796
4589,194,3,3796
4590,349,2,3797
4590,458,3,3797
4591,26,2,3798
4592,83,2,3799
4592,157,3,3799
4592,269,2,3799
4592,460,1,3799
4593,23,3,3800
4593,204,2,3800
4593,12,2,3800
4593,6,1,3800
4593,493,2,3800
4594,25,2,3801
4594,16,1,3801
4594,2,2,3801
4594,45,2,3801
4594,10,2,3801
4594,3,2,3801
4594,184,2,3801
4594,64,2,3801
4594,189,2,3801
4595,4,2,3802
4595,6,2,3802
4596,12,2,3803
4597,169,1,3804
4598,60,2,3805
4598,64,3,3805
4598,55,2,3805
4599,25,1,3806
4599,8,3,3806
4599,279,2,3806
4600,8,1,3807
4600,4,2,3807
4600,12,2,3807
4600,285,1,3807
4600,61,2,3807
4600,259,2,3807
4600,255,1,3807
4601,28,3,3808
4601,48,3,3808
4601,2,2,3808
4601,149,2,3808
4602,23,2,3809
4602,27,1,3809
4603,1,2,3810
4603,0,2,3810
4603,2,2,3810
4603,15,3,3810
4604,30,3,3811
4604,82,2,3811
4605,177,3,3812
4605,310,3,3812
4605,356,1,3812
4605,371,1,3812
4605,167,2,3812
4605,137,2,3812
4606,45,1,3813
4606,2,2,3813
4606,31,2,3813
4606,12,1,3813
4606,25,3,3813
4606,87,2,3813
4606,134,1,3813
4607,87,1,3814
4607,11,1,3814
4608,11,3,3815
4608,34,3,3815
4608,4,1,3815
4609,98,3,3816
4609,282,2,3816
4609,232,1,3816
4609,430,2,3816
4609,399,3,3816
4609,22,2,3816
4609,12,3,3816
4610,0,1,3817
4610,156,2,3817
4610,61,2,3817
4610,2,1,3817
4610,191,3,3817
4611,1,1,3818
4611,17,2,3818
4611,7,2,3818
4611,10,3,3818
4611,371,2,3818
4611,306,3,3818
4612,0,3,3819
4613,8,3,3820
4613,43,1,3820
4613,10,2,3820
4613,100,1,3820
4614,39,1,3821
4614,179,3,3821
4614,210,1,3821
4614,156,3,3821
4614,30,3,3821
4615,17,3,3822
4615,455,1,3822
4615,335,3,3822
4616,4,1,3823
4616,407,2,3823
4616,240,1,3823
4617,12,3,3824
4617,38,1,3824
4618,116,2,3825
4618,389,2,3825
4618,27,3,3825
4618,26,2,3825
4618,198,3,3825
4619,204,3,3826
4619,79,2,3826
4619,123,1,3826
4619,138,2,3826
4619,147,3,3826
4620,60,3,3827
4620,325,3,3827
4621,77,1,3828
4622,1,2,3829
4623,156,3,3830
4623,417,2,3830
4623,84,3,3830
4624,195,1,3831
4624,454,2,3831
4624,176,3,3831
4624,27,1,3831
4624,72,1,3831
4624,43,2,3831
4624,28,3,3831
4624,4,2,3831
4624,2,2,3831
4624,31,3,3831
4624,379,1,3831
4624,269,2,3831
4625,198,2,3832
4626,17,2,3833
4626,85,3,3833
4626,65,1,3833
4626,34,1,3833
4626,120,2,3833
4626,269,2,3833
4627,3,3,3834
4628,22,1,3835
4629,106,2,3836
4629,37,1,3836
4630,225,2,3837
4630,18,1,3837
4630,27,2,3837
4630,8,1,3837
4630,389,3,3837
4630,89,2,3837
4630,10,3,3837
4630,154,1,3837
4630,243,3,3837
4631,139,1,3838
4631,209,1,3838
4631,250,3,3838
4631,178,1,3838
4631,57,1,3838
4632,5,2,3839
4633,36,3,3840
4633,59,1,3840
4633,315,1,3840
4634,144,3,3841
4634,196,2,3841
4635,352,3,3842
4636,155,2,3843
4636,360,2,3843
4636,6,1,3843
4636,46,2,3843
4636,21,2,3843
4636,22,3,3843
4637,19,2,3844
4637,25,2,3844
4637,29,3,3844
4638,135,1,3845
4639,145,2,3846
4639,102,1,3846
4639,162,3,3846
4640,24,2,3847
4641,76,3,3848
4641,50,1,3848
4641,45,1,3848
4641,254,2,3848
4641,247,3,3848
4641,78,2,3848
4642,30,2,3849
4642,32,2,3849
4642,23,2,3849
4642,47,3,3849
4642,17,3,3849
4642,1,1,3849
4642,24,1,3849
4642,13,2,3849
4642,210,2,3849
4642,86,3,3849
4643,40,3,3850
4643,178,3,3850
4643,445,3,3850
4644,73,1,3851
4644,152,1,3851
4645,183,1,3852
4645,30,3,3852
4646,19,1,3853
4646,8,2,3853
4646,373,3,3853
4646,44,3,3853
4646,162,1,3853
4646,1,1,3853
4646,14,1,3853
4646,22,3,3853
4646,25,2,3853
4646,345,3,3853
4646,34,3,3853
4646,13,3,3853
4646,131,2,3853
4646,447,2,3853
4647,28,3,3854
4647,131,3,3854
4647,226,2,3854
4647,50,1,3854
4647,420,3,3854
4647,320,3,3854
4647,389,2,3854
4647,87,1,3854
4648,5,2,3855
4648,116,3,3855
4648,94,2,3855
4649,173,3,3856
4649,263,1,3856
4650,11,2,3857
4650,2,2,3857
4651,35,2,3858
4651,391,3,3858
4651,5,3,3858
4652,143,1,3859
4652,95,3,3859
4652,21,1,3859
4652,244,1,3859
4652,271,1,3859
4653,84,2,3860
4653,205,1,3860
4654,1,1,3861
4655,13,2,3862
4656,98,1,3863
4656,283,2,3863
4657,143,2,3864
4658,14,1,3865
4658,40,3,3865
4659,389,2,3866
4659,43,1,3866
4660,152,1,3867
4661,420,2,3868
4661,156,1,3868
4661,8,3,3868
4662,60,1,3869
4663,20,3,3870
4663,90,1,3870
4664,43,1,3871
4664,14,1,3871
4665,29,1,3872
4665,32,1,3872
4665,490,1,3872
4666,225,2,3873
4667,97,1,3874
4667,77,2,3874
4667,28,3,3874
4667,24,3,3874
4667,236,3,3874
4667,10,2,3874
4667,177,1,3874
4668,118,2,3875
4668,3,3,3875
4668,266,1,3875
4668,44,1,3875
4669,103,2,3876
4670,0,1,3877
4671,1,2,3878
4671,83,1,3878
4671,125,3,3878
4671,132,3,3878
4671,96,2,3878
4672,125,3,3879
4672,310,1,3879
4672,484,2,3879
4672,140,1,3879
4672,367,2,3879
4672,3,2,3879
4672,5,2,3879
4673,48,2,3880
4673,245,1,3880
4673,91,3,3880
4674,184,3,3881
4674,37,2,3881
4674,0,3,3881
4675,100,2,3882
4676,187,1,3883
4676,76,3,3883
4677,0,1,3884
4677,18,1,3884
4677,59,2,3884
4677,108,2,3884
4678,24,2,3885
4678,300,2,3885
4679,25,1,3886
4679,29,3,3886
4679,159,3,3886
4679,50,1,3886
4679,178,2,3886
4679,370,3,3886
4679,348,3,3886
4679,171,1,3886
4680,48,1,3887
4681,122,1,3888
4682,98,1,3889
4683,367,3,3890
4683,49,1,3890
4684,35,2,3891
4685,2,1,3892
4685,266,1,3892
4685,200,1,3892
4685,255,1,3892
4685,49,2,3892
4686,57,1,3893
4686,40,3,3893
4686,14,1,3893
4687,25,1,3894
4688,32,3,3895
4689,106,2,3896
4689,13,1,3896
4689,1,3,3896
4690,21,3,3897
4691,8,2,3898
4691,271,3,3898
4691,97,1,3898
4691,467,3,3898
4692,187,3,3899
4692,83,1,3899
4693,61,3,3900
4693,24,1,3900
4693,17,3,3900
4693,484,1,3900
4694,4,1,3901
4695,18,1,3902
4696,234,3,3903
4697,17,2,3904
4697,43,3,3904
4697,72,2,3904
4697,11,1,3904
4697,138,1,3904
4697,199,1,3904
4697,28,2,3904
4697,273,1,3904
4697,93,3,3904
4697,15,1,3904
4698,102,2,3905
4698,43,2,3905
4699,27,3,3906
4700,131,3,3907
4700,49,1,3907
4700,66,3,3907
4700,350,3,3907
4700,370,2,3907
4701,5,2,3908
4702,0,1,3909
4702,37,3,3909
4703,49,2,3910
4703,13,2,3910
4703,48,3,3910
4704,223,2,3911
4704,63,2,3911
4705,103,2,3912
4705,341,2,3912
4706,234,3,3913
4706,282,3,3913
4706,9,2,3913
4706,0,3,3913
4707,18,2,3914
4707,181,1,3914
4707,327,2,3914
4707,368,3,3914
4707,247,2,3914
4707,31,1,3914
4707,161,3,3914
4707,187,2,3914
4707,47,1,3914
4708,97,2,3915
4708,27,2,3915
4708,2,1,3915
4708,22,2,3915
4708,21,2,3915
4708,197,3,3915
4708,147,1,3915
4708,14,2,3915
4708,226,1,3915
4708,1,2,3915
4709,145,3,3916
4709,177,1,3916
4709,6,1,3916
4709,202,1,3916
4709,144,2,3916
4709,10,1,3916
4710,23,1,3917
4711,0,3,3918
4711,55,1,3918
4712,13,1,3919
4712,36,2,3919
4712,109,2,3919
4713,176,1,3920
4713,27,1,3920
4713,56,2,3920
4714,34,1,3921
4714,417,1,3921
4714,216,1,3921
4714,208,2,3921
4714,93,1,3921
4714,151,1,3921
4715,145,3,3922
4715,436,3,3922
4715,31,2,3922
4715,291,3,3922
4716,15,1,3923
4716,228,1,3923
4716,186,1,3923
4716,201,1,3923
4717,43,2,3924
4718,0,2,3925
4718,4,3,3925
4718,24,1,3925
4718,11,1,3925
4718,40,1,3925
4718,129,3,3925
4718,493,3,3925
4719,109,3,3926
4720,1,2,3927
4720,437,1,3927
4720,482,1,3927
4720,8,2,3927
4720,45,3,3927
4720,39,3,3927
4721,0,1,3928
4722,204,2,3929
4722,174,1,3929
4722,162,1,3929
4723,39,3,3930
4723,96,2,3930
4724,101,3,3931
4724,67,1,3931
4724,2,2,3931
4724,45,1,3931
4725,19,3,3932
4725,15,1,3932
4725,4,3,3932
4726,46,2,3933
4726,121,2,3933
4726,207,3,3933
4726,47,1,3933
4726,11,2,3933
4726,10,3,3933
4726,350,1,3933
4726,3,1,3933
4726,54,2,3933
4726,67,3,3933
4727,31,3,3934
4727,174,1,3934
4727,127,3,3934
4728,53,3,3935
4728,194,2,3935
4728,193,2,3935
4729,14,3,3936
4729,57,1,3936
4730,157,3,3937
4731,194,1,3938
4732,147,3,3939
4732,102,1,3939
4732,145,1,3939
4732,438,1,3939
4733,258,3,3940
4734,47,1,3941
4734,371,1,3941
4735,379,1,3942
4735,45,3,3942
4735,85,1,3942
4736,2,3,3943
4737,167,1,3944
4738,30,3,3945
4738,113,3,3945
4739,2,1,3946
4740,192,1,3947
4740,147,1,3947
4740,23,1,3947
4740,54,2,3947
4740,198,1,3947
4740,79,1,3947
4741,10,3,3948
4741,296,3,3948
4741,160,2,3948
4741,189,2,3948
4741,335,1,3948
4741,207,3,3948
4741,7,1,3948
4741,24,2,3948
4741,206,3,3948
4741,167,1,3948
4741,49,2,3948
4742,30,2,3949
4743,9,3,3950
4744,2,2,3951
4744,4,1,3951
4745,84,2,3952
4746,109,1,3953
4746,3,2,3953
4747,66,1,3954
4747,208,1,3954
4747,191,3,3954
4747,454,1,3954
4747,33,1,3954
4747,2,2,3954
4747,172,2,3954
4747,0,3,3954
4747,57,2,3954
4747,1,1,3954
4747,26,2,3954
4747,109,2,3954
4747,110,2,3954
4747,124,3,3954
4747,15,3,3954
4747,25,3,3954
4748,400,2,3955
4749,166,1,3956
4750,44,1,3957
4750,1,1,3957
4751,48,3,3958
4752,63,1,3959
4752,98,2,3959
4752,45,1,3959
4752,1,2,3959
4752,271,1,3959
4753,1,2,3960
4753,11,1,3960
4754,1,2,3961
4755,38,1,3962
4755,35,2,3962
4755,187,3,3962
4756,40,1,3963
4756,47,2,3963
4756,234,2,3963
4756,15,3,3963
4757,34,1,3964
4758,0,3,3965
4759,33,2,3966
4759,0,2,3966
4760,38,2,3967
4760,168,3,3967
4761,29,3,3968
4762,80,3,3969
4762,482,2,3969
4762,258,2,3969
4762,276,2,3969
4762,23,3,3969
4762,20,3,3969
4763,11,2,3970
4763,38,1,3970
4763,277,1,3970
4763,352,2,3970
4763,341,1,3970
4763,195,1,3970
4763,493,1,3970
4763,99,2,3970
4763,9,3,3970
4763,5,2,3970
4763,37,3,3970
4763,183,2,3970
4763,75,2,3970
4763,172,2,3970
4763,33,1,3970
4763,143,3,3970
4764,18,3,3971
4764,6,1,3971
4764,2,3,3971
4764,12,3,3971
4764,14,1,3971
4764,258,3,3971
4764,435,3,3971
4765,467,2,3972
4765,469,2,3972
4765,291,1,3972
4765,125,3,3972
4765,27,2,3972
4765,493,3,3972
4766,4,1,3973
4766,179,2,3973
4767,25,2,3974
4767,89,2,3974
4768,189,3,3975
4768,115,1,3975
4768,323,2,3975
4768,148,1,3975
4768,183,3,3975
4768,166,2,3975
4768,57,1,3975
4769,24,3,3976
4769,71,1,3976
4769,306,1,3976
4769,7,2,3976
4770,11,2,3977
4771,72,3,3978
4772,5,2,3979
4773,48,2,3980
4773,23,2,3980
4773,35,2,3980
4773,71,3,3980
4773,148,3,3980
4773,27,2,3980
4773,9,2,3980
4773,45,1,3980
4773,109,2,3980
4773,300,1,3980
4774,323,2,3981
4775,69,1,3982
4775,143,3,3982
4776,236,3,3983
4777,205,1,3984
4778,73,2,3985
4779,157,2,3986
4779,49,2,3986
4779,204,3,3986
4779,27,3,3986
4779,87,2,3986
4779,236,2,3986
4779,233,3,3986
4779,243,2,3986
4780,158,1,3987
4780,101,2,3987
4781,48,2,3988
4781,12,2,3988
4781,8,1,3988
4781,23,2,3988
4781,26,3,3988
4782,169,2,3989
4783,425,3,3990
4783,63,1,3990
4784,172,2,3991
4784,21,1,3991
4784,18,2,3991
4784,14,2,3991
4784,356,2,3991
4784,46,2,3991
4784,70,3,3991
4784,106,1,3991
4784,54,2,3991
4784,72,2,3991
4784,38,2,3991
4784,99,2,3991
4784,118,1,3991
4784,130,1,3991
4785,199,1,3992
4785,59,2,3992
4785,68,1,3992
4785,44,2,3992
4785,109,3,3992
4786,437,1,3993
4787,14,1,3994
4787,18,2,3994
4788,5,3,3995
4788,445,1,3995
4789,0,1,3996
4790,290,1,3997
4790,6,3,3997
4791,12,2,3998
4792,50,3,3999
4792,20,2,3999
4792,0,2,3999
4792,134,3,3999
4793,145,2,4000
4794,85,2,4001
4795,40,3,4002
4796,63,1,4003
4796,373,1,4003
4796,189,3,4003
4797,22,2,4004
4797,160,2,4004
4797,23,1,4004
4798,225,3,4005
4799,19,3,4006
4799,356,3,4006
4799,396,2,4006
4800,280,3,4007
4800,85,2,4007
4800,46,1,4007
4800,74,3,4007
4801,11,3,4008
4801,28,1,4008
4801,103,1,4008
4802,178,2,4009
4803,3,3,4010
4804,102,3,4011
4805,179,1,4012
4805,33,1,4012
4806,322,1,4013
4807,11,3,4014
4808,12,1,4015
4809,0,1,4016
4809,199,3,4016
4809,9,1,4016
4809,202,3,4016
4809,124,3,4016
4809,5,3,4016
4809,160,3,4016
4810,185,2,4017
4810,28,1,4017
4810,31,2,4017
4810,166,1,4017
4810,40,2,4017
4810,51,3,4017
4810,33,3,4017
4810,125,1,4017
4810,62,3,4017
4810,3,2,4017
4810,420,1,4017
4810,367,3,4017
4811,17,3,4018
4812,66,1,4019
4812,24,3,4019
4813,11,3,4020
4813,53,3,4020
4813,45,2,4020
4813,33,2,4020
4814,7,1,4021
4815,91,2,4022
4816,460,3,4023
4816,209,3,4023
4816,72,3,4023
4817,4,1,4024
4818,314,3,4025
4818,23,1,4025
4818,167,1,4025
4819,260,2,4026
4819,105,3,4026
4820,216,2,4027
4820,3,1,4027
4820,9,1,4027
4820,314,3,4027
4820,192,2,4027
4820,150,2,4027
4820,25,1,4027
4821,13,3,4028
4822,225,2,4029
4822,49,2,4029
4822,26,2,4029
4823,49,1,4030
4823,0,3,4030
4824,116,2,4031
4825,188,3,4032
4825,205,1,4032
4825,128,3,4032
4825,38,3,4032
4825,35,2,4032
4826,43,1,4033
4826,112,2,4033
4827,62,2,4034
4827,371,1,4034
4828,193,3,4035
4829,16,2,4036
4830,83,1,4037
4830,93,2,4037
4831,12,3,4038
4831,42,3,4038
4831,151,2,4038
4832,46,2,4039
4832,83,1,4039
4833,11,2,4040
4833,1,3,4040
4833,123,3,4040
4833,352,2,4040
4833,238,2,4040
4833,162,2,4040
4834,33,1,4041
4834,83,1,4041
4834,448,3,4041
4835,43,1,4042
4835,157,3,4042
4836,465,3,4043
4836,69,2,4043
4836,24,3,4043
4836,25,1,4043
4837,31,1,4044
4838,87,1,4045
4838,368,1,4045
4839,3,3,4046
4839,12,2,4046
4839,21,3,4046
4840,177,2,4047
4840,27,1,4047
4840,141,3,4047
4841,23,2,4048
4842,17,1,4049
4843,263,1,4050
4844,125,3,4051
4844,498,2,4051
4844,142,2,4051
4845,295,3,4052
4845,322,3,4052
4845,6,1,4052
4846,48,1,4053
4847,7,1,4054
4847,28,3,4054
4847,129,2,4054
4847,21,2,4054
4848,3,2,4055
4848,367,1,4055
4848,430,2,4055
4849,5,2,4056
4849,61,3,4056
4849,316,1,4056
4849,187,2,4056
4849,417,3,4056
4850,7,1,4057
4850,47,1,4057
4850,77,2,4057
4850,352,3,4057
4850,55,3,4057
4850,33,2,4057
4850,184,3,4057
4850,87,3,4057
4850,170,2,4057
4850,195,1,4057
4850,469,3,4057
4851,160,2,4058
4851,1,2,4058
4851,38,3,4058
4851,7,2,4058
4851,15,2,4058
4851,137,1,4058
4852,27,1,4059
4853,194,3,4060
4854,119,1,4061
4855,30,3,4062
4856,49,2,4063
4857,96,2,4064
4857,24,2,4064
4858,1,2,4065
4858,8,1,4065
4858,20,1,4065
4859,36,1,4066
4859,74,1,4066
4859,42,1,4066
4859,0,1,4066
4859,141,3,4066
4859,286,1,4066
4859,475,3,4066
4859,2,1,4066
4859,9,2,4066
4859,151,1,4066
4859,47,2,4066
4859,6,3,4066
4859,25,3,4066
4860,162,2,4067
4860,85,1,4067
4860,448,1,4067
4861,250,2,4068
4861,455,3,4068
4861,151,2,4068
4861,194,2,4068
4861,54,1,4068
4862,295,2,4069
4862,333,2,4069
4863,29,3,4070
4864,271,1,4071
4865,3,1,4072
4865,109,1,4072
4866,12,1,4073
4866,6,2,4073
4867,40,3,4074
4867,176,3,4074
4867,401,2,4074
4867,344,3,4074
4868,18,2,4075
4868,10,3,4075
4868,157,3,4075
4868,320,3,4075
4868,351,1,4075
4868,243,2,4075
4869,37,3,4076
4870,48,1,4077
4871,279,1,4078
4872,7,2,4079
4872,278,2,4079
4872,165,2,4079
4872,177,1,4079
4873,134,2,4080
4873,299,2,4080
4873,56,3,4080
4874,16,1,4081
4874,27,2,4081
4875,191,2,4082
4875,137,3,4082
4876,74,2,4083
4877,27,1,4084
4877,110,1,4084
4878,10,3,4085
4879,13,3,4086
4879,105,2,4086
4880,450,1,4087
4880,116,3,4087
4880,396,1,4087
4880,304,2,4087
4880,52,2,4087
4881,238,3,4088
4881,299,2,4088
4881,340,3,4088
4881,119,1,4088
4882,202,2,4089
4882,13,2,4089
4882,29,3,4089
4882,225,2,4089
4882,417,2,4089
4883,46,1,4090
4884,53,2,4091
4884,45,1,4091
4884,47,2,4091
4884,316,1,4091
4884,238,1,4091
4884,67,1,4091
4884,135,3,4091
4885,41,1,4092
4886,53,2,4093
4886,164,3,4093
4887,151,1,4094
4888,1,2,4095
4888,4,1,4095
4888,336,1,4095
4888,48,3,4095
4888,455,3,4095
4888,349,1,4095
4888,31,2,4095
4889,67,2,4096
4890,92,2,4097
4890,3,2,4097
4890,63,1,4097
4890,216,1,4097
4890,72,3,4097
4890,254,3,4097
4891,12,1,4098
4891,3,2,4098
4892,18,3,4099
4892,181,2,4099
4893,111,2,4100
4894,488,3,4101
4894,83,2,4101
4894,1,1,4101
4895,42,2,4102
4895,2,2,4102
4896,166,3,4103
4896,186,1,4103
4896,176,3,4103
4896,224,2,4103
4896,188,1,4103
4896,107,2,4103
4896,26,3,4103
4897,160,1,4104
4898,33,2,4105
4899,141,1,4106
4900,17,3,4107
4901,70,3,4108
4901,221,1,4108
4902,29,1,4109
4902,13,1,4109
4903,4,1,4110
4903,6,1,4110
4903,79,2,4110
4904,1,2,4111
4904,106,2,4111
4904,300,3,4111
4905,3,3,4112
4905,26,3,4112
4906,23,2,4113
4906,26,3,4113
4906,288,3,4113
4906,62,1,4113
4906,160,1,4113
4906,50,2,4113
4907,447,3,4114
4907,497,2,4114
4907,320,1,4114
4908,198,1,4115
4908,222,3,4115
4909,20,2,4116
4909,16,1,4116
4909,29,1,4116
4909,140,3,4116
4909,111,2,4116
4910,37,1,4117
4910,44,1,4117
4911,194,1,4118
4911,225,3,4118
4911,448,1,4118
4911,73,2,4118
4912,8,1,4119
4912,349,3,4119
4912,210,2,4119
4912,314,3,4119
4913,48,3,4120
4913,153,2,4120
4914,114,1,4121
4914,211,3,4121
4914,83,3,4121
4914,4,1,4121
4914,2,3,4121
4914,82,3,4121
4914,11,1,4121
4915,15,3,4122
4915,28,3,4122
4915,14,3,4122
4915,185,1,4122
4916,35,3,4123
4917,184,2,4124
4918,30,3,4125
4918,196,3,4125
4918,211,2,4125
4918,231,1,4125
4918,331,1,4125
4918,135,1,4125
4918,159,1,4125
4918,37,2,4125
4919,13,2,4126
4919,12,3,4126
4920,27,3,4127
4920,225,1,4127
4920,301,3,4127
4921,48,2,4128
4922,0,2,4129
4922,45,1,4129
4922,20,2,4129
4922,86,3,4129
4923,11,3,4130
4923,157,2,4130
4923,4,3,4130
4924,14,2,4131
4925,124,2,4132
4926,4,3,4133
4927,10,2,4134
4927,29,3,4134
4927,138,3,4134
4927,7,2,4134
4927,420,2,4134
4927,3,1,4134
4928,436,2,4135
4928,139,1,4135
4929,6,1,4136
4929,2,1,4136
4929,1,2,4136
4929,178,2,4136
4929,20,3,4136
4929,17,1,4136
4929,420,2,4136
4929,204,2,4136
4930,79,1,4137
4930,216,2,4137
4931,25,1,4138
4932,159,3,4139
4932,465,2,4139
4932,340,1,4139
4932,474,1,4139
4932,237,2,4139
4933,3,3,4140
4934,111,1,4141
4934,41,1,4141
4935,62,1,4142
4935,21,2,4142
4935,16,1,4142
4935,6,1,4142
4935,290,3,4142
4935,86,3,4142
4935,436,1,4142
4936,26,3,4143
4936,27,3,4143
4937,14,2,4144
4937,136,2,4144
4937,27,2,4144
4937,360,1,4144
4938,7,1,4145
4939,6,3,4146
4939,184,1,4146
4940,96,1,4147
4941,185,3,4148
4942,39,2,4149
4943,47,2,4150
4944,38,2,4151
4944,206,1,4151
4944,4,3,4151
4944,310,2,4151
4944,36,2,4151
4945,25,1,4152
4946,117,3,4153
4946,103,1,4153
4946,109,3,4153
4946,20,2,4153
4946,101,3,4153
4946,33,2,4153
4947,22,2,4154
4947,9,3,4154
4947,15,1,4154
4948,99,3,4155
4949,466,3,4156
4949,400,3,4156
4950,274,1,4157
4950,82,2,4157
4951,154,2,4158
4951,318,1,4158
4951,396,3,4158
4951,50,1,4158
4951,213,3,4158
4951,296,1,4158
4951,49,3,4158
4951,2,3,4158
4951,10,1,4158
4952,1,1,4159
4952,285,3,4159
4952,191,2,4159
4953,2,1,4160
4954,7,2,4161
4954,245,1,4161
4954,71,3,4161
4954,93,2,4161
4954,25,2,4161
4955,68,2,4162
4955,40,3,4162
4956,3,2,4163
4956,24,1,4163
4956,5,1,4163
4957,63,3,4164
4958,143,1,4165
4958,0,1,4165
4958,55,2,4165
4958,1,2,4165
4958,8,1,4165
4958,463,2,4165
4959,49,3,4166
4959,160,3,4166
4959,266,1,4166
4959,299,1,4166
4959,129,1,4166
4959,300,1,4166
4959,185,2,4166
4960,2,3,4167
4961,4,2,4168
4961,18,3,4168
4961,201,2,4168
4961,103,3,4168
4961,220,1,4168
4961,197,3,4168
4961,223,1,4168
4961,23,2,4168
4961,30,2,4168
4962,43,2,4169
4962,160,3,4169
4962,223,1,4169
4962,2,3,4169
4963,40,1,4170
4964,27,1,4171
4964,29,1,4171
4964,301,2,4171
4964,225,3,4171
4964,23,2,4171
4964,97,3,4171
4964,223,2,4171
4965,498,2,4172
4965,171,3,4172
4965,220,2,4172
4966,436,1,4173
4967,28,3,4174
4967,0,2,4174
4967,10,1,4174
4967,1,2,4174
4968,84,1,4175
4969,185,3,4176
4969,96,1,4176
4969,100,3,4176
4969,88,1,4176
4969,20,1,4176
4969,228,3,4176
4969,227,1,4176
4969,229,1,4176
4969,74,3,4176
4969,14,3,4176
4969,210,3,4176
4969,41,2,4176
4969,2,2,4176
4969,79,3,4176
4970,109,3,4177
4970,103,2,4177
4971,17,3,4178
4971,6,1,4178
4971,180,2,4178
4971,2,1,4178
4971,97,1,4178
4972,40,1,4179
4972,194,1,4179
4972,27,2,4179
4972,0,1,4179
4973,25,3,4180
4973,6,1,4180
4973,467,2,4180
4974,90,2,4181
4974,44,3,4181
4974,438,3,4181
4974,108,1,4181
4974,1,1,4181
4974,0,2,4181
4975,7,3,4182
4976,484,2,4183
4976,14,1,4183
4976,10,3,4183
4976,155,3,4183
4976,193,3,4183
4976,130,1,4183
4977,21,2,4184
4978,23,1,4185
4978,90,2,4185
4978,55,1,4185
4979,43,2,4186
4979,25,3,4186
4979,1,1,4186
4979,73,1,4186
4979,299,2,4186
4979,207,3,4186
4980,15,3,4187
4981,35,2,4188
4982,137,2,4189
4983,32,3,4190
4983,26,2,4190
4983,214,2,4190
4984,5,2,4191
4984,15,2,4191
4985,191,3,4192
4985,488,3,4192
4985,137,2,4192
4985,65,1,4192
4986,98,3,4193
4986,28,2,4193
4986,18,3,4193
4987,11,2,4194
4988,172,3,4195
4989,179,3,4196
4989,18,1,4196
4989,4,3,4196
4989,45,3,4196
4989,61,1,4196
4989,229,2,4196
4989,78,2,4196
4990,45,2,4197
4990,170,2,4197
4990,299,2,4197
4990,304,3,4197
4990,327,2,4197
4990,132,2,4197
4991,31,1,4198
4991,14,3,4198
4991,39,3,4198
4992,6,1,4199
4993,18,1,4200
4993,113,1,4200
4994,2,1,4201
4995,270,1,4202
4995,304,1,4202
4995,368,2,4202
4995,14,3,4202
4995,258,3,4202
4996,24,2,4203
4996,18,2,4203
4996,5,2,4203
4997,1,2,4204
4997,64,1,4204
4997,164,1,4204
4997,2,3,4204
4997,25,2,4204
4997,41,3,4204
4997,62,3,4204
4997,33,1,4204
4997,3,1,4204
4997,22,3,4204
4997,209,1,4204
4997,345,2,4204
4998,175,1,4205
4999,48,2,4206
4999,24,1,4206
4999,209,2,4206
4999,57,3,4206
4999,12,3,4206
5000,121,3,4207
5000,20,2,4207
5000,39,3,4207
5001,44,1,4208
5001,9,2,4208
5001,463,1,4208
5001,114,2,4208
5001,28,2,4208
5001,6,1,4208
5001,0,1,4208
5002,34,1,4209
5002,28,2,4209
5002,13,3,4209
5003,25,3,4210
5003,131,2,4210
5003,331,3,4210
5003,3,3,4210
5003,279,1,4210
5003,179,3,4210
5003,170,2,4210
5003,188,2,4210
5003,65,2,4210
5003,280,1,4210
5003,273,3,4210
5003,13,2,4210
5004,179,2,4211
5005,2,3,4212
5005,425,1,4212
5005,473,1,4212
5005,233,2,4212
5005,391,1,4212
5005,165,2,4212
5005,72,1,4212
5006,23,1,4213
5006,2,3,4213
5006,6,2,4213
5006,109,2,4213
5007,437,3,4214
5007,265,1,4214
5007,263,1,4214
5007,211,3,4214
5007,482,2,4214
5008,129,2,4215
5009,206,2,4216
5009,463,1,4216
5009,278,2,4216
5009,184,1,4216
5009,407,1,4216
5010,100,2,4217
5010,247,2,4217
5010,7,3,4217
5011,368,3,4218
5011,104,3,4218
5011,176,3,4218
5012,1,2,4219
5013,41,2,4220
5014,113,2,4221
5014,3,2,4221
5014,6,3,4221
5015,109,1,4222
5015,228,1,4222
5015,465,3,4222
5015,448,1,4222
5015,238,1,4222
5016,7,2,4223
5016,22,2,4223
5017,160,3,4224
5018,103,1,4225
5018,4,3,4225
5018,223,2,4225
5018,183,3,4225
5018,28,2,4225
5018,82,2,4225
5018,10,1,4225
5019,201,3,4226
5019,265,1,4226
5020,276,1,4227
5020,124,1,4227
5020,241,1,4227
5020,83,2,4227
5020,0,1,4227
5020,12,2,4227
5020,38,3,4227
5021,180,3,4228
5021,21,1,4228
5022,24,3,4229
5022,41,2,4229
5022,474,1,4229
5022,112,1,4229
5022,138,1,4229
5023,8,3,4230
5023,36,3,4230
5024,332,2,4231
5024,304,1,4231
5024,131,3,4231
5025,1,2,4232
5025,8,2,4232
5025,13,1,4232
5025,4,3,4232
5025,47,1,4232
5026,430,2,4233
5027,2,2,4234
5027,4,2,4234
5027,107,1,4234
5028,101,2,4235
5028,344,1,4235
5028,290,2,4235
5028,261,1,4235
5028,49,2,4235
5028,66,2,4235
5029,28,2,4236
5029,54,1,4236
5029,62,3,4236
5030,122,2,4237
5030,109,2,4237
5031,312,1,4238
5031,273,3,4238
5031,463,1,4238
5031,128,3,4238
5031,404,1,4238
5032,44,3,4239
5032,63,1,4239
5032,80,1,4239
5032,182,3,4239
5033,24,3,4240
5033,8,3,4240
5033,17,2,4240
5034,1,3,4241
5034,24,2,4241
5035,17,1,4242
5036,388,3,4243
5036,44,2,4243
5036,23,2,4243
5036,3,3,4243
5037,62,1,4244
5038,48,3,4245
5038,88,3,4245
5039,16,2,4246
5039,67,1,4246
5040,36,2,4247
5041,100,1,4248
5042,7,2,4249
5042,77,1,4249
5042,474,3,4249
5042,94,3,4249
5042,267,1,4249
5043,445,1,4250
5044,11,3,4251
5044,169,1,4251
5044,370,2,4251
5044,153,1,4251
5045,8,2,4252
5045,23,1,4252
5045,7,1,4252
5045,9,1,4252
5045,49,2,4252
5045,44,3,4252
5045,2,2,4252
5045,11,1,4252
5045,1,1,4252
5046,132,1,4253
5046,213,3,4253
5046,488,1,4253
5047,1,1,4254
5048,55,1,4255
5048,271,2,4255
5048,486,2,4255
5048,356,3,4255
5048,97,3,4255
5048,299,2,4255
5048,105,2,4255
5048,14,3,4255
5048,47,3,4255
5048,277,3,4255
5048,306,1,4255
5049,20,3,4256
5050,15,3,4257
5050,9,1,4257
5050,2,1,4257
5050,142,1,4257
5050,169,3,4257
5050,172,1,4257
5050,3,1,4257
5050,5,1,4257
5050,245,2,4257
5050,176,3,4257
5050,29,2,4257
5050,16,1,4257
5050,24,1,4257
5050,6,3,4257
5051,13,2,4258
5051,181,2,4258
5051,46,2,4258
5051,14,1,4258
5051,3,3,4258
5051,101,3,4258
5052,0,1,4259
5052,14,1,4259
5052,81,1,4259
5053,51,1,4260
5053,213,3,4260
5054,2,3,4261
5055,19,2,4262
5056,29,1,4263
5056,50,1,4263
5057,15,2,4264
5058,14,1,4265
5058,9,2,4265
5058,215,3,4265
5058,109,2,4265
5058,13,2,4265
5059,227,1,4266
5059,254,2,4266
5059,32,2,4266
5059,44,1,4266
5059,8,1,4266
5059,65,3,4266
5059,420,2,4266
5059,1,2,4266
5059,206,3,4266
5060,7,2,4267
5060,10,3,4267
5061,105,2,4268
5061,299,2,4268
5061,356,2,4268
5061,13,1,4268
5061,162,2,4268
5061,240,1,4268
5062,466,3,4269
5062,152,1,4269
5062,294,1,4269
5062,180,2,4269
5062,323,3,4269
5062,198,1,4269
5062,439,1,4269
5062,497,2,4269
5062,77,1,4269
5062,465,2,4269
5062,254,2,4269
5062,45,1,4269
5063,167,1,4270
5063,1,2,4270
5064,205,2,4271
5065,174,1,4272
5065,202,3,4272
5066,40,2,4273
5066,1,2,4273
5066,48,2,4273
5067,48,2,4274
5068,66,3,4275
5068,208,2,4275
5069,29,1,4276
5069,175,1,4276
5069,280,2,4276
5070,152,1,4277
5070,1,1,4277
5070,34,3,4277
5070,31,3,4277
5071,93,1,4278
5071,283,1,4278
5071,488,3,4278
5071,158,1,4278
5071,269,3,4278
5072,4,2,4279
5072,445,3,4279
5072,7,1,4279
5073,360,1,4280
5073,255,2,4280
5074,18,2,4281
5074,1,2,4281
5075,12,2,4282
5075,27,1,4282
5076,33,3,4283
5076,454,1,4283
5076,168,1,4283
5076,80,1,4283
5076,86,1,4283
5076,342,2,4283
5077,145,3,4284
5077,227,2,4284
5077,247,3,4284
5077,24,2,4284
5078,454,1,4285
5079,1,2,4286
5080,446,1,4287
5080,16,1,4287
5080,41,1,4287
5080,162,1,4287
5080,153,2,4287
5080,40,3,4287
5081,16,1,4288
5081,203,3,4288
5081,266,3,4288
5081,251,1,4288
5082,45,1,4289
5083,194,2,4290
5083,88,1,4290
5083,236,1,4290
5083,34,3,4290
5083,3,1,4290
5084,132,2,4291
5084,1,3,4291
5085,5,1,4292
5086,17,3,4293
5086,167,3,4293
5087,10,2,4294
5087,56,3,4294
5087,11,2,4294
5087,15,1,4294
5087,110,2,4294
5087,71,3,4294
5087,195,3,4294
5088,83,1,4295
5088,1,3,4295
5088,29,1,4295
5088,16,1,4295
5088,185,1,4295
5088,28,2,4295
5088,190,2,4295
5088,54,2,4295
5088,482,3,4295
5088,82,3,4295
5088,183,3,4295
5088,258,2,4295
5089,284,1,4296
5089,316,3,4296
5089,2,2,4296
5089,5,3,4296
5089,484,3,4296
5089,274,3,4296
5090,90,1,4297
5090,323,1,4297
5090,283,1,4297
5090,150,1,4297
5091,25,3,4298
5091,454,3,4298
5091,105,3,4298
5091,62,1,4298
5092,242,3,4299
5092,136,3,4299
5092,58,2,4299
5092,368,3,4299
5092,155,1,4299
5092,203,2,4299
5093,164,1,4300
5093,131,1,4300
5093,30,2,4300
5094,4,1,4301
5094,55,3,4301
5094,196,2,4301
5094,106,1,4301
5094,134,2,4301
5095,120,1,4302
5096,103,2,4303
5096,482,2,4303
5096,254,3,4303
5096,70,2,4303
5096,62,3,4303
5096,161,2,4303
5096,223,1,4303
5097,135,2,4304
5097,291,2,4304
5097,100,3,4304
5098,19,1,4305
5099,322,3,4306
5099,11,2,4306
5099,21,2,4306
5099,153,2,4306
5099,323,1,4306
5099,141,3,4306
5099,0,3,4306
5099,45,2,4306
5099,2,2,4306
5099,23,1,4306
5100,282,2,4307
5100,199,3,4307
5101,65,3,4308
5101,455,1,4308
5102,285,1,4309
5103,16,2,4310
5103,490,1,4310
5104,161,1,4311
5104,295,1,4311
5104,144,3,4311
5105,13,3,4312
5105,30,2,4312
5105,55,3,4312
5105,7,1,4312
5105,245,1,4312
5106,168,3,4313
5106,258,2,4313
5106,469,3,4313
5106,107,1,4313
5106,355,2,4313
5106,15,3,4313
5106,59,2,4313
5107,60,2,4314
5107,12,3,4314
5108,367,1,4315
5109,46,1,4316
5109,114,2,4316
5109,164,1,4316
5109,62,1,4316
5109,6,2,4316
5110,56,3,4317
5111,132,1,4318
5111,446,2,4318
5112,93,3,4319
5113,93,1,4320
5114,5,1,4321
5115,280,2,4322
5115,69,2,4322
5116,182,2,4323
5116,108,2,4323
5116,202,1,4323
5116,183,3,4323
5117,15,1,4324
5117,25,1,4324
5117,89,1,4324
5117,17,1,4324
5118,151,2,4325
5118,29,3,4325
5118,20,1,4325
5118,467,2,4325
5118,227,1,4325
5118,248,2,4325
5119,276,1,4326
5119,63,1,4326
5119,234,1,4326
5119,356,1,4326
5119,371,3,4326
5119,118,1,4326
5120,11,1,4327
5121,4,3,4328
5121,65,2,4328
5121,448,1,4328
5122,163,3,4329
5122,214,2,4329
5122,360,3,4329
5122,196,1,4329
5122,24,2,4329
5122,369,1,4329
5122,153,2,4329
5123,83,1,4330
5123,56,3,4330
5123,371,1,4330
5123,163,1,4330
5123,1,3,4330
5124,13,2,4331
5125,5,2,4332
5125,135,3,4332
5125,203,3,4332
5125,33,2,4332
5125,356,2,4332
5125,41,2,4332
5125,63,3,4332
5125,282,2,4332
5125,312,2,4332
5125,81,2,4332
5125,314,1,4332
5126,103,2,4333
5127,0,1,4334
5128,52,2,4335
5129,6,2,4336
5129,14,2,4336
5129,1,1,4336
5130,81,1,4337
5130,40,3,4337
5130,0,1,4337
5130,22,3,4337
5131,8,1,4338
5131,18,2,4338
5131,201,2,4338
5131,422,2,4338
5131,176,1,4338
5131,119,3,4338
5131,12,2,4338
5131,156,1,4338
5131,163,3,4338
5132,43,1,4339
5133,11,1,4340
5133,278,2,4340
5133,170,2,4340
5133,144,3,4340
5133,85,2,4340
5134,10,1,4341
5134,34,3,4341
5135,179,1,4342
5136,1,3,4343
5136,53,2,4343
5136,285,1,4343
5136,105,1,4343
5137,2,1,4344
5137,14,1,4344
5138,14,2,4345
5138,323,2,4345
5139,10,1,4346
5140,45,2,4347
5141,227,1,4348
5141,96,2,4348
5141,214,2,4348
5141,174,3,4348
5141,299,1,4348
5141,49,2,4348
5142,18,1,4349
5142,40,2,4349
5142,12,2,4349
5142,215,1,4349
5142,107,1,4349
5142,11,3,4349
5143,388,1,4350
5143,306,2,4350
5143,28,3,4350
5143,20,2,4350
5144,39,1,4351
5144,340,2,4351
5144,136,2,4351
5144,447,3,4351
5145,47,3,4352
5146,0,3,4353
5146,37,1,4353
5147,172,1,4354
5147,175,1,4354
5147,87,1,4354
5147,35,1,4354
5147,24,1,4354
5147,11,2,4354
5147,68,2,4354
5147,255,1,4354
5147,72,2,4354
5148,4,2,4355
5149,498,3,4356
5149,50,3,4356
5149,25,3,4356
5149,21,2,4356
5150,48,3,4357
5150,365,1,4357
5150,12,2,4357
5151,5,2,4358
5151,205,1,4358
5152,341,3,4359
5152,164,1,4359
5152,356,3,4359
5152,264,1,4359
5152,87,1,4359
5152,197,1,4359
5152,472,3,4359
5152,314,2,4359
5153,99,2,4360
5153,154,1,4360
5153,23,3,4360
5154,15,1,4361
5155,5,1,4362
5155,28,2,4362
5155,256,2,4362
5156,41,2,4363
5156,13,2,4363
5156,161,2,4363
5156,89,3,4363
5156,452,2,4363
5156,87,1,4363
5156,278,2,4363
5157,171,2,4364
5158,33,1,4365
5159,156,2,4366
5159,185,1,4366
5160,32,1,4367
5160,84,2,4367
5160,25,3,4367
5160,36,1,4367
5160,249,3,4367
5161,3,3,4368
5161,35,1,4368
5161,13,3,4368
5161,122,3,4368
5162,2,1,4369
5163,0,3,4370
5164,423,3,4371
5164,66,1,4371
5164,93,2,4371
5165,63,2,4372
5165,105,1,4372
5166,101,3,4373
5166,102,3,4373
5166,30,2,4373
5166,25,3,4373
5167,26,1,4374
5168,12,3,4375
5169,12,2,4376
5169,148,2,4376
5169,1,2,4376
5169,493,2,4376
5169,164,2,4376
5170,30,3,4377
5170,35,3,4377
5171,42,2,4378
5171,215,3,4378
5171,22,1,4378
5171,71,3,4378
5171,57,1,4378
5171,35,3,4378
5172,27,2,4379
5172,159,3,4379
5172,9,2,4379
5173,109,1,4380
5173,7,1,4380
5173,14,3,4380
5173,39,2,4380
5173,28,1,4380
5174,15,2,4381
5174,6,1,4381
5175,114,2,4382
5175,367,1,4382
5175,103,1,4382
5175,15,1,4382
5175,2,1,4382
5175,41,2,4382
5176,51,3,4383
5177,27,2,4384
5177,123,2,4384
5177,105,1,4384
5177,13,1,4384
5178,131,1,4385
5178,260,1,4385
5179,9,1,4386
5180,20,3,4387
5180,45,3,4387
5180,2,1,4387
5180,157,3,4387
5180,97,2,4387
5180,9,2,4387
5180,43,2,4387
5180,166,3,4387
5180,103,1,4387
5180,472,2,4387
5180,400,3,4387
5180,183,2,4387
5181,169,3,4388
5181,403,2,4388
5181,91,2,4388
5182,35,2,4389
5182,12,3,4389
5182,10,3,4389
5182,1,3,4389
5182,6,2,4389
5182,25,1,4389
5182,8,2,4389
5183,19,2,4390
5183,174,2,4390
5183,278,3,4390
5183,115,1,4390
5184,60,3,4391
5184,48,2,4391
5185,0,3,4392
5185,10,2,4392
5186,109,2,4393
5187,20,3,4394
5187,48,2,4394
5187,95,3,4394
5187,192,1,4394
5188,25,2,4395
5189,82,2,4396
5189,327,3,4396
5189,275,1,4396
5189,465,3,4396
5189,160,1,4396
5189,439,2,4396
5189,399,3,4396
5190,154,3,4397
5190,258,3,4397
5190,299,2,4397
5191,226,3,4398
5191,191,2,4398
5191,97,3,4398
5191,282,2,4398
5191,318,3,4398
5192,20,3,4399
5192,25,3,4399
5192,280,2,4399
5192,448,3,4399
5193,8,3,4400
5193,156,3,4400
5194,341,1,4401
5195,15,2,4402
5195,66,2,4402
5195,174,1,4402
5196,49,2,4403
5196,116,2,4403
5197,224,3,4404
5197,496,2,4404
5198,69,2,4405
5199,2,1,4406
5199,11,3,4406
5199,107,3,4406
5199,244,3,4406
5199,21,2,4406
5199,30,2,4406
5199,23,3,4406
5200,277,3,4407
5200,55,3,4407
5200,0,2,4407
5201,187,2,4408
5202,152,2,4409
5203,42,3,4410
5203,8,2,4410
5203,482,2,4410
5204,42,3,4411
5204,0,3,4411
5204,93,3,4411
5204,12,3,4411
5205,49,1,4412
5205,68,3,4412
5206,142,2,4413
5206,407,2,4413
5206,177,1,4413
5206,148,2,4413
5206,345,1,4413
5207,129,1,4414
5208,6,3,4415
5209,40,2,4416
5210,359,1,4417
5210,310,1,4417
5210,365,2,4417
5210,493,3,4417
5210,267,3,4417
5211,33,1,4418
5211,1,3,4418
5211,89,3,4418
5212,76,3,4419
5212,333,3,4419
5213,25,3,4420
5213,31,3,4420
5214,206,3,4421
5215,449,2,4422
5216,122,2,4423
5216,202,2,4423
5216,282,1,4423
5216,15,3,4423
5217,101,1,4424
5217,37,2,4424
5217,174,2,4424
5217,33,2,4424
5218,0,2,4425
5218,247,2,4425
5218,273,1,4425
5218,191,2,4425
5219,42,3,4426
5219,15,1,4426
5219,33,2,4426
5219,41,1,4426
5219,26,3,4426
5219,157,3,4426
5220,355,2,4427
5220,127,1,4427
5220,30,2,4427
5221,157,1,4428
5221,327,3,4428
5222,15,1,4429
5222,16,1,4429
5222,23,3,4429
5222,112,1,4429
5222,47,2,4429
5222,3,1,4429
5222,462,2,4429
5222,99,2,4429
5222,27,2,4429
5222,24,3,4429
5223,127,3,4430
5223,267,3,4430
5224,42,1,4431
5224,3,1,4431
5224,1,3,4431
5224,13,3,4431
5224,214,3,4431
5224,169,2,4431
5224,15,1,4431
5225,116,1,4432
5225,131,2,4432
5225,108,2,4432
5225,223,2,4432
5225,45,3,4432
5225,498,1,4432
5225,314,3,4432
5226,0,2,4433
5227,102,3,4434
5228,21,1,4435
5228,14,1,4435
5228,148,2,4435
5229,5,1,4436
5229,89,3,4436
5230,69,3,4437
5230,86,2,4437
5230,484,3,4437
5230,370,1,4437
5231,9,1,4438
5232,3,3,4439
5233,12,3,4440
5234,379,2,4441
5234,48,3,4441
5234,21,2,4441
5234,177,3,4441
5234,466,1,4441
5234,232,1,4441
5234,156,3,4441
5235,109,2,4442
5235,11,2,4442
5235,151,1,4442
5235,180,2,4442
5235,28,3,4442
5235,25,2,4442
5236,47,1,4443
5236,225,1,4443
5236,478,2,4443
5236,463,3,4443
5236,369,1,4443
5237,90,3,4444
5237,44,2,4444
5238,151,1,4445
5239,63,1,4446
5239,140,2,4446
5240,161,3,4447
5240,65,1,4447
5240,26,3,4447
5241,186,1,4448
5242,144,3,4449
5243,18,3,4450
5243,39,2,4450
5244,19,1,4451
5244,170,3,4451
5244,106,1,4451
5244,24,2,4451
5244,96,3,4451
5244,214,3,4451
5244,244,2,4451
5244,449,3,4451
5244,25,3,4451
5244,79,2,4451
5244,32,2,4451
5244,185,2,4451
5244,6,2,4451
5244,8,3,4451
5245,10,1,4452
5245,192,2,4452
5245,171,2,4452
5245,299,1,4452
5246,0,2,4453
5246,207,2,4453
5246,356,1,4453
5246,466,1,4453
5246,5,1,4453
5247,66,2,4454
5247,112,1,4454
5248,32,3,4455
5249,16,3,4456
5249,157,3,4456
5249,223,3,4456
5249,208,3,4456
5250,2,3,4457
5250,41,3,4457
5250,190,1,4457
5250,0,1,4457
5250,55,1,4457
5250,178,3,4457
5250,27,2,4457
5250,37,3,4457
5250,180,2,4457
5250,5,1,4457
5250,12,3,4457
5250,175,2,4457
5250,300,3,4457
5250,216,3,4457
5250,152,2,4457
5250,13,3,4457
5251,8,3,4458
5251,125,2,4458
5251,182,2,4458
5252,42,1,4459
5252,15,1,4459
5252,17,1,4459
5252,18,3,4459
5252,44,1,4459
5252,14,2,4459
5252,47,1,4459
5253,30,3,4460
5253,39,3,4460
5254,104,1,4461
5254,2,2,4461
5255,37,2,4462
5256,49,2,4463
5256,32,3,4463
5256,21,1,4463
5256,407,2,4463
5256,70,1,4463
5257,270,3,4464
5257,106,1,4464
5257,0,3,4464
5257,145,1,4464
5257,43,1,4464
5257,2,2,4464
5257,39,3,4464
5257,60,1,4464
5257,63,2,4464
5257,223,2,4464
5257,226,3,4464
5257,161,2,4464
5257,8,1,4464
5257,3,3,4464
5257,267,3,4464
5257,24,2,4464
5257,35,3,4464
5258,322,1,4465
5258,11,2,4465
5258,103,1,4465
5258,142,3,4465
5258,232,1,4465
5259,3,2,4466
5260,24,2,4467
5260,30,3,4467
5260,21,2,4467
5260,37,3,4467
5260,179,2,4467
5260,335,3,4467
5261,20,1,4468
5261,33,2,4468
5261,43,3,4468
5261,3,3,4468
5261,19,3,4468
5261,370,3,4468
5261,25,3,4468
5261,16,2,4468
5261,14,2,4468
5261,18,3,4468
5261,423,2,4468
5262,103,2,4469
5262,184,2,4469
5262,148,1,4469
5263,49,3,4470
5264,47,2,4471
5264,38,3,4471
5264,180,2,4471
5265,0,1,4472
5265,6,2,4472
5266,166,1,4473
5266,29,1,4473
5266,248,2,4473
5266,108,1,4473
5266,310,3,4473
5267,2,2,4474
5267,16,3,4474
5268,81,3,4475
5268,260,1,4475
5268,0,2,4475
5268,143,1,4475
5268,268,1,4475
5268,106,1,4475
5268,86,1,4475
5269,4,3,4476
5269,310,3,4476
5269,355,3,4476
5269,189,1,4476
5269,473,1,4476
5270,35,2,4477
5270,10,1,4477
5270,14,3,4477
5270,110,2,4477
5270,482,2,4477
5270,123,2,4477
5270,192,3,4477
5270,97,1,4477
5270,277,2,4477
5271,38,3,4478
5271,171,3,4478
5271,341,1,4478
5271,15,2,4478
5271,4,1,4478
5271,110,1,4478
5271,124,2,4478
5271,201,2,4478
5271,180,3,4478
5271,202,3,4478
5271,17,3,4478
5272,68,1,4479
5272,37,2,4479
5273,15,1,4480
5273,172,3,4480
5273,1,2,4480
5273,25,2,4480
5273,114,2,4480
5273,237,2,4480
5273,196,1,4480
5273,350,2,4480
5274,91,2,4481
5274,74,1,4481
5274,69,3,4481
5275,184,1,4482
5275,238,1,4482
5276,13,3,4483
5276,105,1,4483
5276,299,2,4483
5276,208,2,4483
5277,15,2,4484
5278,31,1,4485
5279,2,3,4486
5280,213,1,4487
5280,154,3,4487
5280,68,1,4487
5280,65,1,4487
5280,205,3,4487
5281,129,3,4488
5281,14,2,4488
5281,299,2,4488
5282,29,3,4489
5282,18,1,4489
5283,15,3,4490
5284,124,2,4491
5284,150,2,4491
5284,36,3,4491
5284,48,1,4491
5285,314,3,4492
5285,304,3,4492
5286,31,3,4493
5286,391,1,4493
5286,430,3,4493
5286,322,2,4493
5287,10,3,4494
5287,74,1,4494
5287,179,2,4494
5287,284,1,4494
5288,36,2,4495
5288,9,1,4495
5288,139,2,4495
5288,83,2,4495
5288,22,3,4495
5288,97,1,4495
5288,438,1,4495
5288,47,2,4495
5288,25,3,4495
5288,43,3,4495
5288,155,2,4495
5288,152,1,4495
5288,114,1,4495
5288,191,2,4495
5288,478,1,4495
5288,115,3,4495
5289,98,1,4496
5289,283,3,4496
5289,286,3,4496
5289,138,2,4496
5289,439,2,4496
5290,178,3,4497
5290,120,3,4497
5290,10,3,4497
5290,32,3,4497
5290,469,2,4497
5291,422,3,4498
5292,134,3,4499
5292,53,2,4499
5292,30,2,4499
5293,20,2,4500
5294,265,2,4501
5294,2,2,4501
5294,0,1,4501
5295,436,3,4502
5295,36,1,4502
5295,59,3,4502
5296,59,3,4503
5296,445,1,4503
5296,65,1,4503
5297,200,1,4504
5297,48,2,4504
5297,37,3,4504
5297,73,3,4504
5297,28,2,4504
5298,144,1,4505
5298,53,3,4505
5298,189,3,4505
5298,251,3,4505
5298,115,3,4505
5298,34,3,4505
5299,117,2,4506
5299,251,1,4506
5300,33,1,4507
5301,223,3,4508
5302,188,2,4509
5303,51,1,4510
5303,174,1,4510
5303,462,1,4510
5303,5,2,4510
5304,169,1,4511
5304,4,3,4511
5304,166,2,4511
5305,27,3,4512
5305,493,1,4512
5305,180,2,4512
5305,478,2,4512
5305,233,3,4512
5305,112,3,4512
5305,312,3,4512
5305,136,3,4512
5306,187,2,4513
5307,7,2,4514
5308,98,3,4515
5309,26,1,4516
5310,81,2,4517
5310,62,1,4517
5310,190,2,4517
5310,14,2,4517
5310,234,2,4517
5310,31,1,4517
5311,129,1,4518
5312,86,2,4519
5313,265,3,4520
5313,34,2,4520
5313,236,3,4520
5313,240,1,4520
5314,10,3,4521
5314,147,3,4521
5315,14,2,4522
5316,49,3,4523
5316,436,2,4523
5317,152,1,4524
5317,71,3,4524
5317,27,3,4524
5318,7,1,4525
5319,36,2,4526
5319,21,2,4526
5319,37,3,4526
5319,38,3,4526
5319,171,1,4526
5320,108,2,4527
5320,280,2,4527
5320,192,2,4527
5320,0,2,4527
5321,17,3,4528
5321,4,1,4528
5321,12,2,4528
5322,2,1,4529
5323,496,2,4530
5324,116,2,4531
5324,131,2,4531
5325,19,1,4532
5325,101,1,4532
5325,20,2,4532
5326,18,2,4533
5327,32,3,4534
5328,103,3,4535
5329,47,2,4536
5329,478,2,4536
5329,72,2,4536
5329,214,3,4536
5329,103,3,4536
5330,141,3,4537
5330,93,1,4537
5330,82,1,4537
5330,17,1,4537
5330,87,2,4537
5330,79,1,4537
5330,23,3,4537
5330,1,2,4537
5330,283,2,4537
5331,12,1,4538
5331,8,2,4538
5331,14,2,4538
5331,26,1,4538
5332,33,1,4539
5332,12,2,4539
5332,14,2,4539
5332,47,1,4539
5333,1,2,4540
5333,29,1,4540
5333,37,2,4540
5333,16,1,4540
5333,46,2,4540
5334,3,2,4541
5334,39,2,4541
5334,198,2,4541
5334,125,2,4541
5335,3,3,4542
5335,81,2,4542
5336,11,3,4543
5337,0,1,4544
5337,183,3,4544
5337,445,3,4544
5338,42,1,4545
5339,18,3,4546
5339,201,3,4546
5339,183,3,4546
5339,188,2,4546
5340,7,3,4547
5340,102,3,4547
5340,162,2,4547
5341,60,1,4548
5341,106,3,4548
5342,28,2,4549
5342,59,3,4549
5342,154,2,4549
5342,119,2,4549
5342,13,2,4549
5342,131,3,4549
5343,175,3,4550
5343,403,3,4550
5343,154,1,4550
5343,407,1,4550
5343,450,1,4550
5343,223,1,4550
5343,19,3,4550
5343,10,3,4550
5343,48,3,4550
5343,140,1,4550
5343,127,3,4550
5343,323,3,4550
5344,36,2,4551
5344,91,2,4551
5344,322,1,4551
5344,367,1,4551
5344,168,3,4551
5344,469,2,4551
5345,460,1,4552
5345,21,3,4552
5345,39,2,4552
5345,97,1,4552
5345,315,2,4552
5346,254,3,4553
5346,340,1,4553
5346,48,2,4553
5346,417,1,4553
5347,163,3,4554
5348,1,1,4555
5349,3,3,4556
5350,33,2,4557
5350,93,3,4557
5350,475,2,4557
5350,129,1,4557
5350,12,1,4557
5350,95,2,4557
5351,1,1,4558
5351,22,3,4558
5352,12,2,4559
5353,341,3,4560
5353,370,3,4560
5354,6,2,4561
5354,10,2,4561
5355,26,1,4562
5355,197,1,4562
5356,5,1,4563
5356,22,1,4563
5357,29,3,4564
5357,71,2,4564
5357,57,2,4564
5357,368,1,4564
5358,33,3,4565
5359,4,2,4566
5359,72,1,4566
5359,148,3,4566
5360,255,3,4567
5361,12,2,4568
5361,4,3,4568
5362,97,2,4569
5362,42,3,4569
5362,7,1,4569
5362,201,2,4569
5363,83,1,4570
5363,90,3,4570
5363,141,1,4570
5363,11,2,4570
5363,3,3,4570
5363,117,1,4570
5364,38,3,4571
5365,1,2,4572
5366,7,1,4573
5366,47,2,4573
5366,136,1,4573
5366,22,1,4573
5367,278,3,4574
5367,260,1,4574
5368,18,1,4575
5369,76,3,4576
5369,27,2,4576
5369,360,1,4576
5369,336,2,4576
5370,62,2,4577
5370,41,3,4577
5371,99,1,4578
5371,118,2,4578
5371,149,2,4578
5371,3,1,4578
5372,295,3,4579
5372,270,3,4579
5372,316,2,4579
5373,278,3,4580
5374,76,2,4581
5374,130,3,4581
5374,22,2,4581
5374,35,1,4581
5374,90,2,4581
5374,417,3,4581
5374,335,1,4581
5375,450,1,4582
5375,282,2,4582
5376,0,2,4583
5376,355,2,4583
5376,250,1,4583
5376,3,1,4583
5376,106,3,4583
5376,6,1,4583
5377,33,3,4584
5377,2,1,4584
5377,174,1,4584
5378,2,2,4585
5378,497,2,4585
5378,120,1,4585
5379,69,2,4586
5379,0,1,4586
5380,105,2,4587
5380,46,1,4587
5380,36,2,4587
5381,23,1,4588
5381,21,1,4588
5381,24,2,4588
5381,89,3,4588
5382,85,2,4589
5382,0,3,4589
5382,26,1,4589
5383,16,2,4590
5383,27,2,4590
5383,59,3,4590
5383,150,1,4590
5383,340,2,4590
5384,478,2,4591
5384,226,3,4591
5384,124,3,4591
5384,9,1,4591
5385,37,3,4592
5386,11,3,4593
5386,138,1,4593
5386,229,1,4593
5387,15,3,4594
5387,44,2,4594
5387,286,3,4594
5387,149,2,4594
5387,460,1,4594
5387,60,2,4594
5387,223,1,4594
5387,143,3,4594
5387,39,1,4594
5388,1,3,4595
5389,6,2,4596
5390,182,2,4597
5391,2,1,4598
5391,1,2,4598
5391,38,2,4598
5391,37,3,4598
5392,10,3,4599
5392,204,1,4599
5393,62,1,4600
5393,34,3,4600
5393,29,3,4600
5393,28,3,4600
5393,73,1,4600
5394,11,2,4601
5394,3,3,4601
5394,48,1,4601
5394,449,2,4601
5394,169,1,4601
5394,295,2,4601
5394,158,2,4601
5394,367,3,4601
5394,322,3,4601
5395,234,2,4602
5395,211,1,4602
5396,24,2,4603
5396,35,1,4603
5396,12,2,4603
5396,183,3,4603
5397,488,3,4604
5397,105,3,4604
5398,91,2,4605
5398,422,3,4605
5398,236,2,4605
5398,35,3,4605
5398,32,3,4605
5398,224,3,4605
5398,180,3,4605
5398,190,1,4605
5398,36,1,4605
5399,0,2,4606
5400,36,1,4607
5400,25,1,4607
5400,185,2,4607
5400,275,3,4607
5400,87,1,4607
5400,399,3,4607
5401,488,3,4608
5402,283,3,4609
5402,29,3,4609
5402,32,3,4609
5403,17,3,4610
5403,87,2,4610
5403,70,2,4610
5403,91,2,4610
5403,143,1,4610
5403,186,1,4610
5404,25,3,4611
5404,229,2,4611
5404,388,1,4611
5404,97,2,4611
5404,166,1,4611
5404,445,3,4611
5404,244,3,4611
5404,6,3,4611
5404,86,2,4611
5404,255,1,4611
5404,240,3,4611
5405,179,3,4612
5405,3,3,4612
5406,25,3,4613
5406,22,3,4613
5406,273,1,4613
5406,286,3,4613
5406,225,1,4613
5406,105,2,4613
5407,4,2,4614
5407,179,3,4614
5408,20,2,4615
5408,23,1,4615
5409,143,2,4616
5409,68,3,4616
5409,11,3,4616
5409,5,1,4616
5409,115,1,4616
5409,31,1,4616
5409,37,1,4616
5409,396,3,4616
5409,207,2,4616
5410,62,3,4617
5410,33,2,4617
5410,97,1,4617
5410,2,3,4617
5411,12,2,4618
5412,24,3,4619
5413,8,3,4620
5413,14,3,4620
5413,190,2,4620
5413,37,3,4620
5413,151,1,4620
5413,3,1,4620
5413,91,2,4620
5413,36,3,4620
5413,194,2,4620
5414,40,2,4621
5414,7,2,4621
5414,77,2,4621
5414,26,3,4621
5414,285,1,4621
5414,345,2,4621
5414,16,3,4621
5414,92,2,4621
5414,203,2,4621
5414,51,1,4621
5414,167,3,4621
5414,93,2,4621
5414,71,2,4621
5414,107,2,4621
5414,121,3,4621
5414,223,1,4621
5415,43,3,4622
5416,26,1,4623
5416,101,3,4623
5417,438,3,4624
5417,437,1,4624
5417,13,3,4624
5417,23,1,4624
5417,25,3,4624
5417,3,1,4624
5418,113,2,4625
5418,106,3,4625
5418,12,3,4625
5418,342,1,4625
5418,267,3,4625
5418,57,3,4625
5418,11,2,4625
5419,28,1,4626
5419,336,3,4626
5419,241,1,4626
5419,295,2,4626
5419,436,1,4626
5419,301,1,4626
5419,99,2,4626
5419,391,2,4626
5419,202,2,4626
5419,5,2,4626
5419,98,3,4626
5419,105,2,4626
5419,125,2,4626
5419,76,2,4626
5419,7,1,4626
5419,18,2,4626
5419,174,3,4626
5419,30,1,4626
5419,95,2,4626
5419,127,3,4626
5419,48,1,4626
5419,22,2,4626
5419,37,1,4626
5419,243,2,4626
5420,25,1,4627
5420,4,1,4627
5420,8,2,4627
5420,154,2,4627
5420,159,2,4627
5420,116,2,4627
5420,6,3,4627
5421,124,2,4628
5421,174,2,4628
5421,156,2,4628
5422,69,2,4629
5423,36,1,4630
5423,92,2,4630
5423,349,1,4630
5423,109,1,4630
5424,30,3,4631
5424,24,1,4631
5425,190,2,4632
5425,248,2,4632
5425,159,3,4632
5426,2,3,4633
5426,64,3,4633
5426,12,3,4633
5426,20,2,4633
5426,167,1,4633
5426,271,1,4633
5427,13,1,4634
5428,87,2,4635
5428,17,3,4635
5428,9,1,4635
5429,19,2,4636
5429,12,2,4636
5429,32,3,4636
5429,21,3,4636
5430,8,1,4637
5430,14,1,4637
5431,106,2,4638
5431,82,3,4638
5431,111,3,4638
5431,25,1,4638
5431,31,1,4638
5431,30,3,4638
5431,178,1,4638
5432,4,1,4639
5433,12,1,4640
5434,25,3,4641
5434,5,3,4641
5435,6,1,4642
5436,9,2,4643
5436,10,2,4643
5437,0,3,4644
5437,102,2,4644
5437,166,1,4644
5437,162,3,4644
5437,188,2,4644
5437,164,2,4644
5437,435,2,4644
5437,40,3,4644
5437,43,2,4644
5438,177,2,4645
5438,241,3,4645
5438,197,1,4645
5438,322,1,4645
5439,83,3,4646
5439,2,1,4646
5439,20,3,4646
5439,24,2,4646
5439,22,3,4646
5440,28,1,4647
5440,439,2,4647
5440,369,3,4647
5440,258,3,4647
5441,7,1,4648
5441,102,3,4648
5442,314,3,4649
5442,352,2,4649
5443,0,3,4650
5444,42,2,4651
5444,0,3,4651
5444,8,2,4651
5444,14,2,4651
5444,89,1,4651
5445,214,3,4652
5445,103,1,4652
5446,315,3,4653
5446,9,2,4653
5446,6,3,4653
5447,113,2,4654
5447,15,3,4654
5447,226,3,4654
5447,192,3,4654
5447,156,1,4654
5447,28,1,4654
5447,97,2,4654
5448,27,1,4655
5448,1,3,4655
5448,6,2,4655
5448,116,1,4655
5448,225,3,4655
5448,22,2,4655
5448,14,2,4655
5448,62,2,4655
5449,12,1,4656
5450,21,3,4657
5450,250,1,4657
5450,228,2,4657
5450,482,1,4657
5450,462,1,4657
5450,215,2,4657
5451,87,2,4658
5451,5,2,4658
5452,11,3,4659
5452,92,1,4659
5452,280,3,4659
5452,183,3,4659
5452,425,2,4659
5452,189,1,4659
5452,44,2,4659
5452,45,2,4659
5452,48,2,4659
5452,19,1,4659
5453,46,2,4660
5453,28,1,4660
5454,45,3,4661
5454,143,2,4661
5454,388,2,4661
5454,72,3,4661
5454,9,2,4661
5454,2,3,4661
5454,37,1,4661
5454,27,1,4661
5455,47,2,4662
5456,5,3,4663
5457,14,1,4664
5457,97,3,4664
5457,242,1,4664
5457,128,3,4664
5458,176,2,4665
5459,29,2,4666
5459,16,1,4666
5459,156,2,4666
5459,150,3,4666
5460,250,2,4667
5460,348,1,4667
5461,29,1,4668
5462,21,3,4669
5463,1,1,4670
5463,4,2,4670
5463,162,1,4670
5464,47,2,4671
5465,31,1,4672
5465,436,2,4672
5465,5,1,4672
5466,325,3,4673
5467,7,1,4674
5467,6,1,4674
5468,336,2,4675
5468,208,2,4675
5468,26,1,4675
5468,41,2,4675
5468,39,3,4675
5468,18,3,4675
5468,3,3,4675
5469,0,2,4676
5470,93,2,4677
5470,13,1,4677
5470,250,3,4677
5470,244,1,4677
5471,30,2,4678
5471,16,3,4678
5471,61,2,4678
5471,22,1,4678
5471,172,2,4678
5471,203,1,4678
5471,349,2,4678
5471,220,3,4678
5471,277,3,4678
5471,96,3,4678
5472,42,1,4679
5472,4,1,4679
5472,102,1,4679
5473,250,1,4680
5473,472,1,4680
5474,18,3,4681
5474,2,2,4681
5474,35,2,4681
5474,24,2,4681
5474,118,3,4681
5475,27,1,4682
5475,162,2,4682
5476,98,2,4683
5477,38,2,4684
5478,11,3,4685
5478,37,3,4685
5478,20,1,4685
5478,85,1,4685
5478,466,2,4685
5478,91,3,4685
5478,318,3,4685
5479,70,3,4686
5479,27,2,4686
5479,5,3,4686
5479,21,3,4686
5479,88,1,4686
5479,48,1,4686
5479,111,1,4686
5479,269,2,4686
5479,63,3,4686
5480,12,3,4687
5481,175,3,4688
5481,16,2,4688
5481,20,3,4688
5481,22,2,4688
5481,12,1,4688
5481,369,1,4688
5481,25,2,4688
5482,2,2,4689
5483,84,1,4690
5483,141,1,4690
5483,77,3,4690
5483,194,1,4690
5483,213,3,4690
5483,131,3,4690
5483,200,2,4690
5483,373,2,4690
5484,10,1,4691
5485,25,3,4692
5486,88,3,4693
5486,452,1,4693
5486,11,1,4693
5487,48,3,4694
5487,43,2,4694
5487,263,1,4694
5487,27,3,4694
5488,59,3,4695
5488,7,2,4695
5489,55,2,4696
5490,84,2,4697
5490,0,3,4697
5490,175,2,4697
5490,42,2,4697
5490,148,2,4697
5490,27,2,4697
5490,171,1,4697
5490,430,1,4697
5490,14,2,4697
5491,18,2,4698
5491,1,1,4698
5491,135,1,4698
5491,197,3,4698
5492,404,3,4699
5492,174,2,4699
5492,24,2,4699
5492,10,2,4699
5492,371,3,4699
5492,400,3,4699
5492,288,2,4699
5493,99,1,4700
5493,270,1,4700
5493,160,3,4700
5494,12,1,4701
5495,23,1,4702
5495,31,3,4702
5496,41,2,4703
5496,165,2,4703
5497,0,1,4704
5497,2,2,4704
5498,19,2,4705
5498,46,3,4705
5498,14,3,4705
5498,8,2,4705
5498,244,3,4705
5498,180,1,4705
5499,113,2,4706
5500,31,2,4707
5500,128,3,4707
5500,99,2,4707
5500,68,1,4707
5501,30,1,4708
5501,89,3,4708
5502,120,2,4709
5502,44,1,4709
5502,77,2,4709
5503,9,2,4710
5503,280,3,4710
5503,139,2,4710
5503,204,1,4710
5504,5,3,4711
5504,248,2,4711
5504,216,2,4711
5505,15,3,4712
5505,166,1,4712
5505,75,1,4712
5505,301,3,4712
5506,449,2,4713
5506,300,1,4713
5506,267,3,4713
5506,127,3,4713
5506,16,2,4713
5506,80,1,4713
5506,140,1,4713
5507,224,2,4714
5507,83,1,4714
5508,37,1,4715
5508,6,1,4715
5508,95,3,4715
5509,11,3,4716
5509,14,3,4716
5509,52,2,4716
5509,193,1,4716
5510,465,1,4717
5510,26,2,4717
5510,438,1,4717
5511,189,3,4718
5511,388,1,4718
5512,0,1,4719
5512,19,3,4719
5512,97,2,4719
5512,122,3,4719
5513,13,1,4720
5514,15,1,4721
5515,273,3,4722
5516,41,3,4723
5517,80,1,4724
5518,23,2,4725
5518,35,3,4725
5519,3,2,4726
5519,15,2,4726
5520,6,3,4727
5520,24,3,4727
5520,47,1,4727
5520,350,2,4727
5520,15,2,4727
5520,174,2,4727
5520,204,3,4727
5520,52,1,4727
5520,245,1,4727
5520,172,3,4727
5520,16,2,4727
5520,23,1,4727
5520,27,1,4727
5520,18,1,4727
5520,166,1,4727
5520,186,3,4727
5521,2,3,4728
5521,69,3,4728
5521,10,2,4728
5521,173,3,4728
5522,50,3,4729
5523,469,1,4730
5523,18,1,4730
5524,43,2,4731
5525,37,2,4732
5525,97,3,4732
5525,465,2,4732
5526,482,3,4733
5527,1,3,4734
5528,145,2,4735
5529,48,1,4736
5530,225,1,4737
5531,22,1,4738
5531,151,2,4738
5531,301,3,4738
5532,25,1,4739
5532,13,2,4739
5532,4,1,4739
5532,6,1,4739
5532,368,1,4739
5532,455,3,4739
5532,198,3,4739
5532,251,2,4739
5532,340,2,4739
5532,211,2,4739
5532,267,3,4739
5532,466,2,4739
5532,49,3,4739
5532,9,1,4739
5532,162,2,4739
5532,201,2,4739
5533,3,3,4740
5533,33,3,4740
5533,44,3,4740
5534,2,2,4741
5534,185,3,4741
5534,167,2,4741
5534,0,2,4741
5534,32,3,4741
5534,251,2,4741
5534,131,1,4741
5535,266,2,4742
5535,159,1,4742
5536,124,1,4743
5536,105,3,4743
5537,60,3,4744
5538,46,3,4745
5538,105,2,4745
5538,209,3,4745
5538,279,2,4745
5538,118,1,4745
5538,195,2,4745
5539,0,1,4746
5539,134,2,4746
5540,15,3,4747
5541,118,2,4748
5541,149,2,4748
5541,345,1,4748
5542,26,3,4749
5542,23,3,4749
5542,401,3,4749
5543,211,1,4750
5544,314,3,4751
5545,1,1,4752
5545,47,3,4752
5546,291,1,4753
5546,89,2,4753
5547,72,2,4754
5548,101,2,4755
5549,290,3,4756
5549,79,2,4756
5549,12,3,4756
5549,1,3,4756
5549,110,3,4756
5549,16,1,4756
5550,46,1,4757
5551,33,3,4758
5551,13,3,4758
5552,7,2,4759
5552,0,3,4759
5552,145,1,4759
5552,2,2,4759
5553,151,2,4760
5553,336,2,4760
5553,295,3,4760
5553,200,1,4760
5553,27,1,4760
5553,130,2,4760
5553,190,3,4760
5553,98,1,4760
5554,38,2,4761
5554,268,2,4761
5555,420,3,4762
5555,7,1,4762
5555,96,2,4762
5555,34,3,4762
5555,232,2,4762
5555,177,1,4762
5555,10,1,4762
5556,1,2,4763
5556,103,2,4763
5556,172,3,4763
5556,29,3,4763
5556,6,3,4763
5556,5,2,4763
5557,4,2,4764
5557,6,2,4764
5557,11,1,4764
5557,157,2,4764
5557,83,3,4764
5557,150,2,4764
5558,11,3,4765
5558,92,1,4765
5559,75,1,4766
5560,159,2,4767
5560,37,2,4767
5560,11,2,4767
5561,35,3,4768
5561,8,3,4768
5562,5,2,4769
5562,59,1,4769
5562,3,3,4769
5562,23,2,4769
5562,172,1,4769
5562,100,3,4769
5562,7,2,4769
5562,49,3,4769
5562,4,2,4769
5562,29,3,4769
5563,49,3,4770
5564,3,2,4771
5565,1,1,4772
5565,314,1,4772
5565,132,1,4772
5565,323,2,4772
5566,27,2,4773
5566,47,2,4773
5566,176,3,4773
5566,183,1,4773
5567,68,1,4774
5567,157,2,4774
5567,163,3,4774
5568,12,1,4775
5568,4,2,4775
5568,2,3,4775
5568,9,3,4775
5568,124,1,4775
5568,90,3,4775
5569,37,1,4776
5569,16,2,4776
5569,46,1,4776
5570,34,1,4777
5570,15,3,4777
5570,119,1,4777
5570,159,2,4777
5571,42,1,4778
5572,1,3,4779
5572,163,3,4779
5573,188,1,4780
5573,144,1,4780
5574,20,1,4781
5574,48,2,4781
5574,447,2,4781
5575,236,1,4782
5576,273,3,4783
5577,18,1,4784
5577,13,3,4784
5577,11,1,4784
5577,4,2,4784
5578,54,1,4785
5578,36,3,4785
5578,138,3,4785
5579,34,1,4786
5579,40,1,4786
5579,436,3,4786
5579,439,1,4786
5579,445,2,4786
5579,172,3,4786
5579,120,2,4786
5579,423,1,4786
5579,149,1,4786
5579,38,3,4786
5579,475,1,4786
5579,336,1,4786
5580,135,3,4787
5581,1,3,4788
5581,14,1,4788
5581,16,3,4788
5582,353,3,4789
5582,370,2,4789
5583,436,1,4790
5584,31,1,4791
5584,28,2,4791
5584,32,1,4791
5584,30,1,4791
5584,115,2,4791
5584,171,2,4791
5585,248,2,4792
5585,200,2,4792
5585,478,2,4792
5585,117,3,4792
5585,11,3,4792
5585,1,1,4792
5585,180,2,4792
5586,46,3,4793
5587,187,2,4794
5587,162,2,4794
5588,21,2,4795
5588,204,1,4795
5588,47,2,4795
5588,89,1,4795
5589,27,1,4796
5589,97,1,4796
5589,84,1,4796
5590,107,1,4797
5591,0,2,4798
5591,21,3,4798
5592,56,3,4799
5592,162,2,4799
5592,65,1,4799
5592,216,2,4799
5592,348,1,4799
5592,63,1,4799
5592,234,1,4799
5593,17,3,4800
5594,7,1,4801
5595,23,2,4802
5596,2,3,4803
5596,28,3,4803
5596,38,1,4803
5597,23,2,4804
5597,46,3,4804
5598,2,2,4805
5598,3,3,4805
5599,92,1,4806
5599,410,3,4806
5599,182,2,4806
5599,12,1,4806
5600,29,1,4807
5600,1,2,4807
5600,4,3,4807
5600,33,1,4807
5601,27,1,4808
5602,102,3,4809
5602,53,2,4809
5602,60,1,4809
5602,18,2,4809
5602,7,3,4809
5603,0,2,4810
5603,47,1,4810
5604,97,1,4811
5604,233,3,4811
5605,13,1,4812
5605,102,1,4812
5605,359,3,4812
5605,95,1,4812
5605,269,1,4812
5605,454,3,4812
5605,237,1,4812
5606,22,3,4813
5607,32,3,4814
5608,45,3,4815
5608,91,3,4815
5608,139,3,4815
5609,0,1,4816
5610,18,3,4817
5610,41,2,4817
5611,45,2,4818
5612,203,2,4819
5613,116,2,4820
5613,304,1,4820
5613,125,3,4820
5613,13,3,4820
5613,270,3,4820
5614,66,1,4821
5614,143,2,4821
5614,228,2,4821
5614,20,2,4821
5614,172,1,4821
5614,211,1,4821
5614,225,2,4821
5614,84,2,4821
5614,147,3,4821
5614,430,3,4821
5614,25,1,4821
5614,22,2,4821
5614,115,2,4821
5614,323,2,4821
5615,25,1,4822
5615,34,3,4822
5616,71,3,4823
5616,52,3,4823
5617,5,2,4824
5618,107,2,4825
5618,137,3,4825
5618,45,1,4825
5618,20,3,4825
5618,435,3,4825
5618,149,3,4825
5618,251,3,4825
5618,322,1,4825
5618,199,2,4825
5618,59,1,4825
5618,33,3,4825
5619,1,3,4826
5620,8,1,4827
5620,2,1,4827
5620,11,3,4827
5620,42,2,4827
5620,49,1,4827
5620,22,2,4827
5620,183,3,4827
5621,240,3,4828
5621,15,3,4828
5621,196,1,4828
5621,169,1,4828
5621,3,2,4828
5622,41,3,4829
5622,0,2,4829
5622,209,1,4829
5623,103,1,4830
5623,5,1,4830
5623,49,1,4830
5623,447,1,4830
5623,430,3,4830
5624,8,1,4831
5624,2,2,4831
5624,32,1,4831
5624,438,2,4831
5625,78,3,4832
5626,268,2,4833
5626,282,2,4833
5626,47,3,4833
5627,435,1,4834
5628,213,2,4835
5628,1,3,4835
5629,90,3,4836
5629,10,1,4836
5629,248,2,4836
5629,400,2,4836
5629,63,3,4836
5629,425,2,4836
5629,401,1,4836
5630,223,2,4837
5630,22,3,4837
5630,72,1,4837
5630,115,2,4837
5630,104,2,4837
5630,225,1,4837
5630,210,3,4837
5631,35,3,4838
5631,437,3,4838
5632,19,3,4839
5632,121,1,4839
5632,178,1,4839
5632,74,2,4839
5633,359,2,4840
5633,278,1,4840
5633,23,3,4840
5634,0,2,4841
5634,315,3,4841
5635,33,3,4842
5635,194,3,4842
5635,233,3,4842
5635,173,3,4842
5635,22,2,4842
5635,9,1,4842
5635,15,3,4842
5636,3,3,4843
5636,40,3,4843
5636,4,1,4843
5637,43,1,4844
5638,43,2,4845
5638,1,2,4845
5638,122,1,4845
5638,2,1,4845
5638,72,1,4845
5639,17,2,4846
5640,17,3,4847
5640,1,3,4847
5640,99,1,4847
5641,42,3,4848
5641,28,2,4848
5641,72,2,4848
5641,274,2,4848
5641,181,1,4848
5641,496,2,4848
5642,327,3,4849
5643,102,3,4850
5643,147,1,4850
5644,20,3,4851
5644,39,3,4851
5644,5,1,4851
5644,166,1,4851
5645,259,1,4852
5645,22,2,4852
5645,490,3,4852
5645,1,3,4852
5645,184,2,4852
5646,189,2,4853
5646,236,3,4853
5647,101,2,4854
5647,3,3,4854
5647,5,1,4854
5648,190,1,4855
5649,3,2,4856
5649,227,1,4856
5650,174,1,4857
5651,163,2,4858
5652,1,2,4859
5652,25,1,4859
5652,53,1,4859
5652,151,3,4859
5652,284,2,4859
5653,165,2,4860
5654,3,3,4861
5655,231,3,4862
5655,222,3,4862
5655,168,1,4862
5655,282,3,4862
5655,97,1,4862
5656,322,3,4863
5656,6,1,4863
5656,284,1,4863
5656,95,2,4863
5656,48,2,4863
5656,27,1,4863
5657,25,2,4864
5658,98,1,4865
5658,146,3,4865
5659,96,2,4866
5659,27,3,4866
5659,46,2,4866
5659,47,1,4866
5659,2,1,4866
5660,122,3,4867
5661,269,3,4868
5662,0,3,4869
5663,7,3,4870
5663,0,2,4870
5663,396,2,4870
5664,7,1,4871
5664,209,2,4871
5665,13,1,4872
5665,449,1,4872
5666,39,1,4873
5666,256,3,4873
5666,68,3,4873
5666,286,3,4873
5667,403,1,4874
5668,186,1,4875
5668,283,1,4875
5669,26,3,4876
5670,127,2,4877
5670,156,3,4877
5671,34,3,4878
5672,5,1,4879
5673,27,1,4880
5673,13,3,4880
5673,105,1,4880
5673,225,3,4880
5673,145,2,4880
5673,31,2,4880
5673,29,1,4880
5674,254,2,4881
5674,55,3,4881
5674,20,3,4881
5675,244,2,4882
5675,221,2,4882
5675,299,3,4882
5675,89,1,4882
5676,65,3,4883
5677,45,3,4884
5678,37,1,4885
5678,64,1,4885
5678,206,1,4885
5679,40,2,4886
5679,57,3,4886
5680,63,1,4887
5680,400,3,4887
5681,31,1,4888
5681,296,2,4888
5682,45,1,4889
5683,474,1,4890
5683,473,2,4890
5683,203,3,4890
5684,360,2,4891
5684,389,1,4891
5684,371,2,4891
5684,44,2,4891
5684,10,3,4891
5685,197,3,4892
5685,353,1,4892
5685,181,2,4892
5685,117,2,4892
5685,220,2,4892
5685,9,3,4892
5685,180,3,4892
5685,177,1,4892
5685,22,3,4892
5685,100,2,4892
5685,138,1,4892
5685,295,3,4892
5685,352,3,4892
5685,88,2,4892
5685,245,3,4892
5685,49,3,4892
5686,8,3,4893
5687,264,1,4894
5687,75,2,4894
5688,37,2,4895
5688,91,2,4895
5688,496,1,4895
5688,125,1,4895
5688,35,3,4895
5688,21,2,4895
5688,89,2,4895
5688,18,1,4895
5688,9,2,4895
5688,16,2,4895
5688,80,3,4895
5688,275,3,4895
5688,167,3,4895
5688,258,1,4895
5688,460,1,4895
5688,296,1,4895
5689,473,2,4896
5689,299,2,4896
5689,33,1,4896
5689,81,3,4896
5689,44,1,4896
5690,404,3,4897
5691,5,3,4898
5692,41,3,4899
5692,27,2,4899
5693,145,1,4900
5694,478,2,4901
5695,222,3,4902
5695,283,1,4902
5695,139,2,4902
5695,420,2,4902
5695,117,1,4902
5695,14,2,4902
5696,98,2,4903
5696,19,3,4903
5696,9,2,4903
5696,27,2,4903
5696,7,1,4903
5696,83,1,4903
5696,216,3,4903
5696,261,3,4903
5696,242,1,4903
5696,106,3,4903
5696,15,3,4903
5696,116,3,4903
5696,115,2,4903
5696,42,3,4903
5696,128,1,4903
5696,84,2,4903
5696,22,1,4903
5697,47,3,4904
5697,159,2,4904
5697,333,3,4904
5697,120,3,4904
5697,148,2,4904
5697,192,1,4904
5697,345,2,4904
5697,106,2,4904
5697,430,2,4904
5698,13,1,4905
5698,131,2,4905
5698,12,3,4905
5698,10,3,4905
5698,32,3,4905
5698,172,2,4905
5698,23,3,4905
5699,83,1,4906
5699,125,3,4906
5699,10,3,4906
5699,61,1,4906
5700,67,1,4907
5701,220,3,4908
5701,109,2,4908
5702,32,2,4909
5702,84,3,4909
5702,422,2,4909
5702,93,2,4909
5702,5,2,4909
5702,327,2,4909
5702,204,2,4909
5702,465,3,4909
5702,371,1,4909
5703,179,2,4910
5703,488,3,4910
5704,0,3,4911
5704,46,2,4911
5704,15,1,4911
5704,106,1,4911
5704,423,1,4911
5704,373,3,4911
5704,367,2,4911
5704,92,2,4911
5704,67,2,4911
5704,51,3,4911
5705,19,3,4912
5705,117,2,4912
5705,344,1,4912
5705,472,1,4912
5705,61,1,4912
5705,186,1,4912
5706,22,1,4913
5706,110,1,4913
5706,25,1,4913
5707,14,3,4914
5708,23,3,4915
5709,88,2,4916
5709,20,1,4916
5709,13,1,4916
5709,225,3,4916
5709,47,1,4916
5710,129,2,4917
5710,49,2,4917
5710,0,3,4917
5710,154,3,4917
5710,15,1,4917
5711,93,1,4918
5711,181,2,4918
5712,32,2,4919
5712,46,2,4919
5713,21,2,4920
5714,27,2,4921
5714,78,2,4921
5715,75,2,4922
5715,232,1,4922
5715,27,1,4922
5715,162,1,4922
5715,88,3,4922
5715,286,3,4922
5715,474,2,4922
5715,79,3,4922
5715,422,2,4922
5715,261,3,4922
5715,297,1,4922
5715,172,3,4922
5715,30,2,4922
5715,159,3,4922
5715,1,1,4922
5715,48,3,4922
5716,90,1,4923
5716,331,3,4923
5716,282,2,4923
5717,88,2,4924
5717,172,1,4924
5717,93,1,4924
5718,41,3,4925
5719,7,1,4926
5719,14,2,4926
5720,157,3,4927
5720,2,3,4927
5720,19,1,4927
5721,1,1,4928
5722,167,2,4929
5723,13,3,4930
5723,214,2,4930
5723,129,3,4930
5724,50,2,4931
5724,437,3,4931
5724,111,3,4931
5724,65,3,4931
5725,163,2,4932
5725,172,1,4932
5725,127,1,4932
5725,103,3,4932
5725,8,2,4932
5725,32,2,4932
5725,23,2,4932
5725,116,2,4932
5725,209,2,4932
5725,439,1,4932
5726,92,1,4933
5726,27,3,4933
5727,26,2,4934
5728,0,1,4935
5728,18,2,4935
5728,388,3,4935
5728,56,2,4935
5728,101,3,4935
5728,87,3,4935
5728,197,2,4935
5729,403,2,4936
5729,26,3,4936
5730,368,3,4937
5730,9,3,4937
5730,77,3,4937
5730,284,3,4937
5730,114,1,4937
5730,129,1,4937
5730,30,1,4937
5730,6,1,4937
5730,210,2,4937
5731,82,2,4938
5732,141,3,4939
5732,12,1,4939
5733,3,1,4940
5733,15,3,4940
5733,110,3,4940
5733,22,2,4940
5733,49,1,4940
5734,0,1,4941
5734,103,2,4941
5735,3,3,4942
5735,157,2,4942
5735,295,1,4942
5735,306,2,4942
5735,285,2,4942
5735,44,1,4942
5736,106,3,4943
5736,85,3,4943
5737,35,2,4944
5737,34,1,4944
5737,93,1,4944
5737,57,2,4944
5738,25,3,4945
5738,21,1,4945
5738,12,1,4945
5738,26,3,4945
5739,17,2,4946
5739,484,1,4946
5739,229,3,4946
5740,42,3,4947
5740,11,3,4947
5740,180,2,4947
5740,9,3,4947
5741,81,3,4948
5741,0,3,4948
5741,25,3,4948
5741,233,3,4948
5741,275,1,4948
5742,12,2,4949
5742,22,1,4949
5742,204,1,4949
5742,84,2,4949
5742,140,3,4949
5742,149,3,4949
5742,365,1,4949
5742,44,3,4949
5743,125,2,4950
5743,65,1,4950
5744,14,2,4951
5745,18,1,4952
5746,11,3,4953
5746,184,1,4953
5746,322,1,4953
5746,103,3,4953
5746,195,1,4953
5746,66,2,4953
5747,260,3,4954
5747,258,2,4954
5748,225,2,4955
5749,149,3,4956
5749,167,2,4956
5749,34,3,4956
5750,49,2,4957
5750,146,2,4957
5750,161,1,4957
5750,9,1,4957
5751,7,2,4958
5752,3,2,4959
5752,24,1,4959
5752,183,3,4959
5752,315,1,4959
5752,226,2,4959
5752,463,1,4959
5752,248,1,4959
5753,148,3,4960
5753,191,3,4960
5754,124,1,4961
5754,12,2,4961
5754,20,3,4961
5755,13,1,4962
5755,3,1,4962
5755,92,3,4962
5755,14,2,4962
5755,57,2,4962
5755,34,3,4962
5755,12,2,4962
5756,49,3,4963
5757,120,2,4964
5758,312,1,4965
5758,304,1,4965
5758,194,2,4965
5759,186,3,4966
5759,154,1,4966
5759,0,3,4966
5760,4,1,4967
5760,107,1,4967
5760,106,1,4967
5760,134,1,4967
5760,420,3,4967
5761,11,1,4968
5761,104,1,4968
5761,271,2,4968
5761,348,2,4968
5761,0,1,4968
5761,1,3,4968
5761,472,1,4968
5762,269,1,4969
5762,193,3,4969
5762,117,2,4969
5762,251,1,4969
5762,5,1,4969
5763,2,1,4970
5763,30,3,4970
5764,96,3,4971
5764,23,1,4971
5765,55,2,4972
5765,12,1,4972
5765,156,1,4972
5766,14,3,4973
5767,0,2,4974
5768,24,2,4975
5768,9,2,4975
5769,5,2,4976
5769,17,3,4976
5769,32,2,4976
5770,410,3,4977
5770,143,3,4977
5771,127,2,4978
5771,155,2,4978
5771,224,1,4978
5771,475,2,4978
5771,33,2,4978
5771,27,3,4978
5771,36,1,4978
5771,482,1,4978
5771,13,3,4978
5772,193,2,4979
5772,278,2,4979
5773,4,2,4980
5773,69,2,4980
5773,165,3,4980
5773,54,2,4980
5773,10,2,4980
5773,75,1,4980
5774,446,1,4981
5775,116,1,4982
5775,191,3,4982
5775,48,2,4982
5775,242,3,4982
5775,373,3,4982
5775,268,1,4982
5775,278,2,4982
5775,170,2,4982
5775,14,3,4982
5775,496,2,4982
5775,5,3,4982
5775,42,2,4982
5775,25,1,4982
5775,180,2,4982
5775,206,3,4982
5775,196,3,4982
5775,10,2,4982
5775,20,1,4982
5775,6,1,4982
5775,463,1,4982
5775,24,1,4982
5775,462,3,4982
5775,31,2,4982
5775,285,2,4982
5776,19,3,4983
5776,159,1,4983
5776,0,1,4983
5776,25,3,4983
5776,228,2,4983
5777,0,3,4984
5778,41,1,4985
5779,3,2,4986
5779,225,3,4986
5779,213,1,4986
5779,34,1,4986
5779,29,2,4986
5779,12,1,4986
5779,152,2,4986
5780,3,1,4987
5780,47,1,4987
5780,68,3,4987
5781,37,1,4988
5782,38,2,4989
5782,31,3,4989
5782,6,2,4989
5782,114,3,4989
5782,151,3,4989
5782,202,3,4989
5783,9,3,4990
5783,320,1,4990
5784,42,3,4991
5784,399,1,4991
5784,48,3,4991
5784,74,2,4991
5784,111,3,4991
5784,1,2,4991
5784,12,3,4991
5784,8,2,4991
5784,2,3,4991
5784,341,1,4991
5785,14,3,4992
5786,40,3,4993
5786,111,2,4993
5786,122,3,4993
5786,27,2,4993
5786,13,2,4993
5786,159,2,4993
5787,39,1,4994
5787,154,2,4994
5788,40,2,4995
5788,410,1,4995
5788,352,1,4995
5788,404,1,4995
5788,277,2,4995
5788,210,3,4995
5788,176,2,4995
5788,132,1,4995
5788,30,2,4995
5789,2,2,4996
5790,221,2,4997
5790,135,1,4997
5790,407,2,4997
5791,21,2,4998
5792,1,3,4999
