item_code,cluster,initial_inventory_items,initial_inventory_boxes,unassigned_boxes,unassigned_items_equivalent
15020920001,0,701,30,30,720
15022005001,0,557,24,24,576
10040048001,0,562,71,71,568
15023035001,0,475,20,20,480
12301023001,0,11,1,1,360
12301027001,0,13,1,1,360
11021047001,0,4,1,1,240
14500003001,0,218,8,8,240
12201030001,0,220,220,220,220
65103009001,0,3,1,1,216
10000013001,0,174,8,8,192
10016014001,0,170,8,8,192
12201098001,0,85,2,2,168
12201064001,0,132,2,2,160
14225023001,0,4,1,1,159
14225029001,0,3,1,1,159
12123063001,0,124,3,3,144
12010001001,0,24,1,1,144
12010080001,0,27,1,1,144
12010036001,0,24,1,1,144
12010059001,0,21,1,1,144
10041899001,0,123,21,21,126
12201071001,0,123,123,123,123
12201034001,0,121,121,121,121
12103060001,0,8,1,1,120
12101033001,0,2,1,1,120
10002073001,0,97,5,5,120
14505059001,0,97,3,3,120
14204010001,0,99,4,4,120
12212008001,0,5,1,1,108
14501031001,0,106,9,9,108
12210005001,0,106,106,106,106
12201008001,0,103,103,103,103
12201020001,0,101,101,101,101
10040082001,0,90,8,8,96
14011030001,0,87,8,8,96
14522048001,0,10,1,1,96
14520066001,0,6,1,1,96
12301005001,0,5,1,1,96
10035010001,0,95,4,4,96
15021047001,0,74,4,4,96
10041007001,0,89,4,4,96
11071008001,0,10,1,1,96
10303001001,0,87,4,4,96
15021042001,0,91,4,4,96
10010018001,0,85,4,4,96
14853003001,0,92,2,2,96
12104021001,0,11,1,1,96
14222027001,0,19,1,1,96
14615070001,0,88,15,15,90
14502020001,0,90,3,3,90
14501065001,0,81,7,7,84
14504012001,0,48,2,2,80
14506199001,0,21,1,1,80
12102035001,0,3,1,1,80
10040071001,0,75,4,4,80
14505008001,0,59,2,2,80
31531042001,0,5,1,1,80
31531021001,0,4,1,1,80
14601067001,0,2,1,1,80
10033073001,0,65,6,6,72
12103105001,0,11,1,1,72
12103025001,0,11,1,1,72
12103011001,0,9,1,1,72
12100028001,0,7,1,1,72
14621028001,0,19,1,1,72
12100018001,0,5,1,1,72
12103089001,0,3,1,1,72
10020042001,0,67,3,3,72
10034023001,0,59,3,3,72
11032008001,0,61,2,2,72
11032002001,0,47,2,2,72
12100023001,0,7,1,1,72
12100046001,0,7,1,1,72
12103048001,0,6,1,1,72
10010019001,0,59,4,4,72
10014130001,0,63,3,3,72
10041008001,0,54,3,3,72
10014086001,0,71,3,3,72
14840022001,0,54,3,3,72
15023010001,0,49,3,3,72
10040034001,0,51,3,3,72
12010022001,0,18,1,1,72
14633934001,0,6,1,1,72
12104011001,0,7,1,1,72
12103170001,0,6,1,1,72
12103024001,0,6,1,1,72
12212037001,0,5,1,1,72
14633937001,0,3,1,1,72
14633936001,0,2,1,1,72
31253002001,0,2,1,1,70
31253001001,0,2,1,1,70
31533017001,0,2,1,1,64
12210011001,0,64,64,64,64
10040050001,0,51,5,5,60
31423019001,0,8,1,1,60
14603010001,0,7,1,1,60
14603019001,0,7,1,1,60
12301001001,0,5,1,1,60
31423897001,0,2,1,1,60
14502080001,0,51,2,2,60
14502016001,0,54,2,2,60
14226012001,0,8,1,1,60
14226003001,0,3,1,1,60
14010006001,0,46,4,4,60
14503010001,0,48,2,2,60
14500005001,0,31,2,2,60
14226005001,0,11,1,1,60
14226016001,0,10,1,1,60
14226059001,0,7,1,1,60
14226063001,0,7,1,1,60
14226067001,0,5,1,1,60
14226042001,0,5,1,1,60
12103016001,0,3,1,1,60
14223062001,0,2,1,1,60
12010106001,0,13,1,1,60
31255010001,0,4,1,1,50
31255006001,0,2,1,1,50
31426001001,0,3,1,1,50
31476039001,0,3,1,1,50
66511009001,0,8,1,1,50
11110077003,0,7,1,1,50
30010006001,0,6,1,1,50
12100027001,0,15,1,1,48
12123042001,0,12,1,1,48
12122007001,0,8,1,1,48
12123013001,0,9,1,1,48
12123131001,0,7,1,1,48
12123144001,0,6,1,1,48
31422007001,0,6,1,1,48
12123096001,0,5,1,1,48
31422018001,0,5,1,1,48
31422898001,0,5,1,1,48
12100040001,0,5,1,1,48
12103144001,0,4,1,1,48
31420014001,0,3,1,1,48
31421038001,0,4,1,1,48
31423001001,0,4,1,1,48
31422014001,0,3,1,1,48
31422900001,0,3,1,1,48
31420001001,0,3,1,1,48
31422016001,0,3,1,1,48
31421040001,0,2,1,1,48
14132229001,0,43,8,8,48
14852005001,0,26,2,2,48
11073009001,0,6,1,1,48
12102053001,0,6,1,1,48
14833082001,0,4,1,1,48
12102058001,0,4,1,1,48
31422001001,0,3,1,1,48
10021022001,0,46,4,4,48
10020016001,0,47,2,2,48
10014029001,0,46,2,2,48
10010012001,0,46,2,2,48
10014117001,0,46,2,2,48
10033012001,0,47,2,2,48
10023035001,0,37,2,2,48
14804999001,0,38,2,2,48
10014111001,0,35,2,2,48
10034012001,0,37,2,2,48
10021003001,0,32,2,2,48
10053909001,0,36,2,2,48
14506281001,0,31,2,2,48
10032048001,0,33,2,2,48
10031023001,0,29,2,2,48
10014030001,0,33,2,2,48
10034045001,0,35,2,2,48
10001007001,0,31,2,2,48
10010009001,0,26,2,2,48
10032052001,0,27,2,2,48
10020030001,0,27,2,2,48
10014067001,0,26,2,2,48
12100003001,0,8,1,1,48
12102057001,0,6,1,1,48
12102055001,0,6,1,1,48
12100002001,0,4,1,1,48
15021057001,0,45,2,2,48
10014898001,0,44,2,2,48
10020025001,0,43,2,2,48
10303003001,0,44,2,2,48
10014101001,0,39,2,2,48
14841001001,0,40,2,2,48
10014034001,0,44,2,2,48
15021059001,0,36,2,2,48
10034013001,0,38,2,2,48
10034032001,0,39,2,2,48
10022006001,0,45,2,2,48
10020003001,0,41,2,2,48
10020012001,0,42,2,2,48
10020038001,0,32,2,2,48
15022021001,0,47,2,2,48
10014076001,0,43,2,2,48
10035036001,0,31,2,2,48
14833066001,0,39,2,2,48
10040021001,0,37,2,2,48
10016002001,0,30,2,2,48
10020046001,0,35,2,2,48
10014024001,0,31,2,2,48
14833056001,0,34,2,2,48
10032059001,0,27,2,2,48
10032023001,0,31,2,2,48
10014109001,0,25,2,2,48
10022016001,0,25,2,2,48
14832033001,0,25,2,2,48
14833011001,0,18,1,1,48
14822042001,0,13,1,1,48
14633001001,0,9,1,1,48
10022010001,0,11,1,1,48
14225018001,0,9,1,1,48
14832003001,0,11,1,1,48
12102106001,0,7,1,1,48
12212062001,0,8,1,1,48
14101021001,0,8,1,1,48
14101016001,0,4,1,1,48
14101017001,0,4,1,1,48
12101043001,0,4,1,1,48
12101003001,0,3,1,1,48
12101042001,0,3,1,1,48
12020087001,0,3,1,1,48
12102020001,0,2,1,1,48
12102010001,0,2,1,1,48
14225016001,0,2,1,1,48
12106030001,0,19,1,1,48
14223006001,0,2,1,1,48
14010088001,0,39,3,3,45
14010038001,0,31,3,3,45
14505003001,0,24,1,1,40
14506085001,0,13,1,1,40
14506264001,0,10,1,1,40
14509016001,0,6,1,1,40
31236026001,0,3,1,1,40
14001118001,0,16,1,1,40
10040038001,0,35,5,5,40
14110154001,0,34,4,4,40
14204131001,0,40,2,2,40
14506352001,0,23,2,2,40
14370076001,0,10,1,1,40
14105008001,0,9,1,1,40
12102013001,0,6,1,1,40
30000048001,0,3,1,1,40
30001040001,0,2,1,1,40
11103094001,0,32,6,6,36
10040035001,0,35,3,3,36
10030017001,0,34,3,3,36
10034026001,0,25,3,3,36
10033002001,0,25,3,3,36
12122021001,0,13,1,1,36
14302006001,0,8,1,1,36
14300008001,0,4,1,1,36
31623898001,0,4,1,1,36
31628003001,0,2,1,1,36
12103040001,0,2,1,1,36
14222898001,0,18,1,1,36
14204068001,0,19,1,1,36
11032016002,0,15,1,1,36
14222896001,0,15,1,1,36
12120058001,0,11,1,1,36
12120030001,0,9,1,1,36
14204078001,0,7,1,1,36
12120034001,0,7,1,1,36
12201112001,0,7,1,1,36
12120024001,0,5,1,1,36
12212036001,0,4,1,1,36
12106016002,0,4,1,1,36
12106064001,0,4,1,1,36
11062019001,0,3,1,1,36
12020036001,0,3,1,1,36
14204077001,0,3,1,1,36
12123034001,0,7,1,1,36
10053904001,0,7,1,1,36
12014035001,0,2,1,1,36
14510175001,0,36,36,36,36
10035024001,0,27,3,3,36
10021018001,0,27,3,3,36
14610001001,0,26,3,3,36
10011004001,0,20,2,2,36
12151001001,0,9,1,1,36
12151020001,0,8,1,1,36
12120049001,0,6,1,1,36
31707076001,0,2,1,1,36
31244002001,0,8,1,1,36
14225946001,0,2,1,1,36
14225933001,0,2,1,1,36
14000003001,0,35,5,5,35
14506089001,0,30,1,1,32
14506291001,0,11,1,1,32
14506378001,0,13,1,1,32
14506140001,0,11,1,1,32
14506036001,0,8,1,1,32
14506383001,0,8,1,1,32
14506339001,0,5,1,1,32
14204162001,0,18,2,2,32
12121070001,0,5,1,1,32
14508913001,0,15,1,1,30
31501903003,0,7,1,1,30
31623026001,0,5,1,1,30
14202023001,0,4,1,1,30
31502003001,0,5,1,1,30
31501007001,0,5,1,1,30
14201020001,0,4,1,1,30
14204148001,0,3,1,1,30
11062013001,0,2,1,1,30
14211001001,0,3,1,1,30
11061035001,0,2,1,1,30
11061001001,0,1,1,1,30
14601003001,0,13,1,1,30
14226149001,0,9,1,1,30
14370072001,0,8,1,1,30
31500025001,0,7,1,1,30
31501903002,0,6,1,1,30
31502034001,0,5,1,1,30
31500025003,0,5,1,1,30
11062015001,0,5,1,1,30
11061011001,0,3,1,1,30
31502034003,0,3,1,1,30
31501907001,0,2,1,1,30
11061002001,0,2,1,1,30
14243054001,0,2,1,1,30
31533003001,0,2,1,1,30
14501926001,0,22,1,1,30
14822026001,0,8,1,1,30
14832037001,0,7,1,1,30
31504009001,0,6,1,1,30
14370017001,0,5,1,1,30
11061032001,0,3,1,1,30
11103317001,0,28,5,5,30
14521012001,0,9,1,1,30
14521085001,0,5,1,1,30
11075013001,0,4,1,1,30
12201022001,0,29,29,29,29
11050077001,0,28,7,7,28
12123009001,0,27,27,27,27
12210003001,0,26,26,26,26
31423898001,0,3,1,1,25
14210024001,0,5,1,1,25
14802001001,0,4,1,1,25
14210017001,0,4,1,1,25
31255005001,0,3,1,1,25
12130086001,0,19,4,4,24
10031026001,0,20,2,2,24
14621013001,0,22,2,2,24
10002916001,0,18,2,2,24
10040056001,0,21,2,2,24
10021040001,0,19,2,2,24
10030001001,0,15,2,2,24
14001076001,0,17,2,2,24
14243129001,0,13,2,2,24
14014026001,0,14,2,2,24
14361114001,0,14,2,2,24
12123897001,0,11,1,1,24
11032024001,0,12,1,1,24
12123029001,0,8,1,1,24
12123075001,0,8,1,1,24
12123066001,0,6,1,1,24
12123147001,0,8,1,1,24
14100020001,0,7,1,1,24
11020002001,0,5,1,1,24
12123898001,0,6,1,1,24
12106006001,0,5,1,1,24
14509010001,0,8,1,1,24
14203089001,0,5,1,1,24
11075003001,0,5,1,1,24
14203016001,0,5,1,1,24
14200021001,0,4,1,1,24
14311044001,0,5,1,1,24
12121059001,0,3,1,1,24
12123110001,0,4,1,1,24
11070016001,0,3,1,1,24
12122005001,0,4,1,1,24
14509005001,0,4,1,1,24
11070002001,0,3,1,1,24
12106013001,0,3,1,1,24
14111028001,0,3,1,1,24
11021030001,0,4,1,1,24
12120060001,0,4,1,1,24
14509028001,0,3,1,1,24
11070014001,0,3,1,1,24
14509013001,0,3,1,1,24
31422002001,0,3,1,1,24
12103101001,0,2,1,1,24
12103125001,0,2,1,1,24
14507045001,0,2,1,1,24
14111090001,0,2,1,1,24
10020010001,0,14,1,1,24
14506204001,0,13,1,1,24
12122002002,0,14,1,1,24
11032014002,0,13,1,1,24
10020101001,0,12,1,1,24
10033033001,0,10,1,1,24
12123016002,0,10,1,1,24
12123020001,0,8,1,1,24
14353025001,0,7,1,1,24
31532098001,0,6,1,1,24
31532099001,0,6,1,1,24
12122014001,0,7,1,1,24
11072012002,0,7,1,1,24
14312070001,0,6,1,1,24
12122023002,0,6,1,1,24
12102080001,0,5,1,1,24
11032036001,0,5,1,1,24
31567004001,0,5,1,1,24
14822010001,0,4,1,1,24
31533038001,0,4,1,1,24
11071034001,0,4,1,1,24
14243007001,0,5,1,1,24
11032035001,0,4,1,1,24
11030031001,0,4,1,1,24
12121037001,0,4,1,1,24
14243016001,0,4,1,1,24
31503003001,0,4,1,1,24
11030020001,0,4,1,1,24
14822009001,0,4,1,1,24
11071033001,0,3,1,1,24
14002046001,0,3,1,1,24
12010054001,0,3,1,1,24
14601015001,0,2,1,1,24
31533309001,0,3,1,1,24
12106019001,0,3,1,1,24
14241003001,0,2,1,1,24
14310015001,0,2,1,1,24
14300057001,0,2,1,1,24
31603018001,0,2,1,1,24
14204073001,0,2,1,1,24
11071021001,0,2,1,1,24
14302072001,0,2,1,1,24
14310028001,0,2,1,1,24
31531047001,0,1,1,1,24
11111033001,0,23,6,6,24
14500012001,0,17,2,2,24
14022167001,0,13,2,2,24
14805059001,0,24,1,1,24
10021023001,0,21,1,1,24
10033048001,0,19,1,1,24
10034002001,0,18,1,1,24
10020094001,0,15,1,1,24
14804008001,0,20,1,1,24
14805018001,0,14,1,1,24
10034043001,0,16,1,1,24
14805002001,0,21,1,1,24
14500017001,0,14,1,1,24
10041057001,0,14,1,1,24
14222048001,0,13,1,1,24
12123073001,0,11,1,1,24
12121091001,0,8,1,1,24
14131024001,0,7,1,1,24
12120088001,0,9,1,1,24
14132153001,0,6,1,1,24
31501009001,0,8,1,1,24
10022015001,0,5,1,1,24
12123128001,0,6,1,1,24
12121028001,0,5,1,1,24
14633896001,0,6,1,1,24
14633897001,0,5,1,1,24
12121048001,0,5,1,1,24
14241023001,0,4,1,1,24
31422011001,0,4,1,1,24
11041017001,0,3,1,1,24
11030032001,0,4,1,1,24
11030066001,0,4,1,1,24
11041002001,0,4,1,1,24
14507042001,0,4,1,1,24
14507047001,0,3,1,1,24
31421035001,0,3,1,1,24
14701008002,0,2,1,1,24
12003161001,0,2,1,1,24
14370048001,0,2,1,1,24
14210015001,0,2,1,1,24
14000135001,0,24,24,24,24
10002919001,0,24,4,4,24
10035011001,0,18,3,3,24
10030020001,0,22,2,2,24
14501938001,0,16,2,2,24
14500081001,0,13,2,2,24
10011007001,0,15,2,2,24
14501029001,0,14,2,2,24
31567025001,0,14,2,2,24
14610009001,0,14,2,2,24
11040031001,0,13,2,2,24
14833035001,0,20,1,1,24
12120038001,0,21,1,1,24
10014106001,0,21,1,1,24
15020925001,0,19,1,1,24
14830012001,0,20,1,1,24
10034015001,0,19,1,1,24
10023038001,0,18,1,1,24
14810030001,0,18,1,1,24
10022020001,0,21,1,1,24
12123080001,0,18,1,1,24
14832056001,0,17,1,1,24
14820015001,0,17,1,1,24
14501007001,0,11,1,1,24
14802011001,0,12,1,1,24
14810018001,0,12,1,1,24
14831018001,0,14,1,1,24
14830020001,0,10,1,1,24
14810025001,0,13,1,1,24
10034040001,0,13,1,1,24
14830048001,0,9,1,1,24
14831027001,0,11,1,1,24
10014037001,0,10,1,1,24
10011028001,0,11,1,1,24
14830043001,0,9,1,1,24
10022024001,0,11,1,1,24
14600030001,0,9,1,1,24
12120015001,0,10,1,1,24
14830017001,0,8,1,1,24
14830037001,0,11,1,1,24
14832013001,0,8,1,1,24
15022022001,0,9,1,1,24
31532100001,0,7,1,1,24
14802005001,0,9,1,1,24
14202018001,0,8,1,1,24
11031912001,0,6,1,1,24
15022019001,0,7,1,1,24
14223023001,0,6,1,1,24
14111018001,0,6,1,1,24
14810022001,0,6,1,1,24
14830063001,0,6,1,1,24
31503001001,0,5,1,1,24
14200092001,0,6,1,1,24
14832909001,0,4,1,1,24
11073006001,0,5,1,1,24
14506042001,0,6,1,1,24
12121038001,0,6,1,1,24
12123056001,0,6,1,1,24
14832008001,0,6,1,1,24
14220086001,0,5,1,1,24
31914003001,0,4,1,1,24
14200086001,0,4,1,1,24
35753007001,0,5,1,1,24
14200090001,0,4,1,1,24
14600912001,0,5,1,1,24
31421011001,0,4,1,1,24
10022915001,0,4,1,1,24
10022916001,0,4,1,1,24
14225056001,0,5,1,1,24
14521168001,0,4,1,1,24
12123127001,0,4,1,1,24
14200085001,0,3,1,1,24
14830013001,0,4,1,1,24
14830049001,0,4,1,1,24
14600020001,0,3,1,1,24
14631043001,0,4,1,1,24
14631047001,0,3,1,1,24
14200088001,0,3,1,1,24
11041028001,0,4,1,1,24
14200089001,0,3,1,1,24
14600032001,0,3,1,1,24
11031914001,0,3,1,1,24
11042015001,0,4,1,1,24
12100069001,0,3,1,1,24
14506033001,0,3,1,1,24
14601073001,0,3,1,1,24
31707014001,0,3,1,1,24
14200096001,0,3,1,1,24
14223030001,0,3,1,1,24
14507083001,0,3,1,1,24
12106043001,0,3,1,1,24
14620012001,0,3,1,1,24
11030095001,0,3,1,1,24
12012043001,0,3,1,1,24
12301009001,0,3,1,1,24
14522059001,0,2,1,1,24
14630056001,0,3,1,1,24
11041026001,0,2,1,1,24
14600022001,0,3,1,1,24
14601063001,0,2,1,1,24
14742018001,0,2,1,1,24
11074059001,0,2,1,1,24
12301004001,0,2,1,1,24
14225045001,0,2,1,1,24
14225052001,0,2,1,1,24
31455002001,0,2,1,1,24
31531022001,0,2,1,1,24
11041025001,0,2,1,1,24
12301024001,0,2,1,1,24
14225041001,0,2,1,1,24
11061054001,0,2,1,1,24
12010213001,0,2,1,1,24
14821001001,0,19,2,2,24
14810023001,0,8,1,1,24
12102048001,0,4,1,1,24
14210010001,0,3,1,1,24
14602063001,0,4,1,1,24
14601051001,0,3,1,1,24
14602022001,0,3,1,1,24
14507085001,0,2,1,1,24
14602060001,0,2,1,1,24
12102026001,0,2,1,1,24
14507087001,0,2,1,1,24
14602058001,0,2,1,1,24
30072062001,0,5,1,1,22
33551902001,0,21,7,7,21
14202001001,0,13,1,1,20
14730001001,0,6,1,1,20
11062025001,0,5,1,1,20
11061070001,0,5,1,1,20
14200130001,0,5,1,1,20
14360026001,0,5,1,1,20
14204899001,0,7,1,1,20
14201022001,0,4,1,1,20
14204005001,0,4,1,1,20
14012103001,0,3,1,1,20
14121130001,0,4,1,1,20
31623904001,0,4,1,1,20
11062026001,0,4,1,1,20
14010195001,0,3,1,1,20
14500059001,0,3,1,1,20
14311119001,0,4,1,1,20
11062023001,0,4,1,1,20
14103051001,0,3,1,1,20
14200129001,0,3,1,1,20
14311054001,0,3,1,1,20
14361022001,0,3,1,1,20
14506013001,0,3,1,1,20
14201049001,0,3,1,1,20
14403104001,0,2,1,1,20
31762017001,0,2,1,1,20
31423896001,0,2,1,1,20
31532060001,0,2,1,1,20
14403103001,0,2,1,1,20
31762022001,0,2,1,1,20
10023103001,0,2,1,1,20
14023307001,0,14,2,2,20
14023044001,0,16,2,2,20
31533037002,0,6,1,1,20
14311003001,0,7,1,1,20
31501901003,0,6,1,1,20
31500022004,0,5,1,1,20
14822025001,0,5,1,1,20
14311113001,0,6,1,1,20
14311065001,0,5,1,1,20
14311172001,0,6,1,1,20
14202034001,0,5,1,1,20
14311032001,0,5,1,1,20
14506645001,0,5,1,1,20
14311051001,0,5,1,1,20
14506038001,0,4,1,1,20
14721944001,0,5,1,1,20
31501901004,0,4,1,1,20
14506397001,0,4,1,1,20
31500030001,0,4,1,1,20
14731905001,0,4,1,1,20
14203058001,0,3,1,1,20
31501904001,0,3,1,1,20
31533037001,0,3,1,1,20
14506646001,0,3,1,1,20
14244031001,0,3,1,1,20
12212057001,0,2,1,1,20
14303034001,0,2,1,1,20
14506411001,0,2,1,1,20
31540007001,0,2,1,1,20
14370029001,0,5,1,1,20
14203059001,0,5,1,1,20
14241004001,0,4,1,1,20
14241032001,0,4,1,1,20
31502032004,0,4,1,1,20
14203002001,0,3,1,1,20
14241002001,0,3,1,1,20
14300002001,0,2,1,1,20
14602034001,0,2,1,1,20
14602036001,0,2,1,1,20
14833045001,0,2,1,1,20
14603009001,0,1,1,1,20
14602037001,0,1,1,1,20
32511049001,0,17,4,4,20
30045077001,0,10,1,1,20
14210108001,0,7,1,1,20
30045077002,0,7,1,1,20
14204025001,0,6,1,1,20
14210132001,0,6,1,1,20
14210056001,0,6,1,1,20
14506315001,0,6,1,1,20
14210081001,0,5,1,1,20
14001136001,0,4,1,1,20
14204118001,0,4,1,1,20
14204150001,0,3,1,1,20
11102003001,0,4,1,1,20
14223005001,0,4,1,1,20
14507076001,0,3,1,1,20
14204051001,0,3,1,1,20
14212013001,0,3,1,1,20
14203068001,0,4,1,1,20
31502037001,0,3,1,1,20
12106020001,0,3,1,1,20
14211052001,0,3,1,1,20
14506298001,0,3,1,1,20
14210058001,0,3,1,1,20
31254001001,0,3,1,1,20
14210027001,0,3,1,1,20
14200001001,0,2,1,1,20
14200002001,0,2,1,1,20
14220085001,0,2,1,1,20
14243017001,0,2,1,1,20
14506081001,0,2,1,1,20
11102004001,0,2,1,1,20
14506011001,0,2,1,1,20
14204151001,0,2,1,1,20
14210050001,0,2,1,1,20
14211038001,0,3,1,1,20
14210068001,0,2,1,1,20
12103075001,0,2,1,1,20
31254009001,0,2,1,1,20
11010007001,0,15,3,3,18
14010097001,0,13,3,3,18
14312113001,0,8,1,1,18
14508016001,0,8,1,1,18
14311081001,0,5,1,1,18
14330999001,0,5,1,1,18
14301023001,0,4,1,1,18
14302017001,0,4,1,1,18
14302018001,0,6,1,1,18
14351007001,0,5,1,1,18
14311084001,0,4,1,1,18
14360042001,0,4,1,1,18
14351033001,0,3,1,1,18
14351024001,0,3,1,1,18
14351041001,0,3,1,1,18
14360007001,0,3,1,1,18
11042020001,0,2,1,1,18
14508903001,0,2,1,1,18
14351017001,0,2,1,1,18
11040045001,0,2,1,1,18
12121072001,0,2,1,1,18
14121179001,0,15,3,3,18
14351034001,0,10,2,2,18
12123024001,0,6,1,1,18
14311236001,0,4,1,1,18
14509027001,0,3,1,1,18
31762009001,0,2,1,1,18
11062006001,0,2,1,1,18
11022031001,0,4,1,1,18
11022034001,0,3,1,1,18
12121085001,0,3,1,1,18
14833075001,0,17,3,3,18
14612075001,0,15,3,3,18
12010074001,0,6,1,1,18
12106044001,0,3,1,1,18
12106067001,0,3,1,1,18
12010026001,0,2,1,1,18
12103093001,0,3,1,1,18
12221003001,0,17,17,17,17
12123901001,0,17,17,17,17
12121034001,0,10,2,2,16
14302005001,0,6,1,1,16
11112040001,0,6,1,1,16
14121132001,0,4,1,1,16
14351055001,0,6,1,1,16
14350006001,0,3,1,1,16
14003010001,0,3,1,1,16
14003008001,0,3,1,1,16
14304028001,0,2,1,1,16
14851007001,0,16,16,16,16
33551004001,0,3,1,1,16
14001001001,0,9,2,2,16
14600007001,0,8,1,1,16
14506340001,0,5,1,1,16
14223247001,0,4,1,1,16
14611001001,0,3,1,1,16
14010284001,0,3,1,1,16
12120044001,0,16,16,16,16
14000078001,0,16,16,16,16
14361017001,0,5,1,1,15
14361025001,0,5,1,1,15
14361096001,0,5,1,1,15
14352059001,0,3,1,1,15
14362900001,0,4,1,1,15
14103049001,0,2,1,1,15
14023005001,0,2,1,1,15
12201109001,0,15,15,15,15
14000008001,0,13,3,3,15
31500014001,0,13,1,1,15
14224003001,0,6,1,1,15
14012012001,0,3,1,1,15
14104139001,0,3,1,1,15
14242010001,0,3,1,1,15
11110060002,0,8,1,1,15
14022027001,0,8,1,1,15
14242004001,0,9,1,1,15
14242007001,0,8,1,1,15
14242105001,0,3,1,1,15
14220132001,0,8,1,1,15
14223295001,0,3,1,1,15
14211028001,0,3,1,1,15
14223296001,0,3,1,1,15
14210026001,0,2,1,1,15
14310016001,0,5,1,1,14
12202009001,0,14,14,14,14
11050057001,0,3,1,1,14
14023202001,0,3,1,1,14
12010035001,0,2,1,1,14
12120082001,0,14,14,14,14
14851034001,0,12,3,3,12
11103058001,0,12,2,2,12
14353036001,0,10,2,2,12
12130016001,0,9,2,2,12
11103220001,0,8,2,2,12
14615038001,0,7,2,2,12
11103046001,0,7,2,2,12
12130004001,0,7,2,2,12
12130001001,0,7,2,2,12
12130085001,0,7,2,2,12
10024003001,0,9,1,1,12
14014013001,0,12,1,1,12
14361036001,0,10,1,1,12
14361007001,0,11,1,1,12
10041050001,0,12,1,1,12
12011056001,0,8,1,1,12
11111004001,0,10,1,1,12
14311020001,0,8,1,1,12
14353010001,0,9,1,1,12
14000055001,0,8,1,1,12
14001103001,0,8,1,1,12
65031011001,0,7,1,1,12
11040046001,0,6,1,1,12
14361027001,0,7,1,1,12
12011334001,0,5,1,1,12
14000220001,0,6,1,1,12
11050031001,0,6,1,1,12
14740006001,0,6,1,1,12
14010102001,0,6,1,1,12
14020961001,0,5,1,1,12
14213092001,0,6,1,1,12
11042011001,0,6,1,1,12
12011065001,0,5,1,1,12
12011354001,0,5,1,1,12
14021015001,0,6,1,1,12
14132156001,0,6,1,1,12
12011144001,0,6,1,1,12
14013022001,0,6,1,1,12
14104200001,0,5,1,1,12
11050131001,0,5,1,1,12
12011427001,0,6,1,1,12
14003053001,0,5,1,1,12
14023294001,0,5,1,1,12
14361161001,0,6,1,1,12
14353013001,0,5,1,1,12
14243128001,0,6,1,1,12
11042005001,0,4,1,1,12
12011005001,0,6,1,1,12
14000322001,0,5,1,1,12
14001011001,0,5,1,1,12
14240006001,0,5,1,1,12
14506141001,0,5,1,1,12
12011206001,0,5,1,1,12
14361158001,0,6,1,1,12
14242164001,0,4,1,1,12
11032028001,0,5,1,1,12
12011169001,0,4,1,1,12
14011021001,0,5,1,1,12
14301108001,0,4,1,1,12
14612059001,0,4,1,1,12
12011189001,0,4,1,1,12
12105001001,0,4,1,1,12
14111023001,0,4,1,1,12
14311059001,0,5,1,1,12
14361061001,0,5,1,1,12
12011426001,0,5,1,1,12
14000131001,0,4,1,1,12
14011016001,0,5,1,1,12
14111021001,0,4,1,1,12
14001089001,0,4,1,1,12
14361159001,0,4,1,1,12
14621048001,0,4,1,1,12
11104006001,0,4,1,1,12
14304009001,0,4,1,1,12
14506372001,0,3,1,1,12
31543028001,0,4,1,1,12
12011109001,0,3,1,1,12
12011136001,0,3,1,1,12
12011252001,0,4,1,1,12
14010033001,0,4,1,1,12
14242081001,0,4,1,1,12
14500028001,0,3,1,1,12
14500029001,0,3,1,1,12
12011150001,0,3,1,1,12
14000102001,0,3,1,1,12
14022166001,0,4,1,1,12
14023019001,0,3,1,1,12
14133902001,0,4,1,1,12
14204090001,0,4,1,1,12
14222044001,0,4,1,1,12
14508898001,0,3,1,1,12
14002039001,0,3,1,1,12
14013007001,0,3,1,1,12
14244092001,0,4,1,1,12
14741003001,0,4,1,1,12
10023114001,0,3,1,1,12
14000067001,0,3,1,1,12
14022069001,0,3,1,1,12
10051034001,0,4,1,1,12
12011172001,0,3,1,1,12
12011268001,0,3,1,1,12
12011275001,0,3,1,1,12
14011007001,0,3,1,1,12
31545005001,0,3,1,1,12
11050102001,0,3,1,1,12
14104080001,0,3,1,1,12
14121117001,0,3,1,1,12
14301020001,0,3,1,1,12
14506124001,0,3,1,1,12
14506130001,0,3,1,1,12
14506173001,0,3,1,1,12
11050002001,0,3,1,1,12
12011108001,0,3,1,1,12
12011165001,0,3,1,1,12
12011367001,0,3,1,1,12
14210035001,0,2,1,1,12
14222217001,0,3,1,1,12
14303024001,0,3,1,1,12
14740037001,0,3,1,1,12
11010116001,0,3,1,1,12
11042017001,0,2,1,1,12
12011251001,0,2,1,1,12
12011383001,0,3,1,1,12
12122053001,0,2,1,1,12
12123067001,0,3,1,1,12
14001079001,0,3,1,1,12
14104136001,0,2,1,1,12
14311270001,0,3,1,1,12
14361014001,0,3,1,1,12
14500031001,0,3,1,1,12
14509007001,0,3,1,1,12
11072034001,0,3,1,1,12
11104013001,0,3,1,1,12
12011490001,0,3,1,1,12
14302080001,0,2,1,1,12
14311134001,0,3,1,1,12
14351038001,0,3,1,1,12
14361109001,0,2,1,1,12
11050031002,0,2,1,1,12
12011068001,0,3,1,1,12
14001149001,0,2,1,1,12
14303036001,0,2,1,1,12
14506112001,0,2,1,1,12
14509015001,0,3,1,1,12
11021006001,0,2,1,1,12
11022012001,0,3,1,1,12
11050103001,0,2,1,1,12
14001080001,0,2,1,1,12
14121056001,0,2,1,1,12
14361102001,0,2,1,1,12
14361115001,0,2,1,1,12
14616033001,0,2,1,1,12
14242170001,0,2,1,1,12
14301030001,0,2,1,1,12
14740017001,0,2,1,1,12
11050022001,0,2,1,1,12
12011484001,0,2,1,1,12
12102082001,0,2,1,1,12
14210084001,0,2,1,1,12
14301018001,0,2,1,1,12
14303058001,0,2,1,1,12
12011374001,0,2,1,1,12
12106039001,0,2,1,1,12
14500011001,0,2,1,1,12
14506131001,0,2,1,1,12
14740050001,0,2,1,1,12
11042001001,0,2,1,1,12
14102365001,0,2,1,1,12
14506076001,0,2,1,1,12
14303060001,0,2,1,1,12
14304013001,0,2,1,1,12
14104088001,0,2,1,1,12
14506393001,0,2,1,1,12
31709974001,0,7,1,1,12
14300046001,0,5,1,1,12
14104193001,0,3,1,1,12
14103070001,0,4,1,1,12
31546020001,0,3,1,1,12
31611044001,0,1,1,1,12
11103135001,0,11,3,3,12
14330019001,0,11,2,2,12
14370054001,0,10,1,1,12
14740038001,0,8,1,1,12
12123014001,0,9,1,1,12
14104097001,0,6,1,1,12
14741017001,0,7,1,1,12
12122034001,0,6,1,1,12
14111050001,0,7,1,1,12
14506190001,0,6,1,1,12
14222005001,0,6,1,1,12
14370007001,0,6,1,1,12
14204053001,0,6,1,1,12
11074005001,0,5,1,1,12
14022107001,0,6,1,1,12
14361120001,0,5,1,1,12
14505047001,0,6,1,1,12
14330039001,0,5,1,1,12
14507029001,0,5,1,1,12
12011409001,0,5,1,1,12
12123107001,0,6,1,1,12
14001097001,0,5,1,1,12
12000317001,0,5,1,1,12
14010221001,0,5,1,1,12
14311046001,0,6,1,1,12
14011065001,0,5,1,1,12
14222107001,0,5,1,1,12
14353052001,0,4,1,1,12
14506062001,0,5,1,1,12
14010048001,0,4,1,1,12
14506045001,0,4,1,1,12
14204052001,0,5,1,1,12
14361055001,0,4,1,1,12
11032222002,0,5,1,1,12
14010047001,0,4,1,1,12
14353045001,0,3,1,1,12
11032018002,0,4,1,1,12
12011347001,0,4,1,1,12
14111120001,0,4,1,1,12
14210085001,0,4,1,1,12
14352069001,0,4,1,1,12
12105049001,0,3,1,1,12
14000005001,0,4,1,1,12
14120014001,0,4,1,1,12
14501944001,0,3,1,1,12
12010209001,0,3,1,1,12
14353017001,0,4,1,1,12
14361137001,0,3,1,1,12
14512013001,0,3,1,1,12
14741014001,0,4,1,1,12
12011263001,0,4,1,1,12
14001096001,0,3,1,1,12
14104073001,0,4,1,1,12
14204028001,0,4,1,1,12
11104005001,0,3,1,1,12
14361146001,0,3,1,1,12
14506053001,0,3,1,1,12
11074018001,0,3,1,1,12
12000223001,0,3,1,1,12
12011058001,0,3,1,1,12
12125006001,0,3,1,1,12
14000210001,0,3,1,1,12
14000072001,0,3,1,1,12
14332013001,0,3,1,1,12
12011084001,0,3,1,1,12
12011294001,0,3,1,1,12
14000098001,0,3,1,1,12
14303897001,0,4,1,1,12
14361002001,0,3,1,1,12
14361008001,0,3,1,1,12
14361899001,0,3,1,1,12
12011244001,0,2,1,1,12
12011348001,0,3,1,1,12
14506046001,0,3,1,1,12
11032018001,0,3,1,1,12
12000089001,0,2,1,1,12
12000182001,0,2,1,1,12
14361081001,0,3,1,1,12
14504042001,0,3,1,1,12
12011176001,0,3,1,1,12
14361004001,0,3,1,1,12
14361118001,0,2,1,1,12
14740061001,0,3,1,1,12
11051049001,0,2,1,1,12
14010235001,0,3,1,1,12
14302043001,0,2,1,1,12
14303898001,0,2,1,1,12
14331037001,0,2,1,1,12
31568011001,0,3,1,1,12
11032222001,0,2,1,1,12
14120008001,0,2,1,1,12
14330014001,0,3,1,1,12
14361034001,0,2,1,1,12
14501943001,0,2,1,1,12
12000340001,0,2,1,1,12
14000036001,0,2,1,1,12
14210021001,0,2,1,1,12
14222049001,0,2,1,1,12
14506360001,0,2,1,1,12
12011102001,0,2,1,1,12
14352058001,0,2,1,1,12
14361177001,0,2,1,1,12
14361178001,0,2,1,1,12
14730010001,0,2,1,1,12
31553006001,0,2,1,1,12
11072903001,0,2,1,1,12
12000058001,0,2,1,1,12
14111012001,0,2,1,1,12
14361053001,0,2,1,1,12
14601028001,0,2,1,1,12
31912024001,0,2,1,1,12
12011094001,0,2,1,1,12
14223065001,0,2,1,1,12
14303021001,0,2,1,1,12
14352093001,0,2,1,1,12
14506348001,0,2,1,1,12
12011304001,0,2,1,1,12
12011308001,0,1,1,1,12
12011351001,0,1,1,1,12
11111050001,0,10,4,4,12
11111005001,0,10,2,2,12
11101038001,0,9,2,2,12
32501100001,0,12,1,1,12
14633900001,0,10,1,1,12
14001039001,0,8,1,1,12
14013014001,0,8,1,1,12
14000117001,0,6,1,1,12
14361148001,0,10,1,1,12
11071902001,0,7,1,1,12
14300032001,0,8,1,1,12
11050059001,0,6,1,1,12
12010013001,0,6,1,1,12
14312005001,0,6,1,1,12
11021029001,0,5,1,1,12
31530107001,0,6,1,1,12
12212025001,0,5,1,1,12
14210048001,0,7,1,1,12
14833040001,0,5,1,1,12
14361083001,0,5,1,1,12
11022036001,0,6,1,1,12
31564007001,0,5,1,1,12
11050032001,0,6,1,1,12
12150016001,0,4,1,1,12
14110146001,0,4,1,1,12
14132149001,0,4,1,1,12
14361149001,0,4,1,1,12
14502045001,0,4,1,1,12
14700075001,0,5,1,1,12
14351032001,0,4,1,1,12
14304194001,0,4,1,1,12
11032228001,0,5,1,1,12
14121039001,0,3,1,1,12
14503047001,0,4,1,1,12
12121109001,0,4,1,1,12
14210046001,0,3,1,1,12
12000108001,0,3,1,1,12
12000045001,0,3,1,1,12
12151015001,0,3,1,1,12
12010019001,0,3,1,1,12
14111098001,0,3,1,1,12
14721003001,0,3,1,1,12
12010071001,0,4,1,1,12
14110145001,0,3,1,1,12
14132230001,0,3,1,1,12
31912019001,0,3,1,1,12
14361086001,0,3,1,1,12
14601027001,0,3,1,1,12
14833077001,0,3,1,1,12
31623006001,0,4,1,1,12
11022024001,0,3,1,1,12
11051007001,0,3,1,1,12
12000170001,0,3,1,1,12
14111102001,0,3,1,1,12
11032015001,0,3,1,1,12
14111100001,0,3,1,1,12
12102116001,0,3,1,1,12
12105011001,0,3,1,1,12
12105053001,0,3,1,1,12
31530108001,0,3,1,1,12
12000214001,0,2,1,1,12
12002052001,0,2,1,1,12
12011230001,0,2,1,1,12
14132150001,0,2,1,1,12
14133907001,0,2,1,1,12
14303033001,0,3,1,1,12
12000351001,0,2,1,1,12
12011062001,0,2,1,1,12
12102059001,0,2,1,1,12
14111045001,0,2,1,1,12
14302002001,0,2,1,1,12
11022063001,0,2,1,1,12
12011221001,0,2,1,1,12
11022024002,0,2,1,1,12
12000028001,0,2,1,1,12
12000122001,0,2,1,1,12
12000208001,0,2,1,1,12
12001041001,0,2,1,1,12
14740074001,0,2,1,1,12
11041030001,0,2,1,1,12
12011291001,0,2,1,1,12
14303040001,0,2,1,1,12
14833037001,0,2,1,1,12
12010118001,0,2,1,1,12
14000080001,0,2,1,1,12
14304230001,0,2,1,1,12
14361902001,0,2,1,1,12
11022035001,0,2,1,1,12
14304135001,0,2,1,1,12
12011264001,0,1,1,1,12
14303039001,0,1,1,1,12
12202008001,0,12,12,12,12
12212019001,0,10,4,4,12
14244999001,0,10,2,2,12
14620060001,0,11,2,2,12
14310025001,0,9,2,2,12
14610008001,0,10,2,2,12
10022014001,0,7,2,2,12
11103005001,0,7,2,2,12
14612021001,0,7,2,2,12
14615079001,0,7,2,2,12
14616009001,0,12,1,1,12
12212059001,0,11,1,1,12
12212006001,0,10,1,1,12
14621005001,0,10,1,1,12
35301005001,0,9,1,1,12
14620091001,0,10,1,1,12
11040001001,0,9,1,1,12
14244929001,0,8,1,1,12
14244919001,0,7,1,1,12
12123079001,0,8,1,1,12
31567019001,0,7,1,1,12
14833058001,0,7,1,1,12
11050098001,0,10,1,1,12
14502008001,0,8,1,1,12
14620163001,0,8,1,1,12
14243041001,0,8,1,1,12
12120007001,0,6,1,1,12
11071009001,0,7,1,1,12
14821006001,0,6,1,1,12
12123050001,0,7,1,1,12
12005093001,0,6,1,1,12
14202041001,0,7,1,1,12
14243026001,0,8,1,1,12
14621038001,0,6,1,1,12
14741039001,0,7,1,1,12
31567032001,0,7,1,1,12
12005093004,0,8,1,1,12
14620001001,0,7,1,1,12
14833036001,0,7,1,1,12
14111005001,0,6,1,1,12
14312055001,0,7,1,1,12
12011364001,0,7,1,1,12
12122009001,0,8,1,1,12
11040001002,0,6,1,1,12
14620084001,0,7,1,1,12
12011003001,0,7,1,1,12
14243036001,0,6,1,1,12
14523031001,0,6,1,1,12
11050895001,0,6,1,1,12
12023025001,0,6,1,1,12
14222999001,0,6,1,1,12
14243150001,0,6,1,1,12
10023003001,0,6,1,1,12
11050005001,0,5,1,1,12
14501941001,0,5,1,1,12
12011299001,0,5,1,1,12
14104109001,0,5,1,1,12
14210034001,0,6,1,1,12
14621095001,0,5,1,1,12
12011022001,0,5,1,1,12
14244906001,0,5,1,1,12
14620070001,0,6,1,1,12
14620158001,0,6,1,1,12
12005093007,0,6,1,1,12
12102016001,0,6,1,1,12
14010140001,0,5,1,1,12
12150009001,0,5,1,1,12
14204135001,0,6,1,1,12
14204136001,0,4,1,1,12
14621070001,0,4,1,1,12
14700029001,0,5,1,1,12
14820031001,0,5,1,1,12
14822050001,0,5,1,1,12
14833002001,0,4,1,1,12
10041020001,0,5,1,1,12
12120039001,0,4,1,1,12
14002040001,0,4,1,1,12
14500066001,0,4,1,1,12
12011163001,0,5,1,1,12
14202040001,0,4,1,1,12
14612005001,0,4,1,1,12
10052019001,0,5,1,1,12
11022003002,0,4,1,1,12
14002038001,0,4,1,1,12
14242144001,0,4,1,1,12
14312018001,0,5,1,1,12
14615114001,0,5,1,1,12
14620103001,0,5,1,1,12
14620902001,0,4,1,1,12
14740036001,0,5,1,1,12
14822965001,0,4,1,1,12
11074020001,0,4,1,1,12
14620024001,0,4,1,1,12
12122030001,0,4,1,1,12
14621004001,0,5,1,1,12
12011215001,0,4,1,1,12
14315004001,0,4,1,1,12
14523028001,0,4,1,1,12
11040040001,0,4,1,1,12
12005093008,0,4,1,1,12
12023331001,0,4,1,1,12
14120060001,0,4,1,1,12
14222089001,0,3,1,1,12
14242145001,0,4,1,1,12
14621058001,0,4,1,1,12
11111020001,0,3,1,1,12
12000016001,0,3,1,1,12
14244025001,0,4,1,1,12
14621003001,0,4,1,1,12
14700007001,0,4,1,1,12
14822021001,0,4,1,1,12
31568016001,0,3,1,1,12
11040008001,0,4,1,1,12
11050087001,0,4,1,1,12
11075001001,0,4,1,1,12
12000197001,0,4,1,1,12
12011148001,0,3,1,1,12
12120018001,0,4,1,1,12
14242150001,0,4,1,1,12
14243010001,0,4,1,1,12
14244073001,0,4,1,1,12
14503999001,0,3,1,1,12
14631028001,0,4,1,1,12
11031050001,0,4,1,1,12
11032003002,0,3,1,1,12
11042007001,0,3,1,1,12
14223073001,0,3,1,1,12
31568028001,0,3,1,1,12
11030029001,0,4,1,1,12
11040003001,0,4,1,1,12
11040018001,0,4,1,1,12
11050101001,0,3,1,1,12
12001026001,0,3,1,1,12
12002006001,0,3,1,1,12
12005093005,0,3,1,1,12
12010163001,0,3,1,1,12
14002026001,0,4,1,1,12
14223119001,0,3,1,1,12
14612035001,0,4,1,1,12
14616018001,0,3,1,1,12
14620092001,0,4,1,1,12
14822038001,0,4,1,1,12
11022001001,0,3,1,1,12
11030018001,0,3,1,1,12
11030177001,0,4,1,1,12
11032003001,0,3,1,1,12
14822023001,0,3,1,1,12
14833084001,0,3,1,1,12
11071018001,0,3,1,1,12
11074031001,0,3,1,1,12
12105006001,0,3,1,1,12
14523030001,0,3,1,1,12
10052024001,0,4,1,1,12
11022003001,0,3,1,1,12
12000067001,0,3,1,1,12
14304187001,0,3,1,1,12
14342025001,0,3,1,1,12
14370045001,0,3,1,1,12
14505039001,0,3,1,1,12
14621009001,0,3,1,1,12
31568012001,0,3,1,1,12
11042023001,0,3,1,1,12
11074007001,0,3,1,1,12
12000230001,0,3,1,1,12
12011069001,0,3,1,1,12
12011235001,0,3,1,1,12
12123038001,0,3,1,1,12
12153015001,0,3,1,1,12
14342008001,0,3,1,1,12
14621033001,0,3,1,1,12
14631037001,0,2,1,1,12
14822925001,0,3,1,1,12
31533096001,0,3,1,1,12
10052015001,0,3,1,1,12
11021068001,0,3,1,1,12
11022059001,0,3,1,1,12
11031907001,0,2,1,1,12
11041007001,0,2,1,1,12
11072008001,0,3,1,1,12
12000246001,0,2,1,1,12
12001008001,0,3,1,1,12
14210009001,0,2,1,1,12
14244018001,0,2,1,1,12
11021036001,0,3,1,1,12
11021063001,0,3,1,1,12
12011147001,0,2,1,1,12
14223083001,0,2,1,1,12
14505053001,0,2,1,1,12
14523029001,0,2,1,1,12
14615053001,0,3,1,1,12
14620149001,0,2,1,1,12
14620920001,0,3,1,1,12
14632022001,0,2,1,1,12
14632352001,0,2,1,1,12
14822017001,0,2,1,1,12
14822018001,0,3,1,1,12
31530011001,0,3,1,1,12
11020012001,0,3,1,1,12
11040056001,0,3,1,1,12
12000186001,0,3,1,1,12
12000438001,0,3,1,1,12
12011398001,0,2,1,1,12
12212040001,0,2,1,1,12
14011063001,0,2,1,1,12
14103084001,0,2,1,1,12
14243148001,0,3,1,1,12
14632103001,0,3,1,1,12
14822926001,0,3,1,1,12
11102007001,0,2,1,1,12
12000026001,0,2,1,1,12
12010113001,0,2,1,1,12
12151096001,0,2,1,1,12
14243149001,0,2,1,1,12
14244051001,0,2,1,1,12
14506230001,0,2,1,1,12
14631929001,0,2,1,1,12
14821011001,0,2,1,1,12
14822020001,0,2,1,1,12
14833005001,0,2,1,1,12
31564005001,0,2,1,1,12
11031913001,0,2,1,1,12
11041005001,0,2,1,1,12
11041007003,0,2,1,1,12
11050053001,0,2,1,1,12
11071002001,0,2,1,1,12
12000375001,0,2,1,1,12
12212056001,0,2,1,1,12
14204003001,0,2,1,1,12
14222104001,0,2,1,1,12
14370077001,0,2,1,1,12
11020013001,0,2,1,1,12
11050049001,0,2,1,1,12
12000097001,0,2,1,1,12
12000264001,0,2,1,1,12
12002066001,0,2,1,1,12
12012169001,0,2,1,1,12
12212020001,0,2,1,1,12
14210113001,0,2,1,1,12
14342010001,0,2,1,1,12
14343026001,0,2,1,1,12
11042002001,0,2,1,1,12
11050129001,0,2,1,1,12
12000041001,0,2,1,1,12
12000374001,0,2,1,1,12
12001019001,0,2,1,1,12
12001043001,0,2,1,1,12
12151095001,0,2,1,1,12
14300019001,0,2,1,1,12
14621012001,0,2,1,1,12
12000397001,0,2,1,1,12
12010173001,0,2,1,1,12
14210029001,0,2,1,1,12
14243108001,0,2,1,1,12
14342007001,0,2,1,1,12
14621065001,0,2,1,1,12
14632044001,0,2,1,1,12
14741009001,0,2,1,1,12
14833021001,0,2,1,1,12
11021023001,0,1,1,1,12
11021064001,0,2,1,1,12
11030180001,0,2,1,1,12
14304062001,0,2,1,1,12
14344005001,0,2,1,1,12
14360001001,0,2,1,1,12
14632080001,0,2,1,1,12
14632482001,0,2,1,1,12
12000003001,0,1,1,1,12
12000320001,0,1,1,1,12
12002103001,0,1,1,1,12
12121016001,0,12,12,12,12
12123008001,0,12,12,12,12
12123903001,0,12,12,12,12
12130032001,0,12,12,12,12
14615101001,0,8,1,1,12
11023010001,0,9,1,1,12
14820009001,0,9,1,1,12
31603002001,0,9,1,1,12
14820023001,0,8,1,1,12
14632030001,0,9,1,1,12
12020344001,0,7,1,1,12
11071916001,0,6,1,1,12
14621034001,0,8,1,1,12
14620133001,0,8,1,1,12
12125007001,0,6,1,1,12
12010120001,0,5,1,1,12
30045057001,0,6,1,1,12
11051025001,0,5,1,1,12
12121061001,0,5,1,1,12
14312015001,0,6,1,1,12
11071004001,0,7,1,1,12
12212024001,0,4,1,1,12
12020225001,0,5,1,1,12
14833060001,0,4,1,1,12
14840021001,0,5,1,1,12
11073907001,0,4,1,1,12
12010192001,0,4,1,1,12
14634027001,0,4,1,1,12
12020141001,0,4,1,1,12
14600899001,0,4,1,1,12
12020028001,0,4,1,1,12
12122018001,0,4,1,1,12
14631064001,0,4,1,1,12
14741010001,0,4,1,1,12
14620111001,0,4,1,1,12
14621051001,0,3,1,1,12
14711014001,0,5,1,1,12
12020093001,0,4,1,1,12
14602062001,0,4,1,1,12
14822062001,0,3,1,1,12
12003028001,0,3,1,1,12
12125001001,0,3,1,1,12
14621078001,0,4,1,1,12
12020035001,0,3,1,1,12
12112003001,0,3,1,1,12
14312027001,0,3,1,1,12
14615013001,0,3,1,1,12
14615052001,0,3,1,1,12
14632009001,0,3,1,1,12
11042009001,0,3,1,1,12
14312029001,0,3,1,1,12
11051022001,0,3,1,1,12
12020383001,0,3,1,1,12
14613018001,0,3,1,1,12
14820035001,0,3,1,1,12
12102112001,0,3,1,1,12
12125004001,0,3,1,1,12
12000085001,0,3,1,1,12
12102105001,0,3,1,1,12
12112018001,0,2,1,1,12
12102087001,0,2,1,1,12
12103004001,0,2,1,1,12
14110078001,0,2,1,1,12
12010053001,0,3,1,1,12
12110022001,0,2,1,1,12
14822115001,0,3,1,1,12
14312014001,0,3,1,1,12
11073025001,0,2,1,1,12
12020060001,0,2,1,1,12
12100049001,0,2,1,1,12
14204100001,0,2,1,1,12
14620083001,0,2,1,1,12
14620112001,0,2,1,1,12
14631948001,0,2,1,1,12
31530048001,0,2,1,1,12
11031035001,0,2,1,1,12
11042027001,0,2,1,1,12
14304089001,0,2,1,1,12
14833033001,0,2,1,1,12
12020117001,0,2,1,1,12
12020314001,0,2,1,1,12
12100051001,0,2,1,1,12
12111030001,0,2,1,1,12
14341068001,0,2,1,1,12
14631023001,0,2,1,1,12
14632435001,0,2,1,1,12
31530049001,0,2,1,1,12
11042006001,0,2,1,1,12
11076896001,0,2,1,1,12
12020500001,0,2,1,1,12
12112017001,0,2,1,1,12
11031041001,0,2,1,1,12
14633046001,0,2,1,1,12
14833079001,0,1,1,1,12
31607015001,0,2,1,1,12
14633108001,0,1,1,1,12
14110053001,0,10,1,1,10
31236027001,0,8,1,1,10
14100002001,0,9,1,1,10
14352080001,0,7,1,1,10
14001050001,0,7,1,1,10
14001027001,0,6,1,1,10
14111063001,0,5,1,1,10
14202027001,0,5,1,1,10
14242072001,0,5,1,1,10
14350001001,0,6,1,1,10
14001029001,0,4,1,1,10
14001055001,0,4,1,1,10
31611047001,0,3,1,1,10
14111044001,0,3,1,1,10
14850197001,0,3,1,1,10
14244012001,0,2,1,1,10
14001065001,0,2,1,1,10
14352999001,0,2,1,1,10
14010219001,0,9,1,1,10
14104030001,0,8,1,1,10
14102007001,0,5,1,1,10
14221113001,0,7,1,1,10
14010285001,0,4,1,1,10
14315008001,0,4,1,1,10
31504002001,0,5,1,1,10
14310020001,0,4,1,1,10
14220146001,0,3,1,1,10
14012002001,0,2,1,1,10
14243028001,0,2,1,1,10
14243088001,0,2,1,1,10
14244046001,0,2,1,1,10
10040028001,0,9,5,5,10
14102067001,0,6,1,1,10
14111041001,0,6,1,1,10
14010226001,0,6,1,1,10
14312032001,0,6,1,1,10
14120024001,0,4,1,1,10
14200060001,0,5,1,1,10
14510026001,0,3,1,1,10
14010224001,0,3,1,1,10
14222141001,0,3,1,1,10
14200070001,0,3,1,1,10
14350007001,0,2,1,1,10
14200033001,0,8,1,1,10
14204133001,0,8,1,1,10
14242156001,0,7,1,1,10
14241033001,0,6,1,1,10
14242154001,0,4,1,1,10
14244009001,0,5,1,1,10
14104005001,0,5,1,1,10
14131044001,0,4,1,1,10
14242083001,0,4,1,1,10
11041019001,0,5,1,1,10
11110078003,0,3,1,1,10
14200019001,0,3,1,1,10
14243013001,0,4,1,1,10
14242008001,0,3,1,1,10
14012025001,0,3,1,1,10
14200017001,0,3,1,1,10
14200014001,0,2,1,1,10
14203053001,0,2,1,1,10
11041019002,0,3,1,1,10
14240014001,0,3,1,1,10
11050078001,0,2,1,1,10
11110078001,0,2,1,1,10
11050078002,0,2,1,1,10
14352079001,0,2,1,1,10
10012009001,0,2,1,1,10
30071043001,0,2,1,1,10
11110078002,0,2,1,1,10
12212007001,0,10,10,10,10
12124001001,0,10,10,10,10
11074048001,0,6,1,1,10
32410009001,0,5,1,1,10
32410035001,0,5,1,1,10
14222011001,0,5,1,1,10
11110078004,0,3,1,1,10
14223096001,0,3,1,1,10
14242016001,0,2,1,1,10
14603038001,0,3,1,1,10
11110078005,0,2,1,1,10
14603026001,0,2,1,1,10
12102154001,0,2,1,1,10
11074046001,0,1,1,1,10
14243055001,0,1,1,1,10
41522003001,0,9,9,9,9
14632058001,0,4,1,1,9
14105026001,0,7,1,1,9
11103284001,0,3,1,1,9
11021052001,0,3,1,1,9
11103164001,0,3,1,1,9
12003042001,0,2,1,1,9
11103280001,0,2,1,1,9
12003098001,0,2,1,1,9
12011442001,0,2,1,1,9
11103304001,0,2,1,1,9
11103080001,0,8,2,2,8
11103023001,0,6,2,2,8
11100011001,0,6,2,2,8
11103088001,0,6,2,2,8
11100014001,0,6,2,2,8
14353037001,0,7,1,1,8
14204105001,0,6,1,1,8
14010161001,0,5,1,1,8
14023253001,0,5,1,1,8
14506400001,0,4,1,1,8
14020935001,0,3,1,1,8
14020956001,0,4,1,1,8
14010160001,0,4,1,1,8
14506014001,0,4,1,1,8
14506145001,0,4,1,1,8
11103254001,0,3,1,1,8
14506631001,0,2,1,1,8
14204060001,0,3,1,1,8
14506074001,0,3,1,1,8
12123055001,0,3,1,1,8
14242135001,0,2,1,1,8
14505035001,0,2,1,1,8
14370006001,0,8,2,2,8
11040026001,0,6,2,2,8
14850099001,0,6,2,2,8
14850098001,0,6,2,2,8
14000092001,0,4,1,1,8
14330020001,0,3,1,1,8
14244034001,0,2,1,1,8
14512015001,0,2,1,1,8
11050039001,0,5,2,2,8
10034006001,0,5,1,1,8
12123005001,0,5,1,1,8
14110028001,0,4,1,1,8
14504062001,0,3,1,1,8
31912036001,0,3,1,1,8
12212060001,0,2,1,1,8
15020913001,0,6,1,1,8
11050047001,0,5,1,1,8
10034049001,0,5,1,1,8
14000106001,0,4,1,1,8
14352028001,0,3,1,1,8
14210110001,0,3,1,1,8
14506111001,0,2,1,1,8
12120081001,0,2,1,1,8
12120093001,0,8,8,8,8
11103158001,0,8,8,8,8
12123902001,0,8,8,8,8
12121036001,0,8,8,8,8
14810031001,0,4,1,1,8
12010068001,0,3,1,1,8
12010084001,0,3,1,1,8
12010077001,0,3,1,1,8
12010065001,0,2,1,1,8
12010067001,0,2,1,1,8
12010055001,0,2,1,1,8
12105063001,0,2,1,1,8
12327057001,0,7,7,7,7
14510196001,0,7,7,7,7
14510180001,0,7,7,7,7
14352098001,0,3,1,1,7
14000051001,0,7,7,7,7
12121065001,0,7,7,7,7
12123143001,0,7,7,7,7
41301008001,0,6,3,3,6
12232999001,0,6,2,2,6
11103237001,0,5,2,2,6
11103270002,0,6,1,1,6
11103046002,0,6,1,1,6
11103116001,0,6,1,1,6
11103018001,0,6,1,1,6
11111022001,0,6,1,1,6
11103069001,0,5,1,1,6
11111010001,0,5,1,1,6
11103270003,0,6,1,1,6
11010043001,0,5,1,1,6
11103083001,0,5,1,1,6
11103156001,0,5,1,1,6
14020949001,0,6,1,1,6
11110066001,0,4,1,1,6
11111014001,0,5,1,1,6
11103084001,0,5,1,1,6
11110013001,0,4,1,1,6
11103047001,0,4,1,1,6
12130042001,0,5,1,1,6
11103195001,0,4,1,1,6
11110029001,0,4,1,1,6
14022060001,0,3,1,1,6
11103074001,0,4,1,1,6
11110018001,0,3,1,1,6
14610007001,0,3,1,1,6
14616022001,0,3,1,1,6
11010115001,0,3,1,1,6
12000101001,0,4,1,1,6
12105067001,0,3,1,1,6
14615048001,0,4,1,1,6
11050003001,0,3,1,1,6
12105066001,0,3,1,1,6
14616021001,0,3,1,1,6
11010025001,0,3,1,1,6
14611015001,0,3,1,1,6
11010027001,0,3,1,1,6
14613004001,0,3,1,1,6
14615011001,0,3,1,1,6
11010013001,0,3,1,1,6
11010112001,0,3,1,1,6
11103018002,0,3,1,1,6
11103132001,0,3,1,1,6
14022059001,0,3,1,1,6
14204004001,0,3,1,1,6
11010013002,0,2,1,1,6
11010040001,0,3,1,1,6
14615036001,0,3,1,1,6
11103200001,0,2,1,1,6
12105043002,0,2,1,1,6
14315015001,0,2,1,1,6
11110028001,0,2,1,1,6
11104001001,0,2,1,1,6
12105068001,0,2,1,1,6
11112004001,0,2,1,1,6
12327062001,0,2,1,1,6
12327026001,0,2,1,1,6
11010058001,0,1,1,1,6
14330898001,0,4,1,1,6
31545011001,0,2,1,1,6
11050123001,0,5,2,2,6
14332008001,0,6,1,1,6
14511005001,0,6,1,1,6
14512899001,0,5,1,1,6
12011237001,0,5,1,1,6
14332014001,0,5,1,1,6
14510014001,0,5,1,1,6
14331004001,0,4,1,1,6
14506211001,0,4,1,1,6
10014214001,0,4,1,1,6
14330042001,0,3,1,1,6
14512916001,0,4,1,1,6
14111017001,0,3,1,1,6
14332002001,0,4,1,1,6
11050040001,0,3,1,1,6
14330004001,0,3,1,1,6
12011238001,0,3,1,1,6
14310109001,0,3,1,1,6
14332007001,0,3,1,1,6
14331026001,0,3,1,1,6
14331039001,0,2,1,1,6
10023110001,0,3,1,1,6
14330899001,0,2,1,1,6
14331005001,0,2,1,1,6
14331007001,0,2,1,1,6
14331997001,0,2,1,1,6
14411001001,0,2,1,1,6
11021013001,0,4,2,2,6
11101039001,0,5,1,1,6
11010023001,0,5,1,1,6
11010022001,0,4,1,1,6
11010020001,0,3,1,1,6
14506041001,0,2,1,1,6
14502068001,0,2,1,1,6
14504076001,0,2,1,1,6
10023017001,0,2,1,1,6
14244005001,0,2,1,1,6
14510058001,0,6,6,6,6
14510147001,0,6,6,6,6
14511026001,0,6,6,6,6
14511001001,0,6,6,6,6
11103270001,0,6,1,1,6
11103054001,0,6,1,1,6
11103027001,0,6,1,1,6
11110090001,0,6,1,1,6
11110095001,0,5,1,1,6
11110082001,0,5,1,1,6
14611899001,0,5,1,1,6
14613918001,0,5,1,1,6
12011199001,0,3,1,1,6
14227002001,0,4,1,1,6
14611901001,0,4,1,1,6
11103111001,0,4,1,1,6
11103279001,0,4,1,1,6
11103272001,0,4,1,1,6
14612015001,0,3,1,1,6
11103054002,0,4,1,1,6
14613899001,0,3,1,1,6
14620107001,0,3,1,1,6
10023061001,0,3,1,1,6
12011349001,0,3,1,1,6
11010021001,0,3,1,1,6
14620922001,0,2,1,1,6
14615030001,0,3,1,1,6
11103062001,0,3,1,1,6
12000112001,0,2,1,1,6
12011210001,0,3,1,1,6
65106084001,0,3,1,1,6
12011042001,0,2,1,1,6
14303035001,0,3,1,1,6
14342031001,0,3,1,1,6
11010060001,0,2,1,1,6
14612044001,0,2,1,1,6
10023083001,0,2,1,1,6
11103118001,0,2,1,1,6
14311040001,0,2,1,1,6
14506048001,0,2,1,1,6
12000220001,0,2,1,1,6
14615044001,0,2,1,1,6
14710007001,0,2,1,1,6
11103043001,0,2,1,1,6
12112025001,0,2,1,1,6
14614001001,0,2,1,1,6
11103283001,0,2,1,1,6
14600999001,0,2,1,1,6
14615897001,0,1,1,1,6
12001077001,0,1,1,1,6
12201086001,0,6,6,6,6
12123062001,0,6,6,6,6
14313019001,0,6,6,6,6
12105034001,0,6,2,2,6
12105045001,0,5,2,2,6
14312045001,0,6,1,1,6
14612012001,0,6,1,1,6
14243034001,0,6,1,1,6
14243133001,0,4,1,1,6
14602026001,0,4,1,1,6
14243020001,0,3,1,1,6
12001109001,0,3,1,1,6
12000081001,0,4,1,1,6
12000124001,0,3,1,1,6
14312056001,0,4,1,1,6
14602107001,0,3,1,1,6
14632059001,0,4,1,1,6
12011473001,0,3,1,1,6
12020324001,0,4,1,1,6
12000125001,0,2,1,1,6
12000129001,0,2,1,1,6
12001004001,0,3,1,1,6
14342028001,0,3,1,1,6
14602011001,0,3,1,1,6
14343028001,0,3,1,1,6
12001108001,0,2,1,1,6
12001112001,0,3,1,1,6
14604047001,0,2,1,1,6
11110079001,0,2,1,1,6
31531169001,0,2,1,1,6
32400180001,0,3,1,1,6
14632067001,0,2,1,1,6
12002100001,0,2,1,1,6
12002107001,0,2,1,1,6
12011018001,0,2,1,1,6
14604037001,0,2,1,1,6
12000169001,0,2,1,1,6
12002106001,0,2,1,1,6
14602049001,0,2,1,1,6
14721018001,0,2,1,1,6
31709946001,0,2,1,1,6
12002125001,0,2,1,1,6
12105021001,0,2,1,1,6
14602055001,0,2,1,1,6
12000496001,0,2,1,1,6
12002114001,0,2,1,1,6
12105058001,0,2,1,1,6
14602029001,0,2,1,1,6
14602044001,0,2,1,1,6
11110079005,0,2,1,1,6
12001023001,0,1,1,1,6
12002005001,0,2,1,1,6
12002035001,0,1,1,1,6
12105059001,0,1,1,1,6
12105070001,0,2,1,1,6
14604041001,0,1,1,1,6
14612925001,0,2,1,1,6
14850124001,0,5,5,5,5
14850040001,0,5,5,5,5
10023005001,0,4,1,1,5
14510030001,0,5,5,5,5
14510118001,0,5,5,5,5
14511080001,0,5,5,5,5
12221001001,0,5,5,5,5
14510145001,0,5,5,5,5
12220006001,0,5,5,5,5
32511048001,0,5,1,1,5
14102025001,0,3,1,1,5
11050081001,0,5,5,5,5
12120033001,0,5,5,5,5
12121082001,0,5,5,5,5
12123129001,0,5,5,5,5
12123135001,0,5,5,5,5
11050093001,0,5,5,5,5
14100005001,0,4,1,1,5
11100112001,0,4,4,4,4
41300016002,0,4,2,2,4
11103303001,0,4,2,2,4
41300016001,0,4,2,2,4
11111007001,0,4,1,1,4
12130031001,0,4,1,1,4
33550938001,0,4,1,1,4
11051044001,0,4,1,1,4
11100018001,0,4,1,1,4
31414020001,0,4,1,1,4
11100017001,0,4,1,1,4
11100010001,0,4,1,1,4
11110091001,0,4,1,1,4
11111030001,0,4,1,1,4
11111012001,0,3,1,1,4
11100015001,0,3,1,1,4
11100019001,0,3,1,1,4
11100003001,0,4,1,1,4
12130035001,0,3,1,1,4
11110094001,0,2,1,1,4
11100012001,0,3,1,1,4
11103265001,0,3,1,1,4
11110083001,0,3,1,1,4
11100108001,0,3,1,1,4
11110014002,0,2,1,1,4
14615061001,0,2,1,1,4
11110088002,0,2,1,1,4
11110086001,0,2,1,1,4
11110092001,0,2,1,1,4
11110084001,0,2,1,1,4
11100021001,0,2,1,1,4
41310021001,0,1,1,1,4
31822064001,0,4,4,4,4
10023051001,0,3,1,1,4
12212027001,0,4,4,4,4
10023002001,0,4,1,1,4
10023892001,0,3,1,1,4
14805019001,0,3,1,1,4
10023008001,0,2,1,1,4
10023044001,0,3,1,1,4
10023029001,0,2,1,1,4
11103152001,0,2,1,1,4
10023066001,0,2,1,1,4
14804013001,0,4,2,2,4
11050045001,0,4,1,1,4
11111003001,0,4,1,1,4
11050064001,0,4,1,1,4
11103014001,0,3,1,1,4
11103067001,0,3,1,1,4
11103224001,0,3,1,1,4
11022017001,0,2,1,1,4
11103262001,0,2,1,1,4
11111009001,0,2,1,1,4
11103370001,0,2,1,1,4
12011262001,0,2,1,1,4
14506129001,0,2,1,1,4
14511007001,0,4,4,4,4
12220019001,0,4,4,4,4
14511076001,0,4,4,4,4
14111058001,0,4,4,4,4
14510253001,0,4,4,4,4
14510015001,0,4,4,4,4
14510005001,0,4,4,4,4
14506059001,0,2,1,1,4
14506334001,0,2,1,1,4
10023078001,0,2,1,1,4
14111030001,0,4,4,4,4
14523104001,0,4,4,4,4
31823049001,0,3,3,3,3
41522092001,0,3,3,3,3
14850126001,0,3,3,3,3
14850173001,0,3,3,3,3
14850042001,0,3,3,3,3
34511013001,0,3,1,1,3
12327084001,0,3,3,3,3
10023049001,0,3,1,1,3
14510205001,0,3,3,3,3
12220011001,0,3,3,3,3
14510084001,0,3,3,3,3
12220021001,0,3,3,3,3
14510099001,0,3,3,3,3
14510259001,0,3,3,3,3
14510186001,0,3,3,3,3
14510176001,0,3,3,3,3
14512035001,0,3,3,3,3
14510255001,0,3,3,3,3
12220016001,0,3,3,3,3
11103031001,0,3,3,3,3
11103179001,0,3,3,3,3
12211005001,0,3,3,3,3
14021090001,0,3,3,3,3
14111067001,0,3,3,3,3
12123017001,0,3,3,3,3
14360032001,0,3,3,3,3
12201116001,0,3,3,3,3
11103291001,0,3,3,3,3
14523107001,0,3,3,3,3
12005082009,0,2,1,1,3
41522101001,0,2,2,2,2
12234036001,0,2,1,1,2
14850102001,0,2,2,2,2
14851073001,0,2,2,2,2
31821065001,0,2,2,2,2
41521020001,0,2,2,2,2
12327048001,0,2,2,2,2
14510227001,0,2,2,2,2
12327050001,0,2,2,2,2
10904003001,0,2,2,2,2
12220009001,0,2,2,2,2
14111059001,0,2,2,2,2
14511057001,0,2,2,2,2
33551909001,0,2,2,2,2
12327076001,0,2,2,2,2
11021017001,0,2,2,2,2
14313023001,0,2,2,2,2
12211016001,0,2,2,2,2
14311095001,0,2,2,2,2
14104029001,0,2,2,2,2
12212044001,0,2,2,2,2
14340027001,0,2,2,2,2
11051023001,0,2,2,2,2
41401071001,0,2,2,2,2
10010027001,1,293,13,13,312
12106068001,1,1,1,1,144
12101032001,1,1,1,1,120
12201077001,1,25,1,1,96
14852031001,1,7,1,1,96
14852006001,1,2,1,1,96
12023184001,1,1,1,1,80
32502011001,1,56,3,3,72
12103003001,1,4,1,1,72
12100019001,1,1,1,1,72
12010062001,1,4,1,1,72
12103083001,1,4,1,1,72
12010058001,1,3,1,1,72
14633043001,1,2,1,1,72
12103081001,1,12,1,1,72
12104900001,1,3,1,1,72
32501007001,1,2,1,1,70
12201099001,1,7,1,1,60
30045079001,1,2,1,1,60
14226167001,1,1,1,1,60
12100911001,1,1,1,1,60
12100078001,1,2,1,1,60
14833059001,1,60,5,5,60
12103147001,1,1,1,1,60
11074021001,1,2,1,1,50
31533034001,1,1,1,1,50
31264013001,1,1,1,1,50
60011899002,1,12,1,1,48
12100017001,1,1,1,1,48
12106085001,1,1,1,1,48
31422899001,1,1,1,1,48
12103091001,1,1,1,1,48
10035041001,1,43,2,2,48
12106027001,1,4,1,1,48
12103154001,1,3,1,1,48
11076926001,1,2,1,1,48
14853040001,1,2,1,1,48
12102021001,1,2,1,1,48
12022114001,1,1,1,1,48
12102014001,1,1,1,1,48
12103126001,1,1,1,1,48
12103127001,1,1,1,1,48
12103139001,1,1,1,1,48
12103156001,1,1,1,1,48
12106066001,1,1,1,1,48
12106005001,1,1,1,1,48
31602031001,1,1,1,1,48
11062008001,1,1,1,1,40
14361124001,1,1,1,1,40
14222009001,1,4,1,1,40
12121032001,1,1,1,1,36
11062017001,1,1,1,1,36
14204069001,1,2,1,1,36
11021019001,1,1,1,1,36
12034055001,1,1,1,1,36
31533211001,1,1,1,1,36
12120090001,1,1,1,1,36
11030049001,1,1,1,1,36
14602013001,1,6,1,1,36
12101001002,1,2,1,1,36
12003003001,1,2,1,1,36
12120065001,1,1,1,1,36
12120048001,1,1,1,1,36
12103005001,1,1,1,1,36
14225934001,1,1,1,1,36
14506122001,1,2,1,1,32
14303008001,1,2,1,1,30
11061050001,1,1,1,1,30
11062002001,1,1,1,1,30
14243069001,1,11,1,1,30
14222036001,1,1,1,1,30
14502044001,1,2,1,1,30
14506025001,1,2,1,1,30
11061024001,1,1,1,1,30
30013004001,1,1,1,1,30
14523101001,1,1,1,1,30
14241036001,1,1,1,1,30
11032219001,1,1,1,1,28
11072011001,1,6,1,1,24
11070012001,1,5,1,1,24
11021018001,1,3,1,1,24
12122026001,1,3,1,1,24
11070040001,1,2,1,1,24
11070042001,1,2,1,1,24
11070027001,1,2,1,1,24
11070022001,1,2,1,1,24
12123123001,1,1,1,1,24
32507026001,1,1,1,1,24
11070034001,1,1,1,1,24
11070054001,1,1,1,1,24
11071011001,1,1,1,1,24
11072906001,1,1,1,1,24
11075039001,1,1,1,1,24
12014025001,1,1,1,1,24
12103066001,1,1,1,1,24
12123151001,1,1,1,1,24
31623901001,1,1,1,1,24
32431067001,1,1,1,1,24
14633036001,1,7,1,1,24
14852904001,1,8,1,1,24
11076004001,1,4,1,1,24
12121006002,1,4,1,1,24
12121007001,1,4,1,1,24
14506349001,1,2,1,1,24
10020102001,1,2,1,1,24
14506647001,1,2,1,1,24
11075006001,1,1,1,1,24
12010214001,1,1,1,1,24
12105017001,1,1,1,1,24
10035051001,1,12,1,1,24
10031006001,1,9,1,1,24
10031030001,1,8,1,1,24
10014119001,1,8,1,1,24
10016018001,1,8,1,1,24
10020093001,1,8,1,1,24
10040069001,1,8,1,1,24
10040072001,1,8,1,1,24
10041014001,1,8,1,1,24
10041036001,1,8,1,1,24
10041087001,1,8,1,1,24
12327028001,1,8,1,1,24
10014005001,1,6,1,1,24
10023037001,1,6,1,1,24
10041058001,1,4,1,1,24
12120005001,1,3,1,1,24
10014075001,1,2,1,1,24
14805902001,1,2,1,1,24
10014127001,1,1,1,1,24
11070037001,1,1,1,1,24
11073032001,1,1,1,1,24
12122037001,1,1,1,1,24
10041076001,1,1,1,1,24
11074043001,1,1,1,1,24
12020955001,1,1,1,1,24
12020956001,1,1,1,1,24
12125005001,1,1,1,1,24
10002026001,1,20,2,2,24
14505065001,1,12,1,1,24
12120011001,1,9,1,1,24
15022020001,1,10,1,1,24
10014027001,1,8,1,1,24
10014055001,1,8,1,1,24
10031909001,1,8,1,1,24
12327018001,1,8,1,1,24
15023036001,1,8,1,1,24
15023038001,1,8,1,1,24
10015005001,1,6,1,1,24
10014110001,1,5,1,1,24
12120031001,1,4,1,1,24
10016006001,1,4,1,1,24
14853027001,1,4,1,1,24
10035033001,1,3,1,1,24
10035038001,1,3,1,1,24
35752005001,1,3,1,1,24
10020017001,1,2,1,1,24
11031910002,1,2,1,1,24
10002911001,1,2,1,1,24
10010023001,1,2,1,1,24
10014001001,1,2,1,1,24
10014069001,1,2,1,1,24
10020006001,1,2,1,1,24
10020029001,1,2,1,1,24
10023004001,1,2,1,1,24
10032005001,1,2,1,1,24
11070046001,1,2,1,1,24
12016009001,1,2,1,1,24
10022918001,1,2,1,1,24
11070006001,1,2,1,1,24
12120087001,1,2,1,1,24
31707941001,1,2,1,1,24
12003137001,1,1,1,1,24
12012985001,1,1,1,1,24
14832009001,1,1,1,1,24
11073899001,1,1,1,1,24
12103013001,1,1,1,1,24
30450039001,1,1,1,1,24
11021011001,1,1,1,1,24
11072013001,1,1,1,1,24
11073898001,1,1,1,1,24
11074004001,1,1,1,1,24
12006001001,1,1,1,1,24
12016999001,1,1,1,1,24
12020011001,1,1,1,1,24
12020050001,1,1,1,1,24
14225008001,1,1,1,1,24
14521019001,1,1,1,1,24
15302010001,1,1,1,1,24
31251002001,1,1,1,1,24
31602030001,1,1,1,1,24
32503044001,1,1,1,1,24
12102003001,1,1,1,1,24
12016100001,1,1,1,1,24
12020101001,1,1,1,1,24
12020189001,1,1,1,1,24
12022100001,1,1,1,1,24
12023143001,1,1,1,1,24
12016102001,1,1,1,1,24
12020471001,1,1,1,1,24
12023022001,1,1,1,1,24
12023039001,1,1,1,1,24
12023115001,1,1,1,1,24
12023189001,1,1,1,1,24
12032072001,1,1,1,1,24
12032101001,1,1,1,1,24
12102038001,1,1,1,1,24
12102141001,1,1,1,1,24
12104006001,1,1,1,1,24
12106047001,1,1,1,1,24
14242169001,1,4,1,1,20
31423902001,1,3,1,1,20
31270009001,1,1,1,1,20
14204022001,1,1,1,1,20
14700077001,1,6,1,1,20
14720003001,1,2,1,1,20
14311015001,1,2,1,1,20
14853069001,1,2,1,1,20
12011248001,1,1,1,1,20
35307905001,1,1,1,1,20
11030028003,1,1,1,1,20
11030028004,1,1,1,1,20
14242128001,1,1,1,1,20
14505102001,1,4,1,1,20
14241001001,1,1,1,1,20
14602033001,1,1,1,1,20
10040078001,1,7,1,1,20
10040080001,1,7,1,1,20
10040089001,1,7,1,1,20
30045078002,1,4,1,1,20
14241025001,1,1,1,1,20
11032225001,1,1,1,1,20
14506012001,1,1,1,1,20
32420015001,1,1,1,1,20
12014022001,1,1,1,1,20
30052112001,1,1,1,1,20
32420004001,1,1,1,1,20
11030012002,1,1,1,1,20
11061033001,1,1,1,1,19
12120040001,1,1,1,1,18
14351069001,1,11,1,1,18
14121025001,1,1,1,1,18
10010007001,1,10,1,1,18
10010001001,1,4,1,1,18
12123134001,1,2,1,1,18
12122017001,1,2,1,1,18
12106088001,1,2,1,1,18
11102010001,1,1,1,1,18
11061027001,1,1,1,1,18
12103021001,1,1,1,1,18
14010273001,1,9,2,2,16
31235906001,1,2,1,1,16
11110031002,1,2,1,1,16
14242137001,1,2,1,1,16
12123052001,1,1,1,1,16
14351001001,1,1,1,1,16
14370073001,1,1,1,1,16
12022070001,1,1,1,1,16
14010039001,1,5,1,1,15
12020957001,1,1,1,1,15
11020001001,1,2,1,1,14
14020978001,1,10,1,1,14
14022103001,1,3,1,1,14
12010003001,1,1,1,1,14
12010095001,1,1,1,1,14
12010096001,1,1,1,1,14
10002039001,1,8,1,1,12
10014021001,1,4,1,1,12
14612916001,1,4,1,1,12
10041069001,1,4,1,1,12
14002006001,1,4,1,1,12
14320006001,1,4,1,1,12
14362033001,1,4,1,1,12
12123106001,1,4,1,1,12
12011487001,1,3,1,1,12
11040027001,1,2,1,1,12
12123105001,1,2,1,1,12
31273002001,1,2,1,1,12
11103313001,1,2,1,1,12
12130011001,1,2,1,1,12
12106089001,1,2,1,1,12
14506488001,1,2,1,1,12
14023181001,1,1,1,1,12
11072033001,1,1,1,1,12
12000013001,1,1,1,1,12
12011098001,1,1,1,1,12
12011173001,1,1,1,1,12
12011322001,1,1,1,1,12
12011488001,1,1,1,1,12
14022098001,1,1,1,1,12
34123005001,1,1,1,1,12
11010038001,1,1,1,1,12
11021059002,1,1,1,1,12
11050055001,1,1,1,1,12
11051030001,1,1,1,1,12
11072019001,1,1,1,1,12
11110063001,1,1,1,1,12
11110075001,1,1,1,1,12
11112015001,1,1,1,1,12
12011019001,1,1,1,1,12
12011039001,1,1,1,1,12
12104005001,1,1,1,1,12
12105002001,1,1,1,1,12
12130006001,1,1,1,1,12
12201128001,1,1,1,1,12
14002032001,1,1,1,1,12
14010899001,1,1,1,1,12
14353009001,1,1,1,1,12
14506132001,1,1,1,1,12
14509025001,1,1,1,1,12
31545006001,1,1,1,1,12
32504024001,1,4,1,1,12
11100007001,1,8,2,2,12
14111053001,1,8,1,1,12
11032229001,1,4,1,1,12
14304128001,1,3,1,1,12
11101009001,1,2,1,1,12
14854027001,1,2,1,1,12
12011126001,1,2,1,1,12
12123108001,1,2,1,1,12
14331025001,1,2,1,1,12
14353026001,1,2,1,1,12
11032011001,1,1,1,1,12
12327020001,1,1,1,1,12
14311189001,1,1,1,1,12
12000149001,1,1,1,1,12
14333004001,1,1,1,1,12
14353035001,1,1,1,1,12
14506006001,1,1,1,1,12
14710017001,1,1,1,1,12
14731899001,1,1,1,1,12
11021046001,1,1,1,1,12
11050019001,1,1,1,1,12
11051899001,1,1,1,1,12
11074052001,1,1,1,1,12
12010082001,1,1,1,1,12
12011140001,1,1,1,1,12
12011293001,1,1,1,1,12
12011335001,1,1,1,1,12
12011342001,1,1,1,1,12
12023093001,1,1,1,1,12
12327015001,1,1,1,1,12
14310101001,1,1,1,1,12
14311033001,1,1,1,1,12
14353030001,1,1,1,1,12
14361122001,1,1,1,1,12
35751001001,1,4,1,1,12
14360016001,1,3,1,1,12
11040062001,1,3,1,1,12
14310128001,1,2,1,1,12
11073002001,1,2,1,1,12
12005107003,1,2,1,1,12
11040007001,1,2,1,1,12
11050073002,1,2,1,1,12
14111230001,1,2,1,1,12
14243076001,1,2,1,1,12
11050062001,1,2,1,1,12
12000349001,1,2,1,1,12
11050111001,1,1,1,1,12
14701013001,1,1,1,1,12
11051016001,1,1,1,1,12
11074040001,1,1,1,1,12
12003008001,1,1,1,1,12
12005107006,1,1,1,1,12
12005107007,1,1,1,1,12
11073001001,1,1,1,1,12
11073002002,1,1,1,1,12
12005089004,1,1,1,1,12
12011292001,1,1,1,1,12
12140011001,1,1,1,1,12
14222069001,1,1,1,1,12
14501905001,1,1,1,1,12
14700031001,1,1,1,1,12
14740035001,1,1,1,1,12
31530106001,1,1,1,1,12
14509035001,1,9,1,1,12
35750013001,1,8,1,1,12
12020222001,1,8,1,1,12
14620046001,1,6,1,1,12
10040017001,1,5,1,1,12
14509021001,1,6,1,1,12
10052014001,1,5,1,1,12
12023995001,1,5,1,1,12
11021005001,1,4,1,1,12
11043012001,1,4,1,1,12
10014043001,1,4,1,1,12
10014046001,1,4,1,1,12
10014112001,1,4,1,1,12
12020164001,1,4,1,1,12
11022006001,1,4,1,1,12
31531171001,1,4,1,1,12
11040004001,1,3,1,1,12
14353002001,1,3,1,1,12
12005108003,1,3,1,1,12
12023202001,1,3,1,1,12
14620061001,1,3,1,1,12
35307005001,1,3,1,1,12
11070019001,1,2,1,1,12
12011182001,1,2,1,1,12
12020005001,1,2,1,1,12
14342012001,1,2,1,1,12
12000069001,1,2,1,1,12
12112038001,1,2,1,1,12
14616075001,1,2,1,1,12
14620022001,1,2,1,1,12
14620115001,1,2,1,1,12
14620124001,1,2,1,1,12
14721033001,1,2,1,1,12
14802010001,1,2,1,1,12
11030002001,1,2,1,1,12
12002998001,1,2,1,1,12
12011422001,1,2,1,1,12
12023330001,1,2,1,1,12
14001143001,1,2,1,1,12
14243021001,1,2,1,1,12
14616053001,1,2,1,1,12
14631013001,1,2,1,1,12
14632194001,1,2,1,1,12
14632215001,1,2,1,1,12
14701040001,1,2,1,1,12
14854024001,1,2,1,1,12
30045025001,1,2,1,1,12
35301020001,1,2,1,1,12
11103045001,1,1,1,1,12
12001114001,1,1,1,1,12
14243130001,1,1,1,1,12
14243147001,1,1,1,1,12
31215012001,1,1,1,1,12
35302038001,1,1,1,1,12
10052046001,1,1,1,1,12
11021027001,1,1,1,1,12
11022021001,1,1,1,1,12
11031021001,1,1,1,1,12
11031027001,1,1,1,1,12
11040032001,1,1,1,1,12
11051056001,1,1,1,1,12
11051057001,1,1,1,1,12
11072004001,1,1,1,1,12
12000144001,1,1,1,1,12
12000196001,1,1,1,1,12
12000229001,1,1,1,1,12
12000301001,1,1,1,1,12
12001113001,1,1,1,1,12
12002119001,1,1,1,1,12
12005002004,1,1,1,1,12
12005019005,1,1,1,1,12
12005072003,1,1,1,1,12
12005108006,1,1,1,1,12
12010147001,1,1,1,1,12
12010206001,1,1,1,1,12
12011281001,1,1,1,1,12
12011405001,1,1,1,1,12
12012086001,1,1,1,1,12
12017037001,1,1,1,1,12
12020008001,1,1,1,1,12
12020166001,1,1,1,1,12
12021052001,1,1,1,1,12
12023094001,1,1,1,1,12
12023195001,1,1,1,1,12
12023332001,1,1,1,1,12
12034063001,1,1,1,1,12
12034073001,1,1,1,1,12
12034103001,1,1,1,1,12
12105018001,1,1,1,1,12
12105025001,1,1,1,1,12
12105036001,1,1,1,1,12
14244087001,1,1,1,1,12
14303012001,1,1,1,1,12
14620033001,1,1,1,1,12
31567060001,1,1,1,1,12
11021043001,1,1,1,1,12
11022068001,1,1,1,1,12
11022075001,1,1,1,1,12
11022077001,1,1,1,1,12
11030016002,1,1,1,1,12
11030048001,1,1,1,1,12
11030079002,1,1,1,1,12
11030183001,1,1,1,1,12
11030196002,1,1,1,1,12
11030198001,1,1,1,1,12
11030207003,1,1,1,1,12
11030234001,1,1,1,1,12
11031918001,1,1,1,1,12
11040029001,1,1,1,1,12
11040059001,1,1,1,1,12
11040061001,1,1,1,1,12
11050091001,1,1,1,1,12
11050095001,1,1,1,1,12
11050104001,1,1,1,1,12
11070005001,1,1,1,1,12
11074009001,1,1,1,1,12
11075012001,1,1,1,1,12
11103229001,1,1,1,1,12
12000053001,1,1,1,1,12
12000054001,1,1,1,1,12
12000064001,1,1,1,1,12
12000071001,1,1,1,1,12
12000090001,1,1,1,1,12
12000176001,1,1,1,1,12
12000212001,1,1,1,1,12
12000275001,1,1,1,1,12
12000276001,1,1,1,1,12
12000369001,1,1,1,1,12
12000396001,1,1,1,1,12
12000485001,1,1,1,1,12
12001022001,1,1,1,1,12
12002030001,1,1,1,1,12
12002036001,1,1,1,1,12
12002158001,1,1,1,1,12
12002996001,1,1,1,1,12
12003031001,1,1,1,1,12
12003035001,1,1,1,1,12
12003056001,1,1,1,1,12
12003063001,1,1,1,1,12
12003065001,1,1,1,1,12
12003138001,1,1,1,1,12
12003142001,1,1,1,1,12
12005007001,1,1,1,1,12
12005009008,1,1,1,1,12
12005015008,1,1,1,1,12
12005072005,1,1,1,1,12
12005072013,1,1,1,1,12
12005109003,1,1,1,1,12
12010122001,1,1,1,1,12
12010148001,1,1,1,1,12
12011142001,1,1,1,1,12
12011204001,1,1,1,1,12
12011346001,1,1,1,1,12
12011357001,1,1,1,1,12
12011358001,1,1,1,1,12
12011470001,1,1,1,1,12
12011479001,1,1,1,1,12
12012003001,1,1,1,1,12
12012054001,1,1,1,1,12
12012059001,1,1,1,1,12
12012165001,1,1,1,1,12
12017039001,1,1,1,1,12
12020234001,1,1,1,1,12
12021064001,1,1,1,1,12
12022079001,1,1,1,1,12
12022137001,1,1,1,1,12
12023393001,1,1,1,1,12
12103146001,1,1,1,1,12
12105026001,1,1,1,1,12
12105027001,1,1,1,1,12
12111003001,1,1,1,1,12
12111010004,1,1,1,1,12
12151006001,1,1,1,1,12
12151099001,1,1,1,1,12
12151100001,1,1,1,1,12
12325186001,1,1,1,1,12
14023250001,1,1,1,1,12
14210216001,1,1,1,1,12
14210286001,1,1,1,1,12
14243152001,1,1,1,1,12
14304084001,1,1,1,1,12
14315001001,1,1,1,1,12
14506386001,1,1,1,1,12
14509037001,1,1,1,1,12
14601012001,1,1,1,1,12
14612039001,1,1,1,1,12
14612922001,1,1,1,1,12
14620088001,1,1,1,1,12
14620170001,1,1,1,1,12
14621062001,1,1,1,1,12
14721072001,1,1,1,1,12
30071047001,1,1,1,1,12
31175002001,1,1,1,1,12
32503007002,1,1,1,1,12
32503007003,1,1,1,1,12
32503007004,1,1,1,1,12
32503008003,1,1,1,1,12
32503035001,1,1,1,1,12
32503040003,1,1,1,1,12
35306002001,1,1,1,1,12
12016072001,1,1,1,1,12
12020070001,1,1,1,1,12
12021994001,1,1,1,1,12
12023263001,1,1,1,1,12
14634023001,1,1,1,1,12
31226017001,1,1,1,1,12
11050050001,1,1,1,1,12
12000092001,1,1,1,1,12
12003126001,1,1,1,1,12
12004046001,1,1,1,1,12
12004218001,1,1,1,1,12
12005015003,1,1,1,1,12
12010180001,1,1,1,1,12
12012119001,1,1,1,1,12
12012161001,1,1,1,1,12
12013048001,1,1,1,1,12
12013050001,1,1,1,1,12
12013052001,1,1,1,1,12
12013055001,1,1,1,1,12
12020138001,1,1,1,1,12
12020184001,1,1,1,1,12
12020210001,1,1,1,1,12
12020219001,1,1,1,1,12
12020224001,1,1,1,1,12
12020332001,1,1,1,1,12
12020341001,1,1,1,1,12
12020342001,1,1,1,1,12
12022027001,1,1,1,1,12
12023278001,1,1,1,1,12
12103135001,1,1,1,1,12
14304157001,1,1,1,1,12
14632007001,1,1,1,1,12
11031011002,1,1,1,1,12
11031908001,1,1,1,1,12
11031908002,1,1,1,1,12
11031915001,1,1,1,1,12
11071909001,1,1,1,1,12
11071912001,1,1,1,1,12
12000082001,1,1,1,1,12
12000136001,1,1,1,1,12
12002127001,1,1,1,1,12
12003046001,1,1,1,1,12
12003064001,1,1,1,1,12
12003100001,1,1,1,1,12
12004095001,1,1,1,1,12
12004193001,1,1,1,1,12
12005003005,1,1,1,1,12
12005015001,1,1,1,1,12
12005015004,1,1,1,1,12
12005015006,1,1,1,1,12
12006059001,1,1,1,1,12
12010194001,1,1,1,1,12
12010221001,1,1,1,1,12
12011195001,1,1,1,1,12
12011387001,1,1,1,1,12
12012012001,1,1,1,1,12
12012046001,1,1,1,1,12
12012171001,1,1,1,1,12
12012173001,1,1,1,1,12
12012929001,1,1,1,1,12
12016070001,1,1,1,1,12
12016096001,1,1,1,1,12
12020952001,1,1,1,1,12
12020979001,1,1,1,1,12
12021042001,1,1,1,1,12
12022030001,1,1,1,1,12
12022062001,1,1,1,1,12
12022224001,1,1,1,1,12
12032035001,1,1,1,1,12
12032043007,1,1,1,1,12
12034167001,1,1,1,1,12
12034999001,1,1,1,1,12
12102092001,1,1,1,1,12
12102123001,1,1,1,1,12
12104027001,1,1,1,1,12
12104040001,1,1,1,1,12
12106034001,1,1,1,1,12
12106109002,1,1,1,1,12
12151103001,1,1,1,1,12
12302047001,1,1,1,1,12
12320188001,1,1,1,1,12
14312012001,1,1,1,1,12
14522044001,1,1,1,1,12
14615025001,1,1,1,1,12
14615047001,1,1,1,1,12
14615076001,1,1,1,1,12
14616037001,1,1,1,1,12
14631042001,1,1,1,1,12
14631054001,1,1,1,1,12
14632094001,1,1,1,1,12
14633032001,1,1,1,1,12
14633107001,1,1,1,1,12
14634032001,1,1,1,1,12
14741050001,1,1,1,1,12
14832044001,1,1,1,1,12
32470079001,1,1,1,1,12
32514005001,1,1,1,1,12
10023999001,1,1,1,1,11
31504001001,1,4,1,1,10
32600042001,1,1,1,1,10
14508924001,1,1,1,1,10
30071044001,1,1,1,1,10
65031070001,1,1,1,1,10
14243131001,1,1,1,1,10
14244024001,1,1,1,1,10
14403105001,1,1,1,1,10
32524032001,1,1,1,1,10
65011150001,1,1,1,1,10
14111048001,1,1,1,1,10
30071053001,1,1,1,1,10
14242210001,1,2,1,1,10
30061026001,1,1,1,1,10
11103331001,1,1,1,1,10
14203066001,1,1,1,1,10
14304014001,1,1,1,1,10
30073022001,1,1,1,1,10
12344036001,1,1,1,1,10
14603013001,1,1,1,1,10
14632019001,1,1,1,1,10
11074045002,1,1,1,1,10
12020929001,1,1,1,1,10
12023225001,1,1,1,1,10
12102114001,1,1,1,1,10
12102998001,1,1,1,1,10
12102999001,1,1,1,1,10
14222121001,1,1,1,1,10
14603001001,1,1,1,1,10
14603116001,1,1,1,1,10
14721916001,1,1,1,1,10
14850048001,1,1,1,1,9
14850061001,1,1,1,1,9
11101002001,1,1,1,1,9
11100111001,1,1,1,1,9
32421010001,1,2,1,1,9
12001015001,1,1,1,1,9
12001110001,1,1,1,1,9
12002002001,1,1,1,1,9
12002075001,1,1,1,1,9
12002096001,1,1,1,1,9
12003051001,1,1,1,1,9
12011123001,1,1,1,1,9
12011274001,1,1,1,1,9
14615059001,1,1,1,1,9
12011024001,1,1,1,1,9
12000044001,1,1,1,1,9
31271016001,1,3,1,1,8
14244077001,1,2,1,1,8
11103130001,1,2,1,1,8
11103361001,1,2,1,1,8
12230999001,1,1,1,1,8
31270006001,1,1,1,1,8
11103212001,1,1,1,1,8
11103312001,1,1,1,1,8
12130005001,1,1,1,1,8
14501930001,1,1,1,1,8
14506031001,1,1,1,1,8
10023043001,1,1,1,1,8
11103296001,1,1,1,1,8
14620168001,1,1,1,1,8
31260001001,1,1,1,1,8
31856016002,1,1,1,1,8
10023087001,1,2,1,1,8
30071051001,1,2,1,1,8
11050134001,1,1,1,1,8
11110100001,1,1,1,1,8
11110101001,1,1,1,1,8
12120080001,1,1,1,1,8
12000468001,1,1,1,1,8
12005092002,1,1,1,1,8
12005092009,1,1,1,1,8
12010156001,1,1,1,1,8
12010175001,1,1,1,1,8
12003058001,1,1,1,1,8
11041018001,1,1,1,1,8
11041032001,1,1,1,1,8
11112017001,1,1,1,1,8
12000270001,1,1,1,1,8
12000295001,1,1,1,1,8
12000309001,1,1,1,1,8
12001085001,1,1,1,1,8
12003117001,1,1,1,1,8
14241039001,1,1,1,1,8
14310061001,1,1,1,1,8
11103086002,1,2,1,1,6
11103092001,1,2,1,1,6
11103187001,1,2,1,1,6
12130038001,1,2,1,1,6
11103032003,1,2,1,1,6
11110032001,1,2,1,1,6
12130111001,1,2,1,1,6
10023023001,1,1,1,1,6
11010052001,1,1,1,1,6
12011093001,1,1,1,1,6
12234916001,1,1,1,1,6
31753028001,1,1,1,1,6
11103123001,1,1,1,1,6
11103139002,1,1,1,1,6
11103142001,1,1,1,1,6
11103183001,1,1,1,1,6
11103241001,1,1,1,1,6
11103371001,1,1,1,1,6
11112005001,1,1,1,1,6
12130084001,1,1,1,1,6
14850003001,1,1,1,1,6
14850036001,1,1,1,1,6
33550006003,1,1,1,1,6
41244001001,1,1,1,1,6
41601012001,1,1,1,1,6
14851003001,1,6,6,6,6
14411023001,1,3,1,1,6
10023064001,1,2,1,1,6
14331021001,1,2,1,1,6
10023100001,1,1,1,1,6
10904021001,1,1,1,1,6
14310053001,1,1,1,1,6
10023102001,1,1,1,1,6
10904008001,1,1,1,1,6
10904899001,1,1,1,1,6
11103011001,1,1,1,1,6
11103011003,1,1,1,1,6
11103011004,1,1,1,1,6
12011047001,1,1,1,1,6
12322057001,1,1,1,1,6
12327022001,1,1,1,1,6
12327051001,1,1,1,1,6
14411901001,1,1,1,1,6
11103128001,1,3,1,1,6
10023075001,1,1,1,1,6
11101013001,1,1,1,1,6
11101018001,1,1,1,1,6
11112008001,1,1,1,1,6
12327014001,1,1,1,1,6
12202006001,1,6,6,6,6
11010001001,1,3,1,1,6
11101034001,1,2,1,1,6
12105037001,1,2,1,1,6
11101034002,1,2,1,1,6
11103182001,1,2,1,1,6
11103281001,1,2,1,1,6
12001078001,1,2,1,1,6
12013033001,1,2,1,1,6
11111023001,1,1,1,1,6
12000036001,1,1,1,1,6
11021095001,1,1,1,1,6
11021096001,1,1,1,1,6
11103063001,1,1,1,1,6
11103388001,1,1,1,1,6
12006135001,1,1,1,1,6
12013034001,1,1,1,1,6
12326002001,1,1,1,1,6
14506032001,1,1,1,1,6
61080025003,1,1,1,1,6
11043023001,1,1,1,1,6
11103044001,1,1,1,1,6
11103110001,1,1,1,1,6
11103238001,1,1,1,1,6
11103297001,1,1,1,1,6
11103334001,1,1,1,1,6
12000020001,1,1,1,1,6
12001065001,1,1,1,1,6
12001071001,1,1,1,1,6
12001081001,1,1,1,1,6
12006067001,1,1,1,1,6
12011122001,1,1,1,1,6
12022275001,1,1,1,1,6
12343304001,1,1,1,1,6
14104028001,1,1,1,1,6
14310096001,1,1,1,1,6
14506206001,1,1,1,1,6
32440140001,1,1,1,1,6
42616037001,1,1,1,1,6
14615035001,1,1,1,1,6
35307910001,1,1,1,1,6
11021051002,1,1,1,1,6
11031001001,1,1,1,1,6
12000159001,1,1,1,1,6
12000213001,1,1,1,1,6
12000285001,1,1,1,1,6
12003085001,1,1,1,1,6
12011006001,1,1,1,1,6
12011452001,1,1,1,1,6
12020212001,1,1,1,1,6
12020250001,1,1,1,1,6
12020404001,1,1,1,1,6
12020418001,1,1,1,1,6
12034240001,1,1,1,1,6
14600041001,1,1,1,1,6
14602086001,1,1,1,1,6
31533084001,1,1,1,1,6
11031005001,1,1,1,1,6
12000022001,1,1,1,1,6
12000075001,1,1,1,1,6
12000166001,1,1,1,1,6
12000219001,1,1,1,1,6
12000224001,1,1,1,1,6
12000233001,1,1,1,1,6
12000431001,1,1,1,1,6
12000494001,1,1,1,1,6
12001018001,1,1,1,1,6
12001076001,1,1,1,1,6
12001091001,1,1,1,1,6
12001092001,1,1,1,1,6
12001093001,1,1,1,1,6
12002009001,1,1,1,1,6
12002042001,1,1,1,1,6
12002057001,1,1,1,1,6
12002090001,1,1,1,1,6
12003014001,1,1,1,1,6
12003030001,1,1,1,1,6
12003145001,1,1,1,1,6
12011038001,1,1,1,1,6
12012008001,1,1,1,1,6
12012048001,1,1,1,1,6
12012118001,1,1,1,1,6
12012143001,1,1,1,1,6
12016126001,1,1,1,1,6
12020018001,1,1,1,1,6
12020062001,1,1,1,1,6
12020131001,1,1,1,1,6
12020228001,1,1,1,1,6
12020283001,1,1,1,1,6
12020284001,1,1,1,1,6
12020312001,1,1,1,1,6
12020328001,1,1,1,1,6
12022127001,1,1,1,1,6
12022128001,1,1,1,1,6
12022167001,1,1,1,1,6
12023125001,1,1,1,1,6
12023265001,1,1,1,1,6
12032524001,1,1,1,1,6
12034087001,1,1,1,1,6
12034126001,1,1,1,1,6
12034171001,1,1,1,1,6
12034172001,1,1,1,1,6
12102100001,1,1,1,1,6
12103097001,1,1,1,1,6
12103179001,1,1,1,1,6
12104012001,1,1,1,1,6
12104034001,1,1,1,1,6
12151018001,1,1,1,1,6
12152058001,1,1,1,1,6
12321135001,1,1,1,1,6
12323111001,1,1,1,1,6
12323204001,1,1,1,1,6
14304301001,1,1,1,1,6
14304302001,1,1,1,1,6
14304303001,1,1,1,1,6
14602024001,1,1,1,1,6
14602085001,1,1,1,1,6
14602093001,1,1,1,1,6
14602097001,1,1,1,1,6
14602101001,1,1,1,1,6
14604117001,1,1,1,1,6
14604119001,1,1,1,1,6
14615020001,1,1,1,1,6
14620035001,1,1,1,1,6
14632349001,1,1,1,1,6
14701026001,1,1,1,1,6
14701067001,1,1,1,1,6
61037010003,1,1,1,1,6
12233028001,1,1,1,1,5
11103082001,1,1,1,1,5
41310041001,1,1,1,1,5
32511012001,1,3,1,1,5
14633002001,1,1,1,1,5
65090016001,1,1,1,1,5
14604257001,1,1,1,1,5
32511050001,1,4,1,1,5
32517009001,1,2,1,1,5
14604255001,1,1,1,1,5
32511021001,1,1,1,1,5
32524007001,1,1,1,1,5
12010098001,1,1,1,1,5
12010102001,1,1,1,1,5
41530016001,1,4,1,1,4
14621026001,1,3,1,1,4
14850063001,1,3,1,1,4
11110026001,1,2,1,1,4
14851010001,1,2,1,1,4
12232017001,1,1,1,1,4
14621017001,1,1,1,1,4
31580049002,1,1,1,1,4
34511006001,1,1,1,1,4
11103048001,1,1,1,1,4
11103274001,1,1,1,1,4
12230006001,1,1,1,1,4
12231027001,1,1,1,1,4
12234920001,1,1,1,1,4
41220023001,1,1,1,1,4
41303011001,1,1,1,1,4
41530903001,1,1,1,1,4
11103100001,1,3,1,1,4
12327046001,1,1,1,1,4
11103079002,1,1,1,1,4
10023055001,1,2,1,1,4
14370999001,1,2,1,1,4
11110053001,1,1,1,1,4
11103029001,1,1,1,1,4
11103347001,1,1,1,1,4
11110012001,1,1,1,1,4
11110020001,1,1,1,1,4
34511049001,1,4,1,1,4
34511051001,1,2,1,1,4
34511028001,1,1,1,1,4
12234901001,1,2,1,1,3
12232010001,1,1,1,1,3
12234005001,1,1,1,1,3
12234921001,1,1,1,1,3
12234934001,1,1,1,1,3
12326005001,1,1,1,1,3
34511012001,1,1,1,1,3
14510225001,1,3,3,3,3
33120021001,1,2,1,1,3
10023025001,1,1,1,1,3
65110183002,1,1,1,1,3
12326121001,1,1,1,1,3
32500012001,1,1,1,1,3
12003043001,1,1,1,1,3
12004053001,1,1,1,1,3
12005082013,1,1,1,1,3
12005084001,1,1,1,1,3
12005084008,1,1,1,1,3
12021045001,1,1,1,1,3
12022047001,1,1,1,1,3
12023079001,1,1,1,1,3
12023103001,1,1,1,1,3
12031127001,1,1,1,1,3
12004063001,1,1,1,1,3
12004165001,1,1,1,1,3
12004171001,1,1,1,1,3
12005082008,1,1,1,1,3
12005084002,1,1,1,1,3
12005084005,1,1,1,1,3
12006144001,1,1,1,1,3
12021020001,1,1,1,1,3
12021044001,1,1,1,1,3
12021069001,1,1,1,1,3
12022005001,1,1,1,1,3
12022008001,1,1,1,1,3
12022081001,1,1,1,1,3
12030040001,1,1,1,1,3
12030992001,1,1,1,1,3
12031016001,1,1,1,1,3
12032076001,1,1,1,1,3
12033189001,1,1,1,1,3
32526020001,1,1,1,1,2
34511038001,1,1,1,1,2
14010155001,1,2,2,2,2
12230008001,1,1,1,1,1
31812025001,1,1,1,1,1
31827008001,1,1,1,1,1
41101027001,1,1,1,1,1
41201002001,1,1,1,1,1
41202003001,1,1,1,1,1
41221036001,1,1,1,1,1
41232043001,1,1,1,1,1
41232052001,1,1,1,1,1
41301002001,1,1,1,1,1
41302901001,1,1,1,1,1
41303054001,1,1,1,1,1
41333047001,1,1,1,1,1
41522079001,1,1,1,1,1
41522107001,1,1,1,1,1
14850007001,1,1,1,1,1
14850103001,1,1,1,1,1
41521080001,1,1,1,1,1
14851032001,1,1,1,1,1
14501940001,1,1,1,1,1
14851006001,1,1,1,1,1
41601018001,1,1,1,1,1
12232001001,1,1,1,1,1
12233019001,1,1,1,1,1
14850002001,1,1,1,1,1
41521077001,1,1,1,1,1
41601020001,1,1,1,1,1
12327063001,1,1,1,1,1
31732897001,1,1,1,1,1
41534006001,1,1,1,1,1
14510031001,1,1,1,1,1
14510121001,1,1,1,1,1
14510194001,1,1,1,1,1
41223060001,1,1,1,1,1
12327058001,1,1,1,1,1
14510290001,1,1,1,1,1
41212038001,1,1,1,1,1
41220010001,1,1,1,1,1
41223061001,1,1,1,1,1
41401058001,1,1,1,1,1
41401094001,1,1,1,1,1
42613021001,1,1,1,1,1
12103019001,1,1,1,1,1
12103064001,1,1,1,1,1
12120002001,1,1,1,1,1
12123044001,1,1,1,1,1
14313897001,1,1,1,1,1
41401051001,1,1,1,1,1
11103290001,1,1,1,1,1
12030001001,1,1,1,1,1
12030737001,1,1,1,1,1
12104047001,1,1,1,1,1
14111078001,1,1,1,1,1
41212906001,1,1,1,1,1
41223049001,1,1,1,1,1
41223062001,1,1,1,1,1
41401014001,1,1,1,1,1
41401022001,1,1,1,1,1
41401080001,1,1,1,1,1
41414004001,1,1,1,1,1
41417001001,1,1,1,1,1
41420006001,1,1,1,1,1
41420043001,1,1,1,1,1
41420049001,1,1,1,1,1
41421001001,1,1,1,1,1
41422018001,1,1,1,1,1
41601014001,1,1,1,1,1
42607128001,1,1,1,1,1
15020047001,2,2183,91,91,2184
15022026001,2,2143,90,90,2160
12201079001,2,1697,1697,1697,1697
12201031001,2,1568,1568,1568,1568
12200006001,2,1286,1286,1286,1286
12200002001,2,1253,1253,1253,1253
15020050001,2,1185,50,50,1200
10021006001,2,1152,48,48,1152
12201083001,2,1117,1117,1117,1117
10041067001,2,1104,46,46,1104
12201898001,2,1030,1030,1030,1030
12201103001,2,958,10,10,960
15022004001,2,960,40,40,960
10035021001,2,896,38,38,912
15020010001,2,878,37,37,888
12201104001,2,840,9,9,864
10020007001,2,857,36,36,864
12200001001,2,775,775,775,775
15021001001,2,739,31,31,744
10002010001,2,701,30,30,720
12201043001,2,703,703,703,703
12201001001,2,698,698,698,698
10021012001,2,626,27,27,648
10040005001,2,621,26,26,624
10015007001,2,587,25,25,600
10040003001,2,587,49,49,588
14500008001,2,578,49,49,588
10031031001,2,535,23,23,552
10040032001,2,543,23,23,552
12201123001,2,549,549,549,549
12201037001,2,549,549,549,549
12201035001,2,531,531,531,531
10021016001,2,487,21,21,504
10033057001,2,496,21,21,504
10031911001,2,491,21,21,504
10033041001,2,473,20,20,480
10014028001,2,459,20,20,480
10015010001,2,477,20,20,480
12201042001,2,479,479,479,479
12201024001,2,463,463,463,463
12201069001,2,462,462,462,462
10033013001,2,445,19,19,456
10034999001,2,454,19,19,456
12201049001,2,452,452,452,452
12201005001,2,452,452,452,452
10020018001,2,418,18,18,432
15020046001,2,426,18,18,432
10031016001,2,428,18,18,432
12201065001,2,411,411,411,411
10000007001,2,402,17,17,408
15023012001,2,392,17,17,408
10012011001,2,388,17,17,408
14505115001,2,376,16,16,384
10034014001,2,384,16,16,384
10031017001,2,348,15,15,360
10040023001,2,321,17,17,340
10014033001,2,332,14,14,336
10021009001,2,305,26,26,312
10034017001,2,311,13,13,312
10002907001,2,301,13,13,312
10032064001,2,304,13,13,312
10040041001,2,292,13,13,312
10002944001,2,279,12,12,288
10030003001,2,269,12,12,288
10040058001,2,270,12,12,288
10032049001,2,279,12,12,288
15021035001,2,276,12,12,288
10040066001,2,271,14,14,280
10020041001,2,261,9,9,270
10040020001,2,241,11,11,264
10002046001,2,263,11,11,264
10032011001,2,255,11,11,264
10034050001,2,253,11,11,264
10032003001,2,255,11,11,264
10035028001,2,251,11,11,264
15023017001,2,257,11,11,264
12201084001,2,249,63,63,252
10002943001,2,239,10,10,240
10002014001,2,219,10,10,240
10031025001,2,224,10,10,240
10041085001,2,217,10,10,240
10020011001,2,225,10,10,240
14810016001,2,224,10,10,240
15024004001,2,220,10,10,240
10015011001,2,217,10,10,240
10033056001,2,218,10,10,240
10014032001,2,228,10,10,240
15021003001,2,230,10,10,240
10012004001,2,227,19,19,228
10000004001,2,219,37,37,222
14615133001,2,219,37,37,222
10033011001,2,206,9,9,216
10040010001,2,212,9,9,216
14500067001,2,205,9,9,216
10002012001,2,206,9,9,216
10024007001,2,205,9,9,216
10000003001,2,199,9,9,216
10011003001,2,200,9,9,216
10033066001,2,198,9,9,216
10040013001,2,210,9,9,216
10034027001,2,214,9,9,216
10022007001,2,206,9,9,216
10016015001,2,197,9,9,216
10033028001,2,216,9,9,216
10021019001,2,210,9,9,216
10020027001,2,198,9,9,216
15023020001,2,209,9,9,216
10001005001,2,199,9,9,216
10012899001,2,206,9,9,216
14501021001,2,205,18,18,216
10040027001,2,201,7,7,210
10031901001,2,200,17,17,204
10040022001,2,198,10,10,200
10034020001,2,189,11,11,198
12210024001,2,196,196,196,196
10032046001,2,177,8,8,192
10031004001,2,191,8,8,192
10030014001,2,170,8,8,192
14503005001,2,172,8,8,192
10001020001,2,183,8,8,192
10014009001,2,184,8,8,192
10014051001,2,185,8,8,192
10022030001,2,170,8,8,192
10034039001,2,180,8,8,192
15022017001,2,178,8,8,192
10030011001,2,176,8,8,192
10032014001,2,184,8,8,192
14504055001,2,169,6,6,180
14244020001,2,125,3,3,180
10040008001,2,168,14,14,168
10033010001,2,159,14,14,168
11070004001,2,156,7,7,168
11070007001,2,146,7,7,168
14804004001,2,148,7,7,168
10035017001,2,156,7,7,168
10034024001,2,165,7,7,168
10030046001,2,161,7,7,168
14805004001,2,159,7,7,168
10041004001,2,146,7,7,168
10031012001,2,162,7,7,168
10000010001,2,163,28,28,168
10032055001,2,163,7,7,168
10030008001,2,155,7,7,168
10021017001,2,148,7,7,168
15023005001,2,157,7,7,168
10010026001,2,160,7,7,168
15020001001,2,149,7,7,168
10303002001,2,150,7,7,168
10013012001,2,149,7,7,168
12200017001,2,166,166,166,166
10033006001,2,156,20,20,160
10040009001,2,149,13,13,156
10040081001,2,149,13,13,156
14504002001,2,145,5,5,150
14504015001,2,150,5,5,150
14504027001,2,140,5,5,150
12201095001,2,149,149,149,149
12201896001,2,146,146,146,146
10033034001,2,137,12,12,144
10033016001,2,140,12,12,144
12201101001,2,140,2,2,144
12103027001,2,44,1,1,144
12010144001,2,8,1,1,144
10000012001,2,140,6,6,144
10000027001,2,129,6,6,144
10001043001,2,122,6,6,144
10014113001,2,126,6,6,144
10041002001,2,135,6,6,144
10035012001,2,125,6,6,144
10033014001,2,140,6,6,144
10014020001,2,138,6,6,144
10041040001,2,132,6,6,144
14805899001,2,144,6,6,144
10024010001,2,137,6,6,144
10035006001,2,128,6,6,144
15023011001,2,138,6,6,144
15020922001,2,140,6,6,144
10020033001,2,132,6,6,144
10033082001,2,129,6,6,144
10033001001,2,136,6,6,144
10040002001,2,125,6,6,144
15023004001,2,127,6,6,144
15023013001,2,138,6,6,144
12010037001,2,29,1,1,144
10011023001,2,128,6,6,144
12201048001,2,143,143,143,143
12220012001,2,133,133,133,133
12210018001,2,133,133,133,133
10033065001,2,129,11,11,132
14500024001,2,124,11,11,132
12201067001,2,100,1,1,120
14010027001,2,116,5,5,120
10031902001,2,110,5,5,120
14804005001,2,113,5,5,120
10001022001,2,102,5,5,120
10021015001,2,111,5,5,120
10031019001,2,109,5,5,120
10030016001,2,108,5,5,120
10024011001,2,105,5,5,120
10030019001,2,103,5,5,120
10034016001,2,102,5,5,120
10033003001,2,108,5,5,120
14505021001,2,118,4,4,120
14505020001,2,106,4,4,120
14504028001,2,103,4,4,120
10040016001,2,113,6,6,120
14833024001,2,117,5,5,120
14810004001,2,112,5,5,120
10021021001,2,115,5,5,120
10000021001,2,112,5,5,120
14830069001,2,97,5,5,120
15022013001,2,118,5,5,120
10020015001,2,113,5,5,120
15023003001,2,117,5,5,120
10022008001,2,119,5,5,120
10035013001,2,102,5,5,120
10030022001,2,97,5,5,120
10041006001,2,100,5,5,120
14504001001,2,113,4,4,120
14504009001,2,99,4,4,120
14244896001,2,70,2,2,120
12212900001,2,29,1,1,120
10012006001,2,120,5,5,120
10001001001,2,110,19,19,114
14501053001,2,105,14,14,112
12201013001,2,109,109,109,109
12221008001,2,109,109,109,109
10033019001,2,102,9,9,108
10021007001,2,107,9,9,108
10040111001,2,98,9,9,108
14502022001,2,106,9,9,108
14820017001,2,106,9,9,108
10040033001,2,103,13,13,104
14510039001,2,101,101,101,101
10032001001,2,96,8,8,96
14508899001,2,90,2,2,96
14521158001,2,40,1,1,96
14520068001,2,35,1,1,96
14521156001,2,17,1,1,96
14520067001,2,14,1,1,96
14522049001,2,18,1,1,96
14522051001,2,11,1,1,96
14522050001,2,10,1,1,96
14521159001,2,8,1,1,96
14522065001,2,5,1,1,96
12122999001,2,70,2,2,96
10032020001,2,94,4,4,96
10031007001,2,83,4,4,96
10032015001,2,92,4,4,96
10002071001,2,73,4,4,96
14805017001,2,90,4,4,96
10033027001,2,83,4,4,96
14506275001,2,86,4,4,96
10030015001,2,84,4,4,96
10033046001,2,84,4,4,96
10033075001,2,93,12,12,96
14810001001,2,79,4,4,96
10024004001,2,93,4,4,96
15024014001,2,79,4,4,96
10020004001,2,87,4,4,96
10020002001,2,74,4,4,96
14501942001,2,77,4,4,96
14830002001,2,83,4,4,96
10011021001,2,74,4,4,96
14831009001,2,90,4,4,96
14831011001,2,63,2,2,96
14831013001,2,75,2,2,96
14822063001,2,56,2,2,96
12104003001,2,77,1,1,96
12103030001,2,16,1,1,96
14810012001,2,73,4,4,96
14110106001,2,83,9,9,90
14500007001,2,87,3,3,90
14504008001,2,89,3,3,90
14500064001,2,83,3,3,90
14502002001,2,67,3,3,90
14502047001,2,87,3,3,90
14501928001,2,64,3,3,90
14502019001,2,63,3,3,90
14501052001,2,62,3,3,90
14010050001,2,83,6,6,90
14505048001,2,76,3,3,90
10031011001,2,73,7,7,84
10041003001,2,73,7,7,84
10035001001,2,74,7,7,84
11103137001,2,81,14,14,84
14502007001,2,74,7,7,84
14505911001,2,73,7,7,84
14501005001,2,82,7,7,84
14503034001,2,43,2,2,80
14506898001,2,39,1,1,80
14370004001,2,64,4,4,80
10033053001,2,79,10,10,80
10040011001,2,67,4,4,80
14504038001,2,75,8,8,80
11103136001,2,74,13,13,78
12201105001,2,75,75,75,75
10033026001,2,67,6,6,72
12100026001,2,30,1,1,72
10001015001,2,69,3,3,72
14620042001,2,68,12,12,72
10041032001,2,66,3,3,72
14805005001,2,58,3,3,72
10002906001,2,70,3,3,72
10001035001,2,71,3,3,72
10021010001,2,66,3,3,72
14804001001,2,64,3,3,72
14500006001,2,61,3,3,72
10041033001,2,59,3,3,72
10020036001,2,67,3,3,72
10030045001,2,68,3,3,72
10041034001,2,63,3,3,72
10041039001,2,66,3,3,72
14805028001,2,52,3,3,72
10014126001,2,62,3,3,72
10021042001,2,64,3,3,72
10016020001,2,49,3,3,72
14506100001,2,55,3,3,72
10014074001,2,52,3,3,72
12120052001,2,45,2,2,72
14615017001,2,67,12,12,72
10035002001,2,66,9,9,72
14822014001,2,63,6,6,72
10021034001,2,66,6,6,72
14831021001,2,72,3,3,72
14833009001,2,61,3,3,72
10002942001,2,63,3,3,72
14831022001,2,49,3,3,72
15021060001,2,64,3,3,72
10012907001,2,69,3,3,72
15022015001,2,55,3,3,72
10020034001,2,51,3,3,72
14830072001,2,49,3,3,72
10024014001,2,67,3,3,72
12010023002,2,28,1,1,72
14633935001,2,8,1,1,72
11103021001,2,62,11,11,66
14510107001,2,66,66,66,66
10002040001,2,62,11,11,66
10033020001,2,62,8,8,64
14502054001,2,59,8,8,64
10040018001,2,63,8,8,64
10030018001,2,60,8,8,64
10030012001,2,57,8,8,64
10033049001,2,59,8,8,64
11103022001,2,55,10,10,60
14001090001,2,49,5,5,60
10033038001,2,60,5,5,60
10030049001,2,54,5,5,60
14001074001,2,49,5,5,60
14508004001,2,51,3,3,60
14603003001,2,12,1,1,60
12034037001,2,8,1,1,60
31420009001,2,8,1,1,60
12301025001,2,7,1,1,60
31424002001,2,9,1,1,60
31420006001,2,7,1,1,60
14603004001,2,7,1,1,60
14603005001,2,8,1,1,60
14603012001,2,7,1,1,60
14521178001,2,5,1,1,60
14521181001,2,5,1,1,60
14521179001,2,5,1,1,60
14521180001,2,4,1,1,60
14503002001,2,51,2,2,60
14501929001,2,40,2,2,60
14500032001,2,40,2,2,60
14502029001,2,49,5,5,60
14502023001,2,55,5,5,60
14616002001,2,50,5,5,60
14502003001,2,51,2,2,60
14505125001,2,52,2,2,60
14501002001,2,41,2,2,60
14501084001,2,33,2,2,60
14104126001,2,45,2,2,60
14244898001,2,22,1,1,60
14601065001,2,3,1,1,60
14510041001,2,57,57,57,57
12201051001,2,57,57,57,57
10033044001,2,52,7,7,56
14353019001,2,50,9,9,54
14501058001,2,49,9,9,54
12220015001,2,53,53,53,53
11100001001,2,49,13,13,52
14510258001,2,52,52,52,52
14850001001,2,50,50,50,50
12221012001,2,50,50,50,50
12201124001,2,50,50,50,50
11103019001,2,46,12,12,48
11103090001,2,45,8,8,48
11103050001,2,43,8,8,48
14621041001,2,46,4,4,48
10030005001,2,48,4,4,48
14104067001,2,38,4,4,48
14361101001,2,37,4,4,48
10033017001,2,42,4,4,48
10035003001,2,40,4,4,48
10030030001,2,41,4,4,48
14311158001,2,32,2,2,48
11070001001,2,26,2,2,48
14353011001,2,31,2,2,48
10001041001,2,33,2,2,48
14001009001,2,25,2,2,48
12123033001,2,32,1,1,48
12123064001,2,30,1,1,48
12121004001,2,28,1,1,48
14506008001,2,28,1,1,48
14506143001,2,24,1,1,48
14204048001,2,16,1,1,48
14500048001,2,15,1,1,48
14102026001,2,15,1,1,48
14506126001,2,13,1,1,48
12121023001,2,14,1,1,48
14204049001,2,9,1,1,48
14822112001,2,13,1,1,48
14822008001,2,8,1,1,48
14104114001,2,8,1,1,48
14204142001,2,7,1,1,48
30001907001,2,6,1,1,48
14104162001,2,5,1,1,48
14001052001,2,40,4,4,48
14010060001,2,40,4,4,48
14506001001,2,46,4,4,48
31501010001,2,29,2,2,48
10020008001,2,41,2,2,48
31500006001,2,25,2,2,48
10000001001,2,27,2,2,48
14840018001,2,47,1,1,48
12122020001,2,27,1,1,48
14200006001,2,15,1,1,48
12100011001,2,11,1,1,48
10034033001,2,45,2,2,48
14505105001,2,41,2,2,48
14505106001,2,37,2,2,48
14804016001,2,44,2,2,48
14805056001,2,40,2,2,48
14805006001,2,42,2,2,48
10030021001,2,48,2,2,48
14805010001,2,32,2,2,48
14805001001,2,33,2,2,48
10034007001,2,28,2,2,48
12100013001,2,8,1,1,48
10001008001,2,48,8,8,48
14615894001,2,47,8,8,48
14616006001,2,38,4,4,48
14001046001,2,40,4,4,48
10014083001,2,43,4,4,48
10020024001,2,47,2,2,48
15022009001,2,44,2,2,48
10020020001,2,43,2,2,48
15021005001,2,44,2,2,48
10020043001,2,47,2,2,48
14822046001,2,43,2,2,48
14830073001,2,40,2,2,48
12120001001,2,33,2,2,48
10100132001,2,35,2,2,48
14830001001,2,31,2,2,48
14104096001,2,29,2,2,48
10020019001,2,38,2,2,48
14833003001,2,28,2,2,48
14810005001,2,29,2,2,48
10041135001,2,33,2,2,48
14830029001,2,30,2,2,48
10016011001,2,33,2,2,48
14833020001,2,37,2,2,48
14832052001,2,26,2,2,48
14832012001,2,47,1,1,48
14833042001,2,24,1,1,48
14631018001,2,17,1,1,48
30000056001,2,5,1,1,48
12201120001,2,48,48,48,48
10010043001,2,45,2,2,48
14810013001,2,32,2,2,48
10010042001,2,42,2,2,48
14830005001,2,30,2,2,48
12106001001,2,38,1,1,48
14510004001,2,47,47,47,47
14500014001,2,43,43,43,43
10002992001,2,43,43,43,43
12202007001,2,42,42,42,42
12202002001,2,42,42,42,42
14620907001,2,39,7,7,42
12122013001,2,41,41,41,41
14001017001,2,38,4,4,40
14506174001,2,27,1,1,40
14203003001,2,6,1,1,40
14111134001,2,26,2,2,40
14001075001,2,18,1,1,40
14204041001,2,39,4,4,40
14121115001,2,40,4,4,40
14121057001,2,35,4,4,40
14506314001,2,29,2,2,40
12130008001,2,35,9,9,36
14353039001,2,33,9,9,36
11103070001,2,31,6,6,36
14611022001,2,33,6,6,36
14111001001,2,32,6,6,36
14014007001,2,35,6,6,36
14610002001,2,36,4,4,36
14361106001,2,36,3,3,36
11040005001,2,31,3,3,36
14244016001,2,33,3,3,36
14244021001,2,34,3,3,36
14611002001,2,31,3,3,36
14361099001,2,32,3,3,36
10002074001,2,33,3,3,36
14131092001,2,32,3,3,36
14010084001,2,30,3,3,36
14131081001,2,31,3,3,36
11040035001,2,27,3,3,36
14204061001,2,26,3,3,36
10000022001,2,34,3,3,36
10002025001,2,32,3,3,36
11040006001,2,26,3,3,36
14020015001,2,28,3,3,36
14000060001,2,28,3,3,36
10014092001,2,32,3,3,36
14244052001,2,25,3,3,36
14244014001,2,27,3,3,36
14000040001,2,26,3,3,36
14620062001,2,28,3,3,36
14132052001,2,25,3,3,36
14133898001,2,26,3,3,36
14509001001,2,36,2,2,36
14012019001,2,21,2,2,36
12034075001,2,11,1,1,36
11021071001,2,9,1,1,36
14001008001,2,35,2,2,36
14130016001,2,25,3,3,36
14121136001,2,31,3,3,36
14504052001,2,27,3,3,36
14105102001,2,27,3,3,36
14222897001,2,26,1,1,36
14204036001,2,22,1,1,36
12120053001,2,23,1,1,36
10053901001,2,21,1,1,36
14510025001,2,36,36,36,36
14612018002,2,30,3,3,36
11040009001,2,25,3,3,36
14621069001,2,33,3,3,36
14501037001,2,30,3,3,36
12212061001,2,28,3,3,36
14223045001,2,27,3,3,36
14621029001,2,27,3,3,36
14502021001,2,26,3,3,36
14610004001,2,30,3,3,36
12120898001,2,9,1,1,36
14001007001,2,26,3,3,36
14001060001,2,30,3,3,36
10040019001,2,33,17,17,34
14510007001,2,34,34,34,34
14112041001,2,34,34,34,34
14000075001,2,24,3,3,33
11111017001,2,30,8,8,32
12130026001,2,32,8,8,32
14506142001,2,23,1,1,32
14131022001,2,28,4,4,32
14204125001,2,19,2,2,32
10040042001,2,31,16,16,32
14001012001,2,27,4,4,32
14510218001,2,32,32,32,32
10034046001,2,31,4,4,32
12122052001,2,18,2,2,32
14615009001,2,19,2,2,32
14023126001,2,17,2,2,32
14311112001,2,32,32,32,32
12220010001,2,31,31,31,31
12123019001,2,31,31,31,31
14353024001,2,26,5,5,30
14615084001,2,25,5,5,30
14613026001,2,27,5,5,30
12011033001,2,29,5,5,30
14102238001,2,24,3,3,30
14244017001,2,30,3,3,30
14010193001,2,26,2,2,30
14242011001,2,22,2,2,30
31567053001,2,17,2,2,30
31501021001,2,20,1,1,30
14001135001,2,25,1,1,30
31500029001,2,16,1,1,30
14508002001,2,10,1,1,30
14202013001,2,6,1,1,30
14102040001,2,22,2,2,30
14010173001,2,29,3,3,30
14010178001,2,21,3,3,30
14223215001,2,22,3,3,30
14010030001,2,21,3,3,30
31501003001,2,18,2,2,30
31502025001,2,14,1,1,30
14226009001,2,8,1,1,30
14226007001,2,8,1,1,30
31500025002,2,6,1,1,30
31501903001,2,6,1,1,30
31502034002,2,5,1,1,30
11061023001,2,4,1,1,30
14000071001,2,24,3,3,30
14222142001,2,21,3,3,30
14506887001,2,22,1,1,30
14511051001,2,30,30,30,30
12220003001,2,30,30,30,30
14620030001,2,30,5,5,30
14003009001,2,27,3,3,30
14023025001,2,22,3,3,30
14001034001,2,22,3,3,30
14121143001,2,21,3,3,30
14001031001,2,21,3,3,30
14001036001,2,23,3,3,30
14121059001,2,21,3,3,30
31533008001,2,19,2,2,30
14505139001,2,22,1,1,30
31531002001,2,20,1,1,30
30010002001,2,9,1,1,30
14211055001,2,4,1,1,30
30011002001,2,8,1,1,30
14241037001,2,6,1,1,30
10040079001,2,27,14,14,28
12220002001,2,28,28,28,28
10031916001,2,28,28,28,28
14111118001,2,22,3,3,27
14510150001,2,27,27,27,27
14510029001,2,27,27,27,27
10040040001,2,26,13,13,26
14510139001,2,26,26,26,26
14511056001,2,26,26,26,26
14510033001,2,26,26,26,26
12220005001,2,26,26,26,26
14203027001,2,11,1,1,25
14851058001,2,25,25,25,25
14000014001,2,25,5,5,25
14023027001,2,23,4,4,24
14610011001,2,23,4,4,24
14204892001,2,24,4,4,24
14111036001,2,24,4,4,24
11110007001,2,19,4,4,24
12011168001,2,19,4,4,24
14130015001,2,21,3,3,24
14131043001,2,19,3,3,24
14131040001,2,18,3,3,24
14003037001,2,24,2,2,24
14014018001,2,24,2,2,24
14011006001,2,21,2,2,24
14131105001,2,21,2,2,24
14101024001,2,21,2,2,24
14110081001,2,22,2,2,24
14509008001,2,21,2,2,24
14361100001,2,23,2,2,24
14000002001,2,20,2,2,24
14014011001,2,23,2,2,24
14020951001,2,18,2,2,24
14011010001,2,17,2,2,24
14100012001,2,21,2,2,24
14011074001,2,16,2,2,24
14613019001,2,18,2,2,24
11040021001,2,17,2,2,24
14620894001,2,19,2,2,24
14200119001,2,15,2,2,24
14223037001,2,17,2,2,24
10023020001,2,13,2,2,24
14010037001,2,13,2,2,24
14013004001,2,17,2,2,24
14000041001,2,17,2,2,24
10015008001,2,14,2,2,24
14010072001,2,16,2,2,24
14132157001,2,21,2,2,24
14100001001,2,14,2,2,24
14620908001,2,19,2,2,24
14022003001,2,16,2,2,24
11022051001,2,19,2,2,24
14311022001,2,15,2,2,24
14001092001,2,13,2,2,24
11050020001,2,13,2,2,24
14223039001,2,17,2,2,24
14021088001,2,13,2,2,24
14001145001,2,15,2,2,24
14011014001,2,14,2,2,24
14133901001,2,13,2,2,24
11040030001,2,15,2,2,24
14001030001,2,13,2,2,24
14001033001,2,14,2,2,24
14133905001,2,13,2,2,24
12123086001,2,18,1,1,24
12123085001,2,24,1,1,24
14001018001,2,19,1,1,24
31473013001,2,16,1,1,24
12123076001,2,15,1,1,24
14111020001,2,13,1,1,24
14360045001,2,11,1,1,24
14111037001,2,16,1,1,24
12123077001,2,13,1,1,24
14111038001,2,9,1,1,24
14360008001,2,9,1,1,24
11070045001,2,9,1,1,24
14213004001,2,6,1,1,24
14241020001,2,6,1,1,24
11070029001,2,6,1,1,24
14100027001,2,5,1,1,24
14111034001,2,5,1,1,24
14203080001,2,5,1,1,24
14303015001,2,4,1,1,24
12106097001,2,4,1,1,24
11103134001,2,23,6,6,24
14020006001,2,19,4,4,24
14130009001,2,21,3,3,24
14130054001,2,22,3,3,24
14121062001,2,24,2,2,24
12212033001,2,23,2,2,24
14121164001,2,22,2,2,24
14104079001,2,22,2,2,24
14130042001,2,19,2,2,24
14504053001,2,16,2,2,24
14131008001,2,18,2,2,24
14506090001,2,14,2,2,24
14011078001,2,13,2,2,24
14120020001,2,13,2,2,24
14131121001,2,14,2,2,24
11072001001,2,16,2,2,24
14120045001,2,14,2,2,24
14204071001,2,19,1,1,24
14601004001,2,18,1,1,24
14601001001,2,21,1,1,24
14204070001,2,14,1,1,24
11032037001,2,14,1,1,24
14312999001,2,10,1,1,24
12301011001,2,7,1,1,24
12106028001,2,8,1,1,24
14243166001,2,6,1,1,24
12102086001,2,5,1,1,24
14600017001,2,6,1,1,24
14620051001,2,5,1,1,24
14002053001,2,4,1,1,24
12102008001,2,4,1,1,24
11101014001,2,22,4,4,24
14110029001,2,18,3,3,24
14104101001,2,24,2,2,24
14133029001,2,22,2,2,24
14223094001,2,24,2,2,24
14133030001,2,17,2,2,24
14020022001,2,19,2,2,24
14011051001,2,22,2,2,24
11051002001,2,16,2,2,24
14501899001,2,19,2,2,24
14020008001,2,14,2,2,24
11050025001,2,14,2,2,24
14011011001,2,13,2,2,24
14120017001,2,13,2,2,24
14615082001,2,14,2,2,24
14508017001,2,14,2,2,24
10014080001,2,22,1,1,24
31502006001,2,18,1,1,24
14805023001,2,19,1,1,24
10000023001,2,16,1,1,24
14505058001,2,14,1,1,24
14220141001,2,10,1,1,24
14223018001,2,8,1,1,24
14220140001,2,9,1,1,24
14131074001,2,8,1,1,24
14121101001,2,5,1,1,24
14241024001,2,5,1,1,24
11041027001,2,4,1,1,24
12201068001,2,24,24,24,24
14620006001,2,24,4,4,24
10002917001,2,24,4,4,24
11101028001,2,20,4,4,24
10002072001,2,23,4,4,24
11040010001,2,23,2,2,24
14613902001,2,23,2,2,24
12212005001,2,24,2,2,24
12000178001,2,22,2,2,24
12000179001,2,24,2,2,24
14833018001,2,21,2,2,24
14244059001,2,19,2,2,24
10052025001,2,18,2,2,24
14020013001,2,21,2,2,24
14601026001,2,16,2,2,24
14023014001,2,21,2,2,24
14121104001,2,14,2,2,24
10052020001,2,15,2,2,24
14010079001,2,14,2,2,24
14010078001,2,17,2,2,24
14010062001,2,17,2,2,24
31567031001,2,23,2,2,24
11050011001,2,21,2,2,24
14244918001,2,14,2,2,24
31533005001,2,13,2,2,24
15020904001,2,17,2,2,24
14243058001,2,14,2,2,24
31567018001,2,19,2,2,24
14243046001,2,15,2,2,24
14101007001,2,13,2,2,24
14243045001,2,13,2,2,24
14001062001,2,14,2,2,24
14610010001,2,14,2,2,24
14243042001,2,13,2,2,24
14130013001,2,13,2,2,24
14010292001,2,14,2,2,24
14830011001,2,22,1,1,24
14830045001,2,23,1,1,24
14832054001,2,22,1,1,24
14831008001,2,21,1,1,24
14833052001,2,20,1,1,24
14830026001,2,19,1,1,24
14811006001,2,23,1,1,24
14830007001,2,23,1,1,24
14810002001,2,19,1,1,24
14811004001,2,16,1,1,24
14841002001,2,18,1,1,24
11074015002,2,16,1,1,24
14613900001,2,20,1,1,24
14502031001,2,15,1,1,24
14832005001,2,20,1,1,24
14811008001,2,13,1,1,24
14832057001,2,16,1,1,24
14600013001,2,12,1,1,24
11074015001,2,11,1,1,24
12121089001,2,15,1,1,24
11074003001,2,10,1,1,24
12121050001,2,8,1,1,24
12010042001,2,9,1,1,24
12010041001,2,8,1,1,24
14200087001,2,7,1,1,24
14202017001,2,7,1,1,24
14633039001,2,8,1,1,24
12122016001,2,7,1,1,24
14833049001,2,6,1,1,24
14600011001,2,6,1,1,24
14223032001,2,7,1,1,24
14521166001,2,6,1,1,24
14506103001,2,5,1,1,24
31455003001,2,6,1,1,24
14600025001,2,6,1,1,24
14200012001,2,6,1,1,24
14600021001,2,6,1,1,24
14200091001,2,5,1,1,24
12010198001,2,4,1,1,24
14200093001,2,4,1,1,24
12003130001,2,4,1,1,24
12102140001,2,15,2,2,24
14506067001,2,21,2,2,24
14630016001,2,17,2,2,24
12102095001,2,15,2,2,24
31602045001,2,9,1,1,24
12202039001,2,23,23,23,23
14111039001,2,23,23,23,23
10040037001,2,21,11,11,22
14510252001,2,22,22,22,22
14023198001,2,22,22,22,22
14510109001,2,22,22,22,22
12202005001,2,21,21,21,21
12221009001,2,21,21,21,21
12120063001,2,21,21,21,21
14613904001,2,20,5,5,20
14104169001,2,20,2,2,20
14352060001,2,16,2,2,20
14103018001,2,19,2,2,20
14100013001,2,16,2,2,20
14132003001,2,18,2,2,20
14100021001,2,17,2,2,20
14132012001,2,16,2,2,20
14104113001,2,13,2,2,20
14132013001,2,13,2,2,20
14132038001,2,13,2,2,20
14001635001,2,11,2,2,20
14101074001,2,12,2,2,20
14000123001,2,11,2,2,20
14203078001,2,17,1,1,20
12106105001,2,18,1,1,20
14012010001,2,17,1,1,20
11061071001,2,13,1,1,20
11061068001,2,9,1,1,20
14201021001,2,12,1,1,20
14131011001,2,9,1,1,20
14121007001,2,8,1,1,20
14103053001,2,7,1,1,20
14204126001,2,9,1,1,20
14201013001,2,7,1,1,20
14202009001,2,6,1,1,20
14500058001,2,4,1,1,20
31424001001,2,3,1,1,20
14000027001,2,20,4,4,20
14000010001,2,16,4,4,20
14112054001,2,16,2,2,20
14020014001,2,17,2,2,20
14111024001,2,15,2,2,20
14112021001,2,13,2,2,20
14222046001,2,13,2,2,20
14011042001,2,14,2,2,20
14222043001,2,11,2,2,20
14111132001,2,20,1,1,20
14111123001,2,19,1,1,20
14203001001,2,13,1,1,20
14370002001,2,17,1,1,20
14204132001,2,13,1,1,20
14121015001,2,12,1,1,20
14203083001,2,7,1,1,20
14203004001,2,5,1,1,20
14104098001,2,3,1,1,20
12020339001,2,3,1,1,20
14503004001,2,20,1,1,20
14370003001,2,17,1,1,20
14362041001,2,15,1,1,20
14104148001,2,7,1,1,20
14241031001,2,7,1,1,20
14511052001,2,20,20,20,20
14510123001,2,20,20,20,20
14506056001,2,17,5,5,20
11050004001,2,18,5,5,20
14506039001,2,20,5,5,20
12212069001,2,17,5,5,20
14104042001,2,20,4,4,20
14242012001,2,16,2,2,20
14222114001,2,14,2,2,20
10011008001,2,14,2,2,20
14241042001,2,13,2,2,20
14200015001,2,11,2,2,20
14204054001,2,15,1,1,20
14223179001,2,16,1,1,20
11102002001,2,15,1,1,20
14204086001,2,13,1,1,20
14244053001,2,12,1,1,20
30052113001,2,13,1,1,20
14204083001,2,14,1,1,20
14204065001,2,13,1,1,20
14204021001,2,13,1,1,20
14210077001,2,10,1,1,20
14210120001,2,9,1,1,20
14210051001,2,8,1,1,20
14204044001,2,7,1,1,20
14204055001,2,6,1,1,20
14203062001,2,5,1,1,20
14210079001,2,6,1,1,20
14203056001,2,6,1,1,20
14020977001,2,6,1,1,20
14220078001,2,5,1,1,20
14021109001,2,4,1,1,20
14023212001,2,4,1,1,20
14203064001,2,4,1,1,20
14210067001,2,4,1,1,20
14130010001,2,20,20,20,20
12212910001,2,20,20,20,20
14021107001,2,19,19,19,19
14112040001,2,19,19,19,19
11103015001,2,18,3,3,18
11103375001,2,16,3,3,18
11110008001,2,17,3,3,18
14010043001,2,17,3,3,18
11103007001,2,16,3,3,18
14022029001,2,14,3,3,18
11103051001,2,17,3,3,18
11103098001,2,13,3,3,18
11103096001,2,15,3,3,18
12011412001,2,15,3,3,18
14353899001,2,14,3,3,18
12000059001,2,15,3,3,18
14001002001,2,18,1,1,18
12123057001,2,18,1,1,18
14104085001,2,15,1,1,18
14104086001,2,10,1,1,18
14312112001,2,9,1,1,18
14505148001,2,7,1,1,18
14350009001,2,7,1,1,18
14351042001,2,4,1,1,18
14311118001,2,3,1,1,18
11022025001,2,3,1,1,18
14851025001,2,18,18,18,18
14001010001,2,18,1,1,18
14330005001,2,16,3,3,18
14330010001,2,15,3,3,18
14111009001,2,13,3,3,18
12100039001,2,18,1,1,18
14311231001,2,7,1,1,18
12123069001,2,3,1,1,18
14851063001,2,18,3,3,18
11111011001,2,15,3,3,18
14023295001,2,14,3,3,18
14851072001,2,14,3,3,18
14105130001,2,15,2,2,18
14105129001,2,11,2,2,18
14001003001,2,7,1,1,18
14510110001,2,18,18,18,18
14511014001,2,18,18,18,18
14510100001,2,18,18,18,18
14021021001,2,18,18,18,18
14010094001,2,16,3,3,18
10002069001,2,18,3,3,18
14613906001,2,16,3,3,18
14613915001,2,16,3,3,18
14010019001,2,13,3,3,18
11111021001,2,13,3,3,18
14613907001,2,13,3,3,18
14010150001,2,14,3,3,18
14010025001,2,18,3,3,18
11101055001,2,15,3,3,18
14104108001,2,13,3,3,18
14204006001,2,14,3,3,18
14613007001,2,15,3,3,18
14506084001,2,14,3,3,18
11102009001,2,11,2,2,18
14612034001,2,12,2,2,18
12121003001,2,18,18,18,18
14612900001,2,16,3,3,18
14510111001,2,17,17,17,17
11050035001,2,15,4,4,16
14204129001,2,15,4,4,16
11103095001,2,15,4,4,16
11103176001,2,13,4,4,16
14506002001,2,12,2,2,16
14506490001,2,10,2,2,16
14111010001,2,13,2,2,16
14023252001,2,10,2,2,16
14506015001,2,9,2,2,16
14242133001,2,11,2,2,16
14121090001,2,15,1,1,16
14350005001,2,12,1,1,16
14120054001,2,8,1,1,16
14508013001,2,7,1,1,16
14301013001,2,7,1,1,16
14351056001,2,7,1,1,16
14300025001,2,4,1,1,16
14302024001,2,5,1,1,16
14506044001,2,4,1,1,16
14102009001,2,15,2,2,16
14131056001,2,16,2,2,16
14121094001,2,16,2,2,16
14104150001,2,15,2,2,16
14315017001,2,12,2,2,16
14315016001,2,10,2,2,16
14104151001,2,9,2,2,16
14010187001,2,16,1,1,16
14010149001,2,14,1,1,16
14010151001,2,8,1,1,16
14010186001,2,8,1,1,16
14010145001,2,7,1,1,16
14110003001,2,7,1,1,16
33551908001,2,4,1,1,16
14506225001,2,14,1,1,16
14510057001,2,16,16,16,16
14510069001,2,16,16,16,16
14510233001,2,16,16,16,16
14811007001,2,16,2,2,16
14833072001,2,15,2,2,16
14023302001,2,13,1,1,16
14023129001,2,11,1,1,16
14023132001,2,10,1,1,16
14220002001,2,6,1,1,16
12212011001,2,6,1,1,16
14120002001,2,4,1,1,16
12120094001,2,16,16,16,16
12234029001,2,14,5,5,15
14110056001,2,12,3,3,15
14010198001,2,13,1,1,15
14010208001,2,9,1,1,15
14361907001,2,6,1,1,15
14361012001,2,4,1,1,15
14110086001,2,14,1,1,15
14103030001,2,15,1,1,15
31500015001,2,13,1,1,15
14103057001,2,10,1,1,15
14224002001,2,7,1,1,15
12220013001,2,15,15,15,15
14510140001,2,15,15,15,15
11110060001,2,9,1,1,15
14021035001,2,11,1,1,15
12120025001,2,15,15,15,15
14311043001,2,15,15,15,15
12201108001,2,14,14,14,14
14023257001,2,6,1,1,14
14020937001,2,4,1,1,14
14023256001,2,3,1,1,14
12121005001,2,14,14,14,14
14104019001,2,14,14,14,14
14311058001,2,14,14,14,14
14510153001,2,13,13,13,13
14510133001,2,13,13,13,13
12233023001,2,11,4,4,12
11100008001,2,11,3,3,12
12130010001,2,12,3,3,12
11050060001,2,12,3,3,12
11110006001,2,12,2,2,12
14023164001,2,9,2,2,12
11103114001,2,10,2,2,12
12000060001,2,11,2,2,12
14613908001,2,10,2,2,12
14023115001,2,8,2,2,12
11103076001,2,8,2,2,12
14010199001,2,8,2,2,12
14850194001,2,7,2,2,12
14023034001,2,7,2,2,12
14010049001,2,12,1,1,12
14001066001,2,12,1,1,12
14101004001,2,12,1,1,12
14003054001,2,12,1,1,12
14010073001,2,11,1,1,12
14022002001,2,11,1,1,12
14001138001,2,10,1,1,12
14011005001,2,11,1,1,12
14011929001,2,11,1,1,12
14010211001,2,10,1,1,12
14010064001,2,11,1,1,12
14021006001,2,12,1,1,12
14023003001,2,11,1,1,12
12011114001,2,12,1,1,12
14011009001,2,11,1,1,12
14010041001,2,10,1,1,12
14020009001,2,9,1,1,12
14100009001,2,9,1,1,12
11050012001,2,10,1,1,12
14353005001,2,10,1,1,12
14021055001,2,11,1,1,12
14022118001,2,9,1,1,12
14240005001,2,10,1,1,12
12011113001,2,9,1,1,12
11021041001,2,10,1,1,12
14011004001,2,10,1,1,12
14022086001,2,9,1,1,12
14613009001,2,10,1,1,12
14001104001,2,9,1,1,12
14002013001,2,9,1,1,12
14010077001,2,8,1,1,12
14361010001,2,8,1,1,12
14361026001,2,7,1,1,12
14003011001,2,8,1,1,12
12011075001,2,7,1,1,12
14001073001,2,8,1,1,12
14013002001,2,7,1,1,12
14361162001,2,10,1,1,12
14506139001,2,7,1,1,12
14361104001,2,8,1,1,12
14011027001,2,8,1,1,12
14020030001,2,7,1,1,12
14303048001,2,7,1,1,12
14010289001,2,6,1,1,12
11111013001,2,6,1,1,12
12011254001,2,7,1,1,12
14203032001,2,7,1,1,12
14303933001,2,5,1,1,12
14011023001,2,7,1,1,12
14104011001,2,6,1,1,12
14506109001,2,6,1,1,12
12011085001,2,7,1,1,12
14013001001,2,6,1,1,12
14361065001,2,6,1,1,12
14361160001,2,7,1,1,12
14131026001,2,5,1,1,12
14000119001,2,5,1,1,12
14110163001,2,6,1,1,12
14111006001,2,5,1,1,12
14003001001,2,6,1,1,12
14011015001,2,5,1,1,12
14021036001,2,5,1,1,12
14240001001,2,6,1,1,12
14361041001,2,6,1,1,12
14001086001,2,6,1,1,12
14361044001,2,6,1,1,12
12011255001,2,6,1,1,12
14506164001,2,4,1,1,12
11050065002,2,5,1,1,12
12130075001,2,4,1,1,12
14022020001,2,4,1,1,12
14302079001,2,5,1,1,12
14506150001,2,5,1,1,12
14001084001,2,5,1,1,12
14242036001,2,5,1,1,12
14242042001,2,5,1,1,12
14001085001,2,5,1,1,12
14022001001,2,5,1,1,12
14500030001,2,4,1,1,12
11050038001,2,4,1,1,12
14121011001,2,4,1,1,12
14303001001,2,4,1,1,12
14023063001,2,3,1,1,12
12011333001,2,3,1,1,12
14200133001,2,3,1,1,12
14021054001,2,12,2,2,12
14111011001,2,12,2,2,12
14132074001,2,9,2,2,12
14020976001,2,8,2,2,12
14360022001,2,7,2,2,12
14331028001,2,8,2,2,12
14330011001,2,7,2,2,12
11050040002,2,7,2,2,12
14121173001,2,12,1,1,12
14244058001,2,12,1,1,12
14003013001,2,10,1,1,12
14010012001,2,11,1,1,12
14204062001,2,11,1,1,12
14000018001,2,12,1,1,12
14000021001,2,11,1,1,12
14010098001,2,9,1,1,12
14111142001,2,10,1,1,12
11032220001,2,10,1,1,12
12011277001,2,10,1,1,12
12123015001,2,10,1,1,12
14111143001,2,9,1,1,12
14133028001,2,10,1,1,12
14506070001,2,8,1,1,12
11051006001,2,8,1,1,12
11032027001,2,8,1,1,12
14120005001,2,9,1,1,12
14010029001,2,9,1,1,12
14361082001,2,9,1,1,12
11032218001,2,9,1,1,12
14370025001,2,9,1,1,12
14023149001,2,7,1,1,12
14102115001,2,8,1,1,12
14506005001,2,9,1,1,12
14243043001,2,8,1,1,12
11032218002,2,7,1,1,12
14361112001,2,8,1,1,12
14023035001,2,7,1,1,12
12011400001,2,6,1,1,12
14002003001,2,7,1,1,12
14361128001,2,8,1,1,12
14506060001,2,6,1,1,12
14244049001,2,7,1,1,12
12121056001,2,6,1,1,12
14133027001,2,7,1,1,12
14133007001,2,6,1,1,12
11050019002,2,6,1,1,12
11051013001,2,5,1,1,12
14102087001,2,5,1,1,12
14222087001,2,5,1,1,12
14506069001,2,5,1,1,12
14509036001,2,4,1,1,12
11032230001,2,4,1,1,12
11104005002,2,4,1,1,12
14000068001,2,4,1,1,12
14740024001,2,4,1,1,12
14353040001,2,3,1,1,12
14361009001,2,3,1,1,12
14851071001,2,11,2,2,12
14010194001,2,11,2,2,12
11101036001,2,7,2,2,12
14361129001,2,10,1,1,12
14011044001,2,10,1,1,12
14503024001,2,12,1,1,12
14023310001,2,11,1,1,12
14244933001,2,9,1,1,12
12010020001,2,12,1,1,12
14503048001,2,8,1,1,12
14121022001,2,7,1,1,12
14111004001,2,10,1,1,12
12010137001,2,9,1,1,12
14104016001,2,8,1,1,12
30450023001,2,8,1,1,12
65106030001,2,8,1,1,12
14104090001,2,7,1,1,12
12010002001,2,7,1,1,12
14102010001,2,7,1,1,12
12002023001,2,8,1,1,12
11022007001,2,7,1,1,12
11032021001,2,7,1,1,12
14000100001,2,7,1,1,12
14800004001,2,7,1,1,12
14601047001,2,5,1,1,12
14351052001,2,5,1,1,12
14104102001,2,7,1,1,12
14244934001,2,5,1,1,12
14700078001,2,5,1,1,12
14001037001,2,5,1,1,12
14361093001,2,5,1,1,12
11050029001,2,4,1,1,12
14102008001,2,4,1,1,12
12000011001,2,3,1,1,12
12000152001,2,4,1,1,12
14101081001,2,4,1,1,12
14633021001,2,4,1,1,12
14510103001,2,12,12,12,12
14510265001,2,12,12,12,12
11050017001,2,10,3,3,12
10022011001,2,11,2,2,12
14111002001,2,11,2,2,12
11110085001,2,12,2,2,12
11101029001,2,12,2,2,12
12105009001,2,12,2,2,12
10023080001,2,9,2,2,12
11111025001,2,8,2,2,12
14613024001,2,7,2,2,12
14612088001,2,12,1,1,12
14505046001,2,12,1,1,12
12010110001,2,11,1,1,12
14620999001,2,11,1,1,12
11071898001,2,12,1,1,12
31466156001,2,11,1,1,12
35751019001,2,10,1,1,12
14243044001,2,11,1,1,12
14002051001,2,11,1,1,12
14620057001,2,12,1,1,12
14001035001,2,12,1,1,12
14620021001,2,10,1,1,12
14700026001,2,10,1,1,12
10052035001,2,8,1,1,12
14121119001,2,8,1,1,12
14010055001,2,10,1,1,12
14801003001,2,8,1,1,12
14822049001,2,8,1,1,12
14841003001,2,8,1,1,12
14601031001,2,11,1,1,12
14243040001,2,11,1,1,12
10052011001,2,8,1,1,12
14230432001,2,8,1,1,12
14121112001,2,8,1,1,12
14616001001,2,11,1,1,12
14601030001,2,8,1,1,12
14616054001,2,9,1,1,12
14620114001,2,9,1,1,12
11022014001,2,8,1,1,12
14244027001,2,8,1,1,12
14621045001,2,9,1,1,12
10052017001,2,8,1,1,12
11073902001,2,9,1,1,12
14820029001,2,7,1,1,12
11071001001,2,8,1,1,12
14202021001,2,7,1,1,12
14022093001,2,7,1,1,12
14220005001,2,8,1,1,12
14833034001,2,8,1,1,12
12212015001,2,8,1,1,12
14833013001,2,7,1,1,12
14601999001,2,7,1,1,12
11070024001,2,8,1,1,12
12120006001,2,7,1,1,12
14121064001,2,7,1,1,12
14303934001,2,6,1,1,12
14630022001,2,7,1,1,12
14242151001,2,7,1,1,12
12011067001,2,5,1,1,12
14243061001,2,6,1,1,12
14315003001,2,6,1,1,12
14600898001,2,5,1,1,12
31567052001,2,7,1,1,12
12102152001,2,6,1,1,12
11070011001,2,7,1,1,12
14121075001,2,6,1,1,12
11070003001,2,6,1,1,12
14340006001,2,5,1,1,12
14121129001,2,6,1,1,12
14010293001,2,5,1,1,12
14104060001,2,5,1,1,12
14121093001,2,5,1,1,12
14242149001,2,5,1,1,12
14220071001,2,5,1,1,12
14121105001,2,4,1,1,12
14120044001,2,5,1,1,12
14222053001,2,5,1,1,12
14002021001,2,5,1,1,12
14244045001,2,4,1,1,12
14620903001,2,5,1,1,12
11073902002,2,5,1,1,12
14002027001,2,4,1,1,12
14820001001,2,4,1,1,12
14616017001,2,5,1,1,12
14611020001,2,5,1,1,12
14615002001,2,4,1,1,12
11040039001,2,4,1,1,12
14244011001,2,4,1,1,12
14222019001,2,3,1,1,12
14632223001,2,4,1,1,12
31568019001,2,4,1,1,12
14615107001,2,3,1,1,12
14210005001,2,3,1,1,12
14113013001,2,3,1,1,12
14632005001,2,3,1,1,12
14222025001,2,3,1,1,12
12000377001,2,3,1,1,12
14111025001,2,12,12,12,12
14244015001,2,8,2,2,12
14244028001,2,7,2,2,12
14506049001,2,8,1,1,12
14506066001,2,7,1,1,12
14615108001,2,11,1,1,12
12020243001,2,7,1,1,12
12102142001,2,7,1,1,12
14223176001,2,8,1,1,12
14630027001,2,8,1,1,12
12101004001,2,8,1,1,12
14620110001,2,6,1,1,12
14620119001,2,6,1,1,12
12020232001,2,5,1,1,12
12020473001,2,4,1,1,12
12020485001,2,4,1,1,12
12010262001,2,4,1,1,12
14223178001,2,3,1,1,12
12020165001,2,3,1,1,12
12020068001,2,4,1,1,12
14630034001,2,2,1,1,12
14850034001,2,10,10,10,10
14001028001,2,10,1,1,10
14121006001,2,8,1,1,10
14001019001,2,9,1,1,10
31235016001,2,8,1,1,10
14121004001,2,8,1,1,10
14001058001,2,8,1,1,10
14121061001,2,6,1,1,10
14110051001,2,5,1,1,10
14000015001,2,10,2,2,10
14112009001,2,10,1,1,10
14111008001,2,10,1,1,10
14506099001,2,8,1,1,10
14010068001,2,8,1,1,10
14011041001,2,9,1,1,10
14000061001,2,6,1,1,10
14223080001,2,7,1,1,10
14222042001,2,6,1,1,10
14111029001,2,7,1,1,10
14112053001,2,4,1,1,10
14010200001,2,4,1,1,10
14244039001,2,4,1,1,10
14242037001,2,8,1,1,10
14112038001,2,7,1,1,10
14132116001,2,6,1,1,10
14110019001,2,8,1,1,10
14200049001,2,5,1,1,10
14110010001,2,5,1,1,10
14110002001,2,5,1,1,10
14510199001,2,10,10,10,10
14510098001,2,10,10,10,10
14511036001,2,10,10,10,10
14510127001,2,10,10,10,10
14222095001,2,10,1,1,10
14242131001,2,9,1,1,10
14222070001,2,10,1,1,10
14615041001,2,10,1,1,10
14132071001,2,9,1,1,10
14200011001,2,9,1,1,10
14242009001,2,8,1,1,10
14121053001,2,8,1,1,10
14242155001,2,7,1,1,10
14200047001,2,7,1,1,10
14242056001,2,6,1,1,10
14241030001,2,6,1,1,10
14203048001,2,5,1,1,10
14200018001,2,6,1,1,10
14242039001,2,5,1,1,10
11042008001,2,5,1,1,10
14506096001,2,5,1,1,10
14200046001,2,5,1,1,10
14222071001,2,4,1,1,10
14311135001,2,10,10,10,10
12122050001,2,10,10,10,10
14242003001,2,4,1,1,10
14220019001,2,3,1,1,10
14243107001,2,3,1,1,10
14111055001,2,4,1,1,9
14121269001,2,9,9,9,9
14511011001,2,9,9,9,9
12122003001,2,9,9,9,9
14850093001,2,8,8,8,8
12201080001,2,8,2,2,8
14204043001,2,8,1,1,8
14023017001,2,7,1,1,8
14311027001,2,8,1,1,8
14000050001,2,7,1,1,8
14111015001,2,6,1,1,8
14506286001,2,5,1,1,8
14000066001,2,6,1,1,8
14242134001,2,4,1,1,8
14010009001,2,4,1,1,8
14506375001,2,4,1,1,8
14023032001,2,3,1,1,8
14133914001,2,4,1,1,8
10023027001,2,6,2,2,8
14804014001,2,7,2,2,8
14110024001,2,7,1,1,8
14110011001,2,5,1,1,8
11111019001,2,8,2,2,8
11010042001,2,8,2,2,8
11050076001,2,8,2,2,8
12010234001,2,7,2,2,8
11050046001,2,6,2,2,8
11103369001,2,8,2,2,8
11050033001,2,6,2,2,8
11103035001,2,6,2,2,8
14103155001,2,8,8,8,8
10023106001,2,8,2,2,8
12212035001,2,8,2,2,8
12103008001,2,5,1,1,8
14240017001,2,7,1,1,8
14833086001,2,6,1,1,8
12123111001,2,8,8,8,8
14111031001,2,8,8,8,8
12120061001,2,8,8,8,8
11103133001,2,8,8,8,8
14810017001,2,6,1,1,8
12221006001,2,7,7,7,7
14510101001,2,7,7,7,7
12130045001,2,6,1,1,6
14850195001,2,6,1,1,6
14613016001,2,5,1,1,6
14020960001,2,6,1,1,6
14022033001,2,4,1,1,6
14616019001,2,5,1,1,6
14611013001,2,6,1,1,6
14020019001,2,4,1,1,6
14331044001,2,4,1,1,6
14010192001,2,3,1,1,6
14022012001,2,6,1,1,6
14102182001,2,5,1,1,6
14330018001,2,6,1,1,6
14506159001,2,5,1,1,6
14022041001,2,5,1,1,6
14023012001,2,6,1,1,6
14227005001,2,6,1,1,6
14011043001,2,5,1,1,6
14512007001,2,5,1,1,6
14332016001,2,4,1,1,6
14132075001,2,4,1,1,6
14103106001,2,4,1,1,6
14331022001,2,4,1,1,6
14244056001,2,4,1,1,6
14222007001,2,3,1,1,6
14244026001,2,4,1,1,6
14510159001,2,6,6,6,6
14510148001,2,6,6,6,6
14510190001,2,6,6,6,6
12001049001,2,5,1,1,6
11110089001,2,5,1,1,6
11103106001,2,6,1,1,6
11103289001,2,6,1,1,6
11110093001,2,6,1,1,6
12001080001,2,5,1,1,6
14506004001,2,4,1,1,6
11111015001,2,4,1,1,6
11103346001,2,4,1,1,6
12201897001,2,6,6,6,6
14244050001,2,5,1,1,6
14602023001,2,4,1,1,6
14102048001,2,5,1,1,6
14602002001,2,3,1,1,6
12002126001,2,3,1,1,6
14850125001,2,5,5,5,5
14510090001,2,5,5,5,5
14510010001,2,5,5,5,5
11100005001,2,4,4,4,4
31827023001,2,4,4,4,4
14510068001,2,4,4,4,4
14510246001,2,4,4,4,4
14510210001,2,4,4,4,4
14506018001,2,4,1,1,4
14021091001,2,4,4,4,4
14220110001,3,47,1,1,594
12201059001,3,197,197,197,197
15024011001,3,189,8,8,192
14225030001,3,4,1,1,159
12010254001,3,8,1,1,144
12106075001,3,4,1,1,144
12106061001,3,1,1,1,144
14621021001,3,102,9,9,108
31244001001,3,3,1,1,100
12103026001,3,9,1,1,96
12103132001,3,2,1,1,96
14852009001,3,7,1,1,96
14852020001,3,6,1,1,96
14852012001,3,6,1,1,96
14852008001,3,5,1,1,96
14852015001,3,5,1,1,96
14852011001,3,4,1,1,96
14852898001,3,4,1,1,96
14852899001,3,4,1,1,96
10014905001,3,90,4,4,96
14852019001,3,17,1,1,96
14852016001,3,5,1,1,96
12103020001,3,5,1,1,96
14852062001,3,5,1,1,96
14225035001,3,1,1,1,96
12102006001,3,3,1,1,80
14853013001,3,18,1,1,80
14601899001,3,1,1,1,80
12201110001,3,53,1,1,72
12103080001,3,3,1,1,72
12103099001,3,3,1,1,72
12102005001,3,7,1,1,72
12103029001,3,5,1,1,72
12201111001,3,4,1,1,72
12106112001,3,3,1,1,72
11071030001,3,1,1,1,72
10021005001,3,64,3,3,72
10002990001,3,71,3,3,72
10033023001,3,66,3,3,72
12010060001,3,9,1,1,72
12100012001,3,6,1,1,72
12103899001,3,5,1,1,72
12103012001,3,4,1,1,72
12100020001,3,2,1,1,72
15023001001,3,67,3,3,72
10024001001,3,53,3,3,72
12212001001,3,35,1,1,72
12103041001,3,13,1,1,72
12103112001,3,8,1,1,72
12010023001,3,3,1,1,72
12103036001,3,3,1,1,72
12103047001,3,3,1,1,72
12103134001,3,3,1,1,72
12103183001,3,3,1,1,72
12212013001,3,3,1,1,72
12212017001,3,3,1,1,72
12212018001,3,3,1,1,72
12103174001,3,3,1,1,72
12104015001,3,3,1,1,72
12212009001,3,2,1,1,72
12103098001,3,2,1,1,72
12106113001,3,2,1,1,72
31230005001,3,4,1,1,60
30045021001,3,4,1,1,60
14603030001,3,3,1,1,60
31423009001,3,3,1,1,60
14506171001,3,14,1,1,60
14506021001,3,10,1,1,60
12020009001,3,1,1,1,60
14226035001,3,9,1,1,60
14226032001,3,2,1,1,60
14226046001,3,2,1,1,60
14226051001,3,1,1,1,60
12212010001,3,8,1,1,60
12010107001,3,5,1,1,60
14226100001,3,3,1,1,60
11071005001,3,16,1,1,60
12010105001,3,5,1,1,60
32501008001,3,3,1,1,55
14853002001,3,19,1,1,54
12201096001,3,49,49,49,49
12123132001,3,16,1,1,48
14500018001,3,10,1,1,48
60011899001,3,13,1,1,48
31422008001,3,6,1,1,48
12121051001,3,7,1,1,48
12122011001,3,5,1,1,48
14204137001,3,5,1,1,48
31421039001,3,4,1,1,48
12110028001,3,5,1,1,48
12122015001,3,4,1,1,48
12121015001,3,4,1,1,48
12100101001,3,3,1,1,48
12100102001,3,3,1,1,48
31421041001,3,3,1,1,48
12034012001,3,2,1,1,48
31240002001,3,2,1,1,48
31422017001,3,2,1,1,48
32431162001,3,2,1,1,48
12034201001,3,1,1,1,48
12122040001,3,3,1,1,48
31422013001,3,3,1,1,48
12102024001,3,3,1,1,48
12102041001,3,1,1,1,48
12100008001,3,1,1,1,48
12104013001,3,1,1,1,48
10034022001,3,34,2,2,48
10002915001,3,38,2,2,48
10031015001,3,36,2,2,48
10041038001,3,32,2,2,48
12327009001,3,28,2,2,48
12100059001,3,3,1,1,48
12100056001,3,2,1,1,48
12101040002,3,2,1,1,48
14226116001,3,1,1,1,48
10013007001,3,43,2,2,48
10024005001,3,39,2,2,48
10040014001,3,35,2,2,48
15023008001,3,43,2,2,48
10022004001,3,36,2,2,48
10014014001,3,27,2,2,48
10041009001,3,27,2,2,48
10032004001,3,27,2,2,48
14853009001,3,44,1,1,48
14833078001,3,10,1,1,48
14831005001,3,8,1,1,48
14102223001,3,5,1,1,48
14853031001,3,5,1,1,48
12022096001,3,5,1,1,48
12104046001,3,3,1,1,48
12102031001,3,2,1,1,48
12103160001,3,2,1,1,48
14853039001,3,3,1,1,48
30002001001,3,2,1,1,48
12106063001,3,2,1,1,48
30003001001,3,2,1,1,48
12100061001,3,1,1,1,48
12103053001,3,1,1,1,48
12103155001,3,1,1,1,48
12104042001,3,1,1,1,48
14853038001,3,1,1,1,48
12102022001,3,1,1,1,48
12101010001,3,6,1,1,48
30001002001,3,1,1,1,48
12103072001,3,1,1,1,48
30000004001,3,1,1,1,48
30013002001,3,2,1,1,45
31235015001,3,4,1,1,40
15081020001,3,3,1,1,40
11074033001,3,2,1,1,40
14506313001,3,27,2,2,40
14505958001,3,4,1,1,40
14509017001,3,3,1,1,40
14220155001,3,2,1,1,40
11062011001,3,1,1,1,40
10033022001,3,32,3,3,36
12122019001,3,5,1,1,36
11075004001,3,4,1,1,36
12034104001,3,4,1,1,36
12120072001,3,4,1,1,36
12120089001,3,6,1,1,36
12034094001,3,5,1,1,36
12034095001,3,2,1,1,36
12020372001,3,1,1,1,36
14226002001,3,9,1,1,36
10053903001,3,5,1,1,36
12010172001,3,1,1,1,36
12014028001,3,2,1,1,36
12010170001,3,2,1,1,36
11030049002,3,1,1,1,36
12014032001,3,1,1,1,36
15020007001,3,29,3,3,36
12120064001,3,9,1,1,36
14600026001,3,3,1,1,36
31707075001,3,3,1,1,36
31707086001,3,2,1,1,36
14600003001,3,2,1,1,36
12101020001,3,8,1,1,36
12010161001,3,2,1,1,36
14225938001,3,2,1,1,36
12034097001,3,1,1,1,35
14104146001,3,26,2,2,32
31236033001,3,2,1,1,32
14360044001,3,2,1,1,32
31235905001,3,1,1,1,32
14501017001,3,28,4,4,32
14201019001,3,4,1,1,30
14001044001,3,4,1,1,30
14202011001,3,2,1,1,30
14730898001,3,2,1,1,30
11061001002,3,2,1,1,30
31420003001,3,2,1,1,30
31500008001,3,1,1,1,30
11061051001,3,1,1,1,30
14226020001,3,5,1,1,30
14822899001,3,4,1,1,30
14370069001,3,3,1,1,30
31501907002,3,3,1,1,30
31500032001,3,3,1,1,30
31500032002,3,2,1,1,30
12034051001,3,2,1,1,30
31502041002,3,1,1,1,30
32420014001,3,1,1,1,30
31502041001,3,1,1,1,30
14500053001,3,7,1,1,30
14601046001,3,5,1,1,30
11061030001,3,3,1,1,30
14504050001,3,4,1,1,30
31253004001,3,2,1,1,30
11061016001,3,2,1,1,30
10020037001,3,23,1,1,30
10014044001,3,15,1,1,30
10020040001,3,12,1,1,30
10016021001,3,13,1,1,30
10024900001,3,11,1,1,30
10020039001,3,5,1,1,30
11071014001,3,3,1,1,30
14204013001,3,3,1,1,30
11061009001,3,2,1,1,30
14226019001,3,3,1,1,30
12211017001,3,3,1,1,28
31621907001,3,2,1,1,28
11061031001,3,2,1,1,28
12121024001,3,3,1,1,27
11061005001,3,1,1,1,26
12201072001,3,26,26,26,26
30450010001,3,13,1,1,25
14011045001,3,1,1,1,25
14011046001,3,1,1,1,25
32500008001,3,8,1,1,25
30435004001,3,1,1,1,25
10033031001,3,22,2,2,24
10040001001,3,18,2,2,24
14613939001,3,19,2,2,24
10001010001,3,14,2,2,24
12122012001,3,11,1,1,24
11070015001,3,9,1,1,24
12122902001,3,7,1,1,24
14311161001,3,8,1,1,24
12123097001,3,6,1,1,24
32507027001,3,6,1,1,24
32507027002,3,6,1,1,24
32431035001,3,4,1,1,24
12123031001,3,4,1,1,24
11032026001,3,4,1,1,24
14111040001,3,4,1,1,24
14300070001,3,4,1,1,24
11070013001,3,5,1,1,24
14304001001,3,4,1,1,24
11061049001,3,4,1,1,24
12123068001,3,4,1,1,24
30450006001,3,3,1,1,24
32507027003,3,3,1,1,24
31531056001,3,3,1,1,24
30450013001,3,2,1,1,24
12122045001,3,2,1,1,24
11071035001,3,3,1,1,24
12121009001,3,3,1,1,24
12321040001,3,2,1,1,24
31421034001,3,2,1,1,24
12106038001,3,2,1,1,24
12122001001,3,3,1,1,24
11070018001,3,2,1,1,24
12123133001,3,2,1,1,24
14011018001,3,2,1,1,24
14507044001,3,2,1,1,24
11075002001,3,2,1,1,24
14507202001,3,2,1,1,24
11010002001,3,1,1,1,24
11061055001,3,1,1,1,24
11061055002,3,1,1,1,24
12034001001,3,1,1,1,24
12103039001,3,1,1,1,24
12106070001,3,1,1,1,24
11070062001,3,1,1,1,24
11070063001,3,1,1,1,24
11071899001,3,1,1,1,24
12106029001,3,1,1,1,24
12120046001,3,1,1,1,24
14203033001,3,1,1,1,24
31556012001,3,1,1,1,24
12102133002,3,1,1,1,24
31042914001,3,1,1,1,24
31707055001,3,1,1,1,24
14243006001,3,13,1,1,24
14742048001,3,7,1,1,24
14852064001,3,6,1,1,24
14633938001,3,5,1,1,24
12121029001,3,5,1,1,24
12123003001,3,4,1,1,24
14320008001,3,4,1,1,24
11072902001,3,4,1,1,24
12212058001,3,3,1,1,24
31421003001,3,4,1,1,24
11032031001,3,4,1,1,24
12123090001,3,3,1,1,24
31533038002,3,4,1,1,24
10034044001,3,3,1,1,24
11032224001,3,2,1,1,24
14361170001,3,2,1,1,24
14601032001,3,2,1,1,24
14633908001,3,2,1,1,24
14822116001,3,2,1,1,24
14300096001,3,2,1,1,24
12034053001,3,1,1,1,24
14506641001,3,1,1,1,24
14312042001,3,1,1,1,24
31567037001,3,1,1,1,24
12010171001,3,1,1,1,24
11071911001,3,1,1,1,24
12010263001,3,1,1,1,24
14002052001,3,1,1,1,24
14311117001,3,1,1,1,24
14506642001,3,1,1,1,24
35311004001,3,1,1,1,24
11070051001,3,1,1,1,24
12105023001,3,1,1,1,24
14311115001,3,1,1,1,24
10033029001,3,24,1,1,24
10034041001,3,24,1,1,24
10041052001,3,22,1,1,24
10014073001,3,23,1,1,24
10031022001,3,24,1,1,24
10032081001,3,20,1,1,24
10031009001,3,19,1,1,24
12121010001,3,18,1,1,24
10020028001,3,15,1,1,24
12327056001,3,15,1,1,24
10002011001,3,12,1,1,24
14804009001,3,12,1,1,24
14805066001,3,13,1,1,24
14805063001,3,11,1,1,24
10014132001,3,9,1,1,24
10014053001,3,9,1,1,24
14805003001,3,9,1,1,24
10002899001,3,9,1,1,24
10035052001,3,9,1,1,24
14804015001,3,9,1,1,24
10032007001,3,6,1,1,24
10100222001,3,6,1,1,24
14805900001,3,8,1,1,24
12120086001,3,5,1,1,24
14502005001,3,6,1,1,24
10014081001,3,5,1,1,24
12121087001,3,4,1,1,24
14222045001,3,4,1,1,24
14505052001,3,4,1,1,24
12004160001,3,3,1,1,24
10034047001,3,3,1,1,24
12020078001,3,3,1,1,24
12120091001,3,3,1,1,24
31500012001,3,2,1,1,24
14632002001,3,2,1,1,24
31504006001,3,3,1,1,24
10033052001,3,2,1,1,24
10033062001,3,2,1,1,24
14505973001,3,2,1,1,24
10014123001,3,2,1,1,24
31422019001,3,2,1,1,24
12106098001,3,1,1,1,24
12106007001,3,1,1,1,24
11021002001,3,1,1,1,24
11073905001,3,1,1,1,24
12102047001,3,1,1,1,24
12106003001,3,1,1,1,24
10040012001,3,19,4,4,24
10002013001,3,22,2,2,24
14613014001,3,23,2,2,24
10040031001,3,22,2,2,24
10040044001,3,21,2,2,24
10040015001,3,24,2,2,24
10041001001,3,16,2,2,24
14312003001,3,17,2,2,24
14620019001,3,13,2,2,24
10031003001,3,22,1,1,24
10034031001,3,22,1,1,24
14852043001,3,22,1,1,24
10022003001,3,20,1,1,24
10022012001,3,18,1,1,24
14500051001,3,18,1,1,24
14852044001,3,18,1,1,24
10032054001,3,16,1,1,24
10022908001,3,11,1,1,24
14832931001,3,12,1,1,24
10014041001,3,12,1,1,24
14853048001,3,12,1,1,24
12212030001,3,12,1,1,24
12123025001,3,13,1,1,24
14801020001,3,9,1,1,24
10014059001,3,9,1,1,24
10022910001,3,9,1,1,24
10023041001,3,8,1,1,24
10012008001,3,8,1,1,24
10020032001,3,9,1,1,24
10035046001,3,10,1,1,24
12121103001,3,7,1,1,24
14321011001,3,6,1,1,24
12012037001,3,5,1,1,24
10014062001,3,5,1,1,24
10035027001,3,5,1,1,24
14830039001,3,6,1,1,24
14370055001,3,5,1,1,24
12121066001,3,5,1,1,24
12012108001,3,5,1,1,24
10024006001,3,5,1,1,24
10031021001,3,5,1,1,24
12120004001,3,4,1,1,24
14830018001,3,3,1,1,24
12301010001,3,4,1,1,24
14506057001,3,4,1,1,24
14740013001,3,4,1,1,24
10001044001,3,4,1,1,24
12120076001,3,3,1,1,24
12020020001,3,3,1,1,24
12106004001,3,3,1,1,24
12120078001,3,4,1,1,24
31502009001,3,3,1,1,24
10010044001,3,3,1,1,24
12010040001,3,3,1,1,24
12020038001,3,3,1,1,24
14508918001,3,3,1,1,24
10014058001,3,3,1,1,24
14225057001,3,2,1,1,24
14341019001,3,2,1,1,24
14633055001,3,3,1,1,24
11073012001,3,2,1,1,24
12010145001,3,2,1,1,24
12122008001,3,2,1,1,24
14507061001,3,2,1,1,24
11102013001,3,1,1,1,24
12010052001,3,2,1,1,24
14340008001,3,2,1,1,24
30450034001,3,2,1,1,24
31423013001,3,2,1,1,24
10035037001,3,2,1,1,24
12020923001,3,2,1,1,24
12101005001,3,1,1,1,24
12152004001,3,1,1,1,24
14601009001,3,2,1,1,24
14741028001,3,1,1,1,24
10002924001,3,1,1,1,24
11061054002,3,1,1,1,24
12001031001,3,1,1,1,24
12106035001,3,1,1,1,24
12301026001,3,1,1,1,24
14742016001,3,1,1,1,24
11071013001,3,1,1,1,24
12022093003,3,1,1,1,24
12106031001,3,1,1,1,24
12125013001,3,1,1,1,24
31421022001,3,1,1,1,24
11074059002,3,1,1,1,24
12010243001,3,1,1,1,24
12012001001,3,1,1,1,24
12012984001,3,1,1,1,24
31707041001,3,1,1,1,24
14820004001,3,14,2,2,24
14604027001,3,4,1,1,24
12016111001,3,4,1,1,24
12100103001,3,3,1,1,24
12106107001,3,3,1,1,24
12100009001,3,4,1,1,24
14730900001,3,3,1,1,24
14853033001,3,3,1,1,24
12016106001,3,3,1,1,24
12106086001,3,2,1,1,24
12020920001,3,2,1,1,24
14225014001,3,2,1,1,24
14604042001,3,2,1,1,24
12102132001,3,2,1,1,24
12302008001,3,2,1,1,24
12016027001,3,2,1,1,24
12016114001,3,2,1,1,24
14604019001,3,2,1,1,24
12020167001,3,1,1,1,24
12032121001,3,2,1,1,24
12102067001,3,1,1,1,24
14225061001,3,1,1,1,24
14602061001,3,1,1,1,24
12016099001,3,1,1,1,24
12034036001,3,1,1,1,24
12102033001,3,1,1,1,24
31250003001,3,1,1,1,24
31268003001,3,1,1,1,24
12016005001,3,1,1,1,24
12016079001,3,1,1,1,24
12016139001,3,1,1,1,24
12020089001,3,1,1,1,24
12034071001,3,1,1,1,24
12034100001,3,1,1,1,24
12102097001,3,1,1,1,24
12102118001,3,1,1,1,24
12102144001,3,1,1,1,24
12103069001,3,1,1,1,24
31258003001,3,1,1,1,24
31258006001,3,1,1,1,24
12016016001,3,1,1,1,24
12016042001,3,1,1,1,24
12016078001,3,1,1,1,24
12023067001,3,1,1,1,24
12023071001,3,1,1,1,24
12034035001,3,1,1,1,24
12102046001,3,1,1,1,24
12105061001,3,1,1,1,24
12106002001,3,1,1,1,24
12152005001,3,1,1,1,24
14604001001,3,1,1,1,24
32430039001,3,1,1,1,24
30073007001,3,1,1,1,22
12201107001,3,22,22,22,22
12120083001,3,21,21,21,21
30450011001,3,5,1,1,20
11061053001,3,4,1,1,20
31423899001,3,3,1,1,20
31567002001,3,2,1,1,20
11061003001,3,2,1,1,20
14311258001,3,2,1,1,20
14104117001,3,2,1,1,20
11061052001,3,1,1,1,20
14000023001,3,2,1,1,20
14403102001,3,1,1,1,20
14506127001,3,1,1,1,20
31567050001,3,1,1,1,20
14509009001,3,2,1,1,20
14853061001,3,7,1,1,20
14203061001,3,5,1,1,20
31502012001,3,4,1,1,20
14240015001,3,4,1,1,20
14853067001,3,4,1,1,20
14210039001,3,3,1,1,20
14506366001,3,4,1,1,20
31501013001,3,3,1,1,20
14203005001,3,3,1,1,20
14822024001,3,2,1,1,20
14242044001,3,2,1,1,20
14311071001,3,2,1,1,20
14604080001,3,3,1,1,20
14242126001,3,1,1,1,20
12011300001,3,1,1,1,20
14311034001,3,1,1,1,20
14509002001,3,1,1,1,20
11070050001,3,6,1,1,20
14721943001,3,5,1,1,20
14602035001,3,4,1,1,20
14720022001,3,4,1,1,20
14240007001,3,3,1,1,20
14362039001,3,2,1,1,20
12010193001,3,2,1,1,20
14822095001,3,1,1,1,20
11051018001,3,1,1,1,20
30052113002,3,6,1,1,20
14204127001,3,5,1,1,20
14210089001,3,5,1,1,20
14204197001,3,4,1,1,20
31530027001,3,3,1,1,20
42014003001,3,3,1,1,20
14204198001,3,3,1,1,20
11102017001,3,2,1,1,20
14505043001,3,3,1,1,20
30045076001,3,3,1,1,20
12014004001,3,2,1,1,20
14203065001,3,2,1,1,20
31532059001,3,2,1,1,20
14204107001,3,2,1,1,20
14506082001,3,1,1,1,20
12010229001,3,1,1,1,20
14204029001,3,1,1,1,20
14370044001,3,1,1,1,20
11032227001,3,1,1,1,20
11102014001,3,1,1,1,20
14204030001,3,1,1,1,20
31254899001,3,2,1,1,20
31532003001,3,2,1,1,20
31602059001,3,2,1,1,20
14211036001,3,1,1,1,20
12103070001,3,1,1,1,20
12201097001,3,19,19,19,19
11040044001,3,3,1,1,18
14304008001,3,3,1,1,18
14111146001,3,2,1,1,18
14350018001,3,2,1,1,18
31762003001,3,2,1,1,18
12123098001,3,2,1,1,18
12123109001,3,2,1,1,18
14509011001,3,2,1,1,18
14133930001,3,1,1,1,18
14350021001,3,2,1,1,18
14133928001,3,1,1,1,18
12121014001,3,1,1,1,18
12123130001,3,1,1,1,18
14001014001,3,8,1,1,18
14350011001,3,5,1,1,18
14351059001,3,2,1,1,18
11030096001,3,2,1,1,18
12106012001,3,1,1,1,18
12122051001,3,1,1,1,18
14351068001,3,1,1,1,18
11030097001,3,1,1,1,18
12121079001,3,2,1,1,18
12122038001,3,3,1,1,18
12106073001,3,2,1,1,18
10002078001,3,13,3,3,18
10013011001,3,3,1,1,18
12106087001,3,2,1,1,18
12122024001,3,1,1,1,18
12016026001,3,2,1,1,18
11102023001,3,1,1,1,18
12010081001,3,1,1,1,18
12010072001,3,1,1,1,18
12210021001,3,17,17,17,17
14304003001,3,2,1,1,16
31567028001,3,3,1,1,16
31236034001,3,2,1,1,16
14003005001,3,1,1,1,16
31235904001,3,1,1,1,16
14204067001,3,3,1,1,16
14509042001,3,2,1,1,16
12123084001,3,1,1,1,16
10034057001,3,9,2,2,16
14022119001,3,4,1,1,16
14023305001,3,3,1,1,16
12212003001,3,4,1,1,16
11110031001,3,2,1,1,16
14506330001,3,2,1,1,16
14010283001,3,2,1,1,16
11061015001,3,2,1,1,16
11061028001,3,2,1,1,16
12011032001,3,1,1,1,16
12011079001,3,1,1,1,16
12011231001,3,1,1,1,16
12011057001,3,1,1,1,16
14023501001,3,16,16,16,16
32431010001,3,4,1,1,16
12125030001,3,2,1,1,16
14362019001,3,9,1,1,15
14362902001,3,3,1,1,15
14362901001,3,4,1,1,15
14361043001,3,3,1,1,15
14312016001,3,2,1,1,15
12120041001,3,1,1,1,15
14104013001,3,2,1,1,15
14011035001,3,9,1,1,15
31502010001,3,3,1,1,15
14103048001,3,2,1,1,15
14505088001,3,1,1,1,15
14320899001,3,3,1,1,15
14604078001,3,2,1,1,15
14300113001,3,5,1,1,15
11061008001,3,3,1,1,15
14010075001,3,1,1,1,15
14210025001,3,2,1,1,15
12020960001,3,2,1,1,15
14310011001,3,1,1,1,14
12010004001,3,5,1,1,14
14023200001,3,3,1,1,14
11050113001,3,1,1,1,14
12010025001,3,1,1,1,14
12010008001,3,1,1,1,14
12010085001,3,1,1,1,14
12010999001,3,1,1,1,14
12123007001,3,14,14,14,14
12201046001,3,13,13,13,13
12130113001,3,9,2,2,12
12130047001,3,10,2,2,12
12130039001,3,7,2,2,12
10000008001,3,11,1,1,12
14506135001,3,11,1,1,12
12130012001,3,8,1,1,12
14361015001,3,7,1,1,12
12130112001,3,7,1,1,12
14002008001,3,6,1,1,12
14011033001,3,5,1,1,12
14362898001,3,5,1,1,12
10002038001,3,4,1,1,12
12011115001,3,5,1,1,12
14240008001,3,5,1,1,12
12011074001,3,5,1,1,12
14611025001,3,5,1,1,12
14740016001,3,5,1,1,12
11040017001,3,5,1,1,12
12011257001,3,4,1,1,12
14000099001,3,4,1,1,12
14620909001,3,4,1,1,12
14620039001,3,5,1,1,12
11022087001,3,4,1,1,12
12011332001,3,4,1,1,12
10014018001,3,3,1,1,12
10034018001,3,3,1,1,12
11040047001,3,3,1,1,12
14301031001,3,4,1,1,12
10002037001,3,3,1,1,12
14010023001,3,3,1,1,12
14741040001,3,3,1,1,12
12327007001,3,3,1,1,12
14361074001,3,3,1,1,12
14742022001,3,3,1,1,12
12011158002,3,2,1,1,12
14001150001,3,3,1,1,12
11022085001,3,3,1,1,12
11042010001,3,2,1,1,12
12011096001,3,3,1,1,12
12011120001,3,2,1,1,12
12011171001,3,3,1,1,12
14013964001,3,2,1,1,12
14361054001,3,3,1,1,12
12011051001,3,2,1,1,12
12011166001,3,3,1,1,12
14010056001,3,2,1,1,12
14023192001,3,2,1,1,12
14300003001,3,2,1,1,12
14304047001,3,2,1,1,12
14361064001,3,2,1,1,12
12011060001,3,2,1,1,12
12011076001,3,2,1,1,12
12011355001,3,2,1,1,12
12123001001,3,2,1,1,12
14001043001,3,2,1,1,12
14011022001,3,2,1,1,12
14111099001,3,2,1,1,12
14500043001,3,2,1,1,12
14508018001,3,2,1,1,12
14509006001,3,2,1,1,12
14740018001,3,2,1,1,12
11042022001,3,2,1,1,12
11110005001,3,2,1,1,12
12011100001,3,2,1,1,12
12011477001,3,2,1,1,12
12100092001,3,2,1,1,12
14000219001,3,2,1,1,12
14023140001,3,2,1,1,12
14204897001,3,2,1,1,12
14506222001,3,2,1,1,12
11032017001,3,2,1,1,12
11040025001,3,2,1,1,12
12011243001,3,1,1,1,12
12011276001,3,1,1,1,12
12011416001,3,2,1,1,12
12327052001,3,1,1,1,12
14013006001,3,2,1,1,12
14110007001,3,2,1,1,12
14506262001,3,2,1,1,12
14509024001,3,2,1,1,12
31762012001,3,1,1,1,12
11050074001,3,1,1,1,12
11072005001,3,1,1,1,12
12011110001,3,2,1,1,12
12011228001,3,2,1,1,12
12011267001,3,1,1,1,12
14001070001,3,2,1,1,12
14010898001,3,1,1,1,12
14013963001,3,2,1,1,12
14102366001,3,1,1,1,12
14242165001,3,2,1,1,12
14303026001,3,1,1,1,12
14506323001,3,2,1,1,12
41234006001,3,1,1,1,12
11050014001,3,1,1,1,12
11110050001,3,1,1,1,12
12001056001,3,1,1,1,12
12011220001,3,1,1,1,12
12100093001,3,1,1,1,12
14010093001,3,1,1,1,12
14302081001,3,1,1,1,12
14310030001,3,1,1,1,12
11050065001,3,1,1,1,12
11050065003,3,1,1,1,12
11051001001,3,1,1,1,12
12000445001,3,1,1,1,12
12011101001,3,1,1,1,12
12011273001,3,1,1,1,12
12106101001,3,1,1,1,12
12151088001,3,1,1,1,12
12151089001,3,1,1,1,12
12151091001,3,1,1,1,12
14010897001,3,1,1,1,12
14104088002,3,1,1,1,12
14222219001,3,1,1,1,12
14506254001,3,1,1,1,12
11010120001,3,1,1,1,12
11021062001,3,1,1,1,12
11042028001,3,1,1,1,12
11050008001,3,1,1,1,12
12011131001,3,1,1,1,12
12011451001,3,1,1,1,12
14021104001,3,1,1,1,12
14310004001,3,1,1,1,12
31543032001,3,1,1,1,12
31543034001,3,1,1,1,12
41223010001,3,1,1,1,12
14110067001,3,1,1,1,12
34101017001,3,1,1,1,12
14353073001,3,8,2,2,12
10014212001,3,10,1,1,12
14502018001,3,6,1,1,12
14333006001,3,4,1,1,12
14412023001,3,5,1,1,12
31563008001,3,4,1,1,12
14213055001,3,5,1,1,12
12327040001,3,4,1,1,12
31421028001,3,4,1,1,12
14311235001,3,4,1,1,12
14132130001,3,3,1,1,12
31762007001,3,4,1,1,12
12011350001,3,4,1,1,12
14504056001,3,3,1,1,12
14506024001,3,3,1,1,12
14103073001,3,4,1,1,12
14311008001,3,4,1,1,12
11020003001,3,3,1,1,12
11032221001,3,3,1,1,12
12011329001,3,4,1,1,12
14210127001,3,3,1,1,12
14303899001,3,3,1,1,12
12011184001,3,3,1,1,12
14130044001,3,3,1,1,12
11032006001,3,3,1,1,12
12121071001,3,2,1,1,12
14000209001,3,3,1,1,12
14331029001,3,3,1,1,12
14506358001,3,3,1,1,12
14720029001,3,2,1,1,12
12327027001,3,2,1,1,12
14244063001,3,2,1,1,12
12011403001,3,2,1,1,12
12122035001,3,2,1,1,12
14121028001,3,2,1,1,12
14223048001,3,2,1,1,12
11051004001,3,2,1,1,12
11072030001,3,2,1,1,12
14111079001,3,2,1,1,12
14353001001,3,2,1,1,12
14353023001,3,2,1,1,12
14520044001,3,2,1,1,12
14524044001,3,2,1,1,12
14730008001,3,2,1,1,12
35300013001,3,2,1,1,12
11050063001,3,2,1,1,12
12011213001,3,2,1,1,12
31709944001,3,2,1,1,12
11050052001,3,2,1,1,12
12011063001,3,1,1,1,12
12011226001,3,2,1,1,12
12011439001,3,1,1,1,12
14133013001,3,1,1,1,12
14352076001,3,2,1,1,12
14353029001,3,1,1,1,12
14361070001,3,2,1,1,12
14506329001,3,1,1,1,12
14524043001,3,2,1,1,12
14710038001,3,2,1,1,12
14740003001,3,2,1,1,12
31912011001,3,2,1,1,12
12011034001,3,2,1,1,12
12011105001,3,1,1,1,12
12011196001,3,1,1,1,12
12121078001,3,2,1,1,12
14132131001,3,1,1,1,12
14332017001,3,2,1,1,12
14352022001,3,1,1,1,12
14353016001,3,1,1,1,12
14361157001,3,2,1,1,12
14506043001,3,1,1,1,12
14506165001,3,2,1,1,12
14730016001,3,1,1,1,12
11051027001,3,1,1,1,12
11072017001,3,1,1,1,12
12000298001,3,1,1,1,12
12011080001,3,1,1,1,12
14110179001,3,1,1,1,12
14311066001,3,1,1,1,12
14353047001,3,1,1,1,12
14413999001,3,1,1,1,12
41002005001,3,1,1,1,12
11030015001,3,1,1,1,12
11051031001,3,1,1,1,12
11074010001,3,1,1,1,12
12011116001,3,1,1,1,12
12011311001,3,1,1,1,12
12017015001,3,1,1,1,12
12327004001,3,1,1,1,12
12327060001,3,1,1,1,12
14311234001,3,1,1,1,12
14361051001,3,1,1,1,12
14701022001,3,1,1,1,12
14710004001,3,1,1,1,12
11051039001,3,1,1,1,12
11072003001,3,1,1,1,12
12002118001,3,1,1,1,12
12005087001,3,1,1,1,12
12005087003,3,1,1,1,12
12011061001,3,1,1,1,12
12011177001,3,1,1,1,12
14304015001,3,1,1,1,12
14311031001,3,1,1,1,12
14364197001,3,1,1,1,12
14364198001,3,1,1,1,12
14506328001,3,1,1,1,12
14506392001,3,1,1,1,12
31761004001,3,1,1,1,12
32421016001,3,1,1,1,12
35301003001,3,8,1,1,12
14310139001,3,6,1,1,12
11051019001,3,5,1,1,12
14412037001,3,6,1,1,12
12000350001,3,5,1,1,12
10023093001,3,4,1,1,12
14301027001,3,4,1,1,12
35302003001,3,5,1,1,12
11072036001,3,4,1,1,12
14601019001,3,5,1,1,12
14352003001,3,3,1,1,12
14615012001,3,3,1,1,12
11072010001,3,3,1,1,12
12001038001,3,3,1,1,12
11021025001,3,3,1,1,12
11041020001,3,3,1,1,12
14344010001,3,3,1,1,12
12105051001,3,3,1,1,12
14000109001,3,2,1,1,12
14343036001,3,2,1,1,12
11032043001,3,2,1,1,12
14300029001,3,3,1,1,12
14351057001,3,2,1,1,12
14740057001,3,2,1,1,12
12011402001,3,2,1,1,12
14700036001,3,2,1,1,12
12105005001,3,2,1,1,12
12123060001,3,2,1,1,12
14352031001,3,2,1,1,12
12000057001,3,2,1,1,12
14000120001,3,2,1,1,12
14300021001,3,2,1,1,12
14504044001,3,2,1,1,12
14700050001,3,2,1,1,12
12005107001,3,2,1,1,12
12011282001,3,1,1,1,12
12011326001,3,1,1,1,12
14013015001,3,2,1,1,12
14132231001,3,2,1,1,12
14210114001,3,1,1,1,12
14303927001,3,1,1,1,12
14304195001,3,2,1,1,12
14311075001,3,1,1,1,12
14701012001,3,2,1,1,12
14730906001,3,2,1,1,12
12000165001,3,1,1,1,12
12003012001,3,1,1,1,12
12011338001,3,1,1,1,12
12106999001,3,1,1,1,12
14111107001,3,1,1,1,12
14121131001,3,1,1,1,12
14222137001,3,2,1,1,12
14524015001,3,1,1,1,12
11112001001,3,1,1,1,12
12000128001,3,1,1,1,12
12000217001,3,1,1,1,12
12000228001,3,1,1,1,12
12011156001,3,1,1,1,12
12011178001,3,1,1,1,12
12011249001,3,1,1,1,12
14023036001,3,1,1,1,12
14210045001,3,1,1,1,12
14303022001,3,1,1,1,12
14311030001,3,1,1,1,12
11050061001,3,1,1,1,12
11050073001,3,1,1,1,12
12000232001,3,1,1,1,12
12000242001,3,1,1,1,12
12002024001,3,1,1,1,12
12010121001,3,1,1,1,12
12011305001,3,1,1,1,12
14210064001,3,1,1,1,12
14303038001,3,1,1,1,12
14310127001,3,1,1,1,12
14361011001,3,1,1,1,12
14721899001,3,1,1,1,12
11073901001,3,1,1,1,12
12000193001,3,1,1,1,12
12002050001,3,1,1,1,12
14244930001,3,1,1,1,12
10002051001,3,10,2,2,12
10040024001,3,7,2,2,12
10002918001,3,7,2,2,12
10023073001,3,7,2,2,12
14632041001,3,12,1,1,12
14832043001,3,11,1,1,12
11050006001,3,11,1,1,12
14002022001,3,9,1,1,12
32504043004,3,7,1,1,12
10014097001,3,9,1,1,12
14244071001,3,9,1,1,12
10012002001,3,9,1,1,12
14616013001,3,8,1,1,12
14730041001,3,7,1,1,12
11020008001,3,7,1,1,12
11022082001,3,6,1,1,12
14243094001,3,5,1,1,12
32504043003,3,6,1,1,12
12000359001,3,5,1,1,12
12000408001,3,6,1,1,12
14720030001,3,6,1,1,12
10013004001,3,5,1,1,12
12011117001,3,5,1,1,12
32504025003,3,5,1,1,12
14616038001,3,5,1,1,12
32504043005,3,5,1,1,12
14312001001,3,4,1,1,12
32504025005,3,4,1,1,12
14001020001,3,5,1,1,12
32504025002,3,4,1,1,12
32504043002,3,5,1,1,12
12152062001,3,5,1,1,12
14616060001,3,5,1,1,12
30045058002,3,4,1,1,12
35751018001,3,5,1,1,12
10052002001,3,4,1,1,12
11041014001,3,4,1,1,12
11103314001,3,4,1,1,12
14616026001,3,4,1,1,12
14632385001,3,4,1,1,12
31421024001,3,4,1,1,12
11022041001,3,5,1,1,12
11031049001,3,5,1,1,12
14210018001,3,5,1,1,12
14243009001,3,4,1,1,12
14632155001,3,5,1,1,12
11031924001,3,4,1,1,12
11072897001,3,4,1,1,12
12002062001,3,5,1,1,12
14741026001,3,5,1,1,12
30045058001,3,4,1,1,12
35302040001,3,4,1,1,12
11030006001,3,3,1,1,12
11031026001,3,4,1,1,12
14223171001,3,3,1,1,12
11020010001,3,4,1,1,12
11022067001,3,4,1,1,12
12001051001,3,4,1,1,12
12123032001,3,3,1,1,12
14244022001,3,3,1,1,12
10000006001,3,3,1,1,12
12011360001,3,3,1,1,12
14312017001,3,3,1,1,12
14620036001,3,3,1,1,12
14631914001,3,4,1,1,12
14711008001,3,3,1,1,12
31644022001,3,3,1,1,12
11030005001,3,3,1,1,12
12000261001,3,2,1,1,12
12001083001,3,3,1,1,12
12011011001,3,4,1,1,12
12327086001,3,3,1,1,12
14200028001,3,4,1,1,12
14833069001,3,3,1,1,12
31530003001,3,3,1,1,12
31563039001,3,3,1,1,12
31568024001,3,3,1,1,12
32504025004,3,3,1,1,12
11021060001,3,3,1,1,12
11022044001,3,3,1,1,12
11040058001,3,2,1,1,12
12002010001,3,3,1,1,12
12011287001,3,3,1,1,12
14210061001,3,3,1,1,12
14210135001,3,3,1,1,12
14701041001,3,2,1,1,12
31568007001,3,3,1,1,12
11021028001,3,2,1,1,12
11030183002,3,2,1,1,12
11030195001,3,2,1,1,12
11031942001,3,2,1,1,12
12000100001,3,2,1,1,12
12003025001,3,3,1,1,12
12005002005,3,3,1,1,12
12010200001,3,3,1,1,12
12020196001,3,2,1,1,12
12121081001,3,3,1,1,12
12123043001,3,2,1,1,12
14244060001,3,2,1,1,12
14244945001,3,3,1,1,12
14620072001,3,3,1,1,12
14620178001,3,2,1,1,12
14833001001,3,2,1,1,12
35302015001,3,3,1,1,12
11031033001,3,2,1,1,12
11040060001,3,2,1,1,12
11042031001,3,2,1,1,12
11071032001,3,2,1,1,12
11074022001,3,3,1,1,12
12002008001,3,3,1,1,12
12003039001,3,2,1,1,12
12011133001,3,2,1,1,12
12012164001,3,2,1,1,12
12122036001,3,2,1,1,12
14204103001,3,2,1,1,12
14243027001,3,2,1,1,12
14616044001,3,2,1,1,12
14833065001,3,2,1,1,12
35300016001,3,3,1,1,12
35751021001,3,2,1,1,12
11030079001,3,2,1,1,12
11031022001,3,2,1,1,12
11031911001,3,3,1,1,12
11040020001,3,2,1,1,12
11041009001,3,2,1,1,12
12000019001,3,2,1,1,12
12000150001,3,2,1,1,12
12000189001,3,2,1,1,12
12000191001,3,2,1,1,12
12000504001,3,2,1,1,12
12001011001,3,2,1,1,12
12005108001,3,2,1,1,12
12011014001,3,2,1,1,12
12011153001,3,2,1,1,12
12011198001,3,2,1,1,12
12011216001,3,2,1,1,12
12011388001,3,3,1,1,12
12151094001,3,2,1,1,12
14301110001,3,2,1,1,12
14620028001,3,2,1,1,12
14700037001,3,2,1,1,12
14832024001,3,2,1,1,12
14833017001,3,2,1,1,12
12000039001,3,2,1,1,12
12001037001,3,2,1,1,12
12005015007,3,2,1,1,12
12010123001,3,2,1,1,12
12010201001,3,2,1,1,12
12102150001,3,2,1,1,12
12121027001,3,2,1,1,12
12150007001,3,2,1,1,12
12151092001,3,2,1,1,12
14213008001,3,2,1,1,12
14243110001,3,2,1,1,12
14301109001,3,2,1,1,12
14312011001,3,2,1,1,12
14370010001,3,2,1,1,12
14508022001,3,2,1,1,12
14601010001,3,2,1,1,12
14620058001,3,2,1,1,12
31533085001,3,2,1,1,12
10052009001,3,2,1,1,12
11022056001,3,1,1,1,12
11031922001,3,1,1,1,12
11040029002,3,2,1,1,12
11042029001,3,1,1,1,12
11050141002,3,2,1,1,12
11070030001,3,1,1,1,12
12000070001,3,1,1,1,12
12000200001,3,2,1,1,12
12000221001,3,2,1,1,12
12000239001,3,1,1,1,12
12000372001,3,1,1,1,12
12000505001,3,2,1,1,12
12002003001,3,1,1,1,12
12003084001,3,1,1,1,12
12003134001,3,2,1,1,12
12005002003,3,2,1,1,12
12010103001,3,2,1,1,12
12011373001,3,1,1,1,12
12020005003,3,2,1,1,12
12020085001,3,2,1,1,12
12020964001,3,2,1,1,12
12106056001,3,1,1,1,12
12150005001,3,1,1,1,12
14203099001,3,2,1,1,12
14210031001,3,1,1,1,12
14223155001,3,2,1,1,12
14244911001,3,2,1,1,12
14300016001,3,1,1,1,12
14341010001,3,1,1,1,12
14361179001,3,1,1,1,12
14700008001,3,2,1,1,12
14801012001,3,2,1,1,12
31214010001,3,2,1,1,12
10052004001,3,2,1,1,12
11021044001,3,1,1,1,12
11022058001,3,2,1,1,12
11023012001,3,2,1,1,12
11030016001,3,1,1,1,12
11030046001,3,2,1,1,12
11030198003,3,1,1,1,12
11072905001,3,2,1,1,12
11103293001,3,2,1,1,12
12000035001,3,1,1,1,12
12000118001,3,1,1,1,12
12000366001,3,1,1,1,12
12003055001,3,2,1,1,12
12003069001,3,2,1,1,12
12010124001,3,2,1,1,12
12010178001,3,2,1,1,12
12011139001,3,2,1,1,12
12011239001,3,2,1,1,12
12011285001,3,2,1,1,12
12017016001,3,1,1,1,12
12017040001,3,2,1,1,12
12020057001,3,2,1,1,12
12020961001,3,2,1,1,12
12102151001,3,2,1,1,12
12105051002,3,1,1,1,12
12153016001,3,1,1,1,12
14002024001,3,1,1,1,12
14210019001,3,1,1,1,12
14210047001,3,2,1,1,12
14213010001,3,1,1,1,12
14342021001,3,1,1,1,12
14343027001,3,1,1,1,12
14352014001,3,1,1,1,12
14506248001,3,1,1,1,12
14615031001,3,2,1,1,12
14616203001,3,2,1,1,12
14621018001,3,2,1,1,12
14621022001,3,2,1,1,12
14634039001,3,2,1,1,12
14711001001,3,1,1,1,12
14741008001,3,2,1,1,12
31530008001,3,2,1,1,12
11022060001,3,1,1,1,12
11030207002,3,1,1,1,12
11031923001,3,1,1,1,12
11040023001,3,1,1,1,12
11050108001,3,1,1,1,12
11074027001,3,1,1,1,12
12000047001,3,1,1,1,12
12000048001,3,1,1,1,12
12000113001,3,1,1,1,12
12000114001,3,1,1,1,12
12000115001,3,1,1,1,12
12000126001,3,1,1,1,12
12000157001,3,1,1,1,12
12000262001,3,1,1,1,12
12000288001,3,1,1,1,12
12000319001,3,1,1,1,12
12000381001,3,1,1,1,12
12001119001,3,1,1,1,12
12001999001,3,1,1,1,12
12002064001,3,1,1,1,12
12003135001,3,1,1,1,12
12005108002,3,1,1,1,12
12011097001,3,1,1,1,12
12011188001,3,1,1,1,12
12011376001,3,1,1,1,12
12020005002,3,1,1,1,12
12020221001,3,1,1,1,12
12020253001,3,1,1,1,12
12020965001,3,1,1,1,12
12020966001,3,1,1,1,12
12023279001,3,1,1,1,12
12023310001,3,1,1,1,12
12034025001,3,1,1,1,12
12105012001,3,1,1,1,12
12105071001,3,1,1,1,12
12106055001,3,1,1,1,12
12120085001,3,1,1,1,12
12121062001,3,1,1,1,12
14244074001,3,1,1,1,12
14304064001,3,1,1,1,12
14604005001,3,1,1,1,12
14612946001,3,1,1,1,12
14615021001,3,1,1,1,12
14615057001,3,1,1,1,12
14615067001,3,1,1,1,12
14620007001,3,1,1,1,12
14620029001,3,1,1,1,12
14631040001,3,1,1,1,12
14741015001,3,1,1,1,12
31533032001,3,1,1,1,12
31568043001,3,1,1,1,12
11022026001,3,1,1,1,12
11022083001,3,1,1,1,12
11030080001,3,1,1,1,12
11030179001,3,1,1,1,12
11041013001,3,1,1,1,12
11050069001,3,1,1,1,12
11050110002,3,1,1,1,12
11050129002,3,1,1,1,12
11071016001,3,1,1,1,12
12001039001,3,1,1,1,12
12002160001,3,1,1,1,12
12003013001,3,1,1,1,12
12005019001,3,1,1,1,12
12005019006,3,1,1,1,12
12005019008,3,1,1,1,12
12005093002,3,1,1,1,12
12010119001,3,1,1,1,12
12010149001,3,1,1,1,12
12011161001,3,1,1,1,12
12011174001,3,1,1,1,12
12011186001,3,1,1,1,12
12011233001,3,1,1,1,12
12011241002,3,1,1,1,12
12011247001,3,1,1,1,12
12011330001,3,1,1,1,12
12011366001,3,1,1,1,12
12011417001,3,1,1,1,12
12011433001,3,1,1,1,12
12011467001,3,1,1,1,12
12011489001,3,1,1,1,12
12105010001,3,1,1,1,12
12105029001,3,1,1,1,12
12106014001,3,1,1,1,12
12110018001,3,1,1,1,12
12150039001,3,1,1,1,12
12151073001,3,1,1,1,12
14243111001,3,1,1,1,12
14315002001,3,1,1,1,12
14361117001,3,1,1,1,12
14522015001,3,1,1,1,12
14620034001,3,1,1,1,12
14621044001,3,1,1,1,12
32431020001,3,1,1,1,12
10052033001,3,1,1,1,12
11030007001,3,1,1,1,12
11030108001,3,1,1,1,12
11030198002,3,1,1,1,12
11030207001,3,1,1,1,12
11031023001,3,1,1,1,12
11040057001,3,1,1,1,12
11041005002,3,1,1,1,12
11041023001,3,1,1,1,12
11041029001,3,1,1,1,12
11042030001,3,1,1,1,12
11050110001,3,1,1,1,12
11050137001,3,1,1,1,12
11050142001,3,1,1,1,12
11074012001,3,1,1,1,12
11074041001,3,1,1,1,12
12000080001,3,1,1,1,12
12000183001,3,1,1,1,12
12000373001,3,1,1,1,12
12000425001,3,1,1,1,12
12001007001,3,1,1,1,12
12001028001,3,1,1,1,12
12002026001,3,1,1,1,12
12003082001,3,1,1,1,12
12003104001,3,1,1,1,12
12003113001,3,1,1,1,12
12003115001,3,1,1,1,12
12003123001,3,1,1,1,12
12003911001,3,1,1,1,12
12005009007,3,1,1,1,12
12005015010,3,1,1,1,12
12005019002,3,1,1,1,12
12005019003,3,1,1,1,12
12005093010,3,1,1,1,12
12011345001,3,1,1,1,12
12011385001,3,1,1,1,12
12011466001,3,1,1,1,12
12011482001,3,1,1,1,12
12011999001,3,1,1,1,12
12012170001,3,1,1,1,12
12022184001,3,1,1,1,12
12102146001,3,1,1,1,12
12105046001,3,1,1,1,12
12121039001,3,1,1,1,12
12150001001,3,1,1,1,12
12150006001,3,1,1,1,12
14100031001,3,1,1,1,12
14222006001,3,1,1,1,12
14243109001,3,1,1,1,12
14310037001,3,1,1,1,12
14612069001,3,1,1,1,12
14621035001,3,1,1,1,12
14621107001,3,1,1,1,12
14631944001,3,1,1,1,12
14700035001,3,1,1,1,12
14741049001,3,1,1,1,12
14822906001,3,1,1,1,12
31227009001,3,1,1,1,12
31567051001,3,1,1,1,12
31567056001,3,1,1,1,12
35301004001,3,12,2,2,12
12123028001,3,11,1,1,12
14820016001,3,10,1,1,12
30045057002,3,8,1,1,12
12012196001,3,7,1,1,12
14620113001,3,7,1,1,12
14822037001,3,6,1,1,12
11041024001,3,7,1,1,12
11112007001,3,5,1,1,12
12102060001,3,6,1,1,12
14840005001,3,6,1,1,12
12010069001,3,4,1,1,12
14615016001,3,5,1,1,12
61063005003,3,5,1,1,12
11030128001,3,5,1,1,12
11051037001,3,4,1,1,12
12005056001,3,3,1,1,12
61062008002,3,4,1,1,12
12005003002,3,3,1,1,12
12123140001,3,3,1,1,12
14321009001,3,4,1,1,12
14631055001,3,4,1,1,12
14632117001,3,5,1,1,12
14634047001,3,4,1,1,12
61062008003,3,3,1,1,12
12000140001,3,3,1,1,12
12012072001,3,4,1,1,12
14850012001,3,4,1,1,12
11031916001,3,3,1,1,12
12012027001,3,4,1,1,12
14600907001,3,3,1,1,12
61064105003,3,3,1,1,12
12005003004,3,3,1,1,12
12020133001,3,3,1,1,12
12022109001,3,3,1,1,12
11051011001,3,3,1,1,12
11051012001,3,3,1,1,12
12005003003,3,2,1,1,12
12010897001,3,3,1,1,12
12012015001,3,2,1,1,12
12020946001,3,3,1,1,12
12104050001,3,3,1,1,12
12320175001,3,3,1,1,12
11051009001,3,2,1,1,12
12020248001,3,2,1,1,12
12020437001,3,2,1,1,12
12020901001,3,2,1,1,12
14634033001,3,2,1,1,12
30000049001,3,2,1,1,12
31225014001,3,3,1,1,12
61080007004,3,3,1,1,12
11023015001,3,3,1,1,12
11030024001,3,2,1,1,12
12005003001,3,3,1,1,12
12102101001,3,2,1,1,12
12104051001,3,3,1,1,12
12302120001,3,3,1,1,12
12320176001,3,2,1,1,12
14620171001,3,3,1,1,12
61064012003,3,2,1,1,12
61064105002,3,3,1,1,12
11030062001,3,2,1,1,12
11031011001,3,2,1,1,12
11051003001,3,2,1,1,12
12005056004,3,2,1,1,12
12020034001,3,2,1,1,12
12020217001,3,3,1,1,12
12100091001,3,2,1,1,12
12102134001,3,2,1,1,12
12103031001,3,2,1,1,12
14602064001,3,2,1,1,12
14631100001,3,2,1,1,12
14633031001,3,2,1,1,12
14634025001,3,2,1,1,12
31533097001,3,2,1,1,12
61064195003,3,2,1,1,12
11031917001,3,2,1,1,12
11041031001,3,2,1,1,12
12003059001,3,2,1,1,12
12100054001,3,2,1,1,12
14340002001,3,2,1,1,12
14522043001,3,2,1,1,12
31118023001,3,2,1,1,12
32470093001,3,2,1,1,12
61062008001,3,2,1,1,12
11041012001,3,2,1,1,12
11051999001,3,2,1,1,12
11076928001,3,2,1,1,12
11076938001,3,2,1,1,12
12012022001,3,1,1,1,12
12020019001,3,2,1,1,12
12020132001,3,2,1,1,12
12020203001,3,2,1,1,12
12021028001,3,2,1,1,12
12022153001,3,2,1,1,12
12032228001,3,2,1,1,12
12101016001,3,1,1,1,12
12102029001,3,2,1,1,12
12102091001,3,1,1,1,12
12102112002,3,1,1,1,12
12112039001,3,2,1,1,12
14630050001,3,2,1,1,12
14634021001,3,2,1,1,12
14822044001,3,1,1,1,12
14822053001,3,2,1,1,12
11043016002,3,2,1,1,12
12003128001,3,2,1,1,12
12005056002,3,1,1,1,12
12016077001,3,1,1,1,12
12020423001,3,1,1,1,12
12020914001,3,2,1,1,12
12032226001,3,2,1,1,12
12110068001,3,2,1,1,12
14340026001,3,1,1,1,12
14631022001,3,1,1,1,12
14631082001,3,2,1,1,12
30005001001,3,2,1,1,12
11031038001,3,1,1,1,12
11073900001,3,1,1,1,12
11076883001,3,1,1,1,12
12000325001,3,1,1,1,12
12002014001,3,1,1,1,12
12003125001,3,1,1,1,12
12005056003,3,1,1,1,12
12010153001,3,1,1,1,12
12012098001,3,1,1,1,12
12020001001,3,1,1,1,12
12020025001,3,1,1,1,12
12020026001,3,1,1,1,12
12020238001,3,1,1,1,12
12020261001,3,1,1,1,12
12020271001,3,1,1,1,12
12020362001,3,1,1,1,12
12020384001,3,1,1,1,12
12020420001,3,1,1,1,12
12020925001,3,1,1,1,12
12032541001,3,1,1,1,12
12032543001,3,1,1,1,12
12103052001,3,1,1,1,12
12125015001,3,1,1,1,12
12302118001,3,1,1,1,12
14521147001,3,1,1,1,12
14522066001,3,1,1,1,12
14631014001,3,1,1,1,12
14631949001,3,1,1,1,12
14632024001,3,1,1,1,12
14632246001,3,1,1,1,12
14822011001,3,1,1,1,12
14822104001,3,1,1,1,12
30001041001,3,1,1,1,12
31111007001,3,1,1,1,12
31462016001,3,1,1,1,12
31530043001,3,1,1,1,12
61131072001,3,1,1,1,12
10051001001,3,1,1,1,12
11002007001,3,1,1,1,12
11030017001,3,1,1,1,12
11030204001,3,1,1,1,12
12000194001,3,1,1,1,12
12010135001,3,1,1,1,12
12010196001,3,1,1,1,12
12011390001,3,1,1,1,12
12011391001,3,1,1,1,12
12012969001,3,1,1,1,12
12020051001,3,1,1,1,12
12020211001,3,1,1,1,12
12020237001,3,1,1,1,12
12020501001,3,1,1,1,12
12021036001,3,1,1,1,12
12032227001,3,1,1,1,12
12100055001,3,1,1,1,12
12102030001,3,1,1,1,12
12102122001,3,1,1,1,12
14312008001,3,1,1,1,12
14602112001,3,1,1,1,12
14602113001,3,1,1,1,12
14615083001,3,1,1,1,12
14616020001,3,1,1,1,12
32470025001,3,1,1,1,12
11043007001,3,1,1,1,12
11050140002,3,1,1,1,12
11071012001,3,1,1,1,12
11073039001,3,1,1,1,12
11076886001,3,1,1,1,12
12000032001,3,1,1,1,12
12000204001,3,1,1,1,12
12006048001,3,1,1,1,12
12011134001,3,1,1,1,12
12011207001,3,1,1,1,12
12011389001,3,1,1,1,12
12011395001,3,1,1,1,12
12012928001,3,1,1,1,12
12020458001,3,1,1,1,12
12020969001,3,1,1,1,12
12032224001,3,1,1,1,12
12032540001,3,1,1,1,12
12101009001,3,1,1,1,12
12111014001,3,1,1,1,12
12302044001,3,1,1,1,12
14204101001,3,1,1,1,12
14204102001,3,1,1,1,12
14602120001,3,1,1,1,12
14615081001,3,1,1,1,12
14616108001,3,1,1,1,12
14616194001,3,1,1,1,12
14616195001,3,1,1,1,12
31530001001,3,1,1,1,12
32420037001,3,1,1,1,12
61064195002,3,1,1,1,12
14201002001,3,6,1,1,10
14223008001,3,4,1,1,10
14111119001,3,3,1,1,10
14023194001,3,3,1,1,10
14731005001,3,2,1,1,10
32600036001,3,3,1,1,10
65031073001,3,2,1,1,10
10023104001,3,2,1,1,10
31552006001,3,1,1,1,10
11050036001,3,1,1,1,10
14204066001,3,1,1,1,10
14851098001,3,1,1,1,10
14850133001,3,1,1,1,10
14100007001,3,5,1,1,10
14221114001,3,2,1,1,10
14101002001,3,2,1,1,10
14244062001,3,2,1,1,10
14111007001,3,2,1,1,10
14302060001,3,1,1,1,10
31271003001,3,2,1,1,10
14243081001,3,1,1,1,10
14315007001,3,1,1,1,10
14243031001,3,1,1,1,10
14244047001,3,1,1,1,10
14601016001,3,1,1,1,10
14343012001,3,1,1,1,10
14200059001,3,3,1,1,10
14201003001,3,3,1,1,10
14200061001,3,2,1,1,10
14111035001,3,1,1,1,10
11041999004,3,1,1,1,10
14000025001,3,1,1,1,10
30072058001,3,1,1,1,10
32517006001,3,7,2,2,10
11030010001,3,9,1,1,10
14243012001,3,5,1,1,10
14203055001,3,3,1,1,10
10014006001,3,4,1,1,10
11050009002,3,3,1,1,10
12020927001,3,3,1,1,10
14314003001,3,3,1,1,10
14241078001,3,2,1,1,10
14242068001,3,3,1,1,10
11103153001,3,3,1,1,10
14312068001,3,2,1,1,10
11041999001,3,1,1,1,10
11074016001,3,2,1,1,10
14222001001,3,2,1,1,10
14243053001,3,2,1,1,10
10014103001,3,2,1,1,10
11050009001,3,1,1,1,10
11074014001,3,1,1,1,10
12021969001,3,1,1,1,10
11021067001,3,1,1,1,10
12034211001,3,1,1,1,10
14240012001,3,1,1,1,10
12102113001,3,1,1,1,10
14313024001,3,10,10,10,10
14242013001,3,4,1,1,10
32410102001,3,4,1,1,10
14243120001,3,4,1,1,10
14632014001,3,4,1,1,10
32410022001,3,3,1,1,10
11074060005,3,3,1,1,10
32410019001,3,3,1,1,10
11074060004,3,3,1,1,10
12102042001,3,2,1,1,10
12102136001,3,2,1,1,10
32410016001,3,3,1,1,10
11110999001,3,2,1,1,10
12102153001,3,2,1,1,10
12111074001,3,2,1,1,10
11074019001,3,2,1,1,10
14222119001,3,2,1,1,10
11074047001,3,1,1,1,10
11110022001,3,1,1,1,10
14243106001,3,1,1,1,10
11074001001,3,1,1,1,10
14222122001,3,1,1,1,10
12130052001,3,9,3,3,9
14611014001,3,2,1,1,9
14613013001,3,1,1,1,9
12001050001,3,1,1,1,9
14000020001,3,1,1,1,9
14001119001,3,7,1,1,9
12003077001,3,4,1,1,9
12000361001,3,3,1,1,9
14613017001,3,2,1,1,9
12000061001,3,1,1,1,9
12011362001,3,2,1,1,9
12000343001,3,2,1,1,9
12000999001,3,1,1,1,9
12000018001,3,1,1,1,9
12000379001,3,1,1,1,9
12003054001,3,1,1,1,9
12000005001,3,1,1,1,9
12000135001,3,1,1,1,9
12000206001,3,1,1,1,9
12002155001,3,1,1,1,9
12011088001,3,1,1,1,9
11041003001,3,1,1,1,9
12000007001,3,1,1,1,9
12003072001,3,1,1,1,9
12000051001,3,4,1,1,9
12002949001,3,5,1,1,9
12000241001,3,3,1,1,9
12002044001,3,3,1,1,9
12002948001,3,2,1,1,9
12001006001,3,1,1,1,9
12123101001,3,4,1,1,8
11021061001,3,3,1,1,8
31567010001,3,3,1,1,8
11103130002,3,3,1,1,8
14311256001,3,3,1,1,8
12120045001,3,2,1,1,8
31567030001,3,3,1,1,8
11103246001,3,2,1,1,8
11103252001,3,2,1,1,8
11103253001,3,3,1,1,8
11103108001,3,2,1,1,8
14505913001,3,2,1,1,8
14505996001,3,1,1,1,8
33550937001,3,1,1,1,8
11103199001,3,1,1,1,8
14505931001,3,1,1,1,8
41223052001,3,1,1,1,8
11021020001,3,1,1,1,8
11103191001,3,1,1,1,8
14505947001,3,1,1,1,8
11103148001,3,1,1,1,8
11103193001,3,1,1,1,8
11103203001,3,1,1,1,8
11103127001,3,1,1,1,8
14311025001,3,1,1,1,8
14505926001,3,1,1,1,8
14002014001,3,2,1,1,8
11103001001,3,5,2,2,8
12121092001,3,4,1,1,8
14331013001,3,2,1,1,8
14330897001,3,1,1,1,8
60014001004,3,1,1,1,8
60014001010,3,1,1,1,8
14003070001,3,1,1,1,8
11021026001,3,5,2,2,8
10031899001,3,4,1,1,8
14504060001,3,2,1,1,8
30073068001,3,2,1,1,8
14510202001,3,1,1,1,8
12010049001,3,6,1,1,8
15020911001,3,5,1,1,8
12010051001,3,5,1,1,8
14311002001,3,3,1,1,8
14352027001,3,3,1,1,8
12120079001,3,2,1,1,8
12212022001,3,2,1,1,8
14310003001,3,2,1,1,8
14310056001,3,1,1,1,8
14832948001,3,2,1,1,8
11110033001,3,1,1,1,8
11110045001,3,1,1,1,8
14310054001,3,1,1,1,8
11103091001,3,1,1,1,8
12010176001,3,1,1,1,8
12106091001,3,1,1,1,8
11022002001,3,8,8,8,8
14021068001,3,7,1,1,8
12010079001,3,3,1,1,8
12000215001,3,3,1,1,8
14310062001,3,2,1,1,8
12103050001,3,2,1,1,8
12017009001,3,2,1,1,8
12002071001,3,2,1,1,8
12000433001,3,1,1,1,8
12001090001,3,1,1,1,8
12003015001,3,1,1,1,8
12017019001,3,1,1,1,8
12001086001,3,1,1,1,8
12017017001,3,1,1,1,8
12017018001,3,1,1,1,8
14241035001,3,1,1,1,8
14241043001,3,1,1,1,8
14241044001,3,1,1,1,8
12000430001,3,1,1,1,8
12001088001,3,1,1,1,8
12002068001,3,1,1,1,8
12022034001,3,1,1,1,8
14103058001,3,1,1,1,8
14851057001,3,5,1,1,7
14851018001,3,4,1,1,7
14023502001,3,7,7,7,7
12120062001,3,7,7,7,7
12123092001,3,7,7,7,7
14311086001,3,7,7,7,7
12120026001,3,7,7,7,7
14310134001,3,5,1,1,6
12130034001,3,5,1,1,6
12130025001,3,5,1,1,6
11010019001,3,3,1,1,6
31504015001,3,3,1,1,6
11103196001,3,3,1,1,6
11111008001,3,3,1,1,6
12130014001,3,3,1,1,6
12130046001,3,4,1,1,6
14615042001,3,3,1,1,6
10041013001,3,3,1,1,6
11103052001,3,2,1,1,6
11103068001,3,3,1,1,6
11010016001,3,2,1,1,6
11010059001,3,3,1,1,6
11103322001,3,3,1,1,6
14611007001,3,3,1,1,6
11010035001,3,2,1,1,6
11103085001,3,2,1,1,6
11103354001,3,3,1,1,6
14330003001,3,2,1,1,6
14351028001,3,2,1,1,6
14850135001,3,2,1,1,6
11010021002,3,2,1,1,6
11010045001,3,2,1,1,6
12011310001,3,2,1,1,6
14353003001,3,2,1,1,6
11103321002,3,2,1,1,6
11103884001,3,2,1,1,6
12130029001,3,2,1,1,6
12130088001,3,2,1,1,6
12327035001,3,2,1,1,6
11103157001,3,1,1,1,6
11103336001,3,2,1,1,6
12234915001,3,2,1,1,6
14011040001,3,2,1,1,6
41223066001,3,1,1,1,6
11021066001,3,2,1,1,6
11103884003,3,1,1,1,6
12105043001,3,1,1,1,6
14360019001,3,1,1,1,6
11103188001,3,1,1,1,6
11103201001,3,1,1,1,6
12130007001,3,1,1,1,6
12130089001,3,1,1,1,6
12130110001,3,1,1,1,6
14010263001,3,1,1,1,6
14850175001,3,1,1,1,6
11010012001,3,1,1,1,6
11031901001,3,1,1,1,6
11103065001,3,1,1,1,6
11103099001,3,1,1,1,6
11103188002,3,1,1,1,6
11103301002,3,1,1,1,6
11103321001,3,1,1,1,6
11103884002,3,1,1,1,6
14615896001,3,1,1,1,6
35122015001,3,1,1,1,6
41223020001,3,1,1,1,6
41302006001,3,1,1,1,6
11010005001,3,1,1,1,6
11010037001,3,1,1,1,6
11103039001,3,1,1,1,6
11103301001,3,1,1,1,6
11103350001,3,1,1,1,6
14611018001,3,1,1,1,6
41313012001,3,1,1,1,6
41401011001,3,1,1,1,6
41401040001,3,1,1,1,6
31822063001,3,6,6,6,6
12327016001,3,2,1,1,6
12327023001,3,2,1,1,6
41234002001,3,1,1,1,6
12327085001,3,1,1,1,6
41313936001,3,1,1,1,6
14512005001,3,3,1,1,6
14310111001,3,4,1,1,6
14331020001,3,3,1,1,6
14360014001,3,2,1,1,6
11111037001,3,2,1,1,6
12011050001,3,3,1,1,6
31567023001,3,2,1,1,6
14411053001,3,2,1,1,6
14331898001,3,2,1,1,6
14411015001,3,2,1,1,6
14332005001,3,2,1,1,6
14332010001,3,2,1,1,6
14332018001,3,2,1,1,6
10023998001,3,2,1,1,6
12010207001,3,1,1,1,6
14210899001,3,2,1,1,6
14240010001,3,1,1,1,6
14310048001,3,2,1,1,6
14310052001,3,1,1,1,6
14330015001,3,1,1,1,6
14330041001,3,2,1,1,6
14333007001,3,2,1,1,6
14411016001,3,2,1,1,6
10023032001,3,1,1,1,6
14506071001,3,1,1,1,6
31403064001,3,1,1,1,6
31472025001,3,1,1,1,6
12327002001,3,1,1,1,6
14310999001,3,1,1,1,6
11051032001,3,1,1,1,6
14310049001,3,1,1,1,6
14330006001,3,1,1,1,6
35310008001,3,1,1,1,6
14310071001,3,3,1,1,6
11103298001,3,3,1,1,6
11010024001,3,3,1,1,6
14353900001,3,4,1,1,6
11103267001,3,3,1,1,6
11101021001,3,3,1,1,6
14244935001,3,2,1,1,6
11102012001,3,2,1,1,6
10023079001,3,2,1,1,6
11103211001,3,1,1,1,6
14502069001,3,2,1,1,6
12011340001,3,2,1,1,6
11102043001,3,1,1,1,6
14413010001,3,1,1,1,6
11103206001,3,1,1,1,6
14023210001,3,6,6,6,6
12220029001,3,6,6,6,6
14510287001,3,6,6,6,6
14620081001,3,5,1,1,6
14311041001,3,5,1,1,6
14615898001,3,4,1,1,6
14210137001,3,5,1,1,6
12112002001,3,3,1,1,6
14616048001,3,4,1,1,6
11010026001,3,3,1,1,6
11010061001,3,3,1,1,6
14310169001,3,3,1,1,6
14311898001,3,4,1,1,6
10041055001,3,3,1,1,6
14227001001,3,3,1,1,6
11050068001,3,2,1,1,6
11101023001,3,3,1,1,6
11103283002,3,3,1,1,6
11110087002,3,2,1,1,6
14311037001,3,3,1,1,6
65110026001,3,3,1,1,6
10022009001,3,2,1,1,6
12000050001,3,2,1,1,6
14311093001,3,2,1,1,6
14730015001,3,2,1,1,6
10023031001,3,2,1,1,6
11103299001,3,2,1,1,6
12001029001,3,2,1,1,6
14310022001,3,2,1,1,6
14310209001,3,2,1,1,6
10023991001,3,2,1,1,6
11103054003,3,2,1,1,6
11103282001,3,2,1,1,6
12000076001,3,2,1,1,6
12001047001,3,2,1,1,6
12002021001,3,2,1,1,6
12011118001,3,2,1,1,6
12011265001,3,2,1,1,6
14611009001,3,2,1,1,6
30073017001,3,2,1,1,6
65111095001,3,2,1,1,6
10041005001,3,2,1,1,6
11110056001,3,1,1,1,6
11110087001,3,2,1,1,6
12105908001,3,1,1,1,6
14311220001,3,2,1,1,6
11010018001,3,2,1,1,6
11103190001,3,2,1,1,6
12001062001,3,2,1,1,6
12001084001,3,1,1,1,6
12001087001,3,2,1,1,6
12011103001,3,2,1,1,6
12011152001,3,1,1,1,6
14303037001,3,1,1,1,6
14615063001,3,1,1,1,6
14620138001,3,1,1,1,6
65106036001,3,1,1,1,6
11103387001,3,1,1,1,6
12011007001,3,1,1,1,6
12011111001,3,1,1,1,6
12105013001,3,1,1,1,6
14311036001,3,1,1,1,6
14710003001,3,1,1,1,6
11010015001,3,1,1,1,6
11103377001,3,1,1,1,6
12001068001,3,1,1,1,6
12001111001,3,1,1,1,6
12002093001,3,1,1,1,6
12011191001,3,1,1,1,6
12011240001,3,1,1,1,6
12011339001,3,1,1,1,6
12112026001,3,1,1,1,6
14412060001,3,1,1,1,6
11010015002,3,1,1,1,6
11010051001,3,1,1,1,6
11021074001,3,1,1,1,6
11050105001,3,1,1,1,6
11103380001,3,1,1,1,6
12000146001,3,1,1,1,6
12002037001,3,1,1,1,6
12002040001,3,1,1,1,6
12110074001,3,1,1,1,6
12323109001,3,1,1,1,6
14360087001,3,1,1,1,6
14710006001,3,1,1,1,6
12211001001,3,6,6,6,6
12120013001,3,6,6,6,6
12123112001,3,6,6,6,6
11050094001,3,6,6,6,6
14602050001,3,4,1,1,6
12002013001,3,5,1,1,6
12020003001,3,4,1,1,6
14600010001,3,5,1,1,6
12000049001,3,4,1,1,6
12034085001,3,4,1,1,6
14342020001,3,4,1,1,6
10023011001,3,3,1,1,6
12000205001,3,3,1,1,6
12020326001,3,3,1,1,6
12020249001,3,3,1,1,6
12326152001,3,3,1,1,6
12020220001,3,3,1,1,6
12023015001,3,3,1,1,6
14631925001,3,3,1,1,6
12020175001,3,3,1,1,6
12020240001,3,2,1,1,6
12105072001,3,2,1,1,6
14602115001,3,3,1,1,6
61037010002,3,3,1,1,6
12001070001,3,2,1,1,6
12110029001,3,3,1,1,6
35300010001,3,2,1,1,6
12020498001,3,2,1,1,6
14340001001,3,2,1,1,6
14602047001,3,2,1,1,6
14615072001,3,2,1,1,6
35307925001,3,2,1,1,6
11110079004,3,2,1,1,6
12000093001,3,2,1,1,6
12000207001,3,2,1,1,6
12000498001,3,2,1,1,6
12001059001,3,2,1,1,6
12016113001,3,2,1,1,6
12022043001,3,2,1,1,6
12110015001,3,2,1,1,6
12326167001,3,2,1,1,6
14602051001,3,2,1,1,6
14604038001,3,2,1,1,6
12000260001,3,1,1,1,6
12000265001,3,2,1,1,6
12000314001,3,1,1,1,6
12000480001,3,2,1,1,6
12011192001,3,2,1,1,6
12011337001,3,2,1,1,6
12011453001,3,2,1,1,6
12020461001,3,2,1,1,6
12151110001,3,2,1,1,6
14602116001,3,2,1,1,6
14604033001,3,1,1,1,6
14632449001,3,1,1,1,6
12000225001,3,1,1,1,6
12001094001,3,1,1,1,6
12002105001,3,1,1,1,6
12002134001,3,1,1,1,6
12003006001,3,1,1,1,6
12105044001,3,1,1,1,6
12105055001,3,1,1,1,6
14602091001,3,2,1,1,6
14604112001,3,1,1,1,6
14632450001,3,2,1,1,6
30071041001,3,2,1,1,6
11110079003,3,1,1,1,6
12000163001,3,1,1,1,6
12000226001,3,1,1,1,6
12000495001,3,1,1,1,6
12001057001,3,1,1,1,6
12001058001,3,1,1,1,6
12011175001,3,1,1,1,6
12016056001,3,1,1,1,6
12020161001,3,1,1,1,6
12020260001,3,1,1,1,6
12020325001,3,1,1,1,6
12103150001,3,1,1,1,6
12110016001,3,1,1,1,6
14312022001,3,1,1,1,6
14602025001,3,1,1,1,6
14602074001,3,1,1,1,6
14604032001,3,1,1,1,6
14604118001,3,1,1,1,6
61080010003,3,1,1,1,6
12000042001,3,1,1,1,6
12000247001,3,1,1,1,6
12000411001,3,1,1,1,6
12001067001,3,1,1,1,6
12001079001,3,1,1,1,6
12002018001,3,1,1,1,6
12002104001,3,1,1,1,6
12002124001,3,1,1,1,6
12003111001,3,1,1,1,6
12011386001,3,1,1,1,6
12016061001,3,1,1,1,6
12020246001,3,1,1,1,6
12034154001,3,1,1,1,6
12110037001,3,1,1,1,6
12110059001,3,1,1,1,6
12125023001,3,1,1,1,6
12125028001,3,1,1,1,6
14602045001,3,1,1,1,6
14602087001,3,1,1,1,6
14602098001,3,1,1,1,6
14602099001,3,1,1,1,6
14602110001,3,1,1,1,6
14604121001,3,1,1,1,6
14612031001,3,1,1,1,6
11112038001,3,1,1,1,6
12000400001,3,1,1,1,6
12000432001,3,1,1,1,6
12000497001,3,1,1,1,6
12001017001,3,1,1,1,6
12001061001,3,1,1,1,6
12001063001,3,1,1,1,6
12001064001,3,1,1,1,6
12002084001,3,1,1,1,6
12002089001,3,1,1,1,6
12003120001,3,1,1,1,6
12003147001,3,1,1,1,6
12016023001,3,1,1,1,6
12016045001,3,1,1,1,6
12016091001,3,1,1,1,6
12016131001,3,1,1,1,6
12020282001,3,1,1,1,6
12020323001,3,1,1,1,6
12020327001,3,1,1,1,6
12021094001,3,1,1,1,6
12022043002,3,1,1,1,6
12022064001,3,1,1,1,6
12023463001,3,1,1,1,6
12105032001,3,1,1,1,6
12110003001,3,1,1,1,6
12110058001,3,1,1,1,6
12320030001,3,1,1,1,6
12323010001,3,1,1,1,6
12324139001,3,1,1,1,6
12325047001,3,1,1,1,6
12326090001,3,1,1,1,6
14341102001,3,1,1,1,6
14602030001,3,1,1,1,6
14602052001,3,1,1,1,6
14602075001,3,1,1,1,6
14602089001,3,1,1,1,6
14602100001,3,1,1,1,6
14604114001,3,1,1,1,6
14604254001,3,1,1,1,6
14632071001,3,1,1,1,6
14632350001,3,1,1,1,6
31421049001,3,1,1,1,6
14000201001,3,2,1,1,5
11103071001,3,1,1,1,5
11103073001,3,1,1,1,5
14604256001,3,1,1,1,5
10023124001,3,2,1,1,5
12202038001,3,5,5,5,5
32514096001,3,1,1,1,5
41301008002,3,4,2,2,4
12130049001,3,4,1,1,4
11110065001,3,3,1,1,4
11100103001,3,3,1,1,4
14850019001,3,3,1,1,4
14620048001,3,2,1,1,4
11100016001,3,2,1,1,4
11100107001,3,3,1,1,4
14851014001,3,2,1,1,4
14133918001,3,2,1,1,4
11103077001,3,2,1,1,4
11103008001,3,2,1,1,4
11103233001,3,1,1,1,4
11110088001,3,2,1,1,4
12130041001,3,2,1,1,4
11110016001,3,2,1,1,4
12130048001,3,2,1,1,4
12231004001,3,2,1,1,4
14850123001,3,2,1,1,4
11100004001,3,1,1,1,4
11110014001,3,1,1,1,4
12233011001,3,1,1,1,4
33550920001,3,1,1,1,4
11100110001,3,1,1,1,4
11103040001,3,1,1,1,4
11103247001,3,1,1,1,4
31580049003,3,1,1,1,4
11040011001,3,1,1,1,4
11103155001,3,1,1,1,4
11103248001,3,1,1,1,4
65090092001,3,1,1,1,4
12211023001,3,4,4,4,4
11103112001,3,3,1,1,4
11103102002,3,3,1,1,4
11103115001,3,2,1,1,4
12130071001,3,3,1,1,4
11103001002,3,3,1,1,4
11103102001,3,2,1,1,4
11103078001,3,2,1,1,4
11103113001,3,2,1,1,4
14353012001,3,2,1,1,4
11103089004,3,2,1,1,4
11103079001,3,1,1,1,4
11103249001,3,1,1,1,4
11112002001,3,1,1,1,4
32523001001,3,1,1,1,4
10023058001,3,3,1,1,4
11103244002,3,2,1,1,4
11050010002,3,2,1,1,4
10023068001,3,2,1,1,4
11050010001,3,2,1,1,4
11103244001,3,2,1,1,4
11021007001,3,1,1,1,4
11103244003,3,1,1,1,4
11103365001,3,2,1,1,4
12327077001,3,2,1,1,4
11103049001,3,1,1,1,4
11103323001,3,1,1,1,4
11050037001,3,1,1,1,4
11103256001,3,1,1,1,4
11050097001,3,1,1,1,4
11103002001,3,1,1,1,4
14511022001,3,4,4,4,4
14510037001,3,4,4,4,4
12010010001,3,4,1,1,4
12011179001,3,3,1,1,4
10023107001,3,3,1,1,4
12123018001,3,4,4,4,4
14000125001,3,4,4,4,4
12121067001,3,4,4,4,4
12123023001,3,4,4,4,4
12212038001,3,4,4,4,4
12122041001,3,4,4,4,4
14313900001,3,4,4,4,4
12023167001,3,1,1,1,4
12011212001,3,1,1,1,4
12231005001,3,3,1,1,3
12130051001,3,2,1,1,3
31827020001,3,3,3,3,3
14851121001,3,3,3,3,3
10023054001,3,1,1,1,3
10023063001,3,3,1,1,3
31762901001,3,1,1,1,3
33271052001,3,1,1,1,3
14512025001,3,3,3,3,3
14511071001,3,3,3,3,3
14341079001,3,3,3,3,3
11103105001,3,3,3,3,3
12125003001,3,3,3,3,3
12123070001,3,3,3,3,3
12005082007,3,2,1,1,3
12005084004,3,2,1,1,3
12005084007,3,2,1,1,3
12004170001,3,2,1,1,3
12005082003,3,2,1,1,3
12020128001,3,2,1,1,3
12003048001,3,1,1,1,3
12105047001,3,1,1,1,3
12001027001,3,1,1,1,3
12005082004,3,1,1,1,3
12005082006,3,1,1,1,3
12005082010,3,1,1,1,3
12005084006,3,1,1,1,3
12020046001,3,1,1,1,3
12020434001,3,1,1,1,3
12003038001,3,1,1,1,3
12005082002,3,1,1,1,3
12020045001,3,1,1,1,3
12021022001,3,1,1,1,3
12022177001,3,1,1,1,3
41522089001,3,2,2,2,2
12234037001,3,1,1,1,2
12233035001,3,1,1,1,2
41303063001,3,1,1,1,2
35131010001,3,1,1,1,2
41302008001,3,1,1,1,2
41303049001,3,1,1,1,2
14851009001,3,2,2,2,2
12327025001,3,2,2,2,2
12327059001,3,2,2,2,2
14510038001,3,2,2,2,2
14110270001,3,2,2,2,2
14510161001,3,2,2,2,2
14510213001,3,2,2,2,2
14512023001,3,2,2,2,2
14510184001,3,2,2,2,2
14510206001,3,2,2,2,2
14511021001,3,2,2,2,2
14512123001,3,2,2,2,2
11101044001,3,2,2,2,2
14313021001,3,2,2,2,2
12121060001,3,2,2,2,2
12212002001,3,2,2,2,2
14313899001,3,2,2,2,2
11112021001,3,2,2,2,2
12201122001,3,2,2,2,2
14313004001,3,2,2,2,2
14313891001,3,2,2,2,2
12123094001,3,2,2,2,2
14313008001,3,2,2,2,2
11103147001,3,2,2,2,2
12211013001,3,2,2,2,2
14313906001,3,2,2,2,2
12233034001,3,1,1,1,1
12234038001,3,1,1,1,1
40400031001,3,1,1,1,1
41221019001,3,1,1,1,1
41332022001,3,1,1,1,1
41511017001,3,1,1,1,1
35131001001,3,1,1,1,1
41101002001,3,1,1,1,1
41202017001,3,1,1,1,1
41232047001,3,1,1,1,1
41331023001,3,1,1,1,1
41521089001,3,1,1,1,1
41522095001,3,1,1,1,1
41522108001,3,1,1,1,1
42015012001,3,1,1,1,1
14851035001,3,1,1,1,1
31821064001,3,1,1,1,1
41100017001,3,1,1,1,1
14850060001,3,1,1,1,1
31835944001,3,1,1,1,1
14850020001,3,1,1,1,1
14851004001,3,1,1,1,1
14851023001,3,1,1,1,1
14851001001,3,1,1,1,1
41511008001,3,1,1,1,1
41531003001,3,1,1,1,1
12327088001,3,1,1,1,1
41310001001,3,1,1,1,1
12327064001,3,1,1,1,1
41213013001,3,1,1,1,1
41212053001,3,1,1,1,1
12220014001,3,1,1,1,1
14510288001,3,1,1,1,1
14510215001,3,1,1,1,1
14511034001,3,1,1,1,1
41530017001,3,1,1,1,1
41401068001,3,1,1,1,1
12103073001,3,1,1,1,1
41401031001,3,1,1,1,1
12201053001,3,1,1,1,1
12213017001,3,1,1,1,1
14313011001,3,1,1,1,1
41414006001,3,1,1,1,1
14313892001,3,1,1,1,1
41110001001,3,1,1,1,1
41417013001,3,1,1,1,1
42301034001,3,1,1,1,1
42613064002,3,1,1,1,1
12030741001,3,1,1,1,1
12104032001,3,1,1,1,1
14110271001,3,1,1,1,1
41420037001,3,1,1,1,1
41420048001,3,1,1,1,1
41421003001,3,1,1,1,1
41512006001,3,1,1,1,1
10021008001,4,2582,108,108,2592
10001009001,4,1914,80,80,1920
10032006001,4,1842,77,77,1848
10035035001,4,1754,74,74,1776
10002008001,4,1691,71,71,1704
10040063001,4,1632,68,68,1632
10010002001,4,1565,66,66,1584
10001012001,4,1434,60,60,1440
10031005001,4,1392,58,58,1392
10002021001,4,1386,58,58,1392
10033037001,4,1331,56,56,1344
10031001001,4,1311,55,55,1320
10032016001,4,1291,54,54,1296
10000002001,4,1385,231,215,1290
10033018001,4,1261,53,53,1272
14502081001,4,1213,41,41,1230
10000005001,4,1178,50,50,1200
10034042001,4,1167,49,49,1176
10031013001,4,1113,47,47,1128
10034019001,4,1062,45,45,1080
10033004001,4,1046,44,44,1056
10033025001,4,1004,42,42,1008
10010004001,4,939,40,40,960
10032013001,4,919,39,39,936
10035034001,4,929,39,39,936
10031910001,4,896,38,38,912
10032010001,4,843,36,36,864
10002102001,4,845,36,36,864
10034025001,4,823,35,35,840
10010035001,4,794,34,34,816
14505013001,4,756,26,26,780
10021027001,4,746,32,32,768
14011052001,4,701,30,30,720
10001006001,4,714,30,30,720
14505041001,4,703,18,18,720
10014090001,4,679,29,29,696
10032008001,4,661,28,28,672
10034003001,4,670,28,28,672
10033064001,4,649,28,28,672
10033068001,4,664,28,28,672
10001025001,4,634,27,27,648
10030013001,4,602,26,26,624
14831007001,4,604,13,13,624
10040062001,4,607,51,51,612
10034036001,4,580,25,25,600
10032019001,4,574,24,24,576
14820008001,4,571,12,12,576
14505899001,4,545,14,14,560
10000026001,4,549,23,23,552
14840003001,4,527,11,11,528
10030048001,4,462,20,20,480
10034004001,4,462,20,20,480
10014023001,4,474,20,20,480
10002009001,4,410,18,18,432
10033070001,4,409,18,18,432
10030007001,4,421,18,18,432
10011016001,4,412,18,18,432
10011001001,4,408,17,17,408
14501014001,4,367,13,13,390
10033074001,4,370,16,16,384
10033015001,4,367,16,16,384
10002005001,4,384,16,16,384
10034011001,4,380,16,16,384
10031033001,4,361,16,16,384
10013003001,4,377,16,16,384
14503000001,4,352,12,12,360
10033005001,4,357,15,15,360
10013005001,4,343,15,15,360
14502041001,4,347,12,12,360
14505917001,4,349,9,9,360
14014006001,4,341,57,57,342
10035015001,4,332,14,14,336
10033050001,4,335,14,14,336
14011053001,4,308,13,13,312
14805016001,4,297,13,13,312
10001004001,4,296,50,50,300
14503019001,4,326,28,24,288
14503013001,4,277,24,24,288
14840006001,4,260,6,6,288
14810006001,4,269,12,12,288
14821003001,4,260,6,6,288
14830010001,4,282,6,6,288
10021026001,4,270,23,23,276
14504006001,4,243,9,9,270
14502012001,4,265,9,9,270
10002017001,4,262,44,44,264
14832021001,4,250,11,11,264
10021035001,4,258,65,65,260
14014014001,4,237,24,24,240
14010040001,4,233,24,24,240
10033030001,4,231,10,10,240
10033054001,4,226,10,10,240
14501004001,4,239,8,8,240
14820028001,4,219,5,5,240
14501902001,4,197,9,9,216
10002007001,4,208,9,9,216
14832018001,4,215,9,9,216
14505005001,4,210,7,7,210
14501022001,4,193,17,17,204
14010142001,4,189,24,24,192
14011029001,4,185,16,16,192
14804002001,4,173,8,8,192
10002003001,4,179,8,8,192
14820012001,4,151,4,4,192
14831020001,4,184,4,4,192
10002006001,4,182,31,31,186
14014015001,4,174,15,15,180
14505138001,4,171,15,15,180
14501047001,4,175,6,6,180
14502010001,4,161,7,7,168
14502006001,4,155,7,7,168
10001014001,4,164,7,7,168
14020026001,4,152,13,13,156
14500023001,4,155,13,13,156
14500026001,4,145,13,13,156
14023028001,4,144,12,12,144
14820014001,4,122,3,3,144
14833010001,4,122,6,6,144
14820013001,4,113,3,3,144
14112013001,4,136,14,14,140
14112007001,4,135,14,14,140
14023104001,4,128,11,11,132
14502015001,4,130,11,11,132
14501016001,4,121,11,11,132
14014005001,4,117,10,10,120
14203017001,4,90,3,3,120
14110009001,4,113,10,10,120
14830009001,4,118,5,5,120
14804010001,4,116,5,5,120
14505031001,4,99,9,9,108
14500056001,4,99,13,13,104
14011003001,4,101,17,17,102
14000057001,4,96,10,10,100
14121106001,4,91,10,10,100
14000197001,4,85,8,8,96
14521157001,4,88,1,1,96
14520065001,4,57,1,1,96
14505011001,4,87,4,4,96
14801002001,4,76,4,4,96
14831002001,4,83,2,2,96
14611010001,4,87,15,15,90
14021010001,4,81,7,7,84
14505099001,4,83,7,7,84
10002045001,4,79,14,14,84
14112014001,4,73,8,8,80
14020053001,4,65,5,5,80
14011032001,4,77,13,13,78
10040026001,4,77,39,39,78
14000006001,4,72,8,8,72
14133023001,4,71,6,6,72
14021017001,4,70,6,6,72
14023029001,4,71,6,6,72
14000196001,4,67,6,6,72
14133003001,4,71,6,6,72
14000032001,4,61,6,6,72
14003029001,4,58,4,4,72
14502111001,4,72,6,6,72
14501086001,4,72,6,6,72
14501038001,4,72,6,6,72
14011028001,4,61,11,11,66
14014031001,4,60,8,8,64
14113066001,4,61,8,8,64
14100003001,4,56,5,5,60
14132015001,4,54,5,5,60
14001042001,4,52,5,5,60
14020926001,4,52,5,5,60
14010071001,4,55,5,5,60
14010170001,4,53,5,5,60
14000022001,4,52,6,6,60
14620014001,4,56,10,10,60
14121020001,4,55,6,6,60
14121068001,4,60,6,6,60
14501026001,4,53,7,7,56
14010034001,4,52,9,9,54
14003041001,4,47,3,3,54
14510050001,4,54,54,54,54
10002035001,4,53,9,9,54
14011034001,4,50,5,5,50
14244003001,4,45,5,5,50
14000017001,4,45,7,7,49
14500037001,4,45,8,8,48
14103009001,4,41,6,6,48
14506087001,4,41,6,6,48
14104002001,4,43,4,4,48
14104129001,4,41,4,4,48
14002002001,4,37,4,4,48
14104017001,4,38,4,4,48
14001053001,4,45,4,4,48
14010002001,4,41,4,4,48
14001093001,4,43,4,4,48
14014020001,4,37,4,4,48
14011059001,4,48,8,8,48
14011031001,4,46,8,8,48
14023248001,4,37,4,4,48
14121063001,4,39,4,4,48
14121074001,4,38,4,4,48
14023127001,4,33,3,3,48
10040049001,4,41,21,21,42
14011095001,4,37,7,7,42
14010247001,4,42,7,7,42
14023050001,4,33,5,5,40
14112018001,4,33,4,4,40
10040094001,4,40,20,20,40
14500042001,4,35,6,6,36
14023006001,4,32,6,6,36
14311004001,4,34,3,3,36
14132050001,4,35,3,3,36
14200069001,4,30,3,3,36
14311005001,4,27,3,3,36
14011024001,4,35,6,6,36
14023049001,4,28,3,3,36
14204059001,4,31,3,3,36
14023083001,4,28,3,3,36
14023503001,4,31,3,3,36
14003019001,4,35,2,2,36
14130001001,4,30,4,4,32
14131020001,4,30,4,4,32
14010212001,4,32,32,32,32
14021005001,4,31,2,2,32
14022032001,4,26,5,5,30
14010210001,4,30,30,30,30
14010036001,4,29,5,5,30
14100026001,4,23,2,2,24
14804012001,4,23,12,12,24
14023102001,4,19,2,2,24
14222068001,4,20,2,2,20
14222072001,4,20,2,2,20
