item_code,total_demand,degree,avg_affinity,max_affinity,cluster
10021025001,67734,2172.0,2.7564638e-05,0.0019028861,7
10000011001,58080,1656.0,1.7960047e-05,0.001986346,7
10021008001,28440,1514.0,1.3972069e-05,0.0018194262,7
15020047001,24450,1308.0,5.488534e-06,0.00046737553,4
10035035001,22806,1517.0,1.6277716e-05,0.0020864978,7
10001009001,19968,1265.0,1.03045595e-05,0.0012685908,2
10032006001,19758,1455.0,1.4631733e-05,0.0013353587,2
10010002001,19692,1555.0,1.556038e-05,0.0014188186,2
10031005001,18456,1458.0,1.3995559e-05,0.0020864978,7
14805012001,17916,2722.0,3.6447564e-05,0.002069806,7
10034042001,17838,1525.0,1.6030073e-05,0.0018361182,7
10032016001,17802,1526.0,1.504799e-05,0.0020864978,7
10031001001,17628,1352.0,1.5257245e-05,0.001986346,7
14804007001,17208,2531.0,3.307884e-05,0.0016191225,7
12201031001,17064,813.0,2.358963e-06,0.0003171477,5
10033037001,16560,1178.0,1.0987665e-05,0.0015356624,2
10001012001,16152,1172.0,9.416491e-06,0.0013687427,2
10021006001,15940,1014.0,4.4318263e-06,0.00043399158,5
14502009001,15455,2586.0,3.1046526e-05,0.0020864978,7
10040063001,15408,651.0,2.3674995e-06,0.000984827,4
10002008001,15288,900.0,5.1661887e-06,0.0011684388,2
10002021001,15144,1301.0,1.008253e-05,0.0014688945,2
10034019001,14334,1375.0,1.479611e-05,0.0018027342,7
10021001001,13992,1050.0,6.511072e-06,0.0013186667,2
10033025001,13962,1487.0,1.6130421e-05,0.0015690464,7
14500000001,13820,2669.0,3.5273508e-05,0.001986346,7
10033004001,13770,1657.0,1.3041272e-05,0.0018361182,7
10032047001,13656,1391.0,1.41065775e-05,0.0014522026,2
10031013001,13608,1763.0,1.9074372e-05,0.00201973,7
10002018001,13302,2066.0,2.1198526e-05,0.001969654,7
14503003001,13056,3375.0,6.076732e-05,0.00210319,7
10033018001,12764,1679.0,1.5265732e-05,0.0018861941,7
10032013001,12210,1756.0,1.8414734e-05,0.00210319,7
12201079001,11988,857.0,2.50413e-06,0.0007678312,4
10010004001,11694,1215.0,8.741853e-06,0.0014355106,2
10000005001,11670,1487.0,1.0838246e-05,0.001068287,2
10032010001,11448,1350.0,1.1766839e-05,0.0013353587,2
12201898001,11054,424.0,1.0908864e-06,0.00018361182,5
10010035001,10938,1350.0,9.969367e-06,0.0011684388,2
10035034001,10914,967.0,7.4610134e-06,0.0011517468,2
12201103001,10632,637.0,1.8209909e-06,0.00026707174,5
12200002001,10608,286.0,7.770688e-07,0.00028376371,5
10034025001,10488,1050.0,9.109067e-06,0.0014688945,2
10002102001,10434,1235.0,6.4875835e-06,0.0012685908,2
10041067001,10312,798.0,2.7731144e-06,0.00033383968,5
12200006001,10290,371.0,9.1369725e-07,0.00016691984,5
10020007001,10218,1125.0,7.742831e-06,0.0007010633,4
14505013001,10215,2145.0,2.2784678e-05,0.002003038,7
10031910001,10200,988.0,7.1023837e-06,0.0012018228,2
10001006001,10062,1771.0,1.578668e-05,0.0014021266,2
10000002001,9976,1370.0,8.8827865e-06,0.002036422,7
10033043001,9860,2583.0,2.8819948e-05,0.0017359663,7
10002001001,9744,1049.0,7.482392e-06,0.0012185147,2
15022026001,9702,657.0,2.265029e-06,0.0003171477,5
15020050001,9678,693.0,2.3909831e-06,0.00045068355,5
14505041001,9495,1603.0,1.3229194e-05,0.0014688945,2
12201043001,9408,718.0,2.1027856e-06,0.00033383968,5
10035021001,9296,796.0,2.997269e-06,0.0003171477,5
10014090001,9186,1135.0,8.250895e-06,0.0010849789,2
10002019001,9096,1233.0,7.213403e-06,0.0012685908,2
10001025001,9096,1013.0,7.271046e-06,0.0019195781,7
10040005001,8760,485.0,1.5968349e-06,0.00033383968,5
10032008001,8712,1071.0,8.859285e-06,0.00201973,7
12201104001,8640,523.0,1.3982988e-06,0.00025037976,5
10034003001,8508,1043.0,7.648896e-06,0.0012185147,2
12201001001,8496,362.0,9.136969e-07,0.00011684388,5
15020010001,8142,832.0,2.9844605e-06,0.00033383968,5
10033064001,8016,1422.0,1.2332584e-05,0.0015690464,2
10021027001,8016,830.0,4.6965397e-06,0.000968135,4
14502081001,8001,1689.0,1.1739122e-05,0.001986346,7
10030013001,7986,1081.0,8.573248e-06,0.0011350549,2
12200001001,7914,550.0,1.5584093e-06,0.00023368777,5
10002010001,7824,795.0,4.273861e-06,0.00075113925,4
10040062001,7800,543.0,2.0088517e-06,0.000984827,4
10033068001,7680,737.0,4.5577767e-06,0.0012018228,2
15021001001,7524,834.0,3.603552e-06,0.0005174515,4
10000026001,7232,1779.0,1.5872052e-05,0.0016525064,7
10015007001,7224,778.0,3.910961e-06,0.00066767936,4
15022004001,6942,808.0,3.283332e-06,0.0005174515,4
14500013001,6906,1503.0,1.754373e-05,0.0017025823,7
14831007001,6861,2158.0,2.1245476e-05,0.001952962,7
10034036001,6762,1024.0,7.595514e-06,0.0012352067,2
10030048001,6696,1602.0,1.2133997e-05,0.0017526583,7
10030007001,6520,1541.0,1.2509726e-05,0.0018861941,7
10033041001,6474,1337.0,7.106663e-06,0.00055083545,4
14505899001,6455,1614.0,1.2830001e-05,0.0016525064,7
10032019001,6444,830.0,4.9142764e-06,0.0008179072,4
14011052001,6432,1564.0,1.659374e-05,0.0016691984,7
10021016001,6296,1104.0,5.0231524e-06,0.00056752743,4
12201035001,6270,394.0,1.024707e-06,0.00025037976,5
14502011001,6258,1889.0,2.1751479e-05,0.0017693503,7
10033057001,6152,1319.0,7.4418267e-06,0.0006009114,4
10014028001,5892,902.0,5.3433578e-06,0.00066767936,4
10031031001,5819,1126.0,7.1942013e-06,0.00073444727,4
10033013001,5812,1096.0,5.546161e-06,0.0005174515,4
10015010001,5766,882.0,5.6955855e-06,0.0007177553,4
10034999001,5724,987.0,5.5290698e-06,0.0007010633,4
10000007001,5712,1239.0,6.967902e-06,0.0006342954,4
12201069001,5664,356.0,1.1591983e-06,0.00021699579,5
12201024001,5660,747.0,2.1412122e-06,0.00033383968,5
14840003001,5590,2099.0,2.0703214e-05,0.0019028861,7
12201123001,5510,153.0,4.3763453e-07,0.00036722363,5
10021012001,5484,605.0,2.4550272e-06,0.00036722363,5
12201049001,5424,346.0,8.987531e-07,0.0003004557,5
10020018001,5190,904.0,4.5769916e-06,0.00061760336,4
10040003001,5136,366.0,1.1784125e-06,0.00045068355,5
10033015001,5124,1229.0,8.291467e-06,0.0008345992,4
12201083001,5124,145.0,3.5010746e-07,0.00013353587,5
10034004001,5100,1030.0,7.0767783e-06,0.0011517468,2
10002005001,5094,1447.0,1.1032504e-05,0.0014021266,2
14501010001,5052,1959.0,2.1486845e-05,0.002069806,7
12201037001,5040,395.0,1.0033589e-06,0.00023368777,5
10040032001,5034,335.0,1.0439198e-06,0.00016691984,5
10034011001,5022,935.0,5.9432105e-06,0.00095144304,4
14501014001,5010,1753.0,1.4078844e-05,0.0017860422,7
10014023001,4980,1099.0,7.0148685e-06,0.0008012152,4
10011001001,4866,907.0,5.454358e-06,0.0009013671,4
10033005001,4848,967.0,6.4833125e-06,0.001051595,2
10031911001,4770,559.0,2.405925e-06,0.0003004557,5
14503000001,4740,1577.0,1.1724179e-05,0.0020864978,7
14502077001,4698,1380.0,1.3030682e-05,0.002069806,7
10031033001,4584,1073.0,5.6101926e-06,0.000968135,4
12201065001,4560,341.0,8.069567e-07,0.0001001519,5
10011016001,4482,866.0,5.6016597e-06,0.0008345992,4
15020920001,4464,125.0,2.924675e-07,8.345992e-05,5
14505014001,4431,1442.0,1.2428658e-05,0.001001519,2
14505917001,4400,1354.0,9.817827e-06,0.0011183629,2
14014006001,4383,2412.0,4.360359e-05,0.002053114,7
14501063001,4326,1549.0,1.672396e-05,0.0015189705,2
10034014001,4326,887.0,5.1981906e-06,0.00045068355,4
10031017001,4320,441.0,2.1241297e-06,0.0003839156,5
12201042001,4272,252.0,6.447109e-07,0.00023368777,5
14505016001,4242,1775.0,2.0195175e-05,0.0018194262,7
10035015001,4236,1186.0,7.198465e-06,0.0008179072,4
15020046001,4223,298.0,9.585267e-07,0.00021699579,5
10013005001,4212,690.0,3.9301676e-06,0.0009013671,4
10002009001,4188,1043.0,5.26865e-06,0.0016024304,2
10031016001,4158,729.0,3.861859e-06,0.00066767936,4
10013003001,4158,919.0,6.8910754e-06,0.000984827,4
10033070001,4132,780.0,3.663327e-06,0.0018194262,2
12201005001,4056,328.0,8.197652e-07,0.0002003038,5
10033074001,4016,1324.0,8.364034e-06,0.0008345992,4
10040023001,3968,505.0,1.511443e-06,0.00015022785,5
14502041001,3885,1483.0,1.0806223e-05,0.0009180591,4
10033050001,3868,1088.0,6.246346e-06,0.0012852828,2
10021026001,3859,2856.0,4.4745848e-05,0.0020864978,7
14500010001,3855,1099.0,7.815433e-06,0.0012685908,2
14500008001,3768,572.0,2.1689623e-06,0.0002003038,5
14023056001,3763,2923.0,5.336174e-05,0.002069806,7
14805016001,3720,1421.0,9.491209e-06,0.0014188186,2
15023012001,3697,1030.0,5.0295666e-06,0.0005007595,4
14832021001,3690,2102.0,2.0400043e-05,0.0019028861,7
15022005001,3654,324.0,8.774047e-07,0.00011684388,5
10034017001,3606,764.0,4.2162146e-06,0.00066767936,4
14821003001,3567,2298.0,2.329057e-05,0.001952962,7
14840006001,3561,2241.0,2.0765154e-05,0.002053114,7
14501013001,3549,1338.0,1.1534204e-05,0.0018361182,7
14011053001,3492,1820.0,2.0423699e-05,0.002053114,7
14501045001,3492,1826.0,1.7893894e-05,0.0017860422,7
10012011001,3456,675.0,3.251309e-06,0.00061760336,4
10014033001,3456,744.0,3.7615273e-06,0.0007845232,4
10002907001,3450,1187.0,6.72454e-06,0.0005341435,4
10030003001,3380,1193.0,7.809008e-06,0.00075113925,4
14502004001,3372,1235.0,8.780342e-06,0.0011517468,2
14503019001,3354,1505.0,1.4986139e-05,0.0013520507,2
14502014001,3333,2136.0,2.5782092e-05,0.0018528102,7
10021035001,3305,1745.0,1.6640612e-05,0.001986346,7
10033030001,3288,1105.0,6.355218e-06,0.0015857384,2
14502078001,3276,931.0,6.8654685e-06,0.0011517468,2
14820008001,3270,1346.0,7.640396e-06,0.0014688945,2
10032003001,3270,910.0,4.867325e-06,0.00061760336,4
15023035001,3240,41.0,9.3931085e-08,5.007595e-05,5
10032064001,3234,688.0,3.2577127e-06,0.0006009114,4
10021009001,3120,264.0,8.6246115e-07,0.0003004557,5
10040041001,3072,270.0,7.7066477e-07,0.00016691984,5
14505115001,3056,1185.0,6.0243606e-06,0.00073444727,4
14810006001,3045,2103.0,1.737502e-05,0.0013353587,2
10020041001,3042,854.0,3.5352393e-06,0.00033383968,5
14501004001,3015,1147.0,6.4641386e-06,0.00093475106,4
10032049001,3000,1006.0,5.454365e-06,0.00066767936,4
14504006001,2992,1399.0,9.474123e-06,0.0010849789,2
10033054001,2988,982.0,5.3839126e-06,0.0015690464,2
14502012001,2985,1275.0,7.843169e-06,0.0011851308,2
12201153001,2950,4331.0,4.5119195e-05,0.002069806,7
14014014001,2937,2470.0,4.2862775e-05,0.00210319,7
10024007001,2928,968.0,4.8630473e-06,0.0004006076,5
10040020001,2911,250.0,7.3223805e-07,0.0004006076,5
14908899001,2892,1.0,4.269596e-09,3.3383967e-05,5
10001004001,2886,1307.0,9.819975e-06,0.002036422,7
14501022001,2850,1848.0,1.4480165e-05,0.0016358144,7
10000003001,2832,844.0,3.7316418e-06,0.00036722363,5
10002944001,2826,518.0,2.1433443e-06,0.0008012152,4
10040048001,2769,34.0,8.3257106e-08,5.007595e-05,5
10002014001,2742,882.0,4.011293e-06,0.00045068355,4
10011003001,2718,1362.0,7.661705e-06,0.00061760336,4
14505005001,2705,1301.0,7.407685e-06,0.0015022785,2
15021035001,2682,467.0,1.5455993e-06,0.0003171477,5
10033066001,2680,855.0,4.4318263e-06,0.00061760336,4
14820028001,2680,1416.0,1.1316462e-05,0.001001519,2
10002007001,2664,1093.0,5.7510883e-06,0.00088467513,4
10040058001,2658,253.0,6.7032875e-07,0.00013353587,5
10002046001,2658,717.0,2.3888495e-06,0.00036722363,5
10020011001,2640,442.0,1.5776211e-06,0.00021699579,5
14810016001,2613,1742.0,1.2238664e-05,0.0007010633,4
10002017001,2599,435.0,1.6139129e-06,0.0009180591,4
10002943001,2598,575.0,2.380308e-06,0.0008012152,4
14503013001,2592,1065.0,8.133508e-06,0.0012185147,2
14010040001,2567,2418.0,4.0254068e-05,0.002069806,7
10031025001,2548,725.0,2.5788472e-06,0.00028376371,5
14832018001,2547,1583.0,1.1589699e-05,0.0015022785,2
10035028001,2520,668.0,3.343105e-06,0.00045068355,5
10040013001,2496,250.0,7.044854e-07,0.0001001519,5
10034027001,2490,767.0,4.1500402e-06,0.00045068355,5
10032011001,2472,489.0,3.2726527e-06,0.0007010633,4
10022007001,2454,506.0,1.609644e-06,0.00028376371,5
10016015001,2424,434.0,1.8039105e-06,0.0003171477,5
10033011001,2412,924.0,4.690132e-06,0.00075113925,4
10033028001,2396,579.0,2.2031193e-06,0.00033383968,5
14010142001,2387,2267.0,3.4432396e-05,0.002069806,7
10021019001,2346,486.0,2.3119935e-06,0.0003839156,5
15024004001,2328,585.0,1.8743598e-06,0.00016691984,5
10040010001,2316,302.0,8.1763056e-07,0.00013353587,5
10040066001,2300,120.0,3.372986e-07,0.00011684388,5
14804002001,2238,1063.0,5.544048e-06,0.001034903,2
10020027001,2232,757.0,2.9780554e-06,0.00026707174,5
10014009001,2196,738.0,2.4443545e-06,0.00021699579,5
10015011001,2184,591.0,2.521205e-06,0.00026707174,5
14830010001,2124,1574.0,8.972452e-06,0.0011183629,2
14820012001,2115,1824.0,1.4027605e-05,0.0013353587,2
14502006001,2113,1797.0,1.3169411e-05,0.0012852828,2
10001014001,2112,1021.0,5.2195483e-06,0.0013687427,2
10000004001,2104,306.0,9.841452e-07,0.00026707174,5
10034050001,2100,634.0,2.21166e-06,0.0003004557,5
14501902001,2084,1088.0,5.6230256e-06,0.0014021266,2
10032046001,2070,504.0,2.1881751e-06,0.0004172996,5
10014051001,2064,200.0,5.230268e-07,0.0001001519,5
15023020001,2064,494.0,1.4623425e-06,0.00018361182,5
15023017001,2058,315.0,7.7066477e-07,8.345992e-05,5
10002003001,2056,987.0,4.705075e-06,0.0008345992,4
10031004001,2052,617.0,2.4443525e-06,0.0003004557,5
14831020001,2040,1434.0,8.346988e-06,0.0015523544,2
14014015001,2036,2286.0,3.3870936e-05,0.0021198818,7
10040027001,2010,178.0,4.3976942e-07,8.345992e-05,5
10022030001,2004,896.0,3.7231032e-06,0.0004006076,5
10034039001,2004,729.0,3.3068134e-06,0.00028376371,5
14502010001,1988,1112.0,5.6507806e-06,0.0014021266,2
10030014001,1980,838.0,3.906691e-06,0.00043399158,5
14504055001,1965,1396.0,7.826083e-06,0.0007177553,4
14500067001,1960,1057.0,4.873715e-06,0.0004172996,4
10040008001,1950,285.0,8.1549575e-07,0.00028376371,5
10041085001,1936,385.0,1.0695378e-06,0.0001001519,5
10033056001,1936,576.0,2.1839064e-06,0.0003004557,5
10001005001,1926,634.0,2.5553632e-06,0.00028376371,5
10014032001,1920,582.0,2.224468e-06,0.0003839156,5
14503005001,1916,1008.0,4.5300253e-06,0.00075113925,4
14011029001,1907,2144.0,3.0613155e-05,0.0017359663,7
10040022001,1880,106.0,2.6044538e-07,0.00011684388,5
10012899001,1872,629.0,2.3867133e-06,0.00026707174,5
10001020001,1860,804.0,3.4541174e-06,0.00066767936,4
15022017001,1854,458.0,1.2851534e-06,0.00013353587,5
14023028001,1852,2049.0,2.7334045e-05,0.002069806,7
10002006001,1848,1608.0,1.107733e-05,0.0012185147,2
14501021001,1836,670.0,2.7069339e-06,0.00035053166,5
10034020001,1824,497.0,1.6843615e-06,0.00011684388,5
14804004001,1824,1093.0,5.1832667e-06,0.0005341435,4
14020026001,1821,2301.0,3.1966636e-05,0.002053114,7
10032055001,1818,909.0,4.109489e-06,0.0003004557,5
10035017001,1808,865.0,3.4583857e-06,0.00036722363,5
14501047001,1790,1033.0,5.1298957e-06,0.00095144304,4
10013012001,1776,894.0,3.693216e-06,0.00056752743,4
14505138001,1767,1244.0,9.461338e-06,0.0017860422,2
10012004001,1766,625.0,2.2137947e-06,0.0004840675,5
12220012001,1766,1152.0,3.9002884e-06,0.00088467513,4
14504015001,1760,1211.0,6.201554e-06,0.0006342954,4
10030011001,1760,833.0,4.199144e-06,0.0005341435,4
15021003001,1752,360.0,1.0332458e-06,0.00025037976,5
10034024001,1746,526.0,1.9875035e-06,0.0003004557,5
10030046001,1740,585.0,2.3696343e-06,0.00036722363,5
10040009001,1728,202.0,6.190934e-07,0.0002003038,5
10000010001,1696,637.0,2.0216623e-06,0.00018361182,5
10030008001,1680,445.0,1.4153765e-06,0.00016691984,5
14501012001,1666,1884.0,2.0515388e-05,0.0019195781,7
10033010001,1666,454.0,1.389759e-06,0.0008345992,4
10040039001,1658,877.0,3.7871446e-06,0.0015189705,2
12210024001,1635,143.0,3.2662456e-07,0.00011684388,5
14502015001,1629,1207.0,8.852914e-06,0.0015690464,2
14500003001,1625,908.0,3.8020908e-06,0.0003839156,5
10021017001,1624,575.0,2.0045827e-06,0.0003004557,5
10040081001,1620,111.0,4.6538676e-07,0.00033383968,5
14500023001,1616,1289.0,8.823025e-06,0.0012518988,2
14805004001,1614,1000.0,4.547122e-06,0.00061760336,4
10033034001,1594,188.0,4.5684789e-07,8.345992e-05,5
14504027001,1585,1039.0,6.3766156e-06,0.0004840675,4
10011023001,1584,809.0,2.9930004e-06,0.00056752743,4
14023104001,1551,2178.0,2.8435672e-05,0.0021198818,7
14820013001,1551,1499.0,9.185955e-06,0.0014188186,2
12200017001,1548,242.0,6.148236e-07,0.00015022785,5
15023005001,1548,387.0,1.1207727e-06,0.00018361182,5
12201030001,1540,272.0,6.639242e-07,0.00011684388,5
14112013001,1530,2226.0,2.930239e-05,0.002053114,7
10000012001,1520,747.0,2.7944623e-06,0.0003171477,5
10002012001,1518,429.0,1.2958275e-06,0.00015022785,5
14820014001,1509,1548.0,9.828494e-06,0.00095144304,4
10014113001,1506,683.0,2.1326725e-06,0.00015022785,5
12201101001,1500,396.0,9.969546e-07,0.00011684388,5
10041002001,1497,212.0,5.4224006e-07,8.345992e-05,5
10035012001,1496,561.0,2.0088526e-06,0.00023368777,5
14510039001,1490,1645.0,8.9190835e-06,0.001068287,2
10033014001,1480,717.0,3.0570427e-06,0.00028376371,5
14505021001,1479,1049.0,5.531234e-06,0.00055083545,4
14833010001,1479,1494.0,1.0157279e-05,0.0008512912,4
10031901001,1475,468.0,1.3769503e-06,0.00018361182,5
14830009001,1473,1314.0,8.056664e-06,0.0008012152,4
14804010001,1470,1049.0,5.550455e-06,0.0011016709,2
12210018001,1470,312.0,8.005519e-07,0.00021699579,5
10010026001,1464,605.0,1.9960446e-06,0.00013353587,5
12201048001,1464,177.0,4.205561e-07,6.6767934e-05,5
14500026001,1455,989.0,5.7980856e-06,0.00095144304,4
15020001001,1446,280.0,7.215639e-07,8.345992e-05,5
10014020001,1434,653.0,2.1219985e-06,0.00023368777,5
14244020001,1395,1156.0,6.6284742e-06,0.0006342954,4
10000013001,1392,147.0,3.7145546e-07,5.007595e-05,5
14110009001,1382,1752.0,1.4930619e-05,0.0012518988,2
12201095001,1380,79.0,1.8145778e-07,5.007595e-05,5
10035006001,1380,611.0,2.1326714e-06,0.00016691984,5
15023011001,1374,550.0,1.7291935e-06,0.0003004557,5
14501016001,1374,1256.0,6.884681e-06,0.0011517468,2
12201084001,1362,643.0,1.9341353e-06,0.00036722363,5
10303002001,1359,233.0,5.486447e-07,6.6767934e-05,5
15020922001,1358,245.0,6.2122797e-07,8.345992e-05,5
10020033001,1356,464.0,1.5605427e-06,0.0002003038,5
10041040001,1356,493.0,1.4922297e-06,0.00016691984,5
12201013001,1350,351.0,9.414491e-07,0.00056752743,5
10033065001,1349,380.0,1.1186382e-06,0.00018361182,5
14840017001,1338,1445.0,9.215827e-06,0.0009013671,4
10033082001,1332,525.0,2.0707612e-06,0.00036722363,5
14505020001,1325,971.0,4.9996775e-06,0.0004840675,4
10033001001,1320,256.0,6.681938e-07,8.345992e-05,5
10033019001,1317,683.0,2.3504224e-06,0.0002003038,5
10040002001,1314,96.0,2.1134494e-07,3.3383967e-05,5
10033016001,1313,463.0,1.5349253e-06,0.00026707174,5
10000027001,1312,307.0,8.005522e-07,0.00011684388,5
10021007001,1301,493.0,1.321446e-06,0.00016691984,5
14504001001,1300,1145.0,6.1460546e-06,0.00055083545,4
14833024001,1278,1169.0,6.4897504e-06,0.00056752743,4
14810004001,1269,1221.0,5.531231e-06,0.0004840675,4
14014005001,1264,1907.0,2.4676261e-05,0.0017693503,7
10031902001,1252,550.0,2.0878392e-06,0.00028376371,5
14505031001,1248,1044.0,6.9423113e-06,0.0011517468,2
12201896001,1240,231.0,5.614535e-07,8.345992e-05,5
10016014001,1236,109.0,2.4763656e-07,5.007595e-05,5
14203017001,1228,2249.0,2.2024831e-05,0.0019195781,7
14102249001,1227,2135.0,2.720388e-05,0.0017860422,7
10012006001,1218,723.0,2.5809818e-06,0.0005174515,4
14611010001,1218,2112.0,1.535544e-05,0.0012352067,2
10032014001,1212,467.0,1.4153762e-06,0.00011684388,5
14121106001,1203,1842.0,1.37116385e-05,0.0019195781,7
14000057001,1203,1981.0,2.9859584e-05,0.002069806,7
14805899001,1200,376.0,1.0823466e-06,0.00018361182,5
10021021001,1192,508.0,1.6630141e-06,0.00018361182,5
10000021001,1191,636.0,2.2031206e-06,0.00021699579,5
14504002001,1190,789.0,2.9652472e-06,0.00045068355,5
14112007001,1171,1964.0,2.4065695e-05,0.0021198818,7
14804005001,1170,838.0,3.5224314e-06,0.0004006076,5
10001022001,1160,835.0,3.3858046e-06,0.0008179072,4
14830069001,1155,1375.0,8.1377775e-06,0.00066767936,4
14500007001,1155,898.0,3.2385028e-06,0.00023368777,5
15023004001,1152,247.0,6.425761e-07,0.00013353587,5
15023013001,1140,579.0,2.1625583e-06,0.0005007595,5
10021015001,1136,407.0,1.1570653e-06,0.00018361182,5
15022013001,1134,629.0,2.1177284e-06,0.00015022785,5
10024010001,1134,472.0,1.4367246e-06,0.00013353587,5
10040004001,1132,618.0,2.88412e-06,0.0018361182,2
14501005001,1131,1230.0,5.7148222e-06,0.0004840675,4
14500024001,1128,356.0,1.244591e-06,0.00016691984,5
14011003001,1119,2017.0,2.5782101e-05,0.00210319,7
14000197001,1113,1643.0,1.6574542e-05,0.0013353587,2
14521157001,1104,1618.0,8.923351e-06,0.00095144304,4
14505011001,1100,1287.0,6.963645e-06,0.0011350549,2
10001043001,1092,247.0,6.6605907e-07,0.00011684388,5
10020015001,1092,356.0,1.0716723e-06,0.00013353587,5
14010027001,1092,1022.0,5.8983883e-06,0.0005174515,4
14021010001,1087,1934.0,2.0914738e-05,0.0016191225,7
14810001001,1083,1264.0,7.172873e-06,0.00056752743,4
10040016001,1080,104.0,2.3909732e-07,5.007595e-05,5
14501053001,1068,1036.0,6.1439177e-06,0.00075113925,4
10024004001,1056,492.0,1.5562738e-06,0.00036722363,5
14102250001,1054,2013.0,2.765646e-05,0.001969654,7
14502111001,1053,1392.0,8.195404e-06,0.001034903,2
10032020001,1032,909.0,3.8832086e-06,0.0003004557,5
14502022001,1032,916.0,4.3421783e-06,0.0004840675,4
14615133001,1024,287.0,7.578557e-07,0.00016691984,5
15023003001,1020,348.0,9.8628e-07,0.0001001519,5
12221008001,1020,50.0,1.1100946e-07,5.007595e-05,5
10040025001,1017,477.0,2.4464848e-06,0.0018361182,2
10031019001,1016,543.0,1.9490776e-06,0.00023368777,5
10041004001,1012,363.0,1.0076284e-06,0.00011684388,5
14501086001,1002,1380.0,8.238104e-06,0.001034903,2
10030016001,996,723.0,3.0997373e-06,0.0005842194,4
14502026001,994,1523.0,1.3192917e-05,0.001952962,7
10040033001,992,196.0,6.233627e-07,0.00026707174,5
10033053001,991,235.0,7.6852945e-07,0.00023368777,5
10033075001,990,664.0,2.9652433e-06,0.00045068355,5
14504008001,990,820.0,4.1756643e-06,0.00061760336,4
10033006001,989,291.0,9.0729213e-07,0.00028376371,5
14501011001,988,1492.0,1.2723261e-05,0.0019028861,7
14801002001,987,1302.0,7.3671386e-06,0.000968135,4
14110015001,987,1927.0,2.2520178e-05,0.0018194262,7
10031012001,984,453.0,1.342793e-06,0.00015022785,5
10031007001,972,658.0,2.630081e-06,0.00033383968,5
10024011001,968,692.0,2.5553638e-06,0.00028376371,5
10022008001,968,206.0,4.7606116e-07,5.007595e-05,5
12201105001,953,1048.0,3.4327716e-06,0.0005842194,4
14370020001,952,1574.0,1.0044112e-05,0.0009180591,4
10035013001,952,490.0,1.6288567e-06,0.00018361182,5
10030022001,948,413.0,1.3470623e-06,0.00015022785,5
10040111001,948,85.0,2.1774933e-07,0.0001001519,5
11103136001,948,1105.0,3.639849e-06,0.0005174515,4
12201064001,940,62.0,1.3662704e-07,3.3383967e-05,5
15024011001,936,9.0,2.7752373e-08,5.007595e-05,5
14501038001,933,1194.0,6.7928886e-06,0.0009013671,4
14133023001,931,1980.0,2.111967e-05,0.001986346,7
10040026001,930,434.0,1.8764925e-06,0.0014355106,2
12201067001,930,107.0,2.3055811e-07,3.3383967e-05,5
14131033001,929,1882.0,2.691141e-05,0.0019195781,7
14501031001,927,306.0,9.4785275e-07,0.00015022785,5
14831002001,927,1235.0,7.5123075e-06,0.0008179072,4
14020053001,924,1850.0,1.5566813e-05,0.002003038,7
10032015001,924,514.0,1.5754874e-06,0.00011684388,5
14820017001,921,805.0,3.4050163e-06,0.0003171477,5
14010011001,920,1579.0,1.8801193e-05,0.001952962,7
10002071001,920,1078.0,4.790465e-06,0.00046737553,4
14615017001,918,1341.0,6.363794e-06,0.0006009114,4
14805017001,912,801.0,3.1787272e-06,0.00045068355,5
14505099001,912,1045.0,6.485468e-06,0.001068287,2
10010027001,912,0.0,0.0,0.0,5
14011032001,908,1525.0,1.8222663e-05,0.00193627,7
10001001001,906,784.0,3.492544e-06,0.0003839156,5
10030019001,888,148.0,3.522422e-07,5.007595e-05,5
12201059001,888,128.0,2.8179355e-07,3.3383967e-05,5
14822014001,885,1111.0,5.6956246e-06,0.0007678312,4
14504028001,885,643.0,3.3644526e-06,0.00061760336,4
14370004001,884,1524.0,9.230773e-06,0.00055083545,4
14112014001,882,1800.0,2.0235835e-05,0.0021198818,7
14502007001,876,862.0,4.670923e-06,0.0007845232,4
14021017001,871,1700.0,1.893994e-05,0.00201973,7
14023029001,866,1698.0,1.7686807e-05,0.001969654,7
14131047001,864,1827.0,2.2063276e-05,0.0020864978,7
12201147001,864,139.0,3.43703e-07,0.00013353587,5
14500056001,864,1155.0,6.131098e-06,0.0008512912,4
10034016001,860,336.0,9.862802e-07,0.00018361182,5
10000998001,850,1672.0,1.5963895e-05,0.0016858904,7
15024014001,846,321.0,8.731353e-07,0.00018361182,5
10002045001,845,1264.0,7.0490264e-06,0.0011350549,2
14000039001,842,1844.0,1.8229064e-05,0.0014188186,2
12201071001,840,119.0,2.668498e-07,5.007595e-05,5
14831021001,834,1151.0,5.727643e-06,0.00056752743,4
10002073001,828,581.0,2.0878404e-06,0.0002003038,5
14504009001,825,522.0,2.7816486e-06,0.00043399158,5
12201020001,816,58.0,1.2808785e-07,3.3383967e-05,5
14000196001,816,1466.0,1.08510485e-05,0.0011016709,2
10020004001,810,538.0,1.9384038e-06,0.00021699579,5
14100003001,809,1817.0,1.9640182e-05,0.0016191225,7
14121020001,803,1453.0,8.882784e-06,0.0019195781,7
14133003001,801,1765.0,1.8801189e-05,0.001986346,7
10033027001,800,611.0,2.5083964e-06,0.0003171477,5
14506275001,800,558.0,2.0707614e-06,0.00033383968,5
14510050001,796,1606.0,9.0343565e-06,0.0007845232,4
10030015001,796,593.0,2.5340146e-06,0.0004840675,5
12122999001,792,706.0,2.15829e-06,0.0004172996,5
14510034001,776,1304.0,5.4266316e-06,0.00056752743,4
10031011001,774,376.0,1.0823466e-06,0.00013353587,5
14505009001,774,1579.0,1.537896e-05,0.0014855865,2
14001047001,771,1736.0,1.6706868e-05,0.0013520507,2
14520065001,770,1408.0,7.399165e-06,0.00095144304,4
12210005001,770,181.0,4.3549989e-07,0.00021699579,5
14805005001,768,646.0,2.403792e-06,0.0005341435,4
10041032001,768,523.0,1.5285216e-06,0.00018361182,5
14510107001,759,1190.0,5.2259606e-06,0.0005842194,4
10035002001,758,815.0,3.1061445e-06,0.00043399158,8
10002906001,754,770.0,3.0677172e-06,0.0003171477,5
14850010001,753,234.0,8.4324677e-07,0.0011517468,4
10020002001,753,616.0,2.1988508e-06,0.00018361182,5
14501942001,752,564.0,2.0451437e-06,0.0003839156,5
14600005001,751,1459.0,9.529653e-06,0.0009180591,4
14504038001,750,292.0,8.0909075e-07,0.00021699579,5
14101025001,746,1580.0,1.8724302e-05,0.0017359663,7
14502020001,745,466.0,1.432455e-06,0.00025037976,5
14113066001,742,1637.0,1.8737117e-05,0.0018194262,7
14131041001,742,1504.0,1.9287896e-05,0.0016525064,7
14110106001,738,1291.0,8.146298e-06,0.00088467513,4
14121068001,737,1392.0,7.802601e-06,0.0019195781,7
14500064001,735,839.0,3.3751292e-06,0.00035053166,8
14010050001,735,281.0,7.727993e-07,6.6767934e-05,5
10032001001,732,39.0,9.606589e-08,5.007595e-05,5
11103021001,732,1007.0,3.2619876e-06,0.0005174515,4
10041003001,732,60.0,1.4089663e-07,6.6767934e-05,5
10041006001,724,353.0,9.926847e-07,0.0001001519,5
14000032001,721,1649.0,1.862613e-05,0.0016691984,7
14853003001,720,20.0,4.9100343e-08,5.007595e-05,5
14000006001,715,1615.0,1.7437049e-05,0.0014522026,2
12201098001,714,180.0,4.2055623e-07,0.00013353587,5
14805013001,713,1574.0,1.0806209e-05,0.0014522026,2
14508899001,711,853.0,3.6035535e-06,0.00036722363,8
14244896001,710,849.0,3.831975e-06,0.0003839156,8
10035001001,710,598.0,1.8615517e-06,0.0002003038,5
14510192001,708,1228.0,4.9890027e-06,0.0006009114,4
10001035001,708,669.0,2.5489596e-06,0.00073444727,4
14830002001,705,745.0,2.937494e-06,0.00026707174,5
14505048001,705,389.0,1.2168387e-06,0.00013353587,5
14132015001,705,1686.0,1.7099741e-05,0.0014522026,2
10303001001,702,27.0,6.4043924e-08,6.6767934e-05,5
14833009001,702,1066.0,5.691355e-06,0.00075113925,4
14505911001,702,281.0,8.731349e-07,0.00016691984,5
11070004001,702,294.0,8.1336105e-07,0.00025037976,5
10040018001,696,108.0,3.3729856e-07,0.0002003038,5
10021010001,696,323.0,8.3470906e-07,0.0001001519,5
14502002001,695,636.0,2.3504213e-06,0.00025037976,5
14104118001,694,1607.0,1.9123574e-05,0.0017693503,7
10033003001,692,514.0,1.9405381e-06,0.00023368777,5
14121019001,686,1594.0,1.6561757e-05,0.0014355106,2
11070007001,685,219.0,5.9561046e-07,0.00025037976,5
14003029001,682,1529.0,1.3925144e-05,0.0011183629,2
14831011001,681,1110.0,6.1054966e-06,0.0005842194,4
14121014001,681,1657.0,1.725131e-05,0.0014355106,2
14502047001,680,563.0,1.8060466e-06,0.00021699579,5
14510258001,672,1256.0,5.883468e-06,0.0005007595,4
10033046001,672,571.0,2.1540186e-06,0.00025037976,5
14000073001,662,1629.0,1.4341421e-05,0.0014021266,2
12201131001,660,89.0,2.2201893e-07,8.345992e-05,5
14505059001,660,371.0,1.1271769e-06,0.00016691984,5
12201034001,660,37.0,9.1796295e-08,6.6767934e-05,5
14001042001,658,1739.0,1.7799952e-05,0.0014855865,2
14615070001,657,729.0,2.8008658e-06,0.0003004557,5
14104012001,656,1686.0,1.9445963e-05,0.0017693503,7
14011028001,655,1588.0,1.8190607e-05,0.0018528102,7
10021034001,655,249.0,6.2763263e-07,0.00013353587,5
12220015001,654,277.0,6.9381156e-07,0.0001001519,5
10011021001,654,294.0,7.7279947e-07,0.0002003038,5
10002942001,654,460.0,1.3684113e-06,0.0003004557,5
10035010001,652,562.0,1.8893033e-06,0.00015022785,5
14600023001,651,1359.0,8.086554e-06,0.0009180591,4
10041899001,648,14.0,3.2021966e-08,3.3383967e-05,5
14501026001,648,1280.0,8.82729e-06,0.0013353587,2
14804001001,648,768.0,3.0506385e-06,0.0004006076,8
14020926001,646,1567.0,1.579953e-05,0.001986346,7
14503002001,645,903.0,3.81063e-06,0.0004172996,8
14501928001,645,619.0,2.228738e-06,0.00033383968,5
14831009001,645,522.0,2.0622215e-06,0.00035053166,5
14130007001,644,1450.0,1.5507074e-05,0.0016525064,2
14500006001,644,792.0,3.4349034e-06,0.0004006076,8
14010034001,643,1363.0,1.393157e-05,0.00193627,7
10033026001,643,232.0,5.806667e-07,8.345992e-05,5
14010065001,642,1277.0,9.768732e-06,0.00095144304,4
12201008001,640,54.0,1.1954866e-07,3.3383967e-05,5
14831022001,636,1007.0,4.7648723e-06,0.00043399158,8
10041033001,636,523.0,1.5370612e-06,0.00015022785,5
14101048001,635,1458.0,1.6260716e-05,0.0014855865,2
10033020001,632,408.0,1.1506606e-06,0.0002003038,5
14001045001,629,1561.0,1.2998637e-05,0.0010849789,2
12201149001,624,58.0,1.3662704e-07,6.6767934e-05,5
10030023001,623,1315.0,8.5817765e-06,0.001001519,4
14001090001,621,1221.0,7.0639744e-06,0.00061760336,4
10040071001,620,26.0,5.5504735e-08,1.6691984e-05,5
14011034001,619,1466.0,1.4787612e-05,0.0012852828,2
15021060001,618,382.0,1.0545941e-06,0.00011684388,5
10002035001,617,907.0,5.0594535e-06,0.0009013671,4
14022019001,616,1559.0,1.1478675e-05,0.0012352067,2
14353019001,613,686.0,2.010989e-06,0.00016691984,5
12123063001,612,292.0,8.176301e-07,0.00016691984,5
10030018001,612,183.0,1.0311089e-06,0.00035053166,5
12201051001,610,231.0,5.7639704e-07,0.00011684388,5
10020036001,608,307.0,8.0482164e-07,0.0001001519,5
10001015001,604,548.0,1.7889681e-06,0.00026707174,5
10033038001,603,449.0,1.4239154e-06,0.00016691984,5
14010071001,594,1484.0,1.5323469e-05,0.0017192743,7
14500037001,593,1713.0,1.6805077e-05,0.001952962,7
10041039001,588,447.0,1.3065018e-06,0.0002003038,5
10040082001,588,6.0,1.4943586e-08,3.3383967e-05,5
10041034001,588,443.0,1.4068368e-06,0.0002003038,5
10030045001,588,512.0,1.9768297e-06,0.00026707174,5
10033044001,587,755.0,2.9695161e-06,0.00043399158,8
11103022001,584,693.0,2.5340148e-06,0.00066767936,4
10030012001,583,427.0,1.3982976e-06,0.00045068355,5
14805028001,582,605.0,2.2244683e-06,0.00028376371,5
14502019001,580,719.0,2.741092e-06,0.00025037976,5
10040011001,580,59.0,1.3662704e-07,0.0001001519,5
15021042001,576,17.0,3.629156e-08,1.6691984e-05,5
14831013001,576,815.0,3.3836668e-06,0.00043399158,8
14000022001,570,1360.0,9.2435785e-06,0.00093475106,4
14502054001,568,815.0,3.8084927e-06,0.0005341435,4
14000017001,567,1539.0,1.3171569e-05,0.001018211,2
14003041001,563,1460.0,1.3453363e-05,0.001051595,2
14501929001,560,678.0,2.9481666e-06,0.00033383968,8
14104002001,560,1579.0,1.2614379e-05,0.0016191225,2
14244003001,559,1686.0,1.2492686e-05,0.0011350549,2
14620014001,559,1206.0,5.9752697e-06,0.0009013671,4
14501058001,552,513.0,2.0408725e-06,0.0003171477,5
12221012001,548,507.0,1.4132418e-06,0.00023368777,5
11103090001,547,684.0,2.2735692e-06,0.00066767936,4
14104129001,546,1659.0,1.6040769e-05,0.0012518988,2
10012907001,546,396.0,1.1314473e-06,0.0002003038,5
14010170001,544,1402.0,1.1858683e-05,0.0011517468,2
14810012001,543,728.0,2.563903e-06,0.0003004557,8
14131075001,541,1380.0,1.4565605e-05,0.0012352067,2
14131027001,541,1320.0,1.15704925e-05,0.0011684388,2
15022015001,540,315.0,8.7526973e-07,0.0002003038,5
14010247001,540,1465.0,1.2970904e-05,0.0012185147,2
12201124001,540,156.0,3.99208e-07,0.00011684388,5
14502029001,537,935.0,3.5779358e-06,0.00045068355,8
10033049001,536,486.0,1.6053741e-06,0.0003171477,5
15021047001,534,189.0,4.8673496e-07,8.345992e-05,5
14010031001,533,1187.0,1.1512861e-05,0.0015690464,2
14521158001,532,1151.0,4.854518e-06,0.00068437133,4
10020042001,532,277.0,7.172943e-07,8.345992e-05,5
14832012001,531,929.0,4.4809467e-06,0.0004172996,8
14502003001,530,410.0,1.2958269e-06,0.0002003038,5
10021042001,528,285.0,7.514516e-07,0.00026707174,5
10010018001,528,0.0,0.0,0.0,5
14102258001,528,1488.0,1.2469234e-05,0.0011350549,2
14850001001,528,158.0,6.041487e-07,0.0008345992,4
10014126001,528,120.0,2.6684987e-07,3.3383967e-05,5
14621041001,525,1198.0,5.866399e-06,0.00056752743,4
14011059001,525,1424.0,1.3999866e-05,0.001952962,7
14102246001,522,1521.0,1.4168524e-05,0.0014188186,2
14204041001,520,1153.0,5.744694e-06,0.00056752743,4
10041007001,518,26.0,5.5504735e-08,1.6691984e-05,5
14103009001,516,1576.0,1.3464034e-05,0.000968135,4
14510004001,510,762.0,2.7752496e-06,0.0004172996,8
14503034001,510,801.0,2.813677e-06,0.00033383968,8
10030049001,508,350.0,1.0503244e-06,0.00026707174,5
10014116001,508,60.0,1.2808785e-07,1.6691984e-05,5
14508004001,508,844.0,3.7892803e-06,0.00033383968,8
10016020001,508,488.0,1.458073e-06,0.00015022785,5
14501052001,500,395.0,1.2851528e-06,0.00016691984,5
14822063001,498,470.0,1.6950348e-06,0.0003839156,8
10033073001,495,88.0,1.9640136e-07,3.3383967e-05,5
10002040001,493,439.0,1.5242513e-06,0.00036722363,8
10001008001,493,230.0,7.3223805e-07,0.00045068355,5
14850011001,492,228.0,8.5178596e-07,0.0011517468,4
10010019001,492,308.0,7.79204e-07,8.345992e-05,5
14840018001,492,733.0,3.7081552e-06,0.00056752743,4
10040049001,488,321.0,1.3577353e-06,0.0012518988,2
14014031001,488,1320.0,1.2985851e-05,0.0013854346,2
14023248001,487,1359.0,8.955371e-06,0.0017526583,2
10030005001,483,321.0,8.45383e-07,0.0001001519,5
14011030001,483,947.0,5.9112067e-06,0.0008345992,4
11103137001,483,301.0,8.3684375e-07,0.0005174515,8
14620907001,483,1225.0,6.310436e-06,0.0007177553,4
14506898001,475,780.0,2.8606419e-06,0.00021699579,8
14502023001,474,930.0,3.6633282e-06,0.0003004557,8
10020024001,474,399.0,1.2253787e-06,0.00015022785,5
14001017001,468,1389.0,8.733349e-06,0.00056752743,4
14002002001,465,1408.0,1.22685615e-05,0.0009013671,4
12210011001,465,131.0,3.202201e-07,8.345992e-05,5
14361106001,462,983.0,3.8511894e-06,0.0006509874,4
12202007001,461,425.0,1.1399867e-06,0.00016691984,5
14501065001,460,410.0,1.4986327e-06,0.00026707174,5
10034033001,460,284.0,9.222353e-07,0.00018361182,5
14610002001,459,1156.0,5.4522525e-06,0.0004172996,8
14104017001,457,1402.0,1.0539371e-05,0.000968135,4
10040094001,456,231.0,1.0439186e-06,0.001068287,4
10040050001,456,87.0,2.1134494e-07,5.007595e-05,5
10020034001,456,411.0,1.2467266e-06,0.00013353587,5
14510295001,455,708.0,2.495589e-06,0.0003004557,8
14510041001,454,730.0,2.980189e-06,0.00061760336,4
14132031001,454,1438.0,1.1790374e-05,0.001051595,2
10002992001,454,1258.0,7.074653e-06,0.0007177553,4
14830072001,453,408.0,1.1463909e-06,0.00018361182,5
14121063001,453,1358.0,1.0372872e-05,0.0007845232,4
14023015001,453,1218.0,7.843169e-06,0.001001519,4
14121074001,452,1285.0,1.029387e-05,0.001051595,2
14505105001,452,874.0,3.247042e-06,0.0004172996,8
15022009001,450,408.0,1.1826824e-06,0.0002003038,5
14231003001,446,1252.0,9.815701e-06,0.0011684388,2
14104067001,446,1457.0,1.1109367e-05,0.0007177553,4
11103019001,446,444.0,1.2616707e-06,0.00015022785,5
14204010001,445,396.0,1.1079642e-06,8.345992e-05,5
14505125001,445,647.0,2.4123303e-06,0.00026707174,8
14502080001,445,479.0,1.5904305e-06,0.00016691984,5
14506100001,444,387.0,1.1677384e-06,0.00023368777,5
10034023001,444,207.0,5.272966e-07,0.0001001519,5
14001074001,444,962.0,6.0734615e-06,0.00046737553,8
10020020001,441,428.0,1.4175112e-06,0.00021699579,5
14120012001,440,1520.0,1.2080692e-05,0.0011350549,2
12120052001,440,510.0,1.3876246e-06,0.00013353587,5
14011031001,438,1467.0,1.308617e-05,0.0012685908,2
14616006001,436,1316.0,6.3979483e-06,0.00056752743,4
14001052001,435,1205.0,8.852917e-06,0.0006342954,4
14112016001,435,1389.0,1.0752857e-05,0.0011016709,2
14500032001,435,633.0,2.412331e-06,0.00033383968,8
14311004001,433,838.0,3.0421004e-06,0.00093475106,4
14133922001,432,1506.0,1.2537528e-05,0.0011016709,2
14361101001,431,806.0,2.8841246e-06,0.0008012152,4
14001053001,429,1332.0,1.0328044e-05,0.000984827,4
14520068001,428,920.0,3.355917e-06,0.0006509874,4
14000011001,428,1375.0,1.1933391e-05,0.0017025823,2
12104003001,428,208.0,4.78196e-07,6.6767934e-05,5
11103050001,424,455.0,1.5114424e-06,0.00061760336,8
14616002001,422,847.0,3.0207516e-06,0.00056752743,4
14509001001,421,1346.0,6.6092925e-06,0.00043399158,4
15021005001,420,280.0,7.9841664e-07,0.00018361182,5
12103027001,420,324.0,7.877434e-07,8.345992e-05,5
12202002001,416,218.0,5.593186e-07,0.00016691984,5
10024014001,416,304.0,8.1976515e-07,0.00013353587,5
14506087001,415,1603.0,9.666239e-06,0.0008012152,4
14820045001,414,1489.0,1.1043191e-05,0.001001519,4
14023047001,413,1402.0,1.0353661e-05,0.0013854346,2
14510204001,410,853.0,3.003674e-06,0.0003171477,8
14131025001,409,1193.0,9.916043e-06,0.0011684388,2
10010043001,408,270.0,7.6212535e-07,0.00016691984,5
10020043001,405,403.0,1.2830183e-06,0.00016691984,5
14501002001,405,454.0,1.5285204e-06,0.00021699579,5
14504012001,405,742.0,2.7133394e-06,0.00023368777,8
14502016001,405,593.0,2.0045827e-06,0.00035053166,8
14001049001,401,1286.0,9.568048e-06,0.00086798315,4
14505106001,400,617.0,2.1924454e-06,0.0004172996,8
14822046001,399,577.0,2.1540197e-06,0.00036722363,8
14001046001,398,1087.0,5.074385e-06,0.0003839156,8
14830073001,396,318.0,8.6032605e-07,0.00018361182,5
15021057001,396,89.0,2.1561453e-07,5.007595e-05,1
10014130001,396,72.0,1.5584021e-07,3.3383967e-05,1
12201120001,396,408.0,1.0481898e-06,0.0001001519,5
14620042001,395,459.0,1.3982979e-06,0.00018361182,5
14505008001,395,410.0,1.1293122e-06,0.00011684388,5
14501084001,395,594.0,1.9811002e-06,0.00021699579,8
14244016001,393,1018.0,5.313476e-06,0.0007177553,4
11040005001,393,896.0,2.875586e-06,0.00046737553,8
14011095001,392,1161.0,9.177399e-06,0.0011183629,2
14110054001,392,1312.0,1.0701629e-05,0.00088467513,4
12201038001,390,90.0,2.54041e-07,0.0003004557,5
14010002001,390,1246.0,9.232898e-06,0.001034903,4
14244021001,389,966.0,5.185393e-06,0.00055083545,4
14810013001,387,660.0,2.563902e-06,0.00023368777,8
10033017001,387,207.0,5.2943153e-07,0.00015022785,5
14001093001,385,1189.0,9.65346e-06,0.000968135,4
10014083001,384,739.0,2.5574984e-06,0.00036722363,8
14132050001,384,1209.0,8.8337065e-06,0.0011016709,2
10041008001,384,246.0,6.233628e-07,8.345992e-05,5
10040019001,384,178.0,8.8594294e-07,0.0008512912,4
14112018001,381,1324.0,8.983127e-06,0.0009180591,4
14500042001,381,1392.0,1.028748e-05,0.0012018228,2
10014086001,380,270.0,6.703288e-07,0.00011684388,5
14804016001,378,405.0,1.2018953e-06,0.00011684388,5
12130008001,378,70.0,1.7932298e-07,0.00013353587,1
14805056001,378,401.0,1.2083e-06,0.00021699579,5
10020016001,376,207.0,5.166225e-07,8.345992e-05,1
14611002001,376,1202.0,6.186602e-06,0.0005007595,4
14000042001,375,1199.0,7.8324865e-06,0.0014188186,2
14223003001,375,1305.0,9.984344e-06,0.0008512912,4
14510217001,375,792.0,2.7218796e-06,0.00033383968,8
11103070001,373,578.0,1.6715537e-06,0.00056752743,8
10010042001,372,342.0,9.435843e-07,0.00013353587,5
10021005001,372,28.0,5.977433e-08,1.6691984e-05,1
14121115001,370,872.0,4.032636e-06,0.00055083545,8
14023006001,370,1377.0,8.33201e-06,0.00088467513,4
14003019001,370,1223.0,9.124035e-06,0.0008512912,4
14612018002,370,1208.0,5.072261e-06,0.0003004557,8
12220002001,367,1146.0,3.797824e-06,0.00061760336,4
11032008001,366,59.0,1.4303143e-07,0.0001001519,1
14121057001,364,1190.0,8.340581e-06,0.0005842194,4
14511051001,363,607.0,1.8850338e-06,0.00036722363,8
14200069001,362,1370.0,1.0686689e-05,0.0011517468,2
11100001001,361,248.0,6.084194e-07,8.345992e-05,1
14503010001,360,271.0,7.386424e-07,8.345992e-05,1
10014074001,360,322.0,8.304394e-07,8.345992e-05,1
14805006001,360,404.0,1.1677387e-06,0.00015022785,5
10014898001,360,358.0,1.0054936e-06,0.00018361182,5
14010173001,359,1179.0,6.2655704e-06,0.00046737553,8
14510139001,358,863.0,2.9246871e-06,0.0004006076,8
14104126001,358,679.0,2.1775036e-06,0.0002003038,8
14361099001,357,729.0,2.4699712e-06,0.0008012152,4
14621021001,356,92.0,2.412321e-07,5.007595e-05,1
10002990001,356,87.0,1.9853616e-07,5.007595e-05,1
14020031001,356,1302.0,7.949887e-06,0.0009013671,4
14023127001,355,1252.0,8.22316e-06,0.002003038,7
11032002001,354,102.0,2.3482771e-07,5.007595e-05,1
14010060001,354,1200.0,6.391517e-06,0.00061760336,4
10020025001,354,337.0,1.0183021e-06,0.00015022785,5
14010212001,353,1094.0,7.113081e-06,0.0007845232,4
11111017001,353,690.0,2.060089e-06,0.00035053166,8
14023049001,353,1303.0,8.494268e-06,0.0013854346,2
10002074001,350,776.0,3.0613135e-06,0.00036722363,8
10021022001,348,82.0,1.9426656e-07,3.3383967e-05,1
10014029001,348,279.0,6.9594637e-07,6.6767934e-05,1
14840022001,348,372.0,1.1976252e-06,0.00013353587,1
14510025001,347,690.0,2.508397e-06,0.00061760336,8
10035003001,346,276.0,7.6426005e-07,0.0001001519,1
14023050001,346,1170.0,8.080118e-06,0.000968135,4
14506001001,345,1106.0,4.7883377e-06,0.00036722363,8
14011024001,345,1273.0,1.0281083e-05,0.0012685908,2
14500014001,344,861.0,4.427566e-06,0.0003839156,8
14021005001,344,1177.0,6.4982564e-06,0.0014021266,2
11040009001,344,698.0,2.1433466e-06,0.0004172996,8
10010012001,344,181.0,4.5044334e-07,6.6767934e-05,1
12120001001,344,327.0,7.9628234e-07,8.345992e-05,1
14204059001,343,1359.0,8.955371e-06,0.001001519,4
14120019001,343,1200.0,8.146308e-06,0.0010849789,2
14010036001,343,1183.0,8.650113e-06,0.00088467513,4
15023010001,342,126.0,2.9246746e-07,6.6767934e-05,1
14131092001,341,1180.0,8.314954e-06,0.0007177553,4
14611022001,341,1123.0,5.213154e-06,0.0006009114,4
12123033001,340,414.0,1.1656037e-06,0.0004172996,8
14615894001,340,651.0,2.3290747e-06,0.00021699579,8
10014117001,340,165.0,4.1842137e-07,8.345992e-05,1
14510150001,339,808.0,2.856373e-06,0.0004172996,8
14010084001,339,1120.0,6.671175e-06,0.0007177553,4
10031916001,338,1033.0,5.4928e-06,0.0007678312,4
10030030001,338,292.0,7.8133877e-07,0.0001001519,1
14022032001,337,1385.0,8.874257e-06,0.00086798315,4
14112041001,337,1025.0,6.762986e-06,0.0007010633,4
10303003001,337,21.0,4.6965546e-08,3.3383967e-05,1
15023001001,336,8.0,2.3482777e-08,5.007595e-05,1
10100132001,336,342.0,8.68866e-07,8.345992e-05,1
10014905001,336,24.0,5.3369938e-08,3.3383967e-05,1
10033023001,336,25.0,5.3369938e-08,1.6691984e-05,1
14131081001,335,1182.0,7.2134094e-06,0.0006509874,4
14010210001,334,1000.0,6.5025397e-06,0.00088467513,4
12123064001,333,422.0,1.1613346e-06,0.00016691984,1
14353039001,332,990.0,3.3110873e-06,0.00043399158,8
11040035001,332,748.0,2.2842441e-06,0.00033383968,8
10040079001,330,106.0,6.404403e-07,0.0005174515,8
12100026001,330,405.0,9.905503e-07,8.345992e-05,1
14830001001,330,615.0,1.8914388e-06,0.00015022785,8
14010006001,330,212.0,5.379704e-07,6.6767934e-05,1
14204061001,328,1190.0,6.3616358e-06,0.0006342954,4
14121017001,328,1183.0,9.106963e-06,0.0013019748,2
12121004001,328,370.0,9.670669e-07,0.0002003038,1
14830005001,327,678.0,2.3162659e-06,0.00016691984,8
10040042001,326,236.0,8.645959e-07,0.0003839156,8
14111001001,325,975.0,6.7032097e-06,0.0006509874,4
10040034001,324,36.0,7.8987505e-08,3.3383967e-05,1
10033012001,324,390.0,1.1698736e-06,0.00015022785,1
14131022001,322,1083.0,7.038362e-06,0.00061760336,4
14014020001,321,1027.0,8.45372e-06,0.0012018228,2
14841001001,318,434.0,1.4111063e-06,0.00028376371,8
14023083001,318,1293.0,7.740686e-06,0.0012852828,2
10014101001,318,268.0,7.9841675e-07,0.0001001519,1
14510175001,318,525.0,1.6267222e-06,0.00021699579,8
14621069001,317,1062.0,5.324169e-06,0.0005341435,8
10000022001,314,541.0,1.7825637e-06,0.0002003038,8
14804012001,312,1136.0,6.2570516e-06,0.0014522026,2
14130001001,312,1007.0,6.854778e-06,0.0008012152,4
14620006001,312,1003.0,4.0219657e-06,0.00046737553,8
12122013001,312,265.0,6.5111544e-07,0.00021699579,1
12201155001,311,570.0,1.6587452e-06,0.00043399158,8
14001012001,310,1154.0,6.662634e-06,0.00045068355,8
10002025001,310,768.0,3.0527744e-06,0.00036722363,8
14501037001,308,678.0,2.5553625e-06,0.0003171477,8
12106001001,308,258.0,6.041498e-07,0.00011684388,1
14132229001,308,1308.0,9.4805355e-06,0.001001519,4
11040006001,307,774.0,2.3354794e-06,0.00046737553,8
14311005001,306,612.0,1.9234606e-06,0.00093475106,4
10014034001,306,297.0,8.176304e-07,8.345992e-05,1
14311158001,306,511.0,1.4559379e-06,0.0001001519,1
14014007001,305,1050.0,6.829156e-06,0.0007845232,4
14010193001,304,1202.0,7.764182e-06,0.00075113925,4
10030021001,304,248.0,6.703288e-07,0.0001001519,1
14104096001,303,773.0,2.6599698e-06,0.00023368777,8
14131020001,301,963.0,6.5986083e-06,0.0008012152,4
31501010001,300,626.0,1.9063827e-06,0.0003839156,8
14020015001,300,1150.0,5.4116704e-06,0.0004840675,8
14805010001,300,388.0,1.0609984e-06,0.00011684388,1
15021059001,300,200.0,5.187571e-07,0.00018361182,1
14010038001,300,190.0,4.6325238e-07,6.6767934e-05,1
14110084001,300,1198.0,1.0103892e-05,0.001001519,4
14003037001,298,1283.0,8.011816e-06,0.0005174515,4
14510212001,296,451.0,1.5242506e-06,0.00023368777,8
10023035001,296,165.0,4.077473e-07,8.345992e-05,1
14000075001,295,1153.0,7.992598e-06,0.0006009114,4
10034032001,294,248.0,6.7032863e-07,6.6767934e-05,1
14833003001,294,614.0,1.9021135e-06,0.00013353587,8
10024001001,294,150.0,3.5864667e-07,8.345992e-05,1
10034013001,294,184.0,4.3549983e-07,3.3383967e-05,1
10020019001,294,255.0,7.5572086e-07,0.00021699579,1
14102238001,293,1186.0,8.33417e-06,0.00066767936,4
14130017001,292,1163.0,9.3289755e-06,0.0007845232,4
14506072001,292,1128.0,5.206747e-06,0.00088467513,4
14000060001,292,1133.0,6.692519e-06,0.00056752743,4
14510007001,292,809.0,3.2150192e-06,0.00025037976,8
14003009001,292,1076.0,6.182313e-06,0.00046737553,8
12220010001,292,420.0,1.0631338e-06,0.0002003038,8
12220003001,291,706.0,2.0814375e-06,0.00035053166,8
14511012001,289,680.0,2.1177286e-06,0.0003171477,8
10022006001,288,5.0,1.067399e-08,1.6691984e-05,1
12212061001,288,319.0,7.898781e-07,8.345992e-05,1
14223045001,288,801.0,3.5010828e-06,0.00028376371,8
10014092001,287,629.0,2.0899763e-06,0.0004840675,8
12221009001,286,902.0,2.721881e-06,0.0007845232,4
14130016001,285,1127.0,8.603158e-06,0.0007177553,4
10040035001,285,94.0,2.2415372e-07,0.0001001519,1
14810005001,285,614.0,2.0494142e-06,0.00025037976,8
14503049001,285,768.0,2.9951334e-06,0.0005007595,8
12130026001,283,48.0,1.1527906e-07,6.6767934e-05,1
14231002001,283,1110.0,7.6062133e-06,0.00073444727,4
10020003001,282,98.0,2.4550175e-07,6.6767934e-05,1
11040010001,282,601.0,1.7057109e-06,0.0002003038,8
12010023002,282,308.0,7.1515996e-07,5.007595e-05,1
10020012001,282,238.0,6.2763246e-07,6.6767934e-05,1
14014018001,282,964.0,6.1182823e-06,0.00055083545,8
10041135001,280,362.0,9.884152e-07,0.00013353587,1
10040038001,280,65.0,1.5584021e-07,6.6767934e-05,1
14023027001,279,1106.0,5.9837857e-06,0.00066767936,4
14121062001,279,1035.0,6.365911e-06,0.00056752743,4
14830029001,279,618.0,2.354691e-06,0.00026707174,8
14511056001,277,368.0,1.0460543e-06,0.00021699579,1
10016011001,276,136.0,3.159505e-07,5.007595e-05,1
14510033001,276,491.0,2.8051322e-06,0.0004172996,8
14830011001,276,570.0,1.744137e-06,0.00026707174,8
14851058001,276,206.0,6.169577e-07,0.0006509874,8
12212900001,275,243.0,5.806668e-07,0.0002003038,1
14510346001,274,613.0,1.8444737e-06,0.0003004557,8
14613902001,273,590.0,1.6907669e-06,0.00026707174,8
14121136001,272,1030.0,6.617814e-06,0.00066767936,4
10020008001,272,307.0,7.7279964e-07,8.345992e-05,1
14244052001,271,796.0,3.6035528e-06,0.0005007595,8
10020038001,270,215.0,5.7212765e-07,8.345992e-05,1
11103094001,270,221.0,5.806667e-07,0.00016691984,1
15022021001,270,216.0,5.358357e-07,6.6767934e-05,1
14805001001,270,243.0,6.254975e-07,8.345992e-05,1
14222897001,270,310.0,8.11226e-07,0.00018361182,1
14804999001,270,127.0,3.308938e-07,0.0001001519,1
14510252001,270,517.0,1.6736882e-06,0.00023368777,8
11070001001,268,372.0,9.92685e-07,0.00021699579,1
10040040001,268,122.0,6.639234e-07,0.0006509874,8
14353024001,268,653.0,1.9426748e-06,0.00023368777,8
14023198001,268,907.0,5.4543793e-06,0.0006509874,4
14621029001,268,656.0,2.0259317e-06,0.00015022785,8
14244017001,268,1137.0,6.3893913e-06,0.00068437133,4
12123019001,268,210.0,5.1021823e-07,0.00021699579,1
12212005001,267,412.0,9.990895e-07,8.345992e-05,1
14506065001,267,973.0,4.0134273e-06,0.00088467513,4
14000014001,267,1016.0,6.9935313e-06,0.0006509874,4
14833020001,267,384.0,1.2061646e-06,0.00021699579,1
14244014001,266,889.0,4.0731975e-06,0.00055083545,8
14104101001,265,1077.0,6.07344e-06,0.0007177553,4
14832052001,264,431.0,1.2659398e-06,0.00036722363,8
14502021001,264,619.0,2.2308718e-06,0.00026707174,8
12201110001,264,44.0,9.606588e-08,3.3383967e-05,1
14111134001,264,670.0,2.3440175e-06,0.00028376371,8
14353011001,262,342.0,1.3513309e-06,0.0002003038,1
12000178001,262,648.0,1.7398686e-06,0.00026707174,8
14011006001,262,949.0,4.4745207e-06,0.0005007595,8
14504052001,262,864.0,4.340029e-06,0.00061760336,8
14000040001,261,1026.0,5.6251383e-06,0.0004840675,8
14830045001,261,574.0,1.8700902e-06,0.0002003038,8
14615084001,261,905.0,3.5309706e-06,0.00026707174,8
14000071001,261,1274.0,8.278654e-06,0.00061760336,4
10034007001,260,445.0,1.1869528e-06,0.0001001519,1
12201096001,260,19.0,4.0561154e-08,1.6691984e-05,1
14222068001,258,1061.0,6.6477055e-06,0.00086798315,4
12010037001,258,233.0,5.785318e-07,0.00011684388,1
14001007001,258,445.0,1.3534673e-06,0.00035053166,8
10014111001,258,120.0,2.6044543e-07,3.3383967e-05,1
14105102001,257,965.0,6.8547774e-06,0.00073444727,4
14131105001,256,1102.0,6.906004e-06,0.0007177553,4
10001041001,256,268.0,6.87407e-07,8.345992e-05,1
10034012001,256,265.0,7.3223805e-07,0.0001001519,1
14010088001,255,149.0,3.5010746e-07,5.007595e-05,1
14506887001,255,514.0,1.502904e-06,0.0001001519,1
14101024001,254,900.0,4.3613823e-06,0.0003171477,8
31500006001,253,523.0,1.5648131e-06,0.0003839156,8
14102040001,253,998.0,6.372319e-06,0.0005842194,8
10014076001,252,101.0,2.2842332e-07,3.3383967e-05,1
10021003001,252,164.0,4.0134267e-07,5.007595e-05,1
10035036001,252,197.0,4.8246557e-07,6.6767934e-05,1
14613026001,251,896.0,3.210751e-06,0.00021699579,8
14104042001,250,1148.0,7.115212e-06,0.0004840675,8
14833066001,249,334.0,9.948191e-07,0.00011684388,1
14000003001,249,946.0,5.635818e-06,0.0005842194,8
10040037001,248,174.0,8.3684256e-07,0.0007177553,8
10040021001,246,42.0,9.3931085e-08,5.007595e-05,1
14610011001,245,189.0,4.5471282e-07,5.007595e-05,1
14133029001,245,975.0,5.0935987e-06,0.0005842194,8
12011033001,244,283.0,8.32574e-07,0.0003839156,8
14023503001,244,1077.0,5.689178e-06,0.0011183629,4
14204892001,244,1054.0,5.6422177e-06,0.00066767936,4
14023025001,244,837.0,3.5971484e-06,0.00045068355,8
31533008001,243,557.0,1.6117791e-06,0.0003004557,8
14510029001,243,740.0,2.8841243e-06,0.00026707174,8
14012019001,243,1092.0,6.169508e-06,0.00066767936,4
14620062001,243,731.0,2.6343519e-06,0.00026707174,8
14001009001,243,653.0,2.2970519e-06,0.00016691984,8
14132052001,242,1068.0,6.0969223e-06,0.0007845232,4
14010178001,241,913.0,4.0710643e-06,0.0003171477,8
14853009001,240,10.0,2.5617572e-08,5.007595e-05,1
10053909001,240,125.0,2.946024e-07,5.007595e-05,1
14506008001,240,544.0,1.6566097e-06,0.00015022785,1
14203078001,239,1098.0,5.2472938e-06,0.00075113925,4
14110081001,237,976.0,5.5354835e-06,0.0004172996,8
14509008001,237,1138.0,5.924031e-06,0.0005007595,8
14510218001,237,457.0,1.4666117e-06,0.00018361182,1
14104169001,237,1116.0,7.22622e-06,0.00061760336,4
14311112001,236,231.0,5.4224023e-07,8.345992e-05,1
14223094001,236,726.0,3.106143e-06,0.00028376371,8
12122020001,236,192.0,4.5898264e-07,6.6767934e-05,1
10034046001,235,216.0,5.678581e-07,0.00015022785,1
14001060001,234,519.0,1.714249e-06,0.00035053166,8
14110154001,233,636.0,2.4315436e-06,0.0003839156,8
12212033001,232,688.0,1.8594174e-06,0.00026707174,8
12201068001,232,543.0,1.4559386e-06,0.00026707174,8
10016002001,232,98.0,2.7325427e-07,5.007595e-05,1
11050077001,232,377.0,1.046055e-06,0.00016691984,1
14001008001,232,496.0,1.5242516e-06,0.0003004557,8
14506281001,232,187.0,5.144874e-07,0.00011684388,1
14505139001,231,366.0,1.1122333e-06,0.0002003038,1
31501021001,230,729.0,2.1412122e-06,0.0003839156,8
14620030001,229,736.0,2.7154751e-06,0.00028376371,8
14361100001,229,604.0,1.92773e-06,0.00061760336,8
14506142001,228,560.0,1.6352623e-06,0.0001001519,1
12010080001,228,205.0,4.8673525e-07,0.00011684388,1
10035024001,228,33.0,7.0448316e-08,1.6691984e-05,1
10020046001,228,233.0,6.40441e-07,0.0001001519,1
11101014001,228,278.0,7.0875524e-07,0.00015022785,1
12000179001,227,307.0,7.4504726e-07,0.00026707174,1
12220005001,227,414.0,1.112234e-06,0.0002003038,1
14020006001,226,1046.0,4.5855295e-06,0.00046737553,8
14110029001,226,1069.0,6.451298e-06,0.0006509874,4
14506174001,225,341.0,9.0942706e-07,8.345992e-05,1
14222142001,224,798.0,3.603553e-06,0.0003171477,8
14511052001,224,520.0,1.5306559e-06,0.00036722363,8
10032048001,224,207.0,5.422399e-07,6.6767934e-05,1
14111118001,223,926.0,5.198194e-06,0.00043399158,8
10014080001,222,346.0,9.542581e-07,0.00025037976,1
14832054001,222,397.0,1.1933564e-06,0.00036722363,8
14111036001,221,948.0,5.61234e-06,0.0005007595,8
10030017001,221,240.0,6.361719e-07,0.0001001519,1
14510109001,221,621.0,2.0259315e-06,0.00021699579,8
14000002001,220,904.0,5.5845844e-06,0.0004840675,8
12202005001,219,96.0,2.1561453e-07,3.3383967e-05,1
12220018001,218,730.0,2.0686289e-06,0.00021699579,8
14204071001,216,945.0,3.915229e-06,0.0004172996,8
10021018001,216,77.0,1.7078379e-07,5.007595e-05,1
10014024001,216,231.0,5.8066684e-07,6.6767934e-05,1
10031023001,216,188.0,4.6111745e-07,5.007595e-05,1
10034026001,216,51.0,1.1527906e-07,3.3383967e-05,1
12210003001,215,163.0,3.735904e-07,5.007595e-05,1
14014011001,215,845.0,5.2067303e-06,0.0005174515,8
14833018001,214,893.0,3.6184967e-06,0.00028376371,8
14506056001,213,978.0,3.7551267e-06,0.00046737553,8
14001034001,213,903.0,4.2034135e-06,0.0004006076,8
14130009001,212,1050.0,6.2591757e-06,0.0006342954,4
14000033001,212,874.0,4.8160705e-06,0.0009180591,4
10014030001,212,203.0,5.7212725e-07,0.00011684388,1
14121143001,212,1004.0,5.8919873e-06,0.0004006076,8
14000043001,212,1072.0,6.199387e-06,0.0012685908,2
14204125001,211,493.0,1.4303206e-06,0.00016691984,1
14242011001,210,927.0,4.8758593e-06,0.0004006076,8
10013007001,210,70.0,1.643794e-07,5.007595e-05,1
14500005001,210,93.0,2.3055811e-07,5.007595e-05,1
14503004001,210,466.0,1.3171755e-06,0.00011684388,1
10024005001,210,134.0,3.1808526e-07,5.007595e-05,1
14020951001,209,934.0,3.6334416e-06,0.00033383968,8
14133030001,209,930.0,4.2012834e-06,0.0005842194,8
14130010001,208,1006.0,5.699862e-06,0.00056752743,8
10002917001,208,306.0,8.838096e-07,0.0003004557,8
11103015001,208,398.0,1.1784126e-06,0.00056752743,8
14001031001,207,790.0,3.3068143e-06,0.0003171477,8
14831008001,207,519.0,1.7761579e-06,0.00021699579,8
14111039001,207,882.0,5.4308803e-06,0.0006009114,8
14833059001,206,110.0,2.711194e-07,0.0001001519,1
14223215001,206,942.0,5.4842612e-06,0.0007678312,4
14001036001,206,747.0,3.0805252e-06,0.00023368777,8
14244898001,205,448.0,1.5498684e-06,0.00016691984,1
12010036001,204,200.0,4.760613e-07,0.00011684388,1
14222072001,204,1029.0,5.99233e-06,0.00086798315,4
14111132001,204,496.0,1.6544745e-06,0.00028376371,8
10040014001,204,18.0,3.8426357e-08,1.6691984e-05,1
14833052001,204,429.0,1.3513317e-06,0.00013353587,1
14020022001,204,977.0,4.015559e-06,0.00055083545,8
14833042001,204,399.0,1.2616698e-06,0.00015022785,1
12123086001,204,255.0,6.681936e-07,0.00013353587,1
10034045001,204,168.0,4.3976928e-07,5.007595e-05,1
14001002001,203,830.0,3.1936704e-06,0.00026707174,8
14100026001,203,897.0,5.339087e-06,0.00088467513,4
14121164001,203,928.0,5.9133417e-06,0.0005007595,8
12202039001,202,208.0,5.123529e-07,8.345992e-05,1
12106105001,202,549.0,1.4559386e-06,0.0003171477,8
14230034001,201,860.0,3.718833e-06,0.0003839156,8
14204036001,201,431.0,1.2766136e-06,0.00015022785,1
14130054001,201,832.0,4.36138e-06,0.00055083545,8
14104079001,201,739.0,2.9097412e-06,0.00021699579,8
12123085001,201,152.0,3.4797267e-07,5.007595e-05,1
14833056001,201,355.0,1.052459e-06,0.00013353587,1
14506143001,200,515.0,1.4751516e-06,0.00011684388,1
14011010001,200,886.0,3.9643255e-06,0.0005007595,8
14244059001,199,672.0,2.2906472e-06,0.00021699579,8
14100012001,199,937.0,4.555641e-06,0.00028376371,8
14220110001,198,46.0,1.0033548e-07,3.3383967e-05,1
14612900001,198,424.0,1.2040306e-06,0.00018361182,1
14830026001,198,516.0,1.6630141e-06,0.00013353587,1
15023008001,198,58.0,1.3022265e-07,5.007595e-05,1
11050004001,197,524.0,1.658743e-06,0.00016691984,1
11111033001,197,392.0,1.0268419e-06,0.00023368777,1
10032059001,196,166.0,3.842644e-07,6.6767934e-05,1
11103375001,196,356.0,1.084481e-06,0.00045068355,8
11101028001,196,273.0,6.9167703e-07,0.00016691984,1
14010187001,195,817.0,2.9780565e-06,0.00026707174,8
14613904001,195,355.0,9.969539e-07,0.00013353587,1
11103134001,195,333.0,8.966184e-07,0.00016691984,1
14001135001,194,522.0,1.6587443e-06,0.00013353587,1
14811006001,194,201.0,5.3797027e-07,0.00013353587,1
14204131001,194,345.0,9.158314e-07,0.00011684388,1
14110006001,194,1030.0,5.7425495e-06,0.0008012152,4
11110007001,193,296.0,9.243705e-07,0.00026707174,1
10002072001,193,545.0,1.9149213e-06,0.00033383968,8
14601004001,193,643.0,2.324804e-06,0.00023368777,8
14023102001,192,874.0,4.9377577e-06,0.000968135,4
10001007001,192,131.0,3.266246e-07,0.00015022785,1
31531002001,192,506.0,1.3598723e-06,0.00016691984,1
12120063001,192,245.0,6.190932e-07,0.00018361182,1
14352060001,192,474.0,1.379085e-06,0.00025037976,8
10034022001,192,42.0,9.606588e-08,5.007595e-05,1
32502011001,192,1.0,2.134798e-09,1.6691984e-05,1
12120053001,190,223.0,5.3583585e-07,6.6767934e-05,1
10052025001,190,437.0,1.2723449e-06,0.0004172996,8
12102140001,190,454.0,1.2232443e-06,0.00018361182,1
12011168001,190,237.0,6.511152e-07,0.0003839156,8
14011074001,189,953.0,4.771247e-06,0.00045068355,8
14613019001,189,504.0,1.3748161e-06,0.00013353587,1
14511101001,188,351.0,9.73471e-07,0.00016691984,1
14130015001,187,634.0,3.2000723e-06,0.0005007595,8
10000001001,187,208.0,5.251616e-07,0.0001001519,1
14510057001,187,418.0,1.082347e-06,0.00013353587,1
14851025001,187,119.0,3.71455e-07,0.0006509874,8
10032023001,186,86.0,1.9853616e-07,3.3383967e-05,1
14111123001,186,616.0,2.0302007e-06,0.00026707174,8
14521156001,186,620.0,2.0857058e-06,0.00035053166,8
14830007001,186,360.0,9.777406e-07,0.00013353587,1
14020013001,186,717.0,2.698395e-06,0.0003171477,8
11040021001,186,411.0,1.2531314e-06,0.00018361182,1
12123057001,186,305.0,7.813386e-07,0.0001001519,1
14330005001,185,329.0,8.43248e-07,0.00015022785,1
14505003001,185,398.0,1.0631333e-06,0.0001001519,1
14121059001,185,672.0,2.719741e-06,0.00033383968,8
14130042001,185,1008.0,6.6775956e-06,0.00055083545,8
14103018001,185,1037.0,6.114004e-06,0.0005174515,8
14000027001,184,841.0,4.779781e-06,0.00046737553,8
10010009001,184,159.0,4.41904e-07,6.6767934e-05,1
14504053001,184,838.0,4.1564467e-06,0.00061760336,8
14010094001,184,932.0,4.8950665e-06,0.0004172996,8
11110008001,184,327.0,9.4785383e-07,0.00026707174,1
14011051001,183,811.0,3.253445e-06,0.00028376371,8
31502006001,183,321.0,8.8167445e-07,0.00035053166,8
14610004001,182,476.0,1.7761575e-06,0.00025037976,8
14204054001,182,944.0,3.3793997e-06,0.00025037976,8
14510069001,182,685.0,2.096381e-06,0.00023368777,8
12220013001,181,624.0,1.7142505e-06,0.00023368777,8
14010030001,181,763.0,2.9631115e-06,0.00025037976,8
14601026001,181,970.0,3.6633292e-06,0.00023368777,8
14010043001,181,971.0,4.78833e-06,0.0004172996,8
10053901001,180,333.0,8.2830456e-07,0.0001001519,1
14506089001,180,456.0,1.3107712e-06,0.00015022785,1
10014109001,180,201.0,4.6965673e-07,6.6767934e-05,1
14805023001,180,261.0,7.0235063e-07,0.0001001519,1
10031026001,180,68.0,1.5157062e-07,3.3383967e-05,1
10032052001,180,103.0,2.4550175e-07,5.007595e-05,1
11050035001,180,557.0,1.4623432e-06,0.00016691984,1
12010059001,180,213.0,5.0381374e-07,5.007595e-05,1
14805059001,180,264.0,6.8527237e-07,0.0001001519,1
14012010001,179,1029.0,4.788328e-06,0.00028376371,8
14242012001,179,1000.0,4.3293658e-06,0.0004172996,8
14223179001,178,1080.0,6.1097385e-06,0.0005842194,8
14131008001,178,947.0,5.52054e-06,0.00046737553,8
14010149001,178,573.0,2.0814357e-06,0.00026707174,8
12100039001,178,871.0,2.4742433e-06,0.0003004557,8
14100013001,178,879.0,4.7050735e-06,0.00033383968,8
14506067001,178,627.0,1.9661568e-06,0.00046737553,8
14620894001,177,311.0,8.283041e-07,0.0001001519,1
14021107001,177,832.0,4.2332977e-06,0.00043399158,8
14853046001,177,14.0,3.2021966e-08,3.3383967e-05,1
14112054001,176,971.0,5.055164e-06,0.00046737553,8
14023014001,176,566.0,2.14121e-06,0.0003171477,8
14001018001,176,586.0,1.8828993e-06,0.00016691984,1
10033002001,176,164.0,3.8853398e-07,5.007595e-05,1
10002069001,176,531.0,1.6672846e-06,0.00018361182,1
10002915001,176,146.0,3.6718598e-07,0.00011684388,1
14330010001,176,360.0,1.1591984e-06,0.00013353587,1
12121064001,176,964.0,3.2342327e-06,0.0015523544,2
14102009001,175,883.0,4.171386e-06,0.0004172996,8
14133898001,175,834.0,3.326029e-06,0.00035053166,8
14630016001,175,766.0,3.1125467e-06,0.00036722363,8
10031015001,174,22.0,4.9100343e-08,3.3383967e-05,1
10022004001,174,28.0,6.190913e-08,3.3383967e-05,1
11103317001,174,232.0,5.422404e-07,0.00011684388,1
14200119001,174,941.0,5.2472947e-06,0.0003839156,8
14370003001,174,354.0,9.158316e-07,0.00016691984,1
14510110001,173,669.0,2.0366065e-06,0.00015022785,8
14223037001,173,916.0,4.8972015e-06,0.0004172996,8
14511014001,172,364.0,9.8628e-07,0.0002003038,1
14131056001,171,760.0,3.964324e-06,0.0003839156,8
14506039001,171,551.0,1.8764946e-06,0.00046737553,8
14810002001,171,312.0,8.304391e-07,0.00011684388,1
14621013001,171,62.0,1.4730102e-07,3.3383967e-05,1
14132003001,170,778.0,3.8405124e-06,0.00036722363,8
14510100001,170,757.0,2.9695166e-06,0.0003004557,8
14851063001,169,191.0,5.892053e-07,0.00043399158,8
14131043001,169,669.0,3.3281603e-06,0.0006342954,8
14510294001,169,456.0,1.2744795e-06,0.00016691984,1
14811004001,168,358.0,1.0118978e-06,0.0002003038,1
12327009001,168,4.0,8.539192e-09,1.6691984e-05,1
14852005001,168,16.0,3.4156763e-08,1.6691984e-05,1
14020014001,168,925.0,4.132968e-06,0.0004840675,8
12201100001,168,48.0,1.08874666e-07,3.3383967e-05,1
12121003001,168,169.0,4.3123012e-07,0.00013353587,1
14821001001,168,95.0,2.0494055e-07,3.3383967e-05,1
10041038001,168,31.0,6.831352e-08,3.3383967e-05,1
10020030001,168,226.0,5.6999266e-07,8.345992e-05,1
12212910001,166,235.0,5.678579e-07,0.00011684388,1
14121104001,166,895.0,3.8554567e-06,0.00035053166,8
12120094001,166,391.0,1.065268e-06,0.00021699579,1
14121094001,166,799.0,3.4904078e-06,0.0004172996,8
12122052001,166,240.0,6.788676e-07,0.00015022785,1
14841002001,165,355.0,1.078076e-06,0.00013353587,1
14222114001,165,917.0,4.3186883e-06,0.0007678312,4
14833035001,165,415.0,1.2125696e-06,0.00018361182,1
14610001001,164,386.0,1.4730138e-06,0.00018361182,1
10022016001,164,78.0,1.7291859e-07,3.3383967e-05,1
14103030001,164,854.0,3.5480489e-06,0.00023368777,8
12102095001,164,452.0,1.225379e-06,0.00025037976,8
14510233001,163,350.0,9.350449e-07,0.00018361182,1
14121026001,163,747.0,3.5971461e-06,0.00028376371,8
14615009001,163,714.0,2.8008649e-06,0.00026707174,8
12122032001,163,862.0,2.9289554e-06,0.0015523544,2
14021021001,163,952.0,5.144832e-06,0.00045068355,8
14510123001,163,378.0,1.1805472e-06,0.00013353587,1
14613906001,162,439.0,1.1741433e-06,0.00018361182,1
14631018001,162,348.0,9.393141e-07,0.00011684388,1
33551902001,162,67.0,1.4943582e-07,5.007595e-05,1
14010079001,162,791.0,3.005808e-06,0.00021699579,8
10052020001,162,440.0,1.2339184e-06,0.0004172996,8
11074015002,161,450.0,1.2552666e-06,0.00026707174,8
14100021001,161,818.0,4.0176956e-06,0.0003004557,8
12120038001,160,165.0,3.8212963e-07,0.0001001519,1
11051002001,159,457.0,1.2381878e-06,0.00018361182,1
14200006001,159,782.0,3.0186168e-06,0.00028376371,8
14510111001,159,803.0,3.650518e-06,0.00028376371,8
11102002001,159,577.0,1.5349265e-06,0.0002003038,8
10023020001,159,77.0,2.0067097e-07,0.00015022785,1
11111011001,159,539.0,1.3940293e-06,0.0001001519,1
14832033001,159,212.0,5.9347497e-07,0.00013353587,1
14010037001,159,1018.0,5.208864e-06,0.0004172996,8
14110086001,158,868.0,5.0637045e-06,0.0004840675,8
14613915001,158,657.0,2.0494151e-06,0.00015022785,8
14013004001,158,769.0,3.945114e-06,0.0005174515,8
14000041001,157,795.0,4.135099e-06,0.0004006076,8
10033022001,157,80.0,2.817934e-07,8.345992e-05,1
14506090001,157,757.0,2.941765e-06,0.0003839156,8
10011008001,157,485.0,1.3556025e-06,0.00013353587,1
14010078001,157,779.0,2.6983957e-06,0.00026707174,8
11103007001,157,305.0,7.770695e-07,0.00015022785,1
14204048001,156,580.0,1.9704257e-06,0.00016691984,1
10011004001,156,100.0,2.1988413e-07,3.3383967e-05,1
12234029001,156,40.0,9.606588e-08,6.6767934e-05,1
12103030001,156,236.0,5.4224023e-07,0.0001001519,1
12120025001,156,216.0,5.3797055e-07,0.0001001519,1
31500029001,156,427.0,1.1848173e-06,0.0003171477,8
10014014001,156,117.0,2.5831062e-07,3.3383967e-05,1
12010001001,156,57.0,1.2381825e-07,3.3383967e-05,1
10041009001,156,48.0,1.0460507e-07,3.3383967e-05,1
14501899001,156,342.0,1.0524585e-06,0.00015022785,1
10014067001,156,84.0,1.8999697e-07,3.3383967e-05,1
14000010001,155,879.0,4.3186833e-06,0.00043399158,8
14362041001,155,639.0,2.04728e-06,0.00015022785,1
14506352001,154,394.0,1.1549296e-06,0.00011684388,1
31502025001,154,441.0,1.2253787e-06,0.0003839156,8
11061071001,154,763.0,2.3440182e-06,0.00016691984,8
14010062001,153,529.0,1.831663e-06,0.00021699579,8
14811007001,152,865.0,3.449847e-06,0.0005174515,8
14501017001,152,174.0,4.9954343e-07,0.00013353587,1
14112040001,152,824.0,4.047581e-06,0.0004172996,8
31567031001,152,280.0,8.2830394e-07,0.00033383968,8
14520067001,152,508.0,1.5818908e-06,0.0003004557,8
14121090001,152,845.0,4.369917e-06,0.0005007595,8
14613900001,152,719.0,2.7581698e-06,0.0003171477,8
10015008001,151,376.0,1.0887511e-06,0.00016691984,1
14010072001,151,685.0,2.3867142e-06,0.00015022785,8
12212001001,150,27.0,5.977433e-08,3.3383967e-05,1
31425009001,150,323.0,7.8347364e-07,0.00011684388,1
14001075001,150,598.0,2.1070532e-06,0.00016691984,1
31473013001,150,479.0,1.2403231e-06,0.00016691984,1
14203001001,150,1024.0,4.6111504e-06,0.0005174515,8
14132157001,150,617.0,2.2436807e-06,0.00023368777,8
14010019001,150,868.0,4.216215e-06,0.0004172996,8
14020008001,149,815.0,3.1467055e-06,0.0003839156,8
12130086001,149,19.0,4.269595e-08,3.3383967e-05,1
14100001001,149,812.0,3.701753e-06,0.0004840675,8
11111021001,149,424.0,1.0951555e-06,0.00018361182,1
14022029001,148,745.0,3.0015374e-06,0.00033383968,8
14613907001,148,326.0,8.710004e-07,0.00018361182,1
11050011001,148,209.0,4.824656e-07,6.6767934e-05,1
14620908001,148,481.0,1.6886308e-06,0.00016691984,1
31501003001,147,358.0,9.1583144e-07,0.00016691984,1
12201022001,147,124.0,2.7965874e-07,5.007595e-05,1
14603003001,146,769.0,2.5510944e-06,0.00021699579,8
10002916001,146,61.0,1.3662704e-07,3.3383967e-05,1
14000135001,145,354.0,1.2125687e-06,0.00023368777,1
14370002001,145,464.0,1.5285201e-06,0.00023368777,1
14010150001,145,798.0,3.831975e-06,0.00045068355,8
10032004001,144,71.0,1.622446e-07,5.007595e-05,1
12121005001,144,222.0,5.507795e-07,0.00013353587,1
15020925001,144,175.0,3.9066882e-07,3.3383967e-05,1
14222898001,144,154.0,3.7145543e-07,0.00018361182,1
14111024001,144,799.0,3.695349e-06,0.00035053166,8
10040056001,144,33.0,8.11223e-08,5.007595e-05,1
10014106001,144,55.0,1.1954866e-07,3.3383967e-05,1
10021023001,144,40.0,9.3931085e-08,3.3383967e-05,1
14502031001,144,428.0,1.2253786e-06,0.00015022785,1
10033029001,144,10.0,2.1347978e-08,1.6691984e-05,1
14132012001,144,698.0,2.6279465e-06,0.00036722363,8
10034041001,144,21.0,4.483075e-08,1.6691984e-05,1
14104085001,143,720.0,3.5288328e-06,0.0003004557,8
14244918001,143,633.0,1.991775e-06,0.00018361182,8
14105130001,143,919.0,4.7477643e-06,0.0005007595,8
14120031001,142,736.0,3.347375e-06,0.00026707174,8
14022003001,142,713.0,2.8243487e-06,0.00025037976,8
14510140001,142,607.0,2.0921098e-06,0.00025037976,8
14612088001,142,246.0,6.2763235e-07,8.345992e-05,1
14510088001,142,322.0,8.64596e-07,0.00013353587,1
14021054001,142,840.0,3.490408e-06,0.0004006076,8
14131040001,142,523.0,2.3546895e-06,0.00046737553,8
11022051001,141,215.0,5.10218e-07,5.007595e-05,1
14830012001,141,244.0,7.0661986e-07,0.0001001519,1
14500048001,141,772.0,2.973786e-06,0.00028376371,8
12212069001,140,63.0,1.4516623e-07,6.6767934e-05,1
12106030001,140,156.0,3.565119e-07,5.007595e-05,1
14501926001,140,274.0,7.877427e-07,0.0001001519,1
14011078001,140,853.0,4.060388e-06,0.00045068355,8
14311022001,140,212.0,5.102181e-07,0.0001001519,1
14001092001,139,485.0,1.6053739e-06,0.00025037976,8
12123076001,139,284.0,7.1089005e-07,6.6767934e-05,1
14120020001,138,776.0,4.205543e-06,0.0004006076,8
10035041001,138,15.0,3.2021966e-08,1.6691984e-05,1
14510153001,138,308.0,8.3684336e-07,0.00025037976,1
14112021001,138,942.0,4.796866e-06,0.0005341435,8
14121173001,138,787.0,3.569396e-06,0.0003839156,8
14506314001,138,348.0,9.734712e-07,0.00011684388,1
10034015001,138,184.0,4.6111745e-07,6.6767934e-05,1
31533005001,138,350.0,8.966184e-07,0.0002003038,1
14204129001,137,773.0,3.1189509e-06,0.00036722363,8
14001010001,137,303.0,8.8167417e-07,0.0003004557,1
11103051001,137,223.0,5.635884e-07,0.00028376371,1
11103098001,137,198.0,5.3370087e-07,0.00028376371,1
15020904001,137,84.0,1.8572737e-07,3.3383967e-05,1
11050020001,137,511.0,1.3534674e-06,0.00016691984,1
14102026001,136,560.0,2.2287363e-06,0.00025037976,8
31567053001,136,249.0,6.23363e-07,0.00011684388,1
14510103001,136,211.0,5.2302676e-07,0.00013353587,1
10034002001,136,238.0,6.148237e-07,6.6767934e-05,1
11103096001,136,201.0,5.3370104e-07,0.00028376371,1
10033048001,136,197.0,5.1662244e-07,6.6767934e-05,1
14601001001,136,265.0,9.286391e-07,0.00013353587,1
10023038001,136,217.0,5.44375e-07,8.345992e-05,1
14222046001,136,783.0,3.7017533e-06,0.00055083545,8
14204070001,135,719.0,2.7304175e-06,0.00036722363,8
14011042001,135,774.0,2.841427e-06,0.00028376371,8
14832005001,135,265.0,7.2369846e-07,8.345992e-05,1
10030020001,135,12.0,2.5617572e-08,1.6691984e-05,1
14011011001,135,835.0,3.6120923e-06,0.0003004557,8
14204068001,135,282.0,7.7066466e-07,0.00015022785,1
11103095001,135,142.0,3.3302902e-07,6.6767934e-05,1
14111020001,135,823.0,4.209813e-06,0.00036722363,8
11050025001,135,483.0,1.2638056e-06,0.00011684388,1
31567018001,134,270.0,7.4931614e-07,0.00033383968,1
14522049001,134,505.0,1.6288562e-06,0.00026707174,8
14243058001,134,711.0,2.397388e-06,0.00021699579,8
12011412001,134,200.0,5.678578e-07,0.00035053166,1
14811008001,134,354.0,9.798755e-07,0.00028376371,1
14010025001,133,580.0,2.9076032e-06,0.0003171477,8
12201108001,133,23.0,5.5504735e-08,6.6767934e-05,1
14104113001,133,797.0,3.6697313e-06,0.00028376371,8
14023295001,133,789.0,3.1872662e-06,0.0003171477,8
11032037001,133,155.0,3.949385e-07,0.00011684388,1
14621028001,132,56.0,1.2381825e-07,5.007595e-05,1
14810030001,132,331.0,9.051573e-07,0.00011684388,1
14506126001,132,298.0,7.856082e-07,8.345992e-05,1
14010049001,131,842.0,3.4605212e-06,0.00025037976,8
31660026001,131,67.0,1.5370541e-07,5.007595e-05,1
14223039001,131,797.0,3.96646e-06,0.0004006076,8
14243046001,131,497.0,1.5648127e-06,0.00018361182,1
11101055001,130,261.0,6.361719e-07,0.0001001519,1
14104150001,130,725.0,2.694126e-06,0.00025037976,8
14851072001,130,222.0,6.4257557e-07,0.00043399158,8
10002919001,130,104.0,2.369625e-07,3.3383967e-05,1
14506199001,130,117.0,2.5831062e-07,3.3383967e-05,1
14000171001,130,781.0,3.3580504e-06,0.00028376371,8
14001066001,130,711.0,2.7667083e-06,0.0002003038,8
14506002001,129,893.0,3.142437e-06,0.00033383968,8
12034075001,129,239.0,5.486446e-07,6.6767934e-05,1
14505046001,129,720.0,2.8158083e-06,0.00043399158,8
14204086001,128,403.0,1.2531307e-06,0.0003004557,8
10000023001,128,257.0,6.4898063e-07,6.6767934e-05,1
14222027001,128,118.0,2.6471503e-07,3.3383967e-05,1
10035011001,128,79.0,1.9213176e-07,3.3383967e-05,1
12010110001,128,462.0,1.1463916e-06,0.00015022785,1
10022020001,128,103.0,2.369625e-07,3.3383967e-05,1
14111009001,127,743.0,3.317488e-06,0.00023368777,8
14350005001,127,540.0,1.5327912e-06,0.00016691984,1
14104019001,127,830.0,4.0603873e-06,0.00028376371,8
14101004001,127,768.0,3.3559152e-06,0.00023368777,8
14353899001,127,266.0,6.468459e-07,6.6767934e-05,1
14021088001,126,741.0,2.74963e-06,0.00055083545,8
12123009001,126,74.0,1.643794e-07,5.007595e-05,1
14131121001,126,848.0,4.3549758e-06,0.0003839156,8
14832057001,126,249.0,6.4257586e-07,8.345992e-05,1
14001145001,125,333.0,1.0524585e-06,0.00016691984,1
11072001001,125,207.0,5.187573e-07,0.0001001519,1
14522051001,124,432.0,1.4324543e-06,0.00023368777,1
14833075001,124,177.0,4.2482554e-07,5.007595e-05,1
14011014001,124,686.0,2.5233414e-06,0.00025037976,8
31533233001,123,398.0,1.0439204e-06,0.00018361182,1
14510298001,123,454.0,1.3534669e-06,0.0002003038,1
14833011001,123,218.0,6.8100167e-07,0.0001001519,1
12221003001,122,175.0,4.184214e-07,0.00015022785,1
14132013001,121,804.0,3.8682642e-06,0.00028376371,8
14120017001,121,638.0,3.0976012e-06,0.00035053166,8
10031003001,121,40.0,9.179629e-08,5.007595e-05,1
14003054001,121,768.0,2.668509e-06,0.00035053166,8
14133901001,120,851.0,3.6654621e-06,0.00036722363,8
14804008001,120,109.0,2.8392824e-07,6.6767934e-05,1
14805018001,120,254.0,6.2549753e-07,6.6767934e-05,1
14010073001,120,820.0,2.9716512e-06,0.00025037976,8
10041052001,120,45.0,9.606588e-08,1.6691984e-05,1
10034031001,120,54.0,1.2168346e-07,5.007595e-05,1
10002013001,120,6.0,1.2808788e-08,1.6691984e-05,1
12202009001,120,19.0,4.269595e-08,3.3383967e-05,1
14852043001,120,7.0,1.4943586e-08,1.6691984e-05,1
10020094001,120,116.0,2.6044543e-07,6.6767934e-05,1
14104108001,120,684.0,2.5553632e-06,0.00023368777,8
11032016002,120,144.0,3.3302902e-07,6.6767934e-05,1
12201107001,120,8.0,1.7078383e-08,1.6691984e-05,1
14204162001,119,247.0,7.898773e-07,0.00016691984,1
14244053001,119,589.0,1.8444728e-06,0.00018361182,1
31500015001,119,244.0,6.31902e-07,0.00016691984,1
11040030001,119,197.0,4.803308e-07,8.345992e-05,1
12000059001,119,150.0,3.8426447e-07,0.00018361182,1
11100008001,119,385.0,9.990895e-07,0.00011684388,1
14510049001,119,461.0,1.4836899e-06,0.00018361182,1
14132038001,118,766.0,3.5907424e-06,0.00035053166,8
30052113001,118,219.0,5.358358e-07,0.00013353587,1
32511049001,118,40.0,8.5391896e-08,1.6691984e-05,1
14001030001,118,588.0,2.3162645e-06,0.0003004557,8
14510133001,118,683.0,2.282109e-06,0.0003004557,8
12201109001,117,67.0,1.5370541e-07,3.3383967e-05,1
14101007001,117,709.0,2.8606391e-06,0.00025037976,8
14204083001,117,550.0,1.6864968e-06,0.0003004557,8
14241042001,117,637.0,2.275704e-06,0.00033383968,8
14204132001,116,384.0,1.1165031e-06,0.00016691984,1
14500012001,116,497.0,1.8850322e-06,0.00035053166,8
10034043001,116,139.0,3.4583778e-07,5.007595e-05,1
12120044001,116,178.0,4.312301e-07,8.345992e-05,1
14506225001,116,329.0,8.7313555e-07,0.0001001519,1
14023302001,116,571.0,2.1518838e-06,0.00043399158,8
14022002001,116,682.0,2.47851e-06,0.00025037976,8
31531099001,115,135.0,3.223548e-07,6.6767934e-05,1
14023126001,115,419.0,1.4900936e-06,0.00028376371,1
14506085001,115,233.0,5.998798e-07,6.6767934e-05,1
14001138001,115,737.0,3.0250203e-06,0.00021699579,8
14612075001,114,293.0,7.429122e-07,8.345992e-05,1
10014073001,114,75.0,1.643794e-07,3.3383967e-05,1
14505058001,114,315.0,9.905491e-07,0.00015022785,1
10021040001,114,23.0,5.123514e-08,3.3383967e-05,1
12010022001,114,99.0,2.2201893e-07,3.3383967e-05,1
14222043001,114,784.0,3.4669251e-06,0.0003171477,8
10022011001,114,391.0,1.1036947e-06,0.00013353587,1
14011005001,114,785.0,3.2385005e-06,0.00026707174,8
14244058001,114,692.0,2.8499658e-06,0.00026707174,8
14222896001,114,174.0,4.3122986e-07,6.6767934e-05,1
14501938001,114,205.0,4.9100464e-07,6.6767934e-05,1
12121023001,114,158.0,3.970733e-07,0.0001001519,1
14805002001,114,117.0,2.8606303e-07,6.6767934e-05,1
12120075001,114,263.0,6.553851e-07,0.00013353587,1
12100027001,114,134.0,3.052764e-07,3.3383967e-05,1
14121179001,113,729.0,3.6035508e-06,0.0004006076,8
14011929001,113,571.0,2.1262658e-06,0.0002003038,1
14311043001,113,102.0,2.4336694e-07,6.6767934e-05,1
14105129001,113,810.0,3.548048e-06,0.00036722363,8
11102009001,113,386.0,9.3291044e-07,0.00011684388,1
14615082001,113,188.0,4.3336502e-07,0.00015022785,1
14360045001,113,609.0,1.7761598e-06,0.00015022785,1
14361129001,112,541.0,1.7142489e-06,0.00023368777,1
14001635001,112,603.0,2.0643574e-06,0.00015022785,1
14522050001,112,395.0,1.2147041e-06,0.00023368777,1
14620999001,112,319.0,8.6032657e-07,0.00013353587,1
14204006001,112,697.0,2.5105326e-06,0.00018361182,8
14010198001,112,723.0,3.4455766e-06,0.0005174515,8
14851071001,112,149.0,4.3549926e-07,0.00036722363,1
14500017001,112,267.0,7.1302475e-07,8.345992e-05,1
14111002001,112,840.0,3.9920783e-06,0.00026707174,8
14010211001,111,725.0,2.935359e-06,0.00021699579,8
14204065001,111,455.0,1.3043666e-06,0.00015022785,1
14104146001,111,261.0,6.895418e-07,0.0001001519,1
14613014001,110,37.0,8.11223e-08,3.3383967e-05,1
11110006001,110,201.0,5.721276e-07,0.00021699579,1
15020007001,110,2.0,4.269596e-09,1.6691984e-05,1
11050017001,110,553.0,1.5690835e-06,0.00016691984,1
14001033001,110,494.0,1.6993048e-06,0.0003004557,8
14202001001,110,682.0,2.4913195e-06,0.00026707174,8
14600013001,109,774.0,2.745362e-06,0.0002003038,8
14506490001,109,773.0,2.8094066e-06,0.00033383968,8
14851007001,109,28.0,7.471792e-08,6.6767934e-05,1
14121009001,109,571.0,2.4016545e-06,0.00023368777,8
12120082001,108,125.0,2.9033274e-07,6.6767934e-05,1
14010064001,108,679.0,2.292782e-06,0.00015022785,1
14003013001,108,899.0,4.0924074e-06,0.0003004557,8
10040031001,108,0.0,0.0,0.0,1
12123080001,108,70.0,1.7718818e-07,0.00013353587,1
10030001001,108,18.0,3.8426357e-08,1.6691984e-05,1
10031022001,108,46.0,9.820068e-08,1.6691984e-05,1
12201072001,108,13.0,2.775237e-08,1.6691984e-05,1
14010012001,107,639.0,2.1732333e-06,0.00016691984,1
11010007001,107,222.0,5.4864466e-07,0.00011684388,1
14243045001,107,570.0,1.7505414e-06,0.00021699579,1
14203027001,107,537.0,1.6971713e-06,0.00026707174,8
14111010001,107,767.0,3.0805259e-06,0.0002003038,8
31500014001,106,200.0,5.038134e-07,0.0001001519,1
12123901001,106,115.0,2.732543e-07,6.6767934e-05,1
14613007001,106,280.0,7.365076e-07,0.00011684388,1
14832056001,105,317.0,8.389783e-07,6.6767934e-05,1
14612034001,105,359.0,9.0088815e-07,0.00011684388,1
11103176001,105,163.0,4.1628653e-07,6.6767934e-05,1
14610010001,105,320.0,8.688657e-07,0.0001001519,1
14001062001,105,342.0,9.62797e-07,0.00016691984,1
11110085001,105,264.0,6.532504e-07,0.0001001519,1
11061068001,105,475.0,1.2766147e-06,0.00015022785,1
14315017001,105,281.0,7.578556e-07,0.00026707174,1
14023003001,104,694.0,2.6877206e-06,0.00025037976,8
11071898001,104,268.0,6.233632e-07,0.00011684388,1
10032081001,104,136.0,3.1595044e-07,5.007595e-05,1
14111037001,104,537.0,2.7389535e-06,0.00035053166,8
14510199001,104,467.0,1.2915581e-06,0.0001001519,1
11074015001,104,313.0,7.941478e-07,0.00026707174,1
14021006001,104,631.0,2.2201984e-06,0.00028376371,8
12120083001,104,77.0,1.8145778e-07,5.007595e-05,1
14204021001,104,360.0,9.606625e-07,0.0001001519,1
14120045001,103,526.0,2.2586237e-06,0.0002003038,1
11101029001,103,117.0,3.0527636e-07,0.00016691984,1
14204062001,103,671.0,2.734686e-06,0.0004840675,8
14011009001,103,647.0,2.563901e-06,0.00021699579,8
14616009001,103,48.0,1.08874666e-07,3.3383967e-05,1
14133905001,103,541.0,2.0558173e-06,0.0003171477,8
14311058001,103,150.0,3.5437705e-07,8.345992e-05,1
14315016001,103,267.0,7.1729437e-07,0.00026707174,1
14506084001,103,503.0,2.8798502e-06,0.0004172996,8
12130010001,103,25.0,5.7639532e-08,3.3383967e-05,1
11021071001,103,285.0,7.108901e-07,0.00013353587,1
12011114001,103,262.0,6.4257625e-07,0.00011684388,1
31466156001,102,347.0,8.581922e-07,0.00011684388,1
14500081001,102,189.0,5.038132e-07,0.00013353587,1
14101074001,102,682.0,2.6364853e-06,0.0002003038,8
14000018001,102,619.0,2.7261465e-06,0.0003004557,8
14000021001,102,706.0,2.9737846e-06,0.0004006076,8
14020056001,102,589.0,1.887169e-06,0.00025037976,8
14820015001,102,193.0,4.7392606e-07,6.6767934e-05,1
14010097001,102,662.0,2.6877208e-06,0.0003839156,8
10040044001,102,15.0,3.6291556e-08,5.007595e-05,1
12121089001,102,117.0,2.967372e-07,8.345992e-05,1
12123077001,101,270.0,7.3010307e-07,0.00011684388,1
14510098001,101,349.0,8.731356e-07,0.0001001519,1
10011007001,101,97.0,2.1774933e-07,5.007595e-05,1
14010041001,101,625.0,1.940539e-06,0.00018361182,1
14908989001,100,1.0,4.269596e-09,3.3383967e-05,1
14010098001,100,664.0,2.4721062e-06,0.00018361182,1
10020010001,100,228.0,5.8493606e-07,0.0001001519,1
14501007001,100,310.0,8.603261e-07,8.345992e-05,1
14111011001,100,667.0,2.6642379e-06,0.00028376371,8
35751019001,100,67.0,1.4730102e-07,3.3383967e-05,1
14011044001,100,694.0,2.4934534e-06,0.0003004557,8
10033031001,100,211.0,5.315662e-07,6.6767934e-05,1
14121015001,100,683.0,2.8264824e-06,0.00026707174,8
14243042001,100,470.0,1.3790844e-06,0.00015022785,1
14506204001,100,245.0,6.1909316e-07,8.345992e-05,1
14311135001,99,325.0,8.3470917e-07,8.345992e-05,1
12212059001,99,135.0,3.2448978e-07,0.0001001519,1
14501029001,99,152.0,3.9493816e-07,6.6767934e-05,1
14103057001,99,506.0,1.4772857e-06,0.00016691984,1
14243044001,98,531.0,1.6950357e-06,0.00021699579,1
12100011001,98,238.0,5.5077953e-07,6.6767934e-05,1
14000078001,98,313.0,1.0887501e-06,0.00025037976,1
14508002001,98,474.0,1.4559374e-06,0.00016691984,1
14022167001,98,603.0,2.2671636e-06,0.0003839156,8
14001076001,98,294.0,8.944828e-07,0.00013353587,1
14506313001,98,174.0,4.4617354e-07,0.00011684388,1
14503024001,98,530.0,1.874359e-06,0.00035053166,8
14200015001,98,593.0,1.8060462e-06,0.00021699579,1
12122050001,98,279.0,6.980813e-07,0.00013353587,1
14023252001,97,433.0,1.2787486e-06,0.00011684388,1
11074003001,97,273.0,7.5145124e-07,0.00025037976,1
14023164001,97,747.0,2.8990673e-06,0.00023368777,8
14020009001,97,713.0,2.6364858e-06,0.00028376371,8
14222095001,97,777.0,3.4413067e-06,0.0005341435,8
14023310001,97,679.0,2.8478305e-06,0.0005842194,8
14506015001,97,741.0,2.7453618e-06,0.00025037976,8
10041001001,96,10.0,2.3482775e-08,3.3383967e-05,1
14802011001,96,241.0,6.61789e-07,0.0001001519,1
14810018001,96,175.0,4.2482566e-07,6.6767934e-05,1
12121016001,96,144.0,3.351638e-07,6.6767934e-05,1
10040015001,96,0.0,0.0,0.0,1
12201077001,96,21.0,4.483075e-08,1.6691984e-05,1
14130013001,96,485.0,1.6715527e-06,0.00015022785,1
14508913001,96,386.0,1.0780768e-06,8.345992e-05,1
10022003001,96,28.0,5.977433e-08,1.6691984e-05,1
12233023001,96,16.0,4.6965546e-08,6.6767934e-05,1
14002051001,96,661.0,2.794461e-06,0.00026707174,8
14620057001,96,627.0,1.9640229e-06,0.00018361182,1
14000123001,95,729.0,3.0058075e-06,0.0003171477,8
14110056001,95,507.0,2.0280645e-06,0.00028376371,8
14023132001,95,659.0,2.4486226e-06,0.00033383968,8
14023129001,95,607.0,2.5190698e-06,0.0006342954,8
31567025001,95,175.0,4.8886966e-07,0.0003171477,1
14000008001,95,208.0,5.272964e-07,5.007595e-05,1
14511036001,94,92.0,2.1134494e-07,5.007595e-05,1
14243129001,94,345.0,9.4358415e-07,0.00015022785,1
14100009001,94,620.0,2.2223323e-06,0.00028376371,8
14506049001,93,482.0,1.4772854e-06,0.00035053166,8
14850034001,93,97.0,2.3696252e-07,0.00025037976,1
14111025001,93,556.0,2.0857046e-06,0.00018361182,1
14242131001,93,576.0,1.8103163e-06,0.00015022785,1
14822042001,93,254.0,6.596541e-07,8.345992e-05,1
12123042001,93,104.0,2.4977138e-07,5.007595e-05,1
14111142001,93,748.0,2.9225498e-06,0.00021699579,8
11050060001,92,188.0,4.4617389e-07,0.00011684388,1
14244015001,92,595.0,1.9512127e-06,0.00016691984,1
10041057001,92,148.0,3.5864664e-07,5.007595e-05,1
14601003001,92,336.0,9.905492e-07,8.345992e-05,1
10031009001,92,81.0,1.8572737e-07,3.3383967e-05,1
11032220001,92,187.0,4.6111748e-07,0.0001001519,1
14001035001,92,407.0,1.1527953e-06,0.00021699579,1
14506291001,92,251.0,6.126888e-07,8.345992e-05,1
14132074001,91,742.0,2.9417633e-06,0.00028376371,8
14620021001,91,555.0,1.9554814e-06,0.0002003038,1
14112009001,91,647.0,2.6065975e-06,0.0004840675,8
14610009001,91,238.0,6.1482353e-07,6.6767934e-05,1
14201021001,91,591.0,1.9469433e-06,0.00028376371,8
11071005001,90,46.0,1.02470274e-07,3.3383967e-05,1
14222048001,90,107.0,2.4977138e-07,6.6767934e-05,1
31531124001,90,142.0,3.3089412e-07,6.6767934e-05,1
10020037001,90,13.0,2.775237e-08,1.6691984e-05,1
12212007001,90,142.0,3.3943346e-07,0.00011684388,1
10022012001,90,61.0,1.3449224e-07,3.3383967e-05,1
14023307001,90,423.0,1.4815546e-06,0.00016691984,1
14312999001,89,299.0,7.4504703e-07,6.6767934e-05,1
14222070001,89,578.0,2.1860399e-06,0.0004840675,8
14204049001,89,535.0,1.6331269e-06,0.00018361182,1
14353005001,89,188.0,4.4190412e-07,5.007595e-05,1
14210077001,89,277.0,7.194292e-07,0.0001001519,1
11050012001,89,383.0,9.734717e-07,0.00016691984,1
14506066001,89,522.0,1.5754869e-06,0.0003004557,8
12011277001,89,256.0,5.763973e-07,3.3383967e-05,1
14700026001,89,580.0,1.9170557e-06,0.00016691984,1
14500051001,88,187.0,4.6111722e-07,6.6767934e-05,1
14111038001,88,604.0,2.0451441e-06,0.00015022785,1
14111143001,88,639.0,2.6749112e-06,0.00023368777,8
14121269001,88,654.0,2.9716496e-06,0.00026707174,8
10052035001,88,218.0,5.721276e-07,0.00013353587,1
14104086001,88,547.0,2.3739021e-06,0.00023368777,1
12123015001,88,162.0,3.8212957e-07,8.345992e-05,1
14831018001,87,188.0,4.8033036e-07,6.6767934e-05,1
14021055001,87,574.0,1.7932375e-06,0.00013353587,1
14822112001,87,346.0,9.777403e-07,0.00011684388,1
12212006001,87,131.0,3.1595053e-07,8.345992e-05,1
12122002002,87,114.0,2.5831062e-07,5.007595e-05,1
14014026001,87,370.0,1.505037e-06,0.0002003038,1
12123897001,86,150.0,3.88534e-07,8.345992e-05,1
11110060001,86,169.0,4.2482577e-07,0.0002003038,1
14240005001,86,488.0,1.3961634e-06,0.00015022785,1
12105009001,86,218.0,5.529141e-07,0.0001001519,1
14220141001,86,690.0,2.4998583e-06,0.00016691984,1
12301011001,86,509.0,1.310772e-06,0.00013353587,1
14833072001,86,300.0,7.5572086e-07,0.00011684388,1
11103058001,86,163.0,3.7786003e-07,6.6767934e-05,1
14022118001,86,625.0,2.2927816e-06,0.00025037976,8
14510265001,86,417.0,1.082347e-06,8.345992e-05,1
14851034001,86,40.0,9.606588e-08,8.345992e-05,1
14121119001,86,616.0,2.3183993e-06,0.0002003038,1
12011113001,85,385.0,9.841455e-07,0.00011684388,1
11103114001,85,179.0,5.3370115e-07,0.0003004557,1
14508017001,85,327.0,8.902137e-07,8.345992e-05,1
14021035001,85,351.0,9.990889e-07,0.00013353587,1
14615041001,85,378.0,1.0545941e-06,0.00011684388,1
14133028001,85,399.0,1.0823468e-06,0.00018361182,1
14506378001,84,201.0,5.1662226e-07,6.6767934e-05,1
11032024001,84,67.0,1.7078379e-07,0.0001001519,1
12122003001,84,216.0,5.315662e-07,0.00011684388,1
14841003001,84,491.0,1.4089723e-06,0.00011684388,1
14853013001,84,3.0,1.067399e-08,3.3383967e-05,1
14822049001,84,560.0,1.8060459e-06,0.00028376371,8
11032014002,84,68.0,1.5370541e-07,3.3383967e-05,1
14830020001,84,166.0,3.9280354e-07,5.007595e-05,1
14010055001,84,516.0,1.746271e-06,0.00016691984,1
14801003001,84,282.0,7.4291205e-07,8.345992e-05,1
12301023001,84,63.0,1.3662704e-07,3.3383967e-05,1
12123008001,84,78.0,1.8145778e-07,6.6767934e-05,1
14360008001,84,529.0,1.5285215e-06,0.00013353587,1
10040001001,84,4.0,8.539192e-09,1.6691984e-05,1
14244933001,84,480.0,1.4836903e-06,0.00015022785,1
12201061001,84,19.0,4.269595e-08,3.3383967e-05,1
14111008001,84,671.0,2.484914e-06,0.00018361182,1
14011004001,83,547.0,1.8359334e-06,0.00025037976,1
11021041001,83,237.0,6.169586e-07,0.00018361182,1
12010020001,83,206.0,4.8460043e-07,6.6767934e-05,1
12000060001,83,181.0,4.6965678e-07,0.00018361182,1
14503048001,83,533.0,1.7398668e-06,0.0003004557,8
12201080001,82,204.0,5.251617e-07,0.00023368777,1
14850053001,82,3.0,6.4043935e-09,1.6691984e-05,1
14010194001,82,520.0,1.7804276e-06,0.00015022785,1
14506070001,82,504.0,1.5007689e-06,0.0003839156,8
14601031001,82,539.0,1.6160492e-06,0.00013353587,1
14242133001,82,455.0,1.4495329e-06,0.00013353587,1
14001028001,82,454.0,1.4175108e-06,0.00011684388,1
12121044001,82,201.0,4.995441e-07,0.00013353587,1
12212019001,82,66.0,1.4730102e-07,5.007595e-05,1
14121022001,81,687.0,2.542554e-06,0.00026707174,8
14132071001,81,408.0,1.5327892e-06,0.00021699579,1
14810025001,81,145.0,3.394332e-07,5.007595e-05,1
14000015001,81,408.0,1.4068362e-06,0.00013353587,1
14330019001,81,59.0,1.3662704e-07,6.6767934e-05,1
14243040001,81,397.0,1.0588636e-06,0.00018361182,1
14361114001,81,142.0,3.607814e-07,8.345992e-05,1
12122021001,81,85.0,1.8359258e-07,3.3383967e-05,1
14244999001,80,282.0,7.0875507e-07,8.345992e-05,1
14022086001,80,552.0,1.7526755e-06,0.00021699579,1
14510009001,80,118.0,2.946024e-07,0.00011684388,1
14613908001,80,228.0,5.913404e-07,6.6767934e-05,1
14010292001,80,439.0,1.240322e-06,0.00018361182,1
12201097001,80,39.0,8.32571e-08,1.6691984e-05,1
14511011001,80,277.0,6.874071e-07,6.6767934e-05,1
14120054001,80,627.0,2.7325505e-06,0.0003171477,8
14111004001,80,478.0,1.5071728e-06,0.00013353587,1
10034040001,80,111.0,2.519062e-07,5.007595e-05,1
14613009001,80,445.0,1.3278492e-06,0.00011684388,1
14023044001,79,375.0,1.1506596e-06,0.00015022785,1
32501100001,79,99.0,2.1774933e-07,3.3383967e-05,1
14633935001,79,437.0,1.2509967e-06,0.0002003038,1
12000210001,79,21.0,4.483075e-08,1.6691984e-05,1
31502023001,79,120.0,2.9246743e-07,6.6767934e-05,1
11051006001,79,364.0,8.6673145e-07,6.6767934e-05,1
14104151001,79,531.0,1.7612148e-06,0.0002003038,1
14001104001,79,534.0,1.9298639e-06,0.00016691984,1
14002013001,78,488.0,1.855145e-06,0.0002003038,1
12010106001,78,59.0,1.2595305e-07,1.6691984e-05,1
14230432001,78,559.0,2.1454794e-06,0.00023368777,1
12301027001,78,65.0,1.4303143e-07,3.3383967e-05,1
12201041001,78,15.0,3.2021966e-08,1.6691984e-05,1
10052011001,78,160.0,4.3976928e-07,0.00018361182,1
11032027001,78,146.0,3.4370308e-07,0.0001001519,1
12100013001,78,199.0,4.5044354e-07,5.007595e-05,1
12130032001,78,33.0,7.8987505e-08,5.007595e-05,1
14831027001,78,235.0,6.233627e-07,0.0001001519,1
14830048001,78,139.0,3.1595044e-07,5.007595e-05,1
14621005001,78,311.0,8.51787e-07,0.0001001519,1
14210120001,78,294.0,8.09091e-07,0.00015022785,1
14120005001,78,613.0,2.2522206e-06,0.00018361182,1
14001118001,78,312.0,8.197652e-07,0.00013353587,1
12123111001,78,192.0,4.8033075e-07,0.0001001519,1
12123903001,78,76.0,1.7932298e-07,5.007595e-05,1
14023115001,78,613.0,1.8978432e-06,0.00016691984,1
14010077001,78,637.0,2.3696348e-06,0.0002003038,1
14360022001,77,260.0,6.34037e-07,8.345992e-05,1
14001003001,77,595.0,2.0088526e-06,0.0002003038,1
14014013001,77,416.0,2.1027813e-06,0.00028376371,1
14361082001,77,376.0,1.0823463e-06,0.00011684388,1
14010029001,77,632.0,2.0558193e-06,0.00016691984,1
14020976001,77,535.0,1.7057102e-06,0.00013353587,1
10024003001,77,127.0,3.2662447e-07,6.6767934e-05,1
31423011001,77,315.0,7.941476e-07,0.0001001519,1
10023106001,76,149.0,3.5864664e-07,6.6767934e-05,1
11032218001,76,190.0,4.717916e-07,0.00013353587,1
10023080001,76,75.0,1.8999697e-07,8.345992e-05,1
12202008001,76,79.0,1.7505339e-07,3.3383967e-05,1
14131011001,76,497.0,1.8402023e-06,0.00018361182,1
14010208001,76,460.0,1.7975053e-06,0.00021699579,1
14121112001,76,384.0,1.0503244e-06,0.00011684388,1
10020101001,76,117.0,2.5831062e-07,3.3383967e-05,1
14616001001,76,259.0,1.7206502e-06,0.0004006076,1
14506140001,76,153.0,3.6718583e-07,6.6767934e-05,1
14510127001,75,457.0,1.3854892e-06,0.00011684388,1
10014037001,75,247.0,6.34037e-07,6.6767934e-05,1
12010144001,75,208.0,5.0167876e-07,8.345992e-05,1
11103076001,75,147.0,3.6291635e-07,0.00015022785,1
12212035001,75,243.0,5.9134067e-07,8.345992e-05,1
12123132001,75,31.0,6.617872e-08,1.6691984e-05,1
14121007001,75,604.0,2.230872e-06,0.00018361182,1
12121010001,75,4.0,8.539192e-09,1.6691984e-05,1
14601030001,75,391.0,1.0674031e-06,0.0001001519,1
30045077001,75,134.0,3.3302874e-07,6.6767934e-05,1
14370025001,75,341.0,9.201007e-07,0.00011684388,1
14244028001,75,515.0,1.5349258e-06,0.00011684388,1
12123073001,74,37.0,7.8987505e-08,1.6691984e-05,1
12123007001,74,72.0,1.622446e-07,3.3383967e-05,1
31420009001,74,188.0,4.3336505e-07,5.007595e-05,1
12121050001,74,240.0,6.233627e-07,0.0001001519,1
30010002001,74,295.0,7.8347335e-07,0.0005341435,8
12034037001,74,177.0,3.9707334e-07,5.007595e-05,1
14620114001,74,446.0,1.3065013e-06,0.00011684388,1
14312112001,74,209.0,5.315661e-07,0.00011684388,1
14506099001,74,517.0,1.4879604e-06,0.00018361182,1
14633900001,74,403.0,1.1421209e-06,0.0001001519,1
14613939001,74,52.0,1.2381825e-07,5.007595e-05,1
14615108001,74,341.0,8.838095e-07,8.345992e-05,1
14616054001,74,444.0,1.2744794e-06,0.00011684388,1
11111050001,74,127.0,3.1808526e-07,0.0001001519,1
14121006001,73,536.0,2.324802e-06,0.0002003038,1
11022014001,73,215.0,4.9100487e-07,6.6767934e-05,1
12221006001,73,239.0,5.7639716e-07,0.0002003038,1
14010068001,73,569.0,2.1817705e-06,0.00018361182,1
14361036001,73,337.0,8.9661796e-07,0.00015022785,1
14361010001,73,437.0,1.2915575e-06,0.00023368777,1
14850093001,73,39.0,1.1954866e-07,0.00025037976,1
14223018001,73,659.0,2.5019929e-06,0.00025037976,8
12010042001,73,162.0,3.7572522e-07,0.00011684388,1
11111025001,73,221.0,5.5077953e-07,0.0001001519,1
11111019001,73,256.0,6.1055425e-07,0.00018361182,1
35301005001,73,22.0,4.6965546e-08,1.6691984e-05,1
14204043001,72,344.0,9.606623e-07,0.00011684388,1
12103105001,72,70.0,1.4943582e-07,1.6691984e-05,1
14853002001,72,7.0,1.4943586e-08,1.6691984e-05,1
14510101001,72,223.0,5.401055e-07,6.6767934e-05,1
12010137001,72,346.0,8.517876e-07,8.345992e-05,1
14370076001,72,281.0,7.450468e-07,0.00013353587,1
10020028001,72,19.0,4.0561154e-08,1.6691984e-05,1
12301025001,72,260.0,6.468457e-07,0.00011684388,1
14852044001,72,0.0,0.0,0.0,1
14830043001,72,253.0,6.511153e-07,5.007595e-05,1
12327056001,72,1.0,2.134798e-09,1.6691984e-05,1
10001010001,72,15.0,3.4156763e-08,3.3383967e-05,1
12120058001,72,94.0,2.3055811e-07,8.345992e-05,1
10040012001,72,1.0,2.134798e-09,1.6691984e-05,1
10011028001,72,117.0,2.7538908e-07,5.007595e-05,1
10002026001,72,42.0,9.179629e-08,3.3383967e-05,1
14361026001,71,534.0,1.5285218e-06,0.00011684388,1
14220140001,71,486.0,1.6630138e-06,0.00015022785,1
14244027001,71,460.0,1.3129059e-06,0.0001001519,1
14621045001,71,334.0,8.96618e-07,0.0001001519,1
14104016001,71,407.0,1.0908857e-06,8.345992e-05,1
14111031001,71,592.0,2.3333423e-06,0.00023368777,1
11040031001,71,128.0,2.8819795e-07,3.3383967e-05,1
31424002001,71,269.0,6.3830663e-07,0.0001001519,1
14226009001,71,477.0,1.5477345e-06,0.00015022785,1
14510249001,71,402.0,1.1079643e-06,0.0001001519,1
14361007001,71,263.0,7.0448533e-07,8.345992e-05,1
14011041001,71,485.0,1.4794206e-06,0.00028376371,1
12210021001,70,22.0,4.6965546e-08,1.6691984e-05,1
10052017001,70,187.0,4.931395e-07,0.00013353587,1
14822008001,70,369.0,1.116503e-06,0.00011684388,1
31602045001,70,168.0,3.9707305e-07,5.007595e-05,1
14023149001,70,620.0,2.1881767e-06,0.00018361182,1
14102115001,70,567.0,1.7889677e-06,0.00013353587,1
14001019001,70,490.0,1.5690822e-06,0.00026707174,1
14506171001,70,109.0,2.54041e-07,6.6767934e-05,1
14103053001,70,712.0,2.4166006e-06,0.00018361182,1
12121034001,70,204.0,4.5898284e-07,5.007595e-05,1
14003011001,70,574.0,2.5788443e-06,0.0003171477,8
14506005001,70,461.0,1.4068371e-06,0.00033383968,8
14010151001,70,238.0,7.0235046e-07,0.00018361182,1
14633001001,69,210.0,5.059482e-07,6.6767934e-05,1
11103135001,69,104.0,2.6044543e-07,0.00011684388,1
14521012001,69,208.0,4.867351e-07,5.007595e-05,1
12011075001,69,316.0,7.962823e-07,8.345992e-05,1
14331028001,69,179.0,4.4403882e-07,0.0001001519,1
14010186001,69,259.0,7.4718116e-07,0.00013353587,1
11073902001,69,236.0,5.443751e-07,5.007595e-05,1
14353036001,69,118.0,2.6898465e-07,6.6767934e-05,1
12010041001,69,237.0,5.4437515e-07,0.00011684388,1
14200011001,69,385.0,1.1036941e-06,0.00018361182,1
12124001001,69,78.0,1.7291859e-07,3.3383967e-05,1
12103025001,69,93.0,2.0067095e-07,3.3383967e-05,1
14521159001,68,284.0,7.898776e-07,0.00013353587,1
12120898001,68,128.0,2.9887204e-07,6.6767934e-05,1
14311027001,68,199.0,4.8033064e-07,5.007595e-05,1
30450010001,68,32.0,7.0448316e-08,3.3383967e-05,1
14810017001,68,558.0,1.6053749e-06,0.00015022785,1
10002011001,68,66.0,1.4303143e-07,3.3383967e-05,1
14000061001,68,591.0,2.2885108e-06,0.0002003038,1
14200087001,68,537.0,1.6352616e-06,0.00015022785,1
10041050001,68,58.0,1.2808785e-07,3.3383967e-05,1
14010219001,68,400.0,1.1271773e-06,8.345992e-05,1
14370054001,68,316.0,8.0909115e-07,8.345992e-05,1
14226007001,68,456.0,1.2638055e-06,0.00015022785,1
14023017001,68,750.0,2.7837873e-06,0.00025037976,8
14243043001,68,603.0,2.1454798e-06,0.00025037976,1
14506036001,68,181.0,4.0988212e-07,5.007595e-05,1
30011002001,68,267.0,7.151592e-07,0.0005341435,8
14312003001,67,57.0,1.2381825e-07,3.3383967e-05,1
14361112001,67,256.0,6.425761e-07,6.6767934e-05,1
30450023001,67,171.0,3.8639928e-07,6.6767934e-05,1
14223080001,67,435.0,1.5391947e-06,0.00026707174,1
11070045001,67,157.0,3.6718595e-07,0.0001001519,1
65106030001,67,561.0,1.7761591e-06,0.00015022785,1
11032218002,67,189.0,4.7606122e-07,0.00013353587,1
14000050001,67,601.0,2.3440166e-06,0.00016691984,1
14023501001,67,67.0,1.5370541e-07,3.3383967e-05,1
14103155001,67,526.0,1.8167193e-06,0.00015022785,1
14242037001,67,372.0,1.0759418e-06,0.00013353587,1
10002078001,66,48.0,1.0673987e-07,3.3383967e-05,1
14600030001,66,353.0,8.9661853e-07,8.345992e-05,1
12120030001,66,147.0,3.3516378e-07,3.3383967e-05,1
10022024001,66,44.0,1.0033548e-07,3.3383967e-05,1
10032054001,66,98.0,2.2201893e-07,3.3383967e-05,1
31235016001,66,143.0,3.3302896e-07,5.007595e-05,1
14226149001,66,499.0,1.4836904e-06,0.00015022785,1
14615101001,66,91.0,2.1774933e-07,5.007595e-05,1
12106028001,66,210.0,5.144877e-07,0.00011684388,1
14001073001,66,501.0,1.5840259e-06,0.00016691984,1
14804009001,66,122.0,2.7538908e-07,3.3383967e-05,1
14242009001,66,410.0,1.1357167e-06,0.00013353587,1
10040028001,66,43.0,1.601098e-07,0.00011684388,1
14620060001,66,24.0,8.11223e-08,5.007595e-05,1
14852019001,66,28.0,6.190913e-08,3.3383967e-05,1
14110024001,66,576.0,1.9618867e-06,0.00015022785,1
14820029001,66,438.0,1.2894229e-06,0.00011684388,1
14222042001,65,622.0,2.1497497e-06,0.00013353587,1
11071001001,65,143.0,3.3089412e-07,6.6767934e-05,1
14620091001,65,100.0,2.3055811e-07,5.007595e-05,1
14010199001,65,632.0,2.2970512e-06,0.00018361182,1
14104090001,65,502.0,1.8017753e-06,0.00021699579,1
14510300001,65,248.0,6.084192e-07,0.00018361182,1
14202017001,65,406.0,1.0332463e-06,0.00011684388,1
14110053001,65,356.0,1.133581e-06,0.00011684388,1
14121004001,65,533.0,1.961886e-06,0.00016691984,1
14013002001,65,554.0,1.7484064e-06,0.00015022785,1
14202021001,64,499.0,1.4516683e-06,0.00015022785,1
31420006001,64,250.0,5.934756e-07,6.6767934e-05,1
14121053001,64,415.0,1.3513317e-06,0.0001001519,1
12104021001,64,103.0,2.2628852e-07,5.007595e-05,1
11050076001,64,296.0,7.002163e-07,6.6767934e-05,1
14506383001,64,129.0,2.7965874e-07,3.3383967e-05,1
14210051001,64,216.0,5.785317e-07,0.00013353587,1
14850194001,64,127.0,3.4797225e-07,0.00016691984,1
14633039001,64,400.0,1.0844815e-06,8.345992e-05,1
14361162001,64,324.0,8.9448304e-07,0.00018361182,1
12120061001,64,166.0,3.9493844e-07,8.345992e-05,1
11010042001,64,198.0,4.9954406e-07,0.00015022785,1
10022010001,64,87.0,1.9426656e-07,5.007595e-05,1
14010145001,64,307.0,9.0942655e-07,0.00016691984,1
14506139001,64,413.0,1.1207732e-06,0.00011684388,1
10022908001,64,60.0,1.3235744e-07,3.3383967e-05,1
14230431001,64,512.0,1.8252583e-06,0.00013353587,1
12120093001,64,220.0,5.315661e-07,8.345992e-05,1
12122007001,63,117.0,2.7965874e-07,6.6767934e-05,1
14023034001,63,496.0,1.5520037e-06,0.00018361182,1
14832931001,63,70.0,1.5157062e-07,3.3383967e-05,1
14001039001,63,395.0,1.6139118e-06,0.00025037976,1
14330011001,63,168.0,4.2055586e-07,5.007595e-05,1
14204044001,63,337.0,8.7953975e-07,0.0001001519,1
31501001001,63,151.0,3.586466e-07,5.007595e-05,1
14104114001,62,503.0,1.7099791e-06,0.00018361182,1
14102010001,62,457.0,1.5306555e-06,0.00018361182,1
12011056001,62,160.0,4.013428e-07,0.0001001519,1
14361104001,62,220.0,5.763968e-07,8.345992e-05,1
14231068001,62,503.0,1.7206532e-06,0.00016691984,1
12010002001,62,167.0,3.970732e-07,5.007595e-05,1
14022093001,62,507.0,1.4153763e-06,0.00011684388,1
12130045001,62,91.0,2.604454e-07,0.00011684388,1
14242155001,62,413.0,1.1399861e-06,0.00015022785,1
14833034001,62,303.0,7.813387e-07,0.00015022785,1
12121091001,62,121.0,2.9673723e-07,0.00015022785,1
12122016001,62,192.0,5.166223e-07,0.00011684388,1
14220005001,62,383.0,1.1784124e-06,0.00013353587,1
14111029001,61,561.0,2.060087e-06,0.00021699579,1
12123029001,61,116.0,3.0100682e-07,0.0001001519,1
12010234001,61,219.0,5.23027e-07,8.345992e-05,1
14011027001,61,508.0,1.9255945e-06,0.00016691984,1
12212015001,61,270.0,6.361719e-07,0.0001001519,1
12020243001,61,273.0,6.46846e-07,6.6767934e-05,1
10023027001,61,72.0,1.7718818e-07,0.00011684388,1
14311020001,61,186.0,4.6325218e-07,5.007595e-05,1
14020030001,61,456.0,1.4409936e-06,0.00013353587,1
12002023001,61,124.0,3.010068e-07,0.0001001519,1
14023035001,61,476.0,1.5114427e-06,0.00015022785,1
14833013001,61,447.0,1.3214443e-06,0.00023368777,1
11111004001,61,91.0,2.0067095e-07,5.007595e-05,1
14505148001,61,439.0,1.2574006e-06,0.00015022785,1
12130016001,61,13.0,3.202197e-08,3.3383967e-05,3
14110003001,61,527.0,1.7612148e-06,0.00018361182,1
14226005001,61,273.0,7.2369875e-07,8.345992e-05,1
12201046001,60,14.0,3.2021966e-08,3.3383967e-05,3
14204126001,60,430.0,1.327849e-06,0.0002003038,1
14805066001,60,58.0,1.3235744e-07,3.3383967e-05,3
14353010001,60,182.0,4.269605e-07,0.00013353587,1
10000008001,60,4.0,1.067399e-08,3.3383967e-05,3
14522048001,60,315.0,8.4538294e-07,0.0001001519,1
12123034001,60,116.0,2.8819795e-07,0.00015022785,1
11023010001,60,51.0,1.2168346e-07,5.007595e-05,3
14830037001,60,128.0,2.924675e-07,6.6767934e-05,1
11111005001,60,100.0,2.476365e-07,8.345992e-05,1
14204055001,60,370.0,1.0460545e-06,0.00023368777,1
12103011001,60,125.0,2.7965874e-07,5.007595e-05,1
31603002001,60,141.0,3.3089418e-07,6.6767934e-05,1
10014044001,60,19.0,4.0561154e-08,1.6691984e-05,3
14740038001,60,127.0,2.8819795e-07,6.6767934e-05,1
12103060001,60,91.0,2.1134494e-07,6.6767934e-05,1
12102142001,60,214.0,5.2729655e-07,8.345992e-05,1
14830017001,60,103.0,2.5831056e-07,8.345992e-05,1
12123902001,60,190.0,4.675219e-07,0.0001001519,1
14200047001,60,423.0,1.2680748e-06,0.00021699579,1
14630027001,60,269.0,6.2976756e-07,6.6767934e-05,1
15022022001,60,64.0,1.5584021e-07,6.6767934e-05,1
12120015001,60,59.0,1.3235744e-07,3.3383967e-05,3
14832013001,60,242.0,6.1055385e-07,6.6767934e-05,1
14620019001,60,115.0,3.3729833e-07,0.00016691984,1
14820004001,60,30.0,6.4043924e-08,1.6691984e-05,3
12122012001,60,27.0,5.977433e-08,3.3383967e-05,3
11103158001,60,48.0,1.1100946e-07,3.3383967e-05,3
14223176001,60,608.0,2.1903104e-06,0.00018361182,1
14632041001,60,84.0,1.7932298e-07,1.6691984e-05,3
11103220001,60,100.0,2.519062e-07,0.0001001519,1
14601999001,60,280.0,7.087551e-07,8.345992e-05,1
14820009001,60,91.0,2.1347974e-07,5.007595e-05,1
11103133001,60,190.0,4.3549986e-07,8.345992e-05,1
35301004001,60,3.0,6.4043935e-09,1.6691984e-05,3
14810023001,60,184.0,4.2696047e-07,5.007595e-05,1
14506264001,60,131.0,2.9887198e-07,3.3383967e-05,1
14603004001,60,378.0,1.065268e-06,0.00013353587,1
14131074001,59,442.0,1.3470625e-06,0.00015022785,1
14104148001,59,385.0,1.0609981e-06,8.345992e-05,1
31709974001,59,219.0,5.3797055e-07,6.6767934e-05,1
14303934001,59,426.0,1.2509961e-06,0.00018361182,1
14121064001,59,398.0,1.2680741e-06,0.00018361182,1
14203083001,59,468.0,1.3406584e-06,0.00016691984,1
11110060002,59,118.0,2.9673717e-07,0.0002003038,1
14630022001,59,368.0,1.0118974e-06,0.00011684388,1
14510223001,59,149.0,3.4583783e-07,8.345992e-05,1
11070024001,59,181.0,4.3976954e-07,0.00011684388,1
14615038001,59,292.0,8.1122573e-07,0.0001001519,1
14370006001,59,123.0,2.9246752e-07,6.6767934e-05,1
12123075001,59,165.0,3.9066887e-07,5.007595e-05,1
14112038001,59,542.0,1.782563e-06,0.00021699579,1
14511023001,59,212.0,5.016788e-07,6.6767934e-05,1
11050040002,59,230.0,5.6785785e-07,0.0001001519,1
14510159001,59,308.0,8.218998e-07,8.345992e-05,1
12120006001,59,105.0,2.753891e-07,0.0002003038,1
11101036001,59,158.0,3.8426427e-07,5.007595e-05,1
11022007001,59,253.0,6.105542e-07,5.007595e-05,1
14132116001,59,457.0,1.6736867e-06,0.00021699579,1
11071008001,58,63.0,1.4089663e-07,5.007595e-05,3
11032021001,58,136.0,3.351638e-07,0.0001001519,1
14620110001,58,368.0,9.649322e-07,0.00015022785,1
14002003001,58,493.0,1.6971702e-06,0.0002003038,1
14225018001,58,110.0,2.54041e-07,5.007595e-05,1
14200033001,58,295.0,7.962821e-07,8.345992e-05,1
12011400001,58,145.0,3.351638e-07,5.007595e-05,1
12101004001,58,175.0,4.0134287e-07,6.6767934e-05,1
14022027001,58,295.0,8.06956e-07,0.00013353587,1
11101038001,58,77.0,1.7078379e-07,3.3383967e-05,3
31501903001,58,210.0,5.208919e-07,0.00011684388,1
41522003001,58,32.0,6.831352e-08,1.6691984e-05,3
14204142001,58,417.0,1.1485256e-06,0.00011684388,1
14850195001,58,116.0,3.07411e-07,0.00016691984,1
12123014001,58,88.0,2.0494055e-07,5.007595e-05,3
31500025002,58,253.0,6.1482365e-07,0.0001001519,1
12201897001,58,139.0,3.3516383e-07,0.00011684388,1
14303048001,58,552.0,1.7761588e-06,0.00018361182,1
14022012001,57,472.0,1.4217806e-06,0.00016691984,1
12103041001,57,22.0,4.6965546e-08,1.6691984e-05,3
14311231001,57,255.0,6.4257614e-07,6.6767934e-05,1
31423019001,57,131.0,2.9033274e-07,3.3383967e-05,3
14603005001,57,360.0,9.798756e-07,0.00013353587,1
14010289001,57,484.0,1.4175112e-06,0.0002003038,1
11040001001,57,124.0,2.98872e-07,6.6767934e-05,1
14832003001,57,155.0,4.1201662e-07,8.345992e-05,1
14220002001,57,531.0,1.727058e-06,0.00015022785,1
14631026001,57,406.0,1.0332462e-06,6.6767934e-05,1
14804014001,57,397.0,1.1954913e-06,0.0003004557,1
14833049001,57,150.0,3.4583775e-07,5.007595e-05,1
14510148001,56,389.0,1.0972902e-06,0.0001001519,1
11111013001,56,232.0,5.678579e-07,5.007595e-05,1
14600011001,56,440.0,1.3449278e-06,0.00013353587,1
14204078001,56,441.0,1.3662756e-06,0.00018361182,1
14500018001,56,99.0,2.1774933e-07,3.3383967e-05,3
12102106001,56,165.0,4.269604e-07,0.0001001519,1
14000055001,56,404.0,1.20403e-06,0.00013353587,1
14000100001,56,493.0,1.5093077e-06,0.00011684388,1
14506060001,56,517.0,1.4345901e-06,0.0001001519,1
31532100001,56,213.0,5.1662244e-07,5.007595e-05,1
14508013001,56,207.0,5.0808325e-07,6.6767934e-05,1
10033033001,56,88.0,1.9213176e-07,3.3383967e-05,3
14361128001,56,277.0,7.3010284e-07,0.0001001519,1
14102182001,56,534.0,1.7185187e-06,0.00013353587,1
14521178001,56,495.0,1.3918938e-06,0.00026707174,1
14522065001,56,253.0,6.788675e-07,0.00015022785,1
11103046001,56,140.0,3.5651195e-07,0.00015022785,1
14370072001,56,270.0,6.3617193e-07,6.6767934e-05,1
14203032001,55,546.0,1.7825635e-06,0.0002003038,1
14201013001,55,404.0,1.2253782e-06,0.00013353587,1
14244049001,55,342.0,1.1271766e-06,0.00015022785,1
11050046001,55,115.0,2.6684984e-07,0.00011684388,1
14244929001,55,222.0,5.550487e-07,6.6767934e-05,1
14105008001,55,401.0,1.1869517e-06,0.0001001519,1
11103369001,55,190.0,4.4190418e-07,6.6767934e-05,1
12001049001,55,357.0,9.4358404e-07,8.345992e-05,1
30001907001,55,262.0,6.724634e-07,0.00033383968,1
14223032001,55,484.0,1.5754862e-06,0.0002003038,1
14242004001,55,373.0,1.0161675e-06,6.6767934e-05,1
14013014001,55,141.0,3.2662444e-07,8.345992e-05,1
12011254001,55,202.0,4.803309e-07,8.345992e-05,1
14001058001,55,374.0,1.0844809e-06,0.00016691984,1
14111015001,55,484.0,1.5093076e-06,0.0002003038,1
14242151001,55,479.0,1.6267217e-06,0.00016691984,1
14243166001,55,242.0,5.8066684e-07,8.345992e-05,1
14800004001,54,337.0,9.4998785e-07,0.00011684388,1
14210108001,54,151.0,3.6718592e-07,5.007595e-05,3
12151001001,54,63.0,1.3662704e-07,3.3383967e-05,3
12121036001,54,106.0,2.4977138e-07,6.6767934e-05,3
12123016002,54,40.0,9.179629e-08,5.007595e-05,3
14833078001,54,172.0,4.1201676e-07,5.007595e-05,3
14802005001,54,129.0,3.2875909e-07,6.6767934e-05,3
14303933001,54,482.0,1.3470633e-06,0.00011684388,1
10014041001,54,64.0,1.4089663e-07,3.3383967e-05,3
14302006001,54,59.0,1.3449224e-07,5.007595e-05,3
12123013001,54,92.0,2.0280575e-07,3.3383967e-05,3
14822026001,54,167.0,4.0561216e-07,6.6767934e-05,3
14301013001,54,296.0,8.2616924e-07,0.00011684388,1
14351034001,54,114.0,2.7111946e-07,6.6767934e-05,3
12011067001,54,152.0,3.6505105e-07,6.6767934e-05,3
14110019001,54,561.0,1.7142494e-06,0.00016691984,1
14001001001,54,183.0,4.760611e-07,8.345992e-05,1
11103080001,54,104.0,2.519062e-07,8.345992e-05,3
14244919001,54,284.0,6.9808135e-07,8.345992e-05,1
14226016001,54,187.0,4.696565e-07,0.0001001519,1
14603012001,54,211.0,5.08083e-07,6.6767934e-05,1
10020040001,54,84.0,1.8786217e-07,3.3383967e-05,3
12212062001,54,67.0,1.5370541e-07,5.007595e-05,3
31567019001,53,169.0,4.354996e-07,0.00011684388,1
14224003001,53,517.0,1.8764938e-06,0.00016691984,1
12102997001,53,19.0,4.0561154e-08,1.6691984e-05,3
14820023001,53,253.0,6.148236e-07,8.345992e-05,1
14011023001,53,520.0,1.6160482e-06,0.0001001519,1
14351056001,53,135.0,3.287593e-07,8.345992e-05,3
14213004001,53,453.0,1.5199815e-06,0.00016691984,1
14104011001,53,373.0,1.0844809e-06,8.345992e-05,1
12123079001,53,135.0,3.2022015e-07,0.00013353587,1
12121056001,53,127.0,3.1808534e-07,0.00013353587,1
12103008001,52,285.0,7.2156405e-07,8.345992e-05,1
14242007001,52,75.0,1.7505339e-07,5.007595e-05,3
12123028001,52,64.0,1.4089663e-07,3.3383967e-05,3
31501903003,52,135.0,3.479723e-07,0.00011684388,3
14242056001,52,433.0,1.3854886e-06,0.0002003038,1
14833058001,52,162.0,4.0347743e-07,0.0001001519,3
14521166001,52,396.0,1.1762777e-06,0.00016691984,1
31500025001,52,275.0,6.6819393e-07,8.345992e-05,1
14241031001,52,418.0,1.2061654e-06,0.00013353587,1
12103026001,52,110.0,2.583106e-07,5.007595e-05,3
14244050001,52,357.0,8.880792e-07,0.0001001519,1
14243061001,52,301.0,7.706646e-07,0.0001001519,1
12102090001,52,99.0,2.583106e-07,0.0001001519,3
14853048001,52,14.0,2.988717e-08,1.6691984e-05,3
14312113001,52,121.0,3.0100685e-07,0.00011684388,3
14506109001,52,460.0,1.3641411e-06,0.00013353587,1
14204133001,52,227.0,5.9987997e-07,0.0001001519,1
14600898001,52,417.0,1.1485257e-06,0.0001001519,1
31567052001,52,309.0,7.7066477e-07,0.00013353587,1
14315003001,52,264.0,6.361718e-07,0.00016691984,1
14520066001,52,216.0,5.9560995e-07,0.00013353587,1
14613024001,52,272.0,6.8527225e-07,8.345992e-05,1
14508016001,52,196.0,4.7606108e-07,6.6767934e-05,3
14510169001,51,69.0,1.7291859e-07,6.6767934e-05,3
31236027001,51,150.0,3.4797264e-07,5.007595e-05,3
14361160001,51,312.0,8.5819147e-07,0.00018361182,1
12123131001,51,47.0,1.2168346e-07,5.007595e-05,3
14361065001,51,375.0,9.670669e-07,6.6767934e-05,1
12130004001,51,60.0,1.7078379e-07,8.345992e-05,3
14243006001,51,173.0,4.0774722e-07,5.007595e-05,3
12011085001,51,207.0,5.0808325e-07,8.345992e-05,3
12212030001,51,15.0,3.2021966e-08,1.6691984e-05,3
11040026001,51,103.0,2.4336694e-07,5.007595e-05,3
14210079001,51,230.0,5.742623e-07,8.345992e-05,3
14620163001,51,117.0,2.54041e-07,3.3383967e-05,3
14502008001,51,192.0,4.5257818e-07,5.007595e-05,3
14241030001,51,435.0,1.2317831e-06,0.00015022785,1
11050098001,51,91.0,2.1561453e-07,8.345992e-05,3
14632030001,51,128.0,2.9460236e-07,5.007595e-05,3
14521181001,51,443.0,1.2125699e-06,0.00028376371,1
14350009001,51,211.0,5.0594844e-07,6.6767934e-05,3
14203062001,51,447.0,1.3342534e-06,0.00021699579,1
12102152001,51,126.0,2.796587e-07,3.3383967e-05,3
14101021001,51,271.0,6.767329e-07,0.00015022785,1
14013001001,51,479.0,1.4473982e-06,0.00015022785,1
14310025001,51,69.0,1.4943582e-07,3.3383967e-05,3
14131024001,51,404.0,1.259535e-06,0.00011684388,1
14121075001,50,518.0,1.8081801e-06,0.00011684388,1
14352080001,50,197.0,4.888699e-07,0.00015022785,1
14506021001,50,105.0,2.4123213e-07,5.007595e-05,3
14832037001,50,219.0,4.99544e-07,6.6767934e-05,3
14243041001,50,204.0,5.4223983e-07,0.0001001519,3
14131026001,50,400.0,1.2851526e-06,0.00021699579,1
14241020001,50,430.0,1.2232441e-06,0.00015022785,1
11103035001,50,178.0,4.1415169e-07,5.007595e-05,3
12100028001,50,164.0,3.7785992e-07,8.345992e-05,3
14133027001,50,329.0,8.6673083e-07,0.00018361182,1
14121061001,50,509.0,1.5882956e-06,0.00013353587,1
14330018001,50,48.0,1.0673987e-07,3.3383967e-05,3
14000051001,50,344.0,9.734712e-07,8.345992e-05,1
14230035001,50,429.0,1.3598712e-06,0.00018361182,1
14100002001,50,279.0,7.514511e-07,8.345992e-05,1
11050033001,50,219.0,5.1021806e-07,0.00011684388,1
11070011001,50,131.0,3.2022012e-07,8.345992e-05,3
12120088001,50,92.0,2.0280575e-07,3.3383967e-05,3
12100023001,50,161.0,3.5651186e-07,3.3383967e-05,3
12020344001,50,160.0,4.098821e-07,0.0001001519,3
31533037002,50,156.0,3.7785983e-07,8.345992e-05,3
14603010001,50,247.0,6.383064e-07,6.6767934e-05,3
14110163001,49,435.0,1.2595356e-06,0.00016691984,1
14133007001,49,276.0,7.3010307e-07,0.00015022785,1
14601047001,49,308.0,8.005521e-07,0.00011684388,1
14610008001,49,185.0,1.3555987e-06,0.0003004557,1
12120007001,49,118.0,2.9887204e-07,0.0002003038,1
14600007001,49,219.0,5.401052e-07,5.007595e-05,3
31455003001,49,133.0,2.967372e-07,3.3383967e-05,3
14202009001,49,419.0,1.2574008e-06,0.00018361182,1
14506103001,49,398.0,1.0609988e-06,8.345992e-05,1
66511009001,49,49.0,1.08874666e-07,3.3383967e-05,3
14613016001,49,246.0,6.4044116e-07,8.345992e-05,3
14000119001,49,493.0,1.5498695e-06,0.0001001519,1
12130113001,49,4.0,1.067399e-08,3.3383967e-05,3
14506159001,49,397.0,1.1100991e-06,0.00013353587,1
14510196001,49,328.0,1.0054931e-06,0.00011684388,1
14821006001,48,162.0,3.9493816e-07,5.007595e-05,3
12123025001,48,18.0,4.269595e-08,3.3383967e-05,3
14340006001,48,317.0,8.1122596e-07,8.345992e-05,3
14805063001,48,40.0,1.17413855e-07,5.007595e-05,3
12106011001,48,58.0,1.2595305e-07,3.3383967e-05,3
12201006001,48,3.0,6.4043935e-09,1.6691984e-05,3
14226012001,48,155.0,3.5651186e-07,3.3383967e-05,3
11050019002,48,199.0,4.6111757e-07,6.6767934e-05,3
10016021001,48,28.0,5.977433e-08,1.6691984e-05,3
60011899001,48,87.0,2.7752384e-07,0.00011684388,3
12123144001,48,94.0,2.2628852e-07,5.007595e-05,3
31501025001,48,139.0,3.1808523e-07,5.007595e-05,3
12123020001,48,44.0,9.820068e-08,3.3383967e-05,3
10022014001,48,123.0,2.8392827e-07,5.007595e-05,3
12212011001,48,163.0,3.7359032e-07,8.345992e-05,3
11110089001,48,180.0,4.3763464e-07,0.0001001519,3
14240017001,48,376.0,1.0225721e-06,0.00011684388,1
14820016001,48,157.0,4.29095e-07,8.345992e-05,3
14224002001,48,343.0,9.585276e-07,8.345992e-05,1
11071009001,48,78.0,1.8359258e-07,8.345992e-05,3
12100003001,48,148.0,3.3729856e-07,3.3383967e-05,3
14001103001,48,267.0,7.087551e-07,8.345992e-05,3
12151020001,48,39.0,8.32571e-08,1.6691984e-05,3
11070003001,48,129.0,3.1808534e-07,8.345992e-05,3
11103289001,47,154.0,3.6078157e-07,0.00011684388,3
14509016001,47,268.0,7.5145095e-07,0.00011684388,3
14361148001,47,167.0,3.757251e-07,3.3383967e-05,3
14600025001,47,394.0,1.1058294e-06,0.0001001519,1
14100027001,47,472.0,1.3086362e-06,0.0001001519,1
12123050001,47,105.0,2.3482771e-07,3.3383967e-05,3
11110093001,47,154.0,3.522423e-07,5.007595e-05,3
14620119001,47,302.0,8.218998e-07,8.345992e-05,3
14332008001,47,76.0,1.68649e-07,3.3383967e-05,3
11070029001,47,152.0,3.4583783e-07,5.007595e-05,3
11103106001,47,102.0,2.4550175e-07,8.345992e-05,3
14000117001,47,448.0,1.3641405e-06,0.00011684388,1
14203048001,47,385.0,1.09729e-06,0.0001001519,1
14506135001,47,134.0,3.0741123e-07,5.007595e-05,3
14111006001,47,484.0,1.4964986e-06,0.00015022785,1
14203056001,47,353.0,9.1796613e-07,6.6767934e-05,3
14121129001,47,381.0,1.2147041e-06,0.00015022785,1
14243026001,46,241.0,6.3190186e-07,0.0001001519,3
14132153001,46,247.0,6.468456e-07,6.6767934e-05,3
14003001001,46,435.0,1.2723441e-06,0.0001001519,1
12105034001,46,161.0,3.650511e-07,8.345992e-05,3
14022041001,46,478.0,1.4708813e-06,0.0002003038,1
14220132001,46,154.0,3.479727e-07,5.007595e-05,3
12102013001,46,99.0,2.1561453e-07,3.3383967e-05,3
12005093001,46,96.0,2.3482771e-07,6.6767934e-05,3
14200018001,46,361.0,9.0942734e-07,0.00013353587,1
12011159001,46,141.0,3.266245e-07,5.007595e-05,3
14203003001,46,289.0,7.4504686e-07,6.6767934e-05,3
14021036001,46,435.0,1.2723443e-06,0.00011684388,1
14361041001,46,201.0,5.465094e-07,0.00015022785,3
12123066001,46,139.0,3.6078143e-07,0.00011684388,3
14011015001,46,427.0,1.1997608e-06,0.0001001519,1
12130052001,46,15.0,3.4156763e-08,3.3383967e-05,3
31501012001,46,107.0,2.4550175e-07,6.6767934e-05,3
14351052001,46,135.0,3.479725e-07,8.345992e-05,3
14010293001,46,425.0,1.4153756e-06,0.00018361182,1
14104030001,46,217.0,5.785317e-07,8.345992e-05,3
14353025001,46,110.0,2.4123213e-07,3.3383967e-05,3
14104060001,46,429.0,1.4666111e-06,0.00013353587,1
11051013001,46,293.0,6.959467e-07,6.6767934e-05,3
14741039001,46,285.0,7.3650756e-07,0.0001001519,3
31532098001,46,142.0,3.4797253e-07,6.6767934e-05,3
14240001001,46,214.0,5.294312e-07,0.00015022785,3
14104097001,46,433.0,1.3363883e-06,0.0001001519,1
14111034001,46,387.0,1.0204373e-06,0.0001001519,1
14105026001,46,489.0,1.605374e-06,0.00016691984,1
65031011001,46,109.0,2.4977138e-07,5.007595e-05,3
10014212001,46,36.0,8.11223e-08,3.3383967e-05,3
31532099001,46,142.0,3.4370288e-07,6.6767934e-05,3
14020960001,46,342.0,9.286403e-07,0.0001001519,3
14202041001,46,495.0,1.5157121e-06,0.00015022785,1
14621038001,46,173.0,4.013428e-07,5.007595e-05,3
14833086001,46,188.0,4.5471302e-07,0.00011684388,3
14200012001,45,289.0,7.429122e-07,8.345992e-05,3
12102086001,45,271.0,6.3403706e-07,8.345992e-05,3
10002051001,45,49.0,1.1100946e-07,3.3383967e-05,3
14621034001,45,142.0,3.2662456e-07,3.3383967e-05,3
14200049001,45,277.0,7.30103e-07,0.0001001519,3
14202013001,45,331.0,9.649317e-07,0.00013353587,3
12120034001,45,92.0,2.0707535e-07,5.007595e-05,3
14801020001,45,129.0,3.0954592e-07,6.6767934e-05,3
14011035001,45,33.0,7.0448316e-08,1.6691984e-05,3
12123147001,45,49.0,1.08874666e-07,3.3383967e-05,3
11071916001,45,166.0,3.757252e-07,5.007595e-05,3
14001086001,45,436.0,1.347062e-06,8.345992e-05,1
14741017001,45,236.0,5.657231e-07,5.007595e-05,3
14600021001,45,372.0,9.884152e-07,8.345992e-05,3
14361044001,45,249.0,7.194286e-07,0.00016691984,3
11040046001,45,149.0,3.3943343e-07,5.007595e-05,3
14521179001,45,392.0,1.054594e-06,0.00028376371,1
14302005001,45,299.0,8.2189985e-07,8.345992e-05,3
14361027001,45,286.0,7.514511e-07,0.00011684388,3
14104162001,45,477.0,1.4879596e-06,0.00013353587,1
14311003001,45,192.0,4.5684786e-07,6.6767934e-05,3
12201112001,45,49.0,1.08874666e-07,3.3383967e-05,3
14104102001,45,327.0,9.4785327e-07,0.00016691984,1
31567032001,45,126.0,3.202199e-07,0.00011684388,3
30045077002,45,81.0,1.8999697e-07,8.345992e-05,3
12130047001,44,3.0,6.4043935e-09,1.6691984e-05,3
12123143001,44,112.0,2.7752392e-07,8.345992e-05,3
14111050001,44,279.0,7.62125e-07,0.0001001519,3
12121065001,44,46.0,1.0673987e-07,5.007595e-05,3
14603019001,44,215.0,5.1448757e-07,6.6767934e-05,3
14832043001,44,113.0,2.604454e-07,5.007595e-05,3
31502034002,44,166.0,3.928034e-07,6.6767934e-05,3
12011255001,44,189.0,4.7392635e-07,6.6767934e-05,3
12122034001,44,145.0,3.479727e-07,0.0001001519,3
14202018001,44,239.0,6.041494e-07,0.00011684388,3
14506190001,44,236.0,5.7639716e-07,8.345992e-05,3
12102057001,44,145.0,3.3302896e-07,0.0001001519,3
10014132001,44,85.0,1.8786217e-07,3.3383967e-05,3
14121093001,44,418.0,1.3918931e-06,0.00013353587,1
14242156001,44,253.0,6.4684565e-07,6.6767934e-05,3
14100020001,44,276.0,6.8740707e-07,0.0001001519,3
14620001001,44,100.0,2.1774933e-07,3.3383967e-05,3
14227005001,44,385.0,1.1015595e-06,0.0001001519,3
31501009001,44,68.0,1.68649e-07,8.345992e-05,3
14023012001,44,332.0,9.0942683e-07,0.00013353587,3
12005093004,44,115.0,2.8392836e-07,6.6767934e-05,3
11103270002,44,86.0,2.1561453e-07,8.345992e-05,3
14620133001,44,133.0,3.0314158e-07,5.007595e-05,3
14833036001,44,150.0,3.9066848e-07,0.00015022785,3
14242149001,44,408.0,1.2083e-06,0.0001001519,3
11110077003,44,100.0,2.2628852e-07,3.3383967e-05,3
14312045001,43,47.0,1.0033548e-07,1.6691984e-05,3
14312055001,43,33.0,7.258311e-08,3.3383967e-05,3
14244934001,43,281.0,7.813383e-07,0.0001001519,3
14023257001,43,397.0,1.1293122e-06,0.0001001519,3
12020232001,43,232.0,5.614535e-07,0.0001001519,3
11112040001,43,111.0,2.5617578e-07,6.6767934e-05,3
12020473001,43,278.0,6.8527254e-07,0.0001001519,3
14633934001,43,226.0,5.998797e-07,0.0002003038,3
14510058001,43,165.0,3.7999473e-07,5.007595e-05,3
14506164001,43,359.0,1.0097629e-06,8.345992e-05,3
14111005001,43,375.0,1.084481e-06,0.00013353587,3
14850125001,43,24.0,5.977433e-08,6.6767934e-05,3
14512007001,43,290.0,7.194293e-07,6.6767934e-05,3
14361907001,43,243.0,6.532499e-07,0.00013353587,3
11103270001,43,103.0,2.3055811e-07,5.007595e-05,3
14011043001,43,289.0,9.3717875e-07,0.00013353587,3
11103023001,43,102.0,2.4763656e-07,8.345992e-05,3
11103046002,43,118.0,2.8819798e-07,8.345992e-05,3
11031912001,43,64.0,1.3876183e-07,3.3383967e-05,3
14220071001,43,387.0,1.3662748e-06,0.00013353587,3
14001050001,43,252.0,6.5325037e-07,0.00015022785,3
14242039001,43,219.0,5.3370087e-07,5.007595e-05,3
14022033001,43,381.0,1.0332458e-06,0.00023368777,1
14700078001,43,319.0,8.5178704e-07,0.00011684388,3
14506286001,43,497.0,1.4367251e-06,0.00011684388,1
14241037001,43,282.0,7.044856e-07,8.345992e-05,3
12000405001,43,9.0,1.921318e-08,1.6691984e-05,3
14204025001,42,327.0,9.1796596e-07,0.00011684388,3
12011334001,42,229.0,6.5325e-07,0.00018361182,3
31533232001,42,152.0,3.6505082e-07,6.6767934e-05,3
14805003001,42,30.0,6.617872e-08,3.3383967e-05,3
14222005001,42,266.0,6.6392437e-07,8.345992e-05,3
11050006001,42,17.0,3.629156e-08,1.6691984e-05,3
11050065002,42,201.0,4.7179157e-07,0.00011684388,3
10024900001,42,48.0,1.02470274e-07,1.6691984e-05,3
14102087001,42,430.0,1.3961624e-06,0.00011684388,3
12104011001,42,40.0,8.5391896e-08,1.6691984e-05,3
12011364001,42,40.0,9.606588e-08,3.3383967e-05,3
10034057001,42,127.0,3.052764e-07,6.6767934e-05,3
14370007001,42,211.0,5.187571e-07,5.007595e-05,3
11103116001,42,155.0,4.419044e-07,0.00023368777,3
11020002001,42,116.0,2.668498e-07,3.3383967e-05,3
10035051001,42,4.0,1.067399e-08,3.3383967e-05,3
11042008001,42,170.0,3.821296e-07,5.007595e-05,3
14850099001,42,34.0,7.471791e-08,3.3383967e-05,3
14506096001,42,334.0,8.5392213e-07,6.6767934e-05,3
12122014001,42,53.0,1.2595305e-07,5.007595e-05,3
12122009001,42,52.0,1.17413855e-07,3.3383967e-05,3
12010060001,42,36.0,7.685271e-08,1.6691984e-05,3
31501901003,42,121.0,3.2448946e-07,0.0001001519,3
12130001001,42,22.0,4.6965546e-08,1.6691984e-05,3
14510190001,42,213.0,4.9527443e-07,6.6767934e-05,3
14000220001,42,326.0,9.627967e-07,8.345992e-05,3
14111055001,42,476.0,1.3534673e-06,0.00016691984,1
12130012001,42,16.0,3.6291556e-08,3.3383967e-05,3
14121105001,42,464.0,1.3620061e-06,0.00015022785,1
14616019001,42,224.0,5.208922e-07,0.0001001519,3
14600017001,42,236.0,5.8066666e-07,8.345992e-05,3
10014053001,42,10.0,2.1347978e-08,1.6691984e-05,3
14852009001,42,46.0,1.0460507e-07,5.007595e-05,3
14121101001,42,504.0,1.475151e-06,0.00011684388,1
12102055001,42,115.0,2.817935e-07,8.345992e-05,3
15022019001,42,69.0,1.5157062e-07,3.3383967e-05,3
14511005001,42,116.0,2.6044543e-07,5.007595e-05,3
30045057002,42,25.0,5.3369938e-08,1.6691984e-05,3
10053904001,42,96.0,2.1774933e-07,3.3383967e-05,3
10014059001,42,47.0,1.0033548e-07,1.6691984e-05,3
12201086001,42,43.0,1.0033548e-07,5.007595e-05,3
11072012002,41,142.0,3.3943334e-07,6.6767934e-05,3
30000056001,41,198.0,5.016786e-07,0.00033383968,1
14203004001,41,514.0,1.5071734e-06,0.00026707174,1
11100011001,41,184.0,4.4617383e-07,8.345992e-05,3
60011899002,41,41.0,1.7291859e-07,0.00011684388,3
14300032001,41,87.0,1.8786217e-07,3.3383967e-05,3
14020977001,41,347.0,9.4998825e-07,0.0002003038,3
11074048001,41,123.0,2.7965874e-07,5.007595e-05,3
14312070001,41,69.0,1.4943582e-07,3.3383967e-05,3
11071902001,41,145.0,3.458378e-07,6.6767934e-05,3
14242134001,41,379.0,1.0353804e-06,0.00013353587,3
14220078001,41,408.0,1.2104349e-06,0.0001001519,3
11103018001,41,108.0,2.4336694e-07,3.3383967e-05,3
14000066001,41,458.0,1.5434642e-06,0.00013353587,3
31500022004,41,187.0,4.2269093e-07,5.007595e-05,3
31501903002,41,123.0,3.0954584e-07,0.00011684388,3
14102067001,41,351.0,9.585277e-07,6.6767934e-05,3
10022015001,41,121.0,2.8179355e-07,6.6767934e-05,3
15020913001,41,66.0,1.4516623e-07,3.3383967e-05,3
11103054001,41,119.0,2.6471506e-07,3.3383967e-05,3
14620084001,40,160.0,1.2040272e-06,0.00026707174,3
14241024001,40,246.0,6.084191e-07,6.6767934e-05,3
14200046001,40,245.0,6.254977e-07,8.345992e-05,3
14223023001,40,378.0,1.1591991e-06,0.00011684388,3
14740006001,40,106.0,2.54041e-07,8.345992e-05,3
12123062001,40,110.0,2.4977138e-07,5.007595e-05,3
14222053001,40,451.0,1.3790848e-06,0.00011684388,3
12123898001,40,100.0,2.3055811e-07,8.345992e-05,3
11111022001,40,137.0,3.2875937e-07,6.6767934e-05,3
14611013001,40,236.0,5.9988e-07,0.0001001519,3
14505065001,40,56.0,1.2168346e-07,3.3383967e-05,3
10022910001,40,21.0,4.483075e-08,1.6691984e-05,3
11050031001,40,146.0,3.4583783e-07,5.007595e-05,3
12120049001,40,59.0,1.2808785e-07,3.3383967e-05,3
14612021001,40,88.0,1.9853616e-07,5.007595e-05,3
14511026001,40,163.0,3.8639908e-07,6.6767934e-05,3
14510147001,40,207.0,4.867352e-07,5.007595e-05,3
11100005001,40,84.0,2.1134494e-07,5.007595e-05,3
12301001001,40,125.0,2.753891e-07,8.345992e-05,3
14612012001,40,66.0,1.4730102e-07,6.6767934e-05,3
14353037001,40,45.0,9.606588e-08,1.6691984e-05,3
14001027001,40,276.0,7.365075e-07,0.0001001519,3
11040001002,40,139.0,3.1595053e-07,6.6767934e-05,3
31500024001,40,73.0,1.7932298e-07,6.6767934e-05,3
11103005001,40,73.0,1.7505339e-07,5.007595e-05,3
10023041001,40,110.0,2.4550175e-07,3.3383967e-05,3
14200091001,40,331.0,8.7527025e-07,0.00013353587,3
14120044001,40,371.0,1.0503243e-06,0.0001001519,3
14506004001,39,265.0,6.7673307e-07,6.6767934e-05,3
31503001001,39,106.0,2.5190616e-07,6.6767934e-05,3
14112053001,39,465.0,1.505038e-06,0.0002003038,1
12011003001,39,64.0,1.3876183e-07,3.3383967e-05,3
14810022001,39,116.0,2.6684987e-07,3.3383967e-05,3
31827023001,39,25.0,5.3369938e-08,1.6691984e-05,3
14510185001,39,329.0,8.8807894e-07,0.0001001519,3
12010013001,39,104.0,2.2842332e-07,3.3383967e-05,3
12101020001,39,27.0,5.7639532e-08,1.6691984e-05,3
14020961001,39,359.0,9.2437074e-07,8.345992e-05,3
12120064001,39,20.0,4.483075e-08,3.3383967e-05,3
14203080001,39,328.0,8.64596e-07,0.00011684388,3
12001080001,39,171.0,3.7572522e-07,3.3383967e-05,3
11103069001,39,80.0,2.4336694e-07,0.00015022785,3
12123024001,39,80.0,1.7932298e-07,3.3383967e-05,3
11103027001,39,113.0,2.561758e-07,5.007595e-05,3
14002022001,39,153.0,3.9066865e-07,6.6767934e-05,3
14213092001,39,112.0,2.6258024e-07,3.3383967e-05,3
12130075001,39,54.0,1.7078379e-07,0.00011684388,3
31244002001,39,81.0,1.7505339e-07,3.3383967e-05,3
11050059001,39,166.0,3.7145563e-07,3.3383967e-05,3
12103170001,39,45.0,9.820068e-08,3.3383967e-05,3
14110010001,39,372.0,1.0631331e-06,0.00013353587,3
14302079001,39,185.0,4.3549977e-07,8.345992e-05,3
14204053001,39,227.0,6.126887e-07,0.00011684388,3
14022020001,39,328.0,8.7740494e-07,0.0001001519,3
14602023001,39,316.0,7.962824e-07,0.0001001519,3
14730001001,39,156.0,3.5224224e-07,8.345992e-05,3
14111018001,39,142.0,3.1595042e-07,5.007595e-05,3
14615079001,39,126.0,2.98872e-07,6.6767934e-05,3
14002021001,39,430.0,1.2296481e-06,8.345992e-05,3
31544043001,39,50.0,1.1100946e-07,3.3383967e-05,3
14830063001,39,192.0,4.717914e-07,0.0001001519,3
14244045001,39,399.0,1.2574001e-06,0.00015022785,3
14010102001,39,292.0,8.688651e-07,0.0001001519,3
14506150001,39,332.0,8.6673117e-07,0.0001001519,3
14021109001,39,389.0,1.0930203e-06,0.00025037976,1
14361015001,39,104.0,2.369625e-07,3.3383967e-05,3
14001037001,39,270.0,8.432476e-07,0.0001001519,3
14302024001,38,277.0,6.9808107e-07,0.00011684388,3
11042011001,38,108.0,2.3909732e-07,3.3383967e-05,3
14204105001,38,160.0,3.9493833e-07,6.6767934e-05,3
14370029001,38,296.0,7.706644e-07,0.00013353587,3
14241033001,38,310.0,8.880787e-07,0.0001001519,3
14822025001,38,184.0,4.4190412e-07,5.007595e-05,3
14511001001,38,120.0,2.817935e-07,5.007595e-05,3
14010200001,38,383.0,1.3705437e-06,0.00015022785,3
31502034001,38,149.0,3.6505088e-07,6.6767934e-05,3
14523031001,38,220.0,5.6145325e-07,0.0001001519,3
11111010001,38,138.0,3.4370302e-07,8.345992e-05,3
12011065001,38,100.0,2.3055811e-07,5.007595e-05,3
14850124001,38,24.0,7.258312e-08,6.6767934e-05,3
14300025001,38,374.0,1.022572e-06,0.0001001519,3
11062025001,38,163.0,3.5437714e-07,3.3383967e-05,3
12100046001,38,113.0,2.4763656e-07,5.007595e-05,3
14332016001,38,109.0,2.4763656e-07,3.3383967e-05,3
14620903001,38,192.0,4.803305e-07,8.345992e-05,3
14243036001,38,195.0,4.547131e-07,5.007595e-05,3
14242042001,37,249.0,6.2122814e-07,6.6767934e-05,3
14303015001,37,303.0,8.026868e-07,6.6767934e-05,3
12125007001,37,66.0,1.4089663e-07,1.6691984e-05,3
14510030001,37,95.0,2.1988413e-07,3.3383967e-05,3
14500058001,37,292.0,7.642602e-07,8.345992e-05,3
14242036001,37,349.0,8.816749e-07,0.0001001519,3
14222999001,37,322.0,8.7313515e-07,0.00013353587,3
11103270003,37,97.0,2.3055811e-07,6.6767934e-05,3
11050895001,37,133.0,2.98872e-07,3.3383967e-05,3
12010198001,37,148.0,3.3943337e-07,5.007595e-05,3
14361120001,37,176.0,4.5044322e-07,6.6767934e-05,3
14620051001,37,262.0,6.4471095e-07,5.007595e-05,3
14510090001,37,185.0,4.1628655e-07,5.007595e-05,3
11050081001,37,108.0,2.3909732e-07,3.3383967e-05,3
14243150001,37,219.0,5.7853185e-07,8.345992e-05,3
12327057001,37,9.0,1.921318e-08,1.6691984e-05,3
12106006001,37,96.0,2.1347974e-07,3.3383967e-05,3
14509010001,37,181.0,1.5733482e-06,0.0003839156,3
14313024001,37,20.0,5.5504735e-08,5.007595e-05,3
14210132001,37,147.0,3.671859e-07,6.6767934e-05,3
12011354001,37,132.0,3.5864667e-07,0.00015022785,3
14110011001,37,302.0,8.3684347e-07,0.00011684388,3
14022107001,37,365.0,1.1954902e-06,0.00016691984,3
14312005001,37,49.0,1.0460507e-07,1.6691984e-05,3
14120002001,37,460.0,1.5007683e-06,0.00013353587,3
14511080001,37,159.0,3.7145537e-07,6.6767934e-05,3
14010161001,37,326.0,8.688655e-07,0.0001001519,3
14021068001,37,95.0,2.3055811e-07,6.6767934e-05,3
14210024001,37,331.0,8.6032657e-07,8.345992e-05,3
14311081001,37,202.0,4.7606113e-07,5.007595e-05,3
11074005001,37,41.0,1.1314427e-07,8.345992e-05,3
14222087001,37,367.0,1.041785e-06,8.345992e-05,3
11073902002,37,96.0,2.3055811e-07,6.6767934e-05,3
14510118001,37,264.0,6.874071e-07,0.00013353587,3
32504043004,37,15.0,6.1909134e-08,6.6767934e-05,3
14021015001,37,262.0,7.2583333e-07,8.345992e-05,3
14001084001,37,408.0,1.2574002e-06,0.00011684388,3
12023025001,37,45.0,1.2381825e-07,0.0001001519,3
11061070001,37,191.0,4.2909537e-07,5.007595e-05,3
11110090001,37,110.0,2.7325424e-07,8.345992e-05,3
12130112001,37,13.0,2.988717e-08,3.3383967e-05,3
14132156001,37,301.0,8.048214e-07,0.0001001519,3
12122023002,36,62.0,1.3876183e-07,3.3383967e-05,3
14832909001,36,95.0,2.1988413e-07,5.007595e-05,3
10040024001,36,15.0,3.2021966e-08,1.6691984e-05,3
14820001001,36,241.0,6.190931e-07,8.345992e-05,3
14510068001,36,212.0,5.2943125e-07,6.6767934e-05,3
12102005001,36,68.0,1.5797501e-07,3.3383967e-05,3
12103024001,36,78.0,1.7505339e-07,3.3383967e-05,3
11061023001,36,205.0,4.9313945e-07,8.345992e-05,3
12103048001,36,88.0,1.9213176e-07,5.007595e-05,3
12103081001,36,0.0,0.0,0.0,3
12103112001,36,40.0,9.179629e-08,3.3383967e-05,3
10035052001,36,18.0,4.0561154e-08,3.3383967e-05,3
14132075001,36,372.0,1.0823463e-06,0.00015022785,3
14200092001,36,206.0,4.824655e-07,5.007595e-05,3
14200130001,36,214.0,5.2729644e-07,0.0001001519,3
12120062001,36,61.0,1.3022265e-07,1.6691984e-05,3
11070015001,36,48.0,1.0887467e-07,3.3383967e-05,3
14506339001,36,141.0,3.223549e-07,6.6767934e-05,3
12121103001,36,34.0,8.11223e-08,5.007595e-05,3
14852020001,36,49.0,1.2808785e-07,5.007595e-05,3
12010254001,36,31.0,6.617872e-08,1.6691984e-05,3
10035046001,36,57.0,1.2595305e-07,3.3383967e-05,3
12130085001,36,18.0,4.9100347e-08,6.6767934e-05,3
14742048001,36,13.0,2.988717e-08,3.3383967e-05,3
33551908001,36,126.0,2.9033274e-07,5.007595e-05,3
10012008001,36,44.0,1.0033548e-07,5.007595e-05,3
32500008001,36,24.0,5.123514e-08,1.6691984e-05,3
12012145001,36,12.0,2.9887172e-08,3.3383967e-05,3
14505047001,36,137.0,3.5224187e-07,6.6767934e-05,3
10014097001,36,97.0,2.2201893e-07,3.3383967e-05,3
14804015001,36,9.0,3.6291564e-08,5.007595e-05,3
14226063001,36,129.0,3.0100682e-07,6.6767934e-05,3
14104200001,36,371.0,1.0866158e-06,8.345992e-05,3
10020032001,36,31.0,6.831352e-08,3.3383967e-05,3
14362019001,36,150.0,3.5651172e-07,6.6767934e-05,3
14226059001,36,130.0,2.9887204e-07,5.007595e-05,3
31422007001,36,50.0,1.1100946e-07,3.3383967e-05,3
11050039001,36,85.0,1.9853616e-07,3.3383967e-05,3
12011144001,36,127.0,3.1168085e-07,6.6767934e-05,3
12232999001,36,3.0,6.4043935e-09,1.6691984e-05,3
14220108001,36,361.0,1.0588633e-06,0.0001001519,3
14002027001,36,422.0,1.2360523e-06,0.0001001519,3
11050005001,36,89.0,1.9853616e-07,5.007595e-05,3
14501941001,36,129.0,2.9673723e-07,5.007595e-05,3
11021029001,36,120.0,2.7111946e-07,5.007595e-05,3
31530107001,36,155.0,3.4370296e-07,3.3383967e-05,3
10023003001,36,32.0,6.831352e-08,1.6691984e-05,3
11041027001,36,176.0,4.184214e-07,0.0001001519,3
10010007001,36,50.0,1.0673987e-07,1.6691984e-05,3
14512899001,36,250.0,6.297672e-07,5.007595e-05,3
31504009001,36,20.0,4.6965546e-08,3.3383967e-05,3
12123092001,36,78.0,1.7932298e-07,5.007595e-05,3
10002899001,36,23.0,4.9100343e-08,1.6691984e-05,3
14330999001,36,140.0,3.223549e-07,0.0001001519,3
14013022001,36,255.0,6.4257614e-07,8.345992e-05,3
14203089001,35,358.0,1.0247063e-06,8.345992e-05,3
14104109001,35,234.0,5.806668e-07,6.6767934e-05,3
14361093001,35,136.0,3.650509e-07,0.00011684388,3
11111015001,35,173.0,4.120169e-07,6.6767934e-05,3
14210056001,35,148.0,3.8212934e-07,8.345992e-05,3
14506042001,35,163.0,4.2482534e-07,6.6767934e-05,3
14110002001,35,293.0,8.325735e-07,0.0001001519,3
12212025001,35,103.0,2.5831062e-07,8.345992e-05,3
41301008001,35,5.0,1.067399e-08,1.6691984e-05,3
31422023001,35,163.0,3.9707308e-07,0.00013353587,3
14330039001,35,115.0,2.5190616e-07,5.007595e-05,3
12010120001,35,128.0,3.010068e-07,0.0001001519,3
14022001001,35,308.0,8.752698e-07,0.00015022785,3
12020485001,35,177.0,4.1415174e-07,0.0001001519,3
14110051001,35,397.0,1.3193094e-06,0.00015022785,3
14243069001,35,7.0,1.4943586e-08,1.6691984e-05,3
12102080001,35,207.0,4.8460043e-07,8.345992e-05,3
12102075001,35,25.0,5.3369938e-08,1.6691984e-05,3
31425008001,35,150.0,3.5224207e-07,3.3383967e-05,3
12011299001,35,195.0,4.6752194e-07,6.6767934e-05,3
14001085001,35,416.0,1.2232434e-06,0.00013353587,3
11103083001,35,63.0,1.68649e-07,0.00013353587,3
12011237001,35,140.0,3.2235494e-07,6.6767934e-05,3
11110095001,35,149.0,3.522423e-07,8.345992e-05,3
14361017001,35,257.0,6.297673e-07,8.345992e-05,3
14332014001,35,119.0,2.9460227e-07,5.007595e-05,3
14621095001,35,111.0,2.6258024e-07,8.345992e-05,3
14210034001,35,186.0,4.2909537e-07,3.3383967e-05,3
32517006001,35,1.0,2.134798e-09,1.6691984e-05,3
14020937001,35,317.0,8.005519e-07,8.345992e-05,3
14507029001,35,189.0,4.504432e-07,5.007595e-05,3
14510180001,35,119.0,2.7538908e-07,5.007595e-05,3
11073006001,35,117.0,2.6258024e-07,5.007595e-05,3
14506069001,35,189.0,4.9740885e-07,0.00011684388,3
14506315001,35,175.0,4.525779e-07,0.0001001519,3
30045057001,35,30.0,6.617872e-08,3.3383967e-05,3
31623026001,35,153.0,3.3729862e-07,5.007595e-05,3
11010043001,35,114.0,2.4977138e-07,3.3383967e-05,3
11050131001,35,92.0,2.0921014e-07,5.007595e-05,3
14021091001,35,446.0,1.3491975e-06,0.00018361182,3
14210048001,35,120.0,2.8392836e-07,5.007595e-05,3
14244071001,35,67.0,1.5584021e-07,3.3383967e-05,3
14360026001,35,310.0,8.261695e-07,8.345992e-05,3
14351069001,35,21.0,4.483075e-08,1.6691984e-05,3
14510010001,34,218.0,5.401055e-07,6.6767934e-05,3
31502015001,34,59.0,1.4516623e-07,5.007595e-05,3
14311113001,34,143.0,3.0954607e-07,3.3383967e-05,3
14023253001,34,174.0,4.739259e-07,6.6767934e-05,3
35301003001,34,3.0,6.4043935e-09,1.6691984e-05,3
12121038001,34,135.0,3.3516375e-07,8.345992e-05,3
14111030001,34,327.0,9.435836e-07,0.00013353587,3
12102053001,34,75.0,1.665142e-07,3.3383967e-05,3
14023212001,34,365.0,1.0994243e-06,0.00025037976,3
14616017001,34,282.0,6.980813e-07,8.345992e-05,3
12122902001,34,25.0,5.7639536e-08,3.3383967e-05,3
14103106001,34,411.0,1.2424568e-06,0.00013353587,3
14242154001,34,157.0,3.9280346e-07,0.00011684388,3
12121061001,34,73.0,1.665142e-07,6.6767934e-05,3
14506375001,34,455.0,1.3022317e-06,0.00015022785,3
31502022002,34,86.0,1.9213176e-07,5.007595e-05,3
14312015001,34,50.0,1.1314426e-07,3.3383967e-05,3
14311161001,34,40.0,9.606588e-08,3.3383967e-05,3
14102048001,34,379.0,1.0588636e-06,0.0001001519,3
14226035001,34,80.0,1.7718818e-07,3.3383967e-05,3
31564003001,34,96.0,2.1134494e-07,3.3383967e-05,3
12123107001,34,77.0,1.7505339e-07,6.6767934e-05,3
14361161001,34,247.0,6.2549753e-07,8.345992e-05,3
12123096001,34,48.0,1.08874666e-07,3.3383967e-05,3
14102007001,34,326.0,9.713359e-07,0.0001001519,3
14521180001,34,292.0,7.77069e-07,0.00023368777,3
14331022001,34,96.0,2.1561453e-07,3.3383967e-05,3
14203059001,34,299.0,7.7920384e-07,8.345992e-05,3
14020019001,34,316.0,8.603263e-07,0.0001001519,3
12123128001,34,57.0,1.3449224e-07,0.0001001519,3
14221113001,34,204.0,5.1021783e-07,6.6767934e-05,3
14010009001,34,256.0,6.639242e-07,6.6767934e-05,3
14204899001,34,140.0,3.2022012e-07,6.6767934e-05,3
14003053001,34,296.0,8.3684347e-07,0.0001001519,3
31422021001,34,233.0,6.020146e-07,0.00013353587,3
14002053001,34,388.0,1.0481896e-06,8.345992e-05,3
32410009001,34,42.0,9.820068e-08,5.007595e-05,3
14242003001,34,219.0,5.230268e-07,6.6767934e-05,3
14023294001,34,192.0,5.208917e-07,8.345992e-05,3
14510246001,34,265.0,7.343725e-07,0.0001001519,3
14331044001,34,94.0,2.2201893e-07,5.007595e-05,3
14001097001,34,334.0,9.1369674e-07,0.0001001519,3
12012196001,34,36.0,8.11223e-08,3.3383967e-05,3
10012002001,34,15.0,3.2021966e-08,1.6691984e-05,3
11111007001,34,117.0,2.7965874e-07,8.345992e-05,3
11051025001,34,122.0,2.7325424e-07,5.007595e-05,3
11103237001,34,90.0,2.0067095e-07,3.3383967e-05,3
12010262001,34,139.0,3.3089415e-07,8.345992e-05,3
11075003001,34,57.0,1.2595305e-07,3.3383967e-05,3
12011427001,34,33.0,7.6852714e-08,6.6767934e-05,3
11032036001,34,83.0,2.0280575e-07,0.0001001519,3
11050047001,34,79.0,1.7505339e-07,3.3383967e-05,3
11050029001,34,224.0,5.208923e-07,5.007595e-05,3
11073009001,34,66.0,1.4516623e-07,3.3383967e-05,3
11030010001,34,59.0,1.2595305e-07,1.6691984e-05,3
12011409001,34,84.0,1.8999697e-07,5.007595e-05,3
12011022001,34,102.0,2.2201893e-07,3.3383967e-05,3
14202027001,33,106.0,2.3482771e-07,3.3383967e-05,3
14633897001,33,168.0,3.88534e-07,5.007595e-05,3
14500030001,33,290.0,7.5785556e-07,8.345992e-05,3
14633896001,33,131.0,3.1381555e-07,3.3383967e-05,3
14521085001,33,111.0,2.4550175e-07,3.3383967e-05,3
14506044001,33,246.0,6.4684565e-07,0.0001001519,3
14243034001,33,147.0,3.415682e-07,5.007595e-05,3
14620113001,33,53.0,1.1314426e-07,1.6691984e-05,3
14509036001,33,278.0,7.3650745e-07,0.0001001519,3
14244906001,33,224.0,5.529142e-07,5.007595e-05,3
14202023001,33,360.0,1.0012234e-06,0.00013353587,3
14620158001,33,258.0,7.0235035e-07,6.6767934e-05,3
11071004001,33,110.0,2.54041e-07,6.6767934e-05,3
12123056001,33,44.0,1.0033548e-07,3.3383967e-05,3
14111041001,33,296.0,8.9234817e-07,0.00011684388,3
12106097001,33,123.0,2.8606308e-07,5.007595e-05,3
14832008001,33,97.0,2.2628852e-07,3.3383967e-05,3
14831005001,33,112.0,2.668498e-07,5.007595e-05,3
11103156001,33,104.0,2.2201893e-07,1.6691984e-05,3
31502003001,33,121.0,2.839283e-07,5.007595e-05,3
32511048001,33,41.0,8.966149e-08,3.3383967e-05,3
12123097001,33,88.0,2.0067095e-07,5.007595e-05,3
14203064001,33,340.0,9.3504445e-07,0.00013353587,3
14101082001,33,302.0,8.496523e-07,0.00013353587,3
12102008001,33,214.0,4.931396e-07,0.00011684388,3
12212008001,33,42.0,8.966149e-08,1.6691984e-05,3
14353013001,33,164.0,3.8639908e-07,0.00013353587,3
14611020001,33,319.0,8.3257396e-07,0.00011684388,3
14211055001,33,364.0,9.969541e-07,0.0001001519,3
14203016001,33,238.0,6.084191e-07,6.6767934e-05,3
14111063001,33,294.0,7.108902e-07,5.007595e-05,3
30010006001,33,66.0,1.4516623e-07,3.3383967e-05,3
14615002001,33,323.0,7.9628245e-07,6.6767934e-05,3
14210081001,33,322.0,8.347086e-07,0.0001001519,3
14361025001,33,269.0,6.8100263e-07,6.6767934e-05,3
12121028001,33,77.0,1.68649e-07,3.3383967e-05,3
14244056001,33,129.0,2.924676e-07,5.007595e-05,3
14833040001,33,179.0,4.290953e-07,6.6767934e-05,3
14313019001,33,46.0,1.3662704e-07,8.345992e-05,3
12105045001,33,157.0,3.522423e-07,8.345992e-05,3
14620070001,33,236.0,5.892058e-07,6.6767934e-05,3
12211001001,32,31.0,6.617872e-08,1.6691984e-05,3
11103346001,32,169.0,4.1201696e-07,0.00011684388,3
31567004001,32,69.0,1.5157062e-07,3.3383967e-05,3
12130031001,32,24.0,5.3369938e-08,3.3383967e-05,3
12221001001,32,20.0,4.269595e-08,1.6691984e-05,3
14311086001,32,19.0,4.269595e-08,3.3383967e-05,3
12121082001,32,54.0,1.4089663e-07,8.345992e-05,3
33550938001,32,10.0,2.775237e-08,5.007595e-05,3
14353073001,32,60.0,6.596528e-07,0.00016691984,3
12005093007,32,61.0,1.4516623e-07,6.6767934e-05,3
11032230001,32,110.0,2.6258024e-07,6.6767934e-05,3
14243133001,32,268.0,6.831374e-07,8.345992e-05,3
11022002001,32,74.0,1.601098e-07,3.3383967e-05,3
12212024001,32,82.0,1.7932298e-07,3.3383967e-05,3
10034006001,32,67.0,1.4943582e-07,3.3383967e-05,3
14220086001,32,267.0,6.532503e-07,6.6767934e-05,3
11104005002,32,184.0,4.141517e-07,5.007595e-05,3
14001119001,32,113.0,2.5831062e-07,3.3383967e-05,3
14241004001,32,298.0,7.4718184e-07,6.6767934e-05,3
14226067001,32,178.0,4.013428e-07,5.007595e-05,3
12010074001,32,139.0,3.1381566e-07,6.6767934e-05,3
14311065001,32,182.0,4.205561e-07,5.007595e-05,3
14311172001,32,119.0,2.6684984e-07,3.3383967e-05,3
31531042001,32,48.0,1.02470274e-07,1.6691984e-05,3
10032007001,32,94.0,2.1561453e-07,5.007595e-05,3
14102008001,32,293.0,8.3257385e-07,0.00013353587,3
12102016001,32,51.0,1.1100946e-07,3.3383967e-05,3
31502022001,32,92.0,2.1774933e-07,6.6767934e-05,3
14506018001,32,257.0,6.6605884e-07,8.345992e-05,3
14244009001,32,238.0,5.8707093e-07,6.6767934e-05,3
14351042001,32,209.0,5.10218e-07,6.6767934e-05,3
14310016001,32,91.0,2.0494055e-07,3.3383967e-05,3
11103088001,32,80.0,1.8359258e-07,5.007595e-05,3
12011146001,32,121.0,2.9887198e-07,6.6767934e-05,3
14243128001,32,82.0,1.8999697e-07,5.007595e-05,3
31422898001,32,45.0,1.0460507e-07,5.007595e-05,3
14506340001,32,158.0,3.7145549e-07,5.007595e-05,3
41300016002,32,1.0,2.134798e-09,1.6691984e-05,3
14850040001,32,21.0,5.336994e-08,6.6767934e-05,3
11040039001,32,165.0,3.9280368e-07,5.007595e-05,3
12120033001,32,36.0,8.11223e-08,3.3383967e-05,3
31422022001,32,257.0,6.319021e-07,0.00013353587,3
14616013001,32,106.0,1.3470584e-06,0.00036722363,3
31422018001,32,134.0,3.223548e-07,0.00011684388,3
14244011001,32,310.0,7.792038e-07,6.6767934e-05,3
32410035001,32,60.0,1.4089663e-07,5.007595e-05,3
12120011001,32,4.0,1.067399e-08,3.3383967e-05,3
14010140001,32,293.0,7.471818e-07,6.6767934e-05,3
14244026001,32,58.0,1.4516623e-07,5.007595e-05,3
14201022001,32,268.0,6.98081e-07,6.6767934e-05,3
14020949001,31,111.0,2.6258022e-07,6.6767934e-05,3
14222019001,31,362.0,9.841452e-07,0.00013353587,3
14242072001,31,203.0,4.824657e-07,5.007595e-05,3
11021013001,31,102.0,2.3055811e-07,3.3383967e-05,3
11103303001,31,30.0,6.617872e-08,3.3383967e-05,3
14822050001,31,163.0,4.1842108e-07,6.6767934e-05,3
14010221001,31,217.0,5.315661e-07,5.007595e-05,3
11101039001,31,129.0,2.860631e-07,3.3383967e-05,3
14820031001,31,287.0,7.3437303e-07,0.00016691984,3
14361083001,31,127.0,2.9673717e-07,5.007595e-05,3
14000322001,31,242.0,6.553848e-07,8.345992e-05,3
11110082001,31,71.0,1.8572737e-07,8.345992e-05,3
31914003001,31,244.0,6.468457e-07,8.345992e-05,3
14020978001,31,34.0,7.258311e-08,1.6691984e-05,3
14200093001,31,319.0,8.43248e-07,0.0001001519,3
14311046001,31,60.0,1.3876183e-07,5.007595e-05,3
14511007001,31,174.0,3.9920798e-07,5.007595e-05,3
31500025003,31,102.0,2.4977135e-07,6.6767934e-05,3
10023002001,31,43.0,9.3931085e-08,3.3383967e-05,3
12011005001,31,53.0,1.17413855e-07,3.3383967e-05,3
14850098001,31,10.0,2.1347978e-08,1.6691984e-05,3
14506141001,31,271.0,7.0235075e-07,8.345992e-05,3
14621070001,31,184.0,4.290953e-07,6.6767934e-05,3
14611899001,31,222.0,5.8280136e-07,8.345992e-05,3
12000317001,31,207.0,4.974093e-07,8.345992e-05,3
14222071001,31,283.0,7.429119e-07,0.00011684388,3
11042005001,31,140.0,3.1808528e-07,5.007595e-05,3
14240006001,31,90.0,2.0921014e-07,0.0001001519,3
11051044001,31,128.0,2.9033276e-07,6.6767934e-05,3
11050038001,31,166.0,3.7999476e-07,6.6767934e-05,3
14204136001,31,231.0,5.956102e-07,8.345992e-05,3
14200021001,31,258.0,6.4684576e-07,0.0001001519,3
14204135001,31,103.0,2.369625e-07,8.345992e-05,3
14700029001,31,225.0,5.315661e-07,0.00011684388,3
14226002001,31,76.0,1.643794e-07,3.3383967e-05,3
14833002001,31,160.0,3.8212946e-07,5.007595e-05,3
12150009001,31,125.0,2.7965874e-07,6.6767934e-05,3
14001128001,31,269.0,6.874072e-07,6.6767934e-05,3
14001011001,31,233.0,6.1055397e-07,0.0001001519,3
11100014001,31,58.0,1.3235744e-07,5.007595e-05,3
14301023001,31,191.0,4.4403893e-07,5.007595e-05,3
14104005001,31,345.0,9.478536e-07,0.0001001519,3
14222107001,30,173.0,4.3123015e-07,5.007595e-05,3
10100222001,30,42.0,9.179629e-08,3.3383967e-05,3
32507027002,30,20.0,5.1235144e-08,6.6767934e-05,3
14361158001,30,124.0,3.287594e-07,0.0001001519,3
14822037001,30,47.0,1.0033548e-07,1.6691984e-05,3
32507027001,30,14.0,3.8426357e-08,6.6767934e-05,3
14500053001,30,53.0,1.1527906e-07,3.3383967e-05,3
14506062001,30,118.0,3.1381563e-07,6.6767934e-05,3
14232107001,30,390.0,1.1869514e-06,0.00013353587,3
14311032001,30,164.0,3.9707308e-07,5.007595e-05,3
14852012001,30,54.0,1.2808785e-07,3.3383967e-05,3
14242045001,30,211.0,4.867352e-07,5.007595e-05,3
14740024001,30,300.0,7.407774e-07,8.345992e-05,3
14805900001,30,53.0,1.3449224e-07,5.007595e-05,3
11050045001,30,140.0,3.180853e-07,5.007595e-05,3
14833060001,30,335.0,8.3897874e-07,8.345992e-05,3
31533038001,30,113.0,2.6471497e-07,5.007595e-05,3
15022020001,30,1.0,2.134798e-09,1.6691984e-05,3
14632223001,30,318.0,8.026866e-07,6.6767934e-05,3
14002040001,30,309.0,8.0482164e-07,6.6767934e-05,3
12120027001,30,36.0,7.8987505e-08,3.3383967e-05,3
12020225001,30,122.0,2.6898468e-07,3.3383967e-05,3
31422008001,30,60.0,1.3449224e-07,5.007595e-05,3
14241032001,30,238.0,5.9134084e-07,6.6767934e-05,3
14310139001,30,11.0,2.3482775e-08,1.6691984e-05,3
12120026001,30,61.0,1.3022265e-07,1.6691984e-05,3
14852064001,30,35.0,7.471791e-08,1.6691984e-05,3
30072062001,30,26.0,6.190913e-08,5.007595e-05,3
14353052001,30,232.0,5.4010553e-07,6.6767934e-05,3
14840021001,30,81.0,1.8145778e-07,3.3383967e-05,3
14822010001,30,129.0,3.159503e-07,8.345992e-05,3
10041020001,30,75.0,1.665142e-07,3.3383967e-05,3
12130039001,30,19.0,4.0561154e-08,1.6691984e-05,3
14010226001,30,239.0,6.1909316e-07,8.345992e-05,3
14202034001,30,402.0,1.1271775e-06,0.00011684388,3
10034049001,30,121.0,2.775239e-07,3.3383967e-05,3
14000068001,30,297.0,7.706646e-07,8.345992e-05,3
12120039001,30,60.0,1.5797501e-07,0.0001001519,3
12101010001,30,43.0,9.179629e-08,1.6691984e-05,3
11022036001,30,64.0,1.4089663e-07,5.007595e-05,3
12212010001,30,33.0,7.0448316e-08,1.6691984e-05,3
14302017001,30,211.0,4.9954394e-07,5.007595e-05,3
14730041001,30,67.0,1.4730102e-07,3.3383967e-05,3
35753007001,30,60.0,1.3449224e-07,3.3383967e-05,3
14502018001,30,206.0,5.31566e-07,0.0001001519,3
14510145001,30,68.0,1.5157062e-07,5.007595e-05,3
31501007001,30,66.0,1.5370541e-07,5.007595e-05,3
12120089001,30,38.0,8.11223e-08,1.6691984e-05,3
14101016001,30,216.0,5.379706e-07,0.00015022785,3
14011065001,30,226.0,5.9774527e-07,0.0001001519,3
11100018001,30,172.0,3.970733e-07,6.6767934e-05,3
12100018001,30,105.0,2.3269291e-07,5.007595e-05,3
12301005001,30,121.0,2.711195e-07,5.007595e-05,3
12121048001,30,47.0,1.1100946e-07,5.007595e-05,3
12212027001,30,42.0,9.3931085e-08,3.3383967e-05,3
14244039001,30,92.0,1.9640136e-07,1.6691984e-05,3
14131044001,30,395.0,1.1100991e-06,8.345992e-05,3
14023210001,30,203.0,5.7853174e-07,0.00011684388,3
14200086001,30,161.0,3.7999473e-07,5.007595e-05,3
14223178001,30,317.0,9.2650504e-07,0.0001001519,3
12212037001,30,45.0,9.820068e-08,3.3383967e-05,3
12011206001,30,159.0,3.8639922e-07,8.345992e-05,3
14001014001,30,67.0,1.68649e-07,6.6767934e-05,3
14500066001,30,232.0,6.126886e-07,0.00011684388,3
14632058001,29,118.0,2.6684984e-07,5.007595e-05,3
12020190001,29,114.0,2.54041e-07,8.345992e-05,3
14833051001,29,175.0,6.084185e-07,0.0001001519,3
11010023001,29,41.0,1.02470274e-07,6.6767934e-05,3
14523106001,29,213.0,5.443748e-07,0.00021699579,3
14121132001,29,290.0,8.261693e-07,8.345992e-05,3
12010049001,29,81.0,1.7505339e-07,3.3383967e-05,3
14634027001,29,166.0,3.8426433e-07,5.007595e-05,3
11021047001,29,79.0,1.7932298e-07,5.007595e-05,3
14510014001,29,75.0,1.68649e-07,6.6767934e-05,3
14302018001,29,43.0,1.02470274e-07,5.007595e-05,3
31564007001,29,111.0,2.4763654e-07,3.3383967e-05,3
14010048001,29,245.0,6.8954165e-07,8.345992e-05,3
12020165001,29,180.0,4.1415174e-07,8.345992e-05,3
12010192001,29,142.0,3.2022012e-07,8.345992e-05,3
14510210001,29,167.0,3.8639917e-07,5.007595e-05,3
14350001001,29,84.0,1.7932298e-07,1.6691984e-05,3
14303001001,29,360.0,9.926846e-07,8.345992e-05,3
14600912001,29,123.0,2.7752392e-07,5.007595e-05,3
11073907001,29,107.0,2.3909732e-07,6.6767934e-05,3
11100112001,29,72.0,1.7932298e-07,5.007595e-05,3
12011163001,29,85.0,1.9213176e-07,3.3383967e-05,3
14351055001,29,93.0,2.2201893e-07,8.345992e-05,3
14121011001,29,305.0,8.1122585e-07,6.6767934e-05,3
31568019001,29,205.0,5.187571e-07,0.0002003038,3
14200090001,29,223.0,5.443749e-07,6.6767934e-05,3
14612005001,29,190.0,4.717914e-07,6.6767934e-05,3
14506045001,29,181.0,4.312301e-07,6.6767934e-05,3
14602026001,29,305.0,7.792039e-07,8.345992e-05,3
11020008001,29,19.0,4.910034e-08,5.007595e-05,3
12003130001,29,110.0,2.4763656e-07,5.007595e-05,3
14222011001,29,69.0,1.4943582e-07,3.3383967e-05,3
14241023001,29,214.0,5.059483e-07,6.6767934e-05,3
14613918001,29,152.0,3.7145546e-07,5.007595e-05,3
14506645001,29,109.0,2.6471503e-07,8.345992e-05,3
14321011001,29,38.0,8.11223e-08,1.6691984e-05,3
14202040001,29,292.0,7.4931677e-07,8.345992e-05,3
14242164001,29,204.0,4.8886994e-07,6.6767934e-05,3
14602002001,28,296.0,7.898777e-07,0.0001001519,3
12020068001,28,170.0,3.970733e-07,6.6767934e-05,3
14620902001,28,147.0,3.501073e-07,6.6767934e-05,3
14011021001,28,259.0,6.532502e-07,6.6767934e-05,3
14002038001,28,346.0,9.11562e-07,6.6767934e-05,3
14502045001,28,352.0,1.0759413e-06,0.00013353587,3
14104098001,28,340.0,9.136967e-07,8.345992e-05,3
11070050001,28,50.0,1.0673987e-07,1.6691984e-05,3
14361055001,28,289.0,7.0021616e-07,6.6767934e-05,3
12000011001,28,181.0,4.2055623e-07,5.007595e-05,3
12121051001,28,44.0,9.3931085e-08,1.6691984e-05,3
14110146001,28,236.0,6.3403667e-07,0.00011684388,3
11111003001,28,104.0,2.3482771e-07,5.007595e-05,3
14312018001,28,40.0,8.752669e-08,3.3383967e-05,3
12121070001,28,50.0,1.08874666e-07,3.3383967e-05,3
12000152001,28,95.0,2.3909732e-07,8.345992e-05,3
14311051001,28,93.0,2.0921014e-07,5.007595e-05,3
14822965001,28,222.0,5.422401e-07,8.345992e-05,3
14132149001,28,261.0,6.639241e-07,6.6767934e-05,3
14312032001,28,208.0,4.739265e-07,5.007595e-05,3
14242144001,28,216.0,5.422402e-07,6.6767934e-05,3
14001029001,28,338.0,9.841452e-07,0.00011684388,3
11022082001,28,56.0,1.2381825e-07,3.3383967e-05,3
14351007001,28,111.0,2.561758e-07,6.6767934e-05,3
12020141001,28,68.0,1.4730102e-07,3.3383967e-05,3
14615114001,28,193.0,4.4190423e-07,8.345992e-05,3
10031030001,28,18.0,3.8426357e-08,1.6691984e-05,3
14222007001,28,293.0,7.706646e-07,0.0001001519,3
10031006001,28,21.0,4.483075e-08,1.6691984e-05,3
30052113002,28,58.0,1.3022265e-07,5.007595e-05,3
14010273001,28,3.0,6.4043935e-09,1.6691984e-05,3
14361149001,28,62.0,1.4089663e-07,5.007595e-05,3
14204052001,28,183.0,4.9527415e-07,6.6767934e-05,3
11050032001,28,136.0,3.0527647e-07,3.3383967e-05,3
12150016001,28,118.0,2.6684987e-07,5.007595e-05,3
12122011001,28,18.0,4.0561154e-08,3.3383967e-05,3
11071034001,28,125.0,2.753891e-07,3.3383967e-05,3
14620103001,28,93.0,2.1774933e-07,5.007595e-05,3
14023063001,28,347.0,1.0375148e-06,0.0001001519,3
14612059001,28,108.0,2.3909732e-07,6.6767934e-05,3
14243007001,28,143.0,3.287593e-07,5.007595e-05,3
14523104001,28,185.0,4.6538676e-07,0.00021699579,3
14243094001,28,16.0,3.4156763e-08,1.6691984e-05,3
14502005001,28,139.0,3.180852e-07,5.007595e-05,3
14331004001,28,52.0,1.1314426e-07,3.3383967e-05,3
14740036001,28,79.0,1.8786217e-07,6.6767934e-05,3
11111014001,28,101.0,2.4550175e-07,8.345992e-05,3
12123135001,28,57.0,1.3022265e-07,5.007595e-05,3
10052019001,28,153.0,3.714555e-07,6.6767934e-05,3
12120086001,28,57.0,1.2381825e-07,3.3383967e-05,3
14615107001,28,182.0,4.2696044e-07,6.6767934e-05,3
14002008001,28,8.0,1.7078383e-08,1.6691984e-05,3
12011169001,28,90.0,2.0921014e-07,5.007595e-05,3
11110066001,28,66.0,1.5370541e-07,5.007595e-05,3
12123129001,28,34.0,7.471791e-08,3.3383967e-05,3
11032028001,28,59.0,1.3022265e-07,3.3383967e-05,3
11022003002,28,103.0,2.369625e-07,3.3383967e-05,3
31414020001,28,6.0,1.2808788e-08,1.6691984e-05,3
12102048001,28,68.0,1.68649e-07,0.0001001519,3
12220019001,28,94.0,2.1134494e-07,3.3383967e-05,3
12100012001,28,103.0,2.2415372e-07,3.3383967e-05,3
12100040001,28,98.0,2.1561453e-07,5.007595e-05,3
14301108001,28,215.0,5.038136e-07,8.345992e-05,3
14700075001,28,220.0,5.571837e-07,8.345992e-05,3
14330898001,28,41.0,9.179629e-08,3.3383967e-05,3
14853061001,28,49.0,1.1100946e-07,5.007595e-05,3
14102025001,27,346.0,9.008879e-07,8.345992e-05,3
12123112001,27,31.0,7.044832e-08,3.3383967e-05,3
14300113001,27,45.0,9.606588e-08,1.6691984e-05,3
14200133001,27,280.0,8.624606e-07,0.00015022785,3
14201002001,27,139.0,3.0954607e-07,6.6767934e-05,3
14510167001,27,135.0,3.3089398e-07,5.007595e-05,3
12122019001,27,26.0,5.5504735e-08,1.6691984e-05,3
14600899001,27,314.0,7.66395e-07,6.6767934e-05,3
11074020001,27,45.0,1.2808785e-07,0.00011684388,3
12105001001,27,67.0,1.622446e-07,5.007595e-05,3
32504043003,27,7.0,5.336995e-08,6.6767934e-05,3
14353045001,27,211.0,4.9100476e-07,6.6767934e-05,3
14370017001,27,152.0,3.479726e-07,6.6767934e-05,3
31421011001,27,65.0,1.5157062e-07,6.6767934e-05,3
12011333001,27,159.0,4.3763467e-07,0.00016691984,3
14023502001,27,8.0,1.7078383e-08,1.6691984e-05,3
14361061001,27,149.0,3.586467e-07,6.6767934e-05,3
14111023001,27,279.0,7.1729437e-07,0.0001001519,3
14311059001,27,173.0,4.1415154e-07,5.007595e-05,3
12212036001,27,52.0,1.1527906e-07,3.3383967e-05,3
31424001001,27,138.0,3.351636e-07,5.007595e-05,3
14243020001,27,262.0,6.831374e-07,0.0001001519,3
14010047001,27,263.0,6.681937e-07,8.345992e-05,3
11062015001,27,93.0,2.0280575e-07,3.3383967e-05,3
14311044001,27,223.0,5.465099e-07,6.6767934e-05,3
31822064001,27,38.0,8.752669e-08,3.3383967e-05,3
14133914001,27,160.0,3.7359032e-07,5.007595e-05,3
12011199001,27,147.0,3.33029e-07,8.345992e-05,3
14102223001,27,107.0,2.5831062e-07,8.345992e-05,3
31501001002,27,64.0,1.5584021e-07,6.6767934e-05,3
14506400001,27,250.0,5.956105e-07,5.007595e-05,3
14023032001,27,402.0,1.1058293e-06,0.00013353587,3
31502032004,27,64.0,1.4303143e-07,3.3383967e-05,3
12103029001,27,53.0,1.1314426e-07,1.6691984e-05,3
12120024001,27,83.0,1.8572737e-07,5.007595e-05,3
11110013001,27,47.0,1.02470274e-07,3.3383967e-05,3
14311084001,27,236.0,5.6572316e-07,5.007595e-05,3
14315008001,27,144.0,3.2662456e-07,5.007595e-05,3
11103084001,27,68.0,1.4943582e-07,3.3383967e-05,3
31660025001,27,23.0,5.5504735e-08,5.007595e-05,3
14620024001,27,251.0,6.297672e-07,8.345992e-05,3
14204005001,27,344.0,9.201012e-07,0.0002003038,3
41300016001,27,2.0,4.269596e-09,1.6691984e-05,3
14300008001,27,295.0,7.215642e-07,6.6767934e-05,3
10014119001,27,55.0,1.2381825e-07,3.3383967e-05,3
12120013001,27,32.0,6.831352e-08,1.6691984e-05,3
14351032001,27,115.0,2.6471506e-07,5.007595e-05,3
11041024001,27,48.0,1.08874666e-07,3.3383967e-05,3
11032222002,27,63.0,1.4303143e-07,3.3383967e-05,3
14010285001,27,240.0,5.998799e-07,6.6767934e-05,3
14361012001,27,233.0,5.934753e-07,0.00013353587,3
14210005001,27,312.0,7.7706915e-07,8.345992e-05,3
11032035001,27,97.0,2.3269291e-07,0.00011684388,3
12011189001,27,59.0,1.4303143e-07,5.007595e-05,3
10023073001,26,2.0,4.269596e-09,1.6691984e-05,3
35750013001,26,11.0,2.3482775e-08,1.6691984e-05,3
31822063001,26,12.0,2.988717e-08,3.3383967e-05,3
31623904001,26,68.0,1.665142e-07,8.345992e-05,3
31802032001,26,61.0,1.3449224e-07,3.3383967e-05,3
14511076001,26,120.0,2.6471503e-07,5.007595e-05,3
14111021001,26,303.0,7.706648e-07,8.345992e-05,3
10002918001,26,46.0,1.0033548e-07,3.3383967e-05,3
14631064001,26,237.0,5.657232e-07,5.007595e-05,3
14511006001,26,72.0,1.5584021e-07,3.3383967e-05,3
14204118001,26,193.0,4.739263e-07,6.6767934e-05,3
12011426001,26,12.0,3.4156763e-08,6.6767934e-05,3
14012103001,26,268.0,6.788679e-07,8.345992e-05,3
14210085001,26,247.0,6.8740684e-07,8.345992e-05,3
14000131001,26,350.0,9.75606e-07,0.0001001519,3
12020028001,26,152.0,3.693207e-07,0.0001001519,3
14242083001,26,208.0,5.251616e-07,6.6767934e-05,3
14226042001,26,127.0,3.1381558e-07,6.6767934e-05,3
14101017001,26,204.0,5.187573e-07,0.00013353587,3
11100017001,26,146.0,3.5224213e-07,6.6767934e-05,3
12011347001,26,40.0,8.5391896e-08,1.6691984e-05,3
11103047001,26,45.0,1.08874666e-07,5.007595e-05,3
11022011001,26,44.0,1.15279065e-07,5.007595e-05,3
14721944001,26,50.0,1.1100946e-07,5.007595e-05,3
14506211001,26,212.0,5.123527e-07,0.0001001519,3
14001136001,26,143.0,3.2448975e-07,5.007595e-05,3
14023256001,26,321.0,8.0695656e-07,8.345992e-05,3
14621004001,26,78.0,1.7078379e-07,3.3383967e-05,3
14227002001,26,228.0,6.148234e-07,6.6767934e-05,3
14509035001,26,0.0,0.0,0.0,3
14101081001,26,285.0,8.0055173e-07,0.00013353587,3
11100007001,26,7.0,1.4943586e-08,1.6691984e-05,3
12122030001,26,71.0,1.5797501e-07,3.3383967e-05,3
12130042001,26,41.0,9.606588e-08,6.6767934e-05,3
10023005001,26,10.0,2.1347978e-08,1.6691984e-05,3
14120024001,26,330.0,9.030227e-07,6.6767934e-05,3
14121130001,26,291.0,8.069561e-07,0.0001001519,3
12122018001,26,56.0,1.4303143e-07,6.6767934e-05,3
12000408001,26,40.0,8.752669e-08,3.3383967e-05,3
14111120001,26,303.0,8.261694e-07,8.345992e-05,3
14210067001,26,245.0,6.681936e-07,0.0001001519,3
14020935001,26,231.0,5.828014e-07,6.6767934e-05,3
14506038001,26,193.0,4.5684772e-07,6.6767934e-05,3
14304194001,26,100.0,2.2415372e-07,3.3383967e-05,3
14810031001,26,253.0,6.084194e-07,8.345992e-05,3
14352069001,26,146.0,3.43703e-07,8.345992e-05,3
12011365001,26,151.0,4.2909545e-07,0.00018361182,3
14741010001,26,154.0,3.586466e-07,5.007595e-05,3
12000359001,26,55.0,1.2381825e-07,3.3383967e-05,3
11021026001,26,34.0,7.8987505e-08,6.6767934e-05,3
31501901004,26,100.0,2.4550172e-07,3.3383967e-05,3
11050093001,26,51.0,1.2168346e-07,0.0001001519,3
14011016001,26,172.0,4.4403885e-07,6.6767934e-05,3
11032018002,26,125.0,3.0314166e-07,0.0001001519,3
12121037001,25,51.0,1.1100946e-07,3.3383967e-05,3
14220019001,25,305.0,8.304389e-07,0.00011684388,3
14121039001,25,288.0,7.3650756e-07,8.345992e-05,3
14311236001,25,260.0,6.66059e-07,0.00011684388,3
14620111001,25,230.0,6.3617125e-07,0.00015022785,3
14361096001,25,221.0,5.337009e-07,6.6767934e-05,3
14311118001,25,232.0,5.593187e-07,5.007595e-05,3
14361159001,25,151.0,3.671859e-07,8.345992e-05,3
10022916001,25,84.0,1.9213176e-07,3.3383967e-05,3
14001089001,25,346.0,1.0311109e-06,8.345992e-05,3
31504002001,25,74.0,1.622446e-07,3.3383967e-05,3
14211038001,25,220.0,5.4650974e-07,5.007595e-05,3
12011215001,25,78.0,1.7505339e-07,3.3383967e-05,3
10022915001,25,50.0,1.08874666e-07,3.3383967e-05,3
12012037001,25,38.0,8.752669e-08,5.007595e-05,3
11050094001,25,5.0,1.067399e-08,1.6691984e-05,3
12123069001,25,167.0,3.99208e-07,6.6767934e-05,3
14113013001,25,271.0,6.532505e-07,6.6767934e-05,3
14621051001,25,284.0,7.0662037e-07,8.345992e-05,3
14020956001,25,235.0,5.828015e-07,8.345992e-05,3
14611901001,25,164.0,3.99208e-07,6.6767934e-05,3
11050064001,25,71.0,1.5584021e-07,5.007595e-05,3
14521168001,25,183.0,4.6111725e-07,0.00015022785,3
14353040001,25,151.0,3.3089415e-07,3.3383967e-05,3
12220006001,25,18.0,3.8426357e-08,1.6691984e-05,3
14120014001,25,285.0,8.048212e-07,0.0001001519,3
31422011001,25,128.0,2.8819792e-07,5.007595e-05,3
14512916001,25,99.0,2.1988413e-07,3.3383967e-05,3
14720030001,25,70.0,1.5370541e-07,3.3383967e-05,3
14100005001,25,256.0,6.254977e-07,6.6767934e-05,3
14711014001,25,155.0,3.6078146e-07,5.007595e-05,3
14243016001,25,242.0,5.721277e-07,0.0001001519,3
11100010001,25,91.0,2.0067095e-07,3.3383967e-05,3
14200060001,25,120.0,2.6898468e-07,6.6767934e-05,3
14300046001,25,220.0,4.9740936e-07,5.007595e-05,3
11075013001,25,100.0,2.2201893e-07,3.3383967e-05,3
14633938001,25,38.0,8.32571e-08,3.3383967e-05,3
11032228001,25,47.0,1.0673987e-07,5.007595e-05,3
14503047001,25,180.0,4.5684766e-07,8.345992e-05,3
14313902001,25,43.0,1.02470274e-07,5.007595e-05,3
10014214001,25,54.0,1.1527906e-07,1.6691984e-05,3
14000005001,25,262.0,6.575197e-07,6.6767934e-05,3
11103195001,25,31.0,8.96615e-08,0.00011684388,3
14350006001,25,125.0,2.8179355e-07,3.3383967e-05,3
12105049001,25,178.0,4.0347774e-07,6.6767934e-05,3
14330042001,25,46.0,1.0033548e-07,3.3383967e-05,3
14523028001,25,177.0,4.6538673e-07,0.00013353587,3
14621048001,25,205.0,4.9100464e-07,6.6767934e-05,3
14361009001,25,334.0,8.347091e-07,6.6767934e-05,3
14225056001,25,140.0,3.202201e-07,5.007595e-05,3
14632005001,25,249.0,6.2122797e-07,6.6767934e-05,3
14315004001,25,110.0,2.6471506e-07,0.00016691984,3
12123005001,25,107.0,2.3909732e-07,5.007595e-05,3
14011033001,25,176.0,4.6538696e-07,8.345992e-05,3
11030031001,25,103.0,2.4123213e-07,5.007595e-05,3
11041019001,25,81.0,1.8145778e-07,5.007595e-05,3
12001109001,25,217.0,4.9100487e-07,6.6767934e-05,3
14111058001,25,273.0,7.4291205e-07,6.6767934e-05,3
10041045001,24,44.0,9.3931085e-08,1.6691984e-05,3
14210010001,24,207.0,4.9740925e-07,5.007595e-05,3
15023038001,24,4.0,8.539192e-09,1.6691984e-05,3
10040059001,24,1.0,2.134798e-09,1.6691984e-05,3
10041036001,24,2.0,4.269596e-09,1.6691984e-05,3
15022014001,24,0.0,0.0,0.0,3
15023036001,24,7.0,1.4943586e-08,1.6691984e-05,3
10041014001,24,0.0,0.0,0.0,3
12151012001,24,5.0,1.067399e-08,1.6691984e-05,3
10035027001,24,61.0,1.3235744e-07,3.3383967e-05,3
14204137001,24,213.0,5.401053e-07,6.6767934e-05,3
10031909001,24,3.0,6.4043935e-09,1.6691984e-05,3
10040069001,24,10.0,2.1347978e-08,1.6691984e-05,3
10040072001,24,7.0,1.4943586e-08,1.6691984e-05,3
12123127001,24,45.0,1.1527906e-07,0.0001001519,3
10041087001,24,7.0,1.4943586e-08,1.6691984e-05,3
12210038001,24,20.0,4.269595e-08,1.6691984e-05,3
12121109001,24,63.0,1.4089663e-07,5.007595e-05,3
14833082001,24,111.0,2.6684978e-07,5.007595e-05,3
14840005001,24,15.0,3.2021966e-08,1.6691984e-05,3
12327028001,24,8.0,1.7078383e-08,1.6691984e-05,3
12020093001,24,107.0,2.4123213e-07,5.007595e-05,3
12327018001,24,0.0,0.0,0.0,3
12123018001,24,33.0,7.685271e-08,3.3383967e-05,3
14120060001,24,221.0,6.062842e-07,8.345992e-05,3
14852008001,24,29.0,7.258311e-08,3.3383967e-05,3
14852015001,24,11.0,2.7752373e-08,3.3383967e-05,3
14852016001,24,19.0,4.269595e-08,3.3383967e-05,3
14852031001,24,40.0,8.966149e-08,3.3383967e-05,3
14852904001,24,0.0,0.0,0.0,3
12220029001,24,7.0,1.4943586e-08,1.6691984e-05,3
12220016001,24,89.0,1.9853616e-07,3.3383967e-05,3
12123110001,24,35.0,8.32571e-08,5.007595e-05,3
12121059001,24,113.0,2.7965874e-07,8.345992e-05,3
11112007001,24,20.0,4.269595e-08,1.6691984e-05,3
14853047001,24,0.0,0.0,0.0,3
14853049001,24,3.0,6.4043935e-09,1.6691984e-05,3
10023892001,24,35.0,7.8987505e-08,3.3383967e-05,3
14242145001,24,304.0,7.6639526e-07,6.6767934e-05,3
10020093001,24,0.0,0.0,0.0,3
32504025003,24,7.0,4.696555e-08,6.6767934e-05,3
10014055001,24,13.0,2.775237e-08,1.6691984e-05,3
12010107001,24,61.0,1.3235744e-07,3.3383967e-05,3
14633036001,24,71.0,1.665142e-07,3.3383967e-05,3
14412037001,24,2.0,4.269596e-09,1.6691984e-05,3
12023084001,24,19.0,5.977433e-08,8.345992e-05,3
12010105001,24,66.0,1.4089663e-07,1.6691984e-05,3
12005093008,24,83.0,1.9426656e-07,6.6767934e-05,3
11041017001,24,111.0,2.6258024e-07,0.0001001519,3
14633021001,24,187.0,4.568476e-07,5.007595e-05,3
14111053001,24,20.0,4.269595e-08,1.6691984e-05,3
11103111001,24,122.0,2.8392833e-07,6.6767934e-05,3
14830039001,24,49.0,1.0673987e-07,3.3383967e-05,3
11022031001,24,67.0,1.5157062e-07,3.3383967e-05,3
12011117001,24,57.0,1.2381825e-07,3.3383967e-05,3
14830013001,24,43.0,9.3931085e-08,3.3383967e-05,3
11040040001,24,88.0,2.1347974e-07,5.007595e-05,3
31543028001,24,46.0,1.02470274e-07,3.3383967e-05,3
14104193001,24,360.0,9.521232e-07,6.6767934e-05,3
12010068001,24,81.0,2.4763656e-07,0.00013353587,3
14510253001,24,73.0,1.665142e-07,3.3383967e-05,3
14621058001,24,152.0,3.5010746e-07,5.007595e-05,3
14304009001,24,50.0,1.1527906e-07,5.007595e-05,3
14204150001,24,172.0,4.1201685e-07,6.6767934e-05,3
10016018001,24,0.0,0.0,0.0,3
14620081001,24,15.0,3.4156763e-08,3.3383967e-05,3
10002039001,24,0.0,0.0,0.0,3
10013004001,24,40.0,9.179629e-08,5.007595e-05,3
12102060001,24,12.0,2.5617572e-08,1.6691984e-05,3
14830049001,24,126.0,2.817935e-07,5.007595e-05,3
14506372001,24,176.0,4.290951e-07,5.007595e-05,3
11050123001,24,18.0,3.8426357e-08,1.6691984e-05,3
14310020001,24,31.0,6.617872e-08,1.6691984e-05,3
14222089001,24,328.0,9.606622e-07,8.345992e-05,3
10014027001,24,4.0,8.539192e-09,1.6691984e-05,3
10014062001,24,19.0,4.0561154e-08,1.6691984e-05,3
14200085001,24,236.0,5.7853197e-07,6.6767934e-05,3
31503003001,24,37.0,8.11223e-08,3.3383967e-05,3
12034094001,24,7.0,1.7078383e-08,3.3383967e-05,3
12023331001,24,44.0,1.1314427e-07,0.0001001519,3
11051019001,24,42.0,9.3931085e-08,3.3383967e-05,3
14602062001,24,278.0,6.7459837e-07,6.6767934e-05,3
12103144001,24,62.0,1.3876183e-07,5.007595e-05,3
14110028001,24,197.0,4.910047e-07,6.6767934e-05,3
11104006001,24,129.0,2.8819795e-07,6.6767934e-05,3
12101043001,24,78.0,1.7932298e-07,5.007595e-05,3
14501944001,24,222.0,5.3370087e-07,6.6767934e-05,3
11110091001,24,55.0,1.2168346e-07,3.3383967e-05,3
11110029001,23,134.0,3.266245e-07,0.00011684388,3
14500059001,23,211.0,5.016788e-07,8.345992e-05,3
31568016001,23,149.0,3.8639894e-07,0.0002003038,3
11030032001,23,104.0,2.369625e-07,5.007595e-05,3
14210046001,23,160.0,3.5651192e-07,3.3383967e-05,3
14512013001,23,170.0,4.120168e-07,0.0001001519,3
11103014001,23,129.0,3.0100676e-07,5.007595e-05,3
14010160001,23,171.0,4.0347766e-07,5.007595e-05,3
31423001001,23,67.0,1.4730102e-07,3.3383967e-05,3
14500029001,23,182.0,4.5257806e-07,8.345992e-05,3
11030066001,23,72.0,1.622446e-07,3.3383967e-05,3
14500028001,23,251.0,6.3617165e-07,6.6767934e-05,3
14616038001,23,107.0,2.4336694e-07,3.3383967e-05,3
30450011001,23,37.0,7.8987505e-08,1.6691984e-05,3
14010195001,23,248.0,6.148237e-07,6.6767934e-05,3
14822021001,23,163.0,3.9280346e-07,6.6767934e-05,3
14103070001,23,245.0,6.297671e-07,6.6767934e-05,3
12010209001,23,182.0,4.5257818e-07,8.345992e-05,3
12000016001,23,155.0,3.5651186e-07,5.007595e-05,3
14604027001,23,92.0,2.0280575e-07,3.3383967e-05,3
14510287001,23,114.0,2.4977138e-07,3.3383967e-05,3
14700007001,23,142.0,3.6078123e-07,8.345992e-05,3
14633045001,23,127.0,3.0741123e-07,6.6767934e-05,3
12000124001,23,94.0,2.2201893e-07,6.6767934e-05,3
11062026001,23,85.0,1.9426656e-07,3.3383967e-05,3
12000081001,23,138.0,3.0741126e-07,3.3383967e-05,3
14621003001,23,195.0,4.6111742e-07,5.007595e-05,3
14226020001,23,118.0,2.9246755e-07,5.007595e-05,3
14506397001,23,91.0,2.1561453e-07,8.345992e-05,3
11102003001,23,77.0,1.7078379e-07,3.3383967e-05,3
31500030001,23,105.0,2.4550175e-07,8.345992e-05,3
14243107001,23,203.0,4.8033064e-07,5.007595e-05,3
14741014001,23,176.0,4.077471e-07,5.007595e-05,3
14631043001,23,111.0,2.4336694e-07,3.3383967e-05,3
11103279001,23,55.0,1.3022265e-07,5.007595e-05,3
14853031001,23,10.0,2.5617576e-08,3.3383967e-05,3
14353017001,23,84.0,1.8359258e-07,3.3383967e-05,3
31420014001,23,170.0,3.821296e-07,5.007595e-05,3
14242081001,23,244.0,6.5965435e-07,0.00011684388,3
14631047001,23,104.0,2.3909732e-07,5.007595e-05,3
12011252001,23,124.0,2.753891e-07,6.6767934e-05,3
14361137001,23,191.0,4.7179142e-07,0.00011684388,3
12011136001,23,139.0,3.5864667e-07,8.345992e-05,3
14223005001,23,370.0,9.926846e-07,0.00013353587,3
31421038001,23,71.0,1.7078379e-07,6.6767934e-05,3
32504043005,23,7.0,3.4156763e-08,5.007595e-05,3
14362898001,23,117.0,2.7325427e-07,5.007595e-05,3
14204148001,23,145.0,3.4797256e-07,6.6767934e-05,3
31421039001,23,51.0,1.2168346e-07,6.6767934e-05,3
14010033001,23,255.0,6.703286e-07,6.6767934e-05,3
14201020001,23,154.0,3.458379e-07,5.007595e-05,3
14111017001,23,262.0,7.663948e-07,0.0001001519,3
12011109001,23,147.0,3.4370296e-07,6.6767934e-05,3
14022060001,23,200.0,4.7392646e-07,5.007595e-05,3
11111020001,23,109.0,2.604454e-07,6.6767934e-05,3
14244025001,23,104.0,2.3909732e-07,5.007595e-05,3
14332002001,23,40.0,8.5391896e-08,1.6691984e-05,3
14802001001,23,107.0,2.369625e-07,3.3383967e-05,3
11070016001,23,91.0,2.1561453e-07,6.6767934e-05,3
14600020001,23,197.0,4.910047e-07,6.6767934e-05,3
14200088001,22,272.0,6.938116e-07,6.6767934e-05,3
14242150001,22,201.0,5.2943125e-07,8.345992e-05,3
14330020001,22,70.0,1.4943582e-07,1.6691984e-05,3
14330004001,22,74.0,1.5797501e-07,1.6691984e-05,3
11050087001,22,81.0,1.8145778e-07,3.3383967e-05,3
12000197001,22,31.0,7.0448316e-08,5.007595e-05,3
14509005001,22,209.0,4.7606125e-07,8.345992e-05,3
14023019001,22,261.0,6.340371e-07,6.6767934e-05,3
14360042001,22,173.0,4.0561238e-07,3.3383967e-05,3
14204090001,22,149.0,3.308942e-07,6.6767934e-05,3
14508898001,22,175.0,4.290952e-07,5.007595e-05,3
14204127001,22,23.0,4.9100343e-08,1.6691984e-05,3
11103284001,22,88.0,2.0280575e-07,6.6767934e-05,3
31623898001,22,47.0,1.02470274e-07,3.3383967e-05,3
12102058001,22,72.0,1.5584021e-07,3.3383967e-05,3
12034067001,22,68.0,1.4730102e-07,3.3383967e-05,3
14022166001,22,237.0,5.6785797e-07,5.007595e-05,3
14243010001,22,175.0,4.1842122e-07,6.6767934e-05,3
12010084001,22,124.0,3.2448975e-07,0.00011684388,3
31675999002,22,6.0,2.134798e-08,8.345992e-05,3
14243013001,22,175.0,4.2696044e-07,6.6767934e-05,3
14503999001,22,212.0,5.998795e-07,0.00011684388,3
14311119001,22,82.0,1.8999697e-07,5.007595e-05,3
14222044001,22,63.0,1.4730102e-07,8.345992e-05,3
11041002001,22,74.0,1.665142e-07,5.007595e-05,3
11050040001,22,97.0,2.1134494e-07,5.007595e-05,3
14616022001,22,118.0,2.7325422e-07,5.007595e-05,3
10002038001,22,101.0,2.2842332e-07,5.007595e-05,3
12011115001,22,45.0,9.820068e-08,3.3383967e-05,3
14244073001,22,125.0,2.8819792e-07,3.3383967e-05,3
14204028001,22,171.0,3.9493838e-07,5.007595e-05,3
12002126001,22,110.0,2.4550175e-07,6.6767934e-05,3
12106044001,22,113.0,2.561758e-07,6.6767934e-05,3
14240008001,22,99.0,2.3269291e-07,3.3383967e-05,3
14000092001,22,210.0,5.2302676e-07,5.007595e-05,3
12106064001,22,93.0,2.1561453e-07,5.007595e-05,3
11022025001,22,122.0,2.796587e-07,3.3383967e-05,3
11040008001,22,65.0,1.5584021e-07,8.345992e-05,3
14000102001,22,243.0,6.340368e-07,6.6767934e-05,3
14203061001,22,98.0,2.3482771e-07,6.6767934e-05,3
12011263001,22,79.0,1.7291859e-07,3.3383967e-05,3
14312001001,22,47.0,1.0460507e-07,5.007595e-05,3
14610007001,22,157.0,3.9707288e-07,5.007595e-05,3
12020222001,22,2.0,6.4043935e-09,3.3383967e-05,3
12011148001,22,60.0,1.5157062e-07,6.6767934e-05,3
12011150001,22,101.0,2.3269291e-07,5.007595e-05,3
12021923001,22,2.0,6.4043935e-09,3.3383967e-05,3
12110028001,22,64.0,1.4089663e-07,3.3383967e-05,3
11110078003,22,67.0,1.5157062e-07,5.007595e-05,3
14507042001,22,108.0,2.3482771e-07,3.3383967e-05,3
14001096001,22,281.0,6.852724e-07,5.007595e-05,3
14510205001,22,162.0,3.6291635e-07,5.007595e-05,3
12120018001,22,61.0,1.5157062e-07,8.345992e-05,3
11103272001,22,80.0,1.8145778e-07,6.6767934e-05,3
14631028001,22,139.0,3.2662444e-07,5.007595e-05,3
11111030001,22,93.0,2.1774933e-07,5.007595e-05,3
12106016002,22,54.0,1.17413855e-07,3.3383967e-05,3
32431035001,22,48.0,1.02470274e-07,1.6691984e-05,3
14507076001,22,145.0,3.3516372e-07,5.007595e-05,3
14822009001,22,128.0,3.0527627e-07,8.345992e-05,3
12000108001,22,130.0,3.2662453e-07,8.345992e-05,3
14133902001,22,166.0,4.2269082e-07,6.6767934e-05,3
12023108001,22,52.0,1.2808785e-07,6.6767934e-05,3
14104073001,22,319.0,8.88079e-07,8.345992e-05,3
11110018001,22,97.0,2.4123213e-07,0.00011684388,3
14222025001,22,254.0,6.9808095e-07,0.00011684388,3
14010192001,22,292.0,7.621254e-07,6.6767934e-05,3
31533891001,22,103.0,2.4336694e-07,6.6767934e-05,3
14200019001,22,131.0,3.074112e-07,6.6767934e-05,3
12122005001,22,45.0,1.02470274e-07,5.007595e-05,3
14822062001,22,272.0,7.5572063e-07,0.00011684388,3
12201130001,22,74.0,1.68649e-07,5.007595e-05,3
12020339001,22,144.0,3.2022015e-07,3.3383967e-05,3
11103074001,22,68.0,1.4730102e-07,3.3383967e-05,3
11075001001,22,52.0,1.1314426e-07,3.3383967e-05,3
11030020001,22,116.0,2.583106e-07,3.3383967e-05,3
65103009001,21,189.0,4.739263e-07,8.345992e-05,3
14510026001,21,150.0,3.43703e-07,5.007595e-05,3
10014005001,21,26.0,5.5504735e-08,1.6691984e-05,3
12000350001,21,93.0,2.0494055e-07,3.3383967e-05,3
11075004001,21,35.0,7.685271e-08,3.3383967e-05,3
14602050001,21,103.0,2.2628852e-07,3.3383967e-05,3
11042007001,21,72.0,1.5370541e-07,1.6691984e-05,3
14223247001,21,272.0,6.8740707e-07,8.345992e-05,3
12000377001,21,116.0,2.6898465e-07,5.007595e-05,3
14506014001,21,288.0,6.980814e-07,6.6767934e-05,3
15020911001,21,3.0,6.4043935e-09,1.6691984e-05,3
14223073001,21,256.0,6.5751976e-07,6.6767934e-05,3
12022096001,21,41.0,8.752669e-08,1.6691984e-05,3
41522092001,21,9.0,1.921318e-08,1.6691984e-05,3
12151015001,21,137.0,3.0527644e-07,6.6767934e-05,3
14612015001,21,206.0,4.6752191e-07,5.007595e-05,3
14210017001,21,232.0,5.742623e-07,6.6767934e-05,3
14506053001,21,178.0,4.4617354e-07,0.0001001519,3
12000045001,21,129.0,3.116809e-07,6.6767934e-05,3
14632059001,21,121.0,2.732543e-07,6.6767934e-05,3
11032003002,21,73.0,1.665142e-07,0.0001001519,3
12000051001,21,23.0,5.123514e-08,3.3383967e-05,3
32504025005,21,7.0,4.696555e-08,6.6767934e-05,3
14225023001,21,106.0,2.3269291e-07,3.3383967e-05,3
14244092001,21,163.0,3.7572516e-07,5.007595e-05,3
14333006001,21,24.0,5.123514e-08,1.6691984e-05,3
12003028001,21,90.0,2.0280575e-07,3.3383967e-05,3
14103051001,21,213.0,5.358357e-07,6.6767934e-05,3
14506145001,21,226.0,5.4224023e-07,5.007595e-05,3
12106013001,21,101.0,2.2415372e-07,3.3383967e-05,3
14000106001,21,235.0,5.977451e-07,5.007595e-05,3
14611001001,21,210.0,5.5077925e-07,0.0001001519,3
14611025001,21,97.0,2.1774933e-07,3.3383967e-05,3
14601065001,21,247.0,5.956104e-07,0.0001001519,3
14013007001,21,319.0,8.7953964e-07,0.0001001519,3
14002039001,21,305.0,7.343732e-07,6.6767934e-05,3
31531021001,21,51.0,1.08874666e-07,1.6691984e-05,3
31611047001,21,57.0,1.2595305e-07,3.3383967e-05,3
14851057001,21,29.0,6.617872e-08,5.007595e-05,3
11062023001,21,68.0,1.4943582e-07,3.3383967e-05,3
11070002001,21,103.0,2.2415372e-07,3.3383967e-05,3
31568028001,21,141.0,3.5651158e-07,0.00018361182,3
14412023001,21,21.0,4.483075e-08,1.6691984e-05,3
14003010001,21,233.0,5.4650997e-07,5.007595e-05,3
14620046001,21,21.0,4.483075e-08,1.6691984e-05,3
14242013001,21,58.0,1.3235744e-07,3.3383967e-05,3
12000101001,21,60.0,1.3235744e-07,5.007595e-05,3
14310134001,21,15.0,3.4156763e-08,3.3383967e-05,3
14615048001,21,42.0,8.966149e-08,1.6691984e-05,3
12103899001,21,55.0,1.1954866e-07,3.3383967e-05,3
14370055001,21,64.0,1.4516623e-07,5.007595e-05,3
12327084001,21,33.0,7.471791e-08,3.3383967e-05,3
11010115001,21,122.0,2.6684987e-07,3.3383967e-05,3
14242008001,21,170.0,4.0774722e-07,5.007595e-05,3
11071033001,21,89.0,1.9853616e-07,3.3383967e-05,3
14602107001,21,158.0,3.7145546e-07,6.6767934e-05,3
14312056001,21,56.0,1.2381825e-07,3.3383967e-05,3
14721943001,21,10.0,2.5617574e-08,5.007595e-05,3
14210089001,21,121.0,2.903328e-07,5.007595e-05,3
12125001001,21,116.0,2.711195e-07,0.0001001519,3
12011074001,21,65.0,1.4089663e-07,3.3383967e-05,3
14731905001,21,95.0,2.1347974e-07,3.3383967e-05,3
11104005001,21,141.0,3.159505e-07,5.007595e-05,3
11111012001,21,87.0,2.0707535e-07,8.345992e-05,3
31823049001,21,7.0,1.7078383e-08,3.3383967e-05,3
14001055001,21,150.0,3.6505097e-07,5.007595e-05,3
14741003001,21,191.0,4.5471305e-07,6.6767934e-05,3
14111028001,21,319.0,8.496524e-07,0.0001001519,3
12105067001,21,84.0,1.9640136e-07,8.345992e-05,3
12220011001,21,77.0,1.7078379e-07,6.6767934e-05,3
11031050001,21,31.0,6.617872e-08,1.6691984e-05,3
14621078001,21,105.0,2.4336694e-07,5.007595e-05,3
14361146001,21,300.0,7.599904e-07,0.00011684388,3
14000125001,21,107.0,2.369625e-07,3.3383967e-05,3
31563008001,21,13.0,2.775237e-08,1.6691984e-05,3
14613899001,20,175.0,4.3123003e-07,6.6767934e-05,3
11041028001,20,37.0,8.752669e-08,5.007595e-05,3
10040089001,20,2.0,4.269596e-09,1.6691984e-05,3
10040080001,20,3.0,6.4043935e-09,1.6691984e-05,3
10040078001,20,8.0,1.7078383e-08,1.6691984e-05,3
14721003001,20,60.0,1.2808785e-07,1.6691984e-05,3
11022032001,20,56.0,1.2381825e-07,3.3383967e-05,3
14000067001,20,345.0,1.0140326e-06,0.0001001519,3
14632009001,20,195.0,4.7819566e-07,5.007595e-05,3
14002026001,20,224.0,5.97745e-07,8.345992e-05,3
14000210001,20,284.0,7.6426005e-07,0.0001001519,3
14111098001,20,247.0,6.425761e-07,8.345992e-05,3
11110078004,20,92.0,2.1347974e-07,5.007595e-05,3
11021030001,20,86.0,1.8999697e-07,3.3383967e-05,3
12002949001,20,27.0,1.08874666e-07,5.007595e-05,3
30000048001,20,127.0,2.7965868e-07,5.007595e-05,3
14001020001,20,100.0,2.3055811e-07,3.3383967e-05,3
14002046001,20,278.0,7.087551e-07,8.345992e-05,3
14204051001,20,195.0,4.632523e-07,6.6767934e-05,3
14244084001,20,13.0,2.775237e-08,1.6691984e-05,3
14312027001,20,122.0,2.796587e-07,3.3383967e-05,3
14200089001,20,205.0,5.102179e-07,8.345992e-05,3
14100007001,20,182.0,4.5471285e-07,5.007595e-05,3
14740016001,20,101.0,2.2201893e-07,3.3383967e-05,3
14615052001,20,147.0,3.43703e-07,5.007595e-05,3
12005093005,20,73.0,1.68649e-07,6.6767934e-05,3
14022069001,20,235.0,6.340366e-07,8.345992e-05,3
12211005001,20,123.0,2.753891e-07,5.007595e-05,3
14021090001,20,334.0,8.368437e-07,8.345992e-05,3
12010019001,20,41.0,9.179629e-08,5.007595e-05,3
14510015001,20,96.0,2.1347974e-07,3.3383967e-05,3
14612035001,20,187.0,4.5044328e-07,5.007595e-05,3
12011473001,20,141.0,3.180852e-07,5.007595e-05,3
14600032001,20,106.0,2.3482771e-07,3.3383967e-05,3
11050101001,20,45.0,9.606588e-08,1.6691984e-05,3
12010163001,20,131.0,2.9460236e-07,5.007595e-05,3
14850126001,20,15.0,3.4156763e-08,3.3383967e-05,3
11030029001,20,80.0,1.7718818e-07,6.6767934e-05,3
12000223001,20,139.0,3.2022004e-07,6.6767934e-05,3
14615013001,20,171.0,3.8853398e-07,3.3383967e-05,3
14822038001,20,96.0,2.2628852e-07,5.007595e-05,3
12011058001,20,156.0,3.607815e-07,5.007595e-05,3
12201099001,20,9.0,1.921318e-08,1.6691984e-05,3
14111067001,20,190.0,4.803306e-07,6.6767934e-05,3
14509028001,20,165.0,3.9920778e-07,5.007595e-05,3
12002013001,20,45.0,1.0033548e-07,3.3383967e-05,3
11040018001,20,24.0,5.123514e-08,1.6691984e-05,3
10023114001,20,6.0,2.1347978e-08,6.6767934e-05,3
31426001001,20,77.0,1.7078379e-07,5.007595e-05,3
32504043002,20,7.0,4.269595e-08,6.6767934e-05,3
12103020001,20,15.0,3.2021966e-08,1.6691984e-05,3
12125006001,20,79.0,1.7505339e-07,3.3383967e-05,3
31255010001,20,93.0,2.2842332e-07,5.007595e-05,3
12020324001,20,79.0,1.7718818e-07,3.3383967e-05,3
12002006001,20,65.0,1.4943582e-07,3.3383967e-05,3
14352059001,20,94.0,2.1134494e-07,3.3383967e-05,3
12130034001,20,25.0,5.5504735e-08,3.3383967e-05,3
41301008002,20,1.0,2.134798e-09,1.6691984e-05,3
14223295001,20,199.0,4.6965678e-07,5.007595e-05,3
12120060001,20,50.0,1.1527906e-07,3.3383967e-05,3
31230005001,20,30.0,6.4043924e-08,1.6691984e-05,3
10023049001,20,41.0,8.752669e-08,1.6691984e-05,3
10015005001,20,15.0,3.2021966e-08,1.6691984e-05,3
32504025002,20,7.0,4.696555e-08,6.6767934e-05,3
14223119001,20,244.0,6.447108e-07,8.345992e-05,3
11103179001,20,99.0,2.2628852e-07,0.0001001519,3
12121066001,20,36.0,7.8987505e-08,3.3383967e-05,3
12001026001,20,110.0,2.4977138e-07,3.3383967e-05,3
12020035001,20,75.0,1.601098e-07,1.6691984e-05,3
12122055001,20,49.0,1.1527906e-07,3.3383967e-05,3
11050003001,20,65.0,1.4303143e-07,3.3383967e-05,3
14602063001,20,148.0,5.486438e-07,0.0001001519,3
11103031001,20,91.0,2.0067095e-07,6.6767934e-05,3
12122015001,20,27.0,5.977433e-08,3.3383967e-05,3
11040003001,20,55.0,1.2168346e-07,5.007595e-05,3
11103054002,20,89.0,1.9213176e-07,3.3383967e-05,3
12020003001,20,28.0,5.977433e-08,1.6691984e-05,3
12123099001,20,7.0,1.4943586e-08,1.6691984e-05,3
11100019001,20,101.0,2.4336694e-07,6.6767934e-05,3
12100002001,20,64.0,1.3876183e-07,3.3383967e-05,3
11100015001,20,148.0,3.4156812e-07,6.6767934e-05,3
12121067001,20,47.0,1.1527906e-07,3.3383967e-05,3
14616021001,20,131.0,3.266244e-07,5.007595e-05,3
12123031001,20,67.0,1.665142e-07,5.007595e-05,3
14213055001,20,42.0,9.179629e-08,3.3383967e-05,3
14350011001,20,62.0,1.3876183e-07,3.3383967e-05,3
31502012001,20,33.0,7.685271e-08,3.3383967e-05,3
12112003001,20,91.0,1.9853616e-07,3.3383967e-05,3
14509027001,20,135.0,3.1595047e-07,6.6767934e-05,3
14505958001,20,99.0,2.2415372e-07,3.3383967e-05,3
14616018001,20,93.0,2.0494055e-07,3.3383967e-05,3
14620092001,20,87.0,1.9426656e-07,3.3383967e-05,3
12105066001,20,98.0,2.1347974e-07,3.3383967e-05,3
11074018001,20,36.0,1.0887467e-07,0.00011684388,3
14362900001,20,162.0,3.7145549e-07,5.007595e-05,3
14601051001,19,291.0,7.2369875e-07,6.6767934e-05,3
11100003001,19,52.0,1.3022265e-07,5.007595e-05,3
11022001001,19,91.0,2.1988413e-07,5.007595e-05,3
14616060001,19,44.0,9.820068e-08,3.3383967e-05,3
12011172001,19,112.0,2.4977138e-07,5.007595e-05,3
10031899001,19,119.0,2.753891e-07,3.3383967e-05,3
12011275001,19,122.0,3.5010746e-07,0.00015022785,3
14222141001,19,254.0,5.956105e-07,5.007595e-05,3
14311041001,19,55.0,1.2168346e-07,3.3383967e-05,3
14300070001,19,80.0,1.7291859e-07,3.3383967e-05,3
14511022001,19,89.0,2.1561453e-07,6.6767934e-05,3
11010022001,19,42.0,1.06739876e-07,6.6767934e-05,3
14620909001,19,140.0,3.2235485e-07,3.3383967e-05,3
14000072001,19,261.0,6.724635e-07,8.345992e-05,3
12011268001,19,114.0,2.6258024e-07,5.007595e-05,3
11032026001,19,17.0,4.056115e-08,5.007595e-05,3
33551004001,19,90.0,1.9640136e-07,3.3383967e-05,3
14223008001,19,167.0,4.2482563e-07,6.6767934e-05,3
10023093001,19,69.0,1.4730102e-07,1.6691984e-05,3
14506033001,19,102.0,2.2842332e-07,3.3383967e-05,3
11061011001,19,105.0,2.4123213e-07,5.007595e-05,3
14012025001,19,224.0,5.465098e-07,5.007595e-05,3
12100069001,19,36.0,7.8987505e-08,3.3383967e-05,3
14111040001,19,113.0,2.6044543e-07,5.007595e-05,3
11030177001,19,90.0,1.9853616e-07,3.3383967e-05,3
14361022001,19,91.0,2.0494055e-07,3.3383967e-05,3
31912019001,19,138.0,3.1595047e-07,5.007595e-05,3
14833084001,19,183.0,4.2696047e-07,5.007595e-05,3
14620107001,19,77.0,1.7078379e-07,3.3383967e-05,3
14241002001,19,123.0,3.0100682e-07,6.6767934e-05,3
14611015001,19,101.0,2.3482771e-07,3.3383967e-05,3
14204077001,19,205.0,5.5718357e-07,0.0001001519,3
14200129001,19,239.0,5.6572304e-07,5.007595e-05,3
12152062001,19,3.0,6.4043935e-09,1.6691984e-05,3
12010071001,19,76.0,1.7078379e-07,5.007595e-05,3
32410102001,19,18.0,4.483075e-08,5.007595e-05,3
32431010001,19,8.0,1.7078383e-08,1.6691984e-05,3
14312029001,19,90.0,1.9853616e-07,5.007595e-05,3
14012012001,19,129.0,2.9673723e-07,6.6767934e-05,3
14110145001,19,281.0,7.6426e-07,0.00011684388,3
14301027001,19,50.0,1.1314426e-07,5.007595e-05,3
14000099001,19,114.0,2.6898468e-07,5.007595e-05,3
11062019001,19,155.0,3.4156827e-07,5.007595e-05,3
12004016001,19,29.0,6.190913e-08,1.6691984e-05,3
14506631001,19,280.0,7.215642e-07,6.6767934e-05,3
14510005001,19,64.0,1.3876183e-07,3.3383967e-05,3
14601073001,19,76.0,1.68649e-07,5.007595e-05,3
35751018001,19,29.0,6.190913e-08,1.6691984e-05,3
14242010001,19,181.0,4.504433e-07,5.007595e-05,3
14311054001,19,144.0,3.3089412e-07,3.3383967e-05,3
14212013001,19,162.0,3.9280343e-07,5.007595e-05,3
11030018001,19,77.0,1.7078379e-07,5.007595e-05,3
14822023001,19,208.0,5.2089194e-07,6.6767934e-05,3
11040017001,19,11.0,2.3482775e-08,1.6691984e-05,3
31236026001,19,93.0,2.0280575e-07,3.3383967e-05,3
12020036001,19,71.0,1.601098e-07,8.345992e-05,3
12130049001,19,23.0,4.9100343e-08,1.6691984e-05,3
11042009001,19,113.0,2.519062e-07,5.007595e-05,3
14010224001,19,175.0,4.0774728e-07,5.007595e-05,3
10051034001,19,31.0,6.617872e-08,1.6691984e-05,3
11103254001,19,112.0,2.583106e-07,8.345992e-05,3
14630034001,19,185.0,4.2055612e-07,5.007595e-05,3
31545005001,19,41.0,8.966149e-08,3.3383967e-05,3
31707014001,19,64.0,1.4303143e-07,3.3383967e-05,3
11103001001,19,25.0,5.5504735e-08,3.3383967e-05,3
14203002001,19,294.0,7.2156416e-07,6.6767934e-05,3
14510084001,19,113.0,2.4763654e-07,3.3383967e-05,3
35302003001,19,0.0,0.0,0.0,3
14332013001,19,52.0,1.1314426e-07,3.3383967e-05,3
12102027001,19,36.0,8.11223e-08,3.3383967e-05,3
11010025001,19,68.0,1.601098e-07,3.3383967e-05,3
11031914001,19,58.0,1.2381825e-07,1.6691984e-05,3
12102056001,19,72.0,1.5797501e-07,3.3383967e-05,3
12011257001,19,81.0,1.7932298e-07,5.007595e-05,3
11032003001,19,72.0,1.643794e-07,0.0001001519,3
14352028001,19,45.0,9.606588e-08,1.6691984e-05,3
11042015001,19,36.0,7.8987505e-08,3.3383967e-05,3
12012108001,19,21.0,4.9100343e-08,5.007595e-05,3
14351033001,19,122.0,2.775239e-07,6.6767934e-05,3
14132230001,19,115.0,2.7325424e-07,5.007595e-05,3
30045058002,19,27.0,5.7639532e-08,1.6691984e-05,3
14011007001,19,205.0,5.1021806e-07,6.6767934e-05,3
12010010001,18,91.0,2.0067095e-07,3.3383967e-05,3
12322054001,18,22.0,4.9100343e-08,3.3383967e-05,3
14506124001,18,241.0,5.849364e-07,5.007595e-05,3
14204060001,18,230.0,5.785317e-07,6.6767934e-05,3
11041014001,18,33.0,7.258311e-08,3.3383967e-05,3
14507083001,18,128.0,2.9673714e-07,5.007595e-05,3
12010004001,18,34.0,7.685271e-08,3.3383967e-05,3
14361008001,18,228.0,5.6145325e-07,6.6767934e-05,3
14804013001,18,133.0,3.1168074e-07,8.345992e-05,3
14320008001,18,47.0,1.0460507e-07,3.3383967e-05,3
12010069001,18,47.0,1.0460507e-07,3.3383967e-05,3
12327040001,18,57.0,1.2168346e-07,1.6691984e-05,3
12122040001,18,46.0,9.820068e-08,1.6691984e-05,3
31502037001,18,63.0,1.3876183e-07,3.3383967e-05,3
12123017001,18,77.0,1.68649e-07,3.3383967e-05,3
14361002001,18,179.0,4.3122995e-07,5.007595e-05,3
11070014001,18,94.0,2.0707535e-07,5.007595e-05,3
14506130001,18,225.0,7.89877e-07,0.00011684388,3
12123003001,18,24.0,5.3369938e-08,3.3383967e-05,3
14510099001,18,99.0,2.2842332e-07,5.007595e-05,3
14850102001,18,26.0,6.404393e-08,8.345992e-05,3
14210110001,18,257.0,6.383066e-07,6.6767934e-05,3
31423898001,18,166.0,3.7572514e-07,5.007595e-05,3
14510259001,18,170.0,3.949383e-07,5.007595e-05,3
10014081001,18,38.0,8.32571e-08,3.3383967e-05,3
14361086001,18,185.0,4.3763453e-07,5.007595e-05,3
14620039001,18,82.0,1.8145778e-07,3.3383967e-05,3
14615898001,18,52.0,1.1314426e-07,3.3383967e-05,3
10023061001,18,30.0,7.8987505e-08,6.6767934e-05,3
14820035001,18,186.0,4.2696047e-07,5.007595e-05,3
14615016001,18,82.0,1.7932298e-07,3.3383967e-05,3
14222045001,18,53.0,1.1314426e-07,1.6691984e-05,3
12020383001,18,41.0,8.966149e-08,3.3383967e-05,3
14242105001,18,194.0,4.4403905e-07,8.345992e-05,3
14240015001,18,121.0,2.7111946e-07,3.3383967e-05,3
31546020001,18,80.0,1.7078379e-07,1.6691984e-05,3
31544077001,18,30.0,7.6852714e-08,6.6767934e-05,3
11070013001,18,32.0,8.32571e-08,3.3383967e-05,3
12011084001,18,111.0,2.4977138e-07,5.007595e-05,3
12105006001,18,48.0,1.0460507e-07,3.3383967e-05,3
31501904001,18,38.0,8.966149e-08,8.345992e-05,3
14121117001,18,215.0,5.1235287e-07,5.007595e-05,3
31533037001,18,60.0,1.3876183e-07,5.007595e-05,3
11051022001,18,62.0,1.3876183e-07,5.007595e-05,3
14600010001,18,24.0,5.3369938e-08,3.3383967e-05,3
12121015001,18,37.0,7.8987505e-08,1.6691984e-05,3
14833077001,18,132.0,5.358349e-07,0.0001001519,3
14111044001,18,263.0,6.874071e-07,6.6767934e-05,3
11071018001,18,50.0,1.1314426e-07,3.3383967e-05,3
14613018001,18,154.0,3.4370305e-07,3.3383967e-05,3
14506173001,18,180.0,4.3763444e-07,6.6767934e-05,3
12106067001,18,39.0,8.32571e-08,1.6691984e-05,3
14003008001,18,165.0,4.1842122e-07,5.007595e-05,3
11103314001,18,24.0,5.123514e-08,1.6691984e-05,3
14243120001,18,298.0,7.4718156e-07,6.6767934e-05,3
12121092001,18,44.0,9.606588e-08,3.3383967e-05,3
12121087001,18,49.0,1.1314426e-07,3.3383967e-05,3
14203058001,18,275.0,7.365076e-07,0.0001001519,3
14000098001,18,224.0,5.721275e-07,8.345992e-05,3
14361899001,18,169.0,4.120168e-07,6.6767934e-05,3
12011294001,18,82.0,1.8145778e-07,3.3383967e-05,3
10020039001,18,14.0,2.988717e-08,1.6691984e-05,3
12103016001,18,54.0,1.1527906e-07,1.6691984e-05,3
11103067001,18,74.0,1.601098e-07,3.3383967e-05,3
14203068001,18,140.0,3.223549e-07,5.007595e-05,3
12120004001,18,28.0,6.190913e-08,3.3383967e-05,3
11050102001,18,45.0,9.606588e-08,1.6691984e-05,3
12121029001,18,8.0,1.921318e-08,3.3383967e-05,3
12103089001,18,86.0,1.8359258e-07,1.6691984e-05,3
14830018001,18,100.0,2.369625e-07,3.3383967e-05,3
11072036001,18,53.0,1.17413855e-07,3.3383967e-05,3
14104080001,18,132.0,3.0741123e-07,5.007595e-05,3
14360007001,18,150.0,3.4156818e-07,5.007595e-05,3
14852899001,18,32.0,7.471791e-08,3.3383967e-05,3
14852898001,18,23.0,6.190913e-08,5.007595e-05,3
12202038001,18,2.0,4.269596e-09,1.6691984e-05,3
14852062001,18,13.0,2.775237e-08,1.6691984e-05,3
14506074001,18,208.0,5.337007e-07,8.345992e-05,3
10052002001,18,2.0,4.269596e-09,1.6691984e-05,3
12130035001,18,27.0,6.190913e-08,3.3383967e-05,3
14200017001,18,238.0,5.5291434e-07,5.007595e-05,3
11074031001,18,54.0,1.1954866e-07,3.3383967e-05,3
14852011001,18,18.0,4.4830745e-08,3.3383967e-05,3
12201111001,18,16.0,3.4156763e-08,1.6691984e-05,3
10024006001,18,42.0,9.3931085e-08,3.3383967e-05,3
14632385001,18,39.0,8.32571e-08,1.6691984e-05,3
12220021001,18,55.0,1.2168346e-07,3.3383967e-05,3
10053903001,18,21.0,4.483075e-08,1.6691984e-05,3
14200096001,18,130.0,3.0741117e-07,5.007595e-05,3
14633937001,18,182.0,4.461737e-07,6.6767934e-05,3
14601046001,18,103.0,2.2628852e-07,3.3383967e-05,3
14223139001,18,125.0,3.159505e-07,8.345992e-05,3
14700077001,18,24.0,5.123514e-08,1.6691984e-05,3
14602035001,18,74.0,1.665142e-07,5.007595e-05,3
14301020001,18,42.0,9.3931085e-08,3.3383967e-05,3
34511013001,18,23.0,5.3369938e-08,5.007595e-05,3
11062013001,18,173.0,4.056124e-07,6.6767934e-05,3
12130025001,18,2.0,4.269596e-09,1.6691984e-05,3
12016111001,18,19.0,5.7639536e-08,3.3383967e-05,3
11061053001,18,82.0,1.9426656e-07,3.3383967e-05,3
12211023001,18,27.0,5.977433e-08,3.3383967e-05,3
31421024001,18,22.0,5.3369938e-08,5.007595e-05,3
12034104001,18,69.0,1.4943582e-07,3.3383967e-05,3
31421028001,18,30.0,6.831352e-08,5.007595e-05,3
14351041001,18,152.0,3.7359018e-07,8.345992e-05,3
14616026001,18,71.0,1.5157062e-07,1.6691984e-05,3
14360032001,18,81.0,1.7718818e-07,3.3383967e-05,3
11010027001,18,125.0,2.946024e-07,5.007595e-05,3
12011349001,18,94.0,2.0494055e-07,3.3383967e-05,3
14613004001,18,157.0,3.6291624e-07,5.007595e-05,3
14022119001,18,87.0,2.2628852e-07,6.6767934e-05,3
11050057001,18,86.0,1.8999697e-07,6.6767934e-05,3
14225030001,18,45.0,9.820068e-08,3.3383967e-05,3
10040017001,18,11.0,2.5617572e-08,3.3383967e-05,3
61063005003,18,4.0,8.539192e-09,1.6691984e-05,3
10031021001,18,57.0,1.3022265e-07,3.3383967e-05,3
14303897001,18,74.0,1.601098e-07,3.3383967e-05,3
14602013001,18,0.0,0.0,0.0,3
14505052001,18,29.0,6.617872e-08,3.3383967e-05,3
14351024001,18,164.0,3.9493827e-07,5.007595e-05,3
12320018001,18,0.0,0.0,0.0,3
14523030001,18,149.0,3.629161e-07,0.00013353587,3
14601027001,18,106.0,2.4977135e-07,5.007595e-05,3
14223030001,18,225.0,5.507794e-07,8.345992e-05,3
14510037001,18,69.0,1.4943582e-07,3.3383967e-05,3
14632303001,18,95.0,2.1134494e-07,3.3383967e-05,3
14225029001,18,64.0,1.3876183e-07,3.3383967e-05,3
14342025001,17,124.0,2.860631e-07,5.007595e-05,3
14243009001,17,21.0,4.9100343e-08,3.3383967e-05,3
14211001001,17,260.0,6.7673307e-07,6.6767934e-05,3
11022041001,17,25.0,5.3369938e-08,1.6691984e-05,3
12106043001,17,119.0,2.6258024e-07,3.3383967e-05,3
14506046001,17,133.0,3.0741126e-07,5.007595e-05,3
11022003001,17,64.0,1.7932298e-07,5.007595e-05,3
14210018001,17,96.0,2.1774933e-07,3.3383967e-05,3
14510399001,17,148.0,3.5010734e-07,6.6767934e-05,3
31476039001,17,51.0,1.1314426e-07,3.3383967e-05,3
11051037001,17,6.0,1.2808788e-08,1.6691984e-05,3
14506013001,17,176.0,4.290954e-07,6.6767934e-05,3
12320183001,17,14.0,2.988717e-08,1.6691984e-05,3
31500026001,17,46.0,1.0033548e-07,3.3383967e-05,3
14509013001,17,139.0,3.1381566e-07,5.007595e-05,3
12011165001,17,146.0,3.2235496e-07,3.3383967e-05,3
14311235001,17,73.0,1.622446e-07,3.3383967e-05,3
14370045001,17,135.0,3.0954604e-07,5.007595e-05,3
31533309001,17,75.0,1.601098e-07,1.6691984e-05,3
14615011001,17,51.0,1.17413855e-07,3.3383967e-05,3
61062008002,17,5.0,1.067399e-08,1.6691984e-05,3
14613910001,17,102.0,2.4336694e-07,3.3383967e-05,3
12201116001,17,48.0,1.17413855e-07,8.345992e-05,3
14506057001,17,62.0,1.4730102e-07,5.007595e-05,3
14510186001,17,57.0,1.3022265e-07,5.007595e-05,3
14620922001,17,137.0,3.1808528e-07,5.007595e-05,3
12201129001,17,37.0,8.32571e-08,3.3383967e-05,3
31235015001,17,93.0,2.0280575e-07,3.3383967e-05,3
12106020001,17,72.0,1.5797501e-07,3.3383967e-05,3
14632155001,17,32.0,6.831352e-08,1.6691984e-05,3
14601015001,17,199.0,4.6965673e-07,6.6767934e-05,3
14509021001,17,0.0,0.0,0.0,3
14505039001,17,122.0,2.8606317e-07,5.007595e-05,3
14243068001,17,63.0,1.5370541e-07,3.3383967e-05,3
12011238001,17,47.0,1.17413855e-07,6.6767934e-05,3
12000049001,17,56.0,1.4516623e-07,3.3383967e-05,3
12011108001,17,105.0,2.369625e-07,3.3383967e-05,3
12011244001,17,135.0,3.1381566e-07,5.007595e-05,3
10052024001,17,58.0,1.2808785e-07,3.3383967e-05,3
14853067001,17,48.0,1.08874666e-07,5.007595e-05,3
11031049001,17,32.0,6.831352e-08,1.6691984e-05,3
12320177001,17,57.0,1.2168346e-07,1.6691984e-05,3
12102035001,17,77.0,1.643794e-07,1.6691984e-05,3
12011348001,17,96.0,2.1134494e-07,3.3383967e-05,3
14850042001,17,14.0,3.8426357e-08,8.345992e-05,3
12301010001,17,79.0,1.68649e-07,1.6691984e-05,3
14740013001,17,48.0,1.02470274e-07,1.6691984e-05,3
11010019001,17,88.0,1.9426656e-07,3.3383967e-05,3
12101003001,17,115.0,2.561758e-07,3.3383967e-05,3
12000067001,17,58.0,1.5370541e-07,3.3383967e-05,3
14805019001,17,144.0,3.586466e-07,6.6767934e-05,3
14303024001,17,163.0,3.6505116e-07,3.3383967e-05,3
14512005001,17,52.0,1.1314426e-07,3.3383967e-05,3
12010051001,17,38.0,8.11223e-08,1.6691984e-05,3
14620012001,17,53.0,1.17413855e-07,3.3383967e-05,3
12102040001,17,89.0,1.9426656e-07,3.3383967e-05,3
12010054001,17,71.0,1.5584021e-07,3.3383967e-05,3
14313031001,17,6.0,1.2808788e-08,1.6691984e-05,3
12010077001,17,79.0,2.1134494e-07,0.0001001519,3
14740037001,17,103.0,2.3482771e-07,8.345992e-05,3
31422900001,17,63.0,1.601098e-07,0.00011684388,3
12123055001,17,45.0,9.820068e-08,3.3383967e-05,3
31422014001,17,61.0,1.3449224e-07,3.3383967e-05,3
11010021001,17,65.0,1.4303143e-07,3.3383967e-05,3
12102112001,17,140.0,3.0314166e-07,3.3383967e-05,3
11050002001,17,77.0,1.7291859e-07,3.3383967e-05,3
14602022001,17,153.0,3.565119e-07,5.007595e-05,3
14222217001,17,187.0,4.4403896e-07,8.345992e-05,3
14304187001,17,71.0,1.643794e-07,5.007595e-05,3
14223096001,17,90.0,2.0280575e-07,3.3383967e-05,3
31568012001,17,80.0,1.8145778e-07,5.007595e-05,3
12034085001,17,3.0,6.4043935e-09,1.6691984e-05,3
14621009001,17,222.0,5.3156606e-07,6.6767934e-05,3
14304001001,17,80.0,1.7078379e-07,1.6691984e-05,3
12034014001,17,40.0,8.5391896e-08,1.6691984e-05,3
12125004001,17,71.0,1.68649e-07,0.0001001519,3
14512025001,17,33.0,7.471792e-08,3.3383967e-05,3
11061030001,17,70.0,1.5584021e-07,3.3383967e-05,3
14615019001,17,227.0,5.4864455e-07,6.6767934e-05,3
11030128001,17,29.0,6.190913e-08,1.6691984e-05,3
12011367001,17,105.0,3.1168088e-07,0.00015022785,3
14243012001,17,42.0,9.179629e-08,3.3383967e-05,3
12123101001,17,36.0,8.5391896e-08,3.3383967e-05,3
31623006001,17,78.0,1.7718818e-07,3.3383967e-05,3
12005056001,17,28.0,5.977433e-08,1.6691984e-05,3
14210035001,17,246.0,6.575196e-07,0.0001001519,3
11103132001,16,85.0,1.8786217e-07,5.007595e-05,3
14201019001,16,60.0,1.3235744e-07,3.3383967e-05,3
14104139001,16,210.0,4.931396e-07,5.007595e-05,3
14822925001,16,150.0,3.735901e-07,5.007595e-05,3
11032018001,16,57.0,1.2168346e-07,1.6691984e-05,6
14631037001,16,168.0,3.7999482e-07,5.007595e-05,3
14632117001,16,18.0,3.8426357e-08,1.6691984e-05,6
14022059001,16,174.0,4.1201696e-07,5.007595e-05,3
12102105001,16,80.0,1.7291859e-07,3.3383967e-05,3
11022024001,16,84.0,1.8145778e-07,3.3383967e-05,3
10001044001,16,48.0,1.08874666e-07,5.007595e-05,3
11074007001,16,57.0,1.4303143e-07,8.345992e-05,3
14631055001,16,42.0,8.966149e-08,1.6691984e-05,6
12000125001,16,58.0,1.2808785e-07,3.3383967e-05,3
12000129001,16,89.0,1.9853616e-07,3.3383967e-05,3
11022034001,16,60.0,1.3235744e-07,3.3383967e-05,3
31677017001,16,10.0,2.1347978e-08,1.6691984e-05,6
12000085001,16,29.0,6.4043924e-08,3.3383967e-05,6
11110094001,16,90.0,1.9640136e-07,3.3383967e-05,3
14362902001,16,143.0,3.3089412e-07,5.007595e-05,3
14822899001,16,146.0,3.2875937e-07,6.6767934e-05,3
14310071001,16,23.0,4.9100343e-08,1.6691984e-05,6
12011069001,16,102.0,2.2415372e-07,3.3383967e-05,3
31762007001,16,65.0,1.4730102e-07,3.3383967e-05,3
11022087001,16,35.0,7.471791e-08,1.6691984e-05,6
14506298001,16,126.0,2.9673717e-07,3.3383967e-05,3
35302040001,16,43.0,9.3931085e-08,3.3383967e-05,6
14615030001,16,141.0,3.3089395e-07,6.6767934e-05,3
14023305001,16,185.0,5.144875e-07,0.00011684388,3
14310111001,16,10.0,2.5617574e-08,5.007595e-05,6
14310109001,16,41.0,9.606588e-08,5.007595e-05,3
14720022001,16,47.0,1.02470274e-07,3.3383967e-05,6
12103012001,16,25.0,5.3369938e-08,1.6691984e-05,6
12023995001,16,7.0,1.4943586e-08,1.6691984e-05,6
11031924001,16,14.0,2.988717e-08,1.6691984e-05,6
12005003002,16,36.0,7.685271e-08,1.6691984e-05,6
12001004001,16,119.0,2.6044543e-07,3.3383967e-05,3
35300004001,16,0.0,0.0,0.0,6
11030095001,16,47.0,1.0460508e-07,3.3383967e-05,6
11072011001,16,38.0,8.32571e-08,3.3383967e-05,6
12000089001,16,106.0,2.3482771e-07,3.3383967e-05,3
14504042001,16,141.0,3.4797247e-07,5.007595e-05,3
14500031001,16,161.0,3.9066873e-07,8.345992e-05,3
14104136001,16,196.0,4.7606102e-07,5.007595e-05,3
14741026001,16,57.0,1.2381825e-07,3.3383967e-05,3
14304028001,16,165.0,3.821296e-07,6.6767934e-05,3
11051007001,16,87.0,1.8999697e-07,3.3383967e-05,3
31533096001,16,52.0,1.1100946e-07,1.6691984e-05,6
11103018002,16,61.0,1.3449224e-07,3.3383967e-05,3
12101042001,16,40.0,8.752669e-08,3.3383967e-05,6
14602011001,16,204.0,5.102179e-07,6.6767934e-05,3
31533893001,16,59.0,1.3235744e-07,5.007595e-05,3
31544042001,16,14.0,2.988717e-08,1.6691984e-05,6
11072902001,16,4.0,8.539192e-09,1.6691984e-05,6
14201049001,16,257.0,6.511153e-07,8.345992e-05,3
11072897001,16,35.0,7.8987505e-08,3.3383967e-05,6
12100103001,16,33.0,7.0448316e-08,1.6691984e-05,6
31675999001,16,12.0,3.4156763e-08,8.345992e-05,3
14132130001,16,225.0,6.126885e-07,8.345992e-05,3
12123068001,16,29.0,6.617872e-08,3.3383967e-05,6
14361081001,16,102.0,2.5831062e-07,0.0001001519,3
10023037001,16,20.0,4.269595e-08,1.6691984e-05,6
12011383001,16,171.0,3.9920798e-07,6.6767934e-05,3
11021052001,16,56.0,1.2595305e-07,5.007595e-05,3
14506646001,16,109.0,2.519062e-07,8.345992e-05,3
10052014001,16,9.0,1.921318e-08,1.6691984e-05,6
12000230001,16,39.0,8.5391896e-08,3.3383967e-05,6
11010013001,16,109.0,2.3909732e-07,3.3383967e-05,3
12202006001,16,6.0,1.2808788e-08,1.6691984e-05,6
14601019001,16,35.0,7.685271e-08,3.3383967e-05,6
31422002001,16,50.0,1.17413855e-07,5.007595e-05,3
14111102001,16,120.0,2.7965868e-07,3.3383967e-05,3
12123067001,16,69.0,1.5370541e-07,3.3383967e-05,3
12011332001,16,66.0,1.4303143e-07,3.3383967e-05,3
12012043001,16,168.0,4.0561233e-07,6.6767934e-05,3
14001079001,16,197.0,4.7819583e-07,5.007595e-05,3
12211004001,16,2.0,4.269596e-09,1.6691984e-05,6
31244001001,16,44.0,9.820068e-08,3.3383967e-05,6
12000182001,16,99.0,2.3055811e-07,6.6767934e-05,3
14210137001,16,9.0,1.921318e-08,1.6691984e-05,6
12011235001,16,60.0,1.2808785e-07,1.6691984e-05,6
14211052001,16,104.0,2.540409e-07,5.007595e-05,3
14204004001,16,219.0,5.614534e-07,8.345992e-05,3
14509007001,16,111.0,2.4763656e-07,3.3383967e-05,3
31420001001,16,65.0,1.4943582e-07,3.3383967e-05,3
14332007001,16,39.0,8.752669e-08,3.3383967e-05,6
11042023001,16,97.0,2.1988413e-07,3.3383967e-05,3
12000241001,16,38.0,8.11223e-08,1.6691984e-05,6
12212058001,16,43.0,9.820068e-08,5.007595e-05,3
12000170001,16,74.0,1.68649e-07,3.3383967e-05,3
14510176001,16,72.0,1.5584021e-07,3.3383967e-05,3
14311270001,16,184.0,4.3336485e-07,5.007595e-05,3
12011251001,16,76.0,1.665142e-07,5.007595e-05,3
12123140001,16,24.0,5.5504735e-08,3.3383967e-05,6
31421003001,16,37.0,8.5391896e-08,6.6767934e-05,3
14621033001,16,179.0,4.269605e-07,5.007595e-05,3
12120072001,16,40.0,8.752669e-08,3.3383967e-05,6
12301009001,16,97.0,2.1774933e-07,5.007595e-05,3
11103164001,16,51.0,1.2168346e-07,6.6767934e-05,3
12122053001,16,84.0,1.8572737e-07,5.007595e-05,3
11103291001,16,59.0,1.3235744e-07,3.3383967e-05,3
12112018001,16,83.0,1.8145778e-07,3.3383967e-05,3
12002062001,16,40.0,8.752669e-08,3.3383967e-05,6
12123035001,16,32.0,7.471791e-08,3.3383967e-05,6
12123038001,16,53.0,1.2168346e-07,5.007595e-05,3
11010112001,16,106.0,2.2842332e-07,3.3383967e-05,3
31502010001,16,96.0,2.1774933e-07,3.3383967e-05,3
31502034003,16,59.0,1.3449224e-07,5.007595e-05,3
14361014001,16,141.0,3.1808528e-07,3.3383967e-05,3
14851003001,16,0.0,0.0,0.0,6
14342020001,16,13.0,2.775237e-08,1.6691984e-05,6
12153015001,16,63.0,1.4730102e-07,5.007595e-05,3
11010116001,16,53.0,1.1314426e-07,1.6691984e-05,6
14342028001,16,60.0,1.2808785e-07,1.6691984e-05,6
30045058001,16,12.0,2.5617572e-08,1.6691984e-05,6
11042017001,16,92.0,2.1134494e-07,3.3383967e-05,3
14321009001,16,73.0,1.5797501e-07,3.3383967e-05,3
14342003001,16,129.0,2.9673714e-07,5.007595e-05,3
14850197001,16,18.0,3.8426357e-08,1.6691984e-05,6
14342008001,16,82.0,1.7718818e-07,3.3383967e-05,3
11061049001,16,18.0,3.8426357e-08,1.6691984e-05,6
12020087001,15,73.0,1.601098e-07,3.3383967e-05,6
11061032001,15,61.0,1.3235744e-07,3.3383967e-05,6
14850173001,15,4.0,1.4943586e-08,3.3383967e-05,6
11103298001,15,38.0,8.11223e-08,1.6691984e-05,6
11040044001,15,60.0,1.3876183e-07,5.007595e-05,6
14331026001,15,53.0,1.1527906e-07,3.3383967e-05,6
10014110001,15,18.0,3.8426357e-08,1.6691984e-05,6
12120076001,15,42.0,8.966149e-08,1.6691984e-05,6
14361004001,15,153.0,3.75725e-07,5.007595e-05,6
11031907001,15,127.0,2.7965874e-07,5.007595e-05,6
11110083001,15,58.0,1.3449224e-07,5.007595e-05,6
11030006001,15,69.0,1.5370541e-07,6.6767934e-05,6
12123023001,15,14.0,2.988717e-08,1.6691984e-05,6
14210058001,15,142.0,3.2662456e-07,5.007595e-05,6
12103093001,15,48.0,1.08874666e-07,5.007595e-05,6
12102087001,15,52.0,1.1314426e-07,3.3383967e-05,6
12212038001,15,23.0,4.9100343e-08,1.6691984e-05,6
12011350001,15,51.0,1.1314426e-07,5.007595e-05,6
14851018001,15,8.0,2.1347978e-08,5.007595e-05,6
11031026001,15,32.0,6.831352e-08,1.6691984e-05,6
12000318001,15,52.0,1.2595305e-07,0.0001001519,6
11010020001,15,37.0,9.1796295e-08,5.007595e-05,6
11103224001,15,40.0,8.752669e-08,3.3383967e-05,6
31423899001,15,69.0,1.5157062e-07,3.3383967e-05,6
11072008001,15,26.0,5.5504735e-08,1.6691984e-05,6
11103062001,15,50.0,1.08874666e-07,3.3383967e-05,6
12103004001,15,78.0,1.7078379e-07,3.3383967e-05,6
31422001001,15,90.0,1.9640136e-07,3.3383967e-05,6
14302080001,15,176.0,4.2696055e-07,5.007595e-05,3
12001008001,15,84.0,1.8359258e-07,3.3383967e-05,6
31912036001,15,143.0,3.4156812e-07,3.3383967e-05,6
31425004001,15,110.0,2.519062e-07,5.007595e-05,6
11021017001,15,68.0,1.5157062e-07,5.007595e-05,6
14210039001,15,73.0,1.5797501e-07,3.3383967e-05,6
11041007001,15,96.0,2.1774933e-07,3.3383967e-05,6
11104013001,15,61.0,1.3235744e-07,3.3383967e-05,6
11100012001,15,77.0,1.8572737e-07,5.007595e-05,6
14512035001,15,58.0,1.2595305e-07,3.3383967e-05,6
14740061001,15,44.0,9.3931085e-08,1.6691984e-05,6
12103080001,15,25.0,5.5504735e-08,3.3383967e-05,6
14200070001,15,107.0,2.4336694e-07,6.6767934e-05,6
12106107001,15,28.0,5.977433e-08,1.6691984e-05,6
12000112001,15,86.0,1.9640136e-07,3.3383967e-05,6
30450006001,15,46.0,1.0033548e-07,3.3383967e-05,6
12003077001,15,18.0,5.5504735e-08,0.0001001519,6
11022059001,15,61.0,1.3662704e-07,5.007595e-05,6
12011176001,15,95.0,2.1134494e-07,3.3383967e-05,6
14010039001,15,0.0,0.0,0.0,6
61062008003,15,9.0,2.3482773e-08,5.007595e-05,6
11103265001,15,38.0,8.32571e-08,3.3383967e-05,6
14351038001,15,84.0,1.8572737e-07,3.3383967e-05,6
14220146001,15,211.0,5.1235287e-07,5.007595e-05,3
11021068001,15,109.0,2.4336694e-07,3.3383967e-05,6
14226003001,15,50.0,1.1314426e-07,3.3383967e-05,6
31255005001,15,61.0,1.3662704e-07,5.007595e-05,6
14200014001,15,198.0,4.824655e-07,0.00013353587,3
14210009001,15,146.0,3.330289e-07,3.3383967e-05,6
12000246001,15,80.0,1.7291859e-07,3.3383967e-05,6
14506366001,15,49.0,1.08874666e-07,3.3383967e-05,6
14361109001,15,159.0,3.821294e-07,5.007595e-05,3
14203053001,15,258.0,6.532502e-07,6.6767934e-05,3
14352003001,15,30.0,6.617872e-08,3.3383967e-05,6
14110078001,15,225.0,5.6572287e-07,6.6767934e-05,3
14244031001,15,120.0,2.6898465e-07,5.007595e-05,6
31504015001,15,48.0,1.02470274e-07,1.6691984e-05,6
14343028001,15,43.0,9.3931085e-08,3.3383967e-05,6
66502013001,15,41.0,8.966149e-08,3.3383967e-05,6
12106075001,15,26.0,5.7639532e-08,3.3383967e-05,6
65106084001,15,106.0,2.4550175e-07,5.007595e-05,6
14630056001,15,181.0,4.6538673e-07,8.345992e-05,3
11032015001,15,37.0,8.32571e-08,3.3383967e-05,6
14506024001,15,41.0,9.179629e-08,3.3383967e-05,6
14361118001,15,160.0,3.842643e-07,5.007595e-05,3
12112002001,15,45.0,9.606588e-08,1.6691984e-05,6
30045021001,15,9.0,1.921318e-08,1.6691984e-05,6
14522059001,15,200.0,5.337008e-07,0.0001001519,3
12106026001,15,85.0,1.8999697e-07,5.007595e-05,6
12011490001,15,112.0,2.519062e-07,5.007595e-05,6
12010009001,15,132.0,2.9673723e-07,8.345992e-05,3
14504062001,15,135.0,3.372985e-07,8.345992e-05,3
14504050001,15,54.0,1.1527906e-07,1.6691984e-05,6
31254001001,15,66.0,1.4730102e-07,5.007595e-05,6
14510227001,15,167.0,3.7359035e-07,3.3383967e-05,6
12211017001,15,64.0,1.3876183e-07,3.3383967e-05,6
14111100001,15,173.0,4.5471273e-07,6.6767934e-05,3
12011210001,15,99.0,2.1347974e-07,3.3383967e-05,6
10052015001,15,56.0,1.2381825e-07,3.3383967e-05,6
10023051001,15,22.0,5.1235137e-08,5.007595e-05,6
14615012001,15,38.0,8.5391896e-08,3.3383967e-05,6
14311134001,15,56.0,1.1954866e-07,1.6691984e-05,6
11070012001,15,11.0,2.5617574e-08,3.3383967e-05,6
14633936001,15,172.0,4.4830836e-07,0.00013353587,3
14504056001,15,124.0,3.3302877e-07,8.345992e-05,3
14223171001,15,131.0,2.98872e-07,3.3383967e-05,6
14634047001,15,123.0,2.711195e-07,3.3383967e-05,6
11072034001,15,92.0,2.0067095e-07,3.3383967e-05,6
14244018001,15,62.0,1.3662704e-07,3.3383967e-05,6
12003042001,14,24.0,5.7639532e-08,3.3383967e-05,6
14204067001,14,76.0,1.7718818e-07,3.3383967e-05,6
14103049001,14,156.0,3.757251e-07,5.007595e-05,6
14616048001,14,2.0,4.269596e-09,1.6691984e-05,6
11010024001,14,50.0,1.2595305e-07,6.6767934e-05,6
14505053001,14,131.0,3.543767e-07,0.00011684388,6
14632022001,14,121.0,2.7325427e-07,5.007595e-05,6
11032031001,14,16.0,3.4156763e-08,1.6691984e-05,6
14615053001,14,31.0,6.617872e-08,1.6691984e-05,6
11110065001,14,38.0,8.11223e-08,1.6691984e-05,6
14244022001,14,112.0,2.6471503e-07,5.007595e-05,6
14620920001,14,83.0,1.8786217e-07,3.3383967e-05,6
14303898001,14,132.0,2.9887198e-07,3.3383967e-05,6
12123032001,14,59.0,1.2808785e-07,3.3383967e-05,6
14523029001,14,102.0,2.625802e-07,8.345992e-05,6
14331039001,14,86.0,2.0067095e-07,5.007595e-05,6
14506111001,14,168.0,3.9493833e-07,5.007595e-05,6
10034018001,14,71.0,1.5797501e-07,5.007595e-05,6
32507027003,14,28.0,5.977433e-08,1.6691984e-05,6
14200059001,14,67.0,1.5370541e-07,5.007595e-05,6
14342031001,14,88.0,1.9213176e-07,3.3383967e-05,6
14210027001,14,96.0,2.2842332e-07,5.007595e-05,6
14331037001,14,93.0,2.0280575e-07,3.3383967e-05,6
14303035001,14,98.0,2.1347974e-07,3.3383967e-05,6
14103073001,14,100.0,2.2842332e-07,6.6767934e-05,6
31762009001,14,71.0,1.622446e-07,5.007595e-05,6
14223083001,14,189.0,4.461738e-07,5.007595e-05,6
12100009001,14,18.0,3.8426357e-08,1.6691984e-05,6
10014021001,14,13.0,2.775237e-08,1.6691984e-05,6
32404033002,14,28.0,6.190913e-08,3.3383967e-05,6
11010013002,14,86.0,1.9853616e-07,5.007595e-05,6
12123090001,14,26.0,5.977433e-08,5.007595e-05,6
12100036001,14,60.0,1.3022265e-07,3.3383967e-05,6
14302043001,14,112.0,2.5404097e-07,5.007595e-05,6
14523107001,14,91.0,2.2842332e-07,8.345992e-05,6
14600022001,14,89.0,2.0280575e-07,3.3383967e-05,6
10014018001,14,14.0,2.988717e-08,1.6691984e-05,6
11072010001,14,22.0,4.6965546e-08,1.6691984e-05,6
14223296001,14,102.0,2.4336694e-07,5.007595e-05,6
31827020001,14,2.0,4.269596e-09,1.6691984e-05,6
14509015001,14,96.0,2.0707535e-07,3.3383967e-05,6
11040047001,14,74.0,1.643794e-07,3.3383967e-05,6
14632352001,14,146.0,3.351637e-07,5.007595e-05,6
12020020001,14,22.0,7.258312e-08,3.3383967e-05,6
14301031001,14,17.0,3.8426357e-08,3.3383967e-05,6
14300002001,14,123.0,2.9033274e-07,5.007595e-05,6
31762034001,14,88.0,1.9640136e-07,5.007595e-05,6
12012072001,14,9.0,2.1347978e-08,3.3383967e-05,6
12212003001,14,11.0,2.5617574e-08,3.3383967e-05,6
14851121001,14,18.0,5.9774344e-08,6.6767934e-05,6
11050031002,14,142.0,3.1595053e-07,5.007595e-05,6
12102006001,14,36.0,7.8987505e-08,3.3383967e-05,6
31421035001,14,65.0,1.4730102e-07,5.007595e-05,6
14303036001,14,185.0,4.6111734e-07,6.6767934e-05,6
31422016001,14,81.0,1.9426656e-07,0.0001001519,6
12125009001,14,7.0,1.7078383e-08,3.3383967e-05,6
14506112001,14,101.0,2.4123213e-07,6.6767934e-05,6
30001040001,14,108.0,2.4336694e-07,5.007595e-05,6
12001051001,14,50.0,1.1100946e-07,3.3383967e-05,6
31568011001,14,69.0,1.5370541e-07,3.3383967e-05,6
12120031001,14,11.0,2.3482775e-08,1.6691984e-05,6
12011045001,14,5.0,1.067399e-08,1.6691984e-05,6
14604047001,14,193.0,4.6538696e-07,6.6767934e-05,6
14603038001,14,114.0,2.5831062e-07,5.007595e-05,6
11042020001,14,53.0,1.2168346e-07,3.3383967e-05,6
12001038001,14,40.0,8.5391896e-08,1.6691984e-05,6
11022067001,14,17.0,3.629156e-08,1.6691984e-05,6
12105053001,14,33.0,7.258311e-08,3.3383967e-05,6
14822115001,14,87.0,1.9426656e-07,3.3383967e-05,6
12011068001,14,97.0,2.1134494e-07,3.3383967e-05,6
11021063001,14,81.0,2.2842332e-07,5.007595e-05,6
14603030001,14,86.0,1.9213176e-07,3.3383967e-05,6
14507047001,14,105.0,2.3269291e-07,3.3383967e-05,6
11021005001,14,16.0,3.4156763e-08,1.6691984e-05,6
12121111001,14,49.0,1.08874666e-07,3.3383967e-05,6
12106019001,14,93.0,1.9853616e-07,1.6691984e-05,6
11041026001,14,71.0,1.601098e-07,5.007595e-05,6
12011042001,14,94.0,2.1134494e-07,8.345992e-05,6
31530108001,14,58.0,1.3235744e-07,3.3383967e-05,6
11051049001,14,31.0,6.617872e-08,1.6691984e-05,6
14010235001,14,167.0,3.88534e-07,5.007595e-05,6
14822017001,14,191.0,4.5684774e-07,6.6767934e-05,6
12104046001,14,19.0,4.2695948e-08,3.3383967e-05,6
14822018001,14,130.0,3.0741114e-07,5.007595e-05,6
12104906001,14,41.0,8.752669e-08,1.6691984e-05,6
14370069001,14,152.0,3.3729856e-07,3.3383967e-05,6
14311008001,14,4.0,8.539192e-09,1.6691984e-05,6
11021036001,14,58.0,1.4089663e-07,5.007595e-05,6
14510255001,14,132.0,3.010068e-07,5.007595e-05,6
12105011001,14,57.0,1.2381825e-07,3.3383967e-05,6
14211028001,14,170.0,4.0347769e-07,5.007595e-05,6
14001044001,14,38.0,8.11223e-08,1.6691984e-05,6
12103101001,14,101.0,2.3269291e-07,5.007595e-05,6
11103112001,14,38.0,8.32571e-08,3.3383967e-05,6
14240014001,14,124.0,2.817935e-07,5.007595e-05,6
31533038002,14,38.0,8.32571e-08,3.3383967e-05,6
14620149001,14,126.0,2.817935e-07,3.3383967e-05,6
14203055001,14,90.0,2.0494055e-07,3.3383967e-05,6
12001108001,14,146.0,3.180853e-07,3.3383967e-05,6
12010079001,14,17.0,7.258312e-08,8.345992e-05,6
11022017001,14,96.0,2.1774933e-07,6.6767934e-05,6
14313900001,14,29.0,6.831352e-08,5.007595e-05,6
14001149001,14,211.0,5.507794e-07,6.6767934e-05,6
12102116001,14,41.0,9.3931085e-08,5.007595e-05,6
14507085001,14,92.0,2.0494055e-07,5.007595e-05,6
10023011001,14,30.0,6.617872e-08,3.3383967e-05,6
12122041001,14,15.0,3.2021966e-08,1.6691984e-05,6
14242016001,14,143.0,3.4583778e-07,8.345992e-05,6
10023103001,14,15.0,4.2695948e-08,5.007595e-05,6
31530011001,14,52.0,1.1100946e-07,1.6691984e-05,6
12110022001,14,131.0,3.052764e-07,5.007595e-05,6
14850012001,14,7.0,1.4943586e-08,1.6691984e-05,6
12010053001,14,79.0,1.7291859e-07,3.3383967e-05,6
12327050001,14,15.0,3.2021966e-08,1.6691984e-05,6
11010040001,14,83.0,1.8572737e-07,3.3383967e-05,6
11020010001,14,31.0,6.617872e-08,1.6691984e-05,6
12011147001,14,44.0,9.606588e-08,3.3383967e-05,6
12000140001,14,56.0,1.1954866e-07,1.6691984e-05,6
11041019002,14,48.0,1.0673987e-07,5.007595e-05,6
12010026001,14,85.0,1.8786217e-07,6.6767934e-05,6
12001112001,14,64.0,1.4089663e-07,3.3383967e-05,6
14616033001,13,67.0,1.4516623e-07,3.3383967e-05,6
31523019001,13,166.0,4.2909522e-07,6.6767934e-05,6
11110014002,13,48.0,1.0673987e-07,3.3383967e-05,6
14243148001,13,128.0,3.1381552e-07,6.6767934e-05,6
14350007001,13,122.0,2.796587e-07,5.007595e-05,6
14631914001,13,10.0,2.1347978e-08,1.6691984e-05,6
10002037001,13,96.0,2.1134494e-07,5.007595e-05,6
11022012001,13,49.0,1.1100946e-07,3.3383967e-05,6
14403104001,13,119.0,2.8179355e-07,0.0001001519,6
14615061001,13,52.0,1.1100946e-07,1.6691984e-05,6
14204197001,13,39.0,8.32571e-08,1.6691984e-05,6
10023008001,13,45.0,9.820068e-08,3.3383967e-05,6
11103280001,13,70.0,1.643794e-07,5.007595e-05,6
10904003001,13,4.0,8.539192e-09,1.6691984e-05,6
14361102001,13,118.0,2.946024e-07,8.345992e-05,6
31501013001,13,28.0,6.4043924e-08,3.3383967e-05,6
10023044001,13,21.0,4.483075e-08,1.6691984e-05,6
14220085001,13,193.0,4.67522e-07,6.6767934e-05,6
12130014001,13,16.0,4.696555e-08,6.6767934e-05,6
15081020001,13,65.0,1.4516623e-07,3.3383967e-05,6
14103084001,13,164.0,3.9066882e-07,6.6767934e-05,6
34511049001,13,10.0,2.775237e-08,5.007595e-05,6
10000006001,13,9.0,1.921318e-08,1.6691984e-05,6
14344010001,13,14.0,3.2021966e-08,3.3383967e-05,6
14361115001,13,71.0,1.68649e-07,5.007595e-05,6
11043012001,13,3.0,6.4043935e-09,1.6691984e-05,6
31501907002,13,46.0,9.820068e-08,1.6691984e-05,6
14001080001,13,203.0,5.038136e-07,6.6767934e-05,6
11110078001,13,31.0,7.258311e-08,5.007595e-05,6
12106004001,13,32.0,7.0448316e-08,3.3383967e-05,6
14822968001,13,66.0,1.4089663e-07,1.6691984e-05,6
12000438001,13,72.0,1.665142e-07,6.6767934e-05,6
31531169001,13,142.0,3.2448972e-07,6.6767934e-05,6
31531056001,13,38.0,9.179629e-08,5.007595e-05,6
14632103001,13,100.0,2.3055811e-07,5.007595e-05,6
12130046001,13,10.0,2.3482775e-08,3.3383967e-05,6
14632014001,13,27.0,5.7639532e-08,1.6691984e-05,6
14120008001,13,163.0,4.0988195e-07,5.007595e-05,6
12000186001,13,59.0,1.3022265e-07,3.3383967e-05,6
61064105003,13,21.0,4.6965546e-08,3.3383967e-05,6
14010023001,13,104.0,2.2628852e-07,3.3383967e-05,6
31502009001,13,33.0,7.8987505e-08,5.007595e-05,6
12020326001,13,35.0,7.8987505e-08,3.3383967e-05,6
11110079001,13,69.0,1.5584021e-07,5.007595e-05,6
14822926001,13,130.0,3.0741109e-07,5.007595e-05,6
14341079001,13,28.0,5.977433e-08,1.6691984e-05,6
11041020001,13,26.0,5.5504735e-08,1.6691984e-05,6
14200002001,13,147.0,3.3302896e-07,3.3383967e-05,6
14600026001,13,59.0,1.2595305e-07,1.6691984e-05,6
30043012001,13,27.0,5.977433e-08,3.3383967e-05,6
14506041001,13,98.0,2.1988413e-07,3.3383967e-05,6
11021061001,13,58.0,1.3022265e-07,3.3383967e-05,6
12120021001,13,45.0,1.02470274e-07,3.3383967e-05,6
12003098001,13,33.0,7.8987505e-08,5.007595e-05,6
14200001001,13,148.0,3.4370294e-07,3.3383967e-05,6
11103262001,13,53.0,1.1527906e-07,3.3383967e-05,6
31530081001,13,47.0,1.0460507e-07,3.3383967e-05,6
31501907001,13,72.0,1.643794e-07,3.3383967e-05,6
14362901001,13,47.0,1.0033548e-07,1.6691984e-05,6
12011179001,13,7.0,1.4943586e-08,1.6691984e-05,6
14601063001,13,193.0,4.547129e-07,3.3383967e-05,6
12012027001,13,30.0,6.617872e-08,3.3383967e-05,6
14210026001,13,187.0,4.5044348e-07,6.6767934e-05,6
14132150001,13,150.0,3.4156827e-07,3.3383967e-05,6
12011230001,13,90.0,2.0067095e-07,3.3383967e-05,6
12011329001,13,19.0,4.6965546e-08,5.007595e-05,6
31762017001,13,92.0,2.0494055e-07,3.3383967e-05,6
14330899001,13,26.0,5.5504735e-08,1.6691984e-05,6
11031916001,13,38.0,8.32571e-08,3.3383967e-05,6
14303033001,13,109.0,2.3909732e-07,3.3383967e-05,6
31644022001,13,48.0,1.0460507e-07,3.3383967e-05,6
14111119001,13,76.0,1.68649e-07,3.3383967e-05,6
11103196001,13,29.0,6.190913e-08,1.6691984e-05,6
14241003001,13,191.0,4.461738e-07,6.6767934e-05,6
14615036001,13,48.0,1.02470274e-07,1.6691984e-05,6
10023110001,13,41.0,9.606588e-08,6.6767934e-05,6
14361034001,13,152.0,3.5651178e-07,5.007595e-05,6
12100101001,13,72.0,1.5584021e-07,3.3383967e-05,6
11021006001,13,105.0,2.6684978e-07,5.007595e-05,6
11040056001,13,51.0,1.1314426e-07,3.3383967e-05,6
11050088001,13,7.0,1.4943586e-08,1.6691984e-05,6
12121085001,13,57.0,1.3876183e-07,5.007595e-05,6
14310015001,13,125.0,2.8179355e-07,6.6767934e-05,6
12011360001,13,27.0,6.4043924e-08,3.3383967e-05,6
14353900001,13,1.0,2.134798e-09,1.6691984e-05,6
14352098001,13,102.0,2.4123213e-07,5.007595e-05,6
11020012001,13,49.0,1.0673987e-07,3.3383967e-05,6
14501943001,13,107.0,2.4123213e-07,6.6767934e-05,6
14602034001,13,65.0,1.5157062e-07,5.007595e-05,6
14741040001,13,30.0,6.4043924e-08,1.6691984e-05,6
12020927001,13,58.0,1.2595305e-07,3.3383967e-05,6
12000214001,13,101.0,2.369625e-07,5.007595e-05,6
12002052001,13,91.0,2.0707535e-07,5.007595e-05,6
14850019001,13,18.0,3.8426357e-08,1.6691984e-05,6
14303899001,13,79.0,1.7291859e-07,3.3383967e-05,6
14615042001,13,42.0,8.966149e-08,1.6691984e-05,6
14133907001,13,229.0,5.294315e-07,5.007595e-05,6
14330014001,13,46.0,9.820068e-08,1.6691984e-05,6
11032222001,13,65.0,1.4943582e-07,5.007595e-05,6
11010060001,13,54.0,1.1527906e-07,1.6691984e-05,6
14313023001,13,36.0,9.3931085e-08,8.345992e-05,6
12010065001,13,48.0,1.6224462e-07,0.00013353587,6
12010067001,13,30.0,1.0673988e-07,8.345992e-05,6
11010026001,13,56.0,1.2168346e-07,3.3383967e-05,6
14223006001,13,177.0,4.3976942e-07,8.345992e-05,6
11010061001,13,28.0,6.4043924e-08,3.3383967e-05,6
14210068001,13,118.0,2.711195e-07,5.007595e-05,6
14612916001,13,36.0,7.8987505e-08,3.3383967e-05,6
14226100001,13,146.0,3.522422e-07,3.3383967e-05,6
11020003001,13,26.0,5.7639532e-08,3.3383967e-05,6
14023202001,13,156.0,3.629163e-07,5.007595e-05,6
14023200001,13,112.0,2.6898465e-07,5.007595e-05,6
11032221001,13,33.0,8.5391896e-08,5.007595e-05,6
14600907001,13,69.0,1.4943582e-07,3.3383967e-05,6
14701008002,13,114.0,2.6044543e-07,5.007595e-05,6
14121056001,13,140.0,3.5224218e-07,6.6767934e-05,6
14311898001,13,67.0,1.4516623e-07,3.3383967e-05,6
11110078005,13,79.0,1.7291859e-07,3.3383967e-05,6
12103125001,13,95.0,2.0707535e-07,5.007595e-05,6
11111009001,13,63.0,1.4303143e-07,3.3383967e-05,6
14612044001,13,153.0,3.693205e-07,5.007595e-05,6
12212040001,13,48.0,1.0673987e-07,5.007595e-05,6
11021025001,13,24.0,5.123514e-08,1.6691984e-05,6
12011398001,13,68.0,1.5584021e-07,5.007595e-05,6
10014006001,13,27.0,6.831352e-08,3.3383967e-05,6
31567010001,13,36.0,7.685271e-08,1.6691984e-05,6
12120078001,13,38.0,8.11223e-08,1.6691984e-05,6
11050078001,13,59.0,1.3449224e-07,6.6767934e-05,6
14506059001,13,135.0,3.1381558e-07,3.3383967e-05,6
14310169001,13,64.0,1.4089663e-07,3.3383967e-05,6
11050009002,13,56.0,1.4089663e-07,3.3383967e-05,6
12004160001,13,24.0,5.123514e-08,1.6691984e-05,6
14010284001,13,140.0,3.458378e-07,6.6767934e-05,6
31500033001,13,100.0,2.1561453e-07,3.3383967e-05,6
11100108001,13,66.0,1.4730102e-07,3.3383967e-05,6
11111008001,13,29.0,6.4043924e-08,3.3383967e-05,6
14620036001,13,51.0,1.1314426e-07,3.3383967e-05,6
14711008001,13,31.0,6.617872e-08,1.6691984e-05,6
14312017001,13,76.0,1.7078379e-07,3.3383967e-05,6
14243017001,13,122.0,2.9460233e-07,5.007595e-05,6
14312014001,13,32.0,7.0448316e-08,3.3383967e-05,6
11100103001,13,23.0,5.123514e-08,3.3383967e-05,6
14011063001,13,124.0,2.9460236e-07,5.007595e-05,6
32400180001,13,84.0,1.8999697e-07,3.3383967e-05,6
11030094001,13,9.0,1.921318e-08,1.6691984e-05,6
14331020001,13,30.0,7.258311e-08,3.3383967e-05,6
14210127001,13,32.0,6.831352e-08,1.6691984e-05,6
12020440001,13,81.0,1.7718818e-07,3.3383967e-05,6
11050103001,13,60.0,1.3449224e-07,5.007595e-05,6
32410022001,13,33.0,7.0448316e-08,1.6691984e-05,6
12000205001,13,72.0,1.601098e-07,5.007595e-05,6
12125002001,13,31.0,6.617872e-08,1.6691984e-05,6
14620112001,12,81.0,1.7718818e-07,3.3383967e-05,6
14111045001,12,187.0,4.5257818e-07,8.345992e-05,6
14130044001,12,243.0,6.361716e-07,6.6767934e-05,6
14243149001,12,91.0,2.0494055e-07,5.007595e-05,6
14620083001,12,77.0,1.68649e-07,3.3383967e-05,6
14242169001,12,1.0,2.134798e-09,1.6691984e-05,6
14111059001,12,234.0,6.276321e-07,6.6767934e-05,6
11110088002,12,61.0,1.3662704e-07,3.3383967e-05,6
14244012001,12,107.0,2.5190616e-07,5.007595e-05,6
12001083001,12,30.0,6.4043924e-08,1.6691984e-05,6
14242170001,12,122.0,2.9033274e-07,5.007595e-05,6
11073025001,12,123.0,2.7111946e-07,3.3383967e-05,6
14244034001,12,120.0,2.6471506e-07,3.3383967e-05,6
31530027001,12,33.0,7.0448316e-08,1.6691984e-05,6
14240007001,12,84.0,1.8786217e-07,3.3383967e-05,6
14362033001,12,23.0,4.9100343e-08,1.6691984e-05,6
11103130002,12,14.0,2.988717e-08,1.6691984e-05,6
14506360001,12,59.0,1.3662704e-07,3.3383967e-05,6
14220249001,12,109.0,2.3909732e-07,3.3383967e-05,6
14601067001,12,159.0,3.7572502e-07,5.007595e-05,6
11103118001,12,47.0,1.0887467e-07,5.007595e-05,6
12105043002,12,80.0,1.8786217e-07,8.345992e-05,6
31533017001,12,35.0,7.471791e-08,1.6691984e-05,6
10016006001,12,11.0,2.3482775e-08,1.6691984e-05,6
31563039001,12,11.0,2.5617574e-08,3.3383967e-05,6
11103105001,12,15.0,3.2021966e-08,1.6691984e-05,6
12103183001,12,27.0,5.977433e-08,3.3383967e-05,6
31564005001,12,48.0,1.0460507e-07,3.3383967e-05,6
11103102002,12,33.0,7.0448316e-08,1.6691984e-05,6
10014112001,12,0.0,0.0,0.0,6
12103134001,12,36.0,7.685271e-08,1.6691984e-05,6
31530048001,12,56.0,1.2168346e-07,3.3383967e-05,6
31530003001,12,34.0,7.258311e-08,1.6691984e-05,6
12103099001,12,41.0,8.752669e-08,1.6691984e-05,6
11103152001,12,41.0,8.966149e-08,3.3383967e-05,6
12020038001,12,26.0,5.5504735e-08,1.6691984e-05,6
12020060001,12,29.0,6.190913e-08,1.6691984e-05,6
12020133001,12,61.0,1.3235744e-07,3.3383967e-05,6
14631929001,12,88.0,1.9426656e-07,3.3383967e-05,6
11103200001,12,37.0,8.32571e-08,3.3383967e-05,6
12020164001,12,16.0,3.4156763e-08,1.6691984e-05,6
14361043001,12,114.0,2.6258022e-07,3.3383967e-05,6
10023083001,12,90.0,1.9640136e-07,3.3383967e-05,6
14507045001,12,104.0,2.4336694e-07,5.007595e-05,6
12121024001,12,53.0,1.1527906e-07,3.3383967e-05,6
14361074001,12,67.0,1.4730102e-07,3.3383967e-05,6
12121007001,12,11.0,2.3482775e-08,1.6691984e-05,6
12121006002,12,18.0,3.8426357e-08,1.6691984e-05,6
10023063001,12,10.0,2.1347978e-08,1.6691984e-05,6
12020249001,12,42.0,9.179629e-08,3.3383967e-05,6
10023029001,12,37.0,7.8987505e-08,1.6691984e-05,6
14213028001,12,41.0,8.966149e-08,3.3383967e-05,6
14222049001,12,180.0,4.3976948e-07,5.007595e-05,6
14506230001,12,98.0,2.1774933e-07,3.3383967e-05,6
12123114001,12,42.0,9.3931085e-08,3.3383967e-05,6
12100059001,12,22.0,4.6965546e-08,1.6691984e-05,6
14223062001,12,109.0,2.54041e-07,3.3383967e-05,6
14502068001,12,86.0,2.0067095e-07,5.007595e-05,6
32504024001,12,9.0,1.921318e-08,1.6691984e-05,6
32504025004,12,6.0,2.3482777e-08,3.3383967e-05,6
10013011001,12,29.0,6.190913e-08,1.6691984e-05,6
11076004001,12,0.0,0.0,0.0,6
14506048001,12,147.0,3.394333e-07,5.007595e-05,6
10010044001,12,55.0,1.17413855e-07,1.6691984e-05,6
10010001001,12,4.0,8.539192e-09,1.6691984e-05,6
35751001001,12,2.0,4.269596e-09,1.6691984e-05,6
14602060001,12,182.0,4.2696047e-07,5.007595e-05,6
14602036001,12,129.0,2.8179352e-07,3.3383967e-05,6
41521020001,12,19.0,4.0561154e-08,1.6691984e-05,6
42014003001,12,57.0,1.2808785e-07,3.3383967e-05,6
14225946001,12,221.0,5.2089206e-07,5.007595e-05,6
12022109001,12,26.0,5.5504735e-08,1.6691984e-05,6
65031238001,12,28.0,5.977433e-08,1.6691984e-05,6
12100049001,12,56.0,1.1954866e-07,1.6691984e-05,6
12100102001,12,53.0,1.1314426e-07,1.6691984e-05,6
12103083001,12,6.0,1.2808788e-08,1.6691984e-05,6
14506081001,12,111.0,2.4763656e-07,3.3383967e-05,6
12103075001,12,185.0,4.6111728e-07,5.007595e-05,6
31568024001,12,69.0,1.5584021e-07,6.6767934e-05,6
12103047001,12,29.0,6.4043924e-08,3.3383967e-05,6
12000026001,12,72.0,1.665142e-07,5.007595e-05,6
31603018001,12,90.0,2.0067095e-07,3.3383967e-05,6
12103036001,12,17.0,3.629156e-08,1.6691984e-05,6
11103068001,12,31.0,7.0448316e-08,3.3383967e-05,6
12103003001,12,2.0,4.269596e-09,1.6691984e-05,6
11103052001,12,38.0,8.752669e-08,3.3383967e-05,6
11071014001,12,41.0,8.752669e-08,1.6691984e-05,6
10014046001,12,0.0,0.0,0.0,6
31677016001,12,10.0,2.1347978e-08,1.6691984e-05,6
12102059001,12,107.0,2.4336694e-07,3.3383967e-05,6
12020926001,12,11.0,2.3482775e-08,1.6691984e-05,6
11102007001,12,93.0,2.0280575e-07,3.3383967e-05,6
14227001001,12,129.0,3.052764e-07,5.007595e-05,6
10014043001,12,0.0,0.0,0.0,6
12123089001,12,15.0,3.2021966e-08,1.6691984e-05,6
31423896001,12,67.0,1.4943582e-07,3.3383967e-05,6
14508903001,12,106.0,2.369625e-07,5.007595e-05,6
11103383001,12,23.0,4.9100343e-08,1.6691984e-05,6
12010034001,12,17.0,4.269595e-08,3.3383967e-05,6
12010040001,12,66.0,1.4089663e-07,1.6691984e-05,6
12010055001,12,21.0,9.1796295e-08,0.00011684388,6
12010062001,12,15.0,3.2021966e-08,1.6691984e-05,6
12010113001,12,60.0,1.2808785e-07,1.6691984e-05,6
14012002001,12,165.0,3.8639922e-07,5.007595e-05,6
11030005001,12,26.0,5.7639532e-08,3.3383967e-05,6
14821011001,12,105.0,2.476365e-07,5.007595e-05,6
14822020001,12,131.0,3.1808509e-07,5.007595e-05,6
14833005001,12,62.0,1.3662704e-07,3.3383967e-05,6
12011011001,12,17.0,3.8426357e-08,3.3383967e-05,6
14822024001,12,105.0,2.3055811e-07,3.3383967e-05,6
14203005001,12,137.0,3.0954607e-07,5.007595e-05,6
14311040001,12,81.0,1.7932298e-07,3.3383967e-05,6
12011062001,12,46.0,1.0033548e-07,3.3383967e-05,6
12000261001,12,47.0,1.02470274e-07,3.3383967e-05,6
14508918001,12,21.0,4.483075e-08,1.6691984e-05,6
14311095001,12,104.0,2.369625e-07,5.007595e-05,6
12010023001,12,16.0,3.4156763e-08,1.6691984e-05,6
14304008001,12,115.0,2.7538908e-07,5.007595e-05,6
14742022001,12,16.0,3.4156763e-08,1.6691984e-05,6
14201003001,12,33.0,7.0448316e-08,1.6691984e-05,6
14631948001,12,100.0,2.3482771e-07,5.007595e-05,6
14244051001,12,76.0,1.7078379e-07,3.3383967e-05,6
14632067001,12,71.0,1.7078379e-07,6.6767934e-05,6
12000361001,12,40.0,8.5391896e-08,1.6691984e-05,6
12000351001,12,83.0,1.8145778e-07,3.3383967e-05,6
14200028001,12,22.0,4.6965546e-08,1.6691984e-05,6
12003161001,12,63.0,1.3662704e-07,3.3383967e-05,6
12000340001,12,105.0,2.6258022e-07,8.345992e-05,6
14300057001,12,90.0,1.9426656e-07,3.3383967e-05,6
12005003004,12,13.0,2.988717e-08,3.3383967e-05,6
14301030001,12,10.0,2.1347978e-08,1.6691984e-05,6
14302002001,12,114.0,2.54041e-07,3.3383967e-05,6
11050078002,12,59.0,1.2808785e-07,3.3383967e-05,6
14023194001,12,22.0,4.6965546e-08,1.6691984e-05,6
14740017001,12,70.0,1.5157062e-07,3.3383967e-05,6
14023005001,12,109.0,2.4977138e-07,3.3383967e-05,6
14742018001,12,84.0,1.8999697e-07,3.3383967e-05,6
12011184001,12,25.0,5.5504735e-08,3.3383967e-05,6
14002006001,12,26.0,5.5504735e-08,1.6691984e-05,6
14000036001,12,171.0,4.141517e-07,8.345992e-05,6
14204100001,12,72.0,1.622446e-07,6.6767934e-05,6
12212013001,12,36.0,8.32571e-08,3.3383967e-05,6
12211016001,12,102.0,2.3269291e-07,6.6767934e-05,6
10041069001,12,0.0,0.0,0.0,6
10041058001,12,33.0,7.0448316e-08,1.6691984e-05,6
10041055001,12,0.0,0.0,0.0,6
10041013001,12,8.0,1.7078383e-08,1.6691984e-05,6
10034047001,12,30.0,6.617872e-08,3.3383967e-05,6
10034044001,12,7.0,1.4943586e-08,1.6691984e-05,6
11103267001,12,37.0,8.3257106e-08,3.3383967e-05,6
12151096001,12,70.0,1.5370541e-07,3.3383967e-05,6
30450013001,12,29.0,6.4043924e-08,3.3383967e-05,6
11062006001,12,53.0,1.1527906e-07,3.3383967e-05,6
14210021001,12,110.0,2.4336694e-07,5.007595e-05,6
31253002001,12,78.0,1.8786217e-07,5.007595e-05,6
31255006001,12,68.0,1.4730102e-07,3.3383967e-05,6
12212017001,12,20.0,4.9100347e-08,3.3383967e-05,6
12212018001,12,25.0,5.7639532e-08,3.3383967e-05,6
12327007001,12,3.0,6.4043935e-09,1.6691984e-05,6
12231005001,12,3.0,8.539192e-09,3.3383967e-05,6
14315015001,12,64.0,1.4089663e-07,5.007595e-05,6
12326152001,12,23.0,4.9100343e-08,1.6691984e-05,6
14320006001,12,7.0,1.4943586e-08,1.6691984e-05,6
12000215001,12,17.0,3.629156e-08,1.6691984e-05,6
12327086001,12,3.0,6.4043935e-09,1.6691984e-05,6
11010057001,12,45.0,9.820068e-08,3.3383967e-05,6
14833069001,12,95.0,2.2415372e-07,5.007595e-05,6
12220009001,12,95.0,2.1347974e-07,3.3383967e-05,6
11061002001,12,90.0,1.9640136e-07,3.3383967e-05,6
14210135001,11,69.0,1.5157062e-07,5.007595e-05,6
14210061001,11,24.0,5.123514e-08,1.6691984e-05,6
11041007003,11,48.0,1.02470274e-07,1.6691984e-05,6
12000220001,11,61.0,1.3022265e-07,1.6691984e-05,6
14225045001,11,88.0,2.0067095e-07,5.007595e-05,6
14210084001,11,150.0,3.8212954e-07,5.007595e-05,6
11041005001,11,70.0,1.5157062e-07,3.3383967e-05,6
14604037001,11,154.0,3.6932067e-07,6.6767934e-05,6
12000375001,11,75.0,1.665142e-07,3.3383967e-05,6
14204198001,11,122.0,2.6684987e-07,3.3383967e-05,6
14226019001,11,61.0,1.3235744e-07,3.3383967e-05,6
14202011001,11,138.0,3.2235485e-07,5.007595e-05,6
14615044001,11,76.0,1.8359258e-07,5.007595e-05,6
14611007001,11,50.0,1.08874666e-07,3.3383967e-05,6
14223047001,11,96.0,2.1561453e-07,5.007595e-05,6
14222104001,11,178.0,4.3336496e-07,5.007595e-05,6
14204003001,11,121.0,2.7965874e-07,6.6767934e-05,6
14204073001,11,170.0,3.9707322e-07,6.6767934e-05,6
11050022001,11,94.0,2.0280575e-07,3.3383967e-05,6
14222120001,11,24.0,5.123514e-08,1.6691984e-05,6
11042027001,11,32.0,7.471791e-08,3.3383967e-05,6
14225052001,11,195.0,4.7179154e-07,5.007595e-05,6
11040058001,11,40.0,8.5391896e-08,1.6691984e-05,6
12011287001,11,54.0,1.2808785e-07,5.007595e-05,6
14311256001,11,60.0,1.2808785e-07,1.6691984e-05,6
14000209001,11,152.0,3.522423e-07,5.007595e-05,6
31563004001,11,76.0,1.7291859e-07,3.3383967e-05,6
31553006001,11,47.0,1.0673987e-07,3.3383967e-05,6
14000109001,11,172.0,3.9920798e-07,3.3383967e-05,6
14833033001,11,150.0,3.4370305e-07,5.007595e-05,6
11103322001,11,44.0,9.606588e-08,3.3383967e-05,6
14506334001,11,123.0,2.796587e-07,6.6767934e-05,6
31532060001,11,69.0,1.5370541e-07,3.3383967e-05,6
12104050001,11,18.0,3.8426357e-08,1.6691984e-05,6
14370077001,11,60.0,1.3022265e-07,3.3383967e-05,6
11103115001,11,45.0,9.606588e-08,1.6691984e-05,6
11010059001,11,18.0,4.0561154e-08,3.3383967e-05,6
12105051001,11,32.0,6.831352e-08,1.6691984e-05,6
14320899001,11,48.0,1.02470274e-07,1.6691984e-05,6
14506358001,11,85.0,2.4123213e-07,5.007595e-05,6
31567002001,11,43.0,9.3931085e-08,3.3383967e-05,6
12011221001,11,75.0,1.68649e-07,5.007595e-05,6
11021060001,11,63.0,1.4516623e-07,5.007595e-05,6
31568007001,11,31.0,7.471791e-08,5.007595e-05,6
12010897001,11,57.0,1.2808785e-07,3.3383967e-05,6
12011018001,11,67.0,1.4303143e-07,1.6691984e-05,6
31621032001,11,13.0,2.775237e-08,1.6691984e-05,6
11051011001,11,26.0,5.5504735e-08,1.6691984e-05,6
31621001001,11,58.0,1.2808785e-07,5.007595e-05,6
11103370001,11,28.0,6.4043924e-08,3.3383967e-05,6
11022063001,11,56.0,1.2168346e-07,3.3383967e-05,6
11071002001,11,58.0,1.2595305e-07,3.3383967e-05,6
12011102001,11,78.0,1.7291859e-07,5.007595e-05,6
11022044001,11,30.0,6.617872e-08,3.3383967e-05,6
11051012001,11,13.0,2.775237e-08,1.6691984e-05,6
10014058001,11,31.0,7.258311e-08,3.3383967e-05,6
11022006001,11,18.0,3.8426357e-08,1.6691984e-05,6
14001150001,11,136.0,3.2022015e-07,6.6767934e-05,6
12122045001,11,80.0,1.7505339e-07,3.3383967e-05,6
12320175001,11,17.0,3.629156e-08,1.6691984e-05,6
11061035001,11,82.0,1.8359258e-07,3.3383967e-05,6
14012011001,11,82.0,1.8999697e-07,6.6767934e-05,6
14352079001,11,60.0,1.3235744e-07,5.007595e-05,6
30013002001,11,38.0,8.5391896e-08,3.3383967e-05,6
14351017001,11,88.0,1.9426656e-07,5.007595e-05,6
10023058001,11,3.0,6.4043935e-09,1.6691984e-05,6
12120081001,11,32.0,7.685271e-08,6.6767934e-05,6
14509017001,11,86.0,1.8572737e-07,3.3383967e-05,6
12130071001,11,3.0,6.4043935e-09,1.6691984e-05,6
14352058001,11,63.0,1.5157062e-07,8.345992e-05,6
31254009001,11,36.0,7.685271e-08,1.6691984e-05,6
12301004001,11,88.0,1.9853616e-07,3.3383967e-05,6
12020220001,11,3.0,6.4043935e-09,1.6691984e-05,6
31455002001,11,67.0,1.4516623e-07,3.3383967e-05,6
12121071001,11,33.0,7.258311e-08,3.3383967e-05,6
31421041001,11,29.0,6.4043924e-08,3.3383967e-05,6
31422013001,11,29.0,6.190913e-08,1.6691984e-05,6
31423009001,11,37.0,7.8987505e-08,1.6691984e-05,6
12020078001,11,28.0,5.977433e-08,1.6691984e-05,6
31500032001,11,33.0,7.0448316e-08,1.6691984e-05,6
14343036001,11,81.0,1.7505339e-07,3.3383967e-05,6
12012015001,11,81.0,1.7718818e-07,3.3383967e-05,6
14509042001,11,49.0,1.17413855e-07,3.3383967e-05,6
14331005001,11,10.0,2.3482775e-08,3.3383967e-05,6
11010016001,11,38.0,8.11223e-08,1.6691984e-05,6
14331007001,11,27.0,5.7639532e-08,1.6691984e-05,6
31531022001,11,40.0,8.5391896e-08,1.6691984e-05,6
12106027001,11,17.0,3.629156e-08,1.6691984e-05,6
12011378001,11,76.0,1.7932298e-07,6.6767934e-05,6
14853027001,11,6.0,1.2808788e-08,1.6691984e-05,6
14853033001,11,5.0,1.067399e-08,1.6691984e-05,6
14361178001,11,101.0,2.2628852e-07,3.3383967e-05,6
14331029001,11,32.0,6.831352e-08,1.6691984e-05,6
12212057001,11,49.0,1.08874666e-07,5.007595e-05,6
12212056001,11,61.0,1.3449224e-07,5.007595e-05,6
14331997001,11,29.0,6.190913e-08,1.6691984e-05,6
14361177001,11,125.0,2.7325427e-07,3.3383967e-05,6
12011484001,11,86.0,1.8359258e-07,1.6691984e-05,6
31628003001,11,49.0,1.4303143e-07,3.3383967e-05,6
12011158002,11,28.0,6.617872e-08,5.007595e-05,6
32501008001,11,35.0,7.685271e-08,3.3383967e-05,6
12102026001,11,153.0,3.3516378e-07,3.3383967e-05,6
14730900001,11,59.0,1.3235744e-07,3.3383967e-05,6
12002107001,11,78.0,1.68649e-07,3.3383967e-05,6
31801024001,11,5.0,1.067399e-08,1.6691984e-05,6
14720029001,11,38.0,8.32571e-08,3.3383967e-05,6
41530016001,11,0.0,0.0,0.0,6
14710007001,11,98.0,2.1988413e-07,5.007595e-05,6
14701041001,11,89.0,1.9213176e-07,3.3383967e-05,6
12002010001,11,33.0,7.0448316e-08,1.6691984e-05,6
12005003003,11,32.0,7.0448316e-08,3.3383967e-05,6
12023015001,11,15.0,3.2021966e-08,1.6691984e-05,6
12002044001,11,39.0,8.32571e-08,1.6691984e-05,6
14301018001,11,97.0,2.4550172e-07,6.6767934e-05,6
12023020001,11,28.0,6.190913e-08,3.3383967e-05,6
32404033003,11,26.0,6.190913e-08,3.3383967e-05,6
14104029001,11,78.0,1.7291859e-07,3.3383967e-05,6
14504076001,11,114.0,2.6044543e-07,5.007595e-05,6
11032006001,11,18.0,3.8426357e-08,1.6691984e-05,6
11110028001,11,102.0,2.4550175e-07,6.6767934e-05,6
12034086001,11,11.0,2.3482775e-08,1.6691984e-05,6
32511012001,11,8.0,1.7078383e-08,1.6691984e-05,6
32511050001,11,13.0,2.775237e-08,1.6691984e-05,6
12002100001,11,63.0,1.4730102e-07,5.007595e-05,6
11050053001,11,46.0,1.0033548e-07,3.3383967e-05,6
11074059001,11,33.0,7.258311e-08,3.3383967e-05,6
14631925001,11,57.0,1.2381825e-07,3.3383967e-05,6
12020946001,11,25.0,5.3369938e-08,1.6691984e-05,6
14730010001,11,135.0,3.095461e-07,5.007595e-05,6
14304089001,11,93.0,2.0494055e-07,3.3383967e-05,6
14511057001,11,45.0,9.606588e-08,1.6691984e-05,6
12102082001,11,19.0,4.269595e-08,3.3383967e-05,6
14303058001,11,179.0,4.034777e-07,5.007595e-05,6
11031035001,11,91.0,1.9853616e-07,3.3383967e-05,6
14512015001,11,52.0,1.1100946e-07,1.6691984e-05,6
11110086001,11,46.0,1.02470274e-07,3.3383967e-05,6
31707075001,11,39.0,8.5391896e-08,3.3383967e-05,6
14511066001,11,55.0,1.2595305e-07,5.007595e-05,6
14243054001,11,173.0,4.0774728e-07,5.007595e-05,6
11102004001,11,85.0,1.8572737e-07,3.3383967e-05,6
11110092001,11,43.0,9.3931085e-08,3.3383967e-05,6
14243028001,11,82.0,1.7718818e-07,3.3383967e-05,6
14620048001,11,31.0,6.617872e-08,1.6691984e-05,6
11031913001,11,104.0,2.3482771e-07,5.007595e-05,6
12111030001,10,28.0,5.977433e-08,1.6691984e-05,6
12121079001,10,34.0,7.8987505e-08,5.007595e-05,6
31504001001,10,10.0,2.1347978e-08,1.6691984e-05,6
10023017001,10,3.0,6.4043935e-09,1.6691984e-05,6
14505102001,10,6.0,1.2808788e-08,1.6691984e-05,6
31510009001,10,27.0,5.977433e-08,3.3383967e-05,6
12020314001,10,93.0,2.1561453e-07,3.3383967e-05,6
12122026001,10,15.0,3.2021966e-08,1.6691984e-05,6
14506011001,10,106.0,2.4977138e-07,3.3383967e-05,6
12020117001,10,56.0,1.2595305e-07,3.3383967e-05,6
31510010001,10,16.0,3.8426357e-08,3.3383967e-05,6
12106086001,10,76.0,1.665142e-07,5.007595e-05,6
12121081001,10,16.0,3.4156763e-08,1.6691984e-05,6
12020248001,10,40.0,1.0460508e-07,3.3383967e-05,6
12120036001,10,24.0,5.3369938e-08,3.3383967e-05,6
14602049001,10,124.0,2.775239e-07,3.3383967e-05,6
12121009001,10,55.0,1.1954866e-07,3.3383967e-05,6
31500012001,10,46.0,1.0033548e-07,3.3383967e-05,6
14505043001,10,32.0,6.831352e-08,1.6691984e-05,6
61037010002,10,5.0,1.067399e-08,1.6691984e-05,6
12120091001,10,50.0,1.1100946e-07,3.3383967e-05,6
10023078001,10,16.0,3.4156763e-08,1.6691984e-05,6
10023066001,10,15.0,3.2021966e-08,1.6691984e-05,6
12020196001,10,66.0,1.4089663e-07,1.6691984e-05,6
12120045001,10,47.0,1.0033548e-07,1.6691984e-05,6
12020240001,10,79.0,1.68649e-07,1.6691984e-05,6
14361054001,10,40.0,8.966149e-08,3.3383967e-05,6
14210113001,10,171.0,3.7999484e-07,3.3383967e-05,6
12023011001,10,17.0,3.629156e-08,1.6691984e-05,6
12020175001,10,2.0,4.269596e-09,1.6691984e-05,6
61080007004,10,5.0,1.067399e-08,1.6691984e-05,6
65110026001,10,9.0,1.921318e-08,1.6691984e-05,6
11074060005,10,26.0,5.5504735e-08,1.6691984e-05,6
11071021001,10,58.0,1.2381825e-07,1.6691984e-05,6
31530049001,10,55.0,1.17413855e-07,1.6691984e-05,6
12000097001,10,56.0,1.2168346e-07,3.3383967e-05,6
12103160001,10,38.0,8.32571e-08,3.3383967e-05,6
12102024001,10,25.0,5.3369938e-08,1.6691984e-05,6
11103100001,10,27.0,5.7639532e-08,1.6691984e-05,6
14500011001,10,51.0,1.1314426e-07,5.007595e-05,6
31567030001,10,15.0,3.2021966e-08,1.6691984e-05,6
12000100001,10,41.0,9.179629e-08,5.007595e-05,6
12102031001,10,34.0,7.258311e-08,1.6691984e-05,6
31709946001,10,97.0,2.0707535e-07,1.6691984e-05,6
11071035001,10,34.0,7.471791e-08,3.3383967e-05,6
12103040001,10,45.0,9.820068e-08,3.3383967e-05,6
11101044001,10,30.0,6.4043924e-08,1.6691984e-05,6
11102017001,10,33.0,7.0448316e-08,1.6691984e-05,6
12020437001,10,41.0,8.966149e-08,3.3383967e-05,6
14602115001,10,23.0,5.123514e-08,3.3383967e-05,6
11103001002,10,33.0,7.258311e-08,3.3383967e-05,6
12020901001,10,55.0,1.2381825e-07,3.3383967e-05,6
12102996001,10,61.0,1.3022265e-07,1.6691984e-05,6
14506131001,10,137.0,3.2022e-07,3.3383967e-05,6
14603026001,10,111.0,2.5617578e-07,5.007595e-05,6
11103043001,10,50.0,1.1954866e-07,8.345992e-05,6
12102020001,10,117.0,2.5831062e-07,3.3383967e-05,6
31762022001,10,58.0,1.2381825e-07,1.6691984e-05,6
12106039001,10,43.0,9.3931085e-08,3.3383967e-05,6
11100016001,10,22.0,5.1235137e-08,5.007595e-05,6
35302015001,10,0.0,0.0,0.0,6
33551909001,10,24.0,5.123514e-08,1.6691984e-05,6
10012009001,10,82.0,1.8786217e-07,3.3383967e-05,6
12034088001,10,8.0,1.9213179e-08,3.3383967e-05,6
31531171001,10,8.0,1.7078383e-08,1.6691984e-05,6
12000028001,10,60.0,1.3022265e-07,3.3383967e-05,6
12000122001,10,78.0,1.68649e-07,3.3383967e-05,6
32410019001,10,17.0,4.0561154e-08,5.007595e-05,6
12105072001,10,65.0,1.3876183e-07,1.6691984e-05,6
11100107001,10,40.0,8.752669e-08,3.3383967e-05,6
31552017001,10,66.0,1.4943582e-07,5.007595e-05,6
12100051001,10,93.0,2.0280575e-07,3.3383967e-05,6
11101021001,10,24.0,5.5504735e-08,3.3383967e-05,6
14221114001,10,203.0,5.102179e-07,6.6767934e-05,6
11101023001,10,55.0,1.1954866e-07,3.3383967e-05,6
14370048001,10,47.0,1.0033548e-07,1.6691984e-05,6
14222009001,10,1.0,2.134798e-09,1.6691984e-05,6
31545002001,10,43.0,9.3931085e-08,3.3383967e-05,6
14403103001,10,113.0,2.6471506e-07,0.0001001519,6
14411001001,10,19.0,4.2695948e-08,3.3383967e-05,6
14507087001,10,87.0,1.9640136e-07,3.3383967e-05,6
12016026001,10,40.0,8.5391896e-08,1.6691984e-05,6
12020090001,10,24.0,5.123514e-08,1.6691984e-05,6
14311002001,10,17.0,3.629156e-08,1.6691984e-05,6
12005082009,10,20.0,4.269595e-08,1.6691984e-05,6
14740050001,10,57.0,1.2381825e-07,3.3383967e-05,6
14740057001,10,74.0,1.665142e-07,3.3383967e-05,6
14303034001,10,127.0,2.8392833e-07,3.3383967e-05,6
14740074001,10,40.0,9.3931085e-08,3.3383967e-05,6
14022103001,10,54.0,1.1527906e-07,1.6691984e-05,6
11030195001,10,51.0,1.1314426e-07,3.3383967e-05,6
11030183002,10,67.0,1.4303143e-07,1.6691984e-05,6
14013964001,10,123.0,2.8819798e-07,6.6767934e-05,6
14511016001,10,63.0,1.3662704e-07,3.3383967e-05,6
12010200001,10,18.0,3.8426357e-08,1.6691984e-05,6
11022085001,10,19.0,4.0561154e-08,1.6691984e-05,6
14721018001,10,81.0,1.7505339e-07,3.3383967e-05,6
11051009001,10,39.0,9.1796295e-08,5.007595e-05,6
14311037001,10,31.0,6.617872e-08,1.6691984e-05,6
12011096001,10,10.0,2.1347978e-08,1.6691984e-05,6
12000264001,10,54.0,1.2595305e-07,6.6767934e-05,6
12011120001,10,43.0,9.820068e-08,3.3383967e-05,6
11022024002,10,78.0,1.8572737e-07,3.3383967e-05,6
10023107001,10,44.0,9.3931085e-08,1.6691984e-05,6
12011171001,10,27.0,5.7639532e-08,1.6691984e-05,6
14833001001,10,15.0,3.2021966e-08,1.6691984e-05,6
11021028001,10,35.0,7.471791e-08,1.6691984e-05,6
12011262001,10,46.0,1.0033548e-07,3.3383967e-05,6
12005082007,10,16.0,3.4156763e-08,1.6691984e-05,6
12005002005,10,7.0,1.4943586e-08,1.6691984e-05,6
11021018001,10,34.0,7.258311e-08,1.6691984e-05,6
14111026001,10,119.0,2.8606308e-07,5.007595e-05,6
12001041001,10,70.0,1.5584021e-07,5.007595e-05,6
11110087002,10,78.0,1.665142e-07,1.6691984e-05,6
14620063001,10,18.0,4.0561154e-08,3.3383967e-05,6
14620072001,10,23.0,4.9100343e-08,1.6691984e-05,6
14243088001,10,62.0,1.3662704e-07,3.3383967e-05,6
11050049001,10,57.0,1.2381825e-07,3.3383967e-05,6
14620178001,10,47.0,1.02470274e-07,3.3383967e-05,6
11032229001,10,1.0,2.134798e-09,1.6691984e-05,6
11032224001,10,25.0,5.763953e-08,5.007595e-05,6
12002066001,10,83.0,1.7932298e-07,3.3383967e-05,6
11032043001,10,46.0,1.0673987e-07,5.007595e-05,6
12002106001,10,53.0,1.1314426e-07,1.6691984e-05,6
14634033001,10,56.0,1.1954866e-07,1.6691984e-05,6
14631023001,10,98.0,2.1988413e-07,5.007595e-05,6
12003025001,10,14.0,2.988717e-08,1.6691984e-05,6
14244060001,10,55.0,1.1954866e-07,3.3383967e-05,6
14242135001,10,164.0,3.7359038e-07,5.007595e-05,6
14244063001,10,116.0,2.7111946e-07,5.007595e-05,6
14632435001,10,102.0,2.3055811e-07,5.007595e-05,6
11050068001,10,78.0,1.7718818e-07,5.007595e-05,6
14244945001,10,27.0,5.7639532e-08,1.6691984e-05,6
11031942001,10,11.0,2.5617572e-08,3.3383967e-05,6
14300029001,10,29.0,6.190913e-08,1.6691984e-05,6
12004020001,10,9.0,1.921318e-08,1.6691984e-05,6
14204013001,10,21.0,4.483075e-08,1.6691984e-05,6
12011325001,10,134.0,3.052764e-07,5.007595e-05,6
11062004001,10,80.0,1.7505339e-07,3.3383967e-05,6
31225014001,10,13.0,2.775237e-08,1.6691984e-05,6
12000169001,10,56.0,1.2595305e-07,3.3383967e-05,6
12011374001,10,71.0,1.5370541e-07,3.3383967e-05,6
12125003001,10,4.0,1.067399e-08,3.3383967e-05,6
12212044001,10,49.0,1.0460507e-07,1.6691984e-05,6
12212020001,10,26.0,5.977433e-08,5.007595e-05,6
12016106001,10,25.0,5.3369938e-08,1.6691984e-05,6
14351057001,10,67.0,1.4730102e-07,3.3383967e-05,6
12011442001,10,60.0,1.2808785e-07,1.6691984e-05,6
12000208001,10,72.0,1.622446e-07,3.3383967e-05,6
30045078002,10,0.0,0.0,0.0,6
14340027001,10,106.0,2.3909732e-07,3.3383967e-05,6
14341068001,10,99.0,2.2415372e-07,5.007595e-05,6
14342010001,10,51.0,1.1100946e-07,3.3383967e-05,6
12012169001,10,30.0,6.4043924e-08,1.6691984e-05,6
30000049001,10,54.0,1.1527906e-07,1.6691984e-05,6
14343026001,10,123.0,2.7325424e-07,3.3383967e-05,6
11103283002,10,19.0,4.269595e-08,3.3383967e-05,6
14853039001,10,18.0,4.0561154e-08,3.3383967e-05,6
31421034001,10,53.0,1.2168346e-07,5.007595e-05,6
14314003001,10,23.0,4.9100343e-08,1.6691984e-05,6
12123043001,10,45.0,9.606588e-08,1.6691984e-05,6
11020013001,10,28.0,5.977433e-08,1.6691984e-05,6
12020021001,10,1.0,2.134798e-09,1.6691984e-05,6
11061008001,10,58.0,1.2595305e-07,3.3383967e-05,6
14360016001,10,6.0,1.2808788e-08,1.6691984e-05,6
14360014001,10,69.0,1.5370541e-07,3.3383967e-05,6
12123106001,10,11.0,2.3482775e-08,1.6691984e-05,6
14851014001,10,13.0,3.629156e-08,8.345992e-05,6
12327027001,10,17.0,3.629156e-08,1.6691984e-05,6
11042010001,10,91.0,1.9853616e-07,3.3383967e-05,6
11103244002,10,63.0,1.3662704e-07,3.3383967e-05,6
12321040001,10,25.0,5.3369938e-08,1.6691984e-05,6
11010056001,10,31.0,6.831352e-08,3.3383967e-05,6
11103252001,9,63.0,1.3876183e-07,3.3383967e-05,6
14300003001,9,102.0,2.2842332e-07,3.3383967e-05,6
14243027001,9,98.0,2.2415372e-07,6.6767934e-05,6
14225057001,9,105.0,2.4550175e-07,5.007595e-05,6
11072903001,9,56.0,1.3449224e-07,5.007595e-05,6
12000041001,9,39.0,9.606588e-08,5.007595e-05,6
11103246001,9,73.0,1.7291859e-07,8.345992e-05,6
14300019001,9,68.0,1.4516623e-07,1.6691984e-05,6
11074022001,9,4.0,1.067399e-08,3.3383967e-05,6
14601028001,9,69.0,1.4730102e-07,1.6691984e-05,6
14361053001,9,175.0,4.013428e-07,5.007595e-05,6
14351028001,9,78.0,1.7932298e-07,5.007595e-05,6
14361064001,9,131.0,2.9460242e-07,5.007595e-05,6
11074060004,9,7.0,1.4943586e-08,1.6691984e-05,6
11103253001,9,43.0,9.179629e-08,1.6691984e-05,6
14353002001,9,18.0,4.0561154e-08,3.3383967e-05,6
14244005001,9,24.0,5.123514e-08,1.6691984e-05,6
14510138001,9,80.0,1.7505339e-07,3.3383967e-05,6
14506076001,9,62.0,1.4089663e-07,5.007595e-05,6
14302072001,9,128.0,2.7965874e-07,3.3383967e-05,6
14312016001,9,16.0,3.4156763e-08,1.6691984e-05,6
11111037001,9,46.0,1.0033548e-07,3.3383967e-05,6
14313021001,9,8.0,2.7752373e-08,6.6767934e-05,6
11061009001,9,26.0,5.5504735e-08,1.6691984e-05,6
14242068001,9,12.0,2.5617572e-08,1.6691984e-05,6
11051023001,9,44.0,9.3931085e-08,1.6691984e-05,6
11103085001,9,17.0,4.269595e-08,3.3383967e-05,6
11103354001,9,11.0,2.3482775e-08,1.6691984e-05,6
12000015001,9,44.0,9.606588e-08,3.3383967e-05,6
14311071001,9,41.0,8.966149e-08,3.3383967e-05,6
14330003001,9,22.0,4.6965546e-08,1.6691984e-05,6
14510038001,9,36.0,7.685271e-08,1.6691984e-05,6
11050129001,9,59.0,1.3022265e-07,3.3383967e-05,6
14310062001,9,45.0,9.820068e-08,3.3383967e-05,6
11071032001,9,70.0,1.5157062e-07,3.3383967e-05,6
14511071001,9,57.0,1.2168346e-07,1.6691984e-05,6
14511087001,9,12.0,2.775237e-08,3.3383967e-05,6
14506129001,9,75.0,1.7932298e-07,3.3383967e-05,6
14241078001,9,70.0,1.643794e-07,5.007595e-05,6
14304047001,9,51.0,1.1954866e-07,6.6767934e-05,6
14304003001,9,41.0,8.752669e-08,1.6691984e-05,6
11104001001,9,52.0,1.1314426e-07,3.3383967e-05,6
14303040001,9,111.0,2.4550175e-07,3.3383967e-05,6
14361170001,9,19.0,4.0561154e-08,1.6691984e-05,6
14506411001,9,57.0,1.3449224e-07,8.345992e-05,6
14242044001,9,87.0,2.1134494e-07,3.3383967e-05,6
14341019001,9,41.0,8.752669e-08,1.6691984e-05,6
14311093001,9,92.0,2.0280575e-07,3.3383967e-05,6
12005003001,9,36.0,7.685271e-08,1.6691984e-05,6
14225041001,9,85.0,1.9213176e-07,3.3383967e-05,6
12102101001,9,11.0,2.5617574e-08,3.3383967e-05,6
14700036001,9,36.0,7.685271e-08,1.6691984e-05,6
12101040001,9,56.0,1.2595305e-07,5.007595e-05,6
12102010001,9,41.0,8.966149e-08,3.3383967e-05,6
12102042001,9,37.0,8.11223e-08,3.3383967e-05,6
14730015001,9,58.0,1.2595305e-07,3.3383967e-05,6
14023192001,9,132.0,3.031416e-07,3.3383967e-05,6
14731005001,9,18.0,3.8426357e-08,1.6691984e-05,6
12005084004,9,15.0,3.2021966e-08,1.6691984e-05,6
31707023001,9,24.0,5.123514e-08,1.6691984e-05,6
12020920001,9,20.0,4.269595e-08,1.6691984e-05,6
12102109001,9,47.0,1.02470274e-07,3.3383967e-05,6
14633055001,9,21.0,4.483075e-08,1.6691984e-05,6
11031033001,9,20.0,4.269595e-08,1.6691984e-05,6
12010058001,9,7.0,1.4943586e-08,1.6691984e-05,6
12102136001,9,31.0,7.258311e-08,3.3383967e-05,6
31660018001,9,2.0,4.269596e-09,1.6691984e-05,6
11030024001,9,46.0,1.0033548e-07,3.3383967e-05,6
11023015001,9,23.0,5.1235137e-08,3.3383967e-05,6
12011025001,9,3.0,6.4043935e-09,1.6691984e-05,6
12011050001,9,19.0,4.4830752e-08,3.3383967e-05,6
12011051001,9,54.0,1.2168346e-07,3.3383967e-05,6
14010056001,9,110.0,2.54041e-07,5.007595e-05,6
14102365001,9,97.0,2.1561453e-07,3.3383967e-05,6
31912024001,9,88.0,1.9853616e-07,3.3383967e-05,6
12011133001,9,18.0,4.269595e-08,5.007595e-05,6
14121028001,9,170.0,4.162864e-07,5.007595e-05,6
11040060001,9,36.0,7.8987505e-08,3.3383967e-05,6
35751021001,9,25.0,5.3369938e-08,1.6691984e-05,6
14616044001,9,36.0,7.8987505e-08,3.3383967e-05,6
11040045001,9,58.0,1.2808785e-07,5.007595e-05,6
12001019001,9,65.0,1.4089663e-07,3.3383967e-05,6
12001043001,9,51.0,1.08874666e-07,1.6691984e-05,6
35300016001,9,1.0,2.134798e-09,1.6691984e-05,6
35300010001,9,7.0,1.4943586e-08,1.6691984e-05,6
12001070001,9,47.0,1.02470274e-07,3.3383967e-05,6
32600036001,9,12.0,2.5617572e-08,1.6691984e-05,6
14620171001,9,38.0,8.32571e-08,3.3383967e-05,6
12003086001,9,0.0,0.0,0.0,6
11040004001,9,25.0,5.7639532e-08,3.3383967e-05,6
12034012001,9,31.0,6.617872e-08,1.6691984e-05,6
12002008001,9,8.0,1.7078383e-08,1.6691984e-05,6
14621012001,9,84.0,2.2415372e-07,6.6767934e-05,6
14111090001,9,105.0,2.4336694e-07,5.007595e-05,6
14111012001,9,180.0,4.6111745e-07,5.007595e-05,6
12002125001,9,34.0,7.258311e-08,1.6691984e-05,6
32410016001,9,17.0,4.0561154e-08,3.3383967e-05,6
14632002001,9,20.0,4.269595e-08,1.6691984e-05,6
12003039001,9,27.0,5.977433e-08,3.3383967e-05,6
12103117001,9,50.0,1.0673987e-07,1.6691984e-05,6
12011166001,9,32.0,7.0448316e-08,3.3383967e-05,6
12000374001,9,55.0,1.1954866e-07,3.3383967e-05,6
30045076001,9,3.0,6.4043935e-09,1.6691984e-05,6
12212009001,9,24.0,5.5504735e-08,3.3383967e-05,6
11010001001,9,7.0,1.4943586e-08,1.6691984e-05,6
10022009001,9,22.0,4.9100343e-08,3.3383967e-05,6
12106038001,9,40.0,8.5391896e-08,1.6691984e-05,6
12012164001,9,46.0,9.820068e-08,1.6691984e-05,6
30002001001,9,11.0,2.5617574e-08,3.3383967e-05,6
12106112001,9,8.0,1.7078383e-08,1.6691984e-05,6
31504006001,9,4.0,8.539192e-09,1.6691984e-05,6
12110029001,9,6.0,1.2808788e-08,1.6691984e-05,6
12151095001,9,51.0,1.1527906e-07,3.3383967e-05,6
30071043001,9,40.0,8.5391896e-08,1.6691984e-05,6
12011403001,9,55.0,1.2595305e-07,3.3383967e-05,6
12112025001,9,40.0,8.5391896e-08,1.6691984e-05,6
31253001001,9,81.0,1.8145778e-07,3.3383967e-05,6
31253004001,9,28.0,5.977433e-08,1.6691984e-05,6
31500032002,9,62.0,1.3235744e-07,1.6691984e-05,6
10023124001,9,5.0,1.4943586e-08,3.3383967e-05,6
31421040001,9,19.0,4.9100343e-08,5.007595e-05,6
12122001001,9,36.0,7.8987505e-08,3.3383967e-05,6
12123070001,9,27.0,5.977433e-08,3.3383967e-05,6
12122038001,9,5.0,1.067399e-08,1.6691984e-05,6
12122036001,9,10.0,2.3482775e-08,3.3383967e-05,6
12105068001,9,62.0,1.4089663e-07,3.3383967e-05,6
12011402001,9,24.0,5.3369938e-08,3.3383967e-05,6
31567028001,9,33.0,7.0448316e-08,1.6691984e-05,6
12327054001,9,13.0,2.775237e-08,1.6691984e-05,6
14001065001,9,101.0,2.3055811e-07,5.007595e-05,6
31567023001,9,32.0,7.0448316e-08,3.3383967e-05,6
12103174001,9,17.0,3.629156e-08,1.6691984e-05,6
14833037001,9,37.0,7.8987505e-08,1.6691984e-05,6
12011291001,9,32.0,6.831352e-08,1.6691984e-05,6
14833045001,9,80.0,1.7291859e-07,3.3383967e-05,6
12104002001,9,24.0,5.123514e-08,1.6691984e-05,6
12104015001,9,12.0,2.5617572e-08,1.6691984e-05,6
14833065001,9,60.0,1.3022265e-07,3.3383967e-05,6
12327076001,9,22.0,4.6965546e-08,1.6691984e-05,6
12327025001,9,4.0,8.539192e-09,1.6691984e-05,6
31533003001,9,79.0,1.7505339e-07,5.007595e-05,6
31544077002,9,19.0,4.0561154e-08,1.6691984e-05,6
12104051001,9,13.0,2.775237e-08,1.6691984e-05,6
14850135001,9,42.0,9.3931085e-08,3.3383967e-05,6
11010035001,9,21.0,4.483075e-08,1.6691984e-05,6
12320176001,9,16.0,3.4156763e-08,1.6691984e-05,6
12302120001,9,23.0,4.9100343e-08,1.6691984e-05,6
14225016001,9,73.0,1.5797501e-07,3.3383967e-05,6
12105021001,9,34.0,7.258311e-08,1.6691984e-05,6
12301024001,9,51.0,1.1314426e-07,3.3383967e-05,6
12234036001,9,21.0,4.9100343e-08,3.3383967e-05,6
11040062001,9,6.0,1.4943586e-08,3.3383967e-05,6
12122035001,9,21.0,4.9100343e-08,3.3383967e-05,6
12000058001,9,54.0,1.17413855e-07,3.3383967e-05,6
11041025001,9,58.0,1.2808785e-07,3.3383967e-05,6
11042001001,9,61.0,1.3235744e-07,3.3383967e-05,6
14602058001,9,161.0,3.6718592e-07,5.007595e-05,6
14204151001,9,76.0,1.68649e-07,3.3383967e-05,6
14602055001,9,96.0,2.1347974e-07,3.3383967e-05,6
61064012003,9,11.0,2.3482775e-08,1.6691984e-05,6
14210015001,9,92.0,2.0280575e-07,3.3383967e-05,6
14210050001,9,95.0,2.3055811e-07,6.6767934e-05,6
14210025001,9,115.0,2.519062e-07,5.007595e-05,6
11042002001,9,46.0,1.0460507e-07,3.3383967e-05,6
14225014001,9,87.0,1.9213176e-07,3.3383967e-05,6
61064105002,9,14.0,2.988717e-08,1.6691984e-05,6
12000050001,9,52.0,1.1100946e-07,1.6691984e-05,6
41522101001,9,10.0,2.1347978e-08,1.6691984e-05,6
14614001001,9,63.0,1.3662704e-07,3.3383967e-05,6
61070019003,9,29.0,6.4043924e-08,3.3383967e-05,6
11042006001,9,49.0,1.0673987e-07,3.3383967e-05,6
11042031001,9,49.0,1.08874666e-07,3.3383967e-05,6
14133918001,9,97.0,2.1988413e-07,3.3383967e-05,6
11041030001,9,62.0,1.3876183e-07,3.3383967e-05,6
14223048001,9,110.0,2.561758e-07,5.007595e-05,6
35752003001,9,23.0,4.9100343e-08,1.6691984e-05,6
14204103001,9,37.0,7.8987505e-08,1.6691984e-05,6
14310028001,8,79.0,1.7505339e-07,3.3383967e-05,6
12011355001,8,73.0,1.643794e-07,3.3383967e-05,6
14304128001,8,4.0,8.539192e-09,1.6691984e-05,6
12102154001,8,73.0,1.643794e-07,6.6767934e-05,6
14226160001,8,22.0,4.6965546e-08,1.6691984e-05,6
12102134001,8,41.0,9.606588e-08,6.6767934e-05,6
14304230001,8,75.0,1.622446e-07,3.3383967e-05,6
11103128001,8,6.0,1.2808788e-08,1.6691984e-05,6
11030062001,8,8.0,1.7078383e-08,1.6691984e-05,6
12105063001,8,56.0,1.2381825e-07,3.3383967e-05,6
12010118001,8,58.0,1.3235744e-07,5.007595e-05,6
11112036001,8,21.0,4.483075e-08,1.6691984e-05,6
12020500001,8,49.0,1.0673987e-07,3.3383967e-05,6
11103283001,8,31.0,7.0448316e-08,3.3383967e-05,6
12011388001,8,10.0,2.1347978e-08,1.6691984e-05,6
11061054001,8,62.0,1.3662704e-07,3.3383967e-05,6
11030079001,8,19.0,4.0561154e-08,1.6691984e-05,6
12020498001,8,24.0,5.123514e-08,1.6691984e-05,6
12010145001,8,52.0,1.1100946e-07,1.6691984e-05,6
14310022001,8,37.0,7.8987505e-08,1.6691984e-05,6
12105058001,8,50.0,1.1100946e-07,3.3383967e-05,6
12000397001,8,105.0,2.2628852e-07,3.3383967e-05,6
14304013001,8,100.0,2.3909732e-07,5.007595e-05,6
11031011001,8,29.0,6.190913e-08,1.6691984e-05,6
14741009001,8,67.0,1.4516623e-07,3.3383967e-05,6
14730008001,8,61.0,1.3449224e-07,5.007595e-05,6
12005056004,8,25.0,5.3369938e-08,1.6691984e-05,6
14600999001,8,67.0,1.4303143e-07,1.6691984e-05,6
14342007001,8,61.0,1.3235744e-07,3.3383967e-05,6
14520044001,8,57.0,1.2168346e-07,1.6691984e-05,6
14604080001,8,53.0,1.1954866e-07,3.3383967e-05,6
14341016001,8,42.0,8.966149e-08,1.6691984e-05,6
14740018001,8,69.0,1.4943582e-07,3.3383967e-05,6
12011487001,8,1.0,2.134798e-09,1.6691984e-05,6
14361902001,8,74.0,1.68649e-07,3.3383967e-05,6
14602029001,8,67.0,1.4730102e-07,3.3383967e-05,6
31707076001,8,83.0,1.7932298e-07,3.3383967e-05,6
14340001001,8,67.0,1.4303143e-07,1.6691984e-05,6
14602064001,8,39.0,8.752669e-08,3.3383967e-05,6
11070018001,8,55.0,1.17413855e-07,1.6691984e-05,6
12005108001,8,23.0,4.9100343e-08,1.6691984e-05,6
14303060001,8,138.0,3.1808534e-07,5.007595e-05,6
12005108003,8,3.0,6.4043935e-09,1.6691984e-05,6
11031911001,8,28.0,6.190913e-08,3.3383967e-05,6
12000191001,8,57.0,1.2595305e-07,3.3383967e-05,6
14512023001,8,21.0,4.483075e-08,1.6691984e-05,6
12212002001,8,36.0,7.685271e-08,1.6691984e-05,6
65151027001,8,36.0,7.685271e-08,1.6691984e-05,6
12000189001,8,56.0,1.2168346e-07,3.3383967e-05,6
12010035001,8,54.0,1.1954866e-07,3.3383967e-05,6
11031022001,8,30.0,6.617872e-08,3.3383967e-05,6
12010173001,8,36.0,7.8987505e-08,3.3383967e-05,6
31607007001,8,70.0,1.4943582e-07,1.6691984e-05,6
14851073001,8,10.0,2.1347978e-08,1.6691984e-05,6
14833017001,8,77.0,1.68649e-07,3.3383967e-05,6
14506348001,8,107.0,2.5404097e-07,3.3383967e-05,6
11010045001,8,55.0,1.1954866e-07,3.3383967e-05,6
11103299001,8,6.0,1.2808788e-08,1.6691984e-05,6
14850063001,8,1.0,2.134798e-09,1.6691984e-05,6
14832024001,8,56.0,1.1954866e-07,1.6691984e-05,6
12000150001,8,29.0,6.617872e-08,5.007595e-05,6
12011198001,8,23.0,5.550474e-08,3.3383967e-05,6
14001043001,8,70.0,1.5157062e-07,3.3383967e-05,6
12104900001,8,14.0,2.988717e-08,1.6691984e-05,6
12011216001,8,36.0,7.685271e-08,1.6691984e-05,6
12103154001,8,6.0,1.2808788e-08,1.6691984e-05,6
31545011001,8,43.0,9.3931085e-08,3.3383967e-05,6
14604042001,8,41.0,8.752669e-08,1.6691984e-05,6
14311258001,8,19.0,4.483075e-08,3.3383967e-05,6
12000019001,8,39.0,8.5391896e-08,3.3383967e-05,6
12327048001,8,7.0,1.4943586e-08,1.6691984e-05,6
14000201001,8,81.0,1.8999697e-07,3.3383967e-05,6
14313899001,8,9.0,1.921318e-08,1.6691984e-05,6
11103108001,8,11.0,2.3482775e-08,1.6691984e-05,6
14510161001,8,54.0,1.1954866e-07,3.3383967e-05,6
11061003001,8,61.0,1.3449224e-07,3.3383967e-05,6
14000080001,8,163.0,3.8639917e-07,5.007595e-05,6
14833021001,8,88.0,1.9853616e-07,3.3383967e-05,6
14506330001,8,25.0,5.3369938e-08,1.6691984e-05,6
12327062001,8,12.0,2.5617572e-08,1.6691984e-05,6
12011310001,8,27.0,5.7639532e-08,1.6691984e-05,6
11103304001,8,45.0,9.820068e-08,3.3383967e-05,6
14411053001,8,9.0,1.921318e-08,1.6691984e-05,6
12011153001,8,42.0,8.966149e-08,1.6691984e-05,6
14321008001,8,21.0,4.483075e-08,1.6691984e-05,6
14011022001,8,85.0,1.8999697e-07,5.007595e-05,6
14505035001,8,84.0,2.0067095e-07,5.007595e-05,6
14011018001,8,113.0,2.4123213e-07,1.6691984e-05,6
11010021002,8,26.0,5.5504735e-08,1.6691984e-05,6
11050010002,8,15.0,3.2021966e-08,1.6691984e-05,6
31530005001,8,12.0,2.5617572e-08,1.6691984e-05,6
14310209001,8,32.0,7.258311e-08,5.007595e-05,6
12103031001,8,59.0,1.3022265e-07,3.3383967e-05,6
65031073001,8,25.0,5.5504735e-08,3.3383967e-05,6
31533097001,8,46.0,9.820068e-08,1.6691984e-05,6
12103050001,8,7.0,1.4943586e-08,1.6691984e-05,6
14500043001,8,93.0,2.0494055e-07,3.3383967e-05,6
12011009001,8,2.0,4.269596e-09,1.6691984e-05,6
11103077001,8,39.0,8.32571e-08,1.6691984e-05,6
12011014001,8,29.0,6.617872e-08,3.3383967e-05,6
11051003001,8,44.0,9.820068e-08,3.3383967e-05,6
61080007002,8,6.0,1.2808788e-08,1.6691984e-05,6
11051004001,8,30.0,6.4043924e-08,1.6691984e-05,6
14510225001,8,24.0,5.123514e-08,1.6691984e-05,6
31540007001,8,38.0,8.32571e-08,3.3383967e-05,6
14601032001,8,50.0,1.0673987e-07,1.6691984e-05,6
12011060001,8,23.0,4.9100343e-08,1.6691984e-05,6
14822116001,8,33.0,7.0448316e-08,1.6691984e-05,6
12011076001,8,31.0,6.617872e-08,1.6691984e-05,6
14210029001,8,119.0,2.54041e-07,1.6691984e-05,6
12011094001,8,43.0,9.179629e-08,1.6691984e-05,6
12105005001,8,10.0,2.1347978e-08,1.6691984e-05,6
31544075001,8,45.0,9.606588e-08,1.6691984e-05,6
14510213001,8,57.0,1.3022265e-07,3.3383967e-05,6
11110999001,8,34.0,7.258311e-08,1.6691984e-05,6
10035038001,8,42.0,9.179629e-08,3.3383967e-05,6
14303021001,8,128.0,2.8392833e-07,3.3383967e-05,6
10035033001,8,42.0,9.179629e-08,3.3383967e-05,6
32403025003,8,59.0,1.2595305e-07,1.6691984e-05,6
12123133001,8,20.0,4.483075e-08,3.3383967e-05,6
14243108001,8,56.0,1.2168346e-07,3.3383967e-05,6
11076896001,8,40.0,8.752669e-08,3.3383967e-05,6
41401071001,8,14.0,2.988717e-08,1.6691984e-05,6
14524044001,8,40.0,8.966149e-08,3.3383967e-05,6
14353023001,8,59.0,1.3235744e-07,3.3383967e-05,6
12020217001,8,22.0,4.6965546e-08,1.6691984e-05,6
31500003001,8,37.0,8.11223e-08,3.3383967e-05,6
31267002001,8,39.0,8.32571e-08,1.6691984e-05,6
14507044001,8,67.0,1.5370541e-07,3.3383967e-05,6
14509006001,8,83.0,1.8572737e-07,3.3383967e-05,6
14621026001,8,8.0,1.7078383e-08,1.6691984e-05,6
14111146001,8,105.0,2.369625e-07,5.007595e-05,6
14111099001,8,149.0,3.671858e-07,5.007595e-05,6
11110078002,8,27.0,6.4043924e-08,5.007595e-05,6
14111079001,8,70.0,1.5584021e-07,3.3383967e-05,6
14602044001,8,58.0,1.2595305e-07,3.3383967e-05,6
14621065001,8,102.0,2.3055811e-07,3.3383967e-05,6
10033062001,8,26.0,5.5504735e-08,1.6691984e-05,6
12002114001,8,51.0,1.1314426e-07,3.3383967e-05,6
31254899001,8,19.0,4.483075e-08,5.007595e-05,6
14353001001,8,35.0,7.471791e-08,1.6691984e-05,6
11072030001,8,39.0,8.32571e-08,1.6691984e-05,6
12125030001,8,32.0,6.831352e-08,1.6691984e-05,6
14110270001,8,13.0,2.775237e-08,1.6691984e-05,6
12002948001,8,36.0,7.685271e-08,1.6691984e-05,6
14352093001,8,27.0,6.4043924e-08,5.007595e-05,6
14244046001,8,69.0,1.5157062e-07,3.3383967e-05,6
12100020001,8,36.0,7.685271e-08,1.6691984e-05,6
12121060001,8,22.0,5.336994e-08,3.3383967e-05,6
14504060001,8,59.0,1.3022265e-07,3.3383967e-05,6
11040020001,8,42.0,9.3931085e-08,5.007595e-05,6
14615072001,8,87.0,1.9426656e-07,3.3383967e-05,6
14225933001,8,115.0,2.6684987e-07,3.3383967e-05,6
14602047001,8,64.0,1.4516623e-07,3.3383967e-05,6
12023202001,8,0.0,0.0,0.0,6
12123001001,8,11.0,2.3482775e-08,1.6691984e-05,6
11041009001,8,10.0,2.1347978e-08,1.6691984e-05,6
35307925001,8,1.0,2.134798e-09,1.6691984e-05,6
12000496001,8,41.0,9.179629e-08,5.007595e-05,6
12020147001,8,7.0,1.7078383e-08,3.3383967e-05,6
12000504001,8,58.0,1.2595305e-07,3.3383967e-05,6
31423897001,8,61.0,1.3235744e-07,3.3383967e-05,6
35307005001,8,8.0,1.7078383e-08,1.6691984e-05,6
12123021001,8,1.0,2.134798e-09,1.6691984e-05,6
12001011001,8,25.0,5.5504735e-08,3.3383967e-05,6
35752005001,8,8.0,1.7078383e-08,1.6691984e-05,6
12121072001,8,74.0,1.601098e-07,3.3383967e-05,6
12122008001,8,27.0,5.7639532e-08,1.6691984e-05,6
31422017001,8,57.0,1.2381825e-07,3.3383967e-05,6
12001029001,8,23.0,5.123514e-08,3.3383967e-05,6
12020034001,8,22.0,5.123514e-08,3.3383967e-05,6
14620028001,8,39.0,8.5391896e-08,3.3383967e-05,6
14200061001,8,73.0,1.643794e-07,3.3383967e-05,6
12123060001,8,13.0,2.775237e-08,1.6691984e-05,6
35300013001,8,0.0,0.0,0.0,6
14508018001,8,49.0,1.1314426e-07,3.3383967e-05,6
11110084001,8,32.0,7.0448316e-08,3.3383967e-05,6
31423902001,8,3.0,6.4043935e-09,1.6691984e-05,6
14620061001,8,14.0,2.988717e-08,1.6691984e-05,6
14507061001,8,44.0,9.606588e-08,3.3383967e-05,6
14631100001,8,47.0,1.0033548e-07,1.6691984e-05,6
14353003001,8,7.0,1.4943586e-08,1.6691984e-05,6
61064195003,8,18.0,4.0561154e-08,3.3383967e-05,6
14223065001,8,85.0,1.9426656e-07,5.007595e-05,6
12102002001,8,19.0,4.0561154e-08,1.6691984e-05,6
10023031001,8,31.0,7.0448316e-08,3.3383967e-05,6
11073012001,8,56.0,1.2168346e-07,3.3383967e-05,6
12101033001,8,63.0,1.3876183e-07,3.3383967e-05,6
14505973001,8,15.0,3.2021966e-08,1.6691984e-05,6
14700037001,8,43.0,9.179629e-08,1.6691984e-05,6
12112017001,8,41.0,8.752669e-08,1.6691984e-05,6
11103153001,8,19.0,4.0561154e-08,1.6691984e-05,6
14101002001,8,118.0,2.6258022e-07,3.3383967e-05,6
14226032001,8,62.0,1.3449224e-07,3.3383967e-05,6
11112004001,8,44.0,9.606588e-08,3.3383967e-05,6
14633031001,8,41.0,8.752669e-08,1.6691984e-05,6
14634025001,8,86.0,1.8786217e-07,3.3383967e-05,6
14244935001,8,71.0,1.5370541e-07,3.3383967e-05,6
12100091001,8,64.0,1.4303143e-07,3.3383967e-05,6
12151094001,8,36.0,8.32571e-08,3.3383967e-05,6
12014035001,8,80.0,1.7718818e-07,5.007595e-05,6
14633908001,8,24.0,5.123514e-08,1.6691984e-05,6
11110031001,8,10.0,2.1347978e-08,1.6691984e-05,6
14632186001,8,22.0,4.6965546e-08,1.6691984e-05,6
12014004001,8,27.0,5.7639532e-08,1.6691984e-05,6
31240002001,8,23.0,4.9100343e-08,1.6691984e-05,6
10033052001,8,23.0,4.9100343e-08,1.6691984e-05,6
14352027001,8,20.0,4.269595e-08,1.6691984e-05,6
14352031001,8,27.0,5.7639532e-08,1.6691984e-05,6
14632044001,8,98.0,2.1561453e-07,3.3383967e-05,6
14301110001,8,88.0,1.9426656e-07,5.007595e-05,6
14350018001,7,54.0,1.2168346e-07,3.3383967e-05,6
14505913001,7,75.0,1.7078379e-07,5.007595e-05,6
12326167001,7,10.0,2.1347978e-08,1.6691984e-05,6
12012168001,7,48.0,1.0673987e-07,3.3383967e-05,6
12011477001,7,34.0,7.471791e-08,3.3383967e-05,6
11061016001,7,43.0,9.3931085e-08,3.3383967e-05,6
31531047001,7,75.0,1.622446e-07,3.3383967e-05,6
11061001001,7,44.0,9.606588e-08,3.3383967e-05,6
14602051001,7,45.0,9.820068e-08,3.3383967e-05,6
14360001001,7,51.0,1.08874666e-07,1.6691984e-05,6
12151092001,7,29.0,6.190913e-08,1.6691984e-05,6
12020032003,7,13.0,2.775237e-08,1.6691984e-05,6
12106087001,7,20.0,4.269595e-08,1.6691984e-05,6
14604038001,7,87.0,1.9426656e-07,3.3383967e-05,6
14340002001,7,40.0,8.752669e-08,3.3383967e-05,6
14313891001,7,15.0,3.2021966e-08,1.6691984e-05,6
14604041001,7,64.0,1.5370541e-07,5.007595e-05,6
12110015001,7,27.0,5.7639532e-08,1.6691984e-05,6
12327026001,7,7.0,1.7078383e-08,3.3383967e-05,6
14313004001,7,9.0,2.988717e-08,5.007595e-05,6
14411023001,7,3.0,6.4043935e-09,1.6691984e-05,6
12327035001,7,2.0,4.269596e-09,1.6691984e-05,6
14833079001,7,92.0,2.0280575e-07,3.3383967e-05,6
12201122001,7,20.0,4.269595e-08,1.6691984e-05,6
12000039001,7,15.0,4.0561154e-08,3.3383967e-05,6
14411015001,7,7.0,1.4943586e-08,1.6691984e-05,6
14506393001,7,73.0,1.622446e-07,3.3383967e-05,6
14604078001,7,24.0,5.3369938e-08,3.3383967e-05,6
14344005001,7,74.0,1.5797501e-07,1.6691984e-05,6
12016113001,7,46.0,9.820068e-08,1.6691984e-05,6
12123102001,7,43.0,9.179629e-08,1.6691984e-05,6
10023068001,7,10.0,2.3482775e-08,3.3383967e-05,6
12130088001,7,15.0,3.629156e-08,3.3383967e-05,6
12120005001,7,9.0,1.921318e-08,1.6691984e-05,6
65111095001,7,13.0,2.775237e-08,1.6691984e-05,6
14331898001,7,53.0,1.1527906e-07,3.3383967e-05,6
11103282001,7,27.0,5.7639532e-08,1.6691984e-05,6
10023991001,7,47.0,1.02470274e-07,3.3383967e-05,6
31533085001,7,30.0,6.4043924e-08,1.6691984e-05,6
12212060001,7,50.0,1.1100946e-07,3.3383967e-05,6
12105037001,7,7.0,1.4943586e-08,1.6691984e-05,6
12020264001,7,27.0,5.7639532e-08,1.6691984e-05,6
65031151001,7,8.0,1.7078383e-08,1.6691984e-05,6
14352999001,7,86.0,1.9640136e-07,5.007595e-05,6
12000076001,7,36.0,8.11223e-08,3.3383967e-05,6
31236034001,7,28.0,5.977433e-08,1.6691984e-05,6
14370010001,7,14.0,2.988717e-08,1.6691984e-05,6
12130029001,7,6.0,1.2808788e-08,1.6691984e-05,6
10020017001,7,3.0,6.4043935e-09,1.6691984e-05,6
14853034001,7,7.0,1.4943586e-08,1.6691984e-05,6
12105059001,7,63.0,1.3662704e-07,3.3383967e-05,6
12120079001,7,24.0,5.977433e-08,6.6767934e-05,6
31118023001,7,36.0,7.685271e-08,1.6691984e-05,6
14362039001,7,65.0,1.4089663e-07,3.3383967e-05,6
30073068001,7,36.0,7.8987505e-08,3.3383967e-05,6
31532003001,7,27.0,7.258312e-08,3.3383967e-05,6
14508022001,7,38.0,8.11223e-08,1.6691984e-05,6
66511056001,7,18.0,3.8426357e-08,1.6691984e-05,6
12022043001,7,24.0,5.3369938e-08,3.3383967e-05,6
12000093001,7,55.0,1.17413855e-07,1.6691984e-05,6
12111074001,7,11.0,2.3482775e-08,1.6691984e-05,6
12123134001,7,13.0,2.9887165e-08,3.3383967e-05,6
11103244001,7,55.0,1.1954866e-07,3.3383967e-05,6
65031047001,7,22.0,4.9100343e-08,3.3383967e-05,6
12121027001,7,39.0,9.179629e-08,5.007595e-05,6
31532059001,7,47.0,1.0033548e-07,1.6691984e-05,6
12017009001,7,15.0,3.2021966e-08,1.6691984e-05,6
12150007001,7,56.0,1.2381825e-07,5.007595e-05,6
30073017001,7,9.0,1.921318e-08,1.6691984e-05,6
11061031001,7,65.0,1.4089663e-07,3.3383967e-05,6
12302008001,7,14.0,2.988717e-08,1.6691984e-05,6
31271016001,7,20.0,4.269595e-08,1.6691984e-05,6
14603009001,7,68.0,1.601098e-07,5.007595e-05,6
12105070001,7,44.0,9.3931085e-08,1.6691984e-05,6
12000057001,7,49.0,1.1527906e-07,5.007595e-05,6
11022035001,7,43.0,9.606588e-08,5.007595e-05,6
14312068001,7,46.0,9.820068e-08,1.6691984e-05,6
14300021001,7,57.0,1.2381825e-07,3.3383967e-05,6
11042003001,7,28.0,5.977433e-08,1.6691984e-05,6
14700050001,7,28.0,6.190913e-08,3.3383967e-05,6
14300096001,7,103.0,2.2628852e-07,3.3383967e-05,6
14612925001,7,61.0,1.3022265e-07,1.6691984e-05,6
11101034001,7,19.0,4.0561154e-08,1.6691984e-05,6
31821065001,7,19.0,4.483075e-08,3.3383967e-05,6
14103048001,7,49.0,1.08874666e-07,3.3383967e-05,6
14301109001,7,147.0,3.223549e-07,3.3383967e-05,6
12100092001,7,46.0,9.820068e-08,1.6691984e-05,6
14633046001,7,88.0,1.9640136e-07,5.007595e-05,6
14104088001,7,114.0,2.6684987e-07,5.007595e-05,6
14632482001,7,92.0,2.0280575e-07,3.3383967e-05,6
12100054001,7,28.0,5.977433e-08,1.6691984e-05,6
12020960001,7,32.0,6.831352e-08,1.6691984e-05,6
12000207001,7,39.0,8.752669e-08,3.3383967e-05,6
31762003001,7,47.0,1.02470274e-07,3.3383967e-05,6
14304062001,7,46.0,1.0673987e-07,3.3383967e-05,6
61062008001,7,10.0,2.1347978e-08,1.6691984e-05,6
11031041001,7,36.0,8.11223e-08,3.3383967e-05,6
11103008001,7,19.0,4.269595e-08,3.3383967e-05,6
11031910002,7,23.0,4.9100343e-08,1.6691984e-05,6
31677021002,7,20.0,4.269595e-08,1.6691984e-05,6
14601010001,7,80.0,1.7505339e-07,3.3383967e-05,6
12005084007,7,15.0,3.2021966e-08,1.6691984e-05,6
11031917001,7,30.0,6.617872e-08,3.3383967e-05,6
12005015007,7,9.0,1.921318e-08,1.6691984e-05,6
31707086001,7,27.0,5.977433e-08,3.3383967e-05,6
14023140001,7,188.0,4.3549977e-07,6.6767934e-05,6
11074021001,7,12.0,2.5617572e-08,1.6691984e-05,6
11102012001,7,21.0,4.483075e-08,1.6691984e-05,6
14730898001,7,39.0,8.5391896e-08,3.3383967e-05,6
31709944001,7,8.0,1.7078383e-08,1.6691984e-05,6
14104117001,7,83.0,1.9213176e-07,3.3383967e-05,6
14632342001,7,25.0,5.3369938e-08,1.6691984e-05,6
11050063001,7,28.0,5.977433e-08,1.6691984e-05,6
34511051001,7,4.0,8.539192e-09,1.6691984e-05,6
41310021001,7,14.0,2.988717e-08,1.6691984e-05,6
11076892001,7,8.0,1.7078383e-08,1.6691984e-05,6
11074046001,7,47.0,1.0673987e-07,5.007595e-05,6
11110079005,7,35.0,8.11223e-08,3.3383967e-05,6
11040027001,7,21.0,4.483075e-08,1.6691984e-05,6
12001059001,7,53.0,1.1314426e-07,1.6691984e-05,6
14620058001,7,56.0,1.2168346e-07,3.3383967e-05,6
14632295001,7,19.0,4.0561154e-08,1.6691984e-05,6
14504044001,7,83.0,1.8572737e-07,3.3383967e-05,6
12001047001,7,20.0,4.483075e-08,3.3383967e-05,6
12001037001,7,93.0,2.0067095e-07,3.3383967e-05,6
12001023001,7,27.0,5.7639532e-08,1.6691984e-05,6
12000498001,7,33.0,7.0448316e-08,1.6691984e-05,6
14615897001,7,95.0,2.0921014e-07,3.3383967e-05,6
14243110001,7,13.0,2.775237e-08,1.6691984e-05,6
11110079004,7,23.0,5.3369938e-08,3.3383967e-05,6
14203065001,7,34.0,7.258311e-08,1.6691984e-05,6
12002005001,7,77.0,1.665142e-07,3.3383967e-05,6
12002021001,7,28.0,6.190913e-08,3.3383967e-05,6
12002035001,7,44.0,9.3931085e-08,1.6691984e-05,6
41522089001,7,5.0,1.067399e-08,1.6691984e-05,6
32502015001,7,11.0,2.3482775e-08,1.6691984e-05,6
11074033001,7,25.0,5.5504735e-08,3.3383967e-05,6
32470093001,7,24.0,5.3369938e-08,3.3383967e-05,6
11041031001,7,28.0,5.977433e-08,1.6691984e-05,6
14613017001,7,16.0,3.4156763e-08,1.6691984e-05,6
11100021001,7,72.0,1.5797501e-07,3.3383967e-05,6
14632080001,7,71.0,1.5797501e-07,3.3383967e-05,6
14522043001,7,37.0,7.8987505e-08,1.6691984e-05,6
12003059001,7,44.0,9.3931085e-08,1.6691984e-05,6
14244062001,7,16.0,3.629156e-08,3.3383967e-05,6
11112021001,7,22.0,4.910034e-08,3.3383967e-05,6
11110005001,7,19.0,4.0561154e-08,1.6691984e-05,6
11103884001,7,25.0,5.3369938e-08,1.6691984e-05,6
14000219001,7,128.0,2.8392836e-07,5.007595e-05,6
31611044001,7,59.0,1.3235744e-07,5.007595e-05,6
12010201001,7,41.0,8.966149e-08,3.3383967e-05,6
12010213001,7,57.0,1.68649e-07,3.3383967e-05,6
14312011001,7,72.0,1.601098e-07,3.3383967e-05,6
31607015001,7,43.0,9.179629e-08,1.6691984e-05,6
12011265001,7,47.0,1.0460507e-07,3.3383967e-05,6
14010283001,7,109.0,2.711195e-07,6.6767934e-05,6
14000120001,7,114.0,2.561758e-07,5.007595e-05,6
11021023001,7,64.0,1.4089663e-07,3.3383967e-05,6
14506222001,7,87.0,1.9426656e-07,5.007595e-05,6
12011044001,7,43.0,9.606588e-08,3.3383967e-05,6
12011100001,7,64.0,1.3876183e-07,3.3383967e-05,6
14510178001,7,92.0,2.0494055e-07,3.3383967e-05,6
14506176001,7,60.0,1.2808785e-07,1.6691984e-05,6
11042022001,7,32.0,6.831352e-08,1.6691984e-05,6
14510184001,7,18.0,3.8426357e-08,1.6691984e-05,6
11050010001,7,35.0,7.471791e-08,1.6691984e-05,6
11103102001,7,41.0,9.820068e-08,5.007595e-05,6
11103086002,7,7.0,1.4943586e-08,1.6691984e-05,6
12011118001,7,17.0,4.0561154e-08,3.3383967e-05,6
14002014001,7,72.0,1.7078379e-07,5.007595e-05,6
14611014001,7,38.0,8.32571e-08,3.3383967e-05,6
14510206001,7,26.0,5.5504735e-08,1.6691984e-05,6
11021064001,7,72.0,1.5584021e-07,3.3383967e-05,6
12011213001,7,29.0,6.4043924e-08,3.3383967e-05,6
12103132001,7,9.0,1.921318e-08,1.6691984e-05,6
14611009001,7,64.0,1.4303143e-07,3.3383967e-05,6
14310128001,7,2.0,4.269596e-09,1.6691984e-05,6
14213008001,7,116.0,3.0100665e-07,5.007595e-05,6
12011304001,7,69.0,1.4730102e-07,1.6691984e-05,6
11103321002,7,48.0,1.02470274e-07,1.6691984e-05,6
31675047001,7,15.0,3.4156763e-08,3.3383967e-05,6
14304135001,7,74.0,1.643794e-07,3.3383967e-05,6
12010097001,7,4.0,8.539192e-09,1.6691984e-05,6
11030180001,7,68.0,1.5370541e-07,3.3383967e-05,6
12102132001,7,16.0,3.4156763e-08,1.6691984e-05,6
14204897001,7,24.0,5.123514e-08,1.6691984e-05,6
31627899001,7,11.0,2.3482775e-08,1.6691984e-05,6
12010123001,7,31.0,6.831352e-08,3.3383967e-05,6
12011308001,7,57.0,1.3022265e-07,5.007595e-05,6
12102150001,7,45.0,9.606588e-08,1.6691984e-05,6
12102153001,7,53.0,1.2168346e-07,3.3383967e-05,6
11103092001,7,10.0,2.1347978e-08,1.6691984e-05,6
14511021001,7,15.0,3.8426357e-08,3.3383967e-05,6
11103054003,7,28.0,6.190913e-08,3.3383967e-05,6
31552006001,6,52.0,1.17413855e-07,3.3383967e-05,6
12122017001,6,4.0,8.539192e-09,1.6691984e-05,6
11074060002,6,4.0,8.539192e-09,1.6691984e-05,6
12034053001,6,29.0,6.4043924e-08,3.3383967e-05,6
31423903001,6,87.0,1.8999697e-07,3.3383967e-05,6
33120021001,6,5.0,1.067399e-08,1.6691984e-05,6
14502069001,6,32.0,7.0448316e-08,3.3383967e-05,6
12032228001,6,42.0,9.3931085e-08,5.007595e-05,6
12104001001,6,22.0,4.6965546e-08,1.6691984e-05,6
33550937001,6,2.0,4.269596e-09,1.6691984e-05,6
11070040001,6,1.0,2.134798e-09,1.6691984e-05,6
14361021001,6,60.0,1.3662704e-07,3.3383967e-05,6
12034095001,6,7.0,1.7078383e-08,3.3383967e-05,6
41223066001,6,3.0,6.4043935e-09,1.6691984e-05,6
11074060003,6,4.0,8.539192e-09,1.6691984e-05,6
11070046001,6,3.0,6.4043935e-09,1.6691984e-05,6
12020132001,6,12.0,2.5617572e-08,1.6691984e-05,6
10014001001,6,36.0,7.685271e-08,1.6691984e-05,6
10010023001,6,7.0,1.4943586e-08,1.6691984e-05,6
10002911001,6,11.0,2.3482775e-08,1.6691984e-05,6
12020203001,6,32.0,7.258311e-08,3.3383967e-05,6
14506329001,6,62.0,1.3235744e-07,1.6691984e-05,6
11070042001,6,1.0,2.134798e-09,1.6691984e-05,6
32431162001,6,10.0,2.1347978e-08,1.6691984e-05,6
32510002001,6,6.0,1.2808788e-08,1.6691984e-05,6
35301023001,6,2.0,4.269596e-09,1.6691984e-05,6
31455016001,6,19.0,4.269595e-08,3.3383967e-05,6
12104027002,6,8.0,1.7078383e-08,1.6691984e-05,6
11075002001,6,14.0,2.988717e-08,1.6691984e-05,6
12020163001,6,21.0,4.6965546e-08,3.3383967e-05,6
11076928001,6,13.0,2.775237e-08,1.6691984e-05,6
11076938001,6,22.0,4.6965546e-08,1.6691984e-05,6
14361070001,6,77.0,1.68649e-07,3.3383967e-05,6
11074016001,6,28.0,5.977433e-08,1.6691984e-05,6
11070030001,6,35.0,7.471791e-08,1.6691984e-05,6
10023079001,6,1.0,2.134798e-09,1.6691984e-05,6
31675052001,6,1.0,2.134798e-09,1.6691984e-05,6
32404033001,6,24.0,5.3369938e-08,3.3383967e-05,6
12106056001,6,35.0,7.685271e-08,3.3383967e-05,6
12102029001,6,46.0,1.0887467e-07,6.6767934e-05,6
12106073001,6,26.0,5.5504735e-08,1.6691984e-05,6
10020006001,6,13.0,2.775237e-08,1.6691984e-05,6
12020461001,6,15.0,3.2021966e-08,1.6691984e-05,6
10014123001,6,27.0,5.7639532e-08,1.6691984e-05,6
12102041001,6,43.0,9.606588e-08,3.3383967e-05,6
12106063001,6,28.0,5.977433e-08,1.6691984e-05,6
31621907001,6,20.0,4.269595e-08,1.6691984e-05,6
10020029001,6,23.0,4.9100343e-08,1.6691984e-05,6
12106061001,6,20.0,4.269595e-08,1.6691984e-05,6
31423013001,6,42.0,8.966149e-08,1.6691984e-05,6
12106113001,6,9.0,1.921318e-08,1.6691984e-05,6
14361179001,6,60.0,1.3235744e-07,3.3383967e-05,6
31530082001,6,12.0,2.5617572e-08,1.6691984e-05,6
11102013001,6,31.0,6.831352e-08,3.3383967e-05,6
11074019001,6,26.0,5.7639532e-08,3.3383967e-05,6
12102091001,6,52.0,1.1314426e-07,3.3383967e-05,6
31677045001,6,1.0,2.134798e-09,1.6691984e-05,6
12102108001,6,5.0,1.067399e-08,1.6691984e-05,6
12105908001,6,25.0,5.3369938e-08,1.6691984e-05,6
11073002001,6,21.0,4.6965546e-08,3.3383967e-05,6
12102112002,6,56.0,1.2381825e-07,3.3383967e-05,6
31762012001,6,44.0,9.606588e-08,3.3383967e-05,6
14505996001,6,117.0,2.6471506e-07,3.3383967e-05,6
14506262001,6,80.0,1.7718818e-07,3.3383967e-05,6
12100043001,6,51.0,1.1314426e-07,3.3383967e-05,6
10023055001,6,5.0,1.067399e-08,1.6691984e-05,6
11103187001,6,0.0,0.0,0.0,6
10023054001,6,12.0,2.5617572e-08,1.6691984e-05,6
12020964001,6,19.0,4.0561154e-08,1.6691984e-05,6
11070019001,6,1.0,2.134798e-09,1.6691984e-05,6
12103098001,6,24.0,5.123514e-08,1.6691984e-05,6
10014075001,6,7.0,1.4943586e-08,1.6691984e-05,6
12112039001,6,16.0,3.4156763e-08,1.6691984e-05,6
12022153001,6,32.0,6.831352e-08,1.6691984e-05,6
11103157001,6,59.0,1.2595305e-07,1.6691984e-05,6
12103073001,6,7.0,1.4943586e-08,1.6691984e-05,6
11103113001,6,26.0,5.5504735e-08,1.6691984e-05,6
10014069001,6,13.0,2.775237e-08,1.6691984e-05,6
12100056001,6,16.0,3.4156763e-08,1.6691984e-05,6
31912011001,6,30.0,6.4043924e-08,1.6691984e-05,6
11101009001,6,0.0,0.0,0.0,6
10023004001,6,7.0,1.4943586e-08,1.6691984e-05,6
12101001002,6,4.0,8.539192e-09,1.6691984e-05,6
11103078001,6,36.0,7.685271e-08,1.6691984e-05,6
14506641001,6,52.0,1.1527906e-07,3.3383967e-05,6
31602059001,6,21.0,4.483075e-08,1.6691984e-05,6
12101016001,6,59.0,1.2595305e-07,1.6691984e-05,6
12020272001,6,19.0,4.0561154e-08,1.6691984e-05,6
11061028001,6,48.0,1.08874666e-07,3.3383967e-05,6
31423010001,6,18.0,3.8426357e-08,1.6691984e-05,6
14304195001,6,59.0,1.2595305e-07,1.6691984e-05,6
12010052001,6,30.0,6.4043924e-08,1.6691984e-05,6
11031040001,6,42.0,8.966149e-08,1.6691984e-05,6
14801012001,6,24.0,5.123514e-08,1.6691984e-05,6
14303927001,6,78.0,1.68649e-07,3.3383967e-05,6
12005107003,6,1.0,2.134798e-09,1.6691984e-05,6
12005107001,6,4.0,8.539192e-09,1.6691984e-05,6
14303039001,6,57.0,1.3662704e-07,6.6767934e-05,6
14512048001,6,5.0,1.067399e-08,1.6691984e-05,6
14740003001,6,64.0,1.4730102e-07,5.007595e-05,6
14730906001,6,9.0,1.921318e-08,1.6691984e-05,6
14720003001,6,3.0,6.4043935e-09,1.6691984e-05,6
14710038001,6,7.0,1.4943586e-08,1.6691984e-05,6
14701045001,6,27.0,5.7639532e-08,1.6691984e-05,6
14701012001,6,47.0,1.0033548e-07,1.6691984e-05,6
11031922001,6,37.0,8.11223e-08,3.3383967e-05,6
12005002003,6,11.0,2.3482775e-08,1.6691984e-05,6
14700008001,6,56.0,1.1954866e-07,1.6691984e-05,6
14300016001,6,70.0,1.5157062e-07,3.3383967e-05,6
14634021001,6,46.0,9.820068e-08,1.6691984e-05,6
12003134001,6,32.0,7.0448316e-08,3.3383967e-05,6
14633108001,6,45.0,9.606588e-08,1.6691984e-05,6
14244911001,6,22.0,4.6965546e-08,1.6691984e-05,6
14632449001,6,58.0,1.3235744e-07,5.007595e-05,6
12010103001,6,27.0,5.7639532e-08,1.6691984e-05,6
14013015001,6,64.0,1.4943582e-07,3.3383967e-05,6
12011264001,6,29.0,6.4043924e-08,3.3383967e-05,6
14013006001,6,146.0,3.3729864e-07,5.007595e-05,6
12011226001,6,23.0,4.9100343e-08,1.6691984e-05,6
14311220001,6,44.0,9.606588e-08,3.3383967e-05,6
11103336001,6,18.0,4.269595e-08,3.3383967e-05,6
11021051001,6,6.0,1.4943586e-08,3.3383967e-05,6
12011192001,6,12.0,2.5617572e-08,1.6691984e-05,6
12011182001,6,4.0,8.539192e-09,1.6691984e-05,6
14311075001,6,72.0,1.643794e-07,3.3383967e-05,6
11022056001,6,43.0,9.179629e-08,1.6691984e-05,6
11103365001,6,9.0,2.1347978e-08,3.3383967e-05,6
12011063001,6,29.0,6.190913e-08,1.6691984e-05,6
14822053001,6,43.0,9.3931085e-08,3.3383967e-05,6
14822044001,6,59.0,1.2808785e-07,3.3383967e-05,6
12011037001,6,9.0,1.921318e-08,1.6691984e-05,6
11050141002,6,43.0,9.179629e-08,1.6691984e-05,6
12010261001,6,16.0,3.4156763e-08,1.6691984e-05,6
12010249001,6,16.0,3.4156763e-08,1.6691984e-05,6
12010228001,6,24.0,5.123514e-08,1.6691984e-05,6
12010227001,6,18.0,3.8426357e-08,1.6691984e-05,6
12010172001,6,26.0,5.977433e-08,3.3383967e-05,6
14011040001,6,57.0,1.2808785e-07,3.3383967e-05,6
12010161001,6,7.0,1.4943586e-08,1.6691984e-05,6
14805902001,6,20.0,4.269595e-08,1.6691984e-05,6
14310003001,6,32.0,6.831352e-08,1.6691984e-05,6
12003084001,6,47.0,1.0460507e-07,3.3383967e-05,6
14244077001,6,0.0,0.0,0.0,6
14110007001,6,68.0,1.5370541e-07,3.3383967e-05,6
11050052001,6,42.0,8.966149e-08,1.6691984e-05,6
12000265001,6,10.0,2.1347978e-08,1.6691984e-05,6
12000260001,6,40.0,8.966149e-08,3.3383967e-05,6
14203099001,6,45.0,9.606588e-08,1.6691984e-05,6
12000239001,6,46.0,1.0033548e-07,3.3383967e-05,6
11050030001,6,31.0,6.617872e-08,1.6691984e-05,6
11041999001,6,66.0,1.4516623e-07,3.3383967e-05,6
12000221001,6,39.0,1.1100947e-07,3.3383967e-05,6
12000200001,6,22.0,4.6965546e-08,1.6691984e-05,6
14204107001,6,50.0,1.0673987e-07,1.6691984e-05,6
12000003001,6,57.0,1.2595305e-07,3.3383967e-05,6
14210031001,6,99.0,2.1774933e-07,3.3383967e-05,6
14210114001,6,24.0,5.3369938e-08,3.3383967e-05,6
11042029001,6,46.0,1.02470274e-07,3.3383967e-05,6
14222001001,6,172.0,4.0988203e-07,5.007595e-05,6
14604033001,6,43.0,9.179629e-08,1.6691984e-05,6
14604019001,6,57.0,1.2168346e-07,1.6691984e-05,6
14602116001,6,17.0,3.629156e-08,1.6691984e-05,6
12000070001,6,65.0,1.4303143e-07,5.007595e-05,6
14226046001,6,30.0,7.0448316e-08,5.007595e-05,6
12000061001,6,31.0,6.831352e-08,3.3383967e-05,6
14223155001,6,77.0,1.68649e-07,3.3383967e-05,6
14602037001,6,34.0,7.258311e-08,1.6691984e-05,6
14225938001,6,102.0,2.1988413e-07,3.3383967e-05,6
14242126001,6,119.0,2.6684984e-07,3.3383967e-05,6
12000314001,6,33.0,7.0448316e-08,1.6691984e-05,6
12000320001,6,45.0,9.820068e-08,3.3383967e-05,6
11040025001,6,22.0,4.6965546e-08,1.6691984e-05,6
11110056001,6,38.0,8.11223e-08,1.6691984e-05,6
11032017001,6,28.0,5.977433e-08,1.6691984e-05,6
14630050001,6,17.0,3.629156e-08,1.6691984e-05,6
14111007001,6,109.0,2.519062e-07,5.007595e-05,6
12002103001,6,39.0,8.752669e-08,3.3383967e-05,6
12002071001,6,40.0,8.752669e-08,3.3383967e-05,6
14524043001,6,36.0,7.8987505e-08,3.3383967e-05,6
12002003001,6,35.0,7.685271e-08,3.3383967e-05,6
14600003001,6,79.0,1.7291859e-07,5.007595e-05,6
12001077001,6,35.0,7.471791e-08,1.6691984e-05,6
14243055001,6,68.0,1.5584021e-07,3.3383967e-05,6
11041012001,6,20.0,4.269595e-08,1.6691984e-05,6
14243053001,6,39.0,8.5391896e-08,3.3383967e-05,6
11110087001,6,37.0,7.8987505e-08,1.6691984e-05,6
11040029002,6,27.0,5.7639532e-08,1.6691984e-05,6
11110088001,6,32.0,6.831352e-08,1.6691984e-05,6
12000505001,6,34.0,7.471791e-08,3.3383967e-05,6
12000480001,6,42.0,9.179629e-08,3.3383967e-05,6
14242210001,6,17.0,3.629156e-08,1.6691984e-05,6
14132231001,6,89.0,2.0707535e-07,5.007595e-05,6
14133013001,6,94.0,2.0067095e-07,1.6691984e-05,6
12000372001,6,27.0,6.190913e-08,3.3383967e-05,6
12011243001,6,39.0,8.966149e-08,5.007595e-05,6
12010140001,6,16.0,3.4156763e-08,1.6691984e-05,6
12011276001,6,38.0,8.32571e-08,3.3383967e-05,6
31214010001,6,27.0,5.7639532e-08,1.6691984e-05,6
12150005001,6,40.0,8.5391896e-08,1.6691984e-05,6
12150027001,6,14.0,2.988717e-08,1.6691984e-05,6
14509024001,6,54.0,1.2168346e-07,3.3383967e-05,6
12151110001,6,56.0,1.2808785e-07,5.007595e-05,6
10032005001,6,26.0,5.5504735e-08,1.6691984e-05,6
12016027001,6,24.0,5.123514e-08,1.6691984e-05,6
30003001001,6,55.0,1.2381825e-07,5.007595e-05,6
12016009001,6,0.0,0.0,0.0,6
12014028001,6,34.0,7.8987505e-08,5.007595e-05,6
14342012001,6,0.0,0.0,0.0,6
10041005001,6,17.0,3.8426357e-08,3.3383967e-05,6
12011282001,6,40.0,8.966149e-08,3.3383967e-05,6
12012022001,6,38.0,8.11223e-08,1.6691984e-05,6
14341010001,6,73.0,1.622446e-07,3.3383967e-05,6
12201895001,6,33.0,7.0448316e-08,1.6691984e-05,6
14340008001,6,32.0,6.831352e-08,1.6691984e-05,6
10052009001,6,71.0,1.5584021e-07,3.3383967e-05,6
12011453001,6,9.0,1.921318e-08,1.6691984e-05,6
14332018001,6,8.0,1.7078383e-08,1.6691984e-05,6
12011439001,6,46.0,9.820068e-08,1.6691984e-05,6
14854027001,6,4.0,8.539192e-09,1.6691984e-05,6
14332010001,6,12.0,2.5617572e-08,1.6691984e-05,6
12011416001,6,35.0,7.8987505e-08,3.3383967e-05,6
14332005001,6,21.0,4.483075e-08,1.6691984e-05,6
12212022001,6,36.0,7.685271e-08,1.6691984e-05,6
30450034001,6,20.0,4.269595e-08,1.6691984e-05,6
14351059001,6,31.0,6.617872e-08,1.6691984e-05,6
11061052001,6,44.0,9.606588e-08,3.3383967e-05,6
31235906001,6,13.0,2.775237e-08,1.6691984e-05,6
11103211001,6,47.0,1.0460507e-07,3.3383967e-05,6
12020085001,6,49.0,1.0460507e-07,1.6691984e-05,6
10023104001,6,7.0,1.4943586e-08,1.6691984e-05,6
31422019001,6,13.0,2.775237e-08,1.6691984e-05,6
12020019001,6,9.0,1.921318e-08,1.6691984e-05,6
12020005003,6,31.0,6.617872e-08,1.6691984e-05,6
11103233001,6,55.0,1.2381825e-07,5.007595e-05,6
12020005001,6,36.0,7.685271e-08,1.6691984e-05,6
12123094001,6,10.0,2.1347978e-08,1.6691984e-05,6
12123098001,6,15.0,3.629156e-08,3.3383967e-05,6
12123105001,6,1.0,2.134798e-09,1.6691984e-05,6
12123109001,6,33.0,7.258311e-08,3.3383967e-05,6
31420007001,6,34.0,7.8987505e-08,3.3383967e-05,6
14353029001,6,50.0,1.1314426e-07,6.6767934e-05,6
31420003001,6,52.0,1.1527906e-07,3.3383967e-05,6
11103244003,6,33.0,7.0448316e-08,1.6691984e-05,6
31273002001,6,35.0,7.471791e-08,1.6691984e-05,6
14353012001,6,8.0,1.7078383e-08,1.6691984e-05,6
12016114001,6,13.0,2.775237e-08,1.6691984e-05,6
14509011001,6,29.0,6.4043924e-08,3.3383967e-05,6
14352076001,6,45.0,9.820068e-08,3.3383967e-05,6
12130038001,6,0.0,0.0,0.0,6
12130041001,6,12.0,3.2021966e-08,5.007595e-05,6
31236033001,6,21.0,6.617873e-08,3.3383967e-05,6
12130051001,6,13.0,2.775237e-08,1.6691984e-05,6
12011373001,6,22.0,4.9100343e-08,3.3383967e-05,6
12012045001,6,11.0,2.3482775e-08,1.6691984e-05,6
12021028001,6,17.0,3.629156e-08,1.6691984e-05,6
12327016001,6,7.0,1.4943586e-08,1.6691984e-05,6
12327077001,6,3.0,6.4043935e-09,1.6691984e-05,6
12327052001,6,16.0,3.4156763e-08,1.6691984e-05,6
12301037001,6,19.0,4.0561154e-08,1.6691984e-05,6
11061015001,6,50.0,1.0673987e-07,1.6691984e-05,6
12234915001,6,4.0,1.2808787e-08,3.3383967e-05,6
12011337001,6,34.0,7.471791e-08,3.3383967e-05,6
14313008001,6,12.0,2.5617572e-08,1.6691984e-05,6
12234901001,6,4.0,1.4943584e-08,5.007595e-05,6
11010058001,6,53.0,1.17413855e-07,3.3383967e-05,6
11061001002,6,40.0,8.752669e-08,3.3383967e-05,6
14313034001,6,4.0,8.539192e-09,1.6691984e-05,6
14852006001,6,19.0,4.0561154e-08,1.6691984e-05,6
12011351001,6,55.0,1.1954866e-07,3.3383967e-05,6
12327059001,6,9.0,1.921318e-08,1.6691984e-05,6
12011326001,6,106.0,2.3909732e-07,3.3383967e-05,6
12011362001,6,14.0,2.988717e-08,1.6691984e-05,6
11021007001,6,59.0,1.3662704e-07,6.6767934e-05,6
14000023001,6,88.0,2.0494055e-07,5.007595e-05,6
14331013001,6,19.0,4.0561154e-08,1.6691984e-05,6
12220014001,6,27.0,5.7639532e-08,1.6691984e-05,6
11051999001,6,33.0,7.471791e-08,5.007595e-05,6
14851009001,6,19.0,4.0561154e-08,1.6691984e-05,6
41234002001,5,30.0,6.4043924e-08,1.6691984e-05,6
41310001001,5,50.0,1.0673987e-07,1.6691984e-05,6
31500003002,5,68.0,1.4730102e-07,3.3383967e-05,6
10023998001,5,21.0,4.483075e-08,1.6691984e-05,6
14615063001,5,19.0,4.0561154e-08,1.6691984e-05,6
14850123001,5,17.0,3.629156e-08,1.6691984e-05,6
41401031001,5,14.0,2.988717e-08,1.6691984e-05,6
14509009001,5,15.0,3.415676e-08,3.3383967e-05,6
41223052001,5,5.0,1.067399e-08,1.6691984e-05,6
14506043001,5,41.0,9.179629e-08,3.3383967e-05,6
41234006001,5,28.0,5.977433e-08,1.6691984e-05,6
14510288001,5,41.0,8.752669e-08,1.6691984e-05,6
14850020001,5,18.0,3.8426357e-08,1.6691984e-05,6
11023012001,5,13.0,2.775237e-08,1.6691984e-05,6
14615031001,5,10.0,2.1347978e-08,1.6691984e-05,6
11070027001,5,11.0,2.3482775e-08,1.6691984e-05,6
14506248001,5,26.0,5.5504735e-08,1.6691984e-05,6
31271003001,5,33.0,7.0448316e-08,1.6691984e-05,6
60013027009,5,12.0,2.5617572e-08,1.6691984e-05,6
31423003001,5,37.0,8.32571e-08,3.3383967e-05,6
14832948001,5,64.0,1.3876183e-07,3.3383967e-05,6
14602061001,5,70.0,1.622446e-07,3.3383967e-05,6
11021044001,5,50.0,1.08874666e-07,3.3383967e-05,6
14602091001,5,18.0,4.0561154e-08,3.3383967e-05,6
65106036001,5,71.0,1.5584021e-07,3.3383967e-05,6
14602092001,5,9.0,2.1347978e-08,3.3383967e-05,6
11043016002,5,32.0,6.831352e-08,1.6691984e-05,6
61080010002,5,6.0,1.4943584e-08,3.3383967e-05,6
14506323001,5,22.0,4.6965546e-08,1.6691984e-05,6
11072905001,5,17.0,3.629156e-08,1.6691984e-05,6
11021066001,5,11.0,2.3482775e-08,1.6691984e-05,6
61064197001,5,3.0,6.4043935e-09,1.6691984e-05,6
14506025001,5,11.0,2.3482775e-08,1.6691984e-05,6
14604112001,5,26.0,5.7639532e-08,3.3383967e-05,6
10014103001,5,34.0,7.8987505e-08,3.3383967e-05,6
61063005002,5,0.0,0.0,0.0,6
14616075001,5,5.0,1.067399e-08,1.6691984e-05,6
14601009001,5,53.0,1.1314426e-07,1.6691984e-05,6
11022058001,5,22.0,5.1235137e-08,5.007595e-05,6
31567037001,5,26.0,5.5504735e-08,1.6691984e-05,6
11030016001,5,36.0,8.11223e-08,3.3383967e-05,6
14741028001,5,38.0,8.11223e-08,1.6691984e-05,6
14616203001,5,15.0,3.4156763e-08,3.3383967e-05,6
14620022001,5,4.0,8.539192e-09,1.6691984e-05,6
14851035001,5,16.0,3.4156763e-08,1.6691984e-05,6
14506349001,5,42.0,9.3931085e-08,3.3383967e-05,6
14632450001,5,25.0,5.5504735e-08,3.3383967e-05,6
11050073002,5,17.0,3.629156e-08,1.6691984e-05,6
14521148001,5,50.0,1.0673987e-07,1.6691984e-05,6
11030198003,5,25.0,5.3369938e-08,1.6691984e-05,6
10052004001,5,38.0,8.32571e-08,3.3383967e-05,6
11031002001,5,5.0,1.067399e-08,1.6691984e-05,6
14506082001,5,37.0,8.32571e-08,3.3383967e-05,6
11050074001,5,39.0,8.32571e-08,1.6691984e-05,6
14634039001,5,38.0,8.11223e-08,1.6691984e-05,6
31762901001,5,32.0,6.831352e-08,1.6691984e-05,6
11071030001,5,34.0,7.471791e-08,3.3383967e-05,6
14505931001,5,72.0,1.622446e-07,3.3383967e-05,6
14802010001,5,23.0,4.9100343e-08,1.6691984e-05,6
31677014001,5,3.0,6.4043935e-09,1.6691984e-05,6
11010018001,5,26.0,5.7639532e-08,3.3383967e-05,6
11072005001,5,20.0,4.269595e-08,1.6691984e-05,6
14711001001,5,27.0,5.7639532e-08,1.6691984e-05,6
14721033001,5,4.0,8.539192e-09,1.6691984e-05,6
14730016001,5,61.0,1.3449224e-07,3.3383967e-05,6
14853040001,5,4.0,8.539192e-09,1.6691984e-05,6
14512123001,5,22.0,4.6965546e-08,1.6691984e-05,6
14741008001,5,15.0,3.2021966e-08,1.6691984e-05,6
31707055001,5,72.0,1.5797501e-07,3.3383967e-05,6
10041016001,5,48.0,1.0673987e-07,3.3383967e-05,6
14851023001,5,9.0,1.921318e-08,1.6691984e-05,6
14631082001,5,25.0,5.3369938e-08,1.6691984e-05,6
30005001001,5,23.0,4.9100343e-08,1.6691984e-05,6
31620010001,5,27.0,5.7639532e-08,1.6691984e-05,6
11050113001,5,23.0,4.9100343e-08,1.6691984e-05,6
30071041001,5,32.0,6.831352e-08,1.6691984e-05,6
14851010001,5,4.0,8.539192e-09,1.6691984e-05,6
11030046001,5,11.0,2.3482775e-08,1.6691984e-05,6
32517009001,5,18.0,3.8426357e-08,1.6691984e-05,6
14620115001,5,39.0,8.32571e-08,1.6691984e-05,6
14620124001,5,8.0,1.7078383e-08,1.6691984e-05,6
14620138001,5,50.0,1.0673987e-07,1.6691984e-05,6
11040007001,5,15.0,3.2021966e-08,1.6691984e-05,6
14507202001,5,53.0,1.1527906e-07,3.3383967e-05,6
11030096001,5,25.0,5.3369938e-08,1.6691984e-05,6
31530008001,5,25.0,5.3369938e-08,1.6691984e-05,6
14524015001,5,67.0,1.4516623e-07,3.3383967e-05,6
14621018001,5,5.0,1.067399e-08,1.6691984e-05,6
14621022001,5,15.0,3.4156763e-08,3.3383967e-05,6
11030125001,5,8.0,1.7078383e-08,1.6691984e-05,6
31521003001,5,39.0,8.32571e-08,1.6691984e-05,6
32501007001,5,40.0,8.5391896e-08,1.6691984e-05,6
14506165001,5,33.0,7.471791e-08,3.3383967e-05,6
30001002001,5,28.0,5.977433e-08,1.6691984e-05,6
14631022001,5,69.0,1.4730102e-07,1.6691984e-05,6
32431040001,5,47.0,1.02470274e-07,3.3383967e-05,6
10035037001,5,96.0,2.0707535e-07,3.3383967e-05,6
14851004001,5,16.0,3.4156763e-08,1.6691984e-05,6
76312151001,5,7.0,2.1347978e-08,5.007595e-05,6
12016077001,5,33.0,7.0448316e-08,1.6691984e-05,6
12000343001,5,8.0,2.5617572e-08,3.3383967e-05,6
14204069001,5,55.0,1.2381825e-07,3.3383967e-05,6
14352022001,5,42.0,9.606588e-08,5.007595e-05,6
14352014001,5,45.0,9.606588e-08,1.6691984e-05,6
14001070001,5,55.0,1.2381825e-07,3.3383967e-05,6
12011196001,5,36.0,7.8987505e-08,3.3383967e-05,6
14350021001,5,24.0,5.123514e-08,1.6691984e-05,6
14210019001,5,70.0,1.5370541e-07,3.3383967e-05,6
14343027001,5,20.0,4.269595e-08,1.6691984e-05,6
14210047001,5,15.0,3.4156763e-08,3.3383967e-05,6
14342021001,5,18.0,3.8426357e-08,1.6691984e-05,6
12000165001,5,42.0,9.179629e-08,3.3383967e-05,6
14340026001,5,35.0,9.393109e-08,3.3383967e-05,6
14333007001,5,32.0,7.258311e-08,3.3383967e-05,6
12011228001,5,16.0,3.4156763e-08,1.6691984e-05,6
12011239001,5,17.0,4.0561154e-08,3.3383967e-05,6
14332017001,5,13.0,2.775237e-08,1.6691984e-05,6
14210899001,5,10.0,2.1347978e-08,1.6691984e-05,6
14211036001,5,102.0,2.3269291e-07,3.3383967e-05,6
14213010001,5,78.0,2.3055811e-07,5.007595e-05,6
12011267001,5,25.0,5.3369938e-08,1.6691984e-05,6
12011285001,5,28.0,6.190913e-08,3.3383967e-05,6
14330897001,5,6.0,1.2808788e-08,1.6691984e-05,6
14330041001,5,5.0,1.067399e-08,1.6691984e-05,6
11103293001,5,26.0,5.5504735e-08,1.6691984e-05,6
12105043001,5,22.0,4.6965546e-08,1.6691984e-05,6
12020412001,5,30.0,6.617872e-08,3.3383967e-05,6
14353016001,5,39.0,8.32571e-08,1.6691984e-05,6
12011152001,5,20.0,4.269595e-08,1.6691984e-05,6
11103190001,5,28.0,5.977433e-08,1.6691984e-05,6
12102067001,5,33.0,7.685271e-08,3.3383967e-05,6
12020923001,5,36.0,7.8987505e-08,3.3383967e-05,6
12020914001,5,18.0,3.8426357e-08,1.6691984e-05,6
14010155001,5,0.0,0.0,0.0,6
11103147001,5,28.0,5.977433e-08,1.6691984e-05,6
12011032001,5,39.0,8.966149e-08,5.007595e-05,6
14361157001,5,12.0,2.5617572e-08,1.6691984e-05,6
12011034001,5,11.0,2.561757e-08,3.3383967e-05,6
14010075001,5,111.0,2.4763656e-07,3.3383967e-05,6
12011079001,5,31.0,6.617872e-08,1.6691984e-05,6
12102151001,5,13.0,2.988717e-08,3.3383967e-05,6
12020423001,5,35.0,7.685271e-08,3.3383967e-05,6
14002024001,5,74.0,1.68649e-07,3.3383967e-05,6
11103199001,5,26.0,5.7639532e-08,3.3383967e-05,6
12011103001,5,38.0,8.32571e-08,3.3383967e-05,6
12011105001,5,36.0,8.11223e-08,5.007595e-05,6
12011110001,5,2.0,8.539192e-09,3.3383967e-05,6
12103049001,5,6.0,1.2808788e-08,1.6691984e-05,6
12011126001,5,32.0,6.831352e-08,1.6691984e-05,6
14360044001,5,27.0,6.190913e-08,5.007595e-05,6
14360019001,5,42.0,8.966149e-08,1.6691984e-05,6
12000225001,5,60.0,1.3876183e-07,3.3383967e-05,6
14003005001,5,27.0,5.977433e-08,3.3383967e-05,6
12011139001,5,19.0,4.9100343e-08,3.3383967e-05,6
14330015001,5,34.0,7.685271e-08,3.3383967e-05,6
12105044001,5,25.0,5.3369938e-08,1.6691984e-05,6
12105051002,5,35.0,7.471791e-08,1.6691984e-05,6
12020057001,5,11.0,2.3482775e-08,1.6691984e-05,6
14240010001,5,69.0,1.5370541e-07,3.3383967e-05,6
12153016001,5,34.0,7.258311e-08,1.6691984e-05,6
12152004001,5,21.0,4.483075e-08,1.6691984e-05,6
14241038001,5,7.0,1.4943586e-08,1.6691984e-05,6
12121078001,5,23.0,4.9100343e-08,1.6691984e-05,6
14310056001,5,83.0,1.8145778e-07,3.3383967e-05,6
12020167001,5,16.0,3.4156763e-08,1.6691984e-05,6
14310052001,5,8.0,1.7078383e-08,1.6691984e-05,6
12020128001,5,5.0,1.067399e-08,1.6691984e-05,6
14242165001,5,33.0,7.685271e-08,3.3383967e-05,6
14310048001,5,43.0,9.606588e-08,3.3383967e-05,6
14243076001,5,9.0,1.921318e-08,1.6691984e-05,6
12000035001,5,41.0,8.966149e-08,3.3383967e-05,6
12017040001,5,6.0,1.2808788e-08,1.6691984e-05,6
12130048001,5,11.0,2.5617572e-08,3.3383967e-05,6
12130011001,5,6.0,1.2808788e-08,1.6691984e-05,6
11103884003,5,22.0,4.6965546e-08,1.6691984e-05,6
12017016001,5,21.0,4.483075e-08,1.6691984e-05,6
14303037001,5,50.0,1.08874666e-07,3.3383967e-05,6
14303026001,5,81.0,1.7718818e-07,3.3383967e-05,6
14303008001,5,43.0,9.179629e-08,1.6691984e-05,6
14302060001,5,45.0,9.606588e-08,1.6691984e-05,6
11110016001,5,31.0,6.617872e-08,1.6691984e-05,6
12016130001,5,25.0,5.3369938e-08,1.6691984e-05,6
12012120001,5,12.0,2.5617572e-08,1.6691984e-05,6
14226051001,5,72.0,1.5584021e-07,3.3383967e-05,6
12105055001,5,28.0,6.190913e-08,3.3383967e-05,6
14222119001,5,52.0,1.2168346e-07,3.3383967e-05,6
12011338001,5,30.0,6.617872e-08,3.3383967e-05,6
14220155001,5,40.0,8.5391896e-08,1.6691984e-05,6
12106012001,5,30.0,6.4043924e-08,1.6691984e-05,6
12000118001,5,46.0,1.0033548e-07,3.3383967e-05,6
14313906001,5,24.0,5.3369938e-08,3.3383967e-05,6
12327088001,5,0.0,0.0,0.0,6
11103313001,5,11.0,2.3482775e-08,1.6691984e-05,6
14312042001,5,31.0,7.0448316e-08,5.007595e-05,6
12106088001,5,21.0,4.483075e-08,1.6691984e-05,6
12011340001,5,18.0,3.8426357e-08,1.6691984e-05,6
12327023001,5,2.0,4.269596e-09,1.6691984e-05,6
12106098001,5,37.0,7.8987505e-08,1.6691984e-05,6
12211013001,5,23.0,4.9100343e-08,1.6691984e-05,6
14222137001,5,45.0,9.820068e-08,3.3383967e-05,6
12106999001,5,17.0,3.629156e-08,1.6691984e-05,6
12231004001,5,4.0,8.539192e-09,1.6691984e-05,6
12110068001,5,59.0,1.2595305e-07,1.6691984e-05,6
12112009001,5,49.0,1.0460507e-07,1.6691984e-05,6
12112038001,5,30.0,6.617872e-08,3.3383967e-05,6
12000069001,5,9.0,1.921318e-08,1.6691984e-05,6
11103361001,5,2.0,4.269596e-09,1.6691984e-05,6
14225009001,5,65.0,1.3876183e-07,1.6691984e-05,6
14225035001,5,109.0,2.4763656e-07,3.3383967e-05,6
14225061001,5,58.0,1.2595305e-07,3.3383967e-05,6
11103130001,5,24.0,5.123514e-08,1.6691984e-05,6
11110026001,5,25.0,5.3369938e-08,1.6691984e-05,6
11101015001,5,12.0,2.5617572e-08,1.6691984e-05,6
12032226001,5,38.0,8.5391896e-08,5.007595e-05,6
12101040002,5,34.0,7.685271e-08,5.007595e-05,6
12010178001,5,14.0,2.988717e-08,1.6691984e-05,6
11103089004,5,17.0,3.629156e-08,1.6691984e-05,6
14111107001,5,94.0,2.0280575e-07,3.3383967e-05,6
12010170001,5,24.0,5.123514e-08,1.6691984e-05,6
12004170001,5,9.0,1.921318e-08,1.6691984e-05,6
12005082003,5,34.0,7.258311e-08,1.6691984e-05,6
12010124001,5,33.0,7.258311e-08,3.3383967e-05,6
14132131001,5,132.0,2.9887204e-07,3.3383967e-05,6
14013963001,5,50.0,1.1314426e-07,3.3383967e-05,6
14121131001,5,88.0,1.9640136e-07,3.3383967e-05,6
12004188001,5,0.0,0.0,0.0,6
12023273001,5,1.0,2.134798e-09,1.6691984e-05,6
12010025001,5,36.0,7.8987505e-08,3.3383967e-05,6
12000999001,5,26.0,5.5504735e-08,1.6691984e-05,6
12034097001,5,15.0,3.2021966e-08,1.6691984e-05,6
14110067001,5,112.0,2.711195e-07,5.007595e-05,6
14111230001,5,26.0,5.7639532e-08,3.3383967e-05,6
12001062001,5,21.0,4.483075e-08,1.6691984e-05,6
12003069001,5,8.0,1.7078383e-08,1.6691984e-05,6
12034051001,5,20.0,4.269595e-08,1.6691984e-05,6
12003006001,5,33.0,7.258311e-08,3.3383967e-05,6
12003012001,5,32.0,6.831352e-08,1.6691984e-05,6
12010193001,5,10.0,2.3482775e-08,3.3383967e-05,6
12005082016,5,12.0,2.5617572e-08,1.6691984e-05,6
12005015002,5,12.0,2.775237e-08,3.3383967e-05,6
14370999001,5,8.0,1.7078383e-08,1.6691984e-05,6
12101005001,5,30.0,6.4043924e-08,1.6691984e-05,6
14502044001,5,10.0,2.1347978e-08,1.6691984e-05,6
11076926001,5,5.0,1.067399e-08,1.6691984e-05,6
12000366001,5,12.0,2.9887165e-08,3.3383967e-05,6
12002134001,5,29.0,6.190913e-08,1.6691984e-05,6
14010898001,5,83.0,1.8359258e-07,3.3383967e-05,6
12021993001,5,7.0,1.4943586e-08,1.6691984e-05,6
12032121001,5,39.0,8.32571e-08,1.6691984e-05,6
12010207001,5,37.0,7.8987505e-08,1.6691984e-05,6
12001087001,5,19.0,4.0561154e-08,1.6691984e-05,6
12003128001,5,15.0,3.2021966e-08,1.6691984e-05,6
14102366001,5,91.0,2.0280575e-07,3.3383967e-05,6
12003055001,5,26.0,5.977433e-08,5.007595e-05,6
12002105001,5,18.0,4.0561154e-08,3.3383967e-05,6
12001094001,5,19.0,4.0561154e-08,1.6691984e-05,6
14104013001,5,54.0,1.1954866e-07,3.3383967e-05,6
14133930001,5,31.0,7.471791e-08,5.007595e-05,6
12020961001,5,18.0,3.8426357e-08,1.6691984e-05,6
12005056002,5,45.0,9.820068e-08,3.3383967e-05,6
12001084001,5,31.0,6.617872e-08,1.6691984e-05,6
14411016001,5,5.0,1.067399e-08,1.6691984e-05,6
12201053001,4,21.0,4.483075e-08,1.6691984e-05,0
14602025001,4,54.0,1.17413855e-07,3.3383967e-05,0
12002014001,4,23.0,5.123514e-08,3.3383967e-05,0
12012069001,4,12.0,2.5617572e-08,1.6691984e-05,0
11050009001,4,29.0,6.4043924e-08,3.3383967e-05,0
12000018001,4,23.0,4.9100343e-08,1.6691984e-05,0
14632246001,4,48.0,1.02470274e-07,1.6691984e-05,0
12012098001,4,12.0,2.5617572e-08,1.6691984e-05,0
14226116001,4,25.0,5.3369938e-08,1.6691984e-05,0
12013033001,4,20.0,4.269595e-08,1.6691984e-05,0
14615057001,4,34.0,7.258311e-08,1.6691984e-05,0
12000047001,4,16.0,3.4156763e-08,1.6691984e-05,0
11010002001,4,30.0,6.4043924e-08,1.6691984e-05,0
12233034001,4,0.0,0.0,0.0,0
12233011001,4,2.0,4.269596e-09,1.6691984e-05,0
12011376001,4,35.0,7.471791e-08,1.6691984e-05,0
12003125001,4,17.0,3.629156e-08,1.6691984e-05,0
12213017001,4,27.0,5.7639532e-08,1.6691984e-05,0
14602074001,4,51.0,1.08874666e-07,1.6691984e-05,0
14633043001,4,29.0,6.190913e-08,1.6691984e-05,0
14853069001,4,1.0,2.134798e-09,1.6691984e-05,0
12000048001,4,19.0,4.4830752e-08,3.3383967e-05,0
12003090001,4,36.0,7.685271e-08,1.6691984e-05,0
14854024001,4,11.0,2.3482775e-08,1.6691984e-05,0
12011422001,4,8.0,1.7078383e-08,1.6691984e-05,0
14632356001,4,10.0,2.1347978e-08,1.6691984e-05,0
12003073001,4,14.0,2.988717e-08,1.6691984e-05,0
12001119001,4,6.0,1.2808788e-08,1.6691984e-05,0
12001999001,4,27.0,5.7639532e-08,1.6691984e-05,0
14632215001,4,9.0,1.921318e-08,1.6691984e-05,0
11112001001,4,23.0,4.9100343e-08,1.6691984e-05,0
30001041001,4,42.0,9.179629e-08,3.3383967e-05,0
11110079003,4,17.0,3.629156e-08,1.6691984e-05,0
14110074001,4,26.0,5.5504735e-08,1.6691984e-05,0
12016085001,4,8.0,1.921318e-08,3.3383967e-05,0
12016099001,4,25.0,5.3369938e-08,1.6691984e-05,0
31250003001,4,30.0,7.0448316e-08,5.007595e-05,0
12003003001,4,6.0,1.2808788e-08,1.6691984e-05,0
14522066001,4,30.0,6.4043924e-08,1.6691984e-05,0
12002998001,4,10.0,2.1347978e-08,1.6691984e-05,0
14631040001,4,69.0,1.4730102e-07,1.6691984e-05,0
14110179001,4,35.0,7.471791e-08,1.6691984e-05,0
14631014001,4,27.0,5.7639532e-08,1.6691984e-05,0
11110050001,4,19.0,4.0561154e-08,1.6691984e-05,0
11110045001,4,20.0,4.269595e-08,1.6691984e-05,0
11110033001,4,7.0,1.4943586e-08,1.6691984e-05,0
14631013001,4,12.0,2.7752371e-08,3.3383967e-05,0
12130007001,4,13.0,2.775237e-08,1.6691984e-05,0
11110032001,4,1.0,2.134798e-09,1.6691984e-05,0
12016112001,4,9.0,1.921318e-08,1.6691984e-05,0
11110031002,4,7.0,1.4943586e-08,1.6691984e-05,0
11050062001,4,25.0,5.3369938e-08,1.6691984e-05,0
14244074001,4,17.0,3.629156e-08,1.6691984e-05,0
12125015001,4,17.0,3.629156e-08,1.6691984e-05,0
31235905001,4,55.0,1.3876183e-07,3.3383967e-05,0
12130089001,4,4.0,8.539192e-09,1.6691984e-05,0
14632194001,4,22.0,4.6965546e-08,1.6691984e-05,0
14243106001,4,33.0,7.0448316e-08,1.6691984e-05,0
11050014001,4,19.0,4.0561154e-08,1.6691984e-05,0
30045025001,4,6.0,1.2808788e-08,1.6691984e-05,0
12151093001,4,12.0,2.5617572e-08,1.6691984e-05,0
12003054001,4,22.0,4.9100343e-08,3.3383967e-05,0
30045079001,4,9.0,1.921318e-08,1.6691984e-05,0
12016056001,4,7.0,1.4943586e-08,1.6691984e-05,0
30071051001,4,11.0,2.3482775e-08,1.6691984e-05,0
12003048001,4,23.0,4.9100343e-08,1.6691984e-05,0
14632024001,4,61.0,1.3022265e-07,1.6691984e-05,0
12234038001,4,2.0,4.269596e-09,1.6691984e-05,0
12003015001,4,8.0,1.7078383e-08,1.6691984e-05,0
30435004001,4,63.0,1.4516623e-07,3.3383967e-05,0
14242137001,4,37.0,7.8987505e-08,1.6691984e-05,0
12130111001,4,4.0,8.539192e-09,1.6691984e-05,0
14631949001,4,57.0,1.2381825e-07,3.3383967e-05,0
11050036001,4,20.0,4.269595e-08,1.6691984e-05,0
31111007001,4,21.0,4.483075e-08,1.6691984e-05,0
14243021001,4,17.0,3.629156e-08,1.6691984e-05,0
12130110001,4,23.0,4.9100343e-08,1.6691984e-05,0
12002064001,4,58.0,1.2595305e-07,3.3383967e-05,0
14243081001,4,47.0,1.0460507e-07,3.3383967e-05,0
12234037001,4,5.0,1.067399e-08,1.6691984e-05,0
14604032001,4,42.0,9.179629e-08,3.3383967e-05,0
12301026001,4,18.0,3.8426357e-08,1.6691984e-05,0
14612946001,4,51.0,1.1100946e-07,3.3383967e-05,0
12010171001,4,37.0,8.11223e-08,3.3383967e-05,0
12011111001,4,22.0,4.6965546e-08,1.6691984e-05,0
12010153001,4,9.0,1.921318e-08,1.6691984e-05,0
12000228001,4,25.0,5.5504735e-08,3.3383967e-05,0
12000226001,4,10.0,2.1347978e-08,1.6691984e-05,0
12000433001,4,18.0,3.8426357e-08,1.6691984e-05,0
11030207002,4,32.0,6.831352e-08,1.6691984e-05,0
14613013001,4,43.0,9.179629e-08,1.6691984e-05,0
12000217001,4,26.0,5.5504735e-08,1.6691984e-05,0
12011154001,4,12.0,2.5617572e-08,1.6691984e-05,0
12302118001,4,11.0,2.3482775e-08,1.6691984e-05,0
11031038001,4,20.0,4.9100343e-08,3.3383967e-05,0
12000495001,4,34.0,7.258311e-08,1.6691984e-05,0
11110022001,4,30.0,6.4043924e-08,1.6691984e-05,0
14001143001,4,41.0,8.752669e-08,1.6691984e-05,0
12011175001,4,22.0,4.6965546e-08,1.6691984e-05,0
12011178001,4,40.0,8.5391896e-08,1.6691984e-05,0
14801022001,4,39.0,8.32571e-08,1.6691984e-05,0
14616053001,4,3.0,6.4043935e-09,1.6691984e-05,0
12011188001,4,26.0,5.977433e-08,3.3383967e-05,0
12000381001,4,31.0,6.617872e-08,1.6691984e-05,0
12000379001,4,25.0,5.3369938e-08,1.6691984e-05,0
11022060001,4,20.0,4.269595e-08,1.6691984e-05,0
12011097001,4,13.0,2.775237e-08,1.6691984e-05,0
12000325001,4,30.0,6.4043924e-08,1.6691984e-05,0
12000319001,4,32.0,6.831352e-08,1.6691984e-05,0
14822011001,4,47.0,1.08874666e-07,3.3383967e-05,0
14010263001,4,58.0,1.3235744e-07,3.3383967e-05,0
12011007001,4,48.0,1.0460507e-07,3.3383967e-05,0
14505947001,4,58.0,1.2808785e-07,3.3383967e-05,0
12000349001,4,19.0,4.0561154e-08,1.6691984e-05,0
12000298001,4,16.0,4.483075e-08,5.007595e-05,0
14615067001,4,78.0,1.665142e-07,1.6691984e-05,0
11030002001,4,16.0,3.629156e-08,3.3383967e-05,0
14615021001,4,20.0,4.269595e-08,1.6691984e-05,0
14010093001,4,101.0,2.2628852e-07,3.3383967e-05,0
12000288001,4,15.0,3.4156763e-08,3.3383967e-05,0
14822104001,4,60.0,1.3449224e-07,3.3383967e-05,0
12000282001,4,9.0,1.921318e-08,1.6691984e-05,0
14133928001,4,27.0,6.4043924e-08,5.007595e-05,0
12011080001,4,16.0,3.629156e-08,3.3383967e-05,0
12000262001,4,14.0,2.988717e-08,1.6691984e-05,0
12011092001,4,30.0,6.4043924e-08,1.6691984e-05,0
12005108002,4,5.0,1.067399e-08,1.6691984e-05,0
14742016001,4,16.0,3.4156763e-08,1.6691984e-05,0
14741015001,4,37.0,7.8987505e-08,1.6691984e-05,0
14710003001,4,13.0,2.775237e-08,1.6691984e-05,0
14701040001,4,8.0,1.7078383e-08,1.6691984e-05,0
12000126001,4,32.0,6.831352e-08,1.6691984e-05,0
11040023001,4,23.0,5.1235137e-08,3.3383967e-05,0
12001078001,4,3.0,6.4043935e-09,1.6691984e-05,0
12000115001,4,13.0,2.775237e-08,1.6691984e-05,0
12344037001,4,9.0,1.921318e-08,1.6691984e-05,0
12000114001,4,30.0,6.4043924e-08,1.6691984e-05,0
12000113001,4,39.0,8.32571e-08,1.6691984e-05,0
12000103001,4,19.0,4.0561154e-08,1.6691984e-05,0
11031923001,4,23.0,4.9100343e-08,1.6691984e-05,0
12327064001,4,0.0,0.0,0.0,0
14604005001,4,48.0,1.02470274e-07,1.6691984e-05,0
11020001001,4,7.0,1.4943586e-08,1.6691984e-05,0
12004036001,4,16.0,3.4156763e-08,1.6691984e-05,0
12001090001,4,29.0,6.4043924e-08,3.3383967e-05,0
14603014001,4,22.0,4.6965546e-08,1.6691984e-05,0
14222123001,4,35.0,8.32571e-08,3.3383967e-05,0
12003135001,4,14.0,2.988717e-08,1.6691984e-05,0
14850175001,4,33.0,7.258311e-08,3.3383967e-05,0
14604118001,4,33.0,7.0448316e-08,1.6691984e-05,0
14833063001,4,42.0,8.966149e-08,1.6691984e-05,0
14210045001,4,33.0,7.0448316e-08,1.6691984e-05,0
14721019001,4,4.0,8.539192e-09,1.6691984e-05,0
14023036001,4,21.0,4.6965546e-08,3.3383967e-05,0
14620007001,4,70.0,1.5584021e-07,3.3383967e-05,0
12011220001,4,37.0,8.32571e-08,3.3383967e-05,0
12005082011,4,18.0,3.8426357e-08,1.6691984e-05,0
12000163001,4,19.0,4.0561154e-08,1.6691984e-05,0
12001031001,4,22.0,4.9100343e-08,3.3383967e-05,0
12011231001,4,26.0,5.5504735e-08,1.6691984e-05,0
12000157001,4,6.0,1.7078383e-08,3.3383967e-05,0
14620029001,4,53.0,1.1314426e-07,1.6691984e-05,0
12001048001,4,37.0,7.8987505e-08,1.6691984e-05,0
12005056003,4,10.0,2.1347978e-08,1.6691984e-05,0
12011249001,4,54.0,1.17413855e-07,3.3383967e-05,0
11021020001,4,43.0,9.606588e-08,3.3383967e-05,0
12001055001,4,5.0,1.067399e-08,1.6691984e-05,0
12001056001,4,17.0,3.629156e-08,1.6691984e-05,0
12001057001,4,41.0,1.3449224e-07,3.3383967e-05,0
12001058001,4,25.0,5.3369938e-08,1.6691984e-05,0
12011300001,4,4.0,8.539192e-09,1.6691984e-05,0
12000128001,4,34.0,7.258311e-08,1.6691984e-05,0
12011156001,4,22.0,4.9100343e-08,3.3383967e-05,0
14311066001,4,27.0,5.7639532e-08,1.6691984e-05,0
14111035001,4,64.0,1.4303143e-07,3.3383967e-05,0
12120043001,4,6.0,1.2808788e-08,1.6691984e-05,0
12106035001,4,44.0,9.3931085e-08,1.6691984e-05,0
14313011001,4,11.0,3.2021966e-08,6.6767934e-05,0
11103032003,4,4.0,8.539192e-09,1.6691984e-05,0
12020325001,4,22.0,4.6965546e-08,1.6691984e-05,0
14315007001,4,41.0,8.966149e-08,3.3383967e-05,0
12106007001,4,13.0,2.775237e-08,1.6691984e-05,0
10020102001,4,6.0,1.2808788e-08,1.6691984e-05,0
12105071001,4,28.0,5.977433e-08,1.6691984e-05,0
12032541001,4,32.0,6.831352e-08,1.6691984e-05,0
12105047001,4,18.0,3.8426357e-08,1.6691984e-05,0
12032543001,4,19.0,4.0561154e-08,1.6691984e-05,0
12034001001,4,15.0,3.2021966e-08,1.6691984e-05,0
12034025001,4,6.0,1.2808788e-08,1.6691984e-05,0
31533032001,4,16.0,3.4156763e-08,1.6691984e-05,0
12105019001,4,1.0,2.134798e-09,1.6691984e-05,0
12034036001,4,28.0,5.977433e-08,1.6691984e-05,0
14331021001,4,0.0,0.0,0.0,0
12105014001,4,58.0,1.2381825e-07,1.6691984e-05,0
14331025001,4,3.0,6.4043935e-09,1.6691984e-05,0
12105013001,4,30.0,6.4043924e-08,1.6691984e-05,0
11103281001,4,12.0,2.5617572e-08,1.6691984e-05,0
12106040001,4,16.0,3.629156e-08,3.3383967e-05,0
31530043001,4,21.0,4.483075e-08,1.6691984e-05,0
12106055001,4,10.0,2.1347978e-08,1.6691984e-05,0
14506122001,4,47.0,1.0033548e-07,1.6691984e-05,0
10023032001,4,2.0,4.269596e-09,1.6691984e-05,0
12020271001,4,12.0,2.775237e-08,3.3383967e-05,0
10002924001,4,61.0,1.3022265e-07,1.6691984e-05,0
12023227001,4,26.0,5.5504735e-08,1.6691984e-05,0
12111034001,4,4.0,8.539192e-09,1.6691984e-05,0
12023279001,4,18.0,3.8426357e-08,1.6691984e-05,0
12023310001,4,18.0,3.8426357e-08,1.6691984e-05,0
12023330001,4,3.0,6.4043935e-09,1.6691984e-05,0
35301020001,4,0.0,0.0,0.0,0
11051027001,4,18.0,3.8426357e-08,1.6691984e-05,0
12106070001,4,36.0,7.8987505e-08,3.3383967e-05,0
31502041002,4,15.0,3.2021966e-08,1.6691984e-05,0
10022918001,4,0.0,0.0,0.0,0
12110016001,4,13.0,2.775237e-08,1.6691984e-05,0
11070022001,4,17.0,3.629156e-08,1.6691984e-05,0
14312004001,4,18.0,3.8426357e-08,1.6691984e-05,0
11103323001,4,18.0,3.8426357e-08,1.6691984e-05,0
33550920001,4,4.0,8.539192e-09,1.6691984e-05,0
12106089001,4,3.0,6.4043935e-09,1.6691984e-05,0
14312022001,4,26.0,5.5504735e-08,1.6691984e-05,0
11061054002,4,34.0,7.258311e-08,1.6691984e-05,0
11103049001,4,25.0,5.3369938e-08,1.6691984e-05,0
12105012001,4,13.0,2.775237e-08,1.6691984e-05,0
12100061001,4,9.0,1.921318e-08,1.6691984e-05,0
12020966001,4,13.0,2.775237e-08,1.6691984e-05,0
11103191001,4,22.0,4.6965546e-08,1.6691984e-05,0
12020965001,4,11.0,2.3482775e-08,1.6691984e-05,0
14413999001,4,0.0,0.0,0.0,0
11070006001,4,0.0,0.0,0.0,0
11103188001,4,20.0,4.269595e-08,1.6691984e-05,0
14506647001,4,37.0,7.8987505e-08,1.6691984e-05,0
11103182001,4,5.0,1.067399e-08,1.6691984e-05,0
31663045001,4,20.0,4.269595e-08,1.6691984e-05,0
12100078001,4,16.0,3.6291556e-08,3.3383967e-05,0
12103039001,4,12.0,2.5617572e-08,1.6691984e-05,0
14506488001,4,35.0,7.685271e-08,3.3383967e-05,0
12100093001,4,31.0,6.617872e-08,1.6691984e-05,0
31821064001,4,8.0,1.9213182e-08,3.3383967e-05,0
12020903001,4,10.0,2.1347978e-08,1.6691984e-05,0
12020925001,4,17.0,3.629156e-08,1.6691984e-05,0
14403102001,4,37.0,8.5391896e-08,3.3383967e-05,0
31707941001,4,6.0,1.2808788e-08,1.6691984e-05,0
12102033001,4,25.0,5.3369938e-08,1.6691984e-05,0
12102021001,4,9.0,1.921318e-08,1.6691984e-05,0
11103201001,4,18.0,4.2695955e-08,3.3383967e-05,0
12020420001,4,8.0,1.7078383e-08,1.6691984e-05,0
11061055001,4,53.0,1.1314426e-07,1.6691984e-05,0
12020384001,4,11.0,2.3482775e-08,1.6691984e-05,0
11061055002,4,7.0,1.7078383e-08,3.3383967e-05,0
14509026001,4,73.0,1.643794e-07,3.3383967e-05,0
12104042001,4,10.0,2.1347978e-08,1.6691984e-05,0
12104013001,4,24.0,5.123514e-08,1.6691984e-05,0
12034201001,4,31.0,6.617872e-08,1.6691984e-05,0
12020362001,4,9.0,1.921318e-08,1.6691984e-05,0
12020372001,4,26.0,5.5504735e-08,1.6691984e-05,0
12103155001,4,30.0,6.4043924e-08,1.6691984e-05,0
12103150001,4,26.0,5.7639532e-08,3.3383967e-05,0
14353026001,4,16.0,3.629156e-08,3.3383967e-05,0
12100008001,4,57.0,1.2168346e-07,1.6691984e-05,0
12020416001,4,12.0,2.5617572e-08,1.6691984e-05,0
32424001001,4,8.0,1.7078383e-08,1.6691984e-05,0
12103053001,4,8.0,1.7078383e-08,1.6691984e-05,0
12103052001,4,13.0,2.775237e-08,1.6691984e-05,0
31568043001,4,30.0,6.4043924e-08,1.6691984e-05,0
14353047001,4,20.0,4.269595e-08,1.6691984e-05,0
31571902001,4,22.0,4.6965546e-08,1.6691984e-05,0
32421010001,4,4.0,8.539192e-09,1.6691984e-05,0
31581021001,4,7.0,1.4943586e-08,1.6691984e-05,0
12120041001,4,10.0,2.1347978e-08,1.6691984e-05,0
12030086001,4,6.0,1.2808788e-08,1.6691984e-05,0
12020158001,4,6.0,1.2808788e-08,1.6691984e-05,0
61080010003,4,25.0,5.3369938e-08,1.6691984e-05,0
11076883001,4,15.0,3.2021966e-08,1.6691984e-05,0
12020005002,4,18.0,3.8426357e-08,1.6691984e-05,0
11076890001,4,9.0,1.921318e-08,1.6691984e-05,0
41221019001,4,8.0,1.7078383e-08,1.6691984e-05,0
11100004001,4,14.0,2.988717e-08,1.6691984e-05,0
12020001001,4,52.0,1.1100946e-07,1.6691984e-05,0
12020221001,4,9.0,1.921318e-08,1.6691984e-05,0
12123108001,4,13.0,2.775237e-08,1.6691984e-05,0
31500008001,4,12.0,2.5617572e-08,1.6691984e-05,0
10023064001,4,13.0,2.775237e-08,1.6691984e-05,0
61070019001,4,2.0,4.269596e-09,1.6691984e-05,0
11072017001,4,33.0,7.0448316e-08,1.6691984e-05,0
14304064001,4,64.0,1.4303143e-07,3.3383967e-05,0
11103387001,4,28.0,6.190913e-08,3.3383967e-05,0
14311015001,4,4.0,8.539192e-09,1.6691984e-05,0
60014001010,4,38.0,1.3022265e-07,5.007595e-05,0
60014001004,4,14.0,2.988717e-08,1.6691984e-05,0
31472025001,4,25.0,5.3369938e-08,1.6691984e-05,0
10023087001,4,0.0,0.0,0.0,0
42613064001,4,9.0,1.921318e-08,1.6691984e-05,0
12020026001,4,16.0,3.4156763e-08,1.6691984e-05,0
12020266001,4,21.0,4.483075e-08,1.6691984e-05,0
12121062001,4,33.0,7.258311e-08,3.3383967e-05,0
41414006001,4,12.0,2.5617572e-08,1.6691984e-05,0
12020025001,4,31.0,6.617872e-08,1.6691984e-05,0
11074047001,4,32.0,6.831352e-08,1.6691984e-05,0
31462016001,4,35.0,7.471791e-08,1.6691984e-05,0
41332022001,4,0.0,0.0,0.0,0
11074027001,4,29.0,6.190913e-08,1.6691984e-05,0
12022171001,4,3.0,8.539192e-09,3.3383967e-05,0
12022162001,4,3.0,8.539192e-09,3.3383967e-05,0
14310030001,4,14.0,3.2021966e-08,3.3383967e-05,0
12023167001,4,18.0,3.8426357e-08,1.6691984e-05,0
12120087001,4,9.0,1.921318e-08,1.6691984e-05,0
12017019001,4,17.0,3.629156e-08,1.6691984e-05,0
12120085001,4,11.0,2.3482775e-08,1.6691984e-05,0
41100017001,4,14.0,2.988717e-08,1.6691984e-05,0
40400031001,4,0.0,0.0,0.0,0
14311030001,4,36.0,7.685271e-08,1.6691984e-05,0
12020253001,4,20.0,4.269595e-08,1.6691984e-05,0
11073900001,4,22.0,4.6965546e-08,1.6691984e-05,0
12020260001,4,28.0,5.977433e-08,1.6691984e-05,0
12023217001,4,32.0,6.831352e-08,1.6691984e-05,0
61131072001,4,20.0,4.269595e-08,1.6691984e-05,0
12020261001,4,6.0,1.2808788e-08,1.6691984e-05,0
12022265001,4,7.0,1.4943586e-08,1.6691984e-05,0
14521147001,4,30.0,6.4043924e-08,1.6691984e-05,0
11050108001,4,25.0,5.3369938e-08,1.6691984e-05,0
31268003001,4,35.0,7.685271e-08,3.3383967e-05,0
14311036001,4,49.0,1.0460507e-07,1.6691984e-05,0
11101034002,4,13.0,2.9887165e-08,3.3383967e-05,0
12021969001,4,37.0,8.11223e-08,3.3383967e-05,0
11110014001,4,39.0,8.32571e-08,1.6691984e-05,0
41002005001,4,2.0,4.269596e-09,1.6691984e-05,0
31403064001,4,13.0,2.775237e-08,1.6691984e-05,0
14303022001,4,44.0,9.3931085e-08,1.6691984e-05,0
14310054001,4,30.0,6.4043924e-08,1.6691984e-05,0
61131059001,4,12.0,2.5617572e-08,1.6691984e-05,0
11074014001,4,41.0,8.966149e-08,3.3383967e-05,0
12020161001,4,18.0,3.8426357e-08,1.6691984e-05,0
12020238001,4,26.0,5.7639532e-08,3.3383967e-05,0
12020242001,4,5.0,1.067399e-08,1.6691984e-05,0
41511017001,4,3.0,6.4043935e-09,1.6691984e-05,0
41212916001,4,0.0,0.0,0.0,0
14302081001,4,70.0,1.5157062e-07,3.3383967e-05,0
14506071001,4,36.0,7.685271e-08,1.6691984e-05,0
41530017001,3,0.0,0.0,0.0,0
12003013001,3,7.0,1.921318e-08,3.3383967e-05,0
42613021001,3,0.0,0.0,0.0,0
11032011001,3,9.0,1.921318e-08,1.6691984e-05,0
42301034001,3,18.0,3.8426357e-08,1.6691984e-05,0
12010135001,3,11.0,2.3482775e-08,1.6691984e-05,0
12010149001,3,17.0,3.629156e-08,1.6691984e-05,0
12034211001,3,16.0,3.4156763e-08,1.6691984e-05,0
11030080001,3,12.0,2.5617572e-08,1.6691984e-05,0
14701022001,3,23.0,4.9100343e-08,1.6691984e-05,0
42613064002,3,10.0,2.1347978e-08,1.6691984e-05,0
32420014001,3,20.0,4.269595e-08,1.6691984e-05,0
12010176001,3,14.0,2.988717e-08,1.6691984e-05,0
12022093003,3,22.0,4.6965546e-08,1.6691984e-05,0
12022070001,3,0.0,0.0,0.0,0
32431020001,3,16.0,3.4156763e-08,1.6691984e-05,0
12002160001,3,3.0,6.4043935e-09,1.6691984e-05,0
11030015001,3,7.0,1.4943586e-08,1.6691984e-05,0
12100055001,3,20.0,4.269595e-08,1.6691984e-05,0
12010196001,3,26.0,5.5504735e-08,1.6691984e-05,0
12002155001,3,25.0,5.3369938e-08,1.6691984e-05,0
31835944001,3,0.0,0.0,0.0,0
12021994001,3,10.0,2.1347978e-08,1.6691984e-05,0
12102003001,3,2.0,4.269596e-09,1.6691984e-05,0
12002124001,3,19.0,4.0561154e-08,1.6691984e-05,0
11030017001,3,5.0,1.067399e-08,1.6691984e-05,0
41417013001,3,0.0,0.0,0.0,0
12010121001,3,41.0,8.752669e-08,1.6691984e-05,0
35122015001,3,4.0,8.539192e-09,1.6691984e-05,0
12003137001,3,4.0,8.539192e-09,1.6691984e-05,0
32600042001,3,19.0,4.0561154e-08,1.6691984e-05,0
12005082010,3,22.0,4.6965546e-08,1.6691984e-05,0
12005082006,3,8.0,1.7078383e-08,1.6691984e-05,0
33271052001,3,3.0,6.4043935e-09,1.6691984e-05,0
12005082004,3,24.0,5.123514e-08,1.6691984e-05,0
33524002001,3,6.0,1.2808788e-08,1.6691984e-05,0
34101017001,3,22.0,4.6965546e-08,1.6691984e-05,0
14634023001,3,17.0,3.629156e-08,1.6691984e-05,0
14023181001,3,10.0,2.1347978e-08,1.6691984e-05,0
41110001001,3,6.0,1.2808788e-08,1.6691984e-05,0
12005083002,3,0.0,0.0,0.0,0
12005019008,3,9.0,1.921318e-08,1.6691984e-05,0
12005019006,3,24.0,5.123514e-08,1.6691984e-05,0
14721899001,3,14.0,2.988717e-08,1.6691984e-05,0
35302038001,3,2.0,4.269596e-09,1.6691984e-05,0
35307910001,3,4.0,8.539192e-09,1.6691984e-05,0
12005019001,3,15.0,3.2021966e-08,1.6691984e-05,0
35311004001,3,9.0,1.921318e-08,1.6691984e-05,0
14710004001,3,38.0,8.11223e-08,1.6691984e-05,0
12023263001,3,4.0,8.539192e-09,1.6691984e-05,0
14701013001,3,7.0,1.4943586e-08,1.6691984e-05,0
41213013001,3,2.0,6.4043935e-09,3.3383967e-05,0
12032227001,3,31.0,6.617872e-08,1.6691984e-05,0
12010119001,3,17.0,3.8426357e-08,3.3383967e-05,0
11031901001,3,32.0,6.831352e-08,1.6691984e-05,0
32470025001,3,13.0,2.775237e-08,1.6691984e-05,0
11030179001,3,56.0,1.2595305e-07,3.3383967e-05,0
12034154001,3,30.0,6.831352e-08,3.3383967e-05,0
11030204001,3,34.0,7.258311e-08,1.6691984e-05,0
32500012001,3,7.0,1.4943586e-08,1.6691984e-05,0
12010081001,3,26.0,5.5504735e-08,1.6691984e-05,0
12034100001,3,8.0,1.7078383e-08,1.6691984e-05,0
12010008001,3,17.0,3.629156e-08,1.6691984e-05,0
12034071001,3,13.0,2.775237e-08,1.6691984e-05,0
41511008001,3,14.0,2.988717e-08,1.6691984e-05,0
12034038001,3,28.0,6.190913e-08,3.3383967e-05,0
32514096001,3,2.0,4.269596e-09,1.6691984e-05,0
41313936001,3,9.0,1.921318e-08,1.6691984e-05,0
41303063001,3,5.0,1.067399e-08,1.6691984e-05,0
41302006001,3,9.0,1.921318e-08,1.6691984e-05,0
12006020001,3,2.0,4.269596e-09,1.6691984e-05,0
14104088002,3,29.0,6.617872e-08,5.007595e-05,0
12005093002,3,30.0,6.4043924e-08,1.6691984e-05,0
12003111001,3,9.0,1.921318e-08,1.6691984e-05,0
41223020001,3,2.0,4.269596e-09,1.6691984e-05,0
12005084009,3,0.0,0.0,0.0,0
12005084006,3,14.0,2.988717e-08,1.6691984e-05,0
14010897001,3,59.0,1.3235744e-07,3.3383967e-05,0
31258003001,3,15.0,3.2021966e-08,1.6691984e-05,0
12010229001,3,62.0,1.3235744e-07,1.6691984e-05,0
30000004001,3,15.0,3.2021966e-08,1.6691984e-05,0
10051001001,3,39.0,8.32571e-08,1.6691984e-05,0
12012014001,3,21.0,4.483075e-08,1.6691984e-05,0
12120065001,3,6.0,1.2808788e-08,1.6691984e-05,0
12020237001,3,25.0,5.5504735e-08,3.3383967e-05,0
12012969001,3,27.0,5.7639532e-08,1.6691984e-05,0
12012985001,3,12.0,2.5617572e-08,1.6691984e-05,0
12121014001,3,31.0,6.617872e-08,1.6691984e-05,0
12151091001,3,16.0,3.4156763e-08,1.6691984e-05,0
12016005001,3,12.0,2.5617572e-08,1.6691984e-05,0
12016035001,3,5.0,1.067399e-08,1.6691984e-05,0
30010005001,3,7.0,1.4943586e-08,1.6691984e-05,0
12121032001,3,8.0,1.7078383e-08,1.6691984e-05,0
31473004001,3,22.0,4.6965546e-08,1.6691984e-05,0
12020211001,3,13.0,2.775237e-08,1.6691984e-05,0
12011489001,3,19.0,4.0561154e-08,1.6691984e-05,0
12020246001,3,27.0,5.977433e-08,3.3383967e-05,0
12011467001,3,35.0,7.471791e-08,1.6691984e-05,0
12011433001,3,20.0,4.269595e-08,1.6691984e-05,0
10904021001,3,5.0,1.067399e-08,1.6691984e-05,0
12120046001,3,11.0,2.3482775e-08,1.6691984e-05,0
11002007001,3,47.0,1.0033548e-07,1.6691984e-05,0
12011417001,3,13.0,2.775237e-08,1.6691984e-05,0
12011391001,3,15.0,3.2021966e-08,1.6691984e-05,0
10023023001,3,0.0,0.0,0.0,0
12011390001,3,35.0,7.685271e-08,3.3383967e-05,0
14853038001,3,11.0,2.5617574e-08,3.3383967e-05,0
12011386001,3,5.0,1.067399e-08,1.6691984e-05,0
12112026001,3,18.0,3.8426357e-08,1.6691984e-05,0
11010012001,3,21.0,4.483075e-08,1.6691984e-05,0
12011366001,3,14.0,3.2021966e-08,3.3383967e-05,0
11010015001,3,12.0,2.5617572e-08,1.6691984e-05,0
31425011001,3,9.0,1.921318e-08,1.6691984e-05,0
12151089001,3,18.0,3.8426357e-08,1.6691984e-05,0
12232017001,3,3.0,6.4043935e-09,1.6691984e-05,0
12017017001,3,20.0,4.269595e-08,1.6691984e-05,0
12016072001,3,15.0,3.2021966e-08,1.6691984e-05,0
31226017001,3,7.0,1.4943586e-08,1.6691984e-05,0
12002104001,3,23.0,4.9100343e-08,1.6691984e-05,0
12016079001,3,41.0,9.179629e-08,3.3383967e-05,0
31421022001,3,25.0,5.5504735e-08,3.3383967e-05,0
12017018001,3,17.0,3.629156e-08,1.6691984e-05,0
12017015001,3,7.0,1.4943586e-08,1.6691984e-05,0
12151088001,3,14.0,2.988717e-08,1.6691984e-05,0
12016139001,3,8.0,1.7078383e-08,1.6691984e-05,0
12125028001,3,19.0,4.269595e-08,3.3383967e-05,0
31401023001,3,8.0,1.7078383e-08,1.6691984e-05,0
12125023001,3,11.0,2.5617572e-08,3.3383967e-05,0
31270009001,3,19.0,4.0561154e-08,1.6691984e-05,0
12125013001,3,47.0,1.02470274e-07,3.3383967e-05,0
31215012001,3,7.0,1.4943586e-08,1.6691984e-05,0
12123084001,3,25.0,5.3369938e-08,1.6691984e-05,0
31170002001,3,10.0,2.1347978e-08,1.6691984e-05,0
12020046001,3,30.0,6.4043924e-08,1.6691984e-05,0
12020051001,3,12.0,2.5617572e-08,1.6691984e-05,0
12020070001,3,2.0,4.269596e-09,1.6691984e-05,0
31102061001,3,18.0,3.8426357e-08,1.6691984e-05,0
12020089001,3,23.0,4.9100343e-08,1.6691984e-05,0
12122051001,3,11.0,2.561757e-08,3.3383967e-05,0
12016061001,3,25.0,5.5504735e-08,3.3383967e-05,0
30430005001,3,5.0,1.067399e-08,1.6691984e-05,0
30073007001,3,15.0,3.2021966e-08,1.6691984e-05,0
12150039001,3,34.0,7.258311e-08,1.6691984e-05,0
30072058001,3,13.0,2.988717e-08,3.3383967e-05,0
10023100001,3,0.0,0.0,0.0,0
30061026001,3,7.0,1.4943586e-08,1.6691984e-05,0
12151073001,3,32.0,6.831352e-08,1.6691984e-05,0
12110059001,3,11.0,2.3482775e-08,1.6691984e-05,0
12110037001,3,8.0,1.7078383e-08,1.6691984e-05,0
12102030001,3,34.0,7.471791e-08,3.3383967e-05,0
12011174001,3,19.0,4.0561154e-08,1.6691984e-05,0
11022026001,3,15.0,3.2021966e-08,1.6691984e-05,0
14002052001,3,23.0,4.9100343e-08,1.6691984e-05,0
12103069001,3,13.0,2.775237e-08,1.6691984e-05,0
12103070001,3,53.0,1.1314426e-07,1.6691984e-05,0
12103072001,3,15.0,3.2021966e-08,1.6691984e-05,0
12011161001,3,14.0,3.2021966e-08,3.3383967e-05,0
31258006001,3,15.0,3.2021966e-08,1.6691984e-05,0
31544040001,3,5.0,1.067399e-08,1.6691984e-05,0
14832009001,3,8.0,1.7078383e-08,1.6691984e-05,0
31556012001,3,9.0,1.921318e-08,1.6691984e-05,0
12011186001,3,27.0,5.7639532e-08,1.6691984e-05,0
31553007001,3,11.0,2.3482775e-08,1.6691984e-05,0
12011191001,3,19.0,4.0561154e-08,1.6691984e-05,0
31544060001,3,6.0,1.2808788e-08,1.6691984e-05,0
31580049003,3,2.0,4.269596e-09,1.6691984e-05,0
12011116001,3,39.0,8.5391896e-08,3.3383967e-05,0
31600009001,3,16.0,3.4156763e-08,1.6691984e-05,0
12011101001,3,5.0,1.067399e-08,1.6691984e-05,0
12020434001,3,14.0,2.988717e-08,1.6691984e-05,0
12103021001,3,12.0,2.5617572e-08,1.6691984e-05,0
12011088001,3,10.0,2.1347978e-08,1.6691984e-05,0
12011057001,3,23.0,5.5504735e-08,5.007595e-05,0
12102144001,3,34.0,7.258311e-08,1.6691984e-05,0
12020501001,3,16.0,3.4156763e-08,1.6691984e-05,0
14822095001,3,59.0,1.3022265e-07,3.3383967e-05,0
12102122001,3,15.0,3.2021966e-08,1.6691984e-05,0
12102118001,3,16.0,3.4156763e-08,1.6691984e-05,0
12102097001,3,40.0,8.5391896e-08,1.6691984e-05,0
31677021001,3,15.0,3.2021966e-08,1.6691984e-05,0
12102047001,3,12.0,2.775237e-08,3.3383967e-05,0
12010263001,3,12.0,2.775237e-08,3.3383967e-05,0
10014127001,3,5.0,1.067399e-08,1.6691984e-05,0
31544002001,3,2.0,4.269596e-09,1.6691984e-05,0
12110018001,3,40.0,8.5391896e-08,1.6691984e-05,0
11010055001,3,9.0,2.1347978e-08,3.3383967e-05,0
12327060001,3,23.0,4.9100343e-08,1.6691984e-05,0
31521004001,3,16.0,3.4156763e-08,1.6691984e-05,0
12327020001,3,0.0,0.0,0.0,0
12106091001,3,5.0,1.067399e-08,1.6691984e-05,0
12327004001,3,2.0,4.269596e-09,1.6691984e-05,0
12327002001,3,8.0,1.7078383e-08,1.6691984e-05,0
12326121001,3,0.0,0.0,0.0,0
12105010001,3,20.0,4.269595e-08,1.6691984e-05,0
14850060001,3,6.0,1.2808788e-08,1.6691984e-05,0
12106101001,3,18.0,3.8426357e-08,1.6691984e-05,0
14851001001,3,6.0,1.2808788e-08,1.6691984e-05,0
14851032001,3,7.0,1.4943586e-08,1.6691984e-05,0
14851098001,3,21.0,4.483075e-08,1.6691984e-05,0
12233035001,3,6.0,1.2808788e-08,1.6691984e-05,0
12327085001,3,2.0,4.269596e-09,1.6691984e-05,0
31530083001,3,5.0,1.067399e-08,1.6691984e-05,0
12106031001,3,15.0,3.2021966e-08,1.6691984e-05,0
12106029001,3,13.0,2.775237e-08,1.6691984e-05,0
12106014001,3,18.0,3.8426357e-08,1.6691984e-05,0
12011339001,3,22.0,4.9100343e-08,3.3383967e-05,0
12011330001,3,36.0,7.685271e-08,1.6691984e-05,0
11021002001,3,14.0,2.988717e-08,1.6691984e-05,0
12011311001,3,10.0,2.1347978e-08,1.6691984e-05,0
14000025001,3,18.0,3.8426357e-08,1.6691984e-05,0
12011305001,3,23.0,4.9100343e-08,1.6691984e-05,0
12105029001,3,33.0,7.258311e-08,3.3383967e-05,0
12011273001,3,17.0,3.629156e-08,1.6691984e-05,0
12011247001,3,10.0,2.3482775e-08,3.3383967e-05,0
12011241002,3,26.0,5.5504735e-08,1.6691984e-05,0
12011240001,3,19.0,4.0561154e-08,1.6691984e-05,0
12011233001,3,19.0,4.483075e-08,3.3383967e-05,0
11021067001,3,28.0,5.977433e-08,1.6691984e-05,0
11022083001,3,19.0,4.0561154e-08,1.6691984e-05,0
14370073001,3,2.0,4.269596e-09,1.6691984e-05,0
11070063001,3,6.0,1.2808788e-08,1.6691984e-05,0
14310999001,3,17.0,3.629156e-08,1.6691984e-05,0
14204029001,3,17.0,3.629156e-08,1.6691984e-05,0
11103065001,3,9.0,1.921318e-08,1.6691984e-05,0
12000232001,3,18.0,3.8426357e-08,1.6691984e-05,0
11050129002,3,12.0,2.5617572e-08,1.6691984e-05,0
14310127001,3,42.0,8.966149e-08,1.6691984e-05,0
14620034001,3,9.0,1.921318e-08,1.6691984e-05,0
12000242001,3,7.0,1.4943586e-08,1.6691984e-05,0
12001039001,3,46.0,9.820068e-08,1.6691984e-05,0
11103377001,3,18.0,3.8426357e-08,1.6691984e-05,0
14510410001,3,1.0,2.134798e-09,1.6691984e-05,0
12000247001,3,13.0,2.775237e-08,1.6691984e-05,0
12001027001,3,9.0,1.921318e-08,1.6691984e-05,0
11050111001,3,3.0,6.4043935e-09,1.6691984e-05,0
11050110002,3,22.0,4.6965546e-08,1.6691984e-05,0
12000036001,3,16.0,3.4156763e-08,1.6691984e-05,0
14203033001,3,80.0,1.7718818e-07,3.3383967e-05,0
11070062001,3,8.0,1.7078383e-08,1.6691984e-05,0
12000042001,3,24.0,5.123514e-08,1.6691984e-05,0
11041999004,3,9.0,2.1347978e-08,3.3383967e-05,0
12001010001,3,2.0,4.269596e-09,1.6691984e-05,0
11074010001,3,13.0,2.775237e-08,1.6691984e-05,0
14311261001,3,48.0,1.08874666e-07,3.3383967e-05,0
12001086001,3,17.0,3.629156e-08,1.6691984e-05,0
14311234001,3,34.0,7.258311e-08,1.6691984e-05,0
14311189001,3,32.0,6.831352e-08,1.6691984e-05,0
14311117001,3,41.0,8.752669e-08,1.6691984e-05,0
14602087001,3,12.0,2.5617572e-08,1.6691984e-05,0
14505088001,3,12.0,2.5617572e-08,1.6691984e-05,0
12001079001,3,21.0,4.483075e-08,1.6691984e-05,0
12000206001,3,6.0,1.2808788e-08,1.6691984e-05,0
11051001001,3,21.0,4.6965546e-08,3.3383967e-05,0
14361117001,3,83.0,1.8359258e-07,3.3383967e-05,0
14204066001,3,56.0,1.2168346e-07,3.3383967e-05,0
12001068001,3,31.0,6.831352e-08,3.3383967e-05,0
14506642001,3,13.0,2.988717e-08,3.3383967e-05,0
14311104001,3,11.0,2.3482775e-08,1.6691984e-05,0
12001067001,3,31.0,6.831352e-08,3.3383967e-05,0
12021036001,3,5.0,1.067399e-08,1.6691984e-05,0
14602045001,3,24.0,5.123514e-08,1.6691984e-05,0
11103148001,3,15.0,3.2021966e-08,1.6691984e-05,0
11100110001,3,9.0,1.921318e-08,1.6691984e-05,0
11051031001,3,17.0,3.629156e-08,1.6691984e-05,0
14243147001,3,4.0,8.539192e-09,1.6691984e-05,0
14244047001,3,13.0,2.775237e-08,1.6691984e-05,0
12000445001,3,22.0,4.6965546e-08,1.6691984e-05,0
14241043001,3,31.0,6.617872e-08,1.6691984e-05,0
14616020001,3,12.0,2.5617572e-08,1.6691984e-05,0
14615083001,3,33.0,7.0448316e-08,1.6691984e-05,0
14241044001,3,10.0,2.1347978e-08,1.6691984e-05,0
14412060001,3,12.0,2.5617572e-08,1.6691984e-05,0
11050026001,3,16.0,3.4156763e-08,1.6691984e-05,0
14243130001,3,1.0,2.134798e-09,1.6691984e-05,0
11050061001,3,11.0,2.3482775e-08,1.6691984e-05,0
14243111001,3,18.0,3.8426357e-08,1.6691984e-05,0
14243031001,3,19.0,4.0561154e-08,1.6691984e-05,0
11103091001,3,11.0,2.3482775e-08,1.6691984e-05,0
11050037001,3,8.0,1.7078383e-08,1.6691984e-05,0
11103099001,3,6.0,1.2808788e-08,1.6691984e-05,0
14413010001,3,3.0,6.4043935e-09,1.6691984e-05,0
12000411001,3,34.0,7.258311e-08,1.6691984e-05,0
11111023001,3,13.0,2.775237e-08,1.6691984e-05,0
14601016001,3,22.0,4.6965546e-08,1.6691984e-05,0
14522015001,3,25.0,5.3369938e-08,1.6691984e-05,0
14511034001,3,38.0,8.11223e-08,1.6691984e-05,0
12000005001,3,25.0,5.3369938e-08,1.6691984e-05,0
11103079001,3,14.0,2.988717e-08,1.6691984e-05,0
14310011001,3,12.0,2.5617572e-08,1.6691984e-05,0
14601899001,3,64.0,1.4303143e-07,3.3383967e-05,0
14615035001,3,4.0,8.539192e-09,1.6691984e-05,0
14240012001,3,73.0,1.622446e-07,3.3383967e-05,0
12001006001,3,5.0,1.067399e-08,1.6691984e-05,0
11103884002,3,15.0,3.2021966e-08,1.6691984e-05,0
14303038001,3,53.0,1.1954866e-07,3.3383967e-05,0
14241025001,3,18.0,3.8426357e-08,1.6691984e-05,0
14506254001,3,17.0,3.629156e-08,1.6691984e-05,0
14370044001,3,25.0,5.5504735e-08,3.3383967e-05,0
11041013001,3,12.0,2.5617572e-08,1.6691984e-05,0
12000469001,3,48.0,1.0460507e-07,3.3383967e-05,0
14241035001,3,46.0,9.820068e-08,1.6691984e-05,0
11050073001,3,9.0,1.921318e-08,1.6691984e-05,0
11050069001,3,16.0,3.4156763e-08,1.6691984e-05,0
11050065003,3,17.0,3.8426357e-08,3.3383967e-05,0
11050065001,3,33.0,7.0448316e-08,1.6691984e-05,0
12000194001,3,12.0,2.5617572e-08,1.6691984e-05,0
14510215001,3,6.0,1.2808788e-08,1.6691984e-05,0
12000084001,3,26.0,5.5504735e-08,1.6691984e-05,0
11103040001,3,13.0,2.775237e-08,1.6691984e-05,0
14510063001,3,29.0,6.190913e-08,1.6691984e-05,0
11102010001,3,4.0,8.539192e-09,1.6691984e-05,0
14602112001,3,22.0,4.6965546e-08,1.6691984e-05,0
12002024001,3,18.0,3.8426357e-08,1.6691984e-05,0
12002018001,3,25.0,5.3369938e-08,1.6691984e-05,0
14602110001,3,21.0,4.483075e-08,1.6691984e-05,0
14210064001,3,29.0,6.190913e-08,1.6691984e-05,0
14612031001,3,27.0,5.7639532e-08,1.6691984e-05,0
12001114001,3,2.0,4.269596e-09,1.6691984e-05,0
11071899001,3,39.0,8.32571e-08,1.6691984e-05,0
11103301002,3,9.0,1.921318e-08,1.6691984e-05,0
14315002001,3,47.0,1.02470274e-07,3.3383967e-05,0
12001111001,3,9.0,1.921318e-08,1.6691984e-05,0
11061005001,3,31.0,6.617872e-08,1.6691984e-05,0
14602113001,3,35.0,7.471791e-08,1.6691984e-05,0
14222219001,3,12.0,2.7752371e-08,3.3383967e-05,0
14602099001,3,42.0,8.966149e-08,1.6691984e-05,0
14222036001,3,31.0,6.617872e-08,1.6691984e-05,0
12002093001,3,11.0,2.3482775e-08,1.6691984e-05,0
11062011001,3,4.0,8.539192e-09,1.6691984e-05,0
14506127001,3,66.0,1.4303143e-07,3.3383967e-05,0
11103249001,3,5.0,1.067399e-08,1.6691984e-05,0
14351068001,3,23.0,5.123514e-08,3.3383967e-05,0
11103256001,3,11.0,2.3482775e-08,1.6691984e-05,0
14621044001,3,31.0,6.617872e-08,1.6691984e-05,0
12000135001,3,27.0,5.7639532e-08,1.6691984e-05,0
11102043001,3,24.0,5.123514e-08,1.6691984e-05,0
11103247001,3,19.0,4.6965546e-08,3.3383967e-05,0
11102023001,3,25.0,5.3369938e-08,1.6691984e-05,0
14604121001,3,33.0,7.258311e-08,3.3383967e-05,0
14510031001,3,11.0,2.3482775e-08,1.6691984e-05,0
11061051001,3,18.0,3.8426357e-08,1.6691984e-05,0
11071016001,3,18.0,3.8426357e-08,1.6691984e-05,0
14615896001,3,39.0,8.32571e-08,1.6691984e-05,0
11071013001,3,20.0,4.269595e-08,1.6691984e-05,0
14510121001,3,4.0,8.539192e-09,1.6691984e-05,0
14361051001,3,62.0,1.3235744e-07,1.6691984e-05,0
14602098001,3,56.0,1.2168346e-07,3.3383967e-05,0
11103045001,3,18.0,3.8426357e-08,1.6691984e-05,0
11103321001,3,58.0,1.2595305e-07,3.3383967e-05,0
11073905001,3,18.0,3.8426357e-08,1.6691984e-05,0
14312008001,3,37.0,8.11223e-08,3.3383967e-05,0
11103193001,3,44.0,9.3931085e-08,1.6691984e-05,0
11103203001,3,14.0,2.988717e-08,1.6691984e-05,0
14361011001,3,24.0,5.123514e-08,1.6691984e-05,0
11071911001,3,19.0,4.0561154e-08,1.6691984e-05,0
14313892001,3,9.0,2.3482775e-08,5.007595e-05,0
11103188002,3,13.0,2.775237e-08,1.6691984e-05,0
11112038001,2,12.0,2.5617572e-08,1.6691984e-05,0
14602120001,2,26.0,5.5504735e-08,1.6691984e-05,0
12011385001,2,11.0,2.3482775e-08,1.6691984e-05,0
32420004001,2,3.0,6.4043935e-09,1.6691984e-05,0
11050008001,2,17.0,3.629156e-08,1.6691984e-05,0
11103002001,2,8.0,1.7078383e-08,1.6691984e-05,0
12000007001,2,25.0,5.3369938e-08,1.6691984e-05,0
12016016001,2,12.0,2.5617572e-08,1.6691984e-05,0
11010051001,2,11.0,2.3482775e-08,1.6691984e-05,0
14602086001,2,3.0,6.4043935e-09,1.6691984e-05,0
12016042001,2,19.0,4.0561154e-08,1.6691984e-05,0
12326002001,2,3.0,6.4043935e-09,1.6691984e-05,0
14850133001,2,5.0,1.067399e-08,1.6691984e-05,0
12325047001,2,6.0,1.2808788e-08,1.6691984e-05,0
12103139001,2,8.0,1.7078383e-08,1.6691984e-05,0
12324139001,2,11.0,2.3482775e-08,1.6691984e-05,0
12323109001,2,16.0,3.4156763e-08,1.6691984e-05,0
12016023001,2,8.0,1.7078383e-08,1.6691984e-05,0
12152005001,2,8.0,1.7078383e-08,1.6691984e-05,0
11010052001,2,4.0,8.539192e-09,1.6691984e-05,0
33198898001,2,0.0,0.0,0.0,0
30013004001,2,6.0,1.2808788e-08,1.6691984e-05,0
11010037001,2,33.0,7.0448316e-08,1.6691984e-05,0
12020982001,2,1.0,2.134798e-09,1.6691984e-05,0
12034240001,2,9.0,1.921318e-08,1.6691984e-05,0
12100017001,2,10.0,2.1347978e-08,1.6691984e-05,0
14600041001,2,2.0,4.269596e-09,1.6691984e-05,0
12230008001,2,1.0,2.134798e-09,1.6691984e-05,0
32507026001,2,2.0,4.269596e-09,1.6691984e-05,0
34511006001,2,5.0,1.067399e-08,1.6691984e-05,0
34123005001,2,5.0,1.067399e-08,1.6691984e-05,0
12150006001,2,10.0,2.1347978e-08,1.6691984e-05,0
11112002001,2,17.0,3.629156e-08,1.6691984e-05,0
34122003001,2,1.0,2.134798e-09,1.6691984e-05,0
12230999001,2,1.0,2.134798e-09,1.6691984e-05,0
12031127001,2,10.0,2.1347978e-08,1.6691984e-05,0
12100019001,2,9.0,1.921318e-08,1.6691984e-05,0
14603013001,2,6.0,1.2808788e-08,1.6691984e-05,0
12326090001,2,12.0,2.5617572e-08,1.6691984e-05,0
11043018001,2,7.0,1.4943586e-08,1.6691984e-05,0
12020969001,2,11.0,2.3482775e-08,1.6691984e-05,0
11071012001,2,19.0,4.269595e-08,3.3383967e-05,0
11010015002,2,10.0,2.1347978e-08,1.6691984e-05,0
11070051001,2,7.0,1.4943586e-08,1.6691984e-05,0
12000080001,2,22.0,4.6965546e-08,1.6691984e-05,0
12016045001,2,10.0,2.1347978e-08,1.6691984e-05,0
30052112001,2,4.0,8.539192e-09,1.6691984e-05,0
32420037001,2,24.0,5.123514e-08,1.6691984e-05,0
14602089001,2,11.0,2.3482775e-08,1.6691984e-05,0
14222122001,2,40.0,8.5391896e-08,1.6691984e-05,0
12014032001,2,10.0,2.1347978e-08,1.6691984e-05,0
12013050001,2,2.0,4.269596e-09,1.6691984e-05,0
12014022001,2,4.0,8.539192e-09,1.6691984e-05,0
12212034001,2,8.0,1.7078383e-08,1.6691984e-05,0
11010005001,2,16.0,3.4156763e-08,1.6691984e-05,0
12234916001,2,1.0,2.134798e-09,1.6691984e-05,0
11103063001,2,13.0,2.775237e-08,1.6691984e-05,0
12034073001,2,11.0,2.3482775e-08,1.6691984e-05,0
12034103001,2,5.0,1.067399e-08,1.6691984e-05,0
12032540001,2,13.0,2.775237e-08,1.6691984e-05,0
11103071001,2,7.0,1.4943586e-08,1.6691984e-05,0
12012001001,2,11.0,2.3482775e-08,1.6691984e-05,0
12011395001,2,10.0,2.1347978e-08,1.6691984e-05,0
14602100001,2,27.0,5.7639532e-08,1.6691984e-05,0
12011999001,2,8.0,1.7078383e-08,1.6691984e-05,0
14602030001,2,7.0,1.4943586e-08,1.6691984e-05,0
12013055001,2,11.0,2.3482775e-08,1.6691984e-05,0
12011488001,2,4.0,8.539192e-09,1.6691984e-05,0
12011482001,2,7.0,1.4943586e-08,1.6691984e-05,0
12233028001,2,1.0,4.269596e-09,3.3383967e-05,0
12011466001,2,10.0,2.1347978e-08,1.6691984e-05,0
12011452001,2,20.0,4.269595e-08,1.6691984e-05,0
10052033001,2,9.0,1.921318e-08,1.6691984e-05,0
12011451001,2,14.0,2.988717e-08,1.6691984e-05,0
10052046001,2,45.0,9.606588e-08,1.6691984e-05,0
12150001001,2,15.0,3.2021966e-08,1.6691984e-05,0
12211008001,2,5.0,1.067399e-08,1.6691984e-05,0
12011405001,2,2.0,4.269596e-09,1.6691984e-05,0
11103039001,2,7.0,1.4943586e-08,1.6691984e-05,0
12234921001,2,1.0,2.134798e-09,1.6691984e-05,0
14602075001,2,30.0,6.4043924e-08,1.6691984e-05,0
32523001001,2,2.0,4.269596e-09,1.6691984e-05,0
12013052001,2,2.0,4.269596e-09,1.6691984e-05,0
12032224001,2,6.0,1.2808788e-08,1.6691984e-05,0
14602052001,2,9.0,1.921318e-08,1.6691984e-05,0
12034063001,2,8.0,1.7078383e-08,1.6691984e-05,0
32421016001,2,10.0,2.1347978e-08,1.6691984e-05,0
12013048001,2,2.0,4.269596e-09,1.6691984e-05,0
12013034001,2,5.0,1.067399e-08,1.6691984e-05,0
12000013001,2,7.0,1.4943586e-08,1.6691984e-05,0
12320030001,2,4.0,8.539192e-09,1.6691984e-05,0
12012984001,2,8.0,1.7078383e-08,1.6691984e-05,0
32430039001,2,14.0,2.988717e-08,1.6691984e-05,0
14851006001,2,1.0,2.134798e-09,1.6691984e-05,0
12012928001,2,9.0,1.921318e-08,1.6691984e-05,0
12232010001,2,0.0,0.0,0.0,0
12302044001,2,9.0,2.3482777e-08,3.3383967e-05,0
11103073001,2,9.0,1.921318e-08,1.6691984e-05,0
12012170001,2,14.0,2.988717e-08,1.6691984e-05,0
12012161001,2,12.0,2.5617572e-08,1.6691984e-05,0
12011345001,2,12.0,2.5617572e-08,1.6691984e-05,0
12011389001,2,15.0,3.4156763e-08,3.3383967e-05,0
12000032001,2,17.0,3.629156e-08,1.6691984e-05,0
12012119001,2,6.0,1.2808788e-08,1.6691984e-05,0
12012086001,2,5.0,1.067399e-08,1.6691984e-05,0
12034035001,2,10.0,2.1347978e-08,1.6691984e-05,0
14505926001,2,20.0,4.269595e-08,1.6691984e-05,0
10023999001,2,1.0,2.134798e-09,1.6691984e-05,0
11103301001,2,6.0,1.2808788e-08,1.6691984e-05,0
11051032001,2,7.0,1.4943586e-08,1.6691984e-05,0
11051039001,2,22.0,4.6965546e-08,1.6691984e-05,0
12103013001,2,5.0,1.067399e-08,1.6691984e-05,0
11051056001,2,18.0,3.8426357e-08,1.6691984e-05,0
31530001001,2,10.0,2.1347978e-08,1.6691984e-05,0
12103019001,2,0.0,0.0,0.0,0
11051057001,2,3.0,6.4043935e-09,1.6691984e-05,0
12020425001,2,21.0,4.483075e-08,1.6691984e-05,0
12020418001,2,4.0,8.539192e-09,1.6691984e-05,0
11103206001,2,11.0,2.3482775e-08,1.6691984e-05,0
14313897001,2,3.0,6.4043935e-09,1.6691984e-05,0
31531044001,2,2.0,4.269596e-09,1.6691984e-05,0
12020327001,2,21.0,4.483075e-08,1.6691984e-05,0
11061024001,2,6.0,1.2808788e-08,1.6691984e-05,0
31581023001,2,5.0,1.067399e-08,1.6691984e-05,0
12106003001,2,14.0,2.988717e-08,1.6691984e-05,0
12106002001,2,15.0,3.2021966e-08,1.6691984e-05,0
11103331001,2,4.0,8.539192e-09,1.6691984e-05,0
12020458001,2,8.0,1.7078383e-08,1.6691984e-05,0
12107002001,2,2.0,4.269596e-09,1.6691984e-05,0
12020323001,2,13.0,2.775237e-08,1.6691984e-05,0
12102133002,2,9.0,1.921318e-08,1.6691984e-05,0
12120040001,2,5.0,1.067399e-08,1.6691984e-05,0
11103350001,2,14.0,2.988717e-08,1.6691984e-05,0
11051016001,2,2.0,4.269596e-09,1.6691984e-05,0
12020282001,2,9.0,1.921318e-08,1.6691984e-05,0
12102146001,2,20.0,4.269595e-08,1.6691984e-05,0
12120002001,2,0.0,0.0,0.0,0
14510202001,2,16.0,3.4156763e-08,1.6691984e-05,0
12110003001,2,25.0,5.3369938e-08,1.6691984e-05,0
11051018001,2,16.0,3.4156763e-08,1.6691984e-05,0
14311115001,2,68.0,1.4516623e-07,1.6691984e-05,0
14510194001,2,14.0,2.988717e-08,1.6691984e-05,0
12111014001,2,14.0,2.988717e-08,1.6691984e-05,0
12110074001,2,2.0,4.269596e-09,1.6691984e-05,0
12110058001,2,10.0,2.1347978e-08,1.6691984e-05,0
31502041001,2,13.0,2.775237e-08,1.6691984e-05,0
12020332001,2,13.0,2.775237e-08,1.6691984e-05,0
12105061001,2,15.0,3.2021966e-08,1.6691984e-05,0
14311034001,2,49.0,1.0460507e-07,1.6691984e-05,0
14330006001,2,36.0,8.11223e-08,3.3383967e-05,0
31544075002,2,5.0,1.067399e-08,1.6691984e-05,0
14508924001,2,10.0,2.1347978e-08,1.6691984e-05,0
31567060001,2,6.0,1.2808788e-08,1.6691984e-05,0
31567056001,2,18.0,3.8426357e-08,1.6691984e-05,0
14509002001,2,8.0,1.7078383e-08,1.6691984e-05,0
31567051001,2,19.0,4.269595e-08,3.3383967e-05,0
12104032001,2,18.0,3.8426357e-08,1.6691984e-05,0
31567050001,2,16.0,3.4156763e-08,1.6691984e-05,0
12020342001,2,8.0,1.7078383e-08,1.6691984e-05,0
12103091001,2,5.0,1.067399e-08,1.6691984e-05,0
12020404001,2,0.0,0.0,0.0,0
31563016001,2,15.0,3.2021966e-08,1.6691984e-05,0
11103248001,2,11.0,2.3482775e-08,1.6691984e-05,0
12103126001,2,7.0,1.4943586e-08,1.6691984e-05,0
12103127001,2,13.0,2.775237e-08,1.6691984e-05,0
12103156001,2,11.0,2.3482775e-08,1.6691984e-05,0
12103135001,2,7.0,1.4943586e-08,1.6691984e-05,0
14343012001,2,15.0,3.2021966e-08,1.6691984e-05,0
14341102001,2,13.0,2.775237e-08,1.6691984e-05,0
12020341001,2,4.0,8.539192e-09,1.6691984e-05,0
31533084001,2,5.0,1.067399e-08,1.6691984e-05,0
14360087001,2,19.0,4.269595e-08,3.3383967e-05,0
12105046001,2,7.0,1.4943586e-08,1.6691984e-05,0
11061033001,2,8.0,1.7078383e-08,1.6691984e-05,0
31580049002,2,1.0,2.134798e-09,1.6691984e-05,0
12105036001,2,8.0,1.7078383e-08,1.6691984e-05,0
12105032001,2,25.0,5.3369938e-08,1.6691984e-05,0
11061050001,2,8.0,1.7078383e-08,1.6691984e-05,0
12105025001,2,19.0,4.0561154e-08,1.6691984e-05,0
12103064001,2,2.0,4.269596e-09,1.6691984e-05,0
12105023001,2,7.0,1.4943586e-08,1.6691984e-05,0
12105018001,2,9.0,1.921318e-08,1.6691984e-05,0
14332004001,2,15.0,3.2021966e-08,1.6691984e-05,0
14333004001,2,0.0,0.0,0.0,0
14353035001,2,38.0,8.11223e-08,1.6691984e-05,0
31543032001,2,4.0,8.539192e-09,1.6691984e-05,0
31543034001,2,6.0,1.2808788e-08,1.6691984e-05,0
12120048001,2,8.0,1.7078383e-08,1.6691984e-05,0
14311031001,2,11.0,2.5617574e-08,3.3383967e-05,0
11110101001,2,0.0,0.0,0.0,0
12020008001,2,3.0,6.4043935e-09,1.6691984e-05,0
34511038001,2,3.0,6.4043935e-09,1.6691984e-05,0
14244930001,2,30.0,6.4043924e-08,1.6691984e-05,0
12016131001,2,8.0,1.7078383e-08,1.6691984e-05,0
12102014001,2,27.0,5.7639532e-08,1.6691984e-05,0
14303012001,2,12.0,2.5617572e-08,1.6691984e-05,0
12102022001,2,17.0,3.629156e-08,1.6691984e-05,0
14506357001,2,28.0,5.977433e-08,1.6691984e-05,0
31761004001,2,13.0,2.775237e-08,1.6691984e-05,0
31753028001,2,6.0,1.2808788e-08,1.6691984e-05,0
14304015001,2,20.0,4.269595e-08,1.6691984e-05,0
12123130001,2,11.0,2.3482775e-08,1.6691984e-05,0
12017037001,2,4.0,8.539192e-09,1.6691984e-05,0
12123123001,2,12.0,2.5617572e-08,1.6691984e-05,0
14304157001,2,9.0,1.921318e-08,1.6691984e-05,0
12102046001,2,8.0,1.7078383e-08,1.6691984e-05,0
11103127001,2,7.0,1.4943586e-08,1.6691984e-05,0
14364198001,2,13.0,2.775237e-08,1.6691984e-05,0
31270006001,2,8.0,1.7078383e-08,1.6691984e-05,0
14244087001,2,5.0,1.067399e-08,1.6691984e-05,0
11110053001,2,3.0,6.4043935e-09,1.6691984e-05,0
14243131001,2,1.0,2.134798e-09,1.6691984e-05,0
30450039001,2,22.0,4.6965546e-08,1.6691984e-05,0
30450043001,2,23.0,4.9100343e-08,1.6691984e-05,0
31042914001,2,40.0,8.5391896e-08,1.6691984e-05,0
11110100001,2,0.0,0.0,0.0,0
31118021001,2,5.0,1.067399e-08,1.6691984e-05,0
14243109001,2,16.0,3.4156763e-08,1.6691984e-05,0
11070037001,2,8.0,1.7078383e-08,1.6691984e-05,0
31227009001,2,37.0,7.8987505e-08,1.6691984e-05,0
14621107001,2,22.0,4.6965546e-08,1.6691984e-05,0
12016078001,2,11.0,2.3482775e-08,1.6691984e-05,0
31235904001,2,25.0,5.3369938e-08,1.6691984e-05,0
11050050001,2,8.0,1.7078383e-08,1.6691984e-05,0
12016091001,2,11.0,2.5617572e-08,3.3383967e-05,0
14506328001,2,24.0,5.123514e-08,1.6691984e-05,0
12016100001,2,11.0,2.3482775e-08,1.6691984e-05,0
12101009001,2,18.0,3.8426357e-08,1.6691984e-05,0
31421049001,2,12.0,2.5617572e-08,1.6691984e-05,0
12020009001,2,25.0,5.3369938e-08,1.6691984e-05,0
12020250001,2,49.0,1.0460507e-07,1.6691984e-05,0
14364197001,2,34.0,7.258311e-08,1.6691984e-05,0
12020210001,2,3.0,6.4043935e-09,1.6691984e-05,0
12102113001,2,41.0,8.752669e-08,1.6691984e-05,0
12020212001,2,1.0,2.134798e-09,1.6691984e-05,0
11050134001,2,6.0,1.2808788e-08,1.6691984e-05,0
11050137001,2,9.0,1.921318e-08,1.6691984e-05,0
12020219001,2,13.0,2.775237e-08,1.6691984e-05,0
11103388001,2,8.0,1.7078383e-08,1.6691984e-05,0
10023075001,2,16.0,3.4156763e-08,1.6691984e-05,0
14510269001,2,24.0,5.123514e-08,1.6691984e-05,0
12020224001,2,4.0,8.539192e-09,1.6691984e-05,0
11103155001,2,26.0,5.5504735e-08,1.6691984e-05,0
12120090001,2,8.0,1.7078383e-08,1.6691984e-05,0
11050140002,2,8.0,1.7078383e-08,1.6691984e-05,0
11103380001,2,9.0,1.921318e-08,1.6691984e-05,0
11050142001,2,9.0,1.921318e-08,1.6691984e-05,0
12120080001,2,4.0,8.539192e-09,1.6691984e-05,0
14311025001,2,48.0,1.02470274e-07,1.6691984e-05,0
12121039001,2,25.0,5.3369938e-08,1.6691984e-05,0
31437078001,2,31.0,6.617872e-08,1.6691984e-05,0
12020189001,2,10.0,2.1347978e-08,1.6691984e-05,0
12020101001,2,8.0,1.7078383e-08,1.6691984e-05,0
14310004001,2,17.0,3.629156e-08,1.6691984e-05,0
31707041001,2,26.0,5.5504735e-08,1.6691984e-05,0
12123044001,2,9.0,1.921318e-08,1.6691984e-05,0
12020045001,2,17.0,3.629156e-08,1.6691984e-05,0
11050097001,2,10.0,2.1347978e-08,1.6691984e-05,0
14310037001,2,39.0,8.5391896e-08,3.3383967e-05,0
11050105001,2,15.0,3.2021966e-08,1.6691984e-05,0
12122037001,2,6.0,1.2808788e-08,1.6691984e-05,0
12020184001,2,5.0,1.067399e-08,1.6691984e-05,0
14310049001,2,6.0,1.2808788e-08,1.6691984e-05,0
12122024001,2,24.0,5.3369938e-08,3.3383967e-05,0
14506392001,2,25.0,5.3369938e-08,1.6691984e-05,0
12020138001,2,2.0,4.269596e-09,1.6691984e-05,0
14310053001,2,8.0,1.921318e-08,3.3383967e-05,0
11050110001,2,16.0,3.4156763e-08,1.6691984e-05,0
12020166001,2,6.0,1.2808788e-08,1.6691984e-05,0
12327046001,2,2.0,4.269596e-09,1.6691984e-05,0
12323010001,2,10.0,2.1347978e-08,1.6691984e-05,0
12011341001,2,23.0,4.9100343e-08,1.6691984e-05,0
14022098001,2,22.0,4.6965546e-08,1.6691984e-05,0
12005084008,2,8.0,1.7078383e-08,1.6691984e-05,0
12001007001,2,18.0,3.8426357e-08,1.6691984e-05,0
12005087001,2,17.0,3.629156e-08,1.6691984e-05,0
12005087003,2,16.0,3.4156763e-08,1.6691984e-05,0
41421003001,2,0.0,0.0,0.0,0
14616195001,2,21.0,4.483075e-08,1.6691984e-05,0
14616194001,2,10.0,2.1347978e-08,1.6691984e-05,0
12005093010,2,9.0,1.921318e-08,1.6691984e-05,0
12005107006,2,3.0,6.4043935e-09,1.6691984e-05,0
12006048001,2,38.0,8.11223e-08,1.6691984e-05,0
14741049001,2,24.0,5.123514e-08,1.6691984e-05,0
41420048001,2,0.0,0.0,0.0,0
14741051001,2,30.0,6.4043924e-08,1.6691984e-05,0
14616108001,2,26.0,5.7639532e-08,3.3383967e-05,0
12005107007,2,6.0,1.2808788e-08,1.6691984e-05,0
12005108006,2,4.0,8.539192e-09,1.6691984e-05,0
41420037001,2,2.0,4.269596e-09,1.6691984e-05,0
11040057001,2,14.0,2.988717e-08,1.6691984e-05,0
11074041001,2,23.0,4.9100343e-08,1.6691984e-05,0
11074040001,2,6.0,1.2808788e-08,1.6691984e-05,0
41512006001,2,12.0,2.5617572e-08,1.6691984e-05,0
12005084001,2,3.0,6.4043935e-09,1.6691984e-05,0
12001061001,2,8.0,1.7078383e-08,1.6691984e-05,0
12005019005,2,0.0,0.0,0.0,0
41522108001,2,0.0,0.0,0.0,0
11040032001,2,8.0,1.7078383e-08,1.6691984e-05,0
12001054001,2,10.0,2.1347978e-08,1.6691984e-05,0
41522095001,2,1.0,2.134798e-09,1.6691984e-05,0
12001050001,2,9.0,1.921318e-08,1.6691984e-05,0
14506032001,2,18.0,3.8426357e-08,1.6691984e-05,0
12005072003,2,1.0,2.134798e-09,1.6691984e-05,0
12005082002,2,14.0,2.988717e-08,1.6691984e-05,0
14620033001,2,41.0,8.752669e-08,1.6691984e-05,0
14731899001,2,3.0,6.4043935e-09,1.6691984e-05,0
12001028001,2,12.0,2.5617572e-08,1.6691984e-05,0
41521089001,2,0.0,0.0,0.0,0
12005082013,2,1.0,2.134798e-09,1.6691984e-05,0
12001017001,2,27.0,5.977433e-08,3.3383967e-05,0
12021022001,2,17.0,3.629156e-08,1.6691984e-05,0
12000497001,2,25.0,5.3369938e-08,1.6691984e-05,0
12006135001,2,4.0,8.539192e-09,1.6691984e-05,0
12005019002,2,30.0,6.4043924e-08,1.6691984e-05,0
14011046001,2,34.0,7.258311e-08,1.6691984e-05,0
12000430001,2,8.0,1.7078383e-08,1.6691984e-05,0
11030108001,2,25.0,5.3369938e-08,1.6691984e-05,0
11030097001,2,18.0,3.8426357e-08,1.6691984e-05,0
12000425001,2,29.0,6.190913e-08,1.6691984e-05,0
12010147001,2,10.0,2.1347978e-08,1.6691984e-05,0
12000400001,2,12.0,2.5617572e-08,1.6691984e-05,0
41302008001,2,0.0,0.0,0.0,0
11030049002,2,26.0,5.5504735e-08,1.6691984e-05,0
14011045001,2,39.0,8.32571e-08,1.6691984e-05,0
14021104001,2,60.0,1.3449224e-07,3.3383967e-05,0
11041003001,2,32.0,6.831352e-08,1.6691984e-05,0
12023094001,2,10.0,2.1347978e-08,1.6691984e-05,0
12023103001,2,4.0,8.539192e-09,1.6691984e-05,0
11041005002,2,27.0,5.7639532e-08,1.6691984e-05,0
12010180001,2,1.0,2.134798e-09,1.6691984e-05,0
12000373001,2,9.0,1.921318e-08,1.6691984e-05,0
14615081001,2,33.0,7.0448316e-08,1.6691984e-05,0
12023143001,2,22.0,4.9100343e-08,3.3383967e-05,0
41303049001,2,6.0,1.2808788e-08,1.6691984e-05,0
12023079001,2,0.0,0.0,0.0,0
12000432001,2,18.0,3.8426357e-08,1.6691984e-05,0
12023071001,2,20.0,4.483075e-08,3.3383967e-05,0
41401068001,2,22.0,4.6965546e-08,1.6691984e-05,0
11031027001,2,5.0,1.067399e-08,1.6691984e-05,0
12010072001,2,49.0,1.0460507e-07,1.6691984e-05,0
11031023001,2,9.0,1.921318e-08,1.6691984e-05,0
41401051001,2,1.0,2.134798e-09,1.6691984e-05,0
11031021001,2,8.0,1.7078383e-08,1.6691984e-05,0
41401040001,2,8.0,1.7078383e-08,1.6691984e-05,0
12023067001,2,26.0,5.5504735e-08,1.6691984e-05,0
12010085001,2,19.0,4.0561154e-08,1.6691984e-05,0
11031001001,2,3.0,6.4043935e-09,1.6691984e-05,0
41401011001,2,5.0,1.067399e-08,1.6691984e-05,0
11030207001,2,18.0,3.8426357e-08,1.6691984e-05,0
12010090001,2,18.0,3.8426357e-08,1.6691984e-05,0
11030198002,2,8.0,1.7078383e-08,1.6691984e-05,0
41331023001,2,1.0,2.134798e-09,1.6691984e-05,0
11074059002,2,42.0,8.966149e-08,1.6691984e-05,0
41313012001,2,0.0,0.0,0.0,0
12005019003,2,17.0,3.629156e-08,1.6691984e-05,0
12001063001,2,10.0,2.1347978e-08,1.6691984e-05,0
41232047001,2,1.0,2.134798e-09,1.6691984e-05,0
12022027001,2,5.0,1.067399e-08,1.6691984e-05,0
11032225001,2,8.0,1.7078383e-08,1.6691984e-05,0
14632007001,2,1.0,2.134798e-09,1.6691984e-05,0
14632019001,2,10.0,2.1347978e-08,1.6691984e-05,0
12003038001,2,17.0,3.629156e-08,1.6691984e-05,0
12002037001,2,9.0,1.921318e-08,1.6691984e-05,0
12003043001,2,1.0,2.134798e-09,1.6691984e-05,0
65031053001,2,1.0,2.134798e-09,1.6691984e-05,0
11032227001,2,17.0,3.629156e-08,1.6691984e-05,0
14632071001,2,26.0,5.5504735e-08,1.6691984e-05,0
14632350001,2,14.0,2.988717e-08,1.6691984e-05,0
12002026001,2,23.0,4.9100343e-08,1.6691984e-05,0
11073899001,2,6.0,1.2808788e-08,1.6691984e-05,0
12003058001,2,1.0,2.134798e-09,1.6691984e-05,0
61080025003,2,5.0,1.067399e-08,1.6691984e-05,0
11073901001,2,12.0,2.5617572e-08,1.6691984e-05,0
12022034001,2,19.0,4.0561154e-08,1.6691984e-05,0
12022043002,2,11.0,2.3482775e-08,1.6691984e-05,0
12003072001,2,9.0,1.921318e-08,1.6691984e-05,0
14631970001,2,21.0,4.483075e-08,1.6691984e-05,0
14621017001,2,5.0,1.2808788e-08,3.3383967e-05,0
14631944001,2,22.0,4.6965546e-08,1.6691984e-05,0
12002040001,2,10.0,2.1347978e-08,1.6691984e-05,0
12002118001,2,18.0,3.8426357e-08,1.6691984e-05,0
12002119001,2,18.0,3.8426357e-08,1.6691984e-05,0
12021045001,2,17.0,3.629156e-08,1.6691984e-05,0
12002089001,2,16.0,3.4156763e-08,1.6691984e-05,0
12002084001,2,12.0,2.5617572e-08,1.6691984e-05,0
12021052001,2,1.0,2.134798e-09,1.6691984e-05,0
12002159001,2,10.0,2.1347978e-08,1.6691984e-05,0
14110271001,2,21.0,4.483075e-08,1.6691984e-05,0
12021094001,2,26.0,5.5504735e-08,1.6691984e-05,0
12021912001,2,22.0,4.6965546e-08,1.6691984e-05,0
11073032001,2,7.0,1.4943586e-08,1.6691984e-05,0
14621035001,2,12.0,2.5617572e-08,1.6691984e-05,0
12002068001,2,1.0,2.134798e-09,1.6691984e-05,0
11073039001,2,26.0,5.5504735e-08,1.6691984e-05,0
12002050001,2,10.0,2.1347978e-08,1.6691984e-05,0
12003008001,2,8.0,1.7078383e-08,1.6691984e-05,0
65090092001,2,9.0,1.921318e-08,1.6691984e-05,0
12022047001,2,8.0,1.7078383e-08,1.6691984e-05,0
12003082001,2,14.0,2.988717e-08,1.6691984e-05,0
12005015010,2,11.0,2.3482775e-08,1.6691984e-05,0
12022177001,2,11.0,2.3482775e-08,1.6691984e-05,0
11074001001,2,21.0,4.483075e-08,1.6691984e-05,0
12004046001,2,3.0,6.4043935e-09,1.6691984e-05,0
12004053001,2,1.0,2.134798e-09,1.6691984e-05,0
14700035001,2,29.0,6.190913e-08,1.6691984e-05,0
12004218001,2,6.0,1.2808788e-08,1.6691984e-05,0
12005002004,2,7.0,1.4943586e-08,1.6691984e-05,0
11074012001,2,11.0,2.3482775e-08,1.6691984e-05,0
42015012001,2,0.0,0.0,0.0,0
41601018001,2,0.0,0.0,0.0,0
12001113001,2,13.0,2.775237e-08,1.6691984e-05,0
14100031001,2,63.0,1.3449224e-07,1.6691984e-05,0
12005009007,2,10.0,2.1347978e-08,1.6691984e-05,0
14710006001,2,27.0,5.7639532e-08,1.6691984e-05,0
14710017001,2,13.0,2.775237e-08,1.6691984e-05,0
41531003001,2,1.0,2.134798e-09,1.6691984e-05,0
12001064001,2,31.0,6.617872e-08,1.6691984e-05,0
12005015003,2,4.0,8.539192e-09,1.6691984e-05,0
12022184001,2,15.0,3.2021966e-08,1.6691984e-05,0
14506012001,2,50.0,1.0673987e-07,1.6691984e-05,0
12003911001,2,6.0,1.2808788e-08,1.6691984e-05,0
12001088001,2,2.0,4.269596e-09,1.6691984e-05,0
12003147001,2,7.0,1.4943586e-08,1.6691984e-05,0
12003085001,2,10.0,2.1347978e-08,1.6691984e-05,0
12003104001,2,8.0,1.7078383e-08,1.6691984e-05,0
14506006001,2,7.0,1.4943586e-08,1.6691984e-05,0
12022064001,2,5.0,1.067399e-08,1.6691984e-05,0
12003113001,2,6.0,1.4943584e-08,3.3383967e-05,0
12003115001,2,13.0,2.775237e-08,1.6691984e-05,0
61064195002,2,13.0,2.775237e-08,1.6691984e-05,0
14104071001,2,23.0,4.9100343e-08,1.6691984e-05,0
12003120001,2,15.0,3.2021966e-08,1.6691984e-05,0
12003123001,2,13.0,2.775237e-08,1.6691984e-05,0
12022084001,2,11.0,2.3482775e-08,1.6691984e-05,0
12022100001,2,6.0,1.2808788e-08,1.6691984e-05,0
12003126001,2,6.0,1.2808788e-08,1.6691984e-05,0
12022114001,2,3.0,6.4043935e-09,1.6691984e-05,0
14121025001,2,2.0,4.269596e-09,1.6691984e-05,0
11040011001,2,29.0,6.190913e-08,1.6691984e-05,0
14103058001,2,50.0,1.08874666e-07,3.3383967e-05,0
11030007001,2,4.0,8.539192e-09,1.6691984e-05,0
12103147001,2,6.0,1.2808788e-08,1.6691984e-05,0
12010206001,2,6.0,1.2808788e-08,1.6691984e-05,0
11021051002,2,9.0,1.921318e-08,1.6691984e-05,0
11022009001,2,15.0,3.2021966e-08,1.6691984e-05,0
11072003001,2,25.0,5.3369938e-08,1.6691984e-05,0
12000204001,2,21.0,4.483075e-08,1.6691984e-05,0
12011173001,2,13.0,2.775237e-08,1.6691984e-05,0
11021096001,2,4.0,8.539192e-09,1.6691984e-05,0
11021095001,2,3.0,6.4043935e-09,1.6691984e-05,0
11021074001,2,9.0,1.921318e-08,1.6691984e-05,0
14612069001,2,11.0,2.3482775e-08,1.6691984e-05,0
14204101001,2,15.0,3.6291564e-08,3.3383967e-05,0
14204102001,2,12.0,2.775237e-08,3.3383967e-05,0
12011177001,2,6.0,1.2808788e-08,1.6691984e-05,0
12000196001,2,10.0,2.1347978e-08,1.6691984e-05,0
11021062001,2,20.0,4.483075e-08,3.3383967e-05,0
12000193001,2,11.0,2.3482775e-08,1.6691984e-05,0
12000183001,2,34.0,7.258311e-08,1.6691984e-05,0
12000213001,2,4.0,8.539192e-09,1.6691984e-05,0
14501940001,2,0.0,0.0,0.0,0
11022021001,2,15.0,3.2021966e-08,1.6691984e-05,0
11041029001,2,18.0,3.8426357e-08,1.6691984e-05,0
14822906001,2,27.0,5.7639532e-08,1.6691984e-05,0
14203066001,2,8.0,1.7078383e-08,1.6691984e-05,0
12011093001,2,3.0,6.4043935e-09,1.6691984e-05,0
11041023001,2,15.0,3.2021966e-08,1.6691984e-05,0
12011098001,2,2.0,4.269596e-09,1.6691984e-05,0
14204022001,2,7.0,1.4943586e-08,1.6691984e-05,0
14204030001,2,17.0,3.629156e-08,1.6691984e-05,0
12023199001,2,20.0,4.4830745e-08,3.3383967e-05,0
14003070001,2,0.0,0.0,0.0,0
11101002001,2,12.0,2.5617572e-08,1.6691984e-05,0
12000229001,2,6.0,1.2808788e-08,1.6691984e-05,0
12011131001,2,15.0,3.2021966e-08,1.6691984e-05,0
12011134001,2,19.0,4.0561154e-08,1.6691984e-05,0
12023195001,2,12.0,2.5617572e-08,1.6691984e-05,0
35310008001,2,15.0,3.2021966e-08,1.6691984e-05,0
35307905001,2,6.0,1.2808788e-08,1.6691984e-05,0
12011061001,2,7.0,1.4943586e-08,1.6691984e-05,0
12011207001,2,20.0,4.269595e-08,1.6691984e-05,0
14604256001,2,17.0,3.629156e-08,1.6691984e-05,0
12011322001,2,25.0,5.5504735e-08,3.3383967e-05,0
14604254001,2,24.0,5.123514e-08,1.6691984e-05,0
14000020001,2,33.0,7.0448316e-08,1.6691984e-05,0
35131010001,2,0.0,0.0,0.0,0
14604114001,2,24.0,5.123514e-08,1.6691984e-05,0
14222006001,2,44.0,9.3931085e-08,1.6691984e-05,0
12344036001,2,7.0,1.4943586e-08,1.6691984e-05,0
35131001001,2,1.0,2.134798e-09,1.6691984e-05,0
34514016001,2,9.0,1.921318e-08,1.6691984e-05,0
12327063001,2,2.0,4.269596e-09,1.6691984e-05,0
14604001001,2,11.0,2.3482775e-08,1.6691984e-05,0
12030741001,2,9.0,1.921318e-08,1.6691984e-05,0
11010120001,2,23.0,4.9100343e-08,1.6691984e-05,0
12000092001,2,1.0,2.134798e-09,1.6691984e-05,0
14604257001,2,11.0,2.3482775e-08,1.6691984e-05,0
11043007001,2,4.0,8.539192e-09,1.6691984e-05,0
12023463001,2,5.0,1.067399e-08,1.6691984e-05,0
12000146001,2,24.0,5.123514e-08,1.6691984e-05,0
12023278001,2,6.0,1.2808788e-08,1.6691984e-05,0
12011212001,2,10.0,2.1347978e-08,1.6691984e-05,0
14611018001,2,16.0,3.629156e-08,3.3383967e-05,0
12000159001,2,3.0,6.4043935e-09,1.6691984e-05,0
12000149001,2,3.0,6.4043935e-09,1.6691984e-05,0
11021027001,2,8.0,1.7078383e-08,1.6691984e-05,0
12011248001,2,2.0,4.269596e-09,1.6691984e-05,0
11021015001,2,13.0,2.775237e-08,1.6691984e-05,0
11042028001,2,17.0,3.629156e-08,1.6691984e-05,0
12000144001,2,4.0,8.539192e-09,1.6691984e-05,0
11042030001,2,22.0,4.6965546e-08,1.6691984e-05,0
11102014001,2,19.0,4.0561154e-08,1.6691984e-05,0
12023332001,2,6.0,1.2808788e-08,1.6691984e-05,0
12011281001,2,13.0,2.775237e-08,1.6691984e-05,0
41101002001,2,0.0,0.0,0.0,0
11072004001,2,6.0,1.2808788e-08,1.6691984e-05,0
12010243001,2,32.0,6.831352e-08,1.6691984e-05,0
11072033001,2,5.0,1.067399e-08,1.6691984e-05,0
41223060001,2,0.0,0.0,0.0,0
12011006001,2,7.0,1.4943586e-08,1.6691984e-05,0
12010999001,2,12.0,2.5617572e-08,1.6691984e-05,0
41202017001,2,1.0,2.134798e-09,1.6691984e-05,0
12000315001,2,5.0,1.067399e-08,1.6691984e-05,0
12000285001,2,5.0,1.067399e-08,1.6691984e-05,0
11076886001,2,19.0,4.0561154e-08,1.6691984e-05,0
12000301001,2,2.0,4.269596e-09,1.6691984e-05,0
12011024001,2,11.0,2.3482775e-08,1.6691984e-05,0
41223010001,2,2.0,4.269596e-09,1.6691984e-05,0
41212053001,2,0.0,0.0,0.0,0
11073001001,1,7.0,1.4943586e-08,1.6691984e-05,0
32524007001,1,5.0,1.067399e-08,1.6691984e-05,0
11075012001,1,18.0,3.8426357e-08,1.6691984e-05,0
32524032001,1,8.0,1.7078383e-08,1.6691984e-05,0
11103029001,1,2.0,4.269596e-09,1.6691984e-05,0
12023093001,1,1.0,2.134798e-09,1.6691984e-05,0
32431067001,1,2.0,4.269596e-09,1.6691984e-05,0
12022062001,1,8.0,1.7078383e-08,1.6691984e-05,0
14501905001,1,3.0,6.4043935e-09,1.6691984e-05,0
31602031001,1,8.0,1.7078383e-08,1.6691984e-05,0
12022081001,1,5.0,1.067399e-08,1.6691984e-05,0
32526020001,1,0.0,0.0,0.0,0
41223049001,1,14.0,2.988717e-08,1.6691984e-05,0
32404004002,1,3.0,6.4043935e-09,1.6691984e-05,0
31602030001,1,8.0,1.7078383e-08,1.6691984e-05,0
11070005001,1,5.0,1.067399e-08,1.6691984e-05,0
12023393001,1,6.0,1.2808788e-08,1.6691984e-05,0
41301002001,1,0.0,0.0,0.0,0
11103011004,1,4.0,8.539192e-09,1.6691984e-05,0
12022079001,1,12.0,2.5617572e-08,1.6691984e-05,0
14501930001,1,45.0,9.606588e-08,1.6691984e-05,0
11103082001,1,2.0,4.269596e-09,1.6691984e-05,0
12100042001,1,28.0,5.977433e-08,1.6691984e-05,0
12022167001,1,6.0,1.2808788e-08,1.6691984e-05,0
11074004001,1,1.0,2.134798e-09,1.6691984e-05,0
31623901001,1,4.0,8.539192e-09,1.6691984e-05,0
12020471001,1,8.0,1.7078383e-08,1.6691984e-05,0
12102998001,1,5.0,1.067399e-08,1.6691984e-05,0
11071909001,1,5.0,1.067399e-08,1.6691984e-05,0
11103044001,1,14.0,2.988717e-08,1.6691984e-05,0
12102999001,1,5.0,1.067399e-08,1.6691984e-05,0
35306002001,1,6.0,1.2808788e-08,1.6691984e-05,0
32511021001,1,4.0,8.539192e-09,1.6691984e-05,0
12103005001,1,10.0,2.1347978e-08,1.6691984e-05,0
31621043001,1,6.0,1.2808788e-08,1.6691984e-05,0
41303011001,1,0.0,0.0,0.0,0
12022137001,1,6.0,1.2808788e-08,1.6691984e-05,0
41302901001,1,3.0,6.4043935e-09,1.6691984e-05,0
61037010003,1,2.0,4.269596e-09,1.6691984e-05,0
12022128001,1,8.0,1.7078383e-08,1.6691984e-05,0
12022127001,1,3.0,6.4043935e-09,1.6691984e-05,0
12032524001,1,8.0,1.7078383e-08,1.6691984e-05,0
32514005001,1,22.0,4.6965546e-08,1.6691984e-05,0
14413002001,1,3.0,6.4043935e-09,1.6691984e-05,0
12020957001,1,2.0,4.269596e-09,1.6691984e-05,0
11073002002,1,12.0,2.5617572e-08,1.6691984e-05,0
14506132001,1,18.0,3.8426357e-08,1.6691984e-05,0
33153158001,1,0.0,0.0,0.0,0
12023184001,1,7.0,1.4943586e-08,1.6691984e-05,0
42616037001,1,2.0,4.269596e-09,1.6691984e-05,0
41223062001,1,1.0,2.134798e-09,1.6691984e-05,0
14353030001,1,12.0,2.5617572e-08,1.6691984e-05,0
12023125001,1,5.0,1.067399e-08,1.6691984e-05,0
12032076001,1,5.0,1.067399e-08,1.6691984e-05,0
32420015001,1,7.0,1.4943586e-08,1.6691984e-05,0
12020979001,1,2.0,4.269596e-09,1.6691984e-05,0
12032072001,1,9.0,1.921318e-08,1.6691984e-05,0
12032043007,1,5.0,1.067399e-08,1.6691984e-05,0
12034999001,1,12.0,2.5617572e-08,1.6691984e-05,0
11075039001,1,5.0,1.067399e-08,1.6691984e-05,0
12021069001,1,8.0,1.7078383e-08,1.6691984e-05,0
65110183002,1,2.0,4.269596e-09,1.6691984e-05,0
12021064001,1,3.0,6.4043935e-09,1.6691984e-05,0
12103097001,1,3.0,6.4043935e-09,1.6691984e-05,0
12032035001,1,9.0,1.921318e-08,1.6691984e-05,0
41232052001,1,0.0,0.0,0.0,0
65141005001,1,3.0,6.4043935e-09,1.6691984e-05,0
32411076001,1,4.0,8.539192e-09,1.6691984e-05,0
32412056001,1,8.0,1.7078383e-08,1.6691984e-05,0
12030992001,1,6.0,1.2808788e-08,1.6691984e-05,0
41232043001,1,0.0,0.0,0.0,0
12021044001,1,5.0,1.067399e-08,1.6691984e-05,0
12021042001,1,6.0,1.2808788e-08,1.6691984e-05,0
34511012001,1,5.0,1.067399e-08,1.6691984e-05,0
12031016001,1,8.0,1.7078383e-08,1.6691984e-05,0
12032101001,1,20.0,4.269595e-08,1.6691984e-05,0
12100007001,1,9.0,1.921318e-08,1.6691984e-05,0
12103066001,1,8.0,1.7078383e-08,1.6691984e-05,0
33280337002,1,0.0,0.0,0.0,0
65011150001,1,3.0,6.4043935e-09,1.6691984e-05,0
12030001001,1,5.0,1.067399e-08,1.6691984e-05,0
12023115001,1,14.0,2.988717e-08,1.6691984e-05,0
11103212001,1,6.0,1.2808788e-08,1.6691984e-05,0
12022030001,1,8.0,1.7078383e-08,1.6691984e-05,0
12020976001,1,7.0,1.4943586e-08,1.6691984e-05,0
11103229001,1,7.0,1.4943586e-08,1.6691984e-05,0
12030040001,1,6.0,1.2808788e-08,1.6691984e-05,0
11103011003,1,4.0,8.539192e-09,1.6691984e-05,0
65031070001,1,1.0,2.134798e-09,1.6691984e-05,0
31568071001,1,12.0,2.5617572e-08,1.6691984e-05,0
11103238001,1,3.0,6.4043935e-09,1.6691984e-05,0
65090016001,1,1.0,2.134798e-09,1.6691984e-05,0
33523001001,1,1.0,2.134798e-09,1.6691984e-05,0
11062017001,1,8.0,1.7078383e-08,1.6691984e-05,0
41244001001,1,0.0,0.0,0.0,0
12022008001,1,2.0,4.269596e-09,1.6691984e-05,0
11103241001,1,7.0,1.4943586e-08,1.6691984e-05,0
12022005001,1,3.0,6.4043935e-09,1.6691984e-05,0
11103011001,1,7.0,1.4943586e-08,1.6691984e-05,0
11073898001,1,2.0,4.269596e-09,1.6691984e-05,0
41223061001,1,0.0,0.0,0.0,0
12030737001,1,4.0,8.539192e-09,1.6691984e-05,0
33550006003,1,6.0,1.2808788e-08,1.6691984e-05,0
11072906001,1,5.0,1.067399e-08,1.6691984e-05,0
42607128001,1,5.0,1.067399e-08,1.6691984e-05,0
12033189001,1,3.0,6.4043935e-09,1.6691984e-05,0
11074009001,1,3.0,6.4043935e-09,1.6691984e-05,0
34511028001,1,3.0,6.4043935e-09,1.6691984e-05,0
14403105001,1,5.0,1.067399e-08,1.6691984e-05,0
12020929001,1,18.0,3.8426357e-08,1.6691984e-05,0
32431036001,1,33.0,7.0448316e-08,1.6691984e-05,0
11103139002,1,5.0,1.067399e-08,1.6691984e-05,0
12034087001,1,9.0,1.921318e-08,1.6691984e-05,0
41201002001,1,0.0,0.0,0.0,0
41401014001,1,1.0,2.134798e-09,1.6691984e-05,0
41420049001,1,3.0,6.4043935e-09,1.6691984e-05,0
32502042001,1,6.0,1.2808788e-08,1.6691984e-05,0
11103140001,1,4.0,8.539192e-09,1.6691984e-05,0
41421001001,1,0.0,0.0,0.0,0
32503007002,1,15.0,3.2021966e-08,1.6691984e-05,0
14506386001,1,9.0,1.921318e-08,1.6691984e-05,0
41422018001,1,14.0,2.988717e-08,1.6691984e-05,0
31677068001,1,15.0,3.2021966e-08,1.6691984e-05,0
12102092001,1,5.0,1.067399e-08,1.6691984e-05,0
11101013001,1,3.0,6.4043935e-09,1.6691984e-05,0
41202003001,1,0.0,0.0,0.0,0
12023189001,1,7.0,1.4943586e-08,1.6691984e-05,0
11070054001,1,9.0,1.921318e-08,1.6691984e-05,0
12020956001,1,4.0,8.539192e-09,1.6691984e-05,0
11103142001,1,14.0,2.988717e-08,1.6691984e-05,0
32503007003,1,15.0,3.2021966e-08,1.6691984e-05,0
41212038001,1,2.0,4.269596e-09,1.6691984e-05,0
11100111001,1,8.0,1.7078383e-08,1.6691984e-05,0
12101018001,1,4.0,8.539192e-09,1.6691984e-05,0
41401022001,1,5.0,1.067399e-08,1.6691984e-05,0
32470079001,1,5.0,1.067399e-08,1.6691984e-05,0
12101032001,1,7.0,1.4943586e-08,1.6691984e-05,0
11103110001,1,17.0,3.629156e-08,1.6691984e-05,0
12034171001,1,9.0,1.921318e-08,1.6691984e-05,0
41401058001,1,0.0,0.0,0.0,0
41101027001,1,0.0,0.0,0.0,0
12020952001,1,5.0,1.067399e-08,1.6691984e-05,0
32440140001,1,6.0,1.2808788e-08,1.6691984e-05,0
12023039001,1,14.0,2.988717e-08,1.6691984e-05,0
41401080001,1,1.0,2.134798e-09,1.6691984e-05,0
41401094001,1,0.0,0.0,0.0,0
14506206001,1,21.0,4.483075e-08,1.6691984e-05,0
41414004001,1,4.0,8.539192e-09,1.6691984e-05,0
12034126001,1,8.0,1.7078383e-08,1.6691984e-05,0
11074045002,1,2.0,4.269596e-09,1.6691984e-05,0
41417001001,1,0.0,0.0,0.0,0
12034167001,1,6.0,1.2808788e-08,1.6691984e-05,0
12034172001,1,6.0,1.2808788e-08,1.6691984e-05,0
11074043001,1,8.0,1.7078383e-08,1.6691984e-05,0
31732897001,1,11.0,2.3482775e-08,1.6691984e-05,0
41420006001,1,0.0,0.0,0.0,0
12020955001,1,6.0,1.2808788e-08,1.6691984e-05,0
11103123001,1,4.0,8.539192e-09,1.6691984e-05,0
12102038001,1,2.0,4.269596e-09,1.6691984e-05,0
41420043001,1,0.0,0.0,0.0,0
11101018001,1,9.0,1.921318e-08,1.6691984e-05,0
32503007004,1,15.0,3.2021966e-08,1.6691984e-05,0
41521077001,1,1.0,2.134798e-09,1.6691984e-05,0
12021020001,1,12.0,2.5617572e-08,1.6691984e-05,0
11072013001,1,5.0,1.067399e-08,1.6691984e-05,0
11072019001,1,9.0,1.921318e-08,1.6691984e-05,0
14506031001,1,14.0,2.988717e-08,1.6691984e-05,0
41530903001,1,0.0,0.0,0.0,0
41220010001,1,0.0,0.0,0.0,0
14361122001,1,4.0,8.539192e-09,1.6691984e-05,0
11071011001,1,11.0,2.3482775e-08,1.6691984e-05,0
11103048001,1,2.0,4.269596e-09,1.6691984e-05,0
12102123001,1,16.0,3.4156763e-08,1.6691984e-05,0
31856016002,1,6.0,1.2808788e-08,1.6691984e-05,0
41534006001,1,12.0,2.5617572e-08,1.6691984e-05,0
41601012001,1,0.0,0.0,0.0,0
31670002001,1,6.0,1.2808788e-08,1.6691984e-05,0
41601014001,1,0.0,0.0,0.0,0
11071912001,1,9.0,1.921318e-08,1.6691984e-05,0
11075006001,1,14.0,2.988717e-08,1.6691984e-05,0
41303054001,1,0.0,0.0,0.0,0
41601020001,1,0.0,0.0,0.0,0
41220023001,1,0.0,0.0,0.0,0
12102141001,1,7.0,1.4943586e-08,1.6691984e-05,0
12023265001,1,3.0,6.4043935e-09,1.6691984e-05,0
11103183001,1,9.0,1.921318e-08,1.6691984e-05,0
41221036001,1,0.0,0.0,0.0,0
31801003001,1,6.0,1.2808788e-08,1.6691984e-05,0
41310041001,1,0.0,0.0,0.0,0
12034055001,1,9.0,1.921318e-08,1.6691984e-05,0
32503008003,1,8.0,1.7078383e-08,1.6691984e-05,0
12100911001,1,8.0,1.7078383e-08,1.6691984e-05,0
41521080001,1,1.0,2.134798e-09,1.6691984e-05,0
12102100001,1,2.0,4.269596e-09,1.6691984e-05,0
32503035001,1,10.0,2.1347978e-08,1.6691984e-05,0
41333047001,1,0.0,0.0,0.0,0
31677015001,1,0.0,0.0,0.0,0
12102107001,1,11.0,2.3482775e-08,1.6691984e-05,0
32503040003,1,1.0,2.134798e-09,1.6691984e-05,0
32503044001,1,6.0,1.2808788e-08,1.6691984e-05,0
32503103001,1,6.0,1.2808788e-08,1.6691984e-05,0
12023022001,1,14.0,2.988717e-08,1.6691984e-05,0
41522079001,1,1.0,2.134798e-09,1.6691984e-05,0
12022275001,1,6.0,1.2808788e-08,1.6691984e-05,0
41212906001,1,0.0,0.0,0.0,0
12023225001,1,1.0,2.134798e-09,1.6691984e-05,0
31827008001,1,0.0,0.0,0.0,0
14411901001,1,0.0,0.0,0.0,0
12102114001,1,7.0,1.4943586e-08,1.6691984e-05,0
32420006001,1,13.0,2.775237e-08,1.6691984e-05,0
11074052001,1,6.0,1.2808788e-08,1.6691984e-05,0
12022224001,1,8.0,1.7078383e-08,1.6691984e-05,0
41522107001,1,0.0,0.0,0.0,0
11103079002,1,11.0,2.3482775e-08,1.6691984e-05,0
11070034001,1,7.0,1.4943586e-08,1.6691984e-05,0
14361124001,1,9.0,1.921318e-08,1.6691984e-05,0
31812025001,1,0.0,0.0,0.0,0
12002096001,1,7.0,1.4943586e-08,1.6691984e-05,0
12103146001,1,8.0,1.7078383e-08,1.6691984e-05,0
12000309001,1,4.0,8.539192e-09,1.6691984e-05,0
11030012002,1,19.0,4.0561154e-08,1.6691984e-05,0
12010194001,1,10.0,2.1347978e-08,1.6691984e-05,0
14615076001,1,29.0,6.190913e-08,1.6691984e-05,0
12000369001,1,6.0,1.2808788e-08,1.6691984e-05,0
12010214001,1,10.0,2.1347978e-08,1.6691984e-05,0
12010221001,1,10.0,2.1347978e-08,1.6691984e-05,0
14010899001,1,21.0,4.483075e-08,1.6691984e-05,0
14615059001,1,19.0,4.0561154e-08,1.6691984e-05,0
12000329001,1,5.0,1.067399e-08,1.6691984e-05,0
14615047001,1,7.0,1.4943586e-08,1.6691984e-05,0
12000306001,1,5.0,1.067399e-08,1.6691984e-05,0
11031011002,1,2.0,4.269596e-09,1.6691984e-05,0
12011019001,1,4.0,8.539192e-09,1.6691984e-05,0
12000300001,1,5.0,1.067399e-08,1.6691984e-05,0
14615025001,1,8.0,1.7078383e-08,1.6691984e-05,0
14615020001,1,4.0,8.539192e-09,1.6691984e-05,0
12011038001,1,6.0,1.2808788e-08,1.6691984e-05,0
11022077001,1,7.0,1.4943586e-08,1.6691984e-05,0
11022075001,1,4.0,8.539192e-09,1.6691984e-05,0
12011039001,1,12.0,2.5617572e-08,1.6691984e-05,0
12011047001,1,13.0,2.775237e-08,1.6691984e-05,0
12000295001,1,14.0,2.988717e-08,1.6691984e-05,0
11030016002,1,4.0,8.539192e-09,1.6691984e-05,0
14133899001,1,21.0,4.483075e-08,1.6691984e-05,0
11030028003,1,14.0,2.988717e-08,1.6691984e-05,0
11030028004,1,5.0,1.067399e-08,1.6691984e-05,0
11031005001,1,25.0,5.3369938e-08,1.6691984e-05,0
11030234001,1,16.0,3.4156763e-08,1.6691984e-05,0
11030207003,1,8.0,1.7078383e-08,1.6691984e-05,0
11030198001,1,3.0,6.4043935e-09,1.6691984e-05,0
12010095001,1,8.0,1.7078383e-08,1.6691984e-05,0
11030196002,1,16.0,3.4156763e-08,1.6691984e-05,0
12010096001,1,7.0,1.4943586e-08,1.6691984e-05,0
12010098001,1,11.0,2.3482775e-08,1.6691984e-05,0
11030183001,1,10.0,2.1347978e-08,1.6691984e-05,0
12010102001,1,11.0,2.3482775e-08,1.6691984e-05,0
11040059001,1,5.0,1.067399e-08,1.6691984e-05,0
12000431001,1,14.0,2.988717e-08,1.6691984e-05,0
11040061001,1,6.0,1.2808788e-08,1.6691984e-05,0
12010122001,1,6.0,1.2808788e-08,1.6691984e-05,0
12010148001,1,4.0,8.539192e-09,1.6691984e-05,0
11030079002,1,10.0,2.1347978e-08,1.6691984e-05,0
12010156001,1,3.0,6.4043935e-09,1.6691984e-05,0
11030049001,1,10.0,2.1347978e-08,1.6691984e-05,0
11030048001,1,5.0,1.067399e-08,1.6691984e-05,0
12000396001,1,10.0,2.1347978e-08,1.6691984e-05,0
12010175001,1,3.0,6.4043935e-09,1.6691984e-05,0
11022068001,1,5.0,1.067399e-08,1.6691984e-05,0
11041018001,1,8.0,1.7078383e-08,1.6691984e-05,0
12000276001,1,4.0,8.539192e-09,1.6691984e-05,0
11021019001,1,8.0,1.7078383e-08,1.6691984e-05,0
12011274001,1,6.0,1.2808788e-08,1.6691984e-05,0
12011292001,1,3.0,6.4043935e-09,1.6691984e-05,0
12011293001,1,8.0,1.7078383e-08,1.6691984e-05,0
11021011001,1,7.0,1.4943586e-08,1.6691984e-05,0
14604255001,1,5.0,1.067399e-08,1.6691984e-05,0
14604119001,1,10.0,2.1347978e-08,1.6691984e-05,0
12011335001,1,7.0,1.4943586e-08,1.6691984e-05,0
14604117001,1,5.0,1.067399e-08,1.6691984e-05,0
12343304001,1,6.0,1.2808788e-08,1.6691984e-05,0
14222017001,1,17.0,3.629156e-08,1.6691984e-05,0
14222069001,1,17.0,3.629156e-08,1.6691984e-05,0
14603116001,1,2.0,4.269596e-09,1.6691984e-05,0
12327058001,1,1.0,2.134798e-09,1.6691984e-05,0
12327051001,1,0.0,0.0,0.0,0
12000090001,1,5.0,1.067399e-08,1.6691984e-05,0
12327022001,1,2.0,4.269596e-09,1.6691984e-05,0
14222121001,1,24.0,5.123514e-08,1.6691984e-05,0
14850002001,1,0.0,0.0,0.0,0
14850003001,1,7.0,1.4943586e-08,1.6691984e-05,0
14850007001,1,1.0,2.134798e-09,1.6691984e-05,0
12327015001,1,12.0,2.5617572e-08,1.6691984e-05,0
12000136001,1,6.0,1.2808788e-08,1.6691984e-05,0
14210286001,1,27.0,5.7639532e-08,1.6691984e-05,0
12000275001,1,4.0,8.539192e-09,1.6691984e-05,0
14210216001,1,9.0,1.921318e-08,1.6691984e-05,0
12000270001,1,3.0,6.4043935e-09,1.6691984e-05,0
12000233001,1,3.0,6.4043935e-09,1.6691984e-05,0
12011122001,1,3.0,6.4043935e-09,1.6691984e-05,0
12011123001,1,3.0,6.4043935e-09,1.6691984e-05,0
11041032001,1,12.0,2.5617572e-08,1.6691984e-05,0
12000224001,1,4.0,8.539192e-09,1.6691984e-05,0
12011140001,1,13.0,2.775237e-08,1.6691984e-05,0
12000219001,1,3.0,6.4043935e-09,1.6691984e-05,0
12011142001,1,8.0,1.7078383e-08,1.6691984e-05,0
14002032001,1,14.0,2.988717e-08,1.6691984e-05,0
14612922001,1,4.0,8.539192e-09,1.6691984e-05,0
12000212001,1,5.0,1.067399e-08,1.6691984e-05,0
14612039001,1,2.0,4.269596e-09,1.6691984e-05,0
11021059002,1,4.0,8.539192e-09,1.6691984e-05,0
12011195001,1,2.0,4.269596e-09,1.6691984e-05,0
14832044001,1,6.0,1.2808788e-08,1.6691984e-05,0
12000176001,1,4.0,8.539192e-09,1.6691984e-05,0
12011204001,1,9.0,1.921318e-08,1.6691984e-05,0
11021046001,1,5.0,1.067399e-08,1.6691984e-05,0
11021043001,1,13.0,2.775237e-08,1.6691984e-05,0
12000166001,1,6.0,1.2808788e-08,1.6691984e-05,0
12010082001,1,3.0,6.4043935e-09,1.6691984e-05,0
12000468001,1,10.0,2.1347978e-08,1.6691984e-05,0
12011342001,1,8.0,1.7078383e-08,1.6691984e-05,0
14620168001,1,8.0,1.7078383e-08,1.6691984e-05,0
12003065001,1,4.0,8.539192e-09,1.6691984e-05,0
12002009001,1,3.0,6.4043935e-09,1.6691984e-05,0
12002002001,1,12.0,2.5617572e-08,1.6691984e-05,0
14632349001,1,10.0,2.1347978e-08,1.6691984e-05,0
12003100001,1,3.0,6.4043935e-09,1.6691984e-05,0
12001110001,1,5.0,1.067399e-08,1.6691984e-05,0
14620170001,1,33.0,7.0448316e-08,1.6691984e-05,0
14633002001,1,3.0,6.4043935e-09,1.6691984e-05,0
14633032001,1,5.0,1.067399e-08,1.6691984e-05,0
12003117001,1,5.0,1.067399e-08,1.6691984e-05,0
12001093001,1,8.0,1.7078383e-08,1.6691984e-05,0
12010056001,1,4.0,8.539192e-09,1.6691984e-05,0
14633107001,1,9.0,1.921318e-08,1.6691984e-05,0
14104028001,1,30.0,6.4043924e-08,1.6691984e-05,0
12001092001,1,1.0,2.134798e-09,1.6691984e-05,0
12001091001,1,3.0,6.4043935e-09,1.6691984e-05,0
12003138001,1,4.0,8.539192e-09,1.6691984e-05,0
12003142001,1,3.0,6.4043935e-09,1.6691984e-05,0
12003145001,1,3.0,6.4043935e-09,1.6691984e-05,0
14634032001,1,8.0,1.7078383e-08,1.6691984e-05,0
12001085001,1,8.0,1.7078383e-08,1.6691984e-05,0
12004063001,1,6.0,1.2808788e-08,1.6691984e-05,0
12003064001,1,16.0,3.4156763e-08,1.6691984e-05,0
12003063001,1,3.0,6.4043935e-09,1.6691984e-05,0
12003056001,1,4.0,8.539192e-09,1.6691984e-05,0
14632094001,1,9.0,1.921318e-08,1.6691984e-05,0
12002090001,1,3.0,6.4043935e-09,1.6691984e-05,0
12002127001,1,14.0,2.988717e-08,1.6691984e-05,0
14621062001,1,2.0,4.269596e-09,1.6691984e-05,0
14111048001,1,19.0,4.0561154e-08,1.6691984e-05,0
12002158001,1,11.0,2.3482775e-08,1.6691984e-05,0
12002075001,1,9.0,1.921318e-08,1.6691984e-05,0
14111078001,1,13.0,2.775237e-08,1.6691984e-05,0
14631042001,1,6.0,1.2808788e-08,1.6691984e-05,0
12002996001,1,2.0,4.269596e-09,1.6691984e-05,0
11032219001,1,2.0,4.269596e-09,1.6691984e-05,0
14631054001,1,10.0,2.1347978e-08,1.6691984e-05,0
12002057001,1,4.0,8.539192e-09,1.6691984e-05,0
12002042001,1,3.0,6.4043935e-09,1.6691984e-05,0
12003014001,1,3.0,6.4043935e-09,1.6691984e-05,0
12003030001,1,3.0,6.4043935e-09,1.6691984e-05,0
12003031001,1,10.0,2.1347978e-08,1.6691984e-05,0
12003035001,1,3.0,6.4043935e-09,1.6691984e-05,0
12002036001,1,2.0,4.269596e-09,1.6691984e-05,0
12003046001,1,6.0,1.2808788e-08,1.6691984e-05,0
12003051001,1,7.0,1.4943586e-08,1.6691984e-05,0
12002030001,1,4.0,8.539192e-09,1.6691984e-05,0
12004095001,1,7.0,1.4943586e-08,1.6691984e-05,0
12001081001,1,6.0,1.2808788e-08,1.6691984e-05,0
12004165001,1,11.0,2.3482775e-08,1.6691984e-05,0
12005082008,1,7.0,1.4943586e-08,1.6691984e-05,0
12001018001,1,6.0,1.2808788e-08,1.6691984e-05,0
14740035001,1,3.0,6.4043935e-09,1.6691984e-05,0
12005084002,1,6.0,1.2808788e-08,1.6691984e-05,0
12001015001,1,4.0,8.539192e-09,1.6691984e-05,0
12005084005,1,5.0,1.067399e-08,1.6691984e-05,0
12005089004,1,2.0,4.269596e-09,1.6691984e-05,0
12005092002,1,2.0,4.269596e-09,1.6691984e-05,0
12005092009,1,2.0,4.269596e-09,1.6691984e-05,0
11031915001,1,3.0,6.4043935e-09,1.6691984e-05,0
14741050001,1,16.0,3.4156763e-08,1.6691984e-05,0
12005109003,1,1.0,2.134798e-09,1.6691984e-05,0
12006001001,1,4.0,8.539192e-09,1.6691984e-05,0
11031908002,1,18.0,3.8426357e-08,1.6691984e-05,0
11031908001,1,8.0,1.7078383e-08,1.6691984e-05,0
12006059001,1,6.0,1.2808788e-08,1.6691984e-05,0
12006067001,1,7.0,1.4943586e-08,1.6691984e-05,0
12000494001,1,6.0,1.2808788e-08,1.6691984e-05,0
12006144001,1,2.0,4.269596e-09,1.6691984e-05,0
12010003001,1,11.0,2.3482775e-08,1.6691984e-05,0
14616037001,1,20.0,4.269595e-08,1.6691984e-05,0
12000485001,1,2.0,4.269596e-09,1.6691984e-05,0
12001022001,1,6.0,1.2808788e-08,1.6691984e-05,0
12005072013,1,2.0,4.269596e-09,1.6691984e-05,0
14700031001,1,13.0,2.775237e-08,1.6691984e-05,0
12005072005,1,11.0,2.3482775e-08,1.6691984e-05,0
12004171001,1,3.0,6.4043935e-09,1.6691984e-05,0
12001076001,1,9.0,1.921318e-08,1.6691984e-05,0
12004193001,1,10.0,2.1347978e-08,1.6691984e-05,0
12005003005,1,7.0,1.4943586e-08,1.6691984e-05,0
12005007001,1,4.0,8.539192e-09,1.6691984e-05,0
12001071001,1,6.0,1.2808788e-08,1.6691984e-05,0
14620088001,1,13.0,2.775237e-08,1.6691984e-05,0
14701026001,1,14.0,2.988717e-08,1.6691984e-05,0
14701067001,1,9.0,1.921318e-08,1.6691984e-05,0
12001065001,1,5.0,1.067399e-08,1.6691984e-05,0
12005009008,1,6.0,1.2808788e-08,1.6691984e-05,0
12005015001,1,4.0,8.539192e-09,1.6691984e-05,0
12005015004,1,5.0,1.067399e-08,1.6691984e-05,0
12005015006,1,4.0,8.539192e-09,1.6691984e-05,0
12005015008,1,11.0,2.3482775e-08,1.6691984e-05,0
14721072001,1,7.0,1.4943586e-08,1.6691984e-05,0
11040029001,1,7.0,1.4943586e-08,1.6691984e-05,0
14721916001,1,9.0,1.921318e-08,1.6691984e-05,0
11031918001,1,5.0,1.067399e-08,1.6691984e-05,0
14620035001,1,4.0,8.539192e-09,1.6691984e-05,0
14023250001,1,20.0,4.269595e-08,1.6691984e-05,0
12327014001,1,11.0,2.3482775e-08,1.6691984e-05,0
11043023001,1,4.0,8.539192e-09,1.6691984e-05,0
14353009001,1,6.0,1.2808788e-08,1.6691984e-05,0
14310061001,1,4.0,8.539192e-09,1.6691984e-05,0
12020018001,1,8.0,1.7078383e-08,1.6691984e-05,0
14304303001,1,21.0,4.483075e-08,1.6691984e-05,0
12123052001,1,22.0,4.6965546e-08,1.6691984e-05,0
12020050001,1,7.0,1.4943586e-08,1.6691984e-05,0
12020062001,1,7.0,1.4943586e-08,1.6691984e-05,0
31422899001,1,28.0,5.977433e-08,1.6691984e-05,0
11050104001,1,22.0,4.6965546e-08,1.6691984e-05,0
12020131001,1,7.0,1.4943586e-08,1.6691984e-05,0
10023102001,1,10.0,2.1347978e-08,1.6691984e-05,0
12020148001,1,5.0,1.067399e-08,1.6691984e-05,0
14310096001,1,14.0,2.988717e-08,1.6691984e-05,0
14244024001,1,15.0,3.2021966e-08,1.6691984e-05,0
14310101001,1,32.0,6.831352e-08,1.6691984e-05,0
31455014001,1,11.0,2.3482775e-08,1.6691984e-05,0
14510290001,1,4.0,8.539192e-09,1.6691984e-05,0
12020228001,1,10.0,2.1347978e-08,1.6691984e-05,0
12020234001,1,14.0,2.988717e-08,1.6691984e-05,0
14510264001,1,10.0,2.1347978e-08,1.6691984e-05,0
11103371001,1,3.0,6.4043935e-09,1.6691984e-05,0
14311033001,1,13.0,2.775237e-08,1.6691984e-05,0
14311076001,1,9.0,1.921318e-08,1.6691984e-05,0
10023043001,1,7.0,1.4943586e-08,1.6691984e-05,0
12020011001,1,7.0,1.4943586e-08,1.6691984e-05,0
14304302001,1,21.0,4.483075e-08,1.6691984e-05,0
11050095001,1,10.0,2.1347978e-08,1.6691984e-05,0
14304301001,1,21.0,4.483075e-08,1.6691984e-05,0
12016096001,1,0.0,0.0,0.0,0
11110063001,1,6.0,1.2808788e-08,1.6691984e-05,0
12016102001,1,7.0,1.4943586e-08,1.6691984e-05,0
11050055001,1,15.0,3.2021966e-08,1.6691984e-05,0
12130006001,1,3.0,6.4043935e-09,1.6691984e-05,0
12130005001,1,9.0,1.921318e-08,1.6691984e-05,0
14522044001,1,5.0,1.067399e-08,1.6691984e-05,0
31260001001,1,4.0,8.539192e-09,1.6691984e-05,0
31264013001,1,31.0,6.617872e-08,1.6691984e-05,0
12125005001,1,4.0,8.539192e-09,1.6691984e-05,0
11110020001,1,4.0,8.539192e-09,1.6691984e-05,0
12016126001,1,3.0,6.4043935e-09,1.6691984e-05,0
14521019001,1,16.0,3.4156763e-08,1.6691984e-05,0
11110012001,1,6.0,1.2808788e-08,1.6691984e-05,0
12016999001,1,2.0,4.269596e-09,1.6691984e-05,0
12123151001,1,9.0,1.921318e-08,1.6691984e-05,0
11050091001,1,6.0,1.2808788e-08,1.6691984e-05,0
14304014001,1,7.0,1.4943586e-08,1.6691984e-05,0
14304084001,1,13.0,2.775237e-08,1.6691984e-05,0
12017039001,1,5.0,1.067399e-08,1.6691984e-05,0
14512002001,1,7.0,1.4943586e-08,1.6691984e-05,0
12020283001,1,7.0,1.4943586e-08,1.6691984e-05,0
10023025001,1,0.0,0.0,0.0,0
12020284001,1,3.0,6.4043935e-09,1.6691984e-05,0
11103290001,1,7.0,1.4943586e-08,1.6691984e-05,0
12105027001,1,11.0,2.3482775e-08,1.6691984e-05,0
12105026001,1,5.0,1.067399e-08,1.6691984e-05,0
31533211001,1,8.0,1.7078383e-08,1.6691984e-05,0
12105017001,1,2.0,4.269596e-09,1.6691984e-05,0
11062002001,1,4.0,8.539192e-09,1.6691984e-05,0
11103274001,1,4.0,8.539192e-09,1.6691984e-05,0
14509037001,1,2.0,4.269596e-09,1.6691984e-05,0
12105002001,1,6.0,1.2808788e-08,1.6691984e-05,0
31544075003,1,0.0,0.0,0.0,0
12104047001,1,1.0,2.134798e-09,1.6691984e-05,0
14509025001,1,10.0,2.1347978e-08,1.6691984e-05,0
12104040001,1,3.0,6.4043935e-09,1.6691984e-05,0
12104034001,1,10.0,2.1347978e-08,1.6691984e-05,0
31545006001,1,1.0,2.134798e-09,1.6691984e-05,0
12104027001,1,7.0,1.4943586e-08,1.6691984e-05,0
14351001001,1,5.0,1.067399e-08,1.6691984e-05,0
12104012001,1,3.0,6.4043935e-09,1.6691984e-05,0
12104006001,1,23.0,4.9100343e-08,1.6691984e-05,0
12104005001,1,4.0,8.539192e-09,1.6691984e-05,0
11062008001,1,11.0,2.3482775e-08,1.6691984e-05,0
12103179001,1,8.0,1.7078383e-08,1.6691984e-05,0
31533034001,1,4.0,8.539192e-09,1.6691984e-05,0
11103296001,1,4.0,8.539192e-09,1.6691984e-05,0
12020312001,1,4.0,8.539192e-09,1.6691984e-05,0
11103297001,1,3.0,6.4043935e-09,1.6691984e-05,0
12111010004,1,13.0,2.775237e-08,1.6691984e-05,0
12111003001,1,8.0,1.7078383e-08,1.6691984e-05,0
11103347001,1,2.0,4.269596e-09,1.6691984e-05,0
11103334001,1,3.0,6.4043935e-09,1.6691984e-05,0
14311262001,1,13.0,2.775237e-08,1.6691984e-05,0
11051030001,1,9.0,1.921318e-08,1.6691984e-05,0
12106109002,1,14.0,2.988717e-08,1.6691984e-05,0
14312012001,1,5.0,1.067399e-08,1.6691984e-05,0
12106085001,1,5.0,1.067399e-08,1.6691984e-05,0
12106068001,1,8.0,1.7078383e-08,1.6691984e-05,0
12106066001,1,9.0,1.921318e-08,1.6691984e-05,0
11051899001,1,5.0,1.067399e-08,1.6691984e-05,0
12106047001,1,4.0,8.539192e-09,1.6691984e-05,0
12106036002,1,16.0,3.4156763e-08,1.6691984e-05,0
11103312001,1,11.0,2.3482775e-08,1.6691984e-05,0
31530106001,1,11.0,2.3482775e-08,1.6691984e-05,0
12106034001,1,3.0,6.4043935e-09,1.6691984e-05,0
14315001001,1,2.0,4.269596e-09,1.6691984e-05,0
11061027001,1,3.0,6.4043935e-09,1.6691984e-05,0
12020328001,1,2.0,4.269596e-09,1.6691984e-05,0
12106005001,1,5.0,1.067399e-08,1.6691984e-05,0
14523101001,1,3.0,6.4043935e-09,1.6691984e-05,0
11110075001,1,8.0,1.7078383e-08,1.6691984e-05,0
14850036001,1,3.0,6.4043935e-09,1.6691984e-05,0
12011387001,1,5.0,1.067399e-08,1.6691984e-05,0
12232020001,1,7.0,1.4943586e-08,1.6691984e-05,0
12232001001,1,0.0,0.0,0.0,0
12231027001,1,3.0,6.4043935e-09,1.6691984e-05,0
14602097001,1,10.0,2.1347978e-08,1.6691984e-05,0
12230006001,1,8.0,1.7078383e-08,1.6691984e-05,0
12011357001,1,13.0,2.775237e-08,1.6691984e-05,0
12011358001,1,7.0,1.4943586e-08,1.6691984e-05,0
14602093001,1,4.0,8.539192e-09,1.6691984e-05,0
14853005001,1,11.0,2.3482775e-08,1.6691984e-05,0
12000075001,1,5.0,1.067399e-08,1.6691984e-05,0
14602085001,1,3.0,6.4043935e-09,1.6691984e-05,0
12130084001,1,3.0,6.4043935e-09,1.6691984e-05,0
12000071001,1,4.0,8.539192e-09,1.6691984e-05,0
12000064001,1,8.0,1.7078383e-08,1.6691984e-05,0
14223046001,1,26.0,5.5504735e-08,1.6691984e-05,0
12000054001,1,5.0,1.067399e-08,1.6691984e-05,0
12000053001,1,7.0,1.4943586e-08,1.6691984e-05,0
14225008001,1,22.0,4.6965546e-08,1.6691984e-05,0
10904899001,1,1.0,2.134798e-09,1.6691984e-05,0
14225934001,1,23.0,4.9100343e-08,1.6691984e-05,0
10904008001,1,6.0,1.2808788e-08,1.6691984e-05,0
12000044001,1,13.0,2.775237e-08,1.6691984e-05,0
12233014001,1,15.0,3.2021966e-08,1.6691984e-05,0
12233019001,1,2.0,4.269596e-09,1.6691984e-05,0
14602101001,1,12.0,2.5617572e-08,1.6691984e-05,0
12234005001,1,2.0,4.269596e-09,1.6691984e-05,0
14850048001,1,5.0,1.067399e-08,1.6691984e-05,0
14850061001,1,5.0,1.067399e-08,1.6691984e-05,0
12326005001,1,1.0,2.134798e-09,1.6691984e-05,0
14850082001,1,5.0,1.067399e-08,1.6691984e-05,0
12325186001,1,12.0,2.5617572e-08,1.6691984e-05,0
14850103001,1,0.0,0.0,0.0,0
12323204001,1,4.0,8.539192e-09,1.6691984e-05,0
11010038001,1,3.0,6.4043935e-09,1.6691984e-05,0
12323111001,1,6.0,1.2808788e-08,1.6691984e-05,0
14603001001,1,27.0,5.7639532e-08,1.6691984e-05,0
12322057001,1,3.0,6.4043935e-09,1.6691984e-05,0
12321135001,1,1.0,2.134798e-09,1.6691984e-05,0
12320188001,1,5.0,1.067399e-08,1.6691984e-05,0
12302047001,1,7.0,1.4943586e-08,1.6691984e-05,0
12011346001,1,5.0,1.067399e-08,1.6691984e-05,0
12234939001,1,0.0,0.0,0.0,0
12234934001,1,3.0,6.4043935e-09,1.6691984e-05,0
12234920001,1,1.0,2.134798e-09,1.6691984e-05,0
12234917001,1,0.0,0.0,0.0,0
12234010001,1,15.0,3.2021966e-08,1.6691984e-05,0
12000082001,1,14.0,2.988717e-08,1.6691984e-05,0
12011470001,1,10.0,2.1347978e-08,1.6691984e-05,0
12011479001,1,6.0,1.2808788e-08,1.6691984e-05,0
14602033001,1,8.0,1.7078383e-08,1.6691984e-05,0
12151103001,1,4.0,8.539192e-09,1.6691984e-05,0
12151099001,1,4.0,8.539192e-09,1.6691984e-05,0
11050019001,1,11.0,2.3482775e-08,1.6691984e-05,0
14241039001,1,9.0,1.921318e-08,1.6691984e-05,0
14601012001,1,26.0,5.5504735e-08,1.6691984e-05,0
11112017001,1,10.0,2.1347978e-08,1.6691984e-05,0
12151018001,1,6.0,1.2808788e-08,1.6691984e-05,0
12151006001,1,9.0,1.921318e-08,1.6691984e-05,0
30071044001,1,3.0,6.4043935e-09,1.6691984e-05,0
30071047001,1,3.0,6.4043935e-09,1.6691984e-05,0
11112015001,1,1.0,2.134798e-09,1.6691984e-05,0
30071053001,1,9.0,1.921318e-08,1.6691984e-05,0
11112008001,1,6.0,1.2808788e-08,1.6691984e-05,0
11112005001,1,5.0,1.067399e-08,1.6691984e-05,0
30073022001,1,4.0,8.539192e-09,1.6691984e-05,0
12150004001,1,4.0,8.539192e-09,1.6691984e-05,0
12140011001,1,5.0,1.067399e-08,1.6691984e-05,0
14242128001,1,1.0,2.134798e-09,1.6691984e-05,0
12016070001,1,9.0,1.921318e-08,1.6691984e-05,0
31175002001,1,7.0,1.4943586e-08,1.6691984e-05,0
31182015001,1,13.0,2.775237e-08,1.6691984e-05,0
14243152001,1,16.0,3.4156763e-08,1.6691984e-05,0
12151100001,1,6.0,1.2808788e-08,1.6691984e-05,0
14241036001,1,5.0,1.067399e-08,1.6691984e-05,0
10041076001,1,20.0,4.269595e-08,1.6691984e-05,0
12152058001,1,6.0,1.2808788e-08,1.6691984e-05,0
12201128001,1,9.0,1.921318e-08,1.6691984e-05,0
12012003001,1,16.0,3.4156763e-08,1.6691984e-05,0
12012008001,1,5.0,1.067399e-08,1.6691984e-05,0
12012012001,1,7.0,1.4943586e-08,1.6691984e-05,0
12012046001,1,1.0,2.134798e-09,1.6691984e-05,0
12012048001,1,3.0,6.4043935e-09,1.6691984e-05,0
12012054001,1,7.0,1.4943586e-08,1.6691984e-05,0
12012059001,1,7.0,1.4943586e-08,1.6691984e-05,0
14602024001,1,5.0,1.067399e-08,1.6691984e-05,0
14226167001,1,22.0,4.6965546e-08,1.6691984e-05,0
12012118001,1,7.0,1.4943586e-08,1.6691984e-05,0
12012143001,1,6.0,1.2808788e-08,1.6691984e-05,0
12012165001,1,3.0,6.4043935e-09,1.6691984e-05,0
12012171001,1,7.0,1.4943586e-08,1.6691984e-05,0
12012173001,1,8.0,1.7078383e-08,1.6691984e-05,0
12000022001,1,2.0,4.269596e-09,1.6691984e-05,0
12012929001,1,18.0,3.8426357e-08,1.6691984e-05,0
12000020001,1,7.0,1.4943586e-08,1.6691984e-05,0
15302010001,1,9.0,1.921318e-08,1.6691984e-05,0
12014025001,1,30.0,6.4043924e-08,1.6691984e-05,0
14241001001,1,19.0,4.0561154e-08,1.6691984e-05,0
31251002001,1,3.0,6.4043935e-09,1.6691984e-05,0
