item_code,total_demand,avg_affinity,max_affinity,cluster
10021025001,67734,2.7564638e-05,0.0019028861,3
10000011001,58080,1.7960047e-05,0.001986346,3
10021008001,28440,1.3972069e-05,0.0018194262,3
15020047001,24450,5.488534e-06,0.00046737553,1
10035035001,22806,1.6277716e-05,0.0020864978,3
10001009001,19968,1.03045595e-05,0.0012685908,3
10032006001,19758,1.4631733e-05,0.0013353587,3
10010002001,19692,1.556038e-05,0.0014188186,3
10031005001,18456,1.3995559e-05,0.0020864978,3
14805012001,17916,3.6447564e-05,0.002069806,3
10034042001,17838,1.6030073e-05,0.0018361182,3
10032016001,17802,1.504799e-05,0.0020864978,3
10031001001,17628,1.5257245e-05,0.001986346,3
14804007001,17208,3.307884e-05,0.0016191225,3
12201031001,17064,2.358963e-06,0.0003171477,1
10033037001,16560,1.0987665e-05,0.0015356624,3
10001012001,16152,9.416491e-06,0.0013687427,3
10021006001,15940,4.4318263e-06,0.00043399158,1
14502009001,15455,3.1046526e-05,0.0020864978,3
10040063001,15408,2.3674995e-06,0.000984827,1
10002008001,15288,5.1661887e-06,0.0011684388,3
10002021001,15144,1.008253e-05,0.0014688945,3
10034019001,14334,1.479611e-05,0.0018027342,3
10021001001,13992,6.511072e-06,0.0013186667,3
10033025001,13962,1.6130421e-05,0.0015690464,3
14500000001,13820,3.5273508e-05,0.001986346,3
10033004001,13770,1.3041272e-05,0.0018361182,3
10032047001,13656,1.41065775e-05,0.0014522026,3
10031013001,13608,1.9074372e-05,0.00201973,3
10002018001,13302,2.1198526e-05,0.001969654,3
14503003001,13056,6.076732e-05,0.00210319,3
10033018001,12764,1.5265732e-05,0.0018861941,3
10032013001,12210,1.8414734e-05,0.00210319,3
12201079001,11988,2.50413e-06,0.0007678312,1
10010004001,11694,8.741853e-06,0.0014355106,3
10000005001,11670,1.0838246e-05,0.001068287,3
10032010001,11448,1.1766839e-05,0.0013353587,3
12201898001,11054,1.0908864e-06,0.00018361182,1
10010035001,10938,9.969367e-06,0.0011684388,3
10035034001,10914,7.4610134e-06,0.0011517468,3
12201103001,10632,1.8209909e-06,0.00026707174,1
12200002001,10608,7.770688e-07,0.00028376371,1
10034025001,10488,9.109067e-06,0.0014688945,3
10002102001,10434,6.4875835e-06,0.0012685908,3
10041067001,10312,2.7731144e-06,0.00033383968,1
12200006001,10290,9.1369725e-07,0.00016691984,1
10020007001,10218,7.742831e-06,0.0007010633,1
14505013001,10215,2.2784678e-05,0.002003038,3
10031910001,10200,7.1023837e-06,0.0012018228,3
10001006001,10062,1.578668e-05,0.0014021266,3
10000002001,9976,8.8827865e-06,0.002036422,3
10033043001,9860,2.8819948e-05,0.0017359663,3
10002001001,9744,7.482392e-06,0.0012185147,3
15022026001,9702,2.265029e-06,0.0003171477,1
15020050001,9678,2.3909831e-06,0.00045068355,1
14505041001,9495,1.3229194e-05,0.0014688945,3
12201043001,9408,2.1027856e-06,0.00033383968,1
10035021001,9296,2.997269e-06,0.0003171477,1
10014090001,9186,8.250895e-06,0.0010849789,3
10002019001,9096,7.213403e-06,0.0012685908,3
10001025001,9096,7.271046e-06,0.0019195781,3
10040005001,8760,1.5968349e-06,0.00033383968,1
10032008001,8712,8.859285e-06,0.00201973,3
12201104001,8640,1.3982988e-06,0.00025037976,1
10034003001,8508,7.648896e-06,0.0012185147,3
12201001001,8496,9.136969e-07,0.00011684388,1
15020010001,8142,2.9844605e-06,0.00033383968,1
10033064001,8016,1.2332584e-05,0.0015690464,3
10021027001,8016,4.6965397e-06,0.000968135,1
14502081001,8001,1.1739122e-05,0.001986346,3
10030013001,7986,8.573248e-06,0.0011350549,3
12200001001,7914,1.5584093e-06,0.00023368777,1
10002010001,7824,4.273861e-06,0.00075113925,1
10040062001,7800,2.0088517e-06,0.000984827,1
10033068001,7680,4.5577767e-06,0.0012018228,3
15021001001,7524,3.603552e-06,0.0005174515,1
10000026001,7232,1.5872052e-05,0.0016525064,3
10015007001,7224,3.910961e-06,0.00066767936,1
15022004001,6942,3.283332e-06,0.0005174515,1
14500013001,6906,1.754373e-05,0.0017025823,3
14831007001,6861,2.1245476e-05,0.001952962,3
10034036001,6762,7.595514e-06,0.0012352067,3
10030048001,6696,1.2133997e-05,0.0017526583,3
10030007001,6520,1.2509726e-05,0.0018861941,3
10033041001,6474,7.106663e-06,0.00055083545,1
14505899001,6455,1.2830001e-05,0.0016525064,3
10032019001,6444,4.9142764e-06,0.0008179072,1
14011052001,6432,1.659374e-05,0.0016691984,3
10021016001,6296,5.0231524e-06,0.00056752743,1
12201035001,6270,1.024707e-06,0.00025037976,1
14502011001,6258,2.1751479e-05,0.0017693503,3
10033057001,6152,7.4418267e-06,0.0006009114,1
10014028001,5892,5.3433578e-06,0.00066767936,1
10031031001,5819,7.1942013e-06,0.00073444727,1
10033013001,5812,5.546161e-06,0.0005174515,1
10015010001,5766,5.6955855e-06,0.0007177553,1
10034999001,5724,5.5290698e-06,0.0007010633,1
10000007001,5712,6.967902e-06,0.0006342954,1
12201069001,5664,1.1591983e-06,0.00021699579,1
12201024001,5660,2.1412122e-06,0.00033383968,1
14840003001,5590,2.0703214e-05,0.0019028861,3
12201123001,5510,4.3763453e-07,0.00036722363,1
10021012001,5484,2.4550272e-06,0.00036722363,1
12201049001,5424,8.987531e-07,0.0003004557,1
10020018001,5190,4.5769916e-06,0.00061760336,1
10040003001,5136,1.1784125e-06,0.00045068355,1
10033015001,5124,8.291467e-06,0.0008345992,1
12201083001,5124,3.5010746e-07,0.00013353587,1
10034004001,5100,7.0767783e-06,0.0011517468,3
10002005001,5094,1.1032504e-05,0.0014021266,3
14501010001,5052,2.1486845e-05,0.002069806,3
12201037001,5040,1.0033589e-06,0.00023368777,1
10040032001,5034,1.0439198e-06,0.00016691984,1
10034011001,5022,5.9432105e-06,0.00095144304,1
14501014001,5010,1.4078844e-05,0.0017860422,3
10014023001,4980,7.0148685e-06,0.0008012152,1
10011001001,4866,5.454358e-06,0.0009013671,1
10033005001,4848,6.4833125e-06,0.001051595,3
10031911001,4770,2.405925e-06,0.0003004557,1
14503000001,4740,1.1724179e-05,0.0020864978,3
14502077001,4698,1.3030682e-05,0.002069806,3
10031033001,4584,5.6101926e-06,0.000968135,1
12201065001,4560,8.069567e-07,0.0001001519,1
10011016001,4482,5.6016597e-06,0.0008345992,1
15020920001,4464,2.924675e-07,8.345992e-05,1
14505014001,4431,1.2428658e-05,0.001001519,3
14505917001,4400,9.817827e-06,0.0011183629,3
14014006001,4383,4.360359e-05,0.002053114,3
14501063001,4326,1.672396e-05,0.0015189705,3
10034014001,4326,5.1981906e-06,0.00045068355,1
10031017001,4320,2.1241297e-06,0.0003839156,1
12201042001,4272,6.447109e-07,0.00023368777,1
14505016001,4242,2.0195175e-05,0.0018194262,3
10035015001,4236,7.198465e-06,0.0008179072,1
15020046001,4223,9.585267e-07,0.00021699579,1
10013005001,4212,3.9301676e-06,0.0009013671,1
10002009001,4188,5.26865e-06,0.0016024304,3
10031016001,4158,3.861859e-06,0.00066767936,1
10013003001,4158,6.8910754e-06,0.000984827,1
10033070001,4132,3.663327e-06,0.0018194262,3
12201005001,4056,8.197652e-07,0.0002003038,1
10033074001,4016,8.364034e-06,0.0008345992,1
10040023001,3968,1.511443e-06,0.00015022785,1
14502041001,3885,1.0806223e-05,0.0009180591,1
10033050001,3868,6.246346e-06,0.0012852828,3
10021026001,3859,4.4745848e-05,0.0020864978,3
14500010001,3855,7.815433e-06,0.0012685908,3
14500008001,3768,2.1689623e-06,0.0002003038,1
14023056001,3763,5.336174e-05,0.002069806,3
14805016001,3720,9.491209e-06,0.0014188186,3
15023012001,3697,5.0295666e-06,0.0005007595,1
14832021001,3690,2.0400043e-05,0.0019028861,3
15022005001,3654,8.774047e-07,0.00011684388,1
10034017001,3606,4.2162146e-06,0.00066767936,1
14821003001,3567,2.329057e-05,0.001952962,3
14840006001,3561,2.0765154e-05,0.002053114,3
14501013001,3549,1.1534204e-05,0.0018361182,3
14011053001,3492,2.0423699e-05,0.002053114,3
14501045001,3492,1.7893894e-05,0.0017860422,3
10012011001,3456,3.251309e-06,0.00061760336,1
10014033001,3456,3.7615273e-06,0.0007845232,1
10002907001,3450,6.72454e-06,0.0005341435,1
10030003001,3380,7.809008e-06,0.00075113925,1
14502004001,3372,8.780342e-06,0.0011517468,3
14503019001,3354,1.4986139e-05,0.0013520507,3
14502014001,3333,2.5782092e-05,0.0018528102,3
10021035001,3305,1.6640612e-05,0.001986346,3
10033030001,3288,6.355218e-06,0.0015857384,3
14502078001,3276,6.8654685e-06,0.0011517468,3
14820008001,3270,7.640396e-06,0.0014688945,3
10032003001,3270,4.867325e-06,0.00061760336,1
15023035001,3240,9.3931085e-08,5.007595e-05,1
10032064001,3234,3.2577127e-06,0.0006009114,1
10021009001,3120,8.6246115e-07,0.0003004557,1
10040041001,3072,7.7066477e-07,0.00016691984,1
14505115001,3056,6.0243606e-06,0.00073444727,1
14810006001,3045,1.737502e-05,0.0013353587,3
10020041001,3042,3.5352393e-06,0.00033383968,1
14501004001,3015,6.4641386e-06,0.00093475106,1
10032049001,3000,5.454365e-06,0.00066767936,1
14504006001,2992,9.474123e-06,0.0010849789,3
10033054001,2988,5.3839126e-06,0.0015690464,3
14502012001,2985,7.843169e-06,0.0011851308,3
12201153001,2950,4.5119195e-05,0.002069806,3
14014014001,2937,4.2862775e-05,0.00210319,3
10024007001,2928,4.8630473e-06,0.0004006076,1
10040020001,2911,7.3223805e-07,0.0004006076,1
14908899001,2892,4.269596e-09,3.3383967e-05,1
10001004001,2886,9.819975e-06,0.002036422,3
14501022001,2850,1.4480165e-05,0.0016358144,3
10000003001,2832,3.7316418e-06,0.00036722363,1
10002944001,2826,2.1433443e-06,0.0008012152,1
10040048001,2769,8.3257106e-08,5.007595e-05,1
10002014001,2742,4.011293e-06,0.00045068355,1
10011003001,2718,7.661705e-06,0.00061760336,1
14505005001,2705,7.407685e-06,0.0015022785,3
15021035001,2682,1.5455993e-06,0.0003171477,1
10033066001,2680,4.4318263e-06,0.00061760336,1
14820028001,2680,1.1316462e-05,0.001001519,3
10002007001,2664,5.7510883e-06,0.00088467513,1
10040058001,2658,6.7032875e-07,0.00013353587,1
10002046001,2658,2.3888495e-06,0.00036722363,1
10020011001,2640,1.5776211e-06,0.00021699579,1
14810016001,2613,1.2238664e-05,0.0007010633,1
10002017001,2599,1.6139129e-06,0.0009180591,1
10002943001,2598,2.380308e-06,0.0008012152,1
14503013001,2592,8.133508e-06,0.0012185147,3
14010040001,2567,4.0254068e-05,0.002069806,3
10031025001,2548,2.5788472e-06,0.00028376371,1
14832018001,2547,1.1589699e-05,0.0015022785,3
10035028001,2520,3.343105e-06,0.00045068355,1
10040013001,2496,7.044854e-07,0.0001001519,1
10034027001,2490,4.1500402e-06,0.00045068355,1
10032011001,2472,3.2726527e-06,0.0007010633,1
10022007001,2454,1.609644e-06,0.00028376371,1
10016015001,2424,1.8039105e-06,0.0003171477,1
10033011001,2412,4.690132e-06,0.00075113925,1
10033028001,2396,2.2031193e-06,0.00033383968,1
14010142001,2387,3.4432396e-05,0.002069806,3
10021019001,2346,2.3119935e-06,0.0003839156,1
15024004001,2328,1.8743598e-06,0.00016691984,1
10040010001,2316,8.1763056e-07,0.00013353587,1
10040066001,2300,3.372986e-07,0.00011684388,1
14804002001,2238,5.544048e-06,0.001034903,1
10020027001,2232,2.9780554e-06,0.00026707174,1
10014009001,2196,2.4443545e-06,0.00021699579,1
10015011001,2184,2.521205e-06,0.00026707174,1
14830010001,2124,8.972452e-06,0.0011183629,3
14820012001,2115,1.4027605e-05,0.0013353587,3
14502006001,2113,1.3169411e-05,0.0012852828,3
10001014001,2112,5.2195483e-06,0.0013687427,3
10000004001,2104,9.841452e-07,0.00026707174,1
10034050001,2100,2.21166e-06,0.0003004557,1
14501902001,2084,5.6230256e-06,0.0014021266,3
10032046001,2070,2.1881751e-06,0.0004172996,1
10014051001,2064,5.230268e-07,0.0001001519,1
15023020001,2064,1.4623425e-06,0.00018361182,1
15023017001,2058,7.7066477e-07,8.345992e-05,1
10002003001,2056,4.705075e-06,0.0008345992,1
10031004001,2052,2.4443525e-06,0.0003004557,1
14831020001,2040,8.346988e-06,0.0015523544,3
14014015001,2036,3.3870936e-05,0.0021198818,3
10040027001,2010,4.3976942e-07,8.345992e-05,1
10022030001,2004,3.7231032e-06,0.0004006076,1
10034039001,2004,3.3068134e-06,0.00028376371,1
14502010001,1988,5.6507806e-06,0.0014021266,3
10030014001,1980,3.906691e-06,0.00043399158,1
14504055001,1965,7.826083e-06,0.0007177553,1
14500067001,1960,4.873715e-06,0.0004172996,1
10040008001,1950,8.1549575e-07,0.00028376371,1
10041085001,1936,1.0695378e-06,0.0001001519,1
10033056001,1936,2.1839064e-06,0.0003004557,1
10001005001,1926,2.5553632e-06,0.00028376371,1
10014032001,1920,2.224468e-06,0.0003839156,1
14503005001,1916,4.5300253e-06,0.00075113925,1
14011029001,1907,3.0613155e-05,0.0017359663,3
10040022001,1880,2.6044538e-07,0.00011684388,1
10012899001,1872,2.3867133e-06,0.00026707174,1
10001020001,1860,3.4541174e-06,0.00066767936,1
15022017001,1854,1.2851534e-06,0.00013353587,1
14023028001,1852,2.7334045e-05,0.002069806,3
10002006001,1848,1.107733e-05,0.0012185147,3
14501021001,1836,2.7069339e-06,0.00035053166,1
10034020001,1824,1.6843615e-06,0.00011684388,1
14804004001,1824,5.1832667e-06,0.0005341435,1
14020026001,1821,3.1966636e-05,0.002053114,3
10032055001,1818,4.109489e-06,0.0003004557,1
10035017001,1808,3.4583857e-06,0.00036722363,1
14501047001,1790,5.1298957e-06,0.00095144304,1
10013012001,1776,3.693216e-06,0.00056752743,1
14505138001,1767,9.461338e-06,0.0017860422,3
10012004001,1766,2.2137947e-06,0.0004840675,1
12220012001,1766,3.9002884e-06,0.00088467513,1
14504015001,1760,6.201554e-06,0.0006342954,1
10030011001,1760,4.199144e-06,0.0005341435,1
15021003001,1752,1.0332458e-06,0.00025037976,1
10034024001,1746,1.9875035e-06,0.0003004557,1
10030046001,1740,2.3696343e-06,0.00036722363,1
10040009001,1728,6.190934e-07,0.0002003038,1
10000010001,1696,2.0216623e-06,0.00018361182,1
10030008001,1680,1.4153765e-06,0.00016691984,1
14501012001,1666,2.0515388e-05,0.0019195781,3
10033010001,1666,1.389759e-06,0.0008345992,1
10040039001,1658,3.7871446e-06,0.0015189705,3
12210024001,1635,3.2662456e-07,0.00011684388,1
14502015001,1629,8.852914e-06,0.0015690464,3
14500003001,1625,3.8020908e-06,0.0003839156,1
10021017001,1624,2.0045827e-06,0.0003004557,1
10040081001,1620,4.6538676e-07,0.00033383968,1
14500023001,1616,8.823025e-06,0.0012518988,3
14805004001,1614,4.547122e-06,0.00061760336,1
10033034001,1594,4.5684789e-07,8.345992e-05,1
14504027001,1585,6.3766156e-06,0.0004840675,1
10011023001,1584,2.9930004e-06,0.00056752743,1
14023104001,1551,2.8435672e-05,0.0021198818,3
14820013001,1551,9.185955e-06,0.0014188186,3
12200017001,1548,6.148236e-07,0.00015022785,1
15023005001,1548,1.1207727e-06,0.00018361182,1
12201030001,1540,6.639242e-07,0.00011684388,1
14112013001,1530,2.930239e-05,0.002053114,3
10000012001,1520,2.7944623e-06,0.0003171477,1
10002012001,1518,1.2958275e-06,0.00015022785,1
14820014001,1509,9.828494e-06,0.00095144304,1
10014113001,1506,2.1326725e-06,0.00015022785,1
12201101001,1500,9.969546e-07,0.00011684388,1
10041002001,1497,5.4224006e-07,8.345992e-05,1
10035012001,1496,2.0088526e-06,0.00023368777,1
14510039001,1490,8.9190835e-06,0.001068287,3
10033014001,1480,3.0570427e-06,0.00028376371,1
14505021001,1479,5.531234e-06,0.00055083545,1
14833010001,1479,1.0157279e-05,0.0008512912,1
10031901001,1475,1.3769503e-06,0.00018361182,1
14830009001,1473,8.056664e-06,0.0008012152,1
14804010001,1470,5.550455e-06,0.0011016709,3
12210018001,1470,8.005519e-07,0.00021699579,1
10010026001,1464,1.9960446e-06,0.00013353587,1
12201048001,1464,4.205561e-07,6.6767934e-05,1
14500026001,1455,5.7980856e-06,0.00095144304,1
15020001001,1446,7.215639e-07,8.345992e-05,1
10014020001,1434,2.1219985e-06,0.00023368777,1
14244020001,1395,6.6284742e-06,0.0006342954,1
10000013001,1392,3.7145546e-07,5.007595e-05,1
14110009001,1382,1.4930619e-05,0.0012518988,3
12201095001,1380,1.8145778e-07,5.007595e-05,1
10035006001,1380,2.1326714e-06,0.00016691984,1
15023011001,1374,1.7291935e-06,0.0003004557,1
14501016001,1374,6.884681e-06,0.0011517468,3
12201084001,1362,1.9341353e-06,0.00036722363,1
10303002001,1359,5.486447e-07,6.6767934e-05,1
15020922001,1358,6.2122797e-07,8.345992e-05,1
10020033001,1356,1.5605427e-06,0.0002003038,1
10041040001,1356,1.4922297e-06,0.00016691984,1
12201013001,1350,9.414491e-07,0.00056752743,1
10033065001,1349,1.1186382e-06,0.00018361182,1
14840017001,1338,9.215827e-06,0.0009013671,1
10033082001,1332,2.0707612e-06,0.00036722363,1
14505020001,1325,4.9996775e-06,0.0004840675,1
10033001001,1320,6.681938e-07,8.345992e-05,1
10033019001,1317,2.3504224e-06,0.0002003038,1
10040002001,1314,2.1134494e-07,3.3383967e-05,1
10033016001,1313,1.5349253e-06,0.00026707174,1
10000027001,1312,8.005522e-07,0.00011684388,1
10021007001,1301,1.321446e-06,0.00016691984,1
14504001001,1300,6.1460546e-06,0.00055083545,1
14833024001,1278,6.4897504e-06,0.00056752743,1
14810004001,1269,5.531231e-06,0.0004840675,1
14014005001,1264,2.4676261e-05,0.0017693503,3
10031902001,1252,2.0878392e-06,0.00028376371,1
14505031001,1248,6.9423113e-06,0.0011517468,3
12201896001,1240,5.614535e-07,8.345992e-05,1
10016014001,1236,2.4763656e-07,5.007595e-05,1
14203017001,1228,2.2024831e-05,0.0019195781,3
14102249001,1227,2.720388e-05,0.0017860422,3
10012006001,1218,2.5809818e-06,0.0005174515,1
14611010001,1218,1.535544e-05,0.0012352067,3
10032014001,1212,1.4153762e-06,0.00011684388,1
14121106001,1203,1.37116385e-05,0.0019195781,3
14000057001,1203,2.9859584e-05,0.002069806,3
14805899001,1200,1.0823466e-06,0.00018361182,1
10021021001,1192,1.6630141e-06,0.00018361182,1
10000021001,1191,2.2031206e-06,0.00021699579,1
14504002001,1190,2.9652472e-06,0.00045068355,1
14112007001,1171,2.4065695e-05,0.0021198818,3
14804005001,1170,3.5224314e-06,0.0004006076,1
10001022001,1160,3.3858046e-06,0.0008179072,1
14830069001,1155,8.1377775e-06,0.00066767936,1
14500007001,1155,3.2385028e-06,0.00023368777,1
15023004001,1152,6.425761e-07,0.00013353587,1
15023013001,1140,2.1625583e-06,0.0005007595,1
10021015001,1136,1.1570653e-06,0.00018361182,1
15022013001,1134,2.1177284e-06,0.00015022785,1
10024010001,1134,1.4367246e-06,0.00013353587,1
10040004001,1132,2.88412e-06,0.0018361182,3
14501005001,1131,5.7148222e-06,0.0004840675,1
14500024001,1128,1.244591e-06,0.00016691984,1
14011003001,1119,2.5782101e-05,0.00210319,3
14000197001,1113,1.6574542e-05,0.0013353587,3
14521157001,1104,8.923351e-06,0.00095144304,1
14505011001,1100,6.963645e-06,0.0011350549,3
10001043001,1092,6.6605907e-07,0.00011684388,1
10020015001,1092,1.0716723e-06,0.00013353587,1
14010027001,1092,5.8983883e-06,0.0005174515,1
14021010001,1087,2.0914738e-05,0.0016191225,3
14810001001,1083,7.172873e-06,0.00056752743,1
10040016001,1080,2.3909732e-07,5.007595e-05,4
14501053001,1068,6.1439177e-06,0.00075113925,1
10024004001,1056,1.5562738e-06,0.00036722363,1
14102250001,1054,2.765646e-05,0.001969654,3
14502111001,1053,8.195404e-06,0.001034903,1
10032020001,1032,3.8832086e-06,0.0003004557,1
14502022001,1032,4.3421783e-06,0.0004840675,1
14615133001,1024,7.578557e-07,0.00016691984,1
15023003001,1020,9.8628e-07,0.0001001519,1
12221008001,1020,1.1100946e-07,5.007595e-05,4
10040025001,1017,2.4464848e-06,0.0018361182,3
10031019001,1016,1.9490776e-06,0.00023368777,1
10041004001,1012,1.0076284e-06,0.00011684388,1
14501086001,1002,8.238104e-06,0.001034903,1
10030016001,996,3.0997373e-06,0.0005842194,1
14502026001,994,1.3192917e-05,0.001952962,3
10040033001,992,6.233627e-07,0.00026707174,1
10033053001,991,7.6852945e-07,0.00023368777,1
10033075001,990,2.9652433e-06,0.00045068355,1
14504008001,990,4.1756643e-06,0.00061760336,1
10033006001,989,9.0729213e-07,0.00028376371,1
14501011001,988,1.2723261e-05,0.0019028861,3
14801002001,987,7.3671386e-06,0.000968135,1
14110015001,987,2.2520178e-05,0.0018194262,3
10031012001,984,1.342793e-06,0.00015022785,1
10031007001,972,2.630081e-06,0.00033383968,1
10024011001,968,2.5553638e-06,0.00028376371,1
10022008001,968,4.7606116e-07,5.007595e-05,4
12201105001,953,3.4327716e-06,0.0005842194,1
14370020001,952,1.0044112e-05,0.0009180591,1
10035013001,952,1.6288567e-06,0.00018361182,1
10030022001,948,1.3470623e-06,0.00015022785,1
10040111001,948,2.1774933e-07,0.0001001519,1
11103136001,948,3.639849e-06,0.0005174515,1
12201064001,940,1.3662704e-07,3.3383967e-05,4
15024011001,936,2.7752373e-08,5.007595e-05,4
14501038001,933,6.7928886e-06,0.0009013671,1
14133023001,931,2.111967e-05,0.001986346,3
10040026001,930,1.8764925e-06,0.0014355106,3
12201067001,930,2.3055811e-07,3.3383967e-05,4
14131033001,929,2.691141e-05,0.0019195781,3
14501031001,927,9.4785275e-07,0.00015022785,1
14831002001,927,7.5123075e-06,0.0008179072,1
14020053001,924,1.5566813e-05,0.002003038,3
10032015001,924,1.5754874e-06,0.00011684388,1
14820017001,921,3.4050163e-06,0.0003171477,1
14010011001,920,1.8801193e-05,0.001952962,3
10002071001,920,4.790465e-06,0.00046737553,1
14615017001,918,6.363794e-06,0.0006009114,1
14805017001,912,3.1787272e-06,0.00045068355,1
14505099001,912,6.485468e-06,0.001068287,1
10010027001,912,0.0,0.0,4
14011032001,908,1.8222663e-05,0.00193627,3
10001001001,906,3.492544e-06,0.0003839156,1
10030019001,888,3.522422e-07,5.007595e-05,4
12201059001,888,2.8179355e-07,3.3383967e-05,4
14822014001,885,5.6956246e-06,0.0007678312,1
14504028001,885,3.3644526e-06,0.00061760336,1
14370004001,884,9.230773e-06,0.00055083545,1
14112014001,882,2.0235835e-05,0.0021198818,3
14502007001,876,4.670923e-06,0.0007845232,1
14021017001,871,1.893994e-05,0.00201973,3
14023029001,866,1.7686807e-05,0.001969654,3
14131047001,864,2.2063276e-05,0.0020864978,3
12201147001,864,3.43703e-07,0.00013353587,1
14500056001,864,6.131098e-06,0.0008512912,1
10034016001,860,9.862802e-07,0.00018361182,1
10000998001,850,1.5963895e-05,0.0016858904,3
15024014001,846,8.731353e-07,0.00018361182,1
10002045001,845,7.0490264e-06,0.0011350549,3
14000039001,842,1.8229064e-05,0.0014188186,3
12201071001,840,2.668498e-07,5.007595e-05,4
14831021001,834,5.727643e-06,0.00056752743,1
10002073001,828,2.0878404e-06,0.0002003038,1
14504009001,825,2.7816486e-06,0.00043399158,1
12201020001,816,1.2808785e-07,3.3383967e-05,4
14000196001,816,1.08510485e-05,0.0011016709,3
10020004001,810,1.9384038e-06,0.00021699579,1
14100003001,809,1.9640182e-05,0.0016191225,3
14121020001,803,8.882784e-06,0.0019195781,3
14133003001,801,1.8801189e-05,0.001986346,3
10033027001,800,2.5083964e-06,0.0003171477,1
14506275001,800,2.0707614e-06,0.00033383968,1
14510050001,796,9.0343565e-06,0.0007845232,1
10030015001,796,2.5340146e-06,0.0004840675,1
12122999001,792,2.15829e-06,0.0004172996,1
14510034001,776,5.4266316e-06,0.00056752743,1
10031011001,774,1.0823466e-06,0.00013353587,1
14505009001,774,1.537896e-05,0.0014855865,3
14001047001,771,1.6706868e-05,0.0013520507,3
14520065001,770,7.399165e-06,0.00095144304,1
12210005001,770,4.3549989e-07,0.00021699579,1
14805005001,768,2.403792e-06,0.0005341435,1
10041032001,768,1.5285216e-06,0.00018361182,1
14510107001,759,5.2259606e-06,0.0005842194,1
10035002001,758,3.1061445e-06,0.00043399158,1
10002906001,754,3.0677172e-06,0.0003171477,1
14850010001,753,8.4324677e-07,0.0011517468,1
10020002001,753,2.1988508e-06,0.00018361182,1
14501942001,752,2.0451437e-06,0.0003839156,1
14600005001,751,9.529653e-06,0.0009180591,1
14504038001,750,8.0909075e-07,0.00021699579,1
14101025001,746,1.8724302e-05,0.0017359663,3
14502020001,745,1.432455e-06,0.00025037976,1
14113066001,742,1.8737117e-05,0.0018194262,3
14131041001,742,1.9287896e-05,0.0016525064,3
14110106001,738,8.146298e-06,0.00088467513,1
14121068001,737,7.802601e-06,0.0019195781,3
14500064001,735,3.3751292e-06,0.00035053166,1
14010050001,735,7.727993e-07,6.6767934e-05,4
10032001001,732,9.606589e-08,5.007595e-05,4
11103021001,732,3.2619876e-06,0.0005174515,1
10041003001,732,1.4089663e-07,6.6767934e-05,4
10041006001,724,9.926847e-07,0.0001001519,4
14000032001,721,1.862613e-05,0.0016691984,3
14853003001,720,4.9100343e-08,5.007595e-05,4
14000006001,715,1.7437049e-05,0.0014522026,3
12201098001,714,4.2055623e-07,0.00013353587,4
14805013001,713,1.0806209e-05,0.0014522026,3
14508899001,711,3.6035535e-06,0.00036722363,1
14244896001,710,3.831975e-06,0.0003839156,1
10035001001,710,1.8615517e-06,0.0002003038,1
14510192001,708,4.9890027e-06,0.0006009114,1
10001035001,708,2.5489596e-06,0.00073444727,1
14830002001,705,2.937494e-06,0.00026707174,1
14505048001,705,1.2168387e-06,0.00013353587,4
14132015001,705,1.7099741e-05,0.0014522026,3
10303001001,702,6.4043924e-08,6.6767934e-05,4
14833009001,702,5.691355e-06,0.00075113925,1
14505911001,702,8.731349e-07,0.00016691984,1
11070004001,702,8.1336105e-07,0.00025037976,1
10040018001,696,3.3729856e-07,0.0002003038,1
10021010001,696,8.3470906e-07,0.0001001519,4
14502002001,695,2.3504213e-06,0.00025037976,1
14104118001,694,1.9123574e-05,0.0017693503,3
10033003001,692,1.9405381e-06,0.00023368777,1
14121019001,686,1.6561757e-05,0.0014355106,3
11070007001,685,5.9561046e-07,0.00025037976,1
14003029001,682,1.3925144e-05,0.0011183629,3
14831011001,681,6.1054966e-06,0.0005842194,1
14121014001,681,1.725131e-05,0.0014355106,3
14502047001,680,1.8060466e-06,0.00021699579,1
14510258001,672,5.883468e-06,0.0005007595,1
10033046001,672,2.1540186e-06,0.00025037976,1
14000073001,662,1.4341421e-05,0.0014021266,3
12201131001,660,2.2201893e-07,8.345992e-05,4
14505059001,660,1.1271769e-06,0.00016691984,1
12201034001,660,9.1796295e-08,6.6767934e-05,4
14001042001,658,1.7799952e-05,0.0014855865,3
14615070001,657,2.8008658e-06,0.0003004557,1
14104012001,656,1.9445963e-05,0.0017693503,3
14011028001,655,1.8190607e-05,0.0018528102,3
10021034001,655,6.2763263e-07,0.00013353587,4
12220015001,654,6.9381156e-07,0.0001001519,4
10011021001,654,7.7279947e-07,0.0002003038,1
10002942001,654,1.3684113e-06,0.0003004557,1
10035010001,652,1.8893033e-06,0.00015022785,4
14600023001,651,8.086554e-06,0.0009180591,1
10041899001,648,3.2021966e-08,3.3383967e-05,4
14501026001,648,8.82729e-06,0.0013353587,3
14804001001,648,3.0506385e-06,0.0004006076,1
14020926001,646,1.579953e-05,0.001986346,3
14503002001,645,3.81063e-06,0.0004172996,1
14501928001,645,2.228738e-06,0.00033383968,1
14831009001,645,2.0622215e-06,0.00035053166,1
14130007001,644,1.5507074e-05,0.0016525064,3
14500006001,644,3.4349034e-06,0.0004006076,1
14010034001,643,1.393157e-05,0.00193627,3
10033026001,643,5.806667e-07,8.345992e-05,4
14010065001,642,9.768732e-06,0.00095144304,1
12201008001,640,1.1954866e-07,3.3383967e-05,4
14831022001,636,4.7648723e-06,0.00043399158,1
10041033001,636,1.5370612e-06,0.00015022785,4
14101048001,635,1.6260716e-05,0.0014855865,3
10033020001,632,1.1506606e-06,0.0002003038,1
14001045001,629,1.2998637e-05,0.0010849789,3
12201149001,624,1.3662704e-07,6.6767934e-05,4
10030023001,623,8.5817765e-06,0.001001519,1
14001090001,621,7.0639744e-06,0.00061760336,1
10040071001,620,5.5504735e-08,1.6691984e-05,4
14011034001,619,1.4787612e-05,0.0012852828,3
15021060001,618,1.0545941e-06,0.00011684388,4
10002035001,617,5.0594535e-06,0.0009013671,1
14022019001,616,1.1478675e-05,0.0012352067,3
14353019001,613,2.010989e-06,0.00016691984,4
12123063001,612,8.176301e-07,0.00016691984,4
10030018001,612,1.0311089e-06,0.00035053166,1
12201051001,610,5.7639704e-07,0.00011684388,4
10020036001,608,8.0482164e-07,0.0001001519,4
10001015001,604,1.7889681e-06,0.00026707174,1
10033038001,603,1.4239154e-06,0.00016691984,4
14010071001,594,1.5323469e-05,0.0017192743,3
14500037001,593,1.6805077e-05,0.001952962,3
10041039001,588,1.3065018e-06,0.0002003038,1
10040082001,588,1.4943586e-08,3.3383967e-05,4
10041034001,588,1.4068368e-06,0.0002003038,1
10030045001,588,1.9768297e-06,0.00026707174,1
10033044001,587,2.9695161e-06,0.00043399158,1
11103022001,584,2.5340148e-06,0.00066767936,1
10030012001,583,1.3982976e-06,0.00045068355,1
14805028001,582,2.2244683e-06,0.00028376371,1
14502019001,580,2.741092e-06,0.00025037976,1
10040011001,580,1.3662704e-07,0.0001001519,4
15021042001,576,3.629156e-08,1.6691984e-05,4
14831013001,576,3.3836668e-06,0.00043399158,1
14000022001,570,9.2435785e-06,0.00093475106,1
14502054001,568,3.8084927e-06,0.0005341435,1
14000017001,567,1.3171569e-05,0.001018211,1
14003041001,563,1.3453363e-05,0.001051595,3
14501929001,560,2.9481666e-06,0.00033383968,1
14104002001,560,1.2614379e-05,0.0016191225,3
14244003001,559,1.2492686e-05,0.0011350549,3
14620014001,559,5.9752697e-06,0.0009013671,1
14501058001,552,2.0408725e-06,0.0003171477,1
12221012001,548,1.4132418e-06,0.00023368777,1
11103090001,547,2.2735692e-06,0.00066767936,1
14104129001,546,1.6040769e-05,0.0012518988,3
10012907001,546,1.1314473e-06,0.0002003038,4
14010170001,544,1.1858683e-05,0.0011517468,3
14810012001,543,2.563903e-06,0.0003004557,1
14131075001,541,1.4565605e-05,0.0012352067,3
14131027001,541,1.15704925e-05,0.0011684388,3
15022015001,540,8.7526973e-07,0.0002003038,4
14010247001,540,1.2970904e-05,0.0012185147,3
12201124001,540,3.99208e-07,0.00011684388,4
14502029001,537,3.5779358e-06,0.00045068355,1
10033049001,536,1.6053741e-06,0.0003171477,1
15021047001,534,4.8673496e-07,8.345992e-05,4
14010031001,533,1.1512861e-05,0.0015690464,3
14521158001,532,4.854518e-06,0.00068437133,1
10020042001,532,7.172943e-07,8.345992e-05,4
14832012001,531,4.4809467e-06,0.0004172996,1
14502003001,530,1.2958269e-06,0.0002003038,4
10021042001,528,7.514516e-07,0.00026707174,1
10010018001,528,0.0,0.0,4
14102258001,528,1.2469234e-05,0.0011350549,3
14850001001,528,6.041487e-07,0.0008345992,1
10014126001,528,2.6684987e-07,3.3383967e-05,4
14621041001,525,5.866399e-06,0.00056752743,1
14011059001,525,1.3999866e-05,0.001952962,3
14102246001,522,1.4168524e-05,0.0014188186,3
14204041001,520,5.744694e-06,0.00056752743,1
10041007001,518,5.5504735e-08,1.6691984e-05,4
14103009001,516,1.3464034e-05,0.000968135,1
14510004001,510,2.7752496e-06,0.0004172996,1
14503034001,510,2.813677e-06,0.00033383968,1
10030049001,508,1.0503244e-06,0.00026707174,1
10014116001,508,1.2808785e-07,1.6691984e-05,4
14508004001,508,3.7892803e-06,0.00033383968,1
10016020001,508,1.458073e-06,0.00015022785,4
14501052001,500,1.2851528e-06,0.00016691984,4
14822063001,498,1.6950348e-06,0.0003839156,1
10033073001,495,1.9640136e-07,3.3383967e-05,4
10002040001,493,1.5242513e-06,0.00036722363,1
10001008001,493,7.3223805e-07,0.00045068355,1
14850011001,492,8.5178596e-07,0.0011517468,1
10010019001,492,7.79204e-07,8.345992e-05,4
14840018001,492,3.7081552e-06,0.00056752743,1
10040049001,488,1.3577353e-06,0.0012518988,3
14014031001,488,1.2985851e-05,0.0013854346,3
14023248001,487,8.955371e-06,0.0017526583,3
10030005001,483,8.45383e-07,0.0001001519,4
14011030001,483,5.9112067e-06,0.0008345992,1
11103137001,483,8.3684375e-07,0.0005174515,1
14620907001,483,6.310436e-06,0.0007177553,1
14506898001,475,2.8606419e-06,0.00021699579,4
14502023001,474,3.6633282e-06,0.0003004557,1
10020024001,474,1.2253787e-06,0.00015022785,4
14001017001,468,8.733349e-06,0.00056752743,1
14002002001,465,1.22685615e-05,0.0009013671,1
12210011001,465,3.202201e-07,8.345992e-05,4
14361106001,462,3.8511894e-06,0.0006509874,1
12202007001,461,1.1399867e-06,0.00016691984,4
14501065001,460,1.4986327e-06,0.00026707174,1
10034033001,460,9.222353e-07,0.00018361182,4
14610002001,459,5.4522525e-06,0.0004172996,1
14104017001,457,1.0539371e-05,0.000968135,1
10040094001,456,1.0439186e-06,0.001068287,1
10040050001,456,2.1134494e-07,5.007595e-05,4
10020034001,456,1.2467266e-06,0.00013353587,4
14510295001,455,2.495589e-06,0.0003004557,1
14510041001,454,2.980189e-06,0.00061760336,1
14132031001,454,1.1790374e-05,0.001051595,3
10002992001,454,7.074653e-06,0.0007177553,1
14830072001,453,1.1463909e-06,0.00018361182,4
14121063001,453,1.0372872e-05,0.0007845232,1
14023015001,453,7.843169e-06,0.001001519,1
14121074001,452,1.029387e-05,0.001051595,1
14505105001,452,3.247042e-06,0.0004172996,1
15022009001,450,1.1826824e-06,0.0002003038,4
14231003001,446,9.815701e-06,0.0011684388,3
14104067001,446,1.1109367e-05,0.0007177553,1
11103019001,446,1.2616707e-06,0.00015022785,4
14204010001,445,1.1079642e-06,8.345992e-05,4
14505125001,445,2.4123303e-06,0.00026707174,1
14502080001,445,1.5904305e-06,0.00016691984,4
14506100001,444,1.1677384e-06,0.00023368777,4
10034023001,444,5.272966e-07,0.0001001519,4
14001074001,444,6.0734615e-06,0.00046737553,1
10020020001,441,1.4175112e-06,0.00021699579,4
14120012001,440,1.2080692e-05,0.0011350549,3
12120052001,440,1.3876246e-06,0.00013353587,4
14011031001,438,1.308617e-05,0.0012685908,3
14616006001,436,6.3979483e-06,0.00056752743,1
14001052001,435,8.852917e-06,0.0006342954,1
14112016001,435,1.0752857e-05,0.0011016709,3
14500032001,435,2.412331e-06,0.00033383968,1
14311004001,433,3.0421004e-06,0.00093475106,1
14133922001,432,1.2537528e-05,0.0011016709,3
14361101001,431,2.8841246e-06,0.0008012152,1
14001053001,429,1.0328044e-05,0.000984827,1
14520068001,428,3.355917e-06,0.0006509874,1
14000011001,428,1.1933391e-05,0.0017025823,3
12104003001,428,4.78196e-07,6.6767934e-05,4
11103050001,424,1.5114424e-06,0.00061760336,1
14616002001,422,3.0207516e-06,0.00056752743,1
14509001001,421,6.6092925e-06,0.00043399158,1
15021005001,420,7.9841664e-07,0.00018361182,4
12103027001,420,7.877434e-07,8.345992e-05,4
12202002001,416,5.593186e-07,0.00016691984,4
10024014001,416,8.1976515e-07,0.00013353587,4
14506087001,415,9.666239e-06,0.0008012152,1
14820045001,414,1.1043191e-05,0.001001519,1
14023047001,413,1.0353661e-05,0.0013854346,3
14510204001,410,3.003674e-06,0.0003171477,1
14131025001,409,9.916043e-06,0.0011684388,3
10010043001,408,7.6212535e-07,0.00016691984,4
10020043001,405,1.2830183e-06,0.00016691984,4
14501002001,405,1.5285204e-06,0.00021699579,4
14504012001,405,2.7133394e-06,0.00023368777,4
14502016001,405,2.0045827e-06,0.00035053166,1
14001049001,401,9.568048e-06,0.00086798315,1
14505106001,400,2.1924454e-06,0.0004172996,1
14822046001,399,2.1540197e-06,0.00036722363,1
14001046001,398,5.074385e-06,0.0003839156,1
14830073001,396,8.6032605e-07,0.00018361182,4
15021057001,396,2.1561453e-07,5.007595e-05,4
10014130001,396,1.5584021e-07,3.3383967e-05,4
12201120001,396,1.0481898e-06,0.0001001519,4
14620042001,395,1.3982979e-06,0.00018361182,4
14505008001,395,1.1293122e-06,0.00011684388,4
14501084001,395,1.9811002e-06,0.00021699579,4
14244016001,393,5.313476e-06,0.0007177553,1
11040005001,393,2.875586e-06,0.00046737553,1
14011095001,392,9.177399e-06,0.0011183629,3
14110054001,392,1.0701629e-05,0.00088467513,1
12201038001,390,2.54041e-07,0.0003004557,1
14010002001,390,9.232898e-06,0.001034903,1
14244021001,389,5.185393e-06,0.00055083545,1
14810013001,387,2.563902e-06,0.00023368777,4
10033017001,387,5.2943153e-07,0.00015022785,4
14001093001,385,9.65346e-06,0.000968135,1
10014083001,384,2.5574984e-06,0.00036722363,1
14132050001,384,8.8337065e-06,0.0011016709,3
10041008001,384,6.233628e-07,8.345992e-05,4
10040019001,384,8.8594294e-07,0.0008512912,1
14112018001,381,8.983127e-06,0.0009180591,1
14500042001,381,1.028748e-05,0.0012018228,3
10014086001,380,6.703288e-07,0.00011684388,4
14804016001,378,1.2018953e-06,0.00011684388,4
12130008001,378,1.7932298e-07,0.00013353587,4
14805056001,378,1.2083e-06,0.00021699579,4
10020016001,376,5.166225e-07,8.345992e-05,4
14611002001,376,6.186602e-06,0.0005007595,1
14000042001,375,7.8324865e-06,0.0014188186,3
14223003001,375,9.984344e-06,0.0008512912,1
14510217001,375,2.7218796e-06,0.00033383968,1
11103070001,373,1.6715537e-06,0.00056752743,1
10010042001,372,9.435843e-07,0.00013353587,4
10021005001,372,5.977433e-08,1.6691984e-05,4
14121115001,370,4.032636e-06,0.00055083545,1
14023006001,370,8.33201e-06,0.00088467513,1
14003019001,370,9.124035e-06,0.0008512912,1
14612018002,370,5.072261e-06,0.0003004557,1
12220002001,367,3.797824e-06,0.00061760336,1
11032008001,366,1.4303143e-07,0.0001001519,4
14121057001,364,8.340581e-06,0.0005842194,1
14511051001,363,1.8850338e-06,0.00036722363,1
14200069001,362,1.0686689e-05,0.0011517468,3
11100001001,361,6.084194e-07,8.345992e-05,4
14503010001,360,7.386424e-07,8.345992e-05,4
10014074001,360,8.304394e-07,8.345992e-05,4
14805006001,360,1.1677387e-06,0.00015022785,4
10014898001,360,1.0054936e-06,0.00018361182,4
14010173001,359,6.2655704e-06,0.00046737553,1
14510139001,358,2.9246871e-06,0.0004006076,1
14104126001,358,2.1775036e-06,0.0002003038,4
14361099001,357,2.4699712e-06,0.0008012152,1
14621021001,356,2.412321e-07,5.007595e-05,4
10002990001,356,1.9853616e-07,5.007595e-05,4
14020031001,356,7.949887e-06,0.0009013671,1
14023127001,355,8.22316e-06,0.002003038,3
11032002001,354,2.3482771e-07,5.007595e-05,4
14010060001,354,6.391517e-06,0.00061760336,1
10020025001,354,1.0183021e-06,0.00015022785,4
14010212001,353,7.113081e-06,0.0007845232,1
11111017001,353,2.060089e-06,0.00035053166,1
14023049001,353,8.494268e-06,0.0013854346,3
10002074001,350,3.0613135e-06,0.00036722363,1
10021022001,348,1.9426656e-07,3.3383967e-05,4
10014029001,348,6.9594637e-07,6.6767934e-05,4
14840022001,348,1.1976252e-06,0.00013353587,4
14510025001,347,2.508397e-06,0.00061760336,1
10035003001,346,7.6426005e-07,0.0001001519,4
14023050001,346,8.080118e-06,0.000968135,1
14506001001,345,4.7883377e-06,0.00036722363,1
14011024001,345,1.0281083e-05,0.0012685908,3
14500014001,344,4.427566e-06,0.0003839156,1
14021005001,344,6.4982564e-06,0.0014021266,3
11040009001,344,2.1433466e-06,0.0004172996,1
10010012001,344,4.5044334e-07,6.6767934e-05,4
12120001001,344,7.9628234e-07,8.345992e-05,4
14204059001,343,8.955371e-06,0.001001519,1
14120019001,343,8.146308e-06,0.0010849789,1
14010036001,343,8.650113e-06,0.00088467513,1
15023010001,342,2.9246746e-07,6.6767934e-05,4
14131092001,341,8.314954e-06,0.0007177553,1
14611022001,341,5.213154e-06,0.0006009114,1
12123033001,340,1.1656037e-06,0.0004172996,1
14615894001,340,2.3290747e-06,0.00021699579,4
10014117001,340,4.1842137e-07,8.345992e-05,4
14510150001,339,2.856373e-06,0.0004172996,1
14010084001,339,6.671175e-06,0.0007177553,1
10031916001,338,5.4928e-06,0.0007678312,1
10030030001,338,7.8133877e-07,0.0001001519,4
14022032001,337,8.874257e-06,0.00086798315,1
14112041001,337,6.762986e-06,0.0007010633,1
10303003001,337,4.6965546e-08,3.3383967e-05,4
15023001001,336,2.3482777e-08,5.007595e-05,4
10100132001,336,8.68866e-07,8.345992e-05,4
10014905001,336,5.3369938e-08,3.3383967e-05,4
10033023001,336,5.3369938e-08,1.6691984e-05,4
14131081001,335,7.2134094e-06,0.0006509874,1
14010210001,334,6.5025397e-06,0.00088467513,1
12123064001,333,1.1613346e-06,0.00016691984,4
14353039001,332,3.3110873e-06,0.00043399158,1
11040035001,332,2.2842441e-06,0.00033383968,1
10040079001,330,6.404403e-07,0.0005174515,1
12100026001,330,9.905503e-07,8.345992e-05,4
14830001001,330,1.8914388e-06,0.00015022785,4
14010006001,330,5.379704e-07,6.6767934e-05,4
14204061001,328,6.3616358e-06,0.0006342954,1
14121017001,328,9.106963e-06,0.0013019748,3
12121004001,328,9.670669e-07,0.0002003038,4
14830005001,327,2.3162659e-06,0.00016691984,4
10040042001,326,8.645959e-07,0.0003839156,1
14111001001,325,6.7032097e-06,0.0006509874,1
10040034001,324,7.8987505e-08,3.3383967e-05,4
10033012001,324,1.1698736e-06,0.00015022785,4
14131022001,322,7.038362e-06,0.00061760336,1
14014020001,321,8.45372e-06,0.0012018228,3
14841001001,318,1.4111063e-06,0.00028376371,4
14023083001,318,7.740686e-06,0.0012852828,3
10014101001,318,7.9841675e-07,0.0001001519,4
14510175001,318,1.6267222e-06,0.00021699579,4
14621069001,317,5.324169e-06,0.0005341435,1
10000022001,314,1.7825637e-06,0.0002003038,4
14804012001,312,6.2570516e-06,0.0014522026,3
14130001001,312,6.854778e-06,0.0008012152,1
14620006001,312,4.0219657e-06,0.00046737553,1
12122013001,312,6.5111544e-07,0.00021699579,4
12201155001,311,1.6587452e-06,0.00043399158,1
14001012001,310,6.662634e-06,0.00045068355,1
10002025001,310,3.0527744e-06,0.00036722363,1
14501037001,308,2.5553625e-06,0.0003171477,4
12106001001,308,6.041498e-07,0.00011684388,4
14132229001,308,9.4805355e-06,0.001001519,1
11040006001,307,2.3354794e-06,0.00046737553,1
14311005001,306,1.9234606e-06,0.00093475106,1
10014034001,306,8.176304e-07,8.345992e-05,4
14311158001,306,1.4559379e-06,0.0001001519,4
14014007001,305,6.829156e-06,0.0007845232,1
14010193001,304,7.764182e-06,0.00075113925,1
10030021001,304,6.703288e-07,0.0001001519,4
14104096001,303,2.6599698e-06,0.00023368777,4
14131020001,301,6.5986083e-06,0.0008012152,1
31501010001,300,1.9063827e-06,0.0003839156,1
14020015001,300,5.4116704e-06,0.0004840675,1
14805010001,300,1.0609984e-06,0.00011684388,4
15021059001,300,5.187571e-07,0.00018361182,4
14010038001,300,4.6325238e-07,6.6767934e-05,4
14110084001,300,1.0103892e-05,0.001001519,1
14003037001,298,8.011816e-06,0.0005174515,1
14510212001,296,1.5242506e-06,0.00023368777,4
10023035001,296,4.077473e-07,8.345992e-05,4
14000075001,295,7.992598e-06,0.0006009114,1
10034032001,294,6.7032863e-07,6.6767934e-05,4
14833003001,294,1.9021135e-06,0.00013353587,4
10024001001,294,3.5864667e-07,8.345992e-05,4
10034013001,294,4.3549983e-07,3.3383967e-05,4
10020019001,294,7.5572086e-07,0.00021699579,4
14102238001,293,8.33417e-06,0.00066767936,1
14130017001,292,9.3289755e-06,0.0007845232,1
14506072001,292,5.206747e-06,0.00088467513,1
14000060001,292,6.692519e-06,0.00056752743,1
14510007001,292,3.2150192e-06,0.00025037976,4
14003009001,292,6.182313e-06,0.00046737553,1
12220010001,292,1.0631338e-06,0.0002003038,4
12220003001,291,2.0814375e-06,0.00035053166,1
14511012001,289,2.1177286e-06,0.0003171477,4
10022006001,288,1.067399e-08,1.6691984e-05,4
12212061001,288,7.898781e-07,8.345992e-05,4
14223045001,288,3.5010828e-06,0.00028376371,4
10014092001,287,2.0899763e-06,0.0004840675,1
12221009001,286,2.721881e-06,0.0007845232,1
14130016001,285,8.603158e-06,0.0007177553,1
10040035001,285,2.2415372e-07,0.0001001519,4
14810005001,285,2.0494142e-06,0.00025037976,4
14503049001,285,2.9951334e-06,0.0005007595,1
12130026001,283,1.1527906e-07,6.6767934e-05,4
14231002001,283,7.6062133e-06,0.00073444727,1
10020003001,282,2.4550175e-07,6.6767934e-05,4
11040010001,282,1.7057109e-06,0.0002003038,4
12010023002,282,7.1515996e-07,5.007595e-05,4
10020012001,282,6.2763246e-07,6.6767934e-05,4
14014018001,282,6.1182823e-06,0.00055083545,1
10041135001,280,9.884152e-07,0.00013353587,4
10040038001,280,1.5584021e-07,6.6767934e-05,4
14023027001,279,5.9837857e-06,0.00066767936,1
14121062001,279,6.365911e-06,0.00056752743,1
14830029001,279,2.354691e-06,0.00026707174,4
14511056001,277,1.0460543e-06,0.00021699579,4
10016011001,276,3.159505e-07,5.007595e-05,4
14510033001,276,2.8051322e-06,0.0004172996,1
14830011001,276,1.744137e-06,0.00026707174,4
14851058001,276,6.169577e-07,0.0006509874,1
12212900001,275,5.806668e-07,0.0002003038,4
14510346001,274,1.8444737e-06,0.0003004557,4
14613902001,273,1.6907669e-06,0.00026707174,4
14121136001,272,6.617814e-06,0.00066767936,1
10020008001,272,7.7279964e-07,8.345992e-05,4
14244052001,271,3.6035528e-06,0.0005007595,1
10020038001,270,5.7212765e-07,8.345992e-05,4
11103094001,270,5.806667e-07,0.00016691984,4
15022021001,270,5.358357e-07,6.6767934e-05,4
14805001001,270,6.254975e-07,8.345992e-05,4
14222897001,270,8.11226e-07,0.00018361182,4
14804999001,270,3.308938e-07,0.0001001519,4
14510252001,270,1.6736882e-06,0.00023368777,4
11070001001,268,9.92685e-07,0.00021699579,4
10040040001,268,6.639234e-07,0.0006509874,1
14353024001,268,1.9426748e-06,0.00023368777,4
14023198001,268,5.4543793e-06,0.0006509874,1
14621029001,268,2.0259317e-06,0.00015022785,4
14244017001,268,6.3893913e-06,0.00068437133,1
12123019001,268,5.1021823e-07,0.00021699579,4
12212005001,267,9.990895e-07,8.345992e-05,4
14506065001,267,4.0134273e-06,0.00088467513,1
14000014001,267,6.9935313e-06,0.0006509874,1
14833020001,267,1.2061646e-06,0.00021699579,4
14244014001,266,4.0731975e-06,0.00055083545,1
14104101001,265,6.07344e-06,0.0007177553,1
14832052001,264,1.2659398e-06,0.00036722363,4
14502021001,264,2.2308718e-06,0.00026707174,4
12201110001,264,9.606588e-08,3.3383967e-05,4
14111134001,264,2.3440175e-06,0.00028376371,4
14353011001,262,1.3513309e-06,0.0002003038,4
12000178001,262,1.7398686e-06,0.00026707174,4
14011006001,262,4.4745207e-06,0.0005007595,1
14504052001,262,4.340029e-06,0.00061760336,1
14000040001,261,5.6251383e-06,0.0004840675,1
14830045001,261,1.8700902e-06,0.0002003038,4
14615084001,261,3.5309706e-06,0.00026707174,4
14000071001,261,8.278654e-06,0.00061760336,1
10034007001,260,1.1869528e-06,0.0001001519,4
12201096001,260,4.0561154e-08,1.6691984e-05,4
14222068001,258,6.6477055e-06,0.00086798315,1
12010037001,258,5.785318e-07,0.00011684388,4
14001007001,258,1.3534673e-06,0.00035053166,4
10014111001,258,2.6044543e-07,3.3383967e-05,4
14105102001,257,6.8547774e-06,0.00073444727,1
14131105001,256,6.906004e-06,0.0007177553,1
10001041001,256,6.87407e-07,8.345992e-05,4
10034012001,256,7.3223805e-07,0.0001001519,4
14010088001,255,3.5010746e-07,5.007595e-05,4
14506887001,255,1.502904e-06,0.0001001519,4
14101024001,254,4.3613823e-06,0.0003171477,4
31500006001,253,1.5648131e-06,0.0003839156,4
14102040001,253,6.372319e-06,0.0005842194,1
10014076001,252,2.2842332e-07,3.3383967e-05,4
10021003001,252,4.0134267e-07,5.007595e-05,4
10035036001,252,4.8246557e-07,6.6767934e-05,4
14613026001,251,3.210751e-06,0.00021699579,4
14104042001,250,7.115212e-06,0.0004840675,1
14833066001,249,9.948191e-07,0.00011684388,4
14000003001,249,5.635818e-06,0.0005842194,1
10040037001,248,8.3684256e-07,0.0007177553,1
10040021001,246,9.3931085e-08,5.007595e-05,4
14610011001,245,4.5471282e-07,5.007595e-05,4
14133029001,245,5.0935987e-06,0.0005842194,1
12011033001,244,8.32574e-07,0.0003839156,4
14023503001,244,5.689178e-06,0.0011183629,1
14204892001,244,5.6422177e-06,0.00066767936,1
14023025001,244,3.5971484e-06,0.00045068355,1
31533008001,243,1.6117791e-06,0.0003004557,4
14510029001,243,2.8841243e-06,0.00026707174,4
14012019001,243,6.169508e-06,0.00066767936,1
14620062001,243,2.6343519e-06,0.00026707174,4
14001009001,243,2.2970519e-06,0.00016691984,4
14132052001,242,6.0969223e-06,0.0007845232,1
14010178001,241,4.0710643e-06,0.0003171477,4
14853009001,240,2.5617572e-08,5.007595e-05,4
10053909001,240,2.946024e-07,5.007595e-05,4
14506008001,240,1.6566097e-06,0.00015022785,4
14203078001,239,5.2472938e-06,0.00075113925,1
14110081001,237,5.5354835e-06,0.0004172996,1
14509008001,237,5.924031e-06,0.0005007595,1
14510218001,237,1.4666117e-06,0.00018361182,4
14104169001,237,7.22622e-06,0.00061760336,1
14311112001,236,5.4224023e-07,8.345992e-05,4
14223094001,236,3.106143e-06,0.00028376371,4
12122020001,236,4.5898264e-07,6.6767934e-05,4
10034046001,235,5.678581e-07,0.00015022785,4
14001060001,234,1.714249e-06,0.00035053166,4
14110154001,233,2.4315436e-06,0.0003839156,4
12212033001,232,1.8594174e-06,0.00026707174,4
12201068001,232,1.4559386e-06,0.00026707174,4
10016002001,232,2.7325427e-07,5.007595e-05,4
11050077001,232,1.046055e-06,0.00016691984,4
14001008001,232,1.5242516e-06,0.0003004557,4
14506281001,232,5.144874e-07,0.00011684388,4
14505139001,231,1.1122333e-06,0.0002003038,4
31501021001,230,2.1412122e-06,0.0003839156,4
14620030001,229,2.7154751e-06,0.00028376371,4
14361100001,229,1.92773e-06,0.00061760336,1
14506142001,228,1.6352623e-06,0.0001001519,4
12010080001,228,4.8673525e-07,0.00011684388,4
10035024001,228,7.0448316e-08,1.6691984e-05,4
10020046001,228,6.40441e-07,0.0001001519,4
11101014001,228,7.0875524e-07,0.00015022785,4
12000179001,227,7.4504726e-07,0.00026707174,4
12220005001,227,1.112234e-06,0.0002003038,4
14020006001,226,4.5855295e-06,0.00046737553,1
14110029001,226,6.451298e-06,0.0006509874,1
14506174001,225,9.0942706e-07,8.345992e-05,4
14222142001,224,3.603553e-06,0.0003171477,4
14511052001,224,1.5306559e-06,0.00036722363,4
10032048001,224,5.422399e-07,6.6767934e-05,4
14111118001,223,5.198194e-06,0.00043399158,1
10014080001,222,9.542581e-07,0.00025037976,4
14832054001,222,1.1933564e-06,0.00036722363,4
14111036001,221,5.61234e-06,0.0005007595,1
10030017001,221,6.361719e-07,0.0001001519,4
14510109001,221,2.0259315e-06,0.00021699579,4
14000002001,220,5.5845844e-06,0.0004840675,1
12202005001,219,2.1561453e-07,3.3383967e-05,4
12220018001,218,2.0686289e-06,0.00021699579,4
14204071001,216,3.915229e-06,0.0004172996,1
10021018001,216,1.7078379e-07,5.007595e-05,4
10014024001,216,5.8066684e-07,6.6767934e-05,4
10031023001,216,4.6111745e-07,5.007595e-05,4
10034026001,216,1.1527906e-07,3.3383967e-05,4
12210003001,215,3.735904e-07,5.007595e-05,4
14014011001,215,5.2067303e-06,0.0005174515,1
14833018001,214,3.6184967e-06,0.00028376371,4
14506056001,213,3.7551267e-06,0.00046737553,1
14001034001,213,4.2034135e-06,0.0004006076,4
14130009001,212,6.2591757e-06,0.0006342954,1
14000033001,212,4.8160705e-06,0.0009180591,1
10014030001,212,5.7212725e-07,0.00011684388,4
14121143001,212,5.8919873e-06,0.0004006076,1
14000043001,212,6.199387e-06,0.0012685908,3
14204125001,211,1.4303206e-06,0.00016691984,4
14242011001,210,4.8758593e-06,0.0004006076,1
10013007001,210,1.643794e-07,5.007595e-05,4
14500005001,210,2.3055811e-07,5.007595e-05,4
14503004001,210,1.3171755e-06,0.00011684388,4
10024005001,210,3.1808526e-07,5.007595e-05,4
14020951001,209,3.6334416e-06,0.00033383968,4
14133030001,209,4.2012834e-06,0.0005842194,1
14130010001,208,5.699862e-06,0.00056752743,1
10002917001,208,8.838096e-07,0.0003004557,4
11103015001,208,1.1784126e-06,0.00056752743,1
14001031001,207,3.3068143e-06,0.0003171477,4
14831008001,207,1.7761579e-06,0.00021699579,4
14111039001,207,5.4308803e-06,0.0006009114,1
14833059001,206,2.711194e-07,0.0001001519,4
14223215001,206,5.4842612e-06,0.0007678312,1
14001036001,206,3.0805252e-06,0.00023368777,4
14244898001,205,1.5498684e-06,0.00016691984,4
12010036001,204,4.760613e-07,0.00011684388,4
14222072001,204,5.99233e-06,0.00086798315,1
14111132001,204,1.6544745e-06,0.00028376371,4
10040014001,204,3.8426357e-08,1.6691984e-05,4
14833052001,204,1.3513317e-06,0.00013353587,4
14020022001,204,4.015559e-06,0.00055083545,1
14833042001,204,1.2616698e-06,0.00015022785,4
12123086001,204,6.681936e-07,0.00013353587,4
10034045001,204,4.3976928e-07,5.007595e-05,4
14001002001,203,3.1936704e-06,0.00026707174,4
14100026001,203,5.339087e-06,0.00088467513,1
14121164001,203,5.9133417e-06,0.0005007595,1
12202039001,202,5.123529e-07,8.345992e-05,4
12106105001,202,1.4559386e-06,0.0003171477,4
14230034001,201,3.718833e-06,0.0003839156,4
14204036001,201,1.2766136e-06,0.00015022785,4
14130054001,201,4.36138e-06,0.00055083545,1
14104079001,201,2.9097412e-06,0.00021699579,4
12123085001,201,3.4797267e-07,5.007595e-05,4
14833056001,201,1.052459e-06,0.00013353587,4
14506143001,200,1.4751516e-06,0.00011684388,4
14011010001,200,3.9643255e-06,0.0005007595,1
14244059001,199,2.2906472e-06,0.00021699579,4
14100012001,199,4.555641e-06,0.00028376371,4
14220110001,198,1.0033548e-07,3.3383967e-05,4
14612900001,198,1.2040306e-06,0.00018361182,4
14830026001,198,1.6630141e-06,0.00013353587,4
15023008001,198,1.3022265e-07,5.007595e-05,4
11050004001,197,1.658743e-06,0.00016691984,4
11111033001,197,1.0268419e-06,0.00023368777,4
10032059001,196,3.842644e-07,6.6767934e-05,4
11103375001,196,1.084481e-06,0.00045068355,4
11101028001,196,6.9167703e-07,0.00016691984,4
14010187001,195,2.9780565e-06,0.00026707174,4
14613904001,195,9.969539e-07,0.00013353587,4
11103134001,195,8.966184e-07,0.00016691984,4
14001135001,194,1.6587443e-06,0.00013353587,4
14811006001,194,5.3797027e-07,0.00013353587,4
14204131001,194,9.158314e-07,0.00011684388,4
14110006001,194,5.7425495e-06,0.0008012152,1
11110007001,193,9.243705e-07,0.00026707174,4
10002072001,193,1.9149213e-06,0.00033383968,4
14601004001,193,2.324804e-06,0.00023368777,4
14023102001,192,4.9377577e-06,0.000968135,1
10001007001,192,3.266246e-07,0.00015022785,4
31531002001,192,1.3598723e-06,0.00016691984,4
12120063001,192,6.190932e-07,0.00018361182,4
14352060001,192,1.379085e-06,0.00025037976,4
10034022001,192,9.606588e-08,5.007595e-05,4
32502011001,192,2.134798e-09,1.6691984e-05,4
12120053001,190,5.3583585e-07,6.6767934e-05,4
10052025001,190,1.2723449e-06,0.0004172996,4
12102140001,190,1.2232443e-06,0.00018361182,4
12011168001,190,6.511152e-07,0.0003839156,4
14011074001,189,4.771247e-06,0.00045068355,1
14613019001,189,1.3748161e-06,0.00013353587,4
14511101001,188,9.73471e-07,0.00016691984,4
14130015001,187,3.2000723e-06,0.0005007595,1
10000001001,187,5.251616e-07,0.0001001519,4
14510057001,187,1.082347e-06,0.00013353587,4
14851025001,187,3.71455e-07,0.0006509874,1
10032023001,186,1.9853616e-07,3.3383967e-05,4
14111123001,186,2.0302007e-06,0.00026707174,4
14521156001,186,2.0857058e-06,0.00035053166,4
14830007001,186,9.777406e-07,0.00013353587,4
14020013001,186,2.698395e-06,0.0003171477,4
11040021001,186,1.2531314e-06,0.00018361182,4
12123057001,186,7.813386e-07,0.0001001519,4
14330005001,185,8.43248e-07,0.00015022785,4
14505003001,185,1.0631333e-06,0.0001001519,4
14121059001,185,2.719741e-06,0.00033383968,4
14130042001,185,6.6775956e-06,0.00055083545,1
14103018001,185,6.114004e-06,0.0005174515,1
14000027001,184,4.779781e-06,0.00046737553,1
10010009001,184,4.41904e-07,6.6767934e-05,4
14504053001,184,4.1564467e-06,0.00061760336,1
14010094001,184,4.8950665e-06,0.0004172996,4
11110008001,184,9.4785383e-07,0.00026707174,4
14011051001,183,3.253445e-06,0.00028376371,4
31502006001,183,8.8167445e-07,0.00035053166,4
14610004001,182,1.7761575e-06,0.00025037976,4
14204054001,182,3.3793997e-06,0.00025037976,4
14510069001,182,2.096381e-06,0.00023368777,4
12220013001,181,1.7142505e-06,0.00023368777,4
14010030001,181,2.9631115e-06,0.00025037976,4
14601026001,181,3.6633292e-06,0.00023368777,4
14010043001,181,4.78833e-06,0.0004172996,4
10053901001,180,8.2830456e-07,0.0001001519,4
14506089001,180,1.3107712e-06,0.00015022785,4
10014109001,180,4.6965673e-07,6.6767934e-05,4
14805023001,180,7.0235063e-07,0.0001001519,4
10031026001,180,1.5157062e-07,3.3383967e-05,4
10032052001,180,2.4550175e-07,5.007595e-05,4
11050035001,180,1.4623432e-06,0.00016691984,4
12010059001,180,5.0381374e-07,5.007595e-05,4
14805059001,180,6.8527237e-07,0.0001001519,4
14012010001,179,4.788328e-06,0.00028376371,4
14242012001,179,4.3293658e-06,0.0004172996,4
14223179001,178,6.1097385e-06,0.0005842194,1
14131008001,178,5.52054e-06,0.00046737553,1
14010149001,178,2.0814357e-06,0.00026707174,4
12100039001,178,2.4742433e-06,0.0003004557,4
14100013001,178,4.7050735e-06,0.00033383968,4
14506067001,178,1.9661568e-06,0.00046737553,4
14620894001,177,8.283041e-07,0.0001001519,4
14021107001,177,4.2332977e-06,0.00043399158,4
14853046001,177,3.2021966e-08,3.3383967e-05,4
14112054001,176,5.055164e-06,0.00046737553,1
14023014001,176,2.14121e-06,0.0003171477,4
14001018001,176,1.8828993e-06,0.00016691984,4
10033002001,176,3.8853398e-07,5.007595e-05,4
10002069001,176,1.6672846e-06,0.00018361182,4
10002915001,176,3.6718598e-07,0.00011684388,4
14330010001,176,1.1591984e-06,0.00013353587,4
12121064001,176,3.2342327e-06,0.0015523544,3
14102009001,175,4.171386e-06,0.0004172996,4
14133898001,175,3.326029e-06,0.00035053166,4
14630016001,175,3.1125467e-06,0.00036722363,4
10031015001,174,4.9100343e-08,3.3383967e-05,4
10022004001,174,6.190913e-08,3.3383967e-05,4
11103317001,174,5.422404e-07,0.00011684388,4
14200119001,174,5.2472947e-06,0.0003839156,4
14370003001,174,9.158316e-07,0.00016691984,4
14510110001,173,2.0366065e-06,0.00015022785,4
14223037001,173,4.8972015e-06,0.0004172996,4
14511014001,172,9.8628e-07,0.0002003038,4
14131056001,171,3.964324e-06,0.0003839156,4
14506039001,171,1.8764946e-06,0.00046737553,4
14810002001,171,8.304391e-07,0.00011684388,4
14621013001,171,1.4730102e-07,3.3383967e-05,4
14132003001,170,3.8405124e-06,0.00036722363,4
14510100001,170,2.9695166e-06,0.0003004557,4
14851063001,169,5.892053e-07,0.00043399158,4
14131043001,169,3.3281603e-06,0.0006342954,1
14510294001,169,1.2744795e-06,0.00016691984,4
14811004001,168,1.0118978e-06,0.0002003038,4
12327009001,168,8.539192e-09,1.6691984e-05,4
14852005001,168,3.4156763e-08,1.6691984e-05,4
14020014001,168,4.132968e-06,0.0004840675,1
12201100001,168,1.08874666e-07,3.3383967e-05,4
12121003001,168,4.3123012e-07,0.00013353587,4
14821001001,168,2.0494055e-07,3.3383967e-05,4
10041038001,168,6.831352e-08,3.3383967e-05,4
10020030001,168,5.6999266e-07,8.345992e-05,4
12212910001,166,5.678579e-07,0.00011684388,4
14121104001,166,3.8554567e-06,0.00035053166,4
12120094001,166,1.065268e-06,0.00021699579,4
14121094001,166,3.4904078e-06,0.0004172996,4
12122052001,166,6.788676e-07,0.00015022785,4
14841002001,165,1.078076e-06,0.00013353587,4
14222114001,165,4.3186883e-06,0.0007678312,1
14833035001,165,1.2125696e-06,0.00018361182,4
14610001001,164,1.4730138e-06,0.00018361182,4
10022016001,164,1.7291859e-07,3.3383967e-05,4
14103030001,164,3.5480489e-06,0.00023368777,4
12102095001,164,1.225379e-06,0.00025037976,4
14510233001,163,9.350449e-07,0.00018361182,4
14121026001,163,3.5971461e-06,0.00028376371,4
14615009001,163,2.8008649e-06,0.00026707174,4
12122032001,163,2.9289554e-06,0.0015523544,3
14021021001,163,5.144832e-06,0.00045068355,4
14510123001,163,1.1805472e-06,0.00013353587,4
14613906001,162,1.1741433e-06,0.00018361182,4
14631018001,162,9.393141e-07,0.00011684388,4
33551902001,162,1.4943582e-07,5.007595e-05,4
14010079001,162,3.005808e-06,0.00021699579,4
10052020001,162,1.2339184e-06,0.0004172996,4
11074015002,161,1.2552666e-06,0.00026707174,4
14100021001,161,4.0176956e-06,0.0003004557,4
12120038001,160,3.8212963e-07,0.0001001519,4
11051002001,159,1.2381878e-06,0.00018361182,4
14200006001,159,3.0186168e-06,0.00028376371,4
14510111001,159,3.650518e-06,0.00028376371,4
11102002001,159,1.5349265e-06,0.0002003038,4
10023020001,159,2.0067097e-07,0.00015022785,4
11111011001,159,1.3940293e-06,0.0001001519,4
14832033001,159,5.9347497e-07,0.00013353587,4
14010037001,159,5.208864e-06,0.0004172996,4
14110086001,158,5.0637045e-06,0.0004840675,1
14613915001,158,2.0494151e-06,0.00015022785,4
14013004001,158,3.945114e-06,0.0005174515,1
14000041001,157,4.135099e-06,0.0004006076,4
10033022001,157,2.817934e-07,8.345992e-05,4
14506090001,157,2.941765e-06,0.0003839156,4
10011008001,157,1.3556025e-06,0.00013353587,4
14010078001,157,2.6983957e-06,0.00026707174,4
11103007001,157,7.770695e-07,0.00015022785,4
14204048001,156,1.9704257e-06,0.00016691984,4
10011004001,156,2.1988413e-07,3.3383967e-05,4
12234029001,156,9.606588e-08,6.6767934e-05,4
12103030001,156,5.4224023e-07,0.0001001519,4
12120025001,156,5.3797055e-07,0.0001001519,4
31500029001,156,1.1848173e-06,0.0003171477,4
10014014001,156,2.5831062e-07,3.3383967e-05,4
12010001001,156,1.2381825e-07,3.3383967e-05,4
10041009001,156,1.0460507e-07,3.3383967e-05,4
14501899001,156,1.0524585e-06,0.00015022785,4
10014067001,156,1.8999697e-07,3.3383967e-05,4
14000010001,155,4.3186833e-06,0.00043399158,4
14362041001,155,2.04728e-06,0.00015022785,4
14506352001,154,1.1549296e-06,0.00011684388,4
31502025001,154,1.2253787e-06,0.0003839156,4
11061071001,154,2.3440182e-06,0.00016691984,4
14010062001,153,1.831663e-06,0.00021699579,4
14811007001,152,3.449847e-06,0.0005174515,1
14501017001,152,4.9954343e-07,0.00013353587,4
14112040001,152,4.047581e-06,0.0004172996,4
31567031001,152,8.2830394e-07,0.00033383968,4
14520067001,152,1.5818908e-06,0.0003004557,4
14121090001,152,4.369917e-06,0.0005007595,1
14613900001,152,2.7581698e-06,0.0003171477,4
10015008001,151,1.0887511e-06,0.00016691984,4
14010072001,151,2.3867142e-06,0.00015022785,4
12212001001,150,5.977433e-08,3.3383967e-05,4
31425009001,150,7.8347364e-07,0.00011684388,4
14001075001,150,2.1070532e-06,0.00016691984,4
31473013001,150,1.2403231e-06,0.00016691984,4
14203001001,150,4.6111504e-06,0.0005174515,1
14132157001,150,2.2436807e-06,0.00023368777,4
14010019001,150,4.216215e-06,0.0004172996,4
14020008001,149,3.1467055e-06,0.0003839156,4
12130086001,149,4.269595e-08,3.3383967e-05,4
14100001001,149,3.701753e-06,0.0004840675,4
11111021001,149,1.0951555e-06,0.00018361182,4
14022029001,148,3.0015374e-06,0.00033383968,4
14613907001,148,8.710004e-07,0.00018361182,4
11050011001,148,4.824656e-07,6.6767934e-05,4
14620908001,148,1.6886308e-06,0.00016691984,4
31501003001,147,9.1583144e-07,0.00016691984,4
12201022001,147,2.7965874e-07,5.007595e-05,4
14603003001,146,2.5510944e-06,0.00021699579,4
10002916001,146,1.3662704e-07,3.3383967e-05,4
14000135001,145,1.2125687e-06,0.00023368777,4
14370002001,145,1.5285201e-06,0.00023368777,4
14010150001,145,3.831975e-06,0.00045068355,4
10032004001,144,1.622446e-07,5.007595e-05,4
12121005001,144,5.507795e-07,0.00013353587,4
15020925001,144,3.9066882e-07,3.3383967e-05,4
14222898001,144,3.7145543e-07,0.00018361182,4
14111024001,144,3.695349e-06,0.00035053166,4
10040056001,144,8.11223e-08,5.007595e-05,4
10014106001,144,1.1954866e-07,3.3383967e-05,4
10021023001,144,9.3931085e-08,3.3383967e-05,4
14502031001,144,1.2253786e-06,0.00015022785,4
10033029001,144,2.1347978e-08,1.6691984e-05,4
14132012001,144,2.6279465e-06,0.00036722363,4
10034041001,144,4.483075e-08,1.6691984e-05,4
14104085001,143,3.5288328e-06,0.0003004557,4
14244918001,143,1.991775e-06,0.00018361182,4
14105130001,143,4.7477643e-06,0.0005007595,1
14120031001,142,3.347375e-06,0.00026707174,4
14022003001,142,2.8243487e-06,0.00025037976,4
14510140001,142,2.0921098e-06,0.00025037976,4
14612088001,142,6.2763235e-07,8.345992e-05,4
14510088001,142,8.64596e-07,0.00013353587,4
14021054001,142,3.490408e-06,0.0004006076,4
14131040001,142,2.3546895e-06,0.00046737553,4
11022051001,141,5.10218e-07,5.007595e-05,4
14830012001,141,7.0661986e-07,0.0001001519,4
14500048001,141,2.973786e-06,0.00028376371,4
12212069001,140,1.4516623e-07,6.6767934e-05,4
12106030001,140,3.565119e-07,5.007595e-05,4
14501926001,140,7.877427e-07,0.0001001519,4
14011078001,140,4.060388e-06,0.00045068355,4
14311022001,140,5.102181e-07,0.0001001519,4
14001092001,139,1.6053739e-06,0.00025037976,4
12123076001,139,7.1089005e-07,6.6767934e-05,4
14120020001,138,4.205543e-06,0.0004006076,4
10035041001,138,3.2021966e-08,1.6691984e-05,4
14510153001,138,8.3684336e-07,0.00025037976,4
14112021001,138,4.796866e-06,0.0005341435,1
14121173001,138,3.569396e-06,0.0003839156,4
14506314001,138,9.734712e-07,0.00011684388,4
10034015001,138,4.6111745e-07,6.6767934e-05,4
31533005001,138,8.966184e-07,0.0002003038,4
14204129001,137,3.1189509e-06,0.00036722363,4
14001010001,137,8.8167417e-07,0.0003004557,4
11103051001,137,5.635884e-07,0.00028376371,4
11103098001,137,5.3370087e-07,0.00028376371,4
15020904001,137,1.8572737e-07,3.3383967e-05,4
11050020001,137,1.3534674e-06,0.00016691984,4
14102026001,136,2.2287363e-06,0.00025037976,4
31567053001,136,6.23363e-07,0.00011684388,4
14510103001,136,5.2302676e-07,0.00013353587,4
10034002001,136,6.148237e-07,6.6767934e-05,4
11103096001,136,5.3370104e-07,0.00028376371,4
10033048001,136,5.1662244e-07,6.6767934e-05,4
14601001001,136,9.286391e-07,0.00013353587,4
10023038001,136,5.44375e-07,8.345992e-05,4
14222046001,136,3.7017533e-06,0.00055083545,1
14204070001,135,2.7304175e-06,0.00036722363,4
14011042001,135,2.841427e-06,0.00028376371,4
14832005001,135,7.2369846e-07,8.345992e-05,4
10030020001,135,2.5617572e-08,1.6691984e-05,4
14011011001,135,3.6120923e-06,0.0003004557,4
14204068001,135,7.7066466e-07,0.00015022785,4
11103095001,135,3.3302902e-07,6.6767934e-05,4
14111020001,135,4.209813e-06,0.00036722363,4
11050025001,135,1.2638056e-06,0.00011684388,4
31567018001,134,7.4931614e-07,0.00033383968,4
14522049001,134,1.6288562e-06,0.00026707174,4
14243058001,134,2.397388e-06,0.00021699579,4
12011412001,134,5.678578e-07,0.00035053166,4
14811008001,134,9.798755e-07,0.00028376371,4
14010025001,133,2.9076032e-06,0.0003171477,4
12201108001,133,5.5504735e-08,6.6767934e-05,4
14104113001,133,3.6697313e-06,0.00028376371,4
14023295001,133,3.1872662e-06,0.0003171477,4
11032037001,133,3.949385e-07,0.00011684388,4
14621028001,132,1.2381825e-07,5.007595e-05,4
14810030001,132,9.051573e-07,0.00011684388,4
14506126001,132,7.856082e-07,8.345992e-05,4
14010049001,131,3.4605212e-06,0.00025037976,4
31660026001,131,1.5370541e-07,5.007595e-05,4
14223039001,131,3.96646e-06,0.0004006076,4
14243046001,131,1.5648127e-06,0.00018361182,4
11101055001,130,6.361719e-07,0.0001001519,4
14104150001,130,2.694126e-06,0.00025037976,4
14851072001,130,6.4257557e-07,0.00043399158,4
10002919001,130,2.369625e-07,3.3383967e-05,4
14506199001,130,2.5831062e-07,3.3383967e-05,4
14000171001,130,3.3580504e-06,0.00028376371,4
14001066001,130,2.7667083e-06,0.0002003038,4
14506002001,129,3.142437e-06,0.00033383968,4
12034075001,129,5.486446e-07,6.6767934e-05,4
14505046001,129,2.8158083e-06,0.00043399158,4
14204086001,128,1.2531307e-06,0.0003004557,4
10000023001,128,6.4898063e-07,6.6767934e-05,4
14222027001,128,2.6471503e-07,3.3383967e-05,4
10035011001,128,1.9213176e-07,3.3383967e-05,4
12010110001,128,1.1463916e-06,0.00015022785,4
10022020001,128,2.369625e-07,3.3383967e-05,4
14111009001,127,3.317488e-06,0.00023368777,4
14350005001,127,1.5327912e-06,0.00016691984,4
14104019001,127,4.0603873e-06,0.00028376371,4
14101004001,127,3.3559152e-06,0.00023368777,4
14353899001,127,6.468459e-07,6.6767934e-05,4
14021088001,126,2.74963e-06,0.00055083545,1
12123009001,126,1.643794e-07,5.007595e-05,4
14131121001,126,4.3549758e-06,0.0003839156,4
14832057001,126,6.4257586e-07,8.345992e-05,4
14001145001,125,1.0524585e-06,0.00016691984,4
11072001001,125,5.187573e-07,0.0001001519,4
14522051001,124,1.4324543e-06,0.00023368777,4
14833075001,124,4.2482554e-07,5.007595e-05,4
14011014001,124,2.5233414e-06,0.00025037976,4
31533233001,123,1.0439204e-06,0.00018361182,4
14510298001,123,1.3534669e-06,0.0002003038,4
14833011001,123,6.8100167e-07,0.0001001519,4
12221003001,122,4.184214e-07,0.00015022785,4
14132013001,121,3.8682642e-06,0.00028376371,4
14120017001,121,3.0976012e-06,0.00035053166,4
10031003001,121,9.179629e-08,5.007595e-05,4
14003054001,121,2.668509e-06,0.00035053166,4
14133901001,120,3.6654621e-06,0.00036722363,4
14804008001,120,2.8392824e-07,6.6767934e-05,4
14805018001,120,6.2549753e-07,6.6767934e-05,4
14010073001,120,2.9716512e-06,0.00025037976,4
10041052001,120,9.606588e-08,1.6691984e-05,4
10034031001,120,1.2168346e-07,5.007595e-05,4
10002013001,120,1.2808788e-08,1.6691984e-05,4
12202009001,120,4.269595e-08,3.3383967e-05,4
14852043001,120,1.4943586e-08,1.6691984e-05,4
10020094001,120,2.6044543e-07,6.6767934e-05,4
14104108001,120,2.5553632e-06,0.00023368777,4
11032016002,120,3.3302902e-07,6.6767934e-05,4
12201107001,120,1.7078383e-08,1.6691984e-05,4
14204162001,119,7.898773e-07,0.00016691984,4
14244053001,119,1.8444728e-06,0.00018361182,4
31500015001,119,6.31902e-07,0.00016691984,4
11040030001,119,4.803308e-07,8.345992e-05,4
12000059001,119,3.8426447e-07,0.00018361182,4
11100008001,119,9.990895e-07,0.00011684388,4
14510049001,119,1.4836899e-06,0.00018361182,4
14132038001,118,3.5907424e-06,0.00035053166,4
30052113001,118,5.358358e-07,0.00013353587,4
32511049001,118,8.5391896e-08,1.6691984e-05,4
14001030001,118,2.3162645e-06,0.0003004557,4
14510133001,118,2.282109e-06,0.0003004557,4
12201109001,117,1.5370541e-07,3.3383967e-05,4
14101007001,117,2.8606391e-06,0.00025037976,4
14204083001,117,1.6864968e-06,0.0003004557,4
14241042001,117,2.275704e-06,0.00033383968,4
14204132001,116,1.1165031e-06,0.00016691984,4
14500012001,116,1.8850322e-06,0.00035053166,4
10034043001,116,3.4583778e-07,5.007595e-05,4
12120044001,116,4.312301e-07,8.345992e-05,4
14506225001,116,8.7313555e-07,0.0001001519,4
14023302001,116,2.1518838e-06,0.00043399158,4
14022002001,116,2.47851e-06,0.00025037976,4
31531099001,115,3.223548e-07,6.6767934e-05,4
14023126001,115,1.4900936e-06,0.00028376371,4
14506085001,115,5.998798e-07,6.6767934e-05,4
14001138001,115,3.0250203e-06,0.00021699579,4
14612075001,114,7.429122e-07,8.345992e-05,4
10014073001,114,1.643794e-07,3.3383967e-05,4
14505058001,114,9.905491e-07,0.00015022785,4
10021040001,114,5.123514e-08,3.3383967e-05,4
12010022001,114,2.2201893e-07,3.3383967e-05,4
14222043001,114,3.4669251e-06,0.0003171477,4
10022011001,114,1.1036947e-06,0.00013353587,4
14011005001,114,3.2385005e-06,0.00026707174,4
14244058001,114,2.8499658e-06,0.00026707174,4
14222896001,114,4.3122986e-07,6.6767934e-05,4
14501938001,114,4.9100464e-07,6.6767934e-05,4
12121023001,114,3.970733e-07,0.0001001519,4
14805002001,114,2.8606303e-07,6.6767934e-05,4
12120075001,114,6.553851e-07,0.00013353587,4
12100027001,114,3.052764e-07,3.3383967e-05,4
14121179001,113,3.6035508e-06,0.0004006076,4
14011929001,113,2.1262658e-06,0.0002003038,4
14311043001,113,2.4336694e-07,6.6767934e-05,4
14105129001,113,3.548048e-06,0.00036722363,4
11102009001,113,9.3291044e-07,0.00011684388,4
14615082001,113,4.3336502e-07,0.00015022785,4
14360045001,113,1.7761598e-06,0.00015022785,4
14361129001,112,1.7142489e-06,0.00023368777,4
14001635001,112,2.0643574e-06,0.00015022785,4
14522050001,112,1.2147041e-06,0.00023368777,4
14620999001,112,8.6032657e-07,0.00013353587,4
14204006001,112,2.5105326e-06,0.00018361182,4
14010198001,112,3.4455766e-06,0.0005174515,4
14851071001,112,4.3549926e-07,0.00036722363,4
14500017001,112,7.1302475e-07,8.345992e-05,4
14111002001,112,3.9920783e-06,0.00026707174,4
14010211001,111,2.935359e-06,0.00021699579,4
14204065001,111,1.3043666e-06,0.00015022785,4
14104146001,111,6.895418e-07,0.0001001519,4
14613014001,110,8.11223e-08,3.3383967e-05,4
11110006001,110,5.721276e-07,0.00021699579,4
15020007001,110,4.269596e-09,1.6691984e-05,4
11050017001,110,1.5690835e-06,0.00016691984,4
14001033001,110,1.6993048e-06,0.0003004557,4
14202001001,110,2.4913195e-06,0.00026707174,4
14600013001,109,2.745362e-06,0.0002003038,4
14506490001,109,2.8094066e-06,0.00033383968,4
14851007001,109,7.471792e-08,6.6767934e-05,4
14121009001,109,2.4016545e-06,0.00023368777,4
12120082001,108,2.9033274e-07,6.6767934e-05,4
14010064001,108,2.292782e-06,0.00015022785,4
14003013001,108,4.0924074e-06,0.0003004557,4
10040031001,108,0.0,0.0,4
12123080001,108,1.7718818e-07,0.00013353587,4
10030001001,108,3.8426357e-08,1.6691984e-05,4
10031022001,108,9.820068e-08,1.6691984e-05,4
12201072001,108,2.775237e-08,1.6691984e-05,4
14010012001,107,2.1732333e-06,0.00016691984,4
11010007001,107,5.4864466e-07,0.00011684388,4
14243045001,107,1.7505414e-06,0.00021699579,4
14203027001,107,1.6971713e-06,0.00026707174,4
14111010001,107,3.0805259e-06,0.0002003038,4
31500014001,106,5.038134e-07,0.0001001519,4
12123901001,106,2.732543e-07,6.6767934e-05,4
14613007001,106,7.365076e-07,0.00011684388,4
14832056001,105,8.389783e-07,6.6767934e-05,4
14612034001,105,9.0088815e-07,0.00011684388,4
11103176001,105,4.1628653e-07,6.6767934e-05,4
14610010001,105,8.688657e-07,0.0001001519,4
14001062001,105,9.62797e-07,0.00016691984,4
11110085001,105,6.532504e-07,0.0001001519,4
11061068001,105,1.2766147e-06,0.00015022785,4
14315017001,105,7.578556e-07,0.00026707174,4
14023003001,104,2.6877206e-06,0.00025037976,4
11071898001,104,6.233632e-07,0.00011684388,4
10032081001,104,3.1595044e-07,5.007595e-05,4
14111037001,104,2.7389535e-06,0.00035053166,4
14510199001,104,1.2915581e-06,0.0001001519,4
11074015001,104,7.941478e-07,0.00026707174,4
14021006001,104,2.2201984e-06,0.00028376371,4
12120083001,104,1.8145778e-07,5.007595e-05,4
14204021001,104,9.606625e-07,0.0001001519,4
14120045001,103,2.2586237e-06,0.0002003038,4
11101029001,103,3.0527636e-07,0.00016691984,4
14204062001,103,2.734686e-06,0.0004840675,4
14011009001,103,2.563901e-06,0.00021699579,4
14616009001,103,1.08874666e-07,3.3383967e-05,4
14133905001,103,2.0558173e-06,0.0003171477,4
14311058001,103,3.5437705e-07,8.345992e-05,4
14315016001,103,7.1729437e-07,0.00026707174,4
14506084001,103,2.8798502e-06,0.0004172996,4
12130010001,103,5.7639532e-08,3.3383967e-05,4
11021071001,103,7.108901e-07,0.00013353587,4
12011114001,103,6.4257625e-07,0.00011684388,4
31466156001,102,8.581922e-07,0.00011684388,4
14500081001,102,5.038132e-07,0.00013353587,4
14101074001,102,2.6364853e-06,0.0002003038,4
14000018001,102,2.7261465e-06,0.0003004557,4
14000021001,102,2.9737846e-06,0.0004006076,4
14020056001,102,1.887169e-06,0.00025037976,4
14820015001,102,4.7392606e-07,6.6767934e-05,4
14010097001,102,2.6877208e-06,0.0003839156,4
10040044001,102,3.6291556e-08,5.007595e-05,4
12121089001,102,2.967372e-07,8.345992e-05,4
12123077001,101,7.3010307e-07,0.00011684388,4
14510098001,101,8.731356e-07,0.0001001519,4
10011007001,101,2.1774933e-07,5.007595e-05,4
14010041001,101,1.940539e-06,0.00018361182,4
14908989001,100,4.269596e-09,3.3383967e-05,4
14010098001,100,2.4721062e-06,0.00018361182,4
10020010001,100,5.8493606e-07,0.0001001519,4
14501007001,100,8.603261e-07,8.345992e-05,4
14111011001,100,2.6642379e-06,0.00028376371,4
35751019001,100,1.4730102e-07,3.3383967e-05,4
14011044001,100,2.4934534e-06,0.0003004557,4
10033031001,100,5.315662e-07,6.6767934e-05,4
14121015001,100,2.8264824e-06,0.00026707174,4
14243042001,100,1.3790844e-06,0.00015022785,4
14506204001,100,6.1909316e-07,8.345992e-05,4
14311135001,99,8.3470917e-07,8.345992e-05,4
12212059001,99,3.2448978e-07,0.0001001519,4
14501029001,99,3.9493816e-07,6.6767934e-05,4
14103057001,99,1.4772857e-06,0.00016691984,4
14243044001,98,1.6950357e-06,0.00021699579,4
12100011001,98,5.5077953e-07,6.6767934e-05,4
14000078001,98,1.0887501e-06,0.00025037976,4
14508002001,98,1.4559374e-06,0.00016691984,4
14022167001,98,2.2671636e-06,0.0003839156,4
14001076001,98,8.944828e-07,0.00013353587,4
14506313001,98,4.4617354e-07,0.00011684388,4
14503024001,98,1.874359e-06,0.00035053166,4
14200015001,98,1.8060462e-06,0.00021699579,4
12122050001,98,6.980813e-07,0.00013353587,4
14023252001,97,1.2787486e-06,0.00011684388,4
11074003001,97,7.5145124e-07,0.00025037976,4
14023164001,97,2.8990673e-06,0.00023368777,4
14020009001,97,2.6364858e-06,0.00028376371,4
14222095001,97,3.4413067e-06,0.0005341435,4
14023310001,97,2.8478305e-06,0.0005842194,4
14506015001,97,2.7453618e-06,0.00025037976,4
10041001001,96,2.3482775e-08,3.3383967e-05,4
14802011001,96,6.61789e-07,0.0001001519,4
14810018001,96,4.2482566e-07,6.6767934e-05,4
12121016001,96,3.351638e-07,6.6767934e-05,4
10040015001,96,0.0,0.0,4
12201077001,96,4.483075e-08,1.6691984e-05,4
14130013001,96,1.6715527e-06,0.00015022785,4
14508913001,96,1.0780768e-06,8.345992e-05,4
10022003001,96,5.977433e-08,1.6691984e-05,4
12233023001,96,4.6965546e-08,6.6767934e-05,4
14002051001,96,2.794461e-06,0.00026707174,4
14620057001,96,1.9640229e-06,0.00018361182,4
14000123001,95,3.0058075e-06,0.0003171477,4
14110056001,95,2.0280645e-06,0.00028376371,4
14023132001,95,2.4486226e-06,0.00033383968,4
14023129001,95,2.5190698e-06,0.0006342954,1
31567025001,95,4.8886966e-07,0.0003171477,4
14000008001,95,5.272964e-07,5.007595e-05,4
14511036001,94,2.1134494e-07,5.007595e-05,4
14243129001,94,9.4358415e-07,0.00015022785,4
14100009001,94,2.2223323e-06,0.00028376371,4
14506049001,93,1.4772854e-06,0.00035053166,4
14850034001,93,2.3696252e-07,0.00025037976,4
14111025001,93,2.0857046e-06,0.00018361182,4
14242131001,93,1.8103163e-06,0.00015022785,4
14822042001,93,6.596541e-07,8.345992e-05,4
12123042001,93,2.4977138e-07,5.007595e-05,4
14111142001,93,2.9225498e-06,0.00021699579,4
11050060001,92,4.4617389e-07,0.00011684388,4
14244015001,92,1.9512127e-06,0.00016691984,4
10041057001,92,3.5864664e-07,5.007595e-05,4
14601003001,92,9.905492e-07,8.345992e-05,4
10031009001,92,1.8572737e-07,3.3383967e-05,4
11032220001,92,4.6111748e-07,0.0001001519,4
14001035001,92,1.1527953e-06,0.00021699579,4
14506291001,92,6.126888e-07,8.345992e-05,4
14132074001,91,2.9417633e-06,0.00028376371,4
14620021001,91,1.9554814e-06,0.0002003038,4
14112009001,91,2.6065975e-06,0.0004840675,4
14610009001,91,6.1482353e-07,6.6767934e-05,4
14201021001,91,1.9469433e-06,0.00028376371,4
11071005001,90,1.02470274e-07,3.3383967e-05,4
14222048001,90,2.4977138e-07,6.6767934e-05,4
31531124001,90,3.3089412e-07,6.6767934e-05,4
10020037001,90,2.775237e-08,1.6691984e-05,4
12212007001,90,3.3943346e-07,0.00011684388,4
10022012001,90,1.3449224e-07,3.3383967e-05,4
14023307001,90,1.4815546e-06,0.00016691984,4
14312999001,89,7.4504703e-07,6.6767934e-05,4
14222070001,89,2.1860399e-06,0.0004840675,4
14204049001,89,1.6331269e-06,0.00018361182,4
14353005001,89,4.4190412e-07,5.007595e-05,4
14210077001,89,7.194292e-07,0.0001001519,4
11050012001,89,9.734717e-07,0.00016691984,4
14506066001,89,1.5754869e-06,0.0003004557,4
12011277001,89,5.763973e-07,3.3383967e-05,4
14700026001,89,1.9170557e-06,0.00016691984,4
14500051001,88,4.6111722e-07,6.6767934e-05,4
14111038001,88,2.0451441e-06,0.00015022785,4
14111143001,88,2.6749112e-06,0.00023368777,4
14121269001,88,2.9716496e-06,0.00026707174,4
10052035001,88,5.721276e-07,0.00013353587,4
14104086001,88,2.3739021e-06,0.00023368777,4
12123015001,88,3.8212957e-07,8.345992e-05,4
14831018001,87,4.8033036e-07,6.6767934e-05,4
14021055001,87,1.7932375e-06,0.00013353587,4
14822112001,87,9.777403e-07,0.00011684388,4
12212006001,87,3.1595053e-07,8.345992e-05,4
12122002002,87,2.5831062e-07,5.007595e-05,4
14014026001,87,1.505037e-06,0.0002003038,4
12123897001,86,3.88534e-07,8.345992e-05,4
11110060001,86,4.2482577e-07,0.0002003038,4
14240005001,86,1.3961634e-06,0.00015022785,4
12105009001,86,5.529141e-07,0.0001001519,4
14220141001,86,2.4998583e-06,0.00016691984,4
12301011001,86,1.310772e-06,0.00013353587,4
14833072001,86,7.5572086e-07,0.00011684388,4
11103058001,86,3.7786003e-07,6.6767934e-05,4
14022118001,86,2.2927816e-06,0.00025037976,4
14510265001,86,1.082347e-06,8.345992e-05,4
14851034001,86,9.606588e-08,8.345992e-05,4
14121119001,86,2.3183993e-06,0.0002003038,4
12011113001,85,9.841455e-07,0.00011684388,4
11103114001,85,5.3370115e-07,0.0003004557,4
14508017001,85,8.902137e-07,8.345992e-05,4
14021035001,85,9.990889e-07,0.00013353587,4
14615041001,85,1.0545941e-06,0.00011684388,4
14133028001,85,1.0823468e-06,0.00018361182,4
14506378001,84,5.1662226e-07,6.6767934e-05,4
11032024001,84,1.7078379e-07,0.0001001519,4
12122003001,84,5.315662e-07,0.00011684388,4
14841003001,84,1.4089723e-06,0.00011684388,4
14853013001,84,1.067399e-08,3.3383967e-05,4
14822049001,84,1.8060459e-06,0.00028376371,4
11032014002,84,1.5370541e-07,3.3383967e-05,4
14830020001,84,3.9280354e-07,5.007595e-05,4
14010055001,84,1.746271e-06,0.00016691984,4
14801003001,84,7.4291205e-07,8.345992e-05,4
12301023001,84,1.3662704e-07,3.3383967e-05,4
12123008001,84,1.8145778e-07,6.6767934e-05,4
14360008001,84,1.5285215e-06,0.00013353587,4
10040001001,84,8.539192e-09,1.6691984e-05,4
14244933001,84,1.4836903e-06,0.00015022785,4
12201061001,84,4.269595e-08,3.3383967e-05,4
14111008001,84,2.484914e-06,0.00018361182,4
14011004001,83,1.8359334e-06,0.00025037976,4
11021041001,83,6.169586e-07,0.00018361182,4
12010020001,83,4.8460043e-07,6.6767934e-05,4
12000060001,83,4.6965678e-07,0.00018361182,4
14503048001,83,1.7398668e-06,0.0003004557,4
12201080001,82,5.251617e-07,0.00023368777,4
14850053001,82,6.4043935e-09,1.6691984e-05,4
14010194001,82,1.7804276e-06,0.00015022785,4
14506070001,82,1.5007689e-06,0.0003839156,4
14601031001,82,1.6160492e-06,0.00013353587,4
14242133001,82,1.4495329e-06,0.00013353587,4
14001028001,82,1.4175108e-06,0.00011684388,4
12121044001,82,4.995441e-07,0.00013353587,4
12212019001,82,1.4730102e-07,5.007595e-05,4
14121022001,81,2.542554e-06,0.00026707174,4
14132071001,81,1.5327892e-06,0.00021699579,4
14810025001,81,3.394332e-07,5.007595e-05,4
14000015001,81,1.4068362e-06,0.00013353587,4
14330019001,81,1.3662704e-07,6.6767934e-05,4
14243040001,81,1.0588636e-06,0.00018361182,4
14361114001,81,3.607814e-07,8.345992e-05,4
12122021001,81,1.8359258e-07,3.3383967e-05,4
14244999001,80,7.0875507e-07,8.345992e-05,4
14022086001,80,1.7526755e-06,0.00021699579,4
14510009001,80,2.946024e-07,0.00011684388,4
14613908001,80,5.913404e-07,6.6767934e-05,4
14010292001,80,1.240322e-06,0.00018361182,4
12201097001,80,8.32571e-08,1.6691984e-05,4
14511011001,80,6.874071e-07,6.6767934e-05,4
14120054001,80,2.7325505e-06,0.0003171477,4
14111004001,80,1.5071728e-06,0.00013353587,4
10034040001,80,2.519062e-07,5.007595e-05,4
14613009001,80,1.3278492e-06,0.00011684388,4
14023044001,79,1.1506596e-06,0.00015022785,4
32501100001,79,2.1774933e-07,3.3383967e-05,4
14633935001,79,1.2509967e-06,0.0002003038,4
12000210001,79,4.483075e-08,1.6691984e-05,4
31502023001,79,2.9246743e-07,6.6767934e-05,4
11051006001,79,8.6673145e-07,6.6767934e-05,4
14104151001,79,1.7612148e-06,0.0002003038,4
14001104001,79,1.9298639e-06,0.00016691984,4
14002013001,78,1.855145e-06,0.0002003038,4
12010106001,78,1.2595305e-07,1.6691984e-05,4
14230432001,78,2.1454794e-06,0.00023368777,4
12301027001,78,1.4303143e-07,3.3383967e-05,4
12201041001,78,3.2021966e-08,1.6691984e-05,4
10052011001,78,4.3976928e-07,0.00018361182,4
11032027001,78,3.4370308e-07,0.0001001519,4
12100013001,78,4.5044354e-07,5.007595e-05,4
12130032001,78,7.8987505e-08,5.007595e-05,4
14831027001,78,6.233627e-07,0.0001001519,4
14830048001,78,3.1595044e-07,5.007595e-05,4
14621005001,78,8.51787e-07,0.0001001519,4
14210120001,78,8.09091e-07,0.00015022785,4
14120005001,78,2.2522206e-06,0.00018361182,4
14001118001,78,8.197652e-07,0.00013353587,4
12123111001,78,4.8033075e-07,0.0001001519,4
12123903001,78,1.7932298e-07,5.007595e-05,4
14023115001,78,1.8978432e-06,0.00016691984,4
14010077001,78,2.3696348e-06,0.0002003038,4
14360022001,77,6.34037e-07,8.345992e-05,4
14001003001,77,2.0088526e-06,0.0002003038,4
14014013001,77,2.1027813e-06,0.00028376371,4
14361082001,77,1.0823463e-06,0.00011684388,4
14010029001,77,2.0558193e-06,0.00016691984,4
14020976001,77,1.7057102e-06,0.00013353587,4
10024003001,77,3.2662447e-07,6.6767934e-05,4
31423011001,77,7.941476e-07,0.0001001519,4
10023106001,76,3.5864664e-07,6.6767934e-05,4
11032218001,76,4.717916e-07,0.00013353587,4
10023080001,76,1.8999697e-07,8.345992e-05,4
12202008001,76,1.7505339e-07,3.3383967e-05,4
14131011001,76,1.8402023e-06,0.00018361182,4
14010208001,76,1.7975053e-06,0.00021699579,4
14121112001,76,1.0503244e-06,0.00011684388,4
10020101001,76,2.5831062e-07,3.3383967e-05,4
14616001001,76,1.7206502e-06,0.0004006076,4
14506140001,76,3.6718583e-07,6.6767934e-05,4
14510127001,75,1.3854892e-06,0.00011684388,4
10014037001,75,6.34037e-07,6.6767934e-05,4
12010144001,75,5.0167876e-07,8.345992e-05,4
11103076001,75,3.6291635e-07,0.00015022785,4
12212035001,75,5.9134067e-07,8.345992e-05,4
12123132001,75,6.617872e-08,1.6691984e-05,4
14121007001,75,2.230872e-06,0.00018361182,4
12121010001,75,8.539192e-09,1.6691984e-05,4
14601030001,75,1.0674031e-06,0.0001001519,4
30045077001,75,3.3302874e-07,6.6767934e-05,4
14370025001,75,9.201007e-07,0.00011684388,4
14244028001,75,1.5349258e-06,0.00011684388,4
12123073001,74,7.8987505e-08,1.6691984e-05,4
12123007001,74,1.622446e-07,3.3383967e-05,4
31420009001,74,4.3336505e-07,5.007595e-05,4
12121050001,74,6.233627e-07,0.0001001519,4
30010002001,74,7.8347335e-07,0.0005341435,4
12034037001,74,3.9707334e-07,5.007595e-05,4
14620114001,74,1.3065013e-06,0.00011684388,4
14312112001,74,5.315661e-07,0.00011684388,4
14506099001,74,1.4879604e-06,0.00018361182,4
14633900001,74,1.1421209e-06,0.0001001519,4
14613939001,74,1.2381825e-07,5.007595e-05,4
14615108001,74,8.838095e-07,8.345992e-05,4
14616054001,74,1.2744794e-06,0.00011684388,4
11111050001,74,3.1808526e-07,0.0001001519,4
14121006001,73,2.324802e-06,0.0002003038,4
11022014001,73,4.9100487e-07,6.6767934e-05,4
12221006001,73,5.7639716e-07,0.0002003038,4
14010068001,73,2.1817705e-06,0.00018361182,4
14361036001,73,8.9661796e-07,0.00015022785,4
14361010001,73,1.2915575e-06,0.00023368777,4
14850093001,73,1.1954866e-07,0.00025037976,4
14223018001,73,2.5019929e-06,0.00025037976,4
12010042001,73,3.7572522e-07,0.00011684388,4
11111025001,73,5.5077953e-07,0.0001001519,4
11111019001,73,6.1055425e-07,0.00018361182,4
35301005001,73,4.6965546e-08,1.6691984e-05,4
14204043001,72,9.606623e-07,0.00011684388,4
12103105001,72,1.4943582e-07,1.6691984e-05,4
14853002001,72,1.4943586e-08,1.6691984e-05,4
14510101001,72,5.401055e-07,6.6767934e-05,4
12010137001,72,8.517876e-07,8.345992e-05,4
14370076001,72,7.450468e-07,0.00013353587,4
10020028001,72,4.0561154e-08,1.6691984e-05,4
12301025001,72,6.468457e-07,0.00011684388,4
14852044001,72,0.0,0.0,4
14830043001,72,6.511153e-07,5.007595e-05,4
12327056001,72,2.134798e-09,1.6691984e-05,4
10001010001,72,3.4156763e-08,3.3383967e-05,4
12120058001,72,2.3055811e-07,8.345992e-05,4
10040012001,72,2.134798e-09,1.6691984e-05,4
10011028001,72,2.7538908e-07,5.007595e-05,4
10002026001,72,9.179629e-08,3.3383967e-05,4
14361026001,71,1.5285218e-06,0.00011684388,4
14220140001,71,1.6630138e-06,0.00015022785,4
14244027001,71,1.3129059e-06,0.0001001519,4
14621045001,71,8.96618e-07,0.0001001519,4
14104016001,71,1.0908857e-06,8.345992e-05,4
14111031001,71,2.3333423e-06,0.00023368777,4
11040031001,71,2.8819795e-07,3.3383967e-05,4
31424002001,71,6.3830663e-07,0.0001001519,4
14226009001,71,1.5477345e-06,0.00015022785,4
14510249001,71,1.1079643e-06,0.0001001519,4
14361007001,71,7.0448533e-07,8.345992e-05,4
14011041001,71,1.4794206e-06,0.00028376371,4
12210021001,70,4.6965546e-08,1.6691984e-05,4
10052017001,70,4.931395e-07,0.00013353587,4
14822008001,70,1.116503e-06,0.00011684388,4
31602045001,70,3.9707305e-07,5.007595e-05,4
14023149001,70,2.1881767e-06,0.00018361182,4
14102115001,70,1.7889677e-06,0.00013353587,4
14001019001,70,1.5690822e-06,0.00026707174,4
14506171001,70,2.54041e-07,6.6767934e-05,4
14103053001,70,2.4166006e-06,0.00018361182,4
12121034001,70,4.5898284e-07,5.007595e-05,4
14003011001,70,2.5788443e-06,0.0003171477,4
14506005001,70,1.4068371e-06,0.00033383968,4
14010151001,70,7.0235046e-07,0.00018361182,4
14633001001,69,5.059482e-07,6.6767934e-05,4
11103135001,69,2.6044543e-07,0.00011684388,4
14521012001,69,4.867351e-07,5.007595e-05,4
12011075001,69,7.962823e-07,8.345992e-05,4
14331028001,69,4.4403882e-07,0.0001001519,4
14010186001,69,7.4718116e-07,0.00013353587,4
11073902001,69,5.443751e-07,5.007595e-05,4
14353036001,69,2.6898465e-07,6.6767934e-05,4
12010041001,69,5.4437515e-07,0.00011684388,4
14200011001,69,1.1036941e-06,0.00018361182,4
12124001001,69,1.7291859e-07,3.3383967e-05,4
12103025001,69,2.0067095e-07,3.3383967e-05,4
14521159001,68,7.898776e-07,0.00013353587,4
12120898001,68,2.9887204e-07,6.6767934e-05,4
14311027001,68,4.8033064e-07,5.007595e-05,4
30450010001,68,7.0448316e-08,3.3383967e-05,4
14810017001,68,1.6053749e-06,0.00015022785,4
10002011001,68,1.4303143e-07,3.3383967e-05,4
14000061001,68,2.2885108e-06,0.0002003038,4
14200087001,68,1.6352616e-06,0.00015022785,4
10041050001,68,1.2808785e-07,3.3383967e-05,4
14010219001,68,1.1271773e-06,8.345992e-05,4
14370054001,68,8.0909115e-07,8.345992e-05,4
14226007001,68,1.2638055e-06,0.00015022785,4
14023017001,68,2.7837873e-06,0.00025037976,4
14243043001,68,2.1454798e-06,0.00025037976,4
14506036001,68,4.0988212e-07,5.007595e-05,4
30011002001,68,7.151592e-07,0.0005341435,4
14312003001,67,1.2381825e-07,3.3383967e-05,4
14361112001,67,6.425761e-07,6.6767934e-05,4
30450023001,67,3.8639928e-07,6.6767934e-05,4
14223080001,67,1.5391947e-06,0.00026707174,4
11070045001,67,3.6718595e-07,0.0001001519,4
65106030001,67,1.7761591e-06,0.00015022785,4
11032218002,67,4.7606122e-07,0.00013353587,4
14000050001,67,2.3440166e-06,0.00016691984,4
14023501001,67,1.5370541e-07,3.3383967e-05,4
14103155001,67,1.8167193e-06,0.00015022785,4
14242037001,67,1.0759418e-06,0.00013353587,4
10002078001,66,1.0673987e-07,3.3383967e-05,4
14600030001,66,8.9661853e-07,8.345992e-05,4
12120030001,66,3.3516378e-07,3.3383967e-05,4
10022024001,66,1.0033548e-07,3.3383967e-05,4
10032054001,66,2.2201893e-07,3.3383967e-05,4
31235016001,66,3.3302896e-07,5.007595e-05,4
14226149001,66,1.4836904e-06,0.00015022785,4
14615101001,66,2.1774933e-07,5.007595e-05,4
12106028001,66,5.144877e-07,0.00011684388,4
14001073001,66,1.5840259e-06,0.00016691984,4
14804009001,66,2.7538908e-07,3.3383967e-05,4
14242009001,66,1.1357167e-06,0.00013353587,4
10040028001,66,1.601098e-07,0.00011684388,4
14620060001,66,8.11223e-08,5.007595e-05,4
14852019001,66,6.190913e-08,3.3383967e-05,4
14110024001,66,1.9618867e-06,0.00015022785,4
14820029001,66,1.2894229e-06,0.00011684388,4
14222042001,65,2.1497497e-06,0.00013353587,4
11071001001,65,3.3089412e-07,6.6767934e-05,4
14620091001,65,2.3055811e-07,5.007595e-05,4
14010199001,65,2.2970512e-06,0.00018361182,4
14104090001,65,1.8017753e-06,0.00021699579,4
14510300001,65,6.084192e-07,0.00018361182,4
14202017001,65,1.0332463e-06,0.00011684388,4
14110053001,65,1.133581e-06,0.00011684388,4
14121004001,65,1.961886e-06,0.00016691984,4
14013002001,65,1.7484064e-06,0.00015022785,4
14202021001,64,1.4516683e-06,0.00015022785,4
31420006001,64,5.934756e-07,6.6767934e-05,4
14121053001,64,1.3513317e-06,0.0001001519,4
12104021001,64,2.2628852e-07,5.007595e-05,4
11050076001,64,7.002163e-07,6.6767934e-05,4
14506383001,64,2.7965874e-07,3.3383967e-05,4
14210051001,64,5.785317e-07,0.00013353587,4
14850194001,64,3.4797225e-07,0.00016691984,4
14633039001,64,1.0844815e-06,8.345992e-05,4
14361162001,64,8.9448304e-07,0.00018361182,4
12120061001,64,3.9493844e-07,8.345992e-05,4
11010042001,64,4.9954406e-07,0.00015022785,4
10022010001,64,1.9426656e-07,5.007595e-05,4
14010145001,64,9.0942655e-07,0.00016691984,4
14506139001,64,1.1207732e-06,0.00011684388,4
10022908001,64,1.3235744e-07,3.3383967e-05,4
14230431001,64,1.8252583e-06,0.00013353587,4
12120093001,64,5.315661e-07,8.345992e-05,4
12122007001,63,2.7965874e-07,6.6767934e-05,4
14023034001,63,1.5520037e-06,0.00018361182,4
14832931001,63,1.5157062e-07,3.3383967e-05,4
14001039001,63,1.6139118e-06,0.00025037976,4
14330011001,63,4.2055586e-07,5.007595e-05,4
14204044001,63,8.7953975e-07,0.0001001519,4
31501001001,63,3.586466e-07,5.007595e-05,4
14104114001,62,1.7099791e-06,0.00018361182,4
14102010001,62,1.5306555e-06,0.00018361182,4
12011056001,62,4.013428e-07,0.0001001519,4
14361104001,62,5.763968e-07,8.345992e-05,4
14231068001,62,1.7206532e-06,0.00016691984,4
12010002001,62,3.970732e-07,5.007595e-05,4
14022093001,62,1.4153763e-06,0.00011684388,4
12130045001,62,2.604454e-07,0.00011684388,4
14242155001,62,1.1399861e-06,0.00015022785,4
14833034001,62,7.813387e-07,0.00015022785,4
12121091001,62,2.9673723e-07,0.00015022785,4
12122016001,62,5.166223e-07,0.00011684388,4
14220005001,62,1.1784124e-06,0.00013353587,4
14111029001,61,2.060087e-06,0.00021699579,4
12123029001,61,3.0100682e-07,0.0001001519,4
12010234001,61,5.23027e-07,8.345992e-05,4
14011027001,61,1.9255945e-06,0.00016691984,4
12212015001,61,6.361719e-07,0.0001001519,4
12020243001,61,6.46846e-07,6.6767934e-05,4
10023027001,61,1.7718818e-07,0.00011684388,4
14311020001,61,4.6325218e-07,5.007595e-05,4
14020030001,61,1.4409936e-06,0.00013353587,4
12002023001,61,3.010068e-07,0.0001001519,4
14023035001,61,1.5114427e-06,0.00015022785,4
14833013001,61,1.3214443e-06,0.00023368777,4
11111004001,61,2.0067095e-07,5.007595e-05,4
14505148001,61,1.2574006e-06,0.00015022785,4
12130016001,61,3.202197e-08,3.3383967e-05,4
14110003001,61,1.7612148e-06,0.00018361182,4
14226005001,61,7.2369875e-07,8.345992e-05,4
12201046001,60,3.2021966e-08,3.3383967e-05,4
14204126001,60,1.327849e-06,0.0002003038,4
14805066001,60,1.3235744e-07,3.3383967e-05,4
14353010001,60,4.269605e-07,0.00013353587,4
10000008001,60,1.067399e-08,3.3383967e-05,4
14522048001,60,8.4538294e-07,0.0001001519,4
12123034001,60,2.8819795e-07,0.00015022785,4
11023010001,60,1.2168346e-07,5.007595e-05,4
14830037001,60,2.924675e-07,6.6767934e-05,4
11111005001,60,2.476365e-07,8.345992e-05,4
14204055001,60,1.0460545e-06,0.00023368777,4
12103011001,60,2.7965874e-07,5.007595e-05,4
31603002001,60,3.3089418e-07,6.6767934e-05,4
10014044001,60,4.0561154e-08,1.6691984e-05,4
14740038001,60,2.8819795e-07,6.6767934e-05,4
12103060001,60,2.1134494e-07,6.6767934e-05,4
12102142001,60,5.2729655e-07,8.345992e-05,4
14830017001,60,2.5831056e-07,8.345992e-05,4
12123902001,60,4.675219e-07,0.0001001519,4
14200047001,60,1.2680748e-06,0.00021699579,4
14630027001,60,6.2976756e-07,6.6767934e-05,4
15022022001,60,1.5584021e-07,6.6767934e-05,4
12120015001,60,1.3235744e-07,3.3383967e-05,4
14832013001,60,6.1055385e-07,6.6767934e-05,4
14620019001,60,3.3729833e-07,0.00016691984,4
14820004001,60,6.4043924e-08,1.6691984e-05,4
12122012001,60,5.977433e-08,3.3383967e-05,4
11103158001,60,1.1100946e-07,3.3383967e-05,4
14223176001,60,2.1903104e-06,0.00018361182,4
14632041001,60,1.7932298e-07,1.6691984e-05,4
11103220001,60,2.519062e-07,0.0001001519,4
14601999001,60,7.087551e-07,8.345992e-05,4
14820009001,60,2.1347974e-07,5.007595e-05,4
11103133001,60,4.3549986e-07,8.345992e-05,4
35301004001,60,6.4043935e-09,1.6691984e-05,4
14810023001,60,4.2696047e-07,5.007595e-05,4
14506264001,60,2.9887198e-07,3.3383967e-05,4
14603004001,60,1.065268e-06,0.00013353587,4
14131074001,59,1.3470625e-06,0.00015022785,4
14104148001,59,1.0609981e-06,8.345992e-05,4
31709974001,59,5.3797055e-07,6.6767934e-05,4
14303934001,59,1.2509961e-06,0.00018361182,4
14121064001,59,1.2680741e-06,0.00018361182,4
14203083001,59,1.3406584e-06,0.00016691984,4
11110060002,59,2.9673717e-07,0.0002003038,4
14630022001,59,1.0118974e-06,0.00011684388,4
14510223001,59,3.4583783e-07,8.345992e-05,4
11070024001,59,4.3976954e-07,0.00011684388,4
14615038001,59,8.1122573e-07,0.0001001519,4
14370006001,59,2.9246752e-07,6.6767934e-05,4
12123075001,59,3.9066887e-07,5.007595e-05,4
14112038001,59,1.782563e-06,0.00021699579,4
14511023001,59,5.016788e-07,6.6767934e-05,4
11050040002,59,5.6785785e-07,0.0001001519,4
14510159001,59,8.218998e-07,8.345992e-05,4
12120006001,59,2.753891e-07,0.0002003038,4
11101036001,59,3.8426427e-07,5.007595e-05,4
11022007001,59,6.105542e-07,5.007595e-05,4
14132116001,59,1.6736867e-06,0.00021699579,4
11071008001,58,1.4089663e-07,5.007595e-05,4
11032021001,58,3.351638e-07,0.0001001519,4
14620110001,58,9.649322e-07,0.00015022785,4
14002003001,58,1.6971702e-06,0.0002003038,4
14225018001,58,2.54041e-07,5.007595e-05,4
14200033001,58,7.962821e-07,8.345992e-05,4
12011400001,58,3.351638e-07,5.007595e-05,4
12101004001,58,4.0134287e-07,6.6767934e-05,4
14022027001,58,8.06956e-07,0.00013353587,4
11101038001,58,1.7078379e-07,3.3383967e-05,4
31501903001,58,5.208919e-07,0.00011684388,4
41522003001,58,6.831352e-08,1.6691984e-05,4
14204142001,58,1.1485256e-06,0.00011684388,4
14850195001,58,3.07411e-07,0.00016691984,4
12123014001,58,2.0494055e-07,5.007595e-05,4
31500025002,58,6.1482365e-07,0.0001001519,4
12201897001,58,3.3516383e-07,0.00011684388,4
14303048001,58,1.7761588e-06,0.00018361182,4
14022012001,57,1.4217806e-06,0.00016691984,4
12103041001,57,4.6965546e-08,1.6691984e-05,4
14311231001,57,6.4257614e-07,6.6767934e-05,4
31423019001,57,2.9033274e-07,3.3383967e-05,4
14603005001,57,9.798756e-07,0.00013353587,4
14010289001,57,1.4175112e-06,0.0002003038,4
11040001001,57,2.98872e-07,6.6767934e-05,4
14832003001,57,4.1201662e-07,8.345992e-05,4
14220002001,57,1.727058e-06,0.00015022785,4
14631026001,57,1.0332462e-06,6.6767934e-05,4
14804014001,57,1.1954913e-06,0.0003004557,4
14833049001,57,3.4583775e-07,5.007595e-05,4
14510148001,56,1.0972902e-06,0.0001001519,4
11111013001,56,5.678579e-07,5.007595e-05,4
14600011001,56,1.3449278e-06,0.00013353587,4
14204078001,56,1.3662756e-06,0.00018361182,4
14500018001,56,2.1774933e-07,3.3383967e-05,4
12102106001,56,4.269604e-07,0.0001001519,4
14000055001,56,1.20403e-06,0.00013353587,4
14000100001,56,1.5093077e-06,0.00011684388,4
14506060001,56,1.4345901e-06,0.0001001519,4
31532100001,56,5.1662244e-07,5.007595e-05,4
14508013001,56,5.0808325e-07,6.6767934e-05,4
10033033001,56,1.9213176e-07,3.3383967e-05,4
14361128001,56,7.3010284e-07,0.0001001519,4
14102182001,56,1.7185187e-06,0.00013353587,4
14521178001,56,1.3918938e-06,0.00026707174,4
14522065001,56,6.788675e-07,0.00015022785,4
11103046001,56,3.5651195e-07,0.00015022785,4
14370072001,56,6.3617193e-07,6.6767934e-05,4
14203032001,55,1.7825635e-06,0.0002003038,4
14201013001,55,1.2253782e-06,0.00013353587,4
14244049001,55,1.1271766e-06,0.00015022785,4
11050046001,55,2.6684984e-07,0.00011684388,4
14244929001,55,5.550487e-07,6.6767934e-05,4
14105008001,55,1.1869517e-06,0.0001001519,4
11103369001,55,4.4190418e-07,6.6767934e-05,4
12001049001,55,9.4358404e-07,8.345992e-05,4
30001907001,55,6.724634e-07,0.00033383968,4
14223032001,55,1.5754862e-06,0.0002003038,4
14242004001,55,1.0161675e-06,6.6767934e-05,4
14013014001,55,3.2662444e-07,8.345992e-05,4
12011254001,55,4.803309e-07,8.345992e-05,4
14001058001,55,1.0844809e-06,0.00016691984,4
14111015001,55,1.5093076e-06,0.0002003038,4
14242151001,55,1.6267217e-06,0.00016691984,4
14243166001,55,5.8066684e-07,8.345992e-05,4
14800004001,54,9.4998785e-07,0.00011684388,4
14210108001,54,3.6718592e-07,5.007595e-05,4
12151001001,54,1.3662704e-07,3.3383967e-05,4
12121036001,54,2.4977138e-07,6.6767934e-05,4
12123016002,54,9.179629e-08,5.007595e-05,4
14833078001,54,4.1201676e-07,5.007595e-05,4
14802005001,54,3.2875909e-07,6.6767934e-05,4
14303933001,54,1.3470633e-06,0.00011684388,4
10014041001,54,1.4089663e-07,3.3383967e-05,4
14302006001,54,1.3449224e-07,5.007595e-05,4
12123013001,54,2.0280575e-07,3.3383967e-05,4
14822026001,54,4.0561216e-07,6.6767934e-05,4
14301013001,54,8.2616924e-07,0.00011684388,4
14351034001,54,2.7111946e-07,6.6767934e-05,4
12011067001,54,3.6505105e-07,6.6767934e-05,4
14110019001,54,1.7142494e-06,0.00016691984,4
14001001001,54,4.760611e-07,8.345992e-05,4
11103080001,54,2.519062e-07,8.345992e-05,4
14244919001,54,6.9808135e-07,8.345992e-05,4
14226016001,54,4.696565e-07,0.0001001519,4
14603012001,54,5.08083e-07,6.6767934e-05,4
10020040001,54,1.8786217e-07,3.3383967e-05,4
12212062001,54,1.5370541e-07,5.007595e-05,4
31567019001,53,4.354996e-07,0.00011684388,4
14224003001,53,1.8764938e-06,0.00016691984,4
12102997001,53,4.0561154e-08,1.6691984e-05,4
14820023001,53,6.148236e-07,8.345992e-05,4
14011023001,53,1.6160482e-06,0.0001001519,4
14351056001,53,3.287593e-07,8.345992e-05,4
14213004001,53,1.5199815e-06,0.00016691984,4
14104011001,53,1.0844809e-06,8.345992e-05,4
12123079001,53,3.2022015e-07,0.00013353587,4
12121056001,53,3.1808534e-07,0.00013353587,4
12103008001,52,7.2156405e-07,8.345992e-05,4
14242007001,52,1.7505339e-07,5.007595e-05,4
12123028001,52,1.4089663e-07,3.3383967e-05,4
31501903003,52,3.479723e-07,0.00011684388,4
14242056001,52,1.3854886e-06,0.0002003038,4
14833058001,52,4.0347743e-07,0.0001001519,4
14521166001,52,1.1762777e-06,0.00016691984,4
31500025001,52,6.6819393e-07,8.345992e-05,4
14241031001,52,1.2061654e-06,0.00013353587,4
12103026001,52,2.583106e-07,5.007595e-05,4
14244050001,52,8.880792e-07,0.0001001519,4
14243061001,52,7.706646e-07,0.0001001519,4
12102090001,52,2.583106e-07,0.0001001519,4
14853048001,52,2.988717e-08,1.6691984e-05,2
14312113001,52,3.0100685e-07,0.00011684388,4
14506109001,52,1.3641411e-06,0.00013353587,4
14204133001,52,5.9987997e-07,0.0001001519,4
14600898001,52,1.1485257e-06,0.0001001519,4
31567052001,52,7.7066477e-07,0.00013353587,4
14315003001,52,6.361718e-07,0.00016691984,4
14520066001,52,5.9560995e-07,0.00013353587,4
14613024001,52,6.8527225e-07,8.345992e-05,4
14508016001,52,4.7606108e-07,6.6767934e-05,4
14510169001,51,1.7291859e-07,6.6767934e-05,4
31236027001,51,3.4797264e-07,5.007595e-05,4
14361160001,51,8.5819147e-07,0.00018361182,4
12123131001,51,1.2168346e-07,5.007595e-05,4
14361065001,51,9.670669e-07,6.6767934e-05,4
12130004001,51,1.7078379e-07,8.345992e-05,4
14243006001,51,4.0774722e-07,5.007595e-05,4
12011085001,51,5.0808325e-07,8.345992e-05,4
12212030001,51,3.2021966e-08,1.6691984e-05,2
11040026001,51,2.4336694e-07,5.007595e-05,4
14210079001,51,5.742623e-07,8.345992e-05,4
14620163001,51,2.54041e-07,3.3383967e-05,4
14502008001,51,4.5257818e-07,5.007595e-05,4
14241030001,51,1.2317831e-06,0.00015022785,4
11050098001,51,2.1561453e-07,8.345992e-05,4
14632030001,51,2.9460236e-07,5.007595e-05,4
14521181001,51,1.2125699e-06,0.00028376371,4
14350009001,51,5.0594844e-07,6.6767934e-05,4
14203062001,51,1.3342534e-06,0.00021699579,4
12102152001,51,2.796587e-07,3.3383967e-05,4
14101021001,51,6.767329e-07,0.00015022785,4
14013001001,51,1.4473982e-06,0.00015022785,4
14310025001,51,1.4943582e-07,3.3383967e-05,4
14131024001,51,1.259535e-06,0.00011684388,4
14121075001,50,1.8081801e-06,0.00011684388,4
14352080001,50,4.888699e-07,0.00015022785,4
14506021001,50,2.4123213e-07,5.007595e-05,4
14832037001,50,4.99544e-07,6.6767934e-05,4
14243041001,50,5.4223983e-07,0.0001001519,4
14131026001,50,1.2851526e-06,0.00021699579,4
14241020001,50,1.2232441e-06,0.00015022785,4
11103035001,50,4.1415169e-07,5.007595e-05,4
12100028001,50,3.7785992e-07,8.345992e-05,4
14133027001,50,8.6673083e-07,0.00018361182,4
14121061001,50,1.5882956e-06,0.00013353587,4
14330018001,50,1.0673987e-07,3.3383967e-05,2
14000051001,50,9.734712e-07,8.345992e-05,4
14230035001,50,1.3598712e-06,0.00018361182,4
14100002001,50,7.514511e-07,8.345992e-05,4
11050033001,50,5.1021806e-07,0.00011684388,4
11070011001,50,3.2022012e-07,8.345992e-05,4
12120088001,50,2.0280575e-07,3.3383967e-05,2
12100023001,50,3.5651186e-07,3.3383967e-05,2
12020344001,50,4.098821e-07,0.0001001519,4
31533037002,50,3.7785983e-07,8.345992e-05,4
14603010001,50,6.383064e-07,6.6767934e-05,4
14110163001,49,1.2595356e-06,0.00016691984,4
14133007001,49,7.3010307e-07,0.00015022785,4
14601047001,49,8.005521e-07,0.00011684388,4
14610008001,49,1.3555987e-06,0.0003004557,4
12120007001,49,2.9887204e-07,0.0002003038,4
14600007001,49,5.401052e-07,5.007595e-05,2
31455003001,49,2.967372e-07,3.3383967e-05,2
14202009001,49,1.2574008e-06,0.00018361182,4
14506103001,49,1.0609988e-06,8.345992e-05,4
66511009001,49,1.08874666e-07,3.3383967e-05,2
14613016001,49,6.4044116e-07,8.345992e-05,4
14000119001,49,1.5498695e-06,0.0001001519,4
12130113001,49,1.067399e-08,3.3383967e-05,2
14506159001,49,1.1100991e-06,0.00013353587,4
14510196001,49,1.0054931e-06,0.00011684388,4
14821006001,48,3.9493816e-07,5.007595e-05,2
12123025001,48,4.269595e-08,3.3383967e-05,2
14340006001,48,8.1122596e-07,8.345992e-05,4
14805063001,48,1.17413855e-07,5.007595e-05,2
12106011001,48,1.2595305e-07,3.3383967e-05,2
12201006001,48,6.4043935e-09,1.6691984e-05,2
14226012001,48,3.5651186e-07,3.3383967e-05,2
11050019002,48,4.6111757e-07,6.6767934e-05,2
10016021001,48,5.977433e-08,1.6691984e-05,2
60011899001,48,2.7752384e-07,0.00011684388,4
12123144001,48,2.2628852e-07,5.007595e-05,2
31501025001,48,3.1808523e-07,5.007595e-05,2
12123020001,48,9.820068e-08,3.3383967e-05,2
10022014001,48,2.8392827e-07,5.007595e-05,2
12212011001,48,3.7359032e-07,8.345992e-05,4
11110089001,48,4.3763464e-07,0.0001001519,4
14240017001,48,1.0225721e-06,0.00011684388,4
14820016001,48,4.29095e-07,8.345992e-05,4
14224002001,48,9.585276e-07,8.345992e-05,4
11071009001,48,1.8359258e-07,8.345992e-05,4
12100003001,48,3.3729856e-07,3.3383967e-05,2
14001103001,48,7.087551e-07,8.345992e-05,4
12151020001,48,8.32571e-08,1.6691984e-05,2
11070003001,48,3.1808534e-07,8.345992e-05,4
11103289001,47,3.6078157e-07,0.00011684388,4
14509016001,47,7.5145095e-07,0.00011684388,4
14361148001,47,3.757251e-07,3.3383967e-05,2
14600025001,47,1.1058294e-06,0.0001001519,4
14100027001,47,1.3086362e-06,0.0001001519,4
12123050001,47,2.3482771e-07,3.3383967e-05,2
11110093001,47,3.522423e-07,5.007595e-05,2
14620119001,47,8.218998e-07,8.345992e-05,2
14332008001,47,1.68649e-07,3.3383967e-05,2
11070029001,47,3.4583783e-07,5.007595e-05,2
11103106001,47,2.4550175e-07,8.345992e-05,2
14000117001,47,1.3641405e-06,0.00011684388,4
14203048001,47,1.09729e-06,0.0001001519,4
14506135001,47,3.0741123e-07,5.007595e-05,2
14111006001,47,1.4964986e-06,0.00015022785,4
14203056001,47,9.1796613e-07,6.6767934e-05,2
14121129001,47,1.2147041e-06,0.00015022785,4
14243026001,46,6.3190186e-07,0.0001001519,2
14132153001,46,6.468456e-07,6.6767934e-05,2
14003001001,46,1.2723441e-06,0.0001001519,4
12105034001,46,3.650511e-07,8.345992e-05,2
14022041001,46,1.4708813e-06,0.0002003038,4
14220132001,46,3.479727e-07,5.007595e-05,2
12102013001,46,2.1561453e-07,3.3383967e-05,2
12005093001,46,2.3482771e-07,6.6767934e-05,2
14200018001,46,9.0942734e-07,0.00013353587,4
12011159001,46,3.266245e-07,5.007595e-05,2
14203003001,46,7.4504686e-07,6.6767934e-05,2
14021036001,46,1.2723443e-06,0.00011684388,4
14361041001,46,5.465094e-07,0.00015022785,4
12123066001,46,3.6078143e-07,0.00011684388,4
14011015001,46,1.1997608e-06,0.0001001519,4
12130052001,46,3.4156763e-08,3.3383967e-05,2
31501012001,46,2.4550175e-07,6.6767934e-05,2
14351052001,46,3.479725e-07,8.345992e-05,2
14010293001,46,1.4153756e-06,0.00018361182,4
14104030001,46,5.785317e-07,8.345992e-05,2
14353025001,46,2.4123213e-07,3.3383967e-05,2
14104060001,46,1.4666111e-06,0.00013353587,4
11051013001,46,6.959467e-07,6.6767934e-05,2
14741039001,46,7.3650756e-07,0.0001001519,2
31532098001,46,3.4797253e-07,6.6767934e-05,2
14240001001,46,5.294312e-07,0.00015022785,4
14104097001,46,1.3363883e-06,0.0001001519,4
14111034001,46,1.0204373e-06,0.0001001519,4
14105026001,46,1.605374e-06,0.00016691984,4
65031011001,46,2.4977138e-07,5.007595e-05,2
10014212001,46,8.11223e-08,3.3383967e-05,2
31532099001,46,3.4370288e-07,6.6767934e-05,2
14020960001,46,9.286403e-07,0.0001001519,4
14202041001,46,1.5157121e-06,0.00015022785,4
14621038001,46,4.013428e-07,5.007595e-05,2
14833086001,46,4.5471302e-07,0.00011684388,4
14200012001,45,7.429122e-07,8.345992e-05,2
12102086001,45,6.3403706e-07,8.345992e-05,2
10002051001,45,1.1100946e-07,3.3383967e-05,2
14621034001,45,3.2662456e-07,3.3383967e-05,2
14200049001,45,7.30103e-07,0.0001001519,2
14202013001,45,9.649317e-07,0.00013353587,4
12120034001,45,2.0707535e-07,5.007595e-05,2
14801020001,45,3.0954592e-07,6.6767934e-05,2
14011035001,45,7.0448316e-08,1.6691984e-05,2
12123147001,45,1.08874666e-07,3.3383967e-05,2
11071916001,45,3.757252e-07,5.007595e-05,2
14001086001,45,1.347062e-06,8.345992e-05,2
14741017001,45,5.657231e-07,5.007595e-05,2
14600021001,45,9.884152e-07,8.345992e-05,2
14361044001,45,7.194286e-07,0.00016691984,4
11040046001,45,3.3943343e-07,5.007595e-05,2
14521179001,45,1.054594e-06,0.00028376371,4
14302005001,45,8.2189985e-07,8.345992e-05,2
14361027001,45,7.514511e-07,0.00011684388,4
14104162001,45,1.4879596e-06,0.00013353587,4
14311003001,45,4.5684786e-07,6.6767934e-05,2
12201112001,45,1.08874666e-07,3.3383967e-05,2
14104102001,45,9.4785327e-07,0.00016691984,4
31567032001,45,3.202199e-07,0.00011684388,2
30045077002,45,1.8999697e-07,8.345992e-05,2
12130047001,44,6.4043935e-09,1.6691984e-05,2
12123143001,44,2.7752392e-07,8.345992e-05,2
14111050001,44,7.62125e-07,0.0001001519,2
12121065001,44,1.0673987e-07,5.007595e-05,2
14603019001,44,5.1448757e-07,6.6767934e-05,2
14832043001,44,2.604454e-07,5.007595e-05,2
31502034002,44,3.928034e-07,6.6767934e-05,2
12011255001,44,4.7392635e-07,6.6767934e-05,2
12122034001,44,3.479727e-07,0.0001001519,2
14202018001,44,6.041494e-07,0.00011684388,2
14506190001,44,5.7639716e-07,8.345992e-05,2
12102057001,44,3.3302896e-07,0.0001001519,2
10014132001,44,1.8786217e-07,3.3383967e-05,2
14121093001,44,1.3918931e-06,0.00013353587,4
14242156001,44,6.4684565e-07,6.6767934e-05,2
14100020001,44,6.8740707e-07,0.0001001519,2
14620001001,44,2.1774933e-07,3.3383967e-05,2
14227005001,44,1.1015595e-06,0.0001001519,2
31501009001,44,1.68649e-07,8.345992e-05,2
14023012001,44,9.0942683e-07,0.00013353587,4
12005093004,44,2.8392836e-07,6.6767934e-05,2
11103270002,44,2.1561453e-07,8.345992e-05,2
14620133001,44,3.0314158e-07,5.007595e-05,2
14833036001,44,3.9066848e-07,0.00015022785,4
14242149001,44,1.2083e-06,0.0001001519,2
11110077003,44,2.2628852e-07,3.3383967e-05,2
14312045001,43,1.0033548e-07,1.6691984e-05,2
14312055001,43,7.258311e-08,3.3383967e-05,2
14244934001,43,7.813383e-07,0.0001001519,2
14023257001,43,1.1293122e-06,0.0001001519,2
12020232001,43,5.614535e-07,0.0001001519,2
11112040001,43,2.5617578e-07,6.6767934e-05,2
12020473001,43,6.8527254e-07,0.0001001519,2
14633934001,43,5.998797e-07,0.0002003038,4
14510058001,43,3.7999473e-07,5.007595e-05,2
14506164001,43,1.0097629e-06,8.345992e-05,2
14111005001,43,1.084481e-06,0.00013353587,2
14850125001,43,5.977433e-08,6.6767934e-05,2
14512007001,43,7.194293e-07,6.6767934e-05,2
14361907001,43,6.532499e-07,0.00013353587,2
11103270001,43,2.3055811e-07,5.007595e-05,2
14011043001,43,9.3717875e-07,0.00013353587,2
11103023001,43,2.4763656e-07,8.345992e-05,2
11103046002,43,2.8819798e-07,8.345992e-05,2
11031912001,43,1.3876183e-07,3.3383967e-05,2
14220071001,43,1.3662748e-06,0.00013353587,2
14001050001,43,6.5325037e-07,0.00015022785,2
14242039001,43,5.3370087e-07,5.007595e-05,2
14022033001,43,1.0332458e-06,0.00023368777,4
14700078001,43,8.5178704e-07,0.00011684388,2
14506286001,43,1.4367251e-06,0.00011684388,2
14241037001,43,7.044856e-07,8.345992e-05,2
12000405001,43,1.921318e-08,1.6691984e-05,2
14204025001,42,9.1796596e-07,0.00011684388,2
12011334001,42,6.5325e-07,0.00018361182,4
31533232001,42,3.6505082e-07,6.6767934e-05,2
14805003001,42,6.617872e-08,3.3383967e-05,2
14222005001,42,6.6392437e-07,8.345992e-05,2
11050006001,42,3.629156e-08,1.6691984e-05,2
11050065002,42,4.7179157e-07,0.00011684388,2
10024900001,42,1.02470274e-07,1.6691984e-05,2
14102087001,42,1.3961624e-06,0.00011684388,2
12104011001,42,8.5391896e-08,1.6691984e-05,2
12011364001,42,9.606588e-08,3.3383967e-05,2
10034057001,42,3.052764e-07,6.6767934e-05,2
14370007001,42,5.187571e-07,5.007595e-05,2
11103116001,42,4.419044e-07,0.00023368777,4
11020002001,42,2.668498e-07,3.3383967e-05,2
10035051001,42,1.067399e-08,3.3383967e-05,2
11042008001,42,3.821296e-07,5.007595e-05,2
14850099001,42,7.471791e-08,3.3383967e-05,2
14506096001,42,8.5392213e-07,6.6767934e-05,2
12122014001,42,1.2595305e-07,5.007595e-05,2
12122009001,42,1.17413855e-07,3.3383967e-05,2
12010060001,42,7.685271e-08,1.6691984e-05,2
31501901003,42,3.2448946e-07,0.0001001519,2
12130001001,42,4.6965546e-08,1.6691984e-05,2
14510190001,42,4.9527443e-07,6.6767934e-05,2
14000220001,42,9.627967e-07,8.345992e-05,2
14111055001,42,1.3534673e-06,0.00016691984,4
12130012001,42,3.6291556e-08,3.3383967e-05,2
14121105001,42,1.3620061e-06,0.00015022785,2
14616019001,42,5.208922e-07,0.0001001519,2
14600017001,42,5.8066666e-07,8.345992e-05,2
10014053001,42,2.1347978e-08,1.6691984e-05,2
14852009001,42,1.0460507e-07,5.007595e-05,2
14121101001,42,1.475151e-06,0.00011684388,2
12102055001,42,2.817935e-07,8.345992e-05,2
15022019001,42,1.5157062e-07,3.3383967e-05,2
14511005001,42,2.6044543e-07,5.007595e-05,2
30045057002,42,5.3369938e-08,1.6691984e-05,2
10053904001,42,2.1774933e-07,3.3383967e-05,2
10014059001,42,1.0033548e-07,1.6691984e-05,2
12201086001,42,1.0033548e-07,5.007595e-05,2
11072012002,41,3.3943334e-07,6.6767934e-05,2
30000056001,41,5.016786e-07,0.00033383968,4
14203004001,41,1.5071734e-06,0.00026707174,4
11100011001,41,4.4617383e-07,8.345992e-05,2
60011899002,41,1.7291859e-07,0.00011684388,2
14300032001,41,1.8786217e-07,3.3383967e-05,2
14020977001,41,9.4998825e-07,0.0002003038,4
11074048001,41,2.7965874e-07,5.007595e-05,2
14312070001,41,1.4943582e-07,3.3383967e-05,2
11071902001,41,3.458378e-07,6.6767934e-05,2
14242134001,41,1.0353804e-06,0.00013353587,2
14220078001,41,1.2104349e-06,0.0001001519,2
11103018001,41,2.4336694e-07,3.3383967e-05,2
14000066001,41,1.5434642e-06,0.00013353587,2
31500022004,41,4.2269093e-07,5.007595e-05,2
31501903002,41,3.0954584e-07,0.00011684388,2
14102067001,41,9.585277e-07,6.6767934e-05,2
10022015001,41,2.8179355e-07,6.6767934e-05,2
15020913001,41,1.4516623e-07,3.3383967e-05,2
11103054001,41,2.6471506e-07,3.3383967e-05,2
14620084001,40,1.2040272e-06,0.00026707174,4
14241024001,40,6.084191e-07,6.6767934e-05,2
14200046001,40,6.254977e-07,8.345992e-05,2
14223023001,40,1.1591991e-06,0.00011684388,2
14740006001,40,2.54041e-07,8.345992e-05,2
12123062001,40,2.4977138e-07,5.007595e-05,2
14222053001,40,1.3790848e-06,0.00011684388,2
12123898001,40,2.3055811e-07,8.345992e-05,2
11111022001,40,3.2875937e-07,6.6767934e-05,2
14611013001,40,5.9988e-07,0.0001001519,2
14505065001,40,1.2168346e-07,3.3383967e-05,2
10022910001,40,4.483075e-08,1.6691984e-05,2
11050031001,40,3.4583783e-07,5.007595e-05,2
12120049001,40,1.2808785e-07,3.3383967e-05,2
14612021001,40,1.9853616e-07,5.007595e-05,2
14511026001,40,3.8639908e-07,6.6767934e-05,2
14510147001,40,4.867352e-07,5.007595e-05,2
11100005001,40,2.1134494e-07,5.007595e-05,2
12301001001,40,2.753891e-07,8.345992e-05,2
14612012001,40,1.4730102e-07,6.6767934e-05,2
14353037001,40,9.606588e-08,1.6691984e-05,2
14001027001,40,7.365075e-07,0.0001001519,2
11040001002,40,3.1595053e-07,6.6767934e-05,2
31500024001,40,1.7932298e-07,6.6767934e-05,2
11103005001,40,1.7505339e-07,5.007595e-05,2
10023041001,40,2.4550175e-07,3.3383967e-05,2
14200091001,40,8.7527025e-07,0.00013353587,2
14120044001,40,1.0503243e-06,0.0001001519,2
14506004001,39,6.7673307e-07,6.6767934e-05,2
31503001001,39,2.5190616e-07,6.6767934e-05,2
14112053001,39,1.505038e-06,0.0002003038,2
12011003001,39,1.3876183e-07,3.3383967e-05,2
14810022001,39,2.6684987e-07,3.3383967e-05,2
31827023001,39,5.3369938e-08,1.6691984e-05,2
14510185001,39,8.8807894e-07,0.0001001519,2
12010013001,39,2.2842332e-07,3.3383967e-05,2
12101020001,39,5.7639532e-08,1.6691984e-05,2
14020961001,39,9.2437074e-07,8.345992e-05,2
12120064001,39,4.483075e-08,3.3383967e-05,2
14203080001,39,8.64596e-07,0.00011684388,2
12001080001,39,3.7572522e-07,3.3383967e-05,2
11103069001,39,2.4336694e-07,0.00015022785,2
12123024001,39,1.7932298e-07,3.3383967e-05,2
11103027001,39,2.561758e-07,5.007595e-05,2
14002022001,39,3.9066865e-07,6.6767934e-05,2
14213092001,39,2.6258024e-07,3.3383967e-05,2
12130075001,39,1.7078379e-07,0.00011684388,2
31244002001,39,1.7505339e-07,3.3383967e-05,2
11050059001,39,3.7145563e-07,3.3383967e-05,2
12103170001,39,9.820068e-08,3.3383967e-05,2
14110010001,39,1.0631331e-06,0.00013353587,2
14302079001,39,4.3549977e-07,8.345992e-05,2
14204053001,39,6.126887e-07,0.00011684388,2
14022020001,39,8.7740494e-07,0.0001001519,2
14602023001,39,7.962824e-07,0.0001001519,2
14730001001,39,3.5224224e-07,8.345992e-05,2
14111018001,39,3.1595042e-07,5.007595e-05,2
14615079001,39,2.98872e-07,6.6767934e-05,2
14002021001,39,1.2296481e-06,8.345992e-05,2
31544043001,39,1.1100946e-07,3.3383967e-05,2
14830063001,39,4.717914e-07,0.0001001519,2
14244045001,39,1.2574001e-06,0.00015022785,2
14010102001,39,8.688651e-07,0.0001001519,2
14506150001,39,8.6673117e-07,0.0001001519,2
14021109001,39,1.0930203e-06,0.00025037976,4
14361015001,39,2.369625e-07,3.3383967e-05,2
14001037001,39,8.432476e-07,0.0001001519,2
14302024001,38,6.9808107e-07,0.00011684388,2
11042011001,38,2.3909732e-07,3.3383967e-05,2
14204105001,38,3.9493833e-07,6.6767934e-05,2
14370029001,38,7.706644e-07,0.00013353587,2
14241033001,38,8.880787e-07,0.0001001519,2
14822025001,38,4.4190412e-07,5.007595e-05,2
14511001001,38,2.817935e-07,5.007595e-05,2
14010200001,38,1.3705437e-06,0.00015022785,2
31502034001,38,3.6505088e-07,6.6767934e-05,2
14523031001,38,5.6145325e-07,0.0001001519,2
11111010001,38,3.4370302e-07,8.345992e-05,2
12011065001,38,2.3055811e-07,5.007595e-05,2
14850124001,38,7.258312e-08,6.6767934e-05,2
14300025001,38,1.022572e-06,0.0001001519,2
11062025001,38,3.5437714e-07,3.3383967e-05,2
12100046001,38,2.4763656e-07,5.007595e-05,2
14332016001,38,2.4763656e-07,3.3383967e-05,2
14620903001,38,4.803305e-07,8.345992e-05,2
14243036001,38,4.547131e-07,5.007595e-05,2
14242042001,37,6.2122814e-07,6.6767934e-05,2
14303015001,37,8.026868e-07,6.6767934e-05,2
12125007001,37,1.4089663e-07,1.6691984e-05,2
14510030001,37,2.1988413e-07,3.3383967e-05,2
14500058001,37,7.642602e-07,8.345992e-05,2
14242036001,37,8.816749e-07,0.0001001519,2
14222999001,37,8.7313515e-07,0.00013353587,2
11103270003,37,2.3055811e-07,6.6767934e-05,2
11050895001,37,2.98872e-07,3.3383967e-05,2
12010198001,37,3.3943337e-07,5.007595e-05,2
14361120001,37,4.5044322e-07,6.6767934e-05,2
14620051001,37,6.4471095e-07,5.007595e-05,2
14510090001,37,4.1628655e-07,5.007595e-05,2
11050081001,37,2.3909732e-07,3.3383967e-05,2
14243150001,37,5.7853185e-07,8.345992e-05,2
12327057001,37,1.921318e-08,1.6691984e-05,2
12106006001,37,2.1347974e-07,3.3383967e-05,2
14509010001,37,1.5733482e-06,0.0003839156,4
14313024001,37,5.5504735e-08,5.007595e-05,2
14210132001,37,3.671859e-07,6.6767934e-05,2
12011354001,37,3.5864667e-07,0.00015022785,2
14110011001,37,8.3684347e-07,0.00011684388,2
14022107001,37,1.1954902e-06,0.00016691984,2
14312005001,37,1.0460507e-07,1.6691984e-05,2
14120002001,37,1.5007683e-06,0.00013353587,2
14511080001,37,3.7145537e-07,6.6767934e-05,2
14010161001,37,8.688655e-07,0.0001001519,2
14021068001,37,2.3055811e-07,6.6767934e-05,2
14210024001,37,8.6032657e-07,8.345992e-05,2
14311081001,37,4.7606113e-07,5.007595e-05,2
11074005001,37,1.1314427e-07,8.345992e-05,2
14222087001,37,1.041785e-06,8.345992e-05,2
11073902002,37,2.3055811e-07,6.6767934e-05,2
14510118001,37,6.874071e-07,0.00013353587,2
32504043004,37,6.1909134e-08,6.6767934e-05,2
14021015001,37,7.2583333e-07,8.345992e-05,2
14001084001,37,1.2574002e-06,0.00011684388,2
12023025001,37,1.2381825e-07,0.0001001519,2
11061070001,37,4.2909537e-07,5.007595e-05,2
11110090001,37,2.7325424e-07,8.345992e-05,2
12130112001,37,2.988717e-08,3.3383967e-05,2
14132156001,37,8.048214e-07,0.0001001519,2
12122023002,36,1.3876183e-07,3.3383967e-05,2
14832909001,36,2.1988413e-07,5.007595e-05,2
10040024001,36,3.2021966e-08,1.6691984e-05,2
14820001001,36,6.190931e-07,8.345992e-05,2
14510068001,36,5.2943125e-07,6.6767934e-05,2
12102005001,36,1.5797501e-07,3.3383967e-05,2
12103024001,36,1.7505339e-07,3.3383967e-05,2
11061023001,36,4.9313945e-07,8.345992e-05,2
12103048001,36,1.9213176e-07,5.007595e-05,2
12103081001,36,0.0,0.0,2
12103112001,36,9.179629e-08,3.3383967e-05,2
10035052001,36,4.0561154e-08,3.3383967e-05,2
14132075001,36,1.0823463e-06,0.00015022785,2
14200092001,36,4.824655e-07,5.007595e-05,2
14200130001,36,5.2729644e-07,0.0001001519,2
12120062001,36,1.3022265e-07,1.6691984e-05,2
11070015001,36,1.0887467e-07,3.3383967e-05,2
14506339001,36,3.223549e-07,6.6767934e-05,2
12121103001,36,8.11223e-08,5.007595e-05,2
14852020001,36,1.2808785e-07,5.007595e-05,2
12010254001,36,6.617872e-08,1.6691984e-05,2
10035046001,36,1.2595305e-07,3.3383967e-05,2
12130085001,36,4.9100347e-08,6.6767934e-05,2
14742048001,36,2.988717e-08,3.3383967e-05,2
33551908001,36,2.9033274e-07,5.007595e-05,2
10012008001,36,1.0033548e-07,5.007595e-05,2
32500008001,36,5.123514e-08,1.6691984e-05,2
12012145001,36,2.9887172e-08,3.3383967e-05,2
14505047001,36,3.5224187e-07,6.6767934e-05,2
10014097001,36,2.2201893e-07,3.3383967e-05,2
14804015001,36,3.6291564e-08,5.007595e-05,2
14226063001,36,3.0100682e-07,6.6767934e-05,2
14104200001,36,1.0866158e-06,8.345992e-05,2
10020032001,36,6.831352e-08,3.3383967e-05,2
14362019001,36,3.5651172e-07,6.6767934e-05,2
14226059001,36,2.9887204e-07,5.007595e-05,2
31422007001,36,1.1100946e-07,3.3383967e-05,2
11050039001,36,1.9853616e-07,3.3383967e-05,2
12011144001,36,3.1168085e-07,6.6767934e-05,2
12232999001,36,6.4043935e-09,1.6691984e-05,2
14220108001,36,1.0588633e-06,0.0001001519,2
14002027001,36,1.2360523e-06,0.0001001519,2
11050005001,36,1.9853616e-07,5.007595e-05,2
14501941001,36,2.9673723e-07,5.007595e-05,2
11021029001,36,2.7111946e-07,5.007595e-05,2
31530107001,36,3.4370296e-07,3.3383967e-05,2
10023003001,36,6.831352e-08,1.6691984e-05,2
11041027001,36,4.184214e-07,0.0001001519,2
10010007001,36,1.0673987e-07,1.6691984e-05,2
14512899001,36,6.297672e-07,5.007595e-05,2
31504009001,36,4.6965546e-08,3.3383967e-05,2
12123092001,36,1.7932298e-07,5.007595e-05,2
10002899001,36,4.9100343e-08,1.6691984e-05,2
14330999001,36,3.223549e-07,0.0001001519,2
14013022001,36,6.4257614e-07,8.345992e-05,2
14203089001,35,1.0247063e-06,8.345992e-05,2
14104109001,35,5.806668e-07,6.6767934e-05,2
14361093001,35,3.650509e-07,0.00011684388,2
11111015001,35,4.120169e-07,6.6767934e-05,2
14210056001,35,3.8212934e-07,8.345992e-05,2
14506042001,35,4.2482534e-07,6.6767934e-05,2
14110002001,35,8.325735e-07,0.0001001519,2
12212025001,35,2.5831062e-07,8.345992e-05,2
41301008001,35,1.067399e-08,1.6691984e-05,2
31422023001,35,3.9707308e-07,0.00013353587,2
14330039001,35,2.5190616e-07,5.007595e-05,2
12010120001,35,3.010068e-07,0.0001001519,2
14022001001,35,8.752698e-07,0.00015022785,2
12020485001,35,4.1415174e-07,0.0001001519,2
14110051001,35,1.3193094e-06,0.00015022785,2
14243069001,35,1.4943586e-08,1.6691984e-05,2
12102080001,35,4.8460043e-07,8.345992e-05,2
12102075001,35,5.3369938e-08,1.6691984e-05,2
31425008001,35,3.5224207e-07,3.3383967e-05,2
12011299001,35,4.6752194e-07,6.6767934e-05,2
14001085001,35,1.2232434e-06,0.00013353587,2
11103083001,35,1.68649e-07,0.00013353587,2
12011237001,35,3.2235494e-07,6.6767934e-05,2
11110095001,35,3.522423e-07,8.345992e-05,2
14361017001,35,6.297673e-07,8.345992e-05,2
14332014001,35,2.9460227e-07,5.007595e-05,2
14621095001,35,2.6258024e-07,8.345992e-05,2
14210034001,35,4.2909537e-07,3.3383967e-05,2
32517006001,35,2.134798e-09,1.6691984e-05,2
14020937001,35,8.005519e-07,8.345992e-05,2
14507029001,35,4.504432e-07,5.007595e-05,2
14510180001,35,2.7538908e-07,5.007595e-05,2
11073006001,35,2.6258024e-07,5.007595e-05,2
14506069001,35,4.9740885e-07,0.00011684388,2
14506315001,35,4.525779e-07,0.0001001519,2
30045057001,35,6.617872e-08,3.3383967e-05,2
31623026001,35,3.3729862e-07,5.007595e-05,2
11010043001,35,2.4977138e-07,3.3383967e-05,2
11050131001,35,2.0921014e-07,5.007595e-05,2
14021091001,35,1.3491975e-06,0.00018361182,2
14210048001,35,2.8392836e-07,5.007595e-05,2
14244071001,35,1.5584021e-07,3.3383967e-05,2
14360026001,35,8.261695e-07,8.345992e-05,2
14351069001,35,4.483075e-08,1.6691984e-05,2
14510010001,34,5.401055e-07,6.6767934e-05,2
31502015001,34,1.4516623e-07,5.007595e-05,2
14311113001,34,3.0954607e-07,3.3383967e-05,2
14023253001,34,4.739259e-07,6.6767934e-05,2
35301003001,34,6.4043935e-09,1.6691984e-05,2
12121038001,34,3.3516375e-07,8.345992e-05,2
14111030001,34,9.435836e-07,0.00013353587,2
12102053001,34,1.665142e-07,3.3383967e-05,2
14023212001,34,1.0994243e-06,0.00025037976,2
14616017001,34,6.980813e-07,8.345992e-05,2
12122902001,34,5.7639536e-08,3.3383967e-05,2
14103106001,34,1.2424568e-06,0.00013353587,2
14242154001,34,3.9280346e-07,0.00011684388,2
12121061001,34,1.665142e-07,6.6767934e-05,2
14506375001,34,1.3022317e-06,0.00015022785,2
31502022002,34,1.9213176e-07,5.007595e-05,2
14312015001,34,1.1314426e-07,3.3383967e-05,2
14311161001,34,9.606588e-08,3.3383967e-05,2
14102048001,34,1.0588636e-06,0.0001001519,2
14226035001,34,1.7718818e-07,3.3383967e-05,2
31564003001,34,2.1134494e-07,3.3383967e-05,2
12123107001,34,1.7505339e-07,6.6767934e-05,2
14361161001,34,6.2549753e-07,8.345992e-05,2
12123096001,34,1.08874666e-07,3.3383967e-05,2
14102007001,34,9.713359e-07,0.0001001519,2
14521180001,34,7.77069e-07,0.00023368777,2
14331022001,34,2.1561453e-07,3.3383967e-05,2
14203059001,34,7.7920384e-07,8.345992e-05,2
14020019001,34,8.603263e-07,0.0001001519,2
12123128001,34,1.3449224e-07,0.0001001519,2
14221113001,34,5.1021783e-07,6.6767934e-05,2
14010009001,34,6.639242e-07,6.6767934e-05,2
14204899001,34,3.2022012e-07,6.6767934e-05,2
14003053001,34,8.3684347e-07,0.0001001519,2
31422021001,34,6.020146e-07,0.00013353587,2
14002053001,34,1.0481896e-06,8.345992e-05,2
32410009001,34,9.820068e-08,5.007595e-05,2
14242003001,34,5.230268e-07,6.6767934e-05,2
14023294001,34,5.208917e-07,8.345992e-05,2
14510246001,34,7.343725e-07,0.0001001519,2
14331044001,34,2.2201893e-07,5.007595e-05,2
14001097001,34,9.1369674e-07,0.0001001519,2
12012196001,34,8.11223e-08,3.3383967e-05,2
10012002001,34,3.2021966e-08,1.6691984e-05,2
11111007001,34,2.7965874e-07,8.345992e-05,2
11051025001,34,2.7325424e-07,5.007595e-05,2
11103237001,34,2.0067095e-07,3.3383967e-05,2
12010262001,34,3.3089415e-07,8.345992e-05,2
11075003001,34,1.2595305e-07,3.3383967e-05,2
12011427001,34,7.6852714e-08,6.6767934e-05,2
11032036001,34,2.0280575e-07,0.0001001519,2
11050047001,34,1.7505339e-07,3.3383967e-05,2
11050029001,34,5.208923e-07,5.007595e-05,2
11073009001,34,1.4516623e-07,3.3383967e-05,2
11030010001,34,1.2595305e-07,1.6691984e-05,2
12011409001,34,1.8999697e-07,5.007595e-05,2
12011022001,34,2.2201893e-07,3.3383967e-05,2
14202027001,33,2.3482771e-07,3.3383967e-05,2
14633897001,33,3.88534e-07,5.007595e-05,2
14500030001,33,7.5785556e-07,8.345992e-05,2
14633896001,33,3.1381555e-07,3.3383967e-05,2
14521085001,33,2.4550175e-07,3.3383967e-05,2
14506044001,33,6.4684565e-07,0.0001001519,2
14243034001,33,3.415682e-07,5.007595e-05,2
14620113001,33,1.1314426e-07,1.6691984e-05,2
14509036001,33,7.3650745e-07,0.0001001519,2
14244906001,33,5.529142e-07,5.007595e-05,2
14202023001,33,1.0012234e-06,0.00013353587,2
14620158001,33,7.0235035e-07,6.6767934e-05,2
11071004001,33,2.54041e-07,6.6767934e-05,2
12123056001,33,1.0033548e-07,3.3383967e-05,2
14111041001,33,8.9234817e-07,0.00011684388,2
12106097001,33,2.8606308e-07,5.007595e-05,2
14832008001,33,2.2628852e-07,3.3383967e-05,2
14831005001,33,2.668498e-07,5.007595e-05,2
11103156001,33,2.2201893e-07,1.6691984e-05,2
31502003001,33,2.839283e-07,5.007595e-05,2
32511048001,33,8.966149e-08,3.3383967e-05,2
12123097001,33,2.0067095e-07,5.007595e-05,2
14203064001,33,9.3504445e-07,0.00013353587,2
14101082001,33,8.496523e-07,0.00013353587,2
12102008001,33,4.931396e-07,0.00011684388,2
12212008001,33,8.966149e-08,1.6691984e-05,2
14353013001,33,3.8639908e-07,0.00013353587,2
14611020001,33,8.3257396e-07,0.00011684388,2
14211055001,33,9.969541e-07,0.0001001519,2
14203016001,33,6.084191e-07,6.6767934e-05,2
14111063001,33,7.108902e-07,5.007595e-05,2
30010006001,33,1.4516623e-07,3.3383967e-05,2
14615002001,33,7.9628245e-07,6.6767934e-05,2
14210081001,33,8.347086e-07,0.0001001519,2
14361025001,33,6.8100263e-07,6.6767934e-05,2
12121028001,33,1.68649e-07,3.3383967e-05,2
14244056001,33,2.924676e-07,5.007595e-05,2
14833040001,33,4.290953e-07,6.6767934e-05,2
14313019001,33,1.3662704e-07,8.345992e-05,2
12105045001,33,3.522423e-07,8.345992e-05,2
14620070001,33,5.892058e-07,6.6767934e-05,2
12211001001,32,6.617872e-08,1.6691984e-05,2
11103346001,32,4.1201696e-07,0.00011684388,2
31567004001,32,1.5157062e-07,3.3383967e-05,2
12130031001,32,5.3369938e-08,3.3383967e-05,2
12221001001,32,4.269595e-08,1.6691984e-05,2
14311086001,32,4.269595e-08,3.3383967e-05,2
12121082001,32,1.4089663e-07,8.345992e-05,2
33550938001,32,2.775237e-08,5.007595e-05,2
14353073001,32,6.596528e-07,0.00016691984,2
12005093007,32,1.4516623e-07,6.6767934e-05,2
11032230001,32,2.6258024e-07,6.6767934e-05,2
14243133001,32,6.831374e-07,8.345992e-05,2
11022002001,32,1.601098e-07,3.3383967e-05,2
12212024001,32,1.7932298e-07,3.3383967e-05,2
10034006001,32,1.4943582e-07,3.3383967e-05,2
14220086001,32,6.532503e-07,6.6767934e-05,2
11104005002,32,4.141517e-07,5.007595e-05,2
14001119001,32,2.5831062e-07,3.3383967e-05,2
14241004001,32,7.4718184e-07,6.6767934e-05,2
14226067001,32,4.013428e-07,5.007595e-05,2
12010074001,32,3.1381566e-07,6.6767934e-05,2
14311065001,32,4.205561e-07,5.007595e-05,2
14311172001,32,2.6684984e-07,3.3383967e-05,2
31531042001,32,1.02470274e-07,1.6691984e-05,2
10032007001,32,2.1561453e-07,5.007595e-05,2
14102008001,32,8.3257385e-07,0.00013353587,2
12102016001,32,1.1100946e-07,3.3383967e-05,2
31502022001,32,2.1774933e-07,6.6767934e-05,2
14506018001,32,6.6605884e-07,8.345992e-05,2
14244009001,32,5.8707093e-07,6.6767934e-05,2
14351042001,32,5.10218e-07,6.6767934e-05,2
14310016001,32,2.0494055e-07,3.3383967e-05,2
11103088001,32,1.8359258e-07,5.007595e-05,2
12011146001,32,2.9887198e-07,6.6767934e-05,2
14243128001,32,1.8999697e-07,5.007595e-05,2
31422898001,32,1.0460507e-07,5.007595e-05,2
14506340001,32,3.7145549e-07,5.007595e-05,2
41300016002,32,2.134798e-09,1.6691984e-05,2
14850040001,32,5.336994e-08,6.6767934e-05,2
11040039001,32,3.9280368e-07,5.007595e-05,2
12120033001,32,8.11223e-08,3.3383967e-05,2
31422022001,32,6.319021e-07,0.00013353587,2
14616013001,32,1.3470584e-06,0.00036722363,4
31422018001,32,3.223548e-07,0.00011684388,2
14244011001,32,7.792038e-07,6.6767934e-05,2
32410035001,32,1.4089663e-07,5.007595e-05,2
12120011001,32,1.067399e-08,3.3383967e-05,2
14010140001,32,7.471818e-07,6.6767934e-05,2
14244026001,32,1.4516623e-07,5.007595e-05,2
14201022001,32,6.98081e-07,6.6767934e-05,2
14020949001,31,2.6258022e-07,6.6767934e-05,2
14222019001,31,9.841452e-07,0.00013353587,2
14242072001,31,4.824657e-07,5.007595e-05,2
11021013001,31,2.3055811e-07,3.3383967e-05,2
11103303001,31,6.617872e-08,3.3383967e-05,2
14822050001,31,4.1842108e-07,6.6767934e-05,2
14010221001,31,5.315661e-07,5.007595e-05,2
11101039001,31,2.860631e-07,3.3383967e-05,2
14820031001,31,7.3437303e-07,0.00016691984,2
14361083001,31,2.9673717e-07,5.007595e-05,2
14000322001,31,6.553848e-07,8.345992e-05,2
11110082001,31,1.8572737e-07,8.345992e-05,2
31914003001,31,6.468457e-07,8.345992e-05,2
14020978001,31,7.258311e-08,1.6691984e-05,2
14200093001,31,8.43248e-07,0.0001001519,2
14311046001,31,1.3876183e-07,5.007595e-05,2
14511007001,31,3.9920798e-07,5.007595e-05,2
31500025003,31,2.4977135e-07,6.6767934e-05,2
10023002001,31,9.3931085e-08,3.3383967e-05,2
12011005001,31,1.17413855e-07,3.3383967e-05,2
14850098001,31,2.1347978e-08,1.6691984e-05,2
14506141001,31,7.0235075e-07,8.345992e-05,2
14621070001,31,4.290953e-07,6.6767934e-05,2
14611899001,31,5.8280136e-07,8.345992e-05,2
12000317001,31,4.974093e-07,8.345992e-05,2
14222071001,31,7.429119e-07,0.00011684388,2
11042005001,31,3.1808528e-07,5.007595e-05,2
14240006001,31,2.0921014e-07,0.0001001519,2
11051044001,31,2.9033276e-07,6.6767934e-05,2
11050038001,31,3.7999476e-07,6.6767934e-05,2
14204136001,31,5.956102e-07,8.345992e-05,2
14200021001,31,6.4684576e-07,0.0001001519,2
14204135001,31,2.369625e-07,8.345992e-05,2
14700029001,31,5.315661e-07,0.00011684388,2
14226002001,31,1.643794e-07,3.3383967e-05,2
14833002001,31,3.8212946e-07,5.007595e-05,2
12150009001,31,2.7965874e-07,6.6767934e-05,2
14001128001,31,6.874072e-07,6.6767934e-05,2
14001011001,31,6.1055397e-07,0.0001001519,2
11100014001,31,1.3235744e-07,5.007595e-05,2
14301023001,31,4.4403893e-07,5.007595e-05,2
14104005001,31,9.478536e-07,0.0001001519,2
14222107001,30,4.3123015e-07,5.007595e-05,2
10100222001,30,9.179629e-08,3.3383967e-05,2
32507027002,30,5.1235144e-08,6.6767934e-05,2
14361158001,30,3.287594e-07,0.0001001519,2
14822037001,30,1.0033548e-07,1.6691984e-05,2
32507027001,30,3.8426357e-08,6.6767934e-05,2
14500053001,30,1.1527906e-07,3.3383967e-05,2
14506062001,30,3.1381563e-07,6.6767934e-05,2
14232107001,30,1.1869514e-06,0.00013353587,2
14311032001,30,3.9707308e-07,5.007595e-05,2
14852012001,30,1.2808785e-07,3.3383967e-05,2
14242045001,30,4.867352e-07,5.007595e-05,2
14740024001,30,7.407774e-07,8.345992e-05,2
14805900001,30,1.3449224e-07,5.007595e-05,2
11050045001,30,3.180853e-07,5.007595e-05,2
14833060001,30,8.3897874e-07,8.345992e-05,2
31533038001,30,2.6471497e-07,5.007595e-05,2
15022020001,30,2.134798e-09,1.6691984e-05,2
14632223001,30,8.026866e-07,6.6767934e-05,2
14002040001,30,8.0482164e-07,6.6767934e-05,2
12120027001,30,7.8987505e-08,3.3383967e-05,2
12020225001,30,2.6898468e-07,3.3383967e-05,2
31422008001,30,1.3449224e-07,5.007595e-05,2
14241032001,30,5.9134084e-07,6.6767934e-05,2
14310139001,30,2.3482775e-08,1.6691984e-05,2
12120026001,30,1.3022265e-07,1.6691984e-05,2
14852064001,30,7.471791e-08,1.6691984e-05,2
30072062001,30,6.190913e-08,5.007595e-05,2
14353052001,30,5.4010553e-07,6.6767934e-05,2
14840021001,30,1.8145778e-07,3.3383967e-05,2
14822010001,30,3.159503e-07,8.345992e-05,2
10041020001,30,1.665142e-07,3.3383967e-05,2
12130039001,30,4.0561154e-08,1.6691984e-05,2
14010226001,30,6.1909316e-07,8.345992e-05,2
14202034001,30,1.1271775e-06,0.00011684388,2
10034049001,30,2.775239e-07,3.3383967e-05,2
14000068001,30,7.706646e-07,8.345992e-05,2
12120039001,30,1.5797501e-07,0.0001001519,2
12101010001,30,9.179629e-08,1.6691984e-05,2
11022036001,30,1.4089663e-07,5.007595e-05,2
12212010001,30,7.0448316e-08,1.6691984e-05,2
14302017001,30,4.9954394e-07,5.007595e-05,2
14730041001,30,1.4730102e-07,3.3383967e-05,2
35753007001,30,1.3449224e-07,3.3383967e-05,2
14502018001,30,5.31566e-07,0.0001001519,2
14510145001,30,1.5157062e-07,5.007595e-05,2
31501007001,30,1.5370541e-07,5.007595e-05,2
12120089001,30,8.11223e-08,1.6691984e-05,2
14101016001,30,5.379706e-07,0.00015022785,2
14011065001,30,5.9774527e-07,0.0001001519,2
11100018001,30,3.970733e-07,6.6767934e-05,2
12100018001,30,2.3269291e-07,5.007595e-05,2
12301005001,30,2.711195e-07,5.007595e-05,2
12121048001,30,1.1100946e-07,5.007595e-05,2
12212027001,30,9.3931085e-08,3.3383967e-05,2
14244039001,30,1.9640136e-07,1.6691984e-05,2
14131044001,30,1.1100991e-06,8.345992e-05,2
14023210001,30,5.7853174e-07,0.00011684388,2
14200086001,30,3.7999473e-07,5.007595e-05,2
14223178001,30,9.2650504e-07,0.0001001519,2
12212037001,30,9.820068e-08,3.3383967e-05,2
12011206001,30,3.8639922e-07,8.345992e-05,2
14001014001,30,1.68649e-07,6.6767934e-05,2
14500066001,30,6.126886e-07,0.00011684388,2
14632058001,29,2.6684984e-07,5.007595e-05,2
12020190001,29,2.54041e-07,8.345992e-05,2
14833051001,29,6.084185e-07,0.0001001519,2
11010023001,29,1.02470274e-07,6.6767934e-05,2
14523106001,29,5.443748e-07,0.00021699579,2
14121132001,29,8.261693e-07,8.345992e-05,2
12010049001,29,1.7505339e-07,3.3383967e-05,2
14634027001,29,3.8426433e-07,5.007595e-05,2
11021047001,29,1.7932298e-07,5.007595e-05,2
14510014001,29,1.68649e-07,6.6767934e-05,2
14302018001,29,1.02470274e-07,5.007595e-05,2
31564007001,29,2.4763654e-07,3.3383967e-05,2
14010048001,29,6.8954165e-07,8.345992e-05,2
12020165001,29,4.1415174e-07,8.345992e-05,2
12010192001,29,3.2022012e-07,8.345992e-05,2
14510210001,29,3.8639917e-07,5.007595e-05,2
14350001001,29,1.7932298e-07,1.6691984e-05,2
14303001001,29,9.926846e-07,8.345992e-05,2
14600912001,29,2.7752392e-07,5.007595e-05,2
11073907001,29,2.3909732e-07,6.6767934e-05,2
11100112001,29,1.7932298e-07,5.007595e-05,2
12011163001,29,1.9213176e-07,3.3383967e-05,2
14351055001,29,2.2201893e-07,8.345992e-05,2
14121011001,29,8.1122585e-07,6.6767934e-05,2
31568019001,29,5.187571e-07,0.0002003038,2
14200090001,29,5.443749e-07,6.6767934e-05,2
14612005001,29,4.717914e-07,6.6767934e-05,2
14506045001,29,4.312301e-07,6.6767934e-05,2
14602026001,29,7.792039e-07,8.345992e-05,2
11020008001,29,4.910034e-08,5.007595e-05,2
12003130001,29,2.4763656e-07,5.007595e-05,2
14222011001,29,1.4943582e-07,3.3383967e-05,2
14241023001,29,5.059483e-07,6.6767934e-05,2
14613918001,29,3.7145546e-07,5.007595e-05,2
14506645001,29,2.6471503e-07,8.345992e-05,2
14321011001,29,8.11223e-08,1.6691984e-05,2
14202040001,29,7.4931677e-07,8.345992e-05,2
14242164001,29,4.8886994e-07,6.6767934e-05,2
14602002001,28,7.898777e-07,0.0001001519,2
12020068001,28,3.970733e-07,6.6767934e-05,2
14620902001,28,3.501073e-07,6.6767934e-05,2
14011021001,28,6.532502e-07,6.6767934e-05,2
14002038001,28,9.11562e-07,6.6767934e-05,2
14502045001,28,1.0759413e-06,0.00013353587,2
14104098001,28,9.136967e-07,8.345992e-05,2
11070050001,28,1.0673987e-07,1.6691984e-05,2
14361055001,28,7.0021616e-07,6.6767934e-05,2
12000011001,28,4.2055623e-07,5.007595e-05,2
12121051001,28,9.3931085e-08,1.6691984e-05,2
14110146001,28,6.3403667e-07,0.00011684388,2
11111003001,28,2.3482771e-07,5.007595e-05,2
14312018001,28,8.752669e-08,3.3383967e-05,2
12121070001,28,1.08874666e-07,3.3383967e-05,2
12000152001,28,2.3909732e-07,8.345992e-05,2
14311051001,28,2.0921014e-07,5.007595e-05,2
14822965001,28,5.422401e-07,8.345992e-05,2
14132149001,28,6.639241e-07,6.6767934e-05,2
14312032001,28,4.739265e-07,5.007595e-05,2
14242144001,28,5.422402e-07,6.6767934e-05,2
14001029001,28,9.841452e-07,0.00011684388,2
11022082001,28,1.2381825e-07,3.3383967e-05,2
14351007001,28,2.561758e-07,6.6767934e-05,2
12020141001,28,1.4730102e-07,3.3383967e-05,2
14615114001,28,4.4190423e-07,8.345992e-05,2
10031030001,28,3.8426357e-08,1.6691984e-05,2
14222007001,28,7.706646e-07,0.0001001519,2
10031006001,28,4.483075e-08,1.6691984e-05,2
30052113002,28,1.3022265e-07,5.007595e-05,2
14010273001,28,6.4043935e-09,1.6691984e-05,2
14361149001,28,1.4089663e-07,5.007595e-05,2
14204052001,28,4.9527415e-07,6.6767934e-05,2
11050032001,28,3.0527647e-07,3.3383967e-05,2
12150016001,28,2.6684987e-07,5.007595e-05,2
12122011001,28,4.0561154e-08,3.3383967e-05,2
11071034001,28,2.753891e-07,3.3383967e-05,2
14620103001,28,2.1774933e-07,5.007595e-05,2
14023063001,28,1.0375148e-06,0.0001001519,2
14612059001,28,2.3909732e-07,6.6767934e-05,2
14243007001,28,3.287593e-07,5.007595e-05,2
14523104001,28,4.6538676e-07,0.00021699579,2
14243094001,28,3.4156763e-08,1.6691984e-05,2
14502005001,28,3.180852e-07,5.007595e-05,2
14331004001,28,1.1314426e-07,3.3383967e-05,2
14740036001,28,1.8786217e-07,6.6767934e-05,2
11111014001,28,2.4550175e-07,8.345992e-05,2
12123135001,28,1.3022265e-07,5.007595e-05,2
10052019001,28,3.714555e-07,6.6767934e-05,2
12120086001,28,1.2381825e-07,3.3383967e-05,2
14615107001,28,4.2696044e-07,6.6767934e-05,2
14002008001,28,1.7078383e-08,1.6691984e-05,2
12011169001,28,2.0921014e-07,5.007595e-05,2
11110066001,28,1.5370541e-07,5.007595e-05,2
12123129001,28,7.471791e-08,3.3383967e-05,2
11032028001,28,1.3022265e-07,3.3383967e-05,2
11022003002,28,2.369625e-07,3.3383967e-05,2
31414020001,28,1.2808788e-08,1.6691984e-05,2
12102048001,28,1.68649e-07,0.0001001519,2
12220019001,28,2.1134494e-07,3.3383967e-05,2
12100012001,28,2.2415372e-07,3.3383967e-05,2
12100040001,28,2.1561453e-07,5.007595e-05,2
14301108001,28,5.038136e-07,8.345992e-05,2
14700075001,28,5.571837e-07,8.345992e-05,2
14330898001,28,9.179629e-08,3.3383967e-05,2
14853061001,28,1.1100946e-07,5.007595e-05,2
14102025001,27,9.008879e-07,8.345992e-05,2
12123112001,27,7.044832e-08,3.3383967e-05,2
14300113001,27,9.606588e-08,1.6691984e-05,2
14200133001,27,8.624606e-07,0.00015022785,2
14201002001,27,3.0954607e-07,6.6767934e-05,2
14510167001,27,3.3089398e-07,5.007595e-05,2
12122019001,27,5.5504735e-08,1.6691984e-05,2
14600899001,27,7.66395e-07,6.6767934e-05,2
11074020001,27,1.2808785e-07,0.00011684388,2
12105001001,27,1.622446e-07,5.007595e-05,2
32504043003,27,5.336995e-08,6.6767934e-05,2
14353045001,27,4.9100476e-07,6.6767934e-05,2
14370017001,27,3.479726e-07,6.6767934e-05,2
31421011001,27,1.5157062e-07,6.6767934e-05,2
12011333001,27,4.3763467e-07,0.00016691984,2
14023502001,27,1.7078383e-08,1.6691984e-05,2
14361061001,27,3.586467e-07,6.6767934e-05,2
14111023001,27,7.1729437e-07,0.0001001519,2
14311059001,27,4.1415154e-07,5.007595e-05,2
12212036001,27,1.1527906e-07,3.3383967e-05,2
31424001001,27,3.351636e-07,5.007595e-05,2
14243020001,27,6.831374e-07,0.0001001519,2
14010047001,27,6.681937e-07,8.345992e-05,2
11062015001,27,2.0280575e-07,3.3383967e-05,2
14311044001,27,5.465099e-07,6.6767934e-05,2
31822064001,27,8.752669e-08,3.3383967e-05,2
14133914001,27,3.7359032e-07,5.007595e-05,2
12011199001,27,3.33029e-07,8.345992e-05,2
14102223001,27,2.5831062e-07,8.345992e-05,2
31501001002,27,1.5584021e-07,6.6767934e-05,2
14506400001,27,5.956105e-07,5.007595e-05,2
14023032001,27,1.1058293e-06,0.00013353587,2
31502032004,27,1.4303143e-07,3.3383967e-05,2
12103029001,27,1.1314426e-07,1.6691984e-05,2
12120024001,27,1.8572737e-07,5.007595e-05,2
11110013001,27,1.02470274e-07,3.3383967e-05,2
14311084001,27,5.6572316e-07,5.007595e-05,2
14315008001,27,3.2662456e-07,5.007595e-05,2
11103084001,27,1.4943582e-07,3.3383967e-05,2
31660025001,27,5.5504735e-08,5.007595e-05,2
14620024001,27,6.297672e-07,8.345992e-05,2
14204005001,27,9.201012e-07,0.0002003038,2
41300016001,27,4.269596e-09,1.6691984e-05,2
14300008001,27,7.215642e-07,6.6767934e-05,2
10014119001,27,1.2381825e-07,3.3383967e-05,2
12120013001,27,6.831352e-08,1.6691984e-05,2
14351032001,27,2.6471506e-07,5.007595e-05,2
11041024001,27,1.08874666e-07,3.3383967e-05,2
11032222002,27,1.4303143e-07,3.3383967e-05,2
14010285001,27,5.998799e-07,6.6767934e-05,2
14361012001,27,5.934753e-07,0.00013353587,2
14210005001,27,7.7706915e-07,8.345992e-05,2
11032035001,27,2.3269291e-07,0.00011684388,2
12011189001,27,1.4303143e-07,5.007595e-05,2
10023073001,26,4.269596e-09,1.6691984e-05,2
35750013001,26,2.3482775e-08,1.6691984e-05,2
31822063001,26,2.988717e-08,3.3383967e-05,2
31623904001,26,1.665142e-07,8.345992e-05,2
31802032001,26,1.3449224e-07,3.3383967e-05,2
14511076001,26,2.6471503e-07,5.007595e-05,2
14111021001,26,7.706648e-07,8.345992e-05,2
10002918001,26,1.0033548e-07,3.3383967e-05,2
14631064001,26,5.657232e-07,5.007595e-05,2
14511006001,26,1.5584021e-07,3.3383967e-05,2
14204118001,26,4.739263e-07,6.6767934e-05,2
12011426001,26,3.4156763e-08,6.6767934e-05,2
14012103001,26,6.788679e-07,8.345992e-05,2
14210085001,26,6.8740684e-07,8.345992e-05,2
14000131001,26,9.75606e-07,0.0001001519,2
12020028001,26,3.693207e-07,0.0001001519,2
14242083001,26,5.251616e-07,6.6767934e-05,2
14226042001,26,3.1381558e-07,6.6767934e-05,2
14101017001,26,5.187573e-07,0.00013353587,2
11100017001,26,3.5224213e-07,6.6767934e-05,2
12011347001,26,8.5391896e-08,1.6691984e-05,2
11103047001,26,1.08874666e-07,5.007595e-05,2
11022011001,26,1.15279065e-07,5.007595e-05,2
14721944001,26,1.1100946e-07,5.007595e-05,2
14506211001,26,5.123527e-07,0.0001001519,2
14001136001,26,3.2448975e-07,5.007595e-05,2
14023256001,26,8.0695656e-07,8.345992e-05,2
14621004001,26,1.7078379e-07,3.3383967e-05,2
14227002001,26,6.148234e-07,6.6767934e-05,2
14509035001,26,0.0,0.0,2
14101081001,26,8.0055173e-07,0.00013353587,2
11100007001,26,1.4943586e-08,1.6691984e-05,2
12122030001,26,1.5797501e-07,3.3383967e-05,2
12130042001,26,9.606588e-08,6.6767934e-05,2
10023005001,26,2.1347978e-08,1.6691984e-05,2
14120024001,26,9.030227e-07,6.6767934e-05,2
14121130001,26,8.069561e-07,0.0001001519,2
12122018001,26,1.4303143e-07,6.6767934e-05,2
12000408001,26,8.752669e-08,3.3383967e-05,2
14111120001,26,8.261694e-07,8.345992e-05,2
14210067001,26,6.681936e-07,0.0001001519,2
14020935001,26,5.828014e-07,6.6767934e-05,2
14506038001,26,4.5684772e-07,6.6767934e-05,2
14304194001,26,2.2415372e-07,3.3383967e-05,2
14810031001,26,6.084194e-07,8.345992e-05,2
14352069001,26,3.43703e-07,8.345992e-05,2
12011365001,26,4.2909545e-07,0.00018361182,2
14741010001,26,3.586466e-07,5.007595e-05,2
12000359001,26,1.2381825e-07,3.3383967e-05,2
11021026001,26,7.8987505e-08,6.6767934e-05,2
31501901004,26,2.4550172e-07,3.3383967e-05,2
11050093001,26,1.2168346e-07,0.0001001519,2
14011016001,26,4.4403885e-07,6.6767934e-05,2
11032018002,26,3.0314166e-07,0.0001001519,2
12121037001,25,1.1100946e-07,3.3383967e-05,2
14220019001,25,8.304389e-07,0.00011684388,2
14121039001,25,7.3650756e-07,8.345992e-05,2
14311236001,25,6.66059e-07,0.00011684388,2
14620111001,25,6.3617125e-07,0.00015022785,2
14361096001,25,5.337009e-07,6.6767934e-05,2
14311118001,25,5.593187e-07,5.007595e-05,2
14361159001,25,3.671859e-07,8.345992e-05,2
10022916001,25,1.9213176e-07,3.3383967e-05,2
14001089001,25,1.0311109e-06,8.345992e-05,2
31504002001,25,1.622446e-07,3.3383967e-05,2
14211038001,25,5.4650974e-07,5.007595e-05,2
12011215001,25,1.7505339e-07,3.3383967e-05,2
10022915001,25,1.08874666e-07,3.3383967e-05,2
12012037001,25,8.752669e-08,5.007595e-05,2
11050094001,25,1.067399e-08,1.6691984e-05,2
12123069001,25,3.99208e-07,6.6767934e-05,2
14113013001,25,6.532505e-07,6.6767934e-05,2
14621051001,25,7.0662037e-07,8.345992e-05,2
14020956001,25,5.828015e-07,8.345992e-05,2
14611901001,25,3.99208e-07,6.6767934e-05,2
11050064001,25,1.5584021e-07,5.007595e-05,2
14521168001,25,4.6111725e-07,0.00015022785,2
14353040001,25,3.3089415e-07,3.3383967e-05,2
12220006001,25,3.8426357e-08,1.6691984e-05,2
14120014001,25,8.048212e-07,0.0001001519,2
31422011001,25,2.8819792e-07,5.007595e-05,2
14512916001,25,2.1988413e-07,3.3383967e-05,2
14720030001,25,1.5370541e-07,3.3383967e-05,2
14100005001,25,6.254977e-07,6.6767934e-05,2
14711014001,25,3.6078146e-07,5.007595e-05,2
14243016001,25,5.721277e-07,0.0001001519,2
11100010001,25,2.0067095e-07,3.3383967e-05,2
14200060001,25,2.6898468e-07,6.6767934e-05,2
14300046001,25,4.9740936e-07,5.007595e-05,2
11075013001,25,2.2201893e-07,3.3383967e-05,2
14633938001,25,8.32571e-08,3.3383967e-05,2
11032228001,25,1.0673987e-07,5.007595e-05,2
14503047001,25,4.5684766e-07,8.345992e-05,2
14313902001,25,1.02470274e-07,5.007595e-05,2
10014214001,25,1.1527906e-07,1.6691984e-05,2
14000005001,25,6.575197e-07,6.6767934e-05,2
11103195001,25,8.96615e-08,0.00011684388,2
14350006001,25,2.8179355e-07,3.3383967e-05,2
12105049001,25,4.0347774e-07,6.6767934e-05,2
14330042001,25,1.0033548e-07,3.3383967e-05,2
14523028001,25,4.6538673e-07,0.00013353587,2
14621048001,25,4.9100464e-07,6.6767934e-05,2
14361009001,25,8.347091e-07,6.6767934e-05,2
14225056001,25,3.202201e-07,5.007595e-05,2
14632005001,25,6.2122797e-07,6.6767934e-05,2
14315004001,25,2.6471506e-07,0.00016691984,2
12123005001,25,2.3909732e-07,5.007595e-05,2
14011033001,25,4.6538696e-07,8.345992e-05,2
11030031001,25,2.4123213e-07,5.007595e-05,2
11041019001,25,1.8145778e-07,5.007595e-05,2
12001109001,25,4.9100487e-07,6.6767934e-05,2
14111058001,25,7.4291205e-07,6.6767934e-05,2
10041045001,24,9.3931085e-08,1.6691984e-05,2
14210010001,24,4.9740925e-07,5.007595e-05,2
15023038001,24,8.539192e-09,1.6691984e-05,2
10040059001,24,2.134798e-09,1.6691984e-05,2
10041036001,24,4.269596e-09,1.6691984e-05,2
15022014001,24,0.0,0.0,2
15023036001,24,1.4943586e-08,1.6691984e-05,2
10041014001,24,0.0,0.0,2
12151012001,24,1.067399e-08,1.6691984e-05,2
10035027001,24,1.3235744e-07,3.3383967e-05,2
14204137001,24,5.401053e-07,6.6767934e-05,2
10031909001,24,6.4043935e-09,1.6691984e-05,2
10040069001,24,2.1347978e-08,1.6691984e-05,2
10040072001,24,1.4943586e-08,1.6691984e-05,2
12123127001,24,1.1527906e-07,0.0001001519,2
10041087001,24,1.4943586e-08,1.6691984e-05,2
12210038001,24,4.269595e-08,1.6691984e-05,2
12121109001,24,1.4089663e-07,5.007595e-05,2
14833082001,24,2.6684978e-07,5.007595e-05,2
14840005001,24,3.2021966e-08,1.6691984e-05,2
12327028001,24,1.7078383e-08,1.6691984e-05,2
12020093001,24,2.4123213e-07,5.007595e-05,2
12327018001,24,0.0,0.0,2
12123018001,24,7.685271e-08,3.3383967e-05,2
14120060001,24,6.062842e-07,8.345992e-05,2
14852008001,24,7.258311e-08,3.3383967e-05,2
14852015001,24,2.7752373e-08,3.3383967e-05,2
14852016001,24,4.269595e-08,3.3383967e-05,2
14852031001,24,8.966149e-08,3.3383967e-05,2
14852904001,24,0.0,0.0,2
12220029001,24,1.4943586e-08,1.6691984e-05,2
12220016001,24,1.9853616e-07,3.3383967e-05,2
12123110001,24,8.32571e-08,5.007595e-05,2
12121059001,24,2.7965874e-07,8.345992e-05,2
11112007001,24,4.269595e-08,1.6691984e-05,2
14853047001,24,0.0,0.0,2
14853049001,24,6.4043935e-09,1.6691984e-05,2
10023892001,24,7.8987505e-08,3.3383967e-05,2
14242145001,24,7.6639526e-07,6.6767934e-05,2
10020093001,24,0.0,0.0,2
32504025003,24,4.696555e-08,6.6767934e-05,2
10014055001,24,2.775237e-08,1.6691984e-05,2
12010107001,24,1.3235744e-07,3.3383967e-05,2
14633036001,24,1.665142e-07,3.3383967e-05,2
14412037001,24,4.269596e-09,1.6691984e-05,2
12023084001,24,5.977433e-08,8.345992e-05,2
12010105001,24,1.4089663e-07,1.6691984e-05,2
12005093008,24,1.9426656e-07,6.6767934e-05,2
11041017001,24,2.6258024e-07,0.0001001519,2
14633021001,24,4.568476e-07,5.007595e-05,2
14111053001,24,4.269595e-08,1.6691984e-05,2
11103111001,24,2.8392833e-07,6.6767934e-05,2
14830039001,24,1.0673987e-07,3.3383967e-05,2
11022031001,24,1.5157062e-07,3.3383967e-05,2
12011117001,24,1.2381825e-07,3.3383967e-05,2
14830013001,24,9.3931085e-08,3.3383967e-05,2
11040040001,24,2.1347974e-07,5.007595e-05,2
31543028001,24,1.02470274e-07,3.3383967e-05,2
14104193001,24,9.521232e-07,6.6767934e-05,2
12010068001,24,2.4763656e-07,0.00013353587,2
14510253001,24,1.665142e-07,3.3383967e-05,2
14621058001,24,3.5010746e-07,5.007595e-05,2
14304009001,24,1.1527906e-07,5.007595e-05,2
14204150001,24,4.1201685e-07,6.6767934e-05,2
10016018001,24,0.0,0.0,2
14620081001,24,3.4156763e-08,3.3383967e-05,2
10002039001,24,0.0,0.0,2
10013004001,24,9.179629e-08,5.007595e-05,2
12102060001,24,2.5617572e-08,1.6691984e-05,2
14830049001,24,2.817935e-07,5.007595e-05,2
14506372001,24,4.290951e-07,5.007595e-05,2
11050123001,24,3.8426357e-08,1.6691984e-05,2
14310020001,24,6.617872e-08,1.6691984e-05,2
14222089001,24,9.606622e-07,8.345992e-05,2
10014027001,24,8.539192e-09,1.6691984e-05,2
10014062001,24,4.0561154e-08,1.6691984e-05,2
14200085001,24,5.7853197e-07,6.6767934e-05,2
31503003001,24,8.11223e-08,3.3383967e-05,2
12034094001,24,1.7078383e-08,3.3383967e-05,2
12023331001,24,1.1314427e-07,0.0001001519,2
11051019001,24,9.3931085e-08,3.3383967e-05,2
14602062001,24,6.7459837e-07,6.6767934e-05,2
12103144001,24,1.3876183e-07,5.007595e-05,2
14110028001,24,4.910047e-07,6.6767934e-05,2
11104006001,24,2.8819795e-07,6.6767934e-05,2
12101043001,24,1.7932298e-07,5.007595e-05,2
14501944001,24,5.3370087e-07,6.6767934e-05,2
11110091001,24,1.2168346e-07,3.3383967e-05,2
11110029001,23,3.266245e-07,0.00011684388,2
14500059001,23,5.016788e-07,8.345992e-05,2
31568016001,23,3.8639894e-07,0.0002003038,2
11030032001,23,2.369625e-07,5.007595e-05,2
14210046001,23,3.5651192e-07,3.3383967e-05,2
14512013001,23,4.120168e-07,0.0001001519,2
11103014001,23,3.0100676e-07,5.007595e-05,2
14010160001,23,4.0347766e-07,5.007595e-05,2
31423001001,23,1.4730102e-07,3.3383967e-05,2
14500029001,23,4.5257806e-07,8.345992e-05,2
11030066001,23,1.622446e-07,3.3383967e-05,2
14500028001,23,6.3617165e-07,6.6767934e-05,2
14616038001,23,2.4336694e-07,3.3383967e-05,2
30450011001,23,7.8987505e-08,1.6691984e-05,2
14010195001,23,6.148237e-07,6.6767934e-05,2
14822021001,23,3.9280346e-07,6.6767934e-05,2
14103070001,23,6.297671e-07,6.6767934e-05,2
12010209001,23,4.5257818e-07,8.345992e-05,2
12000016001,23,3.5651186e-07,5.007595e-05,2
14604027001,23,2.0280575e-07,3.3383967e-05,2
14510287001,23,2.4977138e-07,3.3383967e-05,2
14700007001,23,3.6078123e-07,8.345992e-05,2
14633045001,23,3.0741123e-07,6.6767934e-05,2
12000124001,23,2.2201893e-07,6.6767934e-05,2
11062026001,23,1.9426656e-07,3.3383967e-05,2
12000081001,23,3.0741126e-07,3.3383967e-05,2
14621003001,23,4.6111742e-07,5.007595e-05,2
14226020001,23,2.9246755e-07,5.007595e-05,2
14506397001,23,2.1561453e-07,8.345992e-05,2
11102003001,23,1.7078379e-07,3.3383967e-05,2
31500030001,23,2.4550175e-07,8.345992e-05,2
14243107001,23,4.8033064e-07,5.007595e-05,2
14741014001,23,4.077471e-07,5.007595e-05,2
14631043001,23,2.4336694e-07,3.3383967e-05,2
11103279001,23,1.3022265e-07,5.007595e-05,2
14853031001,23,2.5617576e-08,3.3383967e-05,2
14353017001,23,1.8359258e-07,3.3383967e-05,2
31420014001,23,3.821296e-07,5.007595e-05,2
14242081001,23,6.5965435e-07,0.00011684388,2
14631047001,23,2.3909732e-07,5.007595e-05,2
12011252001,23,2.753891e-07,6.6767934e-05,2
14361137001,23,4.7179142e-07,0.00011684388,2
12011136001,23,3.5864667e-07,8.345992e-05,2
14223005001,23,9.926846e-07,0.00013353587,2
31421038001,23,1.7078379e-07,6.6767934e-05,2
32504043005,23,3.4156763e-08,5.007595e-05,2
14362898001,23,2.7325427e-07,5.007595e-05,2
14204148001,23,3.4797256e-07,6.6767934e-05,2
31421039001,23,1.2168346e-07,6.6767934e-05,2
14010033001,23,6.703286e-07,6.6767934e-05,2
14201020001,23,3.458379e-07,5.007595e-05,2
14111017001,23,7.663948e-07,0.0001001519,2
12011109001,23,3.4370296e-07,6.6767934e-05,2
14022060001,23,4.7392646e-07,5.007595e-05,2
11111020001,23,2.604454e-07,6.6767934e-05,2
14244025001,23,2.3909732e-07,5.007595e-05,2
14332002001,23,8.5391896e-08,1.6691984e-05,2
14802001001,23,2.369625e-07,3.3383967e-05,2
11070016001,23,2.1561453e-07,6.6767934e-05,2
14600020001,23,4.910047e-07,6.6767934e-05,2
14200088001,22,6.938116e-07,6.6767934e-05,2
14242150001,22,5.2943125e-07,8.345992e-05,2
14330020001,22,1.4943582e-07,1.6691984e-05,2
14330004001,22,1.5797501e-07,1.6691984e-05,2
11050087001,22,1.8145778e-07,3.3383967e-05,2
12000197001,22,7.0448316e-08,5.007595e-05,2
14509005001,22,4.7606125e-07,8.345992e-05,2
14023019001,22,6.340371e-07,6.6767934e-05,2
14360042001,22,4.0561238e-07,3.3383967e-05,2
14204090001,22,3.308942e-07,6.6767934e-05,2
14508898001,22,4.290952e-07,5.007595e-05,2
14204127001,22,4.9100343e-08,1.6691984e-05,2
11103284001,22,2.0280575e-07,6.6767934e-05,2
31623898001,22,1.02470274e-07,3.3383967e-05,2
12102058001,22,1.5584021e-07,3.3383967e-05,2
12034067001,22,1.4730102e-07,3.3383967e-05,2
14022166001,22,5.6785797e-07,5.007595e-05,2
14243010001,22,4.1842122e-07,6.6767934e-05,2
12010084001,22,3.2448975e-07,0.00011684388,2
31675999002,22,2.134798e-08,8.345992e-05,2
14243013001,22,4.2696044e-07,6.6767934e-05,2
14503999001,22,5.998795e-07,0.00011684388,2
14311119001,22,1.8999697e-07,5.007595e-05,2
14222044001,22,1.4730102e-07,8.345992e-05,2
11041002001,22,1.665142e-07,5.007595e-05,2
11050040001,22,2.1134494e-07,5.007595e-05,2
14616022001,22,2.7325422e-07,5.007595e-05,2
10002038001,22,2.2842332e-07,5.007595e-05,2
12011115001,22,9.820068e-08,3.3383967e-05,2
14244073001,22,2.8819792e-07,3.3383967e-05,2
14204028001,22,3.9493838e-07,5.007595e-05,2
12002126001,22,2.4550175e-07,6.6767934e-05,2
12106044001,22,2.561758e-07,6.6767934e-05,2
14240008001,22,2.3269291e-07,3.3383967e-05,2
14000092001,22,5.2302676e-07,5.007595e-05,2
12106064001,22,2.1561453e-07,5.007595e-05,2
11022025001,22,2.796587e-07,3.3383967e-05,2
11040008001,22,1.5584021e-07,8.345992e-05,2
14000102001,22,6.340368e-07,6.6767934e-05,2
14203061001,22,2.3482771e-07,6.6767934e-05,2
12011263001,22,1.7291859e-07,3.3383967e-05,2
14312001001,22,1.0460507e-07,5.007595e-05,2
14610007001,22,3.9707288e-07,5.007595e-05,2
12020222001,22,6.4043935e-09,3.3383967e-05,2
12011148001,22,1.5157062e-07,6.6767934e-05,2
12011150001,22,2.3269291e-07,5.007595e-05,2
12021923001,22,6.4043935e-09,3.3383967e-05,2
12110028001,22,1.4089663e-07,3.3383967e-05,2
11110078003,22,1.5157062e-07,5.007595e-05,2
14507042001,22,2.3482771e-07,3.3383967e-05,2
14001096001,22,6.852724e-07,5.007595e-05,2
14510205001,22,3.6291635e-07,5.007595e-05,2
12120018001,22,1.5157062e-07,8.345992e-05,2
11103272001,22,1.8145778e-07,6.6767934e-05,2
14631028001,22,3.2662444e-07,5.007595e-05,2
11111030001,22,2.1774933e-07,5.007595e-05,2
12106016002,22,1.17413855e-07,3.3383967e-05,2
32431035001,22,1.02470274e-07,1.6691984e-05,2
14507076001,22,3.3516372e-07,5.007595e-05,2
14822009001,22,3.0527627e-07,8.345992e-05,2
12000108001,22,3.2662453e-07,8.345992e-05,2
14133902001,22,4.2269082e-07,6.6767934e-05,2
12023108001,22,1.2808785e-07,6.6767934e-05,2
14104073001,22,8.88079e-07,8.345992e-05,2
11110018001,22,2.4123213e-07,0.00011684388,2
14222025001,22,6.9808095e-07,0.00011684388,2
14010192001,22,7.621254e-07,6.6767934e-05,2
31533891001,22,2.4336694e-07,6.6767934e-05,2
14200019001,22,3.074112e-07,6.6767934e-05,2
12122005001,22,1.02470274e-07,5.007595e-05,2
14822062001,22,7.5572063e-07,0.00011684388,2
12201130001,22,1.68649e-07,5.007595e-05,2
12020339001,22,3.2022015e-07,3.3383967e-05,2
11103074001,22,1.4730102e-07,3.3383967e-05,2
11075001001,22,1.1314426e-07,3.3383967e-05,2
11030020001,22,2.583106e-07,3.3383967e-05,2
65103009001,21,4.739263e-07,8.345992e-05,2
14510026001,21,3.43703e-07,5.007595e-05,2
10014005001,21,5.5504735e-08,1.6691984e-05,2
12000350001,21,2.0494055e-07,3.3383967e-05,2
11075004001,21,7.685271e-08,3.3383967e-05,2
14602050001,21,2.2628852e-07,3.3383967e-05,2
11042007001,21,1.5370541e-07,1.6691984e-05,2
14223247001,21,6.8740707e-07,8.345992e-05,2
12000377001,21,2.6898465e-07,5.007595e-05,2
14506014001,21,6.980814e-07,6.6767934e-05,2
15020911001,21,6.4043935e-09,1.6691984e-05,2
14223073001,21,6.5751976e-07,6.6767934e-05,2
12022096001,21,8.752669e-08,1.6691984e-05,2
41522092001,21,1.921318e-08,1.6691984e-05,2
12151015001,21,3.0527644e-07,6.6767934e-05,2
14612015001,21,4.6752191e-07,5.007595e-05,2
14210017001,21,5.742623e-07,6.6767934e-05,2
14506053001,21,4.4617354e-07,0.0001001519,2
12000045001,21,3.116809e-07,6.6767934e-05,2
14632059001,21,2.732543e-07,6.6767934e-05,2
11032003002,21,1.665142e-07,0.0001001519,2
12000051001,21,5.123514e-08,3.3383967e-05,2
32504025005,21,4.696555e-08,6.6767934e-05,2
14225023001,21,2.3269291e-07,3.3383967e-05,2
14244092001,21,3.7572516e-07,5.007595e-05,2
14333006001,21,5.123514e-08,1.6691984e-05,2
12003028001,21,2.0280575e-07,3.3383967e-05,2
14103051001,21,5.358357e-07,6.6767934e-05,2
14506145001,21,5.4224023e-07,5.007595e-05,2
12106013001,21,2.2415372e-07,3.3383967e-05,2
14000106001,21,5.977451e-07,5.007595e-05,2
14611001001,21,5.5077925e-07,0.0001001519,2
14611025001,21,2.1774933e-07,3.3383967e-05,2
14601065001,21,5.956104e-07,0.0001001519,2
14013007001,21,8.7953964e-07,0.0001001519,2
14002039001,21,7.343732e-07,6.6767934e-05,2
31531021001,21,1.08874666e-07,1.6691984e-05,2
31611047001,21,1.2595305e-07,3.3383967e-05,2
14851057001,21,6.617872e-08,5.007595e-05,2
11062023001,21,1.4943582e-07,3.3383967e-05,2
11070002001,21,2.2415372e-07,3.3383967e-05,2
31568028001,21,3.5651158e-07,0.00018361182,2
14412023001,21,4.483075e-08,1.6691984e-05,2
14003010001,21,5.4650997e-07,5.007595e-05,2
14620046001,21,4.483075e-08,1.6691984e-05,2
14242013001,21,1.3235744e-07,3.3383967e-05,2
12000101001,21,1.3235744e-07,5.007595e-05,2
14310134001,21,3.4156763e-08,3.3383967e-05,2
14615048001,21,8.966149e-08,1.6691984e-05,2
12103899001,21,1.1954866e-07,3.3383967e-05,2
14370055001,21,1.4516623e-07,5.007595e-05,2
12327084001,21,7.471791e-08,3.3383967e-05,2
11010115001,21,2.6684987e-07,3.3383967e-05,2
14242008001,21,4.0774722e-07,5.007595e-05,2
11071033001,21,1.9853616e-07,3.3383967e-05,2
14602107001,21,3.7145546e-07,6.6767934e-05,2
14312056001,21,1.2381825e-07,3.3383967e-05,2
14721943001,21,2.5617574e-08,5.007595e-05,2
14210089001,21,2.903328e-07,5.007595e-05,2
12125001001,21,2.711195e-07,0.0001001519,2
12011074001,21,1.4089663e-07,3.3383967e-05,2
14731905001,21,2.1347974e-07,3.3383967e-05,2
11104005001,21,3.159505e-07,5.007595e-05,2
11111012001,21,2.0707535e-07,8.345992e-05,2
31823049001,21,1.7078383e-08,3.3383967e-05,2
14001055001,21,3.6505097e-07,5.007595e-05,2
14741003001,21,4.5471305e-07,6.6767934e-05,2
14111028001,21,8.496524e-07,0.0001001519,2
12105067001,21,1.9640136e-07,8.345992e-05,2
12220011001,21,1.7078379e-07,6.6767934e-05,2
11031050001,21,6.617872e-08,1.6691984e-05,2
14621078001,21,2.4336694e-07,5.007595e-05,2
14361146001,21,7.599904e-07,0.00011684388,2
14000125001,21,2.369625e-07,3.3383967e-05,2
31563008001,21,2.775237e-08,1.6691984e-05,2
14613899001,20,4.3123003e-07,6.6767934e-05,2
11041028001,20,8.752669e-08,5.007595e-05,2
10040089001,20,4.269596e-09,1.6691984e-05,2
10040080001,20,6.4043935e-09,1.6691984e-05,2
10040078001,20,1.7078383e-08,1.6691984e-05,2
14721003001,20,1.2808785e-07,1.6691984e-05,2
11022032001,20,1.2381825e-07,3.3383967e-05,2
14000067001,20,1.0140326e-06,0.0001001519,2
14632009001,20,4.7819566e-07,5.007595e-05,2
14002026001,20,5.97745e-07,8.345992e-05,2
14000210001,20,7.6426005e-07,0.0001001519,2
14111098001,20,6.425761e-07,8.345992e-05,2
11110078004,20,2.1347974e-07,5.007595e-05,2
11021030001,20,1.8999697e-07,3.3383967e-05,2
12002949001,20,1.08874666e-07,5.007595e-05,2
30000048001,20,2.7965868e-07,5.007595e-05,2
14001020001,20,2.3055811e-07,3.3383967e-05,2
14002046001,20,7.087551e-07,8.345992e-05,2
14204051001,20,4.632523e-07,6.6767934e-05,2
14244084001,20,2.775237e-08,1.6691984e-05,2
14312027001,20,2.796587e-07,3.3383967e-05,2
14200089001,20,5.102179e-07,8.345992e-05,2
14100007001,20,4.5471285e-07,5.007595e-05,2
14740016001,20,2.2201893e-07,3.3383967e-05,2
14615052001,20,3.43703e-07,5.007595e-05,2
12005093005,20,1.68649e-07,6.6767934e-05,2
14022069001,20,6.340366e-07,8.345992e-05,2
12211005001,20,2.753891e-07,5.007595e-05,2
14021090001,20,8.368437e-07,8.345992e-05,2
12010019001,20,9.179629e-08,5.007595e-05,2
14510015001,20,2.1347974e-07,3.3383967e-05,2
14612035001,20,4.5044328e-07,5.007595e-05,2
12011473001,20,3.180852e-07,5.007595e-05,2
14600032001,20,2.3482771e-07,3.3383967e-05,2
11050101001,20,9.606588e-08,1.6691984e-05,2
12010163001,20,2.9460236e-07,5.007595e-05,2
14850126001,20,3.4156763e-08,3.3383967e-05,2
11030029001,20,1.7718818e-07,6.6767934e-05,2
12000223001,20,3.2022004e-07,6.6767934e-05,2
14615013001,20,3.8853398e-07,3.3383967e-05,2
14822038001,20,2.2628852e-07,5.007595e-05,2
12011058001,20,3.607815e-07,5.007595e-05,2
12201099001,20,1.921318e-08,1.6691984e-05,2
14111067001,20,4.803306e-07,6.6767934e-05,2
14509028001,20,3.9920778e-07,5.007595e-05,2
12002013001,20,1.0033548e-07,3.3383967e-05,2
11040018001,20,5.123514e-08,1.6691984e-05,2
10023114001,20,2.1347978e-08,6.6767934e-05,2
31426001001,20,1.7078379e-07,5.007595e-05,2
32504043002,20,4.269595e-08,6.6767934e-05,2
12103020001,20,3.2021966e-08,1.6691984e-05,2
12125006001,20,1.7505339e-07,3.3383967e-05,2
31255010001,20,2.2842332e-07,5.007595e-05,2
12020324001,20,1.7718818e-07,3.3383967e-05,2
12002006001,20,1.4943582e-07,3.3383967e-05,2
14352059001,20,2.1134494e-07,3.3383967e-05,2
12130034001,20,5.5504735e-08,3.3383967e-05,2
41301008002,20,2.134798e-09,1.6691984e-05,2
14223295001,20,4.6965678e-07,5.007595e-05,2
12120060001,20,1.1527906e-07,3.3383967e-05,2
31230005001,20,6.4043924e-08,1.6691984e-05,2
10023049001,20,8.752669e-08,1.6691984e-05,2
10015005001,20,3.2021966e-08,1.6691984e-05,2
32504025002,20,4.696555e-08,6.6767934e-05,2
14223119001,20,6.447108e-07,8.345992e-05,2
11103179001,20,2.2628852e-07,0.0001001519,2
12121066001,20,7.8987505e-08,3.3383967e-05,2
12001026001,20,2.4977138e-07,3.3383967e-05,2
12020035001,20,1.601098e-07,1.6691984e-05,2
12122055001,20,1.1527906e-07,3.3383967e-05,2
11050003001,20,1.4303143e-07,3.3383967e-05,2
14602063001,20,5.486438e-07,0.0001001519,2
11103031001,20,2.0067095e-07,6.6767934e-05,2
12122015001,20,5.977433e-08,3.3383967e-05,2
11040003001,20,1.2168346e-07,5.007595e-05,2
11103054002,20,1.9213176e-07,3.3383967e-05,2
12020003001,20,5.977433e-08,1.6691984e-05,2
12123099001,20,1.4943586e-08,1.6691984e-05,2
11100019001,20,2.4336694e-07,6.6767934e-05,2
12100002001,20,1.3876183e-07,3.3383967e-05,2
11100015001,20,3.4156812e-07,6.6767934e-05,2
12121067001,20,1.1527906e-07,3.3383967e-05,2
14616021001,20,3.266244e-07,5.007595e-05,2
12123031001,20,1.665142e-07,5.007595e-05,2
14213055001,20,9.179629e-08,3.3383967e-05,2
14350011001,20,1.3876183e-07,3.3383967e-05,2
31502012001,20,7.685271e-08,3.3383967e-05,2
12112003001,20,1.9853616e-07,3.3383967e-05,2
14509027001,20,3.1595047e-07,6.6767934e-05,2
14505958001,20,2.2415372e-07,3.3383967e-05,2
14616018001,20,2.0494055e-07,3.3383967e-05,2
14620092001,20,1.9426656e-07,3.3383967e-05,2
12105066001,20,2.1347974e-07,3.3383967e-05,2
11074018001,20,1.0887467e-07,0.00011684388,2
14362900001,20,3.7145549e-07,5.007595e-05,2
14601051001,19,7.2369875e-07,6.6767934e-05,2
11100003001,19,1.3022265e-07,5.007595e-05,2
11022001001,19,2.1988413e-07,5.007595e-05,2
14616060001,19,9.820068e-08,3.3383967e-05,2
12011172001,19,2.4977138e-07,5.007595e-05,2
10031899001,19,2.753891e-07,3.3383967e-05,2
12011275001,19,3.5010746e-07,0.00015022785,2
14222141001,19,5.956105e-07,5.007595e-05,2
14311041001,19,1.2168346e-07,3.3383967e-05,2
14300070001,19,1.7291859e-07,3.3383967e-05,2
14511022001,19,2.1561453e-07,6.6767934e-05,2
11010022001,19,1.06739876e-07,6.6767934e-05,2
14620909001,19,3.2235485e-07,3.3383967e-05,2
14000072001,19,6.724635e-07,8.345992e-05,2
12011268001,19,2.6258024e-07,5.007595e-05,2
11032026001,19,4.056115e-08,5.007595e-05,2
33551004001,19,1.9640136e-07,3.3383967e-05,2
14223008001,19,4.2482563e-07,6.6767934e-05,2
10023093001,19,1.4730102e-07,1.6691984e-05,2
14506033001,19,2.2842332e-07,3.3383967e-05,2
11061011001,19,2.4123213e-07,5.007595e-05,2
14012025001,19,5.465098e-07,5.007595e-05,2
12100069001,19,7.8987505e-08,3.3383967e-05,2
14111040001,19,2.6044543e-07,5.007595e-05,2
11030177001,19,1.9853616e-07,3.3383967e-05,2
14361022001,19,2.0494055e-07,3.3383967e-05,2
31912019001,19,3.1595047e-07,5.007595e-05,2
14833084001,19,4.2696047e-07,5.007595e-05,2
14620107001,19,1.7078379e-07,3.3383967e-05,2
14241002001,19,3.0100682e-07,6.6767934e-05,2
14611015001,19,2.3482771e-07,3.3383967e-05,2
14204077001,19,5.5718357e-07,0.0001001519,2
14200129001,19,5.6572304e-07,5.007595e-05,2
12152062001,19,6.4043935e-09,1.6691984e-05,2
12010071001,19,1.7078379e-07,5.007595e-05,2
32410102001,19,4.483075e-08,5.007595e-05,2
32431010001,19,1.7078383e-08,1.6691984e-05,2
14312029001,19,1.9853616e-07,5.007595e-05,2
14012012001,19,2.9673723e-07,6.6767934e-05,2
14110145001,19,7.6426e-07,0.00011684388,2
14301027001,19,1.1314426e-07,5.007595e-05,2
14000099001,19,2.6898468e-07,5.007595e-05,2
11062019001,19,3.4156827e-07,5.007595e-05,2
12004016001,19,6.190913e-08,1.6691984e-05,2
14506631001,19,7.215642e-07,6.6767934e-05,2
14510005001,19,1.3876183e-07,3.3383967e-05,2
14601073001,19,1.68649e-07,5.007595e-05,2
35751018001,19,6.190913e-08,1.6691984e-05,2
14242010001,19,4.504433e-07,5.007595e-05,2
14311054001,19,3.3089412e-07,3.3383967e-05,2
14212013001,19,3.9280343e-07,5.007595e-05,2
11030018001,19,1.7078379e-07,5.007595e-05,2
14822023001,19,5.2089194e-07,6.6767934e-05,2
11040017001,19,2.3482775e-08,1.6691984e-05,2
31236026001,19,2.0280575e-07,3.3383967e-05,2
12020036001,19,1.601098e-07,8.345992e-05,2
12130049001,19,4.9100343e-08,1.6691984e-05,2
11042009001,19,2.519062e-07,5.007595e-05,2
14010224001,19,4.0774728e-07,5.007595e-05,2
10051034001,19,6.617872e-08,1.6691984e-05,2
11103254001,19,2.583106e-07,8.345992e-05,2
14630034001,19,4.2055612e-07,5.007595e-05,2
31545005001,19,8.966149e-08,3.3383967e-05,2
31707014001,19,1.4303143e-07,3.3383967e-05,2
11103001001,19,5.5504735e-08,3.3383967e-05,2
14203002001,19,7.2156416e-07,6.6767934e-05,2
14510084001,19,2.4763654e-07,3.3383967e-05,2
35302003001,19,0.0,0.0,2
14332013001,19,1.1314426e-07,3.3383967e-05,2
12102027001,19,8.11223e-08,3.3383967e-05,2
11010025001,19,1.601098e-07,3.3383967e-05,2
11031914001,19,1.2381825e-07,1.6691984e-05,2
12102056001,19,1.5797501e-07,3.3383967e-05,2
12011257001,19,1.7932298e-07,5.007595e-05,2
11032003001,19,1.643794e-07,0.0001001519,2
14352028001,19,9.606588e-08,1.6691984e-05,2
11042015001,19,7.8987505e-08,3.3383967e-05,2
12012108001,19,4.9100343e-08,5.007595e-05,2
14351033001,19,2.775239e-07,6.6767934e-05,2
14132230001,19,2.7325424e-07,5.007595e-05,2
30045058002,19,5.7639532e-08,1.6691984e-05,2
14011007001,19,5.1021806e-07,6.6767934e-05,2
12010010001,18,2.0067095e-07,3.3383967e-05,2
12322054001,18,4.9100343e-08,3.3383967e-05,2
14506124001,18,5.849364e-07,5.007595e-05,2
14204060001,18,5.785317e-07,6.6767934e-05,2
11041014001,18,7.258311e-08,3.3383967e-05,2
14507083001,18,2.9673714e-07,5.007595e-05,2
12010004001,18,7.685271e-08,3.3383967e-05,2
14361008001,18,5.6145325e-07,6.6767934e-05,2
14804013001,18,3.1168074e-07,8.345992e-05,2
14320008001,18,1.0460507e-07,3.3383967e-05,2
12010069001,18,1.0460507e-07,3.3383967e-05,2
12327040001,18,1.2168346e-07,1.6691984e-05,2
12122040001,18,9.820068e-08,1.6691984e-05,2
31502037001,18,1.3876183e-07,3.3383967e-05,2
12123017001,18,1.68649e-07,3.3383967e-05,2
14361002001,18,4.3122995e-07,5.007595e-05,2
11070014001,18,2.0707535e-07,5.007595e-05,2
14506130001,18,7.89877e-07,0.00011684388,2
12123003001,18,5.3369938e-08,3.3383967e-05,2
14510099001,18,2.2842332e-07,5.007595e-05,2
14850102001,18,6.404393e-08,8.345992e-05,2
14210110001,18,6.383066e-07,6.6767934e-05,2
31423898001,18,3.7572514e-07,5.007595e-05,2
14510259001,18,3.949383e-07,5.007595e-05,2
10014081001,18,8.32571e-08,3.3383967e-05,2
14361086001,18,4.3763453e-07,5.007595e-05,2
14620039001,18,1.8145778e-07,3.3383967e-05,2
14615898001,18,1.1314426e-07,3.3383967e-05,2
10023061001,18,7.8987505e-08,6.6767934e-05,2
14820035001,18,4.2696047e-07,5.007595e-05,2
14615016001,18,1.7932298e-07,3.3383967e-05,2
14222045001,18,1.1314426e-07,1.6691984e-05,2
12020383001,18,8.966149e-08,3.3383967e-05,2
14242105001,18,4.4403905e-07,8.345992e-05,2
14240015001,18,2.7111946e-07,3.3383967e-05,2
31546020001,18,1.7078379e-07,1.6691984e-05,2
31544077001,18,7.6852714e-08,6.6767934e-05,2
11070013001,18,8.32571e-08,3.3383967e-05,2
12011084001,18,2.4977138e-07,5.007595e-05,2
12105006001,18,1.0460507e-07,3.3383967e-05,2
31501904001,18,8.966149e-08,8.345992e-05,2
14121117001,18,5.1235287e-07,5.007595e-05,2
31533037001,18,1.3876183e-07,5.007595e-05,2
11051022001,18,1.3876183e-07,5.007595e-05,2
14600010001,18,5.3369938e-08,3.3383967e-05,2
12121015001,18,7.8987505e-08,1.6691984e-05,2
14833077001,18,5.358349e-07,0.0001001519,2
14111044001,18,6.874071e-07,6.6767934e-05,2
11071018001,18,1.1314426e-07,3.3383967e-05,2
14613018001,18,3.4370305e-07,3.3383967e-05,2
14506173001,18,4.3763444e-07,6.6767934e-05,2
12106067001,18,8.32571e-08,1.6691984e-05,2
14003008001,18,4.1842122e-07,5.007595e-05,2
11103314001,18,5.123514e-08,1.6691984e-05,2
14243120001,18,7.4718156e-07,6.6767934e-05,2
12121092001,18,9.606588e-08,3.3383967e-05,2
12121087001,18,1.1314426e-07,3.3383967e-05,2
14203058001,18,7.365076e-07,0.0001001519,2
14000098001,18,5.721275e-07,8.345992e-05,2
14361899001,18,4.120168e-07,6.6767934e-05,2
12011294001,18,1.8145778e-07,3.3383967e-05,2
10020039001,18,2.988717e-08,1.6691984e-05,2
12103016001,18,1.1527906e-07,1.6691984e-05,2
11103067001,18,1.601098e-07,3.3383967e-05,2
14203068001,18,3.223549e-07,5.007595e-05,2
12120004001,18,6.190913e-08,3.3383967e-05,2
11050102001,18,9.606588e-08,1.6691984e-05,2
12121029001,18,1.921318e-08,3.3383967e-05,2
12103089001,18,1.8359258e-07,1.6691984e-05,2
14830018001,18,2.369625e-07,3.3383967e-05,2
11072036001,18,1.17413855e-07,3.3383967e-05,2
14104080001,18,3.0741123e-07,5.007595e-05,2
14360007001,18,3.4156818e-07,5.007595e-05,2
14852899001,18,7.471791e-08,3.3383967e-05,2
14852898001,18,6.190913e-08,5.007595e-05,2
12202038001,18,4.269596e-09,1.6691984e-05,2
14852062001,18,2.775237e-08,1.6691984e-05,2
14506074001,18,5.337007e-07,8.345992e-05,2
10052002001,18,4.269596e-09,1.6691984e-05,2
12130035001,18,6.190913e-08,3.3383967e-05,2
14200017001,18,5.5291434e-07,5.007595e-05,2
11074031001,18,1.1954866e-07,3.3383967e-05,2
14852011001,18,4.4830745e-08,3.3383967e-05,2
12201111001,18,3.4156763e-08,1.6691984e-05,2
10024006001,18,9.3931085e-08,3.3383967e-05,2
14632385001,18,8.32571e-08,1.6691984e-05,2
12220021001,18,1.2168346e-07,3.3383967e-05,2
10053903001,18,4.483075e-08,1.6691984e-05,2
14200096001,18,3.0741117e-07,5.007595e-05,2
14633937001,18,4.461737e-07,6.6767934e-05,2
14601046001,18,2.2628852e-07,3.3383967e-05,2
14223139001,18,3.159505e-07,8.345992e-05,2
14700077001,18,5.123514e-08,1.6691984e-05,2
14602035001,18,1.665142e-07,5.007595e-05,2
14301020001,18,9.3931085e-08,3.3383967e-05,2
34511013001,18,5.3369938e-08,5.007595e-05,2
11062013001,18,4.056124e-07,6.6767934e-05,2
12130025001,18,4.269596e-09,1.6691984e-05,2
12016111001,18,5.7639536e-08,3.3383967e-05,2
11061053001,18,1.9426656e-07,3.3383967e-05,2
12211023001,18,5.977433e-08,3.3383967e-05,2
31421024001,18,5.3369938e-08,5.007595e-05,2
12034104001,18,1.4943582e-07,3.3383967e-05,2
31421028001,18,6.831352e-08,5.007595e-05,2
14351041001,18,3.7359018e-07,8.345992e-05,2
14616026001,18,1.5157062e-07,1.6691984e-05,2
14360032001,18,1.7718818e-07,3.3383967e-05,2
11010027001,18,2.946024e-07,5.007595e-05,2
12011349001,18,2.0494055e-07,3.3383967e-05,2
14613004001,18,3.6291624e-07,5.007595e-05,2
14022119001,18,2.2628852e-07,6.6767934e-05,2
11050057001,18,1.8999697e-07,6.6767934e-05,2
14225030001,18,9.820068e-08,3.3383967e-05,2
10040017001,18,2.5617572e-08,3.3383967e-05,2
61063005003,18,8.539192e-09,1.6691984e-05,2
10031021001,18,1.3022265e-07,3.3383967e-05,2
14303897001,18,1.601098e-07,3.3383967e-05,2
14602013001,18,0.0,0.0,2
14505052001,18,6.617872e-08,3.3383967e-05,2
14351024001,18,3.9493827e-07,5.007595e-05,2
12320018001,18,0.0,0.0,2
14523030001,18,3.629161e-07,0.00013353587,2
14601027001,18,2.4977135e-07,5.007595e-05,2
14223030001,18,5.507794e-07,8.345992e-05,2
14510037001,18,1.4943582e-07,3.3383967e-05,2
14632303001,18,2.1134494e-07,3.3383967e-05,2
14225029001,18,1.3876183e-07,3.3383967e-05,2
14342025001,17,2.860631e-07,5.007595e-05,2
14243009001,17,4.9100343e-08,3.3383967e-05,2
14211001001,17,6.7673307e-07,6.6767934e-05,2
11022041001,17,5.3369938e-08,1.6691984e-05,2
12106043001,17,2.6258024e-07,3.3383967e-05,2
14506046001,17,3.0741126e-07,5.007595e-05,2
11022003001,17,1.7932298e-07,5.007595e-05,2
14210018001,17,2.1774933e-07,3.3383967e-05,2
14510399001,17,3.5010734e-07,6.6767934e-05,2
31476039001,17,1.1314426e-07,3.3383967e-05,2
11051037001,17,1.2808788e-08,1.6691984e-05,2
14506013001,17,4.290954e-07,6.6767934e-05,2
12320183001,17,2.988717e-08,1.6691984e-05,2
31500026001,17,1.0033548e-07,3.3383967e-05,2
14509013001,17,3.1381566e-07,5.007595e-05,2
12011165001,17,3.2235496e-07,3.3383967e-05,2
14311235001,17,1.622446e-07,3.3383967e-05,2
14370045001,17,3.0954604e-07,5.007595e-05,2
31533309001,17,1.601098e-07,1.6691984e-05,2
14615011001,17,1.17413855e-07,3.3383967e-05,2
61062008002,17,1.067399e-08,1.6691984e-05,2
14613910001,17,2.4336694e-07,3.3383967e-05,2
12201116001,17,1.17413855e-07,8.345992e-05,2
14506057001,17,1.4730102e-07,5.007595e-05,2
14510186001,17,1.3022265e-07,5.007595e-05,2
14620922001,17,3.1808528e-07,5.007595e-05,2
12201129001,17,8.32571e-08,3.3383967e-05,2
31235015001,17,2.0280575e-07,3.3383967e-05,2
12106020001,17,1.5797501e-07,3.3383967e-05,2
14632155001,17,6.831352e-08,1.6691984e-05,2
14601015001,17,4.6965673e-07,6.6767934e-05,2
14509021001,17,0.0,0.0,2
14505039001,17,2.8606317e-07,5.007595e-05,2
14243068001,17,1.5370541e-07,3.3383967e-05,2
12011238001,17,1.17413855e-07,6.6767934e-05,2
12000049001,17,1.4516623e-07,3.3383967e-05,2
12011108001,17,2.369625e-07,3.3383967e-05,2
12011244001,17,3.1381566e-07,5.007595e-05,2
10052024001,17,1.2808785e-07,3.3383967e-05,2
14853067001,17,1.08874666e-07,5.007595e-05,2
11031049001,17,6.831352e-08,1.6691984e-05,2
12320177001,17,1.2168346e-07,1.6691984e-05,2
12102035001,17,1.643794e-07,1.6691984e-05,2
12011348001,17,2.1134494e-07,3.3383967e-05,2
14850042001,17,3.8426357e-08,8.345992e-05,2
12301010001,17,1.68649e-07,1.6691984e-05,2
14740013001,17,1.02470274e-07,1.6691984e-05,2
11010019001,17,1.9426656e-07,3.3383967e-05,2
12101003001,17,2.561758e-07,3.3383967e-05,2
12000067001,17,1.5370541e-07,3.3383967e-05,2
14805019001,17,3.586466e-07,6.6767934e-05,2
14303024001,17,3.6505116e-07,3.3383967e-05,2
14512005001,17,1.1314426e-07,3.3383967e-05,2
12010051001,17,8.11223e-08,1.6691984e-05,2
14620012001,17,1.17413855e-07,3.3383967e-05,2
12102040001,17,1.9426656e-07,3.3383967e-05,2
12010054001,17,1.5584021e-07,3.3383967e-05,2
14313031001,17,1.2808788e-08,1.6691984e-05,2
12010077001,17,2.1134494e-07,0.0001001519,2
14740037001,17,2.3482771e-07,8.345992e-05,2
31422900001,17,1.601098e-07,0.00011684388,2
12123055001,17,9.820068e-08,3.3383967e-05,2
31422014001,17,1.3449224e-07,3.3383967e-05,2
11010021001,17,1.4303143e-07,3.3383967e-05,2
12102112001,17,3.0314166e-07,3.3383967e-05,2
11050002001,17,1.7291859e-07,3.3383967e-05,2
14602022001,17,3.565119e-07,5.007595e-05,2
14222217001,17,4.4403896e-07,8.345992e-05,2
14304187001,17,1.643794e-07,5.007595e-05,2
14223096001,17,2.0280575e-07,3.3383967e-05,2
31568012001,17,1.8145778e-07,5.007595e-05,2
12034085001,17,6.4043935e-09,1.6691984e-05,2
14621009001,17,5.3156606e-07,6.6767934e-05,2
14304001001,17,1.7078379e-07,1.6691984e-05,2
12034014001,17,8.5391896e-08,1.6691984e-05,2
12125004001,17,1.68649e-07,0.0001001519,2
14512025001,17,7.471792e-08,3.3383967e-05,2
11061030001,17,1.5584021e-07,3.3383967e-05,2
14615019001,17,5.4864455e-07,6.6767934e-05,2
11030128001,17,6.190913e-08,1.6691984e-05,2
12011367001,17,3.1168088e-07,0.00015022785,2
14243012001,17,9.179629e-08,3.3383967e-05,2
12123101001,17,8.5391896e-08,3.3383967e-05,2
31623006001,17,1.7718818e-07,3.3383967e-05,2
12005056001,17,5.977433e-08,1.6691984e-05,2
14210035001,17,6.575196e-07,0.0001001519,2
11103132001,16,1.8786217e-07,5.007595e-05,2
14201019001,16,1.3235744e-07,3.3383967e-05,2
14104139001,16,4.931396e-07,5.007595e-05,2
14822925001,16,3.735901e-07,5.007595e-05,2
11032018001,16,1.2168346e-07,1.6691984e-05,2
14631037001,16,3.7999482e-07,5.007595e-05,2
14632117001,16,3.8426357e-08,1.6691984e-05,2
14022059001,16,4.1201696e-07,5.007595e-05,2
12102105001,16,1.7291859e-07,3.3383967e-05,2
11022024001,16,1.8145778e-07,3.3383967e-05,2
10001044001,16,1.08874666e-07,5.007595e-05,2
11074007001,16,1.4303143e-07,8.345992e-05,2
14631055001,16,8.966149e-08,1.6691984e-05,2
12000125001,16,1.2808785e-07,3.3383967e-05,2
12000129001,16,1.9853616e-07,3.3383967e-05,2
11022034001,16,1.3235744e-07,3.3383967e-05,2
31677017001,16,2.1347978e-08,1.6691984e-05,2
12000085001,16,6.4043924e-08,3.3383967e-05,2
11110094001,16,1.9640136e-07,3.3383967e-05,2
14362902001,16,3.3089412e-07,5.007595e-05,2
14822899001,16,3.2875937e-07,6.6767934e-05,2
14310071001,16,4.9100343e-08,1.6691984e-05,2
12011069001,16,2.2415372e-07,3.3383967e-05,2
31762007001,16,1.4730102e-07,3.3383967e-05,2
11022087001,16,7.471791e-08,1.6691984e-05,2
14506298001,16,2.9673717e-07,3.3383967e-05,2
35302040001,16,9.3931085e-08,3.3383967e-05,2
14615030001,16,3.3089395e-07,6.6767934e-05,2
14023305001,16,5.144875e-07,0.00011684388,2
14310111001,16,2.5617574e-08,5.007595e-05,2
14310109001,16,9.606588e-08,5.007595e-05,2
14720022001,16,1.02470274e-07,3.3383967e-05,2
12103012001,16,5.3369938e-08,1.6691984e-05,2
12023995001,16,1.4943586e-08,1.6691984e-05,2
11031924001,16,2.988717e-08,1.6691984e-05,2
12005003002,16,7.685271e-08,1.6691984e-05,2
12001004001,16,2.6044543e-07,3.3383967e-05,2
35300004001,16,0.0,0.0,2
11030095001,16,1.0460508e-07,3.3383967e-05,2
11072011001,16,8.32571e-08,3.3383967e-05,2
12000089001,16,2.3482771e-07,3.3383967e-05,2
14504042001,16,3.4797247e-07,5.007595e-05,2
14500031001,16,3.9066873e-07,8.345992e-05,2
14104136001,16,4.7606102e-07,5.007595e-05,2
14741026001,16,1.2381825e-07,3.3383967e-05,2
14304028001,16,3.821296e-07,6.6767934e-05,2
11051007001,16,1.8999697e-07,3.3383967e-05,2
31533096001,16,1.1100946e-07,1.6691984e-05,2
11103018002,16,1.3449224e-07,3.3383967e-05,2
12101042001,16,8.752669e-08,3.3383967e-05,2
14602011001,16,5.102179e-07,6.6767934e-05,2
31533893001,16,1.3235744e-07,5.007595e-05,2
31544042001,16,2.988717e-08,1.6691984e-05,2
11072902001,16,8.539192e-09,1.6691984e-05,2
14201049001,16,6.511153e-07,8.345992e-05,2
11072897001,16,7.8987505e-08,3.3383967e-05,2
12100103001,16,7.0448316e-08,1.6691984e-05,2
31675999001,16,3.4156763e-08,8.345992e-05,2
14132130001,16,6.126885e-07,8.345992e-05,2
12123068001,16,6.617872e-08,3.3383967e-05,2
14361081001,16,2.5831062e-07,0.0001001519,2
10023037001,16,4.269595e-08,1.6691984e-05,2
12011383001,16,3.9920798e-07,6.6767934e-05,2
11021052001,16,1.2595305e-07,5.007595e-05,2
14506646001,16,2.519062e-07,8.345992e-05,2
10052014001,16,1.921318e-08,1.6691984e-05,2
12000230001,16,8.5391896e-08,3.3383967e-05,2
11010013001,16,2.3909732e-07,3.3383967e-05,2
12202006001,16,1.2808788e-08,1.6691984e-05,2
14601019001,16,7.685271e-08,3.3383967e-05,2
31422002001,16,1.17413855e-07,5.007595e-05,2
14111102001,16,2.7965868e-07,3.3383967e-05,2
12123067001,16,1.5370541e-07,3.3383967e-05,2
12011332001,16,1.4303143e-07,3.3383967e-05,2
12012043001,16,4.0561233e-07,6.6767934e-05,2
14001079001,16,4.7819583e-07,5.007595e-05,2
12211004001,16,4.269596e-09,1.6691984e-05,2
31244001001,16,9.820068e-08,3.3383967e-05,2
12000182001,16,2.3055811e-07,6.6767934e-05,2
14210137001,16,1.921318e-08,1.6691984e-05,2
12011235001,16,1.2808785e-07,1.6691984e-05,2
14211052001,16,2.540409e-07,5.007595e-05,2
14204004001,16,5.614534e-07,8.345992e-05,2
14509007001,16,2.4763656e-07,3.3383967e-05,2
31420001001,16,1.4943582e-07,3.3383967e-05,2
14332007001,16,8.752669e-08,3.3383967e-05,2
11042023001,16,2.1988413e-07,3.3383967e-05,2
12000241001,16,8.11223e-08,1.6691984e-05,2
12212058001,16,9.820068e-08,5.007595e-05,2
12000170001,16,1.68649e-07,3.3383967e-05,2
14510176001,16,1.5584021e-07,3.3383967e-05,2
14311270001,16,4.3336485e-07,5.007595e-05,2
12011251001,16,1.665142e-07,5.007595e-05,2
12123140001,16,5.5504735e-08,3.3383967e-05,2
31421003001,16,8.5391896e-08,6.6767934e-05,2
14621033001,16,4.269605e-07,5.007595e-05,2
12120072001,16,8.752669e-08,3.3383967e-05,2
12301009001,16,2.1774933e-07,5.007595e-05,2
11103164001,16,1.2168346e-07,6.6767934e-05,2
12122053001,16,1.8572737e-07,5.007595e-05,2
11103291001,16,1.3235744e-07,3.3383967e-05,2
12112018001,16,1.8145778e-07,3.3383967e-05,2
12002062001,16,8.752669e-08,3.3383967e-05,2
12123035001,16,7.471791e-08,3.3383967e-05,2
12123038001,16,1.2168346e-07,5.007595e-05,2
11010112001,16,2.2842332e-07,3.3383967e-05,2
31502010001,16,2.1774933e-07,3.3383967e-05,2
31502034003,16,1.3449224e-07,5.007595e-05,2
14361014001,16,3.1808528e-07,3.3383967e-05,2
14851003001,16,0.0,0.0,2
14342020001,16,2.775237e-08,1.6691984e-05,2
12153015001,16,1.4730102e-07,5.007595e-05,2
11010116001,16,1.1314426e-07,1.6691984e-05,2
14342028001,16,1.2808785e-07,1.6691984e-05,2
30045058001,16,2.5617572e-08,1.6691984e-05,2
11042017001,16,2.1134494e-07,3.3383967e-05,2
14321009001,16,1.5797501e-07,3.3383967e-05,2
14342003001,16,2.9673714e-07,5.007595e-05,2
14850197001,16,3.8426357e-08,1.6691984e-05,2
14342008001,16,1.7718818e-07,3.3383967e-05,2
11061049001,16,3.8426357e-08,1.6691984e-05,2
12020087001,15,1.601098e-07,3.3383967e-05,2
11061032001,15,1.3235744e-07,3.3383967e-05,2
14850173001,15,1.4943586e-08,3.3383967e-05,2
11103298001,15,8.11223e-08,1.6691984e-05,2
11040044001,15,1.3876183e-07,5.007595e-05,2
14331026001,15,1.1527906e-07,3.3383967e-05,2
10014110001,15,3.8426357e-08,1.6691984e-05,2
12120076001,15,8.966149e-08,1.6691984e-05,2
14361004001,15,3.75725e-07,5.007595e-05,2
11031907001,15,2.7965874e-07,5.007595e-05,2
11110083001,15,1.3449224e-07,5.007595e-05,2
11030006001,15,1.5370541e-07,6.6767934e-05,2
12123023001,15,2.988717e-08,1.6691984e-05,2
14210058001,15,3.2662456e-07,5.007595e-05,2
12103093001,15,1.08874666e-07,5.007595e-05,2
12102087001,15,1.1314426e-07,3.3383967e-05,2
12212038001,15,4.9100343e-08,1.6691984e-05,2
12011350001,15,1.1314426e-07,5.007595e-05,2
14851018001,15,2.1347978e-08,5.007595e-05,2
11031026001,15,6.831352e-08,1.6691984e-05,2
12000318001,15,1.2595305e-07,0.0001001519,2
11010020001,15,9.1796295e-08,5.007595e-05,2
11103224001,15,8.752669e-08,3.3383967e-05,2
31423899001,15,1.5157062e-07,3.3383967e-05,2
11072008001,15,5.5504735e-08,1.6691984e-05,2
11103062001,15,1.08874666e-07,3.3383967e-05,2
12103004001,15,1.7078379e-07,3.3383967e-05,2
31422001001,15,1.9640136e-07,3.3383967e-05,2
14302080001,15,4.2696055e-07,5.007595e-05,2
12001008001,15,1.8359258e-07,3.3383967e-05,2
31912036001,15,3.4156812e-07,3.3383967e-05,2
31425004001,15,2.519062e-07,5.007595e-05,2
11021017001,15,1.5157062e-07,5.007595e-05,2
14210039001,15,1.5797501e-07,3.3383967e-05,2
11041007001,15,2.1774933e-07,3.3383967e-05,2
11104013001,15,1.3235744e-07,3.3383967e-05,2
11100012001,15,1.8572737e-07,5.007595e-05,2
14512035001,15,1.2595305e-07,3.3383967e-05,2
14740061001,15,9.3931085e-08,1.6691984e-05,2
12103080001,15,5.5504735e-08,3.3383967e-05,2
14200070001,15,2.4336694e-07,6.6767934e-05,2
12106107001,15,5.977433e-08,1.6691984e-05,2
12000112001,15,1.9640136e-07,3.3383967e-05,2
30450006001,15,1.0033548e-07,3.3383967e-05,2
12003077001,15,5.5504735e-08,0.0001001519,2
11022059001,15,1.3662704e-07,5.007595e-05,2
12011176001,15,2.1134494e-07,3.3383967e-05,2
14010039001,15,0.0,0.0,2
61062008003,15,2.3482773e-08,5.007595e-05,2
11103265001,15,8.32571e-08,3.3383967e-05,2
14351038001,15,1.8572737e-07,3.3383967e-05,2
14220146001,15,5.1235287e-07,5.007595e-05,2
11021068001,15,2.4336694e-07,3.3383967e-05,2
14226003001,15,1.1314426e-07,3.3383967e-05,2
31255005001,15,1.3662704e-07,5.007595e-05,2
14200014001,15,4.824655e-07,0.00013353587,2
14210009001,15,3.330289e-07,3.3383967e-05,2
12000246001,15,1.7291859e-07,3.3383967e-05,2
14506366001,15,1.08874666e-07,3.3383967e-05,2
14361109001,15,3.821294e-07,5.007595e-05,2
14203053001,15,6.532502e-07,6.6767934e-05,2
14352003001,15,6.617872e-08,3.3383967e-05,2
14110078001,15,5.6572287e-07,6.6767934e-05,2
14244031001,15,2.6898465e-07,5.007595e-05,2
31504015001,15,1.02470274e-07,1.6691984e-05,2
14343028001,15,9.3931085e-08,3.3383967e-05,2
66502013001,15,8.966149e-08,3.3383967e-05,2
12106075001,15,5.7639532e-08,3.3383967e-05,2
65106084001,15,2.4550175e-07,5.007595e-05,2
14630056001,15,4.6538673e-07,8.345992e-05,2
11032015001,15,8.32571e-08,3.3383967e-05,2
14506024001,15,9.179629e-08,3.3383967e-05,2
14361118001,15,3.842643e-07,5.007595e-05,2
12112002001,15,9.606588e-08,1.6691984e-05,2
30045021001,15,1.921318e-08,1.6691984e-05,2
14522059001,15,5.337008e-07,0.0001001519,2
12106026001,15,1.8999697e-07,5.007595e-05,2
12011490001,15,2.519062e-07,5.007595e-05,2
12010009001,15,2.9673723e-07,8.345992e-05,2
14504062001,15,3.372985e-07,8.345992e-05,2
14504050001,15,1.1527906e-07,1.6691984e-05,2
31254001001,15,1.4730102e-07,5.007595e-05,2
14510227001,15,3.7359035e-07,3.3383967e-05,2
12211017001,15,1.3876183e-07,3.3383967e-05,2
14111100001,15,4.5471273e-07,6.6767934e-05,2
12011210001,15,2.1347974e-07,3.3383967e-05,2
10052015001,15,1.2381825e-07,3.3383967e-05,2
10023051001,15,5.1235137e-08,5.007595e-05,2
14615012001,15,8.5391896e-08,3.3383967e-05,2
14311134001,15,1.1954866e-07,1.6691984e-05,2
11070012001,15,2.5617574e-08,3.3383967e-05,2
14633936001,15,4.4830836e-07,0.00013353587,2
14504056001,15,3.3302877e-07,8.345992e-05,2
14223171001,15,2.98872e-07,3.3383967e-05,2
14634047001,15,2.711195e-07,3.3383967e-05,2
11072034001,15,2.0067095e-07,3.3383967e-05,2
14244018001,15,1.3662704e-07,3.3383967e-05,2
12003042001,14,5.7639532e-08,3.3383967e-05,2
14204067001,14,1.7718818e-07,3.3383967e-05,2
14103049001,14,3.757251e-07,5.007595e-05,2
14616048001,14,4.269596e-09,1.6691984e-05,2
11010024001,14,1.2595305e-07,6.6767934e-05,2
14505053001,14,3.543767e-07,0.00011684388,2
14632022001,14,2.7325427e-07,5.007595e-05,2
11032031001,14,3.4156763e-08,1.6691984e-05,2
14615053001,14,6.617872e-08,1.6691984e-05,2
11110065001,14,8.11223e-08,1.6691984e-05,2
14244022001,14,2.6471503e-07,5.007595e-05,2
14620920001,14,1.8786217e-07,3.3383967e-05,2
14303898001,14,2.9887198e-07,3.3383967e-05,2
12123032001,14,1.2808785e-07,3.3383967e-05,2
14523029001,14,2.625802e-07,8.345992e-05,2
14331039001,14,2.0067095e-07,5.007595e-05,2
14506111001,14,3.9493833e-07,5.007595e-05,2
10034018001,14,1.5797501e-07,5.007595e-05,2
32507027003,14,5.977433e-08,1.6691984e-05,2
14200059001,14,1.5370541e-07,5.007595e-05,2
14342031001,14,1.9213176e-07,3.3383967e-05,2
14210027001,14,2.2842332e-07,5.007595e-05,2
14331037001,14,2.0280575e-07,3.3383967e-05,2
14303035001,14,2.1347974e-07,3.3383967e-05,2
14103073001,14,2.2842332e-07,6.6767934e-05,2
31762009001,14,1.622446e-07,5.007595e-05,2
14223083001,14,4.461738e-07,5.007595e-05,2
12100009001,14,3.8426357e-08,1.6691984e-05,2
10014021001,14,2.775237e-08,1.6691984e-05,2
32404033002,14,6.190913e-08,3.3383967e-05,2
11010013002,14,1.9853616e-07,5.007595e-05,2
12123090001,14,5.977433e-08,5.007595e-05,2
12100036001,14,1.3022265e-07,3.3383967e-05,2
14302043001,14,2.5404097e-07,5.007595e-05,2
14523107001,14,2.2842332e-07,8.345992e-05,2
14600022001,14,2.0280575e-07,3.3383967e-05,2
10014018001,14,2.988717e-08,1.6691984e-05,2
11072010001,14,4.6965546e-08,1.6691984e-05,2
14223296001,14,2.4336694e-07,5.007595e-05,2
31827020001,14,4.269596e-09,1.6691984e-05,2
14509015001,14,2.0707535e-07,3.3383967e-05,2
11040047001,14,1.643794e-07,3.3383967e-05,2
14632352001,14,3.351637e-07,5.007595e-05,2
12020020001,14,7.258312e-08,3.3383967e-05,2
14301031001,14,3.8426357e-08,3.3383967e-05,2
14300002001,14,2.9033274e-07,5.007595e-05,2
31762034001,14,1.9640136e-07,5.007595e-05,2
12012072001,14,2.1347978e-08,3.3383967e-05,2
12212003001,14,2.5617574e-08,3.3383967e-05,2
14851121001,14,5.9774344e-08,6.6767934e-05,2
11050031002,14,3.1595053e-07,5.007595e-05,2
12102006001,14,7.8987505e-08,3.3383967e-05,2
31421035001,14,1.4730102e-07,5.007595e-05,2
14303036001,14,4.6111734e-07,6.6767934e-05,2
31422016001,14,1.9426656e-07,0.0001001519,2
12125009001,14,1.7078383e-08,3.3383967e-05,2
14506112001,14,2.4123213e-07,6.6767934e-05,2
30001040001,14,2.4336694e-07,5.007595e-05,2
12001051001,14,1.1100946e-07,3.3383967e-05,2
31568011001,14,1.5370541e-07,3.3383967e-05,2
12120031001,14,2.3482775e-08,1.6691984e-05,2
12011045001,14,1.067399e-08,1.6691984e-05,2
14604047001,14,4.6538696e-07,6.6767934e-05,2
14603038001,14,2.5831062e-07,5.007595e-05,2
11042020001,14,1.2168346e-07,3.3383967e-05,2
12001038001,14,8.5391896e-08,1.6691984e-05,2
11022067001,14,3.629156e-08,1.6691984e-05,2
12105053001,14,7.258311e-08,3.3383967e-05,2
14822115001,14,1.9426656e-07,3.3383967e-05,2
12011068001,14,2.1134494e-07,3.3383967e-05,2
11021063001,14,2.2842332e-07,5.007595e-05,2
14603030001,14,1.9213176e-07,3.3383967e-05,2
14507047001,14,2.3269291e-07,3.3383967e-05,2
11021005001,14,3.4156763e-08,1.6691984e-05,2
12121111001,14,1.08874666e-07,3.3383967e-05,2
12106019001,14,1.9853616e-07,1.6691984e-05,2
11041026001,14,1.601098e-07,5.007595e-05,2
12011042001,14,2.1134494e-07,8.345992e-05,2
31530108001,14,1.3235744e-07,3.3383967e-05,2
11051049001,14,6.617872e-08,1.6691984e-05,2
14010235001,14,3.88534e-07,5.007595e-05,2
14822017001,14,4.5684774e-07,6.6767934e-05,2
12104046001,14,4.2695948e-08,3.3383967e-05,2
14822018001,14,3.0741114e-07,5.007595e-05,2
12104906001,14,8.752669e-08,1.6691984e-05,2
14370069001,14,3.3729856e-07,3.3383967e-05,2
14311008001,14,8.539192e-09,1.6691984e-05,2
11021036001,14,1.4089663e-07,5.007595e-05,2
14510255001,14,3.010068e-07,5.007595e-05,2
12105011001,14,1.2381825e-07,3.3383967e-05,2
14211028001,14,4.0347769e-07,5.007595e-05,2
14001044001,14,8.11223e-08,1.6691984e-05,2
12103101001,14,2.3269291e-07,5.007595e-05,2
11103112001,14,8.32571e-08,3.3383967e-05,2
14240014001,14,2.817935e-07,5.007595e-05,2
31533038002,14,8.32571e-08,3.3383967e-05,2
14620149001,14,2.817935e-07,3.3383967e-05,2
14203055001,14,2.0494055e-07,3.3383967e-05,2
12001108001,14,3.180853e-07,3.3383967e-05,2
12010079001,14,7.258312e-08,8.345992e-05,2
11022017001,14,2.1774933e-07,6.6767934e-05,2
14313900001,14,6.831352e-08,5.007595e-05,2
14001149001,14,5.507794e-07,6.6767934e-05,2
12102116001,14,9.3931085e-08,5.007595e-05,2
14507085001,14,2.0494055e-07,5.007595e-05,2
10023011001,14,6.617872e-08,3.3383967e-05,2
12122041001,14,3.2021966e-08,1.6691984e-05,2
14242016001,14,3.4583778e-07,8.345992e-05,2
10023103001,14,4.2695948e-08,5.007595e-05,2
31530011001,14,1.1100946e-07,1.6691984e-05,2
12110022001,14,3.052764e-07,5.007595e-05,2
14850012001,14,1.4943586e-08,1.6691984e-05,2
12010053001,14,1.7291859e-07,3.3383967e-05,2
12327050001,14,3.2021966e-08,1.6691984e-05,2
11010040001,14,1.8572737e-07,3.3383967e-05,2
11020010001,14,6.617872e-08,1.6691984e-05,2
12011147001,14,9.606588e-08,3.3383967e-05,2
12000140001,14,1.1954866e-07,1.6691984e-05,2
11041019002,14,1.0673987e-07,5.007595e-05,2
12010026001,14,1.8786217e-07,6.6767934e-05,2
12001112001,14,1.4089663e-07,3.3383967e-05,2
14616033001,13,1.4516623e-07,3.3383967e-05,2
31523019001,13,4.2909522e-07,6.6767934e-05,2
11110014002,13,1.0673987e-07,3.3383967e-05,2
14243148001,13,3.1381552e-07,6.6767934e-05,2
14350007001,13,2.796587e-07,5.007595e-05,2
14631914001,13,2.1347978e-08,1.6691984e-05,2
10002037001,13,2.1134494e-07,5.007595e-05,2
11022012001,13,1.1100946e-07,3.3383967e-05,2
14403104001,13,2.8179355e-07,0.0001001519,2
14615061001,13,1.1100946e-07,1.6691984e-05,2
14204197001,13,8.32571e-08,1.6691984e-05,2
10023008001,13,9.820068e-08,3.3383967e-05,2
11103280001,13,1.643794e-07,5.007595e-05,2
10904003001,13,8.539192e-09,1.6691984e-05,2
14361102001,13,2.946024e-07,8.345992e-05,2
31501013001,13,6.4043924e-08,3.3383967e-05,2
10023044001,13,4.483075e-08,1.6691984e-05,2
14220085001,13,4.67522e-07,6.6767934e-05,2
12130014001,13,4.696555e-08,6.6767934e-05,2
15081020001,13,1.4516623e-07,3.3383967e-05,2
14103084001,13,3.9066882e-07,6.6767934e-05,2
34511049001,13,2.775237e-08,5.007595e-05,2
10000006001,13,1.921318e-08,1.6691984e-05,2
14344010001,13,3.2021966e-08,3.3383967e-05,2
14361115001,13,1.68649e-07,5.007595e-05,2
11043012001,13,6.4043935e-09,1.6691984e-05,2
31501907002,13,9.820068e-08,1.6691984e-05,2
14001080001,13,5.038136e-07,6.6767934e-05,2
11110078001,13,7.258311e-08,5.007595e-05,2
12106004001,13,7.0448316e-08,3.3383967e-05,2
14822968001,13,1.4089663e-07,1.6691984e-05,2
12000438001,13,1.665142e-07,6.6767934e-05,2
31531169001,13,3.2448972e-07,6.6767934e-05,2
31531056001,13,9.179629e-08,5.007595e-05,2
14632103001,13,2.3055811e-07,5.007595e-05,2
12130046001,13,2.3482775e-08,3.3383967e-05,2
14632014001,13,5.7639532e-08,1.6691984e-05,2
14120008001,13,4.0988195e-07,5.007595e-05,2
12000186001,13,1.3022265e-07,3.3383967e-05,2
61064105003,13,4.6965546e-08,3.3383967e-05,2
14010023001,13,2.2628852e-07,3.3383967e-05,2
31502009001,13,7.8987505e-08,5.007595e-05,2
12020326001,13,7.8987505e-08,3.3383967e-05,2
11110079001,13,1.5584021e-07,5.007595e-05,2
14822926001,13,3.0741109e-07,5.007595e-05,2
14341079001,13,5.977433e-08,1.6691984e-05,2
11041020001,13,5.5504735e-08,1.6691984e-05,2
14200002001,13,3.3302896e-07,3.3383967e-05,2
14600026001,13,1.2595305e-07,1.6691984e-05,2
30043012001,13,5.977433e-08,3.3383967e-05,2
14506041001,13,2.1988413e-07,3.3383967e-05,2
11021061001,13,1.3022265e-07,3.3383967e-05,2
12120021001,13,1.02470274e-07,3.3383967e-05,2
12003098001,13,7.8987505e-08,5.007595e-05,2
14200001001,13,3.4370294e-07,3.3383967e-05,2
11103262001,13,1.1527906e-07,3.3383967e-05,2
31530081001,13,1.0460507e-07,3.3383967e-05,2
31501907001,13,1.643794e-07,3.3383967e-05,2
14362901001,13,1.0033548e-07,1.6691984e-05,2
12011179001,13,1.4943586e-08,1.6691984e-05,2
14601063001,13,4.547129e-07,3.3383967e-05,2
12012027001,13,6.617872e-08,3.3383967e-05,2
14210026001,13,4.5044348e-07,6.6767934e-05,2
14132150001,13,3.4156827e-07,3.3383967e-05,2
12011230001,13,2.0067095e-07,3.3383967e-05,2
12011329001,13,4.6965546e-08,5.007595e-05,2
31762017001,13,2.0494055e-07,3.3383967e-05,2
14330899001,13,5.5504735e-08,1.6691984e-05,2
11031916001,13,8.32571e-08,3.3383967e-05,2
14303033001,13,2.3909732e-07,3.3383967e-05,2
31644022001,13,1.0460507e-07,3.3383967e-05,2
14111119001,13,1.68649e-07,3.3383967e-05,2
11103196001,13,6.190913e-08,1.6691984e-05,2
14241003001,13,4.461738e-07,6.6767934e-05,2
14615036001,13,1.02470274e-07,1.6691984e-05,2
10023110001,13,9.606588e-08,6.6767934e-05,2
14361034001,13,3.5651178e-07,5.007595e-05,2
12100101001,13,1.5584021e-07,3.3383967e-05,2
11021006001,13,2.6684978e-07,5.007595e-05,2
11040056001,13,1.1314426e-07,3.3383967e-05,2
11050088001,13,1.4943586e-08,1.6691984e-05,2
12121085001,13,1.3876183e-07,5.007595e-05,2
14310015001,13,2.8179355e-07,6.6767934e-05,2
12011360001,13,6.4043924e-08,3.3383967e-05,2
14353900001,13,2.134798e-09,1.6691984e-05,2
14352098001,13,2.4123213e-07,5.007595e-05,2
11020012001,13,1.0673987e-07,3.3383967e-05,2
14501943001,13,2.4123213e-07,6.6767934e-05,2
14602034001,13,1.5157062e-07,5.007595e-05,2
14741040001,13,6.4043924e-08,1.6691984e-05,2
12020927001,13,1.2595305e-07,3.3383967e-05,2
12000214001,13,2.369625e-07,5.007595e-05,2
12002052001,13,2.0707535e-07,5.007595e-05,2
14850019001,13,3.8426357e-08,1.6691984e-05,2
14303899001,13,1.7291859e-07,3.3383967e-05,2
14615042001,13,8.966149e-08,1.6691984e-05,2
14133907001,13,5.294315e-07,5.007595e-05,2
14330014001,13,9.820068e-08,1.6691984e-05,2
11032222001,13,1.4943582e-07,5.007595e-05,2
11010060001,13,1.1527906e-07,1.6691984e-05,2
14313023001,13,9.3931085e-08,8.345992e-05,2
12010065001,13,1.6224462e-07,0.00013353587,2
12010067001,13,1.0673988e-07,8.345992e-05,2
11010026001,13,1.2168346e-07,3.3383967e-05,2
14223006001,13,4.3976942e-07,8.345992e-05,2
11010061001,13,6.4043924e-08,3.3383967e-05,2
14210068001,13,2.711195e-07,5.007595e-05,2
14612916001,13,7.8987505e-08,3.3383967e-05,2
14226100001,13,3.522422e-07,3.3383967e-05,2
11020003001,13,5.7639532e-08,3.3383967e-05,2
14023202001,13,3.629163e-07,5.007595e-05,2
14023200001,13,2.6898465e-07,5.007595e-05,2
11032221001,13,8.5391896e-08,5.007595e-05,2
14600907001,13,1.4943582e-07,3.3383967e-05,2
14701008002,13,2.6044543e-07,5.007595e-05,2
14121056001,13,3.5224218e-07,6.6767934e-05,2
14311898001,13,1.4516623e-07,3.3383967e-05,2
11110078005,13,1.7291859e-07,3.3383967e-05,2
12103125001,13,2.0707535e-07,5.007595e-05,2
11111009001,13,1.4303143e-07,3.3383967e-05,2
14612044001,13,3.693205e-07,5.007595e-05,2
12212040001,13,1.0673987e-07,5.007595e-05,2
11021025001,13,5.123514e-08,1.6691984e-05,2
12011398001,13,1.5584021e-07,5.007595e-05,2
10014006001,13,6.831352e-08,3.3383967e-05,2
31567010001,13,7.685271e-08,1.6691984e-05,2
12120078001,13,8.11223e-08,1.6691984e-05,2
11050078001,13,1.3449224e-07,6.6767934e-05,2
14506059001,13,3.1381558e-07,3.3383967e-05,2
14310169001,13,1.4089663e-07,3.3383967e-05,2
11050009002,13,1.4089663e-07,3.3383967e-05,2
12004160001,13,5.123514e-08,1.6691984e-05,2
14010284001,13,3.458378e-07,6.6767934e-05,2
31500033001,13,2.1561453e-07,3.3383967e-05,2
11100108001,13,1.4730102e-07,3.3383967e-05,2
11111008001,13,6.4043924e-08,3.3383967e-05,2
14620036001,13,1.1314426e-07,3.3383967e-05,2
14711008001,13,6.617872e-08,1.6691984e-05,2
14312017001,13,1.7078379e-07,3.3383967e-05,2
14243017001,13,2.9460233e-07,5.007595e-05,2
14312014001,13,7.0448316e-08,3.3383967e-05,2
11100103001,13,5.123514e-08,3.3383967e-05,2
14011063001,13,2.9460236e-07,5.007595e-05,2
32400180001,13,1.8999697e-07,3.3383967e-05,2
11030094001,13,1.921318e-08,1.6691984e-05,2
14331020001,13,7.258311e-08,3.3383967e-05,2
14210127001,13,6.831352e-08,1.6691984e-05,2
12020440001,13,1.7718818e-07,3.3383967e-05,2
11050103001,13,1.3449224e-07,5.007595e-05,2
32410022001,13,7.0448316e-08,1.6691984e-05,2
12000205001,13,1.601098e-07,5.007595e-05,2
12125002001,13,6.617872e-08,1.6691984e-05,2
14620112001,12,1.7718818e-07,3.3383967e-05,2
14111045001,12,4.5257818e-07,8.345992e-05,2
14130044001,12,6.361716e-07,6.6767934e-05,2
14243149001,12,2.0494055e-07,5.007595e-05,2
14620083001,12,1.68649e-07,3.3383967e-05,2
14242169001,12,2.134798e-09,1.6691984e-05,2
14111059001,12,6.276321e-07,6.6767934e-05,2
11110088002,12,1.3662704e-07,3.3383967e-05,2
14244012001,12,2.5190616e-07,5.007595e-05,2
12001083001,12,6.4043924e-08,1.6691984e-05,2
14242170001,12,2.9033274e-07,5.007595e-05,2
11073025001,12,2.7111946e-07,3.3383967e-05,2
14244034001,12,2.6471506e-07,3.3383967e-05,2
31530027001,12,7.0448316e-08,1.6691984e-05,2
14240007001,12,1.8786217e-07,3.3383967e-05,2
14362033001,12,4.9100343e-08,1.6691984e-05,2
11103130002,12,2.988717e-08,1.6691984e-05,2
14506360001,12,1.3662704e-07,3.3383967e-05,2
14220249001,12,2.3909732e-07,3.3383967e-05,2
14601067001,12,3.7572502e-07,5.007595e-05,2
11103118001,12,1.0887467e-07,5.007595e-05,2
12105043002,12,1.8786217e-07,8.345992e-05,2
31533017001,12,7.471791e-08,1.6691984e-05,2
10016006001,12,2.3482775e-08,1.6691984e-05,2
31563039001,12,2.5617574e-08,3.3383967e-05,2
11103105001,12,3.2021966e-08,1.6691984e-05,2
12103183001,12,5.977433e-08,3.3383967e-05,2
31564005001,12,1.0460507e-07,3.3383967e-05,2
11103102002,12,7.0448316e-08,1.6691984e-05,2
10014112001,12,0.0,0.0,2
12103134001,12,7.685271e-08,1.6691984e-05,2
31530048001,12,1.2168346e-07,3.3383967e-05,2
31530003001,12,7.258311e-08,1.6691984e-05,2
12103099001,12,8.752669e-08,1.6691984e-05,2
11103152001,12,8.966149e-08,3.3383967e-05,2
12020038001,12,5.5504735e-08,1.6691984e-05,2
12020060001,12,6.190913e-08,1.6691984e-05,2
12020133001,12,1.3235744e-07,3.3383967e-05,2
14631929001,12,1.9426656e-07,3.3383967e-05,2
11103200001,12,8.32571e-08,3.3383967e-05,2
12020164001,12,3.4156763e-08,1.6691984e-05,2
14361043001,12,2.6258022e-07,3.3383967e-05,2
10023083001,12,1.9640136e-07,3.3383967e-05,2
14507045001,12,2.4336694e-07,5.007595e-05,2
12121024001,12,1.1527906e-07,3.3383967e-05,2
14361074001,12,1.4730102e-07,3.3383967e-05,2
12121007001,12,2.3482775e-08,1.6691984e-05,2
12121006002,12,3.8426357e-08,1.6691984e-05,2
10023063001,12,2.1347978e-08,1.6691984e-05,2
12020249001,12,9.179629e-08,3.3383967e-05,2
10023029001,12,7.8987505e-08,1.6691984e-05,2
14213028001,12,8.966149e-08,3.3383967e-05,2
14222049001,12,4.3976948e-07,5.007595e-05,2
14506230001,12,2.1774933e-07,3.3383967e-05,2
12123114001,12,9.3931085e-08,3.3383967e-05,2
12100059001,12,4.6965546e-08,1.6691984e-05,2
14223062001,12,2.54041e-07,3.3383967e-05,2
14502068001,12,2.0067095e-07,5.007595e-05,2
32504024001,12,1.921318e-08,1.6691984e-05,2
32504025004,12,2.3482777e-08,3.3383967e-05,2
10013011001,12,6.190913e-08,1.6691984e-05,2
11076004001,12,0.0,0.0,2
14506048001,12,3.394333e-07,5.007595e-05,2
10010044001,12,1.17413855e-07,1.6691984e-05,2
10010001001,12,8.539192e-09,1.6691984e-05,2
35751001001,12,4.269596e-09,1.6691984e-05,2
14602060001,12,4.2696047e-07,5.007595e-05,2
14602036001,12,2.8179352e-07,3.3383967e-05,2
41521020001,12,4.0561154e-08,1.6691984e-05,2
42014003001,12,1.2808785e-07,3.3383967e-05,2
14225946001,12,5.2089206e-07,5.007595e-05,2
12022109001,12,5.5504735e-08,1.6691984e-05,2
65031238001,12,5.977433e-08,1.6691984e-05,2
12100049001,12,1.1954866e-07,1.6691984e-05,2
12100102001,12,1.1314426e-07,1.6691984e-05,2
12103083001,12,1.2808788e-08,1.6691984e-05,2
14506081001,12,2.4763656e-07,3.3383967e-05,2
12103075001,12,4.6111728e-07,5.007595e-05,2
31568024001,12,1.5584021e-07,6.6767934e-05,2
12103047001,12,6.4043924e-08,3.3383967e-05,2
12000026001,12,1.665142e-07,5.007595e-05,2
31603018001,12,2.0067095e-07,3.3383967e-05,2
12103036001,12,3.629156e-08,1.6691984e-05,2
11103068001,12,7.0448316e-08,3.3383967e-05,2
12103003001,12,4.269596e-09,1.6691984e-05,2
11103052001,12,8.752669e-08,3.3383967e-05,2
11071014001,12,8.752669e-08,1.6691984e-05,2
10014046001,12,0.0,0.0,2
31677016001,12,2.1347978e-08,1.6691984e-05,2
12102059001,12,2.4336694e-07,3.3383967e-05,2
12020926001,12,2.3482775e-08,1.6691984e-05,2
11102007001,12,2.0280575e-07,3.3383967e-05,2
14227001001,12,3.052764e-07,5.007595e-05,2
10014043001,12,0.0,0.0,2
12123089001,12,3.2021966e-08,1.6691984e-05,2
31423896001,12,1.4943582e-07,3.3383967e-05,2
14508903001,12,2.369625e-07,5.007595e-05,2
11103383001,12,4.9100343e-08,1.6691984e-05,2
12010034001,12,4.269595e-08,3.3383967e-05,2
12010040001,12,1.4089663e-07,1.6691984e-05,2
12010055001,12,9.1796295e-08,0.00011684388,2
12010062001,12,3.2021966e-08,1.6691984e-05,2
12010113001,12,1.2808785e-07,1.6691984e-05,2
14012002001,12,3.8639922e-07,5.007595e-05,2
11030005001,12,5.7639532e-08,3.3383967e-05,2
14821011001,12,2.476365e-07,5.007595e-05,2
14822020001,12,3.1808509e-07,5.007595e-05,2
14833005001,12,1.3662704e-07,3.3383967e-05,2
12011011001,12,3.8426357e-08,3.3383967e-05,2
14822024001,12,2.3055811e-07,3.3383967e-05,2
14203005001,12,3.0954607e-07,5.007595e-05,2
14311040001,12,1.7932298e-07,3.3383967e-05,2
12011062001,12,1.0033548e-07,3.3383967e-05,2
12000261001,12,1.02470274e-07,3.3383967e-05,2
14508918001,12,4.483075e-08,1.6691984e-05,2
14311095001,12,2.369625e-07,5.007595e-05,2
12010023001,12,3.4156763e-08,1.6691984e-05,2
14304008001,12,2.7538908e-07,5.007595e-05,2
14742022001,12,3.4156763e-08,1.6691984e-05,2
14201003001,12,7.0448316e-08,1.6691984e-05,2
14631948001,12,2.3482771e-07,5.007595e-05,2
14244051001,12,1.7078379e-07,3.3383967e-05,2
14632067001,12,1.7078379e-07,6.6767934e-05,2
12000361001,12,8.5391896e-08,1.6691984e-05,2
12000351001,12,1.8145778e-07,3.3383967e-05,2
14200028001,12,4.6965546e-08,1.6691984e-05,2
12003161001,12,1.3662704e-07,3.3383967e-05,2
12000340001,12,2.6258022e-07,8.345992e-05,2
14300057001,12,1.9426656e-07,3.3383967e-05,2
12005003004,12,2.988717e-08,3.3383967e-05,2
14301030001,12,2.1347978e-08,1.6691984e-05,2
14302002001,12,2.54041e-07,3.3383967e-05,2
11050078002,12,1.2808785e-07,3.3383967e-05,2
14023194001,12,4.6965546e-08,1.6691984e-05,2
14740017001,12,1.5157062e-07,3.3383967e-05,2
14023005001,12,2.4977138e-07,3.3383967e-05,2
14742018001,12,1.8999697e-07,3.3383967e-05,2
12011184001,12,5.5504735e-08,3.3383967e-05,2
14002006001,12,5.5504735e-08,1.6691984e-05,2
14000036001,12,4.141517e-07,8.345992e-05,2
14204100001,12,1.622446e-07,6.6767934e-05,2
12212013001,12,8.32571e-08,3.3383967e-05,2
12211016001,12,2.3269291e-07,6.6767934e-05,2
10041069001,12,0.0,0.0,2
10041058001,12,7.0448316e-08,1.6691984e-05,2
10041055001,12,0.0,0.0,2
10041013001,12,1.7078383e-08,1.6691984e-05,2
10034047001,12,6.617872e-08,3.3383967e-05,2
10034044001,12,1.4943586e-08,1.6691984e-05,2
11103267001,12,8.3257106e-08,3.3383967e-05,2
12151096001,12,1.5370541e-07,3.3383967e-05,2
30450013001,12,6.4043924e-08,3.3383967e-05,2
11062006001,12,1.1527906e-07,3.3383967e-05,2
14210021001,12,2.4336694e-07,5.007595e-05,2
31253002001,12,1.8786217e-07,5.007595e-05,2
31255006001,12,1.4730102e-07,3.3383967e-05,2
12212017001,12,4.9100347e-08,3.3383967e-05,2
12212018001,12,5.7639532e-08,3.3383967e-05,2
12327007001,12,6.4043935e-09,1.6691984e-05,2
12231005001,12,8.539192e-09,3.3383967e-05,2
14315015001,12,1.4089663e-07,5.007595e-05,2
12326152001,12,4.9100343e-08,1.6691984e-05,2
14320006001,12,1.4943586e-08,1.6691984e-05,2
12000215001,12,3.629156e-08,1.6691984e-05,2
12327086001,12,6.4043935e-09,1.6691984e-05,2
11010057001,12,9.820068e-08,3.3383967e-05,2
14833069001,12,2.2415372e-07,5.007595e-05,2
12220009001,12,2.1347974e-07,3.3383967e-05,2
11061002001,12,1.9640136e-07,3.3383967e-05,2
14210135001,11,1.5157062e-07,5.007595e-05,2
14210061001,11,5.123514e-08,1.6691984e-05,2
11041007003,11,1.02470274e-07,1.6691984e-05,2
12000220001,11,1.3022265e-07,1.6691984e-05,2
14225045001,11,2.0067095e-07,5.007595e-05,2
14210084001,11,3.8212954e-07,5.007595e-05,2
11041005001,11,1.5157062e-07,3.3383967e-05,2
14604037001,11,3.6932067e-07,6.6767934e-05,2
12000375001,11,1.665142e-07,3.3383967e-05,2
14204198001,11,2.6684987e-07,3.3383967e-05,2
14226019001,11,1.3235744e-07,3.3383967e-05,2
14202011001,11,3.2235485e-07,5.007595e-05,2
14615044001,11,1.8359258e-07,5.007595e-05,2
14611007001,11,1.08874666e-07,3.3383967e-05,2
14223047001,11,2.1561453e-07,5.007595e-05,2
14222104001,11,4.3336496e-07,5.007595e-05,2
14204003001,11,2.7965874e-07,6.6767934e-05,2
14204073001,11,3.9707322e-07,6.6767934e-05,2
11050022001,11,2.0280575e-07,3.3383967e-05,2
14222120001,11,5.123514e-08,1.6691984e-05,2
11042027001,11,7.471791e-08,3.3383967e-05,2
14225052001,11,4.7179154e-07,5.007595e-05,2
11040058001,11,8.5391896e-08,1.6691984e-05,2
12011287001,11,1.2808785e-07,5.007595e-05,2
14311256001,11,1.2808785e-07,1.6691984e-05,2
14000209001,11,3.522423e-07,5.007595e-05,2
31563004001,11,1.7291859e-07,3.3383967e-05,2
31553006001,11,1.0673987e-07,3.3383967e-05,2
14000109001,11,3.9920798e-07,3.3383967e-05,2
14833033001,11,3.4370305e-07,5.007595e-05,2
11103322001,11,9.606588e-08,3.3383967e-05,2
14506334001,11,2.796587e-07,6.6767934e-05,2
31532060001,11,1.5370541e-07,3.3383967e-05,2
12104050001,11,3.8426357e-08,1.6691984e-05,2
14370077001,11,1.3022265e-07,3.3383967e-05,2
11103115001,11,9.606588e-08,1.6691984e-05,2
11010059001,11,4.0561154e-08,3.3383967e-05,2
12105051001,11,6.831352e-08,1.6691984e-05,2
14320899001,11,1.02470274e-07,1.6691984e-05,2
14506358001,11,2.4123213e-07,5.007595e-05,2
31567002001,11,9.3931085e-08,3.3383967e-05,2
12011221001,11,1.68649e-07,5.007595e-05,2
11021060001,11,1.4516623e-07,5.007595e-05,2
31568007001,11,7.471791e-08,5.007595e-05,2
12010897001,11,1.2808785e-07,3.3383967e-05,2
12011018001,11,1.4303143e-07,1.6691984e-05,2
31621032001,11,2.775237e-08,1.6691984e-05,2
11051011001,11,5.5504735e-08,1.6691984e-05,2
31621001001,11,1.2808785e-07,5.007595e-05,2
11103370001,11,6.4043924e-08,3.3383967e-05,2
11022063001,11,1.2168346e-07,3.3383967e-05,2
11071002001,11,1.2595305e-07,3.3383967e-05,2
12011102001,11,1.7291859e-07,5.007595e-05,2
11022044001,11,6.617872e-08,3.3383967e-05,2
11051012001,11,2.775237e-08,1.6691984e-05,2
10014058001,11,7.258311e-08,3.3383967e-05,2
11022006001,11,3.8426357e-08,1.6691984e-05,2
14001150001,11,3.2022015e-07,6.6767934e-05,2
12122045001,11,1.7505339e-07,3.3383967e-05,2
12320175001,11,3.629156e-08,1.6691984e-05,2
11061035001,11,1.8359258e-07,3.3383967e-05,2
14012011001,11,1.8999697e-07,6.6767934e-05,2
14352079001,11,1.3235744e-07,5.007595e-05,2
30013002001,11,8.5391896e-08,3.3383967e-05,2
14351017001,11,1.9426656e-07,5.007595e-05,2
10023058001,11,6.4043935e-09,1.6691984e-05,2
12120081001,11,7.685271e-08,6.6767934e-05,2
14509017001,11,1.8572737e-07,3.3383967e-05,2
12130071001,11,6.4043935e-09,1.6691984e-05,2
14352058001,11,1.5157062e-07,8.345992e-05,2
31254009001,11,7.685271e-08,1.6691984e-05,2
12301004001,11,1.9853616e-07,3.3383967e-05,2
12020220001,11,6.4043935e-09,1.6691984e-05,2
31455002001,11,1.4516623e-07,3.3383967e-05,2
12121071001,11,7.258311e-08,3.3383967e-05,2
31421041001,11,6.4043924e-08,3.3383967e-05,2
31422013001,11,6.190913e-08,1.6691984e-05,2
31423009001,11,7.8987505e-08,1.6691984e-05,2
12020078001,11,5.977433e-08,1.6691984e-05,2
31500032001,11,7.0448316e-08,1.6691984e-05,2
14343036001,11,1.7505339e-07,3.3383967e-05,2
12012015001,11,1.7718818e-07,3.3383967e-05,2
14509042001,11,1.17413855e-07,3.3383967e-05,2
14331005001,11,2.3482775e-08,3.3383967e-05,2
11010016001,11,8.11223e-08,1.6691984e-05,2
14331007001,11,5.7639532e-08,1.6691984e-05,2
31531022001,11,8.5391896e-08,1.6691984e-05,2
12106027001,11,3.629156e-08,1.6691984e-05,2
12011378001,11,1.7932298e-07,6.6767934e-05,2
14853027001,11,1.2808788e-08,1.6691984e-05,2
14853033001,11,1.067399e-08,1.6691984e-05,2
14361178001,11,2.2628852e-07,3.3383967e-05,2
14331029001,11,6.831352e-08,1.6691984e-05,2
12212057001,11,1.08874666e-07,5.007595e-05,2
12212056001,11,1.3449224e-07,5.007595e-05,2
14331997001,11,6.190913e-08,1.6691984e-05,2
14361177001,11,2.7325427e-07,3.3383967e-05,2
12011484001,11,1.8359258e-07,1.6691984e-05,2
31628003001,11,1.4303143e-07,3.3383967e-05,2
12011158002,11,6.617872e-08,5.007595e-05,2
32501008001,11,7.685271e-08,3.3383967e-05,2
12102026001,11,3.3516378e-07,3.3383967e-05,2
14730900001,11,1.3235744e-07,3.3383967e-05,2
12002107001,11,1.68649e-07,3.3383967e-05,2
31801024001,11,1.067399e-08,1.6691984e-05,2
14720029001,11,8.32571e-08,3.3383967e-05,2
41530016001,11,0.0,0.0,2
14710007001,11,2.1988413e-07,5.007595e-05,2
14701041001,11,1.9213176e-07,3.3383967e-05,2
12002010001,11,7.0448316e-08,1.6691984e-05,2
12005003003,11,7.0448316e-08,3.3383967e-05,2
12023015001,11,3.2021966e-08,1.6691984e-05,2
12002044001,11,8.32571e-08,1.6691984e-05,2
14301018001,11,2.4550172e-07,6.6767934e-05,2
12023020001,11,6.190913e-08,3.3383967e-05,2
32404033003,11,6.190913e-08,3.3383967e-05,2
14104029001,11,1.7291859e-07,3.3383967e-05,2
14504076001,11,2.6044543e-07,5.007595e-05,2
11032006001,11,3.8426357e-08,1.6691984e-05,2
11110028001,11,2.4550175e-07,6.6767934e-05,2
12034086001,11,2.3482775e-08,1.6691984e-05,2
32511012001,11,1.7078383e-08,1.6691984e-05,2
32511050001,11,2.775237e-08,1.6691984e-05,2
12002100001,11,1.4730102e-07,5.007595e-05,2
11050053001,11,1.0033548e-07,3.3383967e-05,2
11074059001,11,7.258311e-08,3.3383967e-05,2
14631925001,11,1.2381825e-07,3.3383967e-05,2
12020946001,11,5.3369938e-08,1.6691984e-05,2
14730010001,11,3.095461e-07,5.007595e-05,2
14304089001,11,2.0494055e-07,3.3383967e-05,2
14511057001,11,9.606588e-08,1.6691984e-05,2
12102082001,11,4.269595e-08,3.3383967e-05,2
14303058001,11,4.034777e-07,5.007595e-05,2
11031035001,11,1.9853616e-07,3.3383967e-05,2
14512015001,11,1.1100946e-07,1.6691984e-05,2
11110086001,11,1.02470274e-07,3.3383967e-05,2
31707075001,11,8.5391896e-08,3.3383967e-05,2
14511066001,11,1.2595305e-07,5.007595e-05,2
14243054001,11,4.0774728e-07,5.007595e-05,2
11102004001,11,1.8572737e-07,3.3383967e-05,2
11110092001,11,9.3931085e-08,3.3383967e-05,2
14243028001,11,1.7718818e-07,3.3383967e-05,2
14620048001,11,6.617872e-08,1.6691984e-05,2
11031913001,11,2.3482771e-07,5.007595e-05,2
12111030001,10,5.977433e-08,1.6691984e-05,2
12121079001,10,7.8987505e-08,5.007595e-05,2
31504001001,10,2.1347978e-08,1.6691984e-05,2
10023017001,10,6.4043935e-09,1.6691984e-05,2
14505102001,10,1.2808788e-08,1.6691984e-05,2
31510009001,10,5.977433e-08,3.3383967e-05,2
12020314001,10,2.1561453e-07,3.3383967e-05,2
12122026001,10,3.2021966e-08,1.6691984e-05,2
14506011001,10,2.4977138e-07,3.3383967e-05,2
12020117001,10,1.2595305e-07,3.3383967e-05,2
31510010001,10,3.8426357e-08,3.3383967e-05,2
12106086001,10,1.665142e-07,5.007595e-05,2
12121081001,10,3.4156763e-08,1.6691984e-05,2
12020248001,10,1.0460508e-07,3.3383967e-05,2
12120036001,10,5.3369938e-08,3.3383967e-05,2
14602049001,10,2.775239e-07,3.3383967e-05,2
12121009001,10,1.1954866e-07,3.3383967e-05,2
31500012001,10,1.0033548e-07,3.3383967e-05,2
14505043001,10,6.831352e-08,1.6691984e-05,2
61037010002,10,1.067399e-08,1.6691984e-05,2
12120091001,10,1.1100946e-07,3.3383967e-05,2
10023078001,10,3.4156763e-08,1.6691984e-05,2
10023066001,10,3.2021966e-08,1.6691984e-05,2
12020196001,10,1.4089663e-07,1.6691984e-05,2
12120045001,10,1.0033548e-07,1.6691984e-05,2
12020240001,10,1.68649e-07,1.6691984e-05,2
14361054001,10,8.966149e-08,3.3383967e-05,2
14210113001,10,3.7999484e-07,3.3383967e-05,2
12023011001,10,3.629156e-08,1.6691984e-05,2
12020175001,10,4.269596e-09,1.6691984e-05,2
61080007004,10,1.067399e-08,1.6691984e-05,2
65110026001,10,1.921318e-08,1.6691984e-05,2
11074060005,10,5.5504735e-08,1.6691984e-05,2
11071021001,10,1.2381825e-07,1.6691984e-05,2
31530049001,10,1.17413855e-07,1.6691984e-05,2
12000097001,10,1.2168346e-07,3.3383967e-05,2
12103160001,10,8.32571e-08,3.3383967e-05,2
12102024001,10,5.3369938e-08,1.6691984e-05,2
11103100001,10,5.7639532e-08,1.6691984e-05,2
14500011001,10,1.1314426e-07,5.007595e-05,2
31567030001,10,3.2021966e-08,1.6691984e-05,2
12000100001,10,9.179629e-08,5.007595e-05,2
12102031001,10,7.258311e-08,1.6691984e-05,2
31709946001,10,2.0707535e-07,1.6691984e-05,2
11071035001,10,7.471791e-08,3.3383967e-05,2
12103040001,10,9.820068e-08,3.3383967e-05,2
11101044001,10,6.4043924e-08,1.6691984e-05,2
11102017001,10,7.0448316e-08,1.6691984e-05,2
12020437001,10,8.966149e-08,3.3383967e-05,2
14602115001,10,5.123514e-08,3.3383967e-05,2
11103001002,10,7.258311e-08,3.3383967e-05,2
12020901001,10,1.2381825e-07,3.3383967e-05,2
12102996001,10,1.3022265e-07,1.6691984e-05,2
14506131001,10,3.2022e-07,3.3383967e-05,2
14603026001,10,2.5617578e-07,5.007595e-05,2
11103043001,10,1.1954866e-07,8.345992e-05,2
12102020001,10,2.5831062e-07,3.3383967e-05,2
31762022001,10,1.2381825e-07,1.6691984e-05,2
12106039001,10,9.3931085e-08,3.3383967e-05,2
11100016001,10,5.1235137e-08,5.007595e-05,2
35302015001,10,0.0,0.0,2
33551909001,10,5.123514e-08,1.6691984e-05,2
10012009001,10,1.8786217e-07,3.3383967e-05,2
12034088001,10,1.9213179e-08,3.3383967e-05,2
31531171001,10,1.7078383e-08,1.6691984e-05,2
12000028001,10,1.3022265e-07,3.3383967e-05,2
12000122001,10,1.68649e-07,3.3383967e-05,2
32410019001,10,4.0561154e-08,5.007595e-05,2
12105072001,10,1.3876183e-07,1.6691984e-05,2
11100107001,10,8.752669e-08,3.3383967e-05,2
31552017001,10,1.4943582e-07,5.007595e-05,2
12100051001,10,2.0280575e-07,3.3383967e-05,2
11101021001,10,5.5504735e-08,3.3383967e-05,2
14221114001,10,5.102179e-07,6.6767934e-05,2
11101023001,10,1.1954866e-07,3.3383967e-05,2
14370048001,10,1.0033548e-07,1.6691984e-05,2
14222009001,10,2.134798e-09,1.6691984e-05,2
31545002001,10,9.3931085e-08,3.3383967e-05,2
14403103001,10,2.6471506e-07,0.0001001519,2
14411001001,10,4.2695948e-08,3.3383967e-05,2
14507087001,10,1.9640136e-07,3.3383967e-05,2
12016026001,10,8.5391896e-08,1.6691984e-05,2
12020090001,10,5.123514e-08,1.6691984e-05,2
14311002001,10,3.629156e-08,1.6691984e-05,2
12005082009,10,4.269595e-08,1.6691984e-05,2
14740050001,10,1.2381825e-07,3.3383967e-05,2
14740057001,10,1.665142e-07,3.3383967e-05,2
14303034001,10,2.8392833e-07,3.3383967e-05,2
14740074001,10,9.3931085e-08,3.3383967e-05,2
14022103001,10,1.1527906e-07,1.6691984e-05,2
11030195001,10,1.1314426e-07,3.3383967e-05,2
11030183002,10,1.4303143e-07,1.6691984e-05,2
14013964001,10,2.8819798e-07,6.6767934e-05,2
14511016001,10,1.3662704e-07,3.3383967e-05,2
12010200001,10,3.8426357e-08,1.6691984e-05,2
11022085001,10,4.0561154e-08,1.6691984e-05,2
14721018001,10,1.7505339e-07,3.3383967e-05,2
11051009001,10,9.1796295e-08,5.007595e-05,2
14311037001,10,6.617872e-08,1.6691984e-05,2
12011096001,10,2.1347978e-08,1.6691984e-05,2
12000264001,10,1.2595305e-07,6.6767934e-05,2
12011120001,10,9.820068e-08,3.3383967e-05,2
11022024002,10,1.8572737e-07,3.3383967e-05,2
10023107001,10,9.3931085e-08,1.6691984e-05,2
12011171001,10,5.7639532e-08,1.6691984e-05,2
14833001001,10,3.2021966e-08,1.6691984e-05,2
11021028001,10,7.471791e-08,1.6691984e-05,2
12011262001,10,1.0033548e-07,3.3383967e-05,2
12005082007,10,3.4156763e-08,1.6691984e-05,2
12005002005,10,1.4943586e-08,1.6691984e-05,2
11021018001,10,7.258311e-08,1.6691984e-05,2
14111026001,10,2.8606308e-07,5.007595e-05,2
12001041001,10,1.5584021e-07,5.007595e-05,2
11110087002,10,1.665142e-07,1.6691984e-05,2
14620063001,10,4.0561154e-08,3.3383967e-05,2
14620072001,10,4.9100343e-08,1.6691984e-05,2
14243088001,10,1.3662704e-07,3.3383967e-05,2
11050049001,10,1.2381825e-07,3.3383967e-05,2
14620178001,10,1.02470274e-07,3.3383967e-05,2
11032229001,10,2.134798e-09,1.6691984e-05,2
11032224001,10,5.763953e-08,5.007595e-05,2
12002066001,10,1.7932298e-07,3.3383967e-05,2
11032043001,10,1.0673987e-07,5.007595e-05,2
12002106001,10,1.1314426e-07,1.6691984e-05,2
14634033001,10,1.1954866e-07,1.6691984e-05,2
14631023001,10,2.1988413e-07,5.007595e-05,2
12003025001,10,2.988717e-08,1.6691984e-05,2
14244060001,10,1.1954866e-07,3.3383967e-05,2
14242135001,10,3.7359038e-07,5.007595e-05,2
14244063001,10,2.7111946e-07,5.007595e-05,2
14632435001,10,2.3055811e-07,5.007595e-05,2
11050068001,10,1.7718818e-07,5.007595e-05,2
14244945001,10,5.7639532e-08,1.6691984e-05,2
11031942001,10,2.5617572e-08,3.3383967e-05,2
14300029001,10,6.190913e-08,1.6691984e-05,2
12004020001,10,1.921318e-08,1.6691984e-05,2
14204013001,10,4.483075e-08,1.6691984e-05,2
12011325001,10,3.052764e-07,5.007595e-05,2
11062004001,10,1.7505339e-07,3.3383967e-05,2
31225014001,10,2.775237e-08,1.6691984e-05,2
12000169001,10,1.2595305e-07,3.3383967e-05,2
12011374001,10,1.5370541e-07,3.3383967e-05,2
12125003001,10,1.067399e-08,3.3383967e-05,2
12212044001,10,1.0460507e-07,1.6691984e-05,2
12212020001,10,5.977433e-08,5.007595e-05,2
12016106001,10,5.3369938e-08,1.6691984e-05,2
14351057001,10,1.4730102e-07,3.3383967e-05,2
12011442001,10,1.2808785e-07,1.6691984e-05,2
12000208001,10,1.622446e-07,3.3383967e-05,2
30045078002,10,0.0,0.0,2
14340027001,10,2.3909732e-07,3.3383967e-05,2
14341068001,10,2.2415372e-07,5.007595e-05,2
14342010001,10,1.1100946e-07,3.3383967e-05,2
12012169001,10,6.4043924e-08,1.6691984e-05,2
30000049001,10,1.1527906e-07,1.6691984e-05,2
14343026001,10,2.7325424e-07,3.3383967e-05,2
11103283002,10,4.269595e-08,3.3383967e-05,2
14853039001,10,4.0561154e-08,3.3383967e-05,2
31421034001,10,1.2168346e-07,5.007595e-05,2
14314003001,10,4.9100343e-08,1.6691984e-05,2
12123043001,10,9.606588e-08,1.6691984e-05,2
11020013001,10,5.977433e-08,1.6691984e-05,2
12020021001,10,2.134798e-09,1.6691984e-05,2
11061008001,10,1.2595305e-07,3.3383967e-05,2
14360016001,10,1.2808788e-08,1.6691984e-05,2
14360014001,10,1.5370541e-07,3.3383967e-05,2
12123106001,10,2.3482775e-08,1.6691984e-05,2
14851014001,10,3.629156e-08,8.345992e-05,2
12327027001,10,3.629156e-08,1.6691984e-05,2
11042010001,10,1.9853616e-07,3.3383967e-05,2
11103244002,10,1.3662704e-07,3.3383967e-05,2
12321040001,10,5.3369938e-08,1.6691984e-05,2
11010056001,10,6.831352e-08,3.3383967e-05,2
11103252001,9,1.3876183e-07,3.3383967e-05,2
14300003001,9,2.2842332e-07,3.3383967e-05,2
14243027001,9,2.2415372e-07,6.6767934e-05,2
14225057001,9,2.4550175e-07,5.007595e-05,2
11072903001,9,1.3449224e-07,5.007595e-05,2
12000041001,9,9.606588e-08,5.007595e-05,2
11103246001,9,1.7291859e-07,8.345992e-05,2
14300019001,9,1.4516623e-07,1.6691984e-05,2
11074022001,9,1.067399e-08,3.3383967e-05,2
14601028001,9,1.4730102e-07,1.6691984e-05,2
14361053001,9,4.013428e-07,5.007595e-05,2
14351028001,9,1.7932298e-07,5.007595e-05,2
14361064001,9,2.9460242e-07,5.007595e-05,2
11074060004,9,1.4943586e-08,1.6691984e-05,2
11103253001,9,9.179629e-08,1.6691984e-05,2
14353002001,9,4.0561154e-08,3.3383967e-05,2
14244005001,9,5.123514e-08,1.6691984e-05,2
14510138001,9,1.7505339e-07,3.3383967e-05,2
14506076001,9,1.4089663e-07,5.007595e-05,2
14302072001,9,2.7965874e-07,3.3383967e-05,2
14312016001,9,3.4156763e-08,1.6691984e-05,2
11111037001,9,1.0033548e-07,3.3383967e-05,2
14313021001,9,2.7752373e-08,6.6767934e-05,2
11061009001,9,5.5504735e-08,1.6691984e-05,2
14242068001,9,2.5617572e-08,1.6691984e-05,2
11051023001,9,9.3931085e-08,1.6691984e-05,2
11103085001,9,4.269595e-08,3.3383967e-05,2
11103354001,9,2.3482775e-08,1.6691984e-05,2
12000015001,9,9.606588e-08,3.3383967e-05,2
14311071001,9,8.966149e-08,3.3383967e-05,2
14330003001,9,4.6965546e-08,1.6691984e-05,2
14510038001,9,7.685271e-08,1.6691984e-05,2
11050129001,9,1.3022265e-07,3.3383967e-05,2
14310062001,9,9.820068e-08,3.3383967e-05,2
11071032001,9,1.5157062e-07,3.3383967e-05,2
14511071001,9,1.2168346e-07,1.6691984e-05,2
14511087001,9,2.775237e-08,3.3383967e-05,2
14506129001,9,1.7932298e-07,3.3383967e-05,2
14241078001,9,1.643794e-07,5.007595e-05,2
14304047001,9,1.1954866e-07,6.6767934e-05,2
14304003001,9,8.752669e-08,1.6691984e-05,2
11104001001,9,1.1314426e-07,3.3383967e-05,2
14303040001,9,2.4550175e-07,3.3383967e-05,2
14361170001,9,4.0561154e-08,1.6691984e-05,2
14506411001,9,1.3449224e-07,8.345992e-05,2
14242044001,9,2.1134494e-07,3.3383967e-05,2
14341019001,9,8.752669e-08,1.6691984e-05,2
14311093001,9,2.0280575e-07,3.3383967e-05,2
12005003001,9,7.685271e-08,1.6691984e-05,2
14225041001,9,1.9213176e-07,3.3383967e-05,2
12102101001,9,2.5617574e-08,3.3383967e-05,2
14700036001,9,7.685271e-08,1.6691984e-05,2
12101040001,9,1.2595305e-07,5.007595e-05,2
12102010001,9,8.966149e-08,3.3383967e-05,2
12102042001,9,8.11223e-08,3.3383967e-05,2
14730015001,9,1.2595305e-07,3.3383967e-05,2
14023192001,9,3.031416e-07,3.3383967e-05,2
14731005001,9,3.8426357e-08,1.6691984e-05,2
12005084004,9,3.2021966e-08,1.6691984e-05,2
31707023001,9,5.123514e-08,1.6691984e-05,2
12020920001,9,4.269595e-08,1.6691984e-05,2
12102109001,9,1.02470274e-07,3.3383967e-05,2
14633055001,9,4.483075e-08,1.6691984e-05,2
11031033001,9,4.269595e-08,1.6691984e-05,2
12010058001,9,1.4943586e-08,1.6691984e-05,2
12102136001,9,7.258311e-08,3.3383967e-05,2
31660018001,9,4.269596e-09,1.6691984e-05,2
11030024001,9,1.0033548e-07,3.3383967e-05,2
11023015001,9,5.1235137e-08,3.3383967e-05,2
12011025001,9,6.4043935e-09,1.6691984e-05,2
12011050001,9,4.4830752e-08,3.3383967e-05,2
12011051001,9,1.2168346e-07,3.3383967e-05,2
14010056001,9,2.54041e-07,5.007595e-05,2
14102365001,9,2.1561453e-07,3.3383967e-05,2
31912024001,9,1.9853616e-07,3.3383967e-05,2
12011133001,9,4.269595e-08,5.007595e-05,2
14121028001,9,4.162864e-07,5.007595e-05,2
11040060001,9,7.8987505e-08,3.3383967e-05,2
35751021001,9,5.3369938e-08,1.6691984e-05,2
14616044001,9,7.8987505e-08,3.3383967e-05,2
11040045001,9,1.2808785e-07,5.007595e-05,2
12001019001,9,1.4089663e-07,3.3383967e-05,2
12001043001,9,1.08874666e-07,1.6691984e-05,2
35300016001,9,2.134798e-09,1.6691984e-05,2
35300010001,9,1.4943586e-08,1.6691984e-05,2
12001070001,9,1.02470274e-07,3.3383967e-05,2
32600036001,9,2.5617572e-08,1.6691984e-05,2
14620171001,9,8.32571e-08,3.3383967e-05,2
12003086001,9,0.0,0.0,2
11040004001,9,5.7639532e-08,3.3383967e-05,2
12034012001,9,6.617872e-08,1.6691984e-05,2
12002008001,9,1.7078383e-08,1.6691984e-05,2
14621012001,9,2.2415372e-07,6.6767934e-05,2
14111090001,9,2.4336694e-07,5.007595e-05,2
14111012001,9,4.6111745e-07,5.007595e-05,2
12002125001,9,7.258311e-08,1.6691984e-05,2
32410016001,9,4.0561154e-08,3.3383967e-05,2
14632002001,9,4.269595e-08,1.6691984e-05,2
12003039001,9,5.977433e-08,3.3383967e-05,2
12103117001,9,1.0673987e-07,1.6691984e-05,2
12011166001,9,7.0448316e-08,3.3383967e-05,2
12000374001,9,1.1954866e-07,3.3383967e-05,2
30045076001,9,6.4043935e-09,1.6691984e-05,2
12212009001,9,5.5504735e-08,3.3383967e-05,2
11010001001,9,1.4943586e-08,1.6691984e-05,2
10022009001,9,4.9100343e-08,3.3383967e-05,2
12106038001,9,8.5391896e-08,1.6691984e-05,2
12012164001,9,9.820068e-08,1.6691984e-05,2
30002001001,9,2.5617574e-08,3.3383967e-05,2
12106112001,9,1.7078383e-08,1.6691984e-05,2
31504006001,9,8.539192e-09,1.6691984e-05,2
12110029001,9,1.2808788e-08,1.6691984e-05,2
12151095001,9,1.1527906e-07,3.3383967e-05,2
30071043001,9,8.5391896e-08,1.6691984e-05,2
12011403001,9,1.2595305e-07,3.3383967e-05,2
12112025001,9,8.5391896e-08,1.6691984e-05,2
31253001001,9,1.8145778e-07,3.3383967e-05,2
31253004001,9,5.977433e-08,1.6691984e-05,2
31500032002,9,1.3235744e-07,1.6691984e-05,2
10023124001,9,1.4943586e-08,3.3383967e-05,2
31421040001,9,4.9100343e-08,5.007595e-05,2
12122001001,9,7.8987505e-08,3.3383967e-05,2
12123070001,9,5.977433e-08,3.3383967e-05,2
12122038001,9,1.067399e-08,1.6691984e-05,2
12122036001,9,2.3482775e-08,3.3383967e-05,2
12105068001,9,1.4089663e-07,3.3383967e-05,2
12011402001,9,5.3369938e-08,3.3383967e-05,2
31567028001,9,7.0448316e-08,1.6691984e-05,2
12327054001,9,2.775237e-08,1.6691984e-05,2
14001065001,9,2.3055811e-07,5.007595e-05,2
31567023001,9,7.0448316e-08,3.3383967e-05,2
12103174001,9,3.629156e-08,1.6691984e-05,2
14833037001,9,7.8987505e-08,1.6691984e-05,2
12011291001,9,6.831352e-08,1.6691984e-05,2
14833045001,9,1.7291859e-07,3.3383967e-05,2
12104002001,9,5.123514e-08,1.6691984e-05,2
12104015001,9,2.5617572e-08,1.6691984e-05,2
14833065001,9,1.3022265e-07,3.3383967e-05,2
12327076001,9,4.6965546e-08,1.6691984e-05,2
12327025001,9,8.539192e-09,1.6691984e-05,2
31533003001,9,1.7505339e-07,5.007595e-05,2
31544077002,9,4.0561154e-08,1.6691984e-05,2
12104051001,9,2.775237e-08,1.6691984e-05,2
14850135001,9,9.3931085e-08,3.3383967e-05,2
11010035001,9,4.483075e-08,1.6691984e-05,2
12320176001,9,3.4156763e-08,1.6691984e-05,2
12302120001,9,4.9100343e-08,1.6691984e-05,2
14225016001,9,1.5797501e-07,3.3383967e-05,2
12105021001,9,7.258311e-08,1.6691984e-05,2
12301024001,9,1.1314426e-07,3.3383967e-05,2
12234036001,9,4.9100343e-08,3.3383967e-05,2
11040062001,9,1.4943586e-08,3.3383967e-05,2
12122035001,9,4.9100343e-08,3.3383967e-05,2
12000058001,9,1.17413855e-07,3.3383967e-05,2
11041025001,9,1.2808785e-07,3.3383967e-05,2
11042001001,9,1.3235744e-07,3.3383967e-05,2
14602058001,9,3.6718592e-07,5.007595e-05,2
14204151001,9,1.68649e-07,3.3383967e-05,2
14602055001,9,2.1347974e-07,3.3383967e-05,2
61064012003,9,2.3482775e-08,1.6691984e-05,2
14210015001,9,2.0280575e-07,3.3383967e-05,2
14210050001,9,2.3055811e-07,6.6767934e-05,2
14210025001,9,2.519062e-07,5.007595e-05,2
11042002001,9,1.0460507e-07,3.3383967e-05,2
14225014001,9,1.9213176e-07,3.3383967e-05,2
61064105002,9,2.988717e-08,1.6691984e-05,2
12000050001,9,1.1100946e-07,1.6691984e-05,2
41522101001,9,2.1347978e-08,1.6691984e-05,2
14614001001,9,1.3662704e-07,3.3383967e-05,2
61070019003,9,6.4043924e-08,3.3383967e-05,2
11042006001,9,1.0673987e-07,3.3383967e-05,2
11042031001,9,1.08874666e-07,3.3383967e-05,2
14133918001,9,2.1988413e-07,3.3383967e-05,2
11041030001,9,1.3876183e-07,3.3383967e-05,2
14223048001,9,2.561758e-07,5.007595e-05,2
35752003001,9,4.9100343e-08,1.6691984e-05,2
14204103001,9,7.8987505e-08,1.6691984e-05,2
14310028001,8,1.7505339e-07,3.3383967e-05,2
12011355001,8,1.643794e-07,3.3383967e-05,2
14304128001,8,8.539192e-09,1.6691984e-05,2
12102154001,8,1.643794e-07,6.6767934e-05,2
14226160001,8,4.6965546e-08,1.6691984e-05,2
12102134001,8,9.606588e-08,6.6767934e-05,2
14304230001,8,1.622446e-07,3.3383967e-05,2
11103128001,8,1.2808788e-08,1.6691984e-05,2
11030062001,8,1.7078383e-08,1.6691984e-05,2
12105063001,8,1.2381825e-07,3.3383967e-05,2
12010118001,8,1.3235744e-07,5.007595e-05,2
11112036001,8,4.483075e-08,1.6691984e-05,2
12020500001,8,1.0673987e-07,3.3383967e-05,2
11103283001,8,7.0448316e-08,3.3383967e-05,2
12011388001,8,2.1347978e-08,1.6691984e-05,2
11061054001,8,1.3662704e-07,3.3383967e-05,2
11030079001,8,4.0561154e-08,1.6691984e-05,2
12020498001,8,5.123514e-08,1.6691984e-05,2
12010145001,8,1.1100946e-07,1.6691984e-05,2
14310022001,8,7.8987505e-08,1.6691984e-05,2
12105058001,8,1.1100946e-07,3.3383967e-05,2
12000397001,8,2.2628852e-07,3.3383967e-05,2
14304013001,8,2.3909732e-07,5.007595e-05,2
11031011001,8,6.190913e-08,1.6691984e-05,2
14741009001,8,1.4516623e-07,3.3383967e-05,2
14730008001,8,1.3449224e-07,5.007595e-05,2
12005056004,8,5.3369938e-08,1.6691984e-05,2
14600999001,8,1.4303143e-07,1.6691984e-05,2
14342007001,8,1.3235744e-07,3.3383967e-05,2
14520044001,8,1.2168346e-07,1.6691984e-05,2
14604080001,8,1.1954866e-07,3.3383967e-05,2
14341016001,8,8.966149e-08,1.6691984e-05,2
14740018001,8,1.4943582e-07,3.3383967e-05,2
12011487001,8,2.134798e-09,1.6691984e-05,2
14361902001,8,1.68649e-07,3.3383967e-05,2
14602029001,8,1.4730102e-07,3.3383967e-05,2
31707076001,8,1.7932298e-07,3.3383967e-05,2
14340001001,8,1.4303143e-07,1.6691984e-05,2
14602064001,8,8.752669e-08,3.3383967e-05,2
11070018001,8,1.17413855e-07,1.6691984e-05,2
12005108001,8,4.9100343e-08,1.6691984e-05,2
14303060001,8,3.1808534e-07,5.007595e-05,2
12005108003,8,6.4043935e-09,1.6691984e-05,2
11031911001,8,6.190913e-08,3.3383967e-05,2
12000191001,8,1.2595305e-07,3.3383967e-05,2
14512023001,8,4.483075e-08,1.6691984e-05,2
12212002001,8,7.685271e-08,1.6691984e-05,2
65151027001,8,7.685271e-08,1.6691984e-05,2
12000189001,8,1.2168346e-07,3.3383967e-05,2
12010035001,8,1.1954866e-07,3.3383967e-05,2
11031022001,8,6.617872e-08,3.3383967e-05,2
12010173001,8,7.8987505e-08,3.3383967e-05,2
31607007001,8,1.4943582e-07,1.6691984e-05,2
14851073001,8,2.1347978e-08,1.6691984e-05,2
14833017001,8,1.68649e-07,3.3383967e-05,2
14506348001,8,2.5404097e-07,3.3383967e-05,2
11010045001,8,1.1954866e-07,3.3383967e-05,2
11103299001,8,1.2808788e-08,1.6691984e-05,2
14850063001,8,2.134798e-09,1.6691984e-05,2
14832024001,8,1.1954866e-07,1.6691984e-05,2
12000150001,8,6.617872e-08,5.007595e-05,2
12011198001,8,5.550474e-08,3.3383967e-05,2
14001043001,8,1.5157062e-07,3.3383967e-05,2
12104900001,8,2.988717e-08,1.6691984e-05,2
12011216001,8,7.685271e-08,1.6691984e-05,2
12103154001,8,1.2808788e-08,1.6691984e-05,2
31545011001,8,9.3931085e-08,3.3383967e-05,2
14604042001,8,8.752669e-08,1.6691984e-05,2
14311258001,8,4.483075e-08,3.3383967e-05,2
12000019001,8,8.5391896e-08,3.3383967e-05,2
12327048001,8,1.4943586e-08,1.6691984e-05,2
14000201001,8,1.8999697e-07,3.3383967e-05,2
14313899001,8,1.921318e-08,1.6691984e-05,2
11103108001,8,2.3482775e-08,1.6691984e-05,2
14510161001,8,1.1954866e-07,3.3383967e-05,2
11061003001,8,1.3449224e-07,3.3383967e-05,2
14000080001,8,3.8639917e-07,5.007595e-05,2
14833021001,8,1.9853616e-07,3.3383967e-05,2
14506330001,8,5.3369938e-08,1.6691984e-05,2
12327062001,8,2.5617572e-08,1.6691984e-05,2
12011310001,8,5.7639532e-08,1.6691984e-05,2
11103304001,8,9.820068e-08,3.3383967e-05,2
14411053001,8,1.921318e-08,1.6691984e-05,2
12011153001,8,8.966149e-08,1.6691984e-05,2
14321008001,8,4.483075e-08,1.6691984e-05,2
14011022001,8,1.8999697e-07,5.007595e-05,2
14505035001,8,2.0067095e-07,5.007595e-05,2
14011018001,8,2.4123213e-07,1.6691984e-05,2
11010021002,8,5.5504735e-08,1.6691984e-05,2
11050010002,8,3.2021966e-08,1.6691984e-05,2
31530005001,8,2.5617572e-08,1.6691984e-05,2
14310209001,8,7.258311e-08,5.007595e-05,2
12103031001,8,1.3022265e-07,3.3383967e-05,2
65031073001,8,5.5504735e-08,3.3383967e-05,2
31533097001,8,9.820068e-08,1.6691984e-05,2
12103050001,8,1.4943586e-08,1.6691984e-05,2
14500043001,8,2.0494055e-07,3.3383967e-05,2
12011009001,8,4.269596e-09,1.6691984e-05,2
11103077001,8,8.32571e-08,1.6691984e-05,2
12011014001,8,6.617872e-08,3.3383967e-05,2
11051003001,8,9.820068e-08,3.3383967e-05,2
61080007002,8,1.2808788e-08,1.6691984e-05,2
11051004001,8,6.4043924e-08,1.6691984e-05,2
14510225001,8,5.123514e-08,1.6691984e-05,2
31540007001,8,8.32571e-08,3.3383967e-05,2
14601032001,8,1.0673987e-07,1.6691984e-05,2
12011060001,8,4.9100343e-08,1.6691984e-05,2
14822116001,8,7.0448316e-08,1.6691984e-05,2
12011076001,8,6.617872e-08,1.6691984e-05,2
14210029001,8,2.54041e-07,1.6691984e-05,2
12011094001,8,9.179629e-08,1.6691984e-05,2
12105005001,8,2.1347978e-08,1.6691984e-05,2
31544075001,8,9.606588e-08,1.6691984e-05,2
14510213001,8,1.3022265e-07,3.3383967e-05,2
11110999001,8,7.258311e-08,1.6691984e-05,2
10035038001,8,9.179629e-08,3.3383967e-05,2
14303021001,8,2.8392833e-07,3.3383967e-05,2
10035033001,8,9.179629e-08,3.3383967e-05,2
32403025003,8,1.2595305e-07,1.6691984e-05,2
12123133001,8,4.483075e-08,3.3383967e-05,2
14243108001,8,1.2168346e-07,3.3383967e-05,2
11076896001,8,8.752669e-08,3.3383967e-05,2
41401071001,8,2.988717e-08,1.6691984e-05,2
14524044001,8,8.966149e-08,3.3383967e-05,2
14353023001,8,1.3235744e-07,3.3383967e-05,2
12020217001,8,4.6965546e-08,1.6691984e-05,2
31500003001,8,8.11223e-08,3.3383967e-05,2
31267002001,8,8.32571e-08,1.6691984e-05,2
14507044001,8,1.5370541e-07,3.3383967e-05,2
14509006001,8,1.8572737e-07,3.3383967e-05,2
14621026001,8,1.7078383e-08,1.6691984e-05,2
14111146001,8,2.369625e-07,5.007595e-05,2
14111099001,8,3.671858e-07,5.007595e-05,2
11110078002,8,6.4043924e-08,5.007595e-05,2
14111079001,8,1.5584021e-07,3.3383967e-05,2
14602044001,8,1.2595305e-07,3.3383967e-05,2
14621065001,8,2.3055811e-07,3.3383967e-05,2
10033062001,8,5.5504735e-08,1.6691984e-05,2
12002114001,8,1.1314426e-07,3.3383967e-05,2
31254899001,8,4.483075e-08,5.007595e-05,2
14353001001,8,7.471791e-08,1.6691984e-05,2
11072030001,8,8.32571e-08,1.6691984e-05,2
12125030001,8,6.831352e-08,1.6691984e-05,2
14110270001,8,2.775237e-08,1.6691984e-05,2
12002948001,8,7.685271e-08,1.6691984e-05,2
14352093001,8,6.4043924e-08,5.007595e-05,2
14244046001,8,1.5157062e-07,3.3383967e-05,2
12100020001,8,7.685271e-08,1.6691984e-05,2
12121060001,8,5.336994e-08,3.3383967e-05,2
14504060001,8,1.3022265e-07,3.3383967e-05,2
11040020001,8,9.3931085e-08,5.007595e-05,2
14615072001,8,1.9426656e-07,3.3383967e-05,2
14225933001,8,2.6684987e-07,3.3383967e-05,2
14602047001,8,1.4516623e-07,3.3383967e-05,2
12023202001,8,0.0,0.0,2
12123001001,8,2.3482775e-08,1.6691984e-05,2
11041009001,8,2.1347978e-08,1.6691984e-05,2
35307925001,8,2.134798e-09,1.6691984e-05,2
12000496001,8,9.179629e-08,5.007595e-05,2
12020147001,8,1.7078383e-08,3.3383967e-05,2
12000504001,8,1.2595305e-07,3.3383967e-05,2
31423897001,8,1.3235744e-07,3.3383967e-05,2
35307005001,8,1.7078383e-08,1.6691984e-05,2
12123021001,8,2.134798e-09,1.6691984e-05,2
12001011001,8,5.5504735e-08,3.3383967e-05,2
35752005001,8,1.7078383e-08,1.6691984e-05,2
12121072001,8,1.601098e-07,3.3383967e-05,2
12122008001,8,5.7639532e-08,1.6691984e-05,2
31422017001,8,1.2381825e-07,3.3383967e-05,2
12001029001,8,5.123514e-08,3.3383967e-05,2
12020034001,8,5.123514e-08,3.3383967e-05,2
14620028001,8,8.5391896e-08,3.3383967e-05,2
14200061001,8,1.643794e-07,3.3383967e-05,2
12123060001,8,2.775237e-08,1.6691984e-05,2
35300013001,8,0.0,0.0,2
14508018001,8,1.1314426e-07,3.3383967e-05,2
11110084001,8,7.0448316e-08,3.3383967e-05,2
31423902001,8,6.4043935e-09,1.6691984e-05,2
14620061001,8,2.988717e-08,1.6691984e-05,2
14507061001,8,9.606588e-08,3.3383967e-05,2
14631100001,8,1.0033548e-07,1.6691984e-05,2
14353003001,8,1.4943586e-08,1.6691984e-05,2
61064195003,8,4.0561154e-08,3.3383967e-05,2
14223065001,8,1.9426656e-07,5.007595e-05,2
12102002001,8,4.0561154e-08,1.6691984e-05,2
10023031001,8,7.0448316e-08,3.3383967e-05,2
11073012001,8,1.2168346e-07,3.3383967e-05,2
12101033001,8,1.3876183e-07,3.3383967e-05,2
14505973001,8,3.2021966e-08,1.6691984e-05,2
14700037001,8,9.179629e-08,1.6691984e-05,2
12112017001,8,8.752669e-08,1.6691984e-05,2
11103153001,8,4.0561154e-08,1.6691984e-05,2
14101002001,8,2.6258022e-07,3.3383967e-05,2
14226032001,8,1.3449224e-07,3.3383967e-05,2
11112004001,8,9.606588e-08,3.3383967e-05,2
14633031001,8,8.752669e-08,1.6691984e-05,2
14634025001,8,1.8786217e-07,3.3383967e-05,2
14244935001,8,1.5370541e-07,3.3383967e-05,2
12100091001,8,1.4303143e-07,3.3383967e-05,2
12151094001,8,8.32571e-08,3.3383967e-05,2
12014035001,8,1.7718818e-07,5.007595e-05,2
14633908001,8,5.123514e-08,1.6691984e-05,2
11110031001,8,2.1347978e-08,1.6691984e-05,2
14632186001,8,4.6965546e-08,1.6691984e-05,2
12014004001,8,5.7639532e-08,1.6691984e-05,2
31240002001,8,4.9100343e-08,1.6691984e-05,2
10033052001,8,4.9100343e-08,1.6691984e-05,2
14352027001,8,4.269595e-08,1.6691984e-05,2
14352031001,8,5.7639532e-08,1.6691984e-05,2
14632044001,8,2.1561453e-07,3.3383967e-05,2
14301110001,8,1.9426656e-07,5.007595e-05,2
14350018001,7,1.2168346e-07,3.3383967e-05,0
14505913001,7,1.7078379e-07,5.007595e-05,0
12326167001,7,2.1347978e-08,1.6691984e-05,0
12012168001,7,1.0673987e-07,3.3383967e-05,0
12011477001,7,7.471791e-08,3.3383967e-05,0
11061016001,7,9.3931085e-08,3.3383967e-05,0
31531047001,7,1.622446e-07,3.3383967e-05,0
11061001001,7,9.606588e-08,3.3383967e-05,0
14602051001,7,9.820068e-08,3.3383967e-05,0
14360001001,7,1.08874666e-07,1.6691984e-05,0
12151092001,7,6.190913e-08,1.6691984e-05,0
12020032003,7,2.775237e-08,1.6691984e-05,0
12106087001,7,4.269595e-08,1.6691984e-05,0
14604038001,7,1.9426656e-07,3.3383967e-05,0
14340002001,7,8.752669e-08,3.3383967e-05,0
14313891001,7,3.2021966e-08,1.6691984e-05,0
14604041001,7,1.5370541e-07,5.007595e-05,0
12110015001,7,5.7639532e-08,1.6691984e-05,0
12327026001,7,1.7078383e-08,3.3383967e-05,0
14313004001,7,2.988717e-08,5.007595e-05,0
14411023001,7,6.4043935e-09,1.6691984e-05,0
12327035001,7,4.269596e-09,1.6691984e-05,0
14833079001,7,2.0280575e-07,3.3383967e-05,0
12201122001,7,4.269595e-08,1.6691984e-05,0
12000039001,7,4.0561154e-08,3.3383967e-05,0
14411015001,7,1.4943586e-08,1.6691984e-05,0
14506393001,7,1.622446e-07,3.3383967e-05,0
14604078001,7,5.3369938e-08,3.3383967e-05,0
14344005001,7,1.5797501e-07,1.6691984e-05,0
12016113001,7,9.820068e-08,1.6691984e-05,0
12123102001,7,9.179629e-08,1.6691984e-05,0
10023068001,7,2.3482775e-08,3.3383967e-05,0
12130088001,7,3.629156e-08,3.3383967e-05,0
12120005001,7,1.921318e-08,1.6691984e-05,0
65111095001,7,2.775237e-08,1.6691984e-05,0
14331898001,7,1.1527906e-07,3.3383967e-05,0
11103282001,7,5.7639532e-08,1.6691984e-05,0
10023991001,7,1.02470274e-07,3.3383967e-05,0
31533085001,7,6.4043924e-08,1.6691984e-05,0
12212060001,7,1.1100946e-07,3.3383967e-05,0
12105037001,7,1.4943586e-08,1.6691984e-05,0
12020264001,7,5.7639532e-08,1.6691984e-05,0
65031151001,7,1.7078383e-08,1.6691984e-05,0
14352999001,7,1.9640136e-07,5.007595e-05,0
12000076001,7,8.11223e-08,3.3383967e-05,0
31236034001,7,5.977433e-08,1.6691984e-05,0
14370010001,7,2.988717e-08,1.6691984e-05,0
12130029001,7,1.2808788e-08,1.6691984e-05,0
10020017001,7,6.4043935e-09,1.6691984e-05,0
14853034001,7,1.4943586e-08,1.6691984e-05,0
12105059001,7,1.3662704e-07,3.3383967e-05,0
12120079001,7,5.977433e-08,6.6767934e-05,0
31118023001,7,7.685271e-08,1.6691984e-05,0
14362039001,7,1.4089663e-07,3.3383967e-05,0
30073068001,7,7.8987505e-08,3.3383967e-05,0
31532003001,7,7.258312e-08,3.3383967e-05,0
14508022001,7,8.11223e-08,1.6691984e-05,0
66511056001,7,3.8426357e-08,1.6691984e-05,0
12022043001,7,5.3369938e-08,3.3383967e-05,0
12000093001,7,1.17413855e-07,1.6691984e-05,0
12111074001,7,2.3482775e-08,1.6691984e-05,0
12123134001,7,2.9887165e-08,3.3383967e-05,0
11103244001,7,1.1954866e-07,3.3383967e-05,0
65031047001,7,4.9100343e-08,3.3383967e-05,0
12121027001,7,9.179629e-08,5.007595e-05,0
31532059001,7,1.0033548e-07,1.6691984e-05,0
12017009001,7,3.2021966e-08,1.6691984e-05,0
12150007001,7,1.2381825e-07,5.007595e-05,0
30073017001,7,1.921318e-08,1.6691984e-05,0
11061031001,7,1.4089663e-07,3.3383967e-05,0
12302008001,7,2.988717e-08,1.6691984e-05,0
31271016001,7,4.269595e-08,1.6691984e-05,0
14603009001,7,1.601098e-07,5.007595e-05,0
12105070001,7,9.3931085e-08,1.6691984e-05,0
12000057001,7,1.1527906e-07,5.007595e-05,0
11022035001,7,9.606588e-08,5.007595e-05,0
14312068001,7,9.820068e-08,1.6691984e-05,0
14300021001,7,1.2381825e-07,3.3383967e-05,0
11042003001,7,5.977433e-08,1.6691984e-05,0
14700050001,7,6.190913e-08,3.3383967e-05,0
14300096001,7,2.2628852e-07,3.3383967e-05,0
14612925001,7,1.3022265e-07,1.6691984e-05,0
11101034001,7,4.0561154e-08,1.6691984e-05,0
31821065001,7,4.483075e-08,3.3383967e-05,0
14103048001,7,1.08874666e-07,3.3383967e-05,0
14301109001,7,3.223549e-07,3.3383967e-05,0
12100092001,7,9.820068e-08,1.6691984e-05,0
14633046001,7,1.9640136e-07,5.007595e-05,0
14104088001,7,2.6684987e-07,5.007595e-05,0
14632482001,7,2.0280575e-07,3.3383967e-05,0
12100054001,7,5.977433e-08,1.6691984e-05,0
12020960001,7,6.831352e-08,1.6691984e-05,0
12000207001,7,8.752669e-08,3.3383967e-05,0
31762003001,7,1.02470274e-07,3.3383967e-05,0
14304062001,7,1.0673987e-07,3.3383967e-05,0
61062008001,7,2.1347978e-08,1.6691984e-05,0
11031041001,7,8.11223e-08,3.3383967e-05,0
11103008001,7,4.269595e-08,3.3383967e-05,0
11031910002,7,4.9100343e-08,1.6691984e-05,0
31677021002,7,4.269595e-08,1.6691984e-05,0
14601010001,7,1.7505339e-07,3.3383967e-05,0
12005084007,7,3.2021966e-08,1.6691984e-05,0
11031917001,7,6.617872e-08,3.3383967e-05,0
12005015007,7,1.921318e-08,1.6691984e-05,0
31707086001,7,5.977433e-08,3.3383967e-05,0
14023140001,7,4.3549977e-07,6.6767934e-05,0
11074021001,7,2.5617572e-08,1.6691984e-05,0
11102012001,7,4.483075e-08,1.6691984e-05,0
14730898001,7,8.5391896e-08,3.3383967e-05,0
31709944001,7,1.7078383e-08,1.6691984e-05,0
14104117001,7,1.9213176e-07,3.3383967e-05,0
14632342001,7,5.3369938e-08,1.6691984e-05,0
11050063001,7,5.977433e-08,1.6691984e-05,0
34511051001,7,8.539192e-09,1.6691984e-05,0
41310021001,7,2.988717e-08,1.6691984e-05,0
11076892001,7,1.7078383e-08,1.6691984e-05,0
11074046001,7,1.0673987e-07,5.007595e-05,0
11110079005,7,8.11223e-08,3.3383967e-05,0
11040027001,7,4.483075e-08,1.6691984e-05,0
12001059001,7,1.1314426e-07,1.6691984e-05,0
14620058001,7,1.2168346e-07,3.3383967e-05,0
14632295001,7,4.0561154e-08,1.6691984e-05,0
14504044001,7,1.8572737e-07,3.3383967e-05,0
12001047001,7,4.483075e-08,3.3383967e-05,0
12001037001,7,2.0067095e-07,3.3383967e-05,0
12001023001,7,5.7639532e-08,1.6691984e-05,0
12000498001,7,7.0448316e-08,1.6691984e-05,0
14615897001,7,2.0921014e-07,3.3383967e-05,0
14243110001,7,2.775237e-08,1.6691984e-05,0
11110079004,7,5.3369938e-08,3.3383967e-05,0
14203065001,7,7.258311e-08,1.6691984e-05,0
12002005001,7,1.665142e-07,3.3383967e-05,0
12002021001,7,6.190913e-08,3.3383967e-05,0
12002035001,7,9.3931085e-08,1.6691984e-05,0
41522089001,7,1.067399e-08,1.6691984e-05,0
32502015001,7,2.3482775e-08,1.6691984e-05,0
11074033001,7,5.5504735e-08,3.3383967e-05,0
32470093001,7,5.3369938e-08,3.3383967e-05,0
11041031001,7,5.977433e-08,1.6691984e-05,0
14613017001,7,3.4156763e-08,1.6691984e-05,0
11100021001,7,1.5797501e-07,3.3383967e-05,0
14632080001,7,1.5797501e-07,3.3383967e-05,0
14522043001,7,7.8987505e-08,1.6691984e-05,0
12003059001,7,9.3931085e-08,1.6691984e-05,0
14244062001,7,3.629156e-08,3.3383967e-05,0
11112021001,7,4.910034e-08,3.3383967e-05,0
11110005001,7,4.0561154e-08,1.6691984e-05,0
11103884001,7,5.3369938e-08,1.6691984e-05,0
14000219001,7,2.8392836e-07,5.007595e-05,0
31611044001,7,1.3235744e-07,5.007595e-05,0
12010201001,7,8.966149e-08,3.3383967e-05,0
12010213001,7,1.68649e-07,3.3383967e-05,0
14312011001,7,1.601098e-07,3.3383967e-05,0
31607015001,7,9.179629e-08,1.6691984e-05,0
12011265001,7,1.0460507e-07,3.3383967e-05,0
14010283001,7,2.711195e-07,6.6767934e-05,0
14000120001,7,2.561758e-07,5.007595e-05,0
11021023001,7,1.4089663e-07,3.3383967e-05,0
14506222001,7,1.9426656e-07,5.007595e-05,0
12011044001,7,9.606588e-08,3.3383967e-05,0
12011100001,7,1.3876183e-07,3.3383967e-05,0
14510178001,7,2.0494055e-07,3.3383967e-05,0
14506176001,7,1.2808785e-07,1.6691984e-05,0
11042022001,7,6.831352e-08,1.6691984e-05,0
14510184001,7,3.8426357e-08,1.6691984e-05,0
11050010001,7,7.471791e-08,1.6691984e-05,0
11103102001,7,9.820068e-08,5.007595e-05,0
11103086002,7,1.4943586e-08,1.6691984e-05,0
12011118001,7,4.0561154e-08,3.3383967e-05,0
14002014001,7,1.7078379e-07,5.007595e-05,0
14611014001,7,8.32571e-08,3.3383967e-05,0
14510206001,7,5.5504735e-08,1.6691984e-05,0
11021064001,7,1.5584021e-07,3.3383967e-05,0
12011213001,7,6.4043924e-08,3.3383967e-05,0
12103132001,7,1.921318e-08,1.6691984e-05,0
14611009001,7,1.4303143e-07,3.3383967e-05,0
14310128001,7,4.269596e-09,1.6691984e-05,0
14213008001,7,3.0100665e-07,5.007595e-05,0
12011304001,7,1.4730102e-07,1.6691984e-05,0
11103321002,7,1.02470274e-07,1.6691984e-05,0
31675047001,7,3.4156763e-08,3.3383967e-05,0
14304135001,7,1.643794e-07,3.3383967e-05,0
12010097001,7,8.539192e-09,1.6691984e-05,0
11030180001,7,1.5370541e-07,3.3383967e-05,0
12102132001,7,3.4156763e-08,1.6691984e-05,0
14204897001,7,5.123514e-08,1.6691984e-05,0
31627899001,7,2.3482775e-08,1.6691984e-05,0
12010123001,7,6.831352e-08,3.3383967e-05,0
12011308001,7,1.3022265e-07,5.007595e-05,0
12102150001,7,9.606588e-08,1.6691984e-05,0
12102153001,7,1.2168346e-07,3.3383967e-05,0
11103092001,7,2.1347978e-08,1.6691984e-05,0
14511021001,7,3.8426357e-08,3.3383967e-05,0
11103054003,7,6.190913e-08,3.3383967e-05,0
31552006001,6,1.17413855e-07,3.3383967e-05,0
12122017001,6,8.539192e-09,1.6691984e-05,0
11074060002,6,8.539192e-09,1.6691984e-05,0
12034053001,6,6.4043924e-08,3.3383967e-05,0
31423903001,6,1.8999697e-07,3.3383967e-05,0
33120021001,6,1.067399e-08,1.6691984e-05,0
14502069001,6,7.0448316e-08,3.3383967e-05,0
12032228001,6,9.3931085e-08,5.007595e-05,0
12104001001,6,4.6965546e-08,1.6691984e-05,0
33550937001,6,4.269596e-09,1.6691984e-05,0
11070040001,6,2.134798e-09,1.6691984e-05,0
14361021001,6,1.3662704e-07,3.3383967e-05,0
12034095001,6,1.7078383e-08,3.3383967e-05,0
41223066001,6,6.4043935e-09,1.6691984e-05,0
11074060003,6,8.539192e-09,1.6691984e-05,0
11070046001,6,6.4043935e-09,1.6691984e-05,0
12020132001,6,2.5617572e-08,1.6691984e-05,0
10014001001,6,7.685271e-08,1.6691984e-05,0
10010023001,6,1.4943586e-08,1.6691984e-05,0
10002911001,6,2.3482775e-08,1.6691984e-05,0
12020203001,6,7.258311e-08,3.3383967e-05,0
14506329001,6,1.3235744e-07,1.6691984e-05,0
11070042001,6,2.134798e-09,1.6691984e-05,0
32431162001,6,2.1347978e-08,1.6691984e-05,0
32510002001,6,1.2808788e-08,1.6691984e-05,0
35301023001,6,4.269596e-09,1.6691984e-05,0
31455016001,6,4.269595e-08,3.3383967e-05,0
12104027002,6,1.7078383e-08,1.6691984e-05,0
11075002001,6,2.988717e-08,1.6691984e-05,0
12020163001,6,4.6965546e-08,3.3383967e-05,0
11076928001,6,2.775237e-08,1.6691984e-05,0
11076938001,6,4.6965546e-08,1.6691984e-05,0
14361070001,6,1.68649e-07,3.3383967e-05,0
11074016001,6,5.977433e-08,1.6691984e-05,0
11070030001,6,7.471791e-08,1.6691984e-05,0
10023079001,6,2.134798e-09,1.6691984e-05,0
31675052001,6,2.134798e-09,1.6691984e-05,0
32404033001,6,5.3369938e-08,3.3383967e-05,0
12106056001,6,7.685271e-08,3.3383967e-05,0
12102029001,6,1.0887467e-07,6.6767934e-05,0
12106073001,6,5.5504735e-08,1.6691984e-05,0
10020006001,6,2.775237e-08,1.6691984e-05,0
12020461001,6,3.2021966e-08,1.6691984e-05,0
10014123001,6,5.7639532e-08,1.6691984e-05,0
12102041001,6,9.606588e-08,3.3383967e-05,0
12106063001,6,5.977433e-08,1.6691984e-05,0
31621907001,6,4.269595e-08,1.6691984e-05,0
10020029001,6,4.9100343e-08,1.6691984e-05,0
12106061001,6,4.269595e-08,1.6691984e-05,0
31423013001,6,8.966149e-08,1.6691984e-05,0
12106113001,6,1.921318e-08,1.6691984e-05,0
14361179001,6,1.3235744e-07,3.3383967e-05,0
31530082001,6,2.5617572e-08,1.6691984e-05,0
11102013001,6,6.831352e-08,3.3383967e-05,0
11074019001,6,5.7639532e-08,3.3383967e-05,0
12102091001,6,1.1314426e-07,3.3383967e-05,0
31677045001,6,2.134798e-09,1.6691984e-05,0
12102108001,6,1.067399e-08,1.6691984e-05,0
12105908001,6,5.3369938e-08,1.6691984e-05,0
11073002001,6,4.6965546e-08,3.3383967e-05,0
12102112002,6,1.2381825e-07,3.3383967e-05,0
31762012001,6,9.606588e-08,3.3383967e-05,0
14505996001,6,2.6471506e-07,3.3383967e-05,0
14506262001,6,1.7718818e-07,3.3383967e-05,0
12100043001,6,1.1314426e-07,3.3383967e-05,0
10023055001,6,1.067399e-08,1.6691984e-05,0
11103187001,6,0.0,0.0,0
10023054001,6,2.5617572e-08,1.6691984e-05,0
12020964001,6,4.0561154e-08,1.6691984e-05,0
11070019001,6,2.134798e-09,1.6691984e-05,0
12103098001,6,5.123514e-08,1.6691984e-05,0
10014075001,6,1.4943586e-08,1.6691984e-05,0
12112039001,6,3.4156763e-08,1.6691984e-05,0
12022153001,6,6.831352e-08,1.6691984e-05,0
11103157001,6,1.2595305e-07,1.6691984e-05,0
12103073001,6,1.4943586e-08,1.6691984e-05,0
11103113001,6,5.5504735e-08,1.6691984e-05,0
10014069001,6,2.775237e-08,1.6691984e-05,0
12100056001,6,3.4156763e-08,1.6691984e-05,0
31912011001,6,6.4043924e-08,1.6691984e-05,0
11101009001,6,0.0,0.0,0
10023004001,6,1.4943586e-08,1.6691984e-05,0
12101001002,6,8.539192e-09,1.6691984e-05,0
11103078001,6,7.685271e-08,1.6691984e-05,0
14506641001,6,1.1527906e-07,3.3383967e-05,0
31602059001,6,4.483075e-08,1.6691984e-05,0
12101016001,6,1.2595305e-07,1.6691984e-05,0
12020272001,6,4.0561154e-08,1.6691984e-05,0
11061028001,6,1.08874666e-07,3.3383967e-05,0
31423010001,6,3.8426357e-08,1.6691984e-05,0
14304195001,6,1.2595305e-07,1.6691984e-05,0
12010052001,6,6.4043924e-08,1.6691984e-05,0
11031040001,6,8.966149e-08,1.6691984e-05,0
14801012001,6,5.123514e-08,1.6691984e-05,0
14303927001,6,1.68649e-07,3.3383967e-05,0
12005107003,6,2.134798e-09,1.6691984e-05,0
12005107001,6,8.539192e-09,1.6691984e-05,0
14303039001,6,1.3662704e-07,6.6767934e-05,0
14512048001,6,1.067399e-08,1.6691984e-05,0
14740003001,6,1.4730102e-07,5.007595e-05,0
14730906001,6,1.921318e-08,1.6691984e-05,0
14720003001,6,6.4043935e-09,1.6691984e-05,0
14710038001,6,1.4943586e-08,1.6691984e-05,0
14701045001,6,5.7639532e-08,1.6691984e-05,0
14701012001,6,1.0033548e-07,1.6691984e-05,0
11031922001,6,8.11223e-08,3.3383967e-05,0
12005002003,6,2.3482775e-08,1.6691984e-05,0
14700008001,6,1.1954866e-07,1.6691984e-05,0
14300016001,6,1.5157062e-07,3.3383967e-05,0
14634021001,6,9.820068e-08,1.6691984e-05,0
12003134001,6,7.0448316e-08,3.3383967e-05,0
14633108001,6,9.606588e-08,1.6691984e-05,0
14244911001,6,4.6965546e-08,1.6691984e-05,0
14632449001,6,1.3235744e-07,5.007595e-05,0
12010103001,6,5.7639532e-08,1.6691984e-05,0
14013015001,6,1.4943582e-07,3.3383967e-05,0
12011264001,6,6.4043924e-08,3.3383967e-05,0
14013006001,6,3.3729864e-07,5.007595e-05,0
12011226001,6,4.9100343e-08,1.6691984e-05,0
14311220001,6,9.606588e-08,3.3383967e-05,0
11103336001,6,4.269595e-08,3.3383967e-05,0
11021051001,6,1.4943586e-08,3.3383967e-05,0
12011192001,6,2.5617572e-08,1.6691984e-05,0
12011182001,6,8.539192e-09,1.6691984e-05,0
14311075001,6,1.643794e-07,3.3383967e-05,0
11022056001,6,9.179629e-08,1.6691984e-05,0
11103365001,6,2.1347978e-08,3.3383967e-05,0
12011063001,6,6.190913e-08,1.6691984e-05,0
14822053001,6,9.3931085e-08,3.3383967e-05,0
14822044001,6,1.2808785e-07,3.3383967e-05,0
12011037001,6,1.921318e-08,1.6691984e-05,0
11050141002,6,9.179629e-08,1.6691984e-05,0
12010261001,6,3.4156763e-08,1.6691984e-05,0
12010249001,6,3.4156763e-08,1.6691984e-05,0
12010228001,6,5.123514e-08,1.6691984e-05,0
12010227001,6,3.8426357e-08,1.6691984e-05,0
12010172001,6,5.977433e-08,3.3383967e-05,0
14011040001,6,1.2808785e-07,3.3383967e-05,0
12010161001,6,1.4943586e-08,1.6691984e-05,0
14805902001,6,4.269595e-08,1.6691984e-05,0
14310003001,6,6.831352e-08,1.6691984e-05,0
12003084001,6,1.0460507e-07,3.3383967e-05,0
14244077001,6,0.0,0.0,0
14110007001,6,1.5370541e-07,3.3383967e-05,0
11050052001,6,8.966149e-08,1.6691984e-05,0
12000265001,6,2.1347978e-08,1.6691984e-05,0
12000260001,6,8.966149e-08,3.3383967e-05,0
14203099001,6,9.606588e-08,1.6691984e-05,0
12000239001,6,1.0033548e-07,3.3383967e-05,0
11050030001,6,6.617872e-08,1.6691984e-05,0
11041999001,6,1.4516623e-07,3.3383967e-05,0
12000221001,6,1.1100947e-07,3.3383967e-05,0
12000200001,6,4.6965546e-08,1.6691984e-05,0
14204107001,6,1.0673987e-07,1.6691984e-05,0
12000003001,6,1.2595305e-07,3.3383967e-05,0
14210031001,6,2.1774933e-07,3.3383967e-05,0
14210114001,6,5.3369938e-08,3.3383967e-05,0
11042029001,6,1.02470274e-07,3.3383967e-05,0
14222001001,6,4.0988203e-07,5.007595e-05,0
14604033001,6,9.179629e-08,1.6691984e-05,0
14604019001,6,1.2168346e-07,1.6691984e-05,0
14602116001,6,3.629156e-08,1.6691984e-05,0
12000070001,6,1.4303143e-07,5.007595e-05,0
14226046001,6,7.0448316e-08,5.007595e-05,0
12000061001,6,6.831352e-08,3.3383967e-05,0
14223155001,6,1.68649e-07,3.3383967e-05,0
14602037001,6,7.258311e-08,1.6691984e-05,0
14225938001,6,2.1988413e-07,3.3383967e-05,0
14242126001,6,2.6684984e-07,3.3383967e-05,0
12000314001,6,7.0448316e-08,1.6691984e-05,0
12000320001,6,9.820068e-08,3.3383967e-05,0
11040025001,6,4.6965546e-08,1.6691984e-05,0
11110056001,6,8.11223e-08,1.6691984e-05,0
11032017001,6,5.977433e-08,1.6691984e-05,0
14630050001,6,3.629156e-08,1.6691984e-05,0
14111007001,6,2.519062e-07,5.007595e-05,0
12002103001,6,8.752669e-08,3.3383967e-05,0
12002071001,6,8.752669e-08,3.3383967e-05,0
14524043001,6,7.8987505e-08,3.3383967e-05,0
12002003001,6,7.685271e-08,3.3383967e-05,0
14600003001,6,1.7291859e-07,5.007595e-05,0
12001077001,6,7.471791e-08,1.6691984e-05,0
14243055001,6,1.5584021e-07,3.3383967e-05,0
11041012001,6,4.269595e-08,1.6691984e-05,0
14243053001,6,8.5391896e-08,3.3383967e-05,0
11110087001,6,7.8987505e-08,1.6691984e-05,0
11040029002,6,5.7639532e-08,1.6691984e-05,0
11110088001,6,6.831352e-08,1.6691984e-05,0
12000505001,6,7.471791e-08,3.3383967e-05,0
12000480001,6,9.179629e-08,3.3383967e-05,0
14242210001,6,3.629156e-08,1.6691984e-05,0
14132231001,6,2.0707535e-07,5.007595e-05,0
14133013001,6,2.0067095e-07,1.6691984e-05,0
12000372001,6,6.190913e-08,3.3383967e-05,0
12011243001,6,8.966149e-08,5.007595e-05,0
12010140001,6,3.4156763e-08,1.6691984e-05,0
12011276001,6,8.32571e-08,3.3383967e-05,0
31214010001,6,5.7639532e-08,1.6691984e-05,0
12150005001,6,8.5391896e-08,1.6691984e-05,0
12150027001,6,2.988717e-08,1.6691984e-05,0
14509024001,6,1.2168346e-07,3.3383967e-05,0
12151110001,6,1.2808785e-07,5.007595e-05,0
10032005001,6,5.5504735e-08,1.6691984e-05,0
12016027001,6,5.123514e-08,1.6691984e-05,0
30003001001,6,1.2381825e-07,5.007595e-05,0
12016009001,6,0.0,0.0,0
12014028001,6,7.8987505e-08,5.007595e-05,0
14342012001,6,0.0,0.0,0
10041005001,6,3.8426357e-08,3.3383967e-05,0
12011282001,6,8.966149e-08,3.3383967e-05,0
12012022001,6,8.11223e-08,1.6691984e-05,0
14341010001,6,1.622446e-07,3.3383967e-05,0
12201895001,6,7.0448316e-08,1.6691984e-05,0
14340008001,6,6.831352e-08,1.6691984e-05,0
10052009001,6,1.5584021e-07,3.3383967e-05,0
12011453001,6,1.921318e-08,1.6691984e-05,0
14332018001,6,1.7078383e-08,1.6691984e-05,0
12011439001,6,9.820068e-08,1.6691984e-05,0
14854027001,6,8.539192e-09,1.6691984e-05,0
14332010001,6,2.5617572e-08,1.6691984e-05,0
12011416001,6,7.8987505e-08,3.3383967e-05,0
14332005001,6,4.483075e-08,1.6691984e-05,0
12212022001,6,7.685271e-08,1.6691984e-05,0
30450034001,6,4.269595e-08,1.6691984e-05,0
14351059001,6,6.617872e-08,1.6691984e-05,0
11061052001,6,9.606588e-08,3.3383967e-05,0
31235906001,6,2.775237e-08,1.6691984e-05,0
11103211001,6,1.0460507e-07,3.3383967e-05,0
12020085001,6,1.0460507e-07,1.6691984e-05,0
10023104001,6,1.4943586e-08,1.6691984e-05,0
31422019001,6,2.775237e-08,1.6691984e-05,0
12020019001,6,1.921318e-08,1.6691984e-05,0
12020005003,6,6.617872e-08,1.6691984e-05,0
11103233001,6,1.2381825e-07,5.007595e-05,0
12020005001,6,7.685271e-08,1.6691984e-05,0
12123094001,6,2.1347978e-08,1.6691984e-05,0
12123098001,6,3.629156e-08,3.3383967e-05,0
12123105001,6,2.134798e-09,1.6691984e-05,0
12123109001,6,7.258311e-08,3.3383967e-05,0
31420007001,6,7.8987505e-08,3.3383967e-05,0
14353029001,6,1.1314426e-07,6.6767934e-05,0
31420003001,6,1.1527906e-07,3.3383967e-05,0
11103244003,6,7.0448316e-08,1.6691984e-05,0
31273002001,6,7.471791e-08,1.6691984e-05,0
14353012001,6,1.7078383e-08,1.6691984e-05,0
12016114001,6,2.775237e-08,1.6691984e-05,0
14509011001,6,6.4043924e-08,3.3383967e-05,0
14352076001,6,9.820068e-08,3.3383967e-05,0
12130038001,6,0.0,0.0,0
12130041001,6,3.2021966e-08,5.007595e-05,0
31236033001,6,6.617873e-08,3.3383967e-05,0
12130051001,6,2.775237e-08,1.6691984e-05,0
12011373001,6,4.9100343e-08,3.3383967e-05,0
12012045001,6,2.3482775e-08,1.6691984e-05,0
12021028001,6,3.629156e-08,1.6691984e-05,0
12327016001,6,1.4943586e-08,1.6691984e-05,0
12327077001,6,6.4043935e-09,1.6691984e-05,0
12327052001,6,3.4156763e-08,1.6691984e-05,0
12301037001,6,4.0561154e-08,1.6691984e-05,0
11061015001,6,1.0673987e-07,1.6691984e-05,0
12234915001,6,1.2808787e-08,3.3383967e-05,0
12011337001,6,7.471791e-08,3.3383967e-05,0
14313008001,6,2.5617572e-08,1.6691984e-05,0
12234901001,6,1.4943584e-08,5.007595e-05,0
11010058001,6,1.17413855e-07,3.3383967e-05,0
11061001002,6,8.752669e-08,3.3383967e-05,0
14313034001,6,8.539192e-09,1.6691984e-05,0
14852006001,6,4.0561154e-08,1.6691984e-05,0
12011351001,6,1.1954866e-07,3.3383967e-05,0
12327059001,6,1.921318e-08,1.6691984e-05,0
12011326001,6,2.3909732e-07,3.3383967e-05,0
12011362001,6,2.988717e-08,1.6691984e-05,0
11021007001,6,1.3662704e-07,6.6767934e-05,0
14000023001,6,2.0494055e-07,5.007595e-05,0
14331013001,6,4.0561154e-08,1.6691984e-05,0
12220014001,6,5.7639532e-08,1.6691984e-05,0
11051999001,6,7.471791e-08,5.007595e-05,0
14851009001,6,4.0561154e-08,1.6691984e-05,0
41234002001,5,6.4043924e-08,1.6691984e-05,0
41310001001,5,1.0673987e-07,1.6691984e-05,0
31500003002,5,1.4730102e-07,3.3383967e-05,0
10023998001,5,4.483075e-08,1.6691984e-05,0
14615063001,5,4.0561154e-08,1.6691984e-05,0
14850123001,5,3.629156e-08,1.6691984e-05,0
41401031001,5,2.988717e-08,1.6691984e-05,0
14509009001,5,3.415676e-08,3.3383967e-05,0
41223052001,5,1.067399e-08,1.6691984e-05,0
14506043001,5,9.179629e-08,3.3383967e-05,0
41234006001,5,5.977433e-08,1.6691984e-05,0
14510288001,5,8.752669e-08,1.6691984e-05,0
14850020001,5,3.8426357e-08,1.6691984e-05,0
11023012001,5,2.775237e-08,1.6691984e-05,0
14615031001,5,2.1347978e-08,1.6691984e-05,0
11070027001,5,2.3482775e-08,1.6691984e-05,0
14506248001,5,5.5504735e-08,1.6691984e-05,0
31271003001,5,7.0448316e-08,1.6691984e-05,0
60013027009,5,2.5617572e-08,1.6691984e-05,0
31423003001,5,8.32571e-08,3.3383967e-05,0
14832948001,5,1.3876183e-07,3.3383967e-05,0
14602061001,5,1.622446e-07,3.3383967e-05,0
11021044001,5,1.08874666e-07,3.3383967e-05,0
14602091001,5,4.0561154e-08,3.3383967e-05,0
65106036001,5,1.5584021e-07,3.3383967e-05,0
14602092001,5,2.1347978e-08,3.3383967e-05,0
11043016002,5,6.831352e-08,1.6691984e-05,0
61080010002,5,1.4943584e-08,3.3383967e-05,0
14506323001,5,4.6965546e-08,1.6691984e-05,0
11072905001,5,3.629156e-08,1.6691984e-05,0
11021066001,5,2.3482775e-08,1.6691984e-05,0
61064197001,5,6.4043935e-09,1.6691984e-05,0
14506025001,5,2.3482775e-08,1.6691984e-05,0
14604112001,5,5.7639532e-08,3.3383967e-05,0
10014103001,5,7.8987505e-08,3.3383967e-05,0
61063005002,5,0.0,0.0,0
14616075001,5,1.067399e-08,1.6691984e-05,0
14601009001,5,1.1314426e-07,1.6691984e-05,0
11022058001,5,5.1235137e-08,5.007595e-05,0
31567037001,5,5.5504735e-08,1.6691984e-05,0
11030016001,5,8.11223e-08,3.3383967e-05,0
14741028001,5,8.11223e-08,1.6691984e-05,0
14616203001,5,3.4156763e-08,3.3383967e-05,0
14620022001,5,8.539192e-09,1.6691984e-05,0
14851035001,5,3.4156763e-08,1.6691984e-05,0
14506349001,5,9.3931085e-08,3.3383967e-05,0
14632450001,5,5.5504735e-08,3.3383967e-05,0
11050073002,5,3.629156e-08,1.6691984e-05,0
14521148001,5,1.0673987e-07,1.6691984e-05,0
11030198003,5,5.3369938e-08,1.6691984e-05,0
10052004001,5,8.32571e-08,3.3383967e-05,0
11031002001,5,1.067399e-08,1.6691984e-05,0
14506082001,5,8.32571e-08,3.3383967e-05,0
11050074001,5,8.32571e-08,1.6691984e-05,0
14634039001,5,8.11223e-08,1.6691984e-05,0
31762901001,5,6.831352e-08,1.6691984e-05,0
11071030001,5,7.471791e-08,3.3383967e-05,0
14505931001,5,1.622446e-07,3.3383967e-05,0
14802010001,5,4.9100343e-08,1.6691984e-05,0
31677014001,5,6.4043935e-09,1.6691984e-05,0
11010018001,5,5.7639532e-08,3.3383967e-05,0
11072005001,5,4.269595e-08,1.6691984e-05,0
14711001001,5,5.7639532e-08,1.6691984e-05,0
14721033001,5,8.539192e-09,1.6691984e-05,0
14730016001,5,1.3449224e-07,3.3383967e-05,0
14853040001,5,8.539192e-09,1.6691984e-05,0
14512123001,5,4.6965546e-08,1.6691984e-05,0
14741008001,5,3.2021966e-08,1.6691984e-05,0
31707055001,5,1.5797501e-07,3.3383967e-05,0
10041016001,5,1.0673987e-07,3.3383967e-05,0
14851023001,5,1.921318e-08,1.6691984e-05,0
14631082001,5,5.3369938e-08,1.6691984e-05,0
30005001001,5,4.9100343e-08,1.6691984e-05,0
31620010001,5,5.7639532e-08,1.6691984e-05,0
11050113001,5,4.9100343e-08,1.6691984e-05,0
30071041001,5,6.831352e-08,1.6691984e-05,0
14851010001,5,8.539192e-09,1.6691984e-05,0
11030046001,5,2.3482775e-08,1.6691984e-05,0
32517009001,5,3.8426357e-08,1.6691984e-05,0
14620115001,5,8.32571e-08,1.6691984e-05,0
14620124001,5,1.7078383e-08,1.6691984e-05,0
14620138001,5,1.0673987e-07,1.6691984e-05,0
11040007001,5,3.2021966e-08,1.6691984e-05,0
14507202001,5,1.1527906e-07,3.3383967e-05,0
11030096001,5,5.3369938e-08,1.6691984e-05,0
31530008001,5,5.3369938e-08,1.6691984e-05,0
14524015001,5,1.4516623e-07,3.3383967e-05,0
14621018001,5,1.067399e-08,1.6691984e-05,0
14621022001,5,3.4156763e-08,3.3383967e-05,0
11030125001,5,1.7078383e-08,1.6691984e-05,0
31521003001,5,8.32571e-08,1.6691984e-05,0
32501007001,5,8.5391896e-08,1.6691984e-05,0
14506165001,5,7.471791e-08,3.3383967e-05,0
30001002001,5,5.977433e-08,1.6691984e-05,0
14631022001,5,1.4730102e-07,1.6691984e-05,0
32431040001,5,1.02470274e-07,3.3383967e-05,0
10035037001,5,2.0707535e-07,3.3383967e-05,0
14851004001,5,3.4156763e-08,1.6691984e-05,0
76312151001,5,2.1347978e-08,5.007595e-05,0
12016077001,5,7.0448316e-08,1.6691984e-05,0
12000343001,5,2.5617572e-08,3.3383967e-05,0
14204069001,5,1.2381825e-07,3.3383967e-05,0
14352022001,5,9.606588e-08,5.007595e-05,0
14352014001,5,9.606588e-08,1.6691984e-05,0
14001070001,5,1.2381825e-07,3.3383967e-05,0
12011196001,5,7.8987505e-08,3.3383967e-05,0
14350021001,5,5.123514e-08,1.6691984e-05,0
14210019001,5,1.5370541e-07,3.3383967e-05,0
14343027001,5,4.269595e-08,1.6691984e-05,0
14210047001,5,3.4156763e-08,3.3383967e-05,0
14342021001,5,3.8426357e-08,1.6691984e-05,0
12000165001,5,9.179629e-08,3.3383967e-05,0
14340026001,5,9.393109e-08,3.3383967e-05,0
14333007001,5,7.258311e-08,3.3383967e-05,0
12011228001,5,3.4156763e-08,1.6691984e-05,0
12011239001,5,4.0561154e-08,3.3383967e-05,0
14332017001,5,2.775237e-08,1.6691984e-05,0
14210899001,5,2.1347978e-08,1.6691984e-05,0
14211036001,5,2.3269291e-07,3.3383967e-05,0
14213010001,5,2.3055811e-07,5.007595e-05,0
12011267001,5,5.3369938e-08,1.6691984e-05,0
12011285001,5,6.190913e-08,3.3383967e-05,0
14330897001,5,1.2808788e-08,1.6691984e-05,0
14330041001,5,1.067399e-08,1.6691984e-05,0
11103293001,5,5.5504735e-08,1.6691984e-05,0
12105043001,5,4.6965546e-08,1.6691984e-05,0
12020412001,5,6.617872e-08,3.3383967e-05,0
14353016001,5,8.32571e-08,1.6691984e-05,0
12011152001,5,4.269595e-08,1.6691984e-05,0
11103190001,5,5.977433e-08,1.6691984e-05,0
12102067001,5,7.685271e-08,3.3383967e-05,0
12020923001,5,7.8987505e-08,3.3383967e-05,0
12020914001,5,3.8426357e-08,1.6691984e-05,0
14010155001,5,0.0,0.0,0
11103147001,5,5.977433e-08,1.6691984e-05,0
12011032001,5,8.966149e-08,5.007595e-05,0
14361157001,5,2.5617572e-08,1.6691984e-05,0
12011034001,5,2.561757e-08,3.3383967e-05,0
14010075001,5,2.4763656e-07,3.3383967e-05,0
12011079001,5,6.617872e-08,1.6691984e-05,0
12102151001,5,2.988717e-08,3.3383967e-05,0
12020423001,5,7.685271e-08,3.3383967e-05,0
14002024001,5,1.68649e-07,3.3383967e-05,0
11103199001,5,5.7639532e-08,3.3383967e-05,0
12011103001,5,8.32571e-08,3.3383967e-05,0
12011105001,5,8.11223e-08,5.007595e-05,0
12011110001,5,8.539192e-09,3.3383967e-05,0
12103049001,5,1.2808788e-08,1.6691984e-05,0
12011126001,5,6.831352e-08,1.6691984e-05,0
14360044001,5,6.190913e-08,5.007595e-05,0
14360019001,5,8.966149e-08,1.6691984e-05,0
12000225001,5,1.3876183e-07,3.3383967e-05,0
14003005001,5,5.977433e-08,3.3383967e-05,0
12011139001,5,4.9100343e-08,3.3383967e-05,0
14330015001,5,7.685271e-08,3.3383967e-05,0
12105044001,5,5.3369938e-08,1.6691984e-05,0
12105051002,5,7.471791e-08,1.6691984e-05,0
12020057001,5,2.3482775e-08,1.6691984e-05,0
14240010001,5,1.5370541e-07,3.3383967e-05,0
12153016001,5,7.258311e-08,1.6691984e-05,0
12152004001,5,4.483075e-08,1.6691984e-05,0
14241038001,5,1.4943586e-08,1.6691984e-05,0
12121078001,5,4.9100343e-08,1.6691984e-05,0
14310056001,5,1.8145778e-07,3.3383967e-05,0
12020167001,5,3.4156763e-08,1.6691984e-05,0
14310052001,5,1.7078383e-08,1.6691984e-05,0
12020128001,5,1.067399e-08,1.6691984e-05,0
14242165001,5,7.685271e-08,3.3383967e-05,0
14310048001,5,9.606588e-08,3.3383967e-05,0
14243076001,5,1.921318e-08,1.6691984e-05,0
12000035001,5,8.966149e-08,3.3383967e-05,0
12017040001,5,1.2808788e-08,1.6691984e-05,0
12130048001,5,2.5617572e-08,3.3383967e-05,0
12130011001,5,1.2808788e-08,1.6691984e-05,0
11103884003,5,4.6965546e-08,1.6691984e-05,0
12017016001,5,4.483075e-08,1.6691984e-05,0
14303037001,5,1.08874666e-07,3.3383967e-05,0
14303026001,5,1.7718818e-07,3.3383967e-05,0
14303008001,5,9.179629e-08,1.6691984e-05,0
14302060001,5,9.606588e-08,1.6691984e-05,0
11110016001,5,6.617872e-08,1.6691984e-05,0
12016130001,5,5.3369938e-08,1.6691984e-05,0
12012120001,5,2.5617572e-08,1.6691984e-05,0
14226051001,5,1.5584021e-07,3.3383967e-05,0
12105055001,5,6.190913e-08,3.3383967e-05,0
14222119001,5,1.2168346e-07,3.3383967e-05,0
12011338001,5,6.617872e-08,3.3383967e-05,0
14220155001,5,8.5391896e-08,1.6691984e-05,0
12106012001,5,6.4043924e-08,1.6691984e-05,0
12000118001,5,1.0033548e-07,3.3383967e-05,0
14313906001,5,5.3369938e-08,3.3383967e-05,0
12327088001,5,0.0,0.0,0
11103313001,5,2.3482775e-08,1.6691984e-05,0
14312042001,5,7.0448316e-08,5.007595e-05,0
12106088001,5,4.483075e-08,1.6691984e-05,0
12011340001,5,3.8426357e-08,1.6691984e-05,0
12327023001,5,4.269596e-09,1.6691984e-05,0
12106098001,5,7.8987505e-08,1.6691984e-05,0
12211013001,5,4.9100343e-08,1.6691984e-05,0
14222137001,5,9.820068e-08,3.3383967e-05,0
12106999001,5,3.629156e-08,1.6691984e-05,0
12231004001,5,8.539192e-09,1.6691984e-05,0
12110068001,5,1.2595305e-07,1.6691984e-05,0
12112009001,5,1.0460507e-07,1.6691984e-05,0
12112038001,5,6.617872e-08,3.3383967e-05,0
12000069001,5,1.921318e-08,1.6691984e-05,0
11103361001,5,4.269596e-09,1.6691984e-05,0
14225009001,5,1.3876183e-07,1.6691984e-05,0
14225035001,5,2.4763656e-07,3.3383967e-05,0
14225061001,5,1.2595305e-07,3.3383967e-05,0
11103130001,5,5.123514e-08,1.6691984e-05,0
11110026001,5,5.3369938e-08,1.6691984e-05,0
11101015001,5,2.5617572e-08,1.6691984e-05,0
12032226001,5,8.5391896e-08,5.007595e-05,0
12101040002,5,7.685271e-08,5.007595e-05,0
12010178001,5,2.988717e-08,1.6691984e-05,0
11103089004,5,3.629156e-08,1.6691984e-05,0
14111107001,5,2.0280575e-07,3.3383967e-05,0
12010170001,5,5.123514e-08,1.6691984e-05,0
12004170001,5,1.921318e-08,1.6691984e-05,0
12005082003,5,7.258311e-08,1.6691984e-05,0
12010124001,5,7.258311e-08,3.3383967e-05,0
14132131001,5,2.9887204e-07,3.3383967e-05,0
14013963001,5,1.1314426e-07,3.3383967e-05,0
14121131001,5,1.9640136e-07,3.3383967e-05,0
12004188001,5,0.0,0.0,0
12023273001,5,2.134798e-09,1.6691984e-05,0
12010025001,5,7.8987505e-08,3.3383967e-05,0
12000999001,5,5.5504735e-08,1.6691984e-05,0
12034097001,5,3.2021966e-08,1.6691984e-05,0
14110067001,5,2.711195e-07,5.007595e-05,0
14111230001,5,5.7639532e-08,3.3383967e-05,0
12001062001,5,4.483075e-08,1.6691984e-05,0
12003069001,5,1.7078383e-08,1.6691984e-05,0
12034051001,5,4.269595e-08,1.6691984e-05,0
12003006001,5,7.258311e-08,3.3383967e-05,0
12003012001,5,6.831352e-08,1.6691984e-05,0
12010193001,5,2.3482775e-08,3.3383967e-05,0
12005082016,5,2.5617572e-08,1.6691984e-05,0
12005015002,5,2.775237e-08,3.3383967e-05,0
14370999001,5,1.7078383e-08,1.6691984e-05,0
12101005001,5,6.4043924e-08,1.6691984e-05,0
14502044001,5,2.1347978e-08,1.6691984e-05,0
11076926001,5,1.067399e-08,1.6691984e-05,0
12000366001,5,2.9887165e-08,3.3383967e-05,0
12002134001,5,6.190913e-08,1.6691984e-05,0
14010898001,5,1.8359258e-07,3.3383967e-05,0
12021993001,5,1.4943586e-08,1.6691984e-05,0
12032121001,5,8.32571e-08,1.6691984e-05,0
12010207001,5,7.8987505e-08,1.6691984e-05,0
12001087001,5,4.0561154e-08,1.6691984e-05,0
12003128001,5,3.2021966e-08,1.6691984e-05,0
14102366001,5,2.0280575e-07,3.3383967e-05,0
12003055001,5,5.977433e-08,5.007595e-05,0
12002105001,5,4.0561154e-08,3.3383967e-05,0
12001094001,5,4.0561154e-08,1.6691984e-05,0
14104013001,5,1.1954866e-07,3.3383967e-05,0
14133930001,5,7.471791e-08,5.007595e-05,0
12020961001,5,3.8426357e-08,1.6691984e-05,0
12005056002,5,9.820068e-08,3.3383967e-05,0
12001084001,5,6.617872e-08,1.6691984e-05,0
14411016001,5,1.067399e-08,1.6691984e-05,0
12201053001,4,4.483075e-08,1.6691984e-05,0
14602025001,4,1.17413855e-07,3.3383967e-05,0
12002014001,4,5.123514e-08,3.3383967e-05,0
12012069001,4,2.5617572e-08,1.6691984e-05,0
11050009001,4,6.4043924e-08,3.3383967e-05,0
12000018001,4,4.9100343e-08,1.6691984e-05,0
14632246001,4,1.02470274e-07,1.6691984e-05,0
12012098001,4,2.5617572e-08,1.6691984e-05,0
14226116001,4,5.3369938e-08,1.6691984e-05,0
12013033001,4,4.269595e-08,1.6691984e-05,0
14615057001,4,7.258311e-08,1.6691984e-05,0
12000047001,4,3.4156763e-08,1.6691984e-05,0
11010002001,4,6.4043924e-08,1.6691984e-05,0
12233034001,4,0.0,0.0,0
12233011001,4,4.269596e-09,1.6691984e-05,0
12011376001,4,7.471791e-08,1.6691984e-05,0
12003125001,4,3.629156e-08,1.6691984e-05,0
12213017001,4,5.7639532e-08,1.6691984e-05,0
14602074001,4,1.08874666e-07,1.6691984e-05,0
14633043001,4,6.190913e-08,1.6691984e-05,0
14853069001,4,2.134798e-09,1.6691984e-05,0
12000048001,4,4.4830752e-08,3.3383967e-05,0
12003090001,4,7.685271e-08,1.6691984e-05,0
14854024001,4,2.3482775e-08,1.6691984e-05,0
12011422001,4,1.7078383e-08,1.6691984e-05,0
14632356001,4,2.1347978e-08,1.6691984e-05,0
12003073001,4,2.988717e-08,1.6691984e-05,0
12001119001,4,1.2808788e-08,1.6691984e-05,0
12001999001,4,5.7639532e-08,1.6691984e-05,0
14632215001,4,1.921318e-08,1.6691984e-05,0
11112001001,4,4.9100343e-08,1.6691984e-05,0
30001041001,4,9.179629e-08,3.3383967e-05,0
11110079003,4,3.629156e-08,1.6691984e-05,0
14110074001,4,5.5504735e-08,1.6691984e-05,0
12016085001,4,1.921318e-08,3.3383967e-05,0
12016099001,4,5.3369938e-08,1.6691984e-05,0
31250003001,4,7.0448316e-08,5.007595e-05,0
12003003001,4,1.2808788e-08,1.6691984e-05,0
14522066001,4,6.4043924e-08,1.6691984e-05,0
12002998001,4,2.1347978e-08,1.6691984e-05,0
14631040001,4,1.4730102e-07,1.6691984e-05,0
14110179001,4,7.471791e-08,1.6691984e-05,0
14631014001,4,5.7639532e-08,1.6691984e-05,0
11110050001,4,4.0561154e-08,1.6691984e-05,0
11110045001,4,4.269595e-08,1.6691984e-05,0
11110033001,4,1.4943586e-08,1.6691984e-05,0
14631013001,4,2.7752371e-08,3.3383967e-05,0
12130007001,4,2.775237e-08,1.6691984e-05,0
11110032001,4,2.134798e-09,1.6691984e-05,0
12016112001,4,1.921318e-08,1.6691984e-05,0
11110031002,4,1.4943586e-08,1.6691984e-05,0
11050062001,4,5.3369938e-08,1.6691984e-05,0
14244074001,4,3.629156e-08,1.6691984e-05,0
12125015001,4,3.629156e-08,1.6691984e-05,0
31235905001,4,1.3876183e-07,3.3383967e-05,0
12130089001,4,8.539192e-09,1.6691984e-05,0
14632194001,4,4.6965546e-08,1.6691984e-05,0
14243106001,4,7.0448316e-08,1.6691984e-05,0
11050014001,4,4.0561154e-08,1.6691984e-05,0
30045025001,4,1.2808788e-08,1.6691984e-05,0
12151093001,4,2.5617572e-08,1.6691984e-05,0
12003054001,4,4.9100343e-08,3.3383967e-05,0
30045079001,4,1.921318e-08,1.6691984e-05,0
12016056001,4,1.4943586e-08,1.6691984e-05,0
30071051001,4,2.3482775e-08,1.6691984e-05,0
12003048001,4,4.9100343e-08,1.6691984e-05,0
14632024001,4,1.3022265e-07,1.6691984e-05,0
12234038001,4,4.269596e-09,1.6691984e-05,0
12003015001,4,1.7078383e-08,1.6691984e-05,0
30435004001,4,1.4516623e-07,3.3383967e-05,0
14242137001,4,7.8987505e-08,1.6691984e-05,0
12130111001,4,8.539192e-09,1.6691984e-05,0
14631949001,4,1.2381825e-07,3.3383967e-05,0
11050036001,4,4.269595e-08,1.6691984e-05,0
31111007001,4,4.483075e-08,1.6691984e-05,0
14243021001,4,3.629156e-08,1.6691984e-05,0
12130110001,4,4.9100343e-08,1.6691984e-05,0
12002064001,4,1.2595305e-07,3.3383967e-05,0
14243081001,4,1.0460507e-07,3.3383967e-05,0
12234037001,4,1.067399e-08,1.6691984e-05,0
14604032001,4,9.179629e-08,3.3383967e-05,0
12301026001,4,3.8426357e-08,1.6691984e-05,0
14612946001,4,1.1100946e-07,3.3383967e-05,0
12010171001,4,8.11223e-08,3.3383967e-05,0
12011111001,4,4.6965546e-08,1.6691984e-05,0
12010153001,4,1.921318e-08,1.6691984e-05,0
12000228001,4,5.5504735e-08,3.3383967e-05,0
12000226001,4,2.1347978e-08,1.6691984e-05,0
12000433001,4,3.8426357e-08,1.6691984e-05,0
11030207002,4,6.831352e-08,1.6691984e-05,0
14613013001,4,9.179629e-08,1.6691984e-05,0
12000217001,4,5.5504735e-08,1.6691984e-05,0
12011154001,4,2.5617572e-08,1.6691984e-05,0
12302118001,4,2.3482775e-08,1.6691984e-05,0
11031038001,4,4.9100343e-08,3.3383967e-05,0
12000495001,4,7.258311e-08,1.6691984e-05,0
11110022001,4,6.4043924e-08,1.6691984e-05,0
14001143001,4,8.752669e-08,1.6691984e-05,0
12011175001,4,4.6965546e-08,1.6691984e-05,0
12011178001,4,8.5391896e-08,1.6691984e-05,0
14801022001,4,8.32571e-08,1.6691984e-05,0
14616053001,4,6.4043935e-09,1.6691984e-05,0
12011188001,4,5.977433e-08,3.3383967e-05,0
12000381001,4,6.617872e-08,1.6691984e-05,0
12000379001,4,5.3369938e-08,1.6691984e-05,0
11022060001,4,4.269595e-08,1.6691984e-05,0
12011097001,4,2.775237e-08,1.6691984e-05,0
12000325001,4,6.4043924e-08,1.6691984e-05,0
12000319001,4,6.831352e-08,1.6691984e-05,0
14822011001,4,1.08874666e-07,3.3383967e-05,0
14010263001,4,1.3235744e-07,3.3383967e-05,0
12011007001,4,1.0460507e-07,3.3383967e-05,0
14505947001,4,1.2808785e-07,3.3383967e-05,0
12000349001,4,4.0561154e-08,1.6691984e-05,0
12000298001,4,4.483075e-08,5.007595e-05,0
14615067001,4,1.665142e-07,1.6691984e-05,0
11030002001,4,3.629156e-08,3.3383967e-05,0
14615021001,4,4.269595e-08,1.6691984e-05,0
14010093001,4,2.2628852e-07,3.3383967e-05,0
12000288001,4,3.4156763e-08,3.3383967e-05,0
14822104001,4,1.3449224e-07,3.3383967e-05,0
12000282001,4,1.921318e-08,1.6691984e-05,0
14133928001,4,6.4043924e-08,5.007595e-05,0
12011080001,4,3.629156e-08,3.3383967e-05,0
12000262001,4,2.988717e-08,1.6691984e-05,0
12011092001,4,6.4043924e-08,1.6691984e-05,0
12005108002,4,1.067399e-08,1.6691984e-05,0
14742016001,4,3.4156763e-08,1.6691984e-05,0
14741015001,4,7.8987505e-08,1.6691984e-05,0
14710003001,4,2.775237e-08,1.6691984e-05,0
14701040001,4,1.7078383e-08,1.6691984e-05,0
12000126001,4,6.831352e-08,1.6691984e-05,0
11040023001,4,5.1235137e-08,3.3383967e-05,0
12001078001,4,6.4043935e-09,1.6691984e-05,0
12000115001,4,2.775237e-08,1.6691984e-05,0
12344037001,4,1.921318e-08,1.6691984e-05,0
12000114001,4,6.4043924e-08,1.6691984e-05,0
12000113001,4,8.32571e-08,1.6691984e-05,0
12000103001,4,4.0561154e-08,1.6691984e-05,0
11031923001,4,4.9100343e-08,1.6691984e-05,0
12327064001,4,0.0,0.0,0
14604005001,4,1.02470274e-07,1.6691984e-05,0
11020001001,4,1.4943586e-08,1.6691984e-05,0
12004036001,4,3.4156763e-08,1.6691984e-05,0
12001090001,4,6.4043924e-08,3.3383967e-05,0
14603014001,4,4.6965546e-08,1.6691984e-05,0
14222123001,4,8.32571e-08,3.3383967e-05,0
12003135001,4,2.988717e-08,1.6691984e-05,0
14850175001,4,7.258311e-08,3.3383967e-05,0
14604118001,4,7.0448316e-08,1.6691984e-05,0
14833063001,4,8.966149e-08,1.6691984e-05,0
14210045001,4,7.0448316e-08,1.6691984e-05,0
14721019001,4,8.539192e-09,1.6691984e-05,0
14023036001,4,4.6965546e-08,3.3383967e-05,0
14620007001,4,1.5584021e-07,3.3383967e-05,0
12011220001,4,8.32571e-08,3.3383967e-05,0
12005082011,4,3.8426357e-08,1.6691984e-05,0
12000163001,4,4.0561154e-08,1.6691984e-05,0
12001031001,4,4.9100343e-08,3.3383967e-05,0
12011231001,4,5.5504735e-08,1.6691984e-05,0
12000157001,4,1.7078383e-08,3.3383967e-05,0
14620029001,4,1.1314426e-07,1.6691984e-05,0
12001048001,4,7.8987505e-08,1.6691984e-05,0
12005056003,4,2.1347978e-08,1.6691984e-05,0
12011249001,4,1.17413855e-07,3.3383967e-05,0
11021020001,4,9.606588e-08,3.3383967e-05,0
12001055001,4,1.067399e-08,1.6691984e-05,0
12001056001,4,3.629156e-08,1.6691984e-05,0
12001057001,4,1.3449224e-07,3.3383967e-05,0
12001058001,4,5.3369938e-08,1.6691984e-05,0
12011300001,4,8.539192e-09,1.6691984e-05,0
12000128001,4,7.258311e-08,1.6691984e-05,0
12011156001,4,4.9100343e-08,3.3383967e-05,0
14311066001,4,5.7639532e-08,1.6691984e-05,0
14111035001,4,1.4303143e-07,3.3383967e-05,0
12120043001,4,1.2808788e-08,1.6691984e-05,0
12106035001,4,9.3931085e-08,1.6691984e-05,0
14313011001,4,3.2021966e-08,6.6767934e-05,0
11103032003,4,8.539192e-09,1.6691984e-05,0
12020325001,4,4.6965546e-08,1.6691984e-05,0
14315007001,4,8.966149e-08,3.3383967e-05,0
12106007001,4,2.775237e-08,1.6691984e-05,0
10020102001,4,1.2808788e-08,1.6691984e-05,0
12105071001,4,5.977433e-08,1.6691984e-05,0
12032541001,4,6.831352e-08,1.6691984e-05,0
12105047001,4,3.8426357e-08,1.6691984e-05,0
12032543001,4,4.0561154e-08,1.6691984e-05,0
12034001001,4,3.2021966e-08,1.6691984e-05,0
12034025001,4,1.2808788e-08,1.6691984e-05,0
31533032001,4,3.4156763e-08,1.6691984e-05,0
12105019001,4,2.134798e-09,1.6691984e-05,0
12034036001,4,5.977433e-08,1.6691984e-05,0
14331021001,4,0.0,0.0,0
12105014001,4,1.2381825e-07,1.6691984e-05,0
14331025001,4,6.4043935e-09,1.6691984e-05,0
12105013001,4,6.4043924e-08,1.6691984e-05,0
11103281001,4,2.5617572e-08,1.6691984e-05,0
12106040001,4,3.629156e-08,3.3383967e-05,0
31530043001,4,4.483075e-08,1.6691984e-05,0
12106055001,4,2.1347978e-08,1.6691984e-05,0
14506122001,4,1.0033548e-07,1.6691984e-05,0
10023032001,4,4.269596e-09,1.6691984e-05,0
12020271001,4,2.775237e-08,3.3383967e-05,0
10002924001,4,1.3022265e-07,1.6691984e-05,0
12023227001,4,5.5504735e-08,1.6691984e-05,0
12111034001,4,8.539192e-09,1.6691984e-05,0
12023279001,4,3.8426357e-08,1.6691984e-05,0
12023310001,4,3.8426357e-08,1.6691984e-05,0
12023330001,4,6.4043935e-09,1.6691984e-05,0
35301020001,4,0.0,0.0,0
11051027001,4,3.8426357e-08,1.6691984e-05,0
12106070001,4,7.8987505e-08,3.3383967e-05,0
31502041002,4,3.2021966e-08,1.6691984e-05,0
10022918001,4,0.0,0.0,0
12110016001,4,2.775237e-08,1.6691984e-05,0
11070022001,4,3.629156e-08,1.6691984e-05,0
14312004001,4,3.8426357e-08,1.6691984e-05,0
11103323001,4,3.8426357e-08,1.6691984e-05,0
33550920001,4,8.539192e-09,1.6691984e-05,0
12106089001,4,6.4043935e-09,1.6691984e-05,0
14312022001,4,5.5504735e-08,1.6691984e-05,0
11061054002,4,7.258311e-08,1.6691984e-05,0
11103049001,4,5.3369938e-08,1.6691984e-05,0
12105012001,4,2.775237e-08,1.6691984e-05,0
12100061001,4,1.921318e-08,1.6691984e-05,0
12020966001,4,2.775237e-08,1.6691984e-05,0
11103191001,4,4.6965546e-08,1.6691984e-05,0
12020965001,4,2.3482775e-08,1.6691984e-05,0
14413999001,4,0.0,0.0,0
11070006001,4,0.0,0.0,0
11103188001,4,4.269595e-08,1.6691984e-05,0
14506647001,4,7.8987505e-08,1.6691984e-05,0
11103182001,4,1.067399e-08,1.6691984e-05,0
31663045001,4,4.269595e-08,1.6691984e-05,0
12100078001,4,3.6291556e-08,3.3383967e-05,0
12103039001,4,2.5617572e-08,1.6691984e-05,0
14506488001,4,7.685271e-08,3.3383967e-05,0
12100093001,4,6.617872e-08,1.6691984e-05,0
31821064001,4,1.9213182e-08,3.3383967e-05,0
12020903001,4,2.1347978e-08,1.6691984e-05,0
12020925001,4,3.629156e-08,1.6691984e-05,0
14403102001,4,8.5391896e-08,3.3383967e-05,0
31707941001,4,1.2808788e-08,1.6691984e-05,0
12102033001,4,5.3369938e-08,1.6691984e-05,0
12102021001,4,1.921318e-08,1.6691984e-05,0
11103201001,4,4.2695955e-08,3.3383967e-05,0
12020420001,4,1.7078383e-08,1.6691984e-05,0
11061055001,4,1.1314426e-07,1.6691984e-05,0
12020384001,4,2.3482775e-08,1.6691984e-05,0
11061055002,4,1.7078383e-08,3.3383967e-05,0
14509026001,4,1.643794e-07,3.3383967e-05,0
12104042001,4,2.1347978e-08,1.6691984e-05,0
12104013001,4,5.123514e-08,1.6691984e-05,0
12034201001,4,6.617872e-08,1.6691984e-05,0
12020362001,4,1.921318e-08,1.6691984e-05,0
12020372001,4,5.5504735e-08,1.6691984e-05,0
12103155001,4,6.4043924e-08,1.6691984e-05,0
12103150001,4,5.7639532e-08,3.3383967e-05,0
14353026001,4,3.629156e-08,3.3383967e-05,0
12100008001,4,1.2168346e-07,1.6691984e-05,0
12020416001,4,2.5617572e-08,1.6691984e-05,0
32424001001,4,1.7078383e-08,1.6691984e-05,0
12103053001,4,1.7078383e-08,1.6691984e-05,0
12103052001,4,2.775237e-08,1.6691984e-05,0
31568043001,4,6.4043924e-08,1.6691984e-05,0
14353047001,4,4.269595e-08,1.6691984e-05,0
31571902001,4,4.6965546e-08,1.6691984e-05,0
32421010001,4,8.539192e-09,1.6691984e-05,0
31581021001,4,1.4943586e-08,1.6691984e-05,0
12120041001,4,2.1347978e-08,1.6691984e-05,0
12030086001,4,1.2808788e-08,1.6691984e-05,0
12020158001,4,1.2808788e-08,1.6691984e-05,0
61080010003,4,5.3369938e-08,1.6691984e-05,0
11076883001,4,3.2021966e-08,1.6691984e-05,0
12020005002,4,3.8426357e-08,1.6691984e-05,0
11076890001,4,1.921318e-08,1.6691984e-05,0
41221019001,4,1.7078383e-08,1.6691984e-05,0
11100004001,4,2.988717e-08,1.6691984e-05,0
12020001001,4,1.1100946e-07,1.6691984e-05,0
12020221001,4,1.921318e-08,1.6691984e-05,0
12123108001,4,2.775237e-08,1.6691984e-05,0
31500008001,4,2.5617572e-08,1.6691984e-05,0
10023064001,4,2.775237e-08,1.6691984e-05,0
61070019001,4,4.269596e-09,1.6691984e-05,0
11072017001,4,7.0448316e-08,1.6691984e-05,0
14304064001,4,1.4303143e-07,3.3383967e-05,0
11103387001,4,6.190913e-08,3.3383967e-05,0
14311015001,4,8.539192e-09,1.6691984e-05,0
60014001010,4,1.3022265e-07,5.007595e-05,0
60014001004,4,2.988717e-08,1.6691984e-05,0
31472025001,4,5.3369938e-08,1.6691984e-05,0
10023087001,4,0.0,0.0,0
42613064001,4,1.921318e-08,1.6691984e-05,0
12020026001,4,3.4156763e-08,1.6691984e-05,0
12020266001,4,4.483075e-08,1.6691984e-05,0
12121062001,4,7.258311e-08,3.3383967e-05,0
41414006001,4,2.5617572e-08,1.6691984e-05,0
12020025001,4,6.617872e-08,1.6691984e-05,0
11074047001,4,6.831352e-08,1.6691984e-05,0
31462016001,4,7.471791e-08,1.6691984e-05,0
41332022001,4,0.0,0.0,0
11074027001,4,6.190913e-08,1.6691984e-05,0
12022171001,4,8.539192e-09,3.3383967e-05,0
12022162001,4,8.539192e-09,3.3383967e-05,0
14310030001,4,3.2021966e-08,3.3383967e-05,0
12023167001,4,3.8426357e-08,1.6691984e-05,0
12120087001,4,1.921318e-08,1.6691984e-05,0
12017019001,4,3.629156e-08,1.6691984e-05,0
12120085001,4,2.3482775e-08,1.6691984e-05,0
41100017001,4,2.988717e-08,1.6691984e-05,0
40400031001,4,0.0,0.0,0
14311030001,4,7.685271e-08,1.6691984e-05,0
12020253001,4,4.269595e-08,1.6691984e-05,0
11073900001,4,4.6965546e-08,1.6691984e-05,0
12020260001,4,5.977433e-08,1.6691984e-05,0
12023217001,4,6.831352e-08,1.6691984e-05,0
61131072001,4,4.269595e-08,1.6691984e-05,0
12020261001,4,1.2808788e-08,1.6691984e-05,0
12022265001,4,1.4943586e-08,1.6691984e-05,0
14521147001,4,6.4043924e-08,1.6691984e-05,0
11050108001,4,5.3369938e-08,1.6691984e-05,0
31268003001,4,7.685271e-08,3.3383967e-05,0
14311036001,4,1.0460507e-07,1.6691984e-05,0
11101034002,4,2.9887165e-08,3.3383967e-05,0
12021969001,4,8.11223e-08,3.3383967e-05,0
11110014001,4,8.32571e-08,1.6691984e-05,0
41002005001,4,4.269596e-09,1.6691984e-05,0
31403064001,4,2.775237e-08,1.6691984e-05,0
14303022001,4,9.3931085e-08,1.6691984e-05,0
14310054001,4,6.4043924e-08,1.6691984e-05,0
61131059001,4,2.5617572e-08,1.6691984e-05,0
11074014001,4,8.966149e-08,3.3383967e-05,0
12020161001,4,3.8426357e-08,1.6691984e-05,0
12020238001,4,5.7639532e-08,3.3383967e-05,0
12020242001,4,1.067399e-08,1.6691984e-05,0
41511017001,4,6.4043935e-09,1.6691984e-05,0
41212916001,4,0.0,0.0,0
14302081001,4,1.5157062e-07,3.3383967e-05,0
14506071001,4,7.685271e-08,1.6691984e-05,0
41530017001,3,0.0,0.0,0
12003013001,3,1.921318e-08,3.3383967e-05,0
42613021001,3,0.0,0.0,0
11032011001,3,1.921318e-08,1.6691984e-05,0
42301034001,3,3.8426357e-08,1.6691984e-05,0
12010135001,3,2.3482775e-08,1.6691984e-05,0
12010149001,3,3.629156e-08,1.6691984e-05,0
12034211001,3,3.4156763e-08,1.6691984e-05,0
11030080001,3,2.5617572e-08,1.6691984e-05,0
14701022001,3,4.9100343e-08,1.6691984e-05,0
42613064002,3,2.1347978e-08,1.6691984e-05,0
32420014001,3,4.269595e-08,1.6691984e-05,0
12010176001,3,2.988717e-08,1.6691984e-05,0
12022093003,3,4.6965546e-08,1.6691984e-05,0
12022070001,3,0.0,0.0,0
32431020001,3,3.4156763e-08,1.6691984e-05,0
12002160001,3,6.4043935e-09,1.6691984e-05,0
11030015001,3,1.4943586e-08,1.6691984e-05,0
12100055001,3,4.269595e-08,1.6691984e-05,0
12010196001,3,5.5504735e-08,1.6691984e-05,0
12002155001,3,5.3369938e-08,1.6691984e-05,0
31835944001,3,0.0,0.0,0
12021994001,3,2.1347978e-08,1.6691984e-05,0
12102003001,3,4.269596e-09,1.6691984e-05,0
12002124001,3,4.0561154e-08,1.6691984e-05,0
11030017001,3,1.067399e-08,1.6691984e-05,0
41417013001,3,0.0,0.0,0
12010121001,3,8.752669e-08,1.6691984e-05,0
35122015001,3,8.539192e-09,1.6691984e-05,0
12003137001,3,8.539192e-09,1.6691984e-05,0
32600042001,3,4.0561154e-08,1.6691984e-05,0
12005082010,3,4.6965546e-08,1.6691984e-05,0
12005082006,3,1.7078383e-08,1.6691984e-05,0
33271052001,3,6.4043935e-09,1.6691984e-05,0
12005082004,3,5.123514e-08,1.6691984e-05,0
33524002001,3,1.2808788e-08,1.6691984e-05,0
34101017001,3,4.6965546e-08,1.6691984e-05,0
14634023001,3,3.629156e-08,1.6691984e-05,0
14023181001,3,2.1347978e-08,1.6691984e-05,0
41110001001,3,1.2808788e-08,1.6691984e-05,0
12005083002,3,0.0,0.0,0
12005019008,3,1.921318e-08,1.6691984e-05,0
12005019006,3,5.123514e-08,1.6691984e-05,0
14721899001,3,2.988717e-08,1.6691984e-05,0
35302038001,3,4.269596e-09,1.6691984e-05,0
35307910001,3,8.539192e-09,1.6691984e-05,0
12005019001,3,3.2021966e-08,1.6691984e-05,0
35311004001,3,1.921318e-08,1.6691984e-05,0
14710004001,3,8.11223e-08,1.6691984e-05,0
12023263001,3,8.539192e-09,1.6691984e-05,0
14701013001,3,1.4943586e-08,1.6691984e-05,0
41213013001,3,6.4043935e-09,3.3383967e-05,0
12032227001,3,6.617872e-08,1.6691984e-05,0
12010119001,3,3.8426357e-08,3.3383967e-05,0
11031901001,3,6.831352e-08,1.6691984e-05,0
32470025001,3,2.775237e-08,1.6691984e-05,0
11030179001,3,1.2595305e-07,3.3383967e-05,0
12034154001,3,6.831352e-08,3.3383967e-05,0
11030204001,3,7.258311e-08,1.6691984e-05,0
32500012001,3,1.4943586e-08,1.6691984e-05,0
12010081001,3,5.5504735e-08,1.6691984e-05,0
12034100001,3,1.7078383e-08,1.6691984e-05,0
12010008001,3,3.629156e-08,1.6691984e-05,0
12034071001,3,2.775237e-08,1.6691984e-05,0
41511008001,3,2.988717e-08,1.6691984e-05,0
12034038001,3,6.190913e-08,3.3383967e-05,0
32514096001,3,4.269596e-09,1.6691984e-05,0
41313936001,3,1.921318e-08,1.6691984e-05,0
41303063001,3,1.067399e-08,1.6691984e-05,0
41302006001,3,1.921318e-08,1.6691984e-05,0
12006020001,3,4.269596e-09,1.6691984e-05,0
14104088002,3,6.617872e-08,5.007595e-05,0
12005093002,3,6.4043924e-08,1.6691984e-05,0
12003111001,3,1.921318e-08,1.6691984e-05,0
41223020001,3,4.269596e-09,1.6691984e-05,0
12005084009,3,0.0,0.0,0
12005084006,3,2.988717e-08,1.6691984e-05,0
14010897001,3,1.3235744e-07,3.3383967e-05,0
31258003001,3,3.2021966e-08,1.6691984e-05,0
12010229001,3,1.3235744e-07,1.6691984e-05,0
30000004001,3,3.2021966e-08,1.6691984e-05,0
10051001001,3,8.32571e-08,1.6691984e-05,0
12012014001,3,4.483075e-08,1.6691984e-05,0
12120065001,3,1.2808788e-08,1.6691984e-05,0
12020237001,3,5.5504735e-08,3.3383967e-05,0
12012969001,3,5.7639532e-08,1.6691984e-05,0
12012985001,3,2.5617572e-08,1.6691984e-05,0
12121014001,3,6.617872e-08,1.6691984e-05,0
12151091001,3,3.4156763e-08,1.6691984e-05,0
12016005001,3,2.5617572e-08,1.6691984e-05,0
12016035001,3,1.067399e-08,1.6691984e-05,0
30010005001,3,1.4943586e-08,1.6691984e-05,0
12121032001,3,1.7078383e-08,1.6691984e-05,0
31473004001,3,4.6965546e-08,1.6691984e-05,0
12020211001,3,2.775237e-08,1.6691984e-05,0
12011489001,3,4.0561154e-08,1.6691984e-05,0
12020246001,3,5.977433e-08,3.3383967e-05,0
12011467001,3,7.471791e-08,1.6691984e-05,0
12011433001,3,4.269595e-08,1.6691984e-05,0
10904021001,3,1.067399e-08,1.6691984e-05,0
12120046001,3,2.3482775e-08,1.6691984e-05,0
11002007001,3,1.0033548e-07,1.6691984e-05,0
12011417001,3,2.775237e-08,1.6691984e-05,0
12011391001,3,3.2021966e-08,1.6691984e-05,0
10023023001,3,0.0,0.0,0
12011390001,3,7.685271e-08,3.3383967e-05,0
14853038001,3,2.5617574e-08,3.3383967e-05,0
12011386001,3,1.067399e-08,1.6691984e-05,0
12112026001,3,3.8426357e-08,1.6691984e-05,0
11010012001,3,4.483075e-08,1.6691984e-05,0
12011366001,3,3.2021966e-08,3.3383967e-05,0
11010015001,3,2.5617572e-08,1.6691984e-05,0
31425011001,3,1.921318e-08,1.6691984e-05,0
12151089001,3,3.8426357e-08,1.6691984e-05,0
12232017001,3,6.4043935e-09,1.6691984e-05,0
12017017001,3,4.269595e-08,1.6691984e-05,0
12016072001,3,3.2021966e-08,1.6691984e-05,0
31226017001,3,1.4943586e-08,1.6691984e-05,0
12002104001,3,4.9100343e-08,1.6691984e-05,0
12016079001,3,9.179629e-08,3.3383967e-05,0
31421022001,3,5.5504735e-08,3.3383967e-05,0
12017018001,3,3.629156e-08,1.6691984e-05,0
12017015001,3,1.4943586e-08,1.6691984e-05,0
12151088001,3,2.988717e-08,1.6691984e-05,0
12016139001,3,1.7078383e-08,1.6691984e-05,0
12125028001,3,4.269595e-08,3.3383967e-05,0
31401023001,3,1.7078383e-08,1.6691984e-05,0
12125023001,3,2.5617572e-08,3.3383967e-05,0
31270009001,3,4.0561154e-08,1.6691984e-05,0
12125013001,3,1.02470274e-07,3.3383967e-05,0
31215012001,3,1.4943586e-08,1.6691984e-05,0
12123084001,3,5.3369938e-08,1.6691984e-05,0
31170002001,3,2.1347978e-08,1.6691984e-05,0
12020046001,3,6.4043924e-08,1.6691984e-05,0
12020051001,3,2.5617572e-08,1.6691984e-05,0
12020070001,3,4.269596e-09,1.6691984e-05,0
31102061001,3,3.8426357e-08,1.6691984e-05,0
12020089001,3,4.9100343e-08,1.6691984e-05,0
12122051001,3,2.561757e-08,3.3383967e-05,0
12016061001,3,5.5504735e-08,3.3383967e-05,0
30430005001,3,1.067399e-08,1.6691984e-05,0
30073007001,3,3.2021966e-08,1.6691984e-05,0
12150039001,3,7.258311e-08,1.6691984e-05,0
30072058001,3,2.988717e-08,3.3383967e-05,0
10023100001,3,0.0,0.0,0
30061026001,3,1.4943586e-08,1.6691984e-05,0
12151073001,3,6.831352e-08,1.6691984e-05,0
12110059001,3,2.3482775e-08,1.6691984e-05,0
12110037001,3,1.7078383e-08,1.6691984e-05,0
12102030001,3,7.471791e-08,3.3383967e-05,0
12011174001,3,4.0561154e-08,1.6691984e-05,0
11022026001,3,3.2021966e-08,1.6691984e-05,0
14002052001,3,4.9100343e-08,1.6691984e-05,0
12103069001,3,2.775237e-08,1.6691984e-05,0
12103070001,3,1.1314426e-07,1.6691984e-05,0
12103072001,3,3.2021966e-08,1.6691984e-05,0
12011161001,3,3.2021966e-08,3.3383967e-05,0
31258006001,3,3.2021966e-08,1.6691984e-05,0
31544040001,3,1.067399e-08,1.6691984e-05,0
14832009001,3,1.7078383e-08,1.6691984e-05,0
31556012001,3,1.921318e-08,1.6691984e-05,0
12011186001,3,5.7639532e-08,1.6691984e-05,0
31553007001,3,2.3482775e-08,1.6691984e-05,0
12011191001,3,4.0561154e-08,1.6691984e-05,0
31544060001,3,1.2808788e-08,1.6691984e-05,0
31580049003,3,4.269596e-09,1.6691984e-05,0
12011116001,3,8.5391896e-08,3.3383967e-05,0
31600009001,3,3.4156763e-08,1.6691984e-05,0
12011101001,3,1.067399e-08,1.6691984e-05,0
12020434001,3,2.988717e-08,1.6691984e-05,0
12103021001,3,2.5617572e-08,1.6691984e-05,0
12011088001,3,2.1347978e-08,1.6691984e-05,0
12011057001,3,5.5504735e-08,5.007595e-05,0
12102144001,3,7.258311e-08,1.6691984e-05,0
12020501001,3,3.4156763e-08,1.6691984e-05,0
14822095001,3,1.3022265e-07,3.3383967e-05,0
12102122001,3,3.2021966e-08,1.6691984e-05,0
12102118001,3,3.4156763e-08,1.6691984e-05,0
12102097001,3,8.5391896e-08,1.6691984e-05,0
31677021001,3,3.2021966e-08,1.6691984e-05,0
12102047001,3,2.775237e-08,3.3383967e-05,0
12010263001,3,2.775237e-08,3.3383967e-05,0
10014127001,3,1.067399e-08,1.6691984e-05,0
31544002001,3,4.269596e-09,1.6691984e-05,0
12110018001,3,8.5391896e-08,1.6691984e-05,0
11010055001,3,2.1347978e-08,3.3383967e-05,0
12327060001,3,4.9100343e-08,1.6691984e-05,0
31521004001,3,3.4156763e-08,1.6691984e-05,0
12327020001,3,0.0,0.0,0
12106091001,3,1.067399e-08,1.6691984e-05,0
12327004001,3,4.269596e-09,1.6691984e-05,0
12327002001,3,1.7078383e-08,1.6691984e-05,0
12326121001,3,0.0,0.0,0
12105010001,3,4.269595e-08,1.6691984e-05,0
14850060001,3,1.2808788e-08,1.6691984e-05,0
12106101001,3,3.8426357e-08,1.6691984e-05,0
14851001001,3,1.2808788e-08,1.6691984e-05,0
14851032001,3,1.4943586e-08,1.6691984e-05,0
14851098001,3,4.483075e-08,1.6691984e-05,0
12233035001,3,1.2808788e-08,1.6691984e-05,0
12327085001,3,4.269596e-09,1.6691984e-05,0
31530083001,3,1.067399e-08,1.6691984e-05,0
12106031001,3,3.2021966e-08,1.6691984e-05,0
12106029001,3,2.775237e-08,1.6691984e-05,0
12106014001,3,3.8426357e-08,1.6691984e-05,0
12011339001,3,4.9100343e-08,3.3383967e-05,0
12011330001,3,7.685271e-08,1.6691984e-05,0
11021002001,3,2.988717e-08,1.6691984e-05,0
12011311001,3,2.1347978e-08,1.6691984e-05,0
14000025001,3,3.8426357e-08,1.6691984e-05,0
12011305001,3,4.9100343e-08,1.6691984e-05,0
12105029001,3,7.258311e-08,3.3383967e-05,0
12011273001,3,3.629156e-08,1.6691984e-05,0
12011247001,3,2.3482775e-08,3.3383967e-05,0
12011241002,3,5.5504735e-08,1.6691984e-05,0
12011240001,3,4.0561154e-08,1.6691984e-05,0
12011233001,3,4.483075e-08,3.3383967e-05,0
11021067001,3,5.977433e-08,1.6691984e-05,0
11022083001,3,4.0561154e-08,1.6691984e-05,0
14370073001,3,4.269596e-09,1.6691984e-05,0
11070063001,3,1.2808788e-08,1.6691984e-05,0
14310999001,3,3.629156e-08,1.6691984e-05,0
14204029001,3,3.629156e-08,1.6691984e-05,0
11103065001,3,1.921318e-08,1.6691984e-05,0
12000232001,3,3.8426357e-08,1.6691984e-05,0
11050129002,3,2.5617572e-08,1.6691984e-05,0
14310127001,3,8.966149e-08,1.6691984e-05,0
14620034001,3,1.921318e-08,1.6691984e-05,0
12000242001,3,1.4943586e-08,1.6691984e-05,0
12001039001,3,9.820068e-08,1.6691984e-05,0
11103377001,3,3.8426357e-08,1.6691984e-05,0
14510410001,3,2.134798e-09,1.6691984e-05,0
12000247001,3,2.775237e-08,1.6691984e-05,0
12001027001,3,1.921318e-08,1.6691984e-05,0
11050111001,3,6.4043935e-09,1.6691984e-05,0
11050110002,3,4.6965546e-08,1.6691984e-05,0
12000036001,3,3.4156763e-08,1.6691984e-05,0
14203033001,3,1.7718818e-07,3.3383967e-05,0
11070062001,3,1.7078383e-08,1.6691984e-05,0
12000042001,3,5.123514e-08,1.6691984e-05,0
11041999004,3,2.1347978e-08,3.3383967e-05,0
12001010001,3,4.269596e-09,1.6691984e-05,0
11074010001,3,2.775237e-08,1.6691984e-05,0
14311261001,3,1.08874666e-07,3.3383967e-05,0
12001086001,3,3.629156e-08,1.6691984e-05,0
14311234001,3,7.258311e-08,1.6691984e-05,0
14311189001,3,6.831352e-08,1.6691984e-05,0
14311117001,3,8.752669e-08,1.6691984e-05,0
14602087001,3,2.5617572e-08,1.6691984e-05,0
14505088001,3,2.5617572e-08,1.6691984e-05,0
12001079001,3,4.483075e-08,1.6691984e-05,0
12000206001,3,1.2808788e-08,1.6691984e-05,0
11051001001,3,4.6965546e-08,3.3383967e-05,0
14361117001,3,1.8359258e-07,3.3383967e-05,0
14204066001,3,1.2168346e-07,3.3383967e-05,0
12001068001,3,6.831352e-08,3.3383967e-05,0
14506642001,3,2.988717e-08,3.3383967e-05,0
14311104001,3,2.3482775e-08,1.6691984e-05,0
12001067001,3,6.831352e-08,3.3383967e-05,0
12021036001,3,1.067399e-08,1.6691984e-05,0
14602045001,3,5.123514e-08,1.6691984e-05,0
11103148001,3,3.2021966e-08,1.6691984e-05,0
11100110001,3,1.921318e-08,1.6691984e-05,0
11051031001,3,3.629156e-08,1.6691984e-05,0
14243147001,3,8.539192e-09,1.6691984e-05,0
14244047001,3,2.775237e-08,1.6691984e-05,0
12000445001,3,4.6965546e-08,1.6691984e-05,0
14241043001,3,6.617872e-08,1.6691984e-05,0
14616020001,3,2.5617572e-08,1.6691984e-05,0
14615083001,3,7.0448316e-08,1.6691984e-05,0
14241044001,3,2.1347978e-08,1.6691984e-05,0
14412060001,3,2.5617572e-08,1.6691984e-05,0
11050026001,3,3.4156763e-08,1.6691984e-05,0
14243130001,3,2.134798e-09,1.6691984e-05,0
11050061001,3,2.3482775e-08,1.6691984e-05,0
14243111001,3,3.8426357e-08,1.6691984e-05,0
14243031001,3,4.0561154e-08,1.6691984e-05,0
11103091001,3,2.3482775e-08,1.6691984e-05,0
11050037001,3,1.7078383e-08,1.6691984e-05,0
11103099001,3,1.2808788e-08,1.6691984e-05,0
14413010001,3,6.4043935e-09,1.6691984e-05,0
12000411001,3,7.258311e-08,1.6691984e-05,0
11111023001,3,2.775237e-08,1.6691984e-05,0
14601016001,3,4.6965546e-08,1.6691984e-05,0
14522015001,3,5.3369938e-08,1.6691984e-05,0
14511034001,3,8.11223e-08,1.6691984e-05,0
12000005001,3,5.3369938e-08,1.6691984e-05,0
11103079001,3,2.988717e-08,1.6691984e-05,0
14310011001,3,2.5617572e-08,1.6691984e-05,0
14601899001,3,1.4303143e-07,3.3383967e-05,0
14615035001,3,8.539192e-09,1.6691984e-05,0
14240012001,3,1.622446e-07,3.3383967e-05,0
12001006001,3,1.067399e-08,1.6691984e-05,0
11103884002,3,3.2021966e-08,1.6691984e-05,0
14303038001,3,1.1954866e-07,3.3383967e-05,0
14241025001,3,3.8426357e-08,1.6691984e-05,0
14506254001,3,3.629156e-08,1.6691984e-05,0
14370044001,3,5.5504735e-08,3.3383967e-05,0
11041013001,3,2.5617572e-08,1.6691984e-05,0
12000469001,3,1.0460507e-07,3.3383967e-05,0
14241035001,3,9.820068e-08,1.6691984e-05,0
11050073001,3,1.921318e-08,1.6691984e-05,0
11050069001,3,3.4156763e-08,1.6691984e-05,0
11050065003,3,3.8426357e-08,3.3383967e-05,0
11050065001,3,7.0448316e-08,1.6691984e-05,0
12000194001,3,2.5617572e-08,1.6691984e-05,0
14510215001,3,1.2808788e-08,1.6691984e-05,0
12000084001,3,5.5504735e-08,1.6691984e-05,0
11103040001,3,2.775237e-08,1.6691984e-05,0
14510063001,3,6.190913e-08,1.6691984e-05,0
11102010001,3,8.539192e-09,1.6691984e-05,0
14602112001,3,4.6965546e-08,1.6691984e-05,0
12002024001,3,3.8426357e-08,1.6691984e-05,0
12002018001,3,5.3369938e-08,1.6691984e-05,0
14602110001,3,4.483075e-08,1.6691984e-05,0
14210064001,3,6.190913e-08,1.6691984e-05,0
14612031001,3,5.7639532e-08,1.6691984e-05,0
12001114001,3,4.269596e-09,1.6691984e-05,0
11071899001,3,8.32571e-08,1.6691984e-05,0
11103301002,3,1.921318e-08,1.6691984e-05,0
14315002001,3,1.02470274e-07,3.3383967e-05,0
12001111001,3,1.921318e-08,1.6691984e-05,0
11061005001,3,6.617872e-08,1.6691984e-05,0
14602113001,3,7.471791e-08,1.6691984e-05,0
14222219001,3,2.7752371e-08,3.3383967e-05,0
14602099001,3,8.966149e-08,1.6691984e-05,0
14222036001,3,6.617872e-08,1.6691984e-05,0
12002093001,3,2.3482775e-08,1.6691984e-05,0
11062011001,3,8.539192e-09,1.6691984e-05,0
14506127001,3,1.4303143e-07,3.3383967e-05,0
11103249001,3,1.067399e-08,1.6691984e-05,0
14351068001,3,5.123514e-08,3.3383967e-05,0
11103256001,3,2.3482775e-08,1.6691984e-05,0
14621044001,3,6.617872e-08,1.6691984e-05,0
12000135001,3,5.7639532e-08,1.6691984e-05,0
11102043001,3,5.123514e-08,1.6691984e-05,0
11103247001,3,4.6965546e-08,3.3383967e-05,0
11102023001,3,5.3369938e-08,1.6691984e-05,0
14604121001,3,7.258311e-08,3.3383967e-05,0
14510031001,3,2.3482775e-08,1.6691984e-05,0
11061051001,3,3.8426357e-08,1.6691984e-05,0
11071016001,3,3.8426357e-08,1.6691984e-05,0
14615896001,3,8.32571e-08,1.6691984e-05,0
11071013001,3,4.269595e-08,1.6691984e-05,0
14510121001,3,8.539192e-09,1.6691984e-05,0
14361051001,3,1.3235744e-07,1.6691984e-05,0
14602098001,3,1.2168346e-07,3.3383967e-05,0
11103045001,3,3.8426357e-08,1.6691984e-05,0
11103321001,3,1.2595305e-07,3.3383967e-05,0
11073905001,3,3.8426357e-08,1.6691984e-05,0
14312008001,3,8.11223e-08,3.3383967e-05,0
11103193001,3,9.3931085e-08,1.6691984e-05,0
11103203001,3,2.988717e-08,1.6691984e-05,0
14361011001,3,5.123514e-08,1.6691984e-05,0
11071911001,3,4.0561154e-08,1.6691984e-05,0
14313892001,3,2.3482775e-08,5.007595e-05,0
11103188002,3,2.775237e-08,1.6691984e-05,0
11112038001,2,2.5617572e-08,1.6691984e-05,0
14602120001,2,5.5504735e-08,1.6691984e-05,0
12011385001,2,2.3482775e-08,1.6691984e-05,0
32420004001,2,6.4043935e-09,1.6691984e-05,0
11050008001,2,3.629156e-08,1.6691984e-05,0
11103002001,2,1.7078383e-08,1.6691984e-05,0
12000007001,2,5.3369938e-08,1.6691984e-05,0
12016016001,2,2.5617572e-08,1.6691984e-05,0
11010051001,2,2.3482775e-08,1.6691984e-05,0
14602086001,2,6.4043935e-09,1.6691984e-05,0
12016042001,2,4.0561154e-08,1.6691984e-05,0
12326002001,2,6.4043935e-09,1.6691984e-05,0
14850133001,2,1.067399e-08,1.6691984e-05,0
12325047001,2,1.2808788e-08,1.6691984e-05,0
12103139001,2,1.7078383e-08,1.6691984e-05,0
12324139001,2,2.3482775e-08,1.6691984e-05,0
12323109001,2,3.4156763e-08,1.6691984e-05,0
12016023001,2,1.7078383e-08,1.6691984e-05,0
12152005001,2,1.7078383e-08,1.6691984e-05,0
11010052001,2,8.539192e-09,1.6691984e-05,0
33198898001,2,0.0,0.0,0
30013004001,2,1.2808788e-08,1.6691984e-05,0
11010037001,2,7.0448316e-08,1.6691984e-05,0
12020982001,2,2.134798e-09,1.6691984e-05,0
12034240001,2,1.921318e-08,1.6691984e-05,0
12100017001,2,2.1347978e-08,1.6691984e-05,0
14600041001,2,4.269596e-09,1.6691984e-05,0
12230008001,2,2.134798e-09,1.6691984e-05,0
32507026001,2,4.269596e-09,1.6691984e-05,0
34511006001,2,1.067399e-08,1.6691984e-05,0
34123005001,2,1.067399e-08,1.6691984e-05,0
12150006001,2,2.1347978e-08,1.6691984e-05,0
11112002001,2,3.629156e-08,1.6691984e-05,0
34122003001,2,2.134798e-09,1.6691984e-05,0
12230999001,2,2.134798e-09,1.6691984e-05,0
12031127001,2,2.1347978e-08,1.6691984e-05,0
12100019001,2,1.921318e-08,1.6691984e-05,0
14603013001,2,1.2808788e-08,1.6691984e-05,0
12326090001,2,2.5617572e-08,1.6691984e-05,0
11043018001,2,1.4943586e-08,1.6691984e-05,0
12020969001,2,2.3482775e-08,1.6691984e-05,0
11071012001,2,4.269595e-08,3.3383967e-05,0
11010015002,2,2.1347978e-08,1.6691984e-05,0
11070051001,2,1.4943586e-08,1.6691984e-05,0
12000080001,2,4.6965546e-08,1.6691984e-05,0
12016045001,2,2.1347978e-08,1.6691984e-05,0
30052112001,2,8.539192e-09,1.6691984e-05,0
32420037001,2,5.123514e-08,1.6691984e-05,0
14602089001,2,2.3482775e-08,1.6691984e-05,0
14222122001,2,8.5391896e-08,1.6691984e-05,0
12014032001,2,2.1347978e-08,1.6691984e-05,0
12013050001,2,4.269596e-09,1.6691984e-05,0
12014022001,2,8.539192e-09,1.6691984e-05,0
12212034001,2,1.7078383e-08,1.6691984e-05,0
11010005001,2,3.4156763e-08,1.6691984e-05,0
12234916001,2,2.134798e-09,1.6691984e-05,0
11103063001,2,2.775237e-08,1.6691984e-05,0
12034073001,2,2.3482775e-08,1.6691984e-05,0
12034103001,2,1.067399e-08,1.6691984e-05,0
12032540001,2,2.775237e-08,1.6691984e-05,0
11103071001,2,1.4943586e-08,1.6691984e-05,0
12012001001,2,2.3482775e-08,1.6691984e-05,0
12011395001,2,2.1347978e-08,1.6691984e-05,0
14602100001,2,5.7639532e-08,1.6691984e-05,0
12011999001,2,1.7078383e-08,1.6691984e-05,0
14602030001,2,1.4943586e-08,1.6691984e-05,0
12013055001,2,2.3482775e-08,1.6691984e-05,0
12011488001,2,8.539192e-09,1.6691984e-05,0
12011482001,2,1.4943586e-08,1.6691984e-05,0
12233028001,2,4.269596e-09,3.3383967e-05,0
12011466001,2,2.1347978e-08,1.6691984e-05,0
12011452001,2,4.269595e-08,1.6691984e-05,0
10052033001,2,1.921318e-08,1.6691984e-05,0
12011451001,2,2.988717e-08,1.6691984e-05,0
10052046001,2,9.606588e-08,1.6691984e-05,0
12150001001,2,3.2021966e-08,1.6691984e-05,0
12211008001,2,1.067399e-08,1.6691984e-05,0
12011405001,2,4.269596e-09,1.6691984e-05,0
11103039001,2,1.4943586e-08,1.6691984e-05,0
12234921001,2,2.134798e-09,1.6691984e-05,0
14602075001,2,6.4043924e-08,1.6691984e-05,0
32523001001,2,4.269596e-09,1.6691984e-05,0
12013052001,2,4.269596e-09,1.6691984e-05,0
12032224001,2,1.2808788e-08,1.6691984e-05,0
14602052001,2,1.921318e-08,1.6691984e-05,0
12034063001,2,1.7078383e-08,1.6691984e-05,0
32421016001,2,2.1347978e-08,1.6691984e-05,0
12013048001,2,4.269596e-09,1.6691984e-05,0
12013034001,2,1.067399e-08,1.6691984e-05,0
12000013001,2,1.4943586e-08,1.6691984e-05,0
12320030001,2,8.539192e-09,1.6691984e-05,0
12012984001,2,1.7078383e-08,1.6691984e-05,0
32430039001,2,2.988717e-08,1.6691984e-05,0
14851006001,2,2.134798e-09,1.6691984e-05,0
12012928001,2,1.921318e-08,1.6691984e-05,0
12232010001,2,0.0,0.0,0
12302044001,2,2.3482777e-08,3.3383967e-05,0
11103073001,2,1.921318e-08,1.6691984e-05,0
12012170001,2,2.988717e-08,1.6691984e-05,0
12012161001,2,2.5617572e-08,1.6691984e-05,0
12011345001,2,2.5617572e-08,1.6691984e-05,0
12011389001,2,3.4156763e-08,3.3383967e-05,0
12000032001,2,3.629156e-08,1.6691984e-05,0
12012119001,2,1.2808788e-08,1.6691984e-05,0
12012086001,2,1.067399e-08,1.6691984e-05,0
12034035001,2,2.1347978e-08,1.6691984e-05,0
14505926001,2,4.269595e-08,1.6691984e-05,0
10023999001,2,2.134798e-09,1.6691984e-05,0
11103301001,2,1.2808788e-08,1.6691984e-05,0
11051032001,2,1.4943586e-08,1.6691984e-05,0
11051039001,2,4.6965546e-08,1.6691984e-05,0
12103013001,2,1.067399e-08,1.6691984e-05,0
11051056001,2,3.8426357e-08,1.6691984e-05,0
31530001001,2,2.1347978e-08,1.6691984e-05,0
12103019001,2,0.0,0.0,0
11051057001,2,6.4043935e-09,1.6691984e-05,0
12020425001,2,4.483075e-08,1.6691984e-05,0
12020418001,2,8.539192e-09,1.6691984e-05,0
11103206001,2,2.3482775e-08,1.6691984e-05,0
14313897001,2,6.4043935e-09,1.6691984e-05,0
31531044001,2,4.269596e-09,1.6691984e-05,0
12020327001,2,4.483075e-08,1.6691984e-05,0
11061024001,2,1.2808788e-08,1.6691984e-05,0
31581023001,2,1.067399e-08,1.6691984e-05,0
12106003001,2,2.988717e-08,1.6691984e-05,0
12106002001,2,3.2021966e-08,1.6691984e-05,0
11103331001,2,8.539192e-09,1.6691984e-05,0
12020458001,2,1.7078383e-08,1.6691984e-05,0
12107002001,2,4.269596e-09,1.6691984e-05,0
12020323001,2,2.775237e-08,1.6691984e-05,0
12102133002,2,1.921318e-08,1.6691984e-05,0
12120040001,2,1.067399e-08,1.6691984e-05,0
11103350001,2,2.988717e-08,1.6691984e-05,0
11051016001,2,4.269596e-09,1.6691984e-05,0
12020282001,2,1.921318e-08,1.6691984e-05,0
12102146001,2,4.269595e-08,1.6691984e-05,0
12120002001,2,0.0,0.0,0
14510202001,2,3.4156763e-08,1.6691984e-05,0
12110003001,2,5.3369938e-08,1.6691984e-05,0
11051018001,2,3.4156763e-08,1.6691984e-05,0
14311115001,2,1.4516623e-07,1.6691984e-05,0
14510194001,2,2.988717e-08,1.6691984e-05,0
12111014001,2,2.988717e-08,1.6691984e-05,0
12110074001,2,4.269596e-09,1.6691984e-05,0
12110058001,2,2.1347978e-08,1.6691984e-05,0
31502041001,2,2.775237e-08,1.6691984e-05,0
12020332001,2,2.775237e-08,1.6691984e-05,0
12105061001,2,3.2021966e-08,1.6691984e-05,0
14311034001,2,1.0460507e-07,1.6691984e-05,0
14330006001,2,8.11223e-08,3.3383967e-05,0
31544075002,2,1.067399e-08,1.6691984e-05,0
14508924001,2,2.1347978e-08,1.6691984e-05,0
31567060001,2,1.2808788e-08,1.6691984e-05,0
31567056001,2,3.8426357e-08,1.6691984e-05,0
14509002001,2,1.7078383e-08,1.6691984e-05,0
31567051001,2,4.269595e-08,3.3383967e-05,0
12104032001,2,3.8426357e-08,1.6691984e-05,0
31567050001,2,3.4156763e-08,1.6691984e-05,0
12020342001,2,1.7078383e-08,1.6691984e-05,0
12103091001,2,1.067399e-08,1.6691984e-05,0
12020404001,2,0.0,0.0,0
31563016001,2,3.2021966e-08,1.6691984e-05,0
11103248001,2,2.3482775e-08,1.6691984e-05,0
12103126001,2,1.4943586e-08,1.6691984e-05,0
12103127001,2,2.775237e-08,1.6691984e-05,0
12103156001,2,2.3482775e-08,1.6691984e-05,0
12103135001,2,1.4943586e-08,1.6691984e-05,0
14343012001,2,3.2021966e-08,1.6691984e-05,0
14341102001,2,2.775237e-08,1.6691984e-05,0
12020341001,2,8.539192e-09,1.6691984e-05,0
31533084001,2,1.067399e-08,1.6691984e-05,0
14360087001,2,4.269595e-08,3.3383967e-05,0
12105046001,2,1.4943586e-08,1.6691984e-05,0
11061033001,2,1.7078383e-08,1.6691984e-05,0
31580049002,2,2.134798e-09,1.6691984e-05,0
12105036001,2,1.7078383e-08,1.6691984e-05,0
12105032001,2,5.3369938e-08,1.6691984e-05,0
11061050001,2,1.7078383e-08,1.6691984e-05,0
12105025001,2,4.0561154e-08,1.6691984e-05,0
12103064001,2,4.269596e-09,1.6691984e-05,0
12105023001,2,1.4943586e-08,1.6691984e-05,0
12105018001,2,1.921318e-08,1.6691984e-05,0
14332004001,2,3.2021966e-08,1.6691984e-05,0
14333004001,2,0.0,0.0,0
14353035001,2,8.11223e-08,1.6691984e-05,0
31543032001,2,8.539192e-09,1.6691984e-05,0
31543034001,2,1.2808788e-08,1.6691984e-05,0
12120048001,2,1.7078383e-08,1.6691984e-05,0
14311031001,2,2.5617574e-08,3.3383967e-05,0
11110101001,2,0.0,0.0,0
12020008001,2,6.4043935e-09,1.6691984e-05,0
34511038001,2,6.4043935e-09,1.6691984e-05,0
14244930001,2,6.4043924e-08,1.6691984e-05,0
12016131001,2,1.7078383e-08,1.6691984e-05,0
12102014001,2,5.7639532e-08,1.6691984e-05,0
14303012001,2,2.5617572e-08,1.6691984e-05,0
12102022001,2,3.629156e-08,1.6691984e-05,0
14506357001,2,5.977433e-08,1.6691984e-05,0
31761004001,2,2.775237e-08,1.6691984e-05,0
31753028001,2,1.2808788e-08,1.6691984e-05,0
14304015001,2,4.269595e-08,1.6691984e-05,0
12123130001,2,2.3482775e-08,1.6691984e-05,0
12017037001,2,8.539192e-09,1.6691984e-05,0
12123123001,2,2.5617572e-08,1.6691984e-05,0
14304157001,2,1.921318e-08,1.6691984e-05,0
12102046001,2,1.7078383e-08,1.6691984e-05,0
11103127001,2,1.4943586e-08,1.6691984e-05,0
14364198001,2,2.775237e-08,1.6691984e-05,0
31270006001,2,1.7078383e-08,1.6691984e-05,0
14244087001,2,1.067399e-08,1.6691984e-05,0
11110053001,2,6.4043935e-09,1.6691984e-05,0
14243131001,2,2.134798e-09,1.6691984e-05,0
30450039001,2,4.6965546e-08,1.6691984e-05,0
30450043001,2,4.9100343e-08,1.6691984e-05,0
31042914001,2,8.5391896e-08,1.6691984e-05,0
11110100001,2,0.0,0.0,0
31118021001,2,1.067399e-08,1.6691984e-05,0
14243109001,2,3.4156763e-08,1.6691984e-05,0
11070037001,2,1.7078383e-08,1.6691984e-05,0
31227009001,2,7.8987505e-08,1.6691984e-05,0
14621107001,2,4.6965546e-08,1.6691984e-05,0
12016078001,2,2.3482775e-08,1.6691984e-05,0
31235904001,2,5.3369938e-08,1.6691984e-05,0
11050050001,2,1.7078383e-08,1.6691984e-05,0
12016091001,2,2.5617572e-08,3.3383967e-05,0
14506328001,2,5.123514e-08,1.6691984e-05,0
12016100001,2,2.3482775e-08,1.6691984e-05,0
12101009001,2,3.8426357e-08,1.6691984e-05,0
31421049001,2,2.5617572e-08,1.6691984e-05,0
12020009001,2,5.3369938e-08,1.6691984e-05,0
12020250001,2,1.0460507e-07,1.6691984e-05,0
14364197001,2,7.258311e-08,1.6691984e-05,0
12020210001,2,6.4043935e-09,1.6691984e-05,0
12102113001,2,8.752669e-08,1.6691984e-05,0
12020212001,2,2.134798e-09,1.6691984e-05,0
11050134001,2,1.2808788e-08,1.6691984e-05,0
11050137001,2,1.921318e-08,1.6691984e-05,0
12020219001,2,2.775237e-08,1.6691984e-05,0
11103388001,2,1.7078383e-08,1.6691984e-05,0
10023075001,2,3.4156763e-08,1.6691984e-05,0
14510269001,2,5.123514e-08,1.6691984e-05,0
12020224001,2,8.539192e-09,1.6691984e-05,0
11103155001,2,5.5504735e-08,1.6691984e-05,0
12120090001,2,1.7078383e-08,1.6691984e-05,0
11050140002,2,1.7078383e-08,1.6691984e-05,0
11103380001,2,1.921318e-08,1.6691984e-05,0
11050142001,2,1.921318e-08,1.6691984e-05,0
12120080001,2,8.539192e-09,1.6691984e-05,0
14311025001,2,1.02470274e-07,1.6691984e-05,0
12121039001,2,5.3369938e-08,1.6691984e-05,0
31437078001,2,6.617872e-08,1.6691984e-05,0
12020189001,2,2.1347978e-08,1.6691984e-05,0
12020101001,2,1.7078383e-08,1.6691984e-05,0
14310004001,2,3.629156e-08,1.6691984e-05,0
31707041001,2,5.5504735e-08,1.6691984e-05,0
12123044001,2,1.921318e-08,1.6691984e-05,0
12020045001,2,3.629156e-08,1.6691984e-05,0
11050097001,2,2.1347978e-08,1.6691984e-05,0
14310037001,2,8.5391896e-08,3.3383967e-05,0
11050105001,2,3.2021966e-08,1.6691984e-05,0
12122037001,2,1.2808788e-08,1.6691984e-05,0
12020184001,2,1.067399e-08,1.6691984e-05,0
14310049001,2,1.2808788e-08,1.6691984e-05,0
12122024001,2,5.3369938e-08,3.3383967e-05,0
14506392001,2,5.3369938e-08,1.6691984e-05,0
12020138001,2,4.269596e-09,1.6691984e-05,0
14310053001,2,1.921318e-08,3.3383967e-05,0
11050110001,2,3.4156763e-08,1.6691984e-05,0
12020166001,2,1.2808788e-08,1.6691984e-05,0
12327046001,2,4.269596e-09,1.6691984e-05,0
12323010001,2,2.1347978e-08,1.6691984e-05,0
12011341001,2,4.9100343e-08,1.6691984e-05,0
14022098001,2,4.6965546e-08,1.6691984e-05,0
12005084008,2,1.7078383e-08,1.6691984e-05,0
12001007001,2,3.8426357e-08,1.6691984e-05,0
12005087001,2,3.629156e-08,1.6691984e-05,0
12005087003,2,3.4156763e-08,1.6691984e-05,0
41421003001,2,0.0,0.0,0
14616195001,2,4.483075e-08,1.6691984e-05,0
14616194001,2,2.1347978e-08,1.6691984e-05,0
12005093010,2,1.921318e-08,1.6691984e-05,0
12005107006,2,6.4043935e-09,1.6691984e-05,0
12006048001,2,8.11223e-08,1.6691984e-05,0
14741049001,2,5.123514e-08,1.6691984e-05,0
41420048001,2,0.0,0.0,0
14741051001,2,6.4043924e-08,1.6691984e-05,0
14616108001,2,5.7639532e-08,3.3383967e-05,0
12005107007,2,1.2808788e-08,1.6691984e-05,0
12005108006,2,8.539192e-09,1.6691984e-05,0
41420037001,2,4.269596e-09,1.6691984e-05,0
11040057001,2,2.988717e-08,1.6691984e-05,0
11074041001,2,4.9100343e-08,1.6691984e-05,0
11074040001,2,1.2808788e-08,1.6691984e-05,0
41512006001,2,2.5617572e-08,1.6691984e-05,0
12005084001,2,6.4043935e-09,1.6691984e-05,0
12001061001,2,1.7078383e-08,1.6691984e-05,0
12005019005,2,0.0,0.0,0
41522108001,2,0.0,0.0,0
11040032001,2,1.7078383e-08,1.6691984e-05,0
12001054001,2,2.1347978e-08,1.6691984e-05,0
41522095001,2,2.134798e-09,1.6691984e-05,0
12001050001,2,1.921318e-08,1.6691984e-05,0
14506032001,2,3.8426357e-08,1.6691984e-05,0
12005072003,2,2.134798e-09,1.6691984e-05,0
12005082002,2,2.988717e-08,1.6691984e-05,0
14620033001,2,8.752669e-08,1.6691984e-05,0
14731899001,2,6.4043935e-09,1.6691984e-05,0
12001028001,2,2.5617572e-08,1.6691984e-05,0
41521089001,2,0.0,0.0,0
12005082013,2,2.134798e-09,1.6691984e-05,0
12001017001,2,5.977433e-08,3.3383967e-05,0
12021022001,2,3.629156e-08,1.6691984e-05,0
12000497001,2,5.3369938e-08,1.6691984e-05,0
12006135001,2,8.539192e-09,1.6691984e-05,0
12005019002,2,6.4043924e-08,1.6691984e-05,0
14011046001,2,7.258311e-08,1.6691984e-05,0
12000430001,2,1.7078383e-08,1.6691984e-05,0
11030108001,2,5.3369938e-08,1.6691984e-05,0
11030097001,2,3.8426357e-08,1.6691984e-05,0
12000425001,2,6.190913e-08,1.6691984e-05,0
12010147001,2,2.1347978e-08,1.6691984e-05,0
12000400001,2,2.5617572e-08,1.6691984e-05,0
41302008001,2,0.0,0.0,0
11030049002,2,5.5504735e-08,1.6691984e-05,0
14011045001,2,8.32571e-08,1.6691984e-05,0
14021104001,2,1.3449224e-07,3.3383967e-05,0
11041003001,2,6.831352e-08,1.6691984e-05,0
12023094001,2,2.1347978e-08,1.6691984e-05,0
12023103001,2,8.539192e-09,1.6691984e-05,0
11041005002,2,5.7639532e-08,1.6691984e-05,0
12010180001,2,2.134798e-09,1.6691984e-05,0
12000373001,2,1.921318e-08,1.6691984e-05,0
14615081001,2,7.0448316e-08,1.6691984e-05,0
12023143001,2,4.9100343e-08,3.3383967e-05,0
41303049001,2,1.2808788e-08,1.6691984e-05,0
12023079001,2,0.0,0.0,0
12000432001,2,3.8426357e-08,1.6691984e-05,0
12023071001,2,4.483075e-08,3.3383967e-05,0
41401068001,2,4.6965546e-08,1.6691984e-05,0
11031027001,2,1.067399e-08,1.6691984e-05,0
12010072001,2,1.0460507e-07,1.6691984e-05,0
11031023001,2,1.921318e-08,1.6691984e-05,0
41401051001,2,2.134798e-09,1.6691984e-05,0
11031021001,2,1.7078383e-08,1.6691984e-05,0
41401040001,2,1.7078383e-08,1.6691984e-05,0
12023067001,2,5.5504735e-08,1.6691984e-05,0
12010085001,2,4.0561154e-08,1.6691984e-05,0
11031001001,2,6.4043935e-09,1.6691984e-05,0
41401011001,2,1.067399e-08,1.6691984e-05,0
11030207001,2,3.8426357e-08,1.6691984e-05,0
12010090001,2,3.8426357e-08,1.6691984e-05,0
11030198002,2,1.7078383e-08,1.6691984e-05,0
41331023001,2,2.134798e-09,1.6691984e-05,0
11074059002,2,8.966149e-08,1.6691984e-05,0
41313012001,2,0.0,0.0,0
12005019003,2,3.629156e-08,1.6691984e-05,0
12001063001,2,2.1347978e-08,1.6691984e-05,0
41232047001,2,2.134798e-09,1.6691984e-05,0
12022027001,2,1.067399e-08,1.6691984e-05,0
11032225001,2,1.7078383e-08,1.6691984e-05,0
14632007001,2,2.134798e-09,1.6691984e-05,0
14632019001,2,2.1347978e-08,1.6691984e-05,0
12003038001,2,3.629156e-08,1.6691984e-05,0
12002037001,2,1.921318e-08,1.6691984e-05,0
12003043001,2,2.134798e-09,1.6691984e-05,0
65031053001,2,2.134798e-09,1.6691984e-05,0
11032227001,2,3.629156e-08,1.6691984e-05,0
14632071001,2,5.5504735e-08,1.6691984e-05,0
14632350001,2,2.988717e-08,1.6691984e-05,0
12002026001,2,4.9100343e-08,1.6691984e-05,0
11073899001,2,1.2808788e-08,1.6691984e-05,0
12003058001,2,2.134798e-09,1.6691984e-05,0
61080025003,2,1.067399e-08,1.6691984e-05,0
11073901001,2,2.5617572e-08,1.6691984e-05,0
12022034001,2,4.0561154e-08,1.6691984e-05,0
12022043002,2,2.3482775e-08,1.6691984e-05,0
12003072001,2,1.921318e-08,1.6691984e-05,0
14631970001,2,4.483075e-08,1.6691984e-05,0
14621017001,2,1.2808788e-08,3.3383967e-05,0
14631944001,2,4.6965546e-08,1.6691984e-05,0
12002040001,2,2.1347978e-08,1.6691984e-05,0
12002118001,2,3.8426357e-08,1.6691984e-05,0
12002119001,2,3.8426357e-08,1.6691984e-05,0
12021045001,2,3.629156e-08,1.6691984e-05,0
12002089001,2,3.4156763e-08,1.6691984e-05,0
12002084001,2,2.5617572e-08,1.6691984e-05,0
12021052001,2,2.134798e-09,1.6691984e-05,0
12002159001,2,2.1347978e-08,1.6691984e-05,0
14110271001,2,4.483075e-08,1.6691984e-05,0
12021094001,2,5.5504735e-08,1.6691984e-05,0
12021912001,2,4.6965546e-08,1.6691984e-05,0
11073032001,2,1.4943586e-08,1.6691984e-05,0
14621035001,2,2.5617572e-08,1.6691984e-05,0
12002068001,2,2.134798e-09,1.6691984e-05,0
11073039001,2,5.5504735e-08,1.6691984e-05,0
12002050001,2,2.1347978e-08,1.6691984e-05,0
12003008001,2,1.7078383e-08,1.6691984e-05,0
65090092001,2,1.921318e-08,1.6691984e-05,0
12022047001,2,1.7078383e-08,1.6691984e-05,0
12003082001,2,2.988717e-08,1.6691984e-05,0
12005015010,2,2.3482775e-08,1.6691984e-05,0
12022177001,2,2.3482775e-08,1.6691984e-05,0
11074001001,2,4.483075e-08,1.6691984e-05,0
12004046001,2,6.4043935e-09,1.6691984e-05,0
12004053001,2,2.134798e-09,1.6691984e-05,0
14700035001,2,6.190913e-08,1.6691984e-05,0
12004218001,2,1.2808788e-08,1.6691984e-05,0
12005002004,2,1.4943586e-08,1.6691984e-05,0
11074012001,2,2.3482775e-08,1.6691984e-05,0
42015012001,2,0.0,0.0,0
41601018001,2,0.0,0.0,0
12001113001,2,2.775237e-08,1.6691984e-05,0
14100031001,2,1.3449224e-07,1.6691984e-05,0
12005009007,2,2.1347978e-08,1.6691984e-05,0
14710006001,2,5.7639532e-08,1.6691984e-05,0
14710017001,2,2.775237e-08,1.6691984e-05,0
41531003001,2,2.134798e-09,1.6691984e-05,0
12001064001,2,6.617872e-08,1.6691984e-05,0
12005015003,2,8.539192e-09,1.6691984e-05,0
12022184001,2,3.2021966e-08,1.6691984e-05,0
14506012001,2,1.0673987e-07,1.6691984e-05,0
12003911001,2,1.2808788e-08,1.6691984e-05,0
12001088001,2,4.269596e-09,1.6691984e-05,0
12003147001,2,1.4943586e-08,1.6691984e-05,0
12003085001,2,2.1347978e-08,1.6691984e-05,0
12003104001,2,1.7078383e-08,1.6691984e-05,0
14506006001,2,1.4943586e-08,1.6691984e-05,0
12022064001,2,1.067399e-08,1.6691984e-05,0
12003113001,2,1.4943584e-08,3.3383967e-05,0
12003115001,2,2.775237e-08,1.6691984e-05,0
61064195002,2,2.775237e-08,1.6691984e-05,0
14104071001,2,4.9100343e-08,1.6691984e-05,0
12003120001,2,3.2021966e-08,1.6691984e-05,0
12003123001,2,2.775237e-08,1.6691984e-05,0
12022084001,2,2.3482775e-08,1.6691984e-05,0
12022100001,2,1.2808788e-08,1.6691984e-05,0
12003126001,2,1.2808788e-08,1.6691984e-05,0
12022114001,2,6.4043935e-09,1.6691984e-05,0
14121025001,2,4.269596e-09,1.6691984e-05,0
11040011001,2,6.190913e-08,1.6691984e-05,0
14103058001,2,1.08874666e-07,3.3383967e-05,0
11030007001,2,8.539192e-09,1.6691984e-05,0
12103147001,2,1.2808788e-08,1.6691984e-05,0
12010206001,2,1.2808788e-08,1.6691984e-05,0
11021051002,2,1.921318e-08,1.6691984e-05,0
11022009001,2,3.2021966e-08,1.6691984e-05,0
11072003001,2,5.3369938e-08,1.6691984e-05,0
12000204001,2,4.483075e-08,1.6691984e-05,0
12011173001,2,2.775237e-08,1.6691984e-05,0
11021096001,2,8.539192e-09,1.6691984e-05,0
11021095001,2,6.4043935e-09,1.6691984e-05,0
11021074001,2,1.921318e-08,1.6691984e-05,0
14612069001,2,2.3482775e-08,1.6691984e-05,0
14204101001,2,3.6291564e-08,3.3383967e-05,0
14204102001,2,2.775237e-08,3.3383967e-05,0
12011177001,2,1.2808788e-08,1.6691984e-05,0
12000196001,2,2.1347978e-08,1.6691984e-05,0
11021062001,2,4.483075e-08,3.3383967e-05,0
12000193001,2,2.3482775e-08,1.6691984e-05,0
12000183001,2,7.258311e-08,1.6691984e-05,0
12000213001,2,8.539192e-09,1.6691984e-05,0
14501940001,2,0.0,0.0,0
11022021001,2,3.2021966e-08,1.6691984e-05,0
11041029001,2,3.8426357e-08,1.6691984e-05,0
14822906001,2,5.7639532e-08,1.6691984e-05,0
14203066001,2,1.7078383e-08,1.6691984e-05,0
12011093001,2,6.4043935e-09,1.6691984e-05,0
11041023001,2,3.2021966e-08,1.6691984e-05,0
12011098001,2,4.269596e-09,1.6691984e-05,0
14204022001,2,1.4943586e-08,1.6691984e-05,0
14204030001,2,3.629156e-08,1.6691984e-05,0
12023199001,2,4.4830745e-08,3.3383967e-05,0
14003070001,2,0.0,0.0,0
11101002001,2,2.5617572e-08,1.6691984e-05,0
12000229001,2,1.2808788e-08,1.6691984e-05,0
12011131001,2,3.2021966e-08,1.6691984e-05,0
12011134001,2,4.0561154e-08,1.6691984e-05,0
12023195001,2,2.5617572e-08,1.6691984e-05,0
35310008001,2,3.2021966e-08,1.6691984e-05,0
35307905001,2,1.2808788e-08,1.6691984e-05,0
12011061001,2,1.4943586e-08,1.6691984e-05,0
12011207001,2,4.269595e-08,1.6691984e-05,0
14604256001,2,3.629156e-08,1.6691984e-05,0
12011322001,2,5.5504735e-08,3.3383967e-05,0
14604254001,2,5.123514e-08,1.6691984e-05,0
14000020001,2,7.0448316e-08,1.6691984e-05,0
35131010001,2,0.0,0.0,0
14604114001,2,5.123514e-08,1.6691984e-05,0
14222006001,2,9.3931085e-08,1.6691984e-05,0
12344036001,2,1.4943586e-08,1.6691984e-05,0
35131001001,2,2.134798e-09,1.6691984e-05,0
34514016001,2,1.921318e-08,1.6691984e-05,0
12327063001,2,4.269596e-09,1.6691984e-05,0
14604001001,2,2.3482775e-08,1.6691984e-05,0
12030741001,2,1.921318e-08,1.6691984e-05,0
11010120001,2,4.9100343e-08,1.6691984e-05,0
12000092001,2,2.134798e-09,1.6691984e-05,0
14604257001,2,2.3482775e-08,1.6691984e-05,0
11043007001,2,8.539192e-09,1.6691984e-05,0
12023463001,2,1.067399e-08,1.6691984e-05,0
12000146001,2,5.123514e-08,1.6691984e-05,0
12023278001,2,1.2808788e-08,1.6691984e-05,0
12011212001,2,2.1347978e-08,1.6691984e-05,0
14611018001,2,3.629156e-08,3.3383967e-05,0
12000159001,2,6.4043935e-09,1.6691984e-05,0
12000149001,2,6.4043935e-09,1.6691984e-05,0
11021027001,2,1.7078383e-08,1.6691984e-05,0
12011248001,2,4.269596e-09,1.6691984e-05,0
11021015001,2,2.775237e-08,1.6691984e-05,0
11042028001,2,3.629156e-08,1.6691984e-05,0
12000144001,2,8.539192e-09,1.6691984e-05,0
11042030001,2,4.6965546e-08,1.6691984e-05,0
11102014001,2,4.0561154e-08,1.6691984e-05,0
12023332001,2,1.2808788e-08,1.6691984e-05,0
12011281001,2,2.775237e-08,1.6691984e-05,0
41101002001,2,0.0,0.0,0
11072004001,2,1.2808788e-08,1.6691984e-05,0
12010243001,2,6.831352e-08,1.6691984e-05,0
11072033001,2,1.067399e-08,1.6691984e-05,0
41223060001,2,0.0,0.0,0
12011006001,2,1.4943586e-08,1.6691984e-05,0
12010999001,2,2.5617572e-08,1.6691984e-05,0
41202017001,2,2.134798e-09,1.6691984e-05,0
12000315001,2,1.067399e-08,1.6691984e-05,0
12000285001,2,1.067399e-08,1.6691984e-05,0
11076886001,2,4.0561154e-08,1.6691984e-05,0
12000301001,2,4.269596e-09,1.6691984e-05,0
12011024001,2,2.3482775e-08,1.6691984e-05,0
41223010001,2,4.269596e-09,1.6691984e-05,0
41212053001,2,0.0,0.0,0
11073001001,1,1.4943586e-08,1.6691984e-05,0
32524007001,1,1.067399e-08,1.6691984e-05,0
11075012001,1,3.8426357e-08,1.6691984e-05,0
32524032001,1,1.7078383e-08,1.6691984e-05,0
11103029001,1,4.269596e-09,1.6691984e-05,0
12023093001,1,2.134798e-09,1.6691984e-05,0
32431067001,1,4.269596e-09,1.6691984e-05,0
12022062001,1,1.7078383e-08,1.6691984e-05,0
14501905001,1,6.4043935e-09,1.6691984e-05,0
31602031001,1,1.7078383e-08,1.6691984e-05,0
12022081001,1,1.067399e-08,1.6691984e-05,0
32526020001,1,0.0,0.0,0
41223049001,1,2.988717e-08,1.6691984e-05,0
32404004002,1,6.4043935e-09,1.6691984e-05,0
31602030001,1,1.7078383e-08,1.6691984e-05,0
11070005001,1,1.067399e-08,1.6691984e-05,0
12023393001,1,1.2808788e-08,1.6691984e-05,0
41301002001,1,0.0,0.0,0
11103011004,1,8.539192e-09,1.6691984e-05,0
12022079001,1,2.5617572e-08,1.6691984e-05,0
14501930001,1,9.606588e-08,1.6691984e-05,0
11103082001,1,4.269596e-09,1.6691984e-05,0
12100042001,1,5.977433e-08,1.6691984e-05,0
12022167001,1,1.2808788e-08,1.6691984e-05,0
11074004001,1,2.134798e-09,1.6691984e-05,0
31623901001,1,8.539192e-09,1.6691984e-05,0
12020471001,1,1.7078383e-08,1.6691984e-05,0
12102998001,1,1.067399e-08,1.6691984e-05,0
11071909001,1,1.067399e-08,1.6691984e-05,0
11103044001,1,2.988717e-08,1.6691984e-05,0
12102999001,1,1.067399e-08,1.6691984e-05,0
35306002001,1,1.2808788e-08,1.6691984e-05,0
32511021001,1,8.539192e-09,1.6691984e-05,0
12103005001,1,2.1347978e-08,1.6691984e-05,0
31621043001,1,1.2808788e-08,1.6691984e-05,0
41303011001,1,0.0,0.0,0
12022137001,1,1.2808788e-08,1.6691984e-05,0
41302901001,1,6.4043935e-09,1.6691984e-05,0
61037010003,1,4.269596e-09,1.6691984e-05,0
12022128001,1,1.7078383e-08,1.6691984e-05,0
12022127001,1,6.4043935e-09,1.6691984e-05,0
12032524001,1,1.7078383e-08,1.6691984e-05,0
32514005001,1,4.6965546e-08,1.6691984e-05,0
14413002001,1,6.4043935e-09,1.6691984e-05,0
12020957001,1,4.269596e-09,1.6691984e-05,0
11073002002,1,2.5617572e-08,1.6691984e-05,0
14506132001,1,3.8426357e-08,1.6691984e-05,0
33153158001,1,0.0,0.0,0
12023184001,1,1.4943586e-08,1.6691984e-05,0
42616037001,1,4.269596e-09,1.6691984e-05,0
41223062001,1,2.134798e-09,1.6691984e-05,0
14353030001,1,2.5617572e-08,1.6691984e-05,0
12023125001,1,1.067399e-08,1.6691984e-05,0
12032076001,1,1.067399e-08,1.6691984e-05,0
32420015001,1,1.4943586e-08,1.6691984e-05,0
12020979001,1,4.269596e-09,1.6691984e-05,0
12032072001,1,1.921318e-08,1.6691984e-05,0
12032043007,1,1.067399e-08,1.6691984e-05,0
12034999001,1,2.5617572e-08,1.6691984e-05,0
11075039001,1,1.067399e-08,1.6691984e-05,0
12021069001,1,1.7078383e-08,1.6691984e-05,0
65110183002,1,4.269596e-09,1.6691984e-05,0
12021064001,1,6.4043935e-09,1.6691984e-05,0
12103097001,1,6.4043935e-09,1.6691984e-05,0
12032035001,1,1.921318e-08,1.6691984e-05,0
41232052001,1,0.0,0.0,0
65141005001,1,6.4043935e-09,1.6691984e-05,0
32411076001,1,8.539192e-09,1.6691984e-05,0
32412056001,1,1.7078383e-08,1.6691984e-05,0
12030992001,1,1.2808788e-08,1.6691984e-05,0
41232043001,1,0.0,0.0,0
12021044001,1,1.067399e-08,1.6691984e-05,0
12021042001,1,1.2808788e-08,1.6691984e-05,0
34511012001,1,1.067399e-08,1.6691984e-05,0
12031016001,1,1.7078383e-08,1.6691984e-05,0
12032101001,1,4.269595e-08,1.6691984e-05,0
12100007001,1,1.921318e-08,1.6691984e-05,0
12103066001,1,1.7078383e-08,1.6691984e-05,0
33280337002,1,0.0,0.0,0
65011150001,1,6.4043935e-09,1.6691984e-05,0
12030001001,1,1.067399e-08,1.6691984e-05,0
12023115001,1,2.988717e-08,1.6691984e-05,0
11103212001,1,1.2808788e-08,1.6691984e-05,0
12022030001,1,1.7078383e-08,1.6691984e-05,0
12020976001,1,1.4943586e-08,1.6691984e-05,0
11103229001,1,1.4943586e-08,1.6691984e-05,0
12030040001,1,1.2808788e-08,1.6691984e-05,0
11103011003,1,8.539192e-09,1.6691984e-05,0
65031070001,1,2.134798e-09,1.6691984e-05,0
31568071001,1,2.5617572e-08,1.6691984e-05,0
11103238001,1,6.4043935e-09,1.6691984e-05,0
65090016001,1,2.134798e-09,1.6691984e-05,0
33523001001,1,2.134798e-09,1.6691984e-05,0
11062017001,1,1.7078383e-08,1.6691984e-05,0
41244001001,1,0.0,0.0,0
12022008001,1,4.269596e-09,1.6691984e-05,0
11103241001,1,1.4943586e-08,1.6691984e-05,0
12022005001,1,6.4043935e-09,1.6691984e-05,0
11103011001,1,1.4943586e-08,1.6691984e-05,0
11073898001,1,4.269596e-09,1.6691984e-05,0
41223061001,1,0.0,0.0,0
12030737001,1,8.539192e-09,1.6691984e-05,0
33550006003,1,1.2808788e-08,1.6691984e-05,0
11072906001,1,1.067399e-08,1.6691984e-05,0
42607128001,1,1.067399e-08,1.6691984e-05,0
12033189001,1,6.4043935e-09,1.6691984e-05,0
11074009001,1,6.4043935e-09,1.6691984e-05,0
34511028001,1,6.4043935e-09,1.6691984e-05,0
14403105001,1,1.067399e-08,1.6691984e-05,0
12020929001,1,3.8426357e-08,1.6691984e-05,0
32431036001,1,7.0448316e-08,1.6691984e-05,0
11103139002,1,1.067399e-08,1.6691984e-05,0
12034087001,1,1.921318e-08,1.6691984e-05,0
41201002001,1,0.0,0.0,0
41401014001,1,2.134798e-09,1.6691984e-05,0
41420049001,1,6.4043935e-09,1.6691984e-05,0
32502042001,1,1.2808788e-08,1.6691984e-05,0
11103140001,1,8.539192e-09,1.6691984e-05,0
41421001001,1,0.0,0.0,0
32503007002,1,3.2021966e-08,1.6691984e-05,0
14506386001,1,1.921318e-08,1.6691984e-05,0
41422018001,1,2.988717e-08,1.6691984e-05,0
31677068001,1,3.2021966e-08,1.6691984e-05,0
12102092001,1,1.067399e-08,1.6691984e-05,0
11101013001,1,6.4043935e-09,1.6691984e-05,0
41202003001,1,0.0,0.0,0
12023189001,1,1.4943586e-08,1.6691984e-05,0
11070054001,1,1.921318e-08,1.6691984e-05,0
12020956001,1,8.539192e-09,1.6691984e-05,0
11103142001,1,2.988717e-08,1.6691984e-05,0
32503007003,1,3.2021966e-08,1.6691984e-05,0
41212038001,1,4.269596e-09,1.6691984e-05,0
11100111001,1,1.7078383e-08,1.6691984e-05,0
12101018001,1,8.539192e-09,1.6691984e-05,0
41401022001,1,1.067399e-08,1.6691984e-05,0
32470079001,1,1.067399e-08,1.6691984e-05,0
12101032001,1,1.4943586e-08,1.6691984e-05,0
11103110001,1,3.629156e-08,1.6691984e-05,0
12034171001,1,1.921318e-08,1.6691984e-05,0
41401058001,1,0.0,0.0,0
41101027001,1,0.0,0.0,0
12020952001,1,1.067399e-08,1.6691984e-05,0
32440140001,1,1.2808788e-08,1.6691984e-05,0
12023039001,1,2.988717e-08,1.6691984e-05,0
41401080001,1,2.134798e-09,1.6691984e-05,0
41401094001,1,0.0,0.0,0
14506206001,1,4.483075e-08,1.6691984e-05,0
41414004001,1,8.539192e-09,1.6691984e-05,0
12034126001,1,1.7078383e-08,1.6691984e-05,0
11074045002,1,4.269596e-09,1.6691984e-05,0
41417001001,1,0.0,0.0,0
12034167001,1,1.2808788e-08,1.6691984e-05,0
12034172001,1,1.2808788e-08,1.6691984e-05,0
11074043001,1,1.7078383e-08,1.6691984e-05,0
31732897001,1,2.3482775e-08,1.6691984e-05,0
41420006001,1,0.0,0.0,0
12020955001,1,1.2808788e-08,1.6691984e-05,0
11103123001,1,8.539192e-09,1.6691984e-05,0
12102038001,1,4.269596e-09,1.6691984e-05,0
41420043001,1,0.0,0.0,0
11101018001,1,1.921318e-08,1.6691984e-05,0
32503007004,1,3.2021966e-08,1.6691984e-05,0
41521077001,1,2.134798e-09,1.6691984e-05,0
12021020001,1,2.5617572e-08,1.6691984e-05,0
11072013001,1,1.067399e-08,1.6691984e-05,0
11072019001,1,1.921318e-08,1.6691984e-05,0
14506031001,1,2.988717e-08,1.6691984e-05,0
41530903001,1,0.0,0.0,0
41220010001,1,0.0,0.0,0
14361122001,1,8.539192e-09,1.6691984e-05,0
11071011001,1,2.3482775e-08,1.6691984e-05,0
11103048001,1,4.269596e-09,1.6691984e-05,0
12102123001,1,3.4156763e-08,1.6691984e-05,0
31856016002,1,1.2808788e-08,1.6691984e-05,0
41534006001,1,2.5617572e-08,1.6691984e-05,0
41601012001,1,0.0,0.0,0
31670002001,1,1.2808788e-08,1.6691984e-05,0
41601014001,1,0.0,0.0,0
11071912001,1,1.921318e-08,1.6691984e-05,0
11075006001,1,2.988717e-08,1.6691984e-05,0
41303054001,1,0.0,0.0,0
41601020001,1,0.0,0.0,0
41220023001,1,0.0,0.0,0
12102141001,1,1.4943586e-08,1.6691984e-05,0
12023265001,1,6.4043935e-09,1.6691984e-05,0
11103183001,1,1.921318e-08,1.6691984e-05,0
41221036001,1,0.0,0.0,0
31801003001,1,1.2808788e-08,1.6691984e-05,0
41310041001,1,0.0,0.0,0
12034055001,1,1.921318e-08,1.6691984e-05,0
32503008003,1,1.7078383e-08,1.6691984e-05,0
12100911001,1,1.7078383e-08,1.6691984e-05,0
41521080001,1,2.134798e-09,1.6691984e-05,0
12102100001,1,4.269596e-09,1.6691984e-05,0
32503035001,1,2.1347978e-08,1.6691984e-05,0
41333047001,1,0.0,0.0,0
31677015001,1,0.0,0.0,0
12102107001,1,2.3482775e-08,1.6691984e-05,0
32503040003,1,2.134798e-09,1.6691984e-05,0
32503044001,1,1.2808788e-08,1.6691984e-05,0
32503103001,1,1.2808788e-08,1.6691984e-05,0
12023022001,1,2.988717e-08,1.6691984e-05,0
41522079001,1,2.134798e-09,1.6691984e-05,0
12022275001,1,1.2808788e-08,1.6691984e-05,0
41212906001,1,0.0,0.0,0
12023225001,1,2.134798e-09,1.6691984e-05,0
31827008001,1,0.0,0.0,0
14411901001,1,0.0,0.0,0
12102114001,1,1.4943586e-08,1.6691984e-05,0
32420006001,1,2.775237e-08,1.6691984e-05,0
11074052001,1,1.2808788e-08,1.6691984e-05,0
12022224001,1,1.7078383e-08,1.6691984e-05,0
41522107001,1,0.0,0.0,0
11103079002,1,2.3482775e-08,1.6691984e-05,0
11070034001,1,1.4943586e-08,1.6691984e-05,0
14361124001,1,1.921318e-08,1.6691984e-05,0
31812025001,1,0.0,0.0,0
12002096001,1,1.4943586e-08,1.6691984e-05,0
12103146001,1,1.7078383e-08,1.6691984e-05,0
12000309001,1,8.539192e-09,1.6691984e-05,0
11030012002,1,4.0561154e-08,1.6691984e-05,0
12010194001,1,2.1347978e-08,1.6691984e-05,0
14615076001,1,6.190913e-08,1.6691984e-05,0
12000369001,1,1.2808788e-08,1.6691984e-05,0
12010214001,1,2.1347978e-08,1.6691984e-05,0
12010221001,1,2.1347978e-08,1.6691984e-05,0
14010899001,1,4.483075e-08,1.6691984e-05,0
14615059001,1,4.0561154e-08,1.6691984e-05,0
12000329001,1,1.067399e-08,1.6691984e-05,0
14615047001,1,1.4943586e-08,1.6691984e-05,0
12000306001,1,1.067399e-08,1.6691984e-05,0
11031011002,1,4.269596e-09,1.6691984e-05,0
12011019001,1,8.539192e-09,1.6691984e-05,0
12000300001,1,1.067399e-08,1.6691984e-05,0
14615025001,1,1.7078383e-08,1.6691984e-05,0
14615020001,1,8.539192e-09,1.6691984e-05,0
12011038001,1,1.2808788e-08,1.6691984e-05,0
11022077001,1,1.4943586e-08,1.6691984e-05,0
11022075001,1,8.539192e-09,1.6691984e-05,0
12011039001,1,2.5617572e-08,1.6691984e-05,0
12011047001,1,2.775237e-08,1.6691984e-05,0
12000295001,1,2.988717e-08,1.6691984e-05,0
11030016002,1,8.539192e-09,1.6691984e-05,0
14133899001,1,4.483075e-08,1.6691984e-05,0
11030028003,1,2.988717e-08,1.6691984e-05,0
11030028004,1,1.067399e-08,1.6691984e-05,0
11031005001,1,5.3369938e-08,1.6691984e-05,0
11030234001,1,3.4156763e-08,1.6691984e-05,0
11030207003,1,1.7078383e-08,1.6691984e-05,0
11030198001,1,6.4043935e-09,1.6691984e-05,0
12010095001,1,1.7078383e-08,1.6691984e-05,0
11030196002,1,3.4156763e-08,1.6691984e-05,0
12010096001,1,1.4943586e-08,1.6691984e-05,0
12010098001,1,2.3482775e-08,1.6691984e-05,0
11030183001,1,2.1347978e-08,1.6691984e-05,0
12010102001,1,2.3482775e-08,1.6691984e-05,0
11040059001,1,1.067399e-08,1.6691984e-05,0
12000431001,1,2.988717e-08,1.6691984e-05,0
11040061001,1,1.2808788e-08,1.6691984e-05,0
12010122001,1,1.2808788e-08,1.6691984e-05,0
12010148001,1,8.539192e-09,1.6691984e-05,0
11030079002,1,2.1347978e-08,1.6691984e-05,0
12010156001,1,6.4043935e-09,1.6691984e-05,0
11030049001,1,2.1347978e-08,1.6691984e-05,0
11030048001,1,1.067399e-08,1.6691984e-05,0
12000396001,1,2.1347978e-08,1.6691984e-05,0
12010175001,1,6.4043935e-09,1.6691984e-05,0
11022068001,1,1.067399e-08,1.6691984e-05,0
11041018001,1,1.7078383e-08,1.6691984e-05,0
12000276001,1,8.539192e-09,1.6691984e-05,0
11021019001,1,1.7078383e-08,1.6691984e-05,0
12011274001,1,1.2808788e-08,1.6691984e-05,0
12011292001,1,6.4043935e-09,1.6691984e-05,0
12011293001,1,1.7078383e-08,1.6691984e-05,0
11021011001,1,1.4943586e-08,1.6691984e-05,0
14604255001,1,1.067399e-08,1.6691984e-05,0
14604119001,1,2.1347978e-08,1.6691984e-05,0
12011335001,1,1.4943586e-08,1.6691984e-05,0
14604117001,1,1.067399e-08,1.6691984e-05,0
12343304001,1,1.2808788e-08,1.6691984e-05,0
14222017001,1,3.629156e-08,1.6691984e-05,0
14222069001,1,3.629156e-08,1.6691984e-05,0
14603116001,1,4.269596e-09,1.6691984e-05,0
12327058001,1,2.134798e-09,1.6691984e-05,0
12327051001,1,0.0,0.0,0
12000090001,1,1.067399e-08,1.6691984e-05,0
12327022001,1,4.269596e-09,1.6691984e-05,0
14222121001,1,5.123514e-08,1.6691984e-05,0
14850002001,1,0.0,0.0,0
14850003001,1,1.4943586e-08,1.6691984e-05,0
14850007001,1,2.134798e-09,1.6691984e-05,0
12327015001,1,2.5617572e-08,1.6691984e-05,0
12000136001,1,1.2808788e-08,1.6691984e-05,0
14210286001,1,5.7639532e-08,1.6691984e-05,0
12000275001,1,8.539192e-09,1.6691984e-05,0
14210216001,1,1.921318e-08,1.6691984e-05,0
12000270001,1,6.4043935e-09,1.6691984e-05,0
12000233001,1,6.4043935e-09,1.6691984e-05,0
12011122001,1,6.4043935e-09,1.6691984e-05,0
12011123001,1,6.4043935e-09,1.6691984e-05,0
11041032001,1,2.5617572e-08,1.6691984e-05,0
12000224001,1,8.539192e-09,1.6691984e-05,0
12011140001,1,2.775237e-08,1.6691984e-05,0
12000219001,1,6.4043935e-09,1.6691984e-05,0
12011142001,1,1.7078383e-08,1.6691984e-05,0
14002032001,1,2.988717e-08,1.6691984e-05,0
14612922001,1,8.539192e-09,1.6691984e-05,0
12000212001,1,1.067399e-08,1.6691984e-05,0
14612039001,1,4.269596e-09,1.6691984e-05,0
11021059002,1,8.539192e-09,1.6691984e-05,0
12011195001,1,4.269596e-09,1.6691984e-05,0
14832044001,1,1.2808788e-08,1.6691984e-05,0
12000176001,1,8.539192e-09,1.6691984e-05,0
12011204001,1,1.921318e-08,1.6691984e-05,0
11021046001,1,1.067399e-08,1.6691984e-05,0
11021043001,1,2.775237e-08,1.6691984e-05,0
12000166001,1,1.2808788e-08,1.6691984e-05,0
12010082001,1,6.4043935e-09,1.6691984e-05,0
12000468001,1,2.1347978e-08,1.6691984e-05,0
12011342001,1,1.7078383e-08,1.6691984e-05,0
14620168001,1,1.7078383e-08,1.6691984e-05,0
12003065001,1,8.539192e-09,1.6691984e-05,0
12002009001,1,6.4043935e-09,1.6691984e-05,0
12002002001,1,2.5617572e-08,1.6691984e-05,0
14632349001,1,2.1347978e-08,1.6691984e-05,0
12003100001,1,6.4043935e-09,1.6691984e-05,0
12001110001,1,1.067399e-08,1.6691984e-05,0
14620170001,1,7.0448316e-08,1.6691984e-05,0
14633002001,1,6.4043935e-09,1.6691984e-05,0
14633032001,1,1.067399e-08,1.6691984e-05,0
12003117001,1,1.067399e-08,1.6691984e-05,0
12001093001,1,1.7078383e-08,1.6691984e-05,0
12010056001,1,8.539192e-09,1.6691984e-05,0
14633107001,1,1.921318e-08,1.6691984e-05,0
14104028001,1,6.4043924e-08,1.6691984e-05,0
12001092001,1,2.134798e-09,1.6691984e-05,0
12001091001,1,6.4043935e-09,1.6691984e-05,0
12003138001,1,8.539192e-09,1.6691984e-05,0
12003142001,1,6.4043935e-09,1.6691984e-05,0
12003145001,1,6.4043935e-09,1.6691984e-05,0
14634032001,1,1.7078383e-08,1.6691984e-05,0
12001085001,1,1.7078383e-08,1.6691984e-05,0
12004063001,1,1.2808788e-08,1.6691984e-05,0
12003064001,1,3.4156763e-08,1.6691984e-05,0
12003063001,1,6.4043935e-09,1.6691984e-05,0
12003056001,1,8.539192e-09,1.6691984e-05,0
14632094001,1,1.921318e-08,1.6691984e-05,0
12002090001,1,6.4043935e-09,1.6691984e-05,0
12002127001,1,2.988717e-08,1.6691984e-05,0
14621062001,1,4.269596e-09,1.6691984e-05,0
14111048001,1,4.0561154e-08,1.6691984e-05,0
12002158001,1,2.3482775e-08,1.6691984e-05,0
12002075001,1,1.921318e-08,1.6691984e-05,0
14111078001,1,2.775237e-08,1.6691984e-05,0
14631042001,1,1.2808788e-08,1.6691984e-05,0
12002996001,1,4.269596e-09,1.6691984e-05,0
11032219001,1,4.269596e-09,1.6691984e-05,0
14631054001,1,2.1347978e-08,1.6691984e-05,0
12002057001,1,8.539192e-09,1.6691984e-05,0
12002042001,1,6.4043935e-09,1.6691984e-05,0
12003014001,1,6.4043935e-09,1.6691984e-05,0
12003030001,1,6.4043935e-09,1.6691984e-05,0
12003031001,1,2.1347978e-08,1.6691984e-05,0
12003035001,1,6.4043935e-09,1.6691984e-05,0
12002036001,1,4.269596e-09,1.6691984e-05,0
12003046001,1,1.2808788e-08,1.6691984e-05,0
12003051001,1,1.4943586e-08,1.6691984e-05,0
12002030001,1,8.539192e-09,1.6691984e-05,0
12004095001,1,1.4943586e-08,1.6691984e-05,0
12001081001,1,1.2808788e-08,1.6691984e-05,0
12004165001,1,2.3482775e-08,1.6691984e-05,0
12005082008,1,1.4943586e-08,1.6691984e-05,0
12001018001,1,1.2808788e-08,1.6691984e-05,0
14740035001,1,6.4043935e-09,1.6691984e-05,0
12005084002,1,1.2808788e-08,1.6691984e-05,0
12001015001,1,8.539192e-09,1.6691984e-05,0
12005084005,1,1.067399e-08,1.6691984e-05,0
12005089004,1,4.269596e-09,1.6691984e-05,0
12005092002,1,4.269596e-09,1.6691984e-05,0
12005092009,1,4.269596e-09,1.6691984e-05,0
11031915001,1,6.4043935e-09,1.6691984e-05,0
14741050001,1,3.4156763e-08,1.6691984e-05,0
12005109003,1,2.134798e-09,1.6691984e-05,0
12006001001,1,8.539192e-09,1.6691984e-05,0
11031908002,1,3.8426357e-08,1.6691984e-05,0
11031908001,1,1.7078383e-08,1.6691984e-05,0
12006059001,1,1.2808788e-08,1.6691984e-05,0
12006067001,1,1.4943586e-08,1.6691984e-05,0
12000494001,1,1.2808788e-08,1.6691984e-05,0
12006144001,1,4.269596e-09,1.6691984e-05,0
12010003001,1,2.3482775e-08,1.6691984e-05,0
14616037001,1,4.269595e-08,1.6691984e-05,0
12000485001,1,4.269596e-09,1.6691984e-05,0
12001022001,1,1.2808788e-08,1.6691984e-05,0
12005072013,1,4.269596e-09,1.6691984e-05,0
14700031001,1,2.775237e-08,1.6691984e-05,0
12005072005,1,2.3482775e-08,1.6691984e-05,0
12004171001,1,6.4043935e-09,1.6691984e-05,0
12001076001,1,1.921318e-08,1.6691984e-05,0
12004193001,1,2.1347978e-08,1.6691984e-05,0
12005003005,1,1.4943586e-08,1.6691984e-05,0
12005007001,1,8.539192e-09,1.6691984e-05,0
12001071001,1,1.2808788e-08,1.6691984e-05,0
14620088001,1,2.775237e-08,1.6691984e-05,0
14701026001,1,2.988717e-08,1.6691984e-05,0
14701067001,1,1.921318e-08,1.6691984e-05,0
12001065001,1,1.067399e-08,1.6691984e-05,0
12005009008,1,1.2808788e-08,1.6691984e-05,0
12005015001,1,8.539192e-09,1.6691984e-05,0
12005015004,1,1.067399e-08,1.6691984e-05,0
12005015006,1,8.539192e-09,1.6691984e-05,0
12005015008,1,2.3482775e-08,1.6691984e-05,0
14721072001,1,1.4943586e-08,1.6691984e-05,0
11040029001,1,1.4943586e-08,1.6691984e-05,0
14721916001,1,1.921318e-08,1.6691984e-05,0
11031918001,1,1.067399e-08,1.6691984e-05,0
14620035001,1,8.539192e-09,1.6691984e-05,0
14023250001,1,4.269595e-08,1.6691984e-05,0
12327014001,1,2.3482775e-08,1.6691984e-05,0
11043023001,1,8.539192e-09,1.6691984e-05,0
14353009001,1,1.2808788e-08,1.6691984e-05,0
14310061001,1,8.539192e-09,1.6691984e-05,0
12020018001,1,1.7078383e-08,1.6691984e-05,0
14304303001,1,4.483075e-08,1.6691984e-05,0
12123052001,1,4.6965546e-08,1.6691984e-05,0
12020050001,1,1.4943586e-08,1.6691984e-05,0
12020062001,1,1.4943586e-08,1.6691984e-05,0
31422899001,1,5.977433e-08,1.6691984e-05,0
11050104001,1,4.6965546e-08,1.6691984e-05,0
12020131001,1,1.4943586e-08,1.6691984e-05,0
10023102001,1,2.1347978e-08,1.6691984e-05,0
12020148001,1,1.067399e-08,1.6691984e-05,0
14310096001,1,2.988717e-08,1.6691984e-05,0
14244024001,1,3.2021966e-08,1.6691984e-05,0
14310101001,1,6.831352e-08,1.6691984e-05,0
31455014001,1,2.3482775e-08,1.6691984e-05,0
14510290001,1,8.539192e-09,1.6691984e-05,0
12020228001,1,2.1347978e-08,1.6691984e-05,0
12020234001,1,2.988717e-08,1.6691984e-05,0
14510264001,1,2.1347978e-08,1.6691984e-05,0
11103371001,1,6.4043935e-09,1.6691984e-05,0
14311033001,1,2.775237e-08,1.6691984e-05,0
14311076001,1,1.921318e-08,1.6691984e-05,0
10023043001,1,1.4943586e-08,1.6691984e-05,0
12020011001,1,1.4943586e-08,1.6691984e-05,0
14304302001,1,4.483075e-08,1.6691984e-05,0
11050095001,1,2.1347978e-08,1.6691984e-05,0
14304301001,1,4.483075e-08,1.6691984e-05,0
12016096001,1,0.0,0.0,0
11110063001,1,1.2808788e-08,1.6691984e-05,0
12016102001,1,1.4943586e-08,1.6691984e-05,0
11050055001,1,3.2021966e-08,1.6691984e-05,0
12130006001,1,6.4043935e-09,1.6691984e-05,0
12130005001,1,1.921318e-08,1.6691984e-05,0
14522044001,1,1.067399e-08,1.6691984e-05,0
31260001001,1,8.539192e-09,1.6691984e-05,0
31264013001,1,6.617872e-08,1.6691984e-05,0
12125005001,1,8.539192e-09,1.6691984e-05,0
11110020001,1,8.539192e-09,1.6691984e-05,0
12016126001,1,6.4043935e-09,1.6691984e-05,0
14521019001,1,3.4156763e-08,1.6691984e-05,0
11110012001,1,1.2808788e-08,1.6691984e-05,0
12016999001,1,4.269596e-09,1.6691984e-05,0
12123151001,1,1.921318e-08,1.6691984e-05,0
11050091001,1,1.2808788e-08,1.6691984e-05,0
14304014001,1,1.4943586e-08,1.6691984e-05,0
14304084001,1,2.775237e-08,1.6691984e-05,0
12017039001,1,1.067399e-08,1.6691984e-05,0
14512002001,1,1.4943586e-08,1.6691984e-05,0
12020283001,1,1.4943586e-08,1.6691984e-05,0
10023025001,1,0.0,0.0,0
12020284001,1,6.4043935e-09,1.6691984e-05,0
11103290001,1,1.4943586e-08,1.6691984e-05,0
12105027001,1,2.3482775e-08,1.6691984e-05,0
12105026001,1,1.067399e-08,1.6691984e-05,0
31533211001,1,1.7078383e-08,1.6691984e-05,0
12105017001,1,4.269596e-09,1.6691984e-05,0
11062002001,1,8.539192e-09,1.6691984e-05,0
11103274001,1,8.539192e-09,1.6691984e-05,0
14509037001,1,4.269596e-09,1.6691984e-05,0
12105002001,1,1.2808788e-08,1.6691984e-05,0
31544075003,1,0.0,0.0,0
12104047001,1,2.134798e-09,1.6691984e-05,0
14509025001,1,2.1347978e-08,1.6691984e-05,0
12104040001,1,6.4043935e-09,1.6691984e-05,0
12104034001,1,2.1347978e-08,1.6691984e-05,0
31545006001,1,2.134798e-09,1.6691984e-05,0
12104027001,1,1.4943586e-08,1.6691984e-05,0
14351001001,1,1.067399e-08,1.6691984e-05,0
12104012001,1,6.4043935e-09,1.6691984e-05,0
12104006001,1,4.9100343e-08,1.6691984e-05,0
12104005001,1,8.539192e-09,1.6691984e-05,0
11062008001,1,2.3482775e-08,1.6691984e-05,0
12103179001,1,1.7078383e-08,1.6691984e-05,0
31533034001,1,8.539192e-09,1.6691984e-05,0
11103296001,1,8.539192e-09,1.6691984e-05,0
12020312001,1,8.539192e-09,1.6691984e-05,0
11103297001,1,6.4043935e-09,1.6691984e-05,0
12111010004,1,2.775237e-08,1.6691984e-05,0
12111003001,1,1.7078383e-08,1.6691984e-05,0
11103347001,1,4.269596e-09,1.6691984e-05,0
11103334001,1,6.4043935e-09,1.6691984e-05,0
14311262001,1,2.775237e-08,1.6691984e-05,0
11051030001,1,1.921318e-08,1.6691984e-05,0
12106109002,1,2.988717e-08,1.6691984e-05,0
14312012001,1,1.067399e-08,1.6691984e-05,0
12106085001,1,1.067399e-08,1.6691984e-05,0
12106068001,1,1.7078383e-08,1.6691984e-05,0
12106066001,1,1.921318e-08,1.6691984e-05,0
11051899001,1,1.067399e-08,1.6691984e-05,0
12106047001,1,8.539192e-09,1.6691984e-05,0
12106036002,1,3.4156763e-08,1.6691984e-05,0
11103312001,1,2.3482775e-08,1.6691984e-05,0
31530106001,1,2.3482775e-08,1.6691984e-05,0
12106034001,1,6.4043935e-09,1.6691984e-05,0
14315001001,1,4.269596e-09,1.6691984e-05,0
11061027001,1,6.4043935e-09,1.6691984e-05,0
12020328001,1,4.269596e-09,1.6691984e-05,0
12106005001,1,1.067399e-08,1.6691984e-05,0
14523101001,1,6.4043935e-09,1.6691984e-05,0
11110075001,1,1.7078383e-08,1.6691984e-05,0
14850036001,1,6.4043935e-09,1.6691984e-05,0
12011387001,1,1.067399e-08,1.6691984e-05,0
12232020001,1,1.4943586e-08,1.6691984e-05,0
12232001001,1,0.0,0.0,0
12231027001,1,6.4043935e-09,1.6691984e-05,0
14602097001,1,2.1347978e-08,1.6691984e-05,0
12230006001,1,1.7078383e-08,1.6691984e-05,0
12011357001,1,2.775237e-08,1.6691984e-05,0
12011358001,1,1.4943586e-08,1.6691984e-05,0
14602093001,1,8.539192e-09,1.6691984e-05,0
14853005001,1,2.3482775e-08,1.6691984e-05,0
12000075001,1,1.067399e-08,1.6691984e-05,0
14602085001,1,6.4043935e-09,1.6691984e-05,0
12130084001,1,6.4043935e-09,1.6691984e-05,0
12000071001,1,8.539192e-09,1.6691984e-05,0
12000064001,1,1.7078383e-08,1.6691984e-05,0
14223046001,1,5.5504735e-08,1.6691984e-05,0
12000054001,1,1.067399e-08,1.6691984e-05,0
12000053001,1,1.4943586e-08,1.6691984e-05,0
14225008001,1,4.6965546e-08,1.6691984e-05,0
10904899001,1,2.134798e-09,1.6691984e-05,0
14225934001,1,4.9100343e-08,1.6691984e-05,0
10904008001,1,1.2808788e-08,1.6691984e-05,0
12000044001,1,2.775237e-08,1.6691984e-05,0
12233014001,1,3.2021966e-08,1.6691984e-05,0
12233019001,1,4.269596e-09,1.6691984e-05,0
14602101001,1,2.5617572e-08,1.6691984e-05,0
12234005001,1,4.269596e-09,1.6691984e-05,0
14850048001,1,1.067399e-08,1.6691984e-05,0
14850061001,1,1.067399e-08,1.6691984e-05,0
12326005001,1,2.134798e-09,1.6691984e-05,0
14850082001,1,1.067399e-08,1.6691984e-05,0
12325186001,1,2.5617572e-08,1.6691984e-05,0
14850103001,1,0.0,0.0,0
12323204001,1,8.539192e-09,1.6691984e-05,0
11010038001,1,6.4043935e-09,1.6691984e-05,0
12323111001,1,1.2808788e-08,1.6691984e-05,0
14603001001,1,5.7639532e-08,1.6691984e-05,0
12322057001,1,6.4043935e-09,1.6691984e-05,0
12321135001,1,2.134798e-09,1.6691984e-05,0
12320188001,1,1.067399e-08,1.6691984e-05,0
12302047001,1,1.4943586e-08,1.6691984e-05,0
12011346001,1,1.067399e-08,1.6691984e-05,0
12234939001,1,0.0,0.0,0
12234934001,1,6.4043935e-09,1.6691984e-05,0
12234920001,1,2.134798e-09,1.6691984e-05,0
12234917001,1,0.0,0.0,0
12234010001,1,3.2021966e-08,1.6691984e-05,0
12000082001,1,2.988717e-08,1.6691984e-05,0
12011470001,1,2.1347978e-08,1.6691984e-05,0
12011479001,1,1.2808788e-08,1.6691984e-05,0
14602033001,1,1.7078383e-08,1.6691984e-05,0
12151103001,1,8.539192e-09,1.6691984e-05,0
12151099001,1,8.539192e-09,1.6691984e-05,0
11050019001,1,2.3482775e-08,1.6691984e-05,0
14241039001,1,1.921318e-08,1.6691984e-05,0
14601012001,1,5.5504735e-08,1.6691984e-05,0
11112017001,1,2.1347978e-08,1.6691984e-05,0
12151018001,1,1.2808788e-08,1.6691984e-05,0
12151006001,1,1.921318e-08,1.6691984e-05,0
30071044001,1,6.4043935e-09,1.6691984e-05,0
30071047001,1,6.4043935e-09,1.6691984e-05,0
11112015001,1,2.134798e-09,1.6691984e-05,0
30071053001,1,1.921318e-08,1.6691984e-05,0
11112008001,1,1.2808788e-08,1.6691984e-05,0
11112005001,1,1.067399e-08,1.6691984e-05,0
30073022001,1,8.539192e-09,1.6691984e-05,0
12150004001,1,8.539192e-09,1.6691984e-05,0
12140011001,1,1.067399e-08,1.6691984e-05,0
14242128001,1,2.134798e-09,1.6691984e-05,0
12016070001,1,1.921318e-08,1.6691984e-05,0
31175002001,1,1.4943586e-08,1.6691984e-05,0
31182015001,1,2.775237e-08,1.6691984e-05,0
14243152001,1,3.4156763e-08,1.6691984e-05,0
12151100001,1,1.2808788e-08,1.6691984e-05,0
14241036001,1,1.067399e-08,1.6691984e-05,0
10041076001,1,4.269595e-08,1.6691984e-05,0
12152058001,1,1.2808788e-08,1.6691984e-05,0
12201128001,1,1.921318e-08,1.6691984e-05,0
12012003001,1,3.4156763e-08,1.6691984e-05,0
12012008001,1,1.067399e-08,1.6691984e-05,0
12012012001,1,1.4943586e-08,1.6691984e-05,0
12012046001,1,2.134798e-09,1.6691984e-05,0
12012048001,1,6.4043935e-09,1.6691984e-05,0
12012054001,1,1.4943586e-08,1.6691984e-05,0
12012059001,1,1.4943586e-08,1.6691984e-05,0
14602024001,1,1.067399e-08,1.6691984e-05,0
14226167001,1,4.6965546e-08,1.6691984e-05,0
12012118001,1,1.4943586e-08,1.6691984e-05,0
12012143001,1,1.2808788e-08,1.6691984e-05,0
12012165001,1,6.4043935e-09,1.6691984e-05,0
12012171001,1,1.4943586e-08,1.6691984e-05,0
12012173001,1,1.7078383e-08,1.6691984e-05,0
12000022001,1,4.269596e-09,1.6691984e-05,0
12012929001,1,3.8426357e-08,1.6691984e-05,0
12000020001,1,1.4943586e-08,1.6691984e-05,0
15302010001,1,1.921318e-08,1.6691984e-05,0
12014025001,1,6.4043924e-08,1.6691984e-05,0
14241001001,1,4.0561154e-08,1.6691984e-05,0
31251002001,1,6.4043935e-09,1.6691984e-05,0
