item_code,slot_type,orientation,slot_length,slot_width,slot_height,slot_volume,slots_per_pod,box_l0,box_w0,box_h0,box_weight,box_volume,units_per_box,oriented_l,oriented_w,oriented_h,max_x,max_y,max_z,max_boxes_in_slot,max_items_in_slot,max_boxes_in_pod,max_items_in_pod,used_volume_in_slot,used_weight_in_slot,vol_util_slot
10000026001,0,3,60.0,50.0,40.0,120000.0,10,34.0,22.0,14.0,6.62,10472.0,24.0,14.0,22.0,34.0,4,2,1,8,192.0,80,1920.0,83776.0,52.96,0.6981333333333334
10001005001,0,4,60.0,50.0,40.0,120000.0,10,40.0,27.0,12.0,9.11,12960.0,24.0,27.0,12.0,40.0,2,4,1,8,192.0,80,1920.0,103680.0,72.88,0.864
10001009001,0,4,60.0,50.0,40.0,120000.0,10,40.0,27.0,10.0,6.77,10800.0,24.0,27.0,10.0,40.0,2,5,1,10,240.0,100,2400.0,108000.0,67.69999999999999,0.9
10001022001,0,1,60.0,50.0,40.0,120000.0,10,42.0,28.0,23.0,13.81,27048.0,24.0,42.0,23.0,28.0,1,2,1,2,48.0,20,480.0,54096.0,27.62,0.4508
10002005001,0,4,60.0,50.0,40.0,120000.0,10,40.0,27.0,13.0,9.56,14040.0,24.0,27.0,13.0,40.0,2,3,1,6,144.0,60,1440.0,84240.0,57.36,0.702
10002006001,0,0,60.0,50.0,40.0,120000.0,10,34.0,23.0,31.0,13.37,24242.0,6.0,34.0,23.0,31.0,1,2,1,2,12.0,20,120.0,48484.0,26.74,0.40403333333333336
10002007001,0,4,60.0,50.0,40.0,120000.0,10,40.0,28.0,12.0,8.89,13440.0,24.0,28.0,12.0,40.0,2,4,1,8,192.0,80,1920.0,107520.0,71.12,0.896
10002008001,0,4,60.0,50.0,40.0,120000.0,10,40.0,27.0,10.0,6.8,10800.0,24.0,27.0,10.0,40.0,2,5,1,10,240.0,100,2400.0,108000.0,68.0,0.9
10002025001,0,2,60.0,50.0,40.0,120000.0,10,38.0,28.0,30.0,16.2,31920.0,12.0,30.0,38.0,28.0,2,1,1,2,24.0,20,240.0,63840.0,32.4,0.532
10002039001,0,4,60.0,50.0,40.0,120000.0,10,35.0,27.0,32.0,17.13,30240.0,12.0,27.0,32.0,35.0,2,1,1,2,24.0,20,240.0,60480.0,34.26,0.504
10002040001,0,0,60.0,50.0,40.0,120000.0,10,34.0,23.0,31.0,13.1,24242.0,6.0,34.0,23.0,31.0,1,2,1,2,12.0,20,120.0,48484.0,26.2,0.40403333333333336
10002071001,0,1,60.0,50.0,40.0,120000.0,10,42.0,28.0,25.0,15.95,29400.0,24.0,42.0,25.0,28.0,1,2,1,2,48.0,20,480.0,58800.0,31.9,0.49
10002072001,0,3,60.0,50.0,40.0,120000.0,10,34.0,23.0,30.0,13.3,23460.0,6.0,30.0,23.0,34.0,2,2,1,4,24.0,40,240.0,93840.0,53.2,0.782
10002102001,0,4,60.0,50.0,40.0,120000.0,10,40.0,27.0,12.0,9.0,12960.0,24.0,27.0,12.0,40.0,2,4,1,8,192.0,80,1920.0,103680.0,72.0,0.864
10002911001,0,4,60.0,50.0,40.0,120000.0,10,40.0,27.0,12.0,8.7,12960.0,24.0,27.0,12.0,40.0,2,4,1,8,192.0,80,1920.0,103680.0,69.6,0.864
10002942001,0,4,60.0,50.0,40.0,120000.0,10,40.0,28.0,12.0,8.91,13440.0,24.0,28.0,12.0,40.0,2,4,1,8,192.0,80,1920.0,107520.0,71.28,0.896
10002944001,0,5,60.0,50.0,40.0,120000.0,10,44.0,27.0,12.0,8.82,14256.0,24.0,27.0,44.0,12.0,2,1,3,6,144.0,60,1440.0,85536.0,52.92,0.7128
10002992001,0,1,60.0,50.0,40.0,120000.0,10,27.0,19.0,23.0,6.27,11799.0,1.0,27.0,23.0,19.0,2,2,2,8,8.0,80,80.0,94392.0,50.16,0.7866
10010023001,0,3,60.0,50.0,40.0,120000.0,10,33.0,16.0,10.0,4.31,5280.0,24.0,10.0,16.0,33.0,6,3,1,18,432.0,180,4320.0,95040.0,77.58,0.792
10010027001,0,3,60.0,50.0,40.0,120000.0,10,33.0,16.0,10.0,4.34,5280.0,24.0,10.0,16.0,33.0,6,3,1,18,432.0,180,4320.0,95040.0,78.12,0.792
10011001001,0,4,60.0,50.0,40.0,120000.0,10,34.0,20.0,11.0,6.59,7480.0,24.0,20.0,11.0,34.0,3,4,1,12,288.0,120,2880.0,89760.0,79.08,0.748
10011008001,0,2,60.0,50.0,40.0,120000.0,10,39.0,17.0,26.0,11.38,17238.0,10.0,26.0,39.0,17.0,2,1,2,4,40.0,40,400.0,68952.0,45.52,0.5746
10011016001,0,4,60.0,50.0,40.0,120000.0,10,35.0,20.0,13.0,7.9,9100.0,24.0,20.0,13.0,35.0,3,3,1,9,216.0,90,2160.0,81900.0,71.10000000000001,0.6825
10012006001,0,0,60.0,50.0,40.0,120000.0,10,28.0,16.0,9.0,3.4,4032.0,24.0,28.0,16.0,9.0,2,3,4,24,576.0,240,5760.0,96768.0,81.6,0.8064
10012907001,0,3,60.0,50.0,40.0,120000.0,10,33.0,16.0,13.0,5.34,6864.0,24.0,13.0,16.0,33.0,4,3,1,12,288.0,120,2880.0,82368.0,64.08,0.6864
10013005001,0,4,60.0,50.0,40.0,120000.0,10,34.0,20.0,11.0,6.71,7480.0,24.0,20.0,11.0,34.0,3,4,1,12,288.0,120,2880.0,89760.0,80.52,0.748
10014009001,0,4,60.0,50.0,40.0,120000.0,10,40.0,27.0,17.0,12.08,18360.0,24.0,27.0,17.0,40.0,2,2,1,4,96.0,40,960.0,73440.0,48.32,0.612
10014023001,0,3,60.0,50.0,40.0,120000.0,10,35.0,21.0,11.0,6.64,8085.0,24.0,11.0,21.0,35.0,5,2,1,10,240.0,100,2400.0,80850.0,66.39999999999999,0.67375
10014032001,0,4,60.0,50.0,40.0,120000.0,10,35.0,20.0,13.0,7.88,9100.0,24.0,20.0,13.0,35.0,3,3,1,9,216.0,90,2160.0,81900.0,70.92,0.6825
10014043001,0,2,60.0,50.0,40.0,120000.0,10,36.0,20.0,20.0,13.3,14400.0,12.0,20.0,36.0,20.0,3,1,2,6,72.0,60,720.0,86400.0,79.80000000000001,0.72
10014090001,0,4,60.0,50.0,40.0,120000.0,10,35.0,20.0,11.0,6.61,7700.0,24.0,20.0,11.0,35.0,3,4,1,12,288.0,120,2880.0,92400.0,79.32000000000001,0.77
10014103001,0,2,60.0,50.0,40.0,120000.0,10,39.0,17.0,26.0,11.312,17238.0,10.0,26.0,39.0,17.0,2,1,2,4,40.0,40,400.0,68952.0,45.248,0.5746
10014113001,0,5,60.0,50.0,40.0,120000.0,10,41.0,28.0,12.0,8.7,13776.0,24.0,28.0,41.0,12.0,2,1,3,6,144.0,60,1440.0,82656.0,52.199999999999996,0.6888
10014127001,0,5,60.0,50.0,40.0,120000.0,10,41.0,28.0,18.0,12.93,20664.0,24.0,28.0,41.0,18.0,2,1,2,4,96.0,40,960.0,82656.0,51.72,0.6888
10015005001,0,4,60.0,50.0,40.0,120000.0,10,38.0,26.0,24.0,15.79,23712.0,24.0,26.0,24.0,38.0,2,2,1,4,96.0,40,960.0,94848.0,63.16,0.7904
10015007001,0,3,60.0,50.0,40.0,120000.0,10,33.0,22.0,14.0,7.26,10164.0,24.0,14.0,22.0,33.0,4,2,1,8,192.0,80,1920.0,81312.0,58.08,0.6776
10016018001,0,1,60.0,50.0,40.0,120000.0,10,41.0,28.0,25.0,14.5,28700.0,24.0,41.0,25.0,28.0,1,2,1,2,48.0,20,480.0,57400.0,29.0,0.47833333333333333
10020002001,0,4,60.0,50.0,40.0,120000.0,10,40.0,19.0,14.0,9.6,10640.0,24.0,19.0,14.0,40.0,3,3,1,9,216.0,90,2160.0,95760.0,86.39999999999999,0.798
10020006001,0,4,60.0,50.0,40.0,120000.0,10,40.0,27.0,10.0,7.06,10800.0,24.0,27.0,10.0,40.0,2,5,1,10,240.0,100,2400.0,108000.0,70.6,0.9
10020008001,0,5,60.0,50.0,40.0,120000.0,10,44.0,29.0,20.0,13.9,25520.0,24.0,29.0,44.0,20.0,2,1,2,4,96.0,40,960.0,102080.0,55.6,0.8506666666666667
10020015001,0,4,60.0,50.0,40.0,120000.0,10,40.0,27.0,10.0,7.21,10800.0,24.0,27.0,10.0,40.0,2,5,1,10,240.0,100,2400.0,108000.0,72.1,0.9
10021001001,0,5,60.0,50.0,40.0,120000.0,10,41.0,28.0,10.0,6.48,11480.0,24.0,28.0,41.0,10.0,2,1,4,8,192.0,80,1920.0,91840.0,51.84,0.7653333333333333
10021006001,0,1,60.0,50.0,40.0,120000.0,10,42.0,28.0,24.0,16.04,28224.0,24.0,42.0,24.0,28.0,1,2,1,2,48.0,20,480.0,56448.0,32.08,0.4704
10021008001,0,4,60.0,50.0,40.0,120000.0,10,35.0,20.0,11.0,6.58,7700.0,24.0,20.0,11.0,35.0,3,4,1,12,288.0,120,2880.0,92400.0,78.96000000000001,0.77
10021010001,0,1,60.0,50.0,40.0,120000.0,10,42.0,28.0,24.0,15.6,28224.0,24.0,42.0,24.0,28.0,1,2,1,2,48.0,20,480.0,56448.0,31.2,0.4704
10021012001,0,5,60.0,50.0,40.0,120000.0,10,41.0,27.0,13.0,8.77,14391.0,24.0,27.0,41.0,13.0,2,1,3,6,144.0,60,1440.0,86346.0,52.62,0.71955
10021017001,0,4,60.0,50.0,40.0,120000.0,10,40.0,28.0,23.0,16.08,25760.0,24.0,28.0,23.0,40.0,2,2,1,4,96.0,40,960.0,103040.0,64.32,0.8586666666666667
10021026001,0,4,60.0,50.0,40.0,120000.0,10,39.0,28.0,32.0,19.23,34944.0,12.0,28.0,32.0,39.0,2,1,1,2,24.0,20,240.0,69888.0,38.46,0.5824
10022008001,0,3,60.0,50.0,40.0,120000.0,10,32.0,22.0,16.0,7.74,11264.0,24.0,16.0,22.0,32.0,3,2,1,6,144.0,60,1440.0,67584.0,46.44,0.5632
10022030001,0,3,60.0,50.0,40.0,120000.0,10,33.0,22.0,14.0,6.53,10164.0,24.0,14.0,22.0,33.0,4,2,1,8,192.0,80,1920.0,81312.0,52.24,0.6776
10022918001,0,3,60.0,50.0,40.0,120000.0,10,32.0,22.0,14.0,6.926,9856.0,24.0,14.0,22.0,32.0,4,2,1,8,192.0,80,1920.0,78848.0,55.408,0.6570666666666667
10023004001,0,3,60.0,50.0,40.0,120000.0,10,35.0,24.0,17.0,7.89,14280.0,24.0,17.0,24.0,35.0,3,2,1,6,144.0,60,1440.0,85680.0,47.339999999999996,0.714
10023043001,0,1,60.0,50.0,40.0,120000.0,10,49.0,37.0,24.0,16.5,43512.0,8.0,49.0,24.0,37.0,1,2,1,2,16.0,20,160.0,87024.0,33.0,0.7252
10023087001,0,3,60.0,50.0,40.0,120000.0,10,36.0,25.0,17.0,9.18,15300.0,8.0,17.0,25.0,36.0,3,2,1,6,48.0,60,480.0,91800.0,55.08,0.765
10023100001,0,2,60.0,50.0,40.0,120000.0,10,47.0,31.0,15.0,4.01,21855.0,6.0,15.0,47.0,31.0,4,1,1,4,24.0,40,240.0,87420.0,16.04,0.7285
10023892001,0,0,60.0,50.0,40.0,120000.0,10,57.0,32.0,20.0,9.38,36480.0,4.0,57.0,32.0,20.0,1,1,2,2,8.0,20,80.0,72960.0,18.76,0.608
10024010001,0,5,60.0,50.0,40.0,120000.0,10,41.0,27.0,12.0,8.9,13284.0,24.0,27.0,41.0,12.0,2,1,3,6,144.0,60,1440.0,79704.0,53.400000000000006,0.6642
10030005001,0,4,60.0,50.0,40.0,120000.0,10,38.0,28.0,32.0,19.37,34048.0,12.0,28.0,32.0,38.0,2,1,1,2,24.0,20,240.0,68096.0,38.74,0.5674666666666667
10030007001,0,3,60.0,50.0,40.0,120000.0,10,38.0,25.0,24.0,14.88,22800.0,24.0,24.0,25.0,38.0,2,2,1,4,96.0,40,960.0,91200.0,59.52,0.76
10030012001,0,0,60.0,50.0,40.0,120000.0,10,35.0,24.0,31.0,17.06,26040.0,8.0,35.0,24.0,31.0,1,2,1,2,16.0,20,160.0,52080.0,34.12,0.434
10030016001,0,1,60.0,50.0,40.0,120000.0,10,41.0,27.0,23.0,13.918,25461.0,24.0,41.0,23.0,27.0,1,2,1,2,48.0,20,480.0,50922.0,27.836,0.42435
10030018001,0,0,60.0,50.0,40.0,120000.0,10,38.0,21.0,31.0,17.72,24738.0,8.0,38.0,21.0,31.0,1,2,1,2,16.0,20,160.0,49476.0,35.44,0.4123
10030019001,0,1,60.0,50.0,40.0,120000.0,10,41.0,28.0,24.0,15.6,27552.0,24.0,41.0,24.0,28.0,1,2,1,2,48.0,20,480.0,55104.0,31.2,0.4592
10030021001,0,1,60.0,50.0,40.0,120000.0,10,43.0,29.0,24.0,15.762,29928.0,24.0,43.0,24.0,29.0,1,2,1,2,48.0,20,480.0,59856.0,31.524,0.4988
10030045001,0,1,60.0,50.0,40.0,120000.0,10,42.0,28.0,23.0,14.24,27048.0,24.0,42.0,23.0,28.0,1,2,1,2,48.0,20,480.0,54096.0,28.48,0.4508
10030048001,0,3,60.0,50.0,40.0,120000.0,10,38.0,25.0,24.0,14.97,22800.0,24.0,24.0,25.0,38.0,2,2,1,4,96.0,40,960.0,91200.0,59.88,0.76
10031004001,0,1,60.0,50.0,40.0,120000.0,10,42.0,28.0,24.0,14.85,28224.0,24.0,42.0,24.0,28.0,1,2,1,2,48.0,20,480.0,56448.0,29.7,0.4704
10031005001,0,4,60.0,50.0,40.0,120000.0,10,35.0,20.0,11.0,6.58,7700.0,24.0,20.0,11.0,35.0,3,4,1,12,288.0,120,2880.0,92400.0,78.96000000000001,0.77
10031006001,0,1,60.0,50.0,40.0,120000.0,10,41.0,27.0,24.0,14.0,26568.0,24.0,41.0,24.0,27.0,1,2,1,2,48.0,20,480.0,53136.0,28.0,0.4428
10031012001,0,1,60.0,50.0,40.0,120000.0,10,43.0,29.0,24.0,17.0,29928.0,24.0,43.0,24.0,29.0,1,2,1,2,48.0,20,480.0,59856.0,34.0,0.4988
10031013001,0,4,60.0,50.0,40.0,120000.0,10,40.0,20.0,14.0,9.82,11200.0,24.0,20.0,14.0,40.0,3,3,1,9,216.0,90,2160.0,100800.0,88.38,0.84
10031017001,0,3,60.0,50.0,40.0,120000.0,10,35.0,21.0,13.0,7.82,9555.0,24.0,13.0,21.0,35.0,4,2,1,8,192.0,80,1920.0,76440.0,62.56,0.637
10031022001,0,1,60.0,50.0,40.0,120000.0,10,41.0,28.0,24.0,14.3,27552.0,24.0,41.0,24.0,28.0,1,2,1,2,48.0,20,480.0,55104.0,28.6,0.4592
10031031001,0,3,60.0,50.0,40.0,120000.0,10,35.0,21.0,12.0,6.66,8820.0,24.0,12.0,21.0,35.0,5,2,1,10,240.0,100,2400.0,88200.0,66.6,0.735
10031033001,0,3,60.0,50.0,40.0,120000.0,10,37.0,25.0,24.0,14.95,22200.0,24.0,24.0,25.0,37.0,2,2,1,4,96.0,40,960.0,88800.0,59.8,0.74
10031909001,0,4,60.0,50.0,40.0,120000.0,10,38.0,26.0,23.0,12.81,22724.0,24.0,26.0,23.0,38.0,2,2,1,4,96.0,40,960.0,90896.0,51.24,0.7574666666666666
10032001001,0,2,60.0,50.0,40.0,120000.0,10,35.0,27.0,28.0,16.32,26460.0,12.0,28.0,35.0,27.0,2,1,1,2,24.0,20,240.0,52920.0,32.64,0.441
10032006001,0,4,60.0,50.0,40.0,120000.0,10,34.0,20.0,11.0,6.61,7480.0,24.0,20.0,11.0,34.0,3,4,1,12,288.0,120,2880.0,89760.0,79.32000000000001,0.748
10032008001,0,4,60.0,50.0,40.0,120000.0,10,34.0,20.0,11.0,6.62,7480.0,24.0,20.0,11.0,34.0,3,4,1,12,288.0,120,2880.0,89760.0,79.44,0.748
10032011001,0,0,60.0,50.0,40.0,120000.0,10,42.0,25.0,8.0,6.21,8400.0,24.0,42.0,25.0,8.0,1,2,5,10,240.0,100,2400.0,84000.0,62.1,0.7
10032013001,0,4,60.0,50.0,40.0,120000.0,10,40.0,20.0,14.0,9.8,11200.0,24.0,20.0,14.0,40.0,3,3,1,9,216.0,90,2160.0,100800.0,88.2,0.84
10032019001,0,4,60.0,50.0,40.0,120000.0,10,35.0,20.0,11.0,6.5,7700.0,24.0,20.0,11.0,35.0,3,4,1,12,288.0,120,2880.0,92400.0,78.0,0.77
10032055001,0,4,60.0,50.0,40.0,120000.0,10,35.0,20.0,14.0,8.7,9800.0,24.0,20.0,14.0,35.0,3,3,1,9,216.0,90,2160.0,88200.0,78.3,0.735
10032064001,0,4,60.0,50.0,40.0,120000.0,10,34.0,20.0,11.0,6.1,7480.0,24.0,20.0,11.0,34.0,3,4,1,12,288.0,120,2880.0,89760.0,73.19999999999999,0.748
10033003001,0,1,60.0,50.0,40.0,120000.0,10,42.0,29.0,24.0,15.95,29232.0,24.0,42.0,24.0,29.0,1,2,1,2,48.0,20,480.0,58464.0,31.9,0.4872
10033005001,0,4,60.0,50.0,40.0,120000.0,10,35.0,20.0,11.0,6.54,7700.0,24.0,20.0,11.0,35.0,3,4,1,12,288.0,120,2880.0,92400.0,78.48,0.77
10033010001,0,4,60.0,50.0,40.0,120000.0,10,35.0,26.0,31.0,16.27,28210.0,12.0,26.0,31.0,35.0,2,1,1,2,24.0,20,240.0,56420.0,32.54,0.4701666666666667
10033015001,0,4,60.0,50.0,40.0,120000.0,10,40.0,28.0,24.0,16.0,26880.0,24.0,28.0,24.0,40.0,2,2,1,4,96.0,40,960.0,107520.0,64.0,0.896
10033018001,0,3,60.0,50.0,40.0,120000.0,10,37.0,25.0,24.0,14.89,22200.0,24.0,24.0,25.0,37.0,2,2,1,4,96.0,40,960.0,88800.0,59.56,0.74
10033019001,0,4,60.0,50.0,40.0,120000.0,10,36.0,27.0,31.0,16.35,30132.0,12.0,27.0,31.0,36.0,2,1,1,2,24.0,20,240.0,60264.0,32.7,0.5022
10033030001,0,1,60.0,50.0,40.0,120000.0,10,41.0,28.0,24.0,15.28,27552.0,24.0,41.0,24.0,28.0,1,2,1,2,48.0,20,480.0,55104.0,30.56,0.4592
10033043001,0,1,60.0,50.0,40.0,120000.0,10,41.0,27.0,24.0,14.3,26568.0,24.0,41.0,24.0,27.0,1,2,1,2,48.0,20,480.0,53136.0,28.6,0.4428
10033049001,0,0,60.0,50.0,40.0,120000.0,10,35.0,23.0,31.0,17.16,24955.0,8.0,35.0,23.0,31.0,1,2,1,2,16.0,20,160.0,49910.0,34.32,0.41591666666666666
10033054001,0,1,60.0,50.0,40.0,120000.0,10,41.0,28.0,24.0,15.28,27552.0,24.0,41.0,24.0,28.0,1,2,1,2,48.0,20,480.0,55104.0,30.56,0.4592
10033056001,0,4,60.0,50.0,40.0,120000.0,10,40.0,27.0,24.0,14.55,25920.0,24.0,27.0,24.0,40.0,2,2,1,4,96.0,40,960.0,103680.0,58.2,0.864
10033064001,0,4,60.0,50.0,40.0,120000.0,10,40.0,20.0,14.0,9.82,11200.0,24.0,20.0,14.0,40.0,3,3,1,9,216.0,90,2160.0,100800.0,88.38,0.84
10033065001,0,4,60.0,50.0,40.0,120000.0,10,35.0,26.0,31.0,15.97,28210.0,12.0,26.0,31.0,35.0,2,1,1,2,24.0,20,240.0,56420.0,31.94,0.4701666666666667
10033070001,0,1,60.0,50.0,40.0,120000.0,10,42.0,28.0,24.0,15.46,28224.0,24.0,42.0,24.0,28.0,1,2,1,2,48.0,20,480.0,56448.0,30.92,0.4704
10033074001,0,1,60.0,50.0,40.0,120000.0,10,42.0,28.0,24.0,14.25,28224.0,24.0,42.0,24.0,28.0,1,2,1,2,48.0,20,480.0,56448.0,28.5,0.4704
10034003001,0,4,60.0,50.0,40.0,120000.0,10,34.0,20.0,11.0,6.64,7480.0,24.0,20.0,11.0,34.0,3,4,1,12,288.0,120,2880.0,89760.0,79.67999999999999,0.748
10034014001,0,4,60.0,50.0,40.0,120000.0,10,35.0,20.0,13.0,7.87,9100.0,24.0,20.0,13.0,35.0,3,3,1,9,216.0,90,2160.0,81900.0,70.83,0.6825
10034019001,0,4,60.0,50.0,40.0,120000.0,10,35.0,20.0,12.0,6.66,8400.0,24.0,20.0,12.0,35.0,3,4,1,12,288.0,120,2880.0,100800.0,79.92,0.84
10034039001,0,4,60.0,50.0,40.0,120000.0,10,35.0,20.0,13.0,7.9,9100.0,24.0,20.0,13.0,35.0,3,3,1,9,216.0,90,2160.0,81900.0,71.10000000000001,0.6825
10034050001,0,5,60.0,50.0,40.0,120000.0,10,41.0,27.0,12.0,8.5,13284.0,24.0,27.0,41.0,12.0,2,1,3,6,144.0,60,1440.0,79704.0,51.0,0.6642
10035003001,0,4,60.0,50.0,40.0,120000.0,10,36.0,27.0,32.0,19.62,31104.0,12.0,27.0,32.0,36.0,2,1,1,2,24.0,20,240.0,62208.0,39.24,0.5184
10035006001,0,4,60.0,50.0,40.0,120000.0,10,35.0,20.0,11.0,6.73,7700.0,24.0,20.0,11.0,35.0,3,4,1,12,288.0,120,2880.0,92400.0,80.76,0.77
10035017001,0,1,60.0,50.0,40.0,120000.0,10,42.0,28.0,24.0,14.6,28224.0,24.0,42.0,24.0,28.0,1,2,1,2,48.0,20,480.0,56448.0,29.2,0.4704
10035021001,0,1,60.0,50.0,40.0,120000.0,10,41.0,27.0,24.0,13.91,26568.0,24.0,41.0,24.0,27.0,1,2,1,2,48.0,20,480.0,53136.0,27.82,0.4428
10035035001,0,4,60.0,50.0,40.0,120000.0,10,35.0,20.0,11.0,6.57,7700.0,24.0,20.0,11.0,35.0,3,4,1,12,288.0,120,2880.0,92400.0,78.84,0.77
10035041001,0,5,60.0,50.0,40.0,120000.0,10,41.0,27.0,10.0,7.59,11070.0,24.0,27.0,41.0,10.0,2,1,4,8,192.0,80,1920.0,88560.0,60.72,0.738
10040003001,0,2,60.0,50.0,40.0,120000.0,10,35.0,27.0,30.0,19.3,28350.0,12.0,30.0,35.0,27.0,2,1,1,2,24.0,20,240.0,56700.0,38.6,0.4725
10040010001,0,1,60.0,50.0,40.0,120000.0,10,41.0,27.0,24.0,15.72,26568.0,24.0,41.0,24.0,27.0,1,2,1,2,48.0,20,480.0,53136.0,31.44,0.4428
10040018001,0,0,60.0,50.0,40.0,120000.0,10,38.0,22.0,31.0,16.93,25916.0,8.0,38.0,22.0,31.0,1,2,1,2,16.0,20,160.0,51832.0,33.86,0.43193333333333334
10040020001,0,1,60.0,50.0,40.0,120000.0,10,41.0,28.0,24.0,15.15,27552.0,24.0,41.0,24.0,28.0,1,2,1,2,48.0,20,480.0,55104.0,30.3,0.4592
10040022001,0,1,60.0,50.0,40.0,120000.0,10,38.0,31.0,24.0,18.32,28272.0,20.0,38.0,24.0,31.0,1,2,1,2,40.0,20,400.0,56544.0,36.64,0.4712
10040023001,0,2,60.0,50.0,40.0,120000.0,10,37.0,30.0,26.0,18.48,28860.0,20.0,26.0,37.0,30.0,2,1,1,2,40.0,20,400.0,57720.0,36.96,0.481
10040025001,0,4,60.0,50.0,40.0,120000.0,10,34.0,17.0,35.0,10.69,20230.0,2.0,17.0,35.0,34.0,3,1,1,3,6.0,30,60.0,60690.0,32.07,0.50575
10040032001,0,3,60.0,50.0,40.0,120000.0,10,36.0,24.0,19.0,9.2,16416.0,24.0,19.0,24.0,36.0,3,2,1,6,144.0,60,1440.0,98496.0,55.199999999999996,0.8208
10040033001,0,0,60.0,50.0,40.0,120000.0,10,38.0,23.0,31.0,19.0,27094.0,8.0,38.0,23.0,31.0,1,2,1,2,16.0,20,160.0,54188.0,38.0,0.45156666666666667
10040037001,0,4,60.0,50.0,40.0,120000.0,10,36.0,18.0,35.0,12.55,22680.0,2.0,18.0,35.0,36.0,3,1,1,3,6.0,30,60.0,68040.0,37.650000000000006,0.567
10040039001,0,4,60.0,50.0,40.0,120000.0,10,36.0,18.0,35.0,11.15,22680.0,2.0,18.0,35.0,36.0,3,1,1,3,6.0,30,60.0,68040.0,33.45,0.567
10040041001,0,3,60.0,50.0,40.0,120000.0,10,37.0,25.0,18.0,8.8,16650.0,24.0,18.0,25.0,37.0,3,2,1,6,144.0,60,1440.0,99900.0,52.800000000000004,0.8325
10040048001,0,0,60.0,50.0,40.0,120000.0,10,38.0,22.0,31.0,17.0,25916.0,8.0,38.0,22.0,31.0,1,2,1,2,16.0,20,160.0,51832.0,34.0,0.43193333333333334
10040049001,0,4,60.0,50.0,40.0,120000.0,10,36.0,18.0,37.0,12.8,23976.0,2.0,18.0,37.0,36.0,3,1,1,3,6.0,30,60.0,71928.0,38.400000000000006,0.5994
10040058001,0,1,60.0,50.0,40.0,120000.0,10,42.0,28.0,24.0,16.17,28224.0,24.0,42.0,24.0,28.0,1,2,1,2,48.0,20,480.0,56448.0,32.34,0.4704
10040063001,0,4,60.0,50.0,40.0,120000.0,10,40.0,27.0,23.0,15.2,24840.0,24.0,27.0,23.0,40.0,2,2,1,4,96.0,40,960.0,99360.0,60.8,0.828
10040072001,0,1,60.0,50.0,40.0,120000.0,10,42.0,28.0,23.0,14.07,27048.0,24.0,42.0,23.0,28.0,1,2,1,2,48.0,20,480.0,54096.0,28.14,0.4508
10040080001,0,4,60.0,50.0,40.0,120000.0,10,36.0,30.0,21.0,11.2,22680.0,20.0,30.0,21.0,36.0,2,2,1,4,80.0,40,800.0,90720.0,44.8,0.756
10040089001,0,4,60.0,50.0,40.0,120000.0,10,35.0,29.0,20.0,13.2,20300.0,20.0,29.0,20.0,35.0,2,2,1,4,80.0,40,800.0,81200.0,52.8,0.6766666666666666
10040094001,0,4,60.0,50.0,40.0,120000.0,10,37.0,18.0,36.0,12.0,23976.0,2.0,18.0,36.0,37.0,3,1,1,3,6.0,30,60.0,71928.0,36.0,0.5994
10041002001,0,5,60.0,50.0,40.0,120000.0,10,42.0,28.0,19.0,13.68,22344.0,24.0,28.0,42.0,19.0,2,1,2,4,96.0,40,960.0,89376.0,54.72,0.7448
10041006001,0,4,60.0,50.0,40.0,120000.0,10,40.0,26.0,22.0,12.85,22880.0,24.0,26.0,22.0,40.0,2,2,1,4,96.0,40,960.0,91520.0,51.4,0.7626666666666667
10041032001,0,0,60.0,50.0,40.0,120000.0,10,42.0,25.0,24.0,12.82,25200.0,24.0,42.0,25.0,24.0,1,2,1,2,48.0,20,480.0,50400.0,25.64,0.42
10041036001,0,1,60.0,50.0,40.0,120000.0,10,42.0,28.0,25.0,13.3,29400.0,24.0,42.0,25.0,28.0,1,2,1,2,48.0,20,480.0,58800.0,26.6,0.49
10041076001,0,5,60.0,50.0,40.0,120000.0,10,41.0,28.0,13.0,9.15,14924.0,24.0,28.0,41.0,13.0,2,1,3,6,144.0,60,1440.0,89544.0,54.900000000000006,0.7462
10041085001,0,1,60.0,50.0,40.0,120000.0,10,43.0,29.0,23.0,14.09,28681.0,24.0,43.0,23.0,29.0,1,2,1,2,48.0,20,480.0,57362.0,28.18,0.47801666666666665
10041087001,0,1,60.0,50.0,40.0,120000.0,10,42.0,28.0,23.0,14.0,27048.0,24.0,42.0,23.0,28.0,1,2,1,2,48.0,20,480.0,54096.0,28.0,0.4508
10052020001,0,3,60.0,50.0,40.0,120000.0,10,32.0,25.0,27.0,12.34,21600.0,12.0,27.0,25.0,32.0,2,2,1,4,48.0,40,480.0,86400.0,49.36,0.72
10052046001,0,0,60.0,50.0,40.0,120000.0,10,26.0,20.0,26.0,9.5,13520.0,12.0,26.0,20.0,26.0,2,2,1,4,48.0,40,480.0,54080.0,38.0,0.45066666666666666
10053903001,0,5,60.0,50.0,40.0,120000.0,10,42.0,26.0,19.0,6.2,20748.0,36.0,26.0,42.0,19.0,2,1,2,4,144.0,40,1440.0,82992.0,24.8,0.6916
10303002001,0,4,60.0,50.0,40.0,120000.0,10,40.0,27.0,12.0,8.87,12960.0,24.0,27.0,12.0,40.0,2,4,1,8,192.0,80,1920.0,103680.0,70.96,0.864
11010001001,0,3,60.0,50.0,40.0,120000.0,10,38.0,25.0,29.0,14.08,27550.0,6.0,29.0,25.0,38.0,2,2,1,4,24.0,40,240.0,110200.0,56.32,0.9183333333333333
11010005001,0,0,60.0,50.0,40.0,120000.0,10,36.0,33.0,32.0,12.1,38016.0,6.0,36.0,33.0,32.0,1,1,1,1,6.0,10,60.0,38016.0,12.1,0.3168
11020001001,0,0,60.0,50.0,40.0,120000.0,10,41.0,21.0,30.0,11.6,25830.0,14.0,41.0,21.0,30.0,1,2,1,2,28.0,20,280.0,51660.0,23.2,0.4305
11021006001,0,0,60.0,50.0,40.0,120000.0,10,41.0,41.0,30.0,14.3,50430.0,12.0,41.0,41.0,30.0,1,1,1,1,12.0,10,120.0,50430.0,14.3,0.42025
11021026001,0,0,60.0,50.0,40.0,120000.0,10,37.0,25.0,33.0,16.48,30525.0,4.0,37.0,25.0,33.0,1,2,1,2,8.0,20,80.0,61050.0,32.96,0.50875
11021051002,0,1,60.0,50.0,40.0,120000.0,10,26.0,18.0,23.0,2.39,10764.0,6.0,26.0,23.0,18.0,2,2,2,8,48.0,80,480.0,86112.0,19.12,0.7176
11021095001,0,3,60.0,50.0,40.0,120000.0,10,34.0,23.0,23.0,4.47,17986.0,6.0,23.0,23.0,34.0,2,2,1,4,24.0,40,240.0,71944.0,17.88,0.5995333333333334
11022034001,0,1,60.0,50.0,40.0,120000.0,10,36.0,32.0,24.0,11.3,27648.0,18.0,36.0,24.0,32.0,1,2,1,2,36.0,20,360.0,55296.0,22.6,0.4608
11030062001,0,1,60.0,50.0,40.0,120000.0,10,26.0,20.0,9.0,2.21,4680.0,12.0,26.0,9.0,20.0,2,5,2,20,240.0,200,2400.0,93600.0,44.2,0.78
11031027001,0,1,60.0,50.0,40.0,120000.0,10,29.0,29.0,24.0,5.32,20184.0,12.0,29.0,24.0,29.0,2,2,1,4,48.0,40,480.0,80736.0,21.28,0.6728
11032003001,0,3,60.0,50.0,40.0,120000.0,10,38.0,25.0,20.0,8.22,19000.0,12.0,20.0,25.0,38.0,3,2,1,6,72.0,60,720.0,114000.0,49.32000000000001,0.95
11032024001,0,2,60.0,50.0,40.0,120000.0,10,46.0,36.0,28.0,11.03,46368.0,24.0,28.0,46.0,36.0,2,1,1,2,48.0,20,480.0,92736.0,22.06,0.7728
11032037001,0,1,60.0,50.0,40.0,120000.0,10,53.0,39.0,21.0,15.31,43407.0,24.0,53.0,21.0,39.0,1,2,1,2,48.0,20,480.0,86814.0,30.62,0.72345
11032225001,0,3,60.0,50.0,40.0,120000.0,10,32.0,15.0,13.0,1.45,6240.0,20.0,13.0,15.0,32.0,4,3,1,12,240.0,120,2400.0,74880.0,17.4,0.624
11032227001,0,3,60.0,50.0,40.0,120000.0,10,32.0,15.0,13.0,1.525,6240.0,20.0,13.0,15.0,32.0,4,3,1,12,240.0,120,2400.0,74880.0,18.299999999999997,0.624
11032229001,0,5,60.0,50.0,40.0,120000.0,10,44.0,26.0,18.0,5.68,20592.0,12.0,26.0,44.0,18.0,2,1,2,4,48.0,40,480.0,82368.0,22.72,0.6864
11040004001,0,0,60.0,50.0,40.0,120000.0,10,28.0,25.0,27.0,10.21,18900.0,12.0,28.0,25.0,27.0,2,2,1,4,48.0,40,480.0,75600.0,40.84,0.63
11040006001,0,2,60.0,50.0,40.0,120000.0,10,36.0,27.0,30.0,10.73,29160.0,12.0,30.0,36.0,27.0,2,1,1,2,24.0,20,240.0,58320.0,21.46,0.486
11040010001,0,3,60.0,50.0,40.0,120000.0,10,36.0,21.0,29.0,8.6,21924.0,12.0,29.0,21.0,36.0,2,2,1,4,48.0,40,480.0,87696.0,34.4,0.7308
11040030001,0,2,60.0,50.0,40.0,120000.0,10,34.0,26.0,29.0,13.46,25636.0,12.0,29.0,34.0,26.0,2,1,1,2,24.0,20,240.0,51272.0,26.92,0.4272666666666667
11040035001,0,2,60.0,50.0,40.0,120000.0,10,36.0,26.0,29.0,10.2,27144.0,12.0,29.0,36.0,26.0,2,1,1,2,24.0,20,240.0,54288.0,20.4,0.4524
11040056001,0,0,60.0,50.0,40.0,120000.0,10,27.0,23.0,27.0,10.27,16767.0,12.0,27.0,23.0,27.0,2,2,1,4,48.0,40,480.0,67068.0,41.08,0.5589
11041019001,0,3,60.0,50.0,40.0,120000.0,10,40.0,14.0,20.0,1.6,11200.0,10.0,20.0,14.0,40.0,3,3,1,9,90.0,90,900.0,100800.0,14.4,0.84
11041024001,0,1,60.0,50.0,40.0,120000.0,10,26.0,18.0,21.0,2.0,9828.0,12.0,26.0,21.0,18.0,2,2,2,8,96.0,80,960.0,78624.0,16.0,0.6552
11041027001,0,2,60.0,50.0,40.0,120000.0,10,38.0,34.0,18.0,8.0,23256.0,24.0,18.0,38.0,34.0,3,1,1,3,72.0,30,720.0,69768.0,24.0,0.5814
11050004001,0,3,60.0,50.0,40.0,120000.0,10,36.0,21.0,30.0,12.37,22680.0,4.0,30.0,21.0,36.0,2,2,1,4,16.0,40,160.0,90720.0,49.48,0.756
11050006001,0,0,60.0,50.0,40.0,120000.0,10,28.0,27.0,20.0,8.15,15120.0,12.0,28.0,27.0,20.0,2,1,2,4,48.0,40,480.0,60480.0,32.6,0.504
11050011001,0,0,60.0,50.0,40.0,120000.0,10,30.0,23.0,28.0,11.22,19320.0,12.0,30.0,23.0,28.0,2,2,1,4,48.0,40,480.0,77280.0,44.88,0.644
11050012001,0,2,60.0,50.0,40.0,120000.0,10,39.0,26.0,27.0,10.52,27378.0,12.0,27.0,39.0,26.0,2,1,1,2,24.0,20,240.0,54756.0,21.04,0.4563
11050017001,0,3,60.0,50.0,40.0,120000.0,10,36.0,22.0,30.0,12.45,23760.0,4.0,30.0,22.0,36.0,2,2,1,4,16.0,40,160.0,95040.0,49.8,0.792
11050020001,0,2,60.0,50.0,40.0,120000.0,10,37.0,30.0,28.0,10.42,31080.0,12.0,28.0,37.0,30.0,2,1,1,2,24.0,20,240.0,62160.0,20.84,0.518
11050049001,0,4,60.0,50.0,40.0,120000.0,10,33.0,18.0,22.0,8.48,13068.0,12.0,18.0,22.0,33.0,3,2,1,6,72.0,60,720.0,78408.0,50.88,0.6534
11050050001,0,0,60.0,50.0,40.0,120000.0,10,30.0,19.0,20.0,6.75,11400.0,12.0,30.0,19.0,20.0,2,2,2,8,96.0,80,960.0,91200.0,54.0,0.76
11050055001,0,2,60.0,50.0,40.0,120000.0,10,39.0,29.0,27.0,12.8,30537.0,12.0,27.0,39.0,29.0,2,1,1,2,24.0,20,240.0,61074.0,25.6,0.50895
11050062001,0,0,60.0,50.0,40.0,120000.0,10,43.0,23.0,26.0,13.65,25714.0,12.0,43.0,23.0,26.0,1,2,1,2,24.0,20,240.0,51428.0,27.3,0.42856666666666665
11050065001,0,2,60.0,50.0,40.0,120000.0,10,35.0,28.0,29.0,9.5,28420.0,12.0,29.0,35.0,28.0,2,1,1,2,24.0,20,240.0,56840.0,19.0,0.4736666666666667
11050073001,0,0,60.0,50.0,40.0,120000.0,10,41.0,24.0,26.0,13.081,25584.0,12.0,41.0,24.0,26.0,1,2,1,2,24.0,20,240.0,51168.0,26.162,0.4264
11050078001,0,3,60.0,50.0,40.0,120000.0,10,38.0,22.0,25.0,11.6,20900.0,10.0,25.0,22.0,38.0,2,2,1,4,40.0,40,400.0,83600.0,46.4,0.6966666666666667
11050091001,0,2,60.0,50.0,40.0,120000.0,10,38.0,19.0,28.0,10.15,20216.0,12.0,28.0,38.0,19.0,2,1,2,4,48.0,40,480.0,80864.0,40.6,0.6738666666666666
11050097001,0,0,60.0,50.0,40.0,120000.0,10,40.0,24.0,32.0,16.54,30720.0,4.0,40.0,24.0,32.0,1,2,1,2,8.0,20,80.0,61440.0,33.08,0.512
11050111001,0,0,60.0,50.0,40.0,120000.0,10,42.0,23.0,26.0,13.34,25116.0,12.0,42.0,23.0,26.0,1,2,1,2,24.0,20,240.0,50232.0,26.68,0.4186
11050134001,0,0,60.0,50.0,40.0,120000.0,10,27.0,20.0,31.0,8.91,16740.0,8.0,27.0,20.0,31.0,2,2,1,4,32.0,40,320.0,66960.0,35.64,0.558
11051016001,0,2,60.0,50.0,40.0,120000.0,10,43.0,34.0,18.0,10.9,26316.0,12.0,18.0,43.0,34.0,3,1,1,3,36.0,30,360.0,78948.0,32.7,0.6579
11051057001,0,3,60.0,50.0,40.0,120000.0,10,33.0,25.0,15.0,6.64,12375.0,12.0,15.0,25.0,33.0,4,2,1,8,96.0,80,960.0,99000.0,53.12,0.825
11051899001,0,0,60.0,50.0,40.0,120000.0,10,46.0,24.0,19.0,8.14,20976.0,12.0,46.0,24.0,19.0,1,2,2,4,48.0,40,480.0,83904.0,32.56,0.6992
11061024001,0,5,60.0,50.0,40.0,120000.0,10,41.0,27.0,18.0,1.59,19926.0,30.0,27.0,41.0,18.0,2,1,2,4,120.0,40,1200.0,79704.0,6.36,0.6642
11061033001,0,4,60.0,50.0,40.0,120000.0,10,40.0,15.0,12.0,1.3,7200.0,19.0,15.0,12.0,40.0,4,4,1,16,304.0,160,3040.0,115200.0,20.8,0.96
11061055001,0,2,60.0,50.0,40.0,120000.0,10,42.0,38.0,30.0,1.67,47880.0,24.0,30.0,42.0,38.0,2,1,1,2,48.0,20,480.0,95760.0,3.34,0.798
11061071001,0,2,60.0,50.0,40.0,120000.0,10,42.0,39.0,30.0,1.82,49140.0,20.0,30.0,42.0,39.0,2,1,1,2,40.0,20,400.0,98280.0,3.64,0.819
11062002001,0,0,60.0,50.0,40.0,120000.0,10,51.0,45.0,21.0,3.89,48195.0,30.0,51.0,45.0,21.0,1,1,1,1,30.0,10,300.0,48195.0,3.89,0.401625
11062017001,0,2,60.0,50.0,40.0,120000.0,10,37.0,36.0,27.0,2.0,35964.0,36.0,27.0,37.0,36.0,2,1,1,2,72.0,20,720.0,71928.0,4.0,0.5994
11070001001,0,2,60.0,50.0,40.0,120000.0,10,41.0,28.0,27.0,13.3,30996.0,24.0,27.0,41.0,28.0,2,1,1,2,48.0,20,480.0,61992.0,26.6,0.5166
11070007001,0,2,60.0,50.0,40.0,120000.0,10,41.0,27.0,27.0,11.5,29889.0,24.0,27.0,41.0,27.0,2,1,1,2,48.0,20,480.0,59778.0,23.0,0.49815
11070012001,0,2,60.0,50.0,40.0,120000.0,10,44.0,29.0,28.0,14.0,35728.0,24.0,28.0,44.0,29.0,2,1,1,2,48.0,20,480.0,71456.0,28.0,0.5954666666666667
11070040001,0,2,60.0,50.0,40.0,120000.0,10,43.0,39.0,26.0,12.23,43602.0,24.0,26.0,43.0,39.0,2,1,1,2,48.0,20,480.0,87204.0,24.46,0.7267
11070063001,0,2,60.0,50.0,40.0,120000.0,10,43.0,28.0,28.0,13.126,33712.0,24.0,28.0,43.0,28.0,2,1,1,2,48.0,20,480.0,67424.0,26.252,0.5618666666666666
11071035001,0,0,60.0,50.0,40.0,120000.0,10,53.0,45.0,21.0,8.86,50085.0,24.0,53.0,45.0,21.0,1,1,1,1,24.0,10,240.0,50085.0,8.86,0.417375
11072004001,0,4,60.0,50.0,40.0,120000.0,10,32.0,30.0,16.0,2.99,15360.0,12.0,30.0,16.0,32.0,2,3,1,6,72.0,60,720.0,92160.0,17.94,0.768
11072011001,0,0,60.0,50.0,40.0,120000.0,10,59.0,44.0,23.0,14.9,59708.0,24.0,59.0,44.0,23.0,1,1,1,1,24.0,10,240.0,59708.0,14.9,0.49756666666666666
11072033001,0,0,60.0,50.0,40.0,120000.0,10,57.0,44.0,18.0,14.5,45144.0,12.0,57.0,44.0,18.0,1,1,2,2,24.0,20,240.0,90288.0,29.0,0.7524
11073032001,0,2,60.0,50.0,40.0,120000.0,10,41.0,26.0,15.0,6.0,15990.0,24.0,15.0,41.0,26.0,4,1,1,4,96.0,40,960.0,63960.0,24.0,0.533
11073902002,0,2,60.0,50.0,40.0,120000.0,10,35.0,31.0,13.0,3.13,14105.0,12.0,13.0,35.0,31.0,4,1,1,4,48.0,40,480.0,56420.0,12.52,0.4701666666666667
11074020001,0,3,60.0,50.0,40.0,120000.0,10,31.0,23.0,26.0,0.95,18538.0,12.0,26.0,23.0,31.0,2,2,1,4,48.0,40,480.0,74152.0,3.8,0.6179333333333333
11074060002,0,0,60.0,50.0,40.0,120000.0,10,22.0,24.0,11.0,0.7,5808.0,10.0,22.0,24.0,11.0,2,2,3,12,120.0,120,1200.0,69696.0,8.399999999999999,0.5808
11074060005,0,0,60.0,50.0,40.0,120000.0,10,24.0,22.0,11.0,0.63,5808.0,10.0,24.0,22.0,11.0,2,2,3,12,120.0,120,1200.0,69696.0,7.5600000000000005,0.5808
11075006001,0,0,60.0,50.0,40.0,120000.0,10,48.0,23.0,19.0,5.93,20976.0,24.0,48.0,23.0,19.0,1,2,2,4,96.0,40,960.0,83904.0,23.72,0.6992
11075012001,0,4,60.0,50.0,40.0,120000.0,10,32.0,27.0,14.0,4.2,12096.0,12.0,27.0,14.0,32.0,2,3,1,6,72.0,60,720.0,72576.0,25.200000000000003,0.6048
11100001001,0,4,60.0,50.0,40.0,120000.0,10,37.0,30.0,32.0,18.75,35520.0,4.0,30.0,32.0,37.0,2,1,1,2,8.0,20,80.0,71040.0,37.5,0.592
11100015001,0,2,60.0,50.0,40.0,120000.0,10,37.0,30.0,28.0,18.12,31080.0,4.0,28.0,37.0,30.0,2,1,1,2,8.0,20,80.0,62160.0,36.24,0.518
11100107001,0,2,60.0,50.0,40.0,120000.0,10,39.0,31.0,27.0,19.136,32643.0,4.0,27.0,39.0,31.0,2,1,1,2,8.0,20,80.0,65286.0,38.272,0.54405
11101009001,0,0,60.0,50.0,40.0,120000.0,10,52.0,41.0,22.0,20.1,46904.0,12.0,52.0,41.0,22.0,1,1,1,1,12.0,10,120.0,46904.0,20.1,0.39086666666666664
11103011003,0,1,60.0,50.0,40.0,120000.0,10,53.0,32.0,15.0,11.68,25440.0,6.0,53.0,15.0,32.0,1,3,1,3,18.0,30,180.0,76320.0,35.04,0.636
11103019001,0,5,60.0,50.0,40.0,120000.0,10,44.0,26.0,32.0,15.6,36608.0,4.0,26.0,44.0,32.0,2,1,1,2,8.0,20,80.0,73216.0,31.2,0.6101333333333333
11103022001,0,5,60.0,50.0,40.0,120000.0,10,41.0,29.0,32.0,13.01,38048.0,6.0,29.0,41.0,32.0,2,1,1,2,12.0,20,120.0,76096.0,26.02,0.6341333333333333
11103050001,0,5,60.0,50.0,40.0,120000.0,10,41.0,29.0,31.0,13.12,36859.0,6.0,29.0,41.0,31.0,2,1,1,2,12.0,20,120.0,73718.0,26.24,0.6143166666666666
11103070001,0,4,60.0,50.0,40.0,120000.0,10,35.0,26.0,31.0,12.83,28210.0,6.0,26.0,31.0,35.0,2,1,1,2,12.0,20,120.0,56420.0,25.66,0.4701666666666667
11103090001,0,5,60.0,50.0,40.0,120000.0,10,42.0,29.0,32.0,12.8,38976.0,6.0,29.0,42.0,32.0,2,1,1,2,12.0,20,120.0,77952.0,25.6,0.6496
11103092001,0,2,60.0,50.0,40.0,120000.0,10,38.0,30.0,30.0,10.4,34200.0,6.0,30.0,38.0,30.0,2,1,1,2,12.0,20,120.0,68400.0,20.8,0.57
11103110001,0,3,60.0,50.0,40.0,120000.0,10,39.0,25.0,30.0,10.56,29250.0,6.0,30.0,25.0,39.0,2,2,1,4,24.0,40,240.0,117000.0,42.24,0.975
11103112001,0,0,60.0,50.0,40.0,120000.0,10,46.0,22.0,33.0,12.15,33396.0,4.0,46.0,22.0,33.0,1,2,1,2,8.0,20,80.0,66792.0,24.3,0.5566
11103115001,0,0,60.0,50.0,40.0,120000.0,10,46.0,22.0,33.0,12.17,33396.0,4.0,46.0,22.0,33.0,1,2,1,2,8.0,20,80.0,66792.0,24.34,0.5566
11103130001,0,4,60.0,50.0,40.0,120000.0,10,40.0,29.0,32.0,17.1,37120.0,8.0,29.0,32.0,40.0,2,1,1,2,16.0,20,160.0,74240.0,34.2,0.6186666666666667
11103134001,0,0,60.0,50.0,40.0,120000.0,10,46.0,25.0,32.0,13.6,36800.0,4.0,46.0,25.0,32.0,1,2,1,2,8.0,20,80.0,73600.0,27.2,0.6133333333333333
11103136001,0,0,60.0,50.0,40.0,120000.0,10,36.0,25.0,32.0,12.4,28800.0,6.0,36.0,25.0,32.0,1,2,1,2,12.0,20,120.0,57600.0,24.8,0.48
11103137001,0,0,60.0,50.0,40.0,120000.0,10,36.0,25.0,32.0,12.36,28800.0,6.0,36.0,25.0,32.0,1,2,1,2,12.0,20,120.0,57600.0,24.72,0.48
11103179001,0,5,60.0,50.0,40.0,120000.0,10,8.0,9.0,13.0,0.2,936.0,1.0,9.0,8.0,13.0,6,6,3,108,108.0,1080,1080.0,101088.0,21.6,0.8424
11103187001,0,2,60.0,50.0,40.0,120000.0,10,31.0,30.0,28.0,10.61,26040.0,6.0,28.0,31.0,30.0,2,1,1,2,12.0,20,120.0,52080.0,21.22,0.434
11103196001,0,0,60.0,50.0,40.0,120000.0,10,38.0,31.0,32.0,16.21,37696.0,6.0,38.0,31.0,32.0,1,1,1,1,6.0,10,60.0,37696.0,16.21,0.3141333333333333
11103203001,0,4,60.0,50.0,40.0,120000.0,10,35.0,26.0,31.0,7.01,28210.0,8.0,26.0,31.0,35.0,2,1,1,2,16.0,20,160.0,56420.0,14.02,0.4701666666666667
11103237001,0,2,60.0,50.0,40.0,120000.0,10,42.0,30.0,30.0,11.35,37800.0,3.0,30.0,42.0,30.0,2,1,1,2,6.0,20,60.0,75600.0,22.7,0.63
11103375001,0,2,60.0,50.0,40.0,120000.0,10,35.0,27.0,30.0,12.87,28350.0,6.0,30.0,35.0,27.0,2,1,1,2,12.0,20,120.0,56700.0,25.74,0.4725
11103388001,0,4,60.0,50.0,40.0,120000.0,10,39.0,30.0,14.0,2.646,16380.0,6.0,30.0,14.0,39.0,2,3,1,6,36.0,60,360.0,98280.0,15.876,0.819
11110026001,0,5,60.0,50.0,40.0,120000.0,10,41.0,27.0,31.0,14.19,34317.0,4.0,27.0,41.0,31.0,2,1,1,2,8.0,20,80.0,68634.0,28.38,0.57195
11110031002,0,2,60.0,50.0,40.0,120000.0,10,35.0,26.0,28.0,10.58,25480.0,16.0,28.0,35.0,26.0,2,1,1,2,32.0,20,320.0,50960.0,21.16,0.4246666666666667
11110032001,0,0,60.0,50.0,40.0,120000.0,10,36.0,34.0,33.0,12.4,40392.0,6.0,36.0,34.0,33.0,1,1,1,1,6.0,10,60.0,40392.0,12.4,0.3366
11110045001,0,3,60.0,50.0,40.0,120000.0,10,33.0,24.0,26.0,12.91,20592.0,8.0,26.0,24.0,33.0,2,2,1,4,32.0,40,320.0,82368.0,51.64,0.6864
11110056001,0,4,60.0,50.0,40.0,120000.0,10,36.0,26.0,25.0,4.59,23400.0,6.0,26.0,25.0,36.0,2,2,1,4,24.0,40,240.0,93600.0,18.36,0.78
11110085001,0,3,60.0,50.0,40.0,120000.0,10,38.0,24.0,28.0,12.03,25536.0,6.0,28.0,24.0,38.0,2,2,1,4,24.0,40,240.0,102144.0,48.12,0.8512
11110092001,0,4,60.0,50.0,40.0,120000.0,10,39.0,26.0,32.0,14.13,32448.0,4.0,26.0,32.0,39.0,2,1,1,2,8.0,20,80.0,64896.0,28.26,0.5408
11110100001,0,0,60.0,50.0,40.0,120000.0,10,29.0,22.0,30.0,10.05,19140.0,8.0,29.0,22.0,30.0,2,2,1,4,32.0,40,320.0,76560.0,40.2,0.638
11110101001,0,0,60.0,50.0,40.0,120000.0,10,29.0,22.0,30.0,10.05,19140.0,8.0,29.0,22.0,30.0,2,2,1,4,32.0,40,320.0,76560.0,40.2,0.638
11111011001,0,0,60.0,50.0,40.0,120000.0,10,33.0,22.0,32.0,11.05,23232.0,6.0,33.0,22.0,32.0,1,2,1,2,12.0,20,120.0,46464.0,22.1,0.3872
11111017001,0,4,60.0,50.0,40.0,120000.0,10,39.0,28.0,32.0,21.77,34944.0,4.0,28.0,32.0,39.0,2,1,1,2,8.0,20,80.0,69888.0,43.54,0.5824
11111023001,0,0,60.0,50.0,40.0,120000.0,10,26.0,18.0,26.0,6.7,12168.0,6.0,26.0,18.0,26.0,2,2,1,4,24.0,40,240.0,48672.0,26.8,0.4056
11112015001,0,2,60.0,50.0,40.0,120000.0,10,34.0,28.0,26.0,6.67,24752.0,12.0,26.0,34.0,28.0,2,1,1,2,24.0,20,240.0,49504.0,13.34,0.4125333333333333
12000028001,0,0,60.0,50.0,40.0,120000.0,10,42.0,23.0,26.0,10.74,25116.0,12.0,42.0,23.0,26.0,1,2,1,2,24.0,20,240.0,50232.0,21.48,0.4186
12000036001,0,0,60.0,50.0,40.0,120000.0,10,26.0,22.0,23.0,7.003,13156.0,6.0,26.0,22.0,23.0,2,2,1,4,24.0,40,240.0,52624.0,28.012,0.43853333333333333
12000045001,0,0,60.0,50.0,40.0,120000.0,10,43.0,23.0,25.0,12.1,24725.0,12.0,43.0,23.0,25.0,1,2,1,2,24.0,20,240.0,49450.0,24.2,0.41208333333333336
12000059001,0,2,60.0,50.0,40.0,120000.0,10,32.0,32.0,27.0,13.362,27648.0,6.0,27.0,32.0,32.0,2,1,1,2,12.0,20,120.0,55296.0,26.724,0.4608
12000064001,0,4,60.0,50.0,40.0,120000.0,10,33.0,26.0,22.0,7.526,18876.0,12.0,26.0,22.0,33.0,2,2,1,4,48.0,40,480.0,75504.0,30.104,0.6292
12000090001,0,0,60.0,50.0,40.0,120000.0,10,28.0,22.0,25.0,7.5,15400.0,12.0,28.0,22.0,25.0,2,2,1,4,48.0,40,480.0,61600.0,30.0,0.5133333333333333
12000092001,0,1,60.0,50.0,40.0,120000.0,10,28.0,19.0,23.0,6.6,12236.0,12.0,28.0,23.0,19.0,2,2,2,8,96.0,80,960.0,97888.0,52.8,0.8157333333333333
12000100001,0,3,60.0,50.0,40.0,120000.0,10,39.0,21.0,24.0,8.14,19656.0,12.0,24.0,21.0,39.0,2,2,1,4,48.0,40,480.0,78624.0,32.56,0.6552
12000108001,0,0,60.0,50.0,40.0,120000.0,10,43.0,23.0,25.0,12.1,24725.0,12.0,43.0,23.0,25.0,1,2,1,2,24.0,20,240.0,49450.0,24.2,0.41208333333333336
12000146001,0,0,60.0,50.0,40.0,120000.0,10,26.0,22.0,23.0,6.98,13156.0,6.0,26.0,22.0,23.0,2,2,1,4,24.0,40,240.0,52624.0,27.92,0.43853333333333333
12000159001,0,0,60.0,50.0,40.0,120000.0,10,23.0,16.0,20.0,3.4,7360.0,6.0,23.0,16.0,20.0,2,3,2,12,72.0,120,720.0,88320.0,40.8,0.736
12000166001,0,1,60.0,50.0,40.0,120000.0,10,23.0,16.0,23.0,3.45,8464.0,6.0,23.0,23.0,16.0,2,2,2,8,48.0,80,480.0,67712.0,27.6,0.5642666666666667
12000178001,0,3,60.0,50.0,40.0,120000.0,10,40.0,24.0,22.0,10.45,21120.0,12.0,22.0,24.0,40.0,2,2,1,4,48.0,40,480.0,84480.0,41.8,0.704
12000191001,0,0,60.0,50.0,40.0,120000.0,10,29.0,22.0,28.0,8.39,17864.0,12.0,29.0,22.0,28.0,2,2,1,4,48.0,40,480.0,71456.0,33.56,0.5954666666666667
12000205001,0,1,60.0,50.0,40.0,120000.0,10,29.0,17.0,25.0,4.89,12325.0,6.0,29.0,25.0,17.0,2,2,2,8,48.0,80,480.0,98600.0,39.12,0.8216666666666667
12000233001,0,1,60.0,50.0,40.0,120000.0,10,22.0,16.0,22.0,3.48,7744.0,6.0,22.0,22.0,16.0,2,2,2,8,48.0,80,480.0,61952.0,27.84,0.5162666666666667
12000260001,0,1,60.0,50.0,40.0,120000.0,10,23.0,16.0,23.0,3.45,8464.0,6.0,23.0,23.0,16.0,2,2,2,8,48.0,80,480.0,67712.0,27.6,0.5642666666666667
12000262001,0,3,60.0,50.0,40.0,120000.0,10,39.0,22.0,25.0,11.12,21450.0,12.0,25.0,22.0,39.0,2,2,1,4,48.0,40,480.0,85800.0,44.48,0.715
12000351001,0,0,60.0,50.0,40.0,120000.0,10,43.0,23.0,24.0,12.06,23736.0,12.0,43.0,23.0,24.0,1,2,1,2,24.0,20,240.0,47472.0,24.12,0.3956
12000480001,0,1,60.0,50.0,40.0,120000.0,10,29.0,17.0,25.0,4.93,12325.0,6.0,29.0,25.0,17.0,2,2,2,8,48.0,80,480.0,98600.0,39.44,0.8216666666666667
12001010001,0,1,60.0,50.0,40.0,120000.0,10,23.0,9.0,23.0,2.74,4761.0,6.0,23.0,23.0,9.0,2,2,4,16,96.0,160,960.0,76176.0,43.84,0.6348
12001015001,0,3,60.0,50.0,40.0,120000.0,10,31.0,22.0,26.0,8.074,17732.0,9.0,26.0,22.0,31.0,2,2,1,4,36.0,40,360.0,70928.0,32.296,0.5910666666666666
12001067001,0,1,60.0,50.0,40.0,120000.0,10,29.0,7.0,16.0,1.56,3248.0,6.0,29.0,16.0,7.0,2,3,5,30,180.0,300,1800.0,97440.0,46.800000000000004,0.812
12001076001,0,1,60.0,50.0,40.0,120000.0,10,29.0,17.0,25.0,5.18,12325.0,6.0,29.0,25.0,17.0,2,2,2,8,48.0,80,480.0,98600.0,41.44,0.8216666666666667
12001114001,0,0,60.0,50.0,40.0,120000.0,10,26.0,25.0,23.0,6.82,14950.0,12.0,26.0,25.0,23.0,2,2,1,4,48.0,40,480.0,59800.0,27.28,0.49833333333333335
12002002001,0,3,60.0,50.0,40.0,120000.0,10,31.0,23.0,28.0,8.24,19964.0,9.0,28.0,23.0,31.0,2,2,1,4,36.0,40,360.0,79856.0,32.96,0.6654666666666667
12002023001,0,0,60.0,50.0,40.0,120000.0,10,41.0,21.0,24.0,10.7,20664.0,12.0,41.0,21.0,24.0,1,2,1,2,24.0,20,240.0,41328.0,21.4,0.3444
12002090001,0,0,60.0,50.0,40.0,120000.0,10,23.0,16.0,20.0,3.4,7360.0,6.0,23.0,16.0,20.0,2,3,2,12,72.0,120,720.0,88320.0,40.8,0.736
12002127001,0,0,60.0,50.0,40.0,120000.0,10,27.0,16.0,17.0,1.88,7344.0,12.0,27.0,16.0,17.0,2,3,2,12,144.0,120,1440.0,88128.0,22.56,0.7344
12002948001,0,1,60.0,50.0,40.0,120000.0,10,27.0,20.0,22.0,5.0,11880.0,9.0,27.0,22.0,20.0,2,2,2,8,72.0,80,720.0,95040.0,40.0,0.792
12003003001,0,4,60.0,50.0,40.0,120000.0,10,40.0,26.0,20.0,6.12,20800.0,36.0,26.0,20.0,40.0,2,2,1,4,144.0,40,1440.0,83200.0,24.48,0.6933333333333334
12003063001,0,3,60.0,50.0,40.0,120000.0,10,39.0,22.0,23.0,7.2,19734.0,12.0,23.0,22.0,39.0,2,2,1,4,48.0,40,480.0,78936.0,28.8,0.6578
12003064001,0,1,60.0,50.0,40.0,120000.0,10,23.0,17.0,23.0,2.65,8993.0,12.0,23.0,23.0,17.0,2,2,2,8,96.0,80,960.0,71944.0,21.2,0.5995333333333334
12003086001,0,3,60.0,50.0,40.0,120000.0,10,17.0,6.0,14.0,0.54,1428.0,3.0,14.0,6.0,17.0,4,8,2,64,192.0,640,1920.0,91392.0,34.56,0.7616
12003104001,0,3,60.0,50.0,40.0,120000.0,10,34.0,21.0,23.0,6.7,16422.0,12.0,23.0,21.0,34.0,2,2,1,4,48.0,40,480.0,65688.0,26.8,0.5474
12003120001,0,2,60.0,50.0,40.0,120000.0,10,21.0,18.0,10.0,1.076,3780.0,6.0,10.0,21.0,18.0,6,2,2,24,144.0,240,1440.0,90720.0,25.824,0.756
12004046001,0,0,60.0,50.0,40.0,120000.0,10,19.0,14.0,20.0,2.48,5320.0,12.0,19.0,14.0,20.0,3,3,2,18,216.0,180,2160.0,95760.0,44.64,0.798
12004053001,0,1,60.0,50.0,40.0,120000.0,10,20.0,18.0,6.0,1.2,2160.0,3.0,20.0,6.0,18.0,3,8,2,48,144.0,480,1440.0,103680.0,57.599999999999994,0.864
12004218001,0,2,60.0,50.0,40.0,120000.0,10,23.0,18.0,28.0,3.87,11592.0,12.0,28.0,23.0,18.0,2,2,2,8,96.0,80,960.0,92736.0,30.96,0.7728
12005015006,0,0,60.0,50.0,40.0,120000.0,10,30.0,23.0,18.0,3.0,12420.0,12.0,30.0,23.0,18.0,2,2,2,8,96.0,80,960.0,99360.0,24.0,0.828
12005072003,0,2,60.0,50.0,40.0,120000.0,10,32.0,20.0,20.0,2.8,12800.0,12.0,20.0,32.0,20.0,3,1,2,6,72.0,60,720.0,76800.0,16.799999999999997,0.64
12005082003,0,0,60.0,50.0,40.0,120000.0,10,20.0,8.0,19.0,0.6,3040.0,3.0,20.0,8.0,19.0,3,6,2,36,108.0,360,1080.0,109440.0,21.599999999999998,0.912
12005084001,0,1,60.0,50.0,40.0,120000.0,10,15.0,9.0,16.0,0.3,2160.0,3.0,15.0,16.0,9.0,4,3,4,48,144.0,480,1440.0,103680.0,14.399999999999999,0.864
12005084002,0,1,60.0,50.0,40.0,120000.0,10,15.0,9.0,16.0,0.3,2160.0,3.0,15.0,16.0,9.0,4,3,4,48,144.0,480,1440.0,103680.0,14.399999999999999,0.864
12005089004,0,2,60.0,50.0,40.0,120000.0,10,42.0,34.0,20.0,5.59,28560.0,12.0,20.0,42.0,34.0,3,1,1,3,36.0,30,360.0,85680.0,16.77,0.714
12005092002,0,3,60.0,50.0,40.0,120000.0,10,34.0,21.0,26.0,2.66,18564.0,8.0,26.0,21.0,34.0,2,2,1,4,32.0,40,320.0,74256.0,10.64,0.6188
12005093008,0,4,60.0,50.0,40.0,120000.0,10,31.0,26.0,20.0,3.17,16120.0,12.0,26.0,20.0,31.0,2,2,1,4,48.0,40,480.0,64480.0,12.68,0.5373333333333333
12005108003,0,4,60.0,50.0,40.0,120000.0,10,31.0,27.0,18.0,3.3,15066.0,12.0,27.0,18.0,31.0,2,2,1,4,48.0,40,480.0,60264.0,13.2,0.5022
12005108006,0,4,60.0,50.0,40.0,120000.0,10,31.0,27.0,18.0,3.3,15066.0,12.0,27.0,18.0,31.0,2,2,1,4,48.0,40,480.0,60264.0,13.2,0.5022
12006020001,0,0,60.0,50.0,40.0,120000.0,10,26.0,24.0,2.0,0.39,1248.0,12.0,26.0,24.0,2.0,2,2,20,80,960.0,800,9600.0,99840.0,31.200000000000003,0.832
12006067001,0,3,60.0,50.0,40.0,120000.0,10,38.0,25.0,6.0,0.712,5700.0,6.0,6.0,25.0,38.0,10,2,1,20,120.0,200,1200.0,114000.0,14.239999999999998,0.95
12006135001,0,3,60.0,50.0,40.0,120000.0,10,38.0,24.0,5.0,0.6,4560.0,6.0,5.0,24.0,38.0,12,2,1,24,144.0,240,1440.0,109440.0,14.399999999999999,0.912
12010023002,0,0,60.0,50.0,40.0,120000.0,10,27.0,22.0,31.0,10.17,18414.0,72.0,27.0,22.0,31.0,2,2,1,4,288.0,40,2880.0,73656.0,40.68,0.6138
12010058001,0,2,60.0,50.0,40.0,120000.0,10,39.0,34.0,13.0,8.52,17238.0,72.0,13.0,39.0,34.0,4,1,1,4,288.0,40,2880.0,68952.0,34.08,0.5746
12010097001,0,1,60.0,50.0,40.0,120000.0,10,19.0,18.0,11.0,2.0,3762.0,12.0,19.0,11.0,18.0,3,4,2,24,288.0,240,2880.0,90288.0,48.0,0.7524
12010122001,0,4,60.0,50.0,40.0,120000.0,10,36.0,26.0,22.0,7.5,20592.0,12.0,26.0,22.0,36.0,2,2,1,4,48.0,40,480.0,82368.0,30.0,0.6864
12010137001,0,0,60.0,50.0,40.0,120000.0,10,43.0,22.0,24.0,9.9,22704.0,12.0,43.0,22.0,24.0,1,2,1,2,24.0,20,240.0,45408.0,19.8,0.3784
12010147001,0,3,60.0,50.0,40.0,120000.0,10,35.0,23.0,12.0,4.64,9660.0,12.0,12.0,23.0,35.0,5,2,1,10,120.0,100,1200.0,96600.0,46.4,0.805
12010149001,0,3,60.0,50.0,40.0,120000.0,10,35.0,23.0,12.0,4.64,9660.0,12.0,12.0,23.0,35.0,5,2,1,10,120.0,100,1200.0,96600.0,46.4,0.805
12010180001,0,1,60.0,50.0,40.0,120000.0,10,23.0,16.0,21.0,3.85,7728.0,12.0,23.0,21.0,16.0,2,2,2,8,96.0,80,960.0,61824.0,30.8,0.5152
12010209001,0,1,60.0,50.0,40.0,120000.0,10,44.0,19.0,21.0,7.0,17556.0,12.0,44.0,21.0,19.0,1,2,2,4,48.0,40,480.0,70224.0,28.0,0.5852
12010214001,0,1,60.0,50.0,40.0,120000.0,10,46.0,34.0,25.0,37.25,39100.0,24.0,46.0,25.0,34.0,1,2,1,2,48.0,20,480.0,78200.0,74.5,0.6516666666666666
12010254001,0,5,60.0,50.0,40.0,120000.0,10,41.0,26.0,32.0,14.56,34112.0,144.0,26.0,41.0,32.0,2,1,1,2,288.0,20,2880.0,68224.0,29.12,0.5685333333333333
12011006001,0,1,60.0,50.0,40.0,120000.0,10,25.0,18.0,23.0,4.36,10350.0,6.0,25.0,23.0,18.0,2,2,2,8,48.0,80,480.0,82800.0,34.88,0.69
12011011001,0,3,60.0,50.0,40.0,120000.0,10,37.0,21.0,25.0,9.17,19425.0,12.0,25.0,21.0,37.0,2,2,1,4,48.0,40,480.0,77700.0,36.68,0.6475
12011032001,0,4,60.0,50.0,40.0,120000.0,10,40.0,19.0,24.0,7.084,18240.0,16.0,19.0,24.0,40.0,3,2,1,6,96.0,60,960.0,109440.0,42.504,0.912
12011033001,0,2,60.0,50.0,40.0,120000.0,10,32.0,32.0,28.0,13.51,28672.0,6.0,28.0,32.0,32.0,2,1,1,2,12.0,20,120.0,57344.0,27.02,0.47786666666666666
12011093001,0,2,60.0,50.0,40.0,120000.0,10,35.0,33.0,27.0,13.6,31185.0,6.0,27.0,35.0,33.0,2,1,1,2,12.0,20,120.0,62370.0,27.2,0.51975
12011098001,0,2,60.0,50.0,40.0,120000.0,10,40.0,31.0,26.0,14.1,32240.0,12.0,26.0,40.0,31.0,2,1,1,2,24.0,20,240.0,64480.0,28.2,0.5373333333333333
12011115001,0,2,60.0,50.0,40.0,120000.0,10,39.0,26.0,26.0,9.2,26364.0,12.0,26.0,39.0,26.0,2,1,1,2,24.0,20,240.0,52728.0,18.4,0.4394
12011168001,0,2,60.0,50.0,40.0,120000.0,10,33.0,32.0,28.0,13.25,29568.0,6.0,28.0,33.0,32.0,2,1,1,2,12.0,20,120.0,59136.0,26.5,0.4928
12011173001,0,2,60.0,50.0,40.0,120000.0,10,39.0,29.0,28.0,14.206,31668.0,12.0,28.0,39.0,29.0,2,1,1,2,24.0,20,240.0,63336.0,28.412,0.5278
12011198001,0,3,60.0,50.0,40.0,120000.0,10,31.0,23.0,22.0,7.66,15686.0,12.0,22.0,23.0,31.0,2,2,1,4,48.0,40,480.0,62744.0,30.64,0.5228666666666667
12011220001,0,2,60.0,50.0,40.0,120000.0,10,49.0,29.0,28.0,8.6,39788.0,12.0,28.0,49.0,29.0,2,1,1,2,24.0,20,240.0,79576.0,17.2,0.6631333333333334
12011257001,0,2,60.0,50.0,40.0,120000.0,10,39.0,26.0,28.0,10.8,28392.0,12.0,28.0,39.0,26.0,2,1,1,2,24.0,20,240.0,56784.0,21.6,0.4732
12011292001,0,0,60.0,50.0,40.0,120000.0,10,42.0,23.0,25.0,12.1,24150.0,12.0,42.0,23.0,25.0,1,2,1,2,24.0,20,240.0,48300.0,24.2,0.4025
12011299001,0,1,60.0,50.0,40.0,120000.0,10,29.0,26.0,25.0,10.8,18850.0,12.0,29.0,25.0,26.0,2,2,1,4,48.0,40,480.0,75400.0,43.2,0.6283333333333333
12011322001,0,2,60.0,50.0,40.0,120000.0,10,39.0,26.0,27.0,10.446,27378.0,12.0,27.0,39.0,26.0,2,1,1,2,24.0,20,240.0,54756.0,20.892,0.4563
12011482001,0,3,60.0,50.0,40.0,120000.0,10,39.0,21.0,27.0,10.68,22113.0,12.0,27.0,21.0,39.0,2,2,1,4,48.0,40,480.0,88452.0,42.72,0.7371
12012045001,0,1,60.0,50.0,40.0,120000.0,10,27.0,20.0,8.0,1.53,4320.0,6.0,27.0,8.0,20.0,2,6,2,24,144.0,240,1440.0,103680.0,36.72,0.864
12012086001,0,3,60.0,50.0,40.0,120000.0,10,34.0,24.0,25.0,4.7,20400.0,12.0,25.0,24.0,34.0,2,2,1,4,48.0,40,480.0,81600.0,18.8,0.68
12013050001,0,1,60.0,50.0,40.0,120000.0,10,26.0,20.0,22.0,6.83,11440.0,12.0,26.0,22.0,20.0,2,2,2,8,96.0,80,960.0,91520.0,54.64,0.7626666666666667
12013052001,0,1,60.0,50.0,40.0,120000.0,10,26.0,20.0,22.0,6.83,11440.0,12.0,26.0,22.0,20.0,2,2,2,8,96.0,80,960.0,91520.0,54.64,0.7626666666666667
12014022001,0,0,60.0,50.0,40.0,120000.0,10,28.0,25.0,14.0,1.46,9800.0,20.0,28.0,25.0,14.0,2,2,2,8,160.0,80,1600.0,78400.0,11.68,0.6533333333333333
12016026001,0,2,60.0,50.0,40.0,120000.0,10,23.0,18.0,12.0,1.54,4968.0,18.0,12.0,23.0,18.0,5,2,2,20,360.0,200,3600.0,99360.0,30.8,0.828
12016035001,0,0,60.0,50.0,40.0,120000.0,10,28.0,19.0,18.0,3.35,9576.0,24.0,28.0,19.0,18.0,2,2,2,8,192.0,80,1920.0,76608.0,26.8,0.6384
12016130001,0,4,60.0,50.0,40.0,120000.0,10,19.0,14.0,8.0,0.9,2128.0,6.0,14.0,8.0,19.0,4,6,2,48,288.0,480,2880.0,102144.0,43.2,0.8512
12016999001,0,3,60.0,50.0,40.0,120000.0,10,31.0,21.0,17.0,3.8,11067.0,24.0,17.0,21.0,31.0,3,2,1,6,144.0,60,1440.0,66402.0,22.799999999999997,0.55335
12017017001,0,1,60.0,50.0,40.0,120000.0,10,24.0,16.0,22.0,1.6,8448.0,8.0,24.0,22.0,16.0,2,2,2,8,64.0,80,640.0,67584.0,12.8,0.5632
12020018001,0,1,60.0,50.0,40.0,120000.0,10,26.0,10.0,16.0,1.5,4160.0,6.0,26.0,16.0,10.0,2,3,4,24,144.0,240,1440.0,99840.0,36.0,0.832
12020021001,0,0,60.0,50.0,40.0,120000.0,10,21.0,16.0,19.0,1.67,6384.0,12.0,21.0,16.0,19.0,2,3,2,12,144.0,120,1440.0,76608.0,20.04,0.6384
12020070001,0,0,60.0,50.0,40.0,120000.0,10,19.0,16.0,17.0,2.448,5168.0,12.0,19.0,16.0,17.0,3,3,2,18,216.0,180,2160.0,93024.0,44.064,0.7752
12020101001,0,0,60.0,50.0,40.0,120000.0,10,26.0,24.0,19.0,5.47,11856.0,24.0,26.0,24.0,19.0,2,2,2,8,192.0,80,1920.0,94848.0,43.76,0.7904
12020138001,0,2,60.0,50.0,40.0,120000.0,10,23.0,13.0,20.0,2.59,5980.0,12.0,20.0,23.0,13.0,3,2,3,18,216.0,180,2160.0,107640.0,46.62,0.897
12020147001,0,0,60.0,50.0,40.0,120000.0,10,27.0,16.0,19.0,3.12,8208.0,12.0,27.0,16.0,19.0,2,3,2,12,144.0,120,1440.0,98496.0,37.44,0.8208
12020184001,0,2,60.0,50.0,40.0,120000.0,10,25.0,20.0,20.0,1.68,10000.0,12.0,20.0,25.0,20.0,3,2,2,12,144.0,120,1440.0,120000.0,20.16,1.0
12020210001,0,0,60.0,50.0,40.0,120000.0,10,29.0,23.0,19.0,2.39,12673.0,12.0,29.0,23.0,19.0,2,2,2,8,96.0,80,960.0,101384.0,19.12,0.8448666666666667
12020212001,0,1,60.0,50.0,40.0,120000.0,10,20.0,16.0,21.0,1.4,6720.0,6.0,20.0,21.0,16.0,3,2,2,12,72.0,120,720.0,80640.0,16.799999999999997,0.672
12020224001,0,0,60.0,50.0,40.0,120000.0,10,26.0,17.0,18.0,2.3,7956.0,12.0,26.0,17.0,18.0,2,2,2,8,96.0,80,960.0,63648.0,18.4,0.5304
12020225001,0,0,60.0,50.0,40.0,120000.0,10,26.0,17.0,19.0,2.2,8398.0,12.0,26.0,17.0,19.0,2,2,2,8,96.0,80,960.0,67184.0,17.6,0.5598666666666666
12020266001,0,0,60.0,50.0,40.0,120000.0,10,20.0,13.0,19.0,0.8,4940.0,6.0,20.0,13.0,19.0,3,3,2,18,108.0,180,1080.0,88920.0,14.4,0.741
12020282001,0,1,60.0,50.0,40.0,120000.0,10,28.0,19.0,24.0,1.6,12768.0,6.0,28.0,24.0,19.0,2,2,2,8,48.0,80,480.0,102144.0,12.8,0.8512
12020328001,0,0,60.0,50.0,40.0,120000.0,10,15.0,10.0,20.0,1.1,3000.0,6.0,15.0,10.0,20.0,4,5,2,40,240.0,400,2400.0,120000.0,44.0,1.0
12020404001,0,0,60.0,50.0,40.0,120000.0,10,20.0,13.0,20.0,1.036,5200.0,6.0,20.0,13.0,20.0,3,3,2,18,108.0,180,1080.0,93600.0,18.648,0.78
12020418001,0,1,60.0,50.0,40.0,120000.0,10,15.0,10.0,23.0,1.164,3450.0,6.0,15.0,23.0,10.0,4,2,4,32,192.0,320,1920.0,110400.0,37.248,0.92
12021069001,0,1,60.0,50.0,40.0,120000.0,10,14.0,5.0,16.0,0.5,1120.0,3.0,14.0,16.0,5.0,4,3,8,96,288.0,960,2880.0,107520.0,48.0,0.896
12021993001,0,0,60.0,50.0,40.0,120000.0,10,18.0,14.0,18.0,1.9,4536.0,12.0,18.0,14.0,18.0,3,3,2,18,216.0,180,2160.0,81648.0,34.199999999999996,0.6804
12022047001,0,4,60.0,50.0,40.0,120000.0,10,13.0,6.0,16.0,0.58,1248.0,3.0,6.0,16.0,13.0,10,3,3,90,270.0,900,2700.0,112320.0,52.199999999999996,0.936
12022070001,0,0,60.0,50.0,40.0,120000.0,10,26.0,20.0,29.0,3.26,15080.0,16.0,26.0,20.0,29.0,2,2,1,4,64.0,40,640.0,60320.0,13.04,0.5026666666666667
12022114001,0,3,60.0,50.0,40.0,120000.0,10,37.0,22.0,20.0,3.97,16280.0,48.0,20.0,22.0,37.0,3,2,1,6,288.0,60,2880.0,97680.0,23.82,0.814
12022162001,0,4,60.0,50.0,40.0,120000.0,10,17.0,12.0,21.0,1.3,4284.0,12.0,12.0,21.0,17.0,5,2,2,20,240.0,200,2400.0,85680.0,26.0,0.714
12023094001,0,3,60.0,50.0,40.0,120000.0,10,34.0,24.0,18.0,4.07,14688.0,12.0,18.0,24.0,34.0,3,2,1,6,72.0,60,720.0,88128.0,24.42,0.7344
12023103001,0,4,60.0,50.0,40.0,120000.0,10,13.0,7.0,16.0,0.73,1456.0,3.0,7.0,16.0,13.0,8,3,3,72,216.0,720,2160.0,104832.0,52.56,0.8736
12023273001,0,1,60.0,50.0,40.0,120000.0,10,15.0,9.0,15.0,0.39,2025.0,10.0,15.0,15.0,9.0,4,3,4,48,480.0,480,4800.0,97200.0,18.72,0.81
12023278001,0,2,60.0,50.0,40.0,120000.0,10,23.0,17.0,20.0,2.19,7820.0,12.0,20.0,23.0,17.0,3,2,2,12,144.0,120,1440.0,93840.0,26.28,0.782
12030741001,0,0,60.0,50.0,40.0,120000.0,10,15.0,2.0,2.0,0.1,60.0,1.0,15.0,2.0,2.0,4,25,20,2000,2000.0,20000,20000.0,120000.0,200.0,1.0
12031127001,0,3,60.0,50.0,40.0,120000.0,10,8.0,6.0,11.0,0.25,528.0,3.0,11.0,6.0,8.0,5,8,5,200,600.0,2000,6000.0,105600.0,50.0,0.88
12034063001,0,3,60.0,50.0,40.0,120000.0,10,31.0,14.0,19.0,2.45,8246.0,12.0,19.0,14.0,31.0,3,3,1,9,108.0,90,1080.0,74214.0,22.05,0.61845
12034075001,0,0,60.0,50.0,40.0,120000.0,10,49.0,36.0,37.0,4.26,65268.0,36.0,49.0,36.0,37.0,1,1,1,1,36.0,10,360.0,65268.0,4.26,0.5439
12034088001,0,3,60.0,50.0,40.0,120000.0,10,13.0,11.0,18.0,0.57,2574.0,6.0,18.0,11.0,13.0,3,4,3,36,216.0,360,2160.0,92664.0,20.52,0.7722
12100011001,0,0,60.0,50.0,40.0,120000.0,10,45.0,21.0,24.0,9.37,22680.0,48.0,45.0,21.0,24.0,1,2,1,2,96.0,20,960.0,45360.0,18.74,0.378
12100013001,0,1,60.0,50.0,40.0,120000.0,10,36.0,33.0,22.0,9.35,26136.0,48.0,36.0,22.0,33.0,1,2,1,2,96.0,20,960.0,52272.0,18.7,0.4356
12100017001,0,2,60.0,50.0,40.0,120000.0,10,43.0,27.0,26.0,10.7,30186.0,48.0,26.0,43.0,27.0,2,1,1,2,96.0,20,960.0,60372.0,21.4,0.5031
12100019001,0,0,60.0,50.0,40.0,120000.0,10,59.0,25.0,23.0,17.276,33925.0,72.0,59.0,25.0,23.0,1,2,1,2,144.0,20,1440.0,67850.0,34.552,0.5654166666666667
12100054001,0,0,60.0,50.0,40.0,120000.0,10,27.0,22.0,11.0,2.19,6534.0,12.0,27.0,22.0,11.0,2,2,3,12,144.0,120,1440.0,78408.0,26.28,0.6534
12101001002,0,2,60.0,50.0,40.0,120000.0,10,32.0,18.0,18.0,2.12,10368.0,36.0,18.0,32.0,18.0,3,1,2,6,216.0,60,2160.0,62208.0,12.72,0.5184
12101032001,0,1,60.0,50.0,40.0,120000.0,10,52.0,37.0,15.0,7.2,28860.0,120.0,52.0,15.0,37.0,1,3,1,3,360.0,30,3600.0,86580.0,21.6,0.7215
12102021001,0,3,60.0,50.0,40.0,120000.0,10,38.0,22.0,23.0,7.89,19228.0,48.0,23.0,22.0,38.0,2,2,1,4,192.0,40,1920.0,76912.0,31.56,0.6409333333333334
12102048001,0,1,60.0,50.0,40.0,120000.0,10,30.0,17.0,24.0,3.3,12240.0,24.0,30.0,24.0,17.0,2,2,2,8,192.0,80,1920.0,97920.0,26.4,0.816
12102108001,0,5,60.0,50.0,40.0,120000.0,10,21.0,20.0,13.0,1.548,5460.0,12.0,20.0,21.0,13.0,3,2,3,18,216.0,180,2160.0,98280.0,27.864,0.819
12102122001,0,0,60.0,50.0,40.0,120000.0,10,17.0,17.0,20.0,1.6,5780.0,12.0,17.0,17.0,20.0,3,2,2,12,144.0,120,1440.0,69360.0,19.200000000000003,0.578
12102140001,0,0,60.0,50.0,40.0,120000.0,10,23.0,23.0,17.0,2.55,8993.0,12.0,23.0,23.0,17.0,2,2,2,8,96.0,80,960.0,71944.0,20.4,0.5995333333333334
12102152001,0,3,60.0,50.0,40.0,120000.0,10,33.0,23.0,24.0,4.73,18216.0,12.0,24.0,23.0,33.0,2,2,1,4,48.0,40,480.0,72864.0,18.92,0.6072
12102999001,0,1,60.0,50.0,40.0,120000.0,10,23.0,8.0,16.0,1.21,2944.0,10.0,23.0,16.0,8.0,2,3,5,30,300.0,300,3000.0,88320.0,36.3,0.736
12103013001,0,1,60.0,50.0,40.0,120000.0,10,29.0,27.0,11.0,1.26,8613.0,24.0,29.0,11.0,27.0,2,4,1,8,192.0,80,1920.0,68904.0,10.08,0.5742
12103019001,0,4,60.0,50.0,40.0,120000.0,10,13.0,8.0,24.0,0.356,2496.0,1.0,8.0,24.0,13.0,7,2,3,42,42.0,420,420.0,104832.0,14.952,0.8736
12103021001,0,1,60.0,50.0,40.0,120000.0,10,24.0,18.0,23.0,1.23,9936.0,18.0,24.0,23.0,18.0,2,2,2,8,144.0,80,1440.0,79488.0,9.84,0.6624
12103049001,0,2,60.0,50.0,40.0,120000.0,10,22.0,5.0,3.0,0.03,330.0,1.0,3.0,22.0,5.0,20,2,8,320,320.0,3200,3200.0,105600.0,9.6,0.88
12103070001,0,1,60.0,50.0,40.0,120000.0,10,24.0,13.0,24.0,0.85,7488.0,20.0,24.0,24.0,13.0,2,2,3,12,240.0,120,2400.0,89856.0,10.2,0.7488
12103126001,0,3,60.0,50.0,40.0,120000.0,10,32.0,22.0,26.0,1.56,18304.0,48.0,26.0,22.0,32.0,2,2,1,4,192.0,40,1920.0,73216.0,6.24,0.6101333333333333
12103127001,0,0,60.0,50.0,40.0,120000.0,10,39.0,25.0,31.0,1.81,30225.0,48.0,39.0,25.0,31.0,1,2,1,2,96.0,20,960.0,60450.0,3.62,0.50375
12103135001,0,4,60.0,50.0,40.0,120000.0,10,13.0,7.0,24.0,0.5,2184.0,12.0,7.0,24.0,13.0,8,2,3,48,576.0,480,5760.0,104832.0,24.0,0.8736
12103139001,0,0,60.0,50.0,40.0,120000.0,10,39.0,25.0,31.0,1.81,30225.0,48.0,39.0,25.0,31.0,1,2,1,2,96.0,20,960.0,60450.0,3.62,0.50375
12103154001,0,0,60.0,50.0,40.0,120000.0,10,26.0,19.0,26.0,1.09,12844.0,48.0,26.0,19.0,26.0,2,2,1,4,192.0,40,1920.0,51376.0,4.36,0.4281333333333333
12103156001,0,3,60.0,50.0,40.0,120000.0,10,34.0,22.0,24.0,1.21,17952.0,48.0,24.0,22.0,34.0,2,2,1,4,192.0,40,1920.0,71808.0,4.84,0.5984
12103179001,0,2,60.0,50.0,40.0,120000.0,10,23.0,8.0,5.0,0.11,920.0,6.0,5.0,23.0,8.0,12,2,5,120,720.0,1200,7200.0,110400.0,13.2,0.92
12104047001,0,1,60.0,50.0,40.0,120000.0,10,12.0,9.0,22.0,0.35,2376.0,1.0,12.0,22.0,9.0,5,2,4,40,40.0,400,400.0,95040.0,14.0,0.792
12105018001,0,0,60.0,50.0,40.0,120000.0,10,26.0,24.0,21.0,6.374,13104.0,12.0,26.0,24.0,21.0,2,2,1,4,48.0,40,480.0,52416.0,25.496,0.4368
12105036001,0,2,60.0,50.0,40.0,120000.0,10,36.0,18.0,20.0,6.71,12960.0,12.0,20.0,36.0,18.0,3,1,2,6,72.0,60,720.0,77760.0,40.26,0.648
12106109002,0,1,60.0,50.0,40.0,120000.0,10,25.0,20.0,16.0,2.1,8000.0,12.0,25.0,16.0,20.0,2,3,2,12,144.0,120,1440.0,96000.0,25.200000000000003,0.8
12110058001,0,1,60.0,50.0,40.0,120000.0,10,21.0,9.0,21.0,0.8,3969.0,6.0,21.0,21.0,9.0,2,2,4,16,96.0,160,960.0,63504.0,12.8,0.5292
12111034001,0,1,60.0,50.0,40.0,120000.0,10,15.0,9.0,16.0,0.8,2160.0,10.0,15.0,16.0,9.0,4,3,4,48,480.0,480,4800.0,103680.0,38.400000000000006,0.864
12112018001,0,2,60.0,50.0,40.0,120000.0,10,23.0,17.0,19.0,3.32,7429.0,12.0,19.0,23.0,17.0,3,2,2,12,144.0,120,1440.0,89148.0,39.839999999999996,0.7429
12120005001,0,1,60.0,50.0,40.0,120000.0,10,39.0,33.0,25.0,3.5,32175.0,24.0,39.0,25.0,33.0,1,2,1,2,48.0,20,480.0,64350.0,7.0,0.53625
12120027001,0,1,60.0,50.0,40.0,120000.0,10,14.0,8.0,14.0,0.2,1568.0,1.0,14.0,14.0,8.0,4,3,5,60,60.0,600,600.0,94080.0,12.0,0.784
12120040001,0,0,60.0,50.0,40.0,120000.0,10,36.0,33.0,39.0,4.37,46332.0,18.0,36.0,33.0,39.0,1,1,1,1,18.0,10,180.0,46332.0,4.37,0.3861
12120043001,0,3,60.0,50.0,40.0,120000.0,10,8.0,14.0,14.0,0.11,1568.0,1.0,14.0,14.0,8.0,4,3,5,60,60.0,600,600.0,94080.0,6.6,0.784
12120052001,0,1,60.0,50.0,40.0,120000.0,10,43.0,29.0,24.0,4.0,29928.0,36.0,43.0,24.0,29.0,1,2,1,2,72.0,20,720.0,59856.0,8.0,0.4988
12120065001,0,4,60.0,50.0,40.0,120000.0,10,39.0,29.0,16.0,2.3,18096.0,36.0,29.0,16.0,39.0,2,3,1,6,216.0,60,2160.0,108576.0,13.799999999999999,0.9048
12120078001,0,1,60.0,50.0,40.0,120000.0,10,27.0,38.0,14.0,1.61,14364.0,24.0,27.0,14.0,38.0,2,3,1,6,144.0,60,1440.0,86184.0,9.66,0.7182
12120080001,0,2,60.0,50.0,40.0,120000.0,10,36.0,20.0,20.0,1.35,14400.0,8.0,20.0,36.0,20.0,3,1,2,6,48.0,60,480.0,86400.0,8.100000000000001,0.72
12120087001,0,3,60.0,50.0,40.0,120000.0,10,40.0,24.0,16.0,1.7,15360.0,24.0,16.0,24.0,40.0,3,2,1,6,144.0,60,1440.0,92160.0,10.2,0.768
12120090001,0,0,60.0,50.0,40.0,120000.0,10,41.0,23.0,24.0,2.42,22632.0,36.0,41.0,23.0,24.0,1,2,1,2,72.0,20,720.0,45264.0,4.84,0.3772
12121064001,0,2,60.0,50.0,40.0,120000.0,10,24.0,9.0,12.0,1.0,2592.0,1.0,12.0,24.0,9.0,5,2,4,40,40.0,400,400.0,103680.0,40.0,0.864
12121109001,0,1,60.0,50.0,40.0,120000.0,10,40.8,30.2,23.0,2.56,28339.679999999997,12.0,40.8,23.0,30.2,1,2,1,2,24.0,20,240.0,56679.35999999999,5.12,0.47232799999999997
12122012001,0,2,60.0,50.0,40.0,120000.0,10,43.0,37.0,28.0,4.02,44548.0,24.0,28.0,43.0,37.0,2,1,1,2,48.0,20,480.0,89096.0,8.04,0.7424666666666667
12122017001,0,4,60.0,50.0,40.0,120000.0,10,35.0,30.0,25.0,1.716,26250.0,18.0,30.0,25.0,35.0,2,2,1,4,72.0,40,720.0,105000.0,6.864,0.875
12122020001,0,0,60.0,50.0,40.0,120000.0,10,54.0,25.0,38.0,5.2,51300.0,48.0,54.0,25.0,38.0,1,2,1,2,96.0,20,960.0,102600.0,10.4,0.855
12122034001,0,5,60.0,50.0,40.0,120000.0,10,45.0,27.0,13.0,1.29,15795.0,12.0,27.0,45.0,13.0,2,1,3,6,72.0,60,720.0,94770.0,7.74,0.78975
12122037001,0,1,60.0,50.0,40.0,120000.0,10,42.0,26.0,21.0,3.0,22932.0,24.0,42.0,21.0,26.0,1,2,1,2,48.0,20,480.0,45864.0,6.0,0.3822
12123015001,0,1,60.0,50.0,40.0,120000.0,10,44.0,32.0,21.0,1.446,29568.0,12.0,44.0,21.0,32.0,1,2,1,2,24.0,20,240.0,59136.0,2.892,0.4928
12123021001,0,1,60.0,50.0,40.0,120000.0,10,5.0,20.0,21.0,0.072,2100.0,1.0,5.0,21.0,20.0,12,2,2,48,48.0,480,480.0,100800.0,3.4559999999999995,0.84
12123034001,0,0,60.0,50.0,40.0,120000.0,10,34.0,23.0,33.0,3.3,25806.0,36.0,34.0,23.0,33.0,1,2,1,2,72.0,20,720.0,51612.0,6.6,0.4301
12123044001,0,4,60.0,50.0,40.0,120000.0,10,13.0,10.0,16.0,0.2,2080.0,1.0,10.0,16.0,13.0,6,3,3,54,54.0,540,540.0,112320.0,10.8,0.936
12123050001,0,4,60.0,50.0,40.0,120000.0,10,32.0,30.0,24.0,1.96,23040.0,12.0,30.0,24.0,32.0,2,2,1,4,48.0,40,480.0,92160.0,7.84,0.768
12123057001,0,1,60.0,50.0,40.0,120000.0,10,43.0,36.0,49.0,5.79,75852.0,18.0,43.0,49.0,36.0,1,1,1,1,18.0,10,180.0,75852.0,5.79,0.6321
12123070001,0,3,60.0,50.0,40.0,120000.0,10,8.0,12.0,11.0,0.13,1056.0,1.0,11.0,12.0,8.0,5,4,5,100,100.0,1000,1000.0,105600.0,13.0,0.88
12123086001,0,2,60.0,50.0,40.0,120000.0,10,40.0,38.0,30.0,3.02,45600.0,24.0,30.0,40.0,38.0,2,1,1,2,48.0,20,480.0,91200.0,6.04,0.76
12123106001,0,2,60.0,50.0,40.0,120000.0,10,42.0,33.0,27.0,2.89,37422.0,12.0,27.0,42.0,33.0,2,1,1,2,24.0,20,240.0,74844.0,5.78,0.6237
12123151001,0,2,60.0,50.0,40.0,120000.0,10,43.0,36.0,26.0,2.56,40248.0,24.0,26.0,43.0,36.0,2,1,1,2,48.0,20,480.0,80496.0,5.12,0.6708
12125005001,0,2,60.0,50.0,40.0,120000.0,10,42.0,31.0,17.0,2.4,22134.0,24.0,17.0,42.0,31.0,3,1,1,3,72.0,30,720.0,66402.0,7.199999999999999,0.55335
12151073001,0,3,60.0,50.0,40.0,120000.0,10,34.0,22.0,24.0,7.51,17952.0,12.0,24.0,22.0,34.0,2,2,1,4,48.0,40,480.0,71808.0,30.04,0.5984
12200006001,0,5,60.0,50.0,40.0,120000.0,10,21.0,9.0,31.0,1.0,5859.0,1.0,9.0,21.0,31.0,6,2,1,12,12.0,120,120.0,70308.0,12.0,0.5859
12200017001,0,0,60.0,50.0,40.0,120000.0,10,18.0,10.0,8.0,0.2,1440.0,1.0,18.0,10.0,8.0,3,5,5,75,75.0,750,750.0,108000.0,15.0,0.9
12201006001,0,0,60.0,50.0,40.0,120000.0,10,20.0,10.0,8.0,0.2,1600.0,1.0,20.0,10.0,8.0,3,5,5,75,75.0,750,750.0,120000.0,15.0,1.0
12201042001,0,0,60.0,50.0,40.0,120000.0,10,20.0,10.0,8.0,0.2,1600.0,1.0,20.0,10.0,8.0,3,5,5,75,75.0,750,750.0,120000.0,15.0,1.0
12201051001,0,0,60.0,50.0,40.0,120000.0,10,20.0,10.0,8.0,0.2,1600.0,1.0,20.0,10.0,8.0,3,5,5,75,75.0,750,750.0,120000.0,15.0,1.0
12201083001,0,0,60.0,50.0,40.0,120000.0,10,20.0,10.0,8.0,0.2,1600.0,1.0,20.0,10.0,8.0,3,5,5,75,75.0,750,750.0,120000.0,15.0,1.0
12201099001,0,0,60.0,50.0,40.0,120000.0,10,48.0,36.0,36.0,10.636,62208.0,60.0,48.0,36.0,36.0,1,1,1,1,60.0,10,600.0,62208.0,10.636,0.5184
12201896001,0,5,60.0,50.0,40.0,120000.0,10,21.0,10.0,8.0,0.2,1680.0,1.0,10.0,21.0,8.0,6,2,5,60,60.0,600,600.0,100800.0,12.0,0.84
12201897001,0,2,60.0,50.0,40.0,120000.0,10,23.0,11.0,6.0,0.5,1518.0,1.0,6.0,23.0,11.0,10,2,3,60,60.0,600,600.0,91080.0,30.0,0.759
12201898001,0,0,60.0,50.0,40.0,120000.0,10,19.0,10.0,8.0,1.0,1520.0,1.0,19.0,10.0,8.0,3,5,5,75,75.0,750,750.0,114000.0,75.0,0.95
12202006001,0,3,60.0,50.0,40.0,120000.0,10,31.0,21.0,22.0,1.0,14322.0,1.0,22.0,21.0,31.0,2,2,1,4,4.0,40,40.0,57288.0,4.0,0.4774
12202007001,0,3,60.0,50.0,40.0,120000.0,10,31.0,21.0,22.0,1.0,14322.0,1.0,22.0,21.0,31.0,2,2,1,4,4.0,40,40.0,57288.0,4.0,0.4774
12210024001,0,5,60.0,50.0,40.0,120000.0,10,21.0,10.0,8.0,0.2,1680.0,1.0,10.0,21.0,8.0,6,2,5,60,60.0,600,600.0,100800.0,12.0,0.84
12212003001,0,3,60.0,50.0,40.0,120000.0,10,36.0,24.0,25.0,10.6,21600.0,16.0,25.0,24.0,36.0,2,2,1,4,64.0,40,640.0,86400.0,42.4,0.72
12220013001,0,3,60.0,50.0,40.0,120000.0,10,31.0,21.0,22.0,1.0,14322.0,1.0,22.0,21.0,31.0,2,2,1,4,4.0,40,40.0,57288.0,4.0,0.4774
12220015001,0,3,60.0,50.0,40.0,120000.0,10,31.0,21.0,22.0,1.0,14322.0,1.0,22.0,21.0,31.0,2,2,1,4,4.0,40,40.0,57288.0,4.0,0.4774
12221009001,0,5,60.0,50.0,40.0,120000.0,10,21.0,11.0,8.0,0.2,1848.0,1.0,11.0,21.0,8.0,5,2,5,50,50.0,500,500.0,92400.0,10.0,0.77
12233028001,0,1,60.0,50.0,40.0,120000.0,10,60.0,26.0,43.0,8.34,67080.0,5.0,60.0,43.0,26.0,1,1,1,1,5.0,10,50.0,67080.0,8.34,0.559
12234916001,0,2,60.0,50.0,40.0,120000.0,10,44.0,40.0,27.0,5.25,47520.0,6.0,27.0,44.0,40.0,2,1,1,2,12.0,20,120.0,95040.0,10.5,0.792
12320018001,0,5,60.0,50.0,40.0,120000.0,10,23.0,15.0,9.0,1.088,3105.0,12.0,15.0,23.0,9.0,4,2,4,32,384.0,320,3840.0,99360.0,34.816,0.828
12323010001,0,0,60.0,50.0,40.0,120000.0,10,23.0,16.0,17.0,0.66,6256.0,6.0,23.0,16.0,17.0,2,3,2,12,72.0,120,720.0,75072.0,7.92,0.6256
12323109001,0,4,60.0,50.0,40.0,120000.0,10,40.0,28.0,13.0,1.95,14560.0,6.0,28.0,13.0,40.0,2,3,1,6,36.0,60,360.0,87360.0,11.7,0.728
12326002001,0,4,60.0,50.0,40.0,120000.0,10,38.0,29.0,24.0,0.74,26448.0,6.0,29.0,24.0,38.0,2,2,1,4,24.0,40,240.0,105792.0,2.96,0.8816
12326121001,0,0,60.0,50.0,40.0,120000.0,10,26.0,18.0,17.0,0.63,7956.0,3.0,26.0,18.0,17.0,2,2,2,8,24.0,80,240.0,63648.0,5.04,0.5304
12327007001,0,0,60.0,50.0,40.0,120000.0,10,54.0,40.0,30.0,15.2,64800.0,12.0,54.0,40.0,30.0,1,1,1,1,12.0,10,120.0,64800.0,15.2,0.54
12327018001,0,3,60.0,50.0,40.0,120000.0,10,35.0,24.0,16.0,7.264,13440.0,24.0,16.0,24.0,35.0,3,2,1,6,144.0,60,1440.0,80640.0,43.584,0.672
12327046001,0,1,60.0,50.0,40.0,120000.0,10,54.0,30.0,21.0,9.3,34020.0,4.0,54.0,21.0,30.0,1,2,1,2,8.0,20,80.0,68040.0,18.6,0.567
12327056001,0,5,60.0,50.0,40.0,120000.0,10,41.0,28.0,10.0,7.7,11480.0,24.0,28.0,41.0,10.0,2,1,4,8,192.0,80,1920.0,91840.0,61.6,0.7653333333333333
12327063001,0,5,60.0,50.0,40.0,120000.0,10,41.0,27.0,10.0,7.7,11070.0,1.0,27.0,41.0,10.0,2,1,4,8,8.0,80,80.0,88560.0,61.6,0.738
12344036001,0,2,60.0,50.0,40.0,120000.0,10,25.0,17.0,6.0,0.632,2550.0,10.0,6.0,25.0,17.0,10,2,2,40,400.0,400,4000.0,102000.0,25.28,0.85
14000006001,0,0,60.0,50.0,40.0,120000.0,10,60.0,34.0,29.0,4.77,59160.0,9.0,60.0,34.0,29.0,1,1,1,1,9.0,10,90.0,59160.0,4.77,0.493
14000010001,0,1,60.0,50.0,40.0,120000.0,10,48.0,32.0,23.0,2.91,35328.0,5.0,48.0,23.0,32.0,1,2,1,2,10.0,20,100.0,70656.0,5.82,0.5888
14000021001,0,2,60.0,50.0,40.0,120000.0,10,46.0,28.0,14.0,2.69,18032.0,12.0,14.0,46.0,28.0,4,1,1,4,48.0,40,480.0,72128.0,10.76,0.6010666666666666
14000022001,0,0,60.0,50.0,40.0,120000.0,10,41.0,21.0,13.0,0.99,11193.0,10.0,41.0,21.0,13.0,1,2,3,6,60.0,60,600.0,67158.0,5.9399999999999995,0.55965
14000027001,0,1,60.0,50.0,40.0,120000.0,10,46.0,32.0,21.0,2.75,30912.0,5.0,46.0,21.0,32.0,1,2,1,2,10.0,20,100.0,61824.0,5.5,0.5152
14000033001,0,2,60.0,50.0,40.0,120000.0,10,44.0,28.0,14.0,2.6,17248.0,12.0,14.0,44.0,28.0,4,1,1,4,48.0,40,480.0,68992.0,10.4,0.5749333333333333
14000041001,0,4,60.0,50.0,40.0,120000.0,10,40.0,27.0,35.0,3.46,37800.0,12.0,27.0,35.0,40.0,2,1,1,2,24.0,20,240.0,75600.0,6.92,0.63
14000057001,0,0,60.0,50.0,40.0,120000.0,10,52.0,32.0,28.0,4.41,46592.0,10.0,52.0,32.0,28.0,1,1,1,1,10.0,10,100.0,46592.0,4.41,0.38826666666666665
14000135001,0,4,60.0,50.0,40.0,120000.0,10,38.0,20.0,23.0,0.84,17480.0,1.0,20.0,23.0,38.0,3,2,1,6,6.0,60,60.0,104880.0,5.04,0.874
14000197001,0,2,60.0,50.0,40.0,120000.0,10,46.0,30.0,29.0,3.46,40020.0,12.0,29.0,46.0,30.0,2,1,1,2,24.0,20,240.0,80040.0,6.92,0.667
14001009001,0,0,60.0,50.0,40.0,120000.0,10,44.0,31.0,31.0,4.71,42284.0,24.0,44.0,31.0,31.0,1,1,1,1,24.0,10,240.0,42284.0,4.71,0.35236666666666666
14001017001,0,0,60.0,50.0,40.0,120000.0,10,44.0,37.0,34.0,4.8,55352.0,10.0,44.0,37.0,34.0,1,1,1,1,10.0,10,100.0,55352.0,4.8,0.46126666666666666
14001018001,0,0,60.0,50.0,40.0,120000.0,10,44.0,31.0,31.0,4.5,42284.0,24.0,44.0,31.0,31.0,1,1,1,1,24.0,10,240.0,42284.0,4.5,0.35236666666666666
14001019001,0,0,60.0,50.0,40.0,120000.0,10,44.0,37.0,33.0,4.7,53724.0,10.0,44.0,37.0,33.0,1,1,1,1,10.0,10,100.0,53724.0,4.7,0.4477
14001045001,0,1,60.0,50.0,40.0,120000.0,10,47.0,32.0,23.0,3.27,34592.0,8.0,47.0,23.0,32.0,1,2,1,2,16.0,20,160.0,69184.0,6.54,0.5765333333333333
14001047001,0,1,60.0,50.0,40.0,120000.0,10,47.0,32.0,23.0,3.36,34592.0,8.0,47.0,23.0,32.0,1,2,1,2,16.0,20,160.0,69184.0,6.72,0.5765333333333333
14001049001,0,1,60.0,50.0,40.0,120000.0,10,47.0,31.0,24.0,3.1,34968.0,8.0,47.0,24.0,31.0,1,2,1,2,16.0,20,160.0,69936.0,6.2,0.5828
14001052001,0,1,60.0,50.0,40.0,120000.0,10,47.0,32.0,22.0,3.95,33088.0,12.0,47.0,22.0,32.0,1,2,1,2,24.0,20,240.0,66176.0,7.9,0.5514666666666667
14001053001,0,0,60.0,50.0,40.0,120000.0,10,50.0,34.0,36.0,5.56,61200.0,12.0,50.0,34.0,36.0,1,1,1,1,12.0,10,120.0,61200.0,5.56,0.51
14001060001,0,1,60.0,50.0,40.0,120000.0,10,30.0,20.0,22.0,2.1,13200.0,12.0,30.0,22.0,20.0,2,2,2,8,96.0,80,960.0,105600.0,16.8,0.88
14001093001,0,0,60.0,50.0,40.0,120000.0,10,50.0,34.0,34.0,5.7,57800.0,12.0,50.0,34.0,34.0,1,1,1,1,12.0,10,120.0,57800.0,5.7,0.4816666666666667
14001118001,0,0,60.0,50.0,40.0,120000.0,10,50.0,25.0,35.0,6.02,43750.0,40.0,50.0,25.0,35.0,1,2,1,2,80.0,20,800.0,87500.0,12.04,0.7291666666666666
14002003001,0,1,60.0,50.0,40.0,120000.0,10,55.0,29.0,25.0,3.52,39875.0,12.0,55.0,25.0,29.0,1,2,1,2,24.0,20,240.0,79750.0,7.04,0.6645833333333333
14002006001,0,2,60.0,50.0,40.0,120000.0,10,46.0,35.0,30.0,6.29,48300.0,12.0,30.0,46.0,35.0,2,1,1,2,24.0,20,240.0,96600.0,12.58,0.805
14002022001,0,4,60.0,50.0,40.0,120000.0,10,34.0,27.0,18.0,2.13,16524.0,12.0,27.0,18.0,34.0,2,2,1,4,48.0,40,480.0,66096.0,8.52,0.5508
14003029001,0,1,60.0,50.0,40.0,120000.0,10,37.0,36.0,24.0,5.17,31968.0,18.0,37.0,24.0,36.0,1,2,1,2,36.0,20,360.0,63936.0,10.34,0.5328
14003054001,0,2,60.0,50.0,40.0,120000.0,10,43.0,34.0,29.0,4.72,42398.0,12.0,29.0,43.0,34.0,2,1,1,2,24.0,20,240.0,84796.0,9.44,0.7066333333333333
14010011001,0,0,60.0,50.0,40.0,120000.0,10,51.0,42.0,24.0,2.01,51408.0,6.0,51.0,42.0,24.0,1,1,1,1,6.0,10,60.0,51408.0,2.01,0.4284
14010039001,0,4,60.0,50.0,40.0,120000.0,10,39.0,26.0,18.0,1.55,18252.0,15.0,26.0,18.0,39.0,2,2,1,4,60.0,40,600.0,73008.0,6.2,0.6084
14010048001,0,1,60.0,50.0,40.0,120000.0,10,47.0,29.0,25.0,2.22,34075.0,12.0,47.0,25.0,29.0,1,2,1,2,24.0,20,240.0,68150.0,4.44,0.5679166666666666
14010072001,0,1,60.0,50.0,40.0,120000.0,10,48.0,33.0,41.0,3.81,64944.0,12.0,48.0,41.0,33.0,1,1,1,1,12.0,10,120.0,64944.0,3.81,0.5412
14010079001,0,2,60.0,50.0,40.0,120000.0,10,37.0,20.0,28.0,1.16,20720.0,12.0,28.0,37.0,20.0,2,1,2,4,48.0,40,480.0,82880.0,4.64,0.6906666666666667
14010094001,0,4,60.0,50.0,40.0,120000.0,10,34.0,29.0,16.0,2.57,15776.0,6.0,29.0,16.0,34.0,2,3,1,6,36.0,60,360.0,94656.0,15.419999999999998,0.7888
14010098001,0,1,60.0,50.0,40.0,120000.0,10,47.0,28.0,25.0,2.15,32900.0,12.0,47.0,25.0,28.0,1,2,1,2,24.0,20,240.0,65800.0,4.3,0.5483333333333333
14010149001,0,1,60.0,50.0,40.0,120000.0,10,55.0,37.0,24.0,2.12,48840.0,16.0,55.0,24.0,37.0,1,2,1,2,32.0,20,320.0,97680.0,4.24,0.814
14010187001,0,1,60.0,50.0,40.0,120000.0,10,55.0,37.0,24.0,2.21,48840.0,16.0,55.0,24.0,37.0,1,2,1,2,32.0,20,320.0,97680.0,4.42,0.814
14010211001,0,0,60.0,50.0,40.0,120000.0,10,47.0,32.0,40.0,3.6,60160.0,12.0,47.0,32.0,40.0,1,1,1,1,12.0,10,120.0,60160.0,3.6,0.5013333333333333
14011006001,0,0,60.0,50.0,40.0,120000.0,10,51.0,28.0,27.0,2.03,38556.0,12.0,51.0,28.0,27.0,1,1,1,1,12.0,10,120.0,38556.0,2.03,0.3213
14011011001,0,1,60.0,50.0,40.0,120000.0,10,37.0,37.0,25.0,1.59,34225.0,12.0,37.0,25.0,37.0,1,2,1,2,24.0,20,240.0,68450.0,3.18,0.5704166666666667
14011023001,0,2,60.0,50.0,40.0,120000.0,10,44.0,26.0,27.0,1.56,30888.0,12.0,27.0,44.0,26.0,2,1,1,2,24.0,20,240.0,61776.0,3.12,0.5148
14011029001,0,0,60.0,50.0,40.0,120000.0,10,59.0,39.0,40.0,4.4,92040.0,12.0,59.0,39.0,40.0,1,1,1,1,12.0,10,120.0,92040.0,4.4,0.767
14011030001,0,0,60.0,50.0,40.0,120000.0,10,59.0,39.0,40.0,4.5,92040.0,12.0,59.0,39.0,40.0,1,1,1,1,12.0,10,120.0,92040.0,4.5,0.767
14011031001,0,2,60.0,50.0,40.0,120000.0,10,43.0,31.0,20.0,2.4,26660.0,6.0,20.0,43.0,31.0,3,1,1,3,18.0,30,180.0,79980.0,7.199999999999999,0.6665
14011034001,0,2,60.0,50.0,40.0,120000.0,10,45.0,30.0,30.0,2.8,40500.0,10.0,30.0,45.0,30.0,2,1,1,2,20.0,20,200.0,81000.0,5.6,0.675
14011044001,0,1,60.0,50.0,40.0,120000.0,10,36.0,36.0,25.0,1.55,32400.0,12.0,36.0,25.0,36.0,1,2,1,2,24.0,20,240.0,64800.0,3.1,0.54
14011051001,0,1,60.0,50.0,40.0,120000.0,10,36.0,36.0,25.0,1.51,32400.0,12.0,36.0,25.0,36.0,1,2,1,2,24.0,20,240.0,64800.0,3.02,0.54
14011052001,0,2,60.0,50.0,40.0,120000.0,10,50.0,39.0,29.0,2.45,56550.0,24.0,29.0,50.0,39.0,2,1,1,2,48.0,20,480.0,113100.0,4.9,0.9425
14011059001,0,2,60.0,50.0,40.0,120000.0,10,43.0,33.0,20.0,2.32,28380.0,6.0,20.0,43.0,33.0,3,1,1,3,18.0,30,180.0,85140.0,6.959999999999999,0.7095
14014006001,0,0,60.0,50.0,40.0,120000.0,10,60.0,41.0,29.0,2.55,71340.0,6.0,60.0,41.0,29.0,1,1,1,1,6.0,10,60.0,71340.0,2.55,0.5945
14014011001,0,5,60.0,50.0,40.0,120000.0,10,44.0,30.0,39.0,2.3,51480.0,12.0,30.0,44.0,39.0,2,1,1,2,24.0,20,240.0,102960.0,4.6,0.858
14014015001,0,0,60.0,50.0,40.0,120000.0,10,60.0,40.0,35.0,4.92,84000.0,12.0,60.0,40.0,35.0,1,1,1,1,12.0,10,120.0,84000.0,4.92,0.7
14020006001,0,1,60.0,50.0,40.0,120000.0,10,59.0,36.0,21.0,2.55,44604.0,6.0,59.0,21.0,36.0,1,2,1,2,12.0,20,120.0,89208.0,5.1,0.7434
14020008001,0,0,60.0,50.0,40.0,120000.0,10,41.0,22.0,26.0,0.97,23452.0,12.0,41.0,22.0,26.0,1,2,1,2,24.0,20,240.0,46904.0,1.94,0.39086666666666664
14020014001,0,1,60.0,50.0,40.0,120000.0,10,48.0,28.0,23.0,1.19,30912.0,10.0,48.0,23.0,28.0,1,2,1,2,20.0,20,200.0,61824.0,2.38,0.5152
14020019001,0,2,60.0,50.0,40.0,120000.0,10,43.0,31.0,26.0,1.34,34658.0,6.0,26.0,43.0,31.0,2,1,1,2,12.0,20,120.0,69316.0,2.68,0.5776333333333333
14020053001,0,1,60.0,50.0,40.0,120000.0,10,30.0,30.0,23.0,2.87,20700.0,16.0,30.0,23.0,30.0,2,2,1,4,64.0,40,640.0,82800.0,11.48,0.69
14020949001,0,5,60.0,50.0,40.0,120000.0,10,49.0,30.0,36.0,2.42,52920.0,6.0,30.0,49.0,36.0,2,1,1,2,12.0,20,120.0,105840.0,4.84,0.882
14020956001,0,0,60.0,50.0,40.0,120000.0,10,50.0,46.0,38.0,3.72,87400.0,8.0,50.0,46.0,38.0,1,1,1,1,8.0,10,80.0,87400.0,3.72,0.7283333333333334
14020961001,0,1,60.0,50.0,40.0,120000.0,10,48.0,32.0,41.0,3.89,62976.0,12.0,48.0,41.0,32.0,1,1,1,1,12.0,10,120.0,62976.0,3.89,0.5248
14021021001,0,4,60.0,50.0,40.0,120000.0,10,33.0,20.0,25.0,0.82,16500.0,1.0,20.0,25.0,33.0,3,2,1,6,6.0,60,60.0,99000.0,4.92,0.825
14022002001,0,0,60.0,50.0,40.0,120000.0,10,51.0,29.0,26.0,1.75,38454.0,12.0,51.0,29.0,26.0,1,1,1,1,12.0,10,120.0,38454.0,1.75,0.32045
14022003001,0,2,60.0,50.0,40.0,120000.0,10,50.0,29.0,26.0,1.96,37700.0,12.0,26.0,50.0,29.0,2,1,1,2,24.0,20,240.0,75400.0,3.92,0.6283333333333333
14022019001,0,1,60.0,50.0,40.0,120000.0,10,57.0,28.0,25.0,1.66,39900.0,10.0,57.0,25.0,28.0,1,2,1,2,20.0,20,200.0,79800.0,3.32,0.665
14022029001,0,2,60.0,50.0,40.0,120000.0,10,41.0,30.0,27.0,1.71,33210.0,6.0,27.0,41.0,30.0,2,1,1,2,12.0,20,120.0,66420.0,3.42,0.5535
14022118001,0,0,60.0,50.0,40.0,120000.0,10,48.0,32.0,40.0,3.5,61440.0,12.0,48.0,32.0,40.0,1,1,1,1,12.0,10,120.0,61440.0,3.5,0.512
14023003001,0,0,60.0,50.0,40.0,120000.0,10,51.0,29.0,26.0,1.75,38454.0,12.0,51.0,29.0,26.0,1,1,1,1,12.0,10,120.0,38454.0,1.75,0.32045
14023029001,0,0,60.0,50.0,40.0,120000.0,10,59.0,39.0,40.0,3.69,92040.0,12.0,59.0,39.0,40.0,1,1,1,1,12.0,10,120.0,92040.0,3.69,0.767
14023034001,0,2,60.0,50.0,40.0,120000.0,10,40.0,29.0,26.0,1.33,30160.0,6.0,26.0,40.0,29.0,2,1,1,2,12.0,20,120.0,60320.0,2.66,0.5026666666666667
14023047001,0,1,60.0,50.0,40.0,120000.0,10,44.0,36.0,24.0,4.5,38016.0,12.0,44.0,24.0,36.0,1,2,1,2,24.0,20,240.0,76032.0,9.0,0.6336
14023056001,0,1,60.0,50.0,40.0,120000.0,10,52.0,40.0,23.0,4.86,47840.0,12.0,52.0,23.0,40.0,1,2,1,2,24.0,20,240.0,95680.0,9.72,0.7973333333333333
14023115001,0,2,60.0,50.0,40.0,120000.0,10,40.0,29.0,26.0,1.31,30160.0,6.0,26.0,40.0,29.0,2,1,1,2,12.0,20,120.0,60320.0,2.62,0.5026666666666667
14023248001,0,0,60.0,50.0,40.0,120000.0,10,42.0,22.0,13.0,2.11,12012.0,12.0,42.0,22.0,13.0,1,2,3,6,72.0,60,720.0,72072.0,12.66,0.6006
14023252001,0,0,60.0,50.0,40.0,120000.0,10,50.0,39.0,35.0,3.88,68250.0,8.0,50.0,39.0,35.0,1,1,1,1,8.0,10,80.0,68250.0,3.88,0.56875
14023257001,0,3,60.0,50.0,40.0,120000.0,10,37.0,22.0,25.0,2.7,20350.0,14.0,25.0,22.0,37.0,2,2,1,4,56.0,40,560.0,81400.0,10.8,0.6783333333333333
14023295001,0,1,60.0,50.0,40.0,120000.0,10,43.0,30.0,24.0,1.24,30960.0,6.0,43.0,24.0,30.0,1,2,1,2,12.0,20,120.0,61920.0,2.48,0.516
14100001001,0,5,60.0,50.0,40.0,120000.0,10,41.0,27.0,36.0,6.5,39852.0,12.0,27.0,41.0,36.0,2,1,1,2,24.0,20,240.0,79704.0,13.0,0.6642
14100012001,0,5,60.0,50.0,40.0,120000.0,10,41.0,27.0,36.0,4.9,39852.0,12.0,27.0,41.0,36.0,2,1,1,2,24.0,20,240.0,79704.0,9.8,0.6642
14100021001,0,2,60.0,50.0,40.0,120000.0,10,38.0,34.0,27.0,3.88,34884.0,10.0,27.0,38.0,34.0,2,1,1,2,20.0,20,200.0,69768.0,7.76,0.5814
14101004001,0,4,60.0,50.0,40.0,120000.0,10,33.0,28.0,38.0,8.1,35112.0,12.0,28.0,38.0,33.0,2,1,1,2,24.0,20,240.0,70224.0,16.2,0.5852
14102009001,0,0,60.0,50.0,40.0,120000.0,10,52.0,43.0,24.0,7.196,53664.0,8.0,52.0,43.0,24.0,1,1,1,1,8.0,10,80.0,53664.0,7.196,0.4472
14102115001,0,0,60.0,50.0,40.0,120000.0,10,53.0,22.0,28.0,4.478,32648.0,12.0,53.0,22.0,28.0,1,2,1,2,24.0,20,240.0,65296.0,8.956,0.5441333333333334
14102250001,0,0,60.0,50.0,40.0,120000.0,10,51.0,21.0,34.0,4.54,36414.0,10.0,51.0,21.0,34.0,1,2,1,2,20.0,20,200.0,72828.0,9.08,0.6069
14103009001,0,4,60.0,50.0,40.0,120000.0,10,39.0,26.0,32.0,4.92,32448.0,8.0,26.0,32.0,39.0,2,1,1,2,16.0,20,160.0,64896.0,9.84,0.5408
14103018001,0,2,60.0,50.0,40.0,120000.0,10,40.0,38.0,26.0,3.44,39520.0,10.0,26.0,40.0,38.0,2,1,1,2,20.0,20,200.0,79040.0,6.88,0.6586666666666666
14103030001,0,1,60.0,50.0,40.0,120000.0,10,55.0,38.0,24.0,4.46,50160.0,15.0,55.0,24.0,38.0,1,2,1,2,30.0,20,300.0,100320.0,8.92,0.836
14103051001,0,0,60.0,50.0,40.0,120000.0,10,46.0,44.0,33.0,8.2,66792.0,20.0,46.0,44.0,33.0,1,1,1,1,20.0,10,200.0,66792.0,8.2,0.5566
14103155001,0,0,60.0,50.0,40.0,120000.0,10,30.0,23.0,24.0,0.26,16560.0,1.0,30.0,23.0,24.0,2,2,1,4,4.0,40,40.0,66240.0,1.04,0.552
14104042001,0,4,60.0,50.0,40.0,120000.0,10,32.0,26.0,23.0,2.34,19136.0,5.0,26.0,23.0,32.0,2,2,1,4,20.0,40,200.0,76544.0,9.36,0.6378666666666667
14104060001,0,4,60.0,50.0,40.0,120000.0,10,40.0,26.0,25.0,2.13,26000.0,12.0,26.0,25.0,40.0,2,2,1,4,48.0,40,480.0,104000.0,8.52,0.8666666666666667
14104085001,0,5,60.0,50.0,40.0,120000.0,10,47.0,27.0,37.0,6.9,46953.0,18.0,27.0,47.0,37.0,2,1,1,2,36.0,20,360.0,93906.0,13.8,0.78255
14104102001,0,1,60.0,50.0,40.0,120000.0,10,42.0,31.0,21.0,3.0,27342.0,12.0,42.0,21.0,31.0,1,2,1,2,24.0,20,240.0,54684.0,6.0,0.4557
14105102001,0,0,60.0,50.0,40.0,120000.0,10,52.0,36.0,19.0,4.42,35568.0,12.0,52.0,36.0,19.0,1,1,2,2,24.0,20,240.0,71136.0,8.84,0.5928
14105129001,0,2,60.0,50.0,40.0,120000.0,10,36.0,34.0,18.0,2.28,22032.0,9.0,18.0,36.0,34.0,3,1,1,3,27.0,30,270.0,66096.0,6.84,0.5508
14110010001,0,1,60.0,50.0,40.0,120000.0,10,43.0,26.0,22.0,2.61,24596.0,10.0,43.0,22.0,26.0,1,2,1,2,20.0,20,200.0,49192.0,5.22,0.4099333333333333
14110163001,0,2,60.0,50.0,40.0,120000.0,10,35.0,35.0,26.0,3.71,31850.0,12.0,26.0,35.0,35.0,2,1,1,2,24.0,20,240.0,63700.0,7.42,0.5308333333333334
14111002001,0,4,60.0,50.0,40.0,120000.0,10,37.0,26.0,17.0,2.37,16354.0,6.0,26.0,17.0,37.0,2,2,1,4,24.0,40,240.0,65416.0,9.48,0.5451333333333334
14111036001,0,2,60.0,50.0,40.0,120000.0,10,37.0,34.0,27.0,6.29,33966.0,6.0,27.0,37.0,34.0,2,1,1,2,12.0,20,120.0,67932.0,12.58,0.5661
14111037001,0,0,60.0,50.0,40.0,120000.0,10,50.0,41.0,38.0,5.62,77900.0,24.0,50.0,41.0,38.0,1,1,1,1,24.0,10,240.0,77900.0,5.62,0.6491666666666667
14111039001,0,0,60.0,50.0,40.0,120000.0,10,29.0,21.0,8.0,1.0,4872.0,1.0,29.0,21.0,8.0,2,2,5,20,20.0,200,200.0,97440.0,20.0,0.812
14111053001,0,1,60.0,50.0,40.0,120000.0,10,47.0,20.0,25.0,2.91,23500.0,12.0,47.0,25.0,20.0,1,2,2,4,48.0,40,480.0,94000.0,11.64,0.7833333333333333
14111120001,0,1,60.0,50.0,40.0,120000.0,10,47.0,20.0,25.0,2.91,23500.0,12.0,47.0,25.0,20.0,1,2,2,4,48.0,40,480.0,94000.0,11.64,0.7833333333333333
14111132001,0,2,60.0,50.0,40.0,120000.0,10,44.0,39.0,17.0,5.2,29172.0,20.0,17.0,44.0,39.0,3,1,1,3,60.0,30,600.0,87516.0,15.600000000000001,0.7293
14112021001,0,1,60.0,50.0,40.0,120000.0,10,58.0,26.0,24.0,3.03,36192.0,10.0,58.0,24.0,26.0,1,2,1,2,20.0,20,200.0,72384.0,6.06,0.6032
14112054001,0,1,60.0,50.0,40.0,120000.0,10,57.0,26.0,23.0,3.01,34086.0,10.0,57.0,23.0,26.0,1,2,1,2,20.0,20,200.0,68172.0,6.02,0.5681
14120017001,0,1,60.0,50.0,40.0,120000.0,10,41.0,31.0,22.0,2.9,27962.0,12.0,41.0,22.0,31.0,1,2,1,2,24.0,20,240.0,55924.0,5.8,0.46603333333333335
14120020001,0,2,60.0,50.0,40.0,120000.0,10,45.0,18.0,26.0,5.42,21060.0,12.0,26.0,45.0,18.0,2,1,2,4,48.0,40,480.0,84240.0,21.68,0.702
14120045001,0,0,60.0,50.0,40.0,120000.0,10,49.0,21.0,21.0,3.75,21609.0,12.0,49.0,21.0,21.0,1,2,1,2,24.0,20,240.0,43218.0,7.5,0.36015
14120054001,0,4,60.0,50.0,40.0,120000.0,10,40.0,30.0,41.0,4.16,49200.0,16.0,30.0,41.0,40.0,2,1,1,2,32.0,20,320.0,98400.0,8.32,0.82
14121004001,0,2,60.0,50.0,40.0,120000.0,10,41.0,34.0,27.0,3.21,37638.0,10.0,27.0,41.0,34.0,2,1,1,2,20.0,20,200.0,75276.0,6.42,0.6273
14121020001,0,3,60.0,50.0,40.0,120000.0,10,36.0,24.0,18.0,1.73,15552.0,10.0,18.0,24.0,36.0,3,2,1,6,60.0,60,600.0,93312.0,10.379999999999999,0.7776
14121075001,0,2,60.0,50.0,40.0,120000.0,10,33.0,19.0,27.0,3.85,16929.0,12.0,27.0,33.0,19.0,2,1,2,4,48.0,40,480.0,67716.0,15.4,0.5643
14121090001,0,0,60.0,50.0,40.0,120000.0,10,56.0,42.0,33.0,6.1,77616.0,16.0,56.0,42.0,33.0,1,1,1,1,16.0,10,160.0,77616.0,6.1,0.6468
14121115001,0,4,60.0,50.0,40.0,120000.0,10,35.0,29.0,24.0,3.1,24360.0,10.0,29.0,24.0,35.0,2,2,1,4,40.0,40,400.0,97440.0,12.4,0.812
14121136001,0,0,60.0,50.0,40.0,120000.0,10,50.0,21.0,23.0,3.68,24150.0,12.0,50.0,21.0,23.0,1,2,1,2,24.0,20,240.0,48300.0,7.36,0.4025
14121173001,0,5,60.0,50.0,40.0,120000.0,10,45.0,26.0,19.0,2.59,22230.0,12.0,26.0,45.0,19.0,2,1,2,4,48.0,40,480.0,88920.0,10.36,0.741
14130001001,0,2,60.0,50.0,40.0,120000.0,10,43.0,28.0,28.0,4.11,33712.0,8.0,28.0,43.0,28.0,2,1,1,2,16.0,20,160.0,67424.0,8.22,0.5618666666666666
14130009001,0,1,60.0,50.0,40.0,120000.0,10,56.0,26.0,23.0,4.8,33488.0,8.0,56.0,23.0,26.0,1,2,1,2,16.0,20,160.0,66976.0,9.6,0.5581333333333334
14130010001,0,1,60.0,50.0,40.0,120000.0,10,29.0,13.0,24.0,0.8,9048.0,1.0,29.0,24.0,13.0,2,2,3,12,12.0,120,120.0,108576.0,9.600000000000001,0.9048
14130016001,0,1,60.0,50.0,40.0,120000.0,10,60.0,26.0,23.0,4.47,35880.0,12.0,60.0,23.0,26.0,1,2,1,2,24.0,20,240.0,71760.0,8.94,0.598
14130017001,0,1,60.0,50.0,40.0,120000.0,10,59.0,27.0,22.0,4.47,35046.0,12.0,59.0,22.0,27.0,1,2,1,2,24.0,20,240.0,70092.0,8.94,0.5841
14130042001,0,1,60.0,50.0,40.0,120000.0,10,59.0,27.0,22.0,4.6,35046.0,12.0,59.0,22.0,27.0,1,2,1,2,24.0,20,240.0,70092.0,9.2,0.5841
14130044001,0,1,60.0,50.0,40.0,120000.0,10,51.0,33.0,21.0,4.792,35343.0,12.0,51.0,21.0,33.0,1,2,1,2,24.0,20,240.0,70686.0,9.584,0.58905
14131025001,0,1,60.0,50.0,40.0,120000.0,10,56.0,26.0,23.0,4.8,33488.0,8.0,56.0,23.0,26.0,1,2,1,2,16.0,20,160.0,66976.0,9.6,0.5581333333333334
14131027001,0,1,60.0,50.0,40.0,120000.0,10,56.0,26.0,23.0,3.93,33488.0,8.0,56.0,23.0,26.0,1,2,1,2,16.0,20,160.0,66976.0,7.86,0.5581333333333334
14131047001,0,1,60.0,50.0,40.0,120000.0,10,59.0,27.0,22.0,5.04,35046.0,12.0,59.0,22.0,27.0,1,2,1,2,24.0,20,240.0,70092.0,10.08,0.5841
14131081001,0,5,60.0,50.0,40.0,120000.0,10,48.0,28.0,31.0,5.35,41664.0,12.0,28.0,48.0,31.0,2,1,1,2,24.0,20,240.0,83328.0,10.7,0.6944
14131121001,0,1,60.0,50.0,40.0,120000.0,10,60.0,27.0,23.0,4.83,37260.0,12.0,60.0,23.0,27.0,1,2,1,2,24.0,20,240.0,74520.0,9.66,0.621
14132003001,0,2,60.0,50.0,40.0,120000.0,10,38.0,33.0,26.0,3.43,32604.0,10.0,26.0,38.0,33.0,2,1,1,2,20.0,20,200.0,65208.0,6.86,0.5434
14132015001,0,2,60.0,50.0,40.0,120000.0,10,37.0,37.0,26.0,4.14,35594.0,12.0,26.0,37.0,37.0,2,1,1,2,24.0,20,240.0,71188.0,8.28,0.5932333333333333
14132031001,0,1,60.0,50.0,40.0,120000.0,10,54.0,29.0,22.0,4.1,34452.0,12.0,54.0,22.0,29.0,1,2,1,2,24.0,20,240.0,68904.0,8.2,0.5742
14132149001,0,1,60.0,50.0,40.0,120000.0,10,42.0,32.0,21.0,7.9,28224.0,12.0,42.0,21.0,32.0,1,2,1,2,24.0,20,240.0,56448.0,15.8,0.4704
14132157001,0,2,60.0,50.0,40.0,120000.0,10,37.0,36.0,26.0,4.13,34632.0,12.0,26.0,37.0,36.0,2,1,1,2,24.0,20,240.0,69264.0,8.26,0.5772
14133030001,0,0,60.0,50.0,40.0,120000.0,10,40.0,23.0,37.0,2.65,34040.0,12.0,40.0,23.0,37.0,1,2,1,2,24.0,20,240.0,68080.0,5.3,0.5673333333333334
14133930001,0,0,60.0,50.0,40.0,120000.0,10,47.0,44.0,26.0,6.1,53768.0,18.0,47.0,44.0,26.0,1,1,1,1,18.0,10,180.0,53768.0,6.1,0.44806666666666667
14200018001,0,2,60.0,50.0,40.0,120000.0,10,25.0,37.0,15.0,2.42,13875.0,10.0,15.0,25.0,37.0,4,2,1,8,80.0,80,800.0,111000.0,19.36,0.925
14200047001,0,4,60.0,50.0,40.0,120000.0,10,40.0,27.0,13.0,3.77,14040.0,10.0,27.0,13.0,40.0,2,3,1,6,60.0,60,600.0,84240.0,22.62,0.702
14200090001,0,4,60.0,50.0,40.0,120000.0,10,37.0,29.0,19.0,3.344,20387.0,24.0,29.0,19.0,37.0,2,2,1,4,96.0,40,960.0,81548.0,13.376,0.6795666666666667
14200133001,0,2,60.0,50.0,40.0,120000.0,10,42.0,30.0,29.0,3.7,36540.0,12.0,29.0,42.0,30.0,2,1,1,2,24.0,20,240.0,73080.0,7.4,0.609
14202021001,0,4,60.0,50.0,40.0,120000.0,10,39.0,29.0,16.0,2.16,18096.0,12.0,29.0,16.0,39.0,2,3,1,6,72.0,60,720.0,108576.0,12.96,0.9048
14203001001,0,1,60.0,50.0,40.0,120000.0,10,53.0,35.0,16.0,4.0,29680.0,20.0,53.0,16.0,35.0,1,3,1,3,60.0,30,600.0,89040.0,12.0,0.742
14203005001,0,1,60.0,50.0,40.0,120000.0,10,50.0,33.0,21.0,3.3,34650.0,20.0,50.0,21.0,33.0,1,2,1,2,40.0,20,400.0,69300.0,6.6,0.5775
14203017001,0,0,60.0,50.0,40.0,120000.0,10,53.0,34.0,33.0,6.06,59466.0,40.0,53.0,34.0,33.0,1,1,1,1,40.0,10,400.0,59466.0,6.06,0.49555
14203078001,0,0,60.0,50.0,40.0,120000.0,10,53.0,35.0,33.0,4.57,61215.0,20.0,53.0,35.0,33.0,1,1,1,1,20.0,10,200.0,61215.0,4.57,0.510125
14204010001,0,3,60.0,50.0,40.0,120000.0,10,31.0,23.0,21.0,1.62,14973.0,30.0,21.0,23.0,31.0,2,2,1,4,120.0,40,1200.0,59892.0,6.48,0.4991
14204022001,0,0,60.0,50.0,40.0,120000.0,10,52.0,40.0,40.0,5.5,83200.0,20.0,52.0,40.0,40.0,1,1,1,1,20.0,10,200.0,83200.0,5.5,0.6933333333333334
14204041001,0,4,60.0,50.0,40.0,120000.0,10,37.0,29.0,17.0,2.13,18241.0,10.0,29.0,17.0,37.0,2,2,1,4,40.0,40,400.0,72964.0,8.52,0.6080333333333333
14204059001,0,5,60.0,50.0,40.0,120000.0,10,41.0,30.0,19.0,2.89,23370.0,12.0,30.0,41.0,19.0,2,1,2,4,48.0,40,480.0,93480.0,11.56,0.779
14204061001,0,0,60.0,50.0,40.0,120000.0,10,51.0,26.0,26.0,1.51,34476.0,12.0,51.0,26.0,26.0,1,1,1,1,12.0,10,120.0,34476.0,1.51,0.2873
14204062001,0,1,60.0,50.0,40.0,120000.0,10,54.0,27.0,25.0,1.59,36450.0,12.0,54.0,25.0,27.0,1,2,1,2,24.0,20,240.0,72900.0,3.18,0.6075
14204071001,0,1,60.0,50.0,40.0,120000.0,10,49.0,40.0,22.0,1.84,43120.0,24.0,49.0,22.0,40.0,1,2,1,2,48.0,20,480.0,86240.0,3.68,0.7186666666666667
14204083001,0,4,60.0,50.0,40.0,120000.0,10,39.0,28.0,20.0,1.87,21840.0,20.0,28.0,20.0,39.0,2,2,1,4,80.0,40,800.0,87360.0,7.48,0.728
14204118001,0,4,60.0,50.0,40.0,120000.0,10,39.0,27.0,21.0,2.08,22113.0,20.0,27.0,21.0,39.0,2,2,1,4,80.0,40,800.0,88452.0,8.32,0.7371
14204132001,0,2,60.0,50.0,40.0,120000.0,10,48.0,32.0,15.0,2.41,23040.0,20.0,15.0,48.0,32.0,4,1,1,4,80.0,40,800.0,92160.0,9.64,0.768
14204899001,0,2,60.0,50.0,40.0,120000.0,10,39.0,29.0,27.0,2.27,30537.0,20.0,27.0,39.0,29.0,2,1,1,2,40.0,20,400.0,61074.0,4.54,0.50895
14210058001,0,3,60.0,50.0,40.0,120000.0,10,36.0,21.0,19.0,1.17,14364.0,20.0,19.0,21.0,36.0,3,2,1,6,120.0,60,1200.0,86184.0,7.02,0.7182
14210108001,0,4,60.0,50.0,40.0,120000.0,10,34.0,26.0,18.0,2.4,15912.0,20.0,26.0,18.0,34.0,2,2,1,4,80.0,40,800.0,63648.0,9.6,0.5304
14210127001,0,5,60.0,50.0,40.0,120000.0,10,49.0,28.0,19.0,8.52,26068.0,12.0,28.0,49.0,19.0,2,1,2,4,48.0,40,480.0,104272.0,34.08,0.8689333333333333
14210216001,0,0,60.0,50.0,40.0,120000.0,10,30.0,21.0,23.0,1.65,14490.0,12.0,30.0,21.0,23.0,2,2,1,4,48.0,40,480.0,57960.0,6.6,0.483
14211052001,0,3,60.0,50.0,40.0,120000.0,10,36.0,22.0,19.0,1.66,15048.0,20.0,19.0,22.0,36.0,3,2,1,6,120.0,60,1200.0,90288.0,9.959999999999999,0.7524
14213008001,0,4,60.0,50.0,40.0,120000.0,10,34.0,27.0,18.0,0.93,16524.0,12.0,27.0,18.0,34.0,2,2,1,4,48.0,40,480.0,66096.0,3.72,0.5508
14220132001,0,0,60.0,50.0,40.0,120000.0,10,21.0,16.0,13.0,1.79,4368.0,15.0,21.0,16.0,13.0,2,3,3,18,270.0,180,2700.0,78624.0,32.22,0.6552
14222009001,0,3,60.0,50.0,40.0,120000.0,10,39.0,21.0,26.0,10.25,21294.0,40.0,26.0,21.0,39.0,2,2,1,4,160.0,40,1600.0,85176.0,41.0,0.7098
14222036001,0,5,60.0,50.0,40.0,120000.0,10,45.0,26.0,16.0,5.67,18720.0,30.0,26.0,45.0,16.0,2,1,2,4,120.0,40,1200.0,74880.0,22.68,0.624
14222046001,0,5,60.0,50.0,40.0,120000.0,10,48.0,28.0,18.0,3.69,24192.0,10.0,28.0,48.0,18.0,2,1,2,4,40.0,40,400.0,96768.0,14.76,0.8064
14222068001,0,2,60.0,50.0,40.0,120000.0,10,37.0,20.0,17.0,2.8,12580.0,10.0,17.0,37.0,20.0,3,1,2,6,60.0,60,600.0,75480.0,16.799999999999997,0.629
14222072001,0,2,60.0,50.0,40.0,120000.0,10,37.0,20.0,17.0,2.8,12580.0,10.0,17.0,37.0,20.0,3,1,2,6,60.0,60,600.0,75480.0,16.799999999999997,0.629
14222095001,0,2,60.0,50.0,40.0,120000.0,10,37.0,20.0,17.0,2.91,12580.0,10.0,17.0,37.0,20.0,3,1,2,6,60.0,60,600.0,75480.0,17.46,0.629
14222107001,0,1,60.0,50.0,40.0,120000.0,10,47.0,36.0,25.0,4.8,42300.0,12.0,47.0,25.0,36.0,1,2,1,2,24.0,20,240.0,84600.0,9.6,0.705
14222114001,0,2,60.0,50.0,40.0,120000.0,10,37.0,20.0,17.0,2.9,12580.0,10.0,17.0,37.0,20.0,3,1,2,6,60.0,60,600.0,75480.0,17.4,0.629
14222142001,0,1,60.0,50.0,40.0,120000.0,10,42.0,28.0,22.0,8.53,25872.0,10.0,42.0,22.0,28.0,1,2,1,2,20.0,20,200.0,51744.0,17.06,0.4312
14223003001,0,5,60.0,50.0,40.0,120000.0,10,47.0,28.0,18.0,3.89,23688.0,10.0,28.0,47.0,18.0,2,1,2,4,40.0,40,400.0,94752.0,15.56,0.7896
14223018001,0,1,60.0,50.0,40.0,120000.0,10,39.0,34.0,24.0,4.96,31824.0,24.0,39.0,24.0,34.0,1,2,1,2,48.0,20,480.0,63648.0,9.92,0.5304
14223176001,0,0,60.0,50.0,40.0,120000.0,10,30.0,23.0,16.0,3.12,11040.0,12.0,30.0,23.0,16.0,2,2,2,8,96.0,80,960.0,88320.0,24.96,0.736
14225008001,0,3,60.0,50.0,40.0,120000.0,10,32.0,24.0,10.0,3.39,7680.0,24.0,10.0,24.0,32.0,6,2,1,12,288.0,120,2880.0,92160.0,40.68,0.768
14225933001,0,5,60.0,50.0,40.0,120000.0,10,24.0,15.0,17.0,2.0,6120.0,36.0,15.0,24.0,17.0,4,2,2,16,576.0,160,5760.0,97920.0,32.0,0.816
14226002001,0,0,60.0,50.0,40.0,120000.0,10,34.0,24.0,33.0,19.63,26928.0,36.0,34.0,24.0,33.0,1,2,1,2,72.0,20,720.0,53856.0,39.26,0.4488
14226007001,0,0,60.0,50.0,40.0,120000.0,10,41.0,41.0,23.0,5.95,38663.0,30.0,41.0,41.0,23.0,1,1,1,1,30.0,10,300.0,38663.0,5.95,0.32219166666666665
14226035001,0,2,60.0,50.0,40.0,120000.0,10,42.0,19.0,17.0,2.78,13566.0,60.0,17.0,42.0,19.0,3,1,2,6,360.0,60,3600.0,81396.0,16.68,0.6783
14241025001,0,3,60.0,50.0,40.0,120000.0,10,40.0,25.0,19.0,3.38,19000.0,20.0,19.0,25.0,40.0,3,2,1,6,120.0,60,1200.0,114000.0,20.28,0.95
14242011001,0,2,60.0,50.0,40.0,120000.0,10,40.0,26.0,27.0,7.37,28080.0,15.0,27.0,40.0,26.0,2,1,1,2,30.0,20,300.0,56160.0,14.74,0.468
14242012001,0,4,60.0,50.0,40.0,120000.0,10,40.0,30.0,19.0,3.258,22800.0,10.0,30.0,19.0,40.0,2,2,1,4,40.0,40,400.0,91200.0,13.032,0.76
14242083001,0,4,60.0,50.0,40.0,120000.0,10,35.0,30.0,18.0,1.91,18900.0,10.0,30.0,18.0,35.0,2,2,1,4,40.0,40,400.0,75600.0,7.64,0.63
14242128001,0,1,60.0,50.0,40.0,120000.0,10,47.0,36.5,25.0,6.7,42887.5,20.0,47.0,25.0,36.5,1,2,1,2,40.0,20,400.0,85775.0,13.4,0.7147916666666667
14242131001,0,3,60.0,50.0,40.0,120000.0,10,32.0,25.0,15.0,1.92,12000.0,10.0,15.0,25.0,32.0,4,2,1,8,80.0,80,800.0,96000.0,15.36,0.8
14242133001,0,0,60.0,50.0,40.0,120000.0,10,55.0,41.0,26.0,6.004,58630.0,8.0,55.0,41.0,26.0,1,1,1,1,8.0,10,80.0,58630.0,6.004,0.4885833333333333
14242210001,0,4,60.0,50.0,40.0,120000.0,10,31.0,19.0,12.0,1.68,7068.0,10.0,19.0,12.0,31.0,3,4,1,12,120.0,120,1200.0,84816.0,20.16,0.7068
14243007001,0,0,60.0,50.0,40.0,120000.0,10,54.0,37.0,18.0,11.06,35964.0,24.0,54.0,37.0,18.0,1,1,2,2,48.0,20,480.0,71928.0,22.12,0.5994
14243021001,0,3,60.0,50.0,40.0,120000.0,10,32.0,24.0,13.0,2.55,9984.0,12.0,13.0,24.0,32.0,4,2,1,8,96.0,80,960.0,79872.0,20.4,0.6656
14243043001,0,2,60.0,50.0,40.0,120000.0,10,46.0,37.0,19.0,2.82,32338.0,12.0,19.0,46.0,37.0,3,1,1,3,36.0,30,360.0,97014.0,8.459999999999999,0.80845
14243044001,0,3,60.0,50.0,40.0,120000.0,10,33.0,24.0,13.0,2.55,10296.0,12.0,13.0,24.0,33.0,4,2,1,8,96.0,80,960.0,82368.0,20.4,0.6864
14243058001,0,3,60.0,50.0,40.0,120000.0,10,34.0,24.0,13.0,2.24,10608.0,12.0,13.0,24.0,34.0,4,2,1,8,96.0,80,960.0,84864.0,17.92,0.7072
14243061001,0,3,60.0,50.0,40.0,120000.0,10,33.0,24.0,13.0,2.06,10296.0,12.0,13.0,24.0,33.0,4,2,1,8,96.0,80,960.0,82368.0,16.48,0.6864
14243069001,0,2,60.0,50.0,40.0,120000.0,10,49.0,33.0,18.0,5.5,29106.0,30.0,18.0,49.0,33.0,3,1,1,3,90.0,30,900.0,87318.0,16.5,0.72765
14243106001,0,0,60.0,50.0,40.0,120000.0,10,30.0,23.0,10.0,1.8,6900.0,10.0,30.0,23.0,10.0,2,2,4,16,160.0,160,1600.0,110400.0,28.8,0.92
14243110001,0,4,60.0,50.0,40.0,120000.0,10,39.0,30.0,17.0,4.4,19890.0,12.0,30.0,17.0,39.0,2,2,1,4,48.0,40,480.0,79560.0,17.6,0.663
14243111001,0,4,60.0,50.0,40.0,120000.0,10,39.0,30.0,17.0,4.4,19890.0,12.0,30.0,17.0,39.0,2,2,1,4,48.0,40,480.0,79560.0,17.6,0.663
14243131001,0,0,60.0,50.0,40.0,120000.0,10,54.0,24.0,17.0,7.69,22032.0,10.0,54.0,24.0,17.0,1,2,2,4,40.0,40,400.0,88128.0,30.76,0.7344
14243152001,0,4,60.0,50.0,40.0,120000.0,10,37.0,30.0,15.0,3.6,16650.0,12.0,30.0,15.0,37.0,2,3,1,6,72.0,60,720.0,99900.0,21.6,0.8325
14244017001,0,0,60.0,50.0,40.0,120000.0,10,44.0,31.0,33.0,4.35,45012.0,10.0,44.0,31.0,33.0,1,1,1,1,10.0,10,100.0,45012.0,4.35,0.3751
14244020001,0,0,60.0,50.0,40.0,120000.0,10,31.0,25.0,36.0,2.8,27900.0,60.0,31.0,25.0,36.0,1,2,1,2,120.0,20,1200.0,55800.0,5.6,0.465
14244021001,0,0,60.0,50.0,40.0,120000.0,10,41.0,35.0,33.0,3.23,47355.0,12.0,41.0,35.0,33.0,1,1,1,1,12.0,10,120.0,47355.0,3.23,0.394625
14244058001,0,2,60.0,50.0,40.0,120000.0,10,46.0,37.0,19.0,2.82,32338.0,12.0,19.0,46.0,37.0,3,1,1,3,36.0,30,360.0,97014.0,8.459999999999999,0.80845
14244077001,0,5,60.0,50.0,40.0,120000.0,10,45.0,28.0,33.0,3.9,41580.0,8.0,28.0,45.0,33.0,2,1,1,2,16.0,20,160.0,83160.0,7.8,0.693
14244087001,0,3,60.0,50.0,40.0,120000.0,10,31.0,25.0,14.0,2.24,10850.0,12.0,14.0,25.0,31.0,4,2,1,8,96.0,80,960.0,86800.0,17.92,0.7233333333333334
14244929001,0,4,60.0,50.0,40.0,120000.0,10,38.0,28.0,16.0,5.8,17024.0,12.0,28.0,16.0,38.0,2,3,1,6,72.0,60,720.0,102144.0,34.8,0.8512
14301013001,0,0,60.0,50.0,40.0,120000.0,10,43.0,43.0,34.0,8.0,62866.0,16.0,43.0,43.0,34.0,1,1,1,1,16.0,10,160.0,62866.0,8.0,0.5238833333333334
14302005001,0,0,60.0,50.0,40.0,120000.0,10,43.0,43.0,34.0,7.41,62866.0,16.0,43.0,43.0,34.0,1,1,1,1,16.0,10,160.0,62866.0,7.41,0.5238833333333334
14303039001,0,1,60.0,50.0,40.0,120000.0,10,41.0,28.0,25.0,4.4,28700.0,12.0,41.0,25.0,28.0,1,2,1,2,24.0,20,240.0,57400.0,8.8,0.47833333333333333
14303897001,0,2,60.0,50.0,40.0,120000.0,10,49.0,34.0,15.0,3.24,24990.0,12.0,15.0,49.0,34.0,4,1,1,4,48.0,40,480.0,99960.0,12.96,0.833
14303933001,0,2,60.0,50.0,40.0,120000.0,10,41.0,30.0,26.0,5.18,31980.0,12.0,26.0,41.0,30.0,2,1,1,2,24.0,20,240.0,63960.0,10.36,0.533
14304001001,0,0,60.0,50.0,40.0,120000.0,10,44.0,32.0,33.0,7.81,46464.0,24.0,44.0,32.0,33.0,1,1,1,1,24.0,10,240.0,46464.0,7.81,0.3872
14304084001,0,4,60.0,50.0,40.0,120000.0,10,34.0,29.0,18.0,4.12,17748.0,12.0,29.0,18.0,34.0,2,2,1,4,48.0,40,480.0,70992.0,16.48,0.5916
14304187001,0,4,60.0,50.0,40.0,120000.0,10,32.0,28.0,20.0,3.0,17920.0,12.0,28.0,20.0,32.0,2,2,1,4,48.0,40,480.0,71680.0,12.0,0.5973333333333334
14310053001,0,0,60.0,50.0,40.0,120000.0,10,52.0,22.0,20.0,6.0,22880.0,6.0,52.0,22.0,20.0,1,2,2,4,24.0,40,240.0,91520.0,24.0,0.7626666666666667
14311015001,0,1,60.0,50.0,40.0,120000.0,10,46.0,40.0,23.0,8.96,42320.0,20.0,46.0,23.0,40.0,1,2,1,2,40.0,20,400.0,84640.0,17.92,0.7053333333333334
14311043001,0,1,60.0,50.0,40.0,120000.0,10,27.0,18.0,12.0,1.25,5832.0,1.0,27.0,12.0,18.0,2,4,2,16,16.0,160,160.0,93312.0,20.0,0.7776
14311066001,0,0,60.0,50.0,40.0,120000.0,10,51.0,24.0,22.0,1.9,26928.0,12.0,51.0,24.0,22.0,1,2,1,2,24.0,20,240.0,53856.0,3.8,0.4488
14311093001,0,3,60.0,50.0,40.0,120000.0,10,33.0,25.0,23.0,3.51,18975.0,6.0,23.0,25.0,33.0,2,2,1,4,24.0,40,240.0,75900.0,14.04,0.6325
14311112001,0,0,60.0,50.0,40.0,120000.0,10,27.0,19.0,13.0,1.3,6669.0,1.0,27.0,19.0,13.0,2,2,3,12,12.0,120,120.0,80028.0,15.600000000000001,0.6669
14311113001,0,1,60.0,50.0,40.0,120000.0,10,55.0,35.0,23.0,8.48,44275.0,20.0,55.0,23.0,35.0,1,2,1,2,40.0,20,400.0,88550.0,16.96,0.7379166666666667
14311189001,0,5,60.0,50.0,40.0,120000.0,10,50.0,28.0,18.0,4.45,25200.0,12.0,28.0,50.0,18.0,2,1,2,4,48.0,40,480.0,100800.0,17.8,0.84
14311231001,0,0,60.0,50.0,40.0,120000.0,10,48.0,23.0,31.0,8.36,34224.0,18.0,48.0,23.0,31.0,1,2,1,2,36.0,20,360.0,68448.0,16.72,0.5704
14312999001,0,2,60.0,50.0,40.0,120000.0,10,47.0,32.0,15.0,10.31,22560.0,24.0,15.0,47.0,32.0,4,1,1,4,96.0,40,960.0,90240.0,41.24,0.752
14313004001,0,0,60.0,50.0,40.0,120000.0,10,18.0,12.0,8.0,0.1,1728.0,1.0,18.0,12.0,8.0,3,4,5,60,60.0,600,600.0,103680.0,6.0,0.864
14313008001,0,0,60.0,50.0,40.0,120000.0,10,18.0,12.0,8.0,0.1,1728.0,1.0,18.0,12.0,8.0,3,4,5,60,60.0,600,600.0,103680.0,6.0,0.864
14315003001,0,3,60.0,50.0,40.0,120000.0,10,35.0,23.0,28.0,2.25,22540.0,12.0,28.0,23.0,35.0,2,2,1,4,48.0,40,480.0,90160.0,9.0,0.7513333333333333
14330004001,0,1,60.0,50.0,40.0,120000.0,10,56.0,39.0,23.0,17.04,50232.0,6.0,56.0,23.0,39.0,1,2,1,2,12.0,20,120.0,100464.0,34.08,0.8372
14330010001,0,1,60.0,50.0,40.0,120000.0,10,55.0,37.0,23.0,16.22,46805.0,6.0,55.0,23.0,37.0,1,2,1,2,12.0,20,120.0,93610.0,32.44,0.7800833333333334
14330899001,0,0,60.0,50.0,40.0,120000.0,10,60.0,41.0,23.0,17.41,56580.0,6.0,60.0,41.0,23.0,1,1,1,1,6.0,10,60.0,56580.0,17.41,0.4715
14331022001,0,1,60.0,50.0,40.0,120000.0,10,49.0,32.0,24.0,11.8,37632.0,6.0,49.0,24.0,32.0,1,2,1,2,12.0,20,120.0,75264.0,23.6,0.6272
14340002001,0,0,60.0,50.0,40.0,120000.0,10,27.0,20.0,13.0,6.34,7020.0,12.0,27.0,20.0,13.0,2,2,3,12,144.0,120,1440.0,84240.0,76.08,0.702
14340006001,0,2,60.0,50.0,40.0,120000.0,10,24.0,31.0,14.0,8.18,10416.0,12.0,14.0,24.0,31.0,4,2,1,8,96.0,80,960.0,83328.0,65.44,0.6944
14342010001,0,3,60.0,50.0,40.0,120000.0,10,34.0,24.0,24.0,9.34,19584.0,12.0,24.0,24.0,34.0,2,2,1,4,48.0,40,480.0,78336.0,37.36,0.6528
14350001001,0,2,60.0,50.0,40.0,120000.0,10,36.0,30.0,26.0,2.72,28080.0,10.0,26.0,36.0,30.0,2,1,1,2,20.0,20,200.0,56160.0,5.44,0.468
14350005001,0,0,60.0,50.0,40.0,120000.0,10,57.0,40.0,31.0,8.69,70680.0,16.0,57.0,40.0,31.0,1,1,1,1,16.0,10,160.0,70680.0,8.69,0.589
14350009001,0,0,60.0,50.0,40.0,120000.0,10,58.0,40.0,30.0,9.07,69600.0,18.0,58.0,40.0,30.0,1,1,1,1,18.0,10,180.0,69600.0,9.07,0.58
14351034001,0,0,60.0,50.0,40.0,120000.0,10,59.0,21.0,30.0,4.3,37170.0,9.0,59.0,21.0,30.0,1,2,1,2,18.0,20,180.0,74340.0,8.6,0.6195
14352093001,0,0,60.0,50.0,40.0,120000.0,10,51.0,24.0,24.0,4.6,29376.0,12.0,51.0,24.0,24.0,1,2,1,2,24.0,20,240.0,58752.0,9.2,0.4896
14352098001,0,2,60.0,50.0,40.0,120000.0,10,40.0,20.0,26.0,3.97,20800.0,7.0,26.0,40.0,20.0,2,1,2,4,28.0,40,280.0,83200.0,15.88,0.6933333333333334
14353002001,0,1,60.0,50.0,40.0,120000.0,10,39.0,31.0,23.0,6.91,27807.0,12.0,39.0,23.0,31.0,1,2,1,2,24.0,20,240.0,55614.0,13.82,0.46345
14353013001,0,4,60.0,50.0,40.0,120000.0,10,32.0,29.0,32.0,4.08,29696.0,12.0,29.0,32.0,32.0,2,1,1,2,24.0,20,240.0,59392.0,8.16,0.49493333333333334
14353073001,0,1,60.0,50.0,40.0,120000.0,10,48.0,37.0,23.0,12.0,40848.0,6.0,48.0,23.0,37.0,1,2,1,2,12.0,20,120.0,81696.0,24.0,0.6808
14361099001,0,2,60.0,50.0,40.0,120000.0,10,47.0,34.0,26.0,4.86,41548.0,12.0,26.0,47.0,34.0,2,1,1,2,24.0,20,240.0,83096.0,9.72,0.6924666666666667
14361100001,0,2,60.0,50.0,40.0,120000.0,10,47.0,34.0,26.0,4.86,41548.0,12.0,26.0,47.0,34.0,2,1,1,2,24.0,20,240.0,83096.0,9.72,0.6924666666666667
14361101001,0,2,60.0,50.0,40.0,120000.0,10,48.0,34.0,27.0,4.42,44064.0,12.0,27.0,48.0,34.0,2,1,1,2,24.0,20,240.0,88128.0,8.84,0.7344
14361106001,0,2,60.0,50.0,40.0,120000.0,10,47.0,34.0,26.0,5.19,41548.0,12.0,26.0,47.0,34.0,2,1,1,2,24.0,20,240.0,83096.0,10.38,0.6924666666666667
14361114001,0,5,60.0,50.0,40.0,120000.0,10,43.0,29.0,31.0,10.99,38657.0,12.0,29.0,43.0,31.0,2,1,1,2,24.0,20,240.0,77314.0,21.98,0.6442833333333333
14361128001,0,1,60.0,50.0,40.0,120000.0,10,44.0,29.0,25.0,6.49,31900.0,12.0,44.0,25.0,29.0,1,2,1,2,24.0,20,240.0,63800.0,12.98,0.5316666666666666
14361137001,0,1,60.0,50.0,40.0,120000.0,10,46.0,33.0,22.0,3.798,33396.0,12.0,46.0,22.0,33.0,1,2,1,2,24.0,20,240.0,66792.0,7.596,0.5566
14361162001,0,2,60.0,50.0,40.0,120000.0,10,43.0,30.0,26.0,4.28,33540.0,12.0,26.0,43.0,30.0,2,1,1,2,24.0,20,240.0,67080.0,8.56,0.559
14361899001,0,1,60.0,50.0,40.0,120000.0,10,48.0,33.0,22.0,4.806,34848.0,12.0,48.0,22.0,33.0,1,2,1,2,24.0,20,240.0,69696.0,9.612,0.5808
14361907001,0,0,60.0,50.0,40.0,120000.0,10,48.0,34.0,31.0,3.9,50592.0,15.0,48.0,34.0,31.0,1,1,1,1,15.0,10,150.0,50592.0,3.9,0.4216
14362019001,0,2,60.0,50.0,40.0,120000.0,10,48.0,33.0,26.0,7.84,41184.0,15.0,26.0,48.0,33.0,2,1,1,2,30.0,20,300.0,82368.0,15.68,0.6864
14362033001,0,4,60.0,50.0,40.0,120000.0,10,32.0,29.0,32.0,4.986,29696.0,12.0,29.0,32.0,32.0,2,1,1,2,24.0,20,240.0,59392.0,9.972,0.49493333333333334
14362041001,0,1,60.0,50.0,40.0,120000.0,10,41.0,38.0,24.0,8.49,37392.0,20.0,41.0,24.0,38.0,1,2,1,2,40.0,20,400.0,74784.0,16.98,0.6232
14370002001,0,2,60.0,50.0,40.0,120000.0,10,44.0,35.0,19.0,20.97,29260.0,20.0,19.0,44.0,35.0,3,1,1,3,60.0,30,600.0,87780.0,62.91,0.7315
14370054001,0,2,60.0,50.0,40.0,120000.0,10,44.0,33.0,14.0,10.23,20328.0,12.0,14.0,44.0,33.0,4,1,1,4,48.0,40,480.0,81312.0,40.92,0.6776
14500006001,0,2,60.0,50.0,40.0,120000.0,10,41.0,32.0,15.0,3.56,19680.0,24.0,15.0,41.0,32.0,4,1,1,4,96.0,40,960.0,78720.0,14.24,0.656
14500010001,0,1,60.0,50.0,40.0,120000.0,10,42.0,28.0,23.0,2.5,27048.0,12.0,42.0,23.0,28.0,1,2,1,2,24.0,20,240.0,54096.0,5.0,0.4508
14500024001,0,2,60.0,50.0,40.0,120000.0,10,49.0,35.0,15.0,3.24,25725.0,12.0,15.0,49.0,35.0,4,1,1,4,48.0,40,480.0,102900.0,12.96,0.8575
14500026001,0,5,60.0,50.0,40.0,120000.0,10,43.0,28.0,17.0,1.3,20468.0,12.0,28.0,43.0,17.0,2,1,2,4,48.0,40,480.0,81872.0,5.2,0.6822666666666667
14500028001,0,0,60.0,50.0,40.0,120000.0,10,51.0,40.0,31.0,6.05,63240.0,12.0,51.0,40.0,31.0,1,1,1,1,12.0,10,120.0,63240.0,6.05,0.527
14500030001,0,0,60.0,50.0,40.0,120000.0,10,51.0,40.0,31.0,6.05,63240.0,12.0,51.0,40.0,31.0,1,1,1,1,12.0,10,120.0,63240.0,6.05,0.527
14500032001,0,2,60.0,50.0,40.0,120000.0,10,38.0,33.0,14.0,3.18,17556.0,30.0,14.0,38.0,33.0,4,1,1,4,120.0,40,1200.0,70224.0,12.72,0.5852
14500037001,0,0,60.0,50.0,40.0,120000.0,10,41.0,37.0,38.0,6.83,57646.0,6.0,41.0,37.0,38.0,1,1,1,1,6.0,10,60.0,57646.0,6.83,0.48038333333333333
14500056001,0,2,60.0,50.0,40.0,120000.0,10,34.0,34.0,18.0,1.6,20808.0,8.0,18.0,34.0,34.0,3,1,1,3,24.0,30,240.0,62424.0,4.800000000000001,0.5202
14500067001,0,1,60.0,50.0,40.0,120000.0,10,40.0,32.0,16.0,3.72,20480.0,24.0,40.0,16.0,32.0,1,3,1,3,72.0,30,720.0,61440.0,11.16,0.512
14501004001,0,2,60.0,50.0,40.0,120000.0,10,36.0,31.0,14.0,3.014,15624.0,30.0,14.0,36.0,31.0,4,1,1,4,120.0,40,1200.0,62496.0,12.056,0.5208
14501007001,0,4,60.0,50.0,40.0,120000.0,10,32.0,30.0,14.0,2.5,13440.0,24.0,30.0,14.0,32.0,2,3,1,6,144.0,60,1440.0,80640.0,15.0,0.672
14501010001,0,1,60.0,50.0,40.0,120000.0,10,45.0,34.0,21.0,3.0,32130.0,24.0,45.0,21.0,34.0,1,2,1,2,48.0,20,480.0,64260.0,6.0,0.5355
14501012001,0,2,60.0,50.0,40.0,120000.0,10,50.0,36.0,15.0,3.0,27000.0,12.0,15.0,50.0,36.0,4,1,1,4,48.0,40,480.0,108000.0,12.0,0.9
14501013001,0,1,60.0,50.0,40.0,120000.0,10,42.0,28.0,22.0,2.5,25872.0,12.0,42.0,22.0,28.0,1,2,1,2,24.0,20,240.0,51744.0,5.0,0.4312
14501016001,0,4,60.0,50.0,40.0,120000.0,10,34.0,26.0,15.0,2.78,13260.0,12.0,26.0,15.0,34.0,2,3,1,6,72.0,60,720.0,79560.0,16.68,0.663
14501037001,0,4,60.0,50.0,40.0,120000.0,10,34.0,30.0,13.0,2.84,13260.0,12.0,30.0,13.0,34.0,2,3,1,6,72.0,60,720.0,79560.0,17.04,0.663
14501053001,0,2,60.0,50.0,40.0,120000.0,10,36.0,34.0,15.0,2.33,18360.0,8.0,15.0,36.0,34.0,4,1,1,4,32.0,40,320.0,73440.0,9.32,0.612
14501938001,0,2,60.0,50.0,40.0,120000.0,10,35.0,31.0,14.0,3.25,15190.0,12.0,14.0,35.0,31.0,4,1,1,4,48.0,40,480.0,60760.0,13.0,0.5063333333333333
14501940001,0,5,60.0,50.0,40.0,120000.0,10,44.0,29.0,8.0,0.8,10208.0,1.0,29.0,44.0,8.0,2,1,5,10,10.0,100,100.0,102080.0,8.0,0.8506666666666667
14502002001,0,2,60.0,50.0,40.0,120000.0,10,37.0,32.0,14.0,3.12,16576.0,30.0,14.0,37.0,32.0,4,1,1,4,120.0,40,1200.0,66304.0,12.48,0.5525333333333333
14502004001,0,2,60.0,50.0,40.0,120000.0,10,50.0,36.0,17.0,3.21,30600.0,12.0,17.0,50.0,36.0,3,1,1,3,36.0,30,360.0,91800.0,9.629999999999999,0.765
14502010001,0,2,60.0,50.0,40.0,120000.0,10,32.0,32.0,14.0,3.1,14336.0,24.0,14.0,32.0,32.0,4,1,1,4,96.0,40,960.0,57344.0,12.4,0.47786666666666666
14502015001,0,1,60.0,50.0,40.0,120000.0,10,43.0,28.0,23.0,2.5,27692.0,12.0,43.0,23.0,28.0,1,2,1,2,24.0,20,240.0,55384.0,5.0,0.46153333333333335
14502016001,0,2,60.0,50.0,40.0,120000.0,10,39.0,33.0,14.0,3.63,18018.0,30.0,14.0,39.0,33.0,4,1,1,4,120.0,40,1200.0,72072.0,14.52,0.6006
14502020001,0,4,60.0,50.0,40.0,120000.0,10,36.0,30.0,13.0,2.78,14040.0,30.0,30.0,13.0,36.0,2,3,1,6,180.0,60,1800.0,84240.0,16.68,0.702
14502041001,0,2,60.0,50.0,40.0,120000.0,10,40.0,31.0,13.0,3.42,16120.0,30.0,13.0,40.0,31.0,4,1,1,4,120.0,40,1200.0,64480.0,13.68,0.5373333333333333
14502047001,0,2,60.0,50.0,40.0,120000.0,10,38.0,33.0,14.0,3.09,17556.0,30.0,14.0,38.0,33.0,4,1,1,4,120.0,40,1200.0,70224.0,12.36,0.5852
14502054001,0,2,60.0,50.0,40.0,120000.0,10,36.0,33.0,15.0,2.39,17820.0,8.0,15.0,36.0,33.0,4,1,1,4,32.0,40,320.0,71280.0,9.56,0.594
14502077001,0,5,60.0,50.0,40.0,120000.0,10,43.0,28.0,17.0,1.8,20468.0,12.0,28.0,43.0,17.0,2,1,2,4,48.0,40,480.0,81872.0,7.2,0.6822666666666667
14502081001,0,2,60.0,50.0,40.0,120000.0,10,38.0,31.0,13.0,3.25,15314.0,30.0,13.0,38.0,31.0,4,1,1,4,120.0,40,1200.0,61256.0,13.0,0.5104666666666666
14503002001,0,2,60.0,50.0,40.0,120000.0,10,38.0,32.0,14.0,3.13,17024.0,30.0,14.0,38.0,32.0,4,1,1,4,120.0,40,1200.0,68096.0,12.52,0.5674666666666667
14503003001,0,2,60.0,50.0,40.0,120000.0,10,46.0,33.0,20.0,3.0,30360.0,24.0,20.0,46.0,33.0,3,1,1,3,72.0,30,720.0,91080.0,9.0,0.759
14503013001,0,5,60.0,50.0,40.0,120000.0,10,41.0,28.0,17.0,1.7,19516.0,12.0,28.0,41.0,17.0,2,1,2,4,48.0,40,480.0,78064.0,6.8,0.6505333333333333
14503019001,0,1,60.0,50.0,40.0,120000.0,10,43.0,29.0,23.0,2.11,28681.0,12.0,43.0,23.0,29.0,1,2,1,2,24.0,20,240.0,57362.0,4.22,0.47801666666666665
14503034001,0,2,60.0,50.0,40.0,120000.0,10,39.0,33.0,29.0,5.57,37323.0,40.0,29.0,39.0,33.0,2,1,1,2,80.0,20,800.0,74646.0,11.14,0.62205
14503999001,0,4,60.0,50.0,40.0,120000.0,10,40.0,27.0,23.0,2.17,24840.0,12.0,27.0,23.0,40.0,2,2,1,4,48.0,40,480.0,99360.0,8.68,0.828
14504001001,0,2,60.0,50.0,40.0,120000.0,10,40.0,31.0,13.0,3.1,16120.0,30.0,13.0,40.0,31.0,4,1,1,4,120.0,40,1200.0,64480.0,12.4,0.5373333333333333
14504002001,0,2,60.0,50.0,40.0,120000.0,10,41.0,31.0,13.0,4.05,16523.0,30.0,13.0,41.0,31.0,4,1,1,4,120.0,40,1200.0,66092.0,16.2,0.5507666666666666
14504008001,0,2,60.0,50.0,40.0,120000.0,10,39.0,32.0,15.0,3.31,18720.0,30.0,15.0,39.0,32.0,4,1,1,4,120.0,40,1200.0,74880.0,13.24,0.624
14504028001,0,2,60.0,50.0,40.0,120000.0,10,39.0,33.0,15.0,3.32,19305.0,30.0,15.0,39.0,33.0,4,1,1,4,120.0,40,1200.0,77220.0,13.28,0.6435
14504042001,0,1,60.0,50.0,40.0,120000.0,10,54.0,38.0,25.0,5.21,51300.0,12.0,54.0,25.0,38.0,1,2,1,2,24.0,20,240.0,102600.0,10.42,0.855
14504055001,0,2,60.0,50.0,40.0,120000.0,10,41.0,33.0,15.0,3.13,20295.0,30.0,15.0,41.0,33.0,4,1,1,4,120.0,40,1200.0,81180.0,12.52,0.6765
14505013001,0,2,60.0,50.0,40.0,120000.0,10,35.0,32.0,14.0,3.3,15680.0,30.0,14.0,35.0,32.0,4,1,1,4,120.0,40,1200.0,62720.0,13.2,0.5226666666666666
14505021001,0,2,60.0,50.0,40.0,120000.0,10,40.0,33.0,14.0,3.79,18480.0,30.0,14.0,40.0,33.0,4,1,1,4,120.0,40,1200.0,73920.0,15.16,0.616
14505031001,0,1,60.0,50.0,40.0,120000.0,10,43.0,28.0,22.0,2.5,26488.0,12.0,43.0,22.0,28.0,1,2,1,2,24.0,20,240.0,52976.0,5.0,0.4414666666666667
14505041001,0,2,60.0,50.0,40.0,120000.0,10,39.0,31.0,12.0,2.08,14508.0,40.0,12.0,39.0,31.0,5,1,1,5,200.0,50,2000.0,72540.0,10.4,0.6045
14505099001,0,2,60.0,50.0,40.0,120000.0,10,42.0,33.0,13.0,1.73,18018.0,12.0,13.0,42.0,33.0,4,1,1,4,48.0,40,480.0,72072.0,6.92,0.6006
14505102001,0,2,60.0,50.0,40.0,120000.0,10,41.0,33.0,14.0,2.98,18942.0,20.0,14.0,41.0,33.0,4,1,1,4,80.0,40,800.0,75768.0,11.92,0.6314
14505138001,0,2,60.0,50.0,40.0,120000.0,10,42.0,34.0,13.0,1.64,18564.0,12.0,13.0,42.0,34.0,4,1,1,4,48.0,40,480.0,74256.0,6.56,0.6188
14505917001,0,2,60.0,50.0,40.0,120000.0,10,39.0,31.0,12.0,2.02,14508.0,40.0,12.0,39.0,31.0,5,1,1,5,200.0,50,2000.0,72540.0,10.1,0.6045
14505973001,0,2,60.0,50.0,40.0,120000.0,10,37.0,32.0,14.0,3.49,16576.0,24.0,14.0,37.0,32.0,4,1,1,4,96.0,40,960.0,66304.0,13.96,0.5525333333333333
14506002001,0,2,60.0,50.0,40.0,120000.0,10,41.0,32.0,28.0,5.66,36736.0,8.0,28.0,41.0,32.0,2,1,1,2,16.0,20,160.0,73472.0,11.32,0.6122666666666666
14506006001,0,1,60.0,50.0,40.0,120000.0,10,46.0,26.0,23.0,4.72,27508.0,12.0,46.0,23.0,26.0,1,2,1,2,24.0,20,240.0,55016.0,9.44,0.4584666666666667
14506012001,0,3,60.0,50.0,40.0,120000.0,10,37.0,24.0,11.0,7.85,9768.0,20.0,11.0,24.0,37.0,5,2,1,10,200.0,100,2000.0,97680.0,78.5,0.814
14506056001,0,3,60.0,50.0,40.0,120000.0,10,35.0,24.0,18.0,9.4,15120.0,4.0,18.0,24.0,35.0,3,2,1,6,24.0,60,240.0,90720.0,56.400000000000006,0.756
14506066001,0,0,60.0,50.0,40.0,120000.0,10,27.0,24.0,10.0,4.0,6480.0,12.0,27.0,24.0,10.0,2,2,4,16,192.0,160,1920.0,103680.0,64.0,0.864
14506070001,0,1,60.0,50.0,40.0,120000.0,10,52.0,39.0,25.0,7.28,50700.0,12.0,52.0,25.0,39.0,1,2,1,2,24.0,20,240.0,101400.0,14.56,0.845
14506084001,0,3,60.0,50.0,40.0,120000.0,10,37.0,23.0,12.0,6.66,10212.0,6.0,12.0,23.0,37.0,5,2,1,10,60.0,100,600.0,102120.0,66.6,0.851
14506090001,0,1,60.0,50.0,40.0,120000.0,10,53.0,39.0,25.0,6.4,51675.0,12.0,53.0,25.0,39.0,1,2,1,2,24.0,20,240.0,103350.0,12.8,0.86125
14506131001,0,0,60.0,50.0,40.0,120000.0,10,54.0,36.0,29.0,15.98,56376.0,12.0,54.0,36.0,29.0,1,1,1,1,12.0,10,120.0,56376.0,15.98,0.4698
14506139001,0,1,60.0,50.0,40.0,120000.0,10,48.0,30.0,43.0,15.93,61920.0,12.0,48.0,43.0,30.0,1,1,1,1,12.0,10,120.0,61920.0,15.93,0.516
14506140001,0,2,60.0,50.0,40.0,120000.0,10,40.0,32.0,27.0,5.54,34560.0,32.0,27.0,40.0,32.0,2,1,1,2,64.0,20,640.0,69120.0,11.08,0.576
14506150001,0,0,60.0,50.0,40.0,120000.0,10,51.0,40.0,32.0,16.35,65280.0,12.0,51.0,40.0,32.0,1,1,1,1,12.0,10,120.0,65280.0,16.35,0.544
14506254001,0,3,60.0,50.0,40.0,120000.0,10,40.0,41.0,29.0,9.2,47560.0,12.0,29.0,41.0,40.0,2,1,1,2,24.0,20,240.0,95120.0,18.4,0.7926666666666666
14506898001,0,0,60.0,50.0,40.0,120000.0,10,43.0,35.0,34.0,9.21,51170.0,80.0,43.0,35.0,34.0,1,1,1,1,80.0,10,800.0,51170.0,9.21,0.42641666666666667
14508017001,0,1,60.0,50.0,40.0,120000.0,10,33.0,32.0,24.0,2.9,25344.0,12.0,33.0,24.0,32.0,1,2,1,2,24.0,20,240.0,50688.0,5.8,0.4224
14508903001,0,0,60.0,50.0,40.0,120000.0,10,55.0,35.0,39.0,10.2,75075.0,18.0,55.0,35.0,39.0,1,1,1,1,18.0,10,180.0,75075.0,10.2,0.625625
14509008001,0,2,60.0,50.0,40.0,120000.0,10,43.0,31.0,27.0,6.2,35991.0,12.0,27.0,43.0,31.0,2,1,1,2,24.0,20,240.0,71982.0,12.4,0.59985
14509021001,0,4,60.0,50.0,40.0,120000.0,10,33.0,26.0,13.0,0.98,11154.0,12.0,26.0,13.0,33.0,2,3,1,6,72.0,60,720.0,66924.0,5.88,0.5577
14510004001,0,3,60.0,50.0,40.0,120000.0,10,35.0,24.0,5.0,3.0,4200.0,1.0,5.0,24.0,35.0,12,2,1,24,24.0,240,240.0,100800.0,72.0,0.84
14510007001,0,3,60.0,50.0,40.0,120000.0,10,35.0,24.0,5.0,1.5,4200.0,1.0,5.0,24.0,35.0,12,2,1,24,24.0,240,240.0,100800.0,36.0,0.84
14510031001,0,3,60.0,50.0,40.0,120000.0,10,35.0,24.0,5.0,2.4,4200.0,1.0,5.0,24.0,35.0,12,2,1,24,24.0,240,240.0,100800.0,57.599999999999994,0.84
14510033001,0,3,60.0,50.0,40.0,120000.0,10,35.0,24.0,5.0,3.0,4200.0,1.0,5.0,24.0,35.0,12,2,1,24,24.0,240,240.0,100800.0,72.0,0.84
14510039001,0,3,60.0,50.0,40.0,120000.0,10,35.0,24.0,5.0,3.0,4200.0,1.0,5.0,24.0,35.0,12,2,1,24,24.0,240,240.0,100800.0,72.0,0.84
14510041001,0,3,60.0,50.0,40.0,120000.0,10,35.0,24.0,5.0,2.0,4200.0,1.0,5.0,24.0,35.0,12,2,1,24,24.0,240,240.0,100800.0,48.0,0.84
14510069001,0,3,60.0,50.0,40.0,120000.0,10,35.0,24.0,5.0,2.5,4200.0,1.0,5.0,24.0,35.0,12,2,1,24,24.0,240,240.0,100800.0,60.0,0.84
14510100001,0,3,60.0,50.0,40.0,120000.0,10,35.0,24.0,5.0,1.5,4200.0,1.0,5.0,24.0,35.0,12,2,1,24,24.0,240,240.0,100800.0,36.0,0.84
14510103001,0,3,60.0,50.0,40.0,120000.0,10,35.0,24.0,5.0,6.0,4200.0,1.0,5.0,24.0,35.0,12,2,1,24,24.0,240,240.0,100800.0,144.0,0.84
14510107001,0,3,60.0,50.0,40.0,120000.0,10,35.0,24.0,5.0,2.5,4200.0,1.0,5.0,24.0,35.0,12,2,1,24,24.0,240,240.0,100800.0,60.0,0.84
14510109001,0,3,60.0,50.0,40.0,120000.0,10,35.0,24.0,5.0,2.8,4200.0,1.0,5.0,24.0,35.0,12,2,1,24,24.0,240,240.0,100800.0,67.19999999999999,0.84
14510133001,0,3,60.0,50.0,40.0,120000.0,10,35.0,24.0,5.0,1.8,4200.0,1.0,5.0,24.0,35.0,12,2,1,24,24.0,240,240.0,100800.0,43.2,0.84
14510139001,0,3,60.0,50.0,40.0,120000.0,10,35.0,24.0,5.0,9.0,4200.0,1.0,5.0,24.0,35.0,12,2,1,24,24.0,240,240.0,100800.0,216.0,0.84
14510148001,0,3,60.0,50.0,40.0,120000.0,10,35.0,24.0,5.0,2.2,4200.0,1.0,5.0,24.0,35.0,12,2,1,24,24.0,240,240.0,100800.0,52.800000000000004,0.84
14510225001,0,3,60.0,50.0,40.0,120000.0,10,35.0,24.0,5.0,2.5,4200.0,1.0,5.0,24.0,35.0,12,2,1,24,24.0,240,240.0,100800.0,60.0,0.84
14510258001,0,3,60.0,50.0,40.0,120000.0,10,35.0,24.0,5.0,3.0,4200.0,1.0,5.0,24.0,35.0,12,2,1,24,24.0,240,240.0,100800.0,72.0,0.84
14511052001,0,3,60.0,50.0,40.0,120000.0,10,35.0,24.0,5.0,1.0,4200.0,1.0,5.0,24.0,35.0,12,2,1,24,24.0,240,240.0,100800.0,24.0,0.84
14511056001,0,3,60.0,50.0,40.0,120000.0,10,35.0,24.0,5.0,2.5,4200.0,1.0,5.0,24.0,35.0,12,2,1,24,24.0,240,240.0,100800.0,60.0,0.84
14520065001,0,4,60.0,50.0,40.0,120000.0,10,35.0,29.0,34.0,6.2,34510.0,96.0,29.0,34.0,35.0,2,1,1,2,192.0,20,1920.0,69020.0,12.4,0.5751666666666667
14520066001,0,4,60.0,50.0,40.0,120000.0,10,35.0,29.0,34.0,6.34,34510.0,96.0,29.0,34.0,35.0,2,1,1,2,192.0,20,1920.0,69020.0,12.68,0.5751666666666667
14520067001,0,4,60.0,50.0,40.0,120000.0,10,35.0,29.0,34.0,4.84,34510.0,96.0,29.0,34.0,35.0,2,1,1,2,192.0,20,1920.0,69020.0,9.68,0.5751666666666667
14520068001,0,4,60.0,50.0,40.0,120000.0,10,35.0,29.0,34.0,6.68,34510.0,96.0,29.0,34.0,35.0,2,1,1,2,192.0,20,1920.0,69020.0,13.36,0.5751666666666667
14522049001,0,4,60.0,50.0,40.0,120000.0,10,36.0,29.0,34.0,5.39,35496.0,96.0,29.0,34.0,36.0,2,1,1,2,192.0,20,1920.0,70992.0,10.78,0.5916
14522051001,0,4,60.0,50.0,40.0,120000.0,10,35.0,29.0,34.0,5.1,34510.0,96.0,29.0,34.0,35.0,2,1,1,2,192.0,20,1920.0,69020.0,10.2,0.5751666666666667
14523030001,0,0,60.0,50.0,40.0,120000.0,10,30.0,27.0,20.0,6.41,16200.0,12.0,30.0,27.0,20.0,2,1,2,4,48.0,40,480.0,64800.0,25.64,0.54
14523031001,0,0,60.0,50.0,40.0,120000.0,10,30.0,27.0,20.0,6.396,16200.0,12.0,30.0,27.0,20.0,2,1,2,4,48.0,40,480.0,64800.0,25.584,0.54
14600007001,0,4,60.0,50.0,40.0,120000.0,10,37.0,19.0,24.0,10.7,16872.0,16.0,19.0,24.0,37.0,3,2,1,6,96.0,60,960.0,101232.0,64.19999999999999,0.8436
14600011001,0,2,60.0,50.0,40.0,120000.0,10,37.0,19.0,20.0,8.59,14060.0,24.0,20.0,37.0,19.0,3,1,2,6,144.0,60,1440.0,84360.0,51.54,0.703
14601026001,0,3,60.0,50.0,40.0,120000.0,10,31.0,24.0,23.0,6.5,17112.0,12.0,23.0,24.0,31.0,2,2,1,4,48.0,40,480.0,68448.0,26.0,0.5704
14601047001,0,0,60.0,50.0,40.0,120000.0,10,42.0,25.0,20.0,7.17,21000.0,12.0,42.0,25.0,20.0,1,2,2,4,48.0,40,480.0,84000.0,28.68,0.7
14601051001,0,0,60.0,50.0,40.0,120000.0,10,30.0,23.0,17.0,4.326,11730.0,24.0,30.0,23.0,17.0,2,2,2,8,192.0,80,1920.0,93840.0,34.608,0.782
14602013001,0,2,60.0,50.0,40.0,120000.0,10,39.0,13.0,18.0,6.0,9126.0,36.0,18.0,39.0,13.0,3,1,3,9,324.0,90,3240.0,82134.0,54.0,0.68445
14602086001,0,5,60.0,50.0,40.0,120000.0,10,22.0,15.0,17.0,1.7,5610.0,6.0,15.0,22.0,17.0,4,2,2,16,96.0,160,960.0,89760.0,27.2,0.748
14602101001,0,4,60.0,50.0,40.0,120000.0,10,13.0,12.0,9.0,0.97,1404.0,6.0,12.0,9.0,13.0,5,5,3,75,450.0,750,4500.0,105300.0,72.75,0.8775
14603001001,0,1,60.0,50.0,40.0,120000.0,10,18.0,18.0,15.0,1.17,4860.0,10.0,18.0,15.0,18.0,3,3,2,18,180.0,180,1800.0,87480.0,21.06,0.729
14603013001,0,1,60.0,50.0,40.0,120000.0,10,18.0,18.0,15.0,1.64,4860.0,10.0,18.0,15.0,18.0,3,3,2,18,180.0,180,1800.0,87480.0,29.52,0.729
14604041001,0,3,60.0,50.0,40.0,120000.0,10,13.0,8.0,11.0,0.65,1144.0,6.0,11.0,8.0,13.0,5,6,3,90,540.0,900,5400.0,102960.0,58.5,0.858
14610004001,0,0,60.0,50.0,40.0,120000.0,10,30.0,23.0,26.0,7.5,17940.0,12.0,30.0,23.0,26.0,2,2,1,4,48.0,40,480.0,71760.0,30.0,0.598
14611009001,0,3,60.0,50.0,40.0,120000.0,10,35.0,25.0,29.0,12.03,25375.0,6.0,29.0,25.0,35.0,2,2,1,4,24.0,40,240.0,101500.0,48.12,0.8458333333333333
14611025001,0,2,60.0,50.0,40.0,120000.0,10,35.0,26.0,29.0,12.3,26390.0,12.0,29.0,35.0,26.0,2,1,1,2,24.0,20,240.0,52780.0,24.6,0.43983333333333335
14612075001,0,3,60.0,50.0,40.0,120000.0,10,34.0,23.0,28.0,11.7,21896.0,6.0,28.0,23.0,34.0,2,2,1,4,24.0,40,240.0,87584.0,46.8,0.7298666666666667
14612916001,0,2,60.0,50.0,40.0,120000.0,10,34.0,27.0,27.0,16.35,24786.0,12.0,27.0,34.0,27.0,2,1,1,2,24.0,20,240.0,49572.0,32.7,0.4131
14613024001,0,3,60.0,50.0,40.0,120000.0,10,34.0,23.0,28.0,11.99,21896.0,6.0,28.0,23.0,34.0,2,2,1,4,24.0,40,240.0,87584.0,47.96,0.7298666666666667
14613900001,0,1,60.0,50.0,40.0,120000.0,10,29.0,27.0,25.0,9.7,19575.0,24.0,29.0,25.0,27.0,2,2,1,4,96.0,40,960.0,78300.0,38.8,0.6525
14613939001,0,2,60.0,50.0,40.0,120000.0,10,33.0,26.0,29.0,12.17,24882.0,12.0,29.0,33.0,26.0,2,1,1,2,24.0,20,240.0,49764.0,24.34,0.4147
14615017001,0,3,60.0,50.0,40.0,120000.0,10,36.0,24.0,29.0,12.34,25056.0,6.0,29.0,24.0,36.0,2,2,1,4,24.0,40,240.0,100224.0,49.36,0.8352
14615082001,0,0,60.0,50.0,40.0,120000.0,10,32.0,25.0,33.0,18.9,26400.0,12.0,32.0,25.0,33.0,1,2,1,2,24.0,20,240.0,52800.0,37.8,0.44
14615084001,0,2,60.0,50.0,40.0,120000.0,10,38.0,26.0,30.0,14.22,29640.0,6.0,30.0,38.0,26.0,2,1,1,2,12.0,20,120.0,59280.0,28.44,0.494
14615108001,0,2,60.0,50.0,40.0,120000.0,10,25.0,19.0,26.0,6.81,12350.0,12.0,26.0,25.0,19.0,2,2,2,8,96.0,80,960.0,98800.0,54.48,0.8233333333333334
14616006001,0,3,60.0,50.0,40.0,120000.0,10,31.0,24.0,26.0,11.64,19344.0,12.0,26.0,24.0,31.0,2,2,1,4,48.0,40,480.0,77376.0,46.56,0.6448
14616019001,0,0,60.0,50.0,40.0,120000.0,10,33.0,33.0,32.0,20.78,34848.0,6.0,33.0,33.0,32.0,1,1,1,1,6.0,10,60.0,34848.0,20.78,0.2904
14616022001,0,4,60.0,50.0,40.0,120000.0,10,37.0,30.0,32.0,21.0,35520.0,6.0,30.0,32.0,37.0,2,1,1,2,12.0,20,120.0,71040.0,42.0,0.592
14616053001,0,3,60.0,50.0,40.0,120000.0,10,32.0,25.0,26.0,13.17,20800.0,12.0,26.0,25.0,32.0,2,2,1,4,48.0,40,480.0,83200.0,52.68,0.6933333333333334
14616054001,0,3,60.0,50.0,40.0,120000.0,10,33.0,25.0,26.0,12.28,21450.0,12.0,26.0,25.0,33.0,2,2,1,4,48.0,40,480.0,85800.0,49.12,0.715
14616195001,0,1,60.0,50.0,40.0,120000.0,10,24.0,19.0,24.0,6.3,10944.0,12.0,24.0,24.0,19.0,2,2,2,8,96.0,80,960.0,87552.0,50.4,0.7296
14620014001,0,3,60.0,50.0,40.0,120000.0,10,33.0,23.0,28.0,12.21,21252.0,6.0,28.0,23.0,33.0,2,2,1,4,24.0,40,240.0,85008.0,48.84,0.7084
14620021001,0,3,60.0,50.0,40.0,120000.0,10,32.0,25.0,26.0,11.13,20800.0,12.0,26.0,25.0,32.0,2,2,1,4,48.0,40,480.0,83200.0,44.52,0.6933333333333334
14620051001,0,1,60.0,50.0,40.0,120000.0,10,49.0,33.0,25.0,22.7,40425.0,24.0,49.0,25.0,33.0,1,2,1,2,48.0,20,480.0,80850.0,45.4,0.67375
14620062001,0,2,60.0,50.0,40.0,120000.0,10,37.0,28.0,27.0,15.55,27972.0,12.0,27.0,37.0,28.0,2,1,1,2,24.0,20,240.0,55944.0,31.1,0.4662
14620114001,0,3,60.0,50.0,40.0,120000.0,10,33.0,25.0,28.0,14.98,23100.0,12.0,28.0,25.0,33.0,2,2,1,4,48.0,40,480.0,92400.0,59.92,0.77
14620138001,0,3,60.0,50.0,40.0,120000.0,10,32.0,23.0,17.0,11.73,12512.0,6.0,17.0,23.0,32.0,3,2,1,6,36.0,60,360.0,75072.0,70.38,0.6256
14620903001,0,3,60.0,50.0,40.0,120000.0,10,31.0,24.0,29.0,14.15,21576.0,12.0,29.0,24.0,31.0,2,2,1,4,48.0,40,480.0,86304.0,56.6,0.7192
14620907001,0,3,60.0,50.0,40.0,120000.0,10,33.0,23.0,28.0,12.22,21252.0,6.0,28.0,23.0,33.0,2,2,1,4,24.0,40,240.0,85008.0,48.88,0.7084
14620920001,0,3,60.0,50.0,40.0,120000.0,10,33.0,25.0,19.0,10.75,15675.0,12.0,19.0,25.0,33.0,3,2,1,6,72.0,60,720.0,94050.0,64.5,0.78375
14621013001,0,2,60.0,50.0,40.0,120000.0,10,36.0,28.0,27.0,16.0,27216.0,12.0,27.0,36.0,28.0,2,1,1,2,24.0,20,240.0,54432.0,32.0,0.4536
14621017001,0,0,60.0,50.0,40.0,120000.0,10,31.0,31.0,31.0,18.87,29791.0,4.0,31.0,31.0,31.0,1,1,1,1,4.0,10,40.0,29791.0,18.87,0.24825833333333333
14621021001,0,0,60.0,50.0,40.0,120000.0,10,30.0,22.0,25.0,8.97,16500.0,12.0,30.0,22.0,25.0,2,2,1,4,48.0,40,480.0,66000.0,35.88,0.55
14621028001,0,0,60.0,50.0,40.0,120000.0,10,47.0,25.0,16.0,27.3,18800.0,72.0,47.0,25.0,16.0,1,2,2,4,288.0,40,2880.0,75200.0,109.2,0.6266666666666667
14621041001,0,2,60.0,50.0,40.0,120000.0,10,37.0,29.0,27.0,15.99,28971.0,12.0,27.0,37.0,29.0,2,1,1,2,24.0,20,240.0,57942.0,31.98,0.48285
14630016001,0,1,60.0,50.0,40.0,120000.0,10,30.0,18.0,22.0,6.95,11880.0,12.0,30.0,22.0,18.0,2,2,2,8,96.0,80,960.0,95040.0,55.6,0.792
14631023001,0,0,60.0,50.0,40.0,120000.0,10,30.0,22.0,12.0,7.144,7920.0,12.0,30.0,22.0,12.0,2,2,3,12,144.0,120,1440.0,95040.0,85.72800000000001,0.792
14631054001,0,0,60.0,50.0,40.0,120000.0,10,30.0,22.0,12.0,7.09,7920.0,12.0,30.0,22.0,12.0,2,2,3,12,144.0,120,1440.0,95040.0,85.08,0.792
14631100001,0,0,60.0,50.0,40.0,120000.0,10,29.0,22.0,15.0,5.31,9570.0,12.0,29.0,22.0,15.0,2,2,2,8,96.0,80,960.0,76560.0,42.48,0.638
14632030001,0,0,60.0,50.0,40.0,120000.0,10,26.0,19.0,17.0,4.91,8398.0,12.0,26.0,19.0,17.0,2,2,2,8,96.0,80,960.0,67184.0,39.28,0.5598666666666666
14633002001,0,0,60.0,50.0,40.0,120000.0,10,48.0,21.0,29.0,8.95,29232.0,5.0,48.0,21.0,29.0,1,2,1,2,10.0,20,100.0,58464.0,17.9,0.4872
14634023001,0,1,60.0,50.0,40.0,120000.0,10,27.0,20.0,12.0,5.58,6480.0,12.0,27.0,12.0,20.0,2,4,2,16,192.0,160,1920.0,103680.0,89.28,0.864
14634027001,0,0,60.0,50.0,40.0,120000.0,10,29.0,23.0,13.0,5.63,8671.0,12.0,29.0,23.0,13.0,2,2,3,12,144.0,120,1440.0,104052.0,67.56,0.8671
14700026001,0,2,60.0,50.0,40.0,120000.0,10,36.0,31.0,13.0,5.2,14508.0,12.0,13.0,36.0,31.0,4,1,1,4,48.0,40,480.0,58032.0,20.8,0.4836
14700029001,0,1,60.0,50.0,40.0,120000.0,10,38.0,31.0,16.0,5.18,18848.0,12.0,38.0,16.0,31.0,1,3,1,3,36.0,30,360.0,56544.0,15.54,0.4712
14710017001,0,2,60.0,50.0,40.0,120000.0,10,47.0,34.0,17.0,1.6,27166.0,12.0,17.0,47.0,34.0,3,1,1,3,36.0,30,360.0,81498.0,4.800000000000001,0.67915
14720003001,0,0,60.0,50.0,40.0,120000.0,10,50.0,21.0,14.0,12.467,14700.0,20.0,50.0,21.0,14.0,1,2,2,4,80.0,40,800.0,58800.0,49.868,0.49
14730906001,0,2,60.0,50.0,40.0,120000.0,10,41.0,32.0,19.0,1.74,24928.0,12.0,19.0,41.0,32.0,3,1,1,3,36.0,30,360.0,74784.0,5.22,0.6232
14731899001,0,2,60.0,50.0,40.0,120000.0,10,49.0,27.0,15.0,2.135,19845.0,12.0,15.0,49.0,27.0,4,1,1,4,48.0,40,480.0,79380.0,8.54,0.6615
14740018001,0,2,60.0,50.0,40.0,120000.0,10,37.0,28.0,26.0,12.62,26936.0,12.0,26.0,37.0,28.0,2,1,1,2,24.0,20,240.0,53872.0,25.24,0.44893333333333335
14741003001,0,2,60.0,50.0,40.0,120000.0,10,37.0,28.0,26.0,12.548,26936.0,12.0,26.0,37.0,28.0,2,1,1,2,24.0,20,240.0,53872.0,25.096,0.44893333333333335
14804010001,0,4,60.0,50.0,40.0,120000.0,10,40.0,27.0,12.0,10.08,12960.0,24.0,27.0,12.0,40.0,2,4,1,8,192.0,80,1920.0,103680.0,80.64,0.864
14804012001,0,5,60.0,50.0,40.0,120000.0,10,42.0,28.0,13.0,10.95,15288.0,2.0,28.0,42.0,13.0,2,1,3,6,12.0,60,120.0,91728.0,65.69999999999999,0.7644
14804016001,0,5,60.0,50.0,40.0,120000.0,10,41.0,27.0,12.0,9.8,13284.0,24.0,27.0,41.0,12.0,2,1,3,6,144.0,60,1440.0,79704.0,58.800000000000004,0.6642
14805004001,0,5,60.0,50.0,40.0,120000.0,10,41.0,28.0,10.0,8.06,11480.0,24.0,28.0,41.0,10.0,2,1,4,8,192.0,80,1920.0,91840.0,64.48,0.7653333333333333
14805005001,0,5,60.0,50.0,40.0,120000.0,10,41.0,28.0,13.0,9.93,14924.0,24.0,28.0,41.0,13.0,2,1,3,6,144.0,60,1440.0,89544.0,59.58,0.7462
14810016001,0,4,60.0,50.0,40.0,120000.0,10,35.0,26.0,18.0,10.7,16380.0,24.0,26.0,18.0,35.0,2,2,1,4,96.0,40,960.0,65520.0,42.8,0.546
14811006001,0,3,60.0,50.0,40.0,120000.0,10,32.0,24.0,23.0,12.21,17664.0,24.0,23.0,24.0,32.0,2,2,1,4,96.0,40,960.0,70656.0,48.84,0.5888
14811007001,0,3,60.0,50.0,40.0,120000.0,10,31.0,23.0,23.0,11.74,16399.0,8.0,23.0,23.0,31.0,2,2,1,4,32.0,40,320.0,65596.0,46.96,0.5466333333333333
14820014001,0,5,60.0,50.0,40.0,120000.0,10,42.0,29.0,19.0,17.06,23142.0,48.0,29.0,42.0,19.0,2,1,2,4,192.0,40,1920.0,92568.0,68.24,0.7714
14820028001,0,3,60.0,50.0,40.0,120000.0,10,31.0,23.0,23.0,11.74,16399.0,48.0,23.0,23.0,31.0,2,2,1,4,192.0,40,1920.0,65596.0,46.96,0.5466333333333333
14830002001,0,3,60.0,50.0,40.0,120000.0,10,31.0,24.0,9.0,3.62,6696.0,24.0,9.0,24.0,31.0,6,2,1,12,288.0,120,2880.0,80352.0,43.44,0.6696
14830007001,0,4,60.0,50.0,40.0,120000.0,10,35.0,26.0,10.0,5.87,9100.0,24.0,26.0,10.0,35.0,2,5,1,10,240.0,100,2400.0,91000.0,58.7,0.7583333333333333
14830011001,0,4,60.0,50.0,40.0,120000.0,10,36.0,27.0,10.0,5.79,9720.0,24.0,27.0,10.0,36.0,2,5,1,10,240.0,100,2400.0,97200.0,57.9,0.81
14830045001,0,4,60.0,50.0,40.0,120000.0,10,35.0,26.0,10.0,5.39,9100.0,24.0,26.0,10.0,35.0,2,5,1,10,240.0,100,2400.0,91000.0,53.9,0.7583333333333333
14830048001,0,3,60.0,50.0,40.0,120000.0,10,31.0,24.0,10.0,3.78,7440.0,24.0,10.0,24.0,31.0,6,2,1,12,288.0,120,2880.0,89280.0,45.36,0.744
14830069001,0,3,60.0,50.0,40.0,120000.0,10,31.0,24.0,9.0,3.68,6696.0,24.0,9.0,24.0,31.0,6,2,1,12,288.0,120,2880.0,80352.0,44.160000000000004,0.6696
14831011001,0,3,60.0,50.0,40.0,120000.0,10,32.0,23.0,17.0,7.71,12512.0,48.0,17.0,23.0,32.0,3,2,1,6,288.0,60,2880.0,75072.0,46.26,0.6256
14831022001,0,3,60.0,50.0,40.0,120000.0,10,33.0,23.0,10.0,3.734,7590.0,24.0,10.0,23.0,33.0,6,2,1,12,288.0,120,2880.0,91080.0,44.808,0.759
14832009001,0,4,60.0,50.0,40.0,120000.0,10,35.0,26.0,12.0,7.25,10920.0,24.0,26.0,12.0,35.0,2,4,1,8,192.0,80,1920.0,87360.0,58.0,0.728
14832012001,0,4,60.0,50.0,40.0,120000.0,10,35.0,28.0,22.0,14.96,21560.0,48.0,28.0,22.0,35.0,2,2,1,4,192.0,40,1920.0,86240.0,59.84,0.7186666666666667
14832018001,0,4,60.0,50.0,40.0,120000.0,10,35.0,27.0,12.0,7.21,11340.0,24.0,27.0,12.0,35.0,2,4,1,8,192.0,80,1920.0,90720.0,57.68,0.756
14833003001,0,3,60.0,50.0,40.0,120000.0,10,31.0,24.0,9.0,3.6,6696.0,24.0,9.0,24.0,31.0,6,2,1,12,288.0,120,2880.0,80352.0,43.2,0.6696
14833010001,0,4,60.0,50.0,40.0,120000.0,10,35.0,27.0,10.0,5.5,9450.0,24.0,27.0,10.0,35.0,2,5,1,10,240.0,100,2400.0,94500.0,55.0,0.7875
14833024001,0,3,60.0,50.0,40.0,120000.0,10,31.0,24.0,11.0,5.08,8184.0,24.0,11.0,24.0,31.0,5,2,1,10,240.0,100,2400.0,81840.0,50.8,0.682
14833059001,0,3,60.0,50.0,40.0,120000.0,10,32.0,25.0,13.0,13.88,10400.0,12.0,13.0,25.0,32.0,4,2,1,8,96.0,80,960.0,83200.0,111.04,0.6933333333333334
14833063001,0,2,60.0,50.0,40.0,120000.0,10,24.0,17.0,12.0,2.97,4896.0,12.0,12.0,24.0,17.0,5,2,2,20,240.0,200,2400.0,97920.0,59.400000000000006,0.816
14833072001,0,2,60.0,50.0,40.0,120000.0,10,37.0,20.0,17.0,2.448,12580.0,8.0,17.0,37.0,20.0,3,1,2,6,48.0,60,480.0,75480.0,14.687999999999999,0.629
14840021001,0,0,60.0,50.0,40.0,120000.0,10,29.0,22.0,10.0,4.3,6380.0,12.0,29.0,22.0,10.0,2,2,4,16,192.0,160,1920.0,102080.0,68.8,0.8506666666666667
14851003001,0,1,60.0,50.0,40.0,120000.0,10,57.0,30.0,10.0,7.01,17100.0,1.0,57.0,10.0,30.0,1,5,1,5,5.0,50,50.0,85500.0,35.05,0.7125
14851018001,0,0,60.0,50.0,40.0,120000.0,10,57.0,24.0,28.0,11.35,38304.0,7.0,57.0,24.0,28.0,1,2,1,2,14.0,20,140.0,76608.0,22.7,0.6384
14851032001,0,2,60.0,50.0,40.0,120000.0,10,47.0,37.0,9.0,7.0,15651.0,1.0,9.0,47.0,37.0,6,1,1,6,6.0,60,60.0,93906.0,42.0,0.78255
14851063001,0,1,60.0,50.0,40.0,120000.0,10,40.0,32.0,24.0,9.81,30720.0,6.0,40.0,24.0,32.0,1,2,1,2,12.0,20,120.0,61440.0,19.62,0.512
14851072001,0,1,60.0,50.0,40.0,120000.0,10,40.0,32.0,24.0,9.78,30720.0,6.0,40.0,24.0,32.0,1,2,1,2,12.0,20,120.0,61440.0,19.56,0.512
14852904001,0,2,60.0,50.0,40.0,120000.0,10,48.0,33.0,14.0,12.7,22176.0,24.0,14.0,48.0,33.0,4,1,1,4,96.0,40,960.0,88704.0,50.8,0.7392
14853069001,0,1,60.0,50.0,40.0,120000.0,10,51.0,29.0,14.0,8.5,20706.0,20.0,51.0,14.0,29.0,1,3,1,3,60.0,30,600.0,62118.0,25.5,0.51765
15020007001,0,4,60.0,50.0,40.0,120000.0,10,37.0,20.0,22.0,13.12,16280.0,12.0,20.0,22.0,37.0,3,2,1,6,72.0,60,720.0,97680.0,78.72,0.814
15020010001,0,3,60.0,50.0,40.0,120000.0,10,32.0,16.0,13.0,5.26,6656.0,24.0,13.0,16.0,32.0,4,3,1,12,288.0,120,2880.0,79872.0,63.12,0.6656
15020046001,0,4,60.0,50.0,40.0,120000.0,10,32.0,17.0,12.0,5.23,6528.0,24.0,17.0,12.0,32.0,3,4,1,12,288.0,120,2880.0,78336.0,62.760000000000005,0.6528
15021003001,0,4,60.0,50.0,40.0,120000.0,10,32.0,18.0,12.0,5.33,6912.0,24.0,18.0,12.0,32.0,3,4,1,12,288.0,120,2880.0,82944.0,63.96,0.6912
15021005001,0,3,60.0,50.0,40.0,120000.0,10,36.0,24.0,13.0,6.31,11232.0,24.0,13.0,24.0,36.0,4,2,1,8,192.0,80,1920.0,89856.0,50.48,0.7488
15021060001,0,4,60.0,50.0,40.0,120000.0,10,35.0,20.0,9.0,5.3,6300.0,24.0,20.0,9.0,35.0,3,5,1,15,360.0,150,3600.0,94500.0,79.5,0.7875
15022009001,0,3,60.0,50.0,40.0,120000.0,10,36.0,24.0,13.0,6.4,11232.0,24.0,13.0,24.0,36.0,4,2,1,8,192.0,80,1920.0,89856.0,51.2,0.7488
15022015001,0,3,60.0,50.0,40.0,120000.0,10,36.0,24.0,13.0,6.29,11232.0,24.0,13.0,24.0,36.0,4,2,1,8,192.0,80,1920.0,89856.0,50.32,0.7488
15022017001,0,3,60.0,50.0,40.0,120000.0,10,33.0,16.0,13.0,5.3,6864.0,24.0,13.0,16.0,33.0,4,3,1,12,288.0,120,2880.0,82368.0,63.599999999999994,0.6864
15022020001,0,3,60.0,50.0,40.0,120000.0,10,36.0,24.0,14.0,8.32,12096.0,24.0,14.0,24.0,36.0,4,2,1,8,192.0,80,1920.0,96768.0,66.56,0.8064
15022026001,0,1,60.0,50.0,40.0,120000.0,10,30.0,17.0,12.0,5.2,6120.0,24.0,30.0,12.0,17.0,2,4,2,16,384.0,160,3840.0,97920.0,83.2,0.816
15023012001,0,4,60.0,50.0,40.0,120000.0,10,34.0,20.0,11.0,6.75,7480.0,24.0,20.0,11.0,34.0,3,4,1,12,288.0,120,2880.0,89760.0,81.0,0.748
15023017001,0,4,60.0,50.0,40.0,120000.0,10,35.0,20.0,11.0,6.57,7700.0,24.0,20.0,11.0,35.0,3,4,1,12,288.0,120,2880.0,92400.0,78.84,0.77
15023036001,0,3,60.0,50.0,40.0,120000.0,10,37.0,25.0,17.0,9.6,15725.0,24.0,17.0,25.0,37.0,3,2,1,6,144.0,60,1440.0,94350.0,57.599999999999994,0.78625
30010002001,0,1,60.0,50.0,40.0,120000.0,10,30.0,26.0,5.0,3.0,3900.0,30.0,30.0,5.0,26.0,2,10,1,20,600.0,200,6000.0,78000.0,60.0,0.65
30013004001,0,2,60.0,50.0,40.0,120000.0,10,42.0,19.0,15.0,13.026,11970.0,30.0,15.0,42.0,19.0,4,1,2,8,240.0,80,2400.0,95760.0,104.208,0.798
30045078002,0,4,60.0,50.0,40.0,120000.0,10,35.0,28.0,16.0,1.9,15680.0,20.0,28.0,16.0,35.0,2,3,1,6,120.0,60,1200.0,94080.0,11.399999999999999,0.784
30045079001,0,2,60.0,50.0,40.0,120000.0,10,38.0,32.0,26.0,4.0,31616.0,60.0,26.0,38.0,32.0,2,1,1,2,120.0,20,1200.0,63232.0,8.0,0.5269333333333334
30052113002,0,4,60.0,50.0,40.0,120000.0,10,35.0,29.0,15.0,2.284,15225.0,20.0,29.0,15.0,35.0,2,3,1,6,120.0,60,1200.0,91350.0,13.703999999999999,0.76125
30073022001,0,3,60.0,50.0,40.0,120000.0,10,40.0,25.0,28.0,5.53,28000.0,10.0,28.0,25.0,40.0,2,2,1,4,40.0,40,400.0,112000.0,22.12,0.9333333333333333
31215012001,0,3,60.0,50.0,40.0,120000.0,10,32.0,12.0,19.0,1.556,7296.0,12.0,19.0,12.0,32.0,3,4,1,12,144.0,120,1440.0,87552.0,18.672,0.7296
31226017001,0,0,60.0,50.0,40.0,120000.0,10,21.0,21.0,9.0,1.47,3969.0,12.0,21.0,21.0,9.0,2,2,4,16,192.0,160,1920.0,63504.0,23.52,0.5292
31250003001,0,1,60.0,50.0,40.0,120000.0,10,25.0,17.0,21.0,1.0,8925.0,24.0,25.0,21.0,17.0,2,2,2,8,192.0,80,1920.0,71400.0,8.0,0.595
31258006001,0,0,60.0,50.0,40.0,120000.0,10,26.0,23.0,16.0,1.0,9568.0,24.0,26.0,23.0,16.0,2,2,2,8,192.0,80,1920.0,76544.0,8.0,0.6378666666666667
31421041001,0,0,60.0,50.0,40.0,120000.0,10,50.0,48.0,31.0,12.01,74400.0,48.0,50.0,48.0,31.0,1,1,1,1,48.0,10,480.0,74400.0,12.01,0.62
31422008001,0,1,60.0,50.0,40.0,120000.0,10,45.0,27.0,42.0,12.1,51030.0,48.0,45.0,42.0,27.0,1,1,1,1,48.0,10,480.0,51030.0,12.1,0.42525
31455002001,0,0,60.0,50.0,40.0,120000.0,10,27.0,19.0,26.0,2.8,13338.0,24.0,27.0,19.0,26.0,2,2,1,4,96.0,40,960.0,53352.0,11.2,0.4446
31473013001,0,2,60.0,50.0,40.0,120000.0,10,48.0,39.0,30.0,9.13,56160.0,24.0,30.0,48.0,39.0,2,1,1,2,48.0,20,480.0,112320.0,18.26,0.936
31500006001,0,2,60.0,50.0,40.0,120000.0,10,49.0,33.0,18.0,10.85,29106.0,24.0,18.0,49.0,33.0,3,1,1,3,72.0,30,720.0,87318.0,32.55,0.72765
31502006001,0,1,60.0,50.0,40.0,120000.0,10,42.0,33.0,25.0,10.9,34650.0,24.0,42.0,25.0,33.0,1,2,1,2,48.0,20,480.0,69300.0,21.8,0.5775
31502034001,0,5,60.0,50.0,40.0,120000.0,10,47.0,20.0,35.0,15.21,32900.0,30.0,20.0,47.0,35.0,3,1,1,3,90.0,30,900.0,98700.0,45.63,0.8225
31504001001,0,0,60.0,50.0,40.0,120000.0,10,58.0,31.0,28.0,25.0,50344.0,10.0,58.0,31.0,28.0,1,1,1,1,10.0,10,100.0,50344.0,25.0,0.4195333333333333
31531171001,0,2,60.0,50.0,40.0,120000.0,10,33.0,20.0,17.0,1.14,11220.0,12.0,17.0,33.0,20.0,3,1,2,6,72.0,60,720.0,67320.0,6.84,0.561
31533005001,0,3,60.0,50.0,40.0,120000.0,10,31.0,25.0,20.0,12.38,15500.0,12.0,20.0,25.0,31.0,3,2,1,6,72.0,60,720.0,93000.0,74.28,0.775
31533008001,0,3,60.0,50.0,40.0,120000.0,10,31.0,25.0,20.0,7.87,15500.0,15.0,20.0,25.0,31.0,3,2,1,6,90.0,60,900.0,93000.0,47.22,0.775
31533084001,0,0,60.0,50.0,40.0,120000.0,10,20.0,18.0,17.0,0.23,6120.0,6.0,20.0,18.0,17.0,3,2,2,12,72.0,120,720.0,73440.0,2.7600000000000002,0.612
31533309001,0,0,60.0,50.0,40.0,120000.0,10,47.0,23.0,29.0,2.1,31349.0,24.0,47.0,23.0,29.0,1,2,1,2,48.0,20,480.0,62698.0,4.2,0.5224833333333333
31567028001,0,0,60.0,50.0,40.0,120000.0,10,58.0,49.0,33.0,3.5,93786.0,16.0,58.0,49.0,33.0,1,1,1,1,16.0,10,160.0,93786.0,3.5,0.78155
31567052001,0,2,60.0,50.0,40.0,120000.0,10,36.0,18.0,26.0,6.07,16848.0,12.0,26.0,36.0,18.0,2,1,2,4,48.0,40,480.0,67392.0,24.28,0.5616
31602030001,0,0,60.0,50.0,40.0,120000.0,10,26.0,21.0,23.0,2.0,12558.0,24.0,26.0,21.0,23.0,2,2,1,4,96.0,40,960.0,50232.0,8.0,0.4186
31707076001,0,0,60.0,50.0,40.0,120000.0,10,27.0,22.0,22.0,0.79,13068.0,36.0,27.0,22.0,22.0,2,2,1,4,144.0,40,1440.0,52272.0,3.16,0.4356
32430039001,0,2,60.0,50.0,40.0,120000.0,10,24.0,17.0,11.0,1.5,4488.0,24.0,11.0,24.0,17.0,5,2,2,20,480.0,200,4800.0,89760.0,30.0,0.748
32501007001,0,3,60.0,50.0,40.0,120000.0,10,33.0,25.0,28.0,12.0,23100.0,70.0,28.0,25.0,33.0,2,2,1,4,280.0,40,2800.0,92400.0,48.0,0.77
32503007003,0,4,60.0,50.0,40.0,120000.0,10,33.0,14.0,25.0,2.0,11550.0,12.0,14.0,25.0,33.0,4,2,1,8,96.0,80,960.0,92400.0,16.0,0.77
32511021001,0,3,60.0,50.0,40.0,120000.0,10,33.0,23.0,22.0,11.28,16698.0,5.0,22.0,23.0,33.0,2,2,1,4,20.0,40,200.0,66792.0,45.12,0.5566
32517009001,0,3,60.0,50.0,40.0,120000.0,10,32.0,23.0,26.0,12.17,19136.0,5.0,26.0,23.0,32.0,2,2,1,4,20.0,40,200.0,76544.0,48.68,0.6378666666666667
32523001001,0,0,60.0,50.0,40.0,120000.0,10,45.0,24.0,31.0,13.5,33480.0,4.0,45.0,24.0,31.0,1,2,1,2,8.0,20,80.0,66960.0,27.0,0.558
32524007001,0,3,60.0,50.0,40.0,120000.0,10,31.0,23.0,10.0,7.0,7130.0,5.0,10.0,23.0,31.0,6,2,1,12,60.0,120,600.0,85560.0,84.0,0.713
32524032001,0,2,60.0,50.0,40.0,120000.0,10,46.0,33.0,11.0,12.914,16698.0,10.0,11.0,46.0,33.0,5,1,1,5,50.0,50,500.0,83490.0,64.57,0.69575
32600042001,0,4,60.0,50.0,40.0,120000.0,10,37.0,26.0,37.0,16.3,35594.0,10.0,26.0,37.0,37.0,2,1,1,2,20.0,20,200.0,71188.0,32.6,0.5932333333333333
34511006001,0,2,60.0,50.0,40.0,120000.0,10,38.0,27.0,26.0,13.76,26676.0,4.0,26.0,38.0,27.0,2,1,1,2,8.0,20,80.0,53352.0,27.52,0.4446
35301023001,0,1,60.0,50.0,40.0,120000.0,10,23.0,19.0,24.0,5.4,10488.0,6.0,23.0,24.0,19.0,2,2,2,8,48.0,80,480.0,83904.0,43.2,0.6992
35302038001,0,3,60.0,50.0,40.0,120000.0,10,33.0,24.0,25.0,11.6,19800.0,12.0,25.0,24.0,33.0,2,2,1,4,48.0,40,480.0,79200.0,46.4,0.66
35307905001,0,1,60.0,50.0,40.0,120000.0,10,60.0,26.0,23.0,20.0,35880.0,20.0,60.0,23.0,26.0,1,2,1,2,40.0,20,400.0,71760.0,40.0,0.598
35307910001,0,1,60.0,50.0,40.0,120000.0,10,23.0,19.0,24.0,5.414,10488.0,6.0,23.0,24.0,19.0,2,2,2,8,48.0,80,480.0,83904.0,43.312,0.6992
35750013001,0,4,60.0,50.0,40.0,120000.0,10,35.0,20.0,22.0,8.312,15400.0,12.0,20.0,22.0,35.0,3,2,1,6,72.0,60,720.0,92400.0,49.872,0.77
35751001001,0,0,60.0,50.0,40.0,120000.0,10,43.0,24.0,26.0,11.458,26832.0,12.0,43.0,24.0,26.0,1,2,1,2,24.0,20,240.0,53664.0,22.916,0.4472
35752005001,0,0,60.0,50.0,40.0,120000.0,10,26.0,22.0,25.0,3.0,14300.0,24.0,26.0,22.0,25.0,2,2,1,4,96.0,40,960.0,57200.0,12.0,0.4766666666666667
41223049001,0,2,60.0,50.0,40.0,120000.0,10,24.0,19.0,27.0,1.72,12312.0,1.0,27.0,24.0,19.0,2,2,2,8,8.0,80,80.0,98496.0,13.76,0.8208
41401022001,0,5,60.0,50.0,40.0,120000.0,10,22.0,12.0,8.0,0.8,2112.0,1.0,12.0,22.0,8.0,5,2,5,50,50.0,500,500.0,105600.0,40.0,0.88
41417001001,0,0,60.0,50.0,40.0,120000.0,10,17.0,3.0,8.0,0.1,408.0,1.0,17.0,3.0,8.0,3,16,5,240,240.0,2400,2400.0,97920.0,24.0,0.816
41522003001,0,1,60.0,50.0,40.0,120000.0,10,47.0,25.0,46.0,4.4,54050.0,1.0,47.0,46.0,25.0,1,1,1,1,1.0,10,10.0,54050.0,4.4,0.4504166666666667
41530017001,0,0,60.0,50.0,40.0,120000.0,10,22.0,22.0,31.0,2.28,15004.0,1.0,22.0,22.0,31.0,2,2,1,4,4.0,40,40.0,60016.0,9.12,0.5001333333333333
42301034001,0,5,60.0,50.0,40.0,120000.0,10,24.0,14.0,4.0,0.172,1344.0,1.0,14.0,24.0,4.0,4,2,10,80,80.0,800,800.0,107520.0,13.759999999999998,0.896
42607128001,0,0,60.0,50.0,40.0,120000.0,10,10.0,5.0,18.0,0.2,900.0,1.0,10.0,5.0,18.0,6,10,2,120,120.0,1200,1200.0,108000.0,24.0,0.9
42613021001,0,0,60.0,50.0,40.0,120000.0,10,23.0,22.0,6.0,0.676,3036.0,1.0,23.0,22.0,6.0,2,2,6,24,24.0,240,240.0,72864.0,16.224,0.6072
42613064001,0,2,60.0,50.0,40.0,120000.0,10,21.0,8.0,8.0,0.4,1344.0,1.0,8.0,21.0,8.0,7,2,5,70,70.0,700,700.0,94080.0,28.0,0.784
61062008001,0,0,60.0,50.0,40.0,120000.0,10,26.0,13.0,18.0,1.0,6084.0,12.0,26.0,13.0,18.0,2,3,2,12,144.0,120,1440.0,73008.0,12.0,0.6084
61062008002,0,0,60.0,50.0,40.0,120000.0,10,26.0,13.0,18.0,1.0,6084.0,12.0,26.0,13.0,18.0,2,3,2,12,144.0,120,1440.0,73008.0,12.0,0.6084
61063005002,0,0,60.0,50.0,40.0,120000.0,10,26.0,13.0,18.0,0.8,6084.0,12.0,26.0,13.0,18.0,2,3,2,12,144.0,120,1440.0,73008.0,9.600000000000001,0.6084
