item_code,slot_type,orientation,slot_length,slot_width,slot_height,slot_volume,slots_per_pod,box_l0,box_w0,box_h0,box_weight,box_volume,units_per_box,oriented_l,oriented_w,oriented_h,max_x,max_y,max_z,max_boxes_in_slot,max_items_in_slot,max_boxes_in_pod,max_items_in_pod,used_volume_in_slot,used_weight_in_slot,vol_util_slot
11061055001,0,0,60.0,50.0,40.0,120000.0,10,42.0,38.0,30.0,1.67,47880.0,24.0,42.0,38.0,30.0,1,1,1,1,24.0,10,240.0,47880.0,1.67,0.399
11061055001,0,1,60.0,50.0,40.0,120000.0,10,42.0,38.0,30.0,1.67,47880.0,24.0,42.0,30.0,38.0,1,1,1,1,24.0,10,240.0,47880.0,1.67,0.399
11061055001,0,2,60.0,50.0,40.0,120000.0,10,42.0,38.0,30.0,1.67,47880.0,24.0,30.0,42.0,38.0,2,1,1,2,48.0,20,480.0,95760.0,3.34,0.798
11061055001,0,5,60.0,50.0,40.0,120000.0,10,42.0,38.0,30.0,1.67,47880.0,24.0,38.0,42.0,30.0,1,1,1,1,24.0,10,240.0,47880.0,1.67,0.399
12000480001,0,0,60.0,50.0,40.0,120000.0,10,29.0,17.0,25.0,4.93,12325.0,6.0,29.0,17.0,25.0,2,2,1,4,24.0,40,240.0,49300.0,19.72,0.41083333333333333
12000480001,0,1,60.0,50.0,40.0,120000.0,10,29.0,17.0,25.0,4.93,12325.0,6.0,29.0,25.0,17.0,2,2,2,8,48.0,80,480.0,98600.0,39.44,0.8216666666666667
12000480001,0,2,60.0,50.0,40.0,120000.0,10,29.0,17.0,25.0,4.93,12325.0,6.0,25.0,29.0,17.0,2,1,2,4,24.0,40,240.0,49300.0,19.72,0.41083333333333333
12000480001,0,3,60.0,50.0,40.0,120000.0,10,29.0,17.0,25.0,4.93,12325.0,6.0,25.0,17.0,29.0,2,2,1,4,24.0,40,240.0,49300.0,19.72,0.41083333333333333
12000480001,0,4,60.0,50.0,40.0,120000.0,10,29.0,17.0,25.0,4.93,12325.0,6.0,17.0,25.0,29.0,3,2,1,6,36.0,60,360.0,73950.0,29.58,0.61625
12000480001,0,5,60.0,50.0,40.0,120000.0,10,29.0,17.0,25.0,4.93,12325.0,6.0,17.0,29.0,25.0,3,1,1,3,18.0,30,180.0,36975.0,14.79,0.308125
14130044001,0,0,60.0,50.0,40.0,120000.0,10,51.0,33.0,21.0,4.792,35343.0,12.0,51.0,33.0,21.0,1,1,1,1,12.0,10,120.0,35343.0,4.792,0.294525
14130044001,0,1,60.0,50.0,40.0,120000.0,10,51.0,33.0,21.0,4.792,35343.0,12.0,51.0,21.0,33.0,1,2,1,2,24.0,20,240.0,70686.0,9.584,0.58905
14631023001,0,0,60.0,50.0,40.0,120000.0,10,30.0,22.0,12.0,7.144,7920.0,12.0,30.0,22.0,12.0,2,2,3,12,144.0,120,1440.0,95040.0,85.72800000000001,0.792
14631023001,0,1,60.0,50.0,40.0,120000.0,10,30.0,22.0,12.0,7.144,7920.0,12.0,30.0,12.0,22.0,2,4,1,8,96.0,80,960.0,63360.0,57.152,0.528
14631023001,0,2,60.0,50.0,40.0,120000.0,10,30.0,22.0,12.0,7.144,7920.0,12.0,12.0,30.0,22.0,5,1,1,5,60.0,50,600.0,39600.0,35.72,0.33
14631023001,0,3,60.0,50.0,40.0,120000.0,10,30.0,22.0,12.0,7.144,7920.0,12.0,12.0,22.0,30.0,5,2,1,10,120.0,100,1200.0,79200.0,71.44,0.66
14631023001,0,4,60.0,50.0,40.0,120000.0,10,30.0,22.0,12.0,7.144,7920.0,12.0,22.0,12.0,30.0,2,4,1,8,96.0,80,960.0,63360.0,57.152,0.528
14631023001,0,5,60.0,50.0,40.0,120000.0,10,30.0,22.0,12.0,7.144,7920.0,12.0,22.0,30.0,12.0,2,1,3,6,72.0,60,720.0,47520.0,42.864000000000004,0.396
12000191001,0,0,60.0,50.0,40.0,120000.0,10,29.0,22.0,28.0,8.39,17864.0,12.0,29.0,22.0,28.0,2,2,1,4,48.0,40,480.0,71456.0,33.56,0.5954666666666667
12000191001,0,1,60.0,50.0,40.0,120000.0,10,29.0,22.0,28.0,8.39,17864.0,12.0,29.0,28.0,22.0,2,1,1,2,24.0,20,240.0,35728.0,16.78,0.29773333333333335
12000191001,0,2,60.0,50.0,40.0,120000.0,10,29.0,22.0,28.0,8.39,17864.0,12.0,28.0,29.0,22.0,2,1,1,2,24.0,20,240.0,35728.0,16.78,0.29773333333333335
12000191001,0,3,60.0,50.0,40.0,120000.0,10,29.0,22.0,28.0,8.39,17864.0,12.0,28.0,22.0,29.0,2,2,1,4,48.0,40,480.0,71456.0,33.56,0.5954666666666667
12000191001,0,4,60.0,50.0,40.0,120000.0,10,29.0,22.0,28.0,8.39,17864.0,12.0,22.0,28.0,29.0,2,1,1,2,24.0,20,240.0,35728.0,16.78,0.29773333333333335
12000191001,0,5,60.0,50.0,40.0,120000.0,10,29.0,22.0,28.0,8.39,17864.0,12.0,22.0,29.0,28.0,2,1,1,2,24.0,20,240.0,35728.0,16.78,0.29773333333333335
14213008001,0,0,60.0,50.0,40.0,120000.0,10,34.0,27.0,18.0,0.93,16524.0,12.0,34.0,27.0,18.0,1,1,2,2,24.0,20,240.0,33048.0,1.86,0.2754
14213008001,0,1,60.0,50.0,40.0,120000.0,10,34.0,27.0,18.0,0.93,16524.0,12.0,34.0,18.0,27.0,1,2,1,2,24.0,20,240.0,33048.0,1.86,0.2754
14213008001,0,2,60.0,50.0,40.0,120000.0,10,34.0,27.0,18.0,0.93,16524.0,12.0,18.0,34.0,27.0,3,1,1,3,36.0,30,360.0,49572.0,2.79,0.4131
14213008001,0,3,60.0,50.0,40.0,120000.0,10,34.0,27.0,18.0,0.93,16524.0,12.0,18.0,27.0,34.0,3,1,1,3,36.0,30,360.0,49572.0,2.79,0.4131
14213008001,0,4,60.0,50.0,40.0,120000.0,10,34.0,27.0,18.0,0.93,16524.0,12.0,27.0,18.0,34.0,2,2,1,4,48.0,40,480.0,66096.0,3.72,0.5508
14213008001,0,5,60.0,50.0,40.0,120000.0,10,34.0,27.0,18.0,0.93,16524.0,12.0,27.0,34.0,18.0,2,1,2,4,48.0,40,480.0,66096.0,3.72,0.5508
14611009001,0,0,60.0,50.0,40.0,120000.0,10,35.0,25.0,29.0,12.03,25375.0,6.0,35.0,25.0,29.0,1,2,1,2,12.0,20,120.0,50750.0,24.06,0.42291666666666666
14611009001,0,1,60.0,50.0,40.0,120000.0,10,35.0,25.0,29.0,12.03,25375.0,6.0,35.0,29.0,25.0,1,1,1,1,6.0,10,60.0,25375.0,12.03,0.21145833333333333
14611009001,0,2,60.0,50.0,40.0,120000.0,10,35.0,25.0,29.0,12.03,25375.0,6.0,29.0,35.0,25.0,2,1,1,2,12.0,20,120.0,50750.0,24.06,0.42291666666666666
14611009001,0,3,60.0,50.0,40.0,120000.0,10,35.0,25.0,29.0,12.03,25375.0,6.0,29.0,25.0,35.0,2,2,1,4,24.0,40,240.0,101500.0,48.12,0.8458333333333333
14611009001,0,4,60.0,50.0,40.0,120000.0,10,35.0,25.0,29.0,12.03,25375.0,6.0,25.0,29.0,35.0,2,1,1,2,12.0,20,120.0,50750.0,24.06,0.42291666666666666
14611009001,0,5,60.0,50.0,40.0,120000.0,10,35.0,25.0,29.0,12.03,25375.0,6.0,25.0,35.0,29.0,2,1,1,2,12.0,20,120.0,50750.0,24.06,0.42291666666666666
12100054001,0,0,60.0,50.0,40.0,120000.0,10,27.0,22.0,11.0,2.19,6534.0,12.0,27.0,22.0,11.0,2,2,3,12,144.0,120,1440.0,78408.0,26.28,0.6534
12100054001,0,1,60.0,50.0,40.0,120000.0,10,27.0,22.0,11.0,2.19,6534.0,12.0,27.0,11.0,22.0,2,4,1,8,96.0,80,960.0,52272.0,17.52,0.4356
12100054001,0,2,60.0,50.0,40.0,120000.0,10,27.0,22.0,11.0,2.19,6534.0,12.0,11.0,27.0,22.0,5,1,1,5,60.0,50,600.0,32670.0,10.95,0.27225
12100054001,0,3,60.0,50.0,40.0,120000.0,10,27.0,22.0,11.0,2.19,6534.0,12.0,11.0,22.0,27.0,5,2,1,10,120.0,100,1200.0,65340.0,21.9,0.5445
12100054001,0,4,60.0,50.0,40.0,120000.0,10,27.0,22.0,11.0,2.19,6534.0,12.0,22.0,11.0,27.0,2,4,1,8,96.0,80,960.0,52272.0,17.52,0.4356
12100054001,0,5,60.0,50.0,40.0,120000.0,10,27.0,22.0,11.0,2.19,6534.0,12.0,22.0,27.0,11.0,2,1,3,6,72.0,60,720.0,39204.0,13.14,0.3267
12122012001,0,0,60.0,50.0,40.0,120000.0,10,43.0,37.0,28.0,4.02,44548.0,24.0,43.0,37.0,28.0,1,1,1,1,24.0,10,240.0,44548.0,4.02,0.37123333333333336
12122012001,0,1,60.0,50.0,40.0,120000.0,10,43.0,37.0,28.0,4.02,44548.0,24.0,43.0,28.0,37.0,1,1,1,1,24.0,10,240.0,44548.0,4.02,0.37123333333333336
12122012001,0,2,60.0,50.0,40.0,120000.0,10,43.0,37.0,28.0,4.02,44548.0,24.0,28.0,43.0,37.0,2,1,1,2,48.0,20,480.0,89096.0,8.04,0.7424666666666667
12122012001,0,5,60.0,50.0,40.0,120000.0,10,43.0,37.0,28.0,4.02,44548.0,24.0,37.0,43.0,28.0,1,1,1,1,24.0,10,240.0,44548.0,4.02,0.37123333333333336
14225933001,0,0,60.0,50.0,40.0,120000.0,10,24.0,15.0,17.0,2.0,6120.0,36.0,24.0,15.0,17.0,2,3,2,12,432.0,120,4320.0,73440.0,24.0,0.612
14225933001,0,1,60.0,50.0,40.0,120000.0,10,24.0,15.0,17.0,2.0,6120.0,36.0,24.0,17.0,15.0,2,2,2,8,288.0,80,2880.0,48960.0,16.0,0.408
14225933001,0,2,60.0,50.0,40.0,120000.0,10,24.0,15.0,17.0,2.0,6120.0,36.0,17.0,24.0,15.0,3,2,2,12,432.0,120,4320.0,73440.0,24.0,0.612
14225933001,0,3,60.0,50.0,40.0,120000.0,10,24.0,15.0,17.0,2.0,6120.0,36.0,17.0,15.0,24.0,3,3,1,9,324.0,90,3240.0,55080.0,18.0,0.459
14225933001,0,4,60.0,50.0,40.0,120000.0,10,24.0,15.0,17.0,2.0,6120.0,36.0,15.0,17.0,24.0,4,2,1,8,288.0,80,2880.0,48960.0,16.0,0.408
14225933001,0,5,60.0,50.0,40.0,120000.0,10,24.0,15.0,17.0,2.0,6120.0,36.0,15.0,24.0,17.0,4,2,2,16,576.0,160,5760.0,97920.0,32.0,0.816
41530017001,0,0,60.0,50.0,40.0,120000.0,10,22.0,22.0,31.0,2.28,15004.0,1.0,22.0,22.0,31.0,2,2,1,4,4.0,40,40.0,60016.0,9.12,0.5001333333333333
41530017001,0,1,60.0,50.0,40.0,120000.0,10,22.0,22.0,31.0,2.28,15004.0,1.0,22.0,31.0,22.0,2,1,1,2,2.0,20,20.0,30008.0,4.56,0.25006666666666666
41530017001,0,2,60.0,50.0,40.0,120000.0,10,22.0,22.0,31.0,2.28,15004.0,1.0,31.0,22.0,22.0,1,2,1,2,2.0,20,20.0,30008.0,4.56,0.25006666666666666
41530017001,0,3,60.0,50.0,40.0,120000.0,10,22.0,22.0,31.0,2.28,15004.0,1.0,31.0,22.0,22.0,1,2,1,2,2.0,20,20.0,30008.0,4.56,0.25006666666666666
41530017001,0,4,60.0,50.0,40.0,120000.0,10,22.0,22.0,31.0,2.28,15004.0,1.0,22.0,31.0,22.0,2,1,1,2,2.0,20,20.0,30008.0,4.56,0.25006666666666666
41530017001,0,5,60.0,50.0,40.0,120000.0,10,22.0,22.0,31.0,2.28,15004.0,1.0,22.0,22.0,31.0,2,2,1,4,4.0,40,40.0,60016.0,9.12,0.5001333333333333
14330899001,0,0,60.0,50.0,40.0,120000.0,10,60.0,41.0,23.0,17.41,56580.0,6.0,60.0,41.0,23.0,1,1,1,1,6.0,10,60.0,56580.0,17.41,0.4715
14313004001,0,0,60.0,50.0,40.0,120000.0,10,18.0,12.0,8.0,0.1,1728.0,1.0,18.0,12.0,8.0,3,4,5,60,60.0,600,600.0,103680.0,6.0,0.864
14313004001,0,1,60.0,50.0,40.0,120000.0,10,18.0,12.0,8.0,0.1,1728.0,1.0,18.0,8.0,12.0,3,6,3,54,54.0,540,540.0,93312.0,5.4,0.7776
14313004001,0,2,60.0,50.0,40.0,120000.0,10,18.0,12.0,8.0,0.1,1728.0,1.0,8.0,18.0,12.0,7,2,3,42,42.0,420,420.0,72576.0,4.2,0.6048
14313004001,0,3,60.0,50.0,40.0,120000.0,10,18.0,12.0,8.0,0.1,1728.0,1.0,8.0,12.0,18.0,7,4,2,56,56.0,560,560.0,96768.0,5.6000000000000005,0.8064
14313004001,0,4,60.0,50.0,40.0,120000.0,10,18.0,12.0,8.0,0.1,1728.0,1.0,12.0,8.0,18.0,5,6,2,60,60.0,600,600.0,103680.0,6.0,0.864
14313004001,0,5,60.0,50.0,40.0,120000.0,10,18.0,12.0,8.0,0.1,1728.0,1.0,12.0,18.0,8.0,5,2,5,50,50.0,500,500.0,86400.0,5.0,0.72
12327056001,0,0,60.0,50.0,40.0,120000.0,10,41.0,28.0,10.0,7.7,11480.0,24.0,41.0,28.0,10.0,1,1,4,4,96.0,40,960.0,45920.0,30.8,0.38266666666666665
12327056001,0,1,60.0,50.0,40.0,120000.0,10,41.0,28.0,10.0,7.7,11480.0,24.0,41.0,10.0,28.0,1,5,1,5,120.0,50,1200.0,57400.0,38.5,0.47833333333333333
12327056001,0,2,60.0,50.0,40.0,120000.0,10,41.0,28.0,10.0,7.7,11480.0,24.0,10.0,41.0,28.0,6,1,1,6,144.0,60,1440.0,68880.0,46.2,0.574
12327056001,0,5,60.0,50.0,40.0,120000.0,10,41.0,28.0,10.0,7.7,11480.0,24.0,28.0,41.0,10.0,2,1,4,8,192.0,80,1920.0,91840.0,61.6,0.7653333333333333
14621028001,0,0,60.0,50.0,40.0,120000.0,10,47.0,25.0,16.0,27.3,18800.0,72.0,47.0,25.0,16.0,1,2,2,4,288.0,40,2880.0,75200.0,109.2,0.6266666666666667
14621028001,0,1,60.0,50.0,40.0,120000.0,10,47.0,25.0,16.0,27.3,18800.0,72.0,47.0,16.0,25.0,1,3,1,3,216.0,30,2160.0,56400.0,81.9,0.47
14621028001,0,2,60.0,50.0,40.0,120000.0,10,47.0,25.0,16.0,27.3,18800.0,72.0,16.0,47.0,25.0,3,1,1,3,216.0,30,2160.0,56400.0,81.9,0.47
14621028001,0,5,60.0,50.0,40.0,120000.0,10,47.0,25.0,16.0,27.3,18800.0,72.0,25.0,47.0,16.0,2,1,2,4,288.0,40,2880.0,75200.0,109.2,0.6266666666666667
14840021001,0,0,60.0,50.0,40.0,120000.0,10,29.0,22.0,10.0,4.3,6380.0,12.0,29.0,22.0,10.0,2,2,4,16,192.0,160,1920.0,102080.0,68.8,0.8506666666666667
14840021001,0,1,60.0,50.0,40.0,120000.0,10,29.0,22.0,10.0,4.3,6380.0,12.0,29.0,10.0,22.0,2,5,1,10,120.0,100,1200.0,63800.0,43.0,0.5316666666666666
14840021001,0,2,60.0,50.0,40.0,120000.0,10,29.0,22.0,10.0,4.3,6380.0,12.0,10.0,29.0,22.0,6,1,1,6,72.0,60,720.0,38280.0,25.799999999999997,0.319
14840021001,0,3,60.0,50.0,40.0,120000.0,10,29.0,22.0,10.0,4.3,6380.0,12.0,10.0,22.0,29.0,6,2,1,12,144.0,120,1440.0,76560.0,51.599999999999994,0.638
14840021001,0,4,60.0,50.0,40.0,120000.0,10,29.0,22.0,10.0,4.3,6380.0,12.0,22.0,10.0,29.0,2,5,1,10,120.0,100,1200.0,63800.0,43.0,0.5316666666666666
14840021001,0,5,60.0,50.0,40.0,120000.0,10,29.0,22.0,10.0,4.3,6380.0,12.0,22.0,29.0,10.0,2,1,4,8,96.0,80,960.0,51040.0,34.4,0.42533333333333334
11110056001,0,0,60.0,50.0,40.0,120000.0,10,36.0,26.0,25.0,4.59,23400.0,6.0,36.0,26.0,25.0,1,1,1,1,6.0,10,60.0,23400.0,4.59,0.195
11110056001,0,1,60.0,50.0,40.0,120000.0,10,36.0,26.0,25.0,4.59,23400.0,6.0,36.0,25.0,26.0,1,2,1,2,12.0,20,120.0,46800.0,9.18,0.39
11110056001,0,2,60.0,50.0,40.0,120000.0,10,36.0,26.0,25.0,4.59,23400.0,6.0,25.0,36.0,26.0,2,1,1,2,12.0,20,120.0,46800.0,9.18,0.39
11110056001,0,3,60.0,50.0,40.0,120000.0,10,36.0,26.0,25.0,4.59,23400.0,6.0,25.0,26.0,36.0,2,1,1,2,12.0,20,120.0,46800.0,9.18,0.39
11110056001,0,4,60.0,50.0,40.0,120000.0,10,36.0,26.0,25.0,4.59,23400.0,6.0,26.0,25.0,36.0,2,2,1,4,24.0,40,240.0,93600.0,18.36,0.78
11110056001,0,5,60.0,50.0,40.0,120000.0,10,36.0,26.0,25.0,4.59,23400.0,6.0,26.0,36.0,25.0,2,1,1,2,12.0,20,120.0,46800.0,9.18,0.39
12151073001,0,0,60.0,50.0,40.0,120000.0,10,34.0,22.0,24.0,7.51,17952.0,12.0,34.0,22.0,24.0,1,2,1,2,24.0,20,240.0,35904.0,15.02,0.2992
12151073001,0,1,60.0,50.0,40.0,120000.0,10,34.0,22.0,24.0,7.51,17952.0,12.0,34.0,24.0,22.0,1,2,1,2,24.0,20,240.0,35904.0,15.02,0.2992
12151073001,0,2,60.0,50.0,40.0,120000.0,10,34.0,22.0,24.0,7.51,17952.0,12.0,24.0,34.0,22.0,2,1,1,2,24.0,20,240.0,35904.0,15.02,0.2992
12151073001,0,3,60.0,50.0,40.0,120000.0,10,34.0,22.0,24.0,7.51,17952.0,12.0,24.0,22.0,34.0,2,2,1,4,48.0,40,480.0,71808.0,30.04,0.5984
12151073001,0,4,60.0,50.0,40.0,120000.0,10,34.0,22.0,24.0,7.51,17952.0,12.0,22.0,24.0,34.0,2,2,1,4,48.0,40,480.0,71808.0,30.04,0.5984
12151073001,0,5,60.0,50.0,40.0,120000.0,10,34.0,22.0,24.0,7.51,17952.0,12.0,22.0,34.0,24.0,2,1,1,2,24.0,20,240.0,35904.0,15.02,0.2992
14352093001,0,0,60.0,50.0,40.0,120000.0,10,51.0,24.0,24.0,4.6,29376.0,12.0,51.0,24.0,24.0,1,2,1,2,24.0,20,240.0,58752.0,9.2,0.4896
14352093001,0,1,60.0,50.0,40.0,120000.0,10,51.0,24.0,24.0,4.6,29376.0,12.0,51.0,24.0,24.0,1,2,1,2,24.0,20,240.0,58752.0,9.2,0.4896
31250003001,0,0,60.0,50.0,40.0,120000.0,10,25.0,17.0,21.0,1.0,8925.0,24.0,25.0,17.0,21.0,2,2,1,4,96.0,40,960.0,35700.0,4.0,0.2975
31250003001,0,1,60.0,50.0,40.0,120000.0,10,25.0,17.0,21.0,1.0,8925.0,24.0,25.0,21.0,17.0,2,2,2,8,192.0,80,1920.0,71400.0,8.0,0.595
31250003001,0,2,60.0,50.0,40.0,120000.0,10,25.0,17.0,21.0,1.0,8925.0,24.0,21.0,25.0,17.0,2,2,2,8,192.0,80,1920.0,71400.0,8.0,0.595
31250003001,0,3,60.0,50.0,40.0,120000.0,10,25.0,17.0,21.0,1.0,8925.0,24.0,21.0,17.0,25.0,2,2,1,4,96.0,40,960.0,35700.0,4.0,0.2975
31250003001,0,4,60.0,50.0,40.0,120000.0,10,25.0,17.0,21.0,1.0,8925.0,24.0,17.0,21.0,25.0,3,2,1,6,144.0,60,1440.0,53550.0,6.0,0.44625
31250003001,0,5,60.0,50.0,40.0,120000.0,10,25.0,17.0,21.0,1.0,8925.0,24.0,17.0,25.0,21.0,3,2,1,6,144.0,60,1440.0,53550.0,6.0,0.44625
14303039001,0,0,60.0,50.0,40.0,120000.0,10,41.0,28.0,25.0,4.4,28700.0,12.0,41.0,28.0,25.0,1,1,1,1,12.0,10,120.0,28700.0,4.4,0.23916666666666667
14303039001,0,1,60.0,50.0,40.0,120000.0,10,41.0,28.0,25.0,4.4,28700.0,12.0,41.0,25.0,28.0,1,2,1,2,24.0,20,240.0,57400.0,8.8,0.47833333333333333
14303039001,0,2,60.0,50.0,40.0,120000.0,10,41.0,28.0,25.0,4.4,28700.0,12.0,25.0,41.0,28.0,2,1,1,2,24.0,20,240.0,57400.0,8.8,0.47833333333333333
14303039001,0,5,60.0,50.0,40.0,120000.0,10,41.0,28.0,25.0,4.4,28700.0,12.0,28.0,41.0,25.0,2,1,1,2,24.0,20,240.0,57400.0,8.8,0.47833333333333333
11050049001,0,0,60.0,50.0,40.0,120000.0,10,33.0,18.0,22.0,8.48,13068.0,12.0,33.0,18.0,22.0,1,2,1,2,24.0,20,240.0,26136.0,16.96,0.2178
11050049001,0,1,60.0,50.0,40.0,120000.0,10,33.0,18.0,22.0,8.48,13068.0,12.0,33.0,22.0,18.0,1,2,2,4,48.0,40,480.0,52272.0,33.92,0.4356
11050049001,0,2,60.0,50.0,40.0,120000.0,10,33.0,18.0,22.0,8.48,13068.0,12.0,22.0,33.0,18.0,2,1,2,4,48.0,40,480.0,52272.0,33.92,0.4356
11050049001,0,3,60.0,50.0,40.0,120000.0,10,33.0,18.0,22.0,8.48,13068.0,12.0,22.0,18.0,33.0,2,2,1,4,48.0,40,480.0,52272.0,33.92,0.4356
11050049001,0,4,60.0,50.0,40.0,120000.0,10,33.0,18.0,22.0,8.48,13068.0,12.0,18.0,22.0,33.0,3,2,1,6,72.0,60,720.0,78408.0,50.88,0.6534
11050049001,0,5,60.0,50.0,40.0,120000.0,10,33.0,18.0,22.0,8.48,13068.0,12.0,18.0,33.0,22.0,3,1,1,3,36.0,30,360.0,39204.0,25.44,0.3267
14506254001,0,0,60.0,50.0,40.0,120000.0,10,40.0,41.0,29.0,9.2,47560.0,12.0,40.0,41.0,29.0,1,1,1,1,12.0,10,120.0,47560.0,9.2,0.3963333333333333
14506254001,0,3,60.0,50.0,40.0,120000.0,10,40.0,41.0,29.0,9.2,47560.0,12.0,29.0,41.0,40.0,2,1,1,2,24.0,20,240.0,95120.0,18.4,0.7926666666666666
14506254001,0,4,60.0,50.0,40.0,120000.0,10,40.0,41.0,29.0,9.2,47560.0,12.0,41.0,29.0,40.0,1,1,1,1,12.0,10,120.0,47560.0,9.2,0.3963333333333333
14506254001,0,5,60.0,50.0,40.0,120000.0,10,40.0,41.0,29.0,9.2,47560.0,12.0,41.0,40.0,29.0,1,1,1,1,12.0,10,120.0,47560.0,9.2,0.3963333333333333
12011032001,0,0,60.0,50.0,40.0,120000.0,10,40.0,19.0,24.0,7.084,18240.0,16.0,40.0,19.0,24.0,1,2,1,2,32.0,20,320.0,36480.0,14.168,0.304
12011032001,0,1,60.0,50.0,40.0,120000.0,10,40.0,19.0,24.0,7.084,18240.0,16.0,40.0,24.0,19.0,1,2,2,4,64.0,40,640.0,72960.0,28.336,0.608
12011032001,0,2,60.0,50.0,40.0,120000.0,10,40.0,19.0,24.0,7.084,18240.0,16.0,24.0,40.0,19.0,2,1,2,4,64.0,40,640.0,72960.0,28.336,0.608
12011032001,0,3,60.0,50.0,40.0,120000.0,10,40.0,19.0,24.0,7.084,18240.0,16.0,24.0,19.0,40.0,2,2,1,4,64.0,40,640.0,72960.0,28.336,0.608
12011032001,0,4,60.0,50.0,40.0,120000.0,10,40.0,19.0,24.0,7.084,18240.0,16.0,19.0,24.0,40.0,3,2,1,6,96.0,60,960.0,109440.0,42.504,0.912
12011032001,0,5,60.0,50.0,40.0,120000.0,10,40.0,19.0,24.0,7.084,18240.0,16.0,19.0,40.0,24.0,3,1,1,3,48.0,30,480.0,54720.0,21.252,0.456
14342010001,0,0,60.0,50.0,40.0,120000.0,10,34.0,24.0,24.0,9.34,19584.0,12.0,34.0,24.0,24.0,1,2,1,2,24.0,20,240.0,39168.0,18.68,0.3264
14342010001,0,1,60.0,50.0,40.0,120000.0,10,34.0,24.0,24.0,9.34,19584.0,12.0,34.0,24.0,24.0,1,2,1,2,24.0,20,240.0,39168.0,18.68,0.3264
14342010001,0,2,60.0,50.0,40.0,120000.0,10,34.0,24.0,24.0,9.34,19584.0,12.0,24.0,34.0,24.0,2,1,1,2,24.0,20,240.0,39168.0,18.68,0.3264
14342010001,0,3,60.0,50.0,40.0,120000.0,10,34.0,24.0,24.0,9.34,19584.0,12.0,24.0,24.0,34.0,2,2,1,4,48.0,40,480.0,78336.0,37.36,0.6528
14342010001,0,4,60.0,50.0,40.0,120000.0,10,34.0,24.0,24.0,9.34,19584.0,12.0,24.0,24.0,34.0,2,2,1,4,48.0,40,480.0,78336.0,37.36,0.6528
14342010001,0,5,60.0,50.0,40.0,120000.0,10,34.0,24.0,24.0,9.34,19584.0,12.0,24.0,34.0,24.0,2,1,1,2,24.0,20,240.0,39168.0,18.68,0.3264
12010254001,0,0,60.0,50.0,40.0,120000.0,10,41.0,26.0,32.0,14.56,34112.0,144.0,41.0,26.0,32.0,1,1,1,1,144.0,10,1440.0,34112.0,14.56,0.28426666666666667
12010254001,0,1,60.0,50.0,40.0,120000.0,10,41.0,26.0,32.0,14.56,34112.0,144.0,41.0,32.0,26.0,1,1,1,1,144.0,10,1440.0,34112.0,14.56,0.28426666666666667
12010254001,0,2,60.0,50.0,40.0,120000.0,10,41.0,26.0,32.0,14.56,34112.0,144.0,32.0,41.0,26.0,1,1,1,1,144.0,10,1440.0,34112.0,14.56,0.28426666666666667
12010254001,0,5,60.0,50.0,40.0,120000.0,10,41.0,26.0,32.0,14.56,34112.0,144.0,26.0,41.0,32.0,2,1,1,2,288.0,20,2880.0,68224.0,29.12,0.5685333333333333
12000100001,0,0,60.0,50.0,40.0,120000.0,10,39.0,21.0,24.0,8.14,19656.0,12.0,39.0,21.0,24.0,1,2,1,2,24.0,20,240.0,39312.0,16.28,0.3276
12000100001,0,1,60.0,50.0,40.0,120000.0,10,39.0,21.0,24.0,8.14,19656.0,12.0,39.0,24.0,21.0,1,2,1,2,24.0,20,240.0,39312.0,16.28,0.3276
12000100001,0,2,60.0,50.0,40.0,120000.0,10,39.0,21.0,24.0,8.14,19656.0,12.0,24.0,39.0,21.0,2,1,1,2,24.0,20,240.0,39312.0,16.28,0.3276
12000100001,0,3,60.0,50.0,40.0,120000.0,10,39.0,21.0,24.0,8.14,19656.0,12.0,24.0,21.0,39.0,2,2,1,4,48.0,40,480.0,78624.0,32.56,0.6552
12000100001,0,4,60.0,50.0,40.0,120000.0,10,39.0,21.0,24.0,8.14,19656.0,12.0,21.0,24.0,39.0,2,2,1,4,48.0,40,480.0,78624.0,32.56,0.6552
12000100001,0,5,60.0,50.0,40.0,120000.0,10,39.0,21.0,24.0,8.14,19656.0,12.0,21.0,39.0,24.0,2,1,1,2,24.0,20,240.0,39312.0,16.28,0.3276
12020225001,0,0,60.0,50.0,40.0,120000.0,10,26.0,17.0,19.0,2.2,8398.0,12.0,26.0,17.0,19.0,2,2,2,8,96.0,80,960.0,67184.0,17.6,0.5598666666666666
12020225001,0,1,60.0,50.0,40.0,120000.0,10,26.0,17.0,19.0,2.2,8398.0,12.0,26.0,19.0,17.0,2,2,2,8,96.0,80,960.0,67184.0,17.6,0.5598666666666666
12020225001,0,2,60.0,50.0,40.0,120000.0,10,26.0,17.0,19.0,2.2,8398.0,12.0,19.0,26.0,17.0,3,1,2,6,72.0,60,720.0,50388.0,13.200000000000001,0.4199
12020225001,0,3,60.0,50.0,40.0,120000.0,10,26.0,17.0,19.0,2.2,8398.0,12.0,19.0,17.0,26.0,3,2,1,6,72.0,60,720.0,50388.0,13.200000000000001,0.4199
12020225001,0,4,60.0,50.0,40.0,120000.0,10,26.0,17.0,19.0,2.2,8398.0,12.0,17.0,19.0,26.0,3,2,1,6,72.0,60,720.0,50388.0,13.200000000000001,0.4199
12020225001,0,5,60.0,50.0,40.0,120000.0,10,26.0,17.0,19.0,2.2,8398.0,12.0,17.0,26.0,19.0,3,1,2,6,72.0,60,720.0,50388.0,13.200000000000001,0.4199
14620138001,0,0,60.0,50.0,40.0,120000.0,10,32.0,23.0,17.0,11.73,12512.0,6.0,32.0,23.0,17.0,1,2,2,4,24.0,40,240.0,50048.0,46.92,0.41706666666666664
14620138001,0,1,60.0,50.0,40.0,120000.0,10,32.0,23.0,17.0,11.73,12512.0,6.0,32.0,17.0,23.0,1,2,1,2,12.0,20,120.0,25024.0,23.46,0.20853333333333332
14620138001,0,2,60.0,50.0,40.0,120000.0,10,32.0,23.0,17.0,11.73,12512.0,6.0,17.0,32.0,23.0,3,1,1,3,18.0,30,180.0,37536.0,35.19,0.3128
14620138001,0,3,60.0,50.0,40.0,120000.0,10,32.0,23.0,17.0,11.73,12512.0,6.0,17.0,23.0,32.0,3,2,1,6,36.0,60,360.0,75072.0,70.38,0.6256
14620138001,0,4,60.0,50.0,40.0,120000.0,10,32.0,23.0,17.0,11.73,12512.0,6.0,23.0,17.0,32.0,2,2,1,4,24.0,40,240.0,50048.0,46.92,0.41706666666666664
14620138001,0,5,60.0,50.0,40.0,120000.0,10,32.0,23.0,17.0,11.73,12512.0,6.0,23.0,32.0,17.0,2,1,2,4,24.0,40,240.0,50048.0,46.92,0.41706666666666664
14620920001,0,0,60.0,50.0,40.0,120000.0,10,33.0,25.0,19.0,10.75,15675.0,12.0,33.0,25.0,19.0,1,2,2,4,48.0,40,480.0,62700.0,43.0,0.5225
14620920001,0,1,60.0,50.0,40.0,120000.0,10,33.0,25.0,19.0,10.75,15675.0,12.0,33.0,19.0,25.0,1,2,1,2,24.0,20,240.0,31350.0,21.5,0.26125
14620920001,0,2,60.0,50.0,40.0,120000.0,10,33.0,25.0,19.0,10.75,15675.0,12.0,19.0,33.0,25.0,3,1,1,3,36.0,30,360.0,47025.0,32.25,0.391875
14620920001,0,3,60.0,50.0,40.0,120000.0,10,33.0,25.0,19.0,10.75,15675.0,12.0,19.0,25.0,33.0,3,2,1,6,72.0,60,720.0,94050.0,64.5,0.78375
14620920001,0,4,60.0,50.0,40.0,120000.0,10,33.0,25.0,19.0,10.75,15675.0,12.0,25.0,19.0,33.0,2,2,1,4,48.0,40,480.0,62700.0,43.0,0.5225
14620920001,0,5,60.0,50.0,40.0,120000.0,10,33.0,25.0,19.0,10.75,15675.0,12.0,25.0,33.0,19.0,2,1,2,4,48.0,40,480.0,62700.0,43.0,0.5225
31455002001,0,0,60.0,50.0,40.0,120000.0,10,27.0,19.0,26.0,2.8,13338.0,24.0,27.0,19.0,26.0,2,2,1,4,96.0,40,960.0,53352.0,11.2,0.4446
31455002001,0,1,60.0,50.0,40.0,120000.0,10,27.0,19.0,26.0,2.8,13338.0,24.0,27.0,26.0,19.0,2,1,2,4,96.0,40,960.0,53352.0,11.2,0.4446
31455002001,0,2,60.0,50.0,40.0,120000.0,10,27.0,19.0,26.0,2.8,13338.0,24.0,26.0,27.0,19.0,2,1,2,4,96.0,40,960.0,53352.0,11.2,0.4446
31455002001,0,3,60.0,50.0,40.0,120000.0,10,27.0,19.0,26.0,2.8,13338.0,24.0,26.0,19.0,27.0,2,2,1,4,96.0,40,960.0,53352.0,11.2,0.4446
31455002001,0,4,60.0,50.0,40.0,120000.0,10,27.0,19.0,26.0,2.8,13338.0,24.0,19.0,26.0,27.0,3,1,1,3,72.0,30,720.0,40014.0,8.399999999999999,0.33345
31455002001,0,5,60.0,50.0,40.0,120000.0,10,27.0,19.0,26.0,2.8,13338.0,24.0,19.0,27.0,26.0,3,1,1,3,72.0,30,720.0,40014.0,8.399999999999999,0.33345
14604041001,0,0,60.0,50.0,40.0,120000.0,10,13.0,8.0,11.0,0.65,1144.0,6.0,13.0,8.0,11.0,4,6,3,72,432.0,720,4320.0,82368.0,46.800000000000004,0.6864
14604041001,0,1,60.0,50.0,40.0,120000.0,10,13.0,8.0,11.0,0.65,1144.0,6.0,13.0,11.0,8.0,4,4,5,80,480.0,800,4800.0,91520.0,52.0,0.7626666666666667
14604041001,0,2,60.0,50.0,40.0,120000.0,10,13.0,8.0,11.0,0.65,1144.0,6.0,11.0,13.0,8.0,5,3,5,75,450.0,750,4500.0,85800.0,48.75,0.715
14604041001,0,3,60.0,50.0,40.0,120000.0,10,13.0,8.0,11.0,0.65,1144.0,6.0,11.0,8.0,13.0,5,6,3,90,540.0,900,5400.0,102960.0,58.5,0.858
14604041001,0,4,60.0,50.0,40.0,120000.0,10,13.0,8.0,11.0,0.65,1144.0,6.0,8.0,11.0,13.0,7,4,3,84,504.0,840,5040.0,96096.0,54.6,0.8008
14604041001,0,5,60.0,50.0,40.0,120000.0,10,13.0,8.0,11.0,0.65,1144.0,6.0,8.0,13.0,11.0,7,3,3,63,378.0,630,3780.0,72072.0,40.95,0.6006
14210127001,0,0,60.0,50.0,40.0,120000.0,10,49.0,28.0,19.0,8.52,26068.0,12.0,49.0,28.0,19.0,1,1,2,2,24.0,20,240.0,52136.0,17.04,0.43446666666666667
14210127001,0,1,60.0,50.0,40.0,120000.0,10,49.0,28.0,19.0,8.52,26068.0,12.0,49.0,19.0,28.0,1,2,1,2,24.0,20,240.0,52136.0,17.04,0.43446666666666667
14210127001,0,2,60.0,50.0,40.0,120000.0,10,49.0,28.0,19.0,8.52,26068.0,12.0,19.0,49.0,28.0,3,1,1,3,36.0,30,360.0,78204.0,25.56,0.6517
14210127001,0,5,60.0,50.0,40.0,120000.0,10,49.0,28.0,19.0,8.52,26068.0,12.0,28.0,49.0,19.0,2,1,2,4,48.0,40,480.0,104272.0,34.08,0.8689333333333333
14506131001,0,0,60.0,50.0,40.0,120000.0,10,54.0,36.0,29.0,15.98,56376.0,12.0,54.0,36.0,29.0,1,1,1,1,12.0,10,120.0,56376.0,15.98,0.4698
14506131001,0,1,60.0,50.0,40.0,120000.0,10,54.0,36.0,29.0,15.98,56376.0,12.0,54.0,29.0,36.0,1,1,1,1,12.0,10,120.0,56376.0,15.98,0.4698
14311066001,0,0,60.0,50.0,40.0,120000.0,10,51.0,24.0,22.0,1.9,26928.0,12.0,51.0,24.0,22.0,1,2,1,2,24.0,20,240.0,53856.0,3.8,0.4488
14311066001,0,1,60.0,50.0,40.0,120000.0,10,51.0,24.0,22.0,1.9,26928.0,12.0,51.0,22.0,24.0,1,2,1,2,24.0,20,240.0,53856.0,3.8,0.4488
14340002001,0,0,60.0,50.0,40.0,120000.0,10,27.0,20.0,13.0,6.34,7020.0,12.0,27.0,20.0,13.0,2,2,3,12,144.0,120,1440.0,84240.0,76.08,0.702
14340002001,0,1,60.0,50.0,40.0,120000.0,10,27.0,20.0,13.0,6.34,7020.0,12.0,27.0,13.0,20.0,2,3,2,12,144.0,120,1440.0,84240.0,76.08,0.702
14340002001,0,2,60.0,50.0,40.0,120000.0,10,27.0,20.0,13.0,6.34,7020.0,12.0,13.0,27.0,20.0,4,1,2,8,96.0,80,960.0,56160.0,50.72,0.468
14340002001,0,3,60.0,50.0,40.0,120000.0,10,27.0,20.0,13.0,6.34,7020.0,12.0,13.0,20.0,27.0,4,2,1,8,96.0,80,960.0,56160.0,50.72,0.468
14340002001,0,4,60.0,50.0,40.0,120000.0,10,27.0,20.0,13.0,6.34,7020.0,12.0,20.0,13.0,27.0,3,3,1,9,108.0,90,1080.0,63180.0,57.06,0.5265
14340002001,0,5,60.0,50.0,40.0,120000.0,10,27.0,20.0,13.0,6.34,7020.0,12.0,20.0,27.0,13.0,3,1,3,9,108.0,90,1080.0,63180.0,57.06,0.5265
61062008002,0,0,60.0,50.0,40.0,120000.0,10,26.0,13.0,18.0,1.0,6084.0,12.0,26.0,13.0,18.0,2,3,2,12,144.0,120,1440.0,73008.0,12.0,0.6084
61062008002,0,1,60.0,50.0,40.0,120000.0,10,26.0,13.0,18.0,1.0,6084.0,12.0,26.0,18.0,13.0,2,2,3,12,144.0,120,1440.0,73008.0,12.0,0.6084
61062008002,0,2,60.0,50.0,40.0,120000.0,10,26.0,13.0,18.0,1.0,6084.0,12.0,18.0,26.0,13.0,3,1,3,9,108.0,90,1080.0,54756.0,9.0,0.4563
61062008002,0,3,60.0,50.0,40.0,120000.0,10,26.0,13.0,18.0,1.0,6084.0,12.0,18.0,13.0,26.0,3,3,1,9,108.0,90,1080.0,54756.0,9.0,0.4563
61062008002,0,4,60.0,50.0,40.0,120000.0,10,26.0,13.0,18.0,1.0,6084.0,12.0,13.0,18.0,26.0,4,2,1,8,96.0,80,960.0,48672.0,8.0,0.4056
61062008002,0,5,60.0,50.0,40.0,120000.0,10,26.0,13.0,18.0,1.0,6084.0,12.0,13.0,26.0,18.0,4,1,2,8,96.0,80,960.0,48672.0,8.0,0.4056
14133930001,0,0,60.0,50.0,40.0,120000.0,10,47.0,44.0,26.0,6.1,53768.0,18.0,47.0,44.0,26.0,1,1,1,1,18.0,10,180.0,53768.0,6.1,0.44806666666666667
14133930001,0,5,60.0,50.0,40.0,120000.0,10,47.0,44.0,26.0,6.1,53768.0,18.0,44.0,47.0,26.0,1,1,1,1,18.0,10,180.0,53768.0,6.1,0.44806666666666667
11110045001,0,0,60.0,50.0,40.0,120000.0,10,33.0,24.0,26.0,12.91,20592.0,8.0,33.0,24.0,26.0,1,2,1,2,16.0,20,160.0,41184.0,25.82,0.3432
11110045001,0,1,60.0,50.0,40.0,120000.0,10,33.0,24.0,26.0,12.91,20592.0,8.0,33.0,26.0,24.0,1,1,1,1,8.0,10,80.0,20592.0,12.91,0.1716
11110045001,0,2,60.0,50.0,40.0,120000.0,10,33.0,24.0,26.0,12.91,20592.0,8.0,26.0,33.0,24.0,2,1,1,2,16.0,20,160.0,41184.0,25.82,0.3432
11110045001,0,3,60.0,50.0,40.0,120000.0,10,33.0,24.0,26.0,12.91,20592.0,8.0,26.0,24.0,33.0,2,2,1,4,32.0,40,320.0,82368.0,51.64,0.6864
11110045001,0,4,60.0,50.0,40.0,120000.0,10,33.0,24.0,26.0,12.91,20592.0,8.0,24.0,26.0,33.0,2,1,1,2,16.0,20,160.0,41184.0,25.82,0.3432
11110045001,0,5,60.0,50.0,40.0,120000.0,10,33.0,24.0,26.0,12.91,20592.0,8.0,24.0,33.0,26.0,2,1,1,2,16.0,20,160.0,41184.0,25.82,0.3432
12005082003,0,0,60.0,50.0,40.0,120000.0,10,20.0,8.0,19.0,0.6,3040.0,3.0,20.0,8.0,19.0,3,6,2,36,108.0,360,1080.0,109440.0,21.599999999999998,0.912
12005082003,0,1,60.0,50.0,40.0,120000.0,10,20.0,8.0,19.0,0.6,3040.0,3.0,20.0,19.0,8.0,3,2,5,30,90.0,300,900.0,91200.0,18.0,0.76
12005082003,0,2,60.0,50.0,40.0,120000.0,10,20.0,8.0,19.0,0.6,3040.0,3.0,19.0,20.0,8.0,3,2,5,30,90.0,300,900.0,91200.0,18.0,0.76
12005082003,0,3,60.0,50.0,40.0,120000.0,10,20.0,8.0,19.0,0.6,3040.0,3.0,19.0,8.0,20.0,3,6,2,36,108.0,360,1080.0,109440.0,21.599999999999998,0.912
12005082003,0,4,60.0,50.0,40.0,120000.0,10,20.0,8.0,19.0,0.6,3040.0,3.0,8.0,19.0,20.0,7,2,2,28,84.0,280,840.0,85120.0,16.8,0.7093333333333334
12005082003,0,5,60.0,50.0,40.0,120000.0,10,20.0,8.0,19.0,0.6,3040.0,3.0,8.0,20.0,19.0,7,2,2,28,84.0,280,840.0,85120.0,16.8,0.7093333333333334
11022034001,0,0,60.0,50.0,40.0,120000.0,10,36.0,32.0,24.0,11.3,27648.0,18.0,36.0,32.0,24.0,1,1,1,1,18.0,10,180.0,27648.0,11.3,0.2304
11022034001,0,1,60.0,50.0,40.0,120000.0,10,36.0,32.0,24.0,11.3,27648.0,18.0,36.0,24.0,32.0,1,2,1,2,36.0,20,360.0,55296.0,22.6,0.4608
11022034001,0,2,60.0,50.0,40.0,120000.0,10,36.0,32.0,24.0,11.3,27648.0,18.0,24.0,36.0,32.0,2,1,1,2,36.0,20,360.0,55296.0,22.6,0.4608
11022034001,0,3,60.0,50.0,40.0,120000.0,10,36.0,32.0,24.0,11.3,27648.0,18.0,24.0,32.0,36.0,2,1,1,2,36.0,20,360.0,55296.0,22.6,0.4608
11022034001,0,4,60.0,50.0,40.0,120000.0,10,36.0,32.0,24.0,11.3,27648.0,18.0,32.0,24.0,36.0,1,2,1,2,36.0,20,360.0,55296.0,22.6,0.4608
11022034001,0,5,60.0,50.0,40.0,120000.0,10,36.0,32.0,24.0,11.3,27648.0,18.0,32.0,36.0,24.0,1,1,1,1,18.0,10,180.0,27648.0,11.3,0.2304
12000028001,0,0,60.0,50.0,40.0,120000.0,10,42.0,23.0,26.0,10.74,25116.0,12.0,42.0,23.0,26.0,1,2,1,2,24.0,20,240.0,50232.0,21.48,0.4186
12000028001,0,1,60.0,50.0,40.0,120000.0,10,42.0,23.0,26.0,10.74,25116.0,12.0,42.0,26.0,23.0,1,1,1,1,12.0,10,120.0,25116.0,10.74,0.2093
12000028001,0,2,60.0,50.0,40.0,120000.0,10,42.0,23.0,26.0,10.74,25116.0,12.0,26.0,42.0,23.0,2,1,1,2,24.0,20,240.0,50232.0,21.48,0.4186
12000028001,0,5,60.0,50.0,40.0,120000.0,10,42.0,23.0,26.0,10.74,25116.0,12.0,23.0,42.0,26.0,2,1,1,2,24.0,20,240.0,50232.0,21.48,0.4186
12002948001,0,0,60.0,50.0,40.0,120000.0,10,27.0,20.0,22.0,5.0,11880.0,9.0,27.0,20.0,22.0,2,2,1,4,36.0,40,360.0,47520.0,20.0,0.396
12002948001,0,1,60.0,50.0,40.0,120000.0,10,27.0,20.0,22.0,5.0,11880.0,9.0,27.0,22.0,20.0,2,2,2,8,72.0,80,720.0,95040.0,40.0,0.792
12002948001,0,2,60.0,50.0,40.0,120000.0,10,27.0,20.0,22.0,5.0,11880.0,9.0,22.0,27.0,20.0,2,1,2,4,36.0,40,360.0,47520.0,20.0,0.396
12002948001,0,3,60.0,50.0,40.0,120000.0,10,27.0,20.0,22.0,5.0,11880.0,9.0,22.0,20.0,27.0,2,2,1,4,36.0,40,360.0,47520.0,20.0,0.396
12002948001,0,4,60.0,50.0,40.0,120000.0,10,27.0,20.0,22.0,5.0,11880.0,9.0,20.0,22.0,27.0,3,2,1,6,54.0,60,540.0,71280.0,30.0,0.594
12002948001,0,5,60.0,50.0,40.0,120000.0,10,27.0,20.0,22.0,5.0,11880.0,9.0,20.0,27.0,22.0,3,1,1,3,27.0,30,270.0,35640.0,15.0,0.297
14352098001,0,0,60.0,50.0,40.0,120000.0,10,40.0,20.0,26.0,3.97,20800.0,7.0,40.0,20.0,26.0,1,2,1,2,14.0,20,140.0,41600.0,7.94,0.3466666666666667
14352098001,0,1,60.0,50.0,40.0,120000.0,10,40.0,20.0,26.0,3.97,20800.0,7.0,40.0,26.0,20.0,1,1,2,2,14.0,20,140.0,41600.0,7.94,0.3466666666666667
14352098001,0,2,60.0,50.0,40.0,120000.0,10,40.0,20.0,26.0,3.97,20800.0,7.0,26.0,40.0,20.0,2,1,2,4,28.0,40,280.0,83200.0,15.88,0.6933333333333334
14352098001,0,3,60.0,50.0,40.0,120000.0,10,40.0,20.0,26.0,3.97,20800.0,7.0,26.0,20.0,40.0,2,2,1,4,28.0,40,280.0,83200.0,15.88,0.6933333333333334
14352098001,0,4,60.0,50.0,40.0,120000.0,10,40.0,20.0,26.0,3.97,20800.0,7.0,20.0,26.0,40.0,3,1,1,3,21.0,30,210.0,62400.0,11.91,0.52
14352098001,0,5,60.0,50.0,40.0,120000.0,10,40.0,20.0,26.0,3.97,20800.0,7.0,20.0,40.0,26.0,3,1,1,3,21.0,30,210.0,62400.0,11.91,0.52
11103115001,0,0,60.0,50.0,40.0,120000.0,10,46.0,22.0,33.0,12.17,33396.0,4.0,46.0,22.0,33.0,1,2,1,2,8.0,20,80.0,66792.0,24.34,0.5566
11103115001,0,1,60.0,50.0,40.0,120000.0,10,46.0,22.0,33.0,12.17,33396.0,4.0,46.0,33.0,22.0,1,1,1,1,4.0,10,40.0,33396.0,12.17,0.2783
11103115001,0,2,60.0,50.0,40.0,120000.0,10,46.0,22.0,33.0,12.17,33396.0,4.0,33.0,46.0,22.0,1,1,1,1,4.0,10,40.0,33396.0,12.17,0.2783
11103115001,0,5,60.0,50.0,40.0,120000.0,10,46.0,22.0,33.0,12.17,33396.0,4.0,22.0,46.0,33.0,2,1,1,2,8.0,20,80.0,66792.0,24.34,0.5566
31707076001,0,0,60.0,50.0,40.0,120000.0,10,27.0,22.0,22.0,0.79,13068.0,36.0,27.0,22.0,22.0,2,2,1,4,144.0,40,1440.0,52272.0,3.16,0.4356
31707076001,0,1,60.0,50.0,40.0,120000.0,10,27.0,22.0,22.0,0.79,13068.0,36.0,27.0,22.0,22.0,2,2,1,4,144.0,40,1440.0,52272.0,3.16,0.4356
31707076001,0,2,60.0,50.0,40.0,120000.0,10,27.0,22.0,22.0,0.79,13068.0,36.0,22.0,27.0,22.0,2,1,1,2,72.0,20,720.0,26136.0,1.58,0.2178
31707076001,0,3,60.0,50.0,40.0,120000.0,10,27.0,22.0,22.0,0.79,13068.0,36.0,22.0,22.0,27.0,2,2,1,4,144.0,40,1440.0,52272.0,3.16,0.4356
31707076001,0,4,60.0,50.0,40.0,120000.0,10,27.0,22.0,22.0,0.79,13068.0,36.0,22.0,22.0,27.0,2,2,1,4,144.0,40,1440.0,52272.0,3.16,0.4356
31707076001,0,5,60.0,50.0,40.0,120000.0,10,27.0,22.0,22.0,0.79,13068.0,36.0,22.0,27.0,22.0,2,1,1,2,72.0,20,720.0,26136.0,1.58,0.2178
11050078001,0,0,60.0,50.0,40.0,120000.0,10,38.0,22.0,25.0,11.6,20900.0,10.0,38.0,22.0,25.0,1,2,1,2,20.0,20,200.0,41800.0,23.2,0.34833333333333333
11050078001,0,1,60.0,50.0,40.0,120000.0,10,38.0,22.0,25.0,11.6,20900.0,10.0,38.0,25.0,22.0,1,2,1,2,20.0,20,200.0,41800.0,23.2,0.34833333333333333
11050078001,0,2,60.0,50.0,40.0,120000.0,10,38.0,22.0,25.0,11.6,20900.0,10.0,25.0,38.0,22.0,2,1,1,2,20.0,20,200.0,41800.0,23.2,0.34833333333333333
11050078001,0,3,60.0,50.0,40.0,120000.0,10,38.0,22.0,25.0,11.6,20900.0,10.0,25.0,22.0,38.0,2,2,1,4,40.0,40,400.0,83600.0,46.4,0.6966666666666667
11050078001,0,4,60.0,50.0,40.0,120000.0,10,38.0,22.0,25.0,11.6,20900.0,10.0,22.0,25.0,38.0,2,2,1,4,40.0,40,400.0,83600.0,46.4,0.6966666666666667
11050078001,0,5,60.0,50.0,40.0,120000.0,10,38.0,22.0,25.0,11.6,20900.0,10.0,22.0,38.0,25.0,2,1,1,2,20.0,20,200.0,41800.0,23.2,0.34833333333333333
14243106001,0,0,60.0,50.0,40.0,120000.0,10,30.0,23.0,10.0,1.8,6900.0,10.0,30.0,23.0,10.0,2,2,4,16,160.0,160,1600.0,110400.0,28.8,0.92
14243106001,0,1,60.0,50.0,40.0,120000.0,10,30.0,23.0,10.0,1.8,6900.0,10.0,30.0,10.0,23.0,2,5,1,10,100.0,100,1000.0,69000.0,18.0,0.575
14243106001,0,2,60.0,50.0,40.0,120000.0,10,30.0,23.0,10.0,1.8,6900.0,10.0,10.0,30.0,23.0,6,1,1,6,60.0,60,600.0,41400.0,10.8,0.345
14243106001,0,3,60.0,50.0,40.0,120000.0,10,30.0,23.0,10.0,1.8,6900.0,10.0,10.0,23.0,30.0,6,2,1,12,120.0,120,1200.0,82800.0,21.6,0.69
14243106001,0,4,60.0,50.0,40.0,120000.0,10,30.0,23.0,10.0,1.8,6900.0,10.0,23.0,10.0,30.0,2,5,1,10,100.0,100,1000.0,69000.0,18.0,0.575
14243106001,0,5,60.0,50.0,40.0,120000.0,10,30.0,23.0,10.0,1.8,6900.0,10.0,23.0,30.0,10.0,2,1,4,8,80.0,80,800.0,55200.0,14.4,0.46
12000260001,0,0,60.0,50.0,40.0,120000.0,10,23.0,16.0,23.0,3.45,8464.0,6.0,23.0,16.0,23.0,2,3,1,6,36.0,60,360.0,50784.0,20.700000000000003,0.4232
12000260001,0,1,60.0,50.0,40.0,120000.0,10,23.0,16.0,23.0,3.45,8464.0,6.0,23.0,23.0,16.0,2,2,2,8,48.0,80,480.0,67712.0,27.6,0.5642666666666667
12000260001,0,2,60.0,50.0,40.0,120000.0,10,23.0,16.0,23.0,3.45,8464.0,6.0,23.0,23.0,16.0,2,2,2,8,48.0,80,480.0,67712.0,27.6,0.5642666666666667
12000260001,0,3,60.0,50.0,40.0,120000.0,10,23.0,16.0,23.0,3.45,8464.0,6.0,23.0,16.0,23.0,2,3,1,6,36.0,60,360.0,50784.0,20.700000000000003,0.4232
12000260001,0,4,60.0,50.0,40.0,120000.0,10,23.0,16.0,23.0,3.45,8464.0,6.0,16.0,23.0,23.0,3,2,1,6,36.0,60,360.0,50784.0,20.700000000000003,0.4232
12000260001,0,5,60.0,50.0,40.0,120000.0,10,23.0,16.0,23.0,3.45,8464.0,6.0,16.0,23.0,23.0,3,2,1,6,36.0,60,360.0,50784.0,20.700000000000003,0.4232
11050073001,0,0,60.0,50.0,40.0,120000.0,10,41.0,24.0,26.0,13.081,25584.0,12.0,41.0,24.0,26.0,1,2,1,2,24.0,20,240.0,51168.0,26.162,0.4264
11050073001,0,1,60.0,50.0,40.0,120000.0,10,41.0,24.0,26.0,13.081,25584.0,12.0,41.0,26.0,24.0,1,1,1,1,12.0,10,120.0,25584.0,13.081,0.2132
11050073001,0,2,60.0,50.0,40.0,120000.0,10,41.0,24.0,26.0,13.081,25584.0,12.0,26.0,41.0,24.0,2,1,1,2,24.0,20,240.0,51168.0,26.162,0.4264
11050073001,0,5,60.0,50.0,40.0,120000.0,10,41.0,24.0,26.0,13.081,25584.0,12.0,24.0,41.0,26.0,2,1,1,2,24.0,20,240.0,51168.0,26.162,0.4264
12001067001,0,0,60.0,50.0,40.0,120000.0,10,29.0,7.0,16.0,1.56,3248.0,6.0,29.0,7.0,16.0,2,7,2,28,168.0,280,1680.0,90944.0,43.68,0.7578666666666667
12001067001,0,1,60.0,50.0,40.0,120000.0,10,29.0,7.0,16.0,1.56,3248.0,6.0,29.0,16.0,7.0,2,3,5,30,180.0,300,1800.0,97440.0,46.800000000000004,0.812
12001067001,0,2,60.0,50.0,40.0,120000.0,10,29.0,7.0,16.0,1.56,3248.0,6.0,16.0,29.0,7.0,3,1,5,15,90.0,150,900.0,48720.0,23.400000000000002,0.406
12001067001,0,3,60.0,50.0,40.0,120000.0,10,29.0,7.0,16.0,1.56,3248.0,6.0,16.0,7.0,29.0,3,7,1,21,126.0,210,1260.0,68208.0,32.76,0.5684
12001067001,0,4,60.0,50.0,40.0,120000.0,10,29.0,7.0,16.0,1.56,3248.0,6.0,7.0,16.0,29.0,8,3,1,24,144.0,240,1440.0,77952.0,37.44,0.6496
12001067001,0,5,60.0,50.0,40.0,120000.0,10,29.0,7.0,16.0,1.56,3248.0,6.0,7.0,29.0,16.0,8,1,2,16,96.0,160,960.0,51968.0,24.96,0.43306666666666666
14500028001,0,0,60.0,50.0,40.0,120000.0,10,51.0,40.0,31.0,6.05,63240.0,12.0,51.0,40.0,31.0,1,1,1,1,12.0,10,120.0,63240.0,6.05,0.527
14500028001,0,1,60.0,50.0,40.0,120000.0,10,51.0,40.0,31.0,6.05,63240.0,12.0,51.0,31.0,40.0,1,1,1,1,12.0,10,120.0,63240.0,6.05,0.527
14313008001,0,0,60.0,50.0,40.0,120000.0,10,18.0,12.0,8.0,0.1,1728.0,1.0,18.0,12.0,8.0,3,4,5,60,60.0,600,600.0,103680.0,6.0,0.864
14313008001,0,1,60.0,50.0,40.0,120000.0,10,18.0,12.0,8.0,0.1,1728.0,1.0,18.0,8.0,12.0,3,6,3,54,54.0,540,540.0,93312.0,5.4,0.7776
14313008001,0,2,60.0,50.0,40.0,120000.0,10,18.0,12.0,8.0,0.1,1728.0,1.0,8.0,18.0,12.0,7,2,3,42,42.0,420,420.0,72576.0,4.2,0.6048
14313008001,0,3,60.0,50.0,40.0,120000.0,10,18.0,12.0,8.0,0.1,1728.0,1.0,8.0,12.0,18.0,7,4,2,56,56.0,560,560.0,96768.0,5.6000000000000005,0.8064
14313008001,0,4,60.0,50.0,40.0,120000.0,10,18.0,12.0,8.0,0.1,1728.0,1.0,12.0,8.0,18.0,5,6,2,60,60.0,600,600.0,103680.0,6.0,0.864
14313008001,0,5,60.0,50.0,40.0,120000.0,10,18.0,12.0,8.0,0.1,1728.0,1.0,12.0,18.0,8.0,5,2,5,50,50.0,500,500.0,86400.0,5.0,0.72
12000146001,0,0,60.0,50.0,40.0,120000.0,10,26.0,22.0,23.0,6.98,13156.0,6.0,26.0,22.0,23.0,2,2,1,4,24.0,40,240.0,52624.0,27.92,0.43853333333333333
12000146001,0,1,60.0,50.0,40.0,120000.0,10,26.0,22.0,23.0,6.98,13156.0,6.0,26.0,23.0,22.0,2,2,1,4,24.0,40,240.0,52624.0,27.92,0.43853333333333333
12000146001,0,2,60.0,50.0,40.0,120000.0,10,26.0,22.0,23.0,6.98,13156.0,6.0,23.0,26.0,22.0,2,1,1,2,12.0,20,120.0,26312.0,13.96,0.21926666666666667
12000146001,0,3,60.0,50.0,40.0,120000.0,10,26.0,22.0,23.0,6.98,13156.0,6.0,23.0,22.0,26.0,2,2,1,4,24.0,40,240.0,52624.0,27.92,0.43853333333333333
12000146001,0,4,60.0,50.0,40.0,120000.0,10,26.0,22.0,23.0,6.98,13156.0,6.0,22.0,23.0,26.0,2,2,1,4,24.0,40,240.0,52624.0,27.92,0.43853333333333333
12000146001,0,5,60.0,50.0,40.0,120000.0,10,26.0,22.0,23.0,6.98,13156.0,6.0,22.0,26.0,23.0,2,1,1,2,12.0,20,120.0,26312.0,13.96,0.21926666666666667
14504042001,0,0,60.0,50.0,40.0,120000.0,10,54.0,38.0,25.0,5.21,51300.0,12.0,54.0,38.0,25.0,1,1,1,1,12.0,10,120.0,51300.0,5.21,0.4275
14504042001,0,1,60.0,50.0,40.0,120000.0,10,54.0,38.0,25.0,5.21,51300.0,12.0,54.0,25.0,38.0,1,2,1,2,24.0,20,240.0,102600.0,10.42,0.855
14631100001,0,0,60.0,50.0,40.0,120000.0,10,29.0,22.0,15.0,5.31,9570.0,12.0,29.0,22.0,15.0,2,2,2,8,96.0,80,960.0,76560.0,42.48,0.638
14631100001,0,1,60.0,50.0,40.0,120000.0,10,29.0,22.0,15.0,5.31,9570.0,12.0,29.0,15.0,22.0,2,3,1,6,72.0,60,720.0,57420.0,31.86,0.4785
14631100001,0,2,60.0,50.0,40.0,120000.0,10,29.0,22.0,15.0,5.31,9570.0,12.0,15.0,29.0,22.0,4,1,1,4,48.0,40,480.0,38280.0,21.24,0.319
14631100001,0,3,60.0,50.0,40.0,120000.0,10,29.0,22.0,15.0,5.31,9570.0,12.0,15.0,22.0,29.0,4,2,1,8,96.0,80,960.0,76560.0,42.48,0.638
14631100001,0,4,60.0,50.0,40.0,120000.0,10,29.0,22.0,15.0,5.31,9570.0,12.0,22.0,15.0,29.0,2,3,1,6,72.0,60,720.0,57420.0,31.86,0.4785
14631100001,0,5,60.0,50.0,40.0,120000.0,10,29.0,22.0,15.0,5.31,9570.0,12.0,22.0,29.0,15.0,2,1,2,4,48.0,40,480.0,38280.0,21.24,0.319
14311093001,0,0,60.0,50.0,40.0,120000.0,10,33.0,25.0,23.0,3.51,18975.0,6.0,33.0,25.0,23.0,1,2,1,2,12.0,20,120.0,37950.0,7.02,0.31625
14311093001,0,1,60.0,50.0,40.0,120000.0,10,33.0,25.0,23.0,3.51,18975.0,6.0,33.0,23.0,25.0,1,2,1,2,12.0,20,120.0,37950.0,7.02,0.31625
14311093001,0,2,60.0,50.0,40.0,120000.0,10,33.0,25.0,23.0,3.51,18975.0,6.0,23.0,33.0,25.0,2,1,1,2,12.0,20,120.0,37950.0,7.02,0.31625
14311093001,0,3,60.0,50.0,40.0,120000.0,10,33.0,25.0,23.0,3.51,18975.0,6.0,23.0,25.0,33.0,2,2,1,4,24.0,40,240.0,75900.0,14.04,0.6325
14311093001,0,4,60.0,50.0,40.0,120000.0,10,33.0,25.0,23.0,3.51,18975.0,6.0,25.0,23.0,33.0,2,2,1,4,24.0,40,240.0,75900.0,14.04,0.6325
14311093001,0,5,60.0,50.0,40.0,120000.0,10,33.0,25.0,23.0,3.51,18975.0,6.0,25.0,33.0,23.0,2,1,1,2,12.0,20,120.0,37950.0,7.02,0.31625
14243111001,0,0,60.0,50.0,40.0,120000.0,10,39.0,30.0,17.0,4.4,19890.0,12.0,39.0,30.0,17.0,1,1,2,2,24.0,20,240.0,39780.0,8.8,0.3315
14243111001,0,1,60.0,50.0,40.0,120000.0,10,39.0,30.0,17.0,4.4,19890.0,12.0,39.0,17.0,30.0,1,2,1,2,24.0,20,240.0,39780.0,8.8,0.3315
14243111001,0,2,60.0,50.0,40.0,120000.0,10,39.0,30.0,17.0,4.4,19890.0,12.0,17.0,39.0,30.0,3,1,1,3,36.0,30,360.0,59670.0,13.200000000000001,0.49725
14243111001,0,3,60.0,50.0,40.0,120000.0,10,39.0,30.0,17.0,4.4,19890.0,12.0,17.0,30.0,39.0,3,1,1,3,36.0,30,360.0,59670.0,13.200000000000001,0.49725
14243111001,0,4,60.0,50.0,40.0,120000.0,10,39.0,30.0,17.0,4.4,19890.0,12.0,30.0,17.0,39.0,2,2,1,4,48.0,40,480.0,79560.0,17.6,0.663
14243111001,0,5,60.0,50.0,40.0,120000.0,10,39.0,30.0,17.0,4.4,19890.0,12.0,30.0,39.0,17.0,2,1,2,4,48.0,40,480.0,79560.0,17.6,0.663
14243110001,0,0,60.0,50.0,40.0,120000.0,10,39.0,30.0,17.0,4.4,19890.0,12.0,39.0,30.0,17.0,1,1,2,2,24.0,20,240.0,39780.0,8.8,0.3315
14243110001,0,1,60.0,50.0,40.0,120000.0,10,39.0,30.0,17.0,4.4,19890.0,12.0,39.0,17.0,30.0,1,2,1,2,24.0,20,240.0,39780.0,8.8,0.3315
14243110001,0,2,60.0,50.0,40.0,120000.0,10,39.0,30.0,17.0,4.4,19890.0,12.0,17.0,39.0,30.0,3,1,1,3,36.0,30,360.0,59670.0,13.200000000000001,0.49725
14243110001,0,3,60.0,50.0,40.0,120000.0,10,39.0,30.0,17.0,4.4,19890.0,12.0,17.0,30.0,39.0,3,1,1,3,36.0,30,360.0,59670.0,13.200000000000001,0.49725
14243110001,0,4,60.0,50.0,40.0,120000.0,10,39.0,30.0,17.0,4.4,19890.0,12.0,30.0,17.0,39.0,2,2,1,4,48.0,40,480.0,79560.0,17.6,0.663
14243110001,0,5,60.0,50.0,40.0,120000.0,10,39.0,30.0,17.0,4.4,19890.0,12.0,30.0,39.0,17.0,2,1,2,4,48.0,40,480.0,79560.0,17.6,0.663
42301034001,0,0,60.0,50.0,40.0,120000.0,10,24.0,14.0,4.0,0.172,1344.0,1.0,24.0,14.0,4.0,2,3,10,60,60.0,600,600.0,80640.0,10.319999999999999,0.672
42301034001,0,1,60.0,50.0,40.0,120000.0,10,24.0,14.0,4.0,0.172,1344.0,1.0,24.0,4.0,14.0,2,12,2,48,48.0,480,480.0,64512.0,8.256,0.5376
42301034001,0,2,60.0,50.0,40.0,120000.0,10,24.0,14.0,4.0,0.172,1344.0,1.0,4.0,24.0,14.0,15,2,2,60,60.0,600,600.0,80640.0,10.319999999999999,0.672
42301034001,0,3,60.0,50.0,40.0,120000.0,10,24.0,14.0,4.0,0.172,1344.0,1.0,4.0,14.0,24.0,15,3,1,45,45.0,450,450.0,60480.0,7.739999999999999,0.504
42301034001,0,4,60.0,50.0,40.0,120000.0,10,24.0,14.0,4.0,0.172,1344.0,1.0,14.0,4.0,24.0,4,12,1,48,48.0,480,480.0,64512.0,8.256,0.5376
42301034001,0,5,60.0,50.0,40.0,120000.0,10,24.0,14.0,4.0,0.172,1344.0,1.0,14.0,24.0,4.0,4,2,10,80,80.0,800,800.0,107520.0,13.759999999999998,0.896
14634027001,0,0,60.0,50.0,40.0,120000.0,10,29.0,23.0,13.0,5.63,8671.0,12.0,29.0,23.0,13.0,2,2,3,12,144.0,120,1440.0,104052.0,67.56,0.8671
14634027001,0,1,60.0,50.0,40.0,120000.0,10,29.0,23.0,13.0,5.63,8671.0,12.0,29.0,13.0,23.0,2,3,1,6,72.0,60,720.0,52026.0,33.78,0.43355
14634027001,0,2,60.0,50.0,40.0,120000.0,10,29.0,23.0,13.0,5.63,8671.0,12.0,13.0,29.0,23.0,4,1,1,4,48.0,40,480.0,34684.0,22.52,0.2890333333333333
14634027001,0,3,60.0,50.0,40.0,120000.0,10,29.0,23.0,13.0,5.63,8671.0,12.0,13.0,23.0,29.0,4,2,1,8,96.0,80,960.0,69368.0,45.04,0.5780666666666666
14634027001,0,4,60.0,50.0,40.0,120000.0,10,29.0,23.0,13.0,5.63,8671.0,12.0,23.0,13.0,29.0,2,3,1,6,72.0,60,720.0,52026.0,33.78,0.43355
14634027001,0,5,60.0,50.0,40.0,120000.0,10,29.0,23.0,13.0,5.63,8671.0,12.0,23.0,29.0,13.0,2,1,3,6,72.0,60,720.0,52026.0,33.78,0.43355
14506140001,0,0,60.0,50.0,40.0,120000.0,10,40.0,32.0,27.0,5.54,34560.0,32.0,40.0,32.0,27.0,1,1,1,1,32.0,10,320.0,34560.0,5.54,0.288
14506140001,0,1,60.0,50.0,40.0,120000.0,10,40.0,32.0,27.0,5.54,34560.0,32.0,40.0,27.0,32.0,1,1,1,1,32.0,10,320.0,34560.0,5.54,0.288
14506140001,0,2,60.0,50.0,40.0,120000.0,10,40.0,32.0,27.0,5.54,34560.0,32.0,27.0,40.0,32.0,2,1,1,2,64.0,20,640.0,69120.0,11.08,0.576
14506140001,0,3,60.0,50.0,40.0,120000.0,10,40.0,32.0,27.0,5.54,34560.0,32.0,27.0,32.0,40.0,2,1,1,2,64.0,20,640.0,69120.0,11.08,0.576
14506140001,0,4,60.0,50.0,40.0,120000.0,10,40.0,32.0,27.0,5.54,34560.0,32.0,32.0,27.0,40.0,1,1,1,1,32.0,10,320.0,34560.0,5.54,0.288
14506140001,0,5,60.0,50.0,40.0,120000.0,10,40.0,32.0,27.0,5.54,34560.0,32.0,32.0,40.0,27.0,1,1,1,1,32.0,10,320.0,34560.0,5.54,0.288
14353013001,0,0,60.0,50.0,40.0,120000.0,10,32.0,29.0,32.0,4.08,29696.0,12.0,32.0,29.0,32.0,1,1,1,1,12.0,10,120.0,29696.0,4.08,0.24746666666666667
14353013001,0,1,60.0,50.0,40.0,120000.0,10,32.0,29.0,32.0,4.08,29696.0,12.0,32.0,32.0,29.0,1,1,1,1,12.0,10,120.0,29696.0,4.08,0.24746666666666667
14353013001,0,2,60.0,50.0,40.0,120000.0,10,32.0,29.0,32.0,4.08,29696.0,12.0,32.0,32.0,29.0,1,1,1,1,12.0,10,120.0,29696.0,4.08,0.24746666666666667
14353013001,0,3,60.0,50.0,40.0,120000.0,10,32.0,29.0,32.0,4.08,29696.0,12.0,32.0,29.0,32.0,1,1,1,1,12.0,10,120.0,29696.0,4.08,0.24746666666666667
14353013001,0,4,60.0,50.0,40.0,120000.0,10,32.0,29.0,32.0,4.08,29696.0,12.0,29.0,32.0,32.0,2,1,1,2,24.0,20,240.0,59392.0,8.16,0.49493333333333334
14353013001,0,5,60.0,50.0,40.0,120000.0,10,32.0,29.0,32.0,4.08,29696.0,12.0,29.0,32.0,32.0,2,1,1,2,24.0,20,240.0,59392.0,8.16,0.49493333333333334
14020961001,0,1,60.0,50.0,40.0,120000.0,10,48.0,32.0,41.0,3.89,62976.0,12.0,48.0,41.0,32.0,1,1,1,1,12.0,10,120.0,62976.0,3.89,0.5248
14020961001,0,2,60.0,50.0,40.0,120000.0,10,48.0,32.0,41.0,3.89,62976.0,12.0,41.0,48.0,32.0,1,1,1,1,12.0,10,120.0,62976.0,3.89,0.5248
31421041001,0,0,60.0,50.0,40.0,120000.0,10,50.0,48.0,31.0,12.01,74400.0,48.0,50.0,48.0,31.0,1,1,1,1,48.0,10,480.0,74400.0,12.01,0.62
31421041001,0,5,60.0,50.0,40.0,120000.0,10,50.0,48.0,31.0,12.01,74400.0,48.0,48.0,50.0,31.0,1,1,1,1,48.0,10,480.0,74400.0,12.01,0.62
14111120001,0,0,60.0,50.0,40.0,120000.0,10,47.0,20.0,25.0,2.91,23500.0,12.0,47.0,20.0,25.0,1,2,1,2,24.0,20,240.0,47000.0,5.82,0.39166666666666666
14111120001,0,1,60.0,50.0,40.0,120000.0,10,47.0,20.0,25.0,2.91,23500.0,12.0,47.0,25.0,20.0,1,2,2,4,48.0,40,480.0,94000.0,11.64,0.7833333333333333
14111120001,0,2,60.0,50.0,40.0,120000.0,10,47.0,20.0,25.0,2.91,23500.0,12.0,25.0,47.0,20.0,2,1,2,4,48.0,40,480.0,94000.0,11.64,0.7833333333333333
14111120001,0,5,60.0,50.0,40.0,120000.0,10,47.0,20.0,25.0,2.91,23500.0,12.0,20.0,47.0,25.0,3,1,1,3,36.0,30,360.0,70500.0,8.73,0.5875
11103203001,0,0,60.0,50.0,40.0,120000.0,10,35.0,26.0,31.0,7.01,28210.0,8.0,35.0,26.0,31.0,1,1,1,1,8.0,10,80.0,28210.0,7.01,0.23508333333333334
11103203001,0,1,60.0,50.0,40.0,120000.0,10,35.0,26.0,31.0,7.01,28210.0,8.0,35.0,31.0,26.0,1,1,1,1,8.0,10,80.0,28210.0,7.01,0.23508333333333334
11103203001,0,2,60.0,50.0,40.0,120000.0,10,35.0,26.0,31.0,7.01,28210.0,8.0,31.0,35.0,26.0,1,1,1,1,8.0,10,80.0,28210.0,7.01,0.23508333333333334
11103203001,0,3,60.0,50.0,40.0,120000.0,10,35.0,26.0,31.0,7.01,28210.0,8.0,31.0,26.0,35.0,1,1,1,1,8.0,10,80.0,28210.0,7.01,0.23508333333333334
11103203001,0,4,60.0,50.0,40.0,120000.0,10,35.0,26.0,31.0,7.01,28210.0,8.0,26.0,31.0,35.0,2,1,1,2,16.0,20,160.0,56420.0,14.02,0.4701666666666667
11103203001,0,5,60.0,50.0,40.0,120000.0,10,35.0,26.0,31.0,7.01,28210.0,8.0,26.0,35.0,31.0,2,1,1,2,16.0,20,160.0,56420.0,14.02,0.4701666666666667
12323109001,0,0,60.0,50.0,40.0,120000.0,10,40.0,28.0,13.0,1.95,14560.0,6.0,40.0,28.0,13.0,1,1,3,3,18.0,30,180.0,43680.0,5.85,0.364
12323109001,0,1,60.0,50.0,40.0,120000.0,10,40.0,28.0,13.0,1.95,14560.0,6.0,40.0,13.0,28.0,1,3,1,3,18.0,30,180.0,43680.0,5.85,0.364
12323109001,0,2,60.0,50.0,40.0,120000.0,10,40.0,28.0,13.0,1.95,14560.0,6.0,13.0,40.0,28.0,4,1,1,4,24.0,40,240.0,58240.0,7.8,0.48533333333333334
12323109001,0,3,60.0,50.0,40.0,120000.0,10,40.0,28.0,13.0,1.95,14560.0,6.0,13.0,28.0,40.0,4,1,1,4,24.0,40,240.0,58240.0,7.8,0.48533333333333334
12323109001,0,4,60.0,50.0,40.0,120000.0,10,40.0,28.0,13.0,1.95,14560.0,6.0,28.0,13.0,40.0,2,3,1,6,36.0,60,360.0,87360.0,11.7,0.728
12323109001,0,5,60.0,50.0,40.0,120000.0,10,40.0,28.0,13.0,1.95,14560.0,6.0,28.0,40.0,13.0,2,1,3,6,36.0,60,360.0,87360.0,11.7,0.728
14508903001,0,0,60.0,50.0,40.0,120000.0,10,55.0,35.0,39.0,10.2,75075.0,18.0,55.0,35.0,39.0,1,1,1,1,18.0,10,180.0,75075.0,10.2,0.625625
14508903001,0,1,60.0,50.0,40.0,120000.0,10,55.0,35.0,39.0,10.2,75075.0,18.0,55.0,39.0,35.0,1,1,1,1,18.0,10,180.0,75075.0,10.2,0.625625
12110058001,0,0,60.0,50.0,40.0,120000.0,10,21.0,9.0,21.0,0.8,3969.0,6.0,21.0,9.0,21.0,2,5,1,10,60.0,100,600.0,39690.0,8.0,0.33075
12110058001,0,1,60.0,50.0,40.0,120000.0,10,21.0,9.0,21.0,0.8,3969.0,6.0,21.0,21.0,9.0,2,2,4,16,96.0,160,960.0,63504.0,12.8,0.5292
12110058001,0,2,60.0,50.0,40.0,120000.0,10,21.0,9.0,21.0,0.8,3969.0,6.0,21.0,21.0,9.0,2,2,4,16,96.0,160,960.0,63504.0,12.8,0.5292
12110058001,0,3,60.0,50.0,40.0,120000.0,10,21.0,9.0,21.0,0.8,3969.0,6.0,21.0,9.0,21.0,2,5,1,10,60.0,100,600.0,39690.0,8.0,0.33075
12110058001,0,4,60.0,50.0,40.0,120000.0,10,21.0,9.0,21.0,0.8,3969.0,6.0,9.0,21.0,21.0,6,2,1,12,72.0,120,720.0,47628.0,9.600000000000001,0.3969
12110058001,0,5,60.0,50.0,40.0,120000.0,10,21.0,9.0,21.0,0.8,3969.0,6.0,9.0,21.0,21.0,6,2,1,12,72.0,120,720.0,47628.0,9.600000000000001,0.3969
12112018001,0,0,60.0,50.0,40.0,120000.0,10,23.0,17.0,19.0,3.32,7429.0,12.0,23.0,17.0,19.0,2,2,2,8,96.0,80,960.0,59432.0,26.56,0.4952666666666667
12112018001,0,1,60.0,50.0,40.0,120000.0,10,23.0,17.0,19.0,3.32,7429.0,12.0,23.0,19.0,17.0,2,2,2,8,96.0,80,960.0,59432.0,26.56,0.4952666666666667
12112018001,0,2,60.0,50.0,40.0,120000.0,10,23.0,17.0,19.0,3.32,7429.0,12.0,19.0,23.0,17.0,3,2,2,12,144.0,120,1440.0,89148.0,39.839999999999996,0.7429
12112018001,0,3,60.0,50.0,40.0,120000.0,10,23.0,17.0,19.0,3.32,7429.0,12.0,19.0,17.0,23.0,3,2,1,6,72.0,60,720.0,44574.0,19.919999999999998,0.37145
12112018001,0,4,60.0,50.0,40.0,120000.0,10,23.0,17.0,19.0,3.32,7429.0,12.0,17.0,19.0,23.0,3,2,1,6,72.0,60,720.0,44574.0,19.919999999999998,0.37145
12112018001,0,5,60.0,50.0,40.0,120000.0,10,23.0,17.0,19.0,3.32,7429.0,12.0,17.0,23.0,19.0,3,2,2,12,144.0,120,1440.0,89148.0,39.839999999999996,0.7429
11032003001,0,0,60.0,50.0,40.0,120000.0,10,38.0,25.0,20.0,8.22,19000.0,12.0,38.0,25.0,20.0,1,2,2,4,48.0,40,480.0,76000.0,32.88,0.6333333333333333
11032003001,0,1,60.0,50.0,40.0,120000.0,10,38.0,25.0,20.0,8.22,19000.0,12.0,38.0,20.0,25.0,1,2,1,2,24.0,20,240.0,38000.0,16.44,0.31666666666666665
11032003001,0,2,60.0,50.0,40.0,120000.0,10,38.0,25.0,20.0,8.22,19000.0,12.0,20.0,38.0,25.0,3,1,1,3,36.0,30,360.0,57000.0,24.660000000000004,0.475
11032003001,0,3,60.0,50.0,40.0,120000.0,10,38.0,25.0,20.0,8.22,19000.0,12.0,20.0,25.0,38.0,3,2,1,6,72.0,60,720.0,114000.0,49.32000000000001,0.95
11032003001,0,4,60.0,50.0,40.0,120000.0,10,38.0,25.0,20.0,8.22,19000.0,12.0,25.0,20.0,38.0,2,2,1,4,48.0,40,480.0,76000.0,32.88,0.6333333333333333
11032003001,0,5,60.0,50.0,40.0,120000.0,10,38.0,25.0,20.0,8.22,19000.0,12.0,25.0,38.0,20.0,2,1,2,4,48.0,40,480.0,76000.0,32.88,0.6333333333333333
12121109001,0,0,60.0,50.0,40.0,120000.0,10,40.8,30.2,23.0,2.56,28339.679999999997,12.0,40.8,30.2,23.0,1,1,1,1,12.0,10,120.0,28339.679999999997,2.56,0.23616399999999999
12121109001,0,1,60.0,50.0,40.0,120000.0,10,40.8,30.2,23.0,2.56,28339.679999999997,12.0,40.8,23.0,30.2,1,2,1,2,24.0,20,240.0,56679.35999999999,5.12,0.47232799999999997
12121109001,0,2,60.0,50.0,40.0,120000.0,10,40.8,30.2,23.0,2.56,28339.679999999997,12.0,23.0,40.8,30.2,2,1,1,2,24.0,20,240.0,56679.35999999999,5.12,0.47232799999999997
12121109001,0,5,60.0,50.0,40.0,120000.0,10,40.8,30.2,23.0,2.56,28339.679999999997,12.0,30.2,40.8,23.0,1,1,1,1,12.0,10,120.0,28339.679999999997,2.56,0.23616399999999999
12011220001,0,0,60.0,50.0,40.0,120000.0,10,49.0,29.0,28.0,8.6,39788.0,12.0,49.0,29.0,28.0,1,1,1,1,12.0,10,120.0,39788.0,8.6,0.3315666666666667
12011220001,0,1,60.0,50.0,40.0,120000.0,10,49.0,29.0,28.0,8.6,39788.0,12.0,49.0,28.0,29.0,1,1,1,1,12.0,10,120.0,39788.0,8.6,0.3315666666666667
12011220001,0,2,60.0,50.0,40.0,120000.0,10,49.0,29.0,28.0,8.6,39788.0,12.0,28.0,49.0,29.0,2,1,1,2,24.0,20,240.0,79576.0,17.2,0.6631333333333334
12011220001,0,5,60.0,50.0,40.0,120000.0,10,49.0,29.0,28.0,8.6,39788.0,12.0,29.0,49.0,28.0,2,1,1,2,24.0,20,240.0,79576.0,17.2,0.6631333333333334
14501007001,0,0,60.0,50.0,40.0,120000.0,10,32.0,30.0,14.0,2.5,13440.0,24.0,32.0,30.0,14.0,1,1,2,2,48.0,20,480.0,26880.0,5.0,0.224
14501007001,0,1,60.0,50.0,40.0,120000.0,10,32.0,30.0,14.0,2.5,13440.0,24.0,32.0,14.0,30.0,1,3,1,3,72.0,30,720.0,40320.0,7.5,0.336
14501007001,0,2,60.0,50.0,40.0,120000.0,10,32.0,30.0,14.0,2.5,13440.0,24.0,14.0,32.0,30.0,4,1,1,4,96.0,40,960.0,53760.0,10.0,0.448
14501007001,0,3,60.0,50.0,40.0,120000.0,10,32.0,30.0,14.0,2.5,13440.0,24.0,14.0,30.0,32.0,4,1,1,4,96.0,40,960.0,53760.0,10.0,0.448
14501007001,0,4,60.0,50.0,40.0,120000.0,10,32.0,30.0,14.0,2.5,13440.0,24.0,30.0,14.0,32.0,2,3,1,6,144.0,60,1440.0,80640.0,15.0,0.672
14501007001,0,5,60.0,50.0,40.0,120000.0,10,32.0,30.0,14.0,2.5,13440.0,24.0,30.0,32.0,14.0,2,1,2,4,96.0,40,960.0,53760.0,10.0,0.448
12011198001,0,0,60.0,50.0,40.0,120000.0,10,31.0,23.0,22.0,7.66,15686.0,12.0,31.0,23.0,22.0,1,2,1,2,24.0,20,240.0,31372.0,15.32,0.26143333333333335
12011198001,0,1,60.0,50.0,40.0,120000.0,10,31.0,23.0,22.0,7.66,15686.0,12.0,31.0,22.0,23.0,1,2,1,2,24.0,20,240.0,31372.0,15.32,0.26143333333333335
12011198001,0,2,60.0,50.0,40.0,120000.0,10,31.0,23.0,22.0,7.66,15686.0,12.0,22.0,31.0,23.0,2,1,1,2,24.0,20,240.0,31372.0,15.32,0.26143333333333335
12011198001,0,3,60.0,50.0,40.0,120000.0,10,31.0,23.0,22.0,7.66,15686.0,12.0,22.0,23.0,31.0,2,2,1,4,48.0,40,480.0,62744.0,30.64,0.5228666666666667
12011198001,0,4,60.0,50.0,40.0,120000.0,10,31.0,23.0,22.0,7.66,15686.0,12.0,23.0,22.0,31.0,2,2,1,4,48.0,40,480.0,62744.0,30.64,0.5228666666666667
12011198001,0,5,60.0,50.0,40.0,120000.0,10,31.0,23.0,22.0,7.66,15686.0,12.0,23.0,31.0,22.0,2,1,1,2,24.0,20,240.0,31372.0,15.32,0.26143333333333335
12000045001,0,0,60.0,50.0,40.0,120000.0,10,43.0,23.0,25.0,12.1,24725.0,12.0,43.0,23.0,25.0,1,2,1,2,24.0,20,240.0,49450.0,24.2,0.41208333333333336
12000045001,0,1,60.0,50.0,40.0,120000.0,10,43.0,23.0,25.0,12.1,24725.0,12.0,43.0,25.0,23.0,1,2,1,2,24.0,20,240.0,49450.0,24.2,0.41208333333333336
12000045001,0,2,60.0,50.0,40.0,120000.0,10,43.0,23.0,25.0,12.1,24725.0,12.0,25.0,43.0,23.0,2,1,1,2,24.0,20,240.0,49450.0,24.2,0.41208333333333336
12000045001,0,5,60.0,50.0,40.0,120000.0,10,43.0,23.0,25.0,12.1,24725.0,12.0,23.0,43.0,25.0,2,1,1,2,24.0,20,240.0,49450.0,24.2,0.41208333333333336
14851018001,0,0,60.0,50.0,40.0,120000.0,10,57.0,24.0,28.0,11.35,38304.0,7.0,57.0,24.0,28.0,1,2,1,2,14.0,20,140.0,76608.0,22.7,0.6384
14851018001,0,1,60.0,50.0,40.0,120000.0,10,57.0,24.0,28.0,11.35,38304.0,7.0,57.0,28.0,24.0,1,1,1,1,7.0,10,70.0,38304.0,11.35,0.3192
14730906001,0,0,60.0,50.0,40.0,120000.0,10,41.0,32.0,19.0,1.74,24928.0,12.0,41.0,32.0,19.0,1,1,2,2,24.0,20,240.0,49856.0,3.48,0.41546666666666665
14730906001,0,1,60.0,50.0,40.0,120000.0,10,41.0,32.0,19.0,1.74,24928.0,12.0,41.0,19.0,32.0,1,2,1,2,24.0,20,240.0,49856.0,3.48,0.41546666666666665
14730906001,0,2,60.0,50.0,40.0,120000.0,10,41.0,32.0,19.0,1.74,24928.0,12.0,19.0,41.0,32.0,3,1,1,3,36.0,30,360.0,74784.0,5.22,0.6232
14730906001,0,5,60.0,50.0,40.0,120000.0,10,41.0,32.0,19.0,1.74,24928.0,12.0,32.0,41.0,19.0,1,1,2,2,24.0,20,240.0,49856.0,3.48,0.41546666666666665
14741003001,0,0,60.0,50.0,40.0,120000.0,10,37.0,28.0,26.0,12.548,26936.0,12.0,37.0,28.0,26.0,1,1,1,1,12.0,10,120.0,26936.0,12.548,0.22446666666666668
14741003001,0,1,60.0,50.0,40.0,120000.0,10,37.0,28.0,26.0,12.548,26936.0,12.0,37.0,26.0,28.0,1,1,1,1,12.0,10,120.0,26936.0,12.548,0.22446666666666668
14741003001,0,2,60.0,50.0,40.0,120000.0,10,37.0,28.0,26.0,12.548,26936.0,12.0,26.0,37.0,28.0,2,1,1,2,24.0,20,240.0,53872.0,25.096,0.44893333333333335
14741003001,0,3,60.0,50.0,40.0,120000.0,10,37.0,28.0,26.0,12.548,26936.0,12.0,26.0,28.0,37.0,2,1,1,2,24.0,20,240.0,53872.0,25.096,0.44893333333333335
14741003001,0,4,60.0,50.0,40.0,120000.0,10,37.0,28.0,26.0,12.548,26936.0,12.0,28.0,26.0,37.0,2,1,1,2,24.0,20,240.0,53872.0,25.096,0.44893333333333335
14741003001,0,5,60.0,50.0,40.0,120000.0,10,37.0,28.0,26.0,12.548,26936.0,12.0,28.0,37.0,26.0,2,1,1,2,24.0,20,240.0,53872.0,25.096,0.44893333333333335
31533309001,0,0,60.0,50.0,40.0,120000.0,10,47.0,23.0,29.0,2.1,31349.0,24.0,47.0,23.0,29.0,1,2,1,2,48.0,20,480.0,62698.0,4.2,0.5224833333333333
31533309001,0,1,60.0,50.0,40.0,120000.0,10,47.0,23.0,29.0,2.1,31349.0,24.0,47.0,29.0,23.0,1,1,1,1,24.0,10,240.0,31349.0,2.1,0.26124166666666665
31533309001,0,2,60.0,50.0,40.0,120000.0,10,47.0,23.0,29.0,2.1,31349.0,24.0,29.0,47.0,23.0,2,1,1,2,48.0,20,480.0,62698.0,4.2,0.5224833333333333
31533309001,0,5,60.0,50.0,40.0,120000.0,10,47.0,23.0,29.0,2.1,31349.0,24.0,23.0,47.0,29.0,2,1,1,2,48.0,20,480.0,62698.0,4.2,0.5224833333333333
12212003001,0,0,60.0,50.0,40.0,120000.0,10,36.0,24.0,25.0,10.6,21600.0,16.0,36.0,24.0,25.0,1,2,1,2,32.0,20,320.0,43200.0,21.2,0.36
12212003001,0,1,60.0,50.0,40.0,120000.0,10,36.0,24.0,25.0,10.6,21600.0,16.0,36.0,25.0,24.0,1,2,1,2,32.0,20,320.0,43200.0,21.2,0.36
12212003001,0,2,60.0,50.0,40.0,120000.0,10,36.0,24.0,25.0,10.6,21600.0,16.0,25.0,36.0,24.0,2,1,1,2,32.0,20,320.0,43200.0,21.2,0.36
12212003001,0,3,60.0,50.0,40.0,120000.0,10,36.0,24.0,25.0,10.6,21600.0,16.0,25.0,24.0,36.0,2,2,1,4,64.0,40,640.0,86400.0,42.4,0.72
12212003001,0,4,60.0,50.0,40.0,120000.0,10,36.0,24.0,25.0,10.6,21600.0,16.0,24.0,25.0,36.0,2,2,1,4,64.0,40,640.0,86400.0,42.4,0.72
12212003001,0,5,60.0,50.0,40.0,120000.0,10,36.0,24.0,25.0,10.6,21600.0,16.0,24.0,36.0,25.0,2,1,1,2,32.0,20,320.0,43200.0,21.2,0.36
14210108001,0,0,60.0,50.0,40.0,120000.0,10,34.0,26.0,18.0,2.4,15912.0,20.0,34.0,26.0,18.0,1,1,2,2,40.0,20,400.0,31824.0,4.8,0.2652
14210108001,0,1,60.0,50.0,40.0,120000.0,10,34.0,26.0,18.0,2.4,15912.0,20.0,34.0,18.0,26.0,1,2,1,2,40.0,20,400.0,31824.0,4.8,0.2652
14210108001,0,2,60.0,50.0,40.0,120000.0,10,34.0,26.0,18.0,2.4,15912.0,20.0,18.0,34.0,26.0,3,1,1,3,60.0,30,600.0,47736.0,7.199999999999999,0.3978
14210108001,0,3,60.0,50.0,40.0,120000.0,10,34.0,26.0,18.0,2.4,15912.0,20.0,18.0,26.0,34.0,3,1,1,3,60.0,30,600.0,47736.0,7.199999999999999,0.3978
14210108001,0,4,60.0,50.0,40.0,120000.0,10,34.0,26.0,18.0,2.4,15912.0,20.0,26.0,18.0,34.0,2,2,1,4,80.0,40,800.0,63648.0,9.6,0.5304
14210108001,0,5,60.0,50.0,40.0,120000.0,10,34.0,26.0,18.0,2.4,15912.0,20.0,26.0,34.0,18.0,2,1,2,4,80.0,40,800.0,63648.0,9.6,0.5304
14523030001,0,0,60.0,50.0,40.0,120000.0,10,30.0,27.0,20.0,6.41,16200.0,12.0,30.0,27.0,20.0,2,1,2,4,48.0,40,480.0,64800.0,25.64,0.54
14523030001,0,1,60.0,50.0,40.0,120000.0,10,30.0,27.0,20.0,6.41,16200.0,12.0,30.0,20.0,27.0,2,2,1,4,48.0,40,480.0,64800.0,25.64,0.54
14523030001,0,2,60.0,50.0,40.0,120000.0,10,30.0,27.0,20.0,6.41,16200.0,12.0,20.0,30.0,27.0,3,1,1,3,36.0,30,360.0,48600.0,19.23,0.405
14523030001,0,3,60.0,50.0,40.0,120000.0,10,30.0,27.0,20.0,6.41,16200.0,12.0,20.0,27.0,30.0,3,1,1,3,36.0,30,360.0,48600.0,19.23,0.405
14523030001,0,4,60.0,50.0,40.0,120000.0,10,30.0,27.0,20.0,6.41,16200.0,12.0,27.0,20.0,30.0,2,2,1,4,48.0,40,480.0,64800.0,25.64,0.54
14523030001,0,5,60.0,50.0,40.0,120000.0,10,30.0,27.0,20.0,6.41,16200.0,12.0,27.0,30.0,20.0,2,1,2,4,48.0,40,480.0,64800.0,25.64,0.54
14020956001,0,0,60.0,50.0,40.0,120000.0,10,50.0,46.0,38.0,3.72,87400.0,8.0,50.0,46.0,38.0,1,1,1,1,8.0,10,80.0,87400.0,3.72,0.7283333333333334
14020956001,0,5,60.0,50.0,40.0,120000.0,10,50.0,46.0,38.0,3.72,87400.0,8.0,46.0,50.0,38.0,1,1,1,1,8.0,10,80.0,87400.0,3.72,0.7283333333333334
32430039001,0,0,60.0,50.0,40.0,120000.0,10,24.0,17.0,11.0,1.5,4488.0,24.0,24.0,17.0,11.0,2,2,3,12,288.0,120,2880.0,53856.0,18.0,0.4488
32430039001,0,1,60.0,50.0,40.0,120000.0,10,24.0,17.0,11.0,1.5,4488.0,24.0,24.0,11.0,17.0,2,4,2,16,384.0,160,3840.0,71808.0,24.0,0.5984
32430039001,0,2,60.0,50.0,40.0,120000.0,10,24.0,17.0,11.0,1.5,4488.0,24.0,11.0,24.0,17.0,5,2,2,20,480.0,200,4800.0,89760.0,30.0,0.748
32430039001,0,3,60.0,50.0,40.0,120000.0,10,24.0,17.0,11.0,1.5,4488.0,24.0,11.0,17.0,24.0,5,2,1,10,240.0,100,2400.0,44880.0,15.0,0.374
32430039001,0,4,60.0,50.0,40.0,120000.0,10,24.0,17.0,11.0,1.5,4488.0,24.0,17.0,11.0,24.0,3,4,1,12,288.0,120,2880.0,53856.0,18.0,0.4488
32430039001,0,5,60.0,50.0,40.0,120000.0,10,24.0,17.0,11.0,1.5,4488.0,24.0,17.0,24.0,11.0,3,2,3,18,432.0,180,4320.0,80784.0,27.0,0.6732
61062008001,0,0,60.0,50.0,40.0,120000.0,10,26.0,13.0,18.0,1.0,6084.0,12.0,26.0,13.0,18.0,2,3,2,12,144.0,120,1440.0,73008.0,12.0,0.6084
61062008001,0,1,60.0,50.0,40.0,120000.0,10,26.0,13.0,18.0,1.0,6084.0,12.0,26.0,18.0,13.0,2,2,3,12,144.0,120,1440.0,73008.0,12.0,0.6084
61062008001,0,2,60.0,50.0,40.0,120000.0,10,26.0,13.0,18.0,1.0,6084.0,12.0,18.0,26.0,13.0,3,1,3,9,108.0,90,1080.0,54756.0,9.0,0.4563
61062008001,0,3,60.0,50.0,40.0,120000.0,10,26.0,13.0,18.0,1.0,6084.0,12.0,18.0,13.0,26.0,3,3,1,9,108.0,90,1080.0,54756.0,9.0,0.4563
61062008001,0,4,60.0,50.0,40.0,120000.0,10,26.0,13.0,18.0,1.0,6084.0,12.0,13.0,18.0,26.0,4,2,1,8,96.0,80,960.0,48672.0,8.0,0.4056
61062008001,0,5,60.0,50.0,40.0,120000.0,10,26.0,13.0,18.0,1.0,6084.0,12.0,13.0,26.0,18.0,4,1,2,8,96.0,80,960.0,48672.0,8.0,0.4056
14210058001,0,0,60.0,50.0,40.0,120000.0,10,36.0,21.0,19.0,1.17,14364.0,20.0,36.0,21.0,19.0,1,2,2,4,80.0,40,800.0,57456.0,4.68,0.4788
14210058001,0,1,60.0,50.0,40.0,120000.0,10,36.0,21.0,19.0,1.17,14364.0,20.0,36.0,19.0,21.0,1,2,1,2,40.0,20,400.0,28728.0,2.34,0.2394
14210058001,0,2,60.0,50.0,40.0,120000.0,10,36.0,21.0,19.0,1.17,14364.0,20.0,19.0,36.0,21.0,3,1,1,3,60.0,30,600.0,43092.0,3.51,0.3591
14210058001,0,3,60.0,50.0,40.0,120000.0,10,36.0,21.0,19.0,1.17,14364.0,20.0,19.0,21.0,36.0,3,2,1,6,120.0,60,1200.0,86184.0,7.02,0.7182
14210058001,0,4,60.0,50.0,40.0,120000.0,10,36.0,21.0,19.0,1.17,14364.0,20.0,21.0,19.0,36.0,2,2,1,4,80.0,40,800.0,57456.0,4.68,0.4788
14210058001,0,5,60.0,50.0,40.0,120000.0,10,36.0,21.0,19.0,1.17,14364.0,20.0,21.0,36.0,19.0,2,1,2,4,80.0,40,800.0,57456.0,4.68,0.4788
11103179001,0,0,60.0,50.0,40.0,120000.0,10,8.0,9.0,13.0,0.2,936.0,1.0,8.0,9.0,13.0,7,5,3,105,105.0,1050,1050.0,98280.0,21.0,0.819
11103179001,0,1,60.0,50.0,40.0,120000.0,10,8.0,9.0,13.0,0.2,936.0,1.0,8.0,13.0,9.0,7,3,4,84,84.0,840,840.0,78624.0,16.8,0.6552
11103179001,0,2,60.0,50.0,40.0,120000.0,10,8.0,9.0,13.0,0.2,936.0,1.0,13.0,8.0,9.0,4,6,4,96,96.0,960,960.0,89856.0,19.200000000000003,0.7488
11103179001,0,3,60.0,50.0,40.0,120000.0,10,8.0,9.0,13.0,0.2,936.0,1.0,13.0,9.0,8.0,4,5,5,100,100.0,1000,1000.0,93600.0,20.0,0.78
11103179001,0,4,60.0,50.0,40.0,120000.0,10,8.0,9.0,13.0,0.2,936.0,1.0,9.0,13.0,8.0,6,3,5,90,90.0,900,900.0,84240.0,18.0,0.702
11103179001,0,5,60.0,50.0,40.0,120000.0,10,8.0,9.0,13.0,0.2,936.0,1.0,9.0,8.0,13.0,6,6,3,108,108.0,1080,1080.0,101088.0,21.6,0.8424
12010149001,0,0,60.0,50.0,40.0,120000.0,10,35.0,23.0,12.0,4.64,9660.0,12.0,35.0,23.0,12.0,1,2,3,6,72.0,60,720.0,57960.0,27.839999999999996,0.483
12010149001,0,1,60.0,50.0,40.0,120000.0,10,35.0,23.0,12.0,4.64,9660.0,12.0,35.0,12.0,23.0,1,4,1,4,48.0,40,480.0,38640.0,18.56,0.322
12010149001,0,2,60.0,50.0,40.0,120000.0,10,35.0,23.0,12.0,4.64,9660.0,12.0,12.0,35.0,23.0,5,1,1,5,60.0,50,600.0,48300.0,23.2,0.4025
12010149001,0,3,60.0,50.0,40.0,120000.0,10,35.0,23.0,12.0,4.64,9660.0,12.0,12.0,23.0,35.0,5,2,1,10,120.0,100,1200.0,96600.0,46.4,0.805
12010149001,0,4,60.0,50.0,40.0,120000.0,10,35.0,23.0,12.0,4.64,9660.0,12.0,23.0,12.0,35.0,2,4,1,8,96.0,80,960.0,77280.0,37.12,0.644
12010149001,0,5,60.0,50.0,40.0,120000.0,10,35.0,23.0,12.0,4.64,9660.0,12.0,23.0,35.0,12.0,2,1,3,6,72.0,60,720.0,57960.0,27.839999999999996,0.483
11010005001,0,0,60.0,50.0,40.0,120000.0,10,36.0,33.0,32.0,12.1,38016.0,6.0,36.0,33.0,32.0,1,1,1,1,6.0,10,60.0,38016.0,12.1,0.3168
11010005001,0,1,60.0,50.0,40.0,120000.0,10,36.0,33.0,32.0,12.1,38016.0,6.0,36.0,32.0,33.0,1,1,1,1,6.0,10,60.0,38016.0,12.1,0.3168
11010005001,0,2,60.0,50.0,40.0,120000.0,10,36.0,33.0,32.0,12.1,38016.0,6.0,32.0,36.0,33.0,1,1,1,1,6.0,10,60.0,38016.0,12.1,0.3168
11010005001,0,3,60.0,50.0,40.0,120000.0,10,36.0,33.0,32.0,12.1,38016.0,6.0,32.0,33.0,36.0,1,1,1,1,6.0,10,60.0,38016.0,12.1,0.3168
11010005001,0,4,60.0,50.0,40.0,120000.0,10,36.0,33.0,32.0,12.1,38016.0,6.0,33.0,32.0,36.0,1,1,1,1,6.0,10,60.0,38016.0,12.1,0.3168
11010005001,0,5,60.0,50.0,40.0,120000.0,10,36.0,33.0,32.0,12.1,38016.0,6.0,33.0,36.0,32.0,1,1,1,1,6.0,10,60.0,38016.0,12.1,0.3168
11110092001,0,0,60.0,50.0,40.0,120000.0,10,39.0,26.0,32.0,14.13,32448.0,4.0,39.0,26.0,32.0,1,1,1,1,4.0,10,40.0,32448.0,14.13,0.2704
11110092001,0,1,60.0,50.0,40.0,120000.0,10,39.0,26.0,32.0,14.13,32448.0,4.0,39.0,32.0,26.0,1,1,1,1,4.0,10,40.0,32448.0,14.13,0.2704
11110092001,0,2,60.0,50.0,40.0,120000.0,10,39.0,26.0,32.0,14.13,32448.0,4.0,32.0,39.0,26.0,1,1,1,1,4.0,10,40.0,32448.0,14.13,0.2704
11110092001,0,3,60.0,50.0,40.0,120000.0,10,39.0,26.0,32.0,14.13,32448.0,4.0,32.0,26.0,39.0,1,1,1,1,4.0,10,40.0,32448.0,14.13,0.2704
11110092001,0,4,60.0,50.0,40.0,120000.0,10,39.0,26.0,32.0,14.13,32448.0,4.0,26.0,32.0,39.0,2,1,1,2,8.0,20,80.0,64896.0,28.26,0.5408
11110092001,0,5,60.0,50.0,40.0,120000.0,10,39.0,26.0,32.0,14.13,32448.0,4.0,26.0,39.0,32.0,2,1,1,2,8.0,20,80.0,64896.0,28.26,0.5408
12005093008,0,0,60.0,50.0,40.0,120000.0,10,31.0,26.0,20.0,3.17,16120.0,12.0,31.0,26.0,20.0,1,1,2,2,24.0,20,240.0,32240.0,6.34,0.26866666666666666
12005093008,0,1,60.0,50.0,40.0,120000.0,10,31.0,26.0,20.0,3.17,16120.0,12.0,31.0,20.0,26.0,1,2,1,2,24.0,20,240.0,32240.0,6.34,0.26866666666666666
12005093008,0,2,60.0,50.0,40.0,120000.0,10,31.0,26.0,20.0,3.17,16120.0,12.0,20.0,31.0,26.0,3,1,1,3,36.0,30,360.0,48360.0,9.51,0.403
12005093008,0,3,60.0,50.0,40.0,120000.0,10,31.0,26.0,20.0,3.17,16120.0,12.0,20.0,26.0,31.0,3,1,1,3,36.0,30,360.0,48360.0,9.51,0.403
12005093008,0,4,60.0,50.0,40.0,120000.0,10,31.0,26.0,20.0,3.17,16120.0,12.0,26.0,20.0,31.0,2,2,1,4,48.0,40,480.0,64480.0,12.68,0.5373333333333333
12005093008,0,5,60.0,50.0,40.0,120000.0,10,31.0,26.0,20.0,3.17,16120.0,12.0,26.0,31.0,20.0,2,1,2,4,48.0,40,480.0,64480.0,12.68,0.5373333333333333
14503999001,0,0,60.0,50.0,40.0,120000.0,10,40.0,27.0,23.0,2.17,24840.0,12.0,40.0,27.0,23.0,1,1,1,1,12.0,10,120.0,24840.0,2.17,0.207
14503999001,0,1,60.0,50.0,40.0,120000.0,10,40.0,27.0,23.0,2.17,24840.0,12.0,40.0,23.0,27.0,1,2,1,2,24.0,20,240.0,49680.0,4.34,0.414
14503999001,0,2,60.0,50.0,40.0,120000.0,10,40.0,27.0,23.0,2.17,24840.0,12.0,23.0,40.0,27.0,2,1,1,2,24.0,20,240.0,49680.0,4.34,0.414
14503999001,0,3,60.0,50.0,40.0,120000.0,10,40.0,27.0,23.0,2.17,24840.0,12.0,23.0,27.0,40.0,2,1,1,2,24.0,20,240.0,49680.0,4.34,0.414
14503999001,0,4,60.0,50.0,40.0,120000.0,10,40.0,27.0,23.0,2.17,24840.0,12.0,27.0,23.0,40.0,2,2,1,4,48.0,40,480.0,99360.0,8.68,0.828
14503999001,0,5,60.0,50.0,40.0,120000.0,10,40.0,27.0,23.0,2.17,24840.0,12.0,27.0,40.0,23.0,2,1,1,2,24.0,20,240.0,49680.0,4.34,0.414
11074020001,0,0,60.0,50.0,40.0,120000.0,10,31.0,23.0,26.0,0.95,18538.0,12.0,31.0,23.0,26.0,1,2,1,2,24.0,20,240.0,37076.0,1.9,0.30896666666666667
11074020001,0,1,60.0,50.0,40.0,120000.0,10,31.0,23.0,26.0,0.95,18538.0,12.0,31.0,26.0,23.0,1,1,1,1,12.0,10,120.0,18538.0,0.95,0.15448333333333333
11074020001,0,2,60.0,50.0,40.0,120000.0,10,31.0,23.0,26.0,0.95,18538.0,12.0,26.0,31.0,23.0,2,1,1,2,24.0,20,240.0,37076.0,1.9,0.30896666666666667
11074020001,0,3,60.0,50.0,40.0,120000.0,10,31.0,23.0,26.0,0.95,18538.0,12.0,26.0,23.0,31.0,2,2,1,4,48.0,40,480.0,74152.0,3.8,0.6179333333333333
11074020001,0,4,60.0,50.0,40.0,120000.0,10,31.0,23.0,26.0,0.95,18538.0,12.0,23.0,26.0,31.0,2,1,1,2,24.0,20,240.0,37076.0,1.9,0.30896666666666667
11074020001,0,5,60.0,50.0,40.0,120000.0,10,31.0,23.0,26.0,0.95,18538.0,12.0,23.0,31.0,26.0,2,1,1,2,24.0,20,240.0,37076.0,1.9,0.30896666666666667
11032227001,0,0,60.0,50.0,40.0,120000.0,10,32.0,15.0,13.0,1.525,6240.0,20.0,32.0,15.0,13.0,1,3,3,9,180.0,90,1800.0,56160.0,13.725,0.468
11032227001,0,1,60.0,50.0,40.0,120000.0,10,32.0,15.0,13.0,1.525,6240.0,20.0,32.0,13.0,15.0,1,3,2,6,120.0,60,1200.0,37440.0,9.149999999999999,0.312
11032227001,0,2,60.0,50.0,40.0,120000.0,10,32.0,15.0,13.0,1.525,6240.0,20.0,13.0,32.0,15.0,4,1,2,8,160.0,80,1600.0,49920.0,12.2,0.416
11032227001,0,3,60.0,50.0,40.0,120000.0,10,32.0,15.0,13.0,1.525,6240.0,20.0,13.0,15.0,32.0,4,3,1,12,240.0,120,2400.0,74880.0,18.299999999999997,0.624
11032227001,0,4,60.0,50.0,40.0,120000.0,10,32.0,15.0,13.0,1.525,6240.0,20.0,15.0,13.0,32.0,4,3,1,12,240.0,120,2400.0,74880.0,18.299999999999997,0.624
11032227001,0,5,60.0,50.0,40.0,120000.0,10,32.0,15.0,13.0,1.525,6240.0,20.0,15.0,32.0,13.0,4,1,3,12,240.0,120,2400.0,74880.0,18.299999999999997,0.624
14304187001,0,0,60.0,50.0,40.0,120000.0,10,32.0,28.0,20.0,3.0,17920.0,12.0,32.0,28.0,20.0,1,1,2,2,24.0,20,240.0,35840.0,6.0,0.2986666666666667
14304187001,0,1,60.0,50.0,40.0,120000.0,10,32.0,28.0,20.0,3.0,17920.0,12.0,32.0,20.0,28.0,1,2,1,2,24.0,20,240.0,35840.0,6.0,0.2986666666666667
14304187001,0,2,60.0,50.0,40.0,120000.0,10,32.0,28.0,20.0,3.0,17920.0,12.0,20.0,32.0,28.0,3,1,1,3,36.0,30,360.0,53760.0,9.0,0.448
14304187001,0,3,60.0,50.0,40.0,120000.0,10,32.0,28.0,20.0,3.0,17920.0,12.0,20.0,28.0,32.0,3,1,1,3,36.0,30,360.0,53760.0,9.0,0.448
14304187001,0,4,60.0,50.0,40.0,120000.0,10,32.0,28.0,20.0,3.0,17920.0,12.0,28.0,20.0,32.0,2,2,1,4,48.0,40,480.0,71680.0,12.0,0.5973333333333334
14304187001,0,5,60.0,50.0,40.0,120000.0,10,32.0,28.0,20.0,3.0,17920.0,12.0,28.0,32.0,20.0,2,1,2,4,48.0,40,480.0,71680.0,12.0,0.5973333333333334
12000351001,0,0,60.0,50.0,40.0,120000.0,10,43.0,23.0,24.0,12.06,23736.0,12.0,43.0,23.0,24.0,1,2,1,2,24.0,20,240.0,47472.0,24.12,0.3956
12000351001,0,1,60.0,50.0,40.0,120000.0,10,43.0,23.0,24.0,12.06,23736.0,12.0,43.0,24.0,23.0,1,2,1,2,24.0,20,240.0,47472.0,24.12,0.3956
12000351001,0,2,60.0,50.0,40.0,120000.0,10,43.0,23.0,24.0,12.06,23736.0,12.0,24.0,43.0,23.0,2,1,1,2,24.0,20,240.0,47472.0,24.12,0.3956
12000351001,0,5,60.0,50.0,40.0,120000.0,10,43.0,23.0,24.0,12.06,23736.0,12.0,23.0,43.0,24.0,2,1,1,2,24.0,20,240.0,47472.0,24.12,0.3956
30052113002,0,0,60.0,50.0,40.0,120000.0,10,35.0,29.0,15.0,2.284,15225.0,20.0,35.0,29.0,15.0,1,1,2,2,40.0,20,400.0,30450.0,4.568,0.25375
30052113002,0,1,60.0,50.0,40.0,120000.0,10,35.0,29.0,15.0,2.284,15225.0,20.0,35.0,15.0,29.0,1,3,1,3,60.0,30,600.0,45675.0,6.851999999999999,0.380625
30052113002,0,2,60.0,50.0,40.0,120000.0,10,35.0,29.0,15.0,2.284,15225.0,20.0,15.0,35.0,29.0,4,1,1,4,80.0,40,800.0,60900.0,9.136,0.5075
30052113002,0,3,60.0,50.0,40.0,120000.0,10,35.0,29.0,15.0,2.284,15225.0,20.0,15.0,29.0,35.0,4,1,1,4,80.0,40,800.0,60900.0,9.136,0.5075
30052113002,0,4,60.0,50.0,40.0,120000.0,10,35.0,29.0,15.0,2.284,15225.0,20.0,29.0,15.0,35.0,2,3,1,6,120.0,60,1200.0,91350.0,13.703999999999999,0.76125
30052113002,0,5,60.0,50.0,40.0,120000.0,10,35.0,29.0,15.0,2.284,15225.0,20.0,29.0,35.0,15.0,2,1,2,4,80.0,40,800.0,60900.0,9.136,0.5075
14361899001,0,0,60.0,50.0,40.0,120000.0,10,48.0,33.0,22.0,4.806,34848.0,12.0,48.0,33.0,22.0,1,1,1,1,12.0,10,120.0,34848.0,4.806,0.2904
14361899001,0,1,60.0,50.0,40.0,120000.0,10,48.0,33.0,22.0,4.806,34848.0,12.0,48.0,22.0,33.0,1,2,1,2,24.0,20,240.0,69696.0,9.612,0.5808
14361899001,0,2,60.0,50.0,40.0,120000.0,10,48.0,33.0,22.0,4.806,34848.0,12.0,22.0,48.0,33.0,2,1,1,2,24.0,20,240.0,69696.0,9.612,0.5808
14361899001,0,5,60.0,50.0,40.0,120000.0,10,48.0,33.0,22.0,4.806,34848.0,12.0,33.0,48.0,22.0,1,1,1,1,12.0,10,120.0,34848.0,4.806,0.2904
14505973001,0,0,60.0,50.0,40.0,120000.0,10,37.0,32.0,14.0,3.49,16576.0,24.0,37.0,32.0,14.0,1,1,2,2,48.0,20,480.0,33152.0,6.98,0.27626666666666666
14505973001,0,1,60.0,50.0,40.0,120000.0,10,37.0,32.0,14.0,3.49,16576.0,24.0,37.0,14.0,32.0,1,3,1,3,72.0,30,720.0,49728.0,10.47,0.4144
14505973001,0,2,60.0,50.0,40.0,120000.0,10,37.0,32.0,14.0,3.49,16576.0,24.0,14.0,37.0,32.0,4,1,1,4,96.0,40,960.0,66304.0,13.96,0.5525333333333333
14505973001,0,3,60.0,50.0,40.0,120000.0,10,37.0,32.0,14.0,3.49,16576.0,24.0,14.0,32.0,37.0,4,1,1,4,96.0,40,960.0,66304.0,13.96,0.5525333333333333
14505973001,0,4,60.0,50.0,40.0,120000.0,10,37.0,32.0,14.0,3.49,16576.0,24.0,32.0,14.0,37.0,1,3,1,3,72.0,30,720.0,49728.0,10.47,0.4144
14505973001,0,5,60.0,50.0,40.0,120000.0,10,37.0,32.0,14.0,3.49,16576.0,24.0,32.0,37.0,14.0,1,1,2,2,48.0,20,480.0,33152.0,6.98,0.27626666666666666
12003104001,0,0,60.0,50.0,40.0,120000.0,10,34.0,21.0,23.0,6.7,16422.0,12.0,34.0,21.0,23.0,1,2,1,2,24.0,20,240.0,32844.0,13.4,0.2737
12003104001,0,1,60.0,50.0,40.0,120000.0,10,34.0,21.0,23.0,6.7,16422.0,12.0,34.0,23.0,21.0,1,2,1,2,24.0,20,240.0,32844.0,13.4,0.2737
12003104001,0,2,60.0,50.0,40.0,120000.0,10,34.0,21.0,23.0,6.7,16422.0,12.0,23.0,34.0,21.0,2,1,1,2,24.0,20,240.0,32844.0,13.4,0.2737
12003104001,0,3,60.0,50.0,40.0,120000.0,10,34.0,21.0,23.0,6.7,16422.0,12.0,23.0,21.0,34.0,2,2,1,4,48.0,40,480.0,65688.0,26.8,0.5474
12003104001,0,4,60.0,50.0,40.0,120000.0,10,34.0,21.0,23.0,6.7,16422.0,12.0,21.0,23.0,34.0,2,2,1,4,48.0,40,480.0,65688.0,26.8,0.5474
12003104001,0,5,60.0,50.0,40.0,120000.0,10,34.0,21.0,23.0,6.7,16422.0,12.0,21.0,34.0,23.0,2,1,1,2,24.0,20,240.0,32844.0,13.4,0.2737
14211052001,0,0,60.0,50.0,40.0,120000.0,10,36.0,22.0,19.0,1.66,15048.0,20.0,36.0,22.0,19.0,1,2,2,4,80.0,40,800.0,60192.0,6.64,0.5016
14211052001,0,1,60.0,50.0,40.0,120000.0,10,36.0,22.0,19.0,1.66,15048.0,20.0,36.0,19.0,22.0,1,2,1,2,40.0,20,400.0,30096.0,3.32,0.2508
14211052001,0,2,60.0,50.0,40.0,120000.0,10,36.0,22.0,19.0,1.66,15048.0,20.0,19.0,36.0,22.0,3,1,1,3,60.0,30,600.0,45144.0,4.9799999999999995,0.3762
14211052001,0,3,60.0,50.0,40.0,120000.0,10,36.0,22.0,19.0,1.66,15048.0,20.0,19.0,22.0,36.0,3,2,1,6,120.0,60,1200.0,90288.0,9.959999999999999,0.7524
14211052001,0,4,60.0,50.0,40.0,120000.0,10,36.0,22.0,19.0,1.66,15048.0,20.0,22.0,19.0,36.0,2,2,1,4,80.0,40,800.0,60192.0,6.64,0.5016
14211052001,0,5,60.0,50.0,40.0,120000.0,10,36.0,22.0,19.0,1.66,15048.0,20.0,22.0,36.0,19.0,2,1,2,4,80.0,40,800.0,60192.0,6.64,0.5016
31258006001,0,0,60.0,50.0,40.0,120000.0,10,26.0,23.0,16.0,1.0,9568.0,24.0,26.0,23.0,16.0,2,2,2,8,192.0,80,1920.0,76544.0,8.0,0.6378666666666667
31258006001,0,1,60.0,50.0,40.0,120000.0,10,26.0,23.0,16.0,1.0,9568.0,24.0,26.0,16.0,23.0,2,3,1,6,144.0,60,1440.0,57408.0,6.0,0.4784
31258006001,0,2,60.0,50.0,40.0,120000.0,10,26.0,23.0,16.0,1.0,9568.0,24.0,16.0,26.0,23.0,3,1,1,3,72.0,30,720.0,28704.0,3.0,0.2392
31258006001,0,3,60.0,50.0,40.0,120000.0,10,26.0,23.0,16.0,1.0,9568.0,24.0,16.0,23.0,26.0,3,2,1,6,144.0,60,1440.0,57408.0,6.0,0.4784
31258006001,0,4,60.0,50.0,40.0,120000.0,10,26.0,23.0,16.0,1.0,9568.0,24.0,23.0,16.0,26.0,2,3,1,6,144.0,60,1440.0,57408.0,6.0,0.4784
31258006001,0,5,60.0,50.0,40.0,120000.0,10,26.0,23.0,16.0,1.0,9568.0,24.0,23.0,26.0,16.0,2,1,2,4,96.0,40,960.0,38272.0,4.0,0.31893333333333335
14616195001,0,0,60.0,50.0,40.0,120000.0,10,24.0,19.0,24.0,6.3,10944.0,12.0,24.0,19.0,24.0,2,2,1,4,48.0,40,480.0,43776.0,25.2,0.3648
14616195001,0,1,60.0,50.0,40.0,120000.0,10,24.0,19.0,24.0,6.3,10944.0,12.0,24.0,24.0,19.0,2,2,2,8,96.0,80,960.0,87552.0,50.4,0.7296
14616195001,0,2,60.0,50.0,40.0,120000.0,10,24.0,19.0,24.0,6.3,10944.0,12.0,24.0,24.0,19.0,2,2,2,8,96.0,80,960.0,87552.0,50.4,0.7296
14616195001,0,3,60.0,50.0,40.0,120000.0,10,24.0,19.0,24.0,6.3,10944.0,12.0,24.0,19.0,24.0,2,2,1,4,48.0,40,480.0,43776.0,25.2,0.3648
14616195001,0,4,60.0,50.0,40.0,120000.0,10,24.0,19.0,24.0,6.3,10944.0,12.0,19.0,24.0,24.0,3,2,1,6,72.0,60,720.0,65664.0,37.8,0.5472
14616195001,0,5,60.0,50.0,40.0,120000.0,10,24.0,19.0,24.0,6.3,10944.0,12.0,19.0,24.0,24.0,3,2,1,6,72.0,60,720.0,65664.0,37.8,0.5472
14621013001,0,0,60.0,50.0,40.0,120000.0,10,36.0,28.0,27.0,16.0,27216.0,12.0,36.0,28.0,27.0,1,1,1,1,12.0,10,120.0,27216.0,16.0,0.2268
14621013001,0,1,60.0,50.0,40.0,120000.0,10,36.0,28.0,27.0,16.0,27216.0,12.0,36.0,27.0,28.0,1,1,1,1,12.0,10,120.0,27216.0,16.0,0.2268
14621013001,0,2,60.0,50.0,40.0,120000.0,10,36.0,28.0,27.0,16.0,27216.0,12.0,27.0,36.0,28.0,2,1,1,2,24.0,20,240.0,54432.0,32.0,0.4536
14621013001,0,3,60.0,50.0,40.0,120000.0,10,36.0,28.0,27.0,16.0,27216.0,12.0,27.0,28.0,36.0,2,1,1,2,24.0,20,240.0,54432.0,32.0,0.4536
14621013001,0,4,60.0,50.0,40.0,120000.0,10,36.0,28.0,27.0,16.0,27216.0,12.0,28.0,27.0,36.0,2,1,1,2,24.0,20,240.0,54432.0,32.0,0.4536
14621013001,0,5,60.0,50.0,40.0,120000.0,10,36.0,28.0,27.0,16.0,27216.0,12.0,28.0,36.0,27.0,2,1,1,2,24.0,20,240.0,54432.0,32.0,0.4536
14103051001,0,0,60.0,50.0,40.0,120000.0,10,46.0,44.0,33.0,8.2,66792.0,20.0,46.0,44.0,33.0,1,1,1,1,20.0,10,200.0,66792.0,8.2,0.5566
14103051001,0,5,60.0,50.0,40.0,120000.0,10,46.0,44.0,33.0,8.2,66792.0,20.0,44.0,46.0,33.0,1,1,1,1,20.0,10,200.0,66792.0,8.2,0.5566
10023892001,0,0,60.0,50.0,40.0,120000.0,10,57.0,32.0,20.0,9.38,36480.0,4.0,57.0,32.0,20.0,1,1,2,2,8.0,20,80.0,72960.0,18.76,0.608
10023892001,0,1,60.0,50.0,40.0,120000.0,10,57.0,32.0,20.0,9.38,36480.0,4.0,57.0,20.0,32.0,1,2,1,2,8.0,20,80.0,72960.0,18.76,0.608
14740018001,0,0,60.0,50.0,40.0,120000.0,10,37.0,28.0,26.0,12.62,26936.0,12.0,37.0,28.0,26.0,1,1,1,1,12.0,10,120.0,26936.0,12.62,0.22446666666666668
14740018001,0,1,60.0,50.0,40.0,120000.0,10,37.0,28.0,26.0,12.62,26936.0,12.0,37.0,26.0,28.0,1,1,1,1,12.0,10,120.0,26936.0,12.62,0.22446666666666668
14740018001,0,2,60.0,50.0,40.0,120000.0,10,37.0,28.0,26.0,12.62,26936.0,12.0,26.0,37.0,28.0,2,1,1,2,24.0,20,240.0,53872.0,25.24,0.44893333333333335
14740018001,0,3,60.0,50.0,40.0,120000.0,10,37.0,28.0,26.0,12.62,26936.0,12.0,26.0,28.0,37.0,2,1,1,2,24.0,20,240.0,53872.0,25.24,0.44893333333333335
14740018001,0,4,60.0,50.0,40.0,120000.0,10,37.0,28.0,26.0,12.62,26936.0,12.0,28.0,26.0,37.0,2,1,1,2,24.0,20,240.0,53872.0,25.24,0.44893333333333335
14740018001,0,5,60.0,50.0,40.0,120000.0,10,37.0,28.0,26.0,12.62,26936.0,12.0,28.0,37.0,26.0,2,1,1,2,24.0,20,240.0,53872.0,25.24,0.44893333333333335
11103196001,0,0,60.0,50.0,40.0,120000.0,10,38.0,31.0,32.0,16.21,37696.0,6.0,38.0,31.0,32.0,1,1,1,1,6.0,10,60.0,37696.0,16.21,0.3141333333333333
11103196001,0,1,60.0,50.0,40.0,120000.0,10,38.0,31.0,32.0,16.21,37696.0,6.0,38.0,32.0,31.0,1,1,1,1,6.0,10,60.0,37696.0,16.21,0.3141333333333333
11103196001,0,2,60.0,50.0,40.0,120000.0,10,38.0,31.0,32.0,16.21,37696.0,6.0,32.0,38.0,31.0,1,1,1,1,6.0,10,60.0,37696.0,16.21,0.3141333333333333
11103196001,0,3,60.0,50.0,40.0,120000.0,10,38.0,31.0,32.0,16.21,37696.0,6.0,32.0,31.0,38.0,1,1,1,1,6.0,10,60.0,37696.0,16.21,0.3141333333333333
11103196001,0,4,60.0,50.0,40.0,120000.0,10,38.0,31.0,32.0,16.21,37696.0,6.0,31.0,32.0,38.0,1,1,1,1,6.0,10,60.0,37696.0,16.21,0.3141333333333333
11103196001,0,5,60.0,50.0,40.0,120000.0,10,38.0,31.0,32.0,16.21,37696.0,6.0,31.0,38.0,32.0,1,1,1,1,6.0,10,60.0,37696.0,16.21,0.3141333333333333
12103070001,0,0,60.0,50.0,40.0,120000.0,10,24.0,13.0,24.0,0.85,7488.0,20.0,24.0,13.0,24.0,2,3,1,6,120.0,60,1200.0,44928.0,5.1,0.3744
12103070001,0,1,60.0,50.0,40.0,120000.0,10,24.0,13.0,24.0,0.85,7488.0,20.0,24.0,24.0,13.0,2,2,3,12,240.0,120,2400.0,89856.0,10.2,0.7488
12103070001,0,2,60.0,50.0,40.0,120000.0,10,24.0,13.0,24.0,0.85,7488.0,20.0,24.0,24.0,13.0,2,2,3,12,240.0,120,2400.0,89856.0,10.2,0.7488
12103070001,0,3,60.0,50.0,40.0,120000.0,10,24.0,13.0,24.0,0.85,7488.0,20.0,24.0,13.0,24.0,2,3,1,6,120.0,60,1200.0,44928.0,5.1,0.3744
12103070001,0,4,60.0,50.0,40.0,120000.0,10,24.0,13.0,24.0,0.85,7488.0,20.0,13.0,24.0,24.0,4,2,1,8,160.0,80,1600.0,59904.0,6.8,0.4992
12103070001,0,5,60.0,50.0,40.0,120000.0,10,24.0,13.0,24.0,0.85,7488.0,20.0,13.0,24.0,24.0,4,2,1,8,160.0,80,1600.0,59904.0,6.8,0.4992
11074060005,0,0,60.0,50.0,40.0,120000.0,10,24.0,22.0,11.0,0.63,5808.0,10.0,24.0,22.0,11.0,2,2,3,12,120.0,120,1200.0,69696.0,7.5600000000000005,0.5808
11074060005,0,1,60.0,50.0,40.0,120000.0,10,24.0,22.0,11.0,0.63,5808.0,10.0,24.0,11.0,22.0,2,4,1,8,80.0,80,800.0,46464.0,5.04,0.3872
11074060005,0,2,60.0,50.0,40.0,120000.0,10,24.0,22.0,11.0,0.63,5808.0,10.0,11.0,24.0,22.0,5,2,1,10,100.0,100,1000.0,58080.0,6.3,0.484
11074060005,0,3,60.0,50.0,40.0,120000.0,10,24.0,22.0,11.0,0.63,5808.0,10.0,11.0,22.0,24.0,5,2,1,10,100.0,100,1000.0,58080.0,6.3,0.484
11074060005,0,4,60.0,50.0,40.0,120000.0,10,24.0,22.0,11.0,0.63,5808.0,10.0,22.0,11.0,24.0,2,4,1,8,80.0,80,800.0,46464.0,5.04,0.3872
11074060005,0,5,60.0,50.0,40.0,120000.0,10,24.0,22.0,11.0,0.63,5808.0,10.0,22.0,24.0,11.0,2,2,3,12,120.0,120,1200.0,69696.0,7.5600000000000005,0.5808
11050097001,0,0,60.0,50.0,40.0,120000.0,10,40.0,24.0,32.0,16.54,30720.0,4.0,40.0,24.0,32.0,1,2,1,2,8.0,20,80.0,61440.0,33.08,0.512
11050097001,0,1,60.0,50.0,40.0,120000.0,10,40.0,24.0,32.0,16.54,30720.0,4.0,40.0,32.0,24.0,1,1,1,1,4.0,10,40.0,30720.0,16.54,0.256
11050097001,0,2,60.0,50.0,40.0,120000.0,10,40.0,24.0,32.0,16.54,30720.0,4.0,32.0,40.0,24.0,1,1,1,1,4.0,10,40.0,30720.0,16.54,0.256
11050097001,0,3,60.0,50.0,40.0,120000.0,10,40.0,24.0,32.0,16.54,30720.0,4.0,32.0,24.0,40.0,1,2,1,2,8.0,20,80.0,61440.0,33.08,0.512
11050097001,0,4,60.0,50.0,40.0,120000.0,10,40.0,24.0,32.0,16.54,30720.0,4.0,24.0,32.0,40.0,2,1,1,2,8.0,20,80.0,61440.0,33.08,0.512
11050097001,0,5,60.0,50.0,40.0,120000.0,10,40.0,24.0,32.0,16.54,30720.0,4.0,24.0,40.0,32.0,2,1,1,2,8.0,20,80.0,61440.0,33.08,0.512
11030062001,0,0,60.0,50.0,40.0,120000.0,10,26.0,20.0,9.0,2.21,4680.0,12.0,26.0,20.0,9.0,2,2,4,16,192.0,160,1920.0,74880.0,35.36,0.624
11030062001,0,1,60.0,50.0,40.0,120000.0,10,26.0,20.0,9.0,2.21,4680.0,12.0,26.0,9.0,20.0,2,5,2,20,240.0,200,2400.0,93600.0,44.2,0.78
11030062001,0,2,60.0,50.0,40.0,120000.0,10,26.0,20.0,9.0,2.21,4680.0,12.0,9.0,26.0,20.0,6,1,2,12,144.0,120,1440.0,56160.0,26.52,0.468
11030062001,0,3,60.0,50.0,40.0,120000.0,10,26.0,20.0,9.0,2.21,4680.0,12.0,9.0,20.0,26.0,6,2,1,12,144.0,120,1440.0,56160.0,26.52,0.468
11030062001,0,4,60.0,50.0,40.0,120000.0,10,26.0,20.0,9.0,2.21,4680.0,12.0,20.0,9.0,26.0,3,5,1,15,180.0,150,1800.0,70200.0,33.15,0.585
11030062001,0,5,60.0,50.0,40.0,120000.0,10,26.0,20.0,9.0,2.21,4680.0,12.0,20.0,26.0,9.0,3,1,4,12,144.0,120,1440.0,56160.0,26.52,0.468
14000135001,0,0,60.0,50.0,40.0,120000.0,10,38.0,20.0,23.0,0.84,17480.0,1.0,38.0,20.0,23.0,1,2,1,2,2.0,20,20.0,34960.0,1.68,0.29133333333333333
14000135001,0,1,60.0,50.0,40.0,120000.0,10,38.0,20.0,23.0,0.84,17480.0,1.0,38.0,23.0,20.0,1,2,2,4,4.0,40,40.0,69920.0,3.36,0.5826666666666667
14000135001,0,2,60.0,50.0,40.0,120000.0,10,38.0,20.0,23.0,0.84,17480.0,1.0,23.0,38.0,20.0,2,1,2,4,4.0,40,40.0,69920.0,3.36,0.5826666666666667
14000135001,0,3,60.0,50.0,40.0,120000.0,10,38.0,20.0,23.0,0.84,17480.0,1.0,23.0,20.0,38.0,2,2,1,4,4.0,40,40.0,69920.0,3.36,0.5826666666666667
14000135001,0,4,60.0,50.0,40.0,120000.0,10,38.0,20.0,23.0,0.84,17480.0,1.0,20.0,23.0,38.0,3,2,1,6,6.0,60,60.0,104880.0,5.04,0.874
14000135001,0,5,60.0,50.0,40.0,120000.0,10,38.0,20.0,23.0,0.84,17480.0,1.0,20.0,38.0,23.0,3,1,1,3,3.0,30,30.0,52440.0,2.52,0.437
10014103001,0,0,60.0,50.0,40.0,120000.0,10,39.0,17.0,26.0,11.312,17238.0,10.0,39.0,17.0,26.0,1,2,1,2,20.0,20,200.0,34476.0,22.624,0.2873
10014103001,0,1,60.0,50.0,40.0,120000.0,10,39.0,17.0,26.0,11.312,17238.0,10.0,39.0,26.0,17.0,1,1,2,2,20.0,20,200.0,34476.0,22.624,0.2873
10014103001,0,2,60.0,50.0,40.0,120000.0,10,39.0,17.0,26.0,11.312,17238.0,10.0,26.0,39.0,17.0,2,1,2,4,40.0,40,400.0,68952.0,45.248,0.5746
10014103001,0,3,60.0,50.0,40.0,120000.0,10,39.0,17.0,26.0,11.312,17238.0,10.0,26.0,17.0,39.0,2,2,1,4,40.0,40,400.0,68952.0,45.248,0.5746
10014103001,0,4,60.0,50.0,40.0,120000.0,10,39.0,17.0,26.0,11.312,17238.0,10.0,17.0,26.0,39.0,3,1,1,3,30.0,30,300.0,51714.0,33.936,0.43095
10014103001,0,5,60.0,50.0,40.0,120000.0,10,39.0,17.0,26.0,11.312,17238.0,10.0,17.0,39.0,26.0,3,1,1,3,30.0,30,300.0,51714.0,33.936,0.43095
14601051001,0,0,60.0,50.0,40.0,120000.0,10,30.0,23.0,17.0,4.326,11730.0,24.0,30.0,23.0,17.0,2,2,2,8,192.0,80,1920.0,93840.0,34.608,0.782
14601051001,0,1,60.0,50.0,40.0,120000.0,10,30.0,23.0,17.0,4.326,11730.0,24.0,30.0,17.0,23.0,2,2,1,4,96.0,40,960.0,46920.0,17.304,0.391
14601051001,0,2,60.0,50.0,40.0,120000.0,10,30.0,23.0,17.0,4.326,11730.0,24.0,17.0,30.0,23.0,3,1,1,3,72.0,30,720.0,35190.0,12.977999999999998,0.29325
14601051001,0,3,60.0,50.0,40.0,120000.0,10,30.0,23.0,17.0,4.326,11730.0,24.0,17.0,23.0,30.0,3,2,1,6,144.0,60,1440.0,70380.0,25.955999999999996,0.5865
14601051001,0,4,60.0,50.0,40.0,120000.0,10,30.0,23.0,17.0,4.326,11730.0,24.0,23.0,17.0,30.0,2,2,1,4,96.0,40,960.0,46920.0,17.304,0.391
14601051001,0,5,60.0,50.0,40.0,120000.0,10,30.0,23.0,17.0,4.326,11730.0,24.0,23.0,30.0,17.0,2,1,2,4,96.0,40,960.0,46920.0,17.304,0.391
12102048001,0,0,60.0,50.0,40.0,120000.0,10,30.0,17.0,24.0,3.3,12240.0,24.0,30.0,17.0,24.0,2,2,1,4,96.0,40,960.0,48960.0,13.2,0.408
12102048001,0,1,60.0,50.0,40.0,120000.0,10,30.0,17.0,24.0,3.3,12240.0,24.0,30.0,24.0,17.0,2,2,2,8,192.0,80,1920.0,97920.0,26.4,0.816
12102048001,0,2,60.0,50.0,40.0,120000.0,10,30.0,17.0,24.0,3.3,12240.0,24.0,24.0,30.0,17.0,2,1,2,4,96.0,40,960.0,48960.0,13.2,0.408
12102048001,0,3,60.0,50.0,40.0,120000.0,10,30.0,17.0,24.0,3.3,12240.0,24.0,24.0,17.0,30.0,2,2,1,4,96.0,40,960.0,48960.0,13.2,0.408
12102048001,0,4,60.0,50.0,40.0,120000.0,10,30.0,17.0,24.0,3.3,12240.0,24.0,17.0,24.0,30.0,3,2,1,6,144.0,60,1440.0,73440.0,19.799999999999997,0.612
12102048001,0,5,60.0,50.0,40.0,120000.0,10,30.0,17.0,24.0,3.3,12240.0,24.0,17.0,30.0,24.0,3,1,1,3,72.0,30,720.0,36720.0,9.899999999999999,0.306
11070063001,0,0,60.0,50.0,40.0,120000.0,10,43.0,28.0,28.0,13.126,33712.0,24.0,43.0,28.0,28.0,1,1,1,1,24.0,10,240.0,33712.0,13.126,0.2809333333333333
11070063001,0,1,60.0,50.0,40.0,120000.0,10,43.0,28.0,28.0,13.126,33712.0,24.0,43.0,28.0,28.0,1,1,1,1,24.0,10,240.0,33712.0,13.126,0.2809333333333333
11070063001,0,2,60.0,50.0,40.0,120000.0,10,43.0,28.0,28.0,13.126,33712.0,24.0,28.0,43.0,28.0,2,1,1,2,48.0,20,480.0,67424.0,26.252,0.5618666666666666
11070063001,0,5,60.0,50.0,40.0,120000.0,10,43.0,28.0,28.0,13.126,33712.0,24.0,28.0,43.0,28.0,2,1,1,2,48.0,20,480.0,67424.0,26.252,0.5618666666666666
12011257001,0,0,60.0,50.0,40.0,120000.0,10,39.0,26.0,28.0,10.8,28392.0,12.0,39.0,26.0,28.0,1,1,1,1,12.0,10,120.0,28392.0,10.8,0.2366
12011257001,0,1,60.0,50.0,40.0,120000.0,10,39.0,26.0,28.0,10.8,28392.0,12.0,39.0,28.0,26.0,1,1,1,1,12.0,10,120.0,28392.0,10.8,0.2366
12011257001,0,2,60.0,50.0,40.0,120000.0,10,39.0,26.0,28.0,10.8,28392.0,12.0,28.0,39.0,26.0,2,1,1,2,24.0,20,240.0,56784.0,21.6,0.4732
12011257001,0,3,60.0,50.0,40.0,120000.0,10,39.0,26.0,28.0,10.8,28392.0,12.0,28.0,26.0,39.0,2,1,1,2,24.0,20,240.0,56784.0,21.6,0.4732
12011257001,0,4,60.0,50.0,40.0,120000.0,10,39.0,26.0,28.0,10.8,28392.0,12.0,26.0,28.0,39.0,2,1,1,2,24.0,20,240.0,56784.0,21.6,0.4732
12011257001,0,5,60.0,50.0,40.0,120000.0,10,39.0,26.0,28.0,10.8,28392.0,12.0,26.0,39.0,28.0,2,1,1,2,24.0,20,240.0,56784.0,21.6,0.4732
12020282001,0,0,60.0,50.0,40.0,120000.0,10,28.0,19.0,24.0,1.6,12768.0,6.0,28.0,19.0,24.0,2,2,1,4,24.0,40,240.0,51072.0,6.4,0.4256
12020282001,0,1,60.0,50.0,40.0,120000.0,10,28.0,19.0,24.0,1.6,12768.0,6.0,28.0,24.0,19.0,2,2,2,8,48.0,80,480.0,102144.0,12.8,0.8512
12020282001,0,2,60.0,50.0,40.0,120000.0,10,28.0,19.0,24.0,1.6,12768.0,6.0,24.0,28.0,19.0,2,1,2,4,24.0,40,240.0,51072.0,6.4,0.4256
12020282001,0,3,60.0,50.0,40.0,120000.0,10,28.0,19.0,24.0,1.6,12768.0,6.0,24.0,19.0,28.0,2,2,1,4,24.0,40,240.0,51072.0,6.4,0.4256
12020282001,0,4,60.0,50.0,40.0,120000.0,10,28.0,19.0,24.0,1.6,12768.0,6.0,19.0,24.0,28.0,3,2,1,6,36.0,60,360.0,76608.0,9.600000000000001,0.6384
12020282001,0,5,60.0,50.0,40.0,120000.0,10,28.0,19.0,24.0,1.6,12768.0,6.0,19.0,28.0,24.0,3,1,1,3,18.0,30,180.0,38304.0,4.800000000000001,0.3192
12327007001,0,0,60.0,50.0,40.0,120000.0,10,54.0,40.0,30.0,15.2,64800.0,12.0,54.0,40.0,30.0,1,1,1,1,12.0,10,120.0,64800.0,15.2,0.54
12327007001,0,1,60.0,50.0,40.0,120000.0,10,54.0,40.0,30.0,15.2,64800.0,12.0,54.0,30.0,40.0,1,1,1,1,12.0,10,120.0,64800.0,15.2,0.54
10053903001,0,0,60.0,50.0,40.0,120000.0,10,42.0,26.0,19.0,6.2,20748.0,36.0,42.0,26.0,19.0,1,1,2,2,72.0,20,720.0,41496.0,12.4,0.3458
10053903001,0,1,60.0,50.0,40.0,120000.0,10,42.0,26.0,19.0,6.2,20748.0,36.0,42.0,19.0,26.0,1,2,1,2,72.0,20,720.0,41496.0,12.4,0.3458
10053903001,0,2,60.0,50.0,40.0,120000.0,10,42.0,26.0,19.0,6.2,20748.0,36.0,19.0,42.0,26.0,3,1,1,3,108.0,30,1080.0,62244.0,18.6,0.5187
10053903001,0,5,60.0,50.0,40.0,120000.0,10,42.0,26.0,19.0,6.2,20748.0,36.0,26.0,42.0,19.0,2,1,2,4,144.0,40,1440.0,82992.0,24.8,0.6916
12016026001,0,0,60.0,50.0,40.0,120000.0,10,23.0,18.0,12.0,1.54,4968.0,18.0,23.0,18.0,12.0,2,2,3,12,216.0,120,2160.0,59616.0,18.48,0.4968
12016026001,0,1,60.0,50.0,40.0,120000.0,10,23.0,18.0,12.0,1.54,4968.0,18.0,23.0,12.0,18.0,2,4,2,16,288.0,160,2880.0,79488.0,24.64,0.6624
12016026001,0,2,60.0,50.0,40.0,120000.0,10,23.0,18.0,12.0,1.54,4968.0,18.0,12.0,23.0,18.0,5,2,2,20,360.0,200,3600.0,99360.0,30.8,0.828
12016026001,0,3,60.0,50.0,40.0,120000.0,10,23.0,18.0,12.0,1.54,4968.0,18.0,12.0,18.0,23.0,5,2,1,10,180.0,100,1800.0,49680.0,15.4,0.414
12016026001,0,4,60.0,50.0,40.0,120000.0,10,23.0,18.0,12.0,1.54,4968.0,18.0,18.0,12.0,23.0,3,4,1,12,216.0,120,2160.0,59616.0,18.48,0.4968
12016026001,0,5,60.0,50.0,40.0,120000.0,10,23.0,18.0,12.0,1.54,4968.0,18.0,18.0,23.0,12.0,3,2,3,18,324.0,180,3240.0,89424.0,27.72,0.7452
14330004001,0,0,60.0,50.0,40.0,120000.0,10,56.0,39.0,23.0,17.04,50232.0,6.0,56.0,39.0,23.0,1,1,1,1,6.0,10,60.0,50232.0,17.04,0.4186
14330004001,0,1,60.0,50.0,40.0,120000.0,10,56.0,39.0,23.0,17.04,50232.0,6.0,56.0,23.0,39.0,1,2,1,2,12.0,20,120.0,100464.0,34.08,0.8372
32523001001,0,0,60.0,50.0,40.0,120000.0,10,45.0,24.0,31.0,13.5,33480.0,4.0,45.0,24.0,31.0,1,2,1,2,8.0,20,80.0,66960.0,27.0,0.558
32523001001,0,1,60.0,50.0,40.0,120000.0,10,45.0,24.0,31.0,13.5,33480.0,4.0,45.0,31.0,24.0,1,1,1,1,4.0,10,40.0,33480.0,13.5,0.279
32523001001,0,2,60.0,50.0,40.0,120000.0,10,45.0,24.0,31.0,13.5,33480.0,4.0,31.0,45.0,24.0,1,1,1,1,4.0,10,40.0,33480.0,13.5,0.279
32523001001,0,5,60.0,50.0,40.0,120000.0,10,45.0,24.0,31.0,13.5,33480.0,4.0,24.0,45.0,31.0,2,1,1,2,8.0,20,80.0,66960.0,27.0,0.558
12003120001,0,0,60.0,50.0,40.0,120000.0,10,21.0,18.0,10.0,1.076,3780.0,6.0,21.0,18.0,10.0,2,2,4,16,96.0,160,960.0,60480.0,17.216,0.504
12003120001,0,1,60.0,50.0,40.0,120000.0,10,21.0,18.0,10.0,1.076,3780.0,6.0,21.0,10.0,18.0,2,5,2,20,120.0,200,1200.0,75600.0,21.520000000000003,0.63
12003120001,0,2,60.0,50.0,40.0,120000.0,10,21.0,18.0,10.0,1.076,3780.0,6.0,10.0,21.0,18.0,6,2,2,24,144.0,240,1440.0,90720.0,25.824,0.756
12003120001,0,3,60.0,50.0,40.0,120000.0,10,21.0,18.0,10.0,1.076,3780.0,6.0,10.0,18.0,21.0,6,2,1,12,72.0,120,720.0,45360.0,12.912,0.378
12003120001,0,4,60.0,50.0,40.0,120000.0,10,21.0,18.0,10.0,1.076,3780.0,6.0,18.0,10.0,21.0,3,5,1,15,90.0,150,900.0,56700.0,16.14,0.4725
12003120001,0,5,60.0,50.0,40.0,120000.0,10,21.0,18.0,10.0,1.076,3780.0,6.0,18.0,21.0,10.0,3,2,4,24,144.0,240,1440.0,90720.0,25.824,0.756
14222107001,0,0,60.0,50.0,40.0,120000.0,10,47.0,36.0,25.0,4.8,42300.0,12.0,47.0,36.0,25.0,1,1,1,1,12.0,10,120.0,42300.0,4.8,0.3525
14222107001,0,1,60.0,50.0,40.0,120000.0,10,47.0,36.0,25.0,4.8,42300.0,12.0,47.0,25.0,36.0,1,2,1,2,24.0,20,240.0,84600.0,9.6,0.705
14222107001,0,2,60.0,50.0,40.0,120000.0,10,47.0,36.0,25.0,4.8,42300.0,12.0,25.0,47.0,36.0,2,1,1,2,24.0,20,240.0,84600.0,9.6,0.705
14222107001,0,5,60.0,50.0,40.0,120000.0,10,47.0,36.0,25.0,4.8,42300.0,12.0,36.0,47.0,25.0,1,1,1,1,12.0,10,120.0,42300.0,4.8,0.3525
12030741001,0,0,60.0,50.0,40.0,120000.0,10,15.0,2.0,2.0,0.1,60.0,1.0,15.0,2.0,2.0,4,25,20,2000,2000.0,20000,20000.0,120000.0,200.0,1.0
12030741001,0,1,60.0,50.0,40.0,120000.0,10,15.0,2.0,2.0,0.1,60.0,1.0,15.0,2.0,2.0,4,25,20,2000,2000.0,20000,20000.0,120000.0,200.0,1.0
12030741001,0,2,60.0,50.0,40.0,120000.0,10,15.0,2.0,2.0,0.1,60.0,1.0,2.0,15.0,2.0,30,3,20,1800,1800.0,18000,18000.0,108000.0,180.0,0.9
12030741001,0,3,60.0,50.0,40.0,120000.0,10,15.0,2.0,2.0,0.1,60.0,1.0,2.0,2.0,15.0,30,25,2,1500,1500.0,15000,15000.0,90000.0,150.0,0.75
12030741001,0,4,60.0,50.0,40.0,120000.0,10,15.0,2.0,2.0,0.1,60.0,1.0,2.0,2.0,15.0,30,25,2,1500,1500.0,15000,15000.0,90000.0,150.0,0.75
12030741001,0,5,60.0,50.0,40.0,120000.0,10,15.0,2.0,2.0,0.1,60.0,1.0,2.0,15.0,2.0,30,3,20,1800,1800.0,18000,18000.0,108000.0,180.0,0.9
14132149001,0,0,60.0,50.0,40.0,120000.0,10,42.0,32.0,21.0,7.9,28224.0,12.0,42.0,32.0,21.0,1,1,1,1,12.0,10,120.0,28224.0,7.9,0.2352
14132149001,0,1,60.0,50.0,40.0,120000.0,10,42.0,32.0,21.0,7.9,28224.0,12.0,42.0,21.0,32.0,1,2,1,2,24.0,20,240.0,56448.0,15.8,0.4704
14132149001,0,2,60.0,50.0,40.0,120000.0,10,42.0,32.0,21.0,7.9,28224.0,12.0,21.0,42.0,32.0,2,1,1,2,24.0,20,240.0,56448.0,15.8,0.4704
14132149001,0,5,60.0,50.0,40.0,120000.0,10,42.0,32.0,21.0,7.9,28224.0,12.0,32.0,42.0,21.0,1,1,1,1,12.0,10,120.0,28224.0,7.9,0.2352
14303897001,0,0,60.0,50.0,40.0,120000.0,10,49.0,34.0,15.0,3.24,24990.0,12.0,49.0,34.0,15.0,1,1,2,2,24.0,20,240.0,49980.0,6.48,0.4165
14303897001,0,1,60.0,50.0,40.0,120000.0,10,49.0,34.0,15.0,3.24,24990.0,12.0,49.0,15.0,34.0,1,3,1,3,36.0,30,360.0,74970.0,9.72,0.62475
14303897001,0,2,60.0,50.0,40.0,120000.0,10,49.0,34.0,15.0,3.24,24990.0,12.0,15.0,49.0,34.0,4,1,1,4,48.0,40,480.0,99960.0,12.96,0.833
14303897001,0,5,60.0,50.0,40.0,120000.0,10,49.0,34.0,15.0,3.24,24990.0,12.0,34.0,49.0,15.0,1,1,2,2,24.0,20,240.0,49980.0,6.48,0.4165
12000205001,0,0,60.0,50.0,40.0,120000.0,10,29.0,17.0,25.0,4.89,12325.0,6.0,29.0,17.0,25.0,2,2,1,4,24.0,40,240.0,49300.0,19.56,0.41083333333333333
12000205001,0,1,60.0,50.0,40.0,120000.0,10,29.0,17.0,25.0,4.89,12325.0,6.0,29.0,25.0,17.0,2,2,2,8,48.0,80,480.0,98600.0,39.12,0.8216666666666667
12000205001,0,2,60.0,50.0,40.0,120000.0,10,29.0,17.0,25.0,4.89,12325.0,6.0,25.0,29.0,17.0,2,1,2,4,24.0,40,240.0,49300.0,19.56,0.41083333333333333
12000205001,0,3,60.0,50.0,40.0,120000.0,10,29.0,17.0,25.0,4.89,12325.0,6.0,25.0,17.0,29.0,2,2,1,4,24.0,40,240.0,49300.0,19.56,0.41083333333333333
12000205001,0,4,60.0,50.0,40.0,120000.0,10,29.0,17.0,25.0,4.89,12325.0,6.0,17.0,25.0,29.0,3,2,1,6,36.0,60,360.0,73950.0,29.339999999999996,0.61625
12000205001,0,5,60.0,50.0,40.0,120000.0,10,29.0,17.0,25.0,4.89,12325.0,6.0,17.0,29.0,25.0,3,1,1,3,18.0,30,180.0,36975.0,14.669999999999998,0.308125
14616022001,0,0,60.0,50.0,40.0,120000.0,10,37.0,30.0,32.0,21.0,35520.0,6.0,37.0,30.0,32.0,1,1,1,1,6.0,10,60.0,35520.0,21.0,0.296
14616022001,0,1,60.0,50.0,40.0,120000.0,10,37.0,30.0,32.0,21.0,35520.0,6.0,37.0,32.0,30.0,1,1,1,1,6.0,10,60.0,35520.0,21.0,0.296
14616022001,0,2,60.0,50.0,40.0,120000.0,10,37.0,30.0,32.0,21.0,35520.0,6.0,32.0,37.0,30.0,1,1,1,1,6.0,10,60.0,35520.0,21.0,0.296
14616022001,0,3,60.0,50.0,40.0,120000.0,10,37.0,30.0,32.0,21.0,35520.0,6.0,32.0,30.0,37.0,1,1,1,1,6.0,10,60.0,35520.0,21.0,0.296
14616022001,0,4,60.0,50.0,40.0,120000.0,10,37.0,30.0,32.0,21.0,35520.0,6.0,30.0,32.0,37.0,2,1,1,2,12.0,20,120.0,71040.0,42.0,0.592
14616022001,0,5,60.0,50.0,40.0,120000.0,10,37.0,30.0,32.0,21.0,35520.0,6.0,30.0,37.0,32.0,2,1,1,2,12.0,20,120.0,71040.0,42.0,0.592
11050065001,0,0,60.0,50.0,40.0,120000.0,10,35.0,28.0,29.0,9.5,28420.0,12.0,35.0,28.0,29.0,1,1,1,1,12.0,10,120.0,28420.0,9.5,0.23683333333333334
11050065001,0,1,60.0,50.0,40.0,120000.0,10,35.0,28.0,29.0,9.5,28420.0,12.0,35.0,29.0,28.0,1,1,1,1,12.0,10,120.0,28420.0,9.5,0.23683333333333334
11050065001,0,2,60.0,50.0,40.0,120000.0,10,35.0,28.0,29.0,9.5,28420.0,12.0,29.0,35.0,28.0,2,1,1,2,24.0,20,240.0,56840.0,19.0,0.4736666666666667
11050065001,0,3,60.0,50.0,40.0,120000.0,10,35.0,28.0,29.0,9.5,28420.0,12.0,29.0,28.0,35.0,2,1,1,2,24.0,20,240.0,56840.0,19.0,0.4736666666666667
11050065001,0,4,60.0,50.0,40.0,120000.0,10,35.0,28.0,29.0,9.5,28420.0,12.0,28.0,29.0,35.0,2,1,1,2,24.0,20,240.0,56840.0,19.0,0.4736666666666667
11050065001,0,5,60.0,50.0,40.0,120000.0,10,35.0,28.0,29.0,9.5,28420.0,12.0,28.0,35.0,29.0,2,1,1,2,24.0,20,240.0,56840.0,19.0,0.4736666666666667
12011482001,0,0,60.0,50.0,40.0,120000.0,10,39.0,21.0,27.0,10.68,22113.0,12.0,39.0,21.0,27.0,1,2,1,2,24.0,20,240.0,44226.0,21.36,0.36855
12011482001,0,1,60.0,50.0,40.0,120000.0,10,39.0,21.0,27.0,10.68,22113.0,12.0,39.0,27.0,21.0,1,1,1,1,12.0,10,120.0,22113.0,10.68,0.184275
12011482001,0,2,60.0,50.0,40.0,120000.0,10,39.0,21.0,27.0,10.68,22113.0,12.0,27.0,39.0,21.0,2,1,1,2,24.0,20,240.0,44226.0,21.36,0.36855
12011482001,0,3,60.0,50.0,40.0,120000.0,10,39.0,21.0,27.0,10.68,22113.0,12.0,27.0,21.0,39.0,2,2,1,4,48.0,40,480.0,88452.0,42.72,0.7371
12011482001,0,4,60.0,50.0,40.0,120000.0,10,39.0,21.0,27.0,10.68,22113.0,12.0,21.0,27.0,39.0,2,1,1,2,24.0,20,240.0,44226.0,21.36,0.36855
12011482001,0,5,60.0,50.0,40.0,120000.0,10,39.0,21.0,27.0,10.68,22113.0,12.0,21.0,39.0,27.0,2,1,1,2,24.0,20,240.0,44226.0,21.36,0.36855
12000262001,0,0,60.0,50.0,40.0,120000.0,10,39.0,22.0,25.0,11.12,21450.0,12.0,39.0,22.0,25.0,1,2,1,2,24.0,20,240.0,42900.0,22.24,0.3575
12000262001,0,1,60.0,50.0,40.0,120000.0,10,39.0,22.0,25.0,11.12,21450.0,12.0,39.0,25.0,22.0,1,2,1,2,24.0,20,240.0,42900.0,22.24,0.3575
12000262001,0,2,60.0,50.0,40.0,120000.0,10,39.0,22.0,25.0,11.12,21450.0,12.0,25.0,39.0,22.0,2,1,1,2,24.0,20,240.0,42900.0,22.24,0.3575
12000262001,0,3,60.0,50.0,40.0,120000.0,10,39.0,22.0,25.0,11.12,21450.0,12.0,25.0,22.0,39.0,2,2,1,4,48.0,40,480.0,85800.0,44.48,0.715
12000262001,0,4,60.0,50.0,40.0,120000.0,10,39.0,22.0,25.0,11.12,21450.0,12.0,22.0,25.0,39.0,2,2,1,4,48.0,40,480.0,85800.0,44.48,0.715
12000262001,0,5,60.0,50.0,40.0,120000.0,10,39.0,22.0,25.0,11.12,21450.0,12.0,22.0,39.0,25.0,2,1,1,2,24.0,20,240.0,42900.0,22.24,0.3575
12102122001,0,0,60.0,50.0,40.0,120000.0,10,17.0,17.0,20.0,1.6,5780.0,12.0,17.0,17.0,20.0,3,2,2,12,144.0,120,1440.0,69360.0,19.200000000000003,0.578
12102122001,0,1,60.0,50.0,40.0,120000.0,10,17.0,17.0,20.0,1.6,5780.0,12.0,17.0,20.0,17.0,3,2,2,12,144.0,120,1440.0,69360.0,19.200000000000003,0.578
12102122001,0,2,60.0,50.0,40.0,120000.0,10,17.0,17.0,20.0,1.6,5780.0,12.0,20.0,17.0,17.0,3,2,2,12,144.0,120,1440.0,69360.0,19.200000000000003,0.578
12102122001,0,3,60.0,50.0,40.0,120000.0,10,17.0,17.0,20.0,1.6,5780.0,12.0,20.0,17.0,17.0,3,2,2,12,144.0,120,1440.0,69360.0,19.200000000000003,0.578
12102122001,0,4,60.0,50.0,40.0,120000.0,10,17.0,17.0,20.0,1.6,5780.0,12.0,17.0,20.0,17.0,3,2,2,12,144.0,120,1440.0,69360.0,19.200000000000003,0.578
12102122001,0,5,60.0,50.0,40.0,120000.0,10,17.0,17.0,20.0,1.6,5780.0,12.0,17.0,17.0,20.0,3,2,2,12,144.0,120,1440.0,69360.0,19.200000000000003,0.578
12017017001,0,0,60.0,50.0,40.0,120000.0,10,24.0,16.0,22.0,1.6,8448.0,8.0,24.0,16.0,22.0,2,3,1,6,48.0,60,480.0,50688.0,9.600000000000001,0.4224
12017017001,0,1,60.0,50.0,40.0,120000.0,10,24.0,16.0,22.0,1.6,8448.0,8.0,24.0,22.0,16.0,2,2,2,8,64.0,80,640.0,67584.0,12.8,0.5632
12017017001,0,2,60.0,50.0,40.0,120000.0,10,24.0,16.0,22.0,1.6,8448.0,8.0,22.0,24.0,16.0,2,2,2,8,64.0,80,640.0,67584.0,12.8,0.5632
12017017001,0,3,60.0,50.0,40.0,120000.0,10,24.0,16.0,22.0,1.6,8448.0,8.0,22.0,16.0,24.0,2,3,1,6,48.0,60,480.0,50688.0,9.600000000000001,0.4224
12017017001,0,4,60.0,50.0,40.0,120000.0,10,24.0,16.0,22.0,1.6,8448.0,8.0,16.0,22.0,24.0,3,2,1,6,48.0,60,480.0,50688.0,9.600000000000001,0.4224
12017017001,0,5,60.0,50.0,40.0,120000.0,10,24.0,16.0,22.0,1.6,8448.0,8.0,16.0,24.0,22.0,3,2,1,6,48.0,60,480.0,50688.0,9.600000000000001,0.4224
12123050001,0,0,60.0,50.0,40.0,120000.0,10,32.0,30.0,24.0,1.96,23040.0,12.0,32.0,30.0,24.0,1,1,1,1,12.0,10,120.0,23040.0,1.96,0.192
12123050001,0,1,60.0,50.0,40.0,120000.0,10,32.0,30.0,24.0,1.96,23040.0,12.0,32.0,24.0,30.0,1,2,1,2,24.0,20,240.0,46080.0,3.92,0.384
12123050001,0,2,60.0,50.0,40.0,120000.0,10,32.0,30.0,24.0,1.96,23040.0,12.0,24.0,32.0,30.0,2,1,1,2,24.0,20,240.0,46080.0,3.92,0.384
12123050001,0,3,60.0,50.0,40.0,120000.0,10,32.0,30.0,24.0,1.96,23040.0,12.0,24.0,30.0,32.0,2,1,1,2,24.0,20,240.0,46080.0,3.92,0.384
12123050001,0,4,60.0,50.0,40.0,120000.0,10,32.0,30.0,24.0,1.96,23040.0,12.0,30.0,24.0,32.0,2,2,1,4,48.0,40,480.0,92160.0,7.84,0.768
12123050001,0,5,60.0,50.0,40.0,120000.0,10,32.0,30.0,24.0,1.96,23040.0,12.0,30.0,32.0,24.0,2,1,1,2,24.0,20,240.0,46080.0,3.92,0.384
14501938001,0,0,60.0,50.0,40.0,120000.0,10,35.0,31.0,14.0,3.25,15190.0,12.0,35.0,31.0,14.0,1,1,2,2,24.0,20,240.0,30380.0,6.5,0.25316666666666665
14501938001,0,1,60.0,50.0,40.0,120000.0,10,35.0,31.0,14.0,3.25,15190.0,12.0,35.0,14.0,31.0,1,3,1,3,36.0,30,360.0,45570.0,9.75,0.37975
14501938001,0,2,60.0,50.0,40.0,120000.0,10,35.0,31.0,14.0,3.25,15190.0,12.0,14.0,35.0,31.0,4,1,1,4,48.0,40,480.0,60760.0,13.0,0.5063333333333333
14501938001,0,3,60.0,50.0,40.0,120000.0,10,35.0,31.0,14.0,3.25,15190.0,12.0,14.0,31.0,35.0,4,1,1,4,48.0,40,480.0,60760.0,13.0,0.5063333333333333
14501938001,0,4,60.0,50.0,40.0,120000.0,10,35.0,31.0,14.0,3.25,15190.0,12.0,31.0,14.0,35.0,1,3,1,3,36.0,30,360.0,45570.0,9.75,0.37975
14501938001,0,5,60.0,50.0,40.0,120000.0,10,35.0,31.0,14.0,3.25,15190.0,12.0,31.0,35.0,14.0,1,1,2,2,24.0,20,240.0,30380.0,6.5,0.25316666666666665
12011299001,0,0,60.0,50.0,40.0,120000.0,10,29.0,26.0,25.0,10.8,18850.0,12.0,29.0,26.0,25.0,2,1,1,2,24.0,20,240.0,37700.0,21.6,0.31416666666666665
12011299001,0,1,60.0,50.0,40.0,120000.0,10,29.0,26.0,25.0,10.8,18850.0,12.0,29.0,25.0,26.0,2,2,1,4,48.0,40,480.0,75400.0,43.2,0.6283333333333333
12011299001,0,2,60.0,50.0,40.0,120000.0,10,29.0,26.0,25.0,10.8,18850.0,12.0,25.0,29.0,26.0,2,1,1,2,24.0,20,240.0,37700.0,21.6,0.31416666666666665
12011299001,0,3,60.0,50.0,40.0,120000.0,10,29.0,26.0,25.0,10.8,18850.0,12.0,25.0,26.0,29.0,2,1,1,2,24.0,20,240.0,37700.0,21.6,0.31416666666666665
12011299001,0,4,60.0,50.0,40.0,120000.0,10,29.0,26.0,25.0,10.8,18850.0,12.0,26.0,25.0,29.0,2,2,1,4,48.0,40,480.0,75400.0,43.2,0.6283333333333333
12011299001,0,5,60.0,50.0,40.0,120000.0,10,29.0,26.0,25.0,10.8,18850.0,12.0,26.0,29.0,25.0,2,1,1,2,24.0,20,240.0,37700.0,21.6,0.31416666666666665
12323010001,0,0,60.0,50.0,40.0,120000.0,10,23.0,16.0,17.0,0.66,6256.0,6.0,23.0,16.0,17.0,2,3,2,12,72.0,120,720.0,75072.0,7.92,0.6256
12323010001,0,1,60.0,50.0,40.0,120000.0,10,23.0,16.0,17.0,0.66,6256.0,6.0,23.0,17.0,16.0,2,2,2,8,48.0,80,480.0,50048.0,5.28,0.41706666666666664
12323010001,0,2,60.0,50.0,40.0,120000.0,10,23.0,16.0,17.0,0.66,6256.0,6.0,17.0,23.0,16.0,3,2,2,12,72.0,120,720.0,75072.0,7.92,0.6256
12323010001,0,3,60.0,50.0,40.0,120000.0,10,23.0,16.0,17.0,0.66,6256.0,6.0,17.0,16.0,23.0,3,3,1,9,54.0,90,540.0,56304.0,5.94,0.4692
12323010001,0,4,60.0,50.0,40.0,120000.0,10,23.0,16.0,17.0,0.66,6256.0,6.0,16.0,17.0,23.0,3,2,1,6,36.0,60,360.0,37536.0,3.96,0.3128
12323010001,0,5,60.0,50.0,40.0,120000.0,10,23.0,16.0,17.0,0.66,6256.0,6.0,16.0,23.0,17.0,3,2,2,12,72.0,120,720.0,75072.0,7.92,0.6256
11040056001,0,0,60.0,50.0,40.0,120000.0,10,27.0,23.0,27.0,10.27,16767.0,12.0,27.0,23.0,27.0,2,2,1,4,48.0,40,480.0,67068.0,41.08,0.5589
11040056001,0,1,60.0,50.0,40.0,120000.0,10,27.0,23.0,27.0,10.27,16767.0,12.0,27.0,27.0,23.0,2,1,1,2,24.0,20,240.0,33534.0,20.54,0.27945
11040056001,0,2,60.0,50.0,40.0,120000.0,10,27.0,23.0,27.0,10.27,16767.0,12.0,27.0,27.0,23.0,2,1,1,2,24.0,20,240.0,33534.0,20.54,0.27945
11040056001,0,3,60.0,50.0,40.0,120000.0,10,27.0,23.0,27.0,10.27,16767.0,12.0,27.0,23.0,27.0,2,2,1,4,48.0,40,480.0,67068.0,41.08,0.5589
11040056001,0,4,60.0,50.0,40.0,120000.0,10,27.0,23.0,27.0,10.27,16767.0,12.0,23.0,27.0,27.0,2,1,1,2,24.0,20,240.0,33534.0,20.54,0.27945
11040056001,0,5,60.0,50.0,40.0,120000.0,10,27.0,23.0,27.0,10.27,16767.0,12.0,23.0,27.0,27.0,2,1,1,2,24.0,20,240.0,33534.0,20.54,0.27945
11103112001,0,0,60.0,50.0,40.0,120000.0,10,46.0,22.0,33.0,12.15,33396.0,4.0,46.0,22.0,33.0,1,2,1,2,8.0,20,80.0,66792.0,24.3,0.5566
11103112001,0,1,60.0,50.0,40.0,120000.0,10,46.0,22.0,33.0,12.15,33396.0,4.0,46.0,33.0,22.0,1,1,1,1,4.0,10,40.0,33396.0,12.15,0.2783
11103112001,0,2,60.0,50.0,40.0,120000.0,10,46.0,22.0,33.0,12.15,33396.0,4.0,33.0,46.0,22.0,1,1,1,1,4.0,10,40.0,33396.0,12.15,0.2783
11103112001,0,5,60.0,50.0,40.0,120000.0,10,46.0,22.0,33.0,12.15,33396.0,4.0,22.0,46.0,33.0,2,1,1,2,8.0,20,80.0,66792.0,24.3,0.5566
11021006001,0,0,60.0,50.0,40.0,120000.0,10,41.0,41.0,30.0,14.3,50430.0,12.0,41.0,41.0,30.0,1,1,1,1,12.0,10,120.0,50430.0,14.3,0.42025
11021006001,0,5,60.0,50.0,40.0,120000.0,10,41.0,41.0,30.0,14.3,50430.0,12.0,41.0,41.0,30.0,1,1,1,1,12.0,10,120.0,50430.0,14.3,0.42025
12123070001,0,0,60.0,50.0,40.0,120000.0,10,8.0,12.0,11.0,0.13,1056.0,1.0,8.0,12.0,11.0,7,4,3,84,84.0,840,840.0,88704.0,10.92,0.7392
12123070001,0,1,60.0,50.0,40.0,120000.0,10,8.0,12.0,11.0,0.13,1056.0,1.0,8.0,11.0,12.0,7,4,3,84,84.0,840,840.0,88704.0,10.92,0.7392
12123070001,0,2,60.0,50.0,40.0,120000.0,10,8.0,12.0,11.0,0.13,1056.0,1.0,11.0,8.0,12.0,5,6,3,90,90.0,900,900.0,95040.0,11.700000000000001,0.792
12123070001,0,3,60.0,50.0,40.0,120000.0,10,8.0,12.0,11.0,0.13,1056.0,1.0,11.0,12.0,8.0,5,4,5,100,100.0,1000,1000.0,105600.0,13.0,0.88
12123070001,0,4,60.0,50.0,40.0,120000.0,10,8.0,12.0,11.0,0.13,1056.0,1.0,12.0,11.0,8.0,5,4,5,100,100.0,1000,1000.0,105600.0,13.0,0.88
12123070001,0,5,60.0,50.0,40.0,120000.0,10,8.0,12.0,11.0,0.13,1056.0,1.0,12.0,8.0,11.0,5,6,3,90,90.0,900,900.0,95040.0,11.700000000000001,0.792
14243069001,0,0,60.0,50.0,40.0,120000.0,10,49.0,33.0,18.0,5.5,29106.0,30.0,49.0,33.0,18.0,1,1,2,2,60.0,20,600.0,58212.0,11.0,0.4851
14243069001,0,1,60.0,50.0,40.0,120000.0,10,49.0,33.0,18.0,5.5,29106.0,30.0,49.0,18.0,33.0,1,2,1,2,60.0,20,600.0,58212.0,11.0,0.4851
14243069001,0,2,60.0,50.0,40.0,120000.0,10,49.0,33.0,18.0,5.5,29106.0,30.0,18.0,49.0,33.0,3,1,1,3,90.0,30,900.0,87318.0,16.5,0.72765
14243069001,0,5,60.0,50.0,40.0,120000.0,10,49.0,33.0,18.0,5.5,29106.0,30.0,33.0,49.0,18.0,1,1,2,2,60.0,20,600.0,58212.0,11.0,0.4851
32511021001,0,0,60.0,50.0,40.0,120000.0,10,33.0,23.0,22.0,11.28,16698.0,5.0,33.0,23.0,22.0,1,2,1,2,10.0,20,100.0,33396.0,22.56,0.2783
32511021001,0,1,60.0,50.0,40.0,120000.0,10,33.0,23.0,22.0,11.28,16698.0,5.0,33.0,22.0,23.0,1,2,1,2,10.0,20,100.0,33396.0,22.56,0.2783
32511021001,0,2,60.0,50.0,40.0,120000.0,10,33.0,23.0,22.0,11.28,16698.0,5.0,22.0,33.0,23.0,2,1,1,2,10.0,20,100.0,33396.0,22.56,0.2783
32511021001,0,3,60.0,50.0,40.0,120000.0,10,33.0,23.0,22.0,11.28,16698.0,5.0,22.0,23.0,33.0,2,2,1,4,20.0,40,200.0,66792.0,45.12,0.5566
32511021001,0,4,60.0,50.0,40.0,120000.0,10,33.0,23.0,22.0,11.28,16698.0,5.0,23.0,22.0,33.0,2,2,1,4,20.0,40,200.0,66792.0,45.12,0.5566
32511021001,0,5,60.0,50.0,40.0,120000.0,10,33.0,23.0,22.0,11.28,16698.0,5.0,23.0,33.0,22.0,2,1,1,2,10.0,20,100.0,33396.0,22.56,0.2783
12011292001,0,0,60.0,50.0,40.0,120000.0,10,42.0,23.0,25.0,12.1,24150.0,12.0,42.0,23.0,25.0,1,2,1,2,24.0,20,240.0,48300.0,24.2,0.4025
12011292001,0,1,60.0,50.0,40.0,120000.0,10,42.0,23.0,25.0,12.1,24150.0,12.0,42.0,25.0,23.0,1,2,1,2,24.0,20,240.0,48300.0,24.2,0.4025
12011292001,0,2,60.0,50.0,40.0,120000.0,10,42.0,23.0,25.0,12.1,24150.0,12.0,25.0,42.0,23.0,2,1,1,2,24.0,20,240.0,48300.0,24.2,0.4025
12011292001,0,5,60.0,50.0,40.0,120000.0,10,42.0,23.0,25.0,12.1,24150.0,12.0,23.0,42.0,25.0,2,1,1,2,24.0,20,240.0,48300.0,24.2,0.4025
10015005001,0,0,60.0,50.0,40.0,120000.0,10,38.0,26.0,24.0,15.79,23712.0,24.0,38.0,26.0,24.0,1,1,1,1,24.0,10,240.0,23712.0,15.79,0.1976
10015005001,0,1,60.0,50.0,40.0,120000.0,10,38.0,26.0,24.0,15.79,23712.0,24.0,38.0,24.0,26.0,1,2,1,2,48.0,20,480.0,47424.0,31.58,0.3952
10015005001,0,2,60.0,50.0,40.0,120000.0,10,38.0,26.0,24.0,15.79,23712.0,24.0,24.0,38.0,26.0,2,1,1,2,48.0,20,480.0,47424.0,31.58,0.3952
10015005001,0,3,60.0,50.0,40.0,120000.0,10,38.0,26.0,24.0,15.79,23712.0,24.0,24.0,26.0,38.0,2,1,1,2,48.0,20,480.0,47424.0,31.58,0.3952
10015005001,0,4,60.0,50.0,40.0,120000.0,10,38.0,26.0,24.0,15.79,23712.0,24.0,26.0,24.0,38.0,2,2,1,4,96.0,40,960.0,94848.0,63.16,0.7904
10015005001,0,5,60.0,50.0,40.0,120000.0,10,38.0,26.0,24.0,15.79,23712.0,24.0,26.0,38.0,24.0,2,1,1,2,48.0,20,480.0,47424.0,31.58,0.3952
12000108001,0,0,60.0,50.0,40.0,120000.0,10,43.0,23.0,25.0,12.1,24725.0,12.0,43.0,23.0,25.0,1,2,1,2,24.0,20,240.0,49450.0,24.2,0.41208333333333336
12000108001,0,1,60.0,50.0,40.0,120000.0,10,43.0,23.0,25.0,12.1,24725.0,12.0,43.0,25.0,23.0,1,2,1,2,24.0,20,240.0,49450.0,24.2,0.41208333333333336
12000108001,0,2,60.0,50.0,40.0,120000.0,10,43.0,23.0,25.0,12.1,24725.0,12.0,25.0,43.0,23.0,2,1,1,2,24.0,20,240.0,49450.0,24.2,0.41208333333333336
12000108001,0,5,60.0,50.0,40.0,120000.0,10,43.0,23.0,25.0,12.1,24725.0,12.0,23.0,43.0,25.0,2,1,1,2,24.0,20,240.0,49450.0,24.2,0.41208333333333336
12123034001,0,0,60.0,50.0,40.0,120000.0,10,34.0,23.0,33.0,3.3,25806.0,36.0,34.0,23.0,33.0,1,2,1,2,72.0,20,720.0,51612.0,6.6,0.4301
12123034001,0,1,60.0,50.0,40.0,120000.0,10,34.0,23.0,33.0,3.3,25806.0,36.0,34.0,33.0,23.0,1,1,1,1,36.0,10,360.0,25806.0,3.3,0.21505
12123034001,0,2,60.0,50.0,40.0,120000.0,10,34.0,23.0,33.0,3.3,25806.0,36.0,33.0,34.0,23.0,1,1,1,1,36.0,10,360.0,25806.0,3.3,0.21505
12123034001,0,3,60.0,50.0,40.0,120000.0,10,34.0,23.0,33.0,3.3,25806.0,36.0,33.0,23.0,34.0,1,2,1,2,72.0,20,720.0,51612.0,6.6,0.4301
12123034001,0,4,60.0,50.0,40.0,120000.0,10,34.0,23.0,33.0,3.3,25806.0,36.0,23.0,33.0,34.0,2,1,1,2,72.0,20,720.0,51612.0,6.6,0.4301
12123034001,0,5,60.0,50.0,40.0,120000.0,10,34.0,23.0,33.0,3.3,25806.0,36.0,23.0,34.0,33.0,2,1,1,2,72.0,20,720.0,51612.0,6.6,0.4301
10041032001,0,0,60.0,50.0,40.0,120000.0,10,42.0,25.0,24.0,12.82,25200.0,24.0,42.0,25.0,24.0,1,2,1,2,48.0,20,480.0,50400.0,25.64,0.42
10041032001,0,1,60.0,50.0,40.0,120000.0,10,42.0,25.0,24.0,12.82,25200.0,24.0,42.0,24.0,25.0,1,2,1,2,48.0,20,480.0,50400.0,25.64,0.42
10041032001,0,2,60.0,50.0,40.0,120000.0,10,42.0,25.0,24.0,12.82,25200.0,24.0,24.0,42.0,25.0,2,1,1,2,48.0,20,480.0,50400.0,25.64,0.42
10041032001,0,5,60.0,50.0,40.0,120000.0,10,42.0,25.0,24.0,12.82,25200.0,24.0,25.0,42.0,24.0,2,1,1,2,48.0,20,480.0,50400.0,25.64,0.42
12021069001,0,0,60.0,50.0,40.0,120000.0,10,14.0,5.0,16.0,0.5,1120.0,3.0,14.0,5.0,16.0,4,10,2,80,240.0,800,2400.0,89600.0,40.0,0.7466666666666667
12021069001,0,1,60.0,50.0,40.0,120000.0,10,14.0,5.0,16.0,0.5,1120.0,3.0,14.0,16.0,5.0,4,3,8,96,288.0,960,2880.0,107520.0,48.0,0.896
12021069001,0,2,60.0,50.0,40.0,120000.0,10,14.0,5.0,16.0,0.5,1120.0,3.0,16.0,14.0,5.0,3,3,8,72,216.0,720,2160.0,80640.0,36.0,0.672
12021069001,0,3,60.0,50.0,40.0,120000.0,10,14.0,5.0,16.0,0.5,1120.0,3.0,16.0,5.0,14.0,3,10,2,60,180.0,600,1800.0,67200.0,30.0,0.56
12021069001,0,4,60.0,50.0,40.0,120000.0,10,14.0,5.0,16.0,0.5,1120.0,3.0,5.0,16.0,14.0,12,3,2,72,216.0,720,2160.0,80640.0,36.0,0.672
12021069001,0,5,60.0,50.0,40.0,120000.0,10,14.0,5.0,16.0,0.5,1120.0,3.0,5.0,14.0,16.0,12,3,2,72,216.0,720,2160.0,80640.0,36.0,0.672
12000166001,0,0,60.0,50.0,40.0,120000.0,10,23.0,16.0,23.0,3.45,8464.0,6.0,23.0,16.0,23.0,2,3,1,6,36.0,60,360.0,50784.0,20.700000000000003,0.4232
12000166001,0,1,60.0,50.0,40.0,120000.0,10,23.0,16.0,23.0,3.45,8464.0,6.0,23.0,23.0,16.0,2,2,2,8,48.0,80,480.0,67712.0,27.6,0.5642666666666667
12000166001,0,2,60.0,50.0,40.0,120000.0,10,23.0,16.0,23.0,3.45,8464.0,6.0,23.0,23.0,16.0,2,2,2,8,48.0,80,480.0,67712.0,27.6,0.5642666666666667
12000166001,0,3,60.0,50.0,40.0,120000.0,10,23.0,16.0,23.0,3.45,8464.0,6.0,23.0,16.0,23.0,2,3,1,6,36.0,60,360.0,50784.0,20.700000000000003,0.4232
12000166001,0,4,60.0,50.0,40.0,120000.0,10,23.0,16.0,23.0,3.45,8464.0,6.0,16.0,23.0,23.0,3,2,1,6,36.0,60,360.0,50784.0,20.700000000000003,0.4232
12000166001,0,5,60.0,50.0,40.0,120000.0,10,23.0,16.0,23.0,3.45,8464.0,6.0,16.0,23.0,23.0,3,2,1,6,36.0,60,360.0,50784.0,20.700000000000003,0.4232
10022008001,0,0,60.0,50.0,40.0,120000.0,10,32.0,22.0,16.0,7.74,11264.0,24.0,32.0,22.0,16.0,1,2,2,4,96.0,40,960.0,45056.0,30.96,0.37546666666666667
10022008001,0,1,60.0,50.0,40.0,120000.0,10,32.0,22.0,16.0,7.74,11264.0,24.0,32.0,16.0,22.0,1,3,1,3,72.0,30,720.0,33792.0,23.22,0.2816
10022008001,0,2,60.0,50.0,40.0,120000.0,10,32.0,22.0,16.0,7.74,11264.0,24.0,16.0,32.0,22.0,3,1,1,3,72.0,30,720.0,33792.0,23.22,0.2816
10022008001,0,3,60.0,50.0,40.0,120000.0,10,32.0,22.0,16.0,7.74,11264.0,24.0,16.0,22.0,32.0,3,2,1,6,144.0,60,1440.0,67584.0,46.44,0.5632
10022008001,0,4,60.0,50.0,40.0,120000.0,10,32.0,22.0,16.0,7.74,11264.0,24.0,22.0,16.0,32.0,2,3,1,6,144.0,60,1440.0,67584.0,46.44,0.5632
10022008001,0,5,60.0,50.0,40.0,120000.0,10,32.0,22.0,16.0,7.74,11264.0,24.0,22.0,32.0,16.0,2,1,2,4,96.0,40,960.0,45056.0,30.96,0.37546666666666667
31567028001,0,0,60.0,50.0,40.0,120000.0,10,58.0,49.0,33.0,3.5,93786.0,16.0,58.0,49.0,33.0,1,1,1,1,16.0,10,160.0,93786.0,3.5,0.78155
14301013001,0,0,60.0,50.0,40.0,120000.0,10,43.0,43.0,34.0,8.0,62866.0,16.0,43.0,43.0,34.0,1,1,1,1,16.0,10,160.0,62866.0,8.0,0.5238833333333334
14301013001,0,5,60.0,50.0,40.0,120000.0,10,43.0,43.0,34.0,8.0,62866.0,16.0,43.0,43.0,34.0,1,1,1,1,16.0,10,160.0,62866.0,8.0,0.5238833333333334
14500030001,0,0,60.0,50.0,40.0,120000.0,10,51.0,40.0,31.0,6.05,63240.0,12.0,51.0,40.0,31.0,1,1,1,1,12.0,10,120.0,63240.0,6.05,0.527
14500030001,0,1,60.0,50.0,40.0,120000.0,10,51.0,40.0,31.0,6.05,63240.0,12.0,51.0,31.0,40.0,1,1,1,1,12.0,10,120.0,63240.0,6.05,0.527
11103130001,0,0,60.0,50.0,40.0,120000.0,10,40.0,29.0,32.0,17.1,37120.0,8.0,40.0,29.0,32.0,1,1,1,1,8.0,10,80.0,37120.0,17.1,0.30933333333333335
11103130001,0,1,60.0,50.0,40.0,120000.0,10,40.0,29.0,32.0,17.1,37120.0,8.0,40.0,32.0,29.0,1,1,1,1,8.0,10,80.0,37120.0,17.1,0.30933333333333335
11103130001,0,2,60.0,50.0,40.0,120000.0,10,40.0,29.0,32.0,17.1,37120.0,8.0,32.0,40.0,29.0,1,1,1,1,8.0,10,80.0,37120.0,17.1,0.30933333333333335
11103130001,0,3,60.0,50.0,40.0,120000.0,10,40.0,29.0,32.0,17.1,37120.0,8.0,32.0,29.0,40.0,1,1,1,1,8.0,10,80.0,37120.0,17.1,0.30933333333333335
11103130001,0,4,60.0,50.0,40.0,120000.0,10,40.0,29.0,32.0,17.1,37120.0,8.0,29.0,32.0,40.0,2,1,1,2,16.0,20,160.0,74240.0,34.2,0.6186666666666667
11103130001,0,5,60.0,50.0,40.0,120000.0,10,40.0,29.0,32.0,17.1,37120.0,8.0,29.0,40.0,32.0,2,1,1,2,16.0,20,160.0,74240.0,34.2,0.6186666666666667
11032037001,0,0,60.0,50.0,40.0,120000.0,10,53.0,39.0,21.0,15.31,43407.0,24.0,53.0,39.0,21.0,1,1,1,1,24.0,10,240.0,43407.0,15.31,0.361725
11032037001,0,1,60.0,50.0,40.0,120000.0,10,53.0,39.0,21.0,15.31,43407.0,24.0,53.0,21.0,39.0,1,2,1,2,48.0,20,480.0,86814.0,30.62,0.72345
31602030001,0,0,60.0,50.0,40.0,120000.0,10,26.0,21.0,23.0,2.0,12558.0,24.0,26.0,21.0,23.0,2,2,1,4,96.0,40,960.0,50232.0,8.0,0.4186
31602030001,0,1,60.0,50.0,40.0,120000.0,10,26.0,21.0,23.0,2.0,12558.0,24.0,26.0,23.0,21.0,2,2,1,4,96.0,40,960.0,50232.0,8.0,0.4186
31602030001,0,2,60.0,50.0,40.0,120000.0,10,26.0,21.0,23.0,2.0,12558.0,24.0,23.0,26.0,21.0,2,1,1,2,48.0,20,480.0,25116.0,4.0,0.2093
31602030001,0,3,60.0,50.0,40.0,120000.0,10,26.0,21.0,23.0,2.0,12558.0,24.0,23.0,21.0,26.0,2,2,1,4,96.0,40,960.0,50232.0,8.0,0.4186
31602030001,0,4,60.0,50.0,40.0,120000.0,10,26.0,21.0,23.0,2.0,12558.0,24.0,21.0,23.0,26.0,2,2,1,4,96.0,40,960.0,50232.0,8.0,0.4186
31602030001,0,5,60.0,50.0,40.0,120000.0,10,26.0,21.0,23.0,2.0,12558.0,24.0,21.0,26.0,23.0,2,1,1,2,48.0,20,480.0,25116.0,4.0,0.2093
11062002001,0,0,60.0,50.0,40.0,120000.0,10,51.0,45.0,21.0,3.89,48195.0,30.0,51.0,45.0,21.0,1,1,1,1,30.0,10,300.0,48195.0,3.89,0.401625
14203005001,0,0,60.0,50.0,40.0,120000.0,10,50.0,33.0,21.0,3.3,34650.0,20.0,50.0,33.0,21.0,1,1,1,1,20.0,10,200.0,34650.0,3.3,0.28875
14203005001,0,1,60.0,50.0,40.0,120000.0,10,50.0,33.0,21.0,3.3,34650.0,20.0,50.0,21.0,33.0,1,2,1,2,40.0,20,400.0,69300.0,6.6,0.5775
14203005001,0,2,60.0,50.0,40.0,120000.0,10,50.0,33.0,21.0,3.3,34650.0,20.0,21.0,50.0,33.0,2,1,1,2,40.0,20,400.0,69300.0,6.6,0.5775
14203005001,0,5,60.0,50.0,40.0,120000.0,10,50.0,33.0,21.0,3.3,34650.0,20.0,33.0,50.0,21.0,1,1,1,1,20.0,10,200.0,34650.0,3.3,0.28875
12010209001,0,0,60.0,50.0,40.0,120000.0,10,44.0,19.0,21.0,7.0,17556.0,12.0,44.0,19.0,21.0,1,2,1,2,24.0,20,240.0,35112.0,14.0,0.2926
12010209001,0,1,60.0,50.0,40.0,120000.0,10,44.0,19.0,21.0,7.0,17556.0,12.0,44.0,21.0,19.0,1,2,2,4,48.0,40,480.0,70224.0,28.0,0.5852
12010209001,0,2,60.0,50.0,40.0,120000.0,10,44.0,19.0,21.0,7.0,17556.0,12.0,21.0,44.0,19.0,2,1,2,4,48.0,40,480.0,70224.0,28.0,0.5852
12010209001,0,5,60.0,50.0,40.0,120000.0,10,44.0,19.0,21.0,7.0,17556.0,12.0,19.0,44.0,21.0,3,1,1,3,36.0,30,360.0,52668.0,21.0,0.4389
30010002001,0,0,60.0,50.0,40.0,120000.0,10,30.0,26.0,5.0,3.0,3900.0,30.0,30.0,26.0,5.0,2,1,8,16,480.0,160,4800.0,62400.0,48.0,0.52
30010002001,0,1,60.0,50.0,40.0,120000.0,10,30.0,26.0,5.0,3.0,3900.0,30.0,30.0,5.0,26.0,2,10,1,20,600.0,200,6000.0,78000.0,60.0,0.65
30010002001,0,2,60.0,50.0,40.0,120000.0,10,30.0,26.0,5.0,3.0,3900.0,30.0,5.0,30.0,26.0,12,1,1,12,360.0,120,3600.0,46800.0,36.0,0.39
30010002001,0,3,60.0,50.0,40.0,120000.0,10,30.0,26.0,5.0,3.0,3900.0,30.0,5.0,26.0,30.0,12,1,1,12,360.0,120,3600.0,46800.0,36.0,0.39
30010002001,0,4,60.0,50.0,40.0,120000.0,10,30.0,26.0,5.0,3.0,3900.0,30.0,26.0,5.0,30.0,2,10,1,20,600.0,200,6000.0,78000.0,60.0,0.65
30010002001,0,5,60.0,50.0,40.0,120000.0,10,30.0,26.0,5.0,3.0,3900.0,30.0,26.0,30.0,5.0,2,1,8,16,480.0,160,4800.0,62400.0,48.0,0.52
12010122001,0,0,60.0,50.0,40.0,120000.0,10,36.0,26.0,22.0,7.5,20592.0,12.0,36.0,26.0,22.0,1,1,1,1,12.0,10,120.0,20592.0,7.5,0.1716
12010122001,0,1,60.0,50.0,40.0,120000.0,10,36.0,26.0,22.0,7.5,20592.0,12.0,36.0,22.0,26.0,1,2,1,2,24.0,20,240.0,41184.0,15.0,0.3432
12010122001,0,2,60.0,50.0,40.0,120000.0,10,36.0,26.0,22.0,7.5,20592.0,12.0,22.0,36.0,26.0,2,1,1,2,24.0,20,240.0,41184.0,15.0,0.3432
12010122001,0,3,60.0,50.0,40.0,120000.0,10,36.0,26.0,22.0,7.5,20592.0,12.0,22.0,26.0,36.0,2,1,1,2,24.0,20,240.0,41184.0,15.0,0.3432
12010122001,0,4,60.0,50.0,40.0,120000.0,10,36.0,26.0,22.0,7.5,20592.0,12.0,26.0,22.0,36.0,2,2,1,4,48.0,40,480.0,82368.0,30.0,0.6864
12010122001,0,5,60.0,50.0,40.0,120000.0,10,36.0,26.0,22.0,7.5,20592.0,12.0,26.0,36.0,22.0,2,1,1,2,24.0,20,240.0,41184.0,15.0,0.3432
11103092001,0,0,60.0,50.0,40.0,120000.0,10,38.0,30.0,30.0,10.4,34200.0,6.0,38.0,30.0,30.0,1,1,1,1,6.0,10,60.0,34200.0,10.4,0.285
11103092001,0,1,60.0,50.0,40.0,120000.0,10,38.0,30.0,30.0,10.4,34200.0,6.0,38.0,30.0,30.0,1,1,1,1,6.0,10,60.0,34200.0,10.4,0.285
11103092001,0,2,60.0,50.0,40.0,120000.0,10,38.0,30.0,30.0,10.4,34200.0,6.0,30.0,38.0,30.0,2,1,1,2,12.0,20,120.0,68400.0,20.8,0.57
11103092001,0,3,60.0,50.0,40.0,120000.0,10,38.0,30.0,30.0,10.4,34200.0,6.0,30.0,30.0,38.0,2,1,1,2,12.0,20,120.0,68400.0,20.8,0.57
11103092001,0,4,60.0,50.0,40.0,120000.0,10,38.0,30.0,30.0,10.4,34200.0,6.0,30.0,30.0,38.0,2,1,1,2,12.0,20,120.0,68400.0,20.8,0.57
11103092001,0,5,60.0,50.0,40.0,120000.0,10,38.0,30.0,30.0,10.4,34200.0,6.0,30.0,38.0,30.0,2,1,1,2,12.0,20,120.0,68400.0,20.8,0.57
14502020001,0,0,60.0,50.0,40.0,120000.0,10,36.0,30.0,13.0,2.78,14040.0,30.0,36.0,30.0,13.0,1,1,3,3,90.0,30,900.0,42120.0,8.34,0.351
14502020001,0,1,60.0,50.0,40.0,120000.0,10,36.0,30.0,13.0,2.78,14040.0,30.0,36.0,13.0,30.0,1,3,1,3,90.0,30,900.0,42120.0,8.34,0.351
14502020001,0,2,60.0,50.0,40.0,120000.0,10,36.0,30.0,13.0,2.78,14040.0,30.0,13.0,36.0,30.0,4,1,1,4,120.0,40,1200.0,56160.0,11.12,0.468
14502020001,0,3,60.0,50.0,40.0,120000.0,10,36.0,30.0,13.0,2.78,14040.0,30.0,13.0,30.0,36.0,4,1,1,4,120.0,40,1200.0,56160.0,11.12,0.468
14502020001,0,4,60.0,50.0,40.0,120000.0,10,36.0,30.0,13.0,2.78,14040.0,30.0,30.0,13.0,36.0,2,3,1,6,180.0,60,1800.0,84240.0,16.68,0.702
14502020001,0,5,60.0,50.0,40.0,120000.0,10,36.0,30.0,13.0,2.78,14040.0,30.0,30.0,36.0,13.0,2,1,3,6,180.0,60,1800.0,84240.0,16.68,0.702
41223049001,0,0,60.0,50.0,40.0,120000.0,10,24.0,19.0,27.0,1.72,12312.0,1.0,24.0,19.0,27.0,2,2,1,4,4.0,40,40.0,49248.0,6.88,0.4104
41223049001,0,1,60.0,50.0,40.0,120000.0,10,24.0,19.0,27.0,1.72,12312.0,1.0,24.0,27.0,19.0,2,1,2,4,4.0,40,40.0,49248.0,6.88,0.4104
41223049001,0,2,60.0,50.0,40.0,120000.0,10,24.0,19.0,27.0,1.72,12312.0,1.0,27.0,24.0,19.0,2,2,2,8,8.0,80,80.0,98496.0,13.76,0.8208
41223049001,0,3,60.0,50.0,40.0,120000.0,10,24.0,19.0,27.0,1.72,12312.0,1.0,27.0,19.0,24.0,2,2,1,4,4.0,40,40.0,49248.0,6.88,0.4104
41223049001,0,4,60.0,50.0,40.0,120000.0,10,24.0,19.0,27.0,1.72,12312.0,1.0,19.0,27.0,24.0,3,1,1,3,3.0,30,30.0,36936.0,5.16,0.3078
41223049001,0,5,60.0,50.0,40.0,120000.0,10,24.0,19.0,27.0,1.72,12312.0,1.0,19.0,24.0,27.0,3,2,1,6,6.0,60,60.0,73872.0,10.32,0.6156
14222095001,0,0,60.0,50.0,40.0,120000.0,10,37.0,20.0,17.0,2.91,12580.0,10.0,37.0,20.0,17.0,1,2,2,4,40.0,40,400.0,50320.0,11.64,0.41933333333333334
14222095001,0,1,60.0,50.0,40.0,120000.0,10,37.0,20.0,17.0,2.91,12580.0,10.0,37.0,17.0,20.0,1,2,2,4,40.0,40,400.0,50320.0,11.64,0.41933333333333334
14222095001,0,2,60.0,50.0,40.0,120000.0,10,37.0,20.0,17.0,2.91,12580.0,10.0,17.0,37.0,20.0,3,1,2,6,60.0,60,600.0,75480.0,17.46,0.629
14222095001,0,3,60.0,50.0,40.0,120000.0,10,37.0,20.0,17.0,2.91,12580.0,10.0,17.0,20.0,37.0,3,2,1,6,60.0,60,600.0,75480.0,17.46,0.629
14222095001,0,4,60.0,50.0,40.0,120000.0,10,37.0,20.0,17.0,2.91,12580.0,10.0,20.0,17.0,37.0,3,2,1,6,60.0,60,600.0,75480.0,17.46,0.629
14222095001,0,5,60.0,50.0,40.0,120000.0,10,37.0,20.0,17.0,2.91,12580.0,10.0,20.0,37.0,17.0,3,1,2,6,60.0,60,600.0,75480.0,17.46,0.629
32524007001,0,0,60.0,50.0,40.0,120000.0,10,31.0,23.0,10.0,7.0,7130.0,5.0,31.0,23.0,10.0,1,2,4,8,40.0,80,400.0,57040.0,56.0,0.47533333333333333
32524007001,0,1,60.0,50.0,40.0,120000.0,10,31.0,23.0,10.0,7.0,7130.0,5.0,31.0,10.0,23.0,1,5,1,5,25.0,50,250.0,35650.0,35.0,0.2970833333333333
32524007001,0,2,60.0,50.0,40.0,120000.0,10,31.0,23.0,10.0,7.0,7130.0,5.0,10.0,31.0,23.0,6,1,1,6,30.0,60,300.0,42780.0,42.0,0.3565
32524007001,0,3,60.0,50.0,40.0,120000.0,10,31.0,23.0,10.0,7.0,7130.0,5.0,10.0,23.0,31.0,6,2,1,12,60.0,120,600.0,85560.0,84.0,0.713
32524007001,0,4,60.0,50.0,40.0,120000.0,10,31.0,23.0,10.0,7.0,7130.0,5.0,23.0,10.0,31.0,2,5,1,10,50.0,100,500.0,71300.0,70.0,0.5941666666666666
32524007001,0,5,60.0,50.0,40.0,120000.0,10,31.0,23.0,10.0,7.0,7130.0,5.0,23.0,31.0,10.0,2,1,4,8,40.0,80,400.0,57040.0,56.0,0.47533333333333333
14633002001,0,0,60.0,50.0,40.0,120000.0,10,48.0,21.0,29.0,8.95,29232.0,5.0,48.0,21.0,29.0,1,2,1,2,10.0,20,100.0,58464.0,17.9,0.4872
14633002001,0,1,60.0,50.0,40.0,120000.0,10,48.0,21.0,29.0,8.95,29232.0,5.0,48.0,29.0,21.0,1,1,1,1,5.0,10,50.0,29232.0,8.95,0.2436
14633002001,0,2,60.0,50.0,40.0,120000.0,10,48.0,21.0,29.0,8.95,29232.0,5.0,29.0,48.0,21.0,2,1,1,2,10.0,20,100.0,58464.0,17.9,0.4872
14633002001,0,5,60.0,50.0,40.0,120000.0,10,48.0,21.0,29.0,8.95,29232.0,5.0,21.0,48.0,29.0,2,1,1,2,10.0,20,100.0,58464.0,17.9,0.4872
14331022001,0,0,60.0,50.0,40.0,120000.0,10,49.0,32.0,24.0,11.8,37632.0,6.0,49.0,32.0,24.0,1,1,1,1,6.0,10,60.0,37632.0,11.8,0.3136
14331022001,0,1,60.0,50.0,40.0,120000.0,10,49.0,32.0,24.0,11.8,37632.0,6.0,49.0,24.0,32.0,1,2,1,2,12.0,20,120.0,75264.0,23.6,0.6272
14331022001,0,2,60.0,50.0,40.0,120000.0,10,49.0,32.0,24.0,11.8,37632.0,6.0,24.0,49.0,32.0,2,1,1,2,12.0,20,120.0,75264.0,23.6,0.6272
14331022001,0,5,60.0,50.0,40.0,120000.0,10,49.0,32.0,24.0,11.8,37632.0,6.0,32.0,49.0,24.0,1,1,1,1,6.0,10,60.0,37632.0,11.8,0.3136
14002022001,0,0,60.0,50.0,40.0,120000.0,10,34.0,27.0,18.0,2.13,16524.0,12.0,34.0,27.0,18.0,1,1,2,2,24.0,20,240.0,33048.0,4.26,0.2754
14002022001,0,1,60.0,50.0,40.0,120000.0,10,34.0,27.0,18.0,2.13,16524.0,12.0,34.0,18.0,27.0,1,2,1,2,24.0,20,240.0,33048.0,4.26,0.2754
14002022001,0,2,60.0,50.0,40.0,120000.0,10,34.0,27.0,18.0,2.13,16524.0,12.0,18.0,34.0,27.0,3,1,1,3,36.0,30,360.0,49572.0,6.39,0.4131
14002022001,0,3,60.0,50.0,40.0,120000.0,10,34.0,27.0,18.0,2.13,16524.0,12.0,18.0,27.0,34.0,3,1,1,3,36.0,30,360.0,49572.0,6.39,0.4131
14002022001,0,4,60.0,50.0,40.0,120000.0,10,34.0,27.0,18.0,2.13,16524.0,12.0,27.0,18.0,34.0,2,2,1,4,48.0,40,480.0,66096.0,8.52,0.5508
14002022001,0,5,60.0,50.0,40.0,120000.0,10,34.0,27.0,18.0,2.13,16524.0,12.0,27.0,34.0,18.0,2,1,2,4,48.0,40,480.0,66096.0,8.52,0.5508
12100011001,0,0,60.0,50.0,40.0,120000.0,10,45.0,21.0,24.0,9.37,22680.0,48.0,45.0,21.0,24.0,1,2,1,2,96.0,20,960.0,45360.0,18.74,0.378
12100011001,0,1,60.0,50.0,40.0,120000.0,10,45.0,21.0,24.0,9.37,22680.0,48.0,45.0,24.0,21.0,1,2,1,2,96.0,20,960.0,45360.0,18.74,0.378
12100011001,0,2,60.0,50.0,40.0,120000.0,10,45.0,21.0,24.0,9.37,22680.0,48.0,24.0,45.0,21.0,2,1,1,2,96.0,20,960.0,45360.0,18.74,0.378
12100011001,0,5,60.0,50.0,40.0,120000.0,10,45.0,21.0,24.0,9.37,22680.0,48.0,21.0,45.0,24.0,2,1,1,2,96.0,20,960.0,45360.0,18.74,0.378
14242128001,0,0,60.0,50.0,40.0,120000.0,10,47.0,36.5,25.0,6.7,42887.5,20.0,47.0,36.5,25.0,1,1,1,1,20.0,10,200.0,42887.5,6.7,0.35739583333333336
14242128001,0,1,60.0,50.0,40.0,120000.0,10,47.0,36.5,25.0,6.7,42887.5,20.0,47.0,25.0,36.5,1,2,1,2,40.0,20,400.0,85775.0,13.4,0.7147916666666667
14242128001,0,2,60.0,50.0,40.0,120000.0,10,47.0,36.5,25.0,6.7,42887.5,20.0,25.0,47.0,36.5,2,1,1,2,40.0,20,400.0,85775.0,13.4,0.7147916666666667
14242128001,0,5,60.0,50.0,40.0,120000.0,10,47.0,36.5,25.0,6.7,42887.5,20.0,36.5,47.0,25.0,1,1,1,1,20.0,10,200.0,42887.5,6.7,0.35739583333333336
31422008001,0,1,60.0,50.0,40.0,120000.0,10,45.0,27.0,42.0,12.1,51030.0,48.0,45.0,42.0,27.0,1,1,1,1,48.0,10,480.0,51030.0,12.1,0.42525
31422008001,0,2,60.0,50.0,40.0,120000.0,10,45.0,27.0,42.0,12.1,51030.0,48.0,42.0,45.0,27.0,1,1,1,1,48.0,10,480.0,51030.0,12.1,0.42525
14603001001,0,0,60.0,50.0,40.0,120000.0,10,18.0,18.0,15.0,1.17,4860.0,10.0,18.0,18.0,15.0,3,2,2,12,120.0,120,1200.0,58320.0,14.04,0.486
14603001001,0,1,60.0,50.0,40.0,120000.0,10,18.0,18.0,15.0,1.17,4860.0,10.0,18.0,15.0,18.0,3,3,2,18,180.0,180,1800.0,87480.0,21.06,0.729
14603001001,0,2,60.0,50.0,40.0,120000.0,10,18.0,18.0,15.0,1.17,4860.0,10.0,15.0,18.0,18.0,4,2,2,16,160.0,160,1600.0,77760.0,18.72,0.648
14603001001,0,3,60.0,50.0,40.0,120000.0,10,18.0,18.0,15.0,1.17,4860.0,10.0,15.0,18.0,18.0,4,2,2,16,160.0,160,1600.0,77760.0,18.72,0.648
14603001001,0,4,60.0,50.0,40.0,120000.0,10,18.0,18.0,15.0,1.17,4860.0,10.0,18.0,15.0,18.0,3,3,2,18,180.0,180,1800.0,87480.0,21.06,0.729
14603001001,0,5,60.0,50.0,40.0,120000.0,10,18.0,18.0,15.0,1.17,4860.0,10.0,18.0,18.0,15.0,3,2,2,12,120.0,120,1200.0,58320.0,14.04,0.486
11050062001,0,0,60.0,50.0,40.0,120000.0,10,43.0,23.0,26.0,13.65,25714.0,12.0,43.0,23.0,26.0,1,2,1,2,24.0,20,240.0,51428.0,27.3,0.42856666666666665
11050062001,0,1,60.0,50.0,40.0,120000.0,10,43.0,23.0,26.0,13.65,25714.0,12.0,43.0,26.0,23.0,1,1,1,1,12.0,10,120.0,25714.0,13.65,0.21428333333333333
11050062001,0,2,60.0,50.0,40.0,120000.0,10,43.0,23.0,26.0,13.65,25714.0,12.0,26.0,43.0,23.0,2,1,1,2,24.0,20,240.0,51428.0,27.3,0.42856666666666665
11050062001,0,5,60.0,50.0,40.0,120000.0,10,43.0,23.0,26.0,13.65,25714.0,12.0,23.0,43.0,26.0,2,1,1,2,24.0,20,240.0,51428.0,27.3,0.42856666666666665
12003063001,0,0,60.0,50.0,40.0,120000.0,10,39.0,22.0,23.0,7.2,19734.0,12.0,39.0,22.0,23.0,1,2,1,2,24.0,20,240.0,39468.0,14.4,0.3289
12003063001,0,1,60.0,50.0,40.0,120000.0,10,39.0,22.0,23.0,7.2,19734.0,12.0,39.0,23.0,22.0,1,2,1,2,24.0,20,240.0,39468.0,14.4,0.3289
12003063001,0,2,60.0,50.0,40.0,120000.0,10,39.0,22.0,23.0,7.2,19734.0,12.0,23.0,39.0,22.0,2,1,1,2,24.0,20,240.0,39468.0,14.4,0.3289
12003063001,0,3,60.0,50.0,40.0,120000.0,10,39.0,22.0,23.0,7.2,19734.0,12.0,23.0,22.0,39.0,2,2,1,4,48.0,40,480.0,78936.0,28.8,0.6578
12003063001,0,4,60.0,50.0,40.0,120000.0,10,39.0,22.0,23.0,7.2,19734.0,12.0,22.0,23.0,39.0,2,2,1,4,48.0,40,480.0,78936.0,28.8,0.6578
12003063001,0,5,60.0,50.0,40.0,120000.0,10,39.0,22.0,23.0,7.2,19734.0,12.0,22.0,39.0,23.0,2,1,1,2,24.0,20,240.0,39468.0,14.4,0.3289
14204118001,0,0,60.0,50.0,40.0,120000.0,10,39.0,27.0,21.0,2.08,22113.0,20.0,39.0,27.0,21.0,1,1,1,1,20.0,10,200.0,22113.0,2.08,0.184275
14204118001,0,1,60.0,50.0,40.0,120000.0,10,39.0,27.0,21.0,2.08,22113.0,20.0,39.0,21.0,27.0,1,2,1,2,40.0,20,400.0,44226.0,4.16,0.36855
14204118001,0,2,60.0,50.0,40.0,120000.0,10,39.0,27.0,21.0,2.08,22113.0,20.0,21.0,39.0,27.0,2,1,1,2,40.0,20,400.0,44226.0,4.16,0.36855
14204118001,0,3,60.0,50.0,40.0,120000.0,10,39.0,27.0,21.0,2.08,22113.0,20.0,21.0,27.0,39.0,2,1,1,2,40.0,20,400.0,44226.0,4.16,0.36855
14204118001,0,4,60.0,50.0,40.0,120000.0,10,39.0,27.0,21.0,2.08,22113.0,20.0,27.0,21.0,39.0,2,2,1,4,80.0,40,800.0,88452.0,8.32,0.7371
14204118001,0,5,60.0,50.0,40.0,120000.0,10,39.0,27.0,21.0,2.08,22113.0,20.0,27.0,39.0,21.0,2,1,1,2,40.0,20,400.0,44226.0,4.16,0.36855
12010023002,0,0,60.0,50.0,40.0,120000.0,10,27.0,22.0,31.0,10.17,18414.0,72.0,27.0,22.0,31.0,2,2,1,4,288.0,40,2880.0,73656.0,40.68,0.6138
12010023002,0,1,60.0,50.0,40.0,120000.0,10,27.0,22.0,31.0,10.17,18414.0,72.0,27.0,31.0,22.0,2,1,1,2,144.0,20,1440.0,36828.0,20.34,0.3069
12010023002,0,2,60.0,50.0,40.0,120000.0,10,27.0,22.0,31.0,10.17,18414.0,72.0,31.0,27.0,22.0,1,1,1,1,72.0,10,720.0,18414.0,10.17,0.15345
12010023002,0,3,60.0,50.0,40.0,120000.0,10,27.0,22.0,31.0,10.17,18414.0,72.0,31.0,22.0,27.0,1,2,1,2,144.0,20,1440.0,36828.0,20.34,0.3069
12010023002,0,4,60.0,50.0,40.0,120000.0,10,27.0,22.0,31.0,10.17,18414.0,72.0,22.0,31.0,27.0,2,1,1,2,144.0,20,1440.0,36828.0,20.34,0.3069
12010023002,0,5,60.0,50.0,40.0,120000.0,10,27.0,22.0,31.0,10.17,18414.0,72.0,22.0,27.0,31.0,2,1,1,2,144.0,20,1440.0,36828.0,20.34,0.3069
10040022001,0,0,60.0,50.0,40.0,120000.0,10,38.0,31.0,24.0,18.32,28272.0,20.0,38.0,31.0,24.0,1,1,1,1,20.0,10,200.0,28272.0,18.32,0.2356
10040022001,0,1,60.0,50.0,40.0,120000.0,10,38.0,31.0,24.0,18.32,28272.0,20.0,38.0,24.0,31.0,1,2,1,2,40.0,20,400.0,56544.0,36.64,0.4712
10040022001,0,2,60.0,50.0,40.0,120000.0,10,38.0,31.0,24.0,18.32,28272.0,20.0,24.0,38.0,31.0,2,1,1,2,40.0,20,400.0,56544.0,36.64,0.4712
10040022001,0,3,60.0,50.0,40.0,120000.0,10,38.0,31.0,24.0,18.32,28272.0,20.0,24.0,31.0,38.0,2,1,1,2,40.0,20,400.0,56544.0,36.64,0.4712
10040022001,0,4,60.0,50.0,40.0,120000.0,10,38.0,31.0,24.0,18.32,28272.0,20.0,31.0,24.0,38.0,1,2,1,2,40.0,20,400.0,56544.0,36.64,0.4712
10040022001,0,5,60.0,50.0,40.0,120000.0,10,38.0,31.0,24.0,18.32,28272.0,20.0,31.0,38.0,24.0,1,1,1,1,20.0,10,200.0,28272.0,18.32,0.2356
11103011003,0,0,60.0,50.0,40.0,120000.0,10,53.0,32.0,15.0,11.68,25440.0,6.0,53.0,32.0,15.0,1,1,2,2,12.0,20,120.0,50880.0,23.36,0.424
11103011003,0,1,60.0,50.0,40.0,120000.0,10,53.0,32.0,15.0,11.68,25440.0,6.0,53.0,15.0,32.0,1,3,1,3,18.0,30,180.0,76320.0,35.04,0.636
14304084001,0,0,60.0,50.0,40.0,120000.0,10,34.0,29.0,18.0,4.12,17748.0,12.0,34.0,29.0,18.0,1,1,2,2,24.0,20,240.0,35496.0,8.24,0.2958
14304084001,0,1,60.0,50.0,40.0,120000.0,10,34.0,29.0,18.0,4.12,17748.0,12.0,34.0,18.0,29.0,1,2,1,2,24.0,20,240.0,35496.0,8.24,0.2958
14304084001,0,2,60.0,50.0,40.0,120000.0,10,34.0,29.0,18.0,4.12,17748.0,12.0,18.0,34.0,29.0,3,1,1,3,36.0,30,360.0,53244.0,12.36,0.4437
14304084001,0,3,60.0,50.0,40.0,120000.0,10,34.0,29.0,18.0,4.12,17748.0,12.0,18.0,29.0,34.0,3,1,1,3,36.0,30,360.0,53244.0,12.36,0.4437
14304084001,0,4,60.0,50.0,40.0,120000.0,10,34.0,29.0,18.0,4.12,17748.0,12.0,29.0,18.0,34.0,2,2,1,4,48.0,40,480.0,70992.0,16.48,0.5916
14304084001,0,5,60.0,50.0,40.0,120000.0,10,34.0,29.0,18.0,4.12,17748.0,12.0,29.0,34.0,18.0,2,1,2,4,48.0,40,480.0,70992.0,16.48,0.5916
12000064001,0,0,60.0,50.0,40.0,120000.0,10,33.0,26.0,22.0,7.526,18876.0,12.0,33.0,26.0,22.0,1,1,1,1,12.0,10,120.0,18876.0,7.526,0.1573
12000064001,0,1,60.0,50.0,40.0,120000.0,10,33.0,26.0,22.0,7.526,18876.0,12.0,33.0,22.0,26.0,1,2,1,2,24.0,20,240.0,37752.0,15.052,0.3146
12000064001,0,2,60.0,50.0,40.0,120000.0,10,33.0,26.0,22.0,7.526,18876.0,12.0,22.0,33.0,26.0,2,1,1,2,24.0,20,240.0,37752.0,15.052,0.3146
12000064001,0,3,60.0,50.0,40.0,120000.0,10,33.0,26.0,22.0,7.526,18876.0,12.0,22.0,26.0,33.0,2,1,1,2,24.0,20,240.0,37752.0,15.052,0.3146
12000064001,0,4,60.0,50.0,40.0,120000.0,10,33.0,26.0,22.0,7.526,18876.0,12.0,26.0,22.0,33.0,2,2,1,4,48.0,40,480.0,75504.0,30.104,0.6292
12000064001,0,5,60.0,50.0,40.0,120000.0,10,33.0,26.0,22.0,7.526,18876.0,12.0,26.0,33.0,22.0,2,1,1,2,24.0,20,240.0,37752.0,15.052,0.3146
12005084002,0,0,60.0,50.0,40.0,120000.0,10,15.0,9.0,16.0,0.3,2160.0,3.0,15.0,9.0,16.0,4,5,2,40,120.0,400,1200.0,86400.0,12.0,0.72
12005084002,0,1,60.0,50.0,40.0,120000.0,10,15.0,9.0,16.0,0.3,2160.0,3.0,15.0,16.0,9.0,4,3,4,48,144.0,480,1440.0,103680.0,14.399999999999999,0.864
12005084002,0,2,60.0,50.0,40.0,120000.0,10,15.0,9.0,16.0,0.3,2160.0,3.0,16.0,15.0,9.0,3,3,4,36,108.0,360,1080.0,77760.0,10.799999999999999,0.648
12005084002,0,3,60.0,50.0,40.0,120000.0,10,15.0,9.0,16.0,0.3,2160.0,3.0,16.0,9.0,15.0,3,5,2,30,90.0,300,900.0,64800.0,9.0,0.54
12005084002,0,4,60.0,50.0,40.0,120000.0,10,15.0,9.0,16.0,0.3,2160.0,3.0,9.0,16.0,15.0,6,3,2,36,108.0,360,1080.0,77760.0,10.799999999999999,0.648
12005084002,0,5,60.0,50.0,40.0,120000.0,10,15.0,9.0,16.0,0.3,2160.0,3.0,9.0,15.0,16.0,6,3,2,36,108.0,360,1080.0,77760.0,10.799999999999999,0.648
11051899001,0,0,60.0,50.0,40.0,120000.0,10,46.0,24.0,19.0,8.14,20976.0,12.0,46.0,24.0,19.0,1,2,2,4,48.0,40,480.0,83904.0,32.56,0.6992
11051899001,0,1,60.0,50.0,40.0,120000.0,10,46.0,24.0,19.0,8.14,20976.0,12.0,46.0,19.0,24.0,1,2,1,2,24.0,20,240.0,41952.0,16.28,0.3496
11051899001,0,2,60.0,50.0,40.0,120000.0,10,46.0,24.0,19.0,8.14,20976.0,12.0,19.0,46.0,24.0,3,1,1,3,36.0,30,360.0,62928.0,24.42,0.5244
11051899001,0,5,60.0,50.0,40.0,120000.0,10,46.0,24.0,19.0,8.14,20976.0,12.0,24.0,46.0,19.0,2,1,2,4,48.0,40,480.0,83904.0,32.56,0.6992
10031022001,0,0,60.0,50.0,40.0,120000.0,10,41.0,28.0,24.0,14.3,27552.0,24.0,41.0,28.0,24.0,1,1,1,1,24.0,10,240.0,27552.0,14.3,0.2296
10031022001,0,1,60.0,50.0,40.0,120000.0,10,41.0,28.0,24.0,14.3,27552.0,24.0,41.0,24.0,28.0,1,2,1,2,48.0,20,480.0,55104.0,28.6,0.4592
10031022001,0,2,60.0,50.0,40.0,120000.0,10,41.0,28.0,24.0,14.3,27552.0,24.0,24.0,41.0,28.0,2,1,1,2,48.0,20,480.0,55104.0,28.6,0.4592
10031022001,0,5,60.0,50.0,40.0,120000.0,10,41.0,28.0,24.0,14.3,27552.0,24.0,28.0,41.0,24.0,2,1,1,2,48.0,20,480.0,55104.0,28.6,0.4592
14632030001,0,0,60.0,50.0,40.0,120000.0,10,26.0,19.0,17.0,4.91,8398.0,12.0,26.0,19.0,17.0,2,2,2,8,96.0,80,960.0,67184.0,39.28,0.5598666666666666
14632030001,0,1,60.0,50.0,40.0,120000.0,10,26.0,19.0,17.0,4.91,8398.0,12.0,26.0,17.0,19.0,2,2,2,8,96.0,80,960.0,67184.0,39.28,0.5598666666666666
14632030001,0,2,60.0,50.0,40.0,120000.0,10,26.0,19.0,17.0,4.91,8398.0,12.0,17.0,26.0,19.0,3,1,2,6,72.0,60,720.0,50388.0,29.46,0.4199
14632030001,0,3,60.0,50.0,40.0,120000.0,10,26.0,19.0,17.0,4.91,8398.0,12.0,17.0,19.0,26.0,3,2,1,6,72.0,60,720.0,50388.0,29.46,0.4199
14632030001,0,4,60.0,50.0,40.0,120000.0,10,26.0,19.0,17.0,4.91,8398.0,12.0,19.0,17.0,26.0,3,2,1,6,72.0,60,720.0,50388.0,29.46,0.4199
14632030001,0,5,60.0,50.0,40.0,120000.0,10,26.0,19.0,17.0,4.91,8398.0,12.0,19.0,26.0,17.0,3,1,2,6,72.0,60,720.0,50388.0,29.46,0.4199
14110010001,0,0,60.0,50.0,40.0,120000.0,10,43.0,26.0,22.0,2.61,24596.0,10.0,43.0,26.0,22.0,1,1,1,1,10.0,10,100.0,24596.0,2.61,0.20496666666666666
14110010001,0,1,60.0,50.0,40.0,120000.0,10,43.0,26.0,22.0,2.61,24596.0,10.0,43.0,22.0,26.0,1,2,1,2,20.0,20,200.0,49192.0,5.22,0.4099333333333333
14110010001,0,2,60.0,50.0,40.0,120000.0,10,43.0,26.0,22.0,2.61,24596.0,10.0,22.0,43.0,26.0,2,1,1,2,20.0,20,200.0,49192.0,5.22,0.4099333333333333
14110010001,0,5,60.0,50.0,40.0,120000.0,10,43.0,26.0,22.0,2.61,24596.0,10.0,26.0,43.0,22.0,2,1,1,2,20.0,20,200.0,49192.0,5.22,0.4099333333333333
12120078001,0,0,60.0,50.0,40.0,120000.0,10,27.0,38.0,14.0,1.61,14364.0,24.0,27.0,38.0,14.0,2,1,2,4,96.0,40,960.0,57456.0,6.44,0.4788
12120078001,0,1,60.0,50.0,40.0,120000.0,10,27.0,38.0,14.0,1.61,14364.0,24.0,27.0,14.0,38.0,2,3,1,6,144.0,60,1440.0,86184.0,9.66,0.7182
12120078001,0,2,60.0,50.0,40.0,120000.0,10,27.0,38.0,14.0,1.61,14364.0,24.0,14.0,27.0,38.0,4,1,1,4,96.0,40,960.0,57456.0,6.44,0.4788
12120078001,0,3,60.0,50.0,40.0,120000.0,10,27.0,38.0,14.0,1.61,14364.0,24.0,14.0,38.0,27.0,4,1,1,4,96.0,40,960.0,57456.0,6.44,0.4788
12120078001,0,4,60.0,50.0,40.0,120000.0,10,27.0,38.0,14.0,1.61,14364.0,24.0,38.0,14.0,27.0,1,3,1,3,72.0,30,720.0,43092.0,4.83,0.3591
12120078001,0,5,60.0,50.0,40.0,120000.0,10,27.0,38.0,14.0,1.61,14364.0,24.0,38.0,27.0,14.0,1,1,2,2,48.0,20,480.0,28728.0,3.22,0.2394
12020266001,0,0,60.0,50.0,40.0,120000.0,10,20.0,13.0,19.0,0.8,4940.0,6.0,20.0,13.0,19.0,3,3,2,18,108.0,180,1080.0,88920.0,14.4,0.741
12020266001,0,1,60.0,50.0,40.0,120000.0,10,20.0,13.0,19.0,0.8,4940.0,6.0,20.0,19.0,13.0,3,2,3,18,108.0,180,1080.0,88920.0,14.4,0.741
12020266001,0,2,60.0,50.0,40.0,120000.0,10,20.0,13.0,19.0,0.8,4940.0,6.0,19.0,20.0,13.0,3,2,3,18,108.0,180,1080.0,88920.0,14.4,0.741
12020266001,0,3,60.0,50.0,40.0,120000.0,10,20.0,13.0,19.0,0.8,4940.0,6.0,19.0,13.0,20.0,3,3,2,18,108.0,180,1080.0,88920.0,14.4,0.741
12020266001,0,4,60.0,50.0,40.0,120000.0,10,20.0,13.0,19.0,0.8,4940.0,6.0,13.0,19.0,20.0,4,2,2,16,96.0,160,960.0,79040.0,12.8,0.6586666666666666
12020266001,0,5,60.0,50.0,40.0,120000.0,10,20.0,13.0,19.0,0.8,4940.0,6.0,13.0,20.0,19.0,4,2,2,16,96.0,160,960.0,79040.0,12.8,0.6586666666666666
14243007001,0,0,60.0,50.0,40.0,120000.0,10,54.0,37.0,18.0,11.06,35964.0,24.0,54.0,37.0,18.0,1,1,2,2,48.0,20,480.0,71928.0,22.12,0.5994
14243007001,0,1,60.0,50.0,40.0,120000.0,10,54.0,37.0,18.0,11.06,35964.0,24.0,54.0,18.0,37.0,1,2,1,2,48.0,20,480.0,71928.0,22.12,0.5994
14023257001,0,0,60.0,50.0,40.0,120000.0,10,37.0,22.0,25.0,2.7,20350.0,14.0,37.0,22.0,25.0,1,2,1,2,28.0,20,280.0,40700.0,5.4,0.33916666666666667
14023257001,0,1,60.0,50.0,40.0,120000.0,10,37.0,22.0,25.0,2.7,20350.0,14.0,37.0,25.0,22.0,1,2,1,2,28.0,20,280.0,40700.0,5.4,0.33916666666666667
14023257001,0,2,60.0,50.0,40.0,120000.0,10,37.0,22.0,25.0,2.7,20350.0,14.0,25.0,37.0,22.0,2,1,1,2,28.0,20,280.0,40700.0,5.4,0.33916666666666667
14023257001,0,3,60.0,50.0,40.0,120000.0,10,37.0,22.0,25.0,2.7,20350.0,14.0,25.0,22.0,37.0,2,2,1,4,56.0,40,560.0,81400.0,10.8,0.6783333333333333
14023257001,0,4,60.0,50.0,40.0,120000.0,10,37.0,22.0,25.0,2.7,20350.0,14.0,22.0,25.0,37.0,2,2,1,4,56.0,40,560.0,81400.0,10.8,0.6783333333333333
14023257001,0,5,60.0,50.0,40.0,120000.0,10,37.0,22.0,25.0,2.7,20350.0,14.0,22.0,37.0,25.0,2,1,1,2,28.0,20,280.0,40700.0,5.4,0.33916666666666667
12125005001,0,0,60.0,50.0,40.0,120000.0,10,42.0,31.0,17.0,2.4,22134.0,24.0,42.0,31.0,17.0,1,1,2,2,48.0,20,480.0,44268.0,4.8,0.3689
12125005001,0,1,60.0,50.0,40.0,120000.0,10,42.0,31.0,17.0,2.4,22134.0,24.0,42.0,17.0,31.0,1,2,1,2,48.0,20,480.0,44268.0,4.8,0.3689
12125005001,0,2,60.0,50.0,40.0,120000.0,10,42.0,31.0,17.0,2.4,22134.0,24.0,17.0,42.0,31.0,3,1,1,3,72.0,30,720.0,66402.0,7.199999999999999,0.55335
12125005001,0,5,60.0,50.0,40.0,120000.0,10,42.0,31.0,17.0,2.4,22134.0,24.0,31.0,42.0,17.0,1,1,2,2,48.0,20,480.0,44268.0,4.8,0.3689
11070012001,0,0,60.0,50.0,40.0,120000.0,10,44.0,29.0,28.0,14.0,35728.0,24.0,44.0,29.0,28.0,1,1,1,1,24.0,10,240.0,35728.0,14.0,0.29773333333333335
11070012001,0,1,60.0,50.0,40.0,120000.0,10,44.0,29.0,28.0,14.0,35728.0,24.0,44.0,28.0,29.0,1,1,1,1,24.0,10,240.0,35728.0,14.0,0.29773333333333335
11070012001,0,2,60.0,50.0,40.0,120000.0,10,44.0,29.0,28.0,14.0,35728.0,24.0,28.0,44.0,29.0,2,1,1,2,48.0,20,480.0,71456.0,28.0,0.5954666666666667
11070012001,0,5,60.0,50.0,40.0,120000.0,10,44.0,29.0,28.0,14.0,35728.0,24.0,29.0,44.0,28.0,2,1,1,2,48.0,20,480.0,71456.0,28.0,0.5954666666666667
12101032001,0,0,60.0,50.0,40.0,120000.0,10,52.0,37.0,15.0,7.2,28860.0,120.0,52.0,37.0,15.0,1,1,2,2,240.0,20,2400.0,57720.0,14.4,0.481
12101032001,0,1,60.0,50.0,40.0,120000.0,10,52.0,37.0,15.0,7.2,28860.0,120.0,52.0,15.0,37.0,1,3,1,3,360.0,30,3600.0,86580.0,21.6,0.7215
14121004001,0,0,60.0,50.0,40.0,120000.0,10,41.0,34.0,27.0,3.21,37638.0,10.0,41.0,34.0,27.0,1,1,1,1,10.0,10,100.0,37638.0,3.21,0.31365
14121004001,0,1,60.0,50.0,40.0,120000.0,10,41.0,34.0,27.0,3.21,37638.0,10.0,41.0,27.0,34.0,1,1,1,1,10.0,10,100.0,37638.0,3.21,0.31365
14121004001,0,2,60.0,50.0,40.0,120000.0,10,41.0,34.0,27.0,3.21,37638.0,10.0,27.0,41.0,34.0,2,1,1,2,20.0,20,200.0,75276.0,6.42,0.6273
14121004001,0,5,60.0,50.0,40.0,120000.0,10,41.0,34.0,27.0,3.21,37638.0,10.0,34.0,41.0,27.0,1,1,1,1,10.0,10,100.0,37638.0,3.21,0.31365
14011030001,0,0,60.0,50.0,40.0,120000.0,10,59.0,39.0,40.0,4.5,92040.0,12.0,59.0,39.0,40.0,1,1,1,1,12.0,10,120.0,92040.0,4.5,0.767
14011030001,0,1,60.0,50.0,40.0,120000.0,10,59.0,39.0,40.0,4.5,92040.0,12.0,59.0,40.0,39.0,1,1,1,1,12.0,10,120.0,92040.0,4.5,0.767
11062017001,0,0,60.0,50.0,40.0,120000.0,10,37.0,36.0,27.0,2.0,35964.0,36.0,37.0,36.0,27.0,1,1,1,1,36.0,10,360.0,35964.0,2.0,0.2997
11062017001,0,1,60.0,50.0,40.0,120000.0,10,37.0,36.0,27.0,2.0,35964.0,36.0,37.0,27.0,36.0,1,1,1,1,36.0,10,360.0,35964.0,2.0,0.2997
11062017001,0,2,60.0,50.0,40.0,120000.0,10,37.0,36.0,27.0,2.0,35964.0,36.0,27.0,37.0,36.0,2,1,1,2,72.0,20,720.0,71928.0,4.0,0.5994
11062017001,0,3,60.0,50.0,40.0,120000.0,10,37.0,36.0,27.0,2.0,35964.0,36.0,27.0,36.0,37.0,2,1,1,2,72.0,20,720.0,71928.0,4.0,0.5994
11062017001,0,4,60.0,50.0,40.0,120000.0,10,37.0,36.0,27.0,2.0,35964.0,36.0,36.0,27.0,37.0,1,1,1,1,36.0,10,360.0,35964.0,2.0,0.2997
11062017001,0,5,60.0,50.0,40.0,120000.0,10,37.0,36.0,27.0,2.0,35964.0,36.0,36.0,37.0,27.0,1,1,1,1,36.0,10,360.0,35964.0,2.0,0.2997
11032024001,0,0,60.0,50.0,40.0,120000.0,10,46.0,36.0,28.0,11.03,46368.0,24.0,46.0,36.0,28.0,1,1,1,1,24.0,10,240.0,46368.0,11.03,0.3864
11032024001,0,1,60.0,50.0,40.0,120000.0,10,46.0,36.0,28.0,11.03,46368.0,24.0,46.0,28.0,36.0,1,1,1,1,24.0,10,240.0,46368.0,11.03,0.3864
11032024001,0,2,60.0,50.0,40.0,120000.0,10,46.0,36.0,28.0,11.03,46368.0,24.0,28.0,46.0,36.0,2,1,1,2,48.0,20,480.0,92736.0,22.06,0.7728
11032024001,0,5,60.0,50.0,40.0,120000.0,10,46.0,36.0,28.0,11.03,46368.0,24.0,36.0,46.0,28.0,1,1,1,1,24.0,10,240.0,46368.0,11.03,0.3864
14204062001,0,0,60.0,50.0,40.0,120000.0,10,54.0,27.0,25.0,1.59,36450.0,12.0,54.0,27.0,25.0,1,1,1,1,12.0,10,120.0,36450.0,1.59,0.30375
14204062001,0,1,60.0,50.0,40.0,120000.0,10,54.0,27.0,25.0,1.59,36450.0,12.0,54.0,25.0,27.0,1,2,1,2,24.0,20,240.0,72900.0,3.18,0.6075
14600007001,0,0,60.0,50.0,40.0,120000.0,10,37.0,19.0,24.0,10.7,16872.0,16.0,37.0,19.0,24.0,1,2,1,2,32.0,20,320.0,33744.0,21.4,0.2812
14600007001,0,1,60.0,50.0,40.0,120000.0,10,37.0,19.0,24.0,10.7,16872.0,16.0,37.0,24.0,19.0,1,2,2,4,64.0,40,640.0,67488.0,42.8,0.5624
14600007001,0,2,60.0,50.0,40.0,120000.0,10,37.0,19.0,24.0,10.7,16872.0,16.0,24.0,37.0,19.0,2,1,2,4,64.0,40,640.0,67488.0,42.8,0.5624
14600007001,0,3,60.0,50.0,40.0,120000.0,10,37.0,19.0,24.0,10.7,16872.0,16.0,24.0,19.0,37.0,2,2,1,4,64.0,40,640.0,67488.0,42.8,0.5624
14600007001,0,4,60.0,50.0,40.0,120000.0,10,37.0,19.0,24.0,10.7,16872.0,16.0,19.0,24.0,37.0,3,2,1,6,96.0,60,960.0,101232.0,64.19999999999999,0.8436
14600007001,0,5,60.0,50.0,40.0,120000.0,10,37.0,19.0,24.0,10.7,16872.0,16.0,19.0,37.0,24.0,3,1,1,3,48.0,30,480.0,50616.0,32.099999999999994,0.4218
14220132001,0,0,60.0,50.0,40.0,120000.0,10,21.0,16.0,13.0,1.79,4368.0,15.0,21.0,16.0,13.0,2,3,3,18,270.0,180,2700.0,78624.0,32.22,0.6552
14220132001,0,1,60.0,50.0,40.0,120000.0,10,21.0,16.0,13.0,1.79,4368.0,15.0,21.0,13.0,16.0,2,3,2,12,180.0,120,1800.0,52416.0,21.48,0.4368
14220132001,0,2,60.0,50.0,40.0,120000.0,10,21.0,16.0,13.0,1.79,4368.0,15.0,13.0,21.0,16.0,4,2,2,16,240.0,160,2400.0,69888.0,28.64,0.5824
14220132001,0,3,60.0,50.0,40.0,120000.0,10,21.0,16.0,13.0,1.79,4368.0,15.0,13.0,16.0,21.0,4,3,1,12,180.0,120,1800.0,52416.0,21.48,0.4368
14220132001,0,4,60.0,50.0,40.0,120000.0,10,21.0,16.0,13.0,1.79,4368.0,15.0,16.0,13.0,21.0,3,3,1,9,135.0,90,1350.0,39312.0,16.11,0.3276
14220132001,0,5,60.0,50.0,40.0,120000.0,10,21.0,16.0,13.0,1.79,4368.0,15.0,16.0,21.0,13.0,3,2,3,18,270.0,180,2700.0,78624.0,32.22,0.6552
14020019001,0,0,60.0,50.0,40.0,120000.0,10,43.0,31.0,26.0,1.34,34658.0,6.0,43.0,31.0,26.0,1,1,1,1,6.0,10,60.0,34658.0,1.34,0.28881666666666667
14020019001,0,1,60.0,50.0,40.0,120000.0,10,43.0,31.0,26.0,1.34,34658.0,6.0,43.0,26.0,31.0,1,1,1,1,6.0,10,60.0,34658.0,1.34,0.28881666666666667
14020019001,0,2,60.0,50.0,40.0,120000.0,10,43.0,31.0,26.0,1.34,34658.0,6.0,26.0,43.0,31.0,2,1,1,2,12.0,20,120.0,69316.0,2.68,0.5776333333333333
14020019001,0,5,60.0,50.0,40.0,120000.0,10,43.0,31.0,26.0,1.34,34658.0,6.0,31.0,43.0,26.0,1,1,1,1,6.0,10,60.0,34658.0,1.34,0.28881666666666667
14243043001,0,0,60.0,50.0,40.0,120000.0,10,46.0,37.0,19.0,2.82,32338.0,12.0,46.0,37.0,19.0,1,1,2,2,24.0,20,240.0,64676.0,5.64,0.5389666666666667
14243043001,0,1,60.0,50.0,40.0,120000.0,10,46.0,37.0,19.0,2.82,32338.0,12.0,46.0,19.0,37.0,1,2,1,2,24.0,20,240.0,64676.0,5.64,0.5389666666666667
14243043001,0,2,60.0,50.0,40.0,120000.0,10,46.0,37.0,19.0,2.82,32338.0,12.0,19.0,46.0,37.0,3,1,1,3,36.0,30,360.0,97014.0,8.459999999999999,0.80845
14243043001,0,5,60.0,50.0,40.0,120000.0,10,46.0,37.0,19.0,2.82,32338.0,12.0,37.0,46.0,19.0,1,1,2,2,24.0,20,240.0,64676.0,5.64,0.5389666666666667
14243152001,0,0,60.0,50.0,40.0,120000.0,10,37.0,30.0,15.0,3.6,16650.0,12.0,37.0,30.0,15.0,1,1,2,2,24.0,20,240.0,33300.0,7.2,0.2775
14243152001,0,1,60.0,50.0,40.0,120000.0,10,37.0,30.0,15.0,3.6,16650.0,12.0,37.0,15.0,30.0,1,3,1,3,36.0,30,360.0,49950.0,10.8,0.41625
14243152001,0,2,60.0,50.0,40.0,120000.0,10,37.0,30.0,15.0,3.6,16650.0,12.0,15.0,37.0,30.0,4,1,1,4,48.0,40,480.0,66600.0,14.4,0.555
14243152001,0,3,60.0,50.0,40.0,120000.0,10,37.0,30.0,15.0,3.6,16650.0,12.0,15.0,30.0,37.0,4,1,1,4,48.0,40,480.0,66600.0,14.4,0.555
14243152001,0,4,60.0,50.0,40.0,120000.0,10,37.0,30.0,15.0,3.6,16650.0,12.0,30.0,15.0,37.0,2,3,1,6,72.0,60,720.0,99900.0,21.6,0.8325
14243152001,0,5,60.0,50.0,40.0,120000.0,10,37.0,30.0,15.0,3.6,16650.0,12.0,30.0,37.0,15.0,2,1,2,4,48.0,40,480.0,66600.0,14.4,0.555
12005015006,0,0,60.0,50.0,40.0,120000.0,10,30.0,23.0,18.0,3.0,12420.0,12.0,30.0,23.0,18.0,2,2,2,8,96.0,80,960.0,99360.0,24.0,0.828
12005015006,0,1,60.0,50.0,40.0,120000.0,10,30.0,23.0,18.0,3.0,12420.0,12.0,30.0,18.0,23.0,2,2,1,4,48.0,40,480.0,49680.0,12.0,0.414
12005015006,0,2,60.0,50.0,40.0,120000.0,10,30.0,23.0,18.0,3.0,12420.0,12.0,18.0,30.0,23.0,3,1,1,3,36.0,30,360.0,37260.0,9.0,0.3105
12005015006,0,3,60.0,50.0,40.0,120000.0,10,30.0,23.0,18.0,3.0,12420.0,12.0,18.0,23.0,30.0,3,2,1,6,72.0,60,720.0,74520.0,18.0,0.621
12005015006,0,4,60.0,50.0,40.0,120000.0,10,30.0,23.0,18.0,3.0,12420.0,12.0,23.0,18.0,30.0,2,2,1,4,48.0,40,480.0,49680.0,12.0,0.414
12005015006,0,5,60.0,50.0,40.0,120000.0,10,30.0,23.0,18.0,3.0,12420.0,12.0,23.0,30.0,18.0,2,1,2,4,48.0,40,480.0,49680.0,12.0,0.414
32501007001,0,0,60.0,50.0,40.0,120000.0,10,33.0,25.0,28.0,12.0,23100.0,70.0,33.0,25.0,28.0,1,2,1,2,140.0,20,1400.0,46200.0,24.0,0.385
32501007001,0,1,60.0,50.0,40.0,120000.0,10,33.0,25.0,28.0,12.0,23100.0,70.0,33.0,28.0,25.0,1,1,1,1,70.0,10,700.0,23100.0,12.0,0.1925
32501007001,0,2,60.0,50.0,40.0,120000.0,10,33.0,25.0,28.0,12.0,23100.0,70.0,28.0,33.0,25.0,2,1,1,2,140.0,20,1400.0,46200.0,24.0,0.385
32501007001,0,3,60.0,50.0,40.0,120000.0,10,33.0,25.0,28.0,12.0,23100.0,70.0,28.0,25.0,33.0,2,2,1,4,280.0,40,2800.0,92400.0,48.0,0.77
32501007001,0,4,60.0,50.0,40.0,120000.0,10,33.0,25.0,28.0,12.0,23100.0,70.0,25.0,28.0,33.0,2,1,1,2,140.0,20,1400.0,46200.0,24.0,0.385
32501007001,0,5,60.0,50.0,40.0,120000.0,10,33.0,25.0,28.0,12.0,23100.0,70.0,25.0,33.0,28.0,2,1,1,2,140.0,20,1400.0,46200.0,24.0,0.385
31473013001,0,0,60.0,50.0,40.0,120000.0,10,48.0,39.0,30.0,9.13,56160.0,24.0,48.0,39.0,30.0,1,1,1,1,24.0,10,240.0,56160.0,9.13,0.468
31473013001,0,1,60.0,50.0,40.0,120000.0,10,48.0,39.0,30.0,9.13,56160.0,24.0,48.0,30.0,39.0,1,1,1,1,24.0,10,240.0,56160.0,9.13,0.468
31473013001,0,2,60.0,50.0,40.0,120000.0,10,48.0,39.0,30.0,9.13,56160.0,24.0,30.0,48.0,39.0,2,1,1,2,48.0,20,480.0,112320.0,18.26,0.936
31473013001,0,5,60.0,50.0,40.0,120000.0,10,48.0,39.0,30.0,9.13,56160.0,24.0,39.0,48.0,30.0,1,1,1,1,24.0,10,240.0,56160.0,9.13,0.468
15020007001,0,0,60.0,50.0,40.0,120000.0,10,37.0,20.0,22.0,13.12,16280.0,12.0,37.0,20.0,22.0,1,2,1,2,24.0,20,240.0,32560.0,26.24,0.2713333333333333
15020007001,0,1,60.0,50.0,40.0,120000.0,10,37.0,20.0,22.0,13.12,16280.0,12.0,37.0,22.0,20.0,1,2,2,4,48.0,40,480.0,65120.0,52.48,0.5426666666666666
15020007001,0,2,60.0,50.0,40.0,120000.0,10,37.0,20.0,22.0,13.12,16280.0,12.0,22.0,37.0,20.0,2,1,2,4,48.0,40,480.0,65120.0,52.48,0.5426666666666666
15020007001,0,3,60.0,50.0,40.0,120000.0,10,37.0,20.0,22.0,13.12,16280.0,12.0,22.0,20.0,37.0,2,2,1,4,48.0,40,480.0,65120.0,52.48,0.5426666666666666
15020007001,0,4,60.0,50.0,40.0,120000.0,10,37.0,20.0,22.0,13.12,16280.0,12.0,20.0,22.0,37.0,3,2,1,6,72.0,60,720.0,97680.0,78.72,0.814
15020007001,0,5,60.0,50.0,40.0,120000.0,10,37.0,20.0,22.0,13.12,16280.0,12.0,20.0,37.0,22.0,3,1,1,3,36.0,30,360.0,48840.0,39.36,0.407
14131121001,0,0,60.0,50.0,40.0,120000.0,10,60.0,27.0,23.0,4.83,37260.0,12.0,60.0,27.0,23.0,1,1,1,1,12.0,10,120.0,37260.0,4.83,0.3105
14131121001,0,1,60.0,50.0,40.0,120000.0,10,60.0,27.0,23.0,4.83,37260.0,12.0,60.0,23.0,27.0,1,2,1,2,24.0,20,240.0,74520.0,9.66,0.621
14500067001,0,0,60.0,50.0,40.0,120000.0,10,40.0,32.0,16.0,3.72,20480.0,24.0,40.0,32.0,16.0,1,1,2,2,48.0,20,480.0,40960.0,7.44,0.3413333333333333
14500067001,0,1,60.0,50.0,40.0,120000.0,10,40.0,32.0,16.0,3.72,20480.0,24.0,40.0,16.0,32.0,1,3,1,3,72.0,30,720.0,61440.0,11.16,0.512
14500067001,0,2,60.0,50.0,40.0,120000.0,10,40.0,32.0,16.0,3.72,20480.0,24.0,16.0,40.0,32.0,3,1,1,3,72.0,30,720.0,61440.0,11.16,0.512
14500067001,0,3,60.0,50.0,40.0,120000.0,10,40.0,32.0,16.0,3.72,20480.0,24.0,16.0,32.0,40.0,3,1,1,3,72.0,30,720.0,61440.0,11.16,0.512
14500067001,0,4,60.0,50.0,40.0,120000.0,10,40.0,32.0,16.0,3.72,20480.0,24.0,32.0,16.0,40.0,1,3,1,3,72.0,30,720.0,61440.0,11.16,0.512
14500067001,0,5,60.0,50.0,40.0,120000.0,10,40.0,32.0,16.0,3.72,20480.0,24.0,32.0,40.0,16.0,1,1,2,2,48.0,20,480.0,40960.0,7.44,0.3413333333333333
10023043001,0,0,60.0,50.0,40.0,120000.0,10,49.0,37.0,24.0,16.5,43512.0,8.0,49.0,37.0,24.0,1,1,1,1,8.0,10,80.0,43512.0,16.5,0.3626
10023043001,0,1,60.0,50.0,40.0,120000.0,10,49.0,37.0,24.0,16.5,43512.0,8.0,49.0,24.0,37.0,1,2,1,2,16.0,20,160.0,87024.0,33.0,0.7252
10023043001,0,2,60.0,50.0,40.0,120000.0,10,49.0,37.0,24.0,16.5,43512.0,8.0,24.0,49.0,37.0,2,1,1,2,16.0,20,160.0,87024.0,33.0,0.7252
10023043001,0,5,60.0,50.0,40.0,120000.0,10,49.0,37.0,24.0,16.5,43512.0,8.0,37.0,49.0,24.0,1,1,1,1,8.0,10,80.0,43512.0,16.5,0.3626
11050055001,0,0,60.0,50.0,40.0,120000.0,10,39.0,29.0,27.0,12.8,30537.0,12.0,39.0,29.0,27.0,1,1,1,1,12.0,10,120.0,30537.0,12.8,0.254475
11050055001,0,1,60.0,50.0,40.0,120000.0,10,39.0,29.0,27.0,12.8,30537.0,12.0,39.0,27.0,29.0,1,1,1,1,12.0,10,120.0,30537.0,12.8,0.254475
11050055001,0,2,60.0,50.0,40.0,120000.0,10,39.0,29.0,27.0,12.8,30537.0,12.0,27.0,39.0,29.0,2,1,1,2,24.0,20,240.0,61074.0,25.6,0.50895
11050055001,0,3,60.0,50.0,40.0,120000.0,10,39.0,29.0,27.0,12.8,30537.0,12.0,27.0,29.0,39.0,2,1,1,2,24.0,20,240.0,61074.0,25.6,0.50895
11050055001,0,4,60.0,50.0,40.0,120000.0,10,39.0,29.0,27.0,12.8,30537.0,12.0,29.0,27.0,39.0,2,1,1,2,24.0,20,240.0,61074.0,25.6,0.50895
11050055001,0,5,60.0,50.0,40.0,120000.0,10,39.0,29.0,27.0,12.8,30537.0,12.0,29.0,39.0,27.0,2,1,1,2,24.0,20,240.0,61074.0,25.6,0.50895
14620903001,0,0,60.0,50.0,40.0,120000.0,10,31.0,24.0,29.0,14.15,21576.0,12.0,31.0,24.0,29.0,1,2,1,2,24.0,20,240.0,43152.0,28.3,0.3596
14620903001,0,1,60.0,50.0,40.0,120000.0,10,31.0,24.0,29.0,14.15,21576.0,12.0,31.0,29.0,24.0,1,1,1,1,12.0,10,120.0,21576.0,14.15,0.1798
14620903001,0,2,60.0,50.0,40.0,120000.0,10,31.0,24.0,29.0,14.15,21576.0,12.0,29.0,31.0,24.0,2,1,1,2,24.0,20,240.0,43152.0,28.3,0.3596
14620903001,0,3,60.0,50.0,40.0,120000.0,10,31.0,24.0,29.0,14.15,21576.0,12.0,29.0,24.0,31.0,2,2,1,4,48.0,40,480.0,86304.0,56.6,0.7192
14620903001,0,4,60.0,50.0,40.0,120000.0,10,31.0,24.0,29.0,14.15,21576.0,12.0,24.0,29.0,31.0,2,1,1,2,24.0,20,240.0,43152.0,28.3,0.3596
14620903001,0,5,60.0,50.0,40.0,120000.0,10,31.0,24.0,29.0,14.15,21576.0,12.0,24.0,31.0,29.0,2,1,1,2,24.0,20,240.0,43152.0,28.3,0.3596
11041024001,0,0,60.0,50.0,40.0,120000.0,10,26.0,18.0,21.0,2.0,9828.0,12.0,26.0,18.0,21.0,2,2,1,4,48.0,40,480.0,39312.0,8.0,0.3276
11041024001,0,1,60.0,50.0,40.0,120000.0,10,26.0,18.0,21.0,2.0,9828.0,12.0,26.0,21.0,18.0,2,2,2,8,96.0,80,960.0,78624.0,16.0,0.6552
11041024001,0,2,60.0,50.0,40.0,120000.0,10,26.0,18.0,21.0,2.0,9828.0,12.0,21.0,26.0,18.0,2,1,2,4,48.0,40,480.0,39312.0,8.0,0.3276
11041024001,0,3,60.0,50.0,40.0,120000.0,10,26.0,18.0,21.0,2.0,9828.0,12.0,21.0,18.0,26.0,2,2,1,4,48.0,40,480.0,39312.0,8.0,0.3276
11041024001,0,4,60.0,50.0,40.0,120000.0,10,26.0,18.0,21.0,2.0,9828.0,12.0,18.0,21.0,26.0,3,2,1,6,72.0,60,720.0,58968.0,12.0,0.4914
11041024001,0,5,60.0,50.0,40.0,120000.0,10,26.0,18.0,21.0,2.0,9828.0,12.0,18.0,26.0,21.0,3,1,1,3,36.0,30,360.0,29484.0,6.0,0.2457
11050006001,0,0,60.0,50.0,40.0,120000.0,10,28.0,27.0,20.0,8.15,15120.0,12.0,28.0,27.0,20.0,2,1,2,4,48.0,40,480.0,60480.0,32.6,0.504
11050006001,0,1,60.0,50.0,40.0,120000.0,10,28.0,27.0,20.0,8.15,15120.0,12.0,28.0,20.0,27.0,2,2,1,4,48.0,40,480.0,60480.0,32.6,0.504
11050006001,0,2,60.0,50.0,40.0,120000.0,10,28.0,27.0,20.0,8.15,15120.0,12.0,20.0,28.0,27.0,3,1,1,3,36.0,30,360.0,45360.0,24.450000000000003,0.378
11050006001,0,3,60.0,50.0,40.0,120000.0,10,28.0,27.0,20.0,8.15,15120.0,12.0,20.0,27.0,28.0,3,1,1,3,36.0,30,360.0,45360.0,24.450000000000003,0.378
11050006001,0,4,60.0,50.0,40.0,120000.0,10,28.0,27.0,20.0,8.15,15120.0,12.0,27.0,20.0,28.0,2,2,1,4,48.0,40,480.0,60480.0,32.6,0.504
11050006001,0,5,60.0,50.0,40.0,120000.0,10,28.0,27.0,20.0,8.15,15120.0,12.0,27.0,28.0,20.0,2,1,2,4,48.0,40,480.0,60480.0,32.6,0.504
14311113001,0,0,60.0,50.0,40.0,120000.0,10,55.0,35.0,23.0,8.48,44275.0,20.0,55.0,35.0,23.0,1,1,1,1,20.0,10,200.0,44275.0,8.48,0.36895833333333333
14311113001,0,1,60.0,50.0,40.0,120000.0,10,55.0,35.0,23.0,8.48,44275.0,20.0,55.0,23.0,35.0,1,2,1,2,40.0,20,400.0,88550.0,16.96,0.7379166666666667
12123151001,0,0,60.0,50.0,40.0,120000.0,10,43.0,36.0,26.0,2.56,40248.0,24.0,43.0,36.0,26.0,1,1,1,1,24.0,10,240.0,40248.0,2.56,0.3354
12123151001,0,1,60.0,50.0,40.0,120000.0,10,43.0,36.0,26.0,2.56,40248.0,24.0,43.0,26.0,36.0,1,1,1,1,24.0,10,240.0,40248.0,2.56,0.3354
12123151001,0,2,60.0,50.0,40.0,120000.0,10,43.0,36.0,26.0,2.56,40248.0,24.0,26.0,43.0,36.0,2,1,1,2,48.0,20,480.0,80496.0,5.12,0.6708
12123151001,0,5,60.0,50.0,40.0,120000.0,10,43.0,36.0,26.0,2.56,40248.0,24.0,36.0,43.0,26.0,1,1,1,1,24.0,10,240.0,40248.0,2.56,0.3354
14200090001,0,0,60.0,50.0,40.0,120000.0,10,37.0,29.0,19.0,3.344,20387.0,24.0,37.0,29.0,19.0,1,1,2,2,48.0,20,480.0,40774.0,6.688,0.3397833333333333
14200090001,0,1,60.0,50.0,40.0,120000.0,10,37.0,29.0,19.0,3.344,20387.0,24.0,37.0,19.0,29.0,1,2,1,2,48.0,20,480.0,40774.0,6.688,0.3397833333333333
14200090001,0,2,60.0,50.0,40.0,120000.0,10,37.0,29.0,19.0,3.344,20387.0,24.0,19.0,37.0,29.0,3,1,1,3,72.0,30,720.0,61161.0,10.032,0.509675
14200090001,0,3,60.0,50.0,40.0,120000.0,10,37.0,29.0,19.0,3.344,20387.0,24.0,19.0,29.0,37.0,3,1,1,3,72.0,30,720.0,61161.0,10.032,0.509675
14200090001,0,4,60.0,50.0,40.0,120000.0,10,37.0,29.0,19.0,3.344,20387.0,24.0,29.0,19.0,37.0,2,2,1,4,96.0,40,960.0,81548.0,13.376,0.6795666666666667
14200090001,0,5,60.0,50.0,40.0,120000.0,10,37.0,29.0,19.0,3.344,20387.0,24.0,29.0,37.0,19.0,2,1,2,4,96.0,40,960.0,81548.0,13.376,0.6795666666666667
14602101001,0,0,60.0,50.0,40.0,120000.0,10,13.0,12.0,9.0,0.97,1404.0,6.0,13.0,12.0,9.0,4,4,4,64,384.0,640,3840.0,89856.0,62.08,0.7488
14602101001,0,1,60.0,50.0,40.0,120000.0,10,13.0,12.0,9.0,0.97,1404.0,6.0,13.0,9.0,12.0,4,5,3,60,360.0,600,3600.0,84240.0,58.199999999999996,0.702
14602101001,0,2,60.0,50.0,40.0,120000.0,10,13.0,12.0,9.0,0.97,1404.0,6.0,9.0,13.0,12.0,6,3,3,54,324.0,540,3240.0,75816.0,52.379999999999995,0.6318
14602101001,0,3,60.0,50.0,40.0,120000.0,10,13.0,12.0,9.0,0.97,1404.0,6.0,9.0,12.0,13.0,6,4,3,72,432.0,720,4320.0,101088.0,69.84,0.8424
14602101001,0,4,60.0,50.0,40.0,120000.0,10,13.0,12.0,9.0,0.97,1404.0,6.0,12.0,9.0,13.0,5,5,3,75,450.0,750,4500.0,105300.0,72.75,0.8775
14602101001,0,5,60.0,50.0,40.0,120000.0,10,13.0,12.0,9.0,0.97,1404.0,6.0,12.0,13.0,9.0,5,3,4,60,360.0,600,3600.0,84240.0,58.199999999999996,0.702
14204899001,0,0,60.0,50.0,40.0,120000.0,10,39.0,29.0,27.0,2.27,30537.0,20.0,39.0,29.0,27.0,1,1,1,1,20.0,10,200.0,30537.0,2.27,0.254475
14204899001,0,1,60.0,50.0,40.0,120000.0,10,39.0,29.0,27.0,2.27,30537.0,20.0,39.0,27.0,29.0,1,1,1,1,20.0,10,200.0,30537.0,2.27,0.254475
14204899001,0,2,60.0,50.0,40.0,120000.0,10,39.0,29.0,27.0,2.27,30537.0,20.0,27.0,39.0,29.0,2,1,1,2,40.0,20,400.0,61074.0,4.54,0.50895
14204899001,0,3,60.0,50.0,40.0,120000.0,10,39.0,29.0,27.0,2.27,30537.0,20.0,27.0,29.0,39.0,2,1,1,2,40.0,20,400.0,61074.0,4.54,0.50895
14204899001,0,4,60.0,50.0,40.0,120000.0,10,39.0,29.0,27.0,2.27,30537.0,20.0,29.0,27.0,39.0,2,1,1,2,40.0,20,400.0,61074.0,4.54,0.50895
14204899001,0,5,60.0,50.0,40.0,120000.0,10,39.0,29.0,27.0,2.27,30537.0,20.0,29.0,39.0,27.0,2,1,1,2,40.0,20,400.0,61074.0,4.54,0.50895
14370054001,0,0,60.0,50.0,40.0,120000.0,10,44.0,33.0,14.0,10.23,20328.0,12.0,44.0,33.0,14.0,1,1,2,2,24.0,20,240.0,40656.0,20.46,0.3388
14370054001,0,1,60.0,50.0,40.0,120000.0,10,44.0,33.0,14.0,10.23,20328.0,12.0,44.0,14.0,33.0,1,3,1,3,36.0,30,360.0,60984.0,30.69,0.5082
14370054001,0,2,60.0,50.0,40.0,120000.0,10,44.0,33.0,14.0,10.23,20328.0,12.0,14.0,44.0,33.0,4,1,1,4,48.0,40,480.0,81312.0,40.92,0.6776
14370054001,0,5,60.0,50.0,40.0,120000.0,10,44.0,33.0,14.0,10.23,20328.0,12.0,33.0,44.0,14.0,1,1,2,2,24.0,20,240.0,40656.0,20.46,0.3388
14832012001,0,0,60.0,50.0,40.0,120000.0,10,35.0,28.0,22.0,14.96,21560.0,48.0,35.0,28.0,22.0,1,1,1,1,48.0,10,480.0,21560.0,14.96,0.17966666666666667
14832012001,0,1,60.0,50.0,40.0,120000.0,10,35.0,28.0,22.0,14.96,21560.0,48.0,35.0,22.0,28.0,1,2,1,2,96.0,20,960.0,43120.0,29.92,0.35933333333333334
14832012001,0,2,60.0,50.0,40.0,120000.0,10,35.0,28.0,22.0,14.96,21560.0,48.0,22.0,35.0,28.0,2,1,1,2,96.0,20,960.0,43120.0,29.92,0.35933333333333334
14832012001,0,3,60.0,50.0,40.0,120000.0,10,35.0,28.0,22.0,14.96,21560.0,48.0,22.0,28.0,35.0,2,1,1,2,96.0,20,960.0,43120.0,29.92,0.35933333333333334
14832012001,0,4,60.0,50.0,40.0,120000.0,10,35.0,28.0,22.0,14.96,21560.0,48.0,28.0,22.0,35.0,2,2,1,4,192.0,40,1920.0,86240.0,59.84,0.7186666666666667
14832012001,0,5,60.0,50.0,40.0,120000.0,10,35.0,28.0,22.0,14.96,21560.0,48.0,28.0,35.0,22.0,2,1,1,2,96.0,20,960.0,43120.0,29.92,0.35933333333333334
14103155001,0,0,60.0,50.0,40.0,120000.0,10,30.0,23.0,24.0,0.26,16560.0,1.0,30.0,23.0,24.0,2,2,1,4,4.0,40,40.0,66240.0,1.04,0.552
14103155001,0,1,60.0,50.0,40.0,120000.0,10,30.0,23.0,24.0,0.26,16560.0,1.0,30.0,24.0,23.0,2,2,1,4,4.0,40,40.0,66240.0,1.04,0.552
14103155001,0,2,60.0,50.0,40.0,120000.0,10,30.0,23.0,24.0,0.26,16560.0,1.0,24.0,30.0,23.0,2,1,1,2,2.0,20,20.0,33120.0,0.52,0.276
14103155001,0,3,60.0,50.0,40.0,120000.0,10,30.0,23.0,24.0,0.26,16560.0,1.0,24.0,23.0,30.0,2,2,1,4,4.0,40,40.0,66240.0,1.04,0.552
14103155001,0,4,60.0,50.0,40.0,120000.0,10,30.0,23.0,24.0,0.26,16560.0,1.0,23.0,24.0,30.0,2,2,1,4,4.0,40,40.0,66240.0,1.04,0.552
14103155001,0,5,60.0,50.0,40.0,120000.0,10,30.0,23.0,24.0,0.26,16560.0,1.0,23.0,30.0,24.0,2,1,1,2,2.0,20,20.0,33120.0,0.52,0.276
14612075001,0,0,60.0,50.0,40.0,120000.0,10,34.0,23.0,28.0,11.7,21896.0,6.0,34.0,23.0,28.0,1,2,1,2,12.0,20,120.0,43792.0,23.4,0.36493333333333333
14612075001,0,1,60.0,50.0,40.0,120000.0,10,34.0,23.0,28.0,11.7,21896.0,6.0,34.0,28.0,23.0,1,1,1,1,6.0,10,60.0,21896.0,11.7,0.18246666666666667
14612075001,0,2,60.0,50.0,40.0,120000.0,10,34.0,23.0,28.0,11.7,21896.0,6.0,28.0,34.0,23.0,2,1,1,2,12.0,20,120.0,43792.0,23.4,0.36493333333333333
14612075001,0,3,60.0,50.0,40.0,120000.0,10,34.0,23.0,28.0,11.7,21896.0,6.0,28.0,23.0,34.0,2,2,1,4,24.0,40,240.0,87584.0,46.8,0.7298666666666667
14612075001,0,4,60.0,50.0,40.0,120000.0,10,34.0,23.0,28.0,11.7,21896.0,6.0,23.0,28.0,34.0,2,1,1,2,12.0,20,120.0,43792.0,23.4,0.36493333333333333
14612075001,0,5,60.0,50.0,40.0,120000.0,10,34.0,23.0,28.0,11.7,21896.0,6.0,23.0,34.0,28.0,2,1,1,2,12.0,20,120.0,43792.0,23.4,0.36493333333333333
11100107001,0,0,60.0,50.0,40.0,120000.0,10,39.0,31.0,27.0,19.136,32643.0,4.0,39.0,31.0,27.0,1,1,1,1,4.0,10,40.0,32643.0,19.136,0.272025
11100107001,0,1,60.0,50.0,40.0,120000.0,10,39.0,31.0,27.0,19.136,32643.0,4.0,39.0,27.0,31.0,1,1,1,1,4.0,10,40.0,32643.0,19.136,0.272025
11100107001,0,2,60.0,50.0,40.0,120000.0,10,39.0,31.0,27.0,19.136,32643.0,4.0,27.0,39.0,31.0,2,1,1,2,8.0,20,80.0,65286.0,38.272,0.54405
11100107001,0,3,60.0,50.0,40.0,120000.0,10,39.0,31.0,27.0,19.136,32643.0,4.0,27.0,31.0,39.0,2,1,1,2,8.0,20,80.0,65286.0,38.272,0.54405
11100107001,0,4,60.0,50.0,40.0,120000.0,10,39.0,31.0,27.0,19.136,32643.0,4.0,31.0,27.0,39.0,1,1,1,1,4.0,10,40.0,32643.0,19.136,0.272025
11100107001,0,5,60.0,50.0,40.0,120000.0,10,39.0,31.0,27.0,19.136,32643.0,4.0,31.0,39.0,27.0,1,1,1,1,4.0,10,40.0,32643.0,19.136,0.272025
11110026001,0,0,60.0,50.0,40.0,120000.0,10,41.0,27.0,31.0,14.19,34317.0,4.0,41.0,27.0,31.0,1,1,1,1,4.0,10,40.0,34317.0,14.19,0.285975
11110026001,0,1,60.0,50.0,40.0,120000.0,10,41.0,27.0,31.0,14.19,34317.0,4.0,41.0,31.0,27.0,1,1,1,1,4.0,10,40.0,34317.0,14.19,0.285975
11110026001,0,2,60.0,50.0,40.0,120000.0,10,41.0,27.0,31.0,14.19,34317.0,4.0,31.0,41.0,27.0,1,1,1,1,4.0,10,40.0,34317.0,14.19,0.285975
11110026001,0,5,60.0,50.0,40.0,120000.0,10,41.0,27.0,31.0,14.19,34317.0,4.0,27.0,41.0,31.0,2,1,1,2,8.0,20,80.0,68634.0,28.38,0.57195
14304001001,0,0,60.0,50.0,40.0,120000.0,10,44.0,32.0,33.0,7.81,46464.0,24.0,44.0,32.0,33.0,1,1,1,1,24.0,10,240.0,46464.0,7.81,0.3872
14304001001,0,1,60.0,50.0,40.0,120000.0,10,44.0,32.0,33.0,7.81,46464.0,24.0,44.0,33.0,32.0,1,1,1,1,24.0,10,240.0,46464.0,7.81,0.3872
14304001001,0,2,60.0,50.0,40.0,120000.0,10,44.0,32.0,33.0,7.81,46464.0,24.0,33.0,44.0,32.0,1,1,1,1,24.0,10,240.0,46464.0,7.81,0.3872
14304001001,0,5,60.0,50.0,40.0,120000.0,10,44.0,32.0,33.0,7.81,46464.0,24.0,32.0,44.0,33.0,1,1,1,1,24.0,10,240.0,46464.0,7.81,0.3872
30073022001,0,0,60.0,50.0,40.0,120000.0,10,40.0,25.0,28.0,5.53,28000.0,10.0,40.0,25.0,28.0,1,2,1,2,20.0,20,200.0,56000.0,11.06,0.4666666666666667
30073022001,0,1,60.0,50.0,40.0,120000.0,10,40.0,25.0,28.0,5.53,28000.0,10.0,40.0,28.0,25.0,1,1,1,1,10.0,10,100.0,28000.0,5.53,0.23333333333333334
30073022001,0,2,60.0,50.0,40.0,120000.0,10,40.0,25.0,28.0,5.53,28000.0,10.0,28.0,40.0,25.0,2,1,1,2,20.0,20,200.0,56000.0,11.06,0.4666666666666667
30073022001,0,3,60.0,50.0,40.0,120000.0,10,40.0,25.0,28.0,5.53,28000.0,10.0,28.0,25.0,40.0,2,2,1,4,40.0,40,400.0,112000.0,22.12,0.9333333333333333
30073022001,0,4,60.0,50.0,40.0,120000.0,10,40.0,25.0,28.0,5.53,28000.0,10.0,25.0,28.0,40.0,2,1,1,2,20.0,20,200.0,56000.0,11.06,0.4666666666666667
30073022001,0,5,60.0,50.0,40.0,120000.0,10,40.0,25.0,28.0,5.53,28000.0,10.0,25.0,40.0,28.0,2,1,1,2,20.0,20,200.0,56000.0,11.06,0.4666666666666667
41417001001,0,0,60.0,50.0,40.0,120000.0,10,17.0,3.0,8.0,0.1,408.0,1.0,17.0,3.0,8.0,3,16,5,240,240.0,2400,2400.0,97920.0,24.0,0.816
41417001001,0,1,60.0,50.0,40.0,120000.0,10,17.0,3.0,8.0,0.1,408.0,1.0,17.0,8.0,3.0,3,6,13,234,234.0,2340,2340.0,95472.0,23.400000000000002,0.7956
41417001001,0,2,60.0,50.0,40.0,120000.0,10,17.0,3.0,8.0,0.1,408.0,1.0,8.0,17.0,3.0,7,2,13,182,182.0,1820,1820.0,74256.0,18.2,0.6188
41417001001,0,3,60.0,50.0,40.0,120000.0,10,17.0,3.0,8.0,0.1,408.0,1.0,8.0,3.0,17.0,7,16,2,224,224.0,2240,2240.0,91392.0,22.400000000000002,0.7616
41417001001,0,4,60.0,50.0,40.0,120000.0,10,17.0,3.0,8.0,0.1,408.0,1.0,3.0,8.0,17.0,20,6,2,240,240.0,2400,2400.0,97920.0,24.0,0.816
41417001001,0,5,60.0,50.0,40.0,120000.0,10,17.0,3.0,8.0,0.1,408.0,1.0,3.0,17.0,8.0,20,2,5,200,200.0,2000,2000.0,81600.0,20.0,0.68
14510103001,0,0,60.0,50.0,40.0,120000.0,10,35.0,24.0,5.0,6.0,4200.0,1.0,35.0,24.0,5.0,1,2,8,16,16.0,160,160.0,67200.0,96.0,0.56
14510103001,0,1,60.0,50.0,40.0,120000.0,10,35.0,24.0,5.0,6.0,4200.0,1.0,35.0,5.0,24.0,1,10,1,10,10.0,100,100.0,42000.0,60.0,0.35
14510103001,0,2,60.0,50.0,40.0,120000.0,10,35.0,24.0,5.0,6.0,4200.0,1.0,5.0,35.0,24.0,12,1,1,12,12.0,120,120.0,50400.0,72.0,0.42
14510103001,0,3,60.0,50.0,40.0,120000.0,10,35.0,24.0,5.0,6.0,4200.0,1.0,5.0,24.0,35.0,12,2,1,24,24.0,240,240.0,100800.0,144.0,0.84
14510103001,0,4,60.0,50.0,40.0,120000.0,10,35.0,24.0,5.0,6.0,4200.0,1.0,24.0,5.0,35.0,2,10,1,20,20.0,200,200.0,84000.0,120.0,0.7
14510103001,0,5,60.0,50.0,40.0,120000.0,10,35.0,24.0,5.0,6.0,4200.0,1.0,24.0,35.0,5.0,2,1,8,16,16.0,160,160.0,67200.0,96.0,0.56
14226035001,0,0,60.0,50.0,40.0,120000.0,10,42.0,19.0,17.0,2.78,13566.0,60.0,42.0,19.0,17.0,1,2,2,4,240.0,40,2400.0,54264.0,11.12,0.4522
14226035001,0,1,60.0,50.0,40.0,120000.0,10,42.0,19.0,17.0,2.78,13566.0,60.0,42.0,17.0,19.0,1,2,2,4,240.0,40,2400.0,54264.0,11.12,0.4522
14226035001,0,2,60.0,50.0,40.0,120000.0,10,42.0,19.0,17.0,2.78,13566.0,60.0,17.0,42.0,19.0,3,1,2,6,360.0,60,3600.0,81396.0,16.68,0.6783
14226035001,0,5,60.0,50.0,40.0,120000.0,10,42.0,19.0,17.0,2.78,13566.0,60.0,19.0,42.0,17.0,3,1,2,6,360.0,60,3600.0,81396.0,16.68,0.6783
12100013001,0,0,60.0,50.0,40.0,120000.0,10,36.0,33.0,22.0,9.35,26136.0,48.0,36.0,33.0,22.0,1,1,1,1,48.0,10,480.0,26136.0,9.35,0.2178
12100013001,0,1,60.0,50.0,40.0,120000.0,10,36.0,33.0,22.0,9.35,26136.0,48.0,36.0,22.0,33.0,1,2,1,2,96.0,20,960.0,52272.0,18.7,0.4356
12100013001,0,2,60.0,50.0,40.0,120000.0,10,36.0,33.0,22.0,9.35,26136.0,48.0,22.0,36.0,33.0,2,1,1,2,96.0,20,960.0,52272.0,18.7,0.4356
12100013001,0,3,60.0,50.0,40.0,120000.0,10,36.0,33.0,22.0,9.35,26136.0,48.0,22.0,33.0,36.0,2,1,1,2,96.0,20,960.0,52272.0,18.7,0.4356
12100013001,0,4,60.0,50.0,40.0,120000.0,10,36.0,33.0,22.0,9.35,26136.0,48.0,33.0,22.0,36.0,1,2,1,2,96.0,20,960.0,52272.0,18.7,0.4356
12100013001,0,5,60.0,50.0,40.0,120000.0,10,36.0,33.0,22.0,9.35,26136.0,48.0,33.0,36.0,22.0,1,1,1,1,48.0,10,480.0,26136.0,9.35,0.2178
11020001001,0,0,60.0,50.0,40.0,120000.0,10,41.0,21.0,30.0,11.6,25830.0,14.0,41.0,21.0,30.0,1,2,1,2,28.0,20,280.0,51660.0,23.2,0.4305
11020001001,0,1,60.0,50.0,40.0,120000.0,10,41.0,21.0,30.0,11.6,25830.0,14.0,41.0,30.0,21.0,1,1,1,1,14.0,10,140.0,25830.0,11.6,0.21525
11020001001,0,2,60.0,50.0,40.0,120000.0,10,41.0,21.0,30.0,11.6,25830.0,14.0,30.0,41.0,21.0,2,1,1,2,28.0,20,280.0,51660.0,23.2,0.4305
11020001001,0,5,60.0,50.0,40.0,120000.0,10,41.0,21.0,30.0,11.6,25830.0,14.0,21.0,41.0,30.0,2,1,1,2,28.0,20,280.0,51660.0,23.2,0.4305
14601047001,0,0,60.0,50.0,40.0,120000.0,10,42.0,25.0,20.0,7.17,21000.0,12.0,42.0,25.0,20.0,1,2,2,4,48.0,40,480.0,84000.0,28.68,0.7
14601047001,0,1,60.0,50.0,40.0,120000.0,10,42.0,25.0,20.0,7.17,21000.0,12.0,42.0,20.0,25.0,1,2,1,2,24.0,20,240.0,42000.0,14.34,0.35
14601047001,0,2,60.0,50.0,40.0,120000.0,10,42.0,25.0,20.0,7.17,21000.0,12.0,20.0,42.0,25.0,3,1,1,3,36.0,30,360.0,63000.0,21.509999999999998,0.525
14601047001,0,5,60.0,50.0,40.0,120000.0,10,42.0,25.0,20.0,7.17,21000.0,12.0,25.0,42.0,20.0,2,1,2,4,48.0,40,480.0,84000.0,28.68,0.7
14120054001,0,1,60.0,50.0,40.0,120000.0,10,40.0,30.0,41.0,4.16,49200.0,16.0,40.0,41.0,30.0,1,1,1,1,16.0,10,160.0,49200.0,4.16,0.41
14120054001,0,2,60.0,50.0,40.0,120000.0,10,40.0,30.0,41.0,4.16,49200.0,16.0,41.0,40.0,30.0,1,1,1,1,16.0,10,160.0,49200.0,4.16,0.41
14120054001,0,3,60.0,50.0,40.0,120000.0,10,40.0,30.0,41.0,4.16,49200.0,16.0,41.0,30.0,40.0,1,1,1,1,16.0,10,160.0,49200.0,4.16,0.41
14120054001,0,4,60.0,50.0,40.0,120000.0,10,40.0,30.0,41.0,4.16,49200.0,16.0,30.0,41.0,40.0,2,1,1,2,32.0,20,320.0,98400.0,8.32,0.82
12001076001,0,0,60.0,50.0,40.0,120000.0,10,29.0,17.0,25.0,5.18,12325.0,6.0,29.0,17.0,25.0,2,2,1,4,24.0,40,240.0,49300.0,20.72,0.41083333333333333
12001076001,0,1,60.0,50.0,40.0,120000.0,10,29.0,17.0,25.0,5.18,12325.0,6.0,29.0,25.0,17.0,2,2,2,8,48.0,80,480.0,98600.0,41.44,0.8216666666666667
12001076001,0,2,60.0,50.0,40.0,120000.0,10,29.0,17.0,25.0,5.18,12325.0,6.0,25.0,29.0,17.0,2,1,2,4,24.0,40,240.0,49300.0,20.72,0.41083333333333333
12001076001,0,3,60.0,50.0,40.0,120000.0,10,29.0,17.0,25.0,5.18,12325.0,6.0,25.0,17.0,29.0,2,2,1,4,24.0,40,240.0,49300.0,20.72,0.41083333333333333
12001076001,0,4,60.0,50.0,40.0,120000.0,10,29.0,17.0,25.0,5.18,12325.0,6.0,17.0,25.0,29.0,3,2,1,6,36.0,60,360.0,73950.0,31.08,0.61625
12001076001,0,5,60.0,50.0,40.0,120000.0,10,29.0,17.0,25.0,5.18,12325.0,6.0,17.0,29.0,25.0,3,1,1,3,18.0,30,180.0,36975.0,15.54,0.308125
14104102001,0,0,60.0,50.0,40.0,120000.0,10,42.0,31.0,21.0,3.0,27342.0,12.0,42.0,31.0,21.0,1,1,1,1,12.0,10,120.0,27342.0,3.0,0.22785
14104102001,0,1,60.0,50.0,40.0,120000.0,10,42.0,31.0,21.0,3.0,27342.0,12.0,42.0,21.0,31.0,1,2,1,2,24.0,20,240.0,54684.0,6.0,0.4557
14104102001,0,2,60.0,50.0,40.0,120000.0,10,42.0,31.0,21.0,3.0,27342.0,12.0,21.0,42.0,31.0,2,1,1,2,24.0,20,240.0,54684.0,6.0,0.4557
14104102001,0,5,60.0,50.0,40.0,120000.0,10,42.0,31.0,21.0,3.0,27342.0,12.0,31.0,42.0,21.0,1,1,1,1,12.0,10,120.0,27342.0,3.0,0.22785
32503007003,0,0,60.0,50.0,40.0,120000.0,10,33.0,14.0,25.0,2.0,11550.0,12.0,33.0,14.0,25.0,1,3,1,3,36.0,30,360.0,34650.0,6.0,0.28875
32503007003,0,1,60.0,50.0,40.0,120000.0,10,33.0,14.0,25.0,2.0,11550.0,12.0,33.0,25.0,14.0,1,2,2,4,48.0,40,480.0,46200.0,8.0,0.385
32503007003,0,2,60.0,50.0,40.0,120000.0,10,33.0,14.0,25.0,2.0,11550.0,12.0,25.0,33.0,14.0,2,1,2,4,48.0,40,480.0,46200.0,8.0,0.385
32503007003,0,3,60.0,50.0,40.0,120000.0,10,33.0,14.0,25.0,2.0,11550.0,12.0,25.0,14.0,33.0,2,3,1,6,72.0,60,720.0,69300.0,12.0,0.5775
32503007003,0,4,60.0,50.0,40.0,120000.0,10,33.0,14.0,25.0,2.0,11550.0,12.0,14.0,25.0,33.0,4,2,1,8,96.0,80,960.0,92400.0,16.0,0.77
32503007003,0,5,60.0,50.0,40.0,120000.0,10,33.0,14.0,25.0,2.0,11550.0,12.0,14.0,33.0,25.0,4,1,1,4,48.0,40,480.0,46200.0,8.0,0.385
11103110001,0,0,60.0,50.0,40.0,120000.0,10,39.0,25.0,30.0,10.56,29250.0,6.0,39.0,25.0,30.0,1,2,1,2,12.0,20,120.0,58500.0,21.12,0.4875
11103110001,0,1,60.0,50.0,40.0,120000.0,10,39.0,25.0,30.0,10.56,29250.0,6.0,39.0,30.0,25.0,1,1,1,1,6.0,10,60.0,29250.0,10.56,0.24375
11103110001,0,2,60.0,50.0,40.0,120000.0,10,39.0,25.0,30.0,10.56,29250.0,6.0,30.0,39.0,25.0,2,1,1,2,12.0,20,120.0,58500.0,21.12,0.4875
11103110001,0,3,60.0,50.0,40.0,120000.0,10,39.0,25.0,30.0,10.56,29250.0,6.0,30.0,25.0,39.0,2,2,1,4,24.0,40,240.0,117000.0,42.24,0.975
11103110001,0,4,60.0,50.0,40.0,120000.0,10,39.0,25.0,30.0,10.56,29250.0,6.0,25.0,30.0,39.0,2,1,1,2,12.0,20,120.0,58500.0,21.12,0.4875
11103110001,0,5,60.0,50.0,40.0,120000.0,10,39.0,25.0,30.0,10.56,29250.0,6.0,25.0,39.0,30.0,2,1,1,2,12.0,20,120.0,58500.0,21.12,0.4875
10030019001,0,0,60.0,50.0,40.0,120000.0,10,41.0,28.0,24.0,15.6,27552.0,24.0,41.0,28.0,24.0,1,1,1,1,24.0,10,240.0,27552.0,15.6,0.2296
10030019001,0,1,60.0,50.0,40.0,120000.0,10,41.0,28.0,24.0,15.6,27552.0,24.0,41.0,24.0,28.0,1,2,1,2,48.0,20,480.0,55104.0,31.2,0.4592
10030019001,0,2,60.0,50.0,40.0,120000.0,10,41.0,28.0,24.0,15.6,27552.0,24.0,24.0,41.0,28.0,2,1,1,2,48.0,20,480.0,55104.0,31.2,0.4592
10030019001,0,5,60.0,50.0,40.0,120000.0,10,41.0,28.0,24.0,15.6,27552.0,24.0,28.0,41.0,24.0,2,1,1,2,48.0,20,480.0,55104.0,31.2,0.4592
12011168001,0,0,60.0,50.0,40.0,120000.0,10,33.0,32.0,28.0,13.25,29568.0,6.0,33.0,32.0,28.0,1,1,1,1,6.0,10,60.0,29568.0,13.25,0.2464
12011168001,0,1,60.0,50.0,40.0,120000.0,10,33.0,32.0,28.0,13.25,29568.0,6.0,33.0,28.0,32.0,1,1,1,1,6.0,10,60.0,29568.0,13.25,0.2464
12011168001,0,2,60.0,50.0,40.0,120000.0,10,33.0,32.0,28.0,13.25,29568.0,6.0,28.0,33.0,32.0,2,1,1,2,12.0,20,120.0,59136.0,26.5,0.4928
12011168001,0,3,60.0,50.0,40.0,120000.0,10,33.0,32.0,28.0,13.25,29568.0,6.0,28.0,32.0,33.0,2,1,1,2,12.0,20,120.0,59136.0,26.5,0.4928
12011168001,0,4,60.0,50.0,40.0,120000.0,10,33.0,32.0,28.0,13.25,29568.0,6.0,32.0,28.0,33.0,1,1,1,1,6.0,10,60.0,29568.0,13.25,0.2464
12011168001,0,5,60.0,50.0,40.0,120000.0,10,33.0,32.0,28.0,13.25,29568.0,6.0,32.0,33.0,28.0,1,1,1,1,6.0,10,60.0,29568.0,13.25,0.2464
12122034001,0,0,60.0,50.0,40.0,120000.0,10,45.0,27.0,13.0,1.29,15795.0,12.0,45.0,27.0,13.0,1,1,3,3,36.0,30,360.0,47385.0,3.87,0.394875
12122034001,0,1,60.0,50.0,40.0,120000.0,10,45.0,27.0,13.0,1.29,15795.0,12.0,45.0,13.0,27.0,1,3,1,3,36.0,30,360.0,47385.0,3.87,0.394875
12122034001,0,2,60.0,50.0,40.0,120000.0,10,45.0,27.0,13.0,1.29,15795.0,12.0,13.0,45.0,27.0,4,1,1,4,48.0,40,480.0,63180.0,5.16,0.5265
12122034001,0,5,60.0,50.0,40.0,120000.0,10,45.0,27.0,13.0,1.29,15795.0,12.0,27.0,45.0,13.0,2,1,3,6,72.0,60,720.0,94770.0,7.74,0.78975
14200133001,0,0,60.0,50.0,40.0,120000.0,10,42.0,30.0,29.0,3.7,36540.0,12.0,42.0,30.0,29.0,1,1,1,1,12.0,10,120.0,36540.0,3.7,0.3045
14200133001,0,1,60.0,50.0,40.0,120000.0,10,42.0,30.0,29.0,3.7,36540.0,12.0,42.0,29.0,30.0,1,1,1,1,12.0,10,120.0,36540.0,3.7,0.3045
14200133001,0,2,60.0,50.0,40.0,120000.0,10,42.0,30.0,29.0,3.7,36540.0,12.0,29.0,42.0,30.0,2,1,1,2,24.0,20,240.0,73080.0,7.4,0.609
14200133001,0,5,60.0,50.0,40.0,120000.0,10,42.0,30.0,29.0,3.7,36540.0,12.0,30.0,42.0,29.0,2,1,1,2,24.0,20,240.0,73080.0,7.4,0.609
12011115001,0,0,60.0,50.0,40.0,120000.0,10,39.0,26.0,26.0,9.2,26364.0,12.0,39.0,26.0,26.0,1,1,1,1,12.0,10,120.0,26364.0,9.2,0.2197
12011115001,0,1,60.0,50.0,40.0,120000.0,10,39.0,26.0,26.0,9.2,26364.0,12.0,39.0,26.0,26.0,1,1,1,1,12.0,10,120.0,26364.0,9.2,0.2197
12011115001,0,2,60.0,50.0,40.0,120000.0,10,39.0,26.0,26.0,9.2,26364.0,12.0,26.0,39.0,26.0,2,1,1,2,24.0,20,240.0,52728.0,18.4,0.4394
12011115001,0,3,60.0,50.0,40.0,120000.0,10,39.0,26.0,26.0,9.2,26364.0,12.0,26.0,26.0,39.0,2,1,1,2,24.0,20,240.0,52728.0,18.4,0.4394
12011115001,0,4,60.0,50.0,40.0,120000.0,10,39.0,26.0,26.0,9.2,26364.0,12.0,26.0,26.0,39.0,2,1,1,2,24.0,20,240.0,52728.0,18.4,0.4394
12011115001,0,5,60.0,50.0,40.0,120000.0,10,39.0,26.0,26.0,9.2,26364.0,12.0,26.0,39.0,26.0,2,1,1,2,24.0,20,240.0,52728.0,18.4,0.4394
14833063001,0,0,60.0,50.0,40.0,120000.0,10,24.0,17.0,12.0,2.97,4896.0,12.0,24.0,17.0,12.0,2,2,3,12,144.0,120,1440.0,58752.0,35.64,0.4896
14833063001,0,1,60.0,50.0,40.0,120000.0,10,24.0,17.0,12.0,2.97,4896.0,12.0,24.0,12.0,17.0,2,4,2,16,192.0,160,1920.0,78336.0,47.52,0.6528
14833063001,0,2,60.0,50.0,40.0,120000.0,10,24.0,17.0,12.0,2.97,4896.0,12.0,12.0,24.0,17.0,5,2,2,20,240.0,200,2400.0,97920.0,59.400000000000006,0.816
14833063001,0,3,60.0,50.0,40.0,120000.0,10,24.0,17.0,12.0,2.97,4896.0,12.0,12.0,17.0,24.0,5,2,1,10,120.0,100,1200.0,48960.0,29.700000000000003,0.408
14833063001,0,4,60.0,50.0,40.0,120000.0,10,24.0,17.0,12.0,2.97,4896.0,12.0,17.0,12.0,24.0,3,4,1,12,144.0,120,1440.0,58752.0,35.64,0.4896
14833063001,0,5,60.0,50.0,40.0,120000.0,10,24.0,17.0,12.0,2.97,4896.0,12.0,17.0,24.0,12.0,3,2,3,18,216.0,180,2160.0,88128.0,53.46,0.7344
12005089004,0,0,60.0,50.0,40.0,120000.0,10,42.0,34.0,20.0,5.59,28560.0,12.0,42.0,34.0,20.0,1,1,2,2,24.0,20,240.0,57120.0,11.18,0.476
12005089004,0,1,60.0,50.0,40.0,120000.0,10,42.0,34.0,20.0,5.59,28560.0,12.0,42.0,20.0,34.0,1,2,1,2,24.0,20,240.0,57120.0,11.18,0.476
12005089004,0,2,60.0,50.0,40.0,120000.0,10,42.0,34.0,20.0,5.59,28560.0,12.0,20.0,42.0,34.0,3,1,1,3,36.0,30,360.0,85680.0,16.77,0.714
12005089004,0,5,60.0,50.0,40.0,120000.0,10,42.0,34.0,20.0,5.59,28560.0,12.0,34.0,42.0,20.0,1,1,2,2,24.0,20,240.0,57120.0,11.18,0.476
11040004001,0,0,60.0,50.0,40.0,120000.0,10,28.0,25.0,27.0,10.21,18900.0,12.0,28.0,25.0,27.0,2,2,1,4,48.0,40,480.0,75600.0,40.84,0.63
11040004001,0,1,60.0,50.0,40.0,120000.0,10,28.0,25.0,27.0,10.21,18900.0,12.0,28.0,27.0,25.0,2,1,1,2,24.0,20,240.0,37800.0,20.42,0.315
11040004001,0,2,60.0,50.0,40.0,120000.0,10,28.0,25.0,27.0,10.21,18900.0,12.0,27.0,28.0,25.0,2,1,1,2,24.0,20,240.0,37800.0,20.42,0.315
11040004001,0,3,60.0,50.0,40.0,120000.0,10,28.0,25.0,27.0,10.21,18900.0,12.0,27.0,25.0,28.0,2,2,1,4,48.0,40,480.0,75600.0,40.84,0.63
11040004001,0,4,60.0,50.0,40.0,120000.0,10,28.0,25.0,27.0,10.21,18900.0,12.0,25.0,27.0,28.0,2,1,1,2,24.0,20,240.0,37800.0,20.42,0.315
11040004001,0,5,60.0,50.0,40.0,120000.0,10,28.0,25.0,27.0,10.21,18900.0,12.0,25.0,28.0,27.0,2,1,1,2,24.0,20,240.0,37800.0,20.42,0.315
14244929001,0,0,60.0,50.0,40.0,120000.0,10,38.0,28.0,16.0,5.8,17024.0,12.0,38.0,28.0,16.0,1,1,2,2,24.0,20,240.0,34048.0,11.6,0.28373333333333334
14244929001,0,1,60.0,50.0,40.0,120000.0,10,38.0,28.0,16.0,5.8,17024.0,12.0,38.0,16.0,28.0,1,3,1,3,36.0,30,360.0,51072.0,17.4,0.4256
14244929001,0,2,60.0,50.0,40.0,120000.0,10,38.0,28.0,16.0,5.8,17024.0,12.0,16.0,38.0,28.0,3,1,1,3,36.0,30,360.0,51072.0,17.4,0.4256
14244929001,0,3,60.0,50.0,40.0,120000.0,10,38.0,28.0,16.0,5.8,17024.0,12.0,16.0,28.0,38.0,3,1,1,3,36.0,30,360.0,51072.0,17.4,0.4256
14244929001,0,4,60.0,50.0,40.0,120000.0,10,38.0,28.0,16.0,5.8,17024.0,12.0,28.0,16.0,38.0,2,3,1,6,72.0,60,720.0,102144.0,34.8,0.8512
14244929001,0,5,60.0,50.0,40.0,120000.0,10,38.0,28.0,16.0,5.8,17024.0,12.0,28.0,38.0,16.0,2,1,2,4,48.0,40,480.0,68096.0,23.2,0.5674666666666667
14225008001,0,0,60.0,50.0,40.0,120000.0,10,32.0,24.0,10.0,3.39,7680.0,24.0,32.0,24.0,10.0,1,2,4,8,192.0,80,1920.0,61440.0,27.12,0.512
14225008001,0,1,60.0,50.0,40.0,120000.0,10,32.0,24.0,10.0,3.39,7680.0,24.0,32.0,10.0,24.0,1,5,1,5,120.0,50,1200.0,38400.0,16.95,0.32
14225008001,0,2,60.0,50.0,40.0,120000.0,10,32.0,24.0,10.0,3.39,7680.0,24.0,10.0,32.0,24.0,6,1,1,6,144.0,60,1440.0,46080.0,20.34,0.384
14225008001,0,3,60.0,50.0,40.0,120000.0,10,32.0,24.0,10.0,3.39,7680.0,24.0,10.0,24.0,32.0,6,2,1,12,288.0,120,2880.0,92160.0,40.68,0.768
14225008001,0,4,60.0,50.0,40.0,120000.0,10,32.0,24.0,10.0,3.39,7680.0,24.0,24.0,10.0,32.0,2,5,1,10,240.0,100,2400.0,76800.0,33.9,0.64
14225008001,0,5,60.0,50.0,40.0,120000.0,10,32.0,24.0,10.0,3.39,7680.0,24.0,24.0,32.0,10.0,2,1,4,8,192.0,80,1920.0,61440.0,27.12,0.512
14830045001,0,0,60.0,50.0,40.0,120000.0,10,35.0,26.0,10.0,5.39,9100.0,24.0,35.0,26.0,10.0,1,1,4,4,96.0,40,960.0,36400.0,21.56,0.30333333333333334
14830045001,0,1,60.0,50.0,40.0,120000.0,10,35.0,26.0,10.0,5.39,9100.0,24.0,35.0,10.0,26.0,1,5,1,5,120.0,50,1200.0,45500.0,26.95,0.37916666666666665
14830045001,0,2,60.0,50.0,40.0,120000.0,10,35.0,26.0,10.0,5.39,9100.0,24.0,10.0,35.0,26.0,6,1,1,6,144.0,60,1440.0,54600.0,32.339999999999996,0.455
14830045001,0,3,60.0,50.0,40.0,120000.0,10,35.0,26.0,10.0,5.39,9100.0,24.0,10.0,26.0,35.0,6,1,1,6,144.0,60,1440.0,54600.0,32.339999999999996,0.455
14830045001,0,4,60.0,50.0,40.0,120000.0,10,35.0,26.0,10.0,5.39,9100.0,24.0,26.0,10.0,35.0,2,5,1,10,240.0,100,2400.0,91000.0,53.9,0.7583333333333333
14830045001,0,5,60.0,50.0,40.0,120000.0,10,35.0,26.0,10.0,5.39,9100.0,24.0,26.0,35.0,10.0,2,1,4,8,192.0,80,1920.0,72800.0,43.12,0.6066666666666667
12016999001,0,0,60.0,50.0,40.0,120000.0,10,31.0,21.0,17.0,3.8,11067.0,24.0,31.0,21.0,17.0,1,2,2,4,96.0,40,960.0,44268.0,15.2,0.3689
12016999001,0,1,60.0,50.0,40.0,120000.0,10,31.0,21.0,17.0,3.8,11067.0,24.0,31.0,17.0,21.0,1,2,1,2,48.0,20,480.0,22134.0,7.6,0.18445
12016999001,0,2,60.0,50.0,40.0,120000.0,10,31.0,21.0,17.0,3.8,11067.0,24.0,17.0,31.0,21.0,3,1,1,3,72.0,30,720.0,33201.0,11.399999999999999,0.276675
12016999001,0,3,60.0,50.0,40.0,120000.0,10,31.0,21.0,17.0,3.8,11067.0,24.0,17.0,21.0,31.0,3,2,1,6,144.0,60,1440.0,66402.0,22.799999999999997,0.55335
12016999001,0,4,60.0,50.0,40.0,120000.0,10,31.0,21.0,17.0,3.8,11067.0,24.0,21.0,17.0,31.0,2,2,1,4,96.0,40,960.0,44268.0,15.2,0.3689
12016999001,0,5,60.0,50.0,40.0,120000.0,10,31.0,21.0,17.0,3.8,11067.0,24.0,21.0,31.0,17.0,2,1,2,4,96.0,40,960.0,44268.0,15.2,0.3689
14226007001,0,0,60.0,50.0,40.0,120000.0,10,41.0,41.0,23.0,5.95,38663.0,30.0,41.0,41.0,23.0,1,1,1,1,30.0,10,300.0,38663.0,5.95,0.32219166666666665
14226007001,0,5,60.0,50.0,40.0,120000.0,10,41.0,41.0,23.0,5.95,38663.0,30.0,41.0,41.0,23.0,1,1,1,1,30.0,10,300.0,38663.0,5.95,0.32219166666666665
14510225001,0,0,60.0,50.0,40.0,120000.0,10,35.0,24.0,5.0,2.5,4200.0,1.0,35.0,24.0,5.0,1,2,8,16,16.0,160,160.0,67200.0,40.0,0.56
14510225001,0,1,60.0,50.0,40.0,120000.0,10,35.0,24.0,5.0,2.5,4200.0,1.0,35.0,5.0,24.0,1,10,1,10,10.0,100,100.0,42000.0,25.0,0.35
14510225001,0,2,60.0,50.0,40.0,120000.0,10,35.0,24.0,5.0,2.5,4200.0,1.0,5.0,35.0,24.0,12,1,1,12,12.0,120,120.0,50400.0,30.0,0.42
14510225001,0,3,60.0,50.0,40.0,120000.0,10,35.0,24.0,5.0,2.5,4200.0,1.0,5.0,24.0,35.0,12,2,1,24,24.0,240,240.0,100800.0,60.0,0.84
14510225001,0,4,60.0,50.0,40.0,120000.0,10,35.0,24.0,5.0,2.5,4200.0,1.0,24.0,5.0,35.0,2,10,1,20,20.0,200,200.0,84000.0,50.0,0.7
14510225001,0,5,60.0,50.0,40.0,120000.0,10,35.0,24.0,5.0,2.5,4200.0,1.0,24.0,35.0,5.0,2,1,8,16,16.0,160,160.0,67200.0,40.0,0.56
12103179001,0,0,60.0,50.0,40.0,120000.0,10,23.0,8.0,5.0,0.11,920.0,6.0,23.0,8.0,5.0,2,6,8,96,576.0,960,5760.0,88320.0,10.56,0.736
12103179001,0,1,60.0,50.0,40.0,120000.0,10,23.0,8.0,5.0,0.11,920.0,6.0,23.0,5.0,8.0,2,10,5,100,600.0,1000,6000.0,92000.0,11.0,0.7666666666666667
12103179001,0,2,60.0,50.0,40.0,120000.0,10,23.0,8.0,5.0,0.11,920.0,6.0,5.0,23.0,8.0,12,2,5,120,720.0,1200,7200.0,110400.0,13.2,0.92
12103179001,0,3,60.0,50.0,40.0,120000.0,10,23.0,8.0,5.0,0.11,920.0,6.0,5.0,8.0,23.0,12,6,1,72,432.0,720,4320.0,66240.0,7.92,0.552
12103179001,0,4,60.0,50.0,40.0,120000.0,10,23.0,8.0,5.0,0.11,920.0,6.0,8.0,5.0,23.0,7,10,1,70,420.0,700,4200.0,64400.0,7.7,0.5366666666666666
12103179001,0,5,60.0,50.0,40.0,120000.0,10,23.0,8.0,5.0,0.11,920.0,6.0,8.0,23.0,5.0,7,2,8,112,672.0,1120,6720.0,103040.0,12.32,0.8586666666666667
14353073001,0,0,60.0,50.0,40.0,120000.0,10,48.0,37.0,23.0,12.0,40848.0,6.0,48.0,37.0,23.0,1,1,1,1,6.0,10,60.0,40848.0,12.0,0.3404
14353073001,0,1,60.0,50.0,40.0,120000.0,10,48.0,37.0,23.0,12.0,40848.0,6.0,48.0,23.0,37.0,1,2,1,2,12.0,20,120.0,81696.0,24.0,0.6808
14353073001,0,2,60.0,50.0,40.0,120000.0,10,48.0,37.0,23.0,12.0,40848.0,6.0,23.0,48.0,37.0,2,1,1,2,12.0,20,120.0,81696.0,24.0,0.6808
14353073001,0,5,60.0,50.0,40.0,120000.0,10,48.0,37.0,23.0,12.0,40848.0,6.0,37.0,48.0,23.0,1,1,1,1,6.0,10,60.0,40848.0,12.0,0.3404
14110163001,0,0,60.0,50.0,40.0,120000.0,10,35.0,35.0,26.0,3.71,31850.0,12.0,35.0,35.0,26.0,1,1,1,1,12.0,10,120.0,31850.0,3.71,0.2654166666666667
14110163001,0,1,60.0,50.0,40.0,120000.0,10,35.0,35.0,26.0,3.71,31850.0,12.0,35.0,26.0,35.0,1,1,1,1,12.0,10,120.0,31850.0,3.71,0.2654166666666667
14110163001,0,2,60.0,50.0,40.0,120000.0,10,35.0,35.0,26.0,3.71,31850.0,12.0,26.0,35.0,35.0,2,1,1,2,24.0,20,240.0,63700.0,7.42,0.5308333333333334
14110163001,0,3,60.0,50.0,40.0,120000.0,10,35.0,35.0,26.0,3.71,31850.0,12.0,26.0,35.0,35.0,2,1,1,2,24.0,20,240.0,63700.0,7.42,0.5308333333333334
14110163001,0,4,60.0,50.0,40.0,120000.0,10,35.0,35.0,26.0,3.71,31850.0,12.0,35.0,26.0,35.0,1,1,1,1,12.0,10,120.0,31850.0,3.71,0.2654166666666667
14110163001,0,5,60.0,50.0,40.0,120000.0,10,35.0,35.0,26.0,3.71,31850.0,12.0,35.0,35.0,26.0,1,1,1,1,12.0,10,120.0,31850.0,3.71,0.2654166666666667
12012045001,0,0,60.0,50.0,40.0,120000.0,10,27.0,20.0,8.0,1.53,4320.0,6.0,27.0,20.0,8.0,2,2,5,20,120.0,200,1200.0,86400.0,30.6,0.72
12012045001,0,1,60.0,50.0,40.0,120000.0,10,27.0,20.0,8.0,1.53,4320.0,6.0,27.0,8.0,20.0,2,6,2,24,144.0,240,1440.0,103680.0,36.72,0.864
12012045001,0,2,60.0,50.0,40.0,120000.0,10,27.0,20.0,8.0,1.53,4320.0,6.0,8.0,27.0,20.0,7,1,2,14,84.0,140,840.0,60480.0,21.42,0.504
12012045001,0,3,60.0,50.0,40.0,120000.0,10,27.0,20.0,8.0,1.53,4320.0,6.0,8.0,20.0,27.0,7,2,1,14,84.0,140,840.0,60480.0,21.42,0.504
12012045001,0,4,60.0,50.0,40.0,120000.0,10,27.0,20.0,8.0,1.53,4320.0,6.0,20.0,8.0,27.0,3,6,1,18,108.0,180,1080.0,77760.0,27.54,0.648
12012045001,0,5,60.0,50.0,40.0,120000.0,10,27.0,20.0,8.0,1.53,4320.0,6.0,20.0,27.0,8.0,3,1,5,15,90.0,150,900.0,64800.0,22.95,0.54
14210216001,0,0,60.0,50.0,40.0,120000.0,10,30.0,21.0,23.0,1.65,14490.0,12.0,30.0,21.0,23.0,2,2,1,4,48.0,40,480.0,57960.0,6.6,0.483
14210216001,0,1,60.0,50.0,40.0,120000.0,10,30.0,21.0,23.0,1.65,14490.0,12.0,30.0,23.0,21.0,2,2,1,4,48.0,40,480.0,57960.0,6.6,0.483
14210216001,0,2,60.0,50.0,40.0,120000.0,10,30.0,21.0,23.0,1.65,14490.0,12.0,23.0,30.0,21.0,2,1,1,2,24.0,20,240.0,28980.0,3.3,0.2415
14210216001,0,3,60.0,50.0,40.0,120000.0,10,30.0,21.0,23.0,1.65,14490.0,12.0,23.0,21.0,30.0,2,2,1,4,48.0,40,480.0,57960.0,6.6,0.483
14210216001,0,4,60.0,50.0,40.0,120000.0,10,30.0,21.0,23.0,1.65,14490.0,12.0,21.0,23.0,30.0,2,2,1,4,48.0,40,480.0,57960.0,6.6,0.483
14210216001,0,5,60.0,50.0,40.0,120000.0,10,30.0,21.0,23.0,1.65,14490.0,12.0,21.0,30.0,23.0,2,1,1,2,24.0,20,240.0,28980.0,3.3,0.2415
32524032001,0,0,60.0,50.0,40.0,120000.0,10,46.0,33.0,11.0,12.914,16698.0,10.0,46.0,33.0,11.0,1,1,3,3,30.0,30,300.0,50094.0,38.742,0.41745
32524032001,0,1,60.0,50.0,40.0,120000.0,10,46.0,33.0,11.0,12.914,16698.0,10.0,46.0,11.0,33.0,1,4,1,4,40.0,40,400.0,66792.0,51.656,0.5566
32524032001,0,2,60.0,50.0,40.0,120000.0,10,46.0,33.0,11.0,12.914,16698.0,10.0,11.0,46.0,33.0,5,1,1,5,50.0,50,500.0,83490.0,64.57,0.69575
32524032001,0,5,60.0,50.0,40.0,120000.0,10,46.0,33.0,11.0,12.914,16698.0,10.0,33.0,46.0,11.0,1,1,3,3,30.0,30,300.0,50094.0,38.742,0.41745
10041076001,0,0,60.0,50.0,40.0,120000.0,10,41.0,28.0,13.0,9.15,14924.0,24.0,41.0,28.0,13.0,1,1,3,3,72.0,30,720.0,44772.0,27.450000000000003,0.3731
10041076001,0,1,60.0,50.0,40.0,120000.0,10,41.0,28.0,13.0,9.15,14924.0,24.0,41.0,13.0,28.0,1,3,1,3,72.0,30,720.0,44772.0,27.450000000000003,0.3731
10041076001,0,2,60.0,50.0,40.0,120000.0,10,41.0,28.0,13.0,9.15,14924.0,24.0,13.0,41.0,28.0,4,1,1,4,96.0,40,960.0,59696.0,36.6,0.49746666666666667
10041076001,0,5,60.0,50.0,40.0,120000.0,10,41.0,28.0,13.0,9.15,14924.0,24.0,28.0,41.0,13.0,2,1,3,6,144.0,60,1440.0,89544.0,54.900000000000006,0.7462
14506139001,0,1,60.0,50.0,40.0,120000.0,10,48.0,30.0,43.0,15.93,61920.0,12.0,48.0,43.0,30.0,1,1,1,1,12.0,10,120.0,61920.0,15.93,0.516
14506139001,0,2,60.0,50.0,40.0,120000.0,10,48.0,30.0,43.0,15.93,61920.0,12.0,43.0,48.0,30.0,1,1,1,1,12.0,10,120.0,61920.0,15.93,0.516
12003064001,0,0,60.0,50.0,40.0,120000.0,10,23.0,17.0,23.0,2.65,8993.0,12.0,23.0,17.0,23.0,2,2,1,4,48.0,40,480.0,35972.0,10.6,0.2997666666666667
12003064001,0,1,60.0,50.0,40.0,120000.0,10,23.0,17.0,23.0,2.65,8993.0,12.0,23.0,23.0,17.0,2,2,2,8,96.0,80,960.0,71944.0,21.2,0.5995333333333334
12003064001,0,2,60.0,50.0,40.0,120000.0,10,23.0,17.0,23.0,2.65,8993.0,12.0,23.0,23.0,17.0,2,2,2,8,96.0,80,960.0,71944.0,21.2,0.5995333333333334
12003064001,0,3,60.0,50.0,40.0,120000.0,10,23.0,17.0,23.0,2.65,8993.0,12.0,23.0,17.0,23.0,2,2,1,4,48.0,40,480.0,35972.0,10.6,0.2997666666666667
12003064001,0,4,60.0,50.0,40.0,120000.0,10,23.0,17.0,23.0,2.65,8993.0,12.0,17.0,23.0,23.0,3,2,1,6,72.0,60,720.0,53958.0,15.899999999999999,0.44965
12003064001,0,5,60.0,50.0,40.0,120000.0,10,23.0,17.0,23.0,2.65,8993.0,12.0,17.0,23.0,23.0,3,2,1,6,72.0,60,720.0,53958.0,15.899999999999999,0.44965
14616019001,0,0,60.0,50.0,40.0,120000.0,10,33.0,33.0,32.0,20.78,34848.0,6.0,33.0,33.0,32.0,1,1,1,1,6.0,10,60.0,34848.0,20.78,0.2904
14616019001,0,1,60.0,50.0,40.0,120000.0,10,33.0,33.0,32.0,20.78,34848.0,6.0,33.0,32.0,33.0,1,1,1,1,6.0,10,60.0,34848.0,20.78,0.2904
14616019001,0,2,60.0,50.0,40.0,120000.0,10,33.0,33.0,32.0,20.78,34848.0,6.0,32.0,33.0,33.0,1,1,1,1,6.0,10,60.0,34848.0,20.78,0.2904
14616019001,0,3,60.0,50.0,40.0,120000.0,10,33.0,33.0,32.0,20.78,34848.0,6.0,32.0,33.0,33.0,1,1,1,1,6.0,10,60.0,34848.0,20.78,0.2904
14616019001,0,4,60.0,50.0,40.0,120000.0,10,33.0,33.0,32.0,20.78,34848.0,6.0,33.0,32.0,33.0,1,1,1,1,6.0,10,60.0,34848.0,20.78,0.2904
14616019001,0,5,60.0,50.0,40.0,120000.0,10,33.0,33.0,32.0,20.78,34848.0,6.0,33.0,33.0,32.0,1,1,1,1,6.0,10,60.0,34848.0,20.78,0.2904
11103237001,0,0,60.0,50.0,40.0,120000.0,10,42.0,30.0,30.0,11.35,37800.0,3.0,42.0,30.0,30.0,1,1,1,1,3.0,10,30.0,37800.0,11.35,0.315
11103237001,0,1,60.0,50.0,40.0,120000.0,10,42.0,30.0,30.0,11.35,37800.0,3.0,42.0,30.0,30.0,1,1,1,1,3.0,10,30.0,37800.0,11.35,0.315
11103237001,0,2,60.0,50.0,40.0,120000.0,10,42.0,30.0,30.0,11.35,37800.0,3.0,30.0,42.0,30.0,2,1,1,2,6.0,20,60.0,75600.0,22.7,0.63
11103237001,0,5,60.0,50.0,40.0,120000.0,10,42.0,30.0,30.0,11.35,37800.0,3.0,30.0,42.0,30.0,2,1,1,2,6.0,20,60.0,75600.0,22.7,0.63
11075012001,0,0,60.0,50.0,40.0,120000.0,10,32.0,27.0,14.0,4.2,12096.0,12.0,32.0,27.0,14.0,1,1,2,2,24.0,20,240.0,24192.0,8.4,0.2016
11075012001,0,1,60.0,50.0,40.0,120000.0,10,32.0,27.0,14.0,4.2,12096.0,12.0,32.0,14.0,27.0,1,3,1,3,36.0,30,360.0,36288.0,12.600000000000001,0.3024
11075012001,0,2,60.0,50.0,40.0,120000.0,10,32.0,27.0,14.0,4.2,12096.0,12.0,14.0,32.0,27.0,4,1,1,4,48.0,40,480.0,48384.0,16.8,0.4032
11075012001,0,3,60.0,50.0,40.0,120000.0,10,32.0,27.0,14.0,4.2,12096.0,12.0,14.0,27.0,32.0,4,1,1,4,48.0,40,480.0,48384.0,16.8,0.4032
11075012001,0,4,60.0,50.0,40.0,120000.0,10,32.0,27.0,14.0,4.2,12096.0,12.0,27.0,14.0,32.0,2,3,1,6,72.0,60,720.0,72576.0,25.200000000000003,0.6048
11075012001,0,5,60.0,50.0,40.0,120000.0,10,32.0,27.0,14.0,4.2,12096.0,12.0,27.0,32.0,14.0,2,1,2,4,48.0,40,480.0,48384.0,16.8,0.4032
14020949001,0,0,60.0,50.0,40.0,120000.0,10,49.0,30.0,36.0,2.42,52920.0,6.0,49.0,30.0,36.0,1,1,1,1,6.0,10,60.0,52920.0,2.42,0.441
14020949001,0,1,60.0,50.0,40.0,120000.0,10,49.0,30.0,36.0,2.42,52920.0,6.0,49.0,36.0,30.0,1,1,1,1,6.0,10,60.0,52920.0,2.42,0.441
14020949001,0,2,60.0,50.0,40.0,120000.0,10,49.0,30.0,36.0,2.42,52920.0,6.0,36.0,49.0,30.0,1,1,1,1,6.0,10,60.0,52920.0,2.42,0.441
14020949001,0,5,60.0,50.0,40.0,120000.0,10,49.0,30.0,36.0,2.42,52920.0,6.0,30.0,49.0,36.0,2,1,1,2,12.0,20,120.0,105840.0,4.84,0.882
14851072001,0,0,60.0,50.0,40.0,120000.0,10,40.0,32.0,24.0,9.78,30720.0,6.0,40.0,32.0,24.0,1,1,1,1,6.0,10,60.0,30720.0,9.78,0.256
14851072001,0,1,60.0,50.0,40.0,120000.0,10,40.0,32.0,24.0,9.78,30720.0,6.0,40.0,24.0,32.0,1,2,1,2,12.0,20,120.0,61440.0,19.56,0.512
14851072001,0,2,60.0,50.0,40.0,120000.0,10,40.0,32.0,24.0,9.78,30720.0,6.0,24.0,40.0,32.0,2,1,1,2,12.0,20,120.0,61440.0,19.56,0.512
14851072001,0,3,60.0,50.0,40.0,120000.0,10,40.0,32.0,24.0,9.78,30720.0,6.0,24.0,32.0,40.0,2,1,1,2,12.0,20,120.0,61440.0,19.56,0.512
14851072001,0,4,60.0,50.0,40.0,120000.0,10,40.0,32.0,24.0,9.78,30720.0,6.0,32.0,24.0,40.0,1,2,1,2,12.0,20,120.0,61440.0,19.56,0.512
14851072001,0,5,60.0,50.0,40.0,120000.0,10,40.0,32.0,24.0,9.78,30720.0,6.0,32.0,40.0,24.0,1,1,1,1,6.0,10,60.0,30720.0,9.78,0.256
14242083001,0,0,60.0,50.0,40.0,120000.0,10,35.0,30.0,18.0,1.91,18900.0,10.0,35.0,30.0,18.0,1,1,2,2,20.0,20,200.0,37800.0,3.82,0.315
14242083001,0,1,60.0,50.0,40.0,120000.0,10,35.0,30.0,18.0,1.91,18900.0,10.0,35.0,18.0,30.0,1,2,1,2,20.0,20,200.0,37800.0,3.82,0.315
14242083001,0,2,60.0,50.0,40.0,120000.0,10,35.0,30.0,18.0,1.91,18900.0,10.0,18.0,35.0,30.0,3,1,1,3,30.0,30,300.0,56700.0,5.7299999999999995,0.4725
14242083001,0,3,60.0,50.0,40.0,120000.0,10,35.0,30.0,18.0,1.91,18900.0,10.0,18.0,30.0,35.0,3,1,1,3,30.0,30,300.0,56700.0,5.7299999999999995,0.4725
14242083001,0,4,60.0,50.0,40.0,120000.0,10,35.0,30.0,18.0,1.91,18900.0,10.0,30.0,18.0,35.0,2,2,1,4,40.0,40,400.0,75600.0,7.64,0.63
14242083001,0,5,60.0,50.0,40.0,120000.0,10,35.0,30.0,18.0,1.91,18900.0,10.0,30.0,35.0,18.0,2,1,2,4,40.0,40,400.0,75600.0,7.64,0.63
14361137001,0,0,60.0,50.0,40.0,120000.0,10,46.0,33.0,22.0,3.798,33396.0,12.0,46.0,33.0,22.0,1,1,1,1,12.0,10,120.0,33396.0,3.798,0.2783
14361137001,0,1,60.0,50.0,40.0,120000.0,10,46.0,33.0,22.0,3.798,33396.0,12.0,46.0,22.0,33.0,1,2,1,2,24.0,20,240.0,66792.0,7.596,0.5566
14361137001,0,2,60.0,50.0,40.0,120000.0,10,46.0,33.0,22.0,3.798,33396.0,12.0,22.0,46.0,33.0,2,1,1,2,24.0,20,240.0,66792.0,7.596,0.5566
14361137001,0,5,60.0,50.0,40.0,120000.0,10,46.0,33.0,22.0,3.798,33396.0,12.0,33.0,46.0,22.0,1,1,1,1,12.0,10,120.0,33396.0,3.798,0.2783
12034075001,0,0,60.0,50.0,40.0,120000.0,10,49.0,36.0,37.0,4.26,65268.0,36.0,49.0,36.0,37.0,1,1,1,1,36.0,10,360.0,65268.0,4.26,0.5439
12034075001,0,1,60.0,50.0,40.0,120000.0,10,49.0,36.0,37.0,4.26,65268.0,36.0,49.0,37.0,36.0,1,1,1,1,36.0,10,360.0,65268.0,4.26,0.5439
12034075001,0,2,60.0,50.0,40.0,120000.0,10,49.0,36.0,37.0,4.26,65268.0,36.0,37.0,49.0,36.0,1,1,1,1,36.0,10,360.0,65268.0,4.26,0.5439
12034075001,0,5,60.0,50.0,40.0,120000.0,10,49.0,36.0,37.0,4.26,65268.0,36.0,36.0,49.0,37.0,1,1,1,1,36.0,10,360.0,65268.0,4.26,0.5439
11010001001,0,0,60.0,50.0,40.0,120000.0,10,38.0,25.0,29.0,14.08,27550.0,6.0,38.0,25.0,29.0,1,2,1,2,12.0,20,120.0,55100.0,28.16,0.45916666666666667
11010001001,0,1,60.0,50.0,40.0,120000.0,10,38.0,25.0,29.0,14.08,27550.0,6.0,38.0,29.0,25.0,1,1,1,1,6.0,10,60.0,27550.0,14.08,0.22958333333333333
11010001001,0,2,60.0,50.0,40.0,120000.0,10,38.0,25.0,29.0,14.08,27550.0,6.0,29.0,38.0,25.0,2,1,1,2,12.0,20,120.0,55100.0,28.16,0.45916666666666667
11010001001,0,3,60.0,50.0,40.0,120000.0,10,38.0,25.0,29.0,14.08,27550.0,6.0,29.0,25.0,38.0,2,2,1,4,24.0,40,240.0,110200.0,56.32,0.9183333333333333
11010001001,0,4,60.0,50.0,40.0,120000.0,10,38.0,25.0,29.0,14.08,27550.0,6.0,25.0,29.0,38.0,2,1,1,2,12.0,20,120.0,55100.0,28.16,0.45916666666666667
11010001001,0,5,60.0,50.0,40.0,120000.0,10,38.0,25.0,29.0,14.08,27550.0,6.0,25.0,38.0,29.0,2,1,1,2,12.0,20,120.0,55100.0,28.16,0.45916666666666667
12123086001,0,0,60.0,50.0,40.0,120000.0,10,40.0,38.0,30.0,3.02,45600.0,24.0,40.0,38.0,30.0,1,1,1,1,24.0,10,240.0,45600.0,3.02,0.38
12123086001,0,1,60.0,50.0,40.0,120000.0,10,40.0,38.0,30.0,3.02,45600.0,24.0,40.0,30.0,38.0,1,1,1,1,24.0,10,240.0,45600.0,3.02,0.38
12123086001,0,2,60.0,50.0,40.0,120000.0,10,40.0,38.0,30.0,3.02,45600.0,24.0,30.0,40.0,38.0,2,1,1,2,48.0,20,480.0,91200.0,6.04,0.76
12123086001,0,3,60.0,50.0,40.0,120000.0,10,40.0,38.0,30.0,3.02,45600.0,24.0,30.0,38.0,40.0,2,1,1,2,48.0,20,480.0,91200.0,6.04,0.76
12123086001,0,4,60.0,50.0,40.0,120000.0,10,40.0,38.0,30.0,3.02,45600.0,24.0,38.0,30.0,40.0,1,1,1,1,24.0,10,240.0,45600.0,3.02,0.38
12123086001,0,5,60.0,50.0,40.0,120000.0,10,40.0,38.0,30.0,3.02,45600.0,24.0,38.0,40.0,30.0,1,1,1,1,24.0,10,240.0,45600.0,3.02,0.38
11103019001,0,0,60.0,50.0,40.0,120000.0,10,44.0,26.0,32.0,15.6,36608.0,4.0,44.0,26.0,32.0,1,1,1,1,4.0,10,40.0,36608.0,15.6,0.30506666666666665
11103019001,0,1,60.0,50.0,40.0,120000.0,10,44.0,26.0,32.0,15.6,36608.0,4.0,44.0,32.0,26.0,1,1,1,1,4.0,10,40.0,36608.0,15.6,0.30506666666666665
11103019001,0,2,60.0,50.0,40.0,120000.0,10,44.0,26.0,32.0,15.6,36608.0,4.0,32.0,44.0,26.0,1,1,1,1,4.0,10,40.0,36608.0,15.6,0.30506666666666665
11103019001,0,5,60.0,50.0,40.0,120000.0,10,44.0,26.0,32.0,15.6,36608.0,4.0,26.0,44.0,32.0,2,1,1,2,8.0,20,80.0,73216.0,31.2,0.6101333333333333
14302005001,0,0,60.0,50.0,40.0,120000.0,10,43.0,43.0,34.0,7.41,62866.0,16.0,43.0,43.0,34.0,1,1,1,1,16.0,10,160.0,62866.0,7.41,0.5238833333333334
14302005001,0,5,60.0,50.0,40.0,120000.0,10,43.0,43.0,34.0,7.41,62866.0,16.0,43.0,43.0,34.0,1,1,1,1,16.0,10,160.0,62866.0,7.41,0.5238833333333334
14002003001,0,0,60.0,50.0,40.0,120000.0,10,55.0,29.0,25.0,3.52,39875.0,12.0,55.0,29.0,25.0,1,1,1,1,12.0,10,120.0,39875.0,3.52,0.33229166666666665
14002003001,0,1,60.0,50.0,40.0,120000.0,10,55.0,29.0,25.0,3.52,39875.0,12.0,55.0,25.0,29.0,1,2,1,2,24.0,20,240.0,79750.0,7.04,0.6645833333333333
10024010001,0,0,60.0,50.0,40.0,120000.0,10,41.0,27.0,12.0,8.9,13284.0,24.0,41.0,27.0,12.0,1,1,3,3,72.0,30,720.0,39852.0,26.700000000000003,0.3321
10024010001,0,1,60.0,50.0,40.0,120000.0,10,41.0,27.0,12.0,8.9,13284.0,24.0,41.0,12.0,27.0,1,4,1,4,96.0,40,960.0,53136.0,35.6,0.4428
10024010001,0,2,60.0,50.0,40.0,120000.0,10,41.0,27.0,12.0,8.9,13284.0,24.0,12.0,41.0,27.0,5,1,1,5,120.0,50,1200.0,66420.0,44.5,0.5535
10024010001,0,5,60.0,50.0,40.0,120000.0,10,41.0,27.0,12.0,8.9,13284.0,24.0,27.0,41.0,12.0,2,1,3,6,144.0,60,1440.0,79704.0,53.400000000000006,0.6642
14612916001,0,0,60.0,50.0,40.0,120000.0,10,34.0,27.0,27.0,16.35,24786.0,12.0,34.0,27.0,27.0,1,1,1,1,12.0,10,120.0,24786.0,16.35,0.20655
14612916001,0,1,60.0,50.0,40.0,120000.0,10,34.0,27.0,27.0,16.35,24786.0,12.0,34.0,27.0,27.0,1,1,1,1,12.0,10,120.0,24786.0,16.35,0.20655
14612916001,0,2,60.0,50.0,40.0,120000.0,10,34.0,27.0,27.0,16.35,24786.0,12.0,27.0,34.0,27.0,2,1,1,2,24.0,20,240.0,49572.0,32.7,0.4131
14612916001,0,3,60.0,50.0,40.0,120000.0,10,34.0,27.0,27.0,16.35,24786.0,12.0,27.0,27.0,34.0,2,1,1,2,24.0,20,240.0,49572.0,32.7,0.4131
14612916001,0,4,60.0,50.0,40.0,120000.0,10,34.0,27.0,27.0,16.35,24786.0,12.0,27.0,27.0,34.0,2,1,1,2,24.0,20,240.0,49572.0,32.7,0.4131
14612916001,0,5,60.0,50.0,40.0,120000.0,10,34.0,27.0,27.0,16.35,24786.0,12.0,27.0,34.0,27.0,2,1,1,2,24.0,20,240.0,49572.0,32.7,0.4131
14121075001,0,0,60.0,50.0,40.0,120000.0,10,33.0,19.0,27.0,3.85,16929.0,12.0,33.0,19.0,27.0,1,2,1,2,24.0,20,240.0,33858.0,7.7,0.28215
14121075001,0,1,60.0,50.0,40.0,120000.0,10,33.0,19.0,27.0,3.85,16929.0,12.0,33.0,27.0,19.0,1,1,2,2,24.0,20,240.0,33858.0,7.7,0.28215
14121075001,0,2,60.0,50.0,40.0,120000.0,10,33.0,19.0,27.0,3.85,16929.0,12.0,27.0,33.0,19.0,2,1,2,4,48.0,40,480.0,67716.0,15.4,0.5643
14121075001,0,3,60.0,50.0,40.0,120000.0,10,33.0,19.0,27.0,3.85,16929.0,12.0,27.0,19.0,33.0,2,2,1,4,48.0,40,480.0,67716.0,15.4,0.5643
14121075001,0,4,60.0,50.0,40.0,120000.0,10,33.0,19.0,27.0,3.85,16929.0,12.0,19.0,27.0,33.0,3,1,1,3,36.0,30,360.0,50787.0,11.55,0.423225
14121075001,0,5,60.0,50.0,40.0,120000.0,10,33.0,19.0,27.0,3.85,16929.0,12.0,19.0,33.0,27.0,3,1,1,3,36.0,30,360.0,50787.0,11.55,0.423225
12011011001,0,0,60.0,50.0,40.0,120000.0,10,37.0,21.0,25.0,9.17,19425.0,12.0,37.0,21.0,25.0,1,2,1,2,24.0,20,240.0,38850.0,18.34,0.32375
12011011001,0,1,60.0,50.0,40.0,120000.0,10,37.0,21.0,25.0,9.17,19425.0,12.0,37.0,25.0,21.0,1,2,1,2,24.0,20,240.0,38850.0,18.34,0.32375
12011011001,0,2,60.0,50.0,40.0,120000.0,10,37.0,21.0,25.0,9.17,19425.0,12.0,25.0,37.0,21.0,2,1,1,2,24.0,20,240.0,38850.0,18.34,0.32375
12011011001,0,3,60.0,50.0,40.0,120000.0,10,37.0,21.0,25.0,9.17,19425.0,12.0,25.0,21.0,37.0,2,2,1,4,48.0,40,480.0,77700.0,36.68,0.6475
12011011001,0,4,60.0,50.0,40.0,120000.0,10,37.0,21.0,25.0,9.17,19425.0,12.0,21.0,25.0,37.0,2,2,1,4,48.0,40,480.0,77700.0,36.68,0.6475
12011011001,0,5,60.0,50.0,40.0,120000.0,10,37.0,21.0,25.0,9.17,19425.0,12.0,21.0,37.0,25.0,2,1,1,2,24.0,20,240.0,38850.0,18.34,0.32375
11071035001,0,0,60.0,50.0,40.0,120000.0,10,53.0,45.0,21.0,8.86,50085.0,24.0,53.0,45.0,21.0,1,1,1,1,24.0,10,240.0,50085.0,8.86,0.417375
12123015001,0,0,60.0,50.0,40.0,120000.0,10,44.0,32.0,21.0,1.446,29568.0,12.0,44.0,32.0,21.0,1,1,1,1,12.0,10,120.0,29568.0,1.446,0.2464
12123015001,0,1,60.0,50.0,40.0,120000.0,10,44.0,32.0,21.0,1.446,29568.0,12.0,44.0,21.0,32.0,1,2,1,2,24.0,20,240.0,59136.0,2.892,0.4928
12123015001,0,2,60.0,50.0,40.0,120000.0,10,44.0,32.0,21.0,1.446,29568.0,12.0,21.0,44.0,32.0,2,1,1,2,24.0,20,240.0,59136.0,2.892,0.4928
12123015001,0,5,60.0,50.0,40.0,120000.0,10,44.0,32.0,21.0,1.446,29568.0,12.0,32.0,44.0,21.0,1,1,1,1,12.0,10,120.0,29568.0,1.446,0.2464
14620051001,0,0,60.0,50.0,40.0,120000.0,10,49.0,33.0,25.0,22.7,40425.0,24.0,49.0,33.0,25.0,1,1,1,1,24.0,10,240.0,40425.0,22.7,0.336875
14620051001,0,1,60.0,50.0,40.0,120000.0,10,49.0,33.0,25.0,22.7,40425.0,24.0,49.0,25.0,33.0,1,2,1,2,48.0,20,480.0,80850.0,45.4,0.67375
14620051001,0,2,60.0,50.0,40.0,120000.0,10,49.0,33.0,25.0,22.7,40425.0,24.0,25.0,49.0,33.0,2,1,1,2,48.0,20,480.0,80850.0,45.4,0.67375
14620051001,0,5,60.0,50.0,40.0,120000.0,10,49.0,33.0,25.0,22.7,40425.0,24.0,33.0,49.0,25.0,1,1,1,1,24.0,10,240.0,40425.0,22.7,0.336875
14104060001,0,0,60.0,50.0,40.0,120000.0,10,40.0,26.0,25.0,2.13,26000.0,12.0,40.0,26.0,25.0,1,1,1,1,12.0,10,120.0,26000.0,2.13,0.21666666666666667
14104060001,0,1,60.0,50.0,40.0,120000.0,10,40.0,26.0,25.0,2.13,26000.0,12.0,40.0,25.0,26.0,1,2,1,2,24.0,20,240.0,52000.0,4.26,0.43333333333333335
14104060001,0,2,60.0,50.0,40.0,120000.0,10,40.0,26.0,25.0,2.13,26000.0,12.0,25.0,40.0,26.0,2,1,1,2,24.0,20,240.0,52000.0,4.26,0.43333333333333335
14104060001,0,3,60.0,50.0,40.0,120000.0,10,40.0,26.0,25.0,2.13,26000.0,12.0,25.0,26.0,40.0,2,1,1,2,24.0,20,240.0,52000.0,4.26,0.43333333333333335
14104060001,0,4,60.0,50.0,40.0,120000.0,10,40.0,26.0,25.0,2.13,26000.0,12.0,26.0,25.0,40.0,2,2,1,4,48.0,40,480.0,104000.0,8.52,0.8666666666666667
14104060001,0,5,60.0,50.0,40.0,120000.0,10,40.0,26.0,25.0,2.13,26000.0,12.0,26.0,40.0,25.0,2,1,1,2,24.0,20,240.0,52000.0,4.26,0.43333333333333335
14021021001,0,0,60.0,50.0,40.0,120000.0,10,33.0,20.0,25.0,0.82,16500.0,1.0,33.0,20.0,25.0,1,2,1,2,2.0,20,20.0,33000.0,1.64,0.275
14021021001,0,1,60.0,50.0,40.0,120000.0,10,33.0,20.0,25.0,0.82,16500.0,1.0,33.0,25.0,20.0,1,2,2,4,4.0,40,40.0,66000.0,3.28,0.55
14021021001,0,2,60.0,50.0,40.0,120000.0,10,33.0,20.0,25.0,0.82,16500.0,1.0,25.0,33.0,20.0,2,1,2,4,4.0,40,40.0,66000.0,3.28,0.55
14021021001,0,3,60.0,50.0,40.0,120000.0,10,33.0,20.0,25.0,0.82,16500.0,1.0,25.0,20.0,33.0,2,2,1,4,4.0,40,40.0,66000.0,3.28,0.55
14021021001,0,4,60.0,50.0,40.0,120000.0,10,33.0,20.0,25.0,0.82,16500.0,1.0,20.0,25.0,33.0,3,2,1,6,6.0,60,60.0,99000.0,4.92,0.825
14021021001,0,5,60.0,50.0,40.0,120000.0,10,33.0,20.0,25.0,0.82,16500.0,1.0,20.0,33.0,25.0,3,1,1,3,3.0,30,30.0,49500.0,2.46,0.4125
12120027001,0,0,60.0,50.0,40.0,120000.0,10,14.0,8.0,14.0,0.2,1568.0,1.0,14.0,8.0,14.0,4,6,2,48,48.0,480,480.0,75264.0,9.600000000000001,0.6272
12120027001,0,1,60.0,50.0,40.0,120000.0,10,14.0,8.0,14.0,0.2,1568.0,1.0,14.0,14.0,8.0,4,3,5,60,60.0,600,600.0,94080.0,12.0,0.784
12120027001,0,2,60.0,50.0,40.0,120000.0,10,14.0,8.0,14.0,0.2,1568.0,1.0,14.0,14.0,8.0,4,3,5,60,60.0,600,600.0,94080.0,12.0,0.784
12120027001,0,3,60.0,50.0,40.0,120000.0,10,14.0,8.0,14.0,0.2,1568.0,1.0,14.0,8.0,14.0,4,6,2,48,48.0,480,480.0,75264.0,9.600000000000001,0.6272
12120027001,0,4,60.0,50.0,40.0,120000.0,10,14.0,8.0,14.0,0.2,1568.0,1.0,8.0,14.0,14.0,7,3,2,42,42.0,420,420.0,65856.0,8.4,0.5488
12120027001,0,5,60.0,50.0,40.0,120000.0,10,14.0,8.0,14.0,0.2,1568.0,1.0,8.0,14.0,14.0,7,3,2,42,42.0,420,420.0,65856.0,8.4,0.5488
12034088001,0,0,60.0,50.0,40.0,120000.0,10,13.0,11.0,18.0,0.57,2574.0,6.0,13.0,11.0,18.0,4,4,2,32,192.0,320,1920.0,82368.0,18.24,0.6864
12034088001,0,1,60.0,50.0,40.0,120000.0,10,13.0,11.0,18.0,0.57,2574.0,6.0,13.0,18.0,11.0,4,2,3,24,144.0,240,1440.0,61776.0,13.68,0.5148
12034088001,0,2,60.0,50.0,40.0,120000.0,10,13.0,11.0,18.0,0.57,2574.0,6.0,18.0,13.0,11.0,3,3,3,27,162.0,270,1620.0,69498.0,15.389999999999999,0.57915
12034088001,0,3,60.0,50.0,40.0,120000.0,10,13.0,11.0,18.0,0.57,2574.0,6.0,18.0,11.0,13.0,3,4,3,36,216.0,360,2160.0,92664.0,20.52,0.7722
12034088001,0,4,60.0,50.0,40.0,120000.0,10,13.0,11.0,18.0,0.57,2574.0,6.0,11.0,18.0,13.0,5,2,3,30,180.0,300,1800.0,77220.0,17.099999999999998,0.6435
12034088001,0,5,60.0,50.0,40.0,120000.0,10,13.0,11.0,18.0,0.57,2574.0,6.0,11.0,13.0,18.0,5,3,2,30,180.0,300,1800.0,77220.0,17.099999999999998,0.6435
14523031001,0,0,60.0,50.0,40.0,120000.0,10,30.0,27.0,20.0,6.396,16200.0,12.0,30.0,27.0,20.0,2,1,2,4,48.0,40,480.0,64800.0,25.584,0.54
14523031001,0,1,60.0,50.0,40.0,120000.0,10,30.0,27.0,20.0,6.396,16200.0,12.0,30.0,20.0,27.0,2,2,1,4,48.0,40,480.0,64800.0,25.584,0.54
14523031001,0,2,60.0,50.0,40.0,120000.0,10,30.0,27.0,20.0,6.396,16200.0,12.0,20.0,30.0,27.0,3,1,1,3,36.0,30,360.0,48600.0,19.188,0.405
14523031001,0,3,60.0,50.0,40.0,120000.0,10,30.0,27.0,20.0,6.396,16200.0,12.0,20.0,27.0,30.0,3,1,1,3,36.0,30,360.0,48600.0,19.188,0.405
14523031001,0,4,60.0,50.0,40.0,120000.0,10,30.0,27.0,20.0,6.396,16200.0,12.0,27.0,20.0,30.0,2,2,1,4,48.0,40,480.0,64800.0,25.584,0.54
14523031001,0,5,60.0,50.0,40.0,120000.0,10,30.0,27.0,20.0,6.396,16200.0,12.0,27.0,30.0,20.0,2,1,2,4,48.0,40,480.0,64800.0,25.584,0.54
14613939001,0,0,60.0,50.0,40.0,120000.0,10,33.0,26.0,29.0,12.17,24882.0,12.0,33.0,26.0,29.0,1,1,1,1,12.0,10,120.0,24882.0,12.17,0.20735
14613939001,0,1,60.0,50.0,40.0,120000.0,10,33.0,26.0,29.0,12.17,24882.0,12.0,33.0,29.0,26.0,1,1,1,1,12.0,10,120.0,24882.0,12.17,0.20735
14613939001,0,2,60.0,50.0,40.0,120000.0,10,33.0,26.0,29.0,12.17,24882.0,12.0,29.0,33.0,26.0,2,1,1,2,24.0,20,240.0,49764.0,24.34,0.4147
14613939001,0,3,60.0,50.0,40.0,120000.0,10,33.0,26.0,29.0,12.17,24882.0,12.0,29.0,26.0,33.0,2,1,1,2,24.0,20,240.0,49764.0,24.34,0.4147
14613939001,0,4,60.0,50.0,40.0,120000.0,10,33.0,26.0,29.0,12.17,24882.0,12.0,26.0,29.0,33.0,2,1,1,2,24.0,20,240.0,49764.0,24.34,0.4147
14613939001,0,5,60.0,50.0,40.0,120000.0,10,33.0,26.0,29.0,12.17,24882.0,12.0,26.0,33.0,29.0,2,1,1,2,24.0,20,240.0,49764.0,24.34,0.4147
12001015001,0,0,60.0,50.0,40.0,120000.0,10,31.0,22.0,26.0,8.074,17732.0,9.0,31.0,22.0,26.0,1,2,1,2,18.0,20,180.0,35464.0,16.148,0.2955333333333333
12001015001,0,1,60.0,50.0,40.0,120000.0,10,31.0,22.0,26.0,8.074,17732.0,9.0,31.0,26.0,22.0,1,1,1,1,9.0,10,90.0,17732.0,8.074,0.14776666666666666
12001015001,0,2,60.0,50.0,40.0,120000.0,10,31.0,22.0,26.0,8.074,17732.0,9.0,26.0,31.0,22.0,2,1,1,2,18.0,20,180.0,35464.0,16.148,0.2955333333333333
12001015001,0,3,60.0,50.0,40.0,120000.0,10,31.0,22.0,26.0,8.074,17732.0,9.0,26.0,22.0,31.0,2,2,1,4,36.0,40,360.0,70928.0,32.296,0.5910666666666666
12001015001,0,4,60.0,50.0,40.0,120000.0,10,31.0,22.0,26.0,8.074,17732.0,9.0,22.0,26.0,31.0,2,1,1,2,18.0,20,180.0,35464.0,16.148,0.2955333333333333
12001015001,0,5,60.0,50.0,40.0,120000.0,10,31.0,22.0,26.0,8.074,17732.0,9.0,22.0,31.0,26.0,2,1,1,2,18.0,20,180.0,35464.0,16.148,0.2955333333333333
12201897001,0,0,60.0,50.0,40.0,120000.0,10,23.0,11.0,6.0,0.5,1518.0,1.0,23.0,11.0,6.0,2,4,6,48,48.0,480,480.0,72864.0,24.0,0.6072
12201897001,0,1,60.0,50.0,40.0,120000.0,10,23.0,11.0,6.0,0.5,1518.0,1.0,23.0,6.0,11.0,2,8,3,48,48.0,480,480.0,72864.0,24.0,0.6072
12201897001,0,2,60.0,50.0,40.0,120000.0,10,23.0,11.0,6.0,0.5,1518.0,1.0,6.0,23.0,11.0,10,2,3,60,60.0,600,600.0,91080.0,30.0,0.759
12201897001,0,3,60.0,50.0,40.0,120000.0,10,23.0,11.0,6.0,0.5,1518.0,1.0,6.0,11.0,23.0,10,4,1,40,40.0,400,400.0,60720.0,20.0,0.506
12201897001,0,4,60.0,50.0,40.0,120000.0,10,23.0,11.0,6.0,0.5,1518.0,1.0,11.0,6.0,23.0,5,8,1,40,40.0,400,400.0,60720.0,20.0,0.506
12201897001,0,5,60.0,50.0,40.0,120000.0,10,23.0,11.0,6.0,0.5,1518.0,1.0,11.0,23.0,6.0,5,2,6,60,60.0,600,600.0,91080.0,30.0,0.759
31502034001,0,0,60.0,50.0,40.0,120000.0,10,47.0,20.0,35.0,15.21,32900.0,30.0,47.0,20.0,35.0,1,2,1,2,60.0,20,600.0,65800.0,30.42,0.5483333333333333
31502034001,0,1,60.0,50.0,40.0,120000.0,10,47.0,20.0,35.0,15.21,32900.0,30.0,47.0,35.0,20.0,1,1,2,2,60.0,20,600.0,65800.0,30.42,0.5483333333333333
31502034001,0,2,60.0,50.0,40.0,120000.0,10,47.0,20.0,35.0,15.21,32900.0,30.0,35.0,47.0,20.0,1,1,2,2,60.0,20,600.0,65800.0,30.42,0.5483333333333333
31502034001,0,5,60.0,50.0,40.0,120000.0,10,47.0,20.0,35.0,15.21,32900.0,30.0,20.0,47.0,35.0,3,1,1,3,90.0,30,900.0,98700.0,45.63,0.8225
11050091001,0,0,60.0,50.0,40.0,120000.0,10,38.0,19.0,28.0,10.15,20216.0,12.0,38.0,19.0,28.0,1,2,1,2,24.0,20,240.0,40432.0,20.3,0.3369333333333333
11050091001,0,1,60.0,50.0,40.0,120000.0,10,38.0,19.0,28.0,10.15,20216.0,12.0,38.0,28.0,19.0,1,1,2,2,24.0,20,240.0,40432.0,20.3,0.3369333333333333
11050091001,0,2,60.0,50.0,40.0,120000.0,10,38.0,19.0,28.0,10.15,20216.0,12.0,28.0,38.0,19.0,2,1,2,4,48.0,40,480.0,80864.0,40.6,0.6738666666666666
11050091001,0,3,60.0,50.0,40.0,120000.0,10,38.0,19.0,28.0,10.15,20216.0,12.0,28.0,19.0,38.0,2,2,1,4,48.0,40,480.0,80864.0,40.6,0.6738666666666666
11050091001,0,4,60.0,50.0,40.0,120000.0,10,38.0,19.0,28.0,10.15,20216.0,12.0,19.0,28.0,38.0,3,1,1,3,36.0,30,360.0,60648.0,30.450000000000003,0.5054
11050091001,0,5,60.0,50.0,40.0,120000.0,10,38.0,19.0,28.0,10.15,20216.0,12.0,19.0,38.0,28.0,3,1,1,3,36.0,30,360.0,60648.0,30.450000000000003,0.5054
11073902002,0,0,60.0,50.0,40.0,120000.0,10,35.0,31.0,13.0,3.13,14105.0,12.0,35.0,31.0,13.0,1,1,3,3,36.0,30,360.0,42315.0,9.39,0.352625
11073902002,0,1,60.0,50.0,40.0,120000.0,10,35.0,31.0,13.0,3.13,14105.0,12.0,35.0,13.0,31.0,1,3,1,3,36.0,30,360.0,42315.0,9.39,0.352625
11073902002,0,2,60.0,50.0,40.0,120000.0,10,35.0,31.0,13.0,3.13,14105.0,12.0,13.0,35.0,31.0,4,1,1,4,48.0,40,480.0,56420.0,12.52,0.4701666666666667
11073902002,0,3,60.0,50.0,40.0,120000.0,10,35.0,31.0,13.0,3.13,14105.0,12.0,13.0,31.0,35.0,4,1,1,4,48.0,40,480.0,56420.0,12.52,0.4701666666666667
11073902002,0,4,60.0,50.0,40.0,120000.0,10,35.0,31.0,13.0,3.13,14105.0,12.0,31.0,13.0,35.0,1,3,1,3,36.0,30,360.0,42315.0,9.39,0.352625
11073902002,0,5,60.0,50.0,40.0,120000.0,10,35.0,31.0,13.0,3.13,14105.0,12.0,31.0,35.0,13.0,1,1,3,3,36.0,30,360.0,42315.0,9.39,0.352625
14353002001,0,0,60.0,50.0,40.0,120000.0,10,39.0,31.0,23.0,6.91,27807.0,12.0,39.0,31.0,23.0,1,1,1,1,12.0,10,120.0,27807.0,6.91,0.231725
14353002001,0,1,60.0,50.0,40.0,120000.0,10,39.0,31.0,23.0,6.91,27807.0,12.0,39.0,23.0,31.0,1,2,1,2,24.0,20,240.0,55614.0,13.82,0.46345
14353002001,0,2,60.0,50.0,40.0,120000.0,10,39.0,31.0,23.0,6.91,27807.0,12.0,23.0,39.0,31.0,2,1,1,2,24.0,20,240.0,55614.0,13.82,0.46345
14353002001,0,3,60.0,50.0,40.0,120000.0,10,39.0,31.0,23.0,6.91,27807.0,12.0,23.0,31.0,39.0,2,1,1,2,24.0,20,240.0,55614.0,13.82,0.46345
14353002001,0,4,60.0,50.0,40.0,120000.0,10,39.0,31.0,23.0,6.91,27807.0,12.0,31.0,23.0,39.0,1,2,1,2,24.0,20,240.0,55614.0,13.82,0.46345
14353002001,0,5,60.0,50.0,40.0,120000.0,10,39.0,31.0,23.0,6.91,27807.0,12.0,31.0,39.0,23.0,1,1,1,1,12.0,10,120.0,27807.0,6.91,0.231725
42613064001,0,0,60.0,50.0,40.0,120000.0,10,21.0,8.0,8.0,0.4,1344.0,1.0,21.0,8.0,8.0,2,6,5,60,60.0,600,600.0,80640.0,24.0,0.672
42613064001,0,1,60.0,50.0,40.0,120000.0,10,21.0,8.0,8.0,0.4,1344.0,1.0,21.0,8.0,8.0,2,6,5,60,60.0,600,600.0,80640.0,24.0,0.672
42613064001,0,2,60.0,50.0,40.0,120000.0,10,21.0,8.0,8.0,0.4,1344.0,1.0,8.0,21.0,8.0,7,2,5,70,70.0,700,700.0,94080.0,28.0,0.784
42613064001,0,3,60.0,50.0,40.0,120000.0,10,21.0,8.0,8.0,0.4,1344.0,1.0,8.0,8.0,21.0,7,6,1,42,42.0,420,420.0,56448.0,16.8,0.4704
42613064001,0,4,60.0,50.0,40.0,120000.0,10,21.0,8.0,8.0,0.4,1344.0,1.0,8.0,8.0,21.0,7,6,1,42,42.0,420,420.0,56448.0,16.8,0.4704
42613064001,0,5,60.0,50.0,40.0,120000.0,10,21.0,8.0,8.0,0.4,1344.0,1.0,8.0,21.0,8.0,7,2,5,70,70.0,700,700.0,94080.0,28.0,0.784
12010214001,0,0,60.0,50.0,40.0,120000.0,10,46.0,34.0,25.0,37.25,39100.0,24.0,46.0,34.0,25.0,1,1,1,1,24.0,10,240.0,39100.0,37.25,0.3258333333333333
12010214001,0,1,60.0,50.0,40.0,120000.0,10,46.0,34.0,25.0,37.25,39100.0,24.0,46.0,25.0,34.0,1,2,1,2,48.0,20,480.0,78200.0,74.5,0.6516666666666666
12010214001,0,2,60.0,50.0,40.0,120000.0,10,46.0,34.0,25.0,37.25,39100.0,24.0,25.0,46.0,34.0,2,1,1,2,48.0,20,480.0,78200.0,74.5,0.6516666666666666
12010214001,0,5,60.0,50.0,40.0,120000.0,10,46.0,34.0,25.0,37.25,39100.0,24.0,34.0,46.0,25.0,1,1,1,1,24.0,10,240.0,39100.0,37.25,0.3258333333333333
14340006001,0,0,60.0,50.0,40.0,120000.0,10,24.0,31.0,14.0,8.18,10416.0,12.0,24.0,31.0,14.0,2,1,2,4,48.0,40,480.0,41664.0,32.72,0.3472
14340006001,0,1,60.0,50.0,40.0,120000.0,10,24.0,31.0,14.0,8.18,10416.0,12.0,24.0,14.0,31.0,2,3,1,6,72.0,60,720.0,62496.0,49.08,0.5208
14340006001,0,2,60.0,50.0,40.0,120000.0,10,24.0,31.0,14.0,8.18,10416.0,12.0,14.0,24.0,31.0,4,2,1,8,96.0,80,960.0,83328.0,65.44,0.6944
14340006001,0,3,60.0,50.0,40.0,120000.0,10,24.0,31.0,14.0,8.18,10416.0,12.0,14.0,31.0,24.0,4,1,1,4,48.0,40,480.0,41664.0,32.72,0.3472
14340006001,0,4,60.0,50.0,40.0,120000.0,10,24.0,31.0,14.0,8.18,10416.0,12.0,31.0,14.0,24.0,1,3,1,3,36.0,30,360.0,31248.0,24.54,0.2604
14340006001,0,5,60.0,50.0,40.0,120000.0,10,24.0,31.0,14.0,8.18,10416.0,12.0,31.0,24.0,14.0,1,2,2,4,48.0,40,480.0,41664.0,32.72,0.3472
14506150001,0,0,60.0,50.0,40.0,120000.0,10,51.0,40.0,32.0,16.35,65280.0,12.0,51.0,40.0,32.0,1,1,1,1,12.0,10,120.0,65280.0,16.35,0.544
14506150001,0,1,60.0,50.0,40.0,120000.0,10,51.0,40.0,32.0,16.35,65280.0,12.0,51.0,32.0,40.0,1,1,1,1,12.0,10,120.0,65280.0,16.35,0.544
12000090001,0,0,60.0,50.0,40.0,120000.0,10,28.0,22.0,25.0,7.5,15400.0,12.0,28.0,22.0,25.0,2,2,1,4,48.0,40,480.0,61600.0,30.0,0.5133333333333333
12000090001,0,1,60.0,50.0,40.0,120000.0,10,28.0,22.0,25.0,7.5,15400.0,12.0,28.0,25.0,22.0,2,2,1,4,48.0,40,480.0,61600.0,30.0,0.5133333333333333
12000090001,0,2,60.0,50.0,40.0,120000.0,10,28.0,22.0,25.0,7.5,15400.0,12.0,25.0,28.0,22.0,2,1,1,2,24.0,20,240.0,30800.0,15.0,0.25666666666666665
12000090001,0,3,60.0,50.0,40.0,120000.0,10,28.0,22.0,25.0,7.5,15400.0,12.0,25.0,22.0,28.0,2,2,1,4,48.0,40,480.0,61600.0,30.0,0.5133333333333333
12000090001,0,4,60.0,50.0,40.0,120000.0,10,28.0,22.0,25.0,7.5,15400.0,12.0,22.0,25.0,28.0,2,2,1,4,48.0,40,480.0,61600.0,30.0,0.5133333333333333
12000090001,0,5,60.0,50.0,40.0,120000.0,10,28.0,22.0,25.0,7.5,15400.0,12.0,22.0,28.0,25.0,2,1,1,2,24.0,20,240.0,30800.0,15.0,0.25666666666666665
42607128001,0,0,60.0,50.0,40.0,120000.0,10,10.0,5.0,18.0,0.2,900.0,1.0,10.0,5.0,18.0,6,10,2,120,120.0,1200,1200.0,108000.0,24.0,0.9
42607128001,0,1,60.0,50.0,40.0,120000.0,10,10.0,5.0,18.0,0.2,900.0,1.0,10.0,18.0,5.0,6,2,8,96,96.0,960,960.0,86400.0,19.200000000000003,0.72
42607128001,0,2,60.0,50.0,40.0,120000.0,10,10.0,5.0,18.0,0.2,900.0,1.0,18.0,10.0,5.0,3,5,8,120,120.0,1200,1200.0,108000.0,24.0,0.9
42607128001,0,3,60.0,50.0,40.0,120000.0,10,10.0,5.0,18.0,0.2,900.0,1.0,18.0,5.0,10.0,3,10,4,120,120.0,1200,1200.0,108000.0,24.0,0.9
42607128001,0,4,60.0,50.0,40.0,120000.0,10,10.0,5.0,18.0,0.2,900.0,1.0,5.0,18.0,10.0,12,2,4,96,96.0,960,960.0,86400.0,19.200000000000003,0.72
42607128001,0,5,60.0,50.0,40.0,120000.0,10,10.0,5.0,18.0,0.2,900.0,1.0,5.0,10.0,18.0,12,5,2,120,120.0,1200,1200.0,108000.0,24.0,0.9
12006067001,0,0,60.0,50.0,40.0,120000.0,10,38.0,25.0,6.0,0.712,5700.0,6.0,38.0,25.0,6.0,1,2,6,12,72.0,120,720.0,68400.0,8.544,0.57
12006067001,0,1,60.0,50.0,40.0,120000.0,10,38.0,25.0,6.0,0.712,5700.0,6.0,38.0,6.0,25.0,1,8,1,8,48.0,80,480.0,45600.0,5.696,0.38
12006067001,0,2,60.0,50.0,40.0,120000.0,10,38.0,25.0,6.0,0.712,5700.0,6.0,6.0,38.0,25.0,10,1,1,10,60.0,100,600.0,57000.0,7.119999999999999,0.475
12006067001,0,3,60.0,50.0,40.0,120000.0,10,38.0,25.0,6.0,0.712,5700.0,6.0,6.0,25.0,38.0,10,2,1,20,120.0,200,1200.0,114000.0,14.239999999999998,0.95
12006067001,0,4,60.0,50.0,40.0,120000.0,10,38.0,25.0,6.0,0.712,5700.0,6.0,25.0,6.0,38.0,2,8,1,16,96.0,160,960.0,91200.0,11.392,0.76
12006067001,0,5,60.0,50.0,40.0,120000.0,10,38.0,25.0,6.0,0.712,5700.0,6.0,25.0,38.0,6.0,2,1,6,12,72.0,120,720.0,68400.0,8.544,0.57
14520066001,0,0,60.0,50.0,40.0,120000.0,10,35.0,29.0,34.0,6.34,34510.0,96.0,35.0,29.0,34.0,1,1,1,1,96.0,10,960.0,34510.0,6.34,0.28758333333333336
14520066001,0,1,60.0,50.0,40.0,120000.0,10,35.0,29.0,34.0,6.34,34510.0,96.0,35.0,34.0,29.0,1,1,1,1,96.0,10,960.0,34510.0,6.34,0.28758333333333336
14520066001,0,2,60.0,50.0,40.0,120000.0,10,35.0,29.0,34.0,6.34,34510.0,96.0,34.0,35.0,29.0,1,1,1,1,96.0,10,960.0,34510.0,6.34,0.28758333333333336
14520066001,0,3,60.0,50.0,40.0,120000.0,10,35.0,29.0,34.0,6.34,34510.0,96.0,34.0,29.0,35.0,1,1,1,1,96.0,10,960.0,34510.0,6.34,0.28758333333333336
14520066001,0,4,60.0,50.0,40.0,120000.0,10,35.0,29.0,34.0,6.34,34510.0,96.0,29.0,34.0,35.0,2,1,1,2,192.0,20,1920.0,69020.0,12.68,0.5751666666666667
14520066001,0,5,60.0,50.0,40.0,120000.0,10,35.0,29.0,34.0,6.34,34510.0,96.0,29.0,35.0,34.0,2,1,1,2,192.0,20,1920.0,69020.0,12.68,0.5751666666666667
12005092002,0,0,60.0,50.0,40.0,120000.0,10,34.0,21.0,26.0,2.66,18564.0,8.0,34.0,21.0,26.0,1,2,1,2,16.0,20,160.0,37128.0,5.32,0.3094
12005092002,0,1,60.0,50.0,40.0,120000.0,10,34.0,21.0,26.0,2.66,18564.0,8.0,34.0,26.0,21.0,1,1,1,1,8.0,10,80.0,18564.0,2.66,0.1547
12005092002,0,2,60.0,50.0,40.0,120000.0,10,34.0,21.0,26.0,2.66,18564.0,8.0,26.0,34.0,21.0,2,1,1,2,16.0,20,160.0,37128.0,5.32,0.3094
12005092002,0,3,60.0,50.0,40.0,120000.0,10,34.0,21.0,26.0,2.66,18564.0,8.0,26.0,21.0,34.0,2,2,1,4,32.0,40,320.0,74256.0,10.64,0.6188
12005092002,0,4,60.0,50.0,40.0,120000.0,10,34.0,21.0,26.0,2.66,18564.0,8.0,21.0,26.0,34.0,2,1,1,2,16.0,20,160.0,37128.0,5.32,0.3094
12005092002,0,5,60.0,50.0,40.0,120000.0,10,34.0,21.0,26.0,2.66,18564.0,8.0,21.0,34.0,26.0,2,1,1,2,16.0,20,160.0,37128.0,5.32,0.3094
41522003001,0,1,60.0,50.0,40.0,120000.0,10,47.0,25.0,46.0,4.4,54050.0,1.0,47.0,46.0,25.0,1,1,1,1,1.0,10,10.0,54050.0,4.4,0.4504166666666667
41522003001,0,2,60.0,50.0,40.0,120000.0,10,47.0,25.0,46.0,4.4,54050.0,1.0,46.0,47.0,25.0,1,1,1,1,1.0,10,10.0,54050.0,4.4,0.4504166666666667
14350001001,0,0,60.0,50.0,40.0,120000.0,10,36.0,30.0,26.0,2.72,28080.0,10.0,36.0,30.0,26.0,1,1,1,1,10.0,10,100.0,28080.0,2.72,0.234
14350001001,0,1,60.0,50.0,40.0,120000.0,10,36.0,30.0,26.0,2.72,28080.0,10.0,36.0,26.0,30.0,1,1,1,1,10.0,10,100.0,28080.0,2.72,0.234
14350001001,0,2,60.0,50.0,40.0,120000.0,10,36.0,30.0,26.0,2.72,28080.0,10.0,26.0,36.0,30.0,2,1,1,2,20.0,20,200.0,56160.0,5.44,0.468
14350001001,0,3,60.0,50.0,40.0,120000.0,10,36.0,30.0,26.0,2.72,28080.0,10.0,26.0,30.0,36.0,2,1,1,2,20.0,20,200.0,56160.0,5.44,0.468
14350001001,0,4,60.0,50.0,40.0,120000.0,10,36.0,30.0,26.0,2.72,28080.0,10.0,30.0,26.0,36.0,2,1,1,2,20.0,20,200.0,56160.0,5.44,0.468
14350001001,0,5,60.0,50.0,40.0,120000.0,10,36.0,30.0,26.0,2.72,28080.0,10.0,30.0,36.0,26.0,2,1,1,2,20.0,20,200.0,56160.0,5.44,0.468
12102999001,0,0,60.0,50.0,40.0,120000.0,10,23.0,8.0,16.0,1.21,2944.0,10.0,23.0,8.0,16.0,2,6,2,24,240.0,240,2400.0,70656.0,29.04,0.5888
12102999001,0,1,60.0,50.0,40.0,120000.0,10,23.0,8.0,16.0,1.21,2944.0,10.0,23.0,16.0,8.0,2,3,5,30,300.0,300,3000.0,88320.0,36.3,0.736
12102999001,0,2,60.0,50.0,40.0,120000.0,10,23.0,8.0,16.0,1.21,2944.0,10.0,16.0,23.0,8.0,3,2,5,30,300.0,300,3000.0,88320.0,36.3,0.736
12102999001,0,3,60.0,50.0,40.0,120000.0,10,23.0,8.0,16.0,1.21,2944.0,10.0,16.0,8.0,23.0,3,6,1,18,180.0,180,1800.0,52992.0,21.78,0.4416
12102999001,0,4,60.0,50.0,40.0,120000.0,10,23.0,8.0,16.0,1.21,2944.0,10.0,8.0,16.0,23.0,7,3,1,21,210.0,210,2100.0,61824.0,25.41,0.5152
12102999001,0,5,60.0,50.0,40.0,120000.0,10,23.0,8.0,16.0,1.21,2944.0,10.0,8.0,23.0,16.0,7,2,2,28,280.0,280,2800.0,82432.0,33.879999999999995,0.6869333333333333
14631054001,0,0,60.0,50.0,40.0,120000.0,10,30.0,22.0,12.0,7.09,7920.0,12.0,30.0,22.0,12.0,2,2,3,12,144.0,120,1440.0,95040.0,85.08,0.792
14631054001,0,1,60.0,50.0,40.0,120000.0,10,30.0,22.0,12.0,7.09,7920.0,12.0,30.0,12.0,22.0,2,4,1,8,96.0,80,960.0,63360.0,56.72,0.528
14631054001,0,2,60.0,50.0,40.0,120000.0,10,30.0,22.0,12.0,7.09,7920.0,12.0,12.0,30.0,22.0,5,1,1,5,60.0,50,600.0,39600.0,35.45,0.33
14631054001,0,3,60.0,50.0,40.0,120000.0,10,30.0,22.0,12.0,7.09,7920.0,12.0,12.0,22.0,30.0,5,2,1,10,120.0,100,1200.0,79200.0,70.9,0.66
14631054001,0,4,60.0,50.0,40.0,120000.0,10,30.0,22.0,12.0,7.09,7920.0,12.0,22.0,12.0,30.0,2,4,1,8,96.0,80,960.0,63360.0,56.72,0.528
14631054001,0,5,60.0,50.0,40.0,120000.0,10,30.0,22.0,12.0,7.09,7920.0,12.0,22.0,30.0,12.0,2,1,3,6,72.0,60,720.0,47520.0,42.54,0.396
35752005001,0,0,60.0,50.0,40.0,120000.0,10,26.0,22.0,25.0,3.0,14300.0,24.0,26.0,22.0,25.0,2,2,1,4,96.0,40,960.0,57200.0,12.0,0.4766666666666667
35752005001,0,1,60.0,50.0,40.0,120000.0,10,26.0,22.0,25.0,3.0,14300.0,24.0,26.0,25.0,22.0,2,2,1,4,96.0,40,960.0,57200.0,12.0,0.4766666666666667
35752005001,0,2,60.0,50.0,40.0,120000.0,10,26.0,22.0,25.0,3.0,14300.0,24.0,25.0,26.0,22.0,2,1,1,2,48.0,20,480.0,28600.0,6.0,0.23833333333333334
35752005001,0,3,60.0,50.0,40.0,120000.0,10,26.0,22.0,25.0,3.0,14300.0,24.0,25.0,22.0,26.0,2,2,1,4,96.0,40,960.0,57200.0,12.0,0.4766666666666667
35752005001,0,4,60.0,50.0,40.0,120000.0,10,26.0,22.0,25.0,3.0,14300.0,24.0,22.0,25.0,26.0,2,2,1,4,96.0,40,960.0,57200.0,12.0,0.4766666666666667
35752005001,0,5,60.0,50.0,40.0,120000.0,10,26.0,22.0,25.0,3.0,14300.0,24.0,22.0,26.0,25.0,2,1,1,2,48.0,20,480.0,28600.0,6.0,0.23833333333333334
11112015001,0,0,60.0,50.0,40.0,120000.0,10,34.0,28.0,26.0,6.67,24752.0,12.0,34.0,28.0,26.0,1,1,1,1,12.0,10,120.0,24752.0,6.67,0.20626666666666665
11112015001,0,1,60.0,50.0,40.0,120000.0,10,34.0,28.0,26.0,6.67,24752.0,12.0,34.0,26.0,28.0,1,1,1,1,12.0,10,120.0,24752.0,6.67,0.20626666666666665
11112015001,0,2,60.0,50.0,40.0,120000.0,10,34.0,28.0,26.0,6.67,24752.0,12.0,26.0,34.0,28.0,2,1,1,2,24.0,20,240.0,49504.0,13.34,0.4125333333333333
11112015001,0,3,60.0,50.0,40.0,120000.0,10,34.0,28.0,26.0,6.67,24752.0,12.0,26.0,28.0,34.0,2,1,1,2,24.0,20,240.0,49504.0,13.34,0.4125333333333333
11112015001,0,4,60.0,50.0,40.0,120000.0,10,34.0,28.0,26.0,6.67,24752.0,12.0,28.0,26.0,34.0,2,1,1,2,24.0,20,240.0,49504.0,13.34,0.4125333333333333
11112015001,0,5,60.0,50.0,40.0,120000.0,10,34.0,28.0,26.0,6.67,24752.0,12.0,28.0,34.0,26.0,2,1,1,2,24.0,20,240.0,49504.0,13.34,0.4125333333333333
11021026001,0,0,60.0,50.0,40.0,120000.0,10,37.0,25.0,33.0,16.48,30525.0,4.0,37.0,25.0,33.0,1,2,1,2,8.0,20,80.0,61050.0,32.96,0.50875
11021026001,0,1,60.0,50.0,40.0,120000.0,10,37.0,25.0,33.0,16.48,30525.0,4.0,37.0,33.0,25.0,1,1,1,1,4.0,10,40.0,30525.0,16.48,0.254375
11021026001,0,2,60.0,50.0,40.0,120000.0,10,37.0,25.0,33.0,16.48,30525.0,4.0,33.0,37.0,25.0,1,1,1,1,4.0,10,40.0,30525.0,16.48,0.254375
11021026001,0,3,60.0,50.0,40.0,120000.0,10,37.0,25.0,33.0,16.48,30525.0,4.0,33.0,25.0,37.0,1,2,1,2,8.0,20,80.0,61050.0,32.96,0.50875
11021026001,0,4,60.0,50.0,40.0,120000.0,10,37.0,25.0,33.0,16.48,30525.0,4.0,25.0,33.0,37.0,2,1,1,2,8.0,20,80.0,61050.0,32.96,0.50875
11021026001,0,5,60.0,50.0,40.0,120000.0,10,37.0,25.0,33.0,16.48,30525.0,4.0,25.0,37.0,33.0,2,1,1,2,8.0,20,80.0,61050.0,32.96,0.50875
10040018001,0,0,60.0,50.0,40.0,120000.0,10,38.0,22.0,31.0,16.93,25916.0,8.0,38.0,22.0,31.0,1,2,1,2,16.0,20,160.0,51832.0,33.86,0.43193333333333334
10040018001,0,1,60.0,50.0,40.0,120000.0,10,38.0,22.0,31.0,16.93,25916.0,8.0,38.0,31.0,22.0,1,1,1,1,8.0,10,80.0,25916.0,16.93,0.21596666666666667
10040018001,0,2,60.0,50.0,40.0,120000.0,10,38.0,22.0,31.0,16.93,25916.0,8.0,31.0,38.0,22.0,1,1,1,1,8.0,10,80.0,25916.0,16.93,0.21596666666666667
10040018001,0,3,60.0,50.0,40.0,120000.0,10,38.0,22.0,31.0,16.93,25916.0,8.0,31.0,22.0,38.0,1,2,1,2,16.0,20,160.0,51832.0,33.86,0.43193333333333334
10040018001,0,4,60.0,50.0,40.0,120000.0,10,38.0,22.0,31.0,16.93,25916.0,8.0,22.0,31.0,38.0,2,1,1,2,16.0,20,160.0,51832.0,33.86,0.43193333333333334
10040018001,0,5,60.0,50.0,40.0,120000.0,10,38.0,22.0,31.0,16.93,25916.0,8.0,22.0,38.0,31.0,2,1,1,2,16.0,20,160.0,51832.0,33.86,0.43193333333333334
12020018001,0,0,60.0,50.0,40.0,120000.0,10,26.0,10.0,16.0,1.5,4160.0,6.0,26.0,10.0,16.0,2,5,2,20,120.0,200,1200.0,83200.0,30.0,0.6933333333333334
12020018001,0,1,60.0,50.0,40.0,120000.0,10,26.0,10.0,16.0,1.5,4160.0,6.0,26.0,16.0,10.0,2,3,4,24,144.0,240,1440.0,99840.0,36.0,0.832
12020018001,0,2,60.0,50.0,40.0,120000.0,10,26.0,10.0,16.0,1.5,4160.0,6.0,16.0,26.0,10.0,3,1,4,12,72.0,120,720.0,49920.0,18.0,0.416
12020018001,0,3,60.0,50.0,40.0,120000.0,10,26.0,10.0,16.0,1.5,4160.0,6.0,16.0,10.0,26.0,3,5,1,15,90.0,150,900.0,62400.0,22.5,0.52
12020018001,0,4,60.0,50.0,40.0,120000.0,10,26.0,10.0,16.0,1.5,4160.0,6.0,10.0,16.0,26.0,6,3,1,18,108.0,180,1080.0,74880.0,27.0,0.624
12020018001,0,5,60.0,50.0,40.0,120000.0,10,26.0,10.0,16.0,1.5,4160.0,6.0,10.0,26.0,16.0,6,1,2,12,72.0,120,720.0,49920.0,18.0,0.416
11100015001,0,0,60.0,50.0,40.0,120000.0,10,37.0,30.0,28.0,18.12,31080.0,4.0,37.0,30.0,28.0,1,1,1,1,4.0,10,40.0,31080.0,18.12,0.259
11100015001,0,1,60.0,50.0,40.0,120000.0,10,37.0,30.0,28.0,18.12,31080.0,4.0,37.0,28.0,30.0,1,1,1,1,4.0,10,40.0,31080.0,18.12,0.259
11100015001,0,2,60.0,50.0,40.0,120000.0,10,37.0,30.0,28.0,18.12,31080.0,4.0,28.0,37.0,30.0,2,1,1,2,8.0,20,80.0,62160.0,36.24,0.518
11100015001,0,3,60.0,50.0,40.0,120000.0,10,37.0,30.0,28.0,18.12,31080.0,4.0,28.0,30.0,37.0,2,1,1,2,8.0,20,80.0,62160.0,36.24,0.518
11100015001,0,4,60.0,50.0,40.0,120000.0,10,37.0,30.0,28.0,18.12,31080.0,4.0,30.0,28.0,37.0,2,1,1,2,8.0,20,80.0,62160.0,36.24,0.518
11100015001,0,5,60.0,50.0,40.0,120000.0,10,37.0,30.0,28.0,18.12,31080.0,4.0,30.0,37.0,28.0,2,1,1,2,8.0,20,80.0,62160.0,36.24,0.518
14315003001,0,0,60.0,50.0,40.0,120000.0,10,35.0,23.0,28.0,2.25,22540.0,12.0,35.0,23.0,28.0,1,2,1,2,24.0,20,240.0,45080.0,4.5,0.37566666666666665
14315003001,0,1,60.0,50.0,40.0,120000.0,10,35.0,23.0,28.0,2.25,22540.0,12.0,35.0,28.0,23.0,1,1,1,1,12.0,10,120.0,22540.0,2.25,0.18783333333333332
14315003001,0,2,60.0,50.0,40.0,120000.0,10,35.0,23.0,28.0,2.25,22540.0,12.0,28.0,35.0,23.0,2,1,1,2,24.0,20,240.0,45080.0,4.5,0.37566666666666665
14315003001,0,3,60.0,50.0,40.0,120000.0,10,35.0,23.0,28.0,2.25,22540.0,12.0,28.0,23.0,35.0,2,2,1,4,48.0,40,480.0,90160.0,9.0,0.7513333333333333
14315003001,0,4,60.0,50.0,40.0,120000.0,10,35.0,23.0,28.0,2.25,22540.0,12.0,23.0,28.0,35.0,2,1,1,2,24.0,20,240.0,45080.0,4.5,0.37566666666666665
14315003001,0,5,60.0,50.0,40.0,120000.0,10,35.0,23.0,28.0,2.25,22540.0,12.0,23.0,35.0,28.0,2,1,1,2,24.0,20,240.0,45080.0,4.5,0.37566666666666665
14811006001,0,0,60.0,50.0,40.0,120000.0,10,32.0,24.0,23.0,12.21,17664.0,24.0,32.0,24.0,23.0,1,2,1,2,48.0,20,480.0,35328.0,24.42,0.2944
14811006001,0,1,60.0,50.0,40.0,120000.0,10,32.0,24.0,23.0,12.21,17664.0,24.0,32.0,23.0,24.0,1,2,1,2,48.0,20,480.0,35328.0,24.42,0.2944
14811006001,0,2,60.0,50.0,40.0,120000.0,10,32.0,24.0,23.0,12.21,17664.0,24.0,23.0,32.0,24.0,2,1,1,2,48.0,20,480.0,35328.0,24.42,0.2944
14811006001,0,3,60.0,50.0,40.0,120000.0,10,32.0,24.0,23.0,12.21,17664.0,24.0,23.0,24.0,32.0,2,2,1,4,96.0,40,960.0,70656.0,48.84,0.5888
14811006001,0,4,60.0,50.0,40.0,120000.0,10,32.0,24.0,23.0,12.21,17664.0,24.0,24.0,23.0,32.0,2,2,1,4,96.0,40,960.0,70656.0,48.84,0.5888
14811006001,0,5,60.0,50.0,40.0,120000.0,10,32.0,24.0,23.0,12.21,17664.0,24.0,24.0,32.0,23.0,2,1,1,2,48.0,20,480.0,35328.0,24.42,0.2944
12020328001,0,0,60.0,50.0,40.0,120000.0,10,15.0,10.0,20.0,1.1,3000.0,6.0,15.0,10.0,20.0,4,5,2,40,240.0,400,2400.0,120000.0,44.0,1.0
12020328001,0,1,60.0,50.0,40.0,120000.0,10,15.0,10.0,20.0,1.1,3000.0,6.0,15.0,20.0,10.0,4,2,4,32,192.0,320,1920.0,96000.0,35.2,0.8
12020328001,0,2,60.0,50.0,40.0,120000.0,10,15.0,10.0,20.0,1.1,3000.0,6.0,20.0,15.0,10.0,3,3,4,36,216.0,360,2160.0,108000.0,39.6,0.9
12020328001,0,3,60.0,50.0,40.0,120000.0,10,15.0,10.0,20.0,1.1,3000.0,6.0,20.0,10.0,15.0,3,5,2,30,180.0,300,1800.0,90000.0,33.0,0.75
12020328001,0,4,60.0,50.0,40.0,120000.0,10,15.0,10.0,20.0,1.1,3000.0,6.0,10.0,20.0,15.0,6,2,2,24,144.0,240,1440.0,72000.0,26.400000000000002,0.6
12020328001,0,5,60.0,50.0,40.0,120000.0,10,15.0,10.0,20.0,1.1,3000.0,6.0,10.0,15.0,20.0,6,3,2,36,216.0,360,2160.0,108000.0,39.6,0.9
14362019001,0,0,60.0,50.0,40.0,120000.0,10,48.0,33.0,26.0,7.84,41184.0,15.0,48.0,33.0,26.0,1,1,1,1,15.0,10,150.0,41184.0,7.84,0.3432
14362019001,0,1,60.0,50.0,40.0,120000.0,10,48.0,33.0,26.0,7.84,41184.0,15.0,48.0,26.0,33.0,1,1,1,1,15.0,10,150.0,41184.0,7.84,0.3432
14362019001,0,2,60.0,50.0,40.0,120000.0,10,48.0,33.0,26.0,7.84,41184.0,15.0,26.0,48.0,33.0,2,1,1,2,30.0,20,300.0,82368.0,15.68,0.6864
14362019001,0,5,60.0,50.0,40.0,120000.0,10,48.0,33.0,26.0,7.84,41184.0,15.0,33.0,48.0,26.0,1,1,1,1,15.0,10,150.0,41184.0,7.84,0.3432
12000233001,0,0,60.0,50.0,40.0,120000.0,10,22.0,16.0,22.0,3.48,7744.0,6.0,22.0,16.0,22.0,2,3,1,6,36.0,60,360.0,46464.0,20.88,0.3872
12000233001,0,1,60.0,50.0,40.0,120000.0,10,22.0,16.0,22.0,3.48,7744.0,6.0,22.0,22.0,16.0,2,2,2,8,48.0,80,480.0,61952.0,27.84,0.5162666666666667
12000233001,0,2,60.0,50.0,40.0,120000.0,10,22.0,16.0,22.0,3.48,7744.0,6.0,22.0,22.0,16.0,2,2,2,8,48.0,80,480.0,61952.0,27.84,0.5162666666666667
12000233001,0,3,60.0,50.0,40.0,120000.0,10,22.0,16.0,22.0,3.48,7744.0,6.0,22.0,16.0,22.0,2,3,1,6,36.0,60,360.0,46464.0,20.88,0.3872
12000233001,0,4,60.0,50.0,40.0,120000.0,10,22.0,16.0,22.0,3.48,7744.0,6.0,16.0,22.0,22.0,3,2,1,6,36.0,60,360.0,46464.0,20.88,0.3872
12000233001,0,5,60.0,50.0,40.0,120000.0,10,22.0,16.0,22.0,3.48,7744.0,6.0,16.0,22.0,22.0,3,2,1,6,36.0,60,360.0,46464.0,20.88,0.3872
12104047001,0,0,60.0,50.0,40.0,120000.0,10,12.0,9.0,22.0,0.35,2376.0,1.0,12.0,9.0,22.0,5,5,1,25,25.0,250,250.0,59400.0,8.75,0.495
12104047001,0,1,60.0,50.0,40.0,120000.0,10,12.0,9.0,22.0,0.35,2376.0,1.0,12.0,22.0,9.0,5,2,4,40,40.0,400,400.0,95040.0,14.0,0.792
12104047001,0,2,60.0,50.0,40.0,120000.0,10,12.0,9.0,22.0,0.35,2376.0,1.0,22.0,12.0,9.0,2,4,4,32,32.0,320,320.0,76032.0,11.2,0.6336
12104047001,0,3,60.0,50.0,40.0,120000.0,10,12.0,9.0,22.0,0.35,2376.0,1.0,22.0,9.0,12.0,2,5,3,30,30.0,300,300.0,71280.0,10.5,0.594
12104047001,0,4,60.0,50.0,40.0,120000.0,10,12.0,9.0,22.0,0.35,2376.0,1.0,9.0,22.0,12.0,6,2,3,36,36.0,360,360.0,85536.0,12.6,0.7128
12104047001,0,5,60.0,50.0,40.0,120000.0,10,12.0,9.0,22.0,0.35,2376.0,1.0,9.0,12.0,22.0,6,4,1,24,24.0,240,240.0,57024.0,8.399999999999999,0.4752
11075006001,0,0,60.0,50.0,40.0,120000.0,10,48.0,23.0,19.0,5.93,20976.0,24.0,48.0,23.0,19.0,1,2,2,4,96.0,40,960.0,83904.0,23.72,0.6992
11075006001,0,1,60.0,50.0,40.0,120000.0,10,48.0,23.0,19.0,5.93,20976.0,24.0,48.0,19.0,23.0,1,2,1,2,48.0,20,480.0,41952.0,11.86,0.3496
11075006001,0,2,60.0,50.0,40.0,120000.0,10,48.0,23.0,19.0,5.93,20976.0,24.0,19.0,48.0,23.0,3,1,1,3,72.0,30,720.0,62928.0,17.79,0.5244
11075006001,0,5,60.0,50.0,40.0,120000.0,10,48.0,23.0,19.0,5.93,20976.0,24.0,23.0,48.0,19.0,2,1,2,4,96.0,40,960.0,83904.0,23.72,0.6992
41401022001,0,0,60.0,50.0,40.0,120000.0,10,22.0,12.0,8.0,0.8,2112.0,1.0,22.0,12.0,8.0,2,4,5,40,40.0,400,400.0,84480.0,32.0,0.704
41401022001,0,1,60.0,50.0,40.0,120000.0,10,22.0,12.0,8.0,0.8,2112.0,1.0,22.0,8.0,12.0,2,6,3,36,36.0,360,360.0,76032.0,28.8,0.6336
41401022001,0,2,60.0,50.0,40.0,120000.0,10,22.0,12.0,8.0,0.8,2112.0,1.0,8.0,22.0,12.0,7,2,3,42,42.0,420,420.0,88704.0,33.6,0.7392
41401022001,0,3,60.0,50.0,40.0,120000.0,10,22.0,12.0,8.0,0.8,2112.0,1.0,8.0,12.0,22.0,7,4,1,28,28.0,280,280.0,59136.0,22.400000000000002,0.4928
41401022001,0,4,60.0,50.0,40.0,120000.0,10,22.0,12.0,8.0,0.8,2112.0,1.0,12.0,8.0,22.0,5,6,1,30,30.0,300,300.0,63360.0,24.0,0.528
41401022001,0,5,60.0,50.0,40.0,120000.0,10,22.0,12.0,8.0,0.8,2112.0,1.0,12.0,22.0,8.0,5,2,5,50,50.0,500,500.0,105600.0,40.0,0.88
14804016001,0,0,60.0,50.0,40.0,120000.0,10,41.0,27.0,12.0,9.8,13284.0,24.0,41.0,27.0,12.0,1,1,3,3,72.0,30,720.0,39852.0,29.400000000000002,0.3321
14804016001,0,1,60.0,50.0,40.0,120000.0,10,41.0,27.0,12.0,9.8,13284.0,24.0,41.0,12.0,27.0,1,4,1,4,96.0,40,960.0,53136.0,39.2,0.4428
14804016001,0,2,60.0,50.0,40.0,120000.0,10,41.0,27.0,12.0,9.8,13284.0,24.0,12.0,41.0,27.0,5,1,1,5,120.0,50,1200.0,66420.0,49.0,0.5535
14804016001,0,5,60.0,50.0,40.0,120000.0,10,41.0,27.0,12.0,9.8,13284.0,24.0,27.0,41.0,12.0,2,1,3,6,144.0,60,1440.0,79704.0,58.800000000000004,0.6642
12002002001,0,0,60.0,50.0,40.0,120000.0,10,31.0,23.0,28.0,8.24,19964.0,9.0,31.0,23.0,28.0,1,2,1,2,18.0,20,180.0,39928.0,16.48,0.3327333333333333
12002002001,0,1,60.0,50.0,40.0,120000.0,10,31.0,23.0,28.0,8.24,19964.0,9.0,31.0,28.0,23.0,1,1,1,1,9.0,10,90.0,19964.0,8.24,0.16636666666666666
12002002001,0,2,60.0,50.0,40.0,120000.0,10,31.0,23.0,28.0,8.24,19964.0,9.0,28.0,31.0,23.0,2,1,1,2,18.0,20,180.0,39928.0,16.48,0.3327333333333333
12002002001,0,3,60.0,50.0,40.0,120000.0,10,31.0,23.0,28.0,8.24,19964.0,9.0,28.0,23.0,31.0,2,2,1,4,36.0,40,360.0,79856.0,32.96,0.6654666666666667
12002002001,0,4,60.0,50.0,40.0,120000.0,10,31.0,23.0,28.0,8.24,19964.0,9.0,23.0,28.0,31.0,2,1,1,2,18.0,20,180.0,39928.0,16.48,0.3327333333333333
12002002001,0,5,60.0,50.0,40.0,120000.0,10,31.0,23.0,28.0,8.24,19964.0,9.0,23.0,31.0,28.0,2,1,1,2,18.0,20,180.0,39928.0,16.48,0.3327333333333333
14510148001,0,0,60.0,50.0,40.0,120000.0,10,35.0,24.0,5.0,2.2,4200.0,1.0,35.0,24.0,5.0,1,2,8,16,16.0,160,160.0,67200.0,35.2,0.56
14510148001,0,1,60.0,50.0,40.0,120000.0,10,35.0,24.0,5.0,2.2,4200.0,1.0,35.0,5.0,24.0,1,10,1,10,10.0,100,100.0,42000.0,22.0,0.35
14510148001,0,2,60.0,50.0,40.0,120000.0,10,35.0,24.0,5.0,2.2,4200.0,1.0,5.0,35.0,24.0,12,1,1,12,12.0,120,120.0,50400.0,26.400000000000002,0.42
14510148001,0,3,60.0,50.0,40.0,120000.0,10,35.0,24.0,5.0,2.2,4200.0,1.0,5.0,24.0,35.0,12,2,1,24,24.0,240,240.0,100800.0,52.800000000000004,0.84
14510148001,0,4,60.0,50.0,40.0,120000.0,10,35.0,24.0,5.0,2.2,4200.0,1.0,24.0,5.0,35.0,2,10,1,20,20.0,200,200.0,84000.0,44.0,0.7
14510148001,0,5,60.0,50.0,40.0,120000.0,10,35.0,24.0,5.0,2.2,4200.0,1.0,24.0,35.0,5.0,2,1,8,16,16.0,160,160.0,67200.0,35.2,0.56
12002090001,0,0,60.0,50.0,40.0,120000.0,10,23.0,16.0,20.0,3.4,7360.0,6.0,23.0,16.0,20.0,2,3,2,12,72.0,120,720.0,88320.0,40.8,0.736
12002090001,0,1,60.0,50.0,40.0,120000.0,10,23.0,16.0,20.0,3.4,7360.0,6.0,23.0,20.0,16.0,2,2,2,8,48.0,80,480.0,58880.0,27.2,0.49066666666666664
12002090001,0,2,60.0,50.0,40.0,120000.0,10,23.0,16.0,20.0,3.4,7360.0,6.0,20.0,23.0,16.0,3,2,2,12,72.0,120,720.0,88320.0,40.8,0.736
12002090001,0,3,60.0,50.0,40.0,120000.0,10,23.0,16.0,20.0,3.4,7360.0,6.0,20.0,16.0,23.0,3,3,1,9,54.0,90,540.0,66240.0,30.599999999999998,0.552
12002090001,0,4,60.0,50.0,40.0,120000.0,10,23.0,16.0,20.0,3.4,7360.0,6.0,16.0,20.0,23.0,3,2,1,6,36.0,60,360.0,44160.0,20.4,0.368
12002090001,0,5,60.0,50.0,40.0,120000.0,10,23.0,16.0,20.0,3.4,7360.0,6.0,16.0,23.0,20.0,3,2,2,12,72.0,120,720.0,88320.0,40.8,0.736
11041027001,0,0,60.0,50.0,40.0,120000.0,10,38.0,34.0,18.0,8.0,23256.0,24.0,38.0,34.0,18.0,1,1,2,2,48.0,20,480.0,46512.0,16.0,0.3876
11041027001,0,1,60.0,50.0,40.0,120000.0,10,38.0,34.0,18.0,8.0,23256.0,24.0,38.0,18.0,34.0,1,2,1,2,48.0,20,480.0,46512.0,16.0,0.3876
11041027001,0,2,60.0,50.0,40.0,120000.0,10,38.0,34.0,18.0,8.0,23256.0,24.0,18.0,38.0,34.0,3,1,1,3,72.0,30,720.0,69768.0,24.0,0.5814
11041027001,0,3,60.0,50.0,40.0,120000.0,10,38.0,34.0,18.0,8.0,23256.0,24.0,18.0,34.0,38.0,3,1,1,3,72.0,30,720.0,69768.0,24.0,0.5814
11041027001,0,4,60.0,50.0,40.0,120000.0,10,38.0,34.0,18.0,8.0,23256.0,24.0,34.0,18.0,38.0,1,2,1,2,48.0,20,480.0,46512.0,16.0,0.3876
11041027001,0,5,60.0,50.0,40.0,120000.0,10,38.0,34.0,18.0,8.0,23256.0,24.0,34.0,38.0,18.0,1,1,2,2,48.0,20,480.0,46512.0,16.0,0.3876
14611025001,0,0,60.0,50.0,40.0,120000.0,10,35.0,26.0,29.0,12.3,26390.0,12.0,35.0,26.0,29.0,1,1,1,1,12.0,10,120.0,26390.0,12.3,0.21991666666666668
14611025001,0,1,60.0,50.0,40.0,120000.0,10,35.0,26.0,29.0,12.3,26390.0,12.0,35.0,29.0,26.0,1,1,1,1,12.0,10,120.0,26390.0,12.3,0.21991666666666668
14611025001,0,2,60.0,50.0,40.0,120000.0,10,35.0,26.0,29.0,12.3,26390.0,12.0,29.0,35.0,26.0,2,1,1,2,24.0,20,240.0,52780.0,24.6,0.43983333333333335
14611025001,0,3,60.0,50.0,40.0,120000.0,10,35.0,26.0,29.0,12.3,26390.0,12.0,29.0,26.0,35.0,2,1,1,2,24.0,20,240.0,52780.0,24.6,0.43983333333333335
14611025001,0,4,60.0,50.0,40.0,120000.0,10,35.0,26.0,29.0,12.3,26390.0,12.0,26.0,29.0,35.0,2,1,1,2,24.0,20,240.0,52780.0,24.6,0.43983333333333335
14611025001,0,5,60.0,50.0,40.0,120000.0,10,35.0,26.0,29.0,12.3,26390.0,12.0,26.0,35.0,29.0,2,1,1,2,24.0,20,240.0,52780.0,24.6,0.43983333333333335
14700029001,0,0,60.0,50.0,40.0,120000.0,10,38.0,31.0,16.0,5.18,18848.0,12.0,38.0,31.0,16.0,1,1,2,2,24.0,20,240.0,37696.0,10.36,0.3141333333333333
14700029001,0,1,60.0,50.0,40.0,120000.0,10,38.0,31.0,16.0,5.18,18848.0,12.0,38.0,16.0,31.0,1,3,1,3,36.0,30,360.0,56544.0,15.54,0.4712
14700029001,0,2,60.0,50.0,40.0,120000.0,10,38.0,31.0,16.0,5.18,18848.0,12.0,16.0,38.0,31.0,3,1,1,3,36.0,30,360.0,56544.0,15.54,0.4712
14700029001,0,3,60.0,50.0,40.0,120000.0,10,38.0,31.0,16.0,5.18,18848.0,12.0,16.0,31.0,38.0,3,1,1,3,36.0,30,360.0,56544.0,15.54,0.4712
14700029001,0,4,60.0,50.0,40.0,120000.0,10,38.0,31.0,16.0,5.18,18848.0,12.0,31.0,16.0,38.0,1,3,1,3,36.0,30,360.0,56544.0,15.54,0.4712
14700029001,0,5,60.0,50.0,40.0,120000.0,10,38.0,31.0,16.0,5.18,18848.0,12.0,31.0,38.0,16.0,1,1,2,2,24.0,20,240.0,37696.0,10.36,0.3141333333333333
12106109002,0,0,60.0,50.0,40.0,120000.0,10,25.0,20.0,16.0,2.1,8000.0,12.0,25.0,20.0,16.0,2,2,2,8,96.0,80,960.0,64000.0,16.8,0.5333333333333333
12106109002,0,1,60.0,50.0,40.0,120000.0,10,25.0,20.0,16.0,2.1,8000.0,12.0,25.0,16.0,20.0,2,3,2,12,144.0,120,1440.0,96000.0,25.200000000000003,0.8
12106109002,0,2,60.0,50.0,40.0,120000.0,10,25.0,20.0,16.0,2.1,8000.0,12.0,16.0,25.0,20.0,3,2,2,12,144.0,120,1440.0,96000.0,25.200000000000003,0.8
12106109002,0,3,60.0,50.0,40.0,120000.0,10,25.0,20.0,16.0,2.1,8000.0,12.0,16.0,20.0,25.0,3,2,1,6,72.0,60,720.0,48000.0,12.600000000000001,0.4
12106109002,0,4,60.0,50.0,40.0,120000.0,10,25.0,20.0,16.0,2.1,8000.0,12.0,20.0,16.0,25.0,3,3,1,9,108.0,90,1080.0,72000.0,18.900000000000002,0.6
12106109002,0,5,60.0,50.0,40.0,120000.0,10,25.0,20.0,16.0,2.1,8000.0,12.0,20.0,25.0,16.0,3,2,2,12,144.0,120,1440.0,96000.0,25.200000000000003,0.8
11041019001,0,0,60.0,50.0,40.0,120000.0,10,40.0,14.0,20.0,1.6,11200.0,10.0,40.0,14.0,20.0,1,3,2,6,60.0,60,600.0,67200.0,9.600000000000001,0.56
11041019001,0,1,60.0,50.0,40.0,120000.0,10,40.0,14.0,20.0,1.6,11200.0,10.0,40.0,20.0,14.0,1,2,2,4,40.0,40,400.0,44800.0,6.4,0.37333333333333335
11041019001,0,2,60.0,50.0,40.0,120000.0,10,40.0,14.0,20.0,1.6,11200.0,10.0,20.0,40.0,14.0,3,1,2,6,60.0,60,600.0,67200.0,9.600000000000001,0.56
11041019001,0,3,60.0,50.0,40.0,120000.0,10,40.0,14.0,20.0,1.6,11200.0,10.0,20.0,14.0,40.0,3,3,1,9,90.0,90,900.0,100800.0,14.4,0.84
11041019001,0,4,60.0,50.0,40.0,120000.0,10,40.0,14.0,20.0,1.6,11200.0,10.0,14.0,20.0,40.0,4,2,1,8,80.0,80,800.0,89600.0,12.8,0.7466666666666667
11041019001,0,5,60.0,50.0,40.0,120000.0,10,40.0,14.0,20.0,1.6,11200.0,10.0,14.0,40.0,20.0,4,1,2,8,80.0,80,800.0,89600.0,12.8,0.7466666666666667
14010048001,0,0,60.0,50.0,40.0,120000.0,10,47.0,29.0,25.0,2.22,34075.0,12.0,47.0,29.0,25.0,1,1,1,1,12.0,10,120.0,34075.0,2.22,0.2839583333333333
14010048001,0,1,60.0,50.0,40.0,120000.0,10,47.0,29.0,25.0,2.22,34075.0,12.0,47.0,25.0,29.0,1,2,1,2,24.0,20,240.0,68150.0,4.44,0.5679166666666666
14010048001,0,2,60.0,50.0,40.0,120000.0,10,47.0,29.0,25.0,2.22,34075.0,12.0,25.0,47.0,29.0,2,1,1,2,24.0,20,240.0,68150.0,4.44,0.5679166666666666
14010048001,0,5,60.0,50.0,40.0,120000.0,10,47.0,29.0,25.0,2.22,34075.0,12.0,29.0,47.0,25.0,2,1,1,2,24.0,20,240.0,68150.0,4.44,0.5679166666666666
14001019001,0,0,60.0,50.0,40.0,120000.0,10,44.0,37.0,33.0,4.7,53724.0,10.0,44.0,37.0,33.0,1,1,1,1,10.0,10,100.0,53724.0,4.7,0.4477
14001019001,0,1,60.0,50.0,40.0,120000.0,10,44.0,37.0,33.0,4.7,53724.0,10.0,44.0,33.0,37.0,1,1,1,1,10.0,10,100.0,53724.0,4.7,0.4477
14001019001,0,2,60.0,50.0,40.0,120000.0,10,44.0,37.0,33.0,4.7,53724.0,10.0,33.0,44.0,37.0,1,1,1,1,10.0,10,100.0,53724.0,4.7,0.4477
14001019001,0,5,60.0,50.0,40.0,120000.0,10,44.0,37.0,33.0,4.7,53724.0,10.0,37.0,44.0,33.0,1,1,1,1,10.0,10,100.0,53724.0,4.7,0.4477
14361114001,0,0,60.0,50.0,40.0,120000.0,10,43.0,29.0,31.0,10.99,38657.0,12.0,43.0,29.0,31.0,1,1,1,1,12.0,10,120.0,38657.0,10.99,0.32214166666666666
14361114001,0,1,60.0,50.0,40.0,120000.0,10,43.0,29.0,31.0,10.99,38657.0,12.0,43.0,31.0,29.0,1,1,1,1,12.0,10,120.0,38657.0,10.99,0.32214166666666666
14361114001,0,2,60.0,50.0,40.0,120000.0,10,43.0,29.0,31.0,10.99,38657.0,12.0,31.0,43.0,29.0,1,1,1,1,12.0,10,120.0,38657.0,10.99,0.32214166666666666
14361114001,0,5,60.0,50.0,40.0,120000.0,10,43.0,29.0,31.0,10.99,38657.0,12.0,29.0,43.0,31.0,2,1,1,2,24.0,20,240.0,77314.0,21.98,0.6442833333333333
14502016001,0,0,60.0,50.0,40.0,120000.0,10,39.0,33.0,14.0,3.63,18018.0,30.0,39.0,33.0,14.0,1,1,2,2,60.0,20,600.0,36036.0,7.26,0.3003
14502016001,0,1,60.0,50.0,40.0,120000.0,10,39.0,33.0,14.0,3.63,18018.0,30.0,39.0,14.0,33.0,1,3,1,3,90.0,30,900.0,54054.0,10.89,0.45045
14502016001,0,2,60.0,50.0,40.0,120000.0,10,39.0,33.0,14.0,3.63,18018.0,30.0,14.0,39.0,33.0,4,1,1,4,120.0,40,1200.0,72072.0,14.52,0.6006
14502016001,0,3,60.0,50.0,40.0,120000.0,10,39.0,33.0,14.0,3.63,18018.0,30.0,14.0,33.0,39.0,4,1,1,4,120.0,40,1200.0,72072.0,14.52,0.6006
14502016001,0,4,60.0,50.0,40.0,120000.0,10,39.0,33.0,14.0,3.63,18018.0,30.0,33.0,14.0,39.0,1,3,1,3,90.0,30,900.0,54054.0,10.89,0.45045
14502016001,0,5,60.0,50.0,40.0,120000.0,10,39.0,33.0,14.0,3.63,18018.0,30.0,33.0,39.0,14.0,1,1,2,2,60.0,20,600.0,36036.0,7.26,0.3003
14102115001,0,0,60.0,50.0,40.0,120000.0,10,53.0,22.0,28.0,4.478,32648.0,12.0,53.0,22.0,28.0,1,2,1,2,24.0,20,240.0,65296.0,8.956,0.5441333333333334
14102115001,0,1,60.0,50.0,40.0,120000.0,10,53.0,22.0,28.0,4.478,32648.0,12.0,53.0,28.0,22.0,1,1,1,1,12.0,10,120.0,32648.0,4.478,0.2720666666666667
12005108003,0,0,60.0,50.0,40.0,120000.0,10,31.0,27.0,18.0,3.3,15066.0,12.0,31.0,27.0,18.0,1,1,2,2,24.0,20,240.0,30132.0,6.6,0.2511
12005108003,0,1,60.0,50.0,40.0,120000.0,10,31.0,27.0,18.0,3.3,15066.0,12.0,31.0,18.0,27.0,1,2,1,2,24.0,20,240.0,30132.0,6.6,0.2511
12005108003,0,2,60.0,50.0,40.0,120000.0,10,31.0,27.0,18.0,3.3,15066.0,12.0,18.0,31.0,27.0,3,1,1,3,36.0,30,360.0,45198.0,9.899999999999999,0.37665
12005108003,0,3,60.0,50.0,40.0,120000.0,10,31.0,27.0,18.0,3.3,15066.0,12.0,18.0,27.0,31.0,3,1,1,3,36.0,30,360.0,45198.0,9.899999999999999,0.37665
12005108003,0,4,60.0,50.0,40.0,120000.0,10,31.0,27.0,18.0,3.3,15066.0,12.0,27.0,18.0,31.0,2,2,1,4,48.0,40,480.0,60264.0,13.2,0.5022
12005108003,0,5,60.0,50.0,40.0,120000.0,10,31.0,27.0,18.0,3.3,15066.0,12.0,27.0,31.0,18.0,2,1,2,4,48.0,40,480.0,60264.0,13.2,0.5022
14223176001,0,0,60.0,50.0,40.0,120000.0,10,30.0,23.0,16.0,3.12,11040.0,12.0,30.0,23.0,16.0,2,2,2,8,96.0,80,960.0,88320.0,24.96,0.736
14223176001,0,1,60.0,50.0,40.0,120000.0,10,30.0,23.0,16.0,3.12,11040.0,12.0,30.0,16.0,23.0,2,3,1,6,72.0,60,720.0,66240.0,18.72,0.552
14223176001,0,2,60.0,50.0,40.0,120000.0,10,30.0,23.0,16.0,3.12,11040.0,12.0,16.0,30.0,23.0,3,1,1,3,36.0,30,360.0,33120.0,9.36,0.276
14223176001,0,3,60.0,50.0,40.0,120000.0,10,30.0,23.0,16.0,3.12,11040.0,12.0,16.0,23.0,30.0,3,2,1,6,72.0,60,720.0,66240.0,18.72,0.552
14223176001,0,4,60.0,50.0,40.0,120000.0,10,30.0,23.0,16.0,3.12,11040.0,12.0,23.0,16.0,30.0,2,3,1,6,72.0,60,720.0,66240.0,18.72,0.552
14223176001,0,5,60.0,50.0,40.0,120000.0,10,30.0,23.0,16.0,3.12,11040.0,12.0,23.0,30.0,16.0,2,1,2,4,48.0,40,480.0,44160.0,12.48,0.368
12002127001,0,0,60.0,50.0,40.0,120000.0,10,27.0,16.0,17.0,1.88,7344.0,12.0,27.0,16.0,17.0,2,3,2,12,144.0,120,1440.0,88128.0,22.56,0.7344
12002127001,0,1,60.0,50.0,40.0,120000.0,10,27.0,16.0,17.0,1.88,7344.0,12.0,27.0,17.0,16.0,2,2,2,8,96.0,80,960.0,58752.0,15.04,0.4896
12002127001,0,2,60.0,50.0,40.0,120000.0,10,27.0,16.0,17.0,1.88,7344.0,12.0,17.0,27.0,16.0,3,1,2,6,72.0,60,720.0,44064.0,11.28,0.3672
12002127001,0,3,60.0,50.0,40.0,120000.0,10,27.0,16.0,17.0,1.88,7344.0,12.0,17.0,16.0,27.0,3,3,1,9,108.0,90,1080.0,66096.0,16.919999999999998,0.5508
12002127001,0,4,60.0,50.0,40.0,120000.0,10,27.0,16.0,17.0,1.88,7344.0,12.0,16.0,17.0,27.0,3,2,1,6,72.0,60,720.0,44064.0,11.28,0.3672
12002127001,0,5,60.0,50.0,40.0,120000.0,10,27.0,16.0,17.0,1.88,7344.0,12.0,16.0,27.0,17.0,3,1,2,6,72.0,60,720.0,44064.0,11.28,0.3672
14830048001,0,0,60.0,50.0,40.0,120000.0,10,31.0,24.0,10.0,3.78,7440.0,24.0,31.0,24.0,10.0,1,2,4,8,192.0,80,1920.0,59520.0,30.24,0.496
14830048001,0,1,60.0,50.0,40.0,120000.0,10,31.0,24.0,10.0,3.78,7440.0,24.0,31.0,10.0,24.0,1,5,1,5,120.0,50,1200.0,37200.0,18.9,0.31
14830048001,0,2,60.0,50.0,40.0,120000.0,10,31.0,24.0,10.0,3.78,7440.0,24.0,10.0,31.0,24.0,6,1,1,6,144.0,60,1440.0,44640.0,22.68,0.372
14830048001,0,3,60.0,50.0,40.0,120000.0,10,31.0,24.0,10.0,3.78,7440.0,24.0,10.0,24.0,31.0,6,2,1,12,288.0,120,2880.0,89280.0,45.36,0.744
14830048001,0,4,60.0,50.0,40.0,120000.0,10,31.0,24.0,10.0,3.78,7440.0,24.0,24.0,10.0,31.0,2,5,1,10,240.0,100,2400.0,74400.0,37.8,0.62
14830048001,0,5,60.0,50.0,40.0,120000.0,10,31.0,24.0,10.0,3.78,7440.0,24.0,24.0,31.0,10.0,2,1,4,8,192.0,80,1920.0,59520.0,30.24,0.496
12201896001,0,0,60.0,50.0,40.0,120000.0,10,21.0,10.0,8.0,0.2,1680.0,1.0,21.0,10.0,8.0,2,5,5,50,50.0,500,500.0,84000.0,10.0,0.7
12201896001,0,1,60.0,50.0,40.0,120000.0,10,21.0,10.0,8.0,0.2,1680.0,1.0,21.0,8.0,10.0,2,6,4,48,48.0,480,480.0,80640.0,9.600000000000001,0.672
12201896001,0,2,60.0,50.0,40.0,120000.0,10,21.0,10.0,8.0,0.2,1680.0,1.0,8.0,21.0,10.0,7,2,4,56,56.0,560,560.0,94080.0,11.200000000000001,0.784
12201896001,0,3,60.0,50.0,40.0,120000.0,10,21.0,10.0,8.0,0.2,1680.0,1.0,8.0,10.0,21.0,7,5,1,35,35.0,350,350.0,58800.0,7.0,0.49
12201896001,0,4,60.0,50.0,40.0,120000.0,10,21.0,10.0,8.0,0.2,1680.0,1.0,10.0,8.0,21.0,6,6,1,36,36.0,360,360.0,60480.0,7.2,0.504
12201896001,0,5,60.0,50.0,40.0,120000.0,10,21.0,10.0,8.0,0.2,1680.0,1.0,10.0,21.0,8.0,6,2,5,60,60.0,600,600.0,100800.0,12.0,0.84
14508017001,0,0,60.0,50.0,40.0,120000.0,10,33.0,32.0,24.0,2.9,25344.0,12.0,33.0,32.0,24.0,1,1,1,1,12.0,10,120.0,25344.0,2.9,0.2112
14508017001,0,1,60.0,50.0,40.0,120000.0,10,33.0,32.0,24.0,2.9,25344.0,12.0,33.0,24.0,32.0,1,2,1,2,24.0,20,240.0,50688.0,5.8,0.4224
14508017001,0,2,60.0,50.0,40.0,120000.0,10,33.0,32.0,24.0,2.9,25344.0,12.0,24.0,33.0,32.0,2,1,1,2,24.0,20,240.0,50688.0,5.8,0.4224
14508017001,0,3,60.0,50.0,40.0,120000.0,10,33.0,32.0,24.0,2.9,25344.0,12.0,24.0,32.0,33.0,2,1,1,2,24.0,20,240.0,50688.0,5.8,0.4224
14508017001,0,4,60.0,50.0,40.0,120000.0,10,33.0,32.0,24.0,2.9,25344.0,12.0,32.0,24.0,33.0,1,2,1,2,24.0,20,240.0,50688.0,5.8,0.4224
14508017001,0,5,60.0,50.0,40.0,120000.0,10,33.0,32.0,24.0,2.9,25344.0,12.0,32.0,33.0,24.0,1,1,1,1,12.0,10,120.0,25344.0,2.9,0.2112
14111037001,0,0,60.0,50.0,40.0,120000.0,10,50.0,41.0,38.0,5.62,77900.0,24.0,50.0,41.0,38.0,1,1,1,1,24.0,10,240.0,77900.0,5.62,0.6491666666666667
14111037001,0,5,60.0,50.0,40.0,120000.0,10,50.0,41.0,38.0,5.62,77900.0,24.0,41.0,50.0,38.0,1,1,1,1,24.0,10,240.0,77900.0,5.62,0.6491666666666667
12105018001,0,0,60.0,50.0,40.0,120000.0,10,26.0,24.0,21.0,6.374,13104.0,12.0,26.0,24.0,21.0,2,2,1,4,48.0,40,480.0,52416.0,25.496,0.4368
12105018001,0,1,60.0,50.0,40.0,120000.0,10,26.0,24.0,21.0,6.374,13104.0,12.0,26.0,21.0,24.0,2,2,1,4,48.0,40,480.0,52416.0,25.496,0.4368
12105018001,0,2,60.0,50.0,40.0,120000.0,10,26.0,24.0,21.0,6.374,13104.0,12.0,21.0,26.0,24.0,2,1,1,2,24.0,20,240.0,26208.0,12.748,0.2184
12105018001,0,3,60.0,50.0,40.0,120000.0,10,26.0,24.0,21.0,6.374,13104.0,12.0,21.0,24.0,26.0,2,2,1,4,48.0,40,480.0,52416.0,25.496,0.4368
12105018001,0,4,60.0,50.0,40.0,120000.0,10,26.0,24.0,21.0,6.374,13104.0,12.0,24.0,21.0,26.0,2,2,1,4,48.0,40,480.0,52416.0,25.496,0.4368
12105018001,0,5,60.0,50.0,40.0,120000.0,10,26.0,24.0,21.0,6.374,13104.0,12.0,24.0,26.0,21.0,2,1,1,2,24.0,20,240.0,26208.0,12.748,0.2184
14601026001,0,0,60.0,50.0,40.0,120000.0,10,31.0,24.0,23.0,6.5,17112.0,12.0,31.0,24.0,23.0,1,2,1,2,24.0,20,240.0,34224.0,13.0,0.2852
14601026001,0,1,60.0,50.0,40.0,120000.0,10,31.0,24.0,23.0,6.5,17112.0,12.0,31.0,23.0,24.0,1,2,1,2,24.0,20,240.0,34224.0,13.0,0.2852
14601026001,0,2,60.0,50.0,40.0,120000.0,10,31.0,24.0,23.0,6.5,17112.0,12.0,23.0,31.0,24.0,2,1,1,2,24.0,20,240.0,34224.0,13.0,0.2852
14601026001,0,3,60.0,50.0,40.0,120000.0,10,31.0,24.0,23.0,6.5,17112.0,12.0,23.0,24.0,31.0,2,2,1,4,48.0,40,480.0,68448.0,26.0,0.5704
14601026001,0,4,60.0,50.0,40.0,120000.0,10,31.0,24.0,23.0,6.5,17112.0,12.0,24.0,23.0,31.0,2,2,1,4,48.0,40,480.0,68448.0,26.0,0.5704
14601026001,0,5,60.0,50.0,40.0,120000.0,10,31.0,24.0,23.0,6.5,17112.0,12.0,24.0,31.0,23.0,2,1,1,2,24.0,20,240.0,34224.0,13.0,0.2852
14130016001,0,0,60.0,50.0,40.0,120000.0,10,60.0,26.0,23.0,4.47,35880.0,12.0,60.0,26.0,23.0,1,1,1,1,12.0,10,120.0,35880.0,4.47,0.299
14130016001,0,1,60.0,50.0,40.0,120000.0,10,60.0,26.0,23.0,4.47,35880.0,12.0,60.0,23.0,26.0,1,2,1,2,24.0,20,240.0,71760.0,8.94,0.598
30013004001,0,0,60.0,50.0,40.0,120000.0,10,42.0,19.0,15.0,13.026,11970.0,30.0,42.0,19.0,15.0,1,2,2,4,120.0,40,1200.0,47880.0,52.104,0.399
30013004001,0,1,60.0,50.0,40.0,120000.0,10,42.0,19.0,15.0,13.026,11970.0,30.0,42.0,15.0,19.0,1,3,2,6,180.0,60,1800.0,71820.0,78.156,0.5985
30013004001,0,2,60.0,50.0,40.0,120000.0,10,42.0,19.0,15.0,13.026,11970.0,30.0,15.0,42.0,19.0,4,1,2,8,240.0,80,2400.0,95760.0,104.208,0.798
30013004001,0,5,60.0,50.0,40.0,120000.0,10,42.0,19.0,15.0,13.026,11970.0,30.0,19.0,42.0,15.0,3,1,2,6,180.0,60,1800.0,71820.0,78.156,0.5985
14505138001,0,0,60.0,50.0,40.0,120000.0,10,42.0,34.0,13.0,1.64,18564.0,12.0,42.0,34.0,13.0,1,1,3,3,36.0,30,360.0,55692.0,4.92,0.4641
14505138001,0,1,60.0,50.0,40.0,120000.0,10,42.0,34.0,13.0,1.64,18564.0,12.0,42.0,13.0,34.0,1,3,1,3,36.0,30,360.0,55692.0,4.92,0.4641
14505138001,0,2,60.0,50.0,40.0,120000.0,10,42.0,34.0,13.0,1.64,18564.0,12.0,13.0,42.0,34.0,4,1,1,4,48.0,40,480.0,74256.0,6.56,0.6188
14505138001,0,5,60.0,50.0,40.0,120000.0,10,42.0,34.0,13.0,1.64,18564.0,12.0,34.0,42.0,13.0,1,1,3,3,36.0,30,360.0,55692.0,4.92,0.4641
14501016001,0,0,60.0,50.0,40.0,120000.0,10,34.0,26.0,15.0,2.78,13260.0,12.0,34.0,26.0,15.0,1,1,2,2,24.0,20,240.0,26520.0,5.56,0.221
14501016001,0,1,60.0,50.0,40.0,120000.0,10,34.0,26.0,15.0,2.78,13260.0,12.0,34.0,15.0,26.0,1,3,1,3,36.0,30,360.0,39780.0,8.34,0.3315
14501016001,0,2,60.0,50.0,40.0,120000.0,10,34.0,26.0,15.0,2.78,13260.0,12.0,15.0,34.0,26.0,4,1,1,4,48.0,40,480.0,53040.0,11.12,0.442
14501016001,0,3,60.0,50.0,40.0,120000.0,10,34.0,26.0,15.0,2.78,13260.0,12.0,15.0,26.0,34.0,4,1,1,4,48.0,40,480.0,53040.0,11.12,0.442
14501016001,0,4,60.0,50.0,40.0,120000.0,10,34.0,26.0,15.0,2.78,13260.0,12.0,26.0,15.0,34.0,2,3,1,6,72.0,60,720.0,79560.0,16.68,0.663
14501016001,0,5,60.0,50.0,40.0,120000.0,10,34.0,26.0,15.0,2.78,13260.0,12.0,26.0,34.0,15.0,2,1,2,4,48.0,40,480.0,53040.0,11.12,0.442
10035021001,0,0,60.0,50.0,40.0,120000.0,10,41.0,27.0,24.0,13.91,26568.0,24.0,41.0,27.0,24.0,1,1,1,1,24.0,10,240.0,26568.0,13.91,0.2214
10035021001,0,1,60.0,50.0,40.0,120000.0,10,41.0,27.0,24.0,13.91,26568.0,24.0,41.0,24.0,27.0,1,2,1,2,48.0,20,480.0,53136.0,27.82,0.4428
10035021001,0,2,60.0,50.0,40.0,120000.0,10,41.0,27.0,24.0,13.91,26568.0,24.0,24.0,41.0,27.0,2,1,1,2,48.0,20,480.0,53136.0,27.82,0.4428
10035021001,0,5,60.0,50.0,40.0,120000.0,10,41.0,27.0,24.0,13.91,26568.0,24.0,27.0,41.0,24.0,2,1,1,2,48.0,20,480.0,53136.0,27.82,0.4428
12004218001,0,0,60.0,50.0,40.0,120000.0,10,23.0,18.0,28.0,3.87,11592.0,12.0,23.0,18.0,28.0,2,2,1,4,48.0,40,480.0,46368.0,15.48,0.3864
12004218001,0,1,60.0,50.0,40.0,120000.0,10,23.0,18.0,28.0,3.87,11592.0,12.0,23.0,28.0,18.0,2,1,2,4,48.0,40,480.0,46368.0,15.48,0.3864
12004218001,0,2,60.0,50.0,40.0,120000.0,10,23.0,18.0,28.0,3.87,11592.0,12.0,28.0,23.0,18.0,2,2,2,8,96.0,80,960.0,92736.0,30.96,0.7728
12004218001,0,3,60.0,50.0,40.0,120000.0,10,23.0,18.0,28.0,3.87,11592.0,12.0,28.0,18.0,23.0,2,2,1,4,48.0,40,480.0,46368.0,15.48,0.3864
12004218001,0,4,60.0,50.0,40.0,120000.0,10,23.0,18.0,28.0,3.87,11592.0,12.0,18.0,28.0,23.0,3,1,1,3,36.0,30,360.0,34776.0,11.61,0.2898
12004218001,0,5,60.0,50.0,40.0,120000.0,10,23.0,18.0,28.0,3.87,11592.0,12.0,18.0,23.0,28.0,3,2,1,6,72.0,60,720.0,69552.0,23.22,0.5796
30045078002,0,0,60.0,50.0,40.0,120000.0,10,35.0,28.0,16.0,1.9,15680.0,20.0,35.0,28.0,16.0,1,1,2,2,40.0,20,400.0,31360.0,3.8,0.2613333333333333
30045078002,0,1,60.0,50.0,40.0,120000.0,10,35.0,28.0,16.0,1.9,15680.0,20.0,35.0,16.0,28.0,1,3,1,3,60.0,30,600.0,47040.0,5.699999999999999,0.392
30045078002,0,2,60.0,50.0,40.0,120000.0,10,35.0,28.0,16.0,1.9,15680.0,20.0,16.0,35.0,28.0,3,1,1,3,60.0,30,600.0,47040.0,5.699999999999999,0.392
30045078002,0,3,60.0,50.0,40.0,120000.0,10,35.0,28.0,16.0,1.9,15680.0,20.0,16.0,28.0,35.0,3,1,1,3,60.0,30,600.0,47040.0,5.699999999999999,0.392
30045078002,0,4,60.0,50.0,40.0,120000.0,10,35.0,28.0,16.0,1.9,15680.0,20.0,28.0,16.0,35.0,2,3,1,6,120.0,60,1200.0,94080.0,11.399999999999999,0.784
30045078002,0,5,60.0,50.0,40.0,120000.0,10,35.0,28.0,16.0,1.9,15680.0,20.0,28.0,35.0,16.0,2,1,2,4,80.0,40,800.0,62720.0,7.6,0.5226666666666666
14132003001,0,0,60.0,50.0,40.0,120000.0,10,38.0,33.0,26.0,3.43,32604.0,10.0,38.0,33.0,26.0,1,1,1,1,10.0,10,100.0,32604.0,3.43,0.2717
14132003001,0,1,60.0,50.0,40.0,120000.0,10,38.0,33.0,26.0,3.43,32604.0,10.0,38.0,26.0,33.0,1,1,1,1,10.0,10,100.0,32604.0,3.43,0.2717
14132003001,0,2,60.0,50.0,40.0,120000.0,10,38.0,33.0,26.0,3.43,32604.0,10.0,26.0,38.0,33.0,2,1,1,2,20.0,20,200.0,65208.0,6.86,0.5434
14132003001,0,3,60.0,50.0,40.0,120000.0,10,38.0,33.0,26.0,3.43,32604.0,10.0,26.0,33.0,38.0,2,1,1,2,20.0,20,200.0,65208.0,6.86,0.5434
14132003001,0,4,60.0,50.0,40.0,120000.0,10,38.0,33.0,26.0,3.43,32604.0,10.0,33.0,26.0,38.0,1,1,1,1,10.0,10,100.0,32604.0,3.43,0.2717
14132003001,0,5,60.0,50.0,40.0,120000.0,10,38.0,33.0,26.0,3.43,32604.0,10.0,33.0,38.0,26.0,1,1,1,1,10.0,10,100.0,32604.0,3.43,0.2717
31567052001,0,0,60.0,50.0,40.0,120000.0,10,36.0,18.0,26.0,6.07,16848.0,12.0,36.0,18.0,26.0,1,2,1,2,24.0,20,240.0,33696.0,12.14,0.2808
31567052001,0,1,60.0,50.0,40.0,120000.0,10,36.0,18.0,26.0,6.07,16848.0,12.0,36.0,26.0,18.0,1,1,2,2,24.0,20,240.0,33696.0,12.14,0.2808
31567052001,0,2,60.0,50.0,40.0,120000.0,10,36.0,18.0,26.0,6.07,16848.0,12.0,26.0,36.0,18.0,2,1,2,4,48.0,40,480.0,67392.0,24.28,0.5616
31567052001,0,3,60.0,50.0,40.0,120000.0,10,36.0,18.0,26.0,6.07,16848.0,12.0,26.0,18.0,36.0,2,2,1,4,48.0,40,480.0,67392.0,24.28,0.5616
31567052001,0,4,60.0,50.0,40.0,120000.0,10,36.0,18.0,26.0,6.07,16848.0,12.0,18.0,26.0,36.0,3,1,1,3,36.0,30,360.0,50544.0,18.21,0.4212
31567052001,0,5,60.0,50.0,40.0,120000.0,10,36.0,18.0,26.0,6.07,16848.0,12.0,18.0,36.0,26.0,3,1,1,3,36.0,30,360.0,50544.0,18.21,0.4212
12220013001,0,0,60.0,50.0,40.0,120000.0,10,31.0,21.0,22.0,1.0,14322.0,1.0,31.0,21.0,22.0,1,2,1,2,2.0,20,20.0,28644.0,2.0,0.2387
12220013001,0,1,60.0,50.0,40.0,120000.0,10,31.0,21.0,22.0,1.0,14322.0,1.0,31.0,22.0,21.0,1,2,1,2,2.0,20,20.0,28644.0,2.0,0.2387
12220013001,0,2,60.0,50.0,40.0,120000.0,10,31.0,21.0,22.0,1.0,14322.0,1.0,22.0,31.0,21.0,2,1,1,2,2.0,20,20.0,28644.0,2.0,0.2387
12220013001,0,3,60.0,50.0,40.0,120000.0,10,31.0,21.0,22.0,1.0,14322.0,1.0,22.0,21.0,31.0,2,2,1,4,4.0,40,40.0,57288.0,4.0,0.4774
12220013001,0,4,60.0,50.0,40.0,120000.0,10,31.0,21.0,22.0,1.0,14322.0,1.0,21.0,22.0,31.0,2,2,1,4,4.0,40,40.0,57288.0,4.0,0.4774
12220013001,0,5,60.0,50.0,40.0,120000.0,10,31.0,21.0,22.0,1.0,14322.0,1.0,21.0,31.0,22.0,2,1,1,2,2.0,20,20.0,28644.0,2.0,0.2387
12004053001,0,0,60.0,50.0,40.0,120000.0,10,20.0,18.0,6.0,1.2,2160.0,3.0,20.0,18.0,6.0,3,2,6,36,108.0,360,1080.0,77760.0,43.199999999999996,0.648
12004053001,0,1,60.0,50.0,40.0,120000.0,10,20.0,18.0,6.0,1.2,2160.0,3.0,20.0,6.0,18.0,3,8,2,48,144.0,480,1440.0,103680.0,57.599999999999994,0.864
12004053001,0,2,60.0,50.0,40.0,120000.0,10,20.0,18.0,6.0,1.2,2160.0,3.0,6.0,20.0,18.0,10,2,2,40,120.0,400,1200.0,86400.0,48.0,0.72
12004053001,0,3,60.0,50.0,40.0,120000.0,10,20.0,18.0,6.0,1.2,2160.0,3.0,6.0,18.0,20.0,10,2,2,40,120.0,400,1200.0,86400.0,48.0,0.72
12004053001,0,4,60.0,50.0,40.0,120000.0,10,20.0,18.0,6.0,1.2,2160.0,3.0,18.0,6.0,20.0,3,8,2,48,144.0,480,1440.0,103680.0,57.599999999999994,0.864
12004053001,0,5,60.0,50.0,40.0,120000.0,10,20.0,18.0,6.0,1.2,2160.0,3.0,18.0,20.0,6.0,3,2,6,36,108.0,360,1080.0,77760.0,43.199999999999996,0.648
12010137001,0,0,60.0,50.0,40.0,120000.0,10,43.0,22.0,24.0,9.9,22704.0,12.0,43.0,22.0,24.0,1,2,1,2,24.0,20,240.0,45408.0,19.8,0.3784
12010137001,0,1,60.0,50.0,40.0,120000.0,10,43.0,22.0,24.0,9.9,22704.0,12.0,43.0,24.0,22.0,1,2,1,2,24.0,20,240.0,45408.0,19.8,0.3784
12010137001,0,2,60.0,50.0,40.0,120000.0,10,43.0,22.0,24.0,9.9,22704.0,12.0,24.0,43.0,22.0,2,1,1,2,24.0,20,240.0,45408.0,19.8,0.3784
12010137001,0,5,60.0,50.0,40.0,120000.0,10,43.0,22.0,24.0,9.9,22704.0,12.0,22.0,43.0,24.0,2,1,1,2,24.0,20,240.0,45408.0,19.8,0.3784
12016130001,0,0,60.0,50.0,40.0,120000.0,10,19.0,14.0,8.0,0.9,2128.0,6.0,19.0,14.0,8.0,3,3,5,45,270.0,450,2700.0,95760.0,40.5,0.798
12016130001,0,1,60.0,50.0,40.0,120000.0,10,19.0,14.0,8.0,0.9,2128.0,6.0,19.0,8.0,14.0,3,6,2,36,216.0,360,2160.0,76608.0,32.4,0.6384
12016130001,0,2,60.0,50.0,40.0,120000.0,10,19.0,14.0,8.0,0.9,2128.0,6.0,8.0,19.0,14.0,7,2,2,28,168.0,280,1680.0,59584.0,25.2,0.4965333333333333
12016130001,0,3,60.0,50.0,40.0,120000.0,10,19.0,14.0,8.0,0.9,2128.0,6.0,8.0,14.0,19.0,7,3,2,42,252.0,420,2520.0,89376.0,37.800000000000004,0.7448
12016130001,0,4,60.0,50.0,40.0,120000.0,10,19.0,14.0,8.0,0.9,2128.0,6.0,14.0,8.0,19.0,4,6,2,48,288.0,480,2880.0,102144.0,43.2,0.8512
12016130001,0,5,60.0,50.0,40.0,120000.0,10,19.0,14.0,8.0,0.9,2128.0,6.0,14.0,19.0,8.0,4,2,5,40,240.0,400,2400.0,85120.0,36.0,0.7093333333333334
14202021001,0,0,60.0,50.0,40.0,120000.0,10,39.0,29.0,16.0,2.16,18096.0,12.0,39.0,29.0,16.0,1,1,2,2,24.0,20,240.0,36192.0,4.32,0.3016
14202021001,0,1,60.0,50.0,40.0,120000.0,10,39.0,29.0,16.0,2.16,18096.0,12.0,39.0,16.0,29.0,1,3,1,3,36.0,30,360.0,54288.0,6.48,0.4524
14202021001,0,2,60.0,50.0,40.0,120000.0,10,39.0,29.0,16.0,2.16,18096.0,12.0,16.0,39.0,29.0,3,1,1,3,36.0,30,360.0,54288.0,6.48,0.4524
14202021001,0,3,60.0,50.0,40.0,120000.0,10,39.0,29.0,16.0,2.16,18096.0,12.0,16.0,29.0,39.0,3,1,1,3,36.0,30,360.0,54288.0,6.48,0.4524
14202021001,0,4,60.0,50.0,40.0,120000.0,10,39.0,29.0,16.0,2.16,18096.0,12.0,29.0,16.0,39.0,2,3,1,6,72.0,60,720.0,108576.0,12.96,0.9048
14202021001,0,5,60.0,50.0,40.0,120000.0,10,39.0,29.0,16.0,2.16,18096.0,12.0,29.0,39.0,16.0,2,1,2,4,48.0,40,480.0,72384.0,8.64,0.6032
12103021001,0,0,60.0,50.0,40.0,120000.0,10,24.0,18.0,23.0,1.23,9936.0,18.0,24.0,18.0,23.0,2,2,1,4,72.0,40,720.0,39744.0,4.92,0.3312
12103021001,0,1,60.0,50.0,40.0,120000.0,10,24.0,18.0,23.0,1.23,9936.0,18.0,24.0,23.0,18.0,2,2,2,8,144.0,80,1440.0,79488.0,9.84,0.6624
12103021001,0,2,60.0,50.0,40.0,120000.0,10,24.0,18.0,23.0,1.23,9936.0,18.0,23.0,24.0,18.0,2,2,2,8,144.0,80,1440.0,79488.0,9.84,0.6624
12103021001,0,3,60.0,50.0,40.0,120000.0,10,24.0,18.0,23.0,1.23,9936.0,18.0,23.0,18.0,24.0,2,2,1,4,72.0,40,720.0,39744.0,4.92,0.3312
12103021001,0,4,60.0,50.0,40.0,120000.0,10,24.0,18.0,23.0,1.23,9936.0,18.0,18.0,23.0,24.0,3,2,1,6,108.0,60,1080.0,59616.0,7.38,0.4968
12103021001,0,5,60.0,50.0,40.0,120000.0,10,24.0,18.0,23.0,1.23,9936.0,18.0,18.0,24.0,23.0,3,2,1,6,108.0,60,1080.0,59616.0,7.38,0.4968
12021993001,0,0,60.0,50.0,40.0,120000.0,10,18.0,14.0,18.0,1.9,4536.0,12.0,18.0,14.0,18.0,3,3,2,18,216.0,180,2160.0,81648.0,34.199999999999996,0.6804
12021993001,0,1,60.0,50.0,40.0,120000.0,10,18.0,14.0,18.0,1.9,4536.0,12.0,18.0,18.0,14.0,3,2,2,12,144.0,120,1440.0,54432.0,22.799999999999997,0.4536
12021993001,0,2,60.0,50.0,40.0,120000.0,10,18.0,14.0,18.0,1.9,4536.0,12.0,18.0,18.0,14.0,3,2,2,12,144.0,120,1440.0,54432.0,22.799999999999997,0.4536
12021993001,0,3,60.0,50.0,40.0,120000.0,10,18.0,14.0,18.0,1.9,4536.0,12.0,18.0,14.0,18.0,3,3,2,18,216.0,180,2160.0,81648.0,34.199999999999996,0.6804
12021993001,0,4,60.0,50.0,40.0,120000.0,10,18.0,14.0,18.0,1.9,4536.0,12.0,14.0,18.0,18.0,4,2,2,16,192.0,160,1920.0,72576.0,30.4,0.6048
12021993001,0,5,60.0,50.0,40.0,120000.0,10,18.0,14.0,18.0,1.9,4536.0,12.0,14.0,18.0,18.0,4,2,2,16,192.0,160,1920.0,72576.0,30.4,0.6048
12202006001,0,0,60.0,50.0,40.0,120000.0,10,31.0,21.0,22.0,1.0,14322.0,1.0,31.0,21.0,22.0,1,2,1,2,2.0,20,20.0,28644.0,2.0,0.2387
12202006001,0,1,60.0,50.0,40.0,120000.0,10,31.0,21.0,22.0,1.0,14322.0,1.0,31.0,22.0,21.0,1,2,1,2,2.0,20,20.0,28644.0,2.0,0.2387
12202006001,0,2,60.0,50.0,40.0,120000.0,10,31.0,21.0,22.0,1.0,14322.0,1.0,22.0,31.0,21.0,2,1,1,2,2.0,20,20.0,28644.0,2.0,0.2387
12202006001,0,3,60.0,50.0,40.0,120000.0,10,31.0,21.0,22.0,1.0,14322.0,1.0,22.0,21.0,31.0,2,2,1,4,4.0,40,40.0,57288.0,4.0,0.4774
12202006001,0,4,60.0,50.0,40.0,120000.0,10,31.0,21.0,22.0,1.0,14322.0,1.0,21.0,22.0,31.0,2,2,1,4,4.0,40,40.0,57288.0,4.0,0.4774
12202006001,0,5,60.0,50.0,40.0,120000.0,10,31.0,21.0,22.0,1.0,14322.0,1.0,21.0,31.0,22.0,2,1,1,2,2.0,20,20.0,28644.0,2.0,0.2387
14241025001,0,0,60.0,50.0,40.0,120000.0,10,40.0,25.0,19.0,3.38,19000.0,20.0,40.0,25.0,19.0,1,2,2,4,80.0,40,800.0,76000.0,13.52,0.6333333333333333
14241025001,0,1,60.0,50.0,40.0,120000.0,10,40.0,25.0,19.0,3.38,19000.0,20.0,40.0,19.0,25.0,1,2,1,2,40.0,20,400.0,38000.0,6.76,0.31666666666666665
14241025001,0,2,60.0,50.0,40.0,120000.0,10,40.0,25.0,19.0,3.38,19000.0,20.0,19.0,40.0,25.0,3,1,1,3,60.0,30,600.0,57000.0,10.14,0.475
14241025001,0,3,60.0,50.0,40.0,120000.0,10,40.0,25.0,19.0,3.38,19000.0,20.0,19.0,25.0,40.0,3,2,1,6,120.0,60,1200.0,114000.0,20.28,0.95
14241025001,0,4,60.0,50.0,40.0,120000.0,10,40.0,25.0,19.0,3.38,19000.0,20.0,25.0,19.0,40.0,2,2,1,4,80.0,40,800.0,76000.0,13.52,0.6333333333333333
14241025001,0,5,60.0,50.0,40.0,120000.0,10,40.0,25.0,19.0,3.38,19000.0,20.0,25.0,40.0,19.0,2,1,2,4,80.0,40,800.0,76000.0,13.52,0.6333333333333333
14621041001,0,0,60.0,50.0,40.0,120000.0,10,37.0,29.0,27.0,15.99,28971.0,12.0,37.0,29.0,27.0,1,1,1,1,12.0,10,120.0,28971.0,15.99,0.241425
14621041001,0,1,60.0,50.0,40.0,120000.0,10,37.0,29.0,27.0,15.99,28971.0,12.0,37.0,27.0,29.0,1,1,1,1,12.0,10,120.0,28971.0,15.99,0.241425
14621041001,0,2,60.0,50.0,40.0,120000.0,10,37.0,29.0,27.0,15.99,28971.0,12.0,27.0,37.0,29.0,2,1,1,2,24.0,20,240.0,57942.0,31.98,0.48285
14621041001,0,3,60.0,50.0,40.0,120000.0,10,37.0,29.0,27.0,15.99,28971.0,12.0,27.0,29.0,37.0,2,1,1,2,24.0,20,240.0,57942.0,31.98,0.48285
14621041001,0,4,60.0,50.0,40.0,120000.0,10,37.0,29.0,27.0,15.99,28971.0,12.0,29.0,27.0,37.0,2,1,1,2,24.0,20,240.0,57942.0,31.98,0.48285
14621041001,0,5,60.0,50.0,40.0,120000.0,10,37.0,29.0,27.0,15.99,28971.0,12.0,29.0,37.0,27.0,2,1,1,2,24.0,20,240.0,57942.0,31.98,0.48285
12111034001,0,0,60.0,50.0,40.0,120000.0,10,15.0,9.0,16.0,0.8,2160.0,10.0,15.0,9.0,16.0,4,5,2,40,400.0,400,4000.0,86400.0,32.0,0.72
12111034001,0,1,60.0,50.0,40.0,120000.0,10,15.0,9.0,16.0,0.8,2160.0,10.0,15.0,16.0,9.0,4,3,4,48,480.0,480,4800.0,103680.0,38.400000000000006,0.864
12111034001,0,2,60.0,50.0,40.0,120000.0,10,15.0,9.0,16.0,0.8,2160.0,10.0,16.0,15.0,9.0,3,3,4,36,360.0,360,3600.0,77760.0,28.8,0.648
12111034001,0,3,60.0,50.0,40.0,120000.0,10,15.0,9.0,16.0,0.8,2160.0,10.0,16.0,9.0,15.0,3,5,2,30,300.0,300,3000.0,64800.0,24.0,0.54
12111034001,0,4,60.0,50.0,40.0,120000.0,10,15.0,9.0,16.0,0.8,2160.0,10.0,9.0,16.0,15.0,6,3,2,36,360.0,360,3600.0,77760.0,28.8,0.648
12111034001,0,5,60.0,50.0,40.0,120000.0,10,15.0,9.0,16.0,0.8,2160.0,10.0,9.0,15.0,16.0,6,3,2,36,360.0,360,3600.0,77760.0,28.8,0.648
14522051001,0,0,60.0,50.0,40.0,120000.0,10,35.0,29.0,34.0,5.1,34510.0,96.0,35.0,29.0,34.0,1,1,1,1,96.0,10,960.0,34510.0,5.1,0.28758333333333336
14522051001,0,1,60.0,50.0,40.0,120000.0,10,35.0,29.0,34.0,5.1,34510.0,96.0,35.0,34.0,29.0,1,1,1,1,96.0,10,960.0,34510.0,5.1,0.28758333333333336
14522051001,0,2,60.0,50.0,40.0,120000.0,10,35.0,29.0,34.0,5.1,34510.0,96.0,34.0,35.0,29.0,1,1,1,1,96.0,10,960.0,34510.0,5.1,0.28758333333333336
14522051001,0,3,60.0,50.0,40.0,120000.0,10,35.0,29.0,34.0,5.1,34510.0,96.0,34.0,29.0,35.0,1,1,1,1,96.0,10,960.0,34510.0,5.1,0.28758333333333336
14522051001,0,4,60.0,50.0,40.0,120000.0,10,35.0,29.0,34.0,5.1,34510.0,96.0,29.0,34.0,35.0,2,1,1,2,192.0,20,1920.0,69020.0,10.2,0.5751666666666667
14522051001,0,5,60.0,50.0,40.0,120000.0,10,35.0,29.0,34.0,5.1,34510.0,96.0,29.0,35.0,34.0,2,1,1,2,192.0,20,1920.0,69020.0,10.2,0.5751666666666667
12010147001,0,0,60.0,50.0,40.0,120000.0,10,35.0,23.0,12.0,4.64,9660.0,12.0,35.0,23.0,12.0,1,2,3,6,72.0,60,720.0,57960.0,27.839999999999996,0.483
12010147001,0,1,60.0,50.0,40.0,120000.0,10,35.0,23.0,12.0,4.64,9660.0,12.0,35.0,12.0,23.0,1,4,1,4,48.0,40,480.0,38640.0,18.56,0.322
12010147001,0,2,60.0,50.0,40.0,120000.0,10,35.0,23.0,12.0,4.64,9660.0,12.0,12.0,35.0,23.0,5,1,1,5,60.0,50,600.0,48300.0,23.2,0.4025
12010147001,0,3,60.0,50.0,40.0,120000.0,10,35.0,23.0,12.0,4.64,9660.0,12.0,12.0,23.0,35.0,5,2,1,10,120.0,100,1200.0,96600.0,46.4,0.805
12010147001,0,4,60.0,50.0,40.0,120000.0,10,35.0,23.0,12.0,4.64,9660.0,12.0,23.0,12.0,35.0,2,4,1,8,96.0,80,960.0,77280.0,37.12,0.644
12010147001,0,5,60.0,50.0,40.0,120000.0,10,35.0,23.0,12.0,4.64,9660.0,12.0,23.0,35.0,12.0,2,1,3,6,72.0,60,720.0,57960.0,27.839999999999996,0.483
11103187001,0,0,60.0,50.0,40.0,120000.0,10,31.0,30.0,28.0,10.61,26040.0,6.0,31.0,30.0,28.0,1,1,1,1,6.0,10,60.0,26040.0,10.61,0.217
11103187001,0,1,60.0,50.0,40.0,120000.0,10,31.0,30.0,28.0,10.61,26040.0,6.0,31.0,28.0,30.0,1,1,1,1,6.0,10,60.0,26040.0,10.61,0.217
11103187001,0,2,60.0,50.0,40.0,120000.0,10,31.0,30.0,28.0,10.61,26040.0,6.0,28.0,31.0,30.0,2,1,1,2,12.0,20,120.0,52080.0,21.22,0.434
11103187001,0,3,60.0,50.0,40.0,120000.0,10,31.0,30.0,28.0,10.61,26040.0,6.0,28.0,30.0,31.0,2,1,1,2,12.0,20,120.0,52080.0,21.22,0.434
11103187001,0,4,60.0,50.0,40.0,120000.0,10,31.0,30.0,28.0,10.61,26040.0,6.0,30.0,28.0,31.0,2,1,1,2,12.0,20,120.0,52080.0,21.22,0.434
11103187001,0,5,60.0,50.0,40.0,120000.0,10,31.0,30.0,28.0,10.61,26040.0,6.0,30.0,31.0,28.0,2,1,1,2,12.0,20,120.0,52080.0,21.22,0.434
10011016001,0,0,60.0,50.0,40.0,120000.0,10,35.0,20.0,13.0,7.9,9100.0,24.0,35.0,20.0,13.0,1,2,3,6,144.0,60,1440.0,54600.0,47.400000000000006,0.455
10011016001,0,1,60.0,50.0,40.0,120000.0,10,35.0,20.0,13.0,7.9,9100.0,24.0,35.0,13.0,20.0,1,3,2,6,144.0,60,1440.0,54600.0,47.400000000000006,0.455
10011016001,0,2,60.0,50.0,40.0,120000.0,10,35.0,20.0,13.0,7.9,9100.0,24.0,13.0,35.0,20.0,4,1,2,8,192.0,80,1920.0,72800.0,63.2,0.6066666666666667
10011016001,0,3,60.0,50.0,40.0,120000.0,10,35.0,20.0,13.0,7.9,9100.0,24.0,13.0,20.0,35.0,4,2,1,8,192.0,80,1920.0,72800.0,63.2,0.6066666666666667
10011016001,0,4,60.0,50.0,40.0,120000.0,10,35.0,20.0,13.0,7.9,9100.0,24.0,20.0,13.0,35.0,3,3,1,9,216.0,90,2160.0,81900.0,71.10000000000001,0.6825
10011016001,0,5,60.0,50.0,40.0,120000.0,10,35.0,20.0,13.0,7.9,9100.0,24.0,20.0,35.0,13.0,3,1,3,9,216.0,90,2160.0,81900.0,71.10000000000001,0.6825
14001060001,0,0,60.0,50.0,40.0,120000.0,10,30.0,20.0,22.0,2.1,13200.0,12.0,30.0,20.0,22.0,2,2,1,4,48.0,40,480.0,52800.0,8.4,0.44
14001060001,0,1,60.0,50.0,40.0,120000.0,10,30.0,20.0,22.0,2.1,13200.0,12.0,30.0,22.0,20.0,2,2,2,8,96.0,80,960.0,105600.0,16.8,0.88
14001060001,0,2,60.0,50.0,40.0,120000.0,10,30.0,20.0,22.0,2.1,13200.0,12.0,22.0,30.0,20.0,2,1,2,4,48.0,40,480.0,52800.0,8.4,0.44
14001060001,0,3,60.0,50.0,40.0,120000.0,10,30.0,20.0,22.0,2.1,13200.0,12.0,22.0,20.0,30.0,2,2,1,4,48.0,40,480.0,52800.0,8.4,0.44
14001060001,0,4,60.0,50.0,40.0,120000.0,10,30.0,20.0,22.0,2.1,13200.0,12.0,20.0,22.0,30.0,3,2,1,6,72.0,60,720.0,79200.0,12.600000000000001,0.66
14001060001,0,5,60.0,50.0,40.0,120000.0,10,30.0,20.0,22.0,2.1,13200.0,12.0,20.0,30.0,22.0,3,1,1,3,36.0,30,360.0,39600.0,6.300000000000001,0.33
10032019001,0,0,60.0,50.0,40.0,120000.0,10,35.0,20.0,11.0,6.5,7700.0,24.0,35.0,20.0,11.0,1,2,3,6,144.0,60,1440.0,46200.0,39.0,0.385
10032019001,0,1,60.0,50.0,40.0,120000.0,10,35.0,20.0,11.0,6.5,7700.0,24.0,35.0,11.0,20.0,1,4,2,8,192.0,80,1920.0,61600.0,52.0,0.5133333333333333
10032019001,0,2,60.0,50.0,40.0,120000.0,10,35.0,20.0,11.0,6.5,7700.0,24.0,11.0,35.0,20.0,5,1,2,10,240.0,100,2400.0,77000.0,65.0,0.6416666666666667
10032019001,0,3,60.0,50.0,40.0,120000.0,10,35.0,20.0,11.0,6.5,7700.0,24.0,11.0,20.0,35.0,5,2,1,10,240.0,100,2400.0,77000.0,65.0,0.6416666666666667
10032019001,0,4,60.0,50.0,40.0,120000.0,10,35.0,20.0,11.0,6.5,7700.0,24.0,20.0,11.0,35.0,3,4,1,12,288.0,120,2880.0,92400.0,78.0,0.77
10032019001,0,5,60.0,50.0,40.0,120000.0,10,35.0,20.0,11.0,6.5,7700.0,24.0,20.0,35.0,11.0,3,1,3,9,216.0,90,2160.0,69300.0,58.5,0.5775
14131081001,0,0,60.0,50.0,40.0,120000.0,10,48.0,28.0,31.0,5.35,41664.0,12.0,48.0,28.0,31.0,1,1,1,1,12.0,10,120.0,41664.0,5.35,0.3472
14131081001,0,1,60.0,50.0,40.0,120000.0,10,48.0,28.0,31.0,5.35,41664.0,12.0,48.0,31.0,28.0,1,1,1,1,12.0,10,120.0,41664.0,5.35,0.3472
14131081001,0,2,60.0,50.0,40.0,120000.0,10,48.0,28.0,31.0,5.35,41664.0,12.0,31.0,48.0,28.0,1,1,1,1,12.0,10,120.0,41664.0,5.35,0.3472
14131081001,0,5,60.0,50.0,40.0,120000.0,10,48.0,28.0,31.0,5.35,41664.0,12.0,28.0,48.0,31.0,2,1,1,2,24.0,20,240.0,83328.0,10.7,0.6944
11050134001,0,0,60.0,50.0,40.0,120000.0,10,27.0,20.0,31.0,8.91,16740.0,8.0,27.0,20.0,31.0,2,2,1,4,32.0,40,320.0,66960.0,35.64,0.558
11050134001,0,1,60.0,50.0,40.0,120000.0,10,27.0,20.0,31.0,8.91,16740.0,8.0,27.0,31.0,20.0,2,1,2,4,32.0,40,320.0,66960.0,35.64,0.558
11050134001,0,2,60.0,50.0,40.0,120000.0,10,27.0,20.0,31.0,8.91,16740.0,8.0,31.0,27.0,20.0,1,1,2,2,16.0,20,160.0,33480.0,17.82,0.279
11050134001,0,3,60.0,50.0,40.0,120000.0,10,27.0,20.0,31.0,8.91,16740.0,8.0,31.0,20.0,27.0,1,2,1,2,16.0,20,160.0,33480.0,17.82,0.279
11050134001,0,4,60.0,50.0,40.0,120000.0,10,27.0,20.0,31.0,8.91,16740.0,8.0,20.0,31.0,27.0,3,1,1,3,24.0,30,240.0,50220.0,26.73,0.4185
11050134001,0,5,60.0,50.0,40.0,120000.0,10,27.0,20.0,31.0,8.91,16740.0,8.0,20.0,27.0,31.0,3,1,1,3,24.0,30,240.0,50220.0,26.73,0.4185
14613024001,0,0,60.0,50.0,40.0,120000.0,10,34.0,23.0,28.0,11.99,21896.0,6.0,34.0,23.0,28.0,1,2,1,2,12.0,20,120.0,43792.0,23.98,0.36493333333333333
14613024001,0,1,60.0,50.0,40.0,120000.0,10,34.0,23.0,28.0,11.99,21896.0,6.0,34.0,28.0,23.0,1,1,1,1,6.0,10,60.0,21896.0,11.99,0.18246666666666667
14613024001,0,2,60.0,50.0,40.0,120000.0,10,34.0,23.0,28.0,11.99,21896.0,6.0,28.0,34.0,23.0,2,1,1,2,12.0,20,120.0,43792.0,23.98,0.36493333333333333
14613024001,0,3,60.0,50.0,40.0,120000.0,10,34.0,23.0,28.0,11.99,21896.0,6.0,28.0,23.0,34.0,2,2,1,4,24.0,40,240.0,87584.0,47.96,0.7298666666666667
14613024001,0,4,60.0,50.0,40.0,120000.0,10,34.0,23.0,28.0,11.99,21896.0,6.0,23.0,28.0,34.0,2,1,1,2,12.0,20,120.0,43792.0,23.98,0.36493333333333333
14613024001,0,5,60.0,50.0,40.0,120000.0,10,34.0,23.0,28.0,11.99,21896.0,6.0,23.0,34.0,28.0,2,1,1,2,12.0,20,120.0,43792.0,23.98,0.36493333333333333
14832009001,0,0,60.0,50.0,40.0,120000.0,10,35.0,26.0,12.0,7.25,10920.0,24.0,35.0,26.0,12.0,1,1,3,3,72.0,30,720.0,32760.0,21.75,0.273
14832009001,0,1,60.0,50.0,40.0,120000.0,10,35.0,26.0,12.0,7.25,10920.0,24.0,35.0,12.0,26.0,1,4,1,4,96.0,40,960.0,43680.0,29.0,0.364
14832009001,0,2,60.0,50.0,40.0,120000.0,10,35.0,26.0,12.0,7.25,10920.0,24.0,12.0,35.0,26.0,5,1,1,5,120.0,50,1200.0,54600.0,36.25,0.455
14832009001,0,3,60.0,50.0,40.0,120000.0,10,35.0,26.0,12.0,7.25,10920.0,24.0,12.0,26.0,35.0,5,1,1,5,120.0,50,1200.0,54600.0,36.25,0.455
14832009001,0,4,60.0,50.0,40.0,120000.0,10,35.0,26.0,12.0,7.25,10920.0,24.0,26.0,12.0,35.0,2,4,1,8,192.0,80,1920.0,87360.0,58.0,0.728
14832009001,0,5,60.0,50.0,40.0,120000.0,10,35.0,26.0,12.0,7.25,10920.0,24.0,26.0,35.0,12.0,2,1,3,6,144.0,60,1440.0,65520.0,43.5,0.546
14000033001,0,0,60.0,50.0,40.0,120000.0,10,44.0,28.0,14.0,2.6,17248.0,12.0,44.0,28.0,14.0,1,1,2,2,24.0,20,240.0,34496.0,5.2,0.28746666666666665
14000033001,0,1,60.0,50.0,40.0,120000.0,10,44.0,28.0,14.0,2.6,17248.0,12.0,44.0,14.0,28.0,1,3,1,3,36.0,30,360.0,51744.0,7.800000000000001,0.4312
14000033001,0,2,60.0,50.0,40.0,120000.0,10,44.0,28.0,14.0,2.6,17248.0,12.0,14.0,44.0,28.0,4,1,1,4,48.0,40,480.0,68992.0,10.4,0.5749333333333333
14000033001,0,5,60.0,50.0,40.0,120000.0,10,44.0,28.0,14.0,2.6,17248.0,12.0,28.0,44.0,14.0,2,1,2,4,48.0,40,480.0,68992.0,10.4,0.5749333333333333
10035041001,0,0,60.0,50.0,40.0,120000.0,10,41.0,27.0,10.0,7.59,11070.0,24.0,41.0,27.0,10.0,1,1,4,4,96.0,40,960.0,44280.0,30.36,0.369
10035041001,0,1,60.0,50.0,40.0,120000.0,10,41.0,27.0,10.0,7.59,11070.0,24.0,41.0,10.0,27.0,1,5,1,5,120.0,50,1200.0,55350.0,37.95,0.46125
10035041001,0,2,60.0,50.0,40.0,120000.0,10,41.0,27.0,10.0,7.59,11070.0,24.0,10.0,41.0,27.0,6,1,1,6,144.0,60,1440.0,66420.0,45.54,0.5535
10035041001,0,5,60.0,50.0,40.0,120000.0,10,41.0,27.0,10.0,7.59,11070.0,24.0,27.0,41.0,10.0,2,1,4,8,192.0,80,1920.0,88560.0,60.72,0.738
10002005001,0,0,60.0,50.0,40.0,120000.0,10,40.0,27.0,13.0,9.56,14040.0,24.0,40.0,27.0,13.0,1,1,3,3,72.0,30,720.0,42120.0,28.68,0.351
10002005001,0,1,60.0,50.0,40.0,120000.0,10,40.0,27.0,13.0,9.56,14040.0,24.0,40.0,13.0,27.0,1,3,1,3,72.0,30,720.0,42120.0,28.68,0.351
10002005001,0,2,60.0,50.0,40.0,120000.0,10,40.0,27.0,13.0,9.56,14040.0,24.0,13.0,40.0,27.0,4,1,1,4,96.0,40,960.0,56160.0,38.24,0.468
10002005001,0,3,60.0,50.0,40.0,120000.0,10,40.0,27.0,13.0,9.56,14040.0,24.0,13.0,27.0,40.0,4,1,1,4,96.0,40,960.0,56160.0,38.24,0.468
10002005001,0,4,60.0,50.0,40.0,120000.0,10,40.0,27.0,13.0,9.56,14040.0,24.0,27.0,13.0,40.0,2,3,1,6,144.0,60,1440.0,84240.0,57.36,0.702
10002005001,0,5,60.0,50.0,40.0,120000.0,10,40.0,27.0,13.0,9.56,14040.0,24.0,27.0,40.0,13.0,2,1,3,6,144.0,60,1440.0,84240.0,57.36,0.702
14502047001,0,0,60.0,50.0,40.0,120000.0,10,38.0,33.0,14.0,3.09,17556.0,30.0,38.0,33.0,14.0,1,1,2,2,60.0,20,600.0,35112.0,6.18,0.2926
14502047001,0,1,60.0,50.0,40.0,120000.0,10,38.0,33.0,14.0,3.09,17556.0,30.0,38.0,14.0,33.0,1,3,1,3,90.0,30,900.0,52668.0,9.27,0.4389
14502047001,0,2,60.0,50.0,40.0,120000.0,10,38.0,33.0,14.0,3.09,17556.0,30.0,14.0,38.0,33.0,4,1,1,4,120.0,40,1200.0,70224.0,12.36,0.5852
14502047001,0,3,60.0,50.0,40.0,120000.0,10,38.0,33.0,14.0,3.09,17556.0,30.0,14.0,33.0,38.0,4,1,1,4,120.0,40,1200.0,70224.0,12.36,0.5852
14502047001,0,4,60.0,50.0,40.0,120000.0,10,38.0,33.0,14.0,3.09,17556.0,30.0,33.0,14.0,38.0,1,3,1,3,90.0,30,900.0,52668.0,9.27,0.4389
14502047001,0,5,60.0,50.0,40.0,120000.0,10,38.0,33.0,14.0,3.09,17556.0,30.0,33.0,38.0,14.0,1,1,2,2,60.0,20,600.0,35112.0,6.18,0.2926
10040032001,0,0,60.0,50.0,40.0,120000.0,10,36.0,24.0,19.0,9.2,16416.0,24.0,36.0,24.0,19.0,1,2,2,4,96.0,40,960.0,65664.0,36.8,0.5472
10040032001,0,1,60.0,50.0,40.0,120000.0,10,36.0,24.0,19.0,9.2,16416.0,24.0,36.0,19.0,24.0,1,2,1,2,48.0,20,480.0,32832.0,18.4,0.2736
10040032001,0,2,60.0,50.0,40.0,120000.0,10,36.0,24.0,19.0,9.2,16416.0,24.0,19.0,36.0,24.0,3,1,1,3,72.0,30,720.0,49248.0,27.599999999999998,0.4104
10040032001,0,3,60.0,50.0,40.0,120000.0,10,36.0,24.0,19.0,9.2,16416.0,24.0,19.0,24.0,36.0,3,2,1,6,144.0,60,1440.0,98496.0,55.199999999999996,0.8208
10040032001,0,4,60.0,50.0,40.0,120000.0,10,36.0,24.0,19.0,9.2,16416.0,24.0,24.0,19.0,36.0,2,2,1,4,96.0,40,960.0,65664.0,36.8,0.5472
10040032001,0,5,60.0,50.0,40.0,120000.0,10,36.0,24.0,19.0,9.2,16416.0,24.0,24.0,36.0,19.0,2,1,2,4,96.0,40,960.0,65664.0,36.8,0.5472
14100021001,0,0,60.0,50.0,40.0,120000.0,10,38.0,34.0,27.0,3.88,34884.0,10.0,38.0,34.0,27.0,1,1,1,1,10.0,10,100.0,34884.0,3.88,0.2907
14100021001,0,1,60.0,50.0,40.0,120000.0,10,38.0,34.0,27.0,3.88,34884.0,10.0,38.0,27.0,34.0,1,1,1,1,10.0,10,100.0,34884.0,3.88,0.2907
14100021001,0,2,60.0,50.0,40.0,120000.0,10,38.0,34.0,27.0,3.88,34884.0,10.0,27.0,38.0,34.0,2,1,1,2,20.0,20,200.0,69768.0,7.76,0.5814
14100021001,0,3,60.0,50.0,40.0,120000.0,10,38.0,34.0,27.0,3.88,34884.0,10.0,27.0,34.0,38.0,2,1,1,2,20.0,20,200.0,69768.0,7.76,0.5814
14100021001,0,4,60.0,50.0,40.0,120000.0,10,38.0,34.0,27.0,3.88,34884.0,10.0,34.0,27.0,38.0,1,1,1,1,10.0,10,100.0,34884.0,3.88,0.2907
14100021001,0,5,60.0,50.0,40.0,120000.0,10,38.0,34.0,27.0,3.88,34884.0,10.0,34.0,38.0,27.0,1,1,1,1,10.0,10,100.0,34884.0,3.88,0.2907
12031127001,0,0,60.0,50.0,40.0,120000.0,10,8.0,6.0,11.0,0.25,528.0,3.0,8.0,6.0,11.0,7,8,3,168,504.0,1680,5040.0,88704.0,42.0,0.7392
12031127001,0,1,60.0,50.0,40.0,120000.0,10,8.0,6.0,11.0,0.25,528.0,3.0,8.0,11.0,6.0,7,4,6,168,504.0,1680,5040.0,88704.0,42.0,0.7392
12031127001,0,2,60.0,50.0,40.0,120000.0,10,8.0,6.0,11.0,0.25,528.0,3.0,11.0,8.0,6.0,5,6,6,180,540.0,1800,5400.0,95040.0,45.0,0.792
12031127001,0,3,60.0,50.0,40.0,120000.0,10,8.0,6.0,11.0,0.25,528.0,3.0,11.0,6.0,8.0,5,8,5,200,600.0,2000,6000.0,105600.0,50.0,0.88
12031127001,0,4,60.0,50.0,40.0,120000.0,10,8.0,6.0,11.0,0.25,528.0,3.0,6.0,11.0,8.0,10,4,5,200,600.0,2000,6000.0,105600.0,50.0,0.88
12031127001,0,5,60.0,50.0,40.0,120000.0,10,8.0,6.0,11.0,0.25,528.0,3.0,6.0,8.0,11.0,10,6,3,180,540.0,1800,5400.0,95040.0,45.0,0.792
10002006001,0,0,60.0,50.0,40.0,120000.0,10,34.0,23.0,31.0,13.37,24242.0,6.0,34.0,23.0,31.0,1,2,1,2,12.0,20,120.0,48484.0,26.74,0.40403333333333336
10002006001,0,1,60.0,50.0,40.0,120000.0,10,34.0,23.0,31.0,13.37,24242.0,6.0,34.0,31.0,23.0,1,1,1,1,6.0,10,60.0,24242.0,13.37,0.20201666666666668
10002006001,0,2,60.0,50.0,40.0,120000.0,10,34.0,23.0,31.0,13.37,24242.0,6.0,31.0,34.0,23.0,1,1,1,1,6.0,10,60.0,24242.0,13.37,0.20201666666666668
10002006001,0,3,60.0,50.0,40.0,120000.0,10,34.0,23.0,31.0,13.37,24242.0,6.0,31.0,23.0,34.0,1,2,1,2,12.0,20,120.0,48484.0,26.74,0.40403333333333336
10002006001,0,4,60.0,50.0,40.0,120000.0,10,34.0,23.0,31.0,13.37,24242.0,6.0,23.0,31.0,34.0,2,1,1,2,12.0,20,120.0,48484.0,26.74,0.40403333333333336
10002006001,0,5,60.0,50.0,40.0,120000.0,10,34.0,23.0,31.0,13.37,24242.0,6.0,23.0,34.0,31.0,2,1,1,2,12.0,20,120.0,48484.0,26.74,0.40403333333333336
11031027001,0,0,60.0,50.0,40.0,120000.0,10,29.0,29.0,24.0,5.32,20184.0,12.0,29.0,29.0,24.0,2,1,1,2,24.0,20,240.0,40368.0,10.64,0.3364
11031027001,0,1,60.0,50.0,40.0,120000.0,10,29.0,29.0,24.0,5.32,20184.0,12.0,29.0,24.0,29.0,2,2,1,4,48.0,40,480.0,80736.0,21.28,0.6728
11031027001,0,2,60.0,50.0,40.0,120000.0,10,29.0,29.0,24.0,5.32,20184.0,12.0,24.0,29.0,29.0,2,1,1,2,24.0,20,240.0,40368.0,10.64,0.3364
11031027001,0,3,60.0,50.0,40.0,120000.0,10,29.0,29.0,24.0,5.32,20184.0,12.0,24.0,29.0,29.0,2,1,1,2,24.0,20,240.0,40368.0,10.64,0.3364
11031027001,0,4,60.0,50.0,40.0,120000.0,10,29.0,29.0,24.0,5.32,20184.0,12.0,29.0,24.0,29.0,2,2,1,4,48.0,40,480.0,80736.0,21.28,0.6728
11031027001,0,5,60.0,50.0,40.0,120000.0,10,29.0,29.0,24.0,5.32,20184.0,12.0,29.0,29.0,24.0,2,1,1,2,24.0,20,240.0,40368.0,10.64,0.3364
14731899001,0,0,60.0,50.0,40.0,120000.0,10,49.0,27.0,15.0,2.135,19845.0,12.0,49.0,27.0,15.0,1,1,2,2,24.0,20,240.0,39690.0,4.27,0.33075
14731899001,0,1,60.0,50.0,40.0,120000.0,10,49.0,27.0,15.0,2.135,19845.0,12.0,49.0,15.0,27.0,1,3,1,3,36.0,30,360.0,59535.0,6.404999999999999,0.496125
14731899001,0,2,60.0,50.0,40.0,120000.0,10,49.0,27.0,15.0,2.135,19845.0,12.0,15.0,49.0,27.0,4,1,1,4,48.0,40,480.0,79380.0,8.54,0.6615
14731899001,0,5,60.0,50.0,40.0,120000.0,10,49.0,27.0,15.0,2.135,19845.0,12.0,27.0,49.0,15.0,2,1,2,4,48.0,40,480.0,79380.0,8.54,0.6615
12020138001,0,0,60.0,50.0,40.0,120000.0,10,23.0,13.0,20.0,2.59,5980.0,12.0,23.0,13.0,20.0,2,3,2,12,144.0,120,1440.0,71760.0,31.08,0.598
12020138001,0,1,60.0,50.0,40.0,120000.0,10,23.0,13.0,20.0,2.59,5980.0,12.0,23.0,20.0,13.0,2,2,3,12,144.0,120,1440.0,71760.0,31.08,0.598
12020138001,0,2,60.0,50.0,40.0,120000.0,10,23.0,13.0,20.0,2.59,5980.0,12.0,20.0,23.0,13.0,3,2,3,18,216.0,180,2160.0,107640.0,46.62,0.897
12020138001,0,3,60.0,50.0,40.0,120000.0,10,23.0,13.0,20.0,2.59,5980.0,12.0,20.0,13.0,23.0,3,3,1,9,108.0,90,1080.0,53820.0,23.31,0.4485
12020138001,0,4,60.0,50.0,40.0,120000.0,10,23.0,13.0,20.0,2.59,5980.0,12.0,13.0,20.0,23.0,4,2,1,8,96.0,80,960.0,47840.0,20.72,0.39866666666666667
12020138001,0,5,60.0,50.0,40.0,120000.0,10,23.0,13.0,20.0,2.59,5980.0,12.0,13.0,23.0,20.0,4,2,2,16,192.0,160,1920.0,95680.0,41.44,0.7973333333333333
12011033001,0,0,60.0,50.0,40.0,120000.0,10,32.0,32.0,28.0,13.51,28672.0,6.0,32.0,32.0,28.0,1,1,1,1,6.0,10,60.0,28672.0,13.51,0.23893333333333333
12011033001,0,1,60.0,50.0,40.0,120000.0,10,32.0,32.0,28.0,13.51,28672.0,6.0,32.0,28.0,32.0,1,1,1,1,6.0,10,60.0,28672.0,13.51,0.23893333333333333
12011033001,0,2,60.0,50.0,40.0,120000.0,10,32.0,32.0,28.0,13.51,28672.0,6.0,28.0,32.0,32.0,2,1,1,2,12.0,20,120.0,57344.0,27.02,0.47786666666666666
12011033001,0,3,60.0,50.0,40.0,120000.0,10,32.0,32.0,28.0,13.51,28672.0,6.0,28.0,32.0,32.0,2,1,1,2,12.0,20,120.0,57344.0,27.02,0.47786666666666666
12011033001,0,4,60.0,50.0,40.0,120000.0,10,32.0,32.0,28.0,13.51,28672.0,6.0,32.0,28.0,32.0,1,1,1,1,6.0,10,60.0,28672.0,13.51,0.23893333333333333
12011033001,0,5,60.0,50.0,40.0,120000.0,10,32.0,32.0,28.0,13.51,28672.0,6.0,32.0,32.0,28.0,1,1,1,1,6.0,10,60.0,28672.0,13.51,0.23893333333333333
10034014001,0,0,60.0,50.0,40.0,120000.0,10,35.0,20.0,13.0,7.87,9100.0,24.0,35.0,20.0,13.0,1,2,3,6,144.0,60,1440.0,54600.0,47.22,0.455
10034014001,0,1,60.0,50.0,40.0,120000.0,10,35.0,20.0,13.0,7.87,9100.0,24.0,35.0,13.0,20.0,1,3,2,6,144.0,60,1440.0,54600.0,47.22,0.455
10034014001,0,2,60.0,50.0,40.0,120000.0,10,35.0,20.0,13.0,7.87,9100.0,24.0,13.0,35.0,20.0,4,1,2,8,192.0,80,1920.0,72800.0,62.96,0.6066666666666667
10034014001,0,3,60.0,50.0,40.0,120000.0,10,35.0,20.0,13.0,7.87,9100.0,24.0,13.0,20.0,35.0,4,2,1,8,192.0,80,1920.0,72800.0,62.96,0.6066666666666667
10034014001,0,4,60.0,50.0,40.0,120000.0,10,35.0,20.0,13.0,7.87,9100.0,24.0,20.0,13.0,35.0,3,3,1,9,216.0,90,2160.0,81900.0,70.83,0.6825
10034014001,0,5,60.0,50.0,40.0,120000.0,10,35.0,20.0,13.0,7.87,9100.0,24.0,20.0,35.0,13.0,3,1,3,9,216.0,90,2160.0,81900.0,70.83,0.6825
11032229001,0,0,60.0,50.0,40.0,120000.0,10,44.0,26.0,18.0,5.68,20592.0,12.0,44.0,26.0,18.0,1,1,2,2,24.0,20,240.0,41184.0,11.36,0.3432
11032229001,0,1,60.0,50.0,40.0,120000.0,10,44.0,26.0,18.0,5.68,20592.0,12.0,44.0,18.0,26.0,1,2,1,2,24.0,20,240.0,41184.0,11.36,0.3432
11032229001,0,2,60.0,50.0,40.0,120000.0,10,44.0,26.0,18.0,5.68,20592.0,12.0,18.0,44.0,26.0,3,1,1,3,36.0,30,360.0,61776.0,17.04,0.5148
11032229001,0,5,60.0,50.0,40.0,120000.0,10,44.0,26.0,18.0,5.68,20592.0,12.0,26.0,44.0,18.0,2,1,2,4,48.0,40,480.0,82368.0,22.72,0.6864
10040063001,0,0,60.0,50.0,40.0,120000.0,10,40.0,27.0,23.0,15.2,24840.0,24.0,40.0,27.0,23.0,1,1,1,1,24.0,10,240.0,24840.0,15.2,0.207
10040063001,0,1,60.0,50.0,40.0,120000.0,10,40.0,27.0,23.0,15.2,24840.0,24.0,40.0,23.0,27.0,1,2,1,2,48.0,20,480.0,49680.0,30.4,0.414
10040063001,0,2,60.0,50.0,40.0,120000.0,10,40.0,27.0,23.0,15.2,24840.0,24.0,23.0,40.0,27.0,2,1,1,2,48.0,20,480.0,49680.0,30.4,0.414
10040063001,0,3,60.0,50.0,40.0,120000.0,10,40.0,27.0,23.0,15.2,24840.0,24.0,23.0,27.0,40.0,2,1,1,2,48.0,20,480.0,49680.0,30.4,0.414
10040063001,0,4,60.0,50.0,40.0,120000.0,10,40.0,27.0,23.0,15.2,24840.0,24.0,27.0,23.0,40.0,2,2,1,4,96.0,40,960.0,99360.0,60.8,0.828
10040063001,0,5,60.0,50.0,40.0,120000.0,10,40.0,27.0,23.0,15.2,24840.0,24.0,27.0,40.0,23.0,2,1,1,2,48.0,20,480.0,49680.0,30.4,0.414
14303933001,0,0,60.0,50.0,40.0,120000.0,10,41.0,30.0,26.0,5.18,31980.0,12.0,41.0,30.0,26.0,1,1,1,1,12.0,10,120.0,31980.0,5.18,0.2665
14303933001,0,1,60.0,50.0,40.0,120000.0,10,41.0,30.0,26.0,5.18,31980.0,12.0,41.0,26.0,30.0,1,1,1,1,12.0,10,120.0,31980.0,5.18,0.2665
14303933001,0,2,60.0,50.0,40.0,120000.0,10,41.0,30.0,26.0,5.18,31980.0,12.0,26.0,41.0,30.0,2,1,1,2,24.0,20,240.0,63960.0,10.36,0.533
14303933001,0,5,60.0,50.0,40.0,120000.0,10,41.0,30.0,26.0,5.18,31980.0,12.0,30.0,41.0,26.0,2,1,1,2,24.0,20,240.0,63960.0,10.36,0.533
12022047001,0,0,60.0,50.0,40.0,120000.0,10,13.0,6.0,16.0,0.58,1248.0,3.0,13.0,6.0,16.0,4,8,2,64,192.0,640,1920.0,79872.0,37.12,0.6656
12022047001,0,1,60.0,50.0,40.0,120000.0,10,13.0,6.0,16.0,0.58,1248.0,3.0,13.0,16.0,6.0,4,3,6,72,216.0,720,2160.0,89856.0,41.76,0.7488
12022047001,0,2,60.0,50.0,40.0,120000.0,10,13.0,6.0,16.0,0.58,1248.0,3.0,16.0,13.0,6.0,3,3,6,54,162.0,540,1620.0,67392.0,31.319999999999997,0.5616
12022047001,0,3,60.0,50.0,40.0,120000.0,10,13.0,6.0,16.0,0.58,1248.0,3.0,16.0,6.0,13.0,3,8,3,72,216.0,720,2160.0,89856.0,41.76,0.7488
12022047001,0,4,60.0,50.0,40.0,120000.0,10,13.0,6.0,16.0,0.58,1248.0,3.0,6.0,16.0,13.0,10,3,3,90,270.0,900,2700.0,112320.0,52.199999999999996,0.936
12022047001,0,5,60.0,50.0,40.0,120000.0,10,13.0,6.0,16.0,0.58,1248.0,3.0,6.0,13.0,16.0,10,3,2,60,180.0,600,1800.0,74880.0,34.8,0.624
14102009001,0,0,60.0,50.0,40.0,120000.0,10,52.0,43.0,24.0,7.196,53664.0,8.0,52.0,43.0,24.0,1,1,1,1,8.0,10,80.0,53664.0,7.196,0.4472
14242210001,0,0,60.0,50.0,40.0,120000.0,10,31.0,19.0,12.0,1.68,7068.0,10.0,31.0,19.0,12.0,1,2,3,6,60.0,60,600.0,42408.0,10.08,0.3534
14242210001,0,1,60.0,50.0,40.0,120000.0,10,31.0,19.0,12.0,1.68,7068.0,10.0,31.0,12.0,19.0,1,4,2,8,80.0,80,800.0,56544.0,13.44,0.4712
14242210001,0,2,60.0,50.0,40.0,120000.0,10,31.0,19.0,12.0,1.68,7068.0,10.0,12.0,31.0,19.0,5,1,2,10,100.0,100,1000.0,70680.0,16.8,0.589
14242210001,0,3,60.0,50.0,40.0,120000.0,10,31.0,19.0,12.0,1.68,7068.0,10.0,12.0,19.0,31.0,5,2,1,10,100.0,100,1000.0,70680.0,16.8,0.589
14242210001,0,4,60.0,50.0,40.0,120000.0,10,31.0,19.0,12.0,1.68,7068.0,10.0,19.0,12.0,31.0,3,4,1,12,120.0,120,1200.0,84816.0,20.16,0.7068
14242210001,0,5,60.0,50.0,40.0,120000.0,10,31.0,19.0,12.0,1.68,7068.0,10.0,19.0,31.0,12.0,3,1,3,9,90.0,90,900.0,63612.0,15.12,0.5301
12006020001,0,0,60.0,50.0,40.0,120000.0,10,26.0,24.0,2.0,0.39,1248.0,12.0,26.0,24.0,2.0,2,2,20,80,960.0,800,9600.0,99840.0,31.200000000000003,0.832
12006020001,0,1,60.0,50.0,40.0,120000.0,10,26.0,24.0,2.0,0.39,1248.0,12.0,26.0,2.0,24.0,2,25,1,50,600.0,500,6000.0,62400.0,19.5,0.52
12006020001,0,2,60.0,50.0,40.0,120000.0,10,26.0,24.0,2.0,0.39,1248.0,12.0,2.0,26.0,24.0,30,1,1,30,360.0,300,3600.0,37440.0,11.700000000000001,0.312
12006020001,0,3,60.0,50.0,40.0,120000.0,10,26.0,24.0,2.0,0.39,1248.0,12.0,2.0,24.0,26.0,30,2,1,60,720.0,600,7200.0,74880.0,23.400000000000002,0.624
12006020001,0,4,60.0,50.0,40.0,120000.0,10,26.0,24.0,2.0,0.39,1248.0,12.0,24.0,2.0,26.0,2,25,1,50,600.0,500,6000.0,62400.0,19.5,0.52
12006020001,0,5,60.0,50.0,40.0,120000.0,10,26.0,24.0,2.0,0.39,1248.0,12.0,24.0,26.0,2.0,2,1,20,40,480.0,400,4800.0,49920.0,15.600000000000001,0.416
11050004001,0,0,60.0,50.0,40.0,120000.0,10,36.0,21.0,30.0,12.37,22680.0,4.0,36.0,21.0,30.0,1,2,1,2,8.0,20,80.0,45360.0,24.74,0.378
11050004001,0,1,60.0,50.0,40.0,120000.0,10,36.0,21.0,30.0,12.37,22680.0,4.0,36.0,30.0,21.0,1,1,1,1,4.0,10,40.0,22680.0,12.37,0.189
11050004001,0,2,60.0,50.0,40.0,120000.0,10,36.0,21.0,30.0,12.37,22680.0,4.0,30.0,36.0,21.0,2,1,1,2,8.0,20,80.0,45360.0,24.74,0.378
11050004001,0,3,60.0,50.0,40.0,120000.0,10,36.0,21.0,30.0,12.37,22680.0,4.0,30.0,21.0,36.0,2,2,1,4,16.0,40,160.0,90720.0,49.48,0.756
11050004001,0,4,60.0,50.0,40.0,120000.0,10,36.0,21.0,30.0,12.37,22680.0,4.0,21.0,30.0,36.0,2,1,1,2,8.0,20,80.0,45360.0,24.74,0.378
11050004001,0,5,60.0,50.0,40.0,120000.0,10,36.0,21.0,30.0,12.37,22680.0,4.0,21.0,36.0,30.0,2,1,1,2,8.0,20,80.0,45360.0,24.74,0.378
12000059001,0,0,60.0,50.0,40.0,120000.0,10,32.0,32.0,27.0,13.362,27648.0,6.0,32.0,32.0,27.0,1,1,1,1,6.0,10,60.0,27648.0,13.362,0.2304
12000059001,0,1,60.0,50.0,40.0,120000.0,10,32.0,32.0,27.0,13.362,27648.0,6.0,32.0,27.0,32.0,1,1,1,1,6.0,10,60.0,27648.0,13.362,0.2304
12000059001,0,2,60.0,50.0,40.0,120000.0,10,32.0,32.0,27.0,13.362,27648.0,6.0,27.0,32.0,32.0,2,1,1,2,12.0,20,120.0,55296.0,26.724,0.4608
12000059001,0,3,60.0,50.0,40.0,120000.0,10,32.0,32.0,27.0,13.362,27648.0,6.0,27.0,32.0,32.0,2,1,1,2,12.0,20,120.0,55296.0,26.724,0.4608
12000059001,0,4,60.0,50.0,40.0,120000.0,10,32.0,32.0,27.0,13.362,27648.0,6.0,32.0,27.0,32.0,1,1,1,1,6.0,10,60.0,27648.0,13.362,0.2304
12000059001,0,5,60.0,50.0,40.0,120000.0,10,32.0,32.0,27.0,13.362,27648.0,6.0,32.0,32.0,27.0,1,1,1,1,6.0,10,60.0,27648.0,13.362,0.2304
10010027001,0,0,60.0,50.0,40.0,120000.0,10,33.0,16.0,10.0,4.34,5280.0,24.0,33.0,16.0,10.0,1,3,4,12,288.0,120,2880.0,63360.0,52.08,0.528
10010027001,0,1,60.0,50.0,40.0,120000.0,10,33.0,16.0,10.0,4.34,5280.0,24.0,33.0,10.0,16.0,1,5,2,10,240.0,100,2400.0,52800.0,43.4,0.44
10010027001,0,2,60.0,50.0,40.0,120000.0,10,33.0,16.0,10.0,4.34,5280.0,24.0,10.0,33.0,16.0,6,1,2,12,288.0,120,2880.0,63360.0,52.08,0.528
10010027001,0,3,60.0,50.0,40.0,120000.0,10,33.0,16.0,10.0,4.34,5280.0,24.0,10.0,16.0,33.0,6,3,1,18,432.0,180,4320.0,95040.0,78.12,0.792
10010027001,0,4,60.0,50.0,40.0,120000.0,10,33.0,16.0,10.0,4.34,5280.0,24.0,16.0,10.0,33.0,3,5,1,15,360.0,150,3600.0,79200.0,65.1,0.66
10010027001,0,5,60.0,50.0,40.0,120000.0,10,33.0,16.0,10.0,4.34,5280.0,24.0,16.0,33.0,10.0,3,1,4,12,288.0,120,2880.0,63360.0,52.08,0.528
12103135001,0,0,60.0,50.0,40.0,120000.0,10,13.0,7.0,24.0,0.5,2184.0,12.0,13.0,7.0,24.0,4,7,1,28,336.0,280,3360.0,61152.0,14.0,0.5096
12103135001,0,1,60.0,50.0,40.0,120000.0,10,13.0,7.0,24.0,0.5,2184.0,12.0,13.0,24.0,7.0,4,2,5,40,480.0,400,4800.0,87360.0,20.0,0.728
12103135001,0,2,60.0,50.0,40.0,120000.0,10,13.0,7.0,24.0,0.5,2184.0,12.0,24.0,13.0,7.0,2,3,5,30,360.0,300,3600.0,65520.0,15.0,0.546
12103135001,0,3,60.0,50.0,40.0,120000.0,10,13.0,7.0,24.0,0.5,2184.0,12.0,24.0,7.0,13.0,2,7,3,42,504.0,420,5040.0,91728.0,21.0,0.7644
12103135001,0,4,60.0,50.0,40.0,120000.0,10,13.0,7.0,24.0,0.5,2184.0,12.0,7.0,24.0,13.0,8,2,3,48,576.0,480,5760.0,104832.0,24.0,0.8736
12103135001,0,5,60.0,50.0,40.0,120000.0,10,13.0,7.0,24.0,0.5,2184.0,12.0,7.0,13.0,24.0,8,3,1,24,288.0,240,2880.0,52416.0,12.0,0.4368
14244020001,0,0,60.0,50.0,40.0,120000.0,10,31.0,25.0,36.0,2.8,27900.0,60.0,31.0,25.0,36.0,1,2,1,2,120.0,20,1200.0,55800.0,5.6,0.465
14244020001,0,1,60.0,50.0,40.0,120000.0,10,31.0,25.0,36.0,2.8,27900.0,60.0,31.0,36.0,25.0,1,1,1,1,60.0,10,600.0,27900.0,2.8,0.2325
14244020001,0,2,60.0,50.0,40.0,120000.0,10,31.0,25.0,36.0,2.8,27900.0,60.0,36.0,31.0,25.0,1,1,1,1,60.0,10,600.0,27900.0,2.8,0.2325
14244020001,0,3,60.0,50.0,40.0,120000.0,10,31.0,25.0,36.0,2.8,27900.0,60.0,36.0,25.0,31.0,1,2,1,2,120.0,20,1200.0,55800.0,5.6,0.465
14244020001,0,4,60.0,50.0,40.0,120000.0,10,31.0,25.0,36.0,2.8,27900.0,60.0,25.0,36.0,31.0,2,1,1,2,120.0,20,1200.0,55800.0,5.6,0.465
14244020001,0,5,60.0,50.0,40.0,120000.0,10,31.0,25.0,36.0,2.8,27900.0,60.0,25.0,31.0,36.0,2,1,1,2,120.0,20,1200.0,55800.0,5.6,0.465
10031033001,0,0,60.0,50.0,40.0,120000.0,10,37.0,25.0,24.0,14.95,22200.0,24.0,37.0,25.0,24.0,1,2,1,2,48.0,20,480.0,44400.0,29.9,0.37
10031033001,0,1,60.0,50.0,40.0,120000.0,10,37.0,25.0,24.0,14.95,22200.0,24.0,37.0,24.0,25.0,1,2,1,2,48.0,20,480.0,44400.0,29.9,0.37
10031033001,0,2,60.0,50.0,40.0,120000.0,10,37.0,25.0,24.0,14.95,22200.0,24.0,24.0,37.0,25.0,2,1,1,2,48.0,20,480.0,44400.0,29.9,0.37
10031033001,0,3,60.0,50.0,40.0,120000.0,10,37.0,25.0,24.0,14.95,22200.0,24.0,24.0,25.0,37.0,2,2,1,4,96.0,40,960.0,88800.0,59.8,0.74
10031033001,0,4,60.0,50.0,40.0,120000.0,10,37.0,25.0,24.0,14.95,22200.0,24.0,25.0,24.0,37.0,2,2,1,4,96.0,40,960.0,88800.0,59.8,0.74
10031033001,0,5,60.0,50.0,40.0,120000.0,10,37.0,25.0,24.0,14.95,22200.0,24.0,25.0,37.0,24.0,2,1,1,2,48.0,20,480.0,44400.0,29.9,0.37
14100012001,0,0,60.0,50.0,40.0,120000.0,10,41.0,27.0,36.0,4.9,39852.0,12.0,41.0,27.0,36.0,1,1,1,1,12.0,10,120.0,39852.0,4.9,0.3321
14100012001,0,1,60.0,50.0,40.0,120000.0,10,41.0,27.0,36.0,4.9,39852.0,12.0,41.0,36.0,27.0,1,1,1,1,12.0,10,120.0,39852.0,4.9,0.3321
14100012001,0,2,60.0,50.0,40.0,120000.0,10,41.0,27.0,36.0,4.9,39852.0,12.0,36.0,41.0,27.0,1,1,1,1,12.0,10,120.0,39852.0,4.9,0.3321
14100012001,0,5,60.0,50.0,40.0,120000.0,10,41.0,27.0,36.0,4.9,39852.0,12.0,27.0,41.0,36.0,2,1,1,2,24.0,20,240.0,79704.0,9.8,0.6642
10001022001,0,0,60.0,50.0,40.0,120000.0,10,42.0,28.0,23.0,13.81,27048.0,24.0,42.0,28.0,23.0,1,1,1,1,24.0,10,240.0,27048.0,13.81,0.2254
10001022001,0,1,60.0,50.0,40.0,120000.0,10,42.0,28.0,23.0,13.81,27048.0,24.0,42.0,23.0,28.0,1,2,1,2,48.0,20,480.0,54096.0,27.62,0.4508
10001022001,0,2,60.0,50.0,40.0,120000.0,10,42.0,28.0,23.0,13.81,27048.0,24.0,23.0,42.0,28.0,2,1,1,2,48.0,20,480.0,54096.0,27.62,0.4508
10001022001,0,5,60.0,50.0,40.0,120000.0,10,42.0,28.0,23.0,13.81,27048.0,24.0,28.0,42.0,23.0,2,1,1,2,48.0,20,480.0,54096.0,27.62,0.4508
10033074001,0,0,60.0,50.0,40.0,120000.0,10,42.0,28.0,24.0,14.25,28224.0,24.0,42.0,28.0,24.0,1,1,1,1,24.0,10,240.0,28224.0,14.25,0.2352
10033074001,0,1,60.0,50.0,40.0,120000.0,10,42.0,28.0,24.0,14.25,28224.0,24.0,42.0,24.0,28.0,1,2,1,2,48.0,20,480.0,56448.0,28.5,0.4704
10033074001,0,2,60.0,50.0,40.0,120000.0,10,42.0,28.0,24.0,14.25,28224.0,24.0,24.0,42.0,28.0,2,1,1,2,48.0,20,480.0,56448.0,28.5,0.4704
10033074001,0,5,60.0,50.0,40.0,120000.0,10,42.0,28.0,24.0,14.25,28224.0,24.0,28.0,42.0,24.0,2,1,1,2,48.0,20,480.0,56448.0,28.5,0.4704
10002008001,0,0,60.0,50.0,40.0,120000.0,10,40.0,27.0,10.0,6.8,10800.0,24.0,40.0,27.0,10.0,1,1,4,4,96.0,40,960.0,43200.0,27.2,0.36
10002008001,0,1,60.0,50.0,40.0,120000.0,10,40.0,27.0,10.0,6.8,10800.0,24.0,40.0,10.0,27.0,1,5,1,5,120.0,50,1200.0,54000.0,34.0,0.45
10002008001,0,2,60.0,50.0,40.0,120000.0,10,40.0,27.0,10.0,6.8,10800.0,24.0,10.0,40.0,27.0,6,1,1,6,144.0,60,1440.0,64800.0,40.8,0.54
10002008001,0,3,60.0,50.0,40.0,120000.0,10,40.0,27.0,10.0,6.8,10800.0,24.0,10.0,27.0,40.0,6,1,1,6,144.0,60,1440.0,64800.0,40.8,0.54
10002008001,0,4,60.0,50.0,40.0,120000.0,10,40.0,27.0,10.0,6.8,10800.0,24.0,27.0,10.0,40.0,2,5,1,10,240.0,100,2400.0,108000.0,68.0,0.9
10002008001,0,5,60.0,50.0,40.0,120000.0,10,40.0,27.0,10.0,6.8,10800.0,24.0,27.0,40.0,10.0,2,1,4,8,192.0,80,1920.0,86400.0,54.4,0.72
14200018001,0,0,60.0,50.0,40.0,120000.0,10,25.0,37.0,15.0,2.42,13875.0,10.0,25.0,37.0,15.0,2,1,2,4,40.0,40,400.0,55500.0,9.68,0.4625
14200018001,0,1,60.0,50.0,40.0,120000.0,10,25.0,37.0,15.0,2.42,13875.0,10.0,25.0,15.0,37.0,2,3,1,6,60.0,60,600.0,83250.0,14.52,0.69375
14200018001,0,2,60.0,50.0,40.0,120000.0,10,25.0,37.0,15.0,2.42,13875.0,10.0,15.0,25.0,37.0,4,2,1,8,80.0,80,800.0,111000.0,19.36,0.925
14200018001,0,3,60.0,50.0,40.0,120000.0,10,25.0,37.0,15.0,2.42,13875.0,10.0,15.0,37.0,25.0,4,1,1,4,40.0,40,400.0,55500.0,9.68,0.4625
14200018001,0,4,60.0,50.0,40.0,120000.0,10,25.0,37.0,15.0,2.42,13875.0,10.0,37.0,15.0,25.0,1,3,1,3,30.0,30,300.0,41625.0,7.26,0.346875
14200018001,0,5,60.0,50.0,40.0,120000.0,10,25.0,37.0,15.0,2.42,13875.0,10.0,37.0,25.0,15.0,1,2,2,4,40.0,40,400.0,55500.0,9.68,0.4625
10031004001,0,0,60.0,50.0,40.0,120000.0,10,42.0,28.0,24.0,14.85,28224.0,24.0,42.0,28.0,24.0,1,1,1,1,24.0,10,240.0,28224.0,14.85,0.2352
10031004001,0,1,60.0,50.0,40.0,120000.0,10,42.0,28.0,24.0,14.85,28224.0,24.0,42.0,24.0,28.0,1,2,1,2,48.0,20,480.0,56448.0,29.7,0.4704
10031004001,0,2,60.0,50.0,40.0,120000.0,10,42.0,28.0,24.0,14.85,28224.0,24.0,24.0,42.0,28.0,2,1,1,2,48.0,20,480.0,56448.0,29.7,0.4704
10031004001,0,5,60.0,50.0,40.0,120000.0,10,42.0,28.0,24.0,14.85,28224.0,24.0,28.0,42.0,24.0,2,1,1,2,48.0,20,480.0,56448.0,29.7,0.4704
12000036001,0,0,60.0,50.0,40.0,120000.0,10,26.0,22.0,23.0,7.003,13156.0,6.0,26.0,22.0,23.0,2,2,1,4,24.0,40,240.0,52624.0,28.012,0.43853333333333333
12000036001,0,1,60.0,50.0,40.0,120000.0,10,26.0,22.0,23.0,7.003,13156.0,6.0,26.0,23.0,22.0,2,2,1,4,24.0,40,240.0,52624.0,28.012,0.43853333333333333
12000036001,0,2,60.0,50.0,40.0,120000.0,10,26.0,22.0,23.0,7.003,13156.0,6.0,23.0,26.0,22.0,2,1,1,2,12.0,20,120.0,26312.0,14.006,0.21926666666666667
12000036001,0,3,60.0,50.0,40.0,120000.0,10,26.0,22.0,23.0,7.003,13156.0,6.0,23.0,22.0,26.0,2,2,1,4,24.0,40,240.0,52624.0,28.012,0.43853333333333333
12000036001,0,4,60.0,50.0,40.0,120000.0,10,26.0,22.0,23.0,7.003,13156.0,6.0,22.0,23.0,26.0,2,2,1,4,24.0,40,240.0,52624.0,28.012,0.43853333333333333
12000036001,0,5,60.0,50.0,40.0,120000.0,10,26.0,22.0,23.0,7.003,13156.0,6.0,22.0,26.0,23.0,2,1,1,2,12.0,20,120.0,26312.0,14.006,0.21926666666666667
35301023001,0,0,60.0,50.0,40.0,120000.0,10,23.0,19.0,24.0,5.4,10488.0,6.0,23.0,19.0,24.0,2,2,1,4,24.0,40,240.0,41952.0,21.6,0.3496
35301023001,0,1,60.0,50.0,40.0,120000.0,10,23.0,19.0,24.0,5.4,10488.0,6.0,23.0,24.0,19.0,2,2,2,8,48.0,80,480.0,83904.0,43.2,0.6992
35301023001,0,2,60.0,50.0,40.0,120000.0,10,23.0,19.0,24.0,5.4,10488.0,6.0,24.0,23.0,19.0,2,2,2,8,48.0,80,480.0,83904.0,43.2,0.6992
35301023001,0,3,60.0,50.0,40.0,120000.0,10,23.0,19.0,24.0,5.4,10488.0,6.0,24.0,19.0,23.0,2,2,1,4,24.0,40,240.0,41952.0,21.6,0.3496
35301023001,0,4,60.0,50.0,40.0,120000.0,10,23.0,19.0,24.0,5.4,10488.0,6.0,19.0,24.0,23.0,3,2,1,6,36.0,60,360.0,62928.0,32.400000000000006,0.5244
35301023001,0,5,60.0,50.0,40.0,120000.0,10,23.0,19.0,24.0,5.4,10488.0,6.0,19.0,23.0,24.0,3,2,1,6,36.0,60,360.0,62928.0,32.400000000000006,0.5244
14131025001,0,0,60.0,50.0,40.0,120000.0,10,56.0,26.0,23.0,4.8,33488.0,8.0,56.0,26.0,23.0,1,1,1,1,8.0,10,80.0,33488.0,4.8,0.2790666666666667
14131025001,0,1,60.0,50.0,40.0,120000.0,10,56.0,26.0,23.0,4.8,33488.0,8.0,56.0,23.0,26.0,1,2,1,2,16.0,20,160.0,66976.0,9.6,0.5581333333333334
14361099001,0,0,60.0,50.0,40.0,120000.0,10,47.0,34.0,26.0,4.86,41548.0,12.0,47.0,34.0,26.0,1,1,1,1,12.0,10,120.0,41548.0,4.86,0.34623333333333334
14361099001,0,1,60.0,50.0,40.0,120000.0,10,47.0,34.0,26.0,4.86,41548.0,12.0,47.0,26.0,34.0,1,1,1,1,12.0,10,120.0,41548.0,4.86,0.34623333333333334
14361099001,0,2,60.0,50.0,40.0,120000.0,10,47.0,34.0,26.0,4.86,41548.0,12.0,26.0,47.0,34.0,2,1,1,2,24.0,20,240.0,83096.0,9.72,0.6924666666666667
14361099001,0,5,60.0,50.0,40.0,120000.0,10,47.0,34.0,26.0,4.86,41548.0,12.0,34.0,47.0,26.0,1,1,1,1,12.0,10,120.0,41548.0,4.86,0.34623333333333334
14621017001,0,0,60.0,50.0,40.0,120000.0,10,31.0,31.0,31.0,18.87,29791.0,4.0,31.0,31.0,31.0,1,1,1,1,4.0,10,40.0,29791.0,18.87,0.24825833333333333
14621017001,0,1,60.0,50.0,40.0,120000.0,10,31.0,31.0,31.0,18.87,29791.0,4.0,31.0,31.0,31.0,1,1,1,1,4.0,10,40.0,29791.0,18.87,0.24825833333333333
14621017001,0,2,60.0,50.0,40.0,120000.0,10,31.0,31.0,31.0,18.87,29791.0,4.0,31.0,31.0,31.0,1,1,1,1,4.0,10,40.0,29791.0,18.87,0.24825833333333333
14621017001,0,3,60.0,50.0,40.0,120000.0,10,31.0,31.0,31.0,18.87,29791.0,4.0,31.0,31.0,31.0,1,1,1,1,4.0,10,40.0,29791.0,18.87,0.24825833333333333
14621017001,0,4,60.0,50.0,40.0,120000.0,10,31.0,31.0,31.0,18.87,29791.0,4.0,31.0,31.0,31.0,1,1,1,1,4.0,10,40.0,29791.0,18.87,0.24825833333333333
14621017001,0,5,60.0,50.0,40.0,120000.0,10,31.0,31.0,31.0,18.87,29791.0,4.0,31.0,31.0,31.0,1,1,1,1,4.0,10,40.0,29791.0,18.87,0.24825833333333333
14311043001,0,0,60.0,50.0,40.0,120000.0,10,27.0,18.0,12.0,1.25,5832.0,1.0,27.0,18.0,12.0,2,2,3,12,12.0,120,120.0,69984.0,15.0,0.5832
14311043001,0,1,60.0,50.0,40.0,120000.0,10,27.0,18.0,12.0,1.25,5832.0,1.0,27.0,12.0,18.0,2,4,2,16,16.0,160,160.0,93312.0,20.0,0.7776
14311043001,0,2,60.0,50.0,40.0,120000.0,10,27.0,18.0,12.0,1.25,5832.0,1.0,12.0,27.0,18.0,5,1,2,10,10.0,100,100.0,58320.0,12.5,0.486
14311043001,0,3,60.0,50.0,40.0,120000.0,10,27.0,18.0,12.0,1.25,5832.0,1.0,12.0,18.0,27.0,5,2,1,10,10.0,100,100.0,58320.0,12.5,0.486
14311043001,0,4,60.0,50.0,40.0,120000.0,10,27.0,18.0,12.0,1.25,5832.0,1.0,18.0,12.0,27.0,3,4,1,12,12.0,120,120.0,69984.0,15.0,0.5832
14311043001,0,5,60.0,50.0,40.0,120000.0,10,27.0,18.0,12.0,1.25,5832.0,1.0,18.0,27.0,12.0,3,1,3,9,9.0,90,90.0,52488.0,11.25,0.4374
10040072001,0,0,60.0,50.0,40.0,120000.0,10,42.0,28.0,23.0,14.07,27048.0,24.0,42.0,28.0,23.0,1,1,1,1,24.0,10,240.0,27048.0,14.07,0.2254
10040072001,0,1,60.0,50.0,40.0,120000.0,10,42.0,28.0,23.0,14.07,27048.0,24.0,42.0,23.0,28.0,1,2,1,2,48.0,20,480.0,54096.0,28.14,0.4508
10040072001,0,2,60.0,50.0,40.0,120000.0,10,42.0,28.0,23.0,14.07,27048.0,24.0,23.0,42.0,28.0,2,1,1,2,48.0,20,480.0,54096.0,28.14,0.4508
10040072001,0,5,60.0,50.0,40.0,120000.0,10,42.0,28.0,23.0,14.07,27048.0,24.0,28.0,42.0,23.0,2,1,1,2,48.0,20,480.0,54096.0,28.14,0.4508
14023034001,0,0,60.0,50.0,40.0,120000.0,10,40.0,29.0,26.0,1.33,30160.0,6.0,40.0,29.0,26.0,1,1,1,1,6.0,10,60.0,30160.0,1.33,0.25133333333333335
14023034001,0,1,60.0,50.0,40.0,120000.0,10,40.0,29.0,26.0,1.33,30160.0,6.0,40.0,26.0,29.0,1,1,1,1,6.0,10,60.0,30160.0,1.33,0.25133333333333335
14023034001,0,2,60.0,50.0,40.0,120000.0,10,40.0,29.0,26.0,1.33,30160.0,6.0,26.0,40.0,29.0,2,1,1,2,12.0,20,120.0,60320.0,2.66,0.5026666666666667
14023034001,0,3,60.0,50.0,40.0,120000.0,10,40.0,29.0,26.0,1.33,30160.0,6.0,26.0,29.0,40.0,2,1,1,2,12.0,20,120.0,60320.0,2.66,0.5026666666666667
14023034001,0,4,60.0,50.0,40.0,120000.0,10,40.0,29.0,26.0,1.33,30160.0,6.0,29.0,26.0,40.0,2,1,1,2,12.0,20,120.0,60320.0,2.66,0.5026666666666667
14023034001,0,5,60.0,50.0,40.0,120000.0,10,40.0,29.0,26.0,1.33,30160.0,6.0,29.0,40.0,26.0,2,1,1,2,12.0,20,120.0,60320.0,2.66,0.5026666666666667
14805005001,0,0,60.0,50.0,40.0,120000.0,10,41.0,28.0,13.0,9.93,14924.0,24.0,41.0,28.0,13.0,1,1,3,3,72.0,30,720.0,44772.0,29.79,0.3731
14805005001,0,1,60.0,50.0,40.0,120000.0,10,41.0,28.0,13.0,9.93,14924.0,24.0,41.0,13.0,28.0,1,3,1,3,72.0,30,720.0,44772.0,29.79,0.3731
14805005001,0,2,60.0,50.0,40.0,120000.0,10,41.0,28.0,13.0,9.93,14924.0,24.0,13.0,41.0,28.0,4,1,1,4,96.0,40,960.0,59696.0,39.72,0.49746666666666667
14805005001,0,5,60.0,50.0,40.0,120000.0,10,41.0,28.0,13.0,9.93,14924.0,24.0,28.0,41.0,13.0,2,1,3,6,144.0,60,1440.0,89544.0,59.58,0.7462
14505041001,0,0,60.0,50.0,40.0,120000.0,10,39.0,31.0,12.0,2.08,14508.0,40.0,39.0,31.0,12.0,1,1,3,3,120.0,30,1200.0,43524.0,6.24,0.3627
14505041001,0,1,60.0,50.0,40.0,120000.0,10,39.0,31.0,12.0,2.08,14508.0,40.0,39.0,12.0,31.0,1,4,1,4,160.0,40,1600.0,58032.0,8.32,0.4836
14505041001,0,2,60.0,50.0,40.0,120000.0,10,39.0,31.0,12.0,2.08,14508.0,40.0,12.0,39.0,31.0,5,1,1,5,200.0,50,2000.0,72540.0,10.4,0.6045
14505041001,0,3,60.0,50.0,40.0,120000.0,10,39.0,31.0,12.0,2.08,14508.0,40.0,12.0,31.0,39.0,5,1,1,5,200.0,50,2000.0,72540.0,10.4,0.6045
14505041001,0,4,60.0,50.0,40.0,120000.0,10,39.0,31.0,12.0,2.08,14508.0,40.0,31.0,12.0,39.0,1,4,1,4,160.0,40,1600.0,58032.0,8.32,0.4836
14505041001,0,5,60.0,50.0,40.0,120000.0,10,39.0,31.0,12.0,2.08,14508.0,40.0,31.0,39.0,12.0,1,1,3,3,120.0,30,1200.0,43524.0,6.24,0.3627
10002992001,0,0,60.0,50.0,40.0,120000.0,10,27.0,19.0,23.0,6.27,11799.0,1.0,27.0,19.0,23.0,2,2,1,4,4.0,40,40.0,47196.0,25.08,0.3933
10002992001,0,1,60.0,50.0,40.0,120000.0,10,27.0,19.0,23.0,6.27,11799.0,1.0,27.0,23.0,19.0,2,2,2,8,8.0,80,80.0,94392.0,50.16,0.7866
10002992001,0,2,60.0,50.0,40.0,120000.0,10,27.0,19.0,23.0,6.27,11799.0,1.0,23.0,27.0,19.0,2,1,2,4,4.0,40,40.0,47196.0,25.08,0.3933
10002992001,0,3,60.0,50.0,40.0,120000.0,10,27.0,19.0,23.0,6.27,11799.0,1.0,23.0,19.0,27.0,2,2,1,4,4.0,40,40.0,47196.0,25.08,0.3933
10002992001,0,4,60.0,50.0,40.0,120000.0,10,27.0,19.0,23.0,6.27,11799.0,1.0,19.0,23.0,27.0,3,2,1,6,6.0,60,60.0,70794.0,37.62,0.58995
10002992001,0,5,60.0,50.0,40.0,120000.0,10,27.0,19.0,23.0,6.27,11799.0,1.0,19.0,27.0,23.0,3,1,1,3,3.0,30,30.0,35397.0,18.81,0.294975
14615017001,0,0,60.0,50.0,40.0,120000.0,10,36.0,24.0,29.0,12.34,25056.0,6.0,36.0,24.0,29.0,1,2,1,2,12.0,20,120.0,50112.0,24.68,0.4176
14615017001,0,1,60.0,50.0,40.0,120000.0,10,36.0,24.0,29.0,12.34,25056.0,6.0,36.0,29.0,24.0,1,1,1,1,6.0,10,60.0,25056.0,12.34,0.2088
14615017001,0,2,60.0,50.0,40.0,120000.0,10,36.0,24.0,29.0,12.34,25056.0,6.0,29.0,36.0,24.0,2,1,1,2,12.0,20,120.0,50112.0,24.68,0.4176
14615017001,0,3,60.0,50.0,40.0,120000.0,10,36.0,24.0,29.0,12.34,25056.0,6.0,29.0,24.0,36.0,2,2,1,4,24.0,40,240.0,100224.0,49.36,0.8352
14615017001,0,4,60.0,50.0,40.0,120000.0,10,36.0,24.0,29.0,12.34,25056.0,6.0,24.0,29.0,36.0,2,1,1,2,12.0,20,120.0,50112.0,24.68,0.4176
14615017001,0,5,60.0,50.0,40.0,120000.0,10,36.0,24.0,29.0,12.34,25056.0,6.0,24.0,36.0,29.0,2,1,1,2,12.0,20,120.0,50112.0,24.68,0.4176
10011008001,0,0,60.0,50.0,40.0,120000.0,10,39.0,17.0,26.0,11.38,17238.0,10.0,39.0,17.0,26.0,1,2,1,2,20.0,20,200.0,34476.0,22.76,0.2873
10011008001,0,1,60.0,50.0,40.0,120000.0,10,39.0,17.0,26.0,11.38,17238.0,10.0,39.0,26.0,17.0,1,1,2,2,20.0,20,200.0,34476.0,22.76,0.2873
10011008001,0,2,60.0,50.0,40.0,120000.0,10,39.0,17.0,26.0,11.38,17238.0,10.0,26.0,39.0,17.0,2,1,2,4,40.0,40,400.0,68952.0,45.52,0.5746
10011008001,0,3,60.0,50.0,40.0,120000.0,10,39.0,17.0,26.0,11.38,17238.0,10.0,26.0,17.0,39.0,2,2,1,4,40.0,40,400.0,68952.0,45.52,0.5746
10011008001,0,4,60.0,50.0,40.0,120000.0,10,39.0,17.0,26.0,11.38,17238.0,10.0,17.0,26.0,39.0,3,1,1,3,30.0,30,300.0,51714.0,34.14,0.43095
10011008001,0,5,60.0,50.0,40.0,120000.0,10,39.0,17.0,26.0,11.38,17238.0,10.0,17.0,39.0,26.0,3,1,1,3,30.0,30,300.0,51714.0,34.14,0.43095
14510041001,0,0,60.0,50.0,40.0,120000.0,10,35.0,24.0,5.0,2.0,4200.0,1.0,35.0,24.0,5.0,1,2,8,16,16.0,160,160.0,67200.0,32.0,0.56
14510041001,0,1,60.0,50.0,40.0,120000.0,10,35.0,24.0,5.0,2.0,4200.0,1.0,35.0,5.0,24.0,1,10,1,10,10.0,100,100.0,42000.0,20.0,0.35
14510041001,0,2,60.0,50.0,40.0,120000.0,10,35.0,24.0,5.0,2.0,4200.0,1.0,5.0,35.0,24.0,12,1,1,12,12.0,120,120.0,50400.0,24.0,0.42
14510041001,0,3,60.0,50.0,40.0,120000.0,10,35.0,24.0,5.0,2.0,4200.0,1.0,5.0,24.0,35.0,12,2,1,24,24.0,240,240.0,100800.0,48.0,0.84
14510041001,0,4,60.0,50.0,40.0,120000.0,10,35.0,24.0,5.0,2.0,4200.0,1.0,24.0,5.0,35.0,2,10,1,20,20.0,200,200.0,84000.0,40.0,0.7
14510041001,0,5,60.0,50.0,40.0,120000.0,10,35.0,24.0,5.0,2.0,4200.0,1.0,24.0,35.0,5.0,2,1,8,16,16.0,160,160.0,67200.0,32.0,0.56
14244087001,0,0,60.0,50.0,40.0,120000.0,10,31.0,25.0,14.0,2.24,10850.0,12.0,31.0,25.0,14.0,1,2,2,4,48.0,40,480.0,43400.0,8.96,0.3616666666666667
14244087001,0,1,60.0,50.0,40.0,120000.0,10,31.0,25.0,14.0,2.24,10850.0,12.0,31.0,14.0,25.0,1,3,1,3,36.0,30,360.0,32550.0,6.720000000000001,0.27125
14244087001,0,2,60.0,50.0,40.0,120000.0,10,31.0,25.0,14.0,2.24,10850.0,12.0,14.0,31.0,25.0,4,1,1,4,48.0,40,480.0,43400.0,8.96,0.3616666666666667
14244087001,0,3,60.0,50.0,40.0,120000.0,10,31.0,25.0,14.0,2.24,10850.0,12.0,14.0,25.0,31.0,4,2,1,8,96.0,80,960.0,86800.0,17.92,0.7233333333333334
14244087001,0,4,60.0,50.0,40.0,120000.0,10,31.0,25.0,14.0,2.24,10850.0,12.0,25.0,14.0,31.0,2,3,1,6,72.0,60,720.0,65100.0,13.440000000000001,0.5425
14244087001,0,5,60.0,50.0,40.0,120000.0,10,31.0,25.0,14.0,2.24,10850.0,12.0,25.0,31.0,14.0,2,1,2,4,48.0,40,480.0,43400.0,8.96,0.3616666666666667
14804010001,0,0,60.0,50.0,40.0,120000.0,10,40.0,27.0,12.0,10.08,12960.0,24.0,40.0,27.0,12.0,1,1,3,3,72.0,30,720.0,38880.0,30.240000000000002,0.324
14804010001,0,1,60.0,50.0,40.0,120000.0,10,40.0,27.0,12.0,10.08,12960.0,24.0,40.0,12.0,27.0,1,4,1,4,96.0,40,960.0,51840.0,40.32,0.432
14804010001,0,2,60.0,50.0,40.0,120000.0,10,40.0,27.0,12.0,10.08,12960.0,24.0,12.0,40.0,27.0,5,1,1,5,120.0,50,1200.0,64800.0,50.4,0.54
14804010001,0,3,60.0,50.0,40.0,120000.0,10,40.0,27.0,12.0,10.08,12960.0,24.0,12.0,27.0,40.0,5,1,1,5,120.0,50,1200.0,64800.0,50.4,0.54
14804010001,0,4,60.0,50.0,40.0,120000.0,10,40.0,27.0,12.0,10.08,12960.0,24.0,27.0,12.0,40.0,2,4,1,8,192.0,80,1920.0,103680.0,80.64,0.864
14804010001,0,5,60.0,50.0,40.0,120000.0,10,40.0,27.0,12.0,10.08,12960.0,24.0,27.0,40.0,12.0,2,1,3,6,144.0,60,1440.0,77760.0,60.480000000000004,0.648
10040058001,0,0,60.0,50.0,40.0,120000.0,10,42.0,28.0,24.0,16.17,28224.0,24.0,42.0,28.0,24.0,1,1,1,1,24.0,10,240.0,28224.0,16.17,0.2352
10040058001,0,1,60.0,50.0,40.0,120000.0,10,42.0,28.0,24.0,16.17,28224.0,24.0,42.0,24.0,28.0,1,2,1,2,48.0,20,480.0,56448.0,32.34,0.4704
10040058001,0,2,60.0,50.0,40.0,120000.0,10,42.0,28.0,24.0,16.17,28224.0,24.0,24.0,42.0,28.0,2,1,1,2,48.0,20,480.0,56448.0,32.34,0.4704
10040058001,0,5,60.0,50.0,40.0,120000.0,10,42.0,28.0,24.0,16.17,28224.0,24.0,28.0,42.0,24.0,2,1,1,2,48.0,20,480.0,56448.0,32.34,0.4704
14506056001,0,0,60.0,50.0,40.0,120000.0,10,35.0,24.0,18.0,9.4,15120.0,4.0,35.0,24.0,18.0,1,2,2,4,16.0,40,160.0,60480.0,37.6,0.504
14506056001,0,1,60.0,50.0,40.0,120000.0,10,35.0,24.0,18.0,9.4,15120.0,4.0,35.0,18.0,24.0,1,2,1,2,8.0,20,80.0,30240.0,18.8,0.252
14506056001,0,2,60.0,50.0,40.0,120000.0,10,35.0,24.0,18.0,9.4,15120.0,4.0,18.0,35.0,24.0,3,1,1,3,12.0,30,120.0,45360.0,28.200000000000003,0.378
14506056001,0,3,60.0,50.0,40.0,120000.0,10,35.0,24.0,18.0,9.4,15120.0,4.0,18.0,24.0,35.0,3,2,1,6,24.0,60,240.0,90720.0,56.400000000000006,0.756
14506056001,0,4,60.0,50.0,40.0,120000.0,10,35.0,24.0,18.0,9.4,15120.0,4.0,24.0,18.0,35.0,2,2,1,4,16.0,40,160.0,60480.0,37.6,0.504
14506056001,0,5,60.0,50.0,40.0,120000.0,10,35.0,24.0,18.0,9.4,15120.0,4.0,24.0,35.0,18.0,2,1,2,4,16.0,40,160.0,60480.0,37.6,0.504
14312999001,0,0,60.0,50.0,40.0,120000.0,10,47.0,32.0,15.0,10.31,22560.0,24.0,47.0,32.0,15.0,1,1,2,2,48.0,20,480.0,45120.0,20.62,0.376
14312999001,0,1,60.0,50.0,40.0,120000.0,10,47.0,32.0,15.0,10.31,22560.0,24.0,47.0,15.0,32.0,1,3,1,3,72.0,30,720.0,67680.0,30.93,0.564
14312999001,0,2,60.0,50.0,40.0,120000.0,10,47.0,32.0,15.0,10.31,22560.0,24.0,15.0,47.0,32.0,4,1,1,4,96.0,40,960.0,90240.0,41.24,0.752
14312999001,0,5,60.0,50.0,40.0,120000.0,10,47.0,32.0,15.0,10.31,22560.0,24.0,32.0,47.0,15.0,1,1,2,2,48.0,20,480.0,45120.0,20.62,0.376
14014015001,0,0,60.0,50.0,40.0,120000.0,10,60.0,40.0,35.0,4.92,84000.0,12.0,60.0,40.0,35.0,1,1,1,1,12.0,10,120.0,84000.0,4.92,0.7
14014015001,0,1,60.0,50.0,40.0,120000.0,10,60.0,40.0,35.0,4.92,84000.0,12.0,60.0,35.0,40.0,1,1,1,1,12.0,10,120.0,84000.0,4.92,0.7
14820014001,0,0,60.0,50.0,40.0,120000.0,10,42.0,29.0,19.0,17.06,23142.0,48.0,42.0,29.0,19.0,1,1,2,2,96.0,20,960.0,46284.0,34.12,0.3857
14820014001,0,1,60.0,50.0,40.0,120000.0,10,42.0,29.0,19.0,17.06,23142.0,48.0,42.0,19.0,29.0,1,2,1,2,96.0,20,960.0,46284.0,34.12,0.3857
14820014001,0,2,60.0,50.0,40.0,120000.0,10,42.0,29.0,19.0,17.06,23142.0,48.0,19.0,42.0,29.0,3,1,1,3,144.0,30,1440.0,69426.0,51.17999999999999,0.57855
14820014001,0,5,60.0,50.0,40.0,120000.0,10,42.0,29.0,19.0,17.06,23142.0,48.0,29.0,42.0,19.0,2,1,2,4,192.0,40,1920.0,92568.0,68.24,0.7714
10021006001,0,0,60.0,50.0,40.0,120000.0,10,42.0,28.0,24.0,16.04,28224.0,24.0,42.0,28.0,24.0,1,1,1,1,24.0,10,240.0,28224.0,16.04,0.2352
10021006001,0,1,60.0,50.0,40.0,120000.0,10,42.0,28.0,24.0,16.04,28224.0,24.0,42.0,24.0,28.0,1,2,1,2,48.0,20,480.0,56448.0,32.08,0.4704
10021006001,0,2,60.0,50.0,40.0,120000.0,10,42.0,28.0,24.0,16.04,28224.0,24.0,24.0,42.0,28.0,2,1,1,2,48.0,20,480.0,56448.0,32.08,0.4704
10021006001,0,5,60.0,50.0,40.0,120000.0,10,42.0,28.0,24.0,16.04,28224.0,24.0,28.0,42.0,24.0,2,1,1,2,48.0,20,480.0,56448.0,32.08,0.4704
14223018001,0,0,60.0,50.0,40.0,120000.0,10,39.0,34.0,24.0,4.96,31824.0,24.0,39.0,34.0,24.0,1,1,1,1,24.0,10,240.0,31824.0,4.96,0.2652
14223018001,0,1,60.0,50.0,40.0,120000.0,10,39.0,34.0,24.0,4.96,31824.0,24.0,39.0,24.0,34.0,1,2,1,2,48.0,20,480.0,63648.0,9.92,0.5304
14223018001,0,2,60.0,50.0,40.0,120000.0,10,39.0,34.0,24.0,4.96,31824.0,24.0,24.0,39.0,34.0,2,1,1,2,48.0,20,480.0,63648.0,9.92,0.5304
14223018001,0,3,60.0,50.0,40.0,120000.0,10,39.0,34.0,24.0,4.96,31824.0,24.0,24.0,34.0,39.0,2,1,1,2,48.0,20,480.0,63648.0,9.92,0.5304
14223018001,0,4,60.0,50.0,40.0,120000.0,10,39.0,34.0,24.0,4.96,31824.0,24.0,34.0,24.0,39.0,1,2,1,2,48.0,20,480.0,63648.0,9.92,0.5304
14223018001,0,5,60.0,50.0,40.0,120000.0,10,39.0,34.0,24.0,4.96,31824.0,24.0,34.0,39.0,24.0,1,1,1,1,24.0,10,240.0,31824.0,4.96,0.2652
14226002001,0,0,60.0,50.0,40.0,120000.0,10,34.0,24.0,33.0,19.63,26928.0,36.0,34.0,24.0,33.0,1,2,1,2,72.0,20,720.0,53856.0,39.26,0.4488
14226002001,0,1,60.0,50.0,40.0,120000.0,10,34.0,24.0,33.0,19.63,26928.0,36.0,34.0,33.0,24.0,1,1,1,1,36.0,10,360.0,26928.0,19.63,0.2244
14226002001,0,2,60.0,50.0,40.0,120000.0,10,34.0,24.0,33.0,19.63,26928.0,36.0,33.0,34.0,24.0,1,1,1,1,36.0,10,360.0,26928.0,19.63,0.2244
14226002001,0,3,60.0,50.0,40.0,120000.0,10,34.0,24.0,33.0,19.63,26928.0,36.0,33.0,24.0,34.0,1,2,1,2,72.0,20,720.0,53856.0,39.26,0.4488
14226002001,0,4,60.0,50.0,40.0,120000.0,10,34.0,24.0,33.0,19.63,26928.0,36.0,24.0,33.0,34.0,2,1,1,2,72.0,20,720.0,53856.0,39.26,0.4488
14226002001,0,5,60.0,50.0,40.0,120000.0,10,34.0,24.0,33.0,19.63,26928.0,36.0,24.0,34.0,33.0,2,1,1,2,72.0,20,720.0,53856.0,39.26,0.4488
10034003001,0,0,60.0,50.0,40.0,120000.0,10,34.0,20.0,11.0,6.64,7480.0,24.0,34.0,20.0,11.0,1,2,3,6,144.0,60,1440.0,44880.0,39.839999999999996,0.374
10034003001,0,1,60.0,50.0,40.0,120000.0,10,34.0,20.0,11.0,6.64,7480.0,24.0,34.0,11.0,20.0,1,4,2,8,192.0,80,1920.0,59840.0,53.12,0.49866666666666665
10034003001,0,2,60.0,50.0,40.0,120000.0,10,34.0,20.0,11.0,6.64,7480.0,24.0,11.0,34.0,20.0,5,1,2,10,240.0,100,2400.0,74800.0,66.39999999999999,0.6233333333333333
10034003001,0,3,60.0,50.0,40.0,120000.0,10,34.0,20.0,11.0,6.64,7480.0,24.0,11.0,20.0,34.0,5,2,1,10,240.0,100,2400.0,74800.0,66.39999999999999,0.6233333333333333
10034003001,0,4,60.0,50.0,40.0,120000.0,10,34.0,20.0,11.0,6.64,7480.0,24.0,20.0,11.0,34.0,3,4,1,12,288.0,120,2880.0,89760.0,79.67999999999999,0.748
10034003001,0,5,60.0,50.0,40.0,120000.0,10,34.0,20.0,11.0,6.64,7480.0,24.0,20.0,34.0,11.0,3,1,3,9,216.0,90,2160.0,67320.0,59.76,0.561
10014113001,0,0,60.0,50.0,40.0,120000.0,10,41.0,28.0,12.0,8.7,13776.0,24.0,41.0,28.0,12.0,1,1,3,3,72.0,30,720.0,41328.0,26.099999999999998,0.3444
10014113001,0,1,60.0,50.0,40.0,120000.0,10,41.0,28.0,12.0,8.7,13776.0,24.0,41.0,12.0,28.0,1,4,1,4,96.0,40,960.0,55104.0,34.8,0.4592
10014113001,0,2,60.0,50.0,40.0,120000.0,10,41.0,28.0,12.0,8.7,13776.0,24.0,12.0,41.0,28.0,5,1,1,5,120.0,50,1200.0,68880.0,43.5,0.574
10014113001,0,5,60.0,50.0,40.0,120000.0,10,41.0,28.0,12.0,8.7,13776.0,24.0,28.0,41.0,12.0,2,1,3,6,144.0,60,1440.0,82656.0,52.199999999999996,0.6888
11050012001,0,0,60.0,50.0,40.0,120000.0,10,39.0,26.0,27.0,10.52,27378.0,12.0,39.0,26.0,27.0,1,1,1,1,12.0,10,120.0,27378.0,10.52,0.22815
11050012001,0,1,60.0,50.0,40.0,120000.0,10,39.0,26.0,27.0,10.52,27378.0,12.0,39.0,27.0,26.0,1,1,1,1,12.0,10,120.0,27378.0,10.52,0.22815
11050012001,0,2,60.0,50.0,40.0,120000.0,10,39.0,26.0,27.0,10.52,27378.0,12.0,27.0,39.0,26.0,2,1,1,2,24.0,20,240.0,54756.0,21.04,0.4563
11050012001,0,3,60.0,50.0,40.0,120000.0,10,39.0,26.0,27.0,10.52,27378.0,12.0,27.0,26.0,39.0,2,1,1,2,24.0,20,240.0,54756.0,21.04,0.4563
11050012001,0,4,60.0,50.0,40.0,120000.0,10,39.0,26.0,27.0,10.52,27378.0,12.0,26.0,27.0,39.0,2,1,1,2,24.0,20,240.0,54756.0,21.04,0.4563
11050012001,0,5,60.0,50.0,40.0,120000.0,10,39.0,26.0,27.0,10.52,27378.0,12.0,26.0,39.0,27.0,2,1,1,2,24.0,20,240.0,54756.0,21.04,0.4563
12020147001,0,0,60.0,50.0,40.0,120000.0,10,27.0,16.0,19.0,3.12,8208.0,12.0,27.0,16.0,19.0,2,3,2,12,144.0,120,1440.0,98496.0,37.44,0.8208
12020147001,0,1,60.0,50.0,40.0,120000.0,10,27.0,16.0,19.0,3.12,8208.0,12.0,27.0,19.0,16.0,2,2,2,8,96.0,80,960.0,65664.0,24.96,0.5472
12020147001,0,2,60.0,50.0,40.0,120000.0,10,27.0,16.0,19.0,3.12,8208.0,12.0,19.0,27.0,16.0,3,1,2,6,72.0,60,720.0,49248.0,18.72,0.4104
12020147001,0,3,60.0,50.0,40.0,120000.0,10,27.0,16.0,19.0,3.12,8208.0,12.0,19.0,16.0,27.0,3,3,1,9,108.0,90,1080.0,73872.0,28.080000000000002,0.6156
12020147001,0,4,60.0,50.0,40.0,120000.0,10,27.0,16.0,19.0,3.12,8208.0,12.0,16.0,19.0,27.0,3,2,1,6,72.0,60,720.0,49248.0,18.72,0.4104
12020147001,0,5,60.0,50.0,40.0,120000.0,10,27.0,16.0,19.0,3.12,8208.0,12.0,16.0,27.0,19.0,3,1,2,6,72.0,60,720.0,49248.0,18.72,0.4104
14506090001,0,0,60.0,50.0,40.0,120000.0,10,53.0,39.0,25.0,6.4,51675.0,12.0,53.0,39.0,25.0,1,1,1,1,12.0,10,120.0,51675.0,6.4,0.430625
14506090001,0,1,60.0,50.0,40.0,120000.0,10,53.0,39.0,25.0,6.4,51675.0,12.0,53.0,25.0,39.0,1,2,1,2,24.0,20,240.0,103350.0,12.8,0.86125
14010039001,0,0,60.0,50.0,40.0,120000.0,10,39.0,26.0,18.0,1.55,18252.0,15.0,39.0,26.0,18.0,1,1,2,2,30.0,20,300.0,36504.0,3.1,0.3042
14010039001,0,1,60.0,50.0,40.0,120000.0,10,39.0,26.0,18.0,1.55,18252.0,15.0,39.0,18.0,26.0,1,2,1,2,30.0,20,300.0,36504.0,3.1,0.3042
14010039001,0,2,60.0,50.0,40.0,120000.0,10,39.0,26.0,18.0,1.55,18252.0,15.0,18.0,39.0,26.0,3,1,1,3,45.0,30,450.0,54756.0,4.65,0.4563
14010039001,0,3,60.0,50.0,40.0,120000.0,10,39.0,26.0,18.0,1.55,18252.0,15.0,18.0,26.0,39.0,3,1,1,3,45.0,30,450.0,54756.0,4.65,0.4563
14010039001,0,4,60.0,50.0,40.0,120000.0,10,39.0,26.0,18.0,1.55,18252.0,15.0,26.0,18.0,39.0,2,2,1,4,60.0,40,600.0,73008.0,6.2,0.6084
14010039001,0,5,60.0,50.0,40.0,120000.0,10,39.0,26.0,18.0,1.55,18252.0,15.0,26.0,39.0,18.0,2,1,2,4,60.0,40,600.0,73008.0,6.2,0.6084
14001052001,0,0,60.0,50.0,40.0,120000.0,10,47.0,32.0,22.0,3.95,33088.0,12.0,47.0,32.0,22.0,1,1,1,1,12.0,10,120.0,33088.0,3.95,0.27573333333333333
14001052001,0,1,60.0,50.0,40.0,120000.0,10,47.0,32.0,22.0,3.95,33088.0,12.0,47.0,22.0,32.0,1,2,1,2,24.0,20,240.0,66176.0,7.9,0.5514666666666667
14001052001,0,2,60.0,50.0,40.0,120000.0,10,47.0,32.0,22.0,3.95,33088.0,12.0,22.0,47.0,32.0,2,1,1,2,24.0,20,240.0,66176.0,7.9,0.5514666666666667
14001052001,0,5,60.0,50.0,40.0,120000.0,10,47.0,32.0,22.0,3.95,33088.0,12.0,32.0,47.0,22.0,1,1,1,1,12.0,10,120.0,33088.0,3.95,0.27573333333333333
14244077001,0,0,60.0,50.0,40.0,120000.0,10,45.0,28.0,33.0,3.9,41580.0,8.0,45.0,28.0,33.0,1,1,1,1,8.0,10,80.0,41580.0,3.9,0.3465
14244077001,0,1,60.0,50.0,40.0,120000.0,10,45.0,28.0,33.0,3.9,41580.0,8.0,45.0,33.0,28.0,1,1,1,1,8.0,10,80.0,41580.0,3.9,0.3465
14244077001,0,2,60.0,50.0,40.0,120000.0,10,45.0,28.0,33.0,3.9,41580.0,8.0,33.0,45.0,28.0,1,1,1,1,8.0,10,80.0,41580.0,3.9,0.3465
14244077001,0,5,60.0,50.0,40.0,120000.0,10,45.0,28.0,33.0,3.9,41580.0,8.0,28.0,45.0,33.0,2,1,1,2,16.0,20,160.0,83160.0,7.8,0.693
14023003001,0,0,60.0,50.0,40.0,120000.0,10,51.0,29.0,26.0,1.75,38454.0,12.0,51.0,29.0,26.0,1,1,1,1,12.0,10,120.0,38454.0,1.75,0.32045
14023003001,0,1,60.0,50.0,40.0,120000.0,10,51.0,29.0,26.0,1.75,38454.0,12.0,51.0,26.0,29.0,1,1,1,1,12.0,10,120.0,38454.0,1.75,0.32045
14351034001,0,0,60.0,50.0,40.0,120000.0,10,59.0,21.0,30.0,4.3,37170.0,9.0,59.0,21.0,30.0,1,2,1,2,18.0,20,180.0,74340.0,8.6,0.6195
14351034001,0,1,60.0,50.0,40.0,120000.0,10,59.0,21.0,30.0,4.3,37170.0,9.0,59.0,30.0,21.0,1,1,1,1,9.0,10,90.0,37170.0,4.3,0.30975
14506070001,0,0,60.0,50.0,40.0,120000.0,10,52.0,39.0,25.0,7.28,50700.0,12.0,52.0,39.0,25.0,1,1,1,1,12.0,10,120.0,50700.0,7.28,0.4225
14506070001,0,1,60.0,50.0,40.0,120000.0,10,52.0,39.0,25.0,7.28,50700.0,12.0,52.0,25.0,39.0,1,2,1,2,24.0,20,240.0,101400.0,14.56,0.845
32517009001,0,0,60.0,50.0,40.0,120000.0,10,32.0,23.0,26.0,12.17,19136.0,5.0,32.0,23.0,26.0,1,2,1,2,10.0,20,100.0,38272.0,24.34,0.31893333333333335
32517009001,0,1,60.0,50.0,40.0,120000.0,10,32.0,23.0,26.0,12.17,19136.0,5.0,32.0,26.0,23.0,1,1,1,1,5.0,10,50.0,19136.0,12.17,0.15946666666666667
32517009001,0,2,60.0,50.0,40.0,120000.0,10,32.0,23.0,26.0,12.17,19136.0,5.0,26.0,32.0,23.0,2,1,1,2,10.0,20,100.0,38272.0,24.34,0.31893333333333335
32517009001,0,3,60.0,50.0,40.0,120000.0,10,32.0,23.0,26.0,12.17,19136.0,5.0,26.0,23.0,32.0,2,2,1,4,20.0,40,200.0,76544.0,48.68,0.6378666666666667
32517009001,0,4,60.0,50.0,40.0,120000.0,10,32.0,23.0,26.0,12.17,19136.0,5.0,23.0,26.0,32.0,2,1,1,2,10.0,20,100.0,38272.0,24.34,0.31893333333333335
32517009001,0,5,60.0,50.0,40.0,120000.0,10,32.0,23.0,26.0,12.17,19136.0,5.0,23.0,32.0,26.0,2,1,1,2,10.0,20,100.0,38272.0,24.34,0.31893333333333335
14132031001,0,0,60.0,50.0,40.0,120000.0,10,54.0,29.0,22.0,4.1,34452.0,12.0,54.0,29.0,22.0,1,1,1,1,12.0,10,120.0,34452.0,4.1,0.2871
14132031001,0,1,60.0,50.0,40.0,120000.0,10,54.0,29.0,22.0,4.1,34452.0,12.0,54.0,22.0,29.0,1,2,1,2,24.0,20,240.0,68904.0,8.2,0.5742
14000027001,0,0,60.0,50.0,40.0,120000.0,10,46.0,32.0,21.0,2.75,30912.0,5.0,46.0,32.0,21.0,1,1,1,1,5.0,10,50.0,30912.0,2.75,0.2576
14000027001,0,1,60.0,50.0,40.0,120000.0,10,46.0,32.0,21.0,2.75,30912.0,5.0,46.0,21.0,32.0,1,2,1,2,10.0,20,100.0,61824.0,5.5,0.5152
14000027001,0,2,60.0,50.0,40.0,120000.0,10,46.0,32.0,21.0,2.75,30912.0,5.0,21.0,46.0,32.0,2,1,1,2,10.0,20,100.0,61824.0,5.5,0.5152
14000027001,0,5,60.0,50.0,40.0,120000.0,10,46.0,32.0,21.0,2.75,30912.0,5.0,32.0,46.0,21.0,1,1,1,1,5.0,10,50.0,30912.0,2.75,0.2576
12103013001,0,0,60.0,50.0,40.0,120000.0,10,29.0,27.0,11.0,1.26,8613.0,24.0,29.0,27.0,11.0,2,1,3,6,144.0,60,1440.0,51678.0,7.5600000000000005,0.43065
12103013001,0,1,60.0,50.0,40.0,120000.0,10,29.0,27.0,11.0,1.26,8613.0,24.0,29.0,11.0,27.0,2,4,1,8,192.0,80,1920.0,68904.0,10.08,0.5742
12103013001,0,2,60.0,50.0,40.0,120000.0,10,29.0,27.0,11.0,1.26,8613.0,24.0,11.0,29.0,27.0,5,1,1,5,120.0,50,1200.0,43065.0,6.3,0.358875
12103013001,0,3,60.0,50.0,40.0,120000.0,10,29.0,27.0,11.0,1.26,8613.0,24.0,11.0,27.0,29.0,5,1,1,5,120.0,50,1200.0,43065.0,6.3,0.358875
12103013001,0,4,60.0,50.0,40.0,120000.0,10,29.0,27.0,11.0,1.26,8613.0,24.0,27.0,11.0,29.0,2,4,1,8,192.0,80,1920.0,68904.0,10.08,0.5742
12103013001,0,5,60.0,50.0,40.0,120000.0,10,29.0,27.0,11.0,1.26,8613.0,24.0,27.0,29.0,11.0,2,1,3,6,144.0,60,1440.0,51678.0,7.5600000000000005,0.43065
14243061001,0,0,60.0,50.0,40.0,120000.0,10,33.0,24.0,13.0,2.06,10296.0,12.0,33.0,24.0,13.0,1,2,3,6,72.0,60,720.0,61776.0,12.36,0.5148
14243061001,0,1,60.0,50.0,40.0,120000.0,10,33.0,24.0,13.0,2.06,10296.0,12.0,33.0,13.0,24.0,1,3,1,3,36.0,30,360.0,30888.0,6.18,0.2574
14243061001,0,2,60.0,50.0,40.0,120000.0,10,33.0,24.0,13.0,2.06,10296.0,12.0,13.0,33.0,24.0,4,1,1,4,48.0,40,480.0,41184.0,8.24,0.3432
14243061001,0,3,60.0,50.0,40.0,120000.0,10,33.0,24.0,13.0,2.06,10296.0,12.0,13.0,24.0,33.0,4,2,1,8,96.0,80,960.0,82368.0,16.48,0.6864
14243061001,0,4,60.0,50.0,40.0,120000.0,10,33.0,24.0,13.0,2.06,10296.0,12.0,24.0,13.0,33.0,2,3,1,6,72.0,60,720.0,61776.0,12.36,0.5148
14243061001,0,5,60.0,50.0,40.0,120000.0,10,33.0,24.0,13.0,2.06,10296.0,12.0,24.0,33.0,13.0,2,1,3,6,72.0,60,720.0,61776.0,12.36,0.5148
11103022001,0,0,60.0,50.0,40.0,120000.0,10,41.0,29.0,32.0,13.01,38048.0,6.0,41.0,29.0,32.0,1,1,1,1,6.0,10,60.0,38048.0,13.01,0.31706666666666666
11103022001,0,1,60.0,50.0,40.0,120000.0,10,41.0,29.0,32.0,13.01,38048.0,6.0,41.0,32.0,29.0,1,1,1,1,6.0,10,60.0,38048.0,13.01,0.31706666666666666
11103022001,0,2,60.0,50.0,40.0,120000.0,10,41.0,29.0,32.0,13.01,38048.0,6.0,32.0,41.0,29.0,1,1,1,1,6.0,10,60.0,38048.0,13.01,0.31706666666666666
11103022001,0,5,60.0,50.0,40.0,120000.0,10,41.0,29.0,32.0,13.01,38048.0,6.0,29.0,41.0,32.0,2,1,1,2,12.0,20,120.0,76096.0,26.02,0.6341333333333333
14001118001,0,0,60.0,50.0,40.0,120000.0,10,50.0,25.0,35.0,6.02,43750.0,40.0,50.0,25.0,35.0,1,2,1,2,80.0,20,800.0,87500.0,12.04,0.7291666666666666
14001118001,0,1,60.0,50.0,40.0,120000.0,10,50.0,25.0,35.0,6.02,43750.0,40.0,50.0,35.0,25.0,1,1,1,1,40.0,10,400.0,43750.0,6.02,0.3645833333333333
14001118001,0,2,60.0,50.0,40.0,120000.0,10,50.0,25.0,35.0,6.02,43750.0,40.0,35.0,50.0,25.0,1,1,1,1,40.0,10,400.0,43750.0,6.02,0.3645833333333333
14001118001,0,5,60.0,50.0,40.0,120000.0,10,50.0,25.0,35.0,6.02,43750.0,40.0,25.0,50.0,35.0,2,1,1,2,80.0,20,800.0,87500.0,12.04,0.7291666666666666
10052020001,0,0,60.0,50.0,40.0,120000.0,10,32.0,25.0,27.0,12.34,21600.0,12.0,32.0,25.0,27.0,1,2,1,2,24.0,20,240.0,43200.0,24.68,0.36
10052020001,0,1,60.0,50.0,40.0,120000.0,10,32.0,25.0,27.0,12.34,21600.0,12.0,32.0,27.0,25.0,1,1,1,1,12.0,10,120.0,21600.0,12.34,0.18
10052020001,0,2,60.0,50.0,40.0,120000.0,10,32.0,25.0,27.0,12.34,21600.0,12.0,27.0,32.0,25.0,2,1,1,2,24.0,20,240.0,43200.0,24.68,0.36
10052020001,0,3,60.0,50.0,40.0,120000.0,10,32.0,25.0,27.0,12.34,21600.0,12.0,27.0,25.0,32.0,2,2,1,4,48.0,40,480.0,86400.0,49.36,0.72
10052020001,0,4,60.0,50.0,40.0,120000.0,10,32.0,25.0,27.0,12.34,21600.0,12.0,25.0,27.0,32.0,2,1,1,2,24.0,20,240.0,43200.0,24.68,0.36
10052020001,0,5,60.0,50.0,40.0,120000.0,10,32.0,25.0,27.0,12.34,21600.0,12.0,25.0,32.0,27.0,2,1,1,2,24.0,20,240.0,43200.0,24.68,0.36
14023252001,0,0,60.0,50.0,40.0,120000.0,10,50.0,39.0,35.0,3.88,68250.0,8.0,50.0,39.0,35.0,1,1,1,1,8.0,10,80.0,68250.0,3.88,0.56875
14023252001,0,1,60.0,50.0,40.0,120000.0,10,50.0,39.0,35.0,3.88,68250.0,8.0,50.0,35.0,39.0,1,1,1,1,8.0,10,80.0,68250.0,3.88,0.56875
14023252001,0,2,60.0,50.0,40.0,120000.0,10,50.0,39.0,35.0,3.88,68250.0,8.0,35.0,50.0,39.0,1,1,1,1,8.0,10,80.0,68250.0,3.88,0.56875
14023252001,0,5,60.0,50.0,40.0,120000.0,10,50.0,39.0,35.0,3.88,68250.0,8.0,39.0,50.0,35.0,1,1,1,1,8.0,10,80.0,68250.0,3.88,0.56875
31533005001,0,0,60.0,50.0,40.0,120000.0,10,31.0,25.0,20.0,12.38,15500.0,12.0,31.0,25.0,20.0,1,2,2,4,48.0,40,480.0,62000.0,49.52,0.5166666666666667
31533005001,0,1,60.0,50.0,40.0,120000.0,10,31.0,25.0,20.0,12.38,15500.0,12.0,31.0,20.0,25.0,1,2,1,2,24.0,20,240.0,31000.0,24.76,0.25833333333333336
31533005001,0,2,60.0,50.0,40.0,120000.0,10,31.0,25.0,20.0,12.38,15500.0,12.0,20.0,31.0,25.0,3,1,1,3,36.0,30,360.0,46500.0,37.14,0.3875
31533005001,0,3,60.0,50.0,40.0,120000.0,10,31.0,25.0,20.0,12.38,15500.0,12.0,20.0,25.0,31.0,3,2,1,6,72.0,60,720.0,93000.0,74.28,0.775
31533005001,0,4,60.0,50.0,40.0,120000.0,10,31.0,25.0,20.0,12.38,15500.0,12.0,25.0,20.0,31.0,2,2,1,4,48.0,40,480.0,62000.0,49.52,0.5166666666666667
31533005001,0,5,60.0,50.0,40.0,120000.0,10,31.0,25.0,20.0,12.38,15500.0,12.0,25.0,31.0,20.0,2,1,2,4,48.0,40,480.0,62000.0,49.52,0.5166666666666667
14501004001,0,0,60.0,50.0,40.0,120000.0,10,36.0,31.0,14.0,3.014,15624.0,30.0,36.0,31.0,14.0,1,1,2,2,60.0,20,600.0,31248.0,6.028,0.2604
14501004001,0,1,60.0,50.0,40.0,120000.0,10,36.0,31.0,14.0,3.014,15624.0,30.0,36.0,14.0,31.0,1,3,1,3,90.0,30,900.0,46872.0,9.042,0.3906
14501004001,0,2,60.0,50.0,40.0,120000.0,10,36.0,31.0,14.0,3.014,15624.0,30.0,14.0,36.0,31.0,4,1,1,4,120.0,40,1200.0,62496.0,12.056,0.5208
14501004001,0,3,60.0,50.0,40.0,120000.0,10,36.0,31.0,14.0,3.014,15624.0,30.0,14.0,31.0,36.0,4,1,1,4,120.0,40,1200.0,62496.0,12.056,0.5208
14501004001,0,4,60.0,50.0,40.0,120000.0,10,36.0,31.0,14.0,3.014,15624.0,30.0,31.0,14.0,36.0,1,3,1,3,90.0,30,900.0,46872.0,9.042,0.3906
14501004001,0,5,60.0,50.0,40.0,120000.0,10,36.0,31.0,14.0,3.014,15624.0,30.0,31.0,36.0,14.0,1,1,2,2,60.0,20,600.0,31248.0,6.028,0.2604
14510107001,0,0,60.0,50.0,40.0,120000.0,10,35.0,24.0,5.0,2.5,4200.0,1.0,35.0,24.0,5.0,1,2,8,16,16.0,160,160.0,67200.0,40.0,0.56
14510107001,0,1,60.0,50.0,40.0,120000.0,10,35.0,24.0,5.0,2.5,4200.0,1.0,35.0,5.0,24.0,1,10,1,10,10.0,100,100.0,42000.0,25.0,0.35
14510107001,0,2,60.0,50.0,40.0,120000.0,10,35.0,24.0,5.0,2.5,4200.0,1.0,5.0,35.0,24.0,12,1,1,12,12.0,120,120.0,50400.0,30.0,0.42
14510107001,0,3,60.0,50.0,40.0,120000.0,10,35.0,24.0,5.0,2.5,4200.0,1.0,5.0,24.0,35.0,12,2,1,24,24.0,240,240.0,100800.0,60.0,0.84
14510107001,0,4,60.0,50.0,40.0,120000.0,10,35.0,24.0,5.0,2.5,4200.0,1.0,24.0,5.0,35.0,2,10,1,20,20.0,200,200.0,84000.0,50.0,0.7
14510107001,0,5,60.0,50.0,40.0,120000.0,10,35.0,24.0,5.0,2.5,4200.0,1.0,24.0,35.0,5.0,2,1,8,16,16.0,160,160.0,67200.0,40.0,0.56
14505031001,0,0,60.0,50.0,40.0,120000.0,10,43.0,28.0,22.0,2.5,26488.0,12.0,43.0,28.0,22.0,1,1,1,1,12.0,10,120.0,26488.0,2.5,0.22073333333333334
14505031001,0,1,60.0,50.0,40.0,120000.0,10,43.0,28.0,22.0,2.5,26488.0,12.0,43.0,22.0,28.0,1,2,1,2,24.0,20,240.0,52976.0,5.0,0.4414666666666667
14505031001,0,2,60.0,50.0,40.0,120000.0,10,43.0,28.0,22.0,2.5,26488.0,12.0,22.0,43.0,28.0,2,1,1,2,24.0,20,240.0,52976.0,5.0,0.4414666666666667
14505031001,0,5,60.0,50.0,40.0,120000.0,10,43.0,28.0,22.0,2.5,26488.0,12.0,28.0,43.0,22.0,2,1,1,2,24.0,20,240.0,52976.0,5.0,0.4414666666666667
14502054001,0,0,60.0,50.0,40.0,120000.0,10,36.0,33.0,15.0,2.39,17820.0,8.0,36.0,33.0,15.0,1,1,2,2,16.0,20,160.0,35640.0,4.78,0.297
14502054001,0,1,60.0,50.0,40.0,120000.0,10,36.0,33.0,15.0,2.39,17820.0,8.0,36.0,15.0,33.0,1,3,1,3,24.0,30,240.0,53460.0,7.17,0.4455
14502054001,0,2,60.0,50.0,40.0,120000.0,10,36.0,33.0,15.0,2.39,17820.0,8.0,15.0,36.0,33.0,4,1,1,4,32.0,40,320.0,71280.0,9.56,0.594
14502054001,0,3,60.0,50.0,40.0,120000.0,10,36.0,33.0,15.0,2.39,17820.0,8.0,15.0,33.0,36.0,4,1,1,4,32.0,40,320.0,71280.0,9.56,0.594
14502054001,0,4,60.0,50.0,40.0,120000.0,10,36.0,33.0,15.0,2.39,17820.0,8.0,33.0,15.0,36.0,1,3,1,3,24.0,30,240.0,53460.0,7.17,0.4455
14502054001,0,5,60.0,50.0,40.0,120000.0,10,36.0,33.0,15.0,2.39,17820.0,8.0,33.0,36.0,15.0,1,1,2,2,16.0,20,160.0,35640.0,4.78,0.297
12100019001,0,0,60.0,50.0,40.0,120000.0,10,59.0,25.0,23.0,17.276,33925.0,72.0,59.0,25.0,23.0,1,2,1,2,144.0,20,1440.0,67850.0,34.552,0.5654166666666667
12100019001,0,1,60.0,50.0,40.0,120000.0,10,59.0,25.0,23.0,17.276,33925.0,72.0,59.0,23.0,25.0,1,2,1,2,144.0,20,1440.0,67850.0,34.552,0.5654166666666667
14503002001,0,0,60.0,50.0,40.0,120000.0,10,38.0,32.0,14.0,3.13,17024.0,30.0,38.0,32.0,14.0,1,1,2,2,60.0,20,600.0,34048.0,6.26,0.28373333333333334
14503002001,0,1,60.0,50.0,40.0,120000.0,10,38.0,32.0,14.0,3.13,17024.0,30.0,38.0,14.0,32.0,1,3,1,3,90.0,30,900.0,51072.0,9.39,0.4256
14503002001,0,2,60.0,50.0,40.0,120000.0,10,38.0,32.0,14.0,3.13,17024.0,30.0,14.0,38.0,32.0,4,1,1,4,120.0,40,1200.0,68096.0,12.52,0.5674666666666667
14503002001,0,3,60.0,50.0,40.0,120000.0,10,38.0,32.0,14.0,3.13,17024.0,30.0,14.0,32.0,38.0,4,1,1,4,120.0,40,1200.0,68096.0,12.52,0.5674666666666667
14503002001,0,4,60.0,50.0,40.0,120000.0,10,38.0,32.0,14.0,3.13,17024.0,30.0,32.0,14.0,38.0,1,3,1,3,90.0,30,900.0,51072.0,9.39,0.4256
14503002001,0,5,60.0,50.0,40.0,120000.0,10,38.0,32.0,14.0,3.13,17024.0,30.0,32.0,38.0,14.0,1,1,2,2,60.0,20,600.0,34048.0,6.26,0.28373333333333334
10033056001,0,0,60.0,50.0,40.0,120000.0,10,40.0,27.0,24.0,14.55,25920.0,24.0,40.0,27.0,24.0,1,1,1,1,24.0,10,240.0,25920.0,14.55,0.216
10033056001,0,1,60.0,50.0,40.0,120000.0,10,40.0,27.0,24.0,14.55,25920.0,24.0,40.0,24.0,27.0,1,2,1,2,48.0,20,480.0,51840.0,29.1,0.432
10033056001,0,2,60.0,50.0,40.0,120000.0,10,40.0,27.0,24.0,14.55,25920.0,24.0,24.0,40.0,27.0,2,1,1,2,48.0,20,480.0,51840.0,29.1,0.432
10033056001,0,3,60.0,50.0,40.0,120000.0,10,40.0,27.0,24.0,14.55,25920.0,24.0,24.0,27.0,40.0,2,1,1,2,48.0,20,480.0,51840.0,29.1,0.432
10033056001,0,4,60.0,50.0,40.0,120000.0,10,40.0,27.0,24.0,14.55,25920.0,24.0,27.0,24.0,40.0,2,2,1,4,96.0,40,960.0,103680.0,58.2,0.864
10033056001,0,5,60.0,50.0,40.0,120000.0,10,40.0,27.0,24.0,14.55,25920.0,24.0,27.0,40.0,24.0,2,1,1,2,48.0,20,480.0,51840.0,29.1,0.432
10002072001,0,0,60.0,50.0,40.0,120000.0,10,34.0,23.0,30.0,13.3,23460.0,6.0,34.0,23.0,30.0,1,2,1,2,12.0,20,120.0,46920.0,26.6,0.391
10002072001,0,1,60.0,50.0,40.0,120000.0,10,34.0,23.0,30.0,13.3,23460.0,6.0,34.0,30.0,23.0,1,1,1,1,6.0,10,60.0,23460.0,13.3,0.1955
10002072001,0,2,60.0,50.0,40.0,120000.0,10,34.0,23.0,30.0,13.3,23460.0,6.0,30.0,34.0,23.0,2,1,1,2,12.0,20,120.0,46920.0,26.6,0.391
10002072001,0,3,60.0,50.0,40.0,120000.0,10,34.0,23.0,30.0,13.3,23460.0,6.0,30.0,23.0,34.0,2,2,1,4,24.0,40,240.0,93840.0,53.2,0.782
10002072001,0,4,60.0,50.0,40.0,120000.0,10,34.0,23.0,30.0,13.3,23460.0,6.0,23.0,30.0,34.0,2,1,1,2,12.0,20,120.0,46920.0,26.6,0.391
10002072001,0,5,60.0,50.0,40.0,120000.0,10,34.0,23.0,30.0,13.3,23460.0,6.0,23.0,34.0,30.0,2,1,1,2,12.0,20,120.0,46920.0,26.6,0.391
14243021001,0,0,60.0,50.0,40.0,120000.0,10,32.0,24.0,13.0,2.55,9984.0,12.0,32.0,24.0,13.0,1,2,3,6,72.0,60,720.0,59904.0,15.299999999999999,0.4992
14243021001,0,1,60.0,50.0,40.0,120000.0,10,32.0,24.0,13.0,2.55,9984.0,12.0,32.0,13.0,24.0,1,3,1,3,36.0,30,360.0,29952.0,7.6499999999999995,0.2496
14243021001,0,2,60.0,50.0,40.0,120000.0,10,32.0,24.0,13.0,2.55,9984.0,12.0,13.0,32.0,24.0,4,1,1,4,48.0,40,480.0,39936.0,10.2,0.3328
14243021001,0,3,60.0,50.0,40.0,120000.0,10,32.0,24.0,13.0,2.55,9984.0,12.0,13.0,24.0,32.0,4,2,1,8,96.0,80,960.0,79872.0,20.4,0.6656
14243021001,0,4,60.0,50.0,40.0,120000.0,10,32.0,24.0,13.0,2.55,9984.0,12.0,24.0,13.0,32.0,2,3,1,6,72.0,60,720.0,59904.0,15.299999999999999,0.4992
14243021001,0,5,60.0,50.0,40.0,120000.0,10,32.0,24.0,13.0,2.55,9984.0,12.0,24.0,32.0,13.0,2,1,3,6,72.0,60,720.0,59904.0,15.299999999999999,0.4992
14500037001,0,0,60.0,50.0,40.0,120000.0,10,41.0,37.0,38.0,6.83,57646.0,6.0,41.0,37.0,38.0,1,1,1,1,6.0,10,60.0,57646.0,6.83,0.48038333333333333
14500037001,0,1,60.0,50.0,40.0,120000.0,10,41.0,37.0,38.0,6.83,57646.0,6.0,41.0,38.0,37.0,1,1,1,1,6.0,10,60.0,57646.0,6.83,0.48038333333333333
14500037001,0,2,60.0,50.0,40.0,120000.0,10,41.0,37.0,38.0,6.83,57646.0,6.0,38.0,41.0,37.0,1,1,1,1,6.0,10,60.0,57646.0,6.83,0.48038333333333333
14500037001,0,5,60.0,50.0,40.0,120000.0,10,41.0,37.0,38.0,6.83,57646.0,6.0,37.0,41.0,38.0,1,1,1,1,6.0,10,60.0,57646.0,6.83,0.48038333333333333
14001093001,0,0,60.0,50.0,40.0,120000.0,10,50.0,34.0,34.0,5.7,57800.0,12.0,50.0,34.0,34.0,1,1,1,1,12.0,10,120.0,57800.0,5.7,0.4816666666666667
14001093001,0,1,60.0,50.0,40.0,120000.0,10,50.0,34.0,34.0,5.7,57800.0,12.0,50.0,34.0,34.0,1,1,1,1,12.0,10,120.0,57800.0,5.7,0.4816666666666667
14001093001,0,2,60.0,50.0,40.0,120000.0,10,50.0,34.0,34.0,5.7,57800.0,12.0,34.0,50.0,34.0,1,1,1,1,12.0,10,120.0,57800.0,5.7,0.4816666666666667
14001093001,0,5,60.0,50.0,40.0,120000.0,10,50.0,34.0,34.0,5.7,57800.0,12.0,34.0,50.0,34.0,1,1,1,1,12.0,10,120.0,57800.0,5.7,0.4816666666666667
11103136001,0,0,60.0,50.0,40.0,120000.0,10,36.0,25.0,32.0,12.4,28800.0,6.0,36.0,25.0,32.0,1,2,1,2,12.0,20,120.0,57600.0,24.8,0.48
11103136001,0,1,60.0,50.0,40.0,120000.0,10,36.0,25.0,32.0,12.4,28800.0,6.0,36.0,32.0,25.0,1,1,1,1,6.0,10,60.0,28800.0,12.4,0.24
11103136001,0,2,60.0,50.0,40.0,120000.0,10,36.0,25.0,32.0,12.4,28800.0,6.0,32.0,36.0,25.0,1,1,1,1,6.0,10,60.0,28800.0,12.4,0.24
11103136001,0,3,60.0,50.0,40.0,120000.0,10,36.0,25.0,32.0,12.4,28800.0,6.0,32.0,25.0,36.0,1,2,1,2,12.0,20,120.0,57600.0,24.8,0.48
11103136001,0,4,60.0,50.0,40.0,120000.0,10,36.0,25.0,32.0,12.4,28800.0,6.0,25.0,32.0,36.0,2,1,1,2,12.0,20,120.0,57600.0,24.8,0.48
11103136001,0,5,60.0,50.0,40.0,120000.0,10,36.0,25.0,32.0,12.4,28800.0,6.0,25.0,36.0,32.0,2,1,1,2,12.0,20,120.0,57600.0,24.8,0.48
14000041001,0,0,60.0,50.0,40.0,120000.0,10,40.0,27.0,35.0,3.46,37800.0,12.0,40.0,27.0,35.0,1,1,1,1,12.0,10,120.0,37800.0,3.46,0.315
14000041001,0,1,60.0,50.0,40.0,120000.0,10,40.0,27.0,35.0,3.46,37800.0,12.0,40.0,35.0,27.0,1,1,1,1,12.0,10,120.0,37800.0,3.46,0.315
14000041001,0,2,60.0,50.0,40.0,120000.0,10,40.0,27.0,35.0,3.46,37800.0,12.0,35.0,40.0,27.0,1,1,1,1,12.0,10,120.0,37800.0,3.46,0.315
14000041001,0,3,60.0,50.0,40.0,120000.0,10,40.0,27.0,35.0,3.46,37800.0,12.0,35.0,27.0,40.0,1,1,1,1,12.0,10,120.0,37800.0,3.46,0.315
14000041001,0,4,60.0,50.0,40.0,120000.0,10,40.0,27.0,35.0,3.46,37800.0,12.0,27.0,35.0,40.0,2,1,1,2,24.0,20,240.0,75600.0,6.92,0.63
14000041001,0,5,60.0,50.0,40.0,120000.0,10,40.0,27.0,35.0,3.46,37800.0,12.0,27.0,40.0,35.0,2,1,1,2,24.0,20,240.0,75600.0,6.92,0.63
35307910001,0,0,60.0,50.0,40.0,120000.0,10,23.0,19.0,24.0,5.414,10488.0,6.0,23.0,19.0,24.0,2,2,1,4,24.0,40,240.0,41952.0,21.656,0.3496
35307910001,0,1,60.0,50.0,40.0,120000.0,10,23.0,19.0,24.0,5.414,10488.0,6.0,23.0,24.0,19.0,2,2,2,8,48.0,80,480.0,83904.0,43.312,0.6992
35307910001,0,2,60.0,50.0,40.0,120000.0,10,23.0,19.0,24.0,5.414,10488.0,6.0,24.0,23.0,19.0,2,2,2,8,48.0,80,480.0,83904.0,43.312,0.6992
35307910001,0,3,60.0,50.0,40.0,120000.0,10,23.0,19.0,24.0,5.414,10488.0,6.0,24.0,19.0,23.0,2,2,1,4,24.0,40,240.0,41952.0,21.656,0.3496
35307910001,0,4,60.0,50.0,40.0,120000.0,10,23.0,19.0,24.0,5.414,10488.0,6.0,19.0,24.0,23.0,3,2,1,6,36.0,60,360.0,62928.0,32.483999999999995,0.5244
35307910001,0,5,60.0,50.0,40.0,120000.0,10,23.0,19.0,24.0,5.414,10488.0,6.0,19.0,23.0,24.0,3,2,1,6,36.0,60,360.0,62928.0,32.483999999999995,0.5244
11101009001,0,0,60.0,50.0,40.0,120000.0,10,52.0,41.0,22.0,20.1,46904.0,12.0,52.0,41.0,22.0,1,1,1,1,12.0,10,120.0,46904.0,20.1,0.39086666666666664
14200047001,0,0,60.0,50.0,40.0,120000.0,10,40.0,27.0,13.0,3.77,14040.0,10.0,40.0,27.0,13.0,1,1,3,3,30.0,30,300.0,42120.0,11.31,0.351
14200047001,0,1,60.0,50.0,40.0,120000.0,10,40.0,27.0,13.0,3.77,14040.0,10.0,40.0,13.0,27.0,1,3,1,3,30.0,30,300.0,42120.0,11.31,0.351
14200047001,0,2,60.0,50.0,40.0,120000.0,10,40.0,27.0,13.0,3.77,14040.0,10.0,13.0,40.0,27.0,4,1,1,4,40.0,40,400.0,56160.0,15.08,0.468
14200047001,0,3,60.0,50.0,40.0,120000.0,10,40.0,27.0,13.0,3.77,14040.0,10.0,13.0,27.0,40.0,4,1,1,4,40.0,40,400.0,56160.0,15.08,0.468
14200047001,0,4,60.0,50.0,40.0,120000.0,10,40.0,27.0,13.0,3.77,14040.0,10.0,27.0,13.0,40.0,2,3,1,6,60.0,60,600.0,84240.0,22.62,0.702
14200047001,0,5,60.0,50.0,40.0,120000.0,10,40.0,27.0,13.0,3.77,14040.0,10.0,27.0,40.0,13.0,2,1,3,6,60.0,60,600.0,84240.0,22.62,0.702
14011034001,0,0,60.0,50.0,40.0,120000.0,10,45.0,30.0,30.0,2.8,40500.0,10.0,45.0,30.0,30.0,1,1,1,1,10.0,10,100.0,40500.0,2.8,0.3375
14011034001,0,1,60.0,50.0,40.0,120000.0,10,45.0,30.0,30.0,2.8,40500.0,10.0,45.0,30.0,30.0,1,1,1,1,10.0,10,100.0,40500.0,2.8,0.3375
14011034001,0,2,60.0,50.0,40.0,120000.0,10,45.0,30.0,30.0,2.8,40500.0,10.0,30.0,45.0,30.0,2,1,1,2,20.0,20,200.0,81000.0,5.6,0.675
14011034001,0,5,60.0,50.0,40.0,120000.0,10,45.0,30.0,30.0,2.8,40500.0,10.0,30.0,45.0,30.0,2,1,1,2,20.0,20,200.0,81000.0,5.6,0.675
14011011001,0,0,60.0,50.0,40.0,120000.0,10,37.0,37.0,25.0,1.59,34225.0,12.0,37.0,37.0,25.0,1,1,1,1,12.0,10,120.0,34225.0,1.59,0.28520833333333334
14011011001,0,1,60.0,50.0,40.0,120000.0,10,37.0,37.0,25.0,1.59,34225.0,12.0,37.0,25.0,37.0,1,2,1,2,24.0,20,240.0,68450.0,3.18,0.5704166666666667
14011011001,0,2,60.0,50.0,40.0,120000.0,10,37.0,37.0,25.0,1.59,34225.0,12.0,25.0,37.0,37.0,2,1,1,2,24.0,20,240.0,68450.0,3.18,0.5704166666666667
14011011001,0,3,60.0,50.0,40.0,120000.0,10,37.0,37.0,25.0,1.59,34225.0,12.0,25.0,37.0,37.0,2,1,1,2,24.0,20,240.0,68450.0,3.18,0.5704166666666667
14011011001,0,4,60.0,50.0,40.0,120000.0,10,37.0,37.0,25.0,1.59,34225.0,12.0,37.0,25.0,37.0,1,2,1,2,24.0,20,240.0,68450.0,3.18,0.5704166666666667
14011011001,0,5,60.0,50.0,40.0,120000.0,10,37.0,37.0,25.0,1.59,34225.0,12.0,37.0,37.0,25.0,1,1,1,1,12.0,10,120.0,34225.0,1.59,0.28520833333333334
11111017001,0,0,60.0,50.0,40.0,120000.0,10,39.0,28.0,32.0,21.77,34944.0,4.0,39.0,28.0,32.0,1,1,1,1,4.0,10,40.0,34944.0,21.77,0.2912
11111017001,0,1,60.0,50.0,40.0,120000.0,10,39.0,28.0,32.0,21.77,34944.0,4.0,39.0,32.0,28.0,1,1,1,1,4.0,10,40.0,34944.0,21.77,0.2912
11111017001,0,2,60.0,50.0,40.0,120000.0,10,39.0,28.0,32.0,21.77,34944.0,4.0,32.0,39.0,28.0,1,1,1,1,4.0,10,40.0,34944.0,21.77,0.2912
11111017001,0,3,60.0,50.0,40.0,120000.0,10,39.0,28.0,32.0,21.77,34944.0,4.0,32.0,28.0,39.0,1,1,1,1,4.0,10,40.0,34944.0,21.77,0.2912
11111017001,0,4,60.0,50.0,40.0,120000.0,10,39.0,28.0,32.0,21.77,34944.0,4.0,28.0,32.0,39.0,2,1,1,2,8.0,20,80.0,69888.0,43.54,0.5824
11111017001,0,5,60.0,50.0,40.0,120000.0,10,39.0,28.0,32.0,21.77,34944.0,4.0,28.0,39.0,32.0,2,1,1,2,8.0,20,80.0,69888.0,43.54,0.5824
10021026001,0,0,60.0,50.0,40.0,120000.0,10,39.0,28.0,32.0,19.23,34944.0,12.0,39.0,28.0,32.0,1,1,1,1,12.0,10,120.0,34944.0,19.23,0.2912
10021026001,0,1,60.0,50.0,40.0,120000.0,10,39.0,28.0,32.0,19.23,34944.0,12.0,39.0,32.0,28.0,1,1,1,1,12.0,10,120.0,34944.0,19.23,0.2912
10021026001,0,2,60.0,50.0,40.0,120000.0,10,39.0,28.0,32.0,19.23,34944.0,12.0,32.0,39.0,28.0,1,1,1,1,12.0,10,120.0,34944.0,19.23,0.2912
10021026001,0,3,60.0,50.0,40.0,120000.0,10,39.0,28.0,32.0,19.23,34944.0,12.0,32.0,28.0,39.0,1,1,1,1,12.0,10,120.0,34944.0,19.23,0.2912
10021026001,0,4,60.0,50.0,40.0,120000.0,10,39.0,28.0,32.0,19.23,34944.0,12.0,28.0,32.0,39.0,2,1,1,2,24.0,20,240.0,69888.0,38.46,0.5824
10021026001,0,5,60.0,50.0,40.0,120000.0,10,39.0,28.0,32.0,19.23,34944.0,12.0,28.0,39.0,32.0,2,1,1,2,24.0,20,240.0,69888.0,38.46,0.5824
12123044001,0,0,60.0,50.0,40.0,120000.0,10,13.0,10.0,16.0,0.2,2080.0,1.0,13.0,10.0,16.0,4,5,2,40,40.0,400,400.0,83200.0,8.0,0.6933333333333334
12123044001,0,1,60.0,50.0,40.0,120000.0,10,13.0,10.0,16.0,0.2,2080.0,1.0,13.0,16.0,10.0,4,3,4,48,48.0,480,480.0,99840.0,9.600000000000001,0.832
12123044001,0,2,60.0,50.0,40.0,120000.0,10,13.0,10.0,16.0,0.2,2080.0,1.0,16.0,13.0,10.0,3,3,4,36,36.0,360,360.0,74880.0,7.2,0.624
12123044001,0,3,60.0,50.0,40.0,120000.0,10,13.0,10.0,16.0,0.2,2080.0,1.0,16.0,10.0,13.0,3,5,3,45,45.0,450,450.0,93600.0,9.0,0.78
12123044001,0,4,60.0,50.0,40.0,120000.0,10,13.0,10.0,16.0,0.2,2080.0,1.0,10.0,16.0,13.0,6,3,3,54,54.0,540,540.0,112320.0,10.8,0.936
12123044001,0,5,60.0,50.0,40.0,120000.0,10,13.0,10.0,16.0,0.2,2080.0,1.0,10.0,13.0,16.0,6,3,2,36,36.0,360,360.0,74880.0,7.2,0.624
12320018001,0,0,60.0,50.0,40.0,120000.0,10,23.0,15.0,9.0,1.088,3105.0,12.0,23.0,15.0,9.0,2,3,4,24,288.0,240,2880.0,74520.0,26.112000000000002,0.621
12320018001,0,1,60.0,50.0,40.0,120000.0,10,23.0,15.0,9.0,1.088,3105.0,12.0,23.0,9.0,15.0,2,5,2,20,240.0,200,2400.0,62100.0,21.76,0.5175
12320018001,0,2,60.0,50.0,40.0,120000.0,10,23.0,15.0,9.0,1.088,3105.0,12.0,9.0,23.0,15.0,6,2,2,24,288.0,240,2880.0,74520.0,26.112000000000002,0.621
12320018001,0,3,60.0,50.0,40.0,120000.0,10,23.0,15.0,9.0,1.088,3105.0,12.0,9.0,15.0,23.0,6,3,1,18,216.0,180,2160.0,55890.0,19.584000000000003,0.46575
12320018001,0,4,60.0,50.0,40.0,120000.0,10,23.0,15.0,9.0,1.088,3105.0,12.0,15.0,9.0,23.0,4,5,1,20,240.0,200,2400.0,62100.0,21.76,0.5175
12320018001,0,5,60.0,50.0,40.0,120000.0,10,23.0,15.0,9.0,1.088,3105.0,12.0,15.0,23.0,9.0,4,2,4,32,384.0,320,3840.0,99360.0,34.816,0.828
12010097001,0,0,60.0,50.0,40.0,120000.0,10,19.0,18.0,11.0,2.0,3762.0,12.0,19.0,18.0,11.0,3,2,3,18,216.0,180,2160.0,67716.0,36.0,0.5643
12010097001,0,1,60.0,50.0,40.0,120000.0,10,19.0,18.0,11.0,2.0,3762.0,12.0,19.0,11.0,18.0,3,4,2,24,288.0,240,2880.0,90288.0,48.0,0.7524
12010097001,0,2,60.0,50.0,40.0,120000.0,10,19.0,18.0,11.0,2.0,3762.0,12.0,11.0,19.0,18.0,5,2,2,20,240.0,200,2400.0,75240.0,40.0,0.627
12010097001,0,3,60.0,50.0,40.0,120000.0,10,19.0,18.0,11.0,2.0,3762.0,12.0,11.0,18.0,19.0,5,2,2,20,240.0,200,2400.0,75240.0,40.0,0.627
12010097001,0,4,60.0,50.0,40.0,120000.0,10,19.0,18.0,11.0,2.0,3762.0,12.0,18.0,11.0,19.0,3,4,2,24,288.0,240,2880.0,90288.0,48.0,0.7524
12010097001,0,5,60.0,50.0,40.0,120000.0,10,19.0,18.0,11.0,2.0,3762.0,12.0,18.0,19.0,11.0,3,2,3,18,216.0,180,2160.0,67716.0,36.0,0.5643
12327046001,0,0,60.0,50.0,40.0,120000.0,10,54.0,30.0,21.0,9.3,34020.0,4.0,54.0,30.0,21.0,1,1,1,1,4.0,10,40.0,34020.0,9.3,0.2835
12327046001,0,1,60.0,50.0,40.0,120000.0,10,54.0,30.0,21.0,9.3,34020.0,4.0,54.0,21.0,30.0,1,2,1,2,8.0,20,80.0,68040.0,18.6,0.567
32600042001,0,0,60.0,50.0,40.0,120000.0,10,37.0,26.0,37.0,16.3,35594.0,10.0,37.0,26.0,37.0,1,1,1,1,10.0,10,100.0,35594.0,16.3,0.29661666666666664
32600042001,0,1,60.0,50.0,40.0,120000.0,10,37.0,26.0,37.0,16.3,35594.0,10.0,37.0,37.0,26.0,1,1,1,1,10.0,10,100.0,35594.0,16.3,0.29661666666666664
32600042001,0,2,60.0,50.0,40.0,120000.0,10,37.0,26.0,37.0,16.3,35594.0,10.0,37.0,37.0,26.0,1,1,1,1,10.0,10,100.0,35594.0,16.3,0.29661666666666664
32600042001,0,3,60.0,50.0,40.0,120000.0,10,37.0,26.0,37.0,16.3,35594.0,10.0,37.0,26.0,37.0,1,1,1,1,10.0,10,100.0,35594.0,16.3,0.29661666666666664
32600042001,0,4,60.0,50.0,40.0,120000.0,10,37.0,26.0,37.0,16.3,35594.0,10.0,26.0,37.0,37.0,2,1,1,2,20.0,20,200.0,71188.0,32.6,0.5932333333333333
32600042001,0,5,60.0,50.0,40.0,120000.0,10,37.0,26.0,37.0,16.3,35594.0,10.0,26.0,37.0,37.0,2,1,1,2,20.0,20,200.0,71188.0,32.6,0.5932333333333333
14010072001,0,1,60.0,50.0,40.0,120000.0,10,48.0,33.0,41.0,3.81,64944.0,12.0,48.0,41.0,33.0,1,1,1,1,12.0,10,120.0,64944.0,3.81,0.5412
14010072001,0,2,60.0,50.0,40.0,120000.0,10,48.0,33.0,41.0,3.81,64944.0,12.0,41.0,48.0,33.0,1,1,1,1,12.0,10,120.0,64944.0,3.81,0.5412
10012006001,0,0,60.0,50.0,40.0,120000.0,10,28.0,16.0,9.0,3.4,4032.0,24.0,28.0,16.0,9.0,2,3,4,24,576.0,240,5760.0,96768.0,81.6,0.8064
10012006001,0,1,60.0,50.0,40.0,120000.0,10,28.0,16.0,9.0,3.4,4032.0,24.0,28.0,9.0,16.0,2,5,2,20,480.0,200,4800.0,80640.0,68.0,0.672
10012006001,0,2,60.0,50.0,40.0,120000.0,10,28.0,16.0,9.0,3.4,4032.0,24.0,9.0,28.0,16.0,6,1,2,12,288.0,120,2880.0,48384.0,40.8,0.4032
10012006001,0,3,60.0,50.0,40.0,120000.0,10,28.0,16.0,9.0,3.4,4032.0,24.0,9.0,16.0,28.0,6,3,1,18,432.0,180,4320.0,72576.0,61.199999999999996,0.6048
10012006001,0,4,60.0,50.0,40.0,120000.0,10,28.0,16.0,9.0,3.4,4032.0,24.0,16.0,9.0,28.0,3,5,1,15,360.0,150,3600.0,60480.0,51.0,0.504
10012006001,0,5,60.0,50.0,40.0,120000.0,10,28.0,16.0,9.0,3.4,4032.0,24.0,16.0,28.0,9.0,3,1,4,12,288.0,120,2880.0,48384.0,40.8,0.4032
10020002001,0,0,60.0,50.0,40.0,120000.0,10,40.0,19.0,14.0,9.6,10640.0,24.0,40.0,19.0,14.0,1,2,2,4,96.0,40,960.0,42560.0,38.4,0.3546666666666667
10020002001,0,1,60.0,50.0,40.0,120000.0,10,40.0,19.0,14.0,9.6,10640.0,24.0,40.0,14.0,19.0,1,3,2,6,144.0,60,1440.0,63840.0,57.599999999999994,0.532
10020002001,0,2,60.0,50.0,40.0,120000.0,10,40.0,19.0,14.0,9.6,10640.0,24.0,14.0,40.0,19.0,4,1,2,8,192.0,80,1920.0,85120.0,76.8,0.7093333333333334
10020002001,0,3,60.0,50.0,40.0,120000.0,10,40.0,19.0,14.0,9.6,10640.0,24.0,14.0,19.0,40.0,4,2,1,8,192.0,80,1920.0,85120.0,76.8,0.7093333333333334
10020002001,0,4,60.0,50.0,40.0,120000.0,10,40.0,19.0,14.0,9.6,10640.0,24.0,19.0,14.0,40.0,3,3,1,9,216.0,90,2160.0,95760.0,86.39999999999999,0.798
10020002001,0,5,60.0,50.0,40.0,120000.0,10,40.0,19.0,14.0,9.6,10640.0,24.0,19.0,40.0,14.0,3,1,2,6,144.0,60,1440.0,63840.0,57.599999999999994,0.532
12002023001,0,0,60.0,50.0,40.0,120000.0,10,41.0,21.0,24.0,10.7,20664.0,12.0,41.0,21.0,24.0,1,2,1,2,24.0,20,240.0,41328.0,21.4,0.3444
12002023001,0,1,60.0,50.0,40.0,120000.0,10,41.0,21.0,24.0,10.7,20664.0,12.0,41.0,24.0,21.0,1,2,1,2,24.0,20,240.0,41328.0,21.4,0.3444
12002023001,0,2,60.0,50.0,40.0,120000.0,10,41.0,21.0,24.0,10.7,20664.0,12.0,24.0,41.0,21.0,2,1,1,2,24.0,20,240.0,41328.0,21.4,0.3444
12002023001,0,5,60.0,50.0,40.0,120000.0,10,41.0,21.0,24.0,10.7,20664.0,12.0,21.0,41.0,24.0,2,1,1,2,24.0,20,240.0,41328.0,21.4,0.3444
14111002001,0,0,60.0,50.0,40.0,120000.0,10,37.0,26.0,17.0,2.37,16354.0,6.0,37.0,26.0,17.0,1,1,2,2,12.0,20,120.0,32708.0,4.74,0.2725666666666667
14111002001,0,1,60.0,50.0,40.0,120000.0,10,37.0,26.0,17.0,2.37,16354.0,6.0,37.0,17.0,26.0,1,2,1,2,12.0,20,120.0,32708.0,4.74,0.2725666666666667
14111002001,0,2,60.0,50.0,40.0,120000.0,10,37.0,26.0,17.0,2.37,16354.0,6.0,17.0,37.0,26.0,3,1,1,3,18.0,30,180.0,49062.0,7.11,0.40885
14111002001,0,3,60.0,50.0,40.0,120000.0,10,37.0,26.0,17.0,2.37,16354.0,6.0,17.0,26.0,37.0,3,1,1,3,18.0,30,180.0,49062.0,7.11,0.40885
14111002001,0,4,60.0,50.0,40.0,120000.0,10,37.0,26.0,17.0,2.37,16354.0,6.0,26.0,17.0,37.0,2,2,1,4,24.0,40,240.0,65416.0,9.48,0.5451333333333334
14111002001,0,5,60.0,50.0,40.0,120000.0,10,37.0,26.0,17.0,2.37,16354.0,6.0,26.0,37.0,17.0,2,1,2,4,24.0,40,240.0,65416.0,9.48,0.5451333333333334
12102108001,0,0,60.0,50.0,40.0,120000.0,10,21.0,20.0,13.0,1.548,5460.0,12.0,21.0,20.0,13.0,2,2,3,12,144.0,120,1440.0,65520.0,18.576,0.546
12102108001,0,1,60.0,50.0,40.0,120000.0,10,21.0,20.0,13.0,1.548,5460.0,12.0,21.0,13.0,20.0,2,3,2,12,144.0,120,1440.0,65520.0,18.576,0.546
12102108001,0,2,60.0,50.0,40.0,120000.0,10,21.0,20.0,13.0,1.548,5460.0,12.0,13.0,21.0,20.0,4,2,2,16,192.0,160,1920.0,87360.0,24.768,0.728
12102108001,0,3,60.0,50.0,40.0,120000.0,10,21.0,20.0,13.0,1.548,5460.0,12.0,13.0,20.0,21.0,4,2,1,8,96.0,80,960.0,43680.0,12.384,0.364
12102108001,0,4,60.0,50.0,40.0,120000.0,10,21.0,20.0,13.0,1.548,5460.0,12.0,20.0,13.0,21.0,3,3,1,9,108.0,90,1080.0,49140.0,13.932,0.4095
12102108001,0,5,60.0,50.0,40.0,120000.0,10,21.0,20.0,13.0,1.548,5460.0,12.0,20.0,21.0,13.0,3,2,3,18,216.0,180,2160.0,98280.0,27.864,0.819
14104085001,0,0,60.0,50.0,40.0,120000.0,10,47.0,27.0,37.0,6.9,46953.0,18.0,47.0,27.0,37.0,1,1,1,1,18.0,10,180.0,46953.0,6.9,0.391275
14104085001,0,1,60.0,50.0,40.0,120000.0,10,47.0,27.0,37.0,6.9,46953.0,18.0,47.0,37.0,27.0,1,1,1,1,18.0,10,180.0,46953.0,6.9,0.391275
14104085001,0,2,60.0,50.0,40.0,120000.0,10,47.0,27.0,37.0,6.9,46953.0,18.0,37.0,47.0,27.0,1,1,1,1,18.0,10,180.0,46953.0,6.9,0.391275
14104085001,0,5,60.0,50.0,40.0,120000.0,10,47.0,27.0,37.0,6.9,46953.0,18.0,27.0,47.0,37.0,2,1,1,2,36.0,20,360.0,93906.0,13.8,0.78255
10033065001,0,0,60.0,50.0,40.0,120000.0,10,35.0,26.0,31.0,15.97,28210.0,12.0,35.0,26.0,31.0,1,1,1,1,12.0,10,120.0,28210.0,15.97,0.23508333333333334
10033065001,0,1,60.0,50.0,40.0,120000.0,10,35.0,26.0,31.0,15.97,28210.0,12.0,35.0,31.0,26.0,1,1,1,1,12.0,10,120.0,28210.0,15.97,0.23508333333333334
10033065001,0,2,60.0,50.0,40.0,120000.0,10,35.0,26.0,31.0,15.97,28210.0,12.0,31.0,35.0,26.0,1,1,1,1,12.0,10,120.0,28210.0,15.97,0.23508333333333334
10033065001,0,3,60.0,50.0,40.0,120000.0,10,35.0,26.0,31.0,15.97,28210.0,12.0,31.0,26.0,35.0,1,1,1,1,12.0,10,120.0,28210.0,15.97,0.23508333333333334
10033065001,0,4,60.0,50.0,40.0,120000.0,10,35.0,26.0,31.0,15.97,28210.0,12.0,26.0,31.0,35.0,2,1,1,2,24.0,20,240.0,56420.0,31.94,0.4701666666666667
10033065001,0,5,60.0,50.0,40.0,120000.0,10,35.0,26.0,31.0,15.97,28210.0,12.0,26.0,35.0,31.0,2,1,1,2,24.0,20,240.0,56420.0,31.94,0.4701666666666667
14243044001,0,0,60.0,50.0,40.0,120000.0,10,33.0,24.0,13.0,2.55,10296.0,12.0,33.0,24.0,13.0,1,2,3,6,72.0,60,720.0,61776.0,15.299999999999999,0.5148
14243044001,0,1,60.0,50.0,40.0,120000.0,10,33.0,24.0,13.0,2.55,10296.0,12.0,33.0,13.0,24.0,1,3,1,3,36.0,30,360.0,30888.0,7.6499999999999995,0.2574
14243044001,0,2,60.0,50.0,40.0,120000.0,10,33.0,24.0,13.0,2.55,10296.0,12.0,13.0,33.0,24.0,4,1,1,4,48.0,40,480.0,41184.0,10.2,0.3432
14243044001,0,3,60.0,50.0,40.0,120000.0,10,33.0,24.0,13.0,2.55,10296.0,12.0,13.0,24.0,33.0,4,2,1,8,96.0,80,960.0,82368.0,20.4,0.6864
14243044001,0,4,60.0,50.0,40.0,120000.0,10,33.0,24.0,13.0,2.55,10296.0,12.0,24.0,13.0,33.0,2,3,1,6,72.0,60,720.0,61776.0,15.299999999999999,0.5148
14243044001,0,5,60.0,50.0,40.0,120000.0,10,33.0,24.0,13.0,2.55,10296.0,12.0,24.0,33.0,13.0,2,1,3,6,72.0,60,720.0,61776.0,15.299999999999999,0.5148
10002102001,0,0,60.0,50.0,40.0,120000.0,10,40.0,27.0,12.0,9.0,12960.0,24.0,40.0,27.0,12.0,1,1,3,3,72.0,30,720.0,38880.0,27.0,0.324
10002102001,0,1,60.0,50.0,40.0,120000.0,10,40.0,27.0,12.0,9.0,12960.0,24.0,40.0,12.0,27.0,1,4,1,4,96.0,40,960.0,51840.0,36.0,0.432
10002102001,0,2,60.0,50.0,40.0,120000.0,10,40.0,27.0,12.0,9.0,12960.0,24.0,12.0,40.0,27.0,5,1,1,5,120.0,50,1200.0,64800.0,45.0,0.54
10002102001,0,3,60.0,50.0,40.0,120000.0,10,40.0,27.0,12.0,9.0,12960.0,24.0,12.0,27.0,40.0,5,1,1,5,120.0,50,1200.0,64800.0,45.0,0.54
10002102001,0,4,60.0,50.0,40.0,120000.0,10,40.0,27.0,12.0,9.0,12960.0,24.0,27.0,12.0,40.0,2,4,1,8,192.0,80,1920.0,103680.0,72.0,0.864
10002102001,0,5,60.0,50.0,40.0,120000.0,10,40.0,27.0,12.0,9.0,12960.0,24.0,27.0,40.0,12.0,2,1,3,6,144.0,60,1440.0,77760.0,54.0,0.648
10012907001,0,0,60.0,50.0,40.0,120000.0,10,33.0,16.0,13.0,5.34,6864.0,24.0,33.0,16.0,13.0,1,3,3,9,216.0,90,2160.0,61776.0,48.06,0.5148
10012907001,0,1,60.0,50.0,40.0,120000.0,10,33.0,16.0,13.0,5.34,6864.0,24.0,33.0,13.0,16.0,1,3,2,6,144.0,60,1440.0,41184.0,32.04,0.3432
10012907001,0,2,60.0,50.0,40.0,120000.0,10,33.0,16.0,13.0,5.34,6864.0,24.0,13.0,33.0,16.0,4,1,2,8,192.0,80,1920.0,54912.0,42.72,0.4576
10012907001,0,3,60.0,50.0,40.0,120000.0,10,33.0,16.0,13.0,5.34,6864.0,24.0,13.0,16.0,33.0,4,3,1,12,288.0,120,2880.0,82368.0,64.08,0.6864
10012907001,0,4,60.0,50.0,40.0,120000.0,10,33.0,16.0,13.0,5.34,6864.0,24.0,16.0,13.0,33.0,3,3,1,9,216.0,90,2160.0,61776.0,48.06,0.5148
10012907001,0,5,60.0,50.0,40.0,120000.0,10,33.0,16.0,13.0,5.34,6864.0,24.0,16.0,33.0,13.0,3,1,3,9,216.0,90,2160.0,61776.0,48.06,0.5148
14603013001,0,0,60.0,50.0,40.0,120000.0,10,18.0,18.0,15.0,1.64,4860.0,10.0,18.0,18.0,15.0,3,2,2,12,120.0,120,1200.0,58320.0,19.68,0.486
14603013001,0,1,60.0,50.0,40.0,120000.0,10,18.0,18.0,15.0,1.64,4860.0,10.0,18.0,15.0,18.0,3,3,2,18,180.0,180,1800.0,87480.0,29.52,0.729
14603013001,0,2,60.0,50.0,40.0,120000.0,10,18.0,18.0,15.0,1.64,4860.0,10.0,15.0,18.0,18.0,4,2,2,16,160.0,160,1600.0,77760.0,26.24,0.648
14603013001,0,3,60.0,50.0,40.0,120000.0,10,18.0,18.0,15.0,1.64,4860.0,10.0,15.0,18.0,18.0,4,2,2,16,160.0,160,1600.0,77760.0,26.24,0.648
14603013001,0,4,60.0,50.0,40.0,120000.0,10,18.0,18.0,15.0,1.64,4860.0,10.0,18.0,15.0,18.0,3,3,2,18,180.0,180,1800.0,87480.0,29.52,0.729
14603013001,0,5,60.0,50.0,40.0,120000.0,10,18.0,18.0,15.0,1.64,4860.0,10.0,18.0,18.0,15.0,3,2,2,12,120.0,120,1200.0,58320.0,19.68,0.486
10041036001,0,0,60.0,50.0,40.0,120000.0,10,42.0,28.0,25.0,13.3,29400.0,24.0,42.0,28.0,25.0,1,1,1,1,24.0,10,240.0,29400.0,13.3,0.245
10041036001,0,1,60.0,50.0,40.0,120000.0,10,42.0,28.0,25.0,13.3,29400.0,24.0,42.0,25.0,28.0,1,2,1,2,48.0,20,480.0,58800.0,26.6,0.49
10041036001,0,2,60.0,50.0,40.0,120000.0,10,42.0,28.0,25.0,13.3,29400.0,24.0,25.0,42.0,28.0,2,1,1,2,48.0,20,480.0,58800.0,26.6,0.49
10041036001,0,5,60.0,50.0,40.0,120000.0,10,42.0,28.0,25.0,13.3,29400.0,24.0,28.0,42.0,25.0,2,1,1,2,48.0,20,480.0,58800.0,26.6,0.49
10030016001,0,0,60.0,50.0,40.0,120000.0,10,41.0,27.0,23.0,13.918,25461.0,24.0,41.0,27.0,23.0,1,1,1,1,24.0,10,240.0,25461.0,13.918,0.212175
10030016001,0,1,60.0,50.0,40.0,120000.0,10,41.0,27.0,23.0,13.918,25461.0,24.0,41.0,23.0,27.0,1,2,1,2,48.0,20,480.0,50922.0,27.836,0.42435
10030016001,0,2,60.0,50.0,40.0,120000.0,10,41.0,27.0,23.0,13.918,25461.0,24.0,23.0,41.0,27.0,2,1,1,2,48.0,20,480.0,50922.0,27.836,0.42435
10030016001,0,5,60.0,50.0,40.0,120000.0,10,41.0,27.0,23.0,13.918,25461.0,24.0,27.0,41.0,23.0,2,1,1,2,48.0,20,480.0,50922.0,27.836,0.42435
11021051002,0,0,60.0,50.0,40.0,120000.0,10,26.0,18.0,23.0,2.39,10764.0,6.0,26.0,18.0,23.0,2,2,1,4,24.0,40,240.0,43056.0,9.56,0.3588
11021051002,0,1,60.0,50.0,40.0,120000.0,10,26.0,18.0,23.0,2.39,10764.0,6.0,26.0,23.0,18.0,2,2,2,8,48.0,80,480.0,86112.0,19.12,0.7176
11021051002,0,2,60.0,50.0,40.0,120000.0,10,26.0,18.0,23.0,2.39,10764.0,6.0,23.0,26.0,18.0,2,1,2,4,24.0,40,240.0,43056.0,9.56,0.3588
11021051002,0,3,60.0,50.0,40.0,120000.0,10,26.0,18.0,23.0,2.39,10764.0,6.0,23.0,18.0,26.0,2,2,1,4,24.0,40,240.0,43056.0,9.56,0.3588
11021051002,0,4,60.0,50.0,40.0,120000.0,10,26.0,18.0,23.0,2.39,10764.0,6.0,18.0,23.0,26.0,3,2,1,6,36.0,60,360.0,64584.0,14.34,0.5382
11021051002,0,5,60.0,50.0,40.0,120000.0,10,26.0,18.0,23.0,2.39,10764.0,6.0,18.0,26.0,23.0,3,1,1,3,18.0,30,180.0,32292.0,7.17,0.2691
14502002001,0,0,60.0,50.0,40.0,120000.0,10,37.0,32.0,14.0,3.12,16576.0,30.0,37.0,32.0,14.0,1,1,2,2,60.0,20,600.0,33152.0,6.24,0.27626666666666666
14502002001,0,1,60.0,50.0,40.0,120000.0,10,37.0,32.0,14.0,3.12,16576.0,30.0,37.0,14.0,32.0,1,3,1,3,90.0,30,900.0,49728.0,9.36,0.4144
14502002001,0,2,60.0,50.0,40.0,120000.0,10,37.0,32.0,14.0,3.12,16576.0,30.0,14.0,37.0,32.0,4,1,1,4,120.0,40,1200.0,66304.0,12.48,0.5525333333333333
14502002001,0,3,60.0,50.0,40.0,120000.0,10,37.0,32.0,14.0,3.12,16576.0,30.0,14.0,32.0,37.0,4,1,1,4,120.0,40,1200.0,66304.0,12.48,0.5525333333333333
14502002001,0,4,60.0,50.0,40.0,120000.0,10,37.0,32.0,14.0,3.12,16576.0,30.0,32.0,14.0,37.0,1,3,1,3,90.0,30,900.0,49728.0,9.36,0.4144
14502002001,0,5,60.0,50.0,40.0,120000.0,10,37.0,32.0,14.0,3.12,16576.0,30.0,32.0,37.0,14.0,1,1,2,2,60.0,20,600.0,33152.0,6.24,0.27626666666666666
14504001001,0,0,60.0,50.0,40.0,120000.0,10,40.0,31.0,13.0,3.1,16120.0,30.0,40.0,31.0,13.0,1,1,3,3,90.0,30,900.0,48360.0,9.3,0.403
14504001001,0,1,60.0,50.0,40.0,120000.0,10,40.0,31.0,13.0,3.1,16120.0,30.0,40.0,13.0,31.0,1,3,1,3,90.0,30,900.0,48360.0,9.3,0.403
14504001001,0,2,60.0,50.0,40.0,120000.0,10,40.0,31.0,13.0,3.1,16120.0,30.0,13.0,40.0,31.0,4,1,1,4,120.0,40,1200.0,64480.0,12.4,0.5373333333333333
14504001001,0,3,60.0,50.0,40.0,120000.0,10,40.0,31.0,13.0,3.1,16120.0,30.0,13.0,31.0,40.0,4,1,1,4,120.0,40,1200.0,64480.0,12.4,0.5373333333333333
14504001001,0,4,60.0,50.0,40.0,120000.0,10,40.0,31.0,13.0,3.1,16120.0,30.0,31.0,13.0,40.0,1,3,1,3,90.0,30,900.0,48360.0,9.3,0.403
14504001001,0,5,60.0,50.0,40.0,120000.0,10,40.0,31.0,13.0,3.1,16120.0,30.0,31.0,40.0,13.0,1,1,3,3,90.0,30,900.0,48360.0,9.3,0.403
10021001001,0,0,60.0,50.0,40.0,120000.0,10,41.0,28.0,10.0,6.48,11480.0,24.0,41.0,28.0,10.0,1,1,4,4,96.0,40,960.0,45920.0,25.92,0.38266666666666665
10021001001,0,1,60.0,50.0,40.0,120000.0,10,41.0,28.0,10.0,6.48,11480.0,24.0,41.0,10.0,28.0,1,5,1,5,120.0,50,1200.0,57400.0,32.400000000000006,0.47833333333333333
10021001001,0,2,60.0,50.0,40.0,120000.0,10,41.0,28.0,10.0,6.48,11480.0,24.0,10.0,41.0,28.0,6,1,1,6,144.0,60,1440.0,68880.0,38.88,0.574
10021001001,0,5,60.0,50.0,40.0,120000.0,10,41.0,28.0,10.0,6.48,11480.0,24.0,28.0,41.0,10.0,2,1,4,8,192.0,80,1920.0,91840.0,51.84,0.7653333333333333
14121115001,0,0,60.0,50.0,40.0,120000.0,10,35.0,29.0,24.0,3.1,24360.0,10.0,35.0,29.0,24.0,1,1,1,1,10.0,10,100.0,24360.0,3.1,0.203
14121115001,0,1,60.0,50.0,40.0,120000.0,10,35.0,29.0,24.0,3.1,24360.0,10.0,35.0,24.0,29.0,1,2,1,2,20.0,20,200.0,48720.0,6.2,0.406
14121115001,0,2,60.0,50.0,40.0,120000.0,10,35.0,29.0,24.0,3.1,24360.0,10.0,24.0,35.0,29.0,2,1,1,2,20.0,20,200.0,48720.0,6.2,0.406
14121115001,0,3,60.0,50.0,40.0,120000.0,10,35.0,29.0,24.0,3.1,24360.0,10.0,24.0,29.0,35.0,2,1,1,2,20.0,20,200.0,48720.0,6.2,0.406
14121115001,0,4,60.0,50.0,40.0,120000.0,10,35.0,29.0,24.0,3.1,24360.0,10.0,29.0,24.0,35.0,2,2,1,4,40.0,40,400.0,97440.0,12.4,0.812
14121115001,0,5,60.0,50.0,40.0,120000.0,10,35.0,29.0,24.0,3.1,24360.0,10.0,29.0,35.0,24.0,2,1,1,2,20.0,20,200.0,48720.0,6.2,0.406
10030045001,0,0,60.0,50.0,40.0,120000.0,10,42.0,28.0,23.0,14.24,27048.0,24.0,42.0,28.0,23.0,1,1,1,1,24.0,10,240.0,27048.0,14.24,0.2254
10030045001,0,1,60.0,50.0,40.0,120000.0,10,42.0,28.0,23.0,14.24,27048.0,24.0,42.0,23.0,28.0,1,2,1,2,48.0,20,480.0,54096.0,28.48,0.4508
10030045001,0,2,60.0,50.0,40.0,120000.0,10,42.0,28.0,23.0,14.24,27048.0,24.0,23.0,42.0,28.0,2,1,1,2,48.0,20,480.0,54096.0,28.48,0.4508
10030045001,0,5,60.0,50.0,40.0,120000.0,10,42.0,28.0,23.0,14.24,27048.0,24.0,28.0,42.0,23.0,2,1,1,2,48.0,20,480.0,54096.0,28.48,0.4508
12202007001,0,0,60.0,50.0,40.0,120000.0,10,31.0,21.0,22.0,1.0,14322.0,1.0,31.0,21.0,22.0,1,2,1,2,2.0,20,20.0,28644.0,2.0,0.2387
12202007001,0,1,60.0,50.0,40.0,120000.0,10,31.0,21.0,22.0,1.0,14322.0,1.0,31.0,22.0,21.0,1,2,1,2,2.0,20,20.0,28644.0,2.0,0.2387
12202007001,0,2,60.0,50.0,40.0,120000.0,10,31.0,21.0,22.0,1.0,14322.0,1.0,22.0,31.0,21.0,2,1,1,2,2.0,20,20.0,28644.0,2.0,0.2387
12202007001,0,3,60.0,50.0,40.0,120000.0,10,31.0,21.0,22.0,1.0,14322.0,1.0,22.0,21.0,31.0,2,2,1,4,4.0,40,40.0,57288.0,4.0,0.4774
12202007001,0,4,60.0,50.0,40.0,120000.0,10,31.0,21.0,22.0,1.0,14322.0,1.0,21.0,22.0,31.0,2,2,1,4,4.0,40,40.0,57288.0,4.0,0.4774
12202007001,0,5,60.0,50.0,40.0,120000.0,10,31.0,21.0,22.0,1.0,14322.0,1.0,21.0,31.0,22.0,2,1,1,2,2.0,20,20.0,28644.0,2.0,0.2387
14222046001,0,0,60.0,50.0,40.0,120000.0,10,48.0,28.0,18.0,3.69,24192.0,10.0,48.0,28.0,18.0,1,1,2,2,20.0,20,200.0,48384.0,7.38,0.4032
14222046001,0,1,60.0,50.0,40.0,120000.0,10,48.0,28.0,18.0,3.69,24192.0,10.0,48.0,18.0,28.0,1,2,1,2,20.0,20,200.0,48384.0,7.38,0.4032
14222046001,0,2,60.0,50.0,40.0,120000.0,10,48.0,28.0,18.0,3.69,24192.0,10.0,18.0,48.0,28.0,3,1,1,3,30.0,30,300.0,72576.0,11.07,0.6048
14222046001,0,5,60.0,50.0,40.0,120000.0,10,48.0,28.0,18.0,3.69,24192.0,10.0,28.0,48.0,18.0,2,1,2,4,40.0,40,400.0,96768.0,14.76,0.8064
12103156001,0,0,60.0,50.0,40.0,120000.0,10,34.0,22.0,24.0,1.21,17952.0,48.0,34.0,22.0,24.0,1,2,1,2,96.0,20,960.0,35904.0,2.42,0.2992
12103156001,0,1,60.0,50.0,40.0,120000.0,10,34.0,22.0,24.0,1.21,17952.0,48.0,34.0,24.0,22.0,1,2,1,2,96.0,20,960.0,35904.0,2.42,0.2992
12103156001,0,2,60.0,50.0,40.0,120000.0,10,34.0,22.0,24.0,1.21,17952.0,48.0,24.0,34.0,22.0,2,1,1,2,96.0,20,960.0,35904.0,2.42,0.2992
12103156001,0,3,60.0,50.0,40.0,120000.0,10,34.0,22.0,24.0,1.21,17952.0,48.0,24.0,22.0,34.0,2,2,1,4,192.0,40,1920.0,71808.0,4.84,0.5984
12103156001,0,4,60.0,50.0,40.0,120000.0,10,34.0,22.0,24.0,1.21,17952.0,48.0,22.0,24.0,34.0,2,2,1,4,192.0,40,1920.0,71808.0,4.84,0.5984
12103156001,0,5,60.0,50.0,40.0,120000.0,10,34.0,22.0,24.0,1.21,17952.0,48.0,22.0,34.0,24.0,2,1,1,2,96.0,20,960.0,35904.0,2.42,0.2992
15022009001,0,0,60.0,50.0,40.0,120000.0,10,36.0,24.0,13.0,6.4,11232.0,24.0,36.0,24.0,13.0,1,2,3,6,144.0,60,1440.0,67392.0,38.400000000000006,0.5616
15022009001,0,1,60.0,50.0,40.0,120000.0,10,36.0,24.0,13.0,6.4,11232.0,24.0,36.0,13.0,24.0,1,3,1,3,72.0,30,720.0,33696.0,19.200000000000003,0.2808
15022009001,0,2,60.0,50.0,40.0,120000.0,10,36.0,24.0,13.0,6.4,11232.0,24.0,13.0,36.0,24.0,4,1,1,4,96.0,40,960.0,44928.0,25.6,0.3744
15022009001,0,3,60.0,50.0,40.0,120000.0,10,36.0,24.0,13.0,6.4,11232.0,24.0,13.0,24.0,36.0,4,2,1,8,192.0,80,1920.0,89856.0,51.2,0.7488
15022009001,0,4,60.0,50.0,40.0,120000.0,10,36.0,24.0,13.0,6.4,11232.0,24.0,24.0,13.0,36.0,2,3,1,6,144.0,60,1440.0,67392.0,38.400000000000006,0.5616
15022009001,0,5,60.0,50.0,40.0,120000.0,10,36.0,24.0,13.0,6.4,11232.0,24.0,24.0,36.0,13.0,2,1,3,6,144.0,60,1440.0,67392.0,38.400000000000006,0.5616
10034050001,0,0,60.0,50.0,40.0,120000.0,10,41.0,27.0,12.0,8.5,13284.0,24.0,41.0,27.0,12.0,1,1,3,3,72.0,30,720.0,39852.0,25.5,0.3321
10034050001,0,1,60.0,50.0,40.0,120000.0,10,41.0,27.0,12.0,8.5,13284.0,24.0,41.0,12.0,27.0,1,4,1,4,96.0,40,960.0,53136.0,34.0,0.4428
10034050001,0,2,60.0,50.0,40.0,120000.0,10,41.0,27.0,12.0,8.5,13284.0,24.0,12.0,41.0,27.0,5,1,1,5,120.0,50,1200.0,66420.0,42.5,0.5535
10034050001,0,5,60.0,50.0,40.0,120000.0,10,41.0,27.0,12.0,8.5,13284.0,24.0,27.0,41.0,12.0,2,1,3,6,144.0,60,1440.0,79704.0,51.0,0.6642
14630016001,0,0,60.0,50.0,40.0,120000.0,10,30.0,18.0,22.0,6.95,11880.0,12.0,30.0,18.0,22.0,2,2,1,4,48.0,40,480.0,47520.0,27.8,0.396
14630016001,0,1,60.0,50.0,40.0,120000.0,10,30.0,18.0,22.0,6.95,11880.0,12.0,30.0,22.0,18.0,2,2,2,8,96.0,80,960.0,95040.0,55.6,0.792
14630016001,0,2,60.0,50.0,40.0,120000.0,10,30.0,18.0,22.0,6.95,11880.0,12.0,22.0,30.0,18.0,2,1,2,4,48.0,40,480.0,47520.0,27.8,0.396
14630016001,0,3,60.0,50.0,40.0,120000.0,10,30.0,18.0,22.0,6.95,11880.0,12.0,22.0,18.0,30.0,2,2,1,4,48.0,40,480.0,47520.0,27.8,0.396
14630016001,0,4,60.0,50.0,40.0,120000.0,10,30.0,18.0,22.0,6.95,11880.0,12.0,18.0,22.0,30.0,3,2,1,6,72.0,60,720.0,71280.0,41.7,0.594
14630016001,0,5,60.0,50.0,40.0,120000.0,10,30.0,18.0,22.0,6.95,11880.0,12.0,18.0,30.0,22.0,3,1,1,3,36.0,30,360.0,35640.0,20.85,0.297
12023094001,0,0,60.0,50.0,40.0,120000.0,10,34.0,24.0,18.0,4.07,14688.0,12.0,34.0,24.0,18.0,1,2,2,4,48.0,40,480.0,58752.0,16.28,0.4896
12023094001,0,1,60.0,50.0,40.0,120000.0,10,34.0,24.0,18.0,4.07,14688.0,12.0,34.0,18.0,24.0,1,2,1,2,24.0,20,240.0,29376.0,8.14,0.2448
12023094001,0,2,60.0,50.0,40.0,120000.0,10,34.0,24.0,18.0,4.07,14688.0,12.0,18.0,34.0,24.0,3,1,1,3,36.0,30,360.0,44064.0,12.21,0.3672
12023094001,0,3,60.0,50.0,40.0,120000.0,10,34.0,24.0,18.0,4.07,14688.0,12.0,18.0,24.0,34.0,3,2,1,6,72.0,60,720.0,88128.0,24.42,0.7344
12023094001,0,4,60.0,50.0,40.0,120000.0,10,34.0,24.0,18.0,4.07,14688.0,12.0,24.0,18.0,34.0,2,2,1,4,48.0,40,480.0,58752.0,16.28,0.4896
12023094001,0,5,60.0,50.0,40.0,120000.0,10,34.0,24.0,18.0,4.07,14688.0,12.0,24.0,34.0,18.0,2,1,2,4,48.0,40,480.0,58752.0,16.28,0.4896
14615108001,0,0,60.0,50.0,40.0,120000.0,10,25.0,19.0,26.0,6.81,12350.0,12.0,25.0,19.0,26.0,2,2,1,4,48.0,40,480.0,49400.0,27.24,0.4116666666666667
14615108001,0,1,60.0,50.0,40.0,120000.0,10,25.0,19.0,26.0,6.81,12350.0,12.0,25.0,26.0,19.0,2,1,2,4,48.0,40,480.0,49400.0,27.24,0.4116666666666667
14615108001,0,2,60.0,50.0,40.0,120000.0,10,25.0,19.0,26.0,6.81,12350.0,12.0,26.0,25.0,19.0,2,2,2,8,96.0,80,960.0,98800.0,54.48,0.8233333333333334
14615108001,0,3,60.0,50.0,40.0,120000.0,10,25.0,19.0,26.0,6.81,12350.0,12.0,26.0,19.0,25.0,2,2,1,4,48.0,40,480.0,49400.0,27.24,0.4116666666666667
14615108001,0,4,60.0,50.0,40.0,120000.0,10,25.0,19.0,26.0,6.81,12350.0,12.0,19.0,26.0,25.0,3,1,1,3,36.0,30,360.0,37050.0,20.43,0.30875
14615108001,0,5,60.0,50.0,40.0,120000.0,10,25.0,19.0,26.0,6.81,12350.0,12.0,19.0,25.0,26.0,3,2,1,6,72.0,60,720.0,74100.0,40.86,0.6175
14003029001,0,0,60.0,50.0,40.0,120000.0,10,37.0,36.0,24.0,5.17,31968.0,18.0,37.0,36.0,24.0,1,1,1,1,18.0,10,180.0,31968.0,5.17,0.2664
14003029001,0,1,60.0,50.0,40.0,120000.0,10,37.0,36.0,24.0,5.17,31968.0,18.0,37.0,24.0,36.0,1,2,1,2,36.0,20,360.0,63936.0,10.34,0.5328
14003029001,0,2,60.0,50.0,40.0,120000.0,10,37.0,36.0,24.0,5.17,31968.0,18.0,24.0,37.0,36.0,2,1,1,2,36.0,20,360.0,63936.0,10.34,0.5328
14003029001,0,3,60.0,50.0,40.0,120000.0,10,37.0,36.0,24.0,5.17,31968.0,18.0,24.0,36.0,37.0,2,1,1,2,36.0,20,360.0,63936.0,10.34,0.5328
14003029001,0,4,60.0,50.0,40.0,120000.0,10,37.0,36.0,24.0,5.17,31968.0,18.0,36.0,24.0,37.0,1,2,1,2,36.0,20,360.0,63936.0,10.34,0.5328
14003029001,0,5,60.0,50.0,40.0,120000.0,10,37.0,36.0,24.0,5.17,31968.0,18.0,36.0,37.0,24.0,1,1,1,1,18.0,10,180.0,31968.0,5.17,0.2664
10011001001,0,0,60.0,50.0,40.0,120000.0,10,34.0,20.0,11.0,6.59,7480.0,24.0,34.0,20.0,11.0,1,2,3,6,144.0,60,1440.0,44880.0,39.54,0.374
10011001001,0,1,60.0,50.0,40.0,120000.0,10,34.0,20.0,11.0,6.59,7480.0,24.0,34.0,11.0,20.0,1,4,2,8,192.0,80,1920.0,59840.0,52.72,0.49866666666666665
10011001001,0,2,60.0,50.0,40.0,120000.0,10,34.0,20.0,11.0,6.59,7480.0,24.0,11.0,34.0,20.0,5,1,2,10,240.0,100,2400.0,74800.0,65.9,0.6233333333333333
10011001001,0,3,60.0,50.0,40.0,120000.0,10,34.0,20.0,11.0,6.59,7480.0,24.0,11.0,20.0,34.0,5,2,1,10,240.0,100,2400.0,74800.0,65.9,0.6233333333333333
10011001001,0,4,60.0,50.0,40.0,120000.0,10,34.0,20.0,11.0,6.59,7480.0,24.0,20.0,11.0,34.0,3,4,1,12,288.0,120,2880.0,89760.0,79.08,0.748
10011001001,0,5,60.0,50.0,40.0,120000.0,10,34.0,20.0,11.0,6.59,7480.0,24.0,20.0,34.0,11.0,3,1,3,9,216.0,90,2160.0,67320.0,59.31,0.561
11110101001,0,0,60.0,50.0,40.0,120000.0,10,29.0,22.0,30.0,10.05,19140.0,8.0,29.0,22.0,30.0,2,2,1,4,32.0,40,320.0,76560.0,40.2,0.638
11110101001,0,1,60.0,50.0,40.0,120000.0,10,29.0,22.0,30.0,10.05,19140.0,8.0,29.0,30.0,22.0,2,1,1,2,16.0,20,160.0,38280.0,20.1,0.319
11110101001,0,2,60.0,50.0,40.0,120000.0,10,29.0,22.0,30.0,10.05,19140.0,8.0,30.0,29.0,22.0,2,1,1,2,16.0,20,160.0,38280.0,20.1,0.319
11110101001,0,3,60.0,50.0,40.0,120000.0,10,29.0,22.0,30.0,10.05,19140.0,8.0,30.0,22.0,29.0,2,2,1,4,32.0,40,320.0,76560.0,40.2,0.638
11110101001,0,4,60.0,50.0,40.0,120000.0,10,29.0,22.0,30.0,10.05,19140.0,8.0,22.0,30.0,29.0,2,1,1,2,16.0,20,160.0,38280.0,20.1,0.319
11110101001,0,5,60.0,50.0,40.0,120000.0,10,29.0,22.0,30.0,10.05,19140.0,8.0,22.0,29.0,30.0,2,1,1,2,16.0,20,160.0,38280.0,20.1,0.319
14011059001,0,0,60.0,50.0,40.0,120000.0,10,43.0,33.0,20.0,2.32,28380.0,6.0,43.0,33.0,20.0,1,1,2,2,12.0,20,120.0,56760.0,4.64,0.473
14011059001,0,1,60.0,50.0,40.0,120000.0,10,43.0,33.0,20.0,2.32,28380.0,6.0,43.0,20.0,33.0,1,2,1,2,12.0,20,120.0,56760.0,4.64,0.473
14011059001,0,2,60.0,50.0,40.0,120000.0,10,43.0,33.0,20.0,2.32,28380.0,6.0,20.0,43.0,33.0,3,1,1,3,18.0,30,180.0,85140.0,6.959999999999999,0.7095
14011059001,0,5,60.0,50.0,40.0,120000.0,10,43.0,33.0,20.0,2.32,28380.0,6.0,33.0,43.0,20.0,1,1,2,2,12.0,20,120.0,56760.0,4.64,0.473
10022918001,0,0,60.0,50.0,40.0,120000.0,10,32.0,22.0,14.0,6.926,9856.0,24.0,32.0,22.0,14.0,1,2,2,4,96.0,40,960.0,39424.0,27.704,0.32853333333333334
10022918001,0,1,60.0,50.0,40.0,120000.0,10,32.0,22.0,14.0,6.926,9856.0,24.0,32.0,14.0,22.0,1,3,1,3,72.0,30,720.0,29568.0,20.778,0.2464
10022918001,0,2,60.0,50.0,40.0,120000.0,10,32.0,22.0,14.0,6.926,9856.0,24.0,14.0,32.0,22.0,4,1,1,4,96.0,40,960.0,39424.0,27.704,0.32853333333333334
10022918001,0,3,60.0,50.0,40.0,120000.0,10,32.0,22.0,14.0,6.926,9856.0,24.0,14.0,22.0,32.0,4,2,1,8,192.0,80,1920.0,78848.0,55.408,0.6570666666666667
10022918001,0,4,60.0,50.0,40.0,120000.0,10,32.0,22.0,14.0,6.926,9856.0,24.0,22.0,14.0,32.0,2,3,1,6,144.0,60,1440.0,59136.0,41.556,0.4928
10022918001,0,5,60.0,50.0,40.0,120000.0,10,32.0,22.0,14.0,6.926,9856.0,24.0,22.0,32.0,14.0,2,1,2,4,96.0,40,960.0,39424.0,27.704,0.32853333333333334
11021095001,0,0,60.0,50.0,40.0,120000.0,10,34.0,23.0,23.0,4.47,17986.0,6.0,34.0,23.0,23.0,1,2,1,2,12.0,20,120.0,35972.0,8.94,0.2997666666666667
11021095001,0,1,60.0,50.0,40.0,120000.0,10,34.0,23.0,23.0,4.47,17986.0,6.0,34.0,23.0,23.0,1,2,1,2,12.0,20,120.0,35972.0,8.94,0.2997666666666667
11021095001,0,2,60.0,50.0,40.0,120000.0,10,34.0,23.0,23.0,4.47,17986.0,6.0,23.0,34.0,23.0,2,1,1,2,12.0,20,120.0,35972.0,8.94,0.2997666666666667
11021095001,0,3,60.0,50.0,40.0,120000.0,10,34.0,23.0,23.0,4.47,17986.0,6.0,23.0,23.0,34.0,2,2,1,4,24.0,40,240.0,71944.0,17.88,0.5995333333333334
11021095001,0,4,60.0,50.0,40.0,120000.0,10,34.0,23.0,23.0,4.47,17986.0,6.0,23.0,23.0,34.0,2,2,1,4,24.0,40,240.0,71944.0,17.88,0.5995333333333334
11021095001,0,5,60.0,50.0,40.0,120000.0,10,34.0,23.0,23.0,4.47,17986.0,6.0,23.0,34.0,23.0,2,1,1,2,12.0,20,120.0,35972.0,8.94,0.2997666666666667
14616054001,0,0,60.0,50.0,40.0,120000.0,10,33.0,25.0,26.0,12.28,21450.0,12.0,33.0,25.0,26.0,1,2,1,2,24.0,20,240.0,42900.0,24.56,0.3575
14616054001,0,1,60.0,50.0,40.0,120000.0,10,33.0,25.0,26.0,12.28,21450.0,12.0,33.0,26.0,25.0,1,1,1,1,12.0,10,120.0,21450.0,12.28,0.17875
14616054001,0,2,60.0,50.0,40.0,120000.0,10,33.0,25.0,26.0,12.28,21450.0,12.0,26.0,33.0,25.0,2,1,1,2,24.0,20,240.0,42900.0,24.56,0.3575
14616054001,0,3,60.0,50.0,40.0,120000.0,10,33.0,25.0,26.0,12.28,21450.0,12.0,26.0,25.0,33.0,2,2,1,4,48.0,40,480.0,85800.0,49.12,0.715
14616054001,0,4,60.0,50.0,40.0,120000.0,10,33.0,25.0,26.0,12.28,21450.0,12.0,25.0,26.0,33.0,2,1,1,2,24.0,20,240.0,42900.0,24.56,0.3575
14616054001,0,5,60.0,50.0,40.0,120000.0,10,33.0,25.0,26.0,12.28,21450.0,12.0,25.0,33.0,26.0,2,1,1,2,24.0,20,240.0,42900.0,24.56,0.3575
14121136001,0,0,60.0,50.0,40.0,120000.0,10,50.0,21.0,23.0,3.68,24150.0,12.0,50.0,21.0,23.0,1,2,1,2,24.0,20,240.0,48300.0,7.36,0.4025
14121136001,0,1,60.0,50.0,40.0,120000.0,10,50.0,21.0,23.0,3.68,24150.0,12.0,50.0,23.0,21.0,1,2,1,2,24.0,20,240.0,48300.0,7.36,0.4025
14121136001,0,2,60.0,50.0,40.0,120000.0,10,50.0,21.0,23.0,3.68,24150.0,12.0,23.0,50.0,21.0,2,1,1,2,24.0,20,240.0,48300.0,7.36,0.4025
14121136001,0,5,60.0,50.0,40.0,120000.0,10,50.0,21.0,23.0,3.68,24150.0,12.0,21.0,50.0,23.0,2,1,1,2,24.0,20,240.0,48300.0,7.36,0.4025
14805004001,0,0,60.0,50.0,40.0,120000.0,10,41.0,28.0,10.0,8.06,11480.0,24.0,41.0,28.0,10.0,1,1,4,4,96.0,40,960.0,45920.0,32.24,0.38266666666666665
14805004001,0,1,60.0,50.0,40.0,120000.0,10,41.0,28.0,10.0,8.06,11480.0,24.0,41.0,10.0,28.0,1,5,1,5,120.0,50,1200.0,57400.0,40.300000000000004,0.47833333333333333
14805004001,0,2,60.0,50.0,40.0,120000.0,10,41.0,28.0,10.0,8.06,11480.0,24.0,10.0,41.0,28.0,6,1,1,6,144.0,60,1440.0,68880.0,48.36,0.574
14805004001,0,5,60.0,50.0,40.0,120000.0,10,41.0,28.0,10.0,8.06,11480.0,24.0,28.0,41.0,10.0,2,1,4,8,192.0,80,1920.0,91840.0,64.48,0.7653333333333333
12103049001,0,0,60.0,50.0,40.0,120000.0,10,22.0,5.0,3.0,0.03,330.0,1.0,22.0,5.0,3.0,2,10,13,260,260.0,2600,2600.0,85800.0,7.8,0.715
12103049001,0,1,60.0,50.0,40.0,120000.0,10,22.0,5.0,3.0,0.03,330.0,1.0,22.0,3.0,5.0,2,16,8,256,256.0,2560,2560.0,84480.0,7.68,0.704
12103049001,0,2,60.0,50.0,40.0,120000.0,10,22.0,5.0,3.0,0.03,330.0,1.0,3.0,22.0,5.0,20,2,8,320,320.0,3200,3200.0,105600.0,9.6,0.88
12103049001,0,3,60.0,50.0,40.0,120000.0,10,22.0,5.0,3.0,0.03,330.0,1.0,3.0,5.0,22.0,20,10,1,200,200.0,2000,2000.0,66000.0,6.0,0.55
12103049001,0,4,60.0,50.0,40.0,120000.0,10,22.0,5.0,3.0,0.03,330.0,1.0,5.0,3.0,22.0,12,16,1,192,192.0,1920,1920.0,63360.0,5.76,0.528
12103049001,0,5,60.0,50.0,40.0,120000.0,10,22.0,5.0,3.0,0.03,330.0,1.0,5.0,22.0,3.0,12,2,13,312,312.0,3120,3120.0,102960.0,9.36,0.858
14511056001,0,0,60.0,50.0,40.0,120000.0,10,35.0,24.0,5.0,2.5,4200.0,1.0,35.0,24.0,5.0,1,2,8,16,16.0,160,160.0,67200.0,40.0,0.56
14511056001,0,1,60.0,50.0,40.0,120000.0,10,35.0,24.0,5.0,2.5,4200.0,1.0,35.0,5.0,24.0,1,10,1,10,10.0,100,100.0,42000.0,25.0,0.35
14511056001,0,2,60.0,50.0,40.0,120000.0,10,35.0,24.0,5.0,2.5,4200.0,1.0,5.0,35.0,24.0,12,1,1,12,12.0,120,120.0,50400.0,30.0,0.42
14511056001,0,3,60.0,50.0,40.0,120000.0,10,35.0,24.0,5.0,2.5,4200.0,1.0,5.0,24.0,35.0,12,2,1,24,24.0,240,240.0,100800.0,60.0,0.84
14511056001,0,4,60.0,50.0,40.0,120000.0,10,35.0,24.0,5.0,2.5,4200.0,1.0,24.0,5.0,35.0,2,10,1,20,20.0,200,200.0,84000.0,50.0,0.7
14511056001,0,5,60.0,50.0,40.0,120000.0,10,35.0,24.0,5.0,2.5,4200.0,1.0,24.0,35.0,5.0,2,1,8,16,16.0,160,160.0,67200.0,40.0,0.56
12200006001,0,0,60.0,50.0,40.0,120000.0,10,21.0,9.0,31.0,1.0,5859.0,1.0,21.0,9.0,31.0,2,5,1,10,10.0,100,100.0,58590.0,10.0,0.48825
12200006001,0,1,60.0,50.0,40.0,120000.0,10,21.0,9.0,31.0,1.0,5859.0,1.0,21.0,31.0,9.0,2,1,4,8,8.0,80,80.0,46872.0,8.0,0.3906
12200006001,0,2,60.0,50.0,40.0,120000.0,10,21.0,9.0,31.0,1.0,5859.0,1.0,31.0,21.0,9.0,1,2,4,8,8.0,80,80.0,46872.0,8.0,0.3906
12200006001,0,3,60.0,50.0,40.0,120000.0,10,21.0,9.0,31.0,1.0,5859.0,1.0,31.0,9.0,21.0,1,5,1,5,5.0,50,50.0,29295.0,5.0,0.244125
12200006001,0,4,60.0,50.0,40.0,120000.0,10,21.0,9.0,31.0,1.0,5859.0,1.0,9.0,31.0,21.0,6,1,1,6,6.0,60,60.0,35154.0,6.0,0.29295
12200006001,0,5,60.0,50.0,40.0,120000.0,10,21.0,9.0,31.0,1.0,5859.0,1.0,9.0,21.0,31.0,6,2,1,12,12.0,120,120.0,70308.0,12.0,0.5859
14362033001,0,0,60.0,50.0,40.0,120000.0,10,32.0,29.0,32.0,4.986,29696.0,12.0,32.0,29.0,32.0,1,1,1,1,12.0,10,120.0,29696.0,4.986,0.24746666666666667
14362033001,0,1,60.0,50.0,40.0,120000.0,10,32.0,29.0,32.0,4.986,29696.0,12.0,32.0,32.0,29.0,1,1,1,1,12.0,10,120.0,29696.0,4.986,0.24746666666666667
14362033001,0,2,60.0,50.0,40.0,120000.0,10,32.0,29.0,32.0,4.986,29696.0,12.0,32.0,32.0,29.0,1,1,1,1,12.0,10,120.0,29696.0,4.986,0.24746666666666667
14362033001,0,3,60.0,50.0,40.0,120000.0,10,32.0,29.0,32.0,4.986,29696.0,12.0,32.0,29.0,32.0,1,1,1,1,12.0,10,120.0,29696.0,4.986,0.24746666666666667
14362033001,0,4,60.0,50.0,40.0,120000.0,10,32.0,29.0,32.0,4.986,29696.0,12.0,29.0,32.0,32.0,2,1,1,2,24.0,20,240.0,59392.0,9.972,0.49493333333333334
14362033001,0,5,60.0,50.0,40.0,120000.0,10,32.0,29.0,32.0,4.986,29696.0,12.0,29.0,32.0,32.0,2,1,1,2,24.0,20,240.0,59392.0,9.972,0.49493333333333334
12201099001,0,0,60.0,50.0,40.0,120000.0,10,48.0,36.0,36.0,10.636,62208.0,60.0,48.0,36.0,36.0,1,1,1,1,60.0,10,600.0,62208.0,10.636,0.5184
12201099001,0,1,60.0,50.0,40.0,120000.0,10,48.0,36.0,36.0,10.636,62208.0,60.0,48.0,36.0,36.0,1,1,1,1,60.0,10,600.0,62208.0,10.636,0.5184
12201099001,0,2,60.0,50.0,40.0,120000.0,10,48.0,36.0,36.0,10.636,62208.0,60.0,36.0,48.0,36.0,1,1,1,1,60.0,10,600.0,62208.0,10.636,0.5184
12201099001,0,5,60.0,50.0,40.0,120000.0,10,48.0,36.0,36.0,10.636,62208.0,60.0,36.0,48.0,36.0,1,1,1,1,60.0,10,600.0,62208.0,10.636,0.5184
14833024001,0,0,60.0,50.0,40.0,120000.0,10,31.0,24.0,11.0,5.08,8184.0,24.0,31.0,24.0,11.0,1,2,3,6,144.0,60,1440.0,49104.0,30.48,0.4092
14833024001,0,1,60.0,50.0,40.0,120000.0,10,31.0,24.0,11.0,5.08,8184.0,24.0,31.0,11.0,24.0,1,4,1,4,96.0,40,960.0,32736.0,20.32,0.2728
14833024001,0,2,60.0,50.0,40.0,120000.0,10,31.0,24.0,11.0,5.08,8184.0,24.0,11.0,31.0,24.0,5,1,1,5,120.0,50,1200.0,40920.0,25.4,0.341
14833024001,0,3,60.0,50.0,40.0,120000.0,10,31.0,24.0,11.0,5.08,8184.0,24.0,11.0,24.0,31.0,5,2,1,10,240.0,100,2400.0,81840.0,50.8,0.682
14833024001,0,4,60.0,50.0,40.0,120000.0,10,31.0,24.0,11.0,5.08,8184.0,24.0,24.0,11.0,31.0,2,4,1,8,192.0,80,1920.0,65472.0,40.64,0.5456
14833024001,0,5,60.0,50.0,40.0,120000.0,10,31.0,24.0,11.0,5.08,8184.0,24.0,24.0,31.0,11.0,2,1,3,6,144.0,60,1440.0,49104.0,30.48,0.4092
15021060001,0,0,60.0,50.0,40.0,120000.0,10,35.0,20.0,9.0,5.3,6300.0,24.0,35.0,20.0,9.0,1,2,4,8,192.0,80,1920.0,50400.0,42.4,0.42
15021060001,0,1,60.0,50.0,40.0,120000.0,10,35.0,20.0,9.0,5.3,6300.0,24.0,35.0,9.0,20.0,1,5,2,10,240.0,100,2400.0,63000.0,53.0,0.525
15021060001,0,2,60.0,50.0,40.0,120000.0,10,35.0,20.0,9.0,5.3,6300.0,24.0,9.0,35.0,20.0,6,1,2,12,288.0,120,2880.0,75600.0,63.599999999999994,0.63
15021060001,0,3,60.0,50.0,40.0,120000.0,10,35.0,20.0,9.0,5.3,6300.0,24.0,9.0,20.0,35.0,6,2,1,12,288.0,120,2880.0,75600.0,63.599999999999994,0.63
15021060001,0,4,60.0,50.0,40.0,120000.0,10,35.0,20.0,9.0,5.3,6300.0,24.0,20.0,9.0,35.0,3,5,1,15,360.0,150,3600.0,94500.0,79.5,0.7875
15021060001,0,5,60.0,50.0,40.0,120000.0,10,35.0,20.0,9.0,5.3,6300.0,24.0,20.0,35.0,9.0,3,1,4,12,288.0,120,2880.0,75600.0,63.599999999999994,0.63
10031031001,0,0,60.0,50.0,40.0,120000.0,10,35.0,21.0,12.0,6.66,8820.0,24.0,35.0,21.0,12.0,1,2,3,6,144.0,60,1440.0,52920.0,39.96,0.441
10031031001,0,1,60.0,50.0,40.0,120000.0,10,35.0,21.0,12.0,6.66,8820.0,24.0,35.0,12.0,21.0,1,4,1,4,96.0,40,960.0,35280.0,26.64,0.294
10031031001,0,2,60.0,50.0,40.0,120000.0,10,35.0,21.0,12.0,6.66,8820.0,24.0,12.0,35.0,21.0,5,1,1,5,120.0,50,1200.0,44100.0,33.3,0.3675
10031031001,0,3,60.0,50.0,40.0,120000.0,10,35.0,21.0,12.0,6.66,8820.0,24.0,12.0,21.0,35.0,5,2,1,10,240.0,100,2400.0,88200.0,66.6,0.735
10031031001,0,4,60.0,50.0,40.0,120000.0,10,35.0,21.0,12.0,6.66,8820.0,24.0,21.0,12.0,35.0,2,4,1,8,192.0,80,1920.0,70560.0,53.28,0.588
10031031001,0,5,60.0,50.0,40.0,120000.0,10,35.0,21.0,12.0,6.66,8820.0,24.0,21.0,35.0,12.0,2,1,3,6,144.0,60,1440.0,52920.0,39.96,0.441
14510139001,0,0,60.0,50.0,40.0,120000.0,10,35.0,24.0,5.0,9.0,4200.0,1.0,35.0,24.0,5.0,1,2,8,16,16.0,160,160.0,67200.0,144.0,0.56
14510139001,0,1,60.0,50.0,40.0,120000.0,10,35.0,24.0,5.0,9.0,4200.0,1.0,35.0,5.0,24.0,1,10,1,10,10.0,100,100.0,42000.0,90.0,0.35
14510139001,0,2,60.0,50.0,40.0,120000.0,10,35.0,24.0,5.0,9.0,4200.0,1.0,5.0,35.0,24.0,12,1,1,12,12.0,120,120.0,50400.0,108.0,0.42
14510139001,0,3,60.0,50.0,40.0,120000.0,10,35.0,24.0,5.0,9.0,4200.0,1.0,5.0,24.0,35.0,12,2,1,24,24.0,240,240.0,100800.0,216.0,0.84
14510139001,0,4,60.0,50.0,40.0,120000.0,10,35.0,24.0,5.0,9.0,4200.0,1.0,24.0,5.0,35.0,2,10,1,20,20.0,200,200.0,84000.0,180.0,0.7
14510139001,0,5,60.0,50.0,40.0,120000.0,10,35.0,24.0,5.0,9.0,4200.0,1.0,24.0,35.0,5.0,2,1,8,16,16.0,160,160.0,67200.0,144.0,0.56
12003003001,0,0,60.0,50.0,40.0,120000.0,10,40.0,26.0,20.0,6.12,20800.0,36.0,40.0,26.0,20.0,1,1,2,2,72.0,20,720.0,41600.0,12.24,0.3466666666666667
12003003001,0,1,60.0,50.0,40.0,120000.0,10,40.0,26.0,20.0,6.12,20800.0,36.0,40.0,20.0,26.0,1,2,1,2,72.0,20,720.0,41600.0,12.24,0.3466666666666667
12003003001,0,2,60.0,50.0,40.0,120000.0,10,40.0,26.0,20.0,6.12,20800.0,36.0,20.0,40.0,26.0,3,1,1,3,108.0,30,1080.0,62400.0,18.36,0.52
12003003001,0,3,60.0,50.0,40.0,120000.0,10,40.0,26.0,20.0,6.12,20800.0,36.0,20.0,26.0,40.0,3,1,1,3,108.0,30,1080.0,62400.0,18.36,0.52
12003003001,0,4,60.0,50.0,40.0,120000.0,10,40.0,26.0,20.0,6.12,20800.0,36.0,26.0,20.0,40.0,2,2,1,4,144.0,40,1440.0,83200.0,24.48,0.6933333333333334
12003003001,0,5,60.0,50.0,40.0,120000.0,10,40.0,26.0,20.0,6.12,20800.0,36.0,26.0,40.0,20.0,2,1,2,4,144.0,40,1440.0,83200.0,24.48,0.6933333333333334
11110031002,0,0,60.0,50.0,40.0,120000.0,10,35.0,26.0,28.0,10.58,25480.0,16.0,35.0,26.0,28.0,1,1,1,1,16.0,10,160.0,25480.0,10.58,0.21233333333333335
11110031002,0,1,60.0,50.0,40.0,120000.0,10,35.0,26.0,28.0,10.58,25480.0,16.0,35.0,28.0,26.0,1,1,1,1,16.0,10,160.0,25480.0,10.58,0.21233333333333335
11110031002,0,2,60.0,50.0,40.0,120000.0,10,35.0,26.0,28.0,10.58,25480.0,16.0,28.0,35.0,26.0,2,1,1,2,32.0,20,320.0,50960.0,21.16,0.4246666666666667
11110031002,0,3,60.0,50.0,40.0,120000.0,10,35.0,26.0,28.0,10.58,25480.0,16.0,28.0,26.0,35.0,2,1,1,2,32.0,20,320.0,50960.0,21.16,0.4246666666666667
11110031002,0,4,60.0,50.0,40.0,120000.0,10,35.0,26.0,28.0,10.58,25480.0,16.0,26.0,28.0,35.0,2,1,1,2,32.0,20,320.0,50960.0,21.16,0.4246666666666667
11110031002,0,5,60.0,50.0,40.0,120000.0,10,35.0,26.0,28.0,10.58,25480.0,16.0,26.0,35.0,28.0,2,1,1,2,32.0,20,320.0,50960.0,21.16,0.4246666666666667
14010079001,0,0,60.0,50.0,40.0,120000.0,10,37.0,20.0,28.0,1.16,20720.0,12.0,37.0,20.0,28.0,1,2,1,2,24.0,20,240.0,41440.0,2.32,0.3453333333333333
14010079001,0,1,60.0,50.0,40.0,120000.0,10,37.0,20.0,28.0,1.16,20720.0,12.0,37.0,28.0,20.0,1,1,2,2,24.0,20,240.0,41440.0,2.32,0.3453333333333333
14010079001,0,2,60.0,50.0,40.0,120000.0,10,37.0,20.0,28.0,1.16,20720.0,12.0,28.0,37.0,20.0,2,1,2,4,48.0,40,480.0,82880.0,4.64,0.6906666666666667
14010079001,0,3,60.0,50.0,40.0,120000.0,10,37.0,20.0,28.0,1.16,20720.0,12.0,28.0,20.0,37.0,2,2,1,4,48.0,40,480.0,82880.0,4.64,0.6906666666666667
14010079001,0,4,60.0,50.0,40.0,120000.0,10,37.0,20.0,28.0,1.16,20720.0,12.0,20.0,28.0,37.0,3,1,1,3,36.0,30,360.0,62160.0,3.4799999999999995,0.518
14010079001,0,5,60.0,50.0,40.0,120000.0,10,37.0,20.0,28.0,1.16,20720.0,12.0,20.0,37.0,28.0,3,1,1,3,36.0,30,360.0,62160.0,3.4799999999999995,0.518
15021005001,0,0,60.0,50.0,40.0,120000.0,10,36.0,24.0,13.0,6.31,11232.0,24.0,36.0,24.0,13.0,1,2,3,6,144.0,60,1440.0,67392.0,37.86,0.5616
15021005001,0,1,60.0,50.0,40.0,120000.0,10,36.0,24.0,13.0,6.31,11232.0,24.0,36.0,13.0,24.0,1,3,1,3,72.0,30,720.0,33696.0,18.93,0.2808
15021005001,0,2,60.0,50.0,40.0,120000.0,10,36.0,24.0,13.0,6.31,11232.0,24.0,13.0,36.0,24.0,4,1,1,4,96.0,40,960.0,44928.0,25.24,0.3744
15021005001,0,3,60.0,50.0,40.0,120000.0,10,36.0,24.0,13.0,6.31,11232.0,24.0,13.0,24.0,36.0,4,2,1,8,192.0,80,1920.0,89856.0,50.48,0.7488
15021005001,0,4,60.0,50.0,40.0,120000.0,10,36.0,24.0,13.0,6.31,11232.0,24.0,24.0,13.0,36.0,2,3,1,6,144.0,60,1440.0,67392.0,37.86,0.5616
15021005001,0,5,60.0,50.0,40.0,120000.0,10,36.0,24.0,13.0,6.31,11232.0,24.0,24.0,36.0,13.0,2,1,3,6,144.0,60,1440.0,67392.0,37.86,0.5616
14121020001,0,0,60.0,50.0,40.0,120000.0,10,36.0,24.0,18.0,1.73,15552.0,10.0,36.0,24.0,18.0,1,2,2,4,40.0,40,400.0,62208.0,6.92,0.5184
14121020001,0,1,60.0,50.0,40.0,120000.0,10,36.0,24.0,18.0,1.73,15552.0,10.0,36.0,18.0,24.0,1,2,1,2,20.0,20,200.0,31104.0,3.46,0.2592
14121020001,0,2,60.0,50.0,40.0,120000.0,10,36.0,24.0,18.0,1.73,15552.0,10.0,18.0,36.0,24.0,3,1,1,3,30.0,30,300.0,46656.0,5.1899999999999995,0.3888
14121020001,0,3,60.0,50.0,40.0,120000.0,10,36.0,24.0,18.0,1.73,15552.0,10.0,18.0,24.0,36.0,3,2,1,6,60.0,60,600.0,93312.0,10.379999999999999,0.7776
14121020001,0,4,60.0,50.0,40.0,120000.0,10,36.0,24.0,18.0,1.73,15552.0,10.0,24.0,18.0,36.0,2,2,1,4,40.0,40,400.0,62208.0,6.92,0.5184
14121020001,0,5,60.0,50.0,40.0,120000.0,10,36.0,24.0,18.0,1.73,15552.0,10.0,24.0,36.0,18.0,2,1,2,4,40.0,40,400.0,62208.0,6.92,0.5184
14833003001,0,0,60.0,50.0,40.0,120000.0,10,31.0,24.0,9.0,3.6,6696.0,24.0,31.0,24.0,9.0,1,2,4,8,192.0,80,1920.0,53568.0,28.8,0.4464
14833003001,0,1,60.0,50.0,40.0,120000.0,10,31.0,24.0,9.0,3.6,6696.0,24.0,31.0,9.0,24.0,1,5,1,5,120.0,50,1200.0,33480.0,18.0,0.279
14833003001,0,2,60.0,50.0,40.0,120000.0,10,31.0,24.0,9.0,3.6,6696.0,24.0,9.0,31.0,24.0,6,1,1,6,144.0,60,1440.0,40176.0,21.6,0.3348
14833003001,0,3,60.0,50.0,40.0,120000.0,10,31.0,24.0,9.0,3.6,6696.0,24.0,9.0,24.0,31.0,6,2,1,12,288.0,120,2880.0,80352.0,43.2,0.6696
14833003001,0,4,60.0,50.0,40.0,120000.0,10,31.0,24.0,9.0,3.6,6696.0,24.0,24.0,9.0,31.0,2,5,1,10,240.0,100,2400.0,66960.0,36.0,0.558
14833003001,0,5,60.0,50.0,40.0,120000.0,10,31.0,24.0,9.0,3.6,6696.0,24.0,24.0,31.0,9.0,2,1,4,8,192.0,80,1920.0,53568.0,28.8,0.4464
12010180001,0,0,60.0,50.0,40.0,120000.0,10,23.0,16.0,21.0,3.85,7728.0,12.0,23.0,16.0,21.0,2,3,1,6,72.0,60,720.0,46368.0,23.1,0.3864
12010180001,0,1,60.0,50.0,40.0,120000.0,10,23.0,16.0,21.0,3.85,7728.0,12.0,23.0,21.0,16.0,2,2,2,8,96.0,80,960.0,61824.0,30.8,0.5152
12010180001,0,2,60.0,50.0,40.0,120000.0,10,23.0,16.0,21.0,3.85,7728.0,12.0,21.0,23.0,16.0,2,2,2,8,96.0,80,960.0,61824.0,30.8,0.5152
12010180001,0,3,60.0,50.0,40.0,120000.0,10,23.0,16.0,21.0,3.85,7728.0,12.0,21.0,16.0,23.0,2,3,1,6,72.0,60,720.0,46368.0,23.1,0.3864
12010180001,0,4,60.0,50.0,40.0,120000.0,10,23.0,16.0,21.0,3.85,7728.0,12.0,16.0,21.0,23.0,3,2,1,6,72.0,60,720.0,46368.0,23.1,0.3864
12010180001,0,5,60.0,50.0,40.0,120000.0,10,23.0,16.0,21.0,3.85,7728.0,12.0,16.0,23.0,21.0,3,2,1,6,72.0,60,720.0,46368.0,23.1,0.3864
14510109001,0,0,60.0,50.0,40.0,120000.0,10,35.0,24.0,5.0,2.8,4200.0,1.0,35.0,24.0,5.0,1,2,8,16,16.0,160,160.0,67200.0,44.8,0.56
14510109001,0,1,60.0,50.0,40.0,120000.0,10,35.0,24.0,5.0,2.8,4200.0,1.0,35.0,5.0,24.0,1,10,1,10,10.0,100,100.0,42000.0,28.0,0.35
14510109001,0,2,60.0,50.0,40.0,120000.0,10,35.0,24.0,5.0,2.8,4200.0,1.0,5.0,35.0,24.0,12,1,1,12,12.0,120,120.0,50400.0,33.599999999999994,0.42
14510109001,0,3,60.0,50.0,40.0,120000.0,10,35.0,24.0,5.0,2.8,4200.0,1.0,5.0,24.0,35.0,12,2,1,24,24.0,240,240.0,100800.0,67.19999999999999,0.84
14510109001,0,4,60.0,50.0,40.0,120000.0,10,35.0,24.0,5.0,2.8,4200.0,1.0,24.0,5.0,35.0,2,10,1,20,20.0,200,200.0,84000.0,56.0,0.7
14510109001,0,5,60.0,50.0,40.0,120000.0,10,35.0,24.0,5.0,2.8,4200.0,1.0,24.0,35.0,5.0,2,1,8,16,16.0,160,160.0,67200.0,44.8,0.56
14011023001,0,0,60.0,50.0,40.0,120000.0,10,44.0,26.0,27.0,1.56,30888.0,12.0,44.0,26.0,27.0,1,1,1,1,12.0,10,120.0,30888.0,1.56,0.2574
14011023001,0,1,60.0,50.0,40.0,120000.0,10,44.0,26.0,27.0,1.56,30888.0,12.0,44.0,27.0,26.0,1,1,1,1,12.0,10,120.0,30888.0,1.56,0.2574
14011023001,0,2,60.0,50.0,40.0,120000.0,10,44.0,26.0,27.0,1.56,30888.0,12.0,27.0,44.0,26.0,2,1,1,2,24.0,20,240.0,61776.0,3.12,0.5148
14011023001,0,5,60.0,50.0,40.0,120000.0,10,44.0,26.0,27.0,1.56,30888.0,12.0,26.0,44.0,27.0,2,1,1,2,24.0,20,240.0,61776.0,3.12,0.5148
11103050001,0,0,60.0,50.0,40.0,120000.0,10,41.0,29.0,31.0,13.12,36859.0,6.0,41.0,29.0,31.0,1,1,1,1,6.0,10,60.0,36859.0,13.12,0.3071583333333333
11103050001,0,1,60.0,50.0,40.0,120000.0,10,41.0,29.0,31.0,13.12,36859.0,6.0,41.0,31.0,29.0,1,1,1,1,6.0,10,60.0,36859.0,13.12,0.3071583333333333
11103050001,0,2,60.0,50.0,40.0,120000.0,10,41.0,29.0,31.0,13.12,36859.0,6.0,31.0,41.0,29.0,1,1,1,1,6.0,10,60.0,36859.0,13.12,0.3071583333333333
11103050001,0,5,60.0,50.0,40.0,120000.0,10,41.0,29.0,31.0,13.12,36859.0,6.0,29.0,41.0,31.0,2,1,1,2,12.0,20,120.0,73718.0,26.24,0.6143166666666666
11040035001,0,0,60.0,50.0,40.0,120000.0,10,36.0,26.0,29.0,10.2,27144.0,12.0,36.0,26.0,29.0,1,1,1,1,12.0,10,120.0,27144.0,10.2,0.2262
11040035001,0,1,60.0,50.0,40.0,120000.0,10,36.0,26.0,29.0,10.2,27144.0,12.0,36.0,29.0,26.0,1,1,1,1,12.0,10,120.0,27144.0,10.2,0.2262
11040035001,0,2,60.0,50.0,40.0,120000.0,10,36.0,26.0,29.0,10.2,27144.0,12.0,29.0,36.0,26.0,2,1,1,2,24.0,20,240.0,54288.0,20.4,0.4524
11040035001,0,3,60.0,50.0,40.0,120000.0,10,36.0,26.0,29.0,10.2,27144.0,12.0,29.0,26.0,36.0,2,1,1,2,24.0,20,240.0,54288.0,20.4,0.4524
11040035001,0,4,60.0,50.0,40.0,120000.0,10,36.0,26.0,29.0,10.2,27144.0,12.0,26.0,29.0,36.0,2,1,1,2,24.0,20,240.0,54288.0,20.4,0.4524
11040035001,0,5,60.0,50.0,40.0,120000.0,10,36.0,26.0,29.0,10.2,27144.0,12.0,26.0,36.0,29.0,2,1,1,2,24.0,20,240.0,54288.0,20.4,0.4524
14014006001,0,0,60.0,50.0,40.0,120000.0,10,60.0,41.0,29.0,2.55,71340.0,6.0,60.0,41.0,29.0,1,1,1,1,6.0,10,60.0,71340.0,2.55,0.5945
14132157001,0,0,60.0,50.0,40.0,120000.0,10,37.0,36.0,26.0,4.13,34632.0,12.0,37.0,36.0,26.0,1,1,1,1,12.0,10,120.0,34632.0,4.13,0.2886
14132157001,0,1,60.0,50.0,40.0,120000.0,10,37.0,36.0,26.0,4.13,34632.0,12.0,37.0,26.0,36.0,1,1,1,1,12.0,10,120.0,34632.0,4.13,0.2886
14132157001,0,2,60.0,50.0,40.0,120000.0,10,37.0,36.0,26.0,4.13,34632.0,12.0,26.0,37.0,36.0,2,1,1,2,24.0,20,240.0,69264.0,8.26,0.5772
14132157001,0,3,60.0,50.0,40.0,120000.0,10,37.0,36.0,26.0,4.13,34632.0,12.0,26.0,36.0,37.0,2,1,1,2,24.0,20,240.0,69264.0,8.26,0.5772
14132157001,0,4,60.0,50.0,40.0,120000.0,10,37.0,36.0,26.0,4.13,34632.0,12.0,36.0,26.0,37.0,1,1,1,1,12.0,10,120.0,34632.0,4.13,0.2886
14132157001,0,5,60.0,50.0,40.0,120000.0,10,37.0,36.0,26.0,4.13,34632.0,12.0,36.0,37.0,26.0,1,1,1,1,12.0,10,120.0,34632.0,4.13,0.2886
12010058001,0,0,60.0,50.0,40.0,120000.0,10,39.0,34.0,13.0,8.52,17238.0,72.0,39.0,34.0,13.0,1,1,3,3,216.0,30,2160.0,51714.0,25.56,0.43095
12010058001,0,1,60.0,50.0,40.0,120000.0,10,39.0,34.0,13.0,8.52,17238.0,72.0,39.0,13.0,34.0,1,3,1,3,216.0,30,2160.0,51714.0,25.56,0.43095
12010058001,0,2,60.0,50.0,40.0,120000.0,10,39.0,34.0,13.0,8.52,17238.0,72.0,13.0,39.0,34.0,4,1,1,4,288.0,40,2880.0,68952.0,34.08,0.5746
12010058001,0,3,60.0,50.0,40.0,120000.0,10,39.0,34.0,13.0,8.52,17238.0,72.0,13.0,34.0,39.0,4,1,1,4,288.0,40,2880.0,68952.0,34.08,0.5746
12010058001,0,4,60.0,50.0,40.0,120000.0,10,39.0,34.0,13.0,8.52,17238.0,72.0,34.0,13.0,39.0,1,3,1,3,216.0,30,2160.0,51714.0,25.56,0.43095
12010058001,0,5,60.0,50.0,40.0,120000.0,10,39.0,34.0,13.0,8.52,17238.0,72.0,34.0,39.0,13.0,1,1,3,3,216.0,30,2160.0,51714.0,25.56,0.43095
14001049001,0,0,60.0,50.0,40.0,120000.0,10,47.0,31.0,24.0,3.1,34968.0,8.0,47.0,31.0,24.0,1,1,1,1,8.0,10,80.0,34968.0,3.1,0.2914
14001049001,0,1,60.0,50.0,40.0,120000.0,10,47.0,31.0,24.0,3.1,34968.0,8.0,47.0,24.0,31.0,1,2,1,2,16.0,20,160.0,69936.0,6.2,0.5828
14001049001,0,2,60.0,50.0,40.0,120000.0,10,47.0,31.0,24.0,3.1,34968.0,8.0,24.0,47.0,31.0,2,1,1,2,16.0,20,160.0,69936.0,6.2,0.5828
14001049001,0,5,60.0,50.0,40.0,120000.0,10,47.0,31.0,24.0,3.1,34968.0,8.0,31.0,47.0,24.0,1,1,1,1,8.0,10,80.0,34968.0,3.1,0.2914
10035017001,0,0,60.0,50.0,40.0,120000.0,10,42.0,28.0,24.0,14.6,28224.0,24.0,42.0,28.0,24.0,1,1,1,1,24.0,10,240.0,28224.0,14.6,0.2352
10035017001,0,1,60.0,50.0,40.0,120000.0,10,42.0,28.0,24.0,14.6,28224.0,24.0,42.0,24.0,28.0,1,2,1,2,48.0,20,480.0,56448.0,29.2,0.4704
10035017001,0,2,60.0,50.0,40.0,120000.0,10,42.0,28.0,24.0,14.6,28224.0,24.0,24.0,42.0,28.0,2,1,1,2,48.0,20,480.0,56448.0,29.2,0.4704
10035017001,0,5,60.0,50.0,40.0,120000.0,10,42.0,28.0,24.0,14.6,28224.0,24.0,28.0,42.0,24.0,2,1,1,2,48.0,20,480.0,56448.0,29.2,0.4704
14830007001,0,0,60.0,50.0,40.0,120000.0,10,35.0,26.0,10.0,5.87,9100.0,24.0,35.0,26.0,10.0,1,1,4,4,96.0,40,960.0,36400.0,23.48,0.30333333333333334
14830007001,0,1,60.0,50.0,40.0,120000.0,10,35.0,26.0,10.0,5.87,9100.0,24.0,35.0,10.0,26.0,1,5,1,5,120.0,50,1200.0,45500.0,29.35,0.37916666666666665
14830007001,0,2,60.0,50.0,40.0,120000.0,10,35.0,26.0,10.0,5.87,9100.0,24.0,10.0,35.0,26.0,6,1,1,6,144.0,60,1440.0,54600.0,35.22,0.455
14830007001,0,3,60.0,50.0,40.0,120000.0,10,35.0,26.0,10.0,5.87,9100.0,24.0,10.0,26.0,35.0,6,1,1,6,144.0,60,1440.0,54600.0,35.22,0.455
14830007001,0,4,60.0,50.0,40.0,120000.0,10,35.0,26.0,10.0,5.87,9100.0,24.0,26.0,10.0,35.0,2,5,1,10,240.0,100,2400.0,91000.0,58.7,0.7583333333333333
14830007001,0,5,60.0,50.0,40.0,120000.0,10,35.0,26.0,10.0,5.87,9100.0,24.0,26.0,35.0,10.0,2,1,4,8,192.0,80,1920.0,72800.0,46.96,0.6066666666666667
14244017001,0,0,60.0,50.0,40.0,120000.0,10,44.0,31.0,33.0,4.35,45012.0,10.0,44.0,31.0,33.0,1,1,1,1,10.0,10,100.0,45012.0,4.35,0.3751
14244017001,0,1,60.0,50.0,40.0,120000.0,10,44.0,31.0,33.0,4.35,45012.0,10.0,44.0,33.0,31.0,1,1,1,1,10.0,10,100.0,45012.0,4.35,0.3751
14244017001,0,2,60.0,50.0,40.0,120000.0,10,44.0,31.0,33.0,4.35,45012.0,10.0,33.0,44.0,31.0,1,1,1,1,10.0,10,100.0,45012.0,4.35,0.3751
14244017001,0,5,60.0,50.0,40.0,120000.0,10,44.0,31.0,33.0,4.35,45012.0,10.0,31.0,44.0,33.0,1,1,1,1,10.0,10,100.0,45012.0,4.35,0.3751
11103388001,0,0,60.0,50.0,40.0,120000.0,10,39.0,30.0,14.0,2.646,16380.0,6.0,39.0,30.0,14.0,1,1,2,2,12.0,20,120.0,32760.0,5.292,0.273
11103388001,0,1,60.0,50.0,40.0,120000.0,10,39.0,30.0,14.0,2.646,16380.0,6.0,39.0,14.0,30.0,1,3,1,3,18.0,30,180.0,49140.0,7.938,0.4095
11103388001,0,2,60.0,50.0,40.0,120000.0,10,39.0,30.0,14.0,2.646,16380.0,6.0,14.0,39.0,30.0,4,1,1,4,24.0,40,240.0,65520.0,10.584,0.546
11103388001,0,3,60.0,50.0,40.0,120000.0,10,39.0,30.0,14.0,2.646,16380.0,6.0,14.0,30.0,39.0,4,1,1,4,24.0,40,240.0,65520.0,10.584,0.546
11103388001,0,4,60.0,50.0,40.0,120000.0,10,39.0,30.0,14.0,2.646,16380.0,6.0,30.0,14.0,39.0,2,3,1,6,36.0,60,360.0,98280.0,15.876,0.819
11103388001,0,5,60.0,50.0,40.0,120000.0,10,39.0,30.0,14.0,2.646,16380.0,6.0,30.0,39.0,14.0,2,1,2,4,24.0,40,240.0,65520.0,10.584,0.546
14506066001,0,0,60.0,50.0,40.0,120000.0,10,27.0,24.0,10.0,4.0,6480.0,12.0,27.0,24.0,10.0,2,2,4,16,192.0,160,1920.0,103680.0,64.0,0.864
14506066001,0,1,60.0,50.0,40.0,120000.0,10,27.0,24.0,10.0,4.0,6480.0,12.0,27.0,10.0,24.0,2,5,1,10,120.0,100,1200.0,64800.0,40.0,0.54
14506066001,0,2,60.0,50.0,40.0,120000.0,10,27.0,24.0,10.0,4.0,6480.0,12.0,10.0,27.0,24.0,6,1,1,6,72.0,60,720.0,38880.0,24.0,0.324
14506066001,0,3,60.0,50.0,40.0,120000.0,10,27.0,24.0,10.0,4.0,6480.0,12.0,10.0,24.0,27.0,6,2,1,12,144.0,120,1440.0,77760.0,48.0,0.648
14506066001,0,4,60.0,50.0,40.0,120000.0,10,27.0,24.0,10.0,4.0,6480.0,12.0,24.0,10.0,27.0,2,5,1,10,120.0,100,1200.0,64800.0,40.0,0.54
14506066001,0,5,60.0,50.0,40.0,120000.0,10,27.0,24.0,10.0,4.0,6480.0,12.0,24.0,27.0,10.0,2,1,4,8,96.0,80,960.0,51840.0,32.0,0.432
14100001001,0,0,60.0,50.0,40.0,120000.0,10,41.0,27.0,36.0,6.5,39852.0,12.0,41.0,27.0,36.0,1,1,1,1,12.0,10,120.0,39852.0,6.5,0.3321
14100001001,0,1,60.0,50.0,40.0,120000.0,10,41.0,27.0,36.0,6.5,39852.0,12.0,41.0,36.0,27.0,1,1,1,1,12.0,10,120.0,39852.0,6.5,0.3321
14100001001,0,2,60.0,50.0,40.0,120000.0,10,41.0,27.0,36.0,6.5,39852.0,12.0,36.0,41.0,27.0,1,1,1,1,12.0,10,120.0,39852.0,6.5,0.3321
14100001001,0,5,60.0,50.0,40.0,120000.0,10,41.0,27.0,36.0,6.5,39852.0,12.0,27.0,41.0,36.0,2,1,1,2,24.0,20,240.0,79704.0,13.0,0.6642
14501053001,0,0,60.0,50.0,40.0,120000.0,10,36.0,34.0,15.0,2.33,18360.0,8.0,36.0,34.0,15.0,1,1,2,2,16.0,20,160.0,36720.0,4.66,0.306
14501053001,0,1,60.0,50.0,40.0,120000.0,10,36.0,34.0,15.0,2.33,18360.0,8.0,36.0,15.0,34.0,1,3,1,3,24.0,30,240.0,55080.0,6.99,0.459
14501053001,0,2,60.0,50.0,40.0,120000.0,10,36.0,34.0,15.0,2.33,18360.0,8.0,15.0,36.0,34.0,4,1,1,4,32.0,40,320.0,73440.0,9.32,0.612
14501053001,0,3,60.0,50.0,40.0,120000.0,10,36.0,34.0,15.0,2.33,18360.0,8.0,15.0,34.0,36.0,4,1,1,4,32.0,40,320.0,73440.0,9.32,0.612
14501053001,0,4,60.0,50.0,40.0,120000.0,10,36.0,34.0,15.0,2.33,18360.0,8.0,34.0,15.0,36.0,1,3,1,3,24.0,30,240.0,55080.0,6.99,0.459
14501053001,0,5,60.0,50.0,40.0,120000.0,10,36.0,34.0,15.0,2.33,18360.0,8.0,34.0,36.0,15.0,1,1,2,2,16.0,20,160.0,36720.0,4.66,0.306
11073032001,0,0,60.0,50.0,40.0,120000.0,10,41.0,26.0,15.0,6.0,15990.0,24.0,41.0,26.0,15.0,1,1,2,2,48.0,20,480.0,31980.0,12.0,0.2665
11073032001,0,1,60.0,50.0,40.0,120000.0,10,41.0,26.0,15.0,6.0,15990.0,24.0,41.0,15.0,26.0,1,3,1,3,72.0,30,720.0,47970.0,18.0,0.39975
11073032001,0,2,60.0,50.0,40.0,120000.0,10,41.0,26.0,15.0,6.0,15990.0,24.0,15.0,41.0,26.0,4,1,1,4,96.0,40,960.0,63960.0,24.0,0.533
11073032001,0,5,60.0,50.0,40.0,120000.0,10,41.0,26.0,15.0,6.0,15990.0,24.0,26.0,41.0,15.0,2,1,2,4,96.0,40,960.0,63960.0,24.0,0.533
14510039001,0,0,60.0,50.0,40.0,120000.0,10,35.0,24.0,5.0,3.0,4200.0,1.0,35.0,24.0,5.0,1,2,8,16,16.0,160,160.0,67200.0,48.0,0.56
14510039001,0,1,60.0,50.0,40.0,120000.0,10,35.0,24.0,5.0,3.0,4200.0,1.0,35.0,5.0,24.0,1,10,1,10,10.0,100,100.0,42000.0,30.0,0.35
14510039001,0,2,60.0,50.0,40.0,120000.0,10,35.0,24.0,5.0,3.0,4200.0,1.0,5.0,35.0,24.0,12,1,1,12,12.0,120,120.0,50400.0,36.0,0.42
14510039001,0,3,60.0,50.0,40.0,120000.0,10,35.0,24.0,5.0,3.0,4200.0,1.0,5.0,24.0,35.0,12,2,1,24,24.0,240,240.0,100800.0,72.0,0.84
14510039001,0,4,60.0,50.0,40.0,120000.0,10,35.0,24.0,5.0,3.0,4200.0,1.0,24.0,5.0,35.0,2,10,1,20,20.0,200,200.0,84000.0,60.0,0.7
14510039001,0,5,60.0,50.0,40.0,120000.0,10,35.0,24.0,5.0,3.0,4200.0,1.0,24.0,35.0,5.0,2,1,8,16,16.0,160,160.0,67200.0,48.0,0.56
14130009001,0,0,60.0,50.0,40.0,120000.0,10,56.0,26.0,23.0,4.8,33488.0,8.0,56.0,26.0,23.0,1,1,1,1,8.0,10,80.0,33488.0,4.8,0.2790666666666667
14130009001,0,1,60.0,50.0,40.0,120000.0,10,56.0,26.0,23.0,4.8,33488.0,8.0,56.0,23.0,26.0,1,2,1,2,16.0,20,160.0,66976.0,9.6,0.5581333333333334
12120052001,0,0,60.0,50.0,40.0,120000.0,10,43.0,29.0,24.0,4.0,29928.0,36.0,43.0,29.0,24.0,1,1,1,1,36.0,10,360.0,29928.0,4.0,0.2494
12120052001,0,1,60.0,50.0,40.0,120000.0,10,43.0,29.0,24.0,4.0,29928.0,36.0,43.0,24.0,29.0,1,2,1,2,72.0,20,720.0,59856.0,8.0,0.4988
12120052001,0,2,60.0,50.0,40.0,120000.0,10,43.0,29.0,24.0,4.0,29928.0,36.0,24.0,43.0,29.0,2,1,1,2,72.0,20,720.0,59856.0,8.0,0.4988
12120052001,0,5,60.0,50.0,40.0,120000.0,10,43.0,29.0,24.0,4.0,29928.0,36.0,29.0,43.0,24.0,2,1,1,2,72.0,20,720.0,59856.0,8.0,0.4988
10033064001,0,0,60.0,50.0,40.0,120000.0,10,40.0,20.0,14.0,9.82,11200.0,24.0,40.0,20.0,14.0,1,2,2,4,96.0,40,960.0,44800.0,39.28,0.37333333333333335
10033064001,0,1,60.0,50.0,40.0,120000.0,10,40.0,20.0,14.0,9.82,11200.0,24.0,40.0,14.0,20.0,1,3,2,6,144.0,60,1440.0,67200.0,58.92,0.56
10033064001,0,2,60.0,50.0,40.0,120000.0,10,40.0,20.0,14.0,9.82,11200.0,24.0,14.0,40.0,20.0,4,1,2,8,192.0,80,1920.0,89600.0,78.56,0.7466666666666667
10033064001,0,3,60.0,50.0,40.0,120000.0,10,40.0,20.0,14.0,9.82,11200.0,24.0,14.0,20.0,40.0,4,2,1,8,192.0,80,1920.0,89600.0,78.56,0.7466666666666667
10033064001,0,4,60.0,50.0,40.0,120000.0,10,40.0,20.0,14.0,9.82,11200.0,24.0,20.0,14.0,40.0,3,3,1,9,216.0,90,2160.0,100800.0,88.38,0.84
10033064001,0,5,60.0,50.0,40.0,120000.0,10,40.0,20.0,14.0,9.82,11200.0,24.0,20.0,40.0,14.0,3,1,2,6,144.0,60,1440.0,67200.0,58.92,0.56
14011044001,0,0,60.0,50.0,40.0,120000.0,10,36.0,36.0,25.0,1.55,32400.0,12.0,36.0,36.0,25.0,1,1,1,1,12.0,10,120.0,32400.0,1.55,0.27
14011044001,0,1,60.0,50.0,40.0,120000.0,10,36.0,36.0,25.0,1.55,32400.0,12.0,36.0,25.0,36.0,1,2,1,2,24.0,20,240.0,64800.0,3.1,0.54
14011044001,0,2,60.0,50.0,40.0,120000.0,10,36.0,36.0,25.0,1.55,32400.0,12.0,25.0,36.0,36.0,2,1,1,2,24.0,20,240.0,64800.0,3.1,0.54
14011044001,0,3,60.0,50.0,40.0,120000.0,10,36.0,36.0,25.0,1.55,32400.0,12.0,25.0,36.0,36.0,2,1,1,2,24.0,20,240.0,64800.0,3.1,0.54
14011044001,0,4,60.0,50.0,40.0,120000.0,10,36.0,36.0,25.0,1.55,32400.0,12.0,36.0,25.0,36.0,1,2,1,2,24.0,20,240.0,64800.0,3.1,0.54
14011044001,0,5,60.0,50.0,40.0,120000.0,10,36.0,36.0,25.0,1.55,32400.0,12.0,36.0,36.0,25.0,1,1,1,1,12.0,10,120.0,32400.0,1.55,0.27
10030048001,0,0,60.0,50.0,40.0,120000.0,10,38.0,25.0,24.0,14.97,22800.0,24.0,38.0,25.0,24.0,1,2,1,2,48.0,20,480.0,45600.0,29.94,0.38
10030048001,0,1,60.0,50.0,40.0,120000.0,10,38.0,25.0,24.0,14.97,22800.0,24.0,38.0,24.0,25.0,1,2,1,2,48.0,20,480.0,45600.0,29.94,0.38
10030048001,0,2,60.0,50.0,40.0,120000.0,10,38.0,25.0,24.0,14.97,22800.0,24.0,24.0,38.0,25.0,2,1,1,2,48.0,20,480.0,45600.0,29.94,0.38
10030048001,0,3,60.0,50.0,40.0,120000.0,10,38.0,25.0,24.0,14.97,22800.0,24.0,24.0,25.0,38.0,2,2,1,4,96.0,40,960.0,91200.0,59.88,0.76
10030048001,0,4,60.0,50.0,40.0,120000.0,10,38.0,25.0,24.0,14.97,22800.0,24.0,25.0,24.0,38.0,2,2,1,4,96.0,40,960.0,91200.0,59.88,0.76
10030048001,0,5,60.0,50.0,40.0,120000.0,10,38.0,25.0,24.0,14.97,22800.0,24.0,25.0,38.0,24.0,2,1,1,2,48.0,20,480.0,45600.0,29.94,0.38
14222114001,0,0,60.0,50.0,40.0,120000.0,10,37.0,20.0,17.0,2.9,12580.0,10.0,37.0,20.0,17.0,1,2,2,4,40.0,40,400.0,50320.0,11.6,0.41933333333333334
14222114001,0,1,60.0,50.0,40.0,120000.0,10,37.0,20.0,17.0,2.9,12580.0,10.0,37.0,17.0,20.0,1,2,2,4,40.0,40,400.0,50320.0,11.6,0.41933333333333334
14222114001,0,2,60.0,50.0,40.0,120000.0,10,37.0,20.0,17.0,2.9,12580.0,10.0,17.0,37.0,20.0,3,1,2,6,60.0,60,600.0,75480.0,17.4,0.629
14222114001,0,3,60.0,50.0,40.0,120000.0,10,37.0,20.0,17.0,2.9,12580.0,10.0,17.0,20.0,37.0,3,2,1,6,60.0,60,600.0,75480.0,17.4,0.629
14222114001,0,4,60.0,50.0,40.0,120000.0,10,37.0,20.0,17.0,2.9,12580.0,10.0,20.0,17.0,37.0,3,2,1,6,60.0,60,600.0,75480.0,17.4,0.629
14222114001,0,5,60.0,50.0,40.0,120000.0,10,37.0,20.0,17.0,2.9,12580.0,10.0,20.0,37.0,17.0,3,1,2,6,60.0,60,600.0,75480.0,17.4,0.629
14505917001,0,0,60.0,50.0,40.0,120000.0,10,39.0,31.0,12.0,2.02,14508.0,40.0,39.0,31.0,12.0,1,1,3,3,120.0,30,1200.0,43524.0,6.0600000000000005,0.3627
14505917001,0,1,60.0,50.0,40.0,120000.0,10,39.0,31.0,12.0,2.02,14508.0,40.0,39.0,12.0,31.0,1,4,1,4,160.0,40,1600.0,58032.0,8.08,0.4836
14505917001,0,2,60.0,50.0,40.0,120000.0,10,39.0,31.0,12.0,2.02,14508.0,40.0,12.0,39.0,31.0,5,1,1,5,200.0,50,2000.0,72540.0,10.1,0.6045
14505917001,0,3,60.0,50.0,40.0,120000.0,10,39.0,31.0,12.0,2.02,14508.0,40.0,12.0,31.0,39.0,5,1,1,5,200.0,50,2000.0,72540.0,10.1,0.6045
14505917001,0,4,60.0,50.0,40.0,120000.0,10,39.0,31.0,12.0,2.02,14508.0,40.0,31.0,12.0,39.0,1,4,1,4,160.0,40,1600.0,58032.0,8.08,0.4836
14505917001,0,5,60.0,50.0,40.0,120000.0,10,39.0,31.0,12.0,2.02,14508.0,40.0,31.0,39.0,12.0,1,1,3,3,120.0,30,1200.0,43524.0,6.0600000000000005,0.3627
12200017001,0,0,60.0,50.0,40.0,120000.0,10,18.0,10.0,8.0,0.2,1440.0,1.0,18.0,10.0,8.0,3,5,5,75,75.0,750,750.0,108000.0,15.0,0.9
12200017001,0,1,60.0,50.0,40.0,120000.0,10,18.0,10.0,8.0,0.2,1440.0,1.0,18.0,8.0,10.0,3,6,4,72,72.0,720,720.0,103680.0,14.4,0.864
12200017001,0,2,60.0,50.0,40.0,120000.0,10,18.0,10.0,8.0,0.2,1440.0,1.0,8.0,18.0,10.0,7,2,4,56,56.0,560,560.0,80640.0,11.200000000000001,0.672
12200017001,0,3,60.0,50.0,40.0,120000.0,10,18.0,10.0,8.0,0.2,1440.0,1.0,8.0,10.0,18.0,7,5,2,70,70.0,700,700.0,100800.0,14.0,0.84
12200017001,0,4,60.0,50.0,40.0,120000.0,10,18.0,10.0,8.0,0.2,1440.0,1.0,10.0,8.0,18.0,6,6,2,72,72.0,720,720.0,103680.0,14.4,0.864
12200017001,0,5,60.0,50.0,40.0,120000.0,10,18.0,10.0,8.0,0.2,1440.0,1.0,10.0,18.0,8.0,6,2,5,60,60.0,600,600.0,86400.0,12.0,0.72
10002040001,0,0,60.0,50.0,40.0,120000.0,10,34.0,23.0,31.0,13.1,24242.0,6.0,34.0,23.0,31.0,1,2,1,2,12.0,20,120.0,48484.0,26.2,0.40403333333333336
10002040001,0,1,60.0,50.0,40.0,120000.0,10,34.0,23.0,31.0,13.1,24242.0,6.0,34.0,31.0,23.0,1,1,1,1,6.0,10,60.0,24242.0,13.1,0.20201666666666668
10002040001,0,2,60.0,50.0,40.0,120000.0,10,34.0,23.0,31.0,13.1,24242.0,6.0,31.0,34.0,23.0,1,1,1,1,6.0,10,60.0,24242.0,13.1,0.20201666666666668
10002040001,0,3,60.0,50.0,40.0,120000.0,10,34.0,23.0,31.0,13.1,24242.0,6.0,31.0,23.0,34.0,1,2,1,2,12.0,20,120.0,48484.0,26.2,0.40403333333333336
10002040001,0,4,60.0,50.0,40.0,120000.0,10,34.0,23.0,31.0,13.1,24242.0,6.0,23.0,31.0,34.0,2,1,1,2,12.0,20,120.0,48484.0,26.2,0.40403333333333336
10002040001,0,5,60.0,50.0,40.0,120000.0,10,34.0,23.0,31.0,13.1,24242.0,6.0,23.0,34.0,31.0,2,1,1,2,12.0,20,120.0,48484.0,26.2,0.40403333333333336
11103090001,0,0,60.0,50.0,40.0,120000.0,10,42.0,29.0,32.0,12.8,38976.0,6.0,42.0,29.0,32.0,1,1,1,1,6.0,10,60.0,38976.0,12.8,0.3248
11103090001,0,1,60.0,50.0,40.0,120000.0,10,42.0,29.0,32.0,12.8,38976.0,6.0,42.0,32.0,29.0,1,1,1,1,6.0,10,60.0,38976.0,12.8,0.3248
11103090001,0,2,60.0,50.0,40.0,120000.0,10,42.0,29.0,32.0,12.8,38976.0,6.0,32.0,42.0,29.0,1,1,1,1,6.0,10,60.0,38976.0,12.8,0.3248
11103090001,0,5,60.0,50.0,40.0,120000.0,10,42.0,29.0,32.0,12.8,38976.0,6.0,29.0,42.0,32.0,2,1,1,2,12.0,20,120.0,77952.0,25.6,0.6496
14022003001,0,0,60.0,50.0,40.0,120000.0,10,50.0,29.0,26.0,1.96,37700.0,12.0,50.0,29.0,26.0,1,1,1,1,12.0,10,120.0,37700.0,1.96,0.31416666666666665
14022003001,0,1,60.0,50.0,40.0,120000.0,10,50.0,29.0,26.0,1.96,37700.0,12.0,50.0,26.0,29.0,1,1,1,1,12.0,10,120.0,37700.0,1.96,0.31416666666666665
14022003001,0,2,60.0,50.0,40.0,120000.0,10,50.0,29.0,26.0,1.96,37700.0,12.0,26.0,50.0,29.0,2,1,1,2,24.0,20,240.0,75400.0,3.92,0.6283333333333333
14022003001,0,5,60.0,50.0,40.0,120000.0,10,50.0,29.0,26.0,1.96,37700.0,12.0,29.0,50.0,26.0,2,1,1,2,24.0,20,240.0,75400.0,3.92,0.6283333333333333
14500010001,0,0,60.0,50.0,40.0,120000.0,10,42.0,28.0,23.0,2.5,27048.0,12.0,42.0,28.0,23.0,1,1,1,1,12.0,10,120.0,27048.0,2.5,0.2254
14500010001,0,1,60.0,50.0,40.0,120000.0,10,42.0,28.0,23.0,2.5,27048.0,12.0,42.0,23.0,28.0,1,2,1,2,24.0,20,240.0,54096.0,5.0,0.4508
14500010001,0,2,60.0,50.0,40.0,120000.0,10,42.0,28.0,23.0,2.5,27048.0,12.0,23.0,42.0,28.0,2,1,1,2,24.0,20,240.0,54096.0,5.0,0.4508
14500010001,0,5,60.0,50.0,40.0,120000.0,10,42.0,28.0,23.0,2.5,27048.0,12.0,28.0,42.0,23.0,2,1,1,2,24.0,20,240.0,54096.0,5.0,0.4508
12103019001,0,0,60.0,50.0,40.0,120000.0,10,13.0,8.0,24.0,0.356,2496.0,1.0,13.0,8.0,24.0,4,6,1,24,24.0,240,240.0,59904.0,8.544,0.4992
12103019001,0,1,60.0,50.0,40.0,120000.0,10,13.0,8.0,24.0,0.356,2496.0,1.0,13.0,24.0,8.0,4,2,5,40,40.0,400,400.0,99840.0,14.239999999999998,0.832
12103019001,0,2,60.0,50.0,40.0,120000.0,10,13.0,8.0,24.0,0.356,2496.0,1.0,24.0,13.0,8.0,2,3,5,30,30.0,300,300.0,74880.0,10.68,0.624
12103019001,0,3,60.0,50.0,40.0,120000.0,10,13.0,8.0,24.0,0.356,2496.0,1.0,24.0,8.0,13.0,2,6,3,36,36.0,360,360.0,89856.0,12.815999999999999,0.7488
12103019001,0,4,60.0,50.0,40.0,120000.0,10,13.0,8.0,24.0,0.356,2496.0,1.0,8.0,24.0,13.0,7,2,3,42,42.0,420,420.0,104832.0,14.952,0.8736
12103019001,0,5,60.0,50.0,40.0,120000.0,10,13.0,8.0,24.0,0.356,2496.0,1.0,8.0,13.0,24.0,7,3,1,21,21.0,210,210.0,52416.0,7.476,0.4368
14000010001,0,0,60.0,50.0,40.0,120000.0,10,48.0,32.0,23.0,2.91,35328.0,5.0,48.0,32.0,23.0,1,1,1,1,5.0,10,50.0,35328.0,2.91,0.2944
14000010001,0,1,60.0,50.0,40.0,120000.0,10,48.0,32.0,23.0,2.91,35328.0,5.0,48.0,23.0,32.0,1,2,1,2,10.0,20,100.0,70656.0,5.82,0.5888
14000010001,0,2,60.0,50.0,40.0,120000.0,10,48.0,32.0,23.0,2.91,35328.0,5.0,23.0,48.0,32.0,2,1,1,2,10.0,20,100.0,70656.0,5.82,0.5888
14000010001,0,5,60.0,50.0,40.0,120000.0,10,48.0,32.0,23.0,2.91,35328.0,5.0,32.0,48.0,23.0,1,1,1,1,5.0,10,50.0,35328.0,2.91,0.2944
11061024001,0,0,60.0,50.0,40.0,120000.0,10,41.0,27.0,18.0,1.59,19926.0,30.0,41.0,27.0,18.0,1,1,2,2,60.0,20,600.0,39852.0,3.18,0.3321
11061024001,0,1,60.0,50.0,40.0,120000.0,10,41.0,27.0,18.0,1.59,19926.0,30.0,41.0,18.0,27.0,1,2,1,2,60.0,20,600.0,39852.0,3.18,0.3321
11061024001,0,2,60.0,50.0,40.0,120000.0,10,41.0,27.0,18.0,1.59,19926.0,30.0,18.0,41.0,27.0,3,1,1,3,90.0,30,900.0,59778.0,4.7700000000000005,0.49815
11061024001,0,5,60.0,50.0,40.0,120000.0,10,41.0,27.0,18.0,1.59,19926.0,30.0,27.0,41.0,18.0,2,1,2,4,120.0,40,1200.0,79704.0,6.36,0.6642
14022029001,0,0,60.0,50.0,40.0,120000.0,10,41.0,30.0,27.0,1.71,33210.0,6.0,41.0,30.0,27.0,1,1,1,1,6.0,10,60.0,33210.0,1.71,0.27675
14022029001,0,1,60.0,50.0,40.0,120000.0,10,41.0,30.0,27.0,1.71,33210.0,6.0,41.0,27.0,30.0,1,1,1,1,6.0,10,60.0,33210.0,1.71,0.27675
14022029001,0,2,60.0,50.0,40.0,120000.0,10,41.0,30.0,27.0,1.71,33210.0,6.0,27.0,41.0,30.0,2,1,1,2,12.0,20,120.0,66420.0,3.42,0.5535
14022029001,0,5,60.0,50.0,40.0,120000.0,10,41.0,30.0,27.0,1.71,33210.0,6.0,30.0,41.0,27.0,2,1,1,2,12.0,20,120.0,66420.0,3.42,0.5535
35750013001,0,0,60.0,50.0,40.0,120000.0,10,35.0,20.0,22.0,8.312,15400.0,12.0,35.0,20.0,22.0,1,2,1,2,24.0,20,240.0,30800.0,16.624,0.25666666666666665
35750013001,0,1,60.0,50.0,40.0,120000.0,10,35.0,20.0,22.0,8.312,15400.0,12.0,35.0,22.0,20.0,1,2,2,4,48.0,40,480.0,61600.0,33.248,0.5133333333333333
35750013001,0,2,60.0,50.0,40.0,120000.0,10,35.0,20.0,22.0,8.312,15400.0,12.0,22.0,35.0,20.0,2,1,2,4,48.0,40,480.0,61600.0,33.248,0.5133333333333333
35750013001,0,3,60.0,50.0,40.0,120000.0,10,35.0,20.0,22.0,8.312,15400.0,12.0,22.0,20.0,35.0,2,2,1,4,48.0,40,480.0,61600.0,33.248,0.5133333333333333
35750013001,0,4,60.0,50.0,40.0,120000.0,10,35.0,20.0,22.0,8.312,15400.0,12.0,20.0,22.0,35.0,3,2,1,6,72.0,60,720.0,92400.0,49.872,0.77
35750013001,0,5,60.0,50.0,40.0,120000.0,10,35.0,20.0,22.0,8.312,15400.0,12.0,20.0,35.0,22.0,3,1,1,3,36.0,30,360.0,46200.0,24.936,0.385
12023103001,0,0,60.0,50.0,40.0,120000.0,10,13.0,7.0,16.0,0.73,1456.0,3.0,13.0,7.0,16.0,4,7,2,56,168.0,560,1680.0,81536.0,40.879999999999995,0.6794666666666667
12023103001,0,1,60.0,50.0,40.0,120000.0,10,13.0,7.0,16.0,0.73,1456.0,3.0,13.0,16.0,7.0,4,3,5,60,180.0,600,1800.0,87360.0,43.8,0.728
12023103001,0,2,60.0,50.0,40.0,120000.0,10,13.0,7.0,16.0,0.73,1456.0,3.0,16.0,13.0,7.0,3,3,5,45,135.0,450,1350.0,65520.0,32.85,0.546
12023103001,0,3,60.0,50.0,40.0,120000.0,10,13.0,7.0,16.0,0.73,1456.0,3.0,16.0,7.0,13.0,3,7,3,63,189.0,630,1890.0,91728.0,45.99,0.7644
12023103001,0,4,60.0,50.0,40.0,120000.0,10,13.0,7.0,16.0,0.73,1456.0,3.0,7.0,16.0,13.0,8,3,3,72,216.0,720,2160.0,104832.0,52.56,0.8736
12023103001,0,5,60.0,50.0,40.0,120000.0,10,13.0,7.0,16.0,0.73,1456.0,3.0,7.0,13.0,16.0,8,3,2,48,144.0,480,1440.0,69888.0,35.04,0.5824
10040049001,0,0,60.0,50.0,40.0,120000.0,10,36.0,18.0,37.0,12.8,23976.0,2.0,36.0,18.0,37.0,1,2,1,2,4.0,20,40.0,47952.0,25.6,0.3996
10040049001,0,1,60.0,50.0,40.0,120000.0,10,36.0,18.0,37.0,12.8,23976.0,2.0,36.0,37.0,18.0,1,1,2,2,4.0,20,40.0,47952.0,25.6,0.3996
10040049001,0,2,60.0,50.0,40.0,120000.0,10,36.0,18.0,37.0,12.8,23976.0,2.0,37.0,36.0,18.0,1,1,2,2,4.0,20,40.0,47952.0,25.6,0.3996
10040049001,0,3,60.0,50.0,40.0,120000.0,10,36.0,18.0,37.0,12.8,23976.0,2.0,37.0,18.0,36.0,1,2,1,2,4.0,20,40.0,47952.0,25.6,0.3996
10040049001,0,4,60.0,50.0,40.0,120000.0,10,36.0,18.0,37.0,12.8,23976.0,2.0,18.0,37.0,36.0,3,1,1,3,6.0,30,60.0,71928.0,38.400000000000006,0.5994
10040049001,0,5,60.0,50.0,40.0,120000.0,10,36.0,18.0,37.0,12.8,23976.0,2.0,18.0,36.0,37.0,3,1,1,3,6.0,30,60.0,71928.0,38.400000000000006,0.5994
14504055001,0,0,60.0,50.0,40.0,120000.0,10,41.0,33.0,15.0,3.13,20295.0,30.0,41.0,33.0,15.0,1,1,2,2,60.0,20,600.0,40590.0,6.26,0.33825
14504055001,0,1,60.0,50.0,40.0,120000.0,10,41.0,33.0,15.0,3.13,20295.0,30.0,41.0,15.0,33.0,1,3,1,3,90.0,30,900.0,60885.0,9.39,0.507375
14504055001,0,2,60.0,50.0,40.0,120000.0,10,41.0,33.0,15.0,3.13,20295.0,30.0,15.0,41.0,33.0,4,1,1,4,120.0,40,1200.0,81180.0,12.52,0.6765
14504055001,0,5,60.0,50.0,40.0,120000.0,10,41.0,33.0,15.0,3.13,20295.0,30.0,33.0,41.0,15.0,1,1,2,2,60.0,20,600.0,40590.0,6.26,0.33825
10020015001,0,0,60.0,50.0,40.0,120000.0,10,40.0,27.0,10.0,7.21,10800.0,24.0,40.0,27.0,10.0,1,1,4,4,96.0,40,960.0,43200.0,28.84,0.36
10020015001,0,1,60.0,50.0,40.0,120000.0,10,40.0,27.0,10.0,7.21,10800.0,24.0,40.0,10.0,27.0,1,5,1,5,120.0,50,1200.0,54000.0,36.05,0.45
10020015001,0,2,60.0,50.0,40.0,120000.0,10,40.0,27.0,10.0,7.21,10800.0,24.0,10.0,40.0,27.0,6,1,1,6,144.0,60,1440.0,64800.0,43.26,0.54
10020015001,0,3,60.0,50.0,40.0,120000.0,10,40.0,27.0,10.0,7.21,10800.0,24.0,10.0,27.0,40.0,6,1,1,6,144.0,60,1440.0,64800.0,43.26,0.54
10020015001,0,4,60.0,50.0,40.0,120000.0,10,40.0,27.0,10.0,7.21,10800.0,24.0,27.0,10.0,40.0,2,5,1,10,240.0,100,2400.0,108000.0,72.1,0.9
10020015001,0,5,60.0,50.0,40.0,120000.0,10,40.0,27.0,10.0,7.21,10800.0,24.0,27.0,40.0,10.0,2,1,4,8,192.0,80,1920.0,86400.0,57.68,0.72
11100001001,0,0,60.0,50.0,40.0,120000.0,10,37.0,30.0,32.0,18.75,35520.0,4.0,37.0,30.0,32.0,1,1,1,1,4.0,10,40.0,35520.0,18.75,0.296
11100001001,0,1,60.0,50.0,40.0,120000.0,10,37.0,30.0,32.0,18.75,35520.0,4.0,37.0,32.0,30.0,1,1,1,1,4.0,10,40.0,35520.0,18.75,0.296
11100001001,0,2,60.0,50.0,40.0,120000.0,10,37.0,30.0,32.0,18.75,35520.0,4.0,32.0,37.0,30.0,1,1,1,1,4.0,10,40.0,35520.0,18.75,0.296
11100001001,0,3,60.0,50.0,40.0,120000.0,10,37.0,30.0,32.0,18.75,35520.0,4.0,32.0,30.0,37.0,1,1,1,1,4.0,10,40.0,35520.0,18.75,0.296
11100001001,0,4,60.0,50.0,40.0,120000.0,10,37.0,30.0,32.0,18.75,35520.0,4.0,30.0,32.0,37.0,2,1,1,2,8.0,20,80.0,71040.0,37.5,0.592
11100001001,0,5,60.0,50.0,40.0,120000.0,10,37.0,30.0,32.0,18.75,35520.0,4.0,30.0,37.0,32.0,2,1,1,2,8.0,20,80.0,71040.0,37.5,0.592
11110085001,0,0,60.0,50.0,40.0,120000.0,10,38.0,24.0,28.0,12.03,25536.0,6.0,38.0,24.0,28.0,1,2,1,2,12.0,20,120.0,51072.0,24.06,0.4256
11110085001,0,1,60.0,50.0,40.0,120000.0,10,38.0,24.0,28.0,12.03,25536.0,6.0,38.0,28.0,24.0,1,1,1,1,6.0,10,60.0,25536.0,12.03,0.2128
11110085001,0,2,60.0,50.0,40.0,120000.0,10,38.0,24.0,28.0,12.03,25536.0,6.0,28.0,38.0,24.0,2,1,1,2,12.0,20,120.0,51072.0,24.06,0.4256
11110085001,0,3,60.0,50.0,40.0,120000.0,10,38.0,24.0,28.0,12.03,25536.0,6.0,28.0,24.0,38.0,2,2,1,4,24.0,40,240.0,102144.0,48.12,0.8512
11110085001,0,4,60.0,50.0,40.0,120000.0,10,38.0,24.0,28.0,12.03,25536.0,6.0,24.0,28.0,38.0,2,1,1,2,12.0,20,120.0,51072.0,24.06,0.4256
11110085001,0,5,60.0,50.0,40.0,120000.0,10,38.0,24.0,28.0,12.03,25536.0,6.0,24.0,38.0,28.0,2,1,1,2,12.0,20,120.0,51072.0,24.06,0.4256
14615084001,0,0,60.0,50.0,40.0,120000.0,10,38.0,26.0,30.0,14.22,29640.0,6.0,38.0,26.0,30.0,1,1,1,1,6.0,10,60.0,29640.0,14.22,0.247
14615084001,0,1,60.0,50.0,40.0,120000.0,10,38.0,26.0,30.0,14.22,29640.0,6.0,38.0,30.0,26.0,1,1,1,1,6.0,10,60.0,29640.0,14.22,0.247
14615084001,0,2,60.0,50.0,40.0,120000.0,10,38.0,26.0,30.0,14.22,29640.0,6.0,30.0,38.0,26.0,2,1,1,2,12.0,20,120.0,59280.0,28.44,0.494
14615084001,0,3,60.0,50.0,40.0,120000.0,10,38.0,26.0,30.0,14.22,29640.0,6.0,30.0,26.0,38.0,2,1,1,2,12.0,20,120.0,59280.0,28.44,0.494
14615084001,0,4,60.0,50.0,40.0,120000.0,10,38.0,26.0,30.0,14.22,29640.0,6.0,26.0,30.0,38.0,2,1,1,2,12.0,20,120.0,59280.0,28.44,0.494
14615084001,0,5,60.0,50.0,40.0,120000.0,10,38.0,26.0,30.0,14.22,29640.0,6.0,26.0,38.0,30.0,2,1,1,2,12.0,20,120.0,59280.0,28.44,0.494
10033018001,0,0,60.0,50.0,40.0,120000.0,10,37.0,25.0,24.0,14.89,22200.0,24.0,37.0,25.0,24.0,1,2,1,2,48.0,20,480.0,44400.0,29.78,0.37
10033018001,0,1,60.0,50.0,40.0,120000.0,10,37.0,25.0,24.0,14.89,22200.0,24.0,37.0,24.0,25.0,1,2,1,2,48.0,20,480.0,44400.0,29.78,0.37
10033018001,0,2,60.0,50.0,40.0,120000.0,10,37.0,25.0,24.0,14.89,22200.0,24.0,24.0,37.0,25.0,2,1,1,2,48.0,20,480.0,44400.0,29.78,0.37
10033018001,0,3,60.0,50.0,40.0,120000.0,10,37.0,25.0,24.0,14.89,22200.0,24.0,24.0,25.0,37.0,2,2,1,4,96.0,40,960.0,88800.0,59.56,0.74
10033018001,0,4,60.0,50.0,40.0,120000.0,10,37.0,25.0,24.0,14.89,22200.0,24.0,25.0,24.0,37.0,2,2,1,4,96.0,40,960.0,88800.0,59.56,0.74
10033018001,0,5,60.0,50.0,40.0,120000.0,10,37.0,25.0,24.0,14.89,22200.0,24.0,25.0,37.0,24.0,2,1,1,2,48.0,20,480.0,44400.0,29.78,0.37
12020184001,0,0,60.0,50.0,40.0,120000.0,10,25.0,20.0,20.0,1.68,10000.0,12.0,25.0,20.0,20.0,2,2,2,8,96.0,80,960.0,80000.0,13.44,0.6666666666666666
12020184001,0,1,60.0,50.0,40.0,120000.0,10,25.0,20.0,20.0,1.68,10000.0,12.0,25.0,20.0,20.0,2,2,2,8,96.0,80,960.0,80000.0,13.44,0.6666666666666666
12020184001,0,2,60.0,50.0,40.0,120000.0,10,25.0,20.0,20.0,1.68,10000.0,12.0,20.0,25.0,20.0,3,2,2,12,144.0,120,1440.0,120000.0,20.16,1.0
12020184001,0,3,60.0,50.0,40.0,120000.0,10,25.0,20.0,20.0,1.68,10000.0,12.0,20.0,20.0,25.0,3,2,1,6,72.0,60,720.0,60000.0,10.08,0.5
12020184001,0,4,60.0,50.0,40.0,120000.0,10,25.0,20.0,20.0,1.68,10000.0,12.0,20.0,20.0,25.0,3,2,1,6,72.0,60,720.0,60000.0,10.08,0.5
12020184001,0,5,60.0,50.0,40.0,120000.0,10,25.0,20.0,20.0,1.68,10000.0,12.0,20.0,25.0,20.0,3,2,2,12,144.0,120,1440.0,120000.0,20.16,1.0
11110100001,0,0,60.0,50.0,40.0,120000.0,10,29.0,22.0,30.0,10.05,19140.0,8.0,29.0,22.0,30.0,2,2,1,4,32.0,40,320.0,76560.0,40.2,0.638
11110100001,0,1,60.0,50.0,40.0,120000.0,10,29.0,22.0,30.0,10.05,19140.0,8.0,29.0,30.0,22.0,2,1,1,2,16.0,20,160.0,38280.0,20.1,0.319
11110100001,0,2,60.0,50.0,40.0,120000.0,10,29.0,22.0,30.0,10.05,19140.0,8.0,30.0,29.0,22.0,2,1,1,2,16.0,20,160.0,38280.0,20.1,0.319
11110100001,0,3,60.0,50.0,40.0,120000.0,10,29.0,22.0,30.0,10.05,19140.0,8.0,30.0,22.0,29.0,2,2,1,4,32.0,40,320.0,76560.0,40.2,0.638
11110100001,0,4,60.0,50.0,40.0,120000.0,10,29.0,22.0,30.0,10.05,19140.0,8.0,22.0,30.0,29.0,2,1,1,2,16.0,20,160.0,38280.0,20.1,0.319
11110100001,0,5,60.0,50.0,40.0,120000.0,10,29.0,22.0,30.0,10.05,19140.0,8.0,22.0,29.0,30.0,2,1,1,2,16.0,20,160.0,38280.0,20.1,0.319
14023295001,0,0,60.0,50.0,40.0,120000.0,10,43.0,30.0,24.0,1.24,30960.0,6.0,43.0,30.0,24.0,1,1,1,1,6.0,10,60.0,30960.0,1.24,0.258
14023295001,0,1,60.0,50.0,40.0,120000.0,10,43.0,30.0,24.0,1.24,30960.0,6.0,43.0,24.0,30.0,1,2,1,2,12.0,20,120.0,61920.0,2.48,0.516
14023295001,0,2,60.0,50.0,40.0,120000.0,10,43.0,30.0,24.0,1.24,30960.0,6.0,24.0,43.0,30.0,2,1,1,2,12.0,20,120.0,61920.0,2.48,0.516
14023295001,0,5,60.0,50.0,40.0,120000.0,10,43.0,30.0,24.0,1.24,30960.0,6.0,30.0,43.0,24.0,2,1,1,2,12.0,20,120.0,61920.0,2.48,0.516
10031006001,0,0,60.0,50.0,40.0,120000.0,10,41.0,27.0,24.0,14.0,26568.0,24.0,41.0,27.0,24.0,1,1,1,1,24.0,10,240.0,26568.0,14.0,0.2214
10031006001,0,1,60.0,50.0,40.0,120000.0,10,41.0,27.0,24.0,14.0,26568.0,24.0,41.0,24.0,27.0,1,2,1,2,48.0,20,480.0,53136.0,28.0,0.4428
10031006001,0,2,60.0,50.0,40.0,120000.0,10,41.0,27.0,24.0,14.0,26568.0,24.0,24.0,41.0,27.0,2,1,1,2,48.0,20,480.0,53136.0,28.0,0.4428
10031006001,0,5,60.0,50.0,40.0,120000.0,10,41.0,27.0,24.0,14.0,26568.0,24.0,27.0,41.0,24.0,2,1,1,2,48.0,20,480.0,53136.0,28.0,0.4428
14504002001,0,0,60.0,50.0,40.0,120000.0,10,41.0,31.0,13.0,4.05,16523.0,30.0,41.0,31.0,13.0,1,1,3,3,90.0,30,900.0,49569.0,12.149999999999999,0.413075
14504002001,0,1,60.0,50.0,40.0,120000.0,10,41.0,31.0,13.0,4.05,16523.0,30.0,41.0,13.0,31.0,1,3,1,3,90.0,30,900.0,49569.0,12.149999999999999,0.413075
14504002001,0,2,60.0,50.0,40.0,120000.0,10,41.0,31.0,13.0,4.05,16523.0,30.0,13.0,41.0,31.0,4,1,1,4,120.0,40,1200.0,66092.0,16.2,0.5507666666666666
14504002001,0,5,60.0,50.0,40.0,120000.0,10,41.0,31.0,13.0,4.05,16523.0,30.0,31.0,41.0,13.0,1,1,3,3,90.0,30,900.0,49569.0,12.149999999999999,0.413075
14811007001,0,0,60.0,50.0,40.0,120000.0,10,31.0,23.0,23.0,11.74,16399.0,8.0,31.0,23.0,23.0,1,2,1,2,16.0,20,160.0,32798.0,23.48,0.27331666666666665
14811007001,0,1,60.0,50.0,40.0,120000.0,10,31.0,23.0,23.0,11.74,16399.0,8.0,31.0,23.0,23.0,1,2,1,2,16.0,20,160.0,32798.0,23.48,0.27331666666666665
14811007001,0,2,60.0,50.0,40.0,120000.0,10,31.0,23.0,23.0,11.74,16399.0,8.0,23.0,31.0,23.0,2,1,1,2,16.0,20,160.0,32798.0,23.48,0.27331666666666665
14811007001,0,3,60.0,50.0,40.0,120000.0,10,31.0,23.0,23.0,11.74,16399.0,8.0,23.0,23.0,31.0,2,2,1,4,32.0,40,320.0,65596.0,46.96,0.5466333333333333
14811007001,0,4,60.0,50.0,40.0,120000.0,10,31.0,23.0,23.0,11.74,16399.0,8.0,23.0,23.0,31.0,2,2,1,4,32.0,40,320.0,65596.0,46.96,0.5466333333333333
14811007001,0,5,60.0,50.0,40.0,120000.0,10,31.0,23.0,23.0,11.74,16399.0,8.0,23.0,31.0,23.0,2,1,1,2,16.0,20,160.0,32798.0,23.48,0.27331666666666665
14522049001,0,0,60.0,50.0,40.0,120000.0,10,36.0,29.0,34.0,5.39,35496.0,96.0,36.0,29.0,34.0,1,1,1,1,96.0,10,960.0,35496.0,5.39,0.2958
14522049001,0,1,60.0,50.0,40.0,120000.0,10,36.0,29.0,34.0,5.39,35496.0,96.0,36.0,34.0,29.0,1,1,1,1,96.0,10,960.0,35496.0,5.39,0.2958
14522049001,0,2,60.0,50.0,40.0,120000.0,10,36.0,29.0,34.0,5.39,35496.0,96.0,34.0,36.0,29.0,1,1,1,1,96.0,10,960.0,35496.0,5.39,0.2958
14522049001,0,3,60.0,50.0,40.0,120000.0,10,36.0,29.0,34.0,5.39,35496.0,96.0,34.0,29.0,36.0,1,1,1,1,96.0,10,960.0,35496.0,5.39,0.2958
14522049001,0,4,60.0,50.0,40.0,120000.0,10,36.0,29.0,34.0,5.39,35496.0,96.0,29.0,34.0,36.0,2,1,1,2,192.0,20,1920.0,70992.0,10.78,0.5916
14522049001,0,5,60.0,50.0,40.0,120000.0,10,36.0,29.0,34.0,5.39,35496.0,96.0,29.0,36.0,34.0,2,1,1,2,192.0,20,1920.0,70992.0,10.78,0.5916
11040006001,0,0,60.0,50.0,40.0,120000.0,10,36.0,27.0,30.0,10.73,29160.0,12.0,36.0,27.0,30.0,1,1,1,1,12.0,10,120.0,29160.0,10.73,0.243
11040006001,0,1,60.0,50.0,40.0,120000.0,10,36.0,27.0,30.0,10.73,29160.0,12.0,36.0,30.0,27.0,1,1,1,1,12.0,10,120.0,29160.0,10.73,0.243
11040006001,0,2,60.0,50.0,40.0,120000.0,10,36.0,27.0,30.0,10.73,29160.0,12.0,30.0,36.0,27.0,2,1,1,2,24.0,20,240.0,58320.0,21.46,0.486
11040006001,0,3,60.0,50.0,40.0,120000.0,10,36.0,27.0,30.0,10.73,29160.0,12.0,30.0,27.0,36.0,2,1,1,2,24.0,20,240.0,58320.0,21.46,0.486
11040006001,0,4,60.0,50.0,40.0,120000.0,10,36.0,27.0,30.0,10.73,29160.0,12.0,27.0,30.0,36.0,2,1,1,2,24.0,20,240.0,58320.0,21.46,0.486
11040006001,0,5,60.0,50.0,40.0,120000.0,10,36.0,27.0,30.0,10.73,29160.0,12.0,27.0,36.0,30.0,2,1,1,2,24.0,20,240.0,58320.0,21.46,0.486
10013005001,0,0,60.0,50.0,40.0,120000.0,10,34.0,20.0,11.0,6.71,7480.0,24.0,34.0,20.0,11.0,1,2,3,6,144.0,60,1440.0,44880.0,40.26,0.374
10013005001,0,1,60.0,50.0,40.0,120000.0,10,34.0,20.0,11.0,6.71,7480.0,24.0,34.0,11.0,20.0,1,4,2,8,192.0,80,1920.0,59840.0,53.68,0.49866666666666665
10013005001,0,2,60.0,50.0,40.0,120000.0,10,34.0,20.0,11.0,6.71,7480.0,24.0,11.0,34.0,20.0,5,1,2,10,240.0,100,2400.0,74800.0,67.1,0.6233333333333333
10013005001,0,3,60.0,50.0,40.0,120000.0,10,34.0,20.0,11.0,6.71,7480.0,24.0,11.0,20.0,34.0,5,2,1,10,240.0,100,2400.0,74800.0,67.1,0.6233333333333333
10013005001,0,4,60.0,50.0,40.0,120000.0,10,34.0,20.0,11.0,6.71,7480.0,24.0,20.0,11.0,34.0,3,4,1,12,288.0,120,2880.0,89760.0,80.52,0.748
10013005001,0,5,60.0,50.0,40.0,120000.0,10,34.0,20.0,11.0,6.71,7480.0,24.0,20.0,34.0,11.0,3,1,3,9,216.0,90,2160.0,67320.0,60.39,0.561
11070007001,0,0,60.0,50.0,40.0,120000.0,10,41.0,27.0,27.0,11.5,29889.0,24.0,41.0,27.0,27.0,1,1,1,1,24.0,10,240.0,29889.0,11.5,0.249075
11070007001,0,1,60.0,50.0,40.0,120000.0,10,41.0,27.0,27.0,11.5,29889.0,24.0,41.0,27.0,27.0,1,1,1,1,24.0,10,240.0,29889.0,11.5,0.249075
11070007001,0,2,60.0,50.0,40.0,120000.0,10,41.0,27.0,27.0,11.5,29889.0,24.0,27.0,41.0,27.0,2,1,1,2,48.0,20,480.0,59778.0,23.0,0.49815
11070007001,0,5,60.0,50.0,40.0,120000.0,10,41.0,27.0,27.0,11.5,29889.0,24.0,27.0,41.0,27.0,2,1,1,2,48.0,20,480.0,59778.0,23.0,0.49815
14830069001,0,0,60.0,50.0,40.0,120000.0,10,31.0,24.0,9.0,3.68,6696.0,24.0,31.0,24.0,9.0,1,2,4,8,192.0,80,1920.0,53568.0,29.44,0.4464
14830069001,0,1,60.0,50.0,40.0,120000.0,10,31.0,24.0,9.0,3.68,6696.0,24.0,31.0,9.0,24.0,1,5,1,5,120.0,50,1200.0,33480.0,18.400000000000002,0.279
14830069001,0,2,60.0,50.0,40.0,120000.0,10,31.0,24.0,9.0,3.68,6696.0,24.0,9.0,31.0,24.0,6,1,1,6,144.0,60,1440.0,40176.0,22.080000000000002,0.3348
14830069001,0,3,60.0,50.0,40.0,120000.0,10,31.0,24.0,9.0,3.68,6696.0,24.0,9.0,24.0,31.0,6,2,1,12,288.0,120,2880.0,80352.0,44.160000000000004,0.6696
14830069001,0,4,60.0,50.0,40.0,120000.0,10,31.0,24.0,9.0,3.68,6696.0,24.0,24.0,9.0,31.0,2,5,1,10,240.0,100,2400.0,66960.0,36.800000000000004,0.558
14830069001,0,5,60.0,50.0,40.0,120000.0,10,31.0,24.0,9.0,3.68,6696.0,24.0,24.0,31.0,9.0,2,1,4,8,192.0,80,1920.0,53568.0,29.44,0.4464
12020404001,0,0,60.0,50.0,40.0,120000.0,10,20.0,13.0,20.0,1.036,5200.0,6.0,20.0,13.0,20.0,3,3,2,18,108.0,180,1080.0,93600.0,18.648,0.78
12020404001,0,1,60.0,50.0,40.0,120000.0,10,20.0,13.0,20.0,1.036,5200.0,6.0,20.0,20.0,13.0,3,2,3,18,108.0,180,1080.0,93600.0,18.648,0.78
12020404001,0,2,60.0,50.0,40.0,120000.0,10,20.0,13.0,20.0,1.036,5200.0,6.0,20.0,20.0,13.0,3,2,3,18,108.0,180,1080.0,93600.0,18.648,0.78
12020404001,0,3,60.0,50.0,40.0,120000.0,10,20.0,13.0,20.0,1.036,5200.0,6.0,20.0,13.0,20.0,3,3,2,18,108.0,180,1080.0,93600.0,18.648,0.78
12020404001,0,4,60.0,50.0,40.0,120000.0,10,20.0,13.0,20.0,1.036,5200.0,6.0,13.0,20.0,20.0,4,2,2,16,96.0,160,960.0,83200.0,16.576,0.6933333333333334
12020404001,0,5,60.0,50.0,40.0,120000.0,10,20.0,13.0,20.0,1.036,5200.0,6.0,13.0,20.0,20.0,4,2,2,16,96.0,160,960.0,83200.0,16.576,0.6933333333333334
14001053001,0,0,60.0,50.0,40.0,120000.0,10,50.0,34.0,36.0,5.56,61200.0,12.0,50.0,34.0,36.0,1,1,1,1,12.0,10,120.0,61200.0,5.56,0.51
14001053001,0,1,60.0,50.0,40.0,120000.0,10,50.0,34.0,36.0,5.56,61200.0,12.0,50.0,36.0,34.0,1,1,1,1,12.0,10,120.0,61200.0,5.56,0.51
14001053001,0,2,60.0,50.0,40.0,120000.0,10,50.0,34.0,36.0,5.56,61200.0,12.0,36.0,50.0,34.0,1,1,1,1,12.0,10,120.0,61200.0,5.56,0.51
14001053001,0,5,60.0,50.0,40.0,120000.0,10,50.0,34.0,36.0,5.56,61200.0,12.0,34.0,50.0,36.0,1,1,1,1,12.0,10,120.0,61200.0,5.56,0.51
10033005001,0,0,60.0,50.0,40.0,120000.0,10,35.0,20.0,11.0,6.54,7700.0,24.0,35.0,20.0,11.0,1,2,3,6,144.0,60,1440.0,46200.0,39.24,0.385
10033005001,0,1,60.0,50.0,40.0,120000.0,10,35.0,20.0,11.0,6.54,7700.0,24.0,35.0,11.0,20.0,1,4,2,8,192.0,80,1920.0,61600.0,52.32,0.5133333333333333
10033005001,0,2,60.0,50.0,40.0,120000.0,10,35.0,20.0,11.0,6.54,7700.0,24.0,11.0,35.0,20.0,5,1,2,10,240.0,100,2400.0,77000.0,65.4,0.6416666666666667
10033005001,0,3,60.0,50.0,40.0,120000.0,10,35.0,20.0,11.0,6.54,7700.0,24.0,11.0,20.0,35.0,5,2,1,10,240.0,100,2400.0,77000.0,65.4,0.6416666666666667
10033005001,0,4,60.0,50.0,40.0,120000.0,10,35.0,20.0,11.0,6.54,7700.0,24.0,20.0,11.0,35.0,3,4,1,12,288.0,120,2880.0,92400.0,78.48,0.77
10033005001,0,5,60.0,50.0,40.0,120000.0,10,35.0,20.0,11.0,6.54,7700.0,24.0,20.0,35.0,11.0,3,1,3,9,216.0,90,2160.0,69300.0,58.86,0.5775
10034039001,0,0,60.0,50.0,40.0,120000.0,10,35.0,20.0,13.0,7.9,9100.0,24.0,35.0,20.0,13.0,1,2,3,6,144.0,60,1440.0,54600.0,47.400000000000006,0.455
10034039001,0,1,60.0,50.0,40.0,120000.0,10,35.0,20.0,13.0,7.9,9100.0,24.0,35.0,13.0,20.0,1,3,2,6,144.0,60,1440.0,54600.0,47.400000000000006,0.455
10034039001,0,2,60.0,50.0,40.0,120000.0,10,35.0,20.0,13.0,7.9,9100.0,24.0,13.0,35.0,20.0,4,1,2,8,192.0,80,1920.0,72800.0,63.2,0.6066666666666667
10034039001,0,3,60.0,50.0,40.0,120000.0,10,35.0,20.0,13.0,7.9,9100.0,24.0,13.0,20.0,35.0,4,2,1,8,192.0,80,1920.0,72800.0,63.2,0.6066666666666667
10034039001,0,4,60.0,50.0,40.0,120000.0,10,35.0,20.0,13.0,7.9,9100.0,24.0,20.0,13.0,35.0,3,3,1,9,216.0,90,2160.0,81900.0,71.10000000000001,0.6825
10034039001,0,5,60.0,50.0,40.0,120000.0,10,35.0,20.0,13.0,7.9,9100.0,24.0,20.0,35.0,13.0,3,1,3,9,216.0,90,2160.0,81900.0,71.10000000000001,0.6825
12326121001,0,0,60.0,50.0,40.0,120000.0,10,26.0,18.0,17.0,0.63,7956.0,3.0,26.0,18.0,17.0,2,2,2,8,24.0,80,240.0,63648.0,5.04,0.5304
12326121001,0,1,60.0,50.0,40.0,120000.0,10,26.0,18.0,17.0,0.63,7956.0,3.0,26.0,17.0,18.0,2,2,2,8,24.0,80,240.0,63648.0,5.04,0.5304
12326121001,0,2,60.0,50.0,40.0,120000.0,10,26.0,18.0,17.0,0.63,7956.0,3.0,17.0,26.0,18.0,3,1,2,6,18.0,60,180.0,47736.0,3.7800000000000002,0.3978
12326121001,0,3,60.0,50.0,40.0,120000.0,10,26.0,18.0,17.0,0.63,7956.0,3.0,17.0,18.0,26.0,3,2,1,6,18.0,60,180.0,47736.0,3.7800000000000002,0.3978
12326121001,0,4,60.0,50.0,40.0,120000.0,10,26.0,18.0,17.0,0.63,7956.0,3.0,18.0,17.0,26.0,3,2,1,6,18.0,60,180.0,47736.0,3.7800000000000002,0.3978
12326121001,0,5,60.0,50.0,40.0,120000.0,10,26.0,18.0,17.0,0.63,7956.0,3.0,18.0,26.0,17.0,3,1,2,6,18.0,60,180.0,47736.0,3.7800000000000002,0.3978
12120065001,0,0,60.0,50.0,40.0,120000.0,10,39.0,29.0,16.0,2.3,18096.0,36.0,39.0,29.0,16.0,1,1,2,2,72.0,20,720.0,36192.0,4.6,0.3016
12120065001,0,1,60.0,50.0,40.0,120000.0,10,39.0,29.0,16.0,2.3,18096.0,36.0,39.0,16.0,29.0,1,3,1,3,108.0,30,1080.0,54288.0,6.8999999999999995,0.4524
12120065001,0,2,60.0,50.0,40.0,120000.0,10,39.0,29.0,16.0,2.3,18096.0,36.0,16.0,39.0,29.0,3,1,1,3,108.0,30,1080.0,54288.0,6.8999999999999995,0.4524
12120065001,0,3,60.0,50.0,40.0,120000.0,10,39.0,29.0,16.0,2.3,18096.0,36.0,16.0,29.0,39.0,3,1,1,3,108.0,30,1080.0,54288.0,6.8999999999999995,0.4524
12120065001,0,4,60.0,50.0,40.0,120000.0,10,39.0,29.0,16.0,2.3,18096.0,36.0,29.0,16.0,39.0,2,3,1,6,216.0,60,2160.0,108576.0,13.799999999999999,0.9048
12120065001,0,5,60.0,50.0,40.0,120000.0,10,39.0,29.0,16.0,2.3,18096.0,36.0,29.0,39.0,16.0,2,1,2,4,144.0,40,1440.0,72384.0,9.2,0.6032
10032011001,0,0,60.0,50.0,40.0,120000.0,10,42.0,25.0,8.0,6.21,8400.0,24.0,42.0,25.0,8.0,1,2,5,10,240.0,100,2400.0,84000.0,62.1,0.7
10032011001,0,1,60.0,50.0,40.0,120000.0,10,42.0,25.0,8.0,6.21,8400.0,24.0,42.0,8.0,25.0,1,6,1,6,144.0,60,1440.0,50400.0,37.26,0.42
10032011001,0,2,60.0,50.0,40.0,120000.0,10,42.0,25.0,8.0,6.21,8400.0,24.0,8.0,42.0,25.0,7,1,1,7,168.0,70,1680.0,58800.0,43.47,0.49
10032011001,0,5,60.0,50.0,40.0,120000.0,10,42.0,25.0,8.0,6.21,8400.0,24.0,25.0,42.0,8.0,2,1,5,10,240.0,100,2400.0,84000.0,62.1,0.7
10001005001,0,0,60.0,50.0,40.0,120000.0,10,40.0,27.0,12.0,9.11,12960.0,24.0,40.0,27.0,12.0,1,1,3,3,72.0,30,720.0,38880.0,27.33,0.324
10001005001,0,1,60.0,50.0,40.0,120000.0,10,40.0,27.0,12.0,9.11,12960.0,24.0,40.0,12.0,27.0,1,4,1,4,96.0,40,960.0,51840.0,36.44,0.432
10001005001,0,2,60.0,50.0,40.0,120000.0,10,40.0,27.0,12.0,9.11,12960.0,24.0,12.0,40.0,27.0,5,1,1,5,120.0,50,1200.0,64800.0,45.55,0.54
10001005001,0,3,60.0,50.0,40.0,120000.0,10,40.0,27.0,12.0,9.11,12960.0,24.0,12.0,27.0,40.0,5,1,1,5,120.0,50,1200.0,64800.0,45.55,0.54
10001005001,0,4,60.0,50.0,40.0,120000.0,10,40.0,27.0,12.0,9.11,12960.0,24.0,27.0,12.0,40.0,2,4,1,8,192.0,80,1920.0,103680.0,72.88,0.864
10001005001,0,5,60.0,50.0,40.0,120000.0,10,40.0,27.0,12.0,9.11,12960.0,24.0,27.0,40.0,12.0,2,1,3,6,144.0,60,1440.0,77760.0,54.66,0.648
12102021001,0,0,60.0,50.0,40.0,120000.0,10,38.0,22.0,23.0,7.89,19228.0,48.0,38.0,22.0,23.0,1,2,1,2,96.0,20,960.0,38456.0,15.78,0.3204666666666667
12102021001,0,1,60.0,50.0,40.0,120000.0,10,38.0,22.0,23.0,7.89,19228.0,48.0,38.0,23.0,22.0,1,2,1,2,96.0,20,960.0,38456.0,15.78,0.3204666666666667
12102021001,0,2,60.0,50.0,40.0,120000.0,10,38.0,22.0,23.0,7.89,19228.0,48.0,23.0,38.0,22.0,2,1,1,2,96.0,20,960.0,38456.0,15.78,0.3204666666666667
12102021001,0,3,60.0,50.0,40.0,120000.0,10,38.0,22.0,23.0,7.89,19228.0,48.0,23.0,22.0,38.0,2,2,1,4,192.0,40,1920.0,76912.0,31.56,0.6409333333333334
12102021001,0,4,60.0,50.0,40.0,120000.0,10,38.0,22.0,23.0,7.89,19228.0,48.0,22.0,23.0,38.0,2,2,1,4,192.0,40,1920.0,76912.0,31.56,0.6409333333333334
12102021001,0,5,60.0,50.0,40.0,120000.0,10,38.0,22.0,23.0,7.89,19228.0,48.0,22.0,38.0,23.0,2,1,1,2,96.0,20,960.0,38456.0,15.78,0.3204666666666667
14503019001,0,0,60.0,50.0,40.0,120000.0,10,43.0,29.0,23.0,2.11,28681.0,12.0,43.0,29.0,23.0,1,1,1,1,12.0,10,120.0,28681.0,2.11,0.23900833333333332
14503019001,0,1,60.0,50.0,40.0,120000.0,10,43.0,29.0,23.0,2.11,28681.0,12.0,43.0,23.0,29.0,1,2,1,2,24.0,20,240.0,57362.0,4.22,0.47801666666666665
14503019001,0,2,60.0,50.0,40.0,120000.0,10,43.0,29.0,23.0,2.11,28681.0,12.0,23.0,43.0,29.0,2,1,1,2,24.0,20,240.0,57362.0,4.22,0.47801666666666665
14503019001,0,5,60.0,50.0,40.0,120000.0,10,43.0,29.0,23.0,2.11,28681.0,12.0,29.0,43.0,23.0,2,1,1,2,24.0,20,240.0,57362.0,4.22,0.47801666666666665
11072033001,0,0,60.0,50.0,40.0,120000.0,10,57.0,44.0,18.0,14.5,45144.0,12.0,57.0,44.0,18.0,1,1,2,2,24.0,20,240.0,90288.0,29.0,0.7524
12120080001,0,0,60.0,50.0,40.0,120000.0,10,36.0,20.0,20.0,1.35,14400.0,8.0,36.0,20.0,20.0,1,2,2,4,32.0,40,320.0,57600.0,5.4,0.48
12120080001,0,1,60.0,50.0,40.0,120000.0,10,36.0,20.0,20.0,1.35,14400.0,8.0,36.0,20.0,20.0,1,2,2,4,32.0,40,320.0,57600.0,5.4,0.48
12120080001,0,2,60.0,50.0,40.0,120000.0,10,36.0,20.0,20.0,1.35,14400.0,8.0,20.0,36.0,20.0,3,1,2,6,48.0,60,480.0,86400.0,8.100000000000001,0.72
12120080001,0,3,60.0,50.0,40.0,120000.0,10,36.0,20.0,20.0,1.35,14400.0,8.0,20.0,20.0,36.0,3,2,1,6,48.0,60,480.0,86400.0,8.100000000000001,0.72
12120080001,0,4,60.0,50.0,40.0,120000.0,10,36.0,20.0,20.0,1.35,14400.0,8.0,20.0,20.0,36.0,3,2,1,6,48.0,60,480.0,86400.0,8.100000000000001,0.72
12120080001,0,5,60.0,50.0,40.0,120000.0,10,36.0,20.0,20.0,1.35,14400.0,8.0,20.0,36.0,20.0,3,1,2,6,48.0,60,480.0,86400.0,8.100000000000001,0.72
12122017001,0,0,60.0,50.0,40.0,120000.0,10,35.0,30.0,25.0,1.716,26250.0,18.0,35.0,30.0,25.0,1,1,1,1,18.0,10,180.0,26250.0,1.716,0.21875
12122017001,0,1,60.0,50.0,40.0,120000.0,10,35.0,30.0,25.0,1.716,26250.0,18.0,35.0,25.0,30.0,1,2,1,2,36.0,20,360.0,52500.0,3.432,0.4375
12122017001,0,2,60.0,50.0,40.0,120000.0,10,35.0,30.0,25.0,1.716,26250.0,18.0,25.0,35.0,30.0,2,1,1,2,36.0,20,360.0,52500.0,3.432,0.4375
12122017001,0,3,60.0,50.0,40.0,120000.0,10,35.0,30.0,25.0,1.716,26250.0,18.0,25.0,30.0,35.0,2,1,1,2,36.0,20,360.0,52500.0,3.432,0.4375
12122017001,0,4,60.0,50.0,40.0,120000.0,10,35.0,30.0,25.0,1.716,26250.0,18.0,30.0,25.0,35.0,2,2,1,4,72.0,40,720.0,105000.0,6.864,0.875
12122017001,0,5,60.0,50.0,40.0,120000.0,10,35.0,30.0,25.0,1.716,26250.0,18.0,30.0,35.0,25.0,2,1,1,2,36.0,20,360.0,52500.0,3.432,0.4375
12011006001,0,0,60.0,50.0,40.0,120000.0,10,25.0,18.0,23.0,4.36,10350.0,6.0,25.0,18.0,23.0,2,2,1,4,24.0,40,240.0,41400.0,17.44,0.345
12011006001,0,1,60.0,50.0,40.0,120000.0,10,25.0,18.0,23.0,4.36,10350.0,6.0,25.0,23.0,18.0,2,2,2,8,48.0,80,480.0,82800.0,34.88,0.69
12011006001,0,2,60.0,50.0,40.0,120000.0,10,25.0,18.0,23.0,4.36,10350.0,6.0,23.0,25.0,18.0,2,2,2,8,48.0,80,480.0,82800.0,34.88,0.69
12011006001,0,3,60.0,50.0,40.0,120000.0,10,25.0,18.0,23.0,4.36,10350.0,6.0,23.0,18.0,25.0,2,2,1,4,24.0,40,240.0,41400.0,17.44,0.345
12011006001,0,4,60.0,50.0,40.0,120000.0,10,25.0,18.0,23.0,4.36,10350.0,6.0,18.0,23.0,25.0,3,2,1,6,36.0,60,360.0,62100.0,26.160000000000004,0.5175
12011006001,0,5,60.0,50.0,40.0,120000.0,10,25.0,18.0,23.0,4.36,10350.0,6.0,18.0,25.0,23.0,3,2,1,6,36.0,60,360.0,62100.0,26.160000000000004,0.5175
10032013001,0,0,60.0,50.0,40.0,120000.0,10,40.0,20.0,14.0,9.8,11200.0,24.0,40.0,20.0,14.0,1,2,2,4,96.0,40,960.0,44800.0,39.2,0.37333333333333335
10032013001,0,1,60.0,50.0,40.0,120000.0,10,40.0,20.0,14.0,9.8,11200.0,24.0,40.0,14.0,20.0,1,3,2,6,144.0,60,1440.0,67200.0,58.800000000000004,0.56
10032013001,0,2,60.0,50.0,40.0,120000.0,10,40.0,20.0,14.0,9.8,11200.0,24.0,14.0,40.0,20.0,4,1,2,8,192.0,80,1920.0,89600.0,78.4,0.7466666666666667
10032013001,0,3,60.0,50.0,40.0,120000.0,10,40.0,20.0,14.0,9.8,11200.0,24.0,14.0,20.0,40.0,4,2,1,8,192.0,80,1920.0,89600.0,78.4,0.7466666666666667
10032013001,0,4,60.0,50.0,40.0,120000.0,10,40.0,20.0,14.0,9.8,11200.0,24.0,20.0,14.0,40.0,3,3,1,9,216.0,90,2160.0,100800.0,88.2,0.84
10032013001,0,5,60.0,50.0,40.0,120000.0,10,40.0,20.0,14.0,9.8,11200.0,24.0,20.0,40.0,14.0,3,1,2,6,144.0,60,1440.0,67200.0,58.800000000000004,0.56
12201042001,0,0,60.0,50.0,40.0,120000.0,10,20.0,10.0,8.0,0.2,1600.0,1.0,20.0,10.0,8.0,3,5,5,75,75.0,750,750.0,120000.0,15.0,1.0
12201042001,0,1,60.0,50.0,40.0,120000.0,10,20.0,10.0,8.0,0.2,1600.0,1.0,20.0,8.0,10.0,3,6,4,72,72.0,720,720.0,115200.0,14.4,0.96
12201042001,0,2,60.0,50.0,40.0,120000.0,10,20.0,10.0,8.0,0.2,1600.0,1.0,8.0,20.0,10.0,7,2,4,56,56.0,560,560.0,89600.0,11.200000000000001,0.7466666666666667
12201042001,0,3,60.0,50.0,40.0,120000.0,10,20.0,10.0,8.0,0.2,1600.0,1.0,8.0,10.0,20.0,7,5,2,70,70.0,700,700.0,112000.0,14.0,0.9333333333333333
12201042001,0,4,60.0,50.0,40.0,120000.0,10,20.0,10.0,8.0,0.2,1600.0,1.0,10.0,8.0,20.0,6,6,2,72,72.0,720,720.0,115200.0,14.4,0.96
12201042001,0,5,60.0,50.0,40.0,120000.0,10,20.0,10.0,8.0,0.2,1600.0,1.0,10.0,20.0,8.0,6,2,5,60,60.0,600,600.0,96000.0,12.0,0.8
14510004001,0,0,60.0,50.0,40.0,120000.0,10,35.0,24.0,5.0,3.0,4200.0,1.0,35.0,24.0,5.0,1,2,8,16,16.0,160,160.0,67200.0,48.0,0.56
14510004001,0,1,60.0,50.0,40.0,120000.0,10,35.0,24.0,5.0,3.0,4200.0,1.0,35.0,5.0,24.0,1,10,1,10,10.0,100,100.0,42000.0,30.0,0.35
14510004001,0,2,60.0,50.0,40.0,120000.0,10,35.0,24.0,5.0,3.0,4200.0,1.0,5.0,35.0,24.0,12,1,1,12,12.0,120,120.0,50400.0,36.0,0.42
14510004001,0,3,60.0,50.0,40.0,120000.0,10,35.0,24.0,5.0,3.0,4200.0,1.0,5.0,24.0,35.0,12,2,1,24,24.0,240,240.0,100800.0,72.0,0.84
14510004001,0,4,60.0,50.0,40.0,120000.0,10,35.0,24.0,5.0,3.0,4200.0,1.0,24.0,5.0,35.0,2,10,1,20,20.0,200,200.0,84000.0,60.0,0.7
14510004001,0,5,60.0,50.0,40.0,120000.0,10,35.0,24.0,5.0,3.0,4200.0,1.0,24.0,35.0,5.0,2,1,8,16,16.0,160,160.0,67200.0,48.0,0.56
14204041001,0,0,60.0,50.0,40.0,120000.0,10,37.0,29.0,17.0,2.13,18241.0,10.0,37.0,29.0,17.0,1,1,2,2,20.0,20,200.0,36482.0,4.26,0.30401666666666666
14204041001,0,1,60.0,50.0,40.0,120000.0,10,37.0,29.0,17.0,2.13,18241.0,10.0,37.0,17.0,29.0,1,2,1,2,20.0,20,200.0,36482.0,4.26,0.30401666666666666
14204041001,0,2,60.0,50.0,40.0,120000.0,10,37.0,29.0,17.0,2.13,18241.0,10.0,17.0,37.0,29.0,3,1,1,3,30.0,30,300.0,54723.0,6.39,0.456025
14204041001,0,3,60.0,50.0,40.0,120000.0,10,37.0,29.0,17.0,2.13,18241.0,10.0,17.0,29.0,37.0,3,1,1,3,30.0,30,300.0,54723.0,6.39,0.456025
14204041001,0,4,60.0,50.0,40.0,120000.0,10,37.0,29.0,17.0,2.13,18241.0,10.0,29.0,17.0,37.0,2,2,1,4,40.0,40,400.0,72964.0,8.52,0.6080333333333333
14204041001,0,5,60.0,50.0,40.0,120000.0,10,37.0,29.0,17.0,2.13,18241.0,10.0,29.0,37.0,17.0,2,1,2,4,40.0,40,400.0,72964.0,8.52,0.6080333333333333
12123106001,0,0,60.0,50.0,40.0,120000.0,10,42.0,33.0,27.0,2.89,37422.0,12.0,42.0,33.0,27.0,1,1,1,1,12.0,10,120.0,37422.0,2.89,0.31185
12123106001,0,1,60.0,50.0,40.0,120000.0,10,42.0,33.0,27.0,2.89,37422.0,12.0,42.0,27.0,33.0,1,1,1,1,12.0,10,120.0,37422.0,2.89,0.31185
12123106001,0,2,60.0,50.0,40.0,120000.0,10,42.0,33.0,27.0,2.89,37422.0,12.0,27.0,42.0,33.0,2,1,1,2,24.0,20,240.0,74844.0,5.78,0.6237
12123106001,0,5,60.0,50.0,40.0,120000.0,10,42.0,33.0,27.0,2.89,37422.0,12.0,33.0,42.0,27.0,1,1,1,1,12.0,10,120.0,37422.0,2.89,0.31185
12000159001,0,0,60.0,50.0,40.0,120000.0,10,23.0,16.0,20.0,3.4,7360.0,6.0,23.0,16.0,20.0,2,3,2,12,72.0,120,720.0,88320.0,40.8,0.736
12000159001,0,1,60.0,50.0,40.0,120000.0,10,23.0,16.0,20.0,3.4,7360.0,6.0,23.0,20.0,16.0,2,2,2,8,48.0,80,480.0,58880.0,27.2,0.49066666666666664
12000159001,0,2,60.0,50.0,40.0,120000.0,10,23.0,16.0,20.0,3.4,7360.0,6.0,20.0,23.0,16.0,3,2,2,12,72.0,120,720.0,88320.0,40.8,0.736
12000159001,0,3,60.0,50.0,40.0,120000.0,10,23.0,16.0,20.0,3.4,7360.0,6.0,20.0,16.0,23.0,3,3,1,9,54.0,90,540.0,66240.0,30.599999999999998,0.552
12000159001,0,4,60.0,50.0,40.0,120000.0,10,23.0,16.0,20.0,3.4,7360.0,6.0,16.0,20.0,23.0,3,2,1,6,36.0,60,360.0,44160.0,20.4,0.368
12000159001,0,5,60.0,50.0,40.0,120000.0,10,23.0,16.0,20.0,3.4,7360.0,6.0,16.0,23.0,20.0,3,2,2,12,72.0,120,720.0,88320.0,40.8,0.736
14510133001,0,0,60.0,50.0,40.0,120000.0,10,35.0,24.0,5.0,1.8,4200.0,1.0,35.0,24.0,5.0,1,2,8,16,16.0,160,160.0,67200.0,28.8,0.56
14510133001,0,1,60.0,50.0,40.0,120000.0,10,35.0,24.0,5.0,1.8,4200.0,1.0,35.0,5.0,24.0,1,10,1,10,10.0,100,100.0,42000.0,18.0,0.35
14510133001,0,2,60.0,50.0,40.0,120000.0,10,35.0,24.0,5.0,1.8,4200.0,1.0,5.0,35.0,24.0,12,1,1,12,12.0,120,120.0,50400.0,21.6,0.42
14510133001,0,3,60.0,50.0,40.0,120000.0,10,35.0,24.0,5.0,1.8,4200.0,1.0,5.0,24.0,35.0,12,2,1,24,24.0,240,240.0,100800.0,43.2,0.84
14510133001,0,4,60.0,50.0,40.0,120000.0,10,35.0,24.0,5.0,1.8,4200.0,1.0,24.0,5.0,35.0,2,10,1,20,20.0,200,200.0,84000.0,36.0,0.7
14510133001,0,5,60.0,50.0,40.0,120000.0,10,35.0,24.0,5.0,1.8,4200.0,1.0,24.0,35.0,5.0,2,1,8,16,16.0,160,160.0,67200.0,28.8,0.56
14130042001,0,0,60.0,50.0,40.0,120000.0,10,59.0,27.0,22.0,4.6,35046.0,12.0,59.0,27.0,22.0,1,1,1,1,12.0,10,120.0,35046.0,4.6,0.29205
14130042001,0,1,60.0,50.0,40.0,120000.0,10,59.0,27.0,22.0,4.6,35046.0,12.0,59.0,22.0,27.0,1,2,1,2,24.0,20,240.0,70092.0,9.2,0.5841
14222072001,0,0,60.0,50.0,40.0,120000.0,10,37.0,20.0,17.0,2.8,12580.0,10.0,37.0,20.0,17.0,1,2,2,4,40.0,40,400.0,50320.0,11.2,0.41933333333333334
14222072001,0,1,60.0,50.0,40.0,120000.0,10,37.0,20.0,17.0,2.8,12580.0,10.0,37.0,17.0,20.0,1,2,2,4,40.0,40,400.0,50320.0,11.2,0.41933333333333334
14222072001,0,2,60.0,50.0,40.0,120000.0,10,37.0,20.0,17.0,2.8,12580.0,10.0,17.0,37.0,20.0,3,1,2,6,60.0,60,600.0,75480.0,16.799999999999997,0.629
14222072001,0,3,60.0,50.0,40.0,120000.0,10,37.0,20.0,17.0,2.8,12580.0,10.0,17.0,20.0,37.0,3,2,1,6,60.0,60,600.0,75480.0,16.799999999999997,0.629
14222072001,0,4,60.0,50.0,40.0,120000.0,10,37.0,20.0,17.0,2.8,12580.0,10.0,20.0,17.0,37.0,3,2,1,6,60.0,60,600.0,75480.0,16.799999999999997,0.629
14222072001,0,5,60.0,50.0,40.0,120000.0,10,37.0,20.0,17.0,2.8,12580.0,10.0,20.0,37.0,17.0,3,1,2,6,60.0,60,600.0,75480.0,16.799999999999997,0.629
10002942001,0,0,60.0,50.0,40.0,120000.0,10,40.0,28.0,12.0,8.91,13440.0,24.0,40.0,28.0,12.0,1,1,3,3,72.0,30,720.0,40320.0,26.73,0.336
10002942001,0,1,60.0,50.0,40.0,120000.0,10,40.0,28.0,12.0,8.91,13440.0,24.0,40.0,12.0,28.0,1,4,1,4,96.0,40,960.0,53760.0,35.64,0.448
10002942001,0,2,60.0,50.0,40.0,120000.0,10,40.0,28.0,12.0,8.91,13440.0,24.0,12.0,40.0,28.0,5,1,1,5,120.0,50,1200.0,67200.0,44.55,0.56
10002942001,0,3,60.0,50.0,40.0,120000.0,10,40.0,28.0,12.0,8.91,13440.0,24.0,12.0,28.0,40.0,5,1,1,5,120.0,50,1200.0,67200.0,44.55,0.56
10002942001,0,4,60.0,50.0,40.0,120000.0,10,40.0,28.0,12.0,8.91,13440.0,24.0,28.0,12.0,40.0,2,4,1,8,192.0,80,1920.0,107520.0,71.28,0.896
10002942001,0,5,60.0,50.0,40.0,120000.0,10,40.0,28.0,12.0,8.91,13440.0,24.0,28.0,40.0,12.0,2,1,3,6,144.0,60,1440.0,80640.0,53.46,0.672
12001114001,0,0,60.0,50.0,40.0,120000.0,10,26.0,25.0,23.0,6.82,14950.0,12.0,26.0,25.0,23.0,2,2,1,4,48.0,40,480.0,59800.0,27.28,0.49833333333333335
12001114001,0,1,60.0,50.0,40.0,120000.0,10,26.0,25.0,23.0,6.82,14950.0,12.0,26.0,23.0,25.0,2,2,1,4,48.0,40,480.0,59800.0,27.28,0.49833333333333335
12001114001,0,2,60.0,50.0,40.0,120000.0,10,26.0,25.0,23.0,6.82,14950.0,12.0,23.0,26.0,25.0,2,1,1,2,24.0,20,240.0,29900.0,13.64,0.24916666666666668
12001114001,0,3,60.0,50.0,40.0,120000.0,10,26.0,25.0,23.0,6.82,14950.0,12.0,23.0,25.0,26.0,2,2,1,4,48.0,40,480.0,59800.0,27.28,0.49833333333333335
12001114001,0,4,60.0,50.0,40.0,120000.0,10,26.0,25.0,23.0,6.82,14950.0,12.0,25.0,23.0,26.0,2,2,1,4,48.0,40,480.0,59800.0,27.28,0.49833333333333335
12001114001,0,5,60.0,50.0,40.0,120000.0,10,26.0,25.0,23.0,6.82,14950.0,12.0,25.0,26.0,23.0,2,1,1,2,24.0,20,240.0,29900.0,13.64,0.24916666666666668
10002039001,0,0,60.0,50.0,40.0,120000.0,10,35.0,27.0,32.0,17.13,30240.0,12.0,35.0,27.0,32.0,1,1,1,1,12.0,10,120.0,30240.0,17.13,0.252
10002039001,0,1,60.0,50.0,40.0,120000.0,10,35.0,27.0,32.0,17.13,30240.0,12.0,35.0,32.0,27.0,1,1,1,1,12.0,10,120.0,30240.0,17.13,0.252
10002039001,0,2,60.0,50.0,40.0,120000.0,10,35.0,27.0,32.0,17.13,30240.0,12.0,32.0,35.0,27.0,1,1,1,1,12.0,10,120.0,30240.0,17.13,0.252
10002039001,0,3,60.0,50.0,40.0,120000.0,10,35.0,27.0,32.0,17.13,30240.0,12.0,32.0,27.0,35.0,1,1,1,1,12.0,10,120.0,30240.0,17.13,0.252
10002039001,0,4,60.0,50.0,40.0,120000.0,10,35.0,27.0,32.0,17.13,30240.0,12.0,27.0,32.0,35.0,2,1,1,2,24.0,20,240.0,60480.0,34.26,0.504
10002039001,0,5,60.0,50.0,40.0,120000.0,10,35.0,27.0,32.0,17.13,30240.0,12.0,27.0,35.0,32.0,2,1,1,2,24.0,20,240.0,60480.0,34.26,0.504
10014127001,0,0,60.0,50.0,40.0,120000.0,10,41.0,28.0,18.0,12.93,20664.0,24.0,41.0,28.0,18.0,1,1,2,2,48.0,20,480.0,41328.0,25.86,0.3444
10014127001,0,1,60.0,50.0,40.0,120000.0,10,41.0,28.0,18.0,12.93,20664.0,24.0,41.0,18.0,28.0,1,2,1,2,48.0,20,480.0,41328.0,25.86,0.3444
10014127001,0,2,60.0,50.0,40.0,120000.0,10,41.0,28.0,18.0,12.93,20664.0,24.0,18.0,41.0,28.0,3,1,1,3,72.0,30,720.0,61992.0,38.79,0.5166
10014127001,0,5,60.0,50.0,40.0,120000.0,10,41.0,28.0,18.0,12.93,20664.0,24.0,28.0,41.0,18.0,2,1,2,4,96.0,40,960.0,82656.0,51.72,0.6888
10035035001,0,0,60.0,50.0,40.0,120000.0,10,35.0,20.0,11.0,6.57,7700.0,24.0,35.0,20.0,11.0,1,2,3,6,144.0,60,1440.0,46200.0,39.42,0.385
10035035001,0,1,60.0,50.0,40.0,120000.0,10,35.0,20.0,11.0,6.57,7700.0,24.0,35.0,11.0,20.0,1,4,2,8,192.0,80,1920.0,61600.0,52.56,0.5133333333333333
10035035001,0,2,60.0,50.0,40.0,120000.0,10,35.0,20.0,11.0,6.57,7700.0,24.0,11.0,35.0,20.0,5,1,2,10,240.0,100,2400.0,77000.0,65.7,0.6416666666666667
10035035001,0,3,60.0,50.0,40.0,120000.0,10,35.0,20.0,11.0,6.57,7700.0,24.0,11.0,20.0,35.0,5,2,1,10,240.0,100,2400.0,77000.0,65.7,0.6416666666666667
10035035001,0,4,60.0,50.0,40.0,120000.0,10,35.0,20.0,11.0,6.57,7700.0,24.0,20.0,11.0,35.0,3,4,1,12,288.0,120,2880.0,92400.0,78.84,0.77
10035035001,0,5,60.0,50.0,40.0,120000.0,10,35.0,20.0,11.0,6.57,7700.0,24.0,20.0,35.0,11.0,3,1,3,9,216.0,90,2160.0,69300.0,59.13,0.5775
14700026001,0,0,60.0,50.0,40.0,120000.0,10,36.0,31.0,13.0,5.2,14508.0,12.0,36.0,31.0,13.0,1,1,3,3,36.0,30,360.0,43524.0,15.600000000000001,0.3627
14700026001,0,1,60.0,50.0,40.0,120000.0,10,36.0,31.0,13.0,5.2,14508.0,12.0,36.0,13.0,31.0,1,3,1,3,36.0,30,360.0,43524.0,15.600000000000001,0.3627
14700026001,0,2,60.0,50.0,40.0,120000.0,10,36.0,31.0,13.0,5.2,14508.0,12.0,13.0,36.0,31.0,4,1,1,4,48.0,40,480.0,58032.0,20.8,0.4836
14700026001,0,3,60.0,50.0,40.0,120000.0,10,36.0,31.0,13.0,5.2,14508.0,12.0,13.0,31.0,36.0,4,1,1,4,48.0,40,480.0,58032.0,20.8,0.4836
14700026001,0,4,60.0,50.0,40.0,120000.0,10,36.0,31.0,13.0,5.2,14508.0,12.0,31.0,13.0,36.0,1,3,1,3,36.0,30,360.0,43524.0,15.600000000000001,0.3627
14700026001,0,5,60.0,50.0,40.0,120000.0,10,36.0,31.0,13.0,5.2,14508.0,12.0,31.0,36.0,13.0,1,1,3,3,36.0,30,360.0,43524.0,15.600000000000001,0.3627
10015007001,0,0,60.0,50.0,40.0,120000.0,10,33.0,22.0,14.0,7.26,10164.0,24.0,33.0,22.0,14.0,1,2,2,4,96.0,40,960.0,40656.0,29.04,0.3388
10015007001,0,1,60.0,50.0,40.0,120000.0,10,33.0,22.0,14.0,7.26,10164.0,24.0,33.0,14.0,22.0,1,3,1,3,72.0,30,720.0,30492.0,21.78,0.2541
10015007001,0,2,60.0,50.0,40.0,120000.0,10,33.0,22.0,14.0,7.26,10164.0,24.0,14.0,33.0,22.0,4,1,1,4,96.0,40,960.0,40656.0,29.04,0.3388
10015007001,0,3,60.0,50.0,40.0,120000.0,10,33.0,22.0,14.0,7.26,10164.0,24.0,14.0,22.0,33.0,4,2,1,8,192.0,80,1920.0,81312.0,58.08,0.6776
10015007001,0,4,60.0,50.0,40.0,120000.0,10,33.0,22.0,14.0,7.26,10164.0,24.0,22.0,14.0,33.0,2,3,1,6,144.0,60,1440.0,60984.0,43.56,0.5082
10015007001,0,5,60.0,50.0,40.0,120000.0,10,33.0,22.0,14.0,7.26,10164.0,24.0,22.0,33.0,14.0,2,1,2,4,96.0,40,960.0,40656.0,29.04,0.3388
14242131001,0,0,60.0,50.0,40.0,120000.0,10,32.0,25.0,15.0,1.92,12000.0,10.0,32.0,25.0,15.0,1,2,2,4,40.0,40,400.0,48000.0,7.68,0.4
14242131001,0,1,60.0,50.0,40.0,120000.0,10,32.0,25.0,15.0,1.92,12000.0,10.0,32.0,15.0,25.0,1,3,1,3,30.0,30,300.0,36000.0,5.76,0.3
14242131001,0,2,60.0,50.0,40.0,120000.0,10,32.0,25.0,15.0,1.92,12000.0,10.0,15.0,32.0,25.0,4,1,1,4,40.0,40,400.0,48000.0,7.68,0.4
14242131001,0,3,60.0,50.0,40.0,120000.0,10,32.0,25.0,15.0,1.92,12000.0,10.0,15.0,25.0,32.0,4,2,1,8,80.0,80,800.0,96000.0,15.36,0.8
14242131001,0,4,60.0,50.0,40.0,120000.0,10,32.0,25.0,15.0,1.92,12000.0,10.0,25.0,15.0,32.0,2,3,1,6,60.0,60,600.0,72000.0,11.52,0.6
14242131001,0,5,60.0,50.0,40.0,120000.0,10,32.0,25.0,15.0,1.92,12000.0,10.0,25.0,32.0,15.0,2,1,2,4,40.0,40,400.0,48000.0,7.68,0.4
10016018001,0,0,60.0,50.0,40.0,120000.0,10,41.0,28.0,25.0,14.5,28700.0,24.0,41.0,28.0,25.0,1,1,1,1,24.0,10,240.0,28700.0,14.5,0.23916666666666667
10016018001,0,1,60.0,50.0,40.0,120000.0,10,41.0,28.0,25.0,14.5,28700.0,24.0,41.0,25.0,28.0,1,2,1,2,48.0,20,480.0,57400.0,29.0,0.47833333333333333
10016018001,0,2,60.0,50.0,40.0,120000.0,10,41.0,28.0,25.0,14.5,28700.0,24.0,25.0,41.0,28.0,2,1,1,2,48.0,20,480.0,57400.0,29.0,0.47833333333333333
10016018001,0,5,60.0,50.0,40.0,120000.0,10,41.0,28.0,25.0,14.5,28700.0,24.0,28.0,41.0,25.0,2,1,1,2,48.0,20,480.0,57400.0,29.0,0.47833333333333333
14500056001,0,0,60.0,50.0,40.0,120000.0,10,34.0,34.0,18.0,1.6,20808.0,8.0,34.0,34.0,18.0,1,1,2,2,16.0,20,160.0,41616.0,3.2,0.3468
14500056001,0,1,60.0,50.0,40.0,120000.0,10,34.0,34.0,18.0,1.6,20808.0,8.0,34.0,18.0,34.0,1,2,1,2,16.0,20,160.0,41616.0,3.2,0.3468
14500056001,0,2,60.0,50.0,40.0,120000.0,10,34.0,34.0,18.0,1.6,20808.0,8.0,18.0,34.0,34.0,3,1,1,3,24.0,30,240.0,62424.0,4.800000000000001,0.5202
14500056001,0,3,60.0,50.0,40.0,120000.0,10,34.0,34.0,18.0,1.6,20808.0,8.0,18.0,34.0,34.0,3,1,1,3,24.0,30,240.0,62424.0,4.800000000000001,0.5202
14500056001,0,4,60.0,50.0,40.0,120000.0,10,34.0,34.0,18.0,1.6,20808.0,8.0,34.0,18.0,34.0,1,2,1,2,16.0,20,160.0,41616.0,3.2,0.3468
14500056001,0,5,60.0,50.0,40.0,120000.0,10,34.0,34.0,18.0,1.6,20808.0,8.0,34.0,34.0,18.0,1,1,2,2,16.0,20,160.0,41616.0,3.2,0.3468
15020046001,0,0,60.0,50.0,40.0,120000.0,10,32.0,17.0,12.0,5.23,6528.0,24.0,32.0,17.0,12.0,1,2,3,6,144.0,60,1440.0,39168.0,31.380000000000003,0.3264
15020046001,0,1,60.0,50.0,40.0,120000.0,10,32.0,17.0,12.0,5.23,6528.0,24.0,32.0,12.0,17.0,1,4,2,8,192.0,80,1920.0,52224.0,41.84,0.4352
15020046001,0,2,60.0,50.0,40.0,120000.0,10,32.0,17.0,12.0,5.23,6528.0,24.0,12.0,32.0,17.0,5,1,2,10,240.0,100,2400.0,65280.0,52.300000000000004,0.544
15020046001,0,3,60.0,50.0,40.0,120000.0,10,32.0,17.0,12.0,5.23,6528.0,24.0,12.0,17.0,32.0,5,2,1,10,240.0,100,2400.0,65280.0,52.300000000000004,0.544
15020046001,0,4,60.0,50.0,40.0,120000.0,10,32.0,17.0,12.0,5.23,6528.0,24.0,17.0,12.0,32.0,3,4,1,12,288.0,120,2880.0,78336.0,62.760000000000005,0.6528
15020046001,0,5,60.0,50.0,40.0,120000.0,10,32.0,17.0,12.0,5.23,6528.0,24.0,17.0,32.0,12.0,3,1,3,9,216.0,90,2160.0,58752.0,47.07000000000001,0.4896
12120005001,0,0,60.0,50.0,40.0,120000.0,10,39.0,33.0,25.0,3.5,32175.0,24.0,39.0,33.0,25.0,1,1,1,1,24.0,10,240.0,32175.0,3.5,0.268125
12120005001,0,1,60.0,50.0,40.0,120000.0,10,39.0,33.0,25.0,3.5,32175.0,24.0,39.0,25.0,33.0,1,2,1,2,48.0,20,480.0,64350.0,7.0,0.53625
12120005001,0,2,60.0,50.0,40.0,120000.0,10,39.0,33.0,25.0,3.5,32175.0,24.0,25.0,39.0,33.0,2,1,1,2,48.0,20,480.0,64350.0,7.0,0.53625
12120005001,0,3,60.0,50.0,40.0,120000.0,10,39.0,33.0,25.0,3.5,32175.0,24.0,25.0,33.0,39.0,2,1,1,2,48.0,20,480.0,64350.0,7.0,0.53625
12120005001,0,4,60.0,50.0,40.0,120000.0,10,39.0,33.0,25.0,3.5,32175.0,24.0,33.0,25.0,39.0,1,2,1,2,48.0,20,480.0,64350.0,7.0,0.53625
12120005001,0,5,60.0,50.0,40.0,120000.0,10,39.0,33.0,25.0,3.5,32175.0,24.0,33.0,39.0,25.0,1,1,1,1,24.0,10,240.0,32175.0,3.5,0.268125
12020021001,0,0,60.0,50.0,40.0,120000.0,10,21.0,16.0,19.0,1.67,6384.0,12.0,21.0,16.0,19.0,2,3,2,12,144.0,120,1440.0,76608.0,20.04,0.6384
12020021001,0,1,60.0,50.0,40.0,120000.0,10,21.0,16.0,19.0,1.67,6384.0,12.0,21.0,19.0,16.0,2,2,2,8,96.0,80,960.0,51072.0,13.36,0.4256
12020021001,0,2,60.0,50.0,40.0,120000.0,10,21.0,16.0,19.0,1.67,6384.0,12.0,19.0,21.0,16.0,3,2,2,12,144.0,120,1440.0,76608.0,20.04,0.6384
12020021001,0,3,60.0,50.0,40.0,120000.0,10,21.0,16.0,19.0,1.67,6384.0,12.0,19.0,16.0,21.0,3,3,1,9,108.0,90,1080.0,57456.0,15.03,0.4788
12020021001,0,4,60.0,50.0,40.0,120000.0,10,21.0,16.0,19.0,1.67,6384.0,12.0,16.0,19.0,21.0,3,2,1,6,72.0,60,720.0,38304.0,10.02,0.3192
12020021001,0,5,60.0,50.0,40.0,120000.0,10,21.0,16.0,19.0,1.67,6384.0,12.0,16.0,21.0,19.0,3,2,2,12,144.0,120,1440.0,76608.0,20.04,0.6384
11050011001,0,0,60.0,50.0,40.0,120000.0,10,30.0,23.0,28.0,11.22,19320.0,12.0,30.0,23.0,28.0,2,2,1,4,48.0,40,480.0,77280.0,44.88,0.644
11050011001,0,1,60.0,50.0,40.0,120000.0,10,30.0,23.0,28.0,11.22,19320.0,12.0,30.0,28.0,23.0,2,1,1,2,24.0,20,240.0,38640.0,22.44,0.322
11050011001,0,2,60.0,50.0,40.0,120000.0,10,30.0,23.0,28.0,11.22,19320.0,12.0,28.0,30.0,23.0,2,1,1,2,24.0,20,240.0,38640.0,22.44,0.322
11050011001,0,3,60.0,50.0,40.0,120000.0,10,30.0,23.0,28.0,11.22,19320.0,12.0,28.0,23.0,30.0,2,2,1,4,48.0,40,480.0,77280.0,44.88,0.644
11050011001,0,4,60.0,50.0,40.0,120000.0,10,30.0,23.0,28.0,11.22,19320.0,12.0,23.0,28.0,30.0,2,1,1,2,24.0,20,240.0,38640.0,22.44,0.322
11050011001,0,5,60.0,50.0,40.0,120000.0,10,30.0,23.0,28.0,11.22,19320.0,12.0,23.0,30.0,28.0,2,1,1,2,24.0,20,240.0,38640.0,22.44,0.322
12120040001,0,0,60.0,50.0,40.0,120000.0,10,36.0,33.0,39.0,4.37,46332.0,18.0,36.0,33.0,39.0,1,1,1,1,18.0,10,180.0,46332.0,4.37,0.3861
12120040001,0,1,60.0,50.0,40.0,120000.0,10,36.0,33.0,39.0,4.37,46332.0,18.0,36.0,39.0,33.0,1,1,1,1,18.0,10,180.0,46332.0,4.37,0.3861
12120040001,0,2,60.0,50.0,40.0,120000.0,10,36.0,33.0,39.0,4.37,46332.0,18.0,39.0,36.0,33.0,1,1,1,1,18.0,10,180.0,46332.0,4.37,0.3861
12120040001,0,3,60.0,50.0,40.0,120000.0,10,36.0,33.0,39.0,4.37,46332.0,18.0,39.0,33.0,36.0,1,1,1,1,18.0,10,180.0,46332.0,4.37,0.3861
12120040001,0,4,60.0,50.0,40.0,120000.0,10,36.0,33.0,39.0,4.37,46332.0,18.0,33.0,39.0,36.0,1,1,1,1,18.0,10,180.0,46332.0,4.37,0.3861
12120040001,0,5,60.0,50.0,40.0,120000.0,10,36.0,33.0,39.0,4.37,46332.0,18.0,33.0,36.0,39.0,1,1,1,1,18.0,10,180.0,46332.0,4.37,0.3861
31215012001,0,0,60.0,50.0,40.0,120000.0,10,32.0,12.0,19.0,1.556,7296.0,12.0,32.0,12.0,19.0,1,4,2,8,96.0,80,960.0,58368.0,12.448,0.4864
31215012001,0,1,60.0,50.0,40.0,120000.0,10,32.0,12.0,19.0,1.556,7296.0,12.0,32.0,19.0,12.0,1,2,3,6,72.0,60,720.0,43776.0,9.336,0.3648
31215012001,0,2,60.0,50.0,40.0,120000.0,10,32.0,12.0,19.0,1.556,7296.0,12.0,19.0,32.0,12.0,3,1,3,9,108.0,90,1080.0,65664.0,14.004000000000001,0.5472
31215012001,0,3,60.0,50.0,40.0,120000.0,10,32.0,12.0,19.0,1.556,7296.0,12.0,19.0,12.0,32.0,3,4,1,12,144.0,120,1440.0,87552.0,18.672,0.7296
31215012001,0,4,60.0,50.0,40.0,120000.0,10,32.0,12.0,19.0,1.556,7296.0,12.0,12.0,19.0,32.0,5,2,1,10,120.0,100,1200.0,72960.0,15.56,0.608
31215012001,0,5,60.0,50.0,40.0,120000.0,10,32.0,12.0,19.0,1.556,7296.0,12.0,12.0,32.0,19.0,5,1,2,10,120.0,100,1200.0,72960.0,15.56,0.608
14105102001,0,0,60.0,50.0,40.0,120000.0,10,52.0,36.0,19.0,4.42,35568.0,12.0,52.0,36.0,19.0,1,1,2,2,24.0,20,240.0,71136.0,8.84,0.5928
14105102001,0,1,60.0,50.0,40.0,120000.0,10,52.0,36.0,19.0,4.42,35568.0,12.0,52.0,19.0,36.0,1,2,1,2,24.0,20,240.0,71136.0,8.84,0.5928
10021010001,0,0,60.0,50.0,40.0,120000.0,10,42.0,28.0,24.0,15.6,28224.0,24.0,42.0,28.0,24.0,1,1,1,1,24.0,10,240.0,28224.0,15.6,0.2352
10021010001,0,1,60.0,50.0,40.0,120000.0,10,42.0,28.0,24.0,15.6,28224.0,24.0,42.0,24.0,28.0,1,2,1,2,48.0,20,480.0,56448.0,31.2,0.4704
10021010001,0,2,60.0,50.0,40.0,120000.0,10,42.0,28.0,24.0,15.6,28224.0,24.0,24.0,42.0,28.0,2,1,1,2,48.0,20,480.0,56448.0,31.2,0.4704
10021010001,0,5,60.0,50.0,40.0,120000.0,10,42.0,28.0,24.0,15.6,28224.0,24.0,28.0,42.0,24.0,2,1,1,2,48.0,20,480.0,56448.0,31.2,0.4704
14000006001,0,0,60.0,50.0,40.0,120000.0,10,60.0,34.0,29.0,4.77,59160.0,9.0,60.0,34.0,29.0,1,1,1,1,9.0,10,90.0,59160.0,4.77,0.493
14000006001,0,1,60.0,50.0,40.0,120000.0,10,60.0,34.0,29.0,4.77,59160.0,9.0,60.0,29.0,34.0,1,1,1,1,9.0,10,90.0,59160.0,4.77,0.493
12011173001,0,0,60.0,50.0,40.0,120000.0,10,39.0,29.0,28.0,14.206,31668.0,12.0,39.0,29.0,28.0,1,1,1,1,12.0,10,120.0,31668.0,14.206,0.2639
12011173001,0,1,60.0,50.0,40.0,120000.0,10,39.0,29.0,28.0,14.206,31668.0,12.0,39.0,28.0,29.0,1,1,1,1,12.0,10,120.0,31668.0,14.206,0.2639
12011173001,0,2,60.0,50.0,40.0,120000.0,10,39.0,29.0,28.0,14.206,31668.0,12.0,28.0,39.0,29.0,2,1,1,2,24.0,20,240.0,63336.0,28.412,0.5278
12011173001,0,3,60.0,50.0,40.0,120000.0,10,39.0,29.0,28.0,14.206,31668.0,12.0,28.0,29.0,39.0,2,1,1,2,24.0,20,240.0,63336.0,28.412,0.5278
12011173001,0,4,60.0,50.0,40.0,120000.0,10,39.0,29.0,28.0,14.206,31668.0,12.0,29.0,28.0,39.0,2,1,1,2,24.0,20,240.0,63336.0,28.412,0.5278
12011173001,0,5,60.0,50.0,40.0,120000.0,10,39.0,29.0,28.0,14.206,31668.0,12.0,29.0,39.0,28.0,2,1,1,2,24.0,20,240.0,63336.0,28.412,0.5278
14010149001,0,0,60.0,50.0,40.0,120000.0,10,55.0,37.0,24.0,2.12,48840.0,16.0,55.0,37.0,24.0,1,1,1,1,16.0,10,160.0,48840.0,2.12,0.407
14010149001,0,1,60.0,50.0,40.0,120000.0,10,55.0,37.0,24.0,2.12,48840.0,16.0,55.0,24.0,37.0,1,2,1,2,32.0,20,320.0,97680.0,4.24,0.814
14023047001,0,0,60.0,50.0,40.0,120000.0,10,44.0,36.0,24.0,4.5,38016.0,12.0,44.0,36.0,24.0,1,1,1,1,12.0,10,120.0,38016.0,4.5,0.3168
14023047001,0,1,60.0,50.0,40.0,120000.0,10,44.0,36.0,24.0,4.5,38016.0,12.0,44.0,24.0,36.0,1,2,1,2,24.0,20,240.0,76032.0,9.0,0.6336
14023047001,0,2,60.0,50.0,40.0,120000.0,10,44.0,36.0,24.0,4.5,38016.0,12.0,24.0,44.0,36.0,2,1,1,2,24.0,20,240.0,76032.0,9.0,0.6336
14023047001,0,5,60.0,50.0,40.0,120000.0,10,44.0,36.0,24.0,4.5,38016.0,12.0,36.0,44.0,24.0,1,1,1,1,12.0,10,120.0,38016.0,4.5,0.3168
14130017001,0,0,60.0,50.0,40.0,120000.0,10,59.0,27.0,22.0,4.47,35046.0,12.0,59.0,27.0,22.0,1,1,1,1,12.0,10,120.0,35046.0,4.47,0.29205
14130017001,0,1,60.0,50.0,40.0,120000.0,10,59.0,27.0,22.0,4.47,35046.0,12.0,59.0,22.0,27.0,1,2,1,2,24.0,20,240.0,70092.0,8.94,0.5841
14001047001,0,0,60.0,50.0,40.0,120000.0,10,47.0,32.0,23.0,3.36,34592.0,8.0,47.0,32.0,23.0,1,1,1,1,8.0,10,80.0,34592.0,3.36,0.28826666666666667
14001047001,0,1,60.0,50.0,40.0,120000.0,10,47.0,32.0,23.0,3.36,34592.0,8.0,47.0,23.0,32.0,1,2,1,2,16.0,20,160.0,69184.0,6.72,0.5765333333333333
14001047001,0,2,60.0,50.0,40.0,120000.0,10,47.0,32.0,23.0,3.36,34592.0,8.0,23.0,47.0,32.0,2,1,1,2,16.0,20,160.0,69184.0,6.72,0.5765333333333333
14001047001,0,5,60.0,50.0,40.0,120000.0,10,47.0,32.0,23.0,3.36,34592.0,8.0,32.0,47.0,23.0,1,1,1,1,8.0,10,80.0,34592.0,3.36,0.28826666666666667
14204071001,0,0,60.0,50.0,40.0,120000.0,10,49.0,40.0,22.0,1.84,43120.0,24.0,49.0,40.0,22.0,1,1,1,1,24.0,10,240.0,43120.0,1.84,0.35933333333333334
14204071001,0,1,60.0,50.0,40.0,120000.0,10,49.0,40.0,22.0,1.84,43120.0,24.0,49.0,22.0,40.0,1,2,1,2,48.0,20,480.0,86240.0,3.68,0.7186666666666667
14204071001,0,2,60.0,50.0,40.0,120000.0,10,49.0,40.0,22.0,1.84,43120.0,24.0,22.0,49.0,40.0,2,1,1,2,48.0,20,480.0,86240.0,3.68,0.7186666666666667
14204071001,0,5,60.0,50.0,40.0,120000.0,10,49.0,40.0,22.0,1.84,43120.0,24.0,40.0,49.0,22.0,1,1,1,1,24.0,10,240.0,43120.0,1.84,0.35933333333333334
12013052001,0,0,60.0,50.0,40.0,120000.0,10,26.0,20.0,22.0,6.83,11440.0,12.0,26.0,20.0,22.0,2,2,1,4,48.0,40,480.0,45760.0,27.32,0.38133333333333336
12013052001,0,1,60.0,50.0,40.0,120000.0,10,26.0,20.0,22.0,6.83,11440.0,12.0,26.0,22.0,20.0,2,2,2,8,96.0,80,960.0,91520.0,54.64,0.7626666666666667
12013052001,0,2,60.0,50.0,40.0,120000.0,10,26.0,20.0,22.0,6.83,11440.0,12.0,22.0,26.0,20.0,2,1,2,4,48.0,40,480.0,45760.0,27.32,0.38133333333333336
12013052001,0,3,60.0,50.0,40.0,120000.0,10,26.0,20.0,22.0,6.83,11440.0,12.0,22.0,20.0,26.0,2,2,1,4,48.0,40,480.0,45760.0,27.32,0.38133333333333336
12013052001,0,4,60.0,50.0,40.0,120000.0,10,26.0,20.0,22.0,6.83,11440.0,12.0,20.0,22.0,26.0,3,2,1,6,72.0,60,720.0,68640.0,40.980000000000004,0.572
12013052001,0,5,60.0,50.0,40.0,120000.0,10,26.0,20.0,22.0,6.83,11440.0,12.0,20.0,26.0,22.0,3,1,1,3,36.0,30,360.0,34320.0,20.490000000000002,0.286
14832018001,0,0,60.0,50.0,40.0,120000.0,10,35.0,27.0,12.0,7.21,11340.0,24.0,35.0,27.0,12.0,1,1,3,3,72.0,30,720.0,34020.0,21.63,0.2835
14832018001,0,1,60.0,50.0,40.0,120000.0,10,35.0,27.0,12.0,7.21,11340.0,24.0,35.0,12.0,27.0,1,4,1,4,96.0,40,960.0,45360.0,28.84,0.378
14832018001,0,2,60.0,50.0,40.0,120000.0,10,35.0,27.0,12.0,7.21,11340.0,24.0,12.0,35.0,27.0,5,1,1,5,120.0,50,1200.0,56700.0,36.05,0.4725
14832018001,0,3,60.0,50.0,40.0,120000.0,10,35.0,27.0,12.0,7.21,11340.0,24.0,12.0,27.0,35.0,5,1,1,5,120.0,50,1200.0,56700.0,36.05,0.4725
14832018001,0,4,60.0,50.0,40.0,120000.0,10,35.0,27.0,12.0,7.21,11340.0,24.0,27.0,12.0,35.0,2,4,1,8,192.0,80,1920.0,90720.0,57.68,0.756
14832018001,0,5,60.0,50.0,40.0,120000.0,10,35.0,27.0,12.0,7.21,11340.0,24.0,27.0,35.0,12.0,2,1,3,6,144.0,60,1440.0,68040.0,43.26,0.567
11103134001,0,0,60.0,50.0,40.0,120000.0,10,46.0,25.0,32.0,13.6,36800.0,4.0,46.0,25.0,32.0,1,2,1,2,8.0,20,80.0,73600.0,27.2,0.6133333333333333
11103134001,0,1,60.0,50.0,40.0,120000.0,10,46.0,25.0,32.0,13.6,36800.0,4.0,46.0,32.0,25.0,1,1,1,1,4.0,10,40.0,36800.0,13.6,0.30666666666666664
11103134001,0,2,60.0,50.0,40.0,120000.0,10,46.0,25.0,32.0,13.6,36800.0,4.0,32.0,46.0,25.0,1,1,1,1,4.0,10,40.0,36800.0,13.6,0.30666666666666664
11103134001,0,5,60.0,50.0,40.0,120000.0,10,46.0,25.0,32.0,13.6,36800.0,4.0,25.0,46.0,32.0,2,1,1,2,8.0,20,80.0,73600.0,27.2,0.6133333333333333
14509008001,0,0,60.0,50.0,40.0,120000.0,10,43.0,31.0,27.0,6.2,35991.0,12.0,43.0,31.0,27.0,1,1,1,1,12.0,10,120.0,35991.0,6.2,0.299925
14509008001,0,1,60.0,50.0,40.0,120000.0,10,43.0,31.0,27.0,6.2,35991.0,12.0,43.0,27.0,31.0,1,1,1,1,12.0,10,120.0,35991.0,6.2,0.299925
14509008001,0,2,60.0,50.0,40.0,120000.0,10,43.0,31.0,27.0,6.2,35991.0,12.0,27.0,43.0,31.0,2,1,1,2,24.0,20,240.0,71982.0,12.4,0.59985
14509008001,0,5,60.0,50.0,40.0,120000.0,10,43.0,31.0,27.0,6.2,35991.0,12.0,31.0,43.0,27.0,1,1,1,1,12.0,10,120.0,35991.0,6.2,0.299925
12344036001,0,0,60.0,50.0,40.0,120000.0,10,25.0,17.0,6.0,0.632,2550.0,10.0,25.0,17.0,6.0,2,2,6,24,240.0,240,2400.0,61200.0,15.168,0.51
12344036001,0,1,60.0,50.0,40.0,120000.0,10,25.0,17.0,6.0,0.632,2550.0,10.0,25.0,6.0,17.0,2,8,2,32,320.0,320,3200.0,81600.0,20.224,0.68
12344036001,0,2,60.0,50.0,40.0,120000.0,10,25.0,17.0,6.0,0.632,2550.0,10.0,6.0,25.0,17.0,10,2,2,40,400.0,400,4000.0,102000.0,25.28,0.85
12344036001,0,3,60.0,50.0,40.0,120000.0,10,25.0,17.0,6.0,0.632,2550.0,10.0,6.0,17.0,25.0,10,2,1,20,200.0,200,2000.0,51000.0,12.64,0.425
12344036001,0,4,60.0,50.0,40.0,120000.0,10,25.0,17.0,6.0,0.632,2550.0,10.0,17.0,6.0,25.0,3,8,1,24,240.0,240,2400.0,61200.0,15.168,0.51
12344036001,0,5,60.0,50.0,40.0,120000.0,10,25.0,17.0,6.0,0.632,2550.0,10.0,17.0,25.0,6.0,3,2,6,36,360.0,360,3600.0,91800.0,22.752,0.765
12100017001,0,0,60.0,50.0,40.0,120000.0,10,43.0,27.0,26.0,10.7,30186.0,48.0,43.0,27.0,26.0,1,1,1,1,48.0,10,480.0,30186.0,10.7,0.25155
12100017001,0,1,60.0,50.0,40.0,120000.0,10,43.0,27.0,26.0,10.7,30186.0,48.0,43.0,26.0,27.0,1,1,1,1,48.0,10,480.0,30186.0,10.7,0.25155
12100017001,0,2,60.0,50.0,40.0,120000.0,10,43.0,27.0,26.0,10.7,30186.0,48.0,26.0,43.0,27.0,2,1,1,2,96.0,20,960.0,60372.0,21.4,0.5031
12100017001,0,5,60.0,50.0,40.0,120000.0,10,43.0,27.0,26.0,10.7,30186.0,48.0,27.0,43.0,26.0,2,1,1,2,96.0,20,960.0,60372.0,21.4,0.5031
11061033001,0,0,60.0,50.0,40.0,120000.0,10,40.0,15.0,12.0,1.3,7200.0,19.0,40.0,15.0,12.0,1,3,3,9,171.0,90,1710.0,64800.0,11.700000000000001,0.54
11061033001,0,1,60.0,50.0,40.0,120000.0,10,40.0,15.0,12.0,1.3,7200.0,19.0,40.0,12.0,15.0,1,4,2,8,152.0,80,1520.0,57600.0,10.4,0.48
11061033001,0,2,60.0,50.0,40.0,120000.0,10,40.0,15.0,12.0,1.3,7200.0,19.0,12.0,40.0,15.0,5,1,2,10,190.0,100,1900.0,72000.0,13.0,0.6
11061033001,0,3,60.0,50.0,40.0,120000.0,10,40.0,15.0,12.0,1.3,7200.0,19.0,12.0,15.0,40.0,5,3,1,15,285.0,150,2850.0,108000.0,19.5,0.9
11061033001,0,4,60.0,50.0,40.0,120000.0,10,40.0,15.0,12.0,1.3,7200.0,19.0,15.0,12.0,40.0,4,4,1,16,304.0,160,3040.0,115200.0,20.8,0.96
11061033001,0,5,60.0,50.0,40.0,120000.0,10,40.0,15.0,12.0,1.3,7200.0,19.0,15.0,40.0,12.0,4,1,3,12,228.0,120,2280.0,86400.0,15.600000000000001,0.72
14510069001,0,0,60.0,50.0,40.0,120000.0,10,35.0,24.0,5.0,2.5,4200.0,1.0,35.0,24.0,5.0,1,2,8,16,16.0,160,160.0,67200.0,40.0,0.56
14510069001,0,1,60.0,50.0,40.0,120000.0,10,35.0,24.0,5.0,2.5,4200.0,1.0,35.0,5.0,24.0,1,10,1,10,10.0,100,100.0,42000.0,25.0,0.35
14510069001,0,2,60.0,50.0,40.0,120000.0,10,35.0,24.0,5.0,2.5,4200.0,1.0,5.0,35.0,24.0,12,1,1,12,12.0,120,120.0,50400.0,30.0,0.42
14510069001,0,3,60.0,50.0,40.0,120000.0,10,35.0,24.0,5.0,2.5,4200.0,1.0,5.0,24.0,35.0,12,2,1,24,24.0,240,240.0,100800.0,60.0,0.84
14510069001,0,4,60.0,50.0,40.0,120000.0,10,35.0,24.0,5.0,2.5,4200.0,1.0,24.0,5.0,35.0,2,10,1,20,20.0,200,200.0,84000.0,50.0,0.7
14510069001,0,5,60.0,50.0,40.0,120000.0,10,35.0,24.0,5.0,2.5,4200.0,1.0,24.0,35.0,5.0,2,1,8,16,16.0,160,160.0,67200.0,40.0,0.56
14001009001,0,0,60.0,50.0,40.0,120000.0,10,44.0,31.0,31.0,4.71,42284.0,24.0,44.0,31.0,31.0,1,1,1,1,24.0,10,240.0,42284.0,4.71,0.35236666666666666
14001009001,0,1,60.0,50.0,40.0,120000.0,10,44.0,31.0,31.0,4.71,42284.0,24.0,44.0,31.0,31.0,1,1,1,1,24.0,10,240.0,42284.0,4.71,0.35236666666666666
14001009001,0,2,60.0,50.0,40.0,120000.0,10,44.0,31.0,31.0,4.71,42284.0,24.0,31.0,44.0,31.0,1,1,1,1,24.0,10,240.0,42284.0,4.71,0.35236666666666666
14001009001,0,5,60.0,50.0,40.0,120000.0,10,44.0,31.0,31.0,4.71,42284.0,24.0,31.0,44.0,31.0,1,1,1,1,24.0,10,240.0,42284.0,4.71,0.35236666666666666
14020014001,0,0,60.0,50.0,40.0,120000.0,10,48.0,28.0,23.0,1.19,30912.0,10.0,48.0,28.0,23.0,1,1,1,1,10.0,10,100.0,30912.0,1.19,0.2576
14020014001,0,1,60.0,50.0,40.0,120000.0,10,48.0,28.0,23.0,1.19,30912.0,10.0,48.0,23.0,28.0,1,2,1,2,20.0,20,200.0,61824.0,2.38,0.5152
14020014001,0,2,60.0,50.0,40.0,120000.0,10,48.0,28.0,23.0,1.19,30912.0,10.0,23.0,48.0,28.0,2,1,1,2,20.0,20,200.0,61824.0,2.38,0.5152
14020014001,0,5,60.0,50.0,40.0,120000.0,10,48.0,28.0,23.0,1.19,30912.0,10.0,28.0,48.0,23.0,2,1,1,2,20.0,20,200.0,61824.0,2.38,0.5152
14111036001,0,0,60.0,50.0,40.0,120000.0,10,37.0,34.0,27.0,6.29,33966.0,6.0,37.0,34.0,27.0,1,1,1,1,6.0,10,60.0,33966.0,6.29,0.28305
14111036001,0,1,60.0,50.0,40.0,120000.0,10,37.0,34.0,27.0,6.29,33966.0,6.0,37.0,27.0,34.0,1,1,1,1,6.0,10,60.0,33966.0,6.29,0.28305
14111036001,0,2,60.0,50.0,40.0,120000.0,10,37.0,34.0,27.0,6.29,33966.0,6.0,27.0,37.0,34.0,2,1,1,2,12.0,20,120.0,67932.0,12.58,0.5661
14111036001,0,3,60.0,50.0,40.0,120000.0,10,37.0,34.0,27.0,6.29,33966.0,6.0,27.0,34.0,37.0,2,1,1,2,12.0,20,120.0,67932.0,12.58,0.5661
14111036001,0,4,60.0,50.0,40.0,120000.0,10,37.0,34.0,27.0,6.29,33966.0,6.0,34.0,27.0,37.0,1,1,1,1,6.0,10,60.0,33966.0,6.29,0.28305
14111036001,0,5,60.0,50.0,40.0,120000.0,10,37.0,34.0,27.0,6.29,33966.0,6.0,34.0,37.0,27.0,1,1,1,1,6.0,10,60.0,33966.0,6.29,0.28305
14023115001,0,0,60.0,50.0,40.0,120000.0,10,40.0,29.0,26.0,1.31,30160.0,6.0,40.0,29.0,26.0,1,1,1,1,6.0,10,60.0,30160.0,1.31,0.25133333333333335
14023115001,0,1,60.0,50.0,40.0,120000.0,10,40.0,29.0,26.0,1.31,30160.0,6.0,40.0,26.0,29.0,1,1,1,1,6.0,10,60.0,30160.0,1.31,0.25133333333333335
14023115001,0,2,60.0,50.0,40.0,120000.0,10,40.0,29.0,26.0,1.31,30160.0,6.0,26.0,40.0,29.0,2,1,1,2,12.0,20,120.0,60320.0,2.62,0.5026666666666667
14023115001,0,3,60.0,50.0,40.0,120000.0,10,40.0,29.0,26.0,1.31,30160.0,6.0,26.0,29.0,40.0,2,1,1,2,12.0,20,120.0,60320.0,2.62,0.5026666666666667
14023115001,0,4,60.0,50.0,40.0,120000.0,10,40.0,29.0,26.0,1.31,30160.0,6.0,29.0,26.0,40.0,2,1,1,2,12.0,20,120.0,60320.0,2.62,0.5026666666666667
14023115001,0,5,60.0,50.0,40.0,120000.0,10,40.0,29.0,26.0,1.31,30160.0,6.0,29.0,40.0,26.0,2,1,1,2,12.0,20,120.0,60320.0,2.62,0.5026666666666667
10033030001,0,0,60.0,50.0,40.0,120000.0,10,41.0,28.0,24.0,15.28,27552.0,24.0,41.0,28.0,24.0,1,1,1,1,24.0,10,240.0,27552.0,15.28,0.2296
10033030001,0,1,60.0,50.0,40.0,120000.0,10,41.0,28.0,24.0,15.28,27552.0,24.0,41.0,24.0,28.0,1,2,1,2,48.0,20,480.0,55104.0,30.56,0.4592
10033030001,0,2,60.0,50.0,40.0,120000.0,10,41.0,28.0,24.0,15.28,27552.0,24.0,24.0,41.0,28.0,2,1,1,2,48.0,20,480.0,55104.0,30.56,0.4592
10033030001,0,5,60.0,50.0,40.0,120000.0,10,41.0,28.0,24.0,15.28,27552.0,24.0,28.0,41.0,24.0,2,1,1,2,48.0,20,480.0,55104.0,30.56,0.4592
10033043001,0,0,60.0,50.0,40.0,120000.0,10,41.0,27.0,24.0,14.3,26568.0,24.0,41.0,27.0,24.0,1,1,1,1,24.0,10,240.0,26568.0,14.3,0.2214
10033043001,0,1,60.0,50.0,40.0,120000.0,10,41.0,27.0,24.0,14.3,26568.0,24.0,41.0,24.0,27.0,1,2,1,2,48.0,20,480.0,53136.0,28.6,0.4428
10033043001,0,2,60.0,50.0,40.0,120000.0,10,41.0,27.0,24.0,14.3,26568.0,24.0,24.0,41.0,27.0,2,1,1,2,48.0,20,480.0,53136.0,28.6,0.4428
10033043001,0,5,60.0,50.0,40.0,120000.0,10,41.0,27.0,24.0,14.3,26568.0,24.0,27.0,41.0,24.0,2,1,1,2,48.0,20,480.0,53136.0,28.6,0.4428
14502081001,0,0,60.0,50.0,40.0,120000.0,10,38.0,31.0,13.0,3.25,15314.0,30.0,38.0,31.0,13.0,1,1,3,3,90.0,30,900.0,45942.0,9.75,0.38285
14502081001,0,1,60.0,50.0,40.0,120000.0,10,38.0,31.0,13.0,3.25,15314.0,30.0,38.0,13.0,31.0,1,3,1,3,90.0,30,900.0,45942.0,9.75,0.38285
14502081001,0,2,60.0,50.0,40.0,120000.0,10,38.0,31.0,13.0,3.25,15314.0,30.0,13.0,38.0,31.0,4,1,1,4,120.0,40,1200.0,61256.0,13.0,0.5104666666666666
14502081001,0,3,60.0,50.0,40.0,120000.0,10,38.0,31.0,13.0,3.25,15314.0,30.0,13.0,31.0,38.0,4,1,1,4,120.0,40,1200.0,61256.0,13.0,0.5104666666666666
14502081001,0,4,60.0,50.0,40.0,120000.0,10,38.0,31.0,13.0,3.25,15314.0,30.0,31.0,13.0,38.0,1,3,1,3,90.0,30,900.0,45942.0,9.75,0.38285
14502081001,0,5,60.0,50.0,40.0,120000.0,10,38.0,31.0,13.0,3.25,15314.0,30.0,31.0,38.0,13.0,1,1,3,3,90.0,30,900.0,45942.0,9.75,0.38285
14602013001,0,0,60.0,50.0,40.0,120000.0,10,39.0,13.0,18.0,6.0,9126.0,36.0,39.0,13.0,18.0,1,3,2,6,216.0,60,2160.0,54756.0,36.0,0.4563
14602013001,0,1,60.0,50.0,40.0,120000.0,10,39.0,13.0,18.0,6.0,9126.0,36.0,39.0,18.0,13.0,1,2,3,6,216.0,60,2160.0,54756.0,36.0,0.4563
14602013001,0,2,60.0,50.0,40.0,120000.0,10,39.0,13.0,18.0,6.0,9126.0,36.0,18.0,39.0,13.0,3,1,3,9,324.0,90,3240.0,82134.0,54.0,0.68445
14602013001,0,3,60.0,50.0,40.0,120000.0,10,39.0,13.0,18.0,6.0,9126.0,36.0,18.0,13.0,39.0,3,3,1,9,324.0,90,3240.0,82134.0,54.0,0.68445
14602013001,0,4,60.0,50.0,40.0,120000.0,10,39.0,13.0,18.0,6.0,9126.0,36.0,13.0,18.0,39.0,4,2,1,8,288.0,80,2880.0,73008.0,48.0,0.6084
14602013001,0,5,60.0,50.0,40.0,120000.0,10,39.0,13.0,18.0,6.0,9126.0,36.0,13.0,39.0,18.0,4,1,2,8,288.0,80,2880.0,73008.0,48.0,0.6084
12006135001,0,0,60.0,50.0,40.0,120000.0,10,38.0,24.0,5.0,0.6,4560.0,6.0,38.0,24.0,5.0,1,2,8,16,96.0,160,960.0,72960.0,9.6,0.608
12006135001,0,1,60.0,50.0,40.0,120000.0,10,38.0,24.0,5.0,0.6,4560.0,6.0,38.0,5.0,24.0,1,10,1,10,60.0,100,600.0,45600.0,6.0,0.38
12006135001,0,2,60.0,50.0,40.0,120000.0,10,38.0,24.0,5.0,0.6,4560.0,6.0,5.0,38.0,24.0,12,1,1,12,72.0,120,720.0,54720.0,7.199999999999999,0.456
12006135001,0,3,60.0,50.0,40.0,120000.0,10,38.0,24.0,5.0,0.6,4560.0,6.0,5.0,24.0,38.0,12,2,1,24,144.0,240,1440.0,109440.0,14.399999999999999,0.912
12006135001,0,4,60.0,50.0,40.0,120000.0,10,38.0,24.0,5.0,0.6,4560.0,6.0,24.0,5.0,38.0,2,10,1,20,120.0,200,1200.0,91200.0,12.0,0.76
12006135001,0,5,60.0,50.0,40.0,120000.0,10,38.0,24.0,5.0,0.6,4560.0,6.0,24.0,38.0,5.0,2,1,8,16,96.0,160,960.0,72960.0,9.6,0.608
10030018001,0,0,60.0,50.0,40.0,120000.0,10,38.0,21.0,31.0,17.72,24738.0,8.0,38.0,21.0,31.0,1,2,1,2,16.0,20,160.0,49476.0,35.44,0.4123
10030018001,0,1,60.0,50.0,40.0,120000.0,10,38.0,21.0,31.0,17.72,24738.0,8.0,38.0,31.0,21.0,1,1,1,1,8.0,10,80.0,24738.0,17.72,0.20615
10030018001,0,2,60.0,50.0,40.0,120000.0,10,38.0,21.0,31.0,17.72,24738.0,8.0,31.0,38.0,21.0,1,1,1,1,8.0,10,80.0,24738.0,17.72,0.20615
10030018001,0,3,60.0,50.0,40.0,120000.0,10,38.0,21.0,31.0,17.72,24738.0,8.0,31.0,21.0,38.0,1,2,1,2,16.0,20,160.0,49476.0,35.44,0.4123
10030018001,0,4,60.0,50.0,40.0,120000.0,10,38.0,21.0,31.0,17.72,24738.0,8.0,21.0,31.0,38.0,2,1,1,2,16.0,20,160.0,49476.0,35.44,0.4123
10030018001,0,5,60.0,50.0,40.0,120000.0,10,38.0,21.0,31.0,17.72,24738.0,8.0,21.0,38.0,31.0,2,1,1,2,16.0,20,160.0,49476.0,35.44,0.4123
12022070001,0,0,60.0,50.0,40.0,120000.0,10,26.0,20.0,29.0,3.26,15080.0,16.0,26.0,20.0,29.0,2,2,1,4,64.0,40,640.0,60320.0,13.04,0.5026666666666667
12022070001,0,1,60.0,50.0,40.0,120000.0,10,26.0,20.0,29.0,3.26,15080.0,16.0,26.0,29.0,20.0,2,1,2,4,64.0,40,640.0,60320.0,13.04,0.5026666666666667
12022070001,0,2,60.0,50.0,40.0,120000.0,10,26.0,20.0,29.0,3.26,15080.0,16.0,29.0,26.0,20.0,2,1,2,4,64.0,40,640.0,60320.0,13.04,0.5026666666666667
12022070001,0,3,60.0,50.0,40.0,120000.0,10,26.0,20.0,29.0,3.26,15080.0,16.0,29.0,20.0,26.0,2,2,1,4,64.0,40,640.0,60320.0,13.04,0.5026666666666667
12022070001,0,4,60.0,50.0,40.0,120000.0,10,26.0,20.0,29.0,3.26,15080.0,16.0,20.0,29.0,26.0,3,1,1,3,48.0,30,480.0,45240.0,9.78,0.377
12022070001,0,5,60.0,50.0,40.0,120000.0,10,26.0,20.0,29.0,3.26,15080.0,16.0,20.0,26.0,29.0,3,1,1,3,48.0,30,480.0,45240.0,9.78,0.377
10035006001,0,0,60.0,50.0,40.0,120000.0,10,35.0,20.0,11.0,6.73,7700.0,24.0,35.0,20.0,11.0,1,2,3,6,144.0,60,1440.0,46200.0,40.38,0.385
10035006001,0,1,60.0,50.0,40.0,120000.0,10,35.0,20.0,11.0,6.73,7700.0,24.0,35.0,11.0,20.0,1,4,2,8,192.0,80,1920.0,61600.0,53.84,0.5133333333333333
10035006001,0,2,60.0,50.0,40.0,120000.0,10,35.0,20.0,11.0,6.73,7700.0,24.0,11.0,35.0,20.0,5,1,2,10,240.0,100,2400.0,77000.0,67.30000000000001,0.6416666666666667
10035006001,0,3,60.0,50.0,40.0,120000.0,10,35.0,20.0,11.0,6.73,7700.0,24.0,11.0,20.0,35.0,5,2,1,10,240.0,100,2400.0,77000.0,67.30000000000001,0.6416666666666667
10035006001,0,4,60.0,50.0,40.0,120000.0,10,35.0,20.0,11.0,6.73,7700.0,24.0,20.0,11.0,35.0,3,4,1,12,288.0,120,2880.0,92400.0,80.76,0.77
10035006001,0,5,60.0,50.0,40.0,120000.0,10,35.0,20.0,11.0,6.73,7700.0,24.0,20.0,35.0,11.0,3,1,3,9,216.0,90,2160.0,69300.0,60.57000000000001,0.5775
10023100001,0,0,60.0,50.0,40.0,120000.0,10,47.0,31.0,15.0,4.01,21855.0,6.0,47.0,31.0,15.0,1,1,2,2,12.0,20,120.0,43710.0,8.02,0.36425
10023100001,0,1,60.0,50.0,40.0,120000.0,10,47.0,31.0,15.0,4.01,21855.0,6.0,47.0,15.0,31.0,1,3,1,3,18.0,30,180.0,65565.0,12.03,0.546375
10023100001,0,2,60.0,50.0,40.0,120000.0,10,47.0,31.0,15.0,4.01,21855.0,6.0,15.0,47.0,31.0,4,1,1,4,24.0,40,240.0,87420.0,16.04,0.7285
10023100001,0,5,60.0,50.0,40.0,120000.0,10,47.0,31.0,15.0,4.01,21855.0,6.0,31.0,47.0,15.0,1,1,2,2,12.0,20,120.0,43710.0,8.02,0.36425
12023278001,0,0,60.0,50.0,40.0,120000.0,10,23.0,17.0,20.0,2.19,7820.0,12.0,23.0,17.0,20.0,2,2,2,8,96.0,80,960.0,62560.0,17.52,0.5213333333333333
12023278001,0,1,60.0,50.0,40.0,120000.0,10,23.0,17.0,20.0,2.19,7820.0,12.0,23.0,20.0,17.0,2,2,2,8,96.0,80,960.0,62560.0,17.52,0.5213333333333333
12023278001,0,2,60.0,50.0,40.0,120000.0,10,23.0,17.0,20.0,2.19,7820.0,12.0,20.0,23.0,17.0,3,2,2,12,144.0,120,1440.0,93840.0,26.28,0.782
12023278001,0,3,60.0,50.0,40.0,120000.0,10,23.0,17.0,20.0,2.19,7820.0,12.0,20.0,17.0,23.0,3,2,1,6,72.0,60,720.0,46920.0,13.14,0.391
12023278001,0,4,60.0,50.0,40.0,120000.0,10,23.0,17.0,20.0,2.19,7820.0,12.0,17.0,20.0,23.0,3,2,1,6,72.0,60,720.0,46920.0,13.14,0.391
12023278001,0,5,60.0,50.0,40.0,120000.0,10,23.0,17.0,20.0,2.19,7820.0,12.0,17.0,23.0,20.0,3,2,2,12,144.0,120,1440.0,93840.0,26.28,0.782
14000057001,0,0,60.0,50.0,40.0,120000.0,10,52.0,32.0,28.0,4.41,46592.0,10.0,52.0,32.0,28.0,1,1,1,1,10.0,10,100.0,46592.0,4.41,0.38826666666666665
14000057001,0,1,60.0,50.0,40.0,120000.0,10,52.0,32.0,28.0,4.41,46592.0,10.0,52.0,28.0,32.0,1,1,1,1,10.0,10,100.0,46592.0,4.41,0.38826666666666665
14022118001,0,0,60.0,50.0,40.0,120000.0,10,48.0,32.0,40.0,3.5,61440.0,12.0,48.0,32.0,40.0,1,1,1,1,12.0,10,120.0,61440.0,3.5,0.512
14022118001,0,1,60.0,50.0,40.0,120000.0,10,48.0,32.0,40.0,3.5,61440.0,12.0,48.0,40.0,32.0,1,1,1,1,12.0,10,120.0,61440.0,3.5,0.512
14022118001,0,2,60.0,50.0,40.0,120000.0,10,48.0,32.0,40.0,3.5,61440.0,12.0,40.0,48.0,32.0,1,1,1,1,12.0,10,120.0,61440.0,3.5,0.512
14022118001,0,5,60.0,50.0,40.0,120000.0,10,48.0,32.0,40.0,3.5,61440.0,12.0,32.0,48.0,40.0,1,1,1,1,12.0,10,120.0,61440.0,3.5,0.512
14620014001,0,0,60.0,50.0,40.0,120000.0,10,33.0,23.0,28.0,12.21,21252.0,6.0,33.0,23.0,28.0,1,2,1,2,12.0,20,120.0,42504.0,24.42,0.3542
14620014001,0,1,60.0,50.0,40.0,120000.0,10,33.0,23.0,28.0,12.21,21252.0,6.0,33.0,28.0,23.0,1,1,1,1,6.0,10,60.0,21252.0,12.21,0.1771
14620014001,0,2,60.0,50.0,40.0,120000.0,10,33.0,23.0,28.0,12.21,21252.0,6.0,28.0,33.0,23.0,2,1,1,2,12.0,20,120.0,42504.0,24.42,0.3542
14620014001,0,3,60.0,50.0,40.0,120000.0,10,33.0,23.0,28.0,12.21,21252.0,6.0,28.0,23.0,33.0,2,2,1,4,24.0,40,240.0,85008.0,48.84,0.7084
14620014001,0,4,60.0,50.0,40.0,120000.0,10,33.0,23.0,28.0,12.21,21252.0,6.0,23.0,28.0,33.0,2,1,1,2,12.0,20,120.0,42504.0,24.42,0.3542
14620014001,0,5,60.0,50.0,40.0,120000.0,10,33.0,23.0,28.0,12.21,21252.0,6.0,23.0,33.0,28.0,2,1,1,2,12.0,20,120.0,42504.0,24.42,0.3542
10040080001,0,0,60.0,50.0,40.0,120000.0,10,36.0,30.0,21.0,11.2,22680.0,20.0,36.0,30.0,21.0,1,1,1,1,20.0,10,200.0,22680.0,11.2,0.189
10040080001,0,1,60.0,50.0,40.0,120000.0,10,36.0,30.0,21.0,11.2,22680.0,20.0,36.0,21.0,30.0,1,2,1,2,40.0,20,400.0,45360.0,22.4,0.378
10040080001,0,2,60.0,50.0,40.0,120000.0,10,36.0,30.0,21.0,11.2,22680.0,20.0,21.0,36.0,30.0,2,1,1,2,40.0,20,400.0,45360.0,22.4,0.378
10040080001,0,3,60.0,50.0,40.0,120000.0,10,36.0,30.0,21.0,11.2,22680.0,20.0,21.0,30.0,36.0,2,1,1,2,40.0,20,400.0,45360.0,22.4,0.378
10040080001,0,4,60.0,50.0,40.0,120000.0,10,36.0,30.0,21.0,11.2,22680.0,20.0,30.0,21.0,36.0,2,2,1,4,80.0,40,800.0,90720.0,44.8,0.756
10040080001,0,5,60.0,50.0,40.0,120000.0,10,36.0,30.0,21.0,11.2,22680.0,20.0,30.0,36.0,21.0,2,1,1,2,40.0,20,400.0,45360.0,22.4,0.378
10032001001,0,0,60.0,50.0,40.0,120000.0,10,35.0,27.0,28.0,16.32,26460.0,12.0,35.0,27.0,28.0,1,1,1,1,12.0,10,120.0,26460.0,16.32,0.2205
10032001001,0,1,60.0,50.0,40.0,120000.0,10,35.0,27.0,28.0,16.32,26460.0,12.0,35.0,28.0,27.0,1,1,1,1,12.0,10,120.0,26460.0,16.32,0.2205
10032001001,0,2,60.0,50.0,40.0,120000.0,10,35.0,27.0,28.0,16.32,26460.0,12.0,28.0,35.0,27.0,2,1,1,2,24.0,20,240.0,52920.0,32.64,0.441
10032001001,0,3,60.0,50.0,40.0,120000.0,10,35.0,27.0,28.0,16.32,26460.0,12.0,28.0,27.0,35.0,2,1,1,2,24.0,20,240.0,52920.0,32.64,0.441
10032001001,0,4,60.0,50.0,40.0,120000.0,10,35.0,27.0,28.0,16.32,26460.0,12.0,27.0,28.0,35.0,2,1,1,2,24.0,20,240.0,52920.0,32.64,0.441
10032001001,0,5,60.0,50.0,40.0,120000.0,10,35.0,27.0,28.0,16.32,26460.0,12.0,27.0,35.0,28.0,2,1,1,2,24.0,20,240.0,52920.0,32.64,0.441
10040094001,0,0,60.0,50.0,40.0,120000.0,10,37.0,18.0,36.0,12.0,23976.0,2.0,37.0,18.0,36.0,1,2,1,2,4.0,20,40.0,47952.0,24.0,0.3996
10040094001,0,1,60.0,50.0,40.0,120000.0,10,37.0,18.0,36.0,12.0,23976.0,2.0,37.0,36.0,18.0,1,1,2,2,4.0,20,40.0,47952.0,24.0,0.3996
10040094001,0,2,60.0,50.0,40.0,120000.0,10,37.0,18.0,36.0,12.0,23976.0,2.0,36.0,37.0,18.0,1,1,2,2,4.0,20,40.0,47952.0,24.0,0.3996
10040094001,0,3,60.0,50.0,40.0,120000.0,10,37.0,18.0,36.0,12.0,23976.0,2.0,36.0,18.0,37.0,1,2,1,2,4.0,20,40.0,47952.0,24.0,0.3996
10040094001,0,4,60.0,50.0,40.0,120000.0,10,37.0,18.0,36.0,12.0,23976.0,2.0,18.0,36.0,37.0,3,1,1,3,6.0,30,60.0,71928.0,36.0,0.5994
10040094001,0,5,60.0,50.0,40.0,120000.0,10,37.0,18.0,36.0,12.0,23976.0,2.0,18.0,37.0,36.0,3,1,1,3,6.0,30,60.0,71928.0,36.0,0.5994
12201006001,0,0,60.0,50.0,40.0,120000.0,10,20.0,10.0,8.0,0.2,1600.0,1.0,20.0,10.0,8.0,3,5,5,75,75.0,750,750.0,120000.0,15.0,1.0
12201006001,0,1,60.0,50.0,40.0,120000.0,10,20.0,10.0,8.0,0.2,1600.0,1.0,20.0,8.0,10.0,3,6,4,72,72.0,720,720.0,115200.0,14.4,0.96
12201006001,0,2,60.0,50.0,40.0,120000.0,10,20.0,10.0,8.0,0.2,1600.0,1.0,8.0,20.0,10.0,7,2,4,56,56.0,560,560.0,89600.0,11.200000000000001,0.7466666666666667
12201006001,0,3,60.0,50.0,40.0,120000.0,10,20.0,10.0,8.0,0.2,1600.0,1.0,8.0,10.0,20.0,7,5,2,70,70.0,700,700.0,112000.0,14.0,0.9333333333333333
12201006001,0,4,60.0,50.0,40.0,120000.0,10,20.0,10.0,8.0,0.2,1600.0,1.0,10.0,8.0,20.0,6,6,2,72,72.0,720,720.0,115200.0,14.4,0.96
12201006001,0,5,60.0,50.0,40.0,120000.0,10,20.0,10.0,8.0,0.2,1600.0,1.0,10.0,20.0,8.0,6,2,5,60,60.0,600,600.0,96000.0,12.0,0.8
10010023001,0,0,60.0,50.0,40.0,120000.0,10,33.0,16.0,10.0,4.31,5280.0,24.0,33.0,16.0,10.0,1,3,4,12,288.0,120,2880.0,63360.0,51.72,0.528
10010023001,0,1,60.0,50.0,40.0,120000.0,10,33.0,16.0,10.0,4.31,5280.0,24.0,33.0,10.0,16.0,1,5,2,10,240.0,100,2400.0,52800.0,43.099999999999994,0.44
10010023001,0,2,60.0,50.0,40.0,120000.0,10,33.0,16.0,10.0,4.31,5280.0,24.0,10.0,33.0,16.0,6,1,2,12,288.0,120,2880.0,63360.0,51.72,0.528
10010023001,0,3,60.0,50.0,40.0,120000.0,10,33.0,16.0,10.0,4.31,5280.0,24.0,10.0,16.0,33.0,6,3,1,18,432.0,180,4320.0,95040.0,77.58,0.792
10010023001,0,4,60.0,50.0,40.0,120000.0,10,33.0,16.0,10.0,4.31,5280.0,24.0,16.0,10.0,33.0,3,5,1,15,360.0,150,3600.0,79200.0,64.64999999999999,0.66
10010023001,0,5,60.0,50.0,40.0,120000.0,10,33.0,16.0,10.0,4.31,5280.0,24.0,16.0,33.0,10.0,3,1,4,12,288.0,120,2880.0,63360.0,51.72,0.528
14505102001,0,0,60.0,50.0,40.0,120000.0,10,41.0,33.0,14.0,2.98,18942.0,20.0,41.0,33.0,14.0,1,1,2,2,40.0,20,400.0,37884.0,5.96,0.3157
14505102001,0,1,60.0,50.0,40.0,120000.0,10,41.0,33.0,14.0,2.98,18942.0,20.0,41.0,14.0,33.0,1,3,1,3,60.0,30,600.0,56826.0,8.94,0.47355
14505102001,0,2,60.0,50.0,40.0,120000.0,10,41.0,33.0,14.0,2.98,18942.0,20.0,14.0,41.0,33.0,4,1,1,4,80.0,40,800.0,75768.0,11.92,0.6314
14505102001,0,5,60.0,50.0,40.0,120000.0,10,41.0,33.0,14.0,2.98,18942.0,20.0,33.0,41.0,14.0,1,1,2,2,40.0,20,400.0,37884.0,5.96,0.3157
14121090001,0,0,60.0,50.0,40.0,120000.0,10,56.0,42.0,33.0,6.1,77616.0,16.0,56.0,42.0,33.0,1,1,1,1,16.0,10,160.0,77616.0,6.1,0.6468
14131047001,0,0,60.0,50.0,40.0,120000.0,10,59.0,27.0,22.0,5.04,35046.0,12.0,59.0,27.0,22.0,1,1,1,1,12.0,10,120.0,35046.0,5.04,0.29205
14131047001,0,1,60.0,50.0,40.0,120000.0,10,59.0,27.0,22.0,5.04,35046.0,12.0,59.0,22.0,27.0,1,2,1,2,24.0,20,240.0,70092.0,10.08,0.5841
14361100001,0,0,60.0,50.0,40.0,120000.0,10,47.0,34.0,26.0,4.86,41548.0,12.0,47.0,34.0,26.0,1,1,1,1,12.0,10,120.0,41548.0,4.86,0.34623333333333334
14361100001,0,1,60.0,50.0,40.0,120000.0,10,47.0,34.0,26.0,4.86,41548.0,12.0,47.0,26.0,34.0,1,1,1,1,12.0,10,120.0,41548.0,4.86,0.34623333333333334
14361100001,0,2,60.0,50.0,40.0,120000.0,10,47.0,34.0,26.0,4.86,41548.0,12.0,26.0,47.0,34.0,2,1,1,2,24.0,20,240.0,83096.0,9.72,0.6924666666666667
14361100001,0,5,60.0,50.0,40.0,120000.0,10,47.0,34.0,26.0,4.86,41548.0,12.0,34.0,47.0,26.0,1,1,1,1,12.0,10,120.0,41548.0,4.86,0.34623333333333334
14000022001,0,0,60.0,50.0,40.0,120000.0,10,41.0,21.0,13.0,0.99,11193.0,10.0,41.0,21.0,13.0,1,2,3,6,60.0,60,600.0,67158.0,5.9399999999999995,0.55965
14000022001,0,1,60.0,50.0,40.0,120000.0,10,41.0,21.0,13.0,0.99,11193.0,10.0,41.0,13.0,21.0,1,3,1,3,30.0,30,300.0,33579.0,2.9699999999999998,0.279825
14000022001,0,2,60.0,50.0,40.0,120000.0,10,41.0,21.0,13.0,0.99,11193.0,10.0,13.0,41.0,21.0,4,1,1,4,40.0,40,400.0,44772.0,3.96,0.3731
14000022001,0,5,60.0,50.0,40.0,120000.0,10,41.0,21.0,13.0,0.99,11193.0,10.0,21.0,41.0,13.0,2,1,3,6,60.0,60,600.0,67158.0,5.9399999999999995,0.55965
11070001001,0,0,60.0,50.0,40.0,120000.0,10,41.0,28.0,27.0,13.3,30996.0,24.0,41.0,28.0,27.0,1,1,1,1,24.0,10,240.0,30996.0,13.3,0.2583
11070001001,0,1,60.0,50.0,40.0,120000.0,10,41.0,28.0,27.0,13.3,30996.0,24.0,41.0,27.0,28.0,1,1,1,1,24.0,10,240.0,30996.0,13.3,0.2583
11070001001,0,2,60.0,50.0,40.0,120000.0,10,41.0,28.0,27.0,13.3,30996.0,24.0,27.0,41.0,28.0,2,1,1,2,48.0,20,480.0,61992.0,26.6,0.5166
11070001001,0,5,60.0,50.0,40.0,120000.0,10,41.0,28.0,27.0,13.3,30996.0,24.0,28.0,41.0,27.0,2,1,1,2,48.0,20,480.0,61992.0,26.6,0.5166
14023056001,0,0,60.0,50.0,40.0,120000.0,10,52.0,40.0,23.0,4.86,47840.0,12.0,52.0,40.0,23.0,1,1,1,1,12.0,10,120.0,47840.0,4.86,0.39866666666666667
14023056001,0,1,60.0,50.0,40.0,120000.0,10,52.0,40.0,23.0,4.86,47840.0,12.0,52.0,23.0,40.0,1,2,1,2,24.0,20,240.0,95680.0,9.72,0.7973333333333333
14204083001,0,0,60.0,50.0,40.0,120000.0,10,39.0,28.0,20.0,1.87,21840.0,20.0,39.0,28.0,20.0,1,1,2,2,40.0,20,400.0,43680.0,3.74,0.364
14204083001,0,1,60.0,50.0,40.0,120000.0,10,39.0,28.0,20.0,1.87,21840.0,20.0,39.0,20.0,28.0,1,2,1,2,40.0,20,400.0,43680.0,3.74,0.364
14204083001,0,2,60.0,50.0,40.0,120000.0,10,39.0,28.0,20.0,1.87,21840.0,20.0,20.0,39.0,28.0,3,1,1,3,60.0,30,600.0,65520.0,5.61,0.546
14204083001,0,3,60.0,50.0,40.0,120000.0,10,39.0,28.0,20.0,1.87,21840.0,20.0,20.0,28.0,39.0,3,1,1,3,60.0,30,600.0,65520.0,5.61,0.546
14204083001,0,4,60.0,50.0,40.0,120000.0,10,39.0,28.0,20.0,1.87,21840.0,20.0,28.0,20.0,39.0,2,2,1,4,80.0,40,800.0,87360.0,7.48,0.728
14204083001,0,5,60.0,50.0,40.0,120000.0,10,39.0,28.0,20.0,1.87,21840.0,20.0,28.0,39.0,20.0,2,1,2,4,80.0,40,800.0,87360.0,7.48,0.728
14003054001,0,0,60.0,50.0,40.0,120000.0,10,43.0,34.0,29.0,4.72,42398.0,12.0,43.0,34.0,29.0,1,1,1,1,12.0,10,120.0,42398.0,4.72,0.35331666666666667
14003054001,0,1,60.0,50.0,40.0,120000.0,10,43.0,34.0,29.0,4.72,42398.0,12.0,43.0,29.0,34.0,1,1,1,1,12.0,10,120.0,42398.0,4.72,0.35331666666666667
14003054001,0,2,60.0,50.0,40.0,120000.0,10,43.0,34.0,29.0,4.72,42398.0,12.0,29.0,43.0,34.0,2,1,1,2,24.0,20,240.0,84796.0,9.44,0.7066333333333333
14003054001,0,5,60.0,50.0,40.0,120000.0,10,43.0,34.0,29.0,4.72,42398.0,12.0,34.0,43.0,29.0,1,1,1,1,12.0,10,120.0,42398.0,4.72,0.35331666666666667
10033015001,0,0,60.0,50.0,40.0,120000.0,10,40.0,28.0,24.0,16.0,26880.0,24.0,40.0,28.0,24.0,1,1,1,1,24.0,10,240.0,26880.0,16.0,0.224
10033015001,0,1,60.0,50.0,40.0,120000.0,10,40.0,28.0,24.0,16.0,26880.0,24.0,40.0,24.0,28.0,1,2,1,2,48.0,20,480.0,53760.0,32.0,0.448
10033015001,0,2,60.0,50.0,40.0,120000.0,10,40.0,28.0,24.0,16.0,26880.0,24.0,24.0,40.0,28.0,2,1,1,2,48.0,20,480.0,53760.0,32.0,0.448
10033015001,0,3,60.0,50.0,40.0,120000.0,10,40.0,28.0,24.0,16.0,26880.0,24.0,24.0,28.0,40.0,2,1,1,2,48.0,20,480.0,53760.0,32.0,0.448
10033015001,0,4,60.0,50.0,40.0,120000.0,10,40.0,28.0,24.0,16.0,26880.0,24.0,28.0,24.0,40.0,2,2,1,4,96.0,40,960.0,107520.0,64.0,0.896
10033015001,0,5,60.0,50.0,40.0,120000.0,10,40.0,28.0,24.0,16.0,26880.0,24.0,28.0,40.0,24.0,2,1,1,2,48.0,20,480.0,53760.0,32.0,0.448
14820028001,0,0,60.0,50.0,40.0,120000.0,10,31.0,23.0,23.0,11.74,16399.0,48.0,31.0,23.0,23.0,1,2,1,2,96.0,20,960.0,32798.0,23.48,0.27331666666666665
14820028001,0,1,60.0,50.0,40.0,120000.0,10,31.0,23.0,23.0,11.74,16399.0,48.0,31.0,23.0,23.0,1,2,1,2,96.0,20,960.0,32798.0,23.48,0.27331666666666665
14820028001,0,2,60.0,50.0,40.0,120000.0,10,31.0,23.0,23.0,11.74,16399.0,48.0,23.0,31.0,23.0,2,1,1,2,96.0,20,960.0,32798.0,23.48,0.27331666666666665
14820028001,0,3,60.0,50.0,40.0,120000.0,10,31.0,23.0,23.0,11.74,16399.0,48.0,23.0,23.0,31.0,2,2,1,4,192.0,40,1920.0,65596.0,46.96,0.5466333333333333
14820028001,0,4,60.0,50.0,40.0,120000.0,10,31.0,23.0,23.0,11.74,16399.0,48.0,23.0,23.0,31.0,2,2,1,4,192.0,40,1920.0,65596.0,46.96,0.5466333333333333
14820028001,0,5,60.0,50.0,40.0,120000.0,10,31.0,23.0,23.0,11.74,16399.0,48.0,23.0,31.0,23.0,2,1,1,2,96.0,20,960.0,32798.0,23.48,0.27331666666666665
10040023001,0,0,60.0,50.0,40.0,120000.0,10,37.0,30.0,26.0,18.48,28860.0,20.0,37.0,30.0,26.0,1,1,1,1,20.0,10,200.0,28860.0,18.48,0.2405
10040023001,0,1,60.0,50.0,40.0,120000.0,10,37.0,30.0,26.0,18.48,28860.0,20.0,37.0,26.0,30.0,1,1,1,1,20.0,10,200.0,28860.0,18.48,0.2405
10040023001,0,2,60.0,50.0,40.0,120000.0,10,37.0,30.0,26.0,18.48,28860.0,20.0,26.0,37.0,30.0,2,1,1,2,40.0,20,400.0,57720.0,36.96,0.481
10040023001,0,3,60.0,50.0,40.0,120000.0,10,37.0,30.0,26.0,18.48,28860.0,20.0,26.0,30.0,37.0,2,1,1,2,40.0,20,400.0,57720.0,36.96,0.481
10040023001,0,4,60.0,50.0,40.0,120000.0,10,37.0,30.0,26.0,18.48,28860.0,20.0,30.0,26.0,37.0,2,1,1,2,40.0,20,400.0,57720.0,36.96,0.481
10040023001,0,5,60.0,50.0,40.0,120000.0,10,37.0,30.0,26.0,18.48,28860.0,20.0,30.0,37.0,26.0,2,1,1,2,40.0,20,400.0,57720.0,36.96,0.481
14311112001,0,0,60.0,50.0,40.0,120000.0,10,27.0,19.0,13.0,1.3,6669.0,1.0,27.0,19.0,13.0,2,2,3,12,12.0,120,120.0,80028.0,15.600000000000001,0.6669
14311112001,0,1,60.0,50.0,40.0,120000.0,10,27.0,19.0,13.0,1.3,6669.0,1.0,27.0,13.0,19.0,2,3,2,12,12.0,120,120.0,80028.0,15.600000000000001,0.6669
14311112001,0,2,60.0,50.0,40.0,120000.0,10,27.0,19.0,13.0,1.3,6669.0,1.0,13.0,27.0,19.0,4,1,2,8,8.0,80,80.0,53352.0,10.4,0.4446
14311112001,0,3,60.0,50.0,40.0,120000.0,10,27.0,19.0,13.0,1.3,6669.0,1.0,13.0,19.0,27.0,4,2,1,8,8.0,80,80.0,53352.0,10.4,0.4446
14311112001,0,4,60.0,50.0,40.0,120000.0,10,27.0,19.0,13.0,1.3,6669.0,1.0,19.0,13.0,27.0,3,3,1,9,9.0,90,90.0,60021.0,11.700000000000001,0.500175
14311112001,0,5,60.0,50.0,40.0,120000.0,10,27.0,19.0,13.0,1.3,6669.0,1.0,19.0,27.0,13.0,3,1,3,9,9.0,90,90.0,60021.0,11.700000000000001,0.500175
14506012001,0,0,60.0,50.0,40.0,120000.0,10,37.0,24.0,11.0,7.85,9768.0,20.0,37.0,24.0,11.0,1,2,3,6,120.0,60,1200.0,58608.0,47.099999999999994,0.4884
14506012001,0,1,60.0,50.0,40.0,120000.0,10,37.0,24.0,11.0,7.85,9768.0,20.0,37.0,11.0,24.0,1,4,1,4,80.0,40,800.0,39072.0,31.4,0.3256
14506012001,0,2,60.0,50.0,40.0,120000.0,10,37.0,24.0,11.0,7.85,9768.0,20.0,11.0,37.0,24.0,5,1,1,5,100.0,50,1000.0,48840.0,39.25,0.407
14506012001,0,3,60.0,50.0,40.0,120000.0,10,37.0,24.0,11.0,7.85,9768.0,20.0,11.0,24.0,37.0,5,2,1,10,200.0,100,2000.0,97680.0,78.5,0.814
14506012001,0,4,60.0,50.0,40.0,120000.0,10,37.0,24.0,11.0,7.85,9768.0,20.0,24.0,11.0,37.0,2,4,1,8,160.0,80,1600.0,78144.0,62.8,0.6512
14506012001,0,5,60.0,50.0,40.0,120000.0,10,37.0,24.0,11.0,7.85,9768.0,20.0,24.0,37.0,11.0,2,1,3,6,120.0,60,1200.0,58608.0,47.099999999999994,0.4884
14111132001,0,0,60.0,50.0,40.0,120000.0,10,44.0,39.0,17.0,5.2,29172.0,20.0,44.0,39.0,17.0,1,1,2,2,40.0,20,400.0,58344.0,10.4,0.4862
14111132001,0,1,60.0,50.0,40.0,120000.0,10,44.0,39.0,17.0,5.2,29172.0,20.0,44.0,17.0,39.0,1,2,1,2,40.0,20,400.0,58344.0,10.4,0.4862
14111132001,0,2,60.0,50.0,40.0,120000.0,10,44.0,39.0,17.0,5.2,29172.0,20.0,17.0,44.0,39.0,3,1,1,3,60.0,30,600.0,87516.0,15.600000000000001,0.7293
14111132001,0,5,60.0,50.0,40.0,120000.0,10,44.0,39.0,17.0,5.2,29172.0,20.0,39.0,44.0,17.0,1,1,2,2,40.0,20,400.0,58344.0,10.4,0.4862
14502015001,0,0,60.0,50.0,40.0,120000.0,10,43.0,28.0,23.0,2.5,27692.0,12.0,43.0,28.0,23.0,1,1,1,1,12.0,10,120.0,27692.0,2.5,0.23076666666666668
14502015001,0,1,60.0,50.0,40.0,120000.0,10,43.0,28.0,23.0,2.5,27692.0,12.0,43.0,23.0,28.0,1,2,1,2,24.0,20,240.0,55384.0,5.0,0.46153333333333335
14502015001,0,2,60.0,50.0,40.0,120000.0,10,43.0,28.0,23.0,2.5,27692.0,12.0,23.0,43.0,28.0,2,1,1,2,24.0,20,240.0,55384.0,5.0,0.46153333333333335
14502015001,0,5,60.0,50.0,40.0,120000.0,10,43.0,28.0,23.0,2.5,27692.0,12.0,28.0,43.0,23.0,2,1,1,2,24.0,20,240.0,55384.0,5.0,0.46153333333333335
14311231001,0,0,60.0,50.0,40.0,120000.0,10,48.0,23.0,31.0,8.36,34224.0,18.0,48.0,23.0,31.0,1,2,1,2,36.0,20,360.0,68448.0,16.72,0.5704
14311231001,0,1,60.0,50.0,40.0,120000.0,10,48.0,23.0,31.0,8.36,34224.0,18.0,48.0,31.0,23.0,1,1,1,1,18.0,10,180.0,34224.0,8.36,0.2852
14311231001,0,2,60.0,50.0,40.0,120000.0,10,48.0,23.0,31.0,8.36,34224.0,18.0,31.0,48.0,23.0,1,1,1,1,18.0,10,180.0,34224.0,8.36,0.2852
14311231001,0,5,60.0,50.0,40.0,120000.0,10,48.0,23.0,31.0,8.36,34224.0,18.0,23.0,48.0,31.0,2,1,1,2,36.0,20,360.0,68448.0,16.72,0.5704
14204132001,0,0,60.0,50.0,40.0,120000.0,10,48.0,32.0,15.0,2.41,23040.0,20.0,48.0,32.0,15.0,1,1,2,2,40.0,20,400.0,46080.0,4.82,0.384
14204132001,0,1,60.0,50.0,40.0,120000.0,10,48.0,32.0,15.0,2.41,23040.0,20.0,48.0,15.0,32.0,1,3,1,3,60.0,30,600.0,69120.0,7.23,0.576
14204132001,0,2,60.0,50.0,40.0,120000.0,10,48.0,32.0,15.0,2.41,23040.0,20.0,15.0,48.0,32.0,4,1,1,4,80.0,40,800.0,92160.0,9.64,0.768
14204132001,0,5,60.0,50.0,40.0,120000.0,10,48.0,32.0,15.0,2.41,23040.0,20.0,32.0,48.0,15.0,1,1,2,2,40.0,20,400.0,46080.0,4.82,0.384
14509021001,0,0,60.0,50.0,40.0,120000.0,10,33.0,26.0,13.0,0.98,11154.0,12.0,33.0,26.0,13.0,1,1,3,3,36.0,30,360.0,33462.0,2.94,0.27885
14509021001,0,1,60.0,50.0,40.0,120000.0,10,33.0,26.0,13.0,0.98,11154.0,12.0,33.0,13.0,26.0,1,3,1,3,36.0,30,360.0,33462.0,2.94,0.27885
14509021001,0,2,60.0,50.0,40.0,120000.0,10,33.0,26.0,13.0,0.98,11154.0,12.0,13.0,33.0,26.0,4,1,1,4,48.0,40,480.0,44616.0,3.92,0.3718
14509021001,0,3,60.0,50.0,40.0,120000.0,10,33.0,26.0,13.0,0.98,11154.0,12.0,13.0,26.0,33.0,4,1,1,4,48.0,40,480.0,44616.0,3.92,0.3718
14509021001,0,4,60.0,50.0,40.0,120000.0,10,33.0,26.0,13.0,0.98,11154.0,12.0,26.0,13.0,33.0,2,3,1,6,72.0,60,720.0,66924.0,5.88,0.5577
14509021001,0,5,60.0,50.0,40.0,120000.0,10,33.0,26.0,13.0,0.98,11154.0,12.0,26.0,33.0,13.0,2,1,3,6,72.0,60,720.0,66924.0,5.88,0.5577
14833059001,0,0,60.0,50.0,40.0,120000.0,10,32.0,25.0,13.0,13.88,10400.0,12.0,32.0,25.0,13.0,1,2,3,6,72.0,60,720.0,62400.0,83.28,0.52
14833059001,0,1,60.0,50.0,40.0,120000.0,10,32.0,25.0,13.0,13.88,10400.0,12.0,32.0,13.0,25.0,1,3,1,3,36.0,30,360.0,31200.0,41.64,0.26
14833059001,0,2,60.0,50.0,40.0,120000.0,10,32.0,25.0,13.0,13.88,10400.0,12.0,13.0,32.0,25.0,4,1,1,4,48.0,40,480.0,41600.0,55.52,0.3466666666666667
14833059001,0,3,60.0,50.0,40.0,120000.0,10,32.0,25.0,13.0,13.88,10400.0,12.0,13.0,25.0,32.0,4,2,1,8,96.0,80,960.0,83200.0,111.04,0.6933333333333334
14833059001,0,4,60.0,50.0,40.0,120000.0,10,32.0,25.0,13.0,13.88,10400.0,12.0,25.0,13.0,32.0,2,3,1,6,72.0,60,720.0,62400.0,83.28,0.52
14833059001,0,5,60.0,50.0,40.0,120000.0,10,32.0,25.0,13.0,13.88,10400.0,12.0,25.0,32.0,13.0,2,1,3,6,72.0,60,720.0,62400.0,83.28,0.52
14505021001,0,0,60.0,50.0,40.0,120000.0,10,40.0,33.0,14.0,3.79,18480.0,30.0,40.0,33.0,14.0,1,1,2,2,60.0,20,600.0,36960.0,7.58,0.308
14505021001,0,1,60.0,50.0,40.0,120000.0,10,40.0,33.0,14.0,3.79,18480.0,30.0,40.0,14.0,33.0,1,3,1,3,90.0,30,900.0,55440.0,11.370000000000001,0.462
14505021001,0,2,60.0,50.0,40.0,120000.0,10,40.0,33.0,14.0,3.79,18480.0,30.0,14.0,40.0,33.0,4,1,1,4,120.0,40,1200.0,73920.0,15.16,0.616
14505021001,0,3,60.0,50.0,40.0,120000.0,10,40.0,33.0,14.0,3.79,18480.0,30.0,14.0,33.0,40.0,4,1,1,4,120.0,40,1200.0,73920.0,15.16,0.616
14505021001,0,4,60.0,50.0,40.0,120000.0,10,40.0,33.0,14.0,3.79,18480.0,30.0,33.0,14.0,40.0,1,3,1,3,90.0,30,900.0,55440.0,11.370000000000001,0.462
14505021001,0,5,60.0,50.0,40.0,120000.0,10,40.0,33.0,14.0,3.79,18480.0,30.0,33.0,40.0,14.0,1,1,2,2,60.0,20,600.0,36960.0,7.58,0.308
14120020001,0,0,60.0,50.0,40.0,120000.0,10,45.0,18.0,26.0,5.42,21060.0,12.0,45.0,18.0,26.0,1,2,1,2,24.0,20,240.0,42120.0,10.84,0.351
14120020001,0,1,60.0,50.0,40.0,120000.0,10,45.0,18.0,26.0,5.42,21060.0,12.0,45.0,26.0,18.0,1,1,2,2,24.0,20,240.0,42120.0,10.84,0.351
14120020001,0,2,60.0,50.0,40.0,120000.0,10,45.0,18.0,26.0,5.42,21060.0,12.0,26.0,45.0,18.0,2,1,2,4,48.0,40,480.0,84240.0,21.68,0.702
14120020001,0,5,60.0,50.0,40.0,120000.0,10,45.0,18.0,26.0,5.42,21060.0,12.0,18.0,45.0,26.0,3,1,1,3,36.0,30,360.0,63180.0,16.259999999999998,0.5265
14120045001,0,0,60.0,50.0,40.0,120000.0,10,49.0,21.0,21.0,3.75,21609.0,12.0,49.0,21.0,21.0,1,2,1,2,24.0,20,240.0,43218.0,7.5,0.36015
14120045001,0,1,60.0,50.0,40.0,120000.0,10,49.0,21.0,21.0,3.75,21609.0,12.0,49.0,21.0,21.0,1,2,1,2,24.0,20,240.0,43218.0,7.5,0.36015
14120045001,0,2,60.0,50.0,40.0,120000.0,10,49.0,21.0,21.0,3.75,21609.0,12.0,21.0,49.0,21.0,2,1,1,2,24.0,20,240.0,43218.0,7.5,0.36015
14120045001,0,5,60.0,50.0,40.0,120000.0,10,49.0,21.0,21.0,3.75,21609.0,12.0,21.0,49.0,21.0,2,1,1,2,24.0,20,240.0,43218.0,7.5,0.36015
12122020001,0,0,60.0,50.0,40.0,120000.0,10,54.0,25.0,38.0,5.2,51300.0,48.0,54.0,25.0,38.0,1,2,1,2,96.0,20,960.0,102600.0,10.4,0.855
12122020001,0,1,60.0,50.0,40.0,120000.0,10,54.0,25.0,38.0,5.2,51300.0,48.0,54.0,38.0,25.0,1,1,1,1,48.0,10,480.0,51300.0,5.2,0.4275
14310053001,0,0,60.0,50.0,40.0,120000.0,10,52.0,22.0,20.0,6.0,22880.0,6.0,52.0,22.0,20.0,1,2,2,4,24.0,40,240.0,91520.0,24.0,0.7626666666666667
14310053001,0,1,60.0,50.0,40.0,120000.0,10,52.0,22.0,20.0,6.0,22880.0,6.0,52.0,20.0,22.0,1,2,1,2,12.0,20,120.0,45760.0,12.0,0.38133333333333336
11103137001,0,0,60.0,50.0,40.0,120000.0,10,36.0,25.0,32.0,12.36,28800.0,6.0,36.0,25.0,32.0,1,2,1,2,12.0,20,120.0,57600.0,24.72,0.48
11103137001,0,1,60.0,50.0,40.0,120000.0,10,36.0,25.0,32.0,12.36,28800.0,6.0,36.0,32.0,25.0,1,1,1,1,6.0,10,60.0,28800.0,12.36,0.24
11103137001,0,2,60.0,50.0,40.0,120000.0,10,36.0,25.0,32.0,12.36,28800.0,6.0,32.0,36.0,25.0,1,1,1,1,6.0,10,60.0,28800.0,12.36,0.24
11103137001,0,3,60.0,50.0,40.0,120000.0,10,36.0,25.0,32.0,12.36,28800.0,6.0,32.0,25.0,36.0,1,2,1,2,12.0,20,120.0,57600.0,24.72,0.48
11103137001,0,4,60.0,50.0,40.0,120000.0,10,36.0,25.0,32.0,12.36,28800.0,6.0,25.0,32.0,36.0,2,1,1,2,12.0,20,120.0,57600.0,24.72,0.48
11103137001,0,5,60.0,50.0,40.0,120000.0,10,36.0,25.0,32.0,12.36,28800.0,6.0,25.0,36.0,32.0,2,1,1,2,12.0,20,120.0,57600.0,24.72,0.48
14001017001,0,0,60.0,50.0,40.0,120000.0,10,44.0,37.0,34.0,4.8,55352.0,10.0,44.0,37.0,34.0,1,1,1,1,10.0,10,100.0,55352.0,4.8,0.46126666666666666
14001017001,0,1,60.0,50.0,40.0,120000.0,10,44.0,37.0,34.0,4.8,55352.0,10.0,44.0,34.0,37.0,1,1,1,1,10.0,10,100.0,55352.0,4.8,0.46126666666666666
14001017001,0,2,60.0,50.0,40.0,120000.0,10,44.0,37.0,34.0,4.8,55352.0,10.0,34.0,44.0,37.0,1,1,1,1,10.0,10,100.0,55352.0,4.8,0.46126666666666666
14001017001,0,5,60.0,50.0,40.0,120000.0,10,44.0,37.0,34.0,4.8,55352.0,10.0,37.0,44.0,34.0,1,1,1,1,10.0,10,100.0,55352.0,4.8,0.46126666666666666
31500006001,0,0,60.0,50.0,40.0,120000.0,10,49.0,33.0,18.0,10.85,29106.0,24.0,49.0,33.0,18.0,1,1,2,2,48.0,20,480.0,58212.0,21.7,0.4851
31500006001,0,1,60.0,50.0,40.0,120000.0,10,49.0,33.0,18.0,10.85,29106.0,24.0,49.0,18.0,33.0,1,2,1,2,48.0,20,480.0,58212.0,21.7,0.4851
31500006001,0,2,60.0,50.0,40.0,120000.0,10,49.0,33.0,18.0,10.85,29106.0,24.0,18.0,49.0,33.0,3,1,1,3,72.0,30,720.0,87318.0,32.55,0.72765
31500006001,0,5,60.0,50.0,40.0,120000.0,10,49.0,33.0,18.0,10.85,29106.0,24.0,33.0,49.0,18.0,1,1,2,2,48.0,20,480.0,58212.0,21.7,0.4851
12020212001,0,0,60.0,50.0,40.0,120000.0,10,20.0,16.0,21.0,1.4,6720.0,6.0,20.0,16.0,21.0,3,3,1,9,54.0,90,540.0,60480.0,12.6,0.504
12020212001,0,1,60.0,50.0,40.0,120000.0,10,20.0,16.0,21.0,1.4,6720.0,6.0,20.0,21.0,16.0,3,2,2,12,72.0,120,720.0,80640.0,16.799999999999997,0.672
12020212001,0,2,60.0,50.0,40.0,120000.0,10,20.0,16.0,21.0,1.4,6720.0,6.0,21.0,20.0,16.0,2,2,2,8,48.0,80,480.0,53760.0,11.2,0.448
12020212001,0,3,60.0,50.0,40.0,120000.0,10,20.0,16.0,21.0,1.4,6720.0,6.0,21.0,16.0,20.0,2,3,2,12,72.0,120,720.0,80640.0,16.799999999999997,0.672
12020212001,0,4,60.0,50.0,40.0,120000.0,10,20.0,16.0,21.0,1.4,6720.0,6.0,16.0,21.0,20.0,3,2,2,12,72.0,120,720.0,80640.0,16.799999999999997,0.672
12020212001,0,5,60.0,50.0,40.0,120000.0,10,20.0,16.0,21.0,1.4,6720.0,6.0,16.0,20.0,21.0,3,2,1,6,36.0,60,360.0,40320.0,8.399999999999999,0.336
14222009001,0,0,60.0,50.0,40.0,120000.0,10,39.0,21.0,26.0,10.25,21294.0,40.0,39.0,21.0,26.0,1,2,1,2,80.0,20,800.0,42588.0,20.5,0.3549
14222009001,0,1,60.0,50.0,40.0,120000.0,10,39.0,21.0,26.0,10.25,21294.0,40.0,39.0,26.0,21.0,1,1,1,1,40.0,10,400.0,21294.0,10.25,0.17745
14222009001,0,2,60.0,50.0,40.0,120000.0,10,39.0,21.0,26.0,10.25,21294.0,40.0,26.0,39.0,21.0,2,1,1,2,80.0,20,800.0,42588.0,20.5,0.3549
14222009001,0,3,60.0,50.0,40.0,120000.0,10,39.0,21.0,26.0,10.25,21294.0,40.0,26.0,21.0,39.0,2,2,1,4,160.0,40,1600.0,85176.0,41.0,0.7098
14222009001,0,4,60.0,50.0,40.0,120000.0,10,39.0,21.0,26.0,10.25,21294.0,40.0,21.0,26.0,39.0,2,1,1,2,80.0,20,800.0,42588.0,20.5,0.3549
14222009001,0,5,60.0,50.0,40.0,120000.0,10,39.0,21.0,26.0,10.25,21294.0,40.0,21.0,39.0,26.0,2,1,1,2,80.0,20,800.0,42588.0,20.5,0.3549
11072011001,0,0,60.0,50.0,40.0,120000.0,10,59.0,44.0,23.0,14.9,59708.0,24.0,59.0,44.0,23.0,1,1,1,1,24.0,10,240.0,59708.0,14.9,0.49756666666666666
14111053001,0,0,60.0,50.0,40.0,120000.0,10,47.0,20.0,25.0,2.91,23500.0,12.0,47.0,20.0,25.0,1,2,1,2,24.0,20,240.0,47000.0,5.82,0.39166666666666666
14111053001,0,1,60.0,50.0,40.0,120000.0,10,47.0,20.0,25.0,2.91,23500.0,12.0,47.0,25.0,20.0,1,2,2,4,48.0,40,480.0,94000.0,11.64,0.7833333333333333
14111053001,0,2,60.0,50.0,40.0,120000.0,10,47.0,20.0,25.0,2.91,23500.0,12.0,25.0,47.0,20.0,2,1,2,4,48.0,40,480.0,94000.0,11.64,0.7833333333333333
14111053001,0,5,60.0,50.0,40.0,120000.0,10,47.0,20.0,25.0,2.91,23500.0,12.0,20.0,47.0,25.0,3,1,1,3,36.0,30,360.0,70500.0,8.73,0.5875
14001018001,0,0,60.0,50.0,40.0,120000.0,10,44.0,31.0,31.0,4.5,42284.0,24.0,44.0,31.0,31.0,1,1,1,1,24.0,10,240.0,42284.0,4.5,0.35236666666666666
14001018001,0,1,60.0,50.0,40.0,120000.0,10,44.0,31.0,31.0,4.5,42284.0,24.0,44.0,31.0,31.0,1,1,1,1,24.0,10,240.0,42284.0,4.5,0.35236666666666666
14001018001,0,2,60.0,50.0,40.0,120000.0,10,44.0,31.0,31.0,4.5,42284.0,24.0,31.0,44.0,31.0,1,1,1,1,24.0,10,240.0,42284.0,4.5,0.35236666666666666
14001018001,0,5,60.0,50.0,40.0,120000.0,10,44.0,31.0,31.0,4.5,42284.0,24.0,31.0,44.0,31.0,1,1,1,1,24.0,10,240.0,42284.0,4.5,0.35236666666666666
12022114001,0,0,60.0,50.0,40.0,120000.0,10,37.0,22.0,20.0,3.97,16280.0,48.0,37.0,22.0,20.0,1,2,2,4,192.0,40,1920.0,65120.0,15.88,0.5426666666666666
12022114001,0,1,60.0,50.0,40.0,120000.0,10,37.0,22.0,20.0,3.97,16280.0,48.0,37.0,20.0,22.0,1,2,1,2,96.0,20,960.0,32560.0,7.94,0.2713333333333333
12022114001,0,2,60.0,50.0,40.0,120000.0,10,37.0,22.0,20.0,3.97,16280.0,48.0,20.0,37.0,22.0,3,1,1,3,144.0,30,1440.0,48840.0,11.91,0.407
12022114001,0,3,60.0,50.0,40.0,120000.0,10,37.0,22.0,20.0,3.97,16280.0,48.0,20.0,22.0,37.0,3,2,1,6,288.0,60,2880.0,97680.0,23.82,0.814
12022114001,0,4,60.0,50.0,40.0,120000.0,10,37.0,22.0,20.0,3.97,16280.0,48.0,22.0,20.0,37.0,2,2,1,4,192.0,40,1920.0,65120.0,15.88,0.5426666666666666
12022114001,0,5,60.0,50.0,40.0,120000.0,10,37.0,22.0,20.0,3.97,16280.0,48.0,22.0,37.0,20.0,2,1,2,4,192.0,40,1920.0,65120.0,15.88,0.5426666666666666
14023248001,0,0,60.0,50.0,40.0,120000.0,10,42.0,22.0,13.0,2.11,12012.0,12.0,42.0,22.0,13.0,1,2,3,6,72.0,60,720.0,72072.0,12.66,0.6006
14023248001,0,1,60.0,50.0,40.0,120000.0,10,42.0,22.0,13.0,2.11,12012.0,12.0,42.0,13.0,22.0,1,3,1,3,36.0,30,360.0,36036.0,6.33,0.3003
14023248001,0,2,60.0,50.0,40.0,120000.0,10,42.0,22.0,13.0,2.11,12012.0,12.0,13.0,42.0,22.0,4,1,1,4,48.0,40,480.0,48048.0,8.44,0.4004
14023248001,0,5,60.0,50.0,40.0,120000.0,10,42.0,22.0,13.0,2.11,12012.0,12.0,22.0,42.0,13.0,2,1,3,6,72.0,60,720.0,72072.0,12.66,0.6006
12233028001,0,1,60.0,50.0,40.0,120000.0,10,60.0,26.0,43.0,8.34,67080.0,5.0,60.0,43.0,26.0,1,1,1,1,5.0,10,50.0,67080.0,8.34,0.559
14203001001,0,0,60.0,50.0,40.0,120000.0,10,53.0,35.0,16.0,4.0,29680.0,20.0,53.0,35.0,16.0,1,1,2,2,40.0,20,400.0,59360.0,8.0,0.49466666666666664
14203001001,0,1,60.0,50.0,40.0,120000.0,10,53.0,35.0,16.0,4.0,29680.0,20.0,53.0,16.0,35.0,1,3,1,3,60.0,30,600.0,89040.0,12.0,0.742
10040003001,0,0,60.0,50.0,40.0,120000.0,10,35.0,27.0,30.0,19.3,28350.0,12.0,35.0,27.0,30.0,1,1,1,1,12.0,10,120.0,28350.0,19.3,0.23625
10040003001,0,1,60.0,50.0,40.0,120000.0,10,35.0,27.0,30.0,19.3,28350.0,12.0,35.0,30.0,27.0,1,1,1,1,12.0,10,120.0,28350.0,19.3,0.23625
10040003001,0,2,60.0,50.0,40.0,120000.0,10,35.0,27.0,30.0,19.3,28350.0,12.0,30.0,35.0,27.0,2,1,1,2,24.0,20,240.0,56700.0,38.6,0.4725
10040003001,0,3,60.0,50.0,40.0,120000.0,10,35.0,27.0,30.0,19.3,28350.0,12.0,30.0,27.0,35.0,2,1,1,2,24.0,20,240.0,56700.0,38.6,0.4725
10040003001,0,4,60.0,50.0,40.0,120000.0,10,35.0,27.0,30.0,19.3,28350.0,12.0,27.0,30.0,35.0,2,1,1,2,24.0,20,240.0,56700.0,38.6,0.4725
10040003001,0,5,60.0,50.0,40.0,120000.0,10,35.0,27.0,30.0,19.3,28350.0,12.0,27.0,35.0,30.0,2,1,1,2,24.0,20,240.0,56700.0,38.6,0.4725
31226017001,0,0,60.0,50.0,40.0,120000.0,10,21.0,21.0,9.0,1.47,3969.0,12.0,21.0,21.0,9.0,2,2,4,16,192.0,160,1920.0,63504.0,23.52,0.5292
31226017001,0,1,60.0,50.0,40.0,120000.0,10,21.0,21.0,9.0,1.47,3969.0,12.0,21.0,9.0,21.0,2,5,1,10,120.0,100,1200.0,39690.0,14.7,0.33075
31226017001,0,2,60.0,50.0,40.0,120000.0,10,21.0,21.0,9.0,1.47,3969.0,12.0,9.0,21.0,21.0,6,2,1,12,144.0,120,1440.0,47628.0,17.64,0.3969
31226017001,0,3,60.0,50.0,40.0,120000.0,10,21.0,21.0,9.0,1.47,3969.0,12.0,9.0,21.0,21.0,6,2,1,12,144.0,120,1440.0,47628.0,17.64,0.3969
31226017001,0,4,60.0,50.0,40.0,120000.0,10,21.0,21.0,9.0,1.47,3969.0,12.0,21.0,9.0,21.0,2,5,1,10,120.0,100,1200.0,39690.0,14.7,0.33075
31226017001,0,5,60.0,50.0,40.0,120000.0,10,21.0,21.0,9.0,1.47,3969.0,12.0,21.0,21.0,9.0,2,2,4,16,192.0,160,1920.0,63504.0,23.52,0.5292
14112054001,0,0,60.0,50.0,40.0,120000.0,10,57.0,26.0,23.0,3.01,34086.0,10.0,57.0,26.0,23.0,1,1,1,1,10.0,10,100.0,34086.0,3.01,0.28405
14112054001,0,1,60.0,50.0,40.0,120000.0,10,57.0,26.0,23.0,3.01,34086.0,10.0,57.0,23.0,26.0,1,2,1,2,20.0,20,200.0,68172.0,6.02,0.5681
12016035001,0,0,60.0,50.0,40.0,120000.0,10,28.0,19.0,18.0,3.35,9576.0,24.0,28.0,19.0,18.0,2,2,2,8,192.0,80,1920.0,76608.0,26.8,0.6384
12016035001,0,1,60.0,50.0,40.0,120000.0,10,28.0,19.0,18.0,3.35,9576.0,24.0,28.0,18.0,19.0,2,2,2,8,192.0,80,1920.0,76608.0,26.8,0.6384
12016035001,0,2,60.0,50.0,40.0,120000.0,10,28.0,19.0,18.0,3.35,9576.0,24.0,18.0,28.0,19.0,3,1,2,6,144.0,60,1440.0,57456.0,20.1,0.4788
12016035001,0,3,60.0,50.0,40.0,120000.0,10,28.0,19.0,18.0,3.35,9576.0,24.0,18.0,19.0,28.0,3,2,1,6,144.0,60,1440.0,57456.0,20.1,0.4788
12016035001,0,4,60.0,50.0,40.0,120000.0,10,28.0,19.0,18.0,3.35,9576.0,24.0,19.0,18.0,28.0,3,2,1,6,144.0,60,1440.0,57456.0,20.1,0.4788
12016035001,0,5,60.0,50.0,40.0,120000.0,10,28.0,19.0,18.0,3.35,9576.0,24.0,19.0,28.0,18.0,3,1,2,6,144.0,60,1440.0,57456.0,20.1,0.4788
14501010001,0,0,60.0,50.0,40.0,120000.0,10,45.0,34.0,21.0,3.0,32130.0,24.0,45.0,34.0,21.0,1,1,1,1,24.0,10,240.0,32130.0,3.0,0.26775
14501010001,0,1,60.0,50.0,40.0,120000.0,10,45.0,34.0,21.0,3.0,32130.0,24.0,45.0,21.0,34.0,1,2,1,2,48.0,20,480.0,64260.0,6.0,0.5355
14501010001,0,2,60.0,50.0,40.0,120000.0,10,45.0,34.0,21.0,3.0,32130.0,24.0,21.0,45.0,34.0,2,1,1,2,48.0,20,480.0,64260.0,6.0,0.5355
14501010001,0,5,60.0,50.0,40.0,120000.0,10,45.0,34.0,21.0,3.0,32130.0,24.0,34.0,45.0,21.0,1,1,1,1,24.0,10,240.0,32130.0,3.0,0.26775
10033054001,0,0,60.0,50.0,40.0,120000.0,10,41.0,28.0,24.0,15.28,27552.0,24.0,41.0,28.0,24.0,1,1,1,1,24.0,10,240.0,27552.0,15.28,0.2296
10033054001,0,1,60.0,50.0,40.0,120000.0,10,41.0,28.0,24.0,15.28,27552.0,24.0,41.0,24.0,28.0,1,2,1,2,48.0,20,480.0,55104.0,30.56,0.4592
10033054001,0,2,60.0,50.0,40.0,120000.0,10,41.0,28.0,24.0,15.28,27552.0,24.0,24.0,41.0,28.0,2,1,1,2,48.0,20,480.0,55104.0,30.56,0.4592
10033054001,0,5,60.0,50.0,40.0,120000.0,10,41.0,28.0,24.0,15.28,27552.0,24.0,28.0,41.0,24.0,2,1,1,2,48.0,20,480.0,55104.0,30.56,0.4592
14104042001,0,0,60.0,50.0,40.0,120000.0,10,32.0,26.0,23.0,2.34,19136.0,5.0,32.0,26.0,23.0,1,1,1,1,5.0,10,50.0,19136.0,2.34,0.15946666666666667
14104042001,0,1,60.0,50.0,40.0,120000.0,10,32.0,26.0,23.0,2.34,19136.0,5.0,32.0,23.0,26.0,1,2,1,2,10.0,20,100.0,38272.0,4.68,0.31893333333333335
14104042001,0,2,60.0,50.0,40.0,120000.0,10,32.0,26.0,23.0,2.34,19136.0,5.0,23.0,32.0,26.0,2,1,1,2,10.0,20,100.0,38272.0,4.68,0.31893333333333335
14104042001,0,3,60.0,50.0,40.0,120000.0,10,32.0,26.0,23.0,2.34,19136.0,5.0,23.0,26.0,32.0,2,1,1,2,10.0,20,100.0,38272.0,4.68,0.31893333333333335
14104042001,0,4,60.0,50.0,40.0,120000.0,10,32.0,26.0,23.0,2.34,19136.0,5.0,26.0,23.0,32.0,2,2,1,4,20.0,40,200.0,76544.0,9.36,0.6378666666666667
14104042001,0,5,60.0,50.0,40.0,120000.0,10,32.0,26.0,23.0,2.34,19136.0,5.0,26.0,32.0,23.0,2,1,1,2,10.0,20,100.0,38272.0,4.68,0.31893333333333335
61063005002,0,0,60.0,50.0,40.0,120000.0,10,26.0,13.0,18.0,0.8,6084.0,12.0,26.0,13.0,18.0,2,3,2,12,144.0,120,1440.0,73008.0,9.600000000000001,0.6084
61063005002,0,1,60.0,50.0,40.0,120000.0,10,26.0,13.0,18.0,0.8,6084.0,12.0,26.0,18.0,13.0,2,2,3,12,144.0,120,1440.0,73008.0,9.600000000000001,0.6084
61063005002,0,2,60.0,50.0,40.0,120000.0,10,26.0,13.0,18.0,0.8,6084.0,12.0,18.0,26.0,13.0,3,1,3,9,108.0,90,1080.0,54756.0,7.2,0.4563
61063005002,0,3,60.0,50.0,40.0,120000.0,10,26.0,13.0,18.0,0.8,6084.0,12.0,18.0,13.0,26.0,3,3,1,9,108.0,90,1080.0,54756.0,7.2,0.4563
61063005002,0,4,60.0,50.0,40.0,120000.0,10,26.0,13.0,18.0,0.8,6084.0,12.0,13.0,18.0,26.0,4,2,1,8,96.0,80,960.0,48672.0,6.4,0.4056
61063005002,0,5,60.0,50.0,40.0,120000.0,10,26.0,13.0,18.0,0.8,6084.0,12.0,13.0,26.0,18.0,4,1,2,8,96.0,80,960.0,48672.0,6.4,0.4056
15023017001,0,0,60.0,50.0,40.0,120000.0,10,35.0,20.0,11.0,6.57,7700.0,24.0,35.0,20.0,11.0,1,2,3,6,144.0,60,1440.0,46200.0,39.42,0.385
15023017001,0,1,60.0,50.0,40.0,120000.0,10,35.0,20.0,11.0,6.57,7700.0,24.0,35.0,11.0,20.0,1,4,2,8,192.0,80,1920.0,61600.0,52.56,0.5133333333333333
15023017001,0,2,60.0,50.0,40.0,120000.0,10,35.0,20.0,11.0,6.57,7700.0,24.0,11.0,35.0,20.0,5,1,2,10,240.0,100,2400.0,77000.0,65.7,0.6416666666666667
15023017001,0,3,60.0,50.0,40.0,120000.0,10,35.0,20.0,11.0,6.57,7700.0,24.0,11.0,20.0,35.0,5,2,1,10,240.0,100,2400.0,77000.0,65.7,0.6416666666666667
15023017001,0,4,60.0,50.0,40.0,120000.0,10,35.0,20.0,11.0,6.57,7700.0,24.0,20.0,11.0,35.0,3,4,1,12,288.0,120,2880.0,92400.0,78.84,0.77
15023017001,0,5,60.0,50.0,40.0,120000.0,10,35.0,20.0,11.0,6.57,7700.0,24.0,20.0,35.0,11.0,3,1,3,9,216.0,90,2160.0,69300.0,59.13,0.5775
14001045001,0,0,60.0,50.0,40.0,120000.0,10,47.0,32.0,23.0,3.27,34592.0,8.0,47.0,32.0,23.0,1,1,1,1,8.0,10,80.0,34592.0,3.27,0.28826666666666667
14001045001,0,1,60.0,50.0,40.0,120000.0,10,47.0,32.0,23.0,3.27,34592.0,8.0,47.0,23.0,32.0,1,2,1,2,16.0,20,160.0,69184.0,6.54,0.5765333333333333
14001045001,0,2,60.0,50.0,40.0,120000.0,10,47.0,32.0,23.0,3.27,34592.0,8.0,23.0,47.0,32.0,2,1,1,2,16.0,20,160.0,69184.0,6.54,0.5765333333333333
14001045001,0,5,60.0,50.0,40.0,120000.0,10,47.0,32.0,23.0,3.27,34592.0,8.0,32.0,47.0,23.0,1,1,1,1,8.0,10,80.0,34592.0,3.27,0.28826666666666667
14242011001,0,0,60.0,50.0,40.0,120000.0,10,40.0,26.0,27.0,7.37,28080.0,15.0,40.0,26.0,27.0,1,1,1,1,15.0,10,150.0,28080.0,7.37,0.234
14242011001,0,1,60.0,50.0,40.0,120000.0,10,40.0,26.0,27.0,7.37,28080.0,15.0,40.0,27.0,26.0,1,1,1,1,15.0,10,150.0,28080.0,7.37,0.234
14242011001,0,2,60.0,50.0,40.0,120000.0,10,40.0,26.0,27.0,7.37,28080.0,15.0,27.0,40.0,26.0,2,1,1,2,30.0,20,300.0,56160.0,14.74,0.468
14242011001,0,3,60.0,50.0,40.0,120000.0,10,40.0,26.0,27.0,7.37,28080.0,15.0,27.0,26.0,40.0,2,1,1,2,30.0,20,300.0,56160.0,14.74,0.468
14242011001,0,4,60.0,50.0,40.0,120000.0,10,40.0,26.0,27.0,7.37,28080.0,15.0,26.0,27.0,40.0,2,1,1,2,30.0,20,300.0,56160.0,14.74,0.468
14242011001,0,5,60.0,50.0,40.0,120000.0,10,40.0,26.0,27.0,7.37,28080.0,15.0,26.0,40.0,27.0,2,1,1,2,30.0,20,300.0,56160.0,14.74,0.468
14370002001,0,0,60.0,50.0,40.0,120000.0,10,44.0,35.0,19.0,20.97,29260.0,20.0,44.0,35.0,19.0,1,1,2,2,40.0,20,400.0,58520.0,41.94,0.4876666666666667
14370002001,0,1,60.0,50.0,40.0,120000.0,10,44.0,35.0,19.0,20.97,29260.0,20.0,44.0,19.0,35.0,1,2,1,2,40.0,20,400.0,58520.0,41.94,0.4876666666666667
14370002001,0,2,60.0,50.0,40.0,120000.0,10,44.0,35.0,19.0,20.97,29260.0,20.0,19.0,44.0,35.0,3,1,1,3,60.0,30,600.0,87780.0,62.91,0.7315
14370002001,0,5,60.0,50.0,40.0,120000.0,10,44.0,35.0,19.0,20.97,29260.0,20.0,35.0,44.0,19.0,1,1,2,2,40.0,20,400.0,58520.0,41.94,0.4876666666666667
10032055001,0,0,60.0,50.0,40.0,120000.0,10,35.0,20.0,14.0,8.7,9800.0,24.0,35.0,20.0,14.0,1,2,2,4,96.0,40,960.0,39200.0,34.8,0.32666666666666666
10032055001,0,1,60.0,50.0,40.0,120000.0,10,35.0,20.0,14.0,8.7,9800.0,24.0,35.0,14.0,20.0,1,3,2,6,144.0,60,1440.0,58800.0,52.199999999999996,0.49
10032055001,0,2,60.0,50.0,40.0,120000.0,10,35.0,20.0,14.0,8.7,9800.0,24.0,14.0,35.0,20.0,4,1,2,8,192.0,80,1920.0,78400.0,69.6,0.6533333333333333
10032055001,0,3,60.0,50.0,40.0,120000.0,10,35.0,20.0,14.0,8.7,9800.0,24.0,14.0,20.0,35.0,4,2,1,8,192.0,80,1920.0,78400.0,69.6,0.6533333333333333
10032055001,0,4,60.0,50.0,40.0,120000.0,10,35.0,20.0,14.0,8.7,9800.0,24.0,20.0,14.0,35.0,3,3,1,9,216.0,90,2160.0,88200.0,78.3,0.735
10032055001,0,5,60.0,50.0,40.0,120000.0,10,35.0,20.0,14.0,8.7,9800.0,24.0,20.0,35.0,14.0,3,1,2,6,144.0,60,1440.0,58800.0,52.199999999999996,0.49
14244058001,0,0,60.0,50.0,40.0,120000.0,10,46.0,37.0,19.0,2.82,32338.0,12.0,46.0,37.0,19.0,1,1,2,2,24.0,20,240.0,64676.0,5.64,0.5389666666666667
14244058001,0,1,60.0,50.0,40.0,120000.0,10,46.0,37.0,19.0,2.82,32338.0,12.0,46.0,19.0,37.0,1,2,1,2,24.0,20,240.0,64676.0,5.64,0.5389666666666667
14244058001,0,2,60.0,50.0,40.0,120000.0,10,46.0,37.0,19.0,2.82,32338.0,12.0,19.0,46.0,37.0,3,1,1,3,36.0,30,360.0,97014.0,8.459999999999999,0.80845
14244058001,0,5,60.0,50.0,40.0,120000.0,10,46.0,37.0,19.0,2.82,32338.0,12.0,37.0,46.0,19.0,1,1,2,2,24.0,20,240.0,64676.0,5.64,0.5389666666666667
14503013001,0,0,60.0,50.0,40.0,120000.0,10,41.0,28.0,17.0,1.7,19516.0,12.0,41.0,28.0,17.0,1,1,2,2,24.0,20,240.0,39032.0,3.4,0.32526666666666665
14503013001,0,1,60.0,50.0,40.0,120000.0,10,41.0,28.0,17.0,1.7,19516.0,12.0,41.0,17.0,28.0,1,2,1,2,24.0,20,240.0,39032.0,3.4,0.32526666666666665
14503013001,0,2,60.0,50.0,40.0,120000.0,10,41.0,28.0,17.0,1.7,19516.0,12.0,17.0,41.0,28.0,3,1,1,3,36.0,30,360.0,58548.0,5.1,0.4879
14503013001,0,5,60.0,50.0,40.0,120000.0,10,41.0,28.0,17.0,1.7,19516.0,12.0,28.0,41.0,17.0,2,1,2,4,48.0,40,480.0,78064.0,6.8,0.6505333333333333
42613021001,0,0,60.0,50.0,40.0,120000.0,10,23.0,22.0,6.0,0.676,3036.0,1.0,23.0,22.0,6.0,2,2,6,24,24.0,240,240.0,72864.0,16.224,0.6072
42613021001,0,1,60.0,50.0,40.0,120000.0,10,23.0,22.0,6.0,0.676,3036.0,1.0,23.0,6.0,22.0,2,8,1,16,16.0,160,160.0,48576.0,10.816,0.4048
42613021001,0,2,60.0,50.0,40.0,120000.0,10,23.0,22.0,6.0,0.676,3036.0,1.0,6.0,23.0,22.0,10,2,1,20,20.0,200,200.0,60720.0,13.520000000000001,0.506
42613021001,0,3,60.0,50.0,40.0,120000.0,10,23.0,22.0,6.0,0.676,3036.0,1.0,6.0,22.0,23.0,10,2,1,20,20.0,200,200.0,60720.0,13.520000000000001,0.506
42613021001,0,4,60.0,50.0,40.0,120000.0,10,23.0,22.0,6.0,0.676,3036.0,1.0,22.0,6.0,23.0,2,8,1,16,16.0,160,160.0,48576.0,10.816,0.4048
42613021001,0,5,60.0,50.0,40.0,120000.0,10,23.0,22.0,6.0,0.676,3036.0,1.0,22.0,23.0,6.0,2,2,6,24,24.0,240,240.0,72864.0,16.224,0.6072
10002944001,0,0,60.0,50.0,40.0,120000.0,10,44.0,27.0,12.0,8.82,14256.0,24.0,44.0,27.0,12.0,1,1,3,3,72.0,30,720.0,42768.0,26.46,0.3564
10002944001,0,1,60.0,50.0,40.0,120000.0,10,44.0,27.0,12.0,8.82,14256.0,24.0,44.0,12.0,27.0,1,4,1,4,96.0,40,960.0,57024.0,35.28,0.4752
10002944001,0,2,60.0,50.0,40.0,120000.0,10,44.0,27.0,12.0,8.82,14256.0,24.0,12.0,44.0,27.0,5,1,1,5,120.0,50,1200.0,71280.0,44.1,0.594
10002944001,0,5,60.0,50.0,40.0,120000.0,10,44.0,27.0,12.0,8.82,14256.0,24.0,27.0,44.0,12.0,2,1,3,6,144.0,60,1440.0,85536.0,52.92,0.7128
12011098001,0,0,60.0,50.0,40.0,120000.0,10,40.0,31.0,26.0,14.1,32240.0,12.0,40.0,31.0,26.0,1,1,1,1,12.0,10,120.0,32240.0,14.1,0.26866666666666666
12011098001,0,1,60.0,50.0,40.0,120000.0,10,40.0,31.0,26.0,14.1,32240.0,12.0,40.0,26.0,31.0,1,1,1,1,12.0,10,120.0,32240.0,14.1,0.26866666666666666
12011098001,0,2,60.0,50.0,40.0,120000.0,10,40.0,31.0,26.0,14.1,32240.0,12.0,26.0,40.0,31.0,2,1,1,2,24.0,20,240.0,64480.0,28.2,0.5373333333333333
12011098001,0,3,60.0,50.0,40.0,120000.0,10,40.0,31.0,26.0,14.1,32240.0,12.0,26.0,31.0,40.0,2,1,1,2,24.0,20,240.0,64480.0,28.2,0.5373333333333333
12011098001,0,4,60.0,50.0,40.0,120000.0,10,40.0,31.0,26.0,14.1,32240.0,12.0,31.0,26.0,40.0,1,1,1,1,12.0,10,120.0,32240.0,14.1,0.26866666666666666
12011098001,0,5,60.0,50.0,40.0,120000.0,10,40.0,31.0,26.0,14.1,32240.0,12.0,31.0,40.0,26.0,1,1,1,1,12.0,10,120.0,32240.0,14.1,0.26866666666666666
14804012001,0,0,60.0,50.0,40.0,120000.0,10,42.0,28.0,13.0,10.95,15288.0,2.0,42.0,28.0,13.0,1,1,3,3,6.0,30,60.0,45864.0,32.849999999999994,0.3822
14804012001,0,1,60.0,50.0,40.0,120000.0,10,42.0,28.0,13.0,10.95,15288.0,2.0,42.0,13.0,28.0,1,3,1,3,6.0,30,60.0,45864.0,32.849999999999994,0.3822
14804012001,0,2,60.0,50.0,40.0,120000.0,10,42.0,28.0,13.0,10.95,15288.0,2.0,13.0,42.0,28.0,4,1,1,4,8.0,40,80.0,61152.0,43.8,0.5096
14804012001,0,5,60.0,50.0,40.0,120000.0,10,42.0,28.0,13.0,10.95,15288.0,2.0,28.0,42.0,13.0,2,1,3,6,12.0,60,120.0,91728.0,65.69999999999999,0.7644
14222068001,0,0,60.0,50.0,40.0,120000.0,10,37.0,20.0,17.0,2.8,12580.0,10.0,37.0,20.0,17.0,1,2,2,4,40.0,40,400.0,50320.0,11.2,0.41933333333333334
14222068001,0,1,60.0,50.0,40.0,120000.0,10,37.0,20.0,17.0,2.8,12580.0,10.0,37.0,17.0,20.0,1,2,2,4,40.0,40,400.0,50320.0,11.2,0.41933333333333334
14222068001,0,2,60.0,50.0,40.0,120000.0,10,37.0,20.0,17.0,2.8,12580.0,10.0,17.0,37.0,20.0,3,1,2,6,60.0,60,600.0,75480.0,16.799999999999997,0.629
14222068001,0,3,60.0,50.0,40.0,120000.0,10,37.0,20.0,17.0,2.8,12580.0,10.0,17.0,20.0,37.0,3,2,1,6,60.0,60,600.0,75480.0,16.799999999999997,0.629
14222068001,0,4,60.0,50.0,40.0,120000.0,10,37.0,20.0,17.0,2.8,12580.0,10.0,20.0,17.0,37.0,3,2,1,6,60.0,60,600.0,75480.0,16.799999999999997,0.629
14222068001,0,5,60.0,50.0,40.0,120000.0,10,37.0,20.0,17.0,2.8,12580.0,10.0,20.0,37.0,17.0,3,1,2,6,60.0,60,600.0,75480.0,16.799999999999997,0.629
14851032001,0,0,60.0,50.0,40.0,120000.0,10,47.0,37.0,9.0,7.0,15651.0,1.0,47.0,37.0,9.0,1,1,4,4,4.0,40,40.0,62604.0,28.0,0.5217
14851032001,0,1,60.0,50.0,40.0,120000.0,10,47.0,37.0,9.0,7.0,15651.0,1.0,47.0,9.0,37.0,1,5,1,5,5.0,50,50.0,78255.0,35.0,0.652125
14851032001,0,2,60.0,50.0,40.0,120000.0,10,47.0,37.0,9.0,7.0,15651.0,1.0,9.0,47.0,37.0,6,1,1,6,6.0,60,60.0,93906.0,42.0,0.78255
14851032001,0,5,60.0,50.0,40.0,120000.0,10,47.0,37.0,9.0,7.0,15651.0,1.0,37.0,47.0,9.0,1,1,4,4,4.0,40,40.0,62604.0,28.0,0.5217
11051016001,0,0,60.0,50.0,40.0,120000.0,10,43.0,34.0,18.0,10.9,26316.0,12.0,43.0,34.0,18.0,1,1,2,2,24.0,20,240.0,52632.0,21.8,0.4386
11051016001,0,1,60.0,50.0,40.0,120000.0,10,43.0,34.0,18.0,10.9,26316.0,12.0,43.0,18.0,34.0,1,2,1,2,24.0,20,240.0,52632.0,21.8,0.4386
11051016001,0,2,60.0,50.0,40.0,120000.0,10,43.0,34.0,18.0,10.9,26316.0,12.0,18.0,43.0,34.0,3,1,1,3,36.0,30,360.0,78948.0,32.7,0.6579
11051016001,0,5,60.0,50.0,40.0,120000.0,10,43.0,34.0,18.0,10.9,26316.0,12.0,34.0,43.0,18.0,1,1,2,2,24.0,20,240.0,52632.0,21.8,0.4386
12013050001,0,0,60.0,50.0,40.0,120000.0,10,26.0,20.0,22.0,6.83,11440.0,12.0,26.0,20.0,22.0,2,2,1,4,48.0,40,480.0,45760.0,27.32,0.38133333333333336
12013050001,0,1,60.0,50.0,40.0,120000.0,10,26.0,20.0,22.0,6.83,11440.0,12.0,26.0,22.0,20.0,2,2,2,8,96.0,80,960.0,91520.0,54.64,0.7626666666666667
12013050001,0,2,60.0,50.0,40.0,120000.0,10,26.0,20.0,22.0,6.83,11440.0,12.0,22.0,26.0,20.0,2,1,2,4,48.0,40,480.0,45760.0,27.32,0.38133333333333336
12013050001,0,3,60.0,50.0,40.0,120000.0,10,26.0,20.0,22.0,6.83,11440.0,12.0,22.0,20.0,26.0,2,2,1,4,48.0,40,480.0,45760.0,27.32,0.38133333333333336
12013050001,0,4,60.0,50.0,40.0,120000.0,10,26.0,20.0,22.0,6.83,11440.0,12.0,20.0,22.0,26.0,3,2,1,6,72.0,60,720.0,68640.0,40.980000000000004,0.572
12013050001,0,5,60.0,50.0,40.0,120000.0,10,26.0,20.0,22.0,6.83,11440.0,12.0,20.0,26.0,22.0,3,1,1,3,36.0,30,360.0,34320.0,20.490000000000002,0.286
11050017001,0,0,60.0,50.0,40.0,120000.0,10,36.0,22.0,30.0,12.45,23760.0,4.0,36.0,22.0,30.0,1,2,1,2,8.0,20,80.0,47520.0,24.9,0.396
11050017001,0,1,60.0,50.0,40.0,120000.0,10,36.0,22.0,30.0,12.45,23760.0,4.0,36.0,30.0,22.0,1,1,1,1,4.0,10,40.0,23760.0,12.45,0.198
11050017001,0,2,60.0,50.0,40.0,120000.0,10,36.0,22.0,30.0,12.45,23760.0,4.0,30.0,36.0,22.0,2,1,1,2,8.0,20,80.0,47520.0,24.9,0.396
11050017001,0,3,60.0,50.0,40.0,120000.0,10,36.0,22.0,30.0,12.45,23760.0,4.0,30.0,22.0,36.0,2,2,1,4,16.0,40,160.0,95040.0,49.8,0.792
11050017001,0,4,60.0,50.0,40.0,120000.0,10,36.0,22.0,30.0,12.45,23760.0,4.0,22.0,30.0,36.0,2,1,1,2,8.0,20,80.0,47520.0,24.9,0.396
11050017001,0,5,60.0,50.0,40.0,120000.0,10,36.0,22.0,30.0,12.45,23760.0,4.0,22.0,36.0,30.0,2,1,1,2,8.0,20,80.0,47520.0,24.9,0.396
14502077001,0,0,60.0,50.0,40.0,120000.0,10,43.0,28.0,17.0,1.8,20468.0,12.0,43.0,28.0,17.0,1,1,2,2,24.0,20,240.0,40936.0,3.6,0.34113333333333334
14502077001,0,1,60.0,50.0,40.0,120000.0,10,43.0,28.0,17.0,1.8,20468.0,12.0,43.0,17.0,28.0,1,2,1,2,24.0,20,240.0,40936.0,3.6,0.34113333333333334
14502077001,0,2,60.0,50.0,40.0,120000.0,10,43.0,28.0,17.0,1.8,20468.0,12.0,17.0,43.0,28.0,3,1,1,3,36.0,30,360.0,61404.0,5.4,0.5117
14502077001,0,5,60.0,50.0,40.0,120000.0,10,43.0,28.0,17.0,1.8,20468.0,12.0,28.0,43.0,17.0,2,1,2,4,48.0,40,480.0,81872.0,7.2,0.6822666666666667
14506006001,0,0,60.0,50.0,40.0,120000.0,10,46.0,26.0,23.0,4.72,27508.0,12.0,46.0,26.0,23.0,1,1,1,1,12.0,10,120.0,27508.0,4.72,0.22923333333333334
14506006001,0,1,60.0,50.0,40.0,120000.0,10,46.0,26.0,23.0,4.72,27508.0,12.0,46.0,23.0,26.0,1,2,1,2,24.0,20,240.0,55016.0,9.44,0.4584666666666667
14506006001,0,2,60.0,50.0,40.0,120000.0,10,46.0,26.0,23.0,4.72,27508.0,12.0,23.0,46.0,26.0,2,1,1,2,24.0,20,240.0,55016.0,9.44,0.4584666666666667
14506006001,0,5,60.0,50.0,40.0,120000.0,10,46.0,26.0,23.0,4.72,27508.0,12.0,26.0,46.0,23.0,2,1,1,2,24.0,20,240.0,55016.0,9.44,0.4584666666666667
14810016001,0,0,60.0,50.0,40.0,120000.0,10,35.0,26.0,18.0,10.7,16380.0,24.0,35.0,26.0,18.0,1,1,2,2,48.0,20,480.0,32760.0,21.4,0.273
14810016001,0,1,60.0,50.0,40.0,120000.0,10,35.0,26.0,18.0,10.7,16380.0,24.0,35.0,18.0,26.0,1,2,1,2,48.0,20,480.0,32760.0,21.4,0.273
14810016001,0,2,60.0,50.0,40.0,120000.0,10,35.0,26.0,18.0,10.7,16380.0,24.0,18.0,35.0,26.0,3,1,1,3,72.0,30,720.0,49140.0,32.099999999999994,0.4095
14810016001,0,3,60.0,50.0,40.0,120000.0,10,35.0,26.0,18.0,10.7,16380.0,24.0,18.0,26.0,35.0,3,1,1,3,72.0,30,720.0,49140.0,32.099999999999994,0.4095
14810016001,0,4,60.0,50.0,40.0,120000.0,10,35.0,26.0,18.0,10.7,16380.0,24.0,26.0,18.0,35.0,2,2,1,4,96.0,40,960.0,65520.0,42.8,0.546
14810016001,0,5,60.0,50.0,40.0,120000.0,10,35.0,26.0,18.0,10.7,16380.0,24.0,26.0,35.0,18.0,2,1,2,4,96.0,40,960.0,65520.0,42.8,0.546
14330010001,0,0,60.0,50.0,40.0,120000.0,10,55.0,37.0,23.0,16.22,46805.0,6.0,55.0,37.0,23.0,1,1,1,1,6.0,10,60.0,46805.0,16.22,0.3900416666666667
14330010001,0,1,60.0,50.0,40.0,120000.0,10,55.0,37.0,23.0,16.22,46805.0,6.0,55.0,23.0,37.0,1,2,1,2,12.0,20,120.0,93610.0,32.44,0.7800833333333334
14111039001,0,0,60.0,50.0,40.0,120000.0,10,29.0,21.0,8.0,1.0,4872.0,1.0,29.0,21.0,8.0,2,2,5,20,20.0,200,200.0,97440.0,20.0,0.812
14111039001,0,1,60.0,50.0,40.0,120000.0,10,29.0,21.0,8.0,1.0,4872.0,1.0,29.0,8.0,21.0,2,6,1,12,12.0,120,120.0,58464.0,12.0,0.4872
14111039001,0,2,60.0,50.0,40.0,120000.0,10,29.0,21.0,8.0,1.0,4872.0,1.0,8.0,29.0,21.0,7,1,1,7,7.0,70,70.0,34104.0,7.0,0.2842
14111039001,0,3,60.0,50.0,40.0,120000.0,10,29.0,21.0,8.0,1.0,4872.0,1.0,8.0,21.0,29.0,7,2,1,14,14.0,140,140.0,68208.0,14.0,0.5684
14111039001,0,4,60.0,50.0,40.0,120000.0,10,29.0,21.0,8.0,1.0,4872.0,1.0,21.0,8.0,29.0,2,6,1,12,12.0,120,120.0,58464.0,12.0,0.4872
14111039001,0,5,60.0,50.0,40.0,120000.0,10,29.0,21.0,8.0,1.0,4872.0,1.0,21.0,29.0,8.0,2,1,5,10,10.0,100,100.0,48720.0,10.0,0.406
10040039001,0,0,60.0,50.0,40.0,120000.0,10,36.0,18.0,35.0,11.15,22680.0,2.0,36.0,18.0,35.0,1,2,1,2,4.0,20,40.0,45360.0,22.3,0.378
10040039001,0,1,60.0,50.0,40.0,120000.0,10,36.0,18.0,35.0,11.15,22680.0,2.0,36.0,35.0,18.0,1,1,2,2,4.0,20,40.0,45360.0,22.3,0.378
10040039001,0,2,60.0,50.0,40.0,120000.0,10,36.0,18.0,35.0,11.15,22680.0,2.0,35.0,36.0,18.0,1,1,2,2,4.0,20,40.0,45360.0,22.3,0.378
10040039001,0,3,60.0,50.0,40.0,120000.0,10,36.0,18.0,35.0,11.15,22680.0,2.0,35.0,18.0,36.0,1,2,1,2,4.0,20,40.0,45360.0,22.3,0.378
10040039001,0,4,60.0,50.0,40.0,120000.0,10,36.0,18.0,35.0,11.15,22680.0,2.0,18.0,35.0,36.0,3,1,1,3,6.0,30,60.0,68040.0,33.45,0.567
10040039001,0,5,60.0,50.0,40.0,120000.0,10,36.0,18.0,35.0,11.15,22680.0,2.0,18.0,36.0,35.0,3,1,1,3,6.0,30,60.0,68040.0,33.45,0.567
12102140001,0,0,60.0,50.0,40.0,120000.0,10,23.0,23.0,17.0,2.55,8993.0,12.0,23.0,23.0,17.0,2,2,2,8,96.0,80,960.0,71944.0,20.4,0.5995333333333334
12102140001,0,1,60.0,50.0,40.0,120000.0,10,23.0,23.0,17.0,2.55,8993.0,12.0,23.0,17.0,23.0,2,2,1,4,48.0,40,480.0,35972.0,10.2,0.2997666666666667
12102140001,0,2,60.0,50.0,40.0,120000.0,10,23.0,23.0,17.0,2.55,8993.0,12.0,17.0,23.0,23.0,3,2,1,6,72.0,60,720.0,53958.0,15.299999999999999,0.44965
12102140001,0,3,60.0,50.0,40.0,120000.0,10,23.0,23.0,17.0,2.55,8993.0,12.0,17.0,23.0,23.0,3,2,1,6,72.0,60,720.0,53958.0,15.299999999999999,0.44965
12102140001,0,4,60.0,50.0,40.0,120000.0,10,23.0,23.0,17.0,2.55,8993.0,12.0,23.0,17.0,23.0,2,2,1,4,48.0,40,480.0,35972.0,10.2,0.2997666666666667
12102140001,0,5,60.0,50.0,40.0,120000.0,10,23.0,23.0,17.0,2.55,8993.0,12.0,23.0,23.0,17.0,2,2,2,8,96.0,80,960.0,71944.0,20.4,0.5995333333333334
14502004001,0,0,60.0,50.0,40.0,120000.0,10,50.0,36.0,17.0,3.21,30600.0,12.0,50.0,36.0,17.0,1,1,2,2,24.0,20,240.0,61200.0,6.42,0.51
14502004001,0,1,60.0,50.0,40.0,120000.0,10,50.0,36.0,17.0,3.21,30600.0,12.0,50.0,17.0,36.0,1,2,1,2,24.0,20,240.0,61200.0,6.42,0.51
14502004001,0,2,60.0,50.0,40.0,120000.0,10,50.0,36.0,17.0,3.21,30600.0,12.0,17.0,50.0,36.0,3,1,1,3,36.0,30,360.0,91800.0,9.629999999999999,0.765
14502004001,0,5,60.0,50.0,40.0,120000.0,10,50.0,36.0,17.0,3.21,30600.0,12.0,36.0,50.0,17.0,1,1,2,2,24.0,20,240.0,61200.0,6.42,0.51
12023273001,0,0,60.0,50.0,40.0,120000.0,10,15.0,9.0,15.0,0.39,2025.0,10.0,15.0,9.0,15.0,4,5,2,40,400.0,400,4000.0,81000.0,15.600000000000001,0.675
12023273001,0,1,60.0,50.0,40.0,120000.0,10,15.0,9.0,15.0,0.39,2025.0,10.0,15.0,15.0,9.0,4,3,4,48,480.0,480,4800.0,97200.0,18.72,0.81
12023273001,0,2,60.0,50.0,40.0,120000.0,10,15.0,9.0,15.0,0.39,2025.0,10.0,15.0,15.0,9.0,4,3,4,48,480.0,480,4800.0,97200.0,18.72,0.81
12023273001,0,3,60.0,50.0,40.0,120000.0,10,15.0,9.0,15.0,0.39,2025.0,10.0,15.0,9.0,15.0,4,5,2,40,400.0,400,4000.0,81000.0,15.600000000000001,0.675
12023273001,0,4,60.0,50.0,40.0,120000.0,10,15.0,9.0,15.0,0.39,2025.0,10.0,9.0,15.0,15.0,6,3,2,36,360.0,360,3600.0,72900.0,14.040000000000001,0.6075
12023273001,0,5,60.0,50.0,40.0,120000.0,10,15.0,9.0,15.0,0.39,2025.0,10.0,9.0,15.0,15.0,6,3,2,36,360.0,360,3600.0,72900.0,14.040000000000001,0.6075
14613900001,0,0,60.0,50.0,40.0,120000.0,10,29.0,27.0,25.0,9.7,19575.0,24.0,29.0,27.0,25.0,2,1,1,2,48.0,20,480.0,39150.0,19.4,0.32625
14613900001,0,1,60.0,50.0,40.0,120000.0,10,29.0,27.0,25.0,9.7,19575.0,24.0,29.0,25.0,27.0,2,2,1,4,96.0,40,960.0,78300.0,38.8,0.6525
14613900001,0,2,60.0,50.0,40.0,120000.0,10,29.0,27.0,25.0,9.7,19575.0,24.0,25.0,29.0,27.0,2,1,1,2,48.0,20,480.0,39150.0,19.4,0.32625
14613900001,0,3,60.0,50.0,40.0,120000.0,10,29.0,27.0,25.0,9.7,19575.0,24.0,25.0,27.0,29.0,2,1,1,2,48.0,20,480.0,39150.0,19.4,0.32625
14613900001,0,4,60.0,50.0,40.0,120000.0,10,29.0,27.0,25.0,9.7,19575.0,24.0,27.0,25.0,29.0,2,2,1,4,96.0,40,960.0,78300.0,38.8,0.6525
14613900001,0,5,60.0,50.0,40.0,120000.0,10,29.0,27.0,25.0,9.7,19575.0,24.0,27.0,29.0,25.0,2,1,1,2,48.0,20,480.0,39150.0,19.4,0.32625
12020210001,0,0,60.0,50.0,40.0,120000.0,10,29.0,23.0,19.0,2.39,12673.0,12.0,29.0,23.0,19.0,2,2,2,8,96.0,80,960.0,101384.0,19.12,0.8448666666666667
12020210001,0,1,60.0,50.0,40.0,120000.0,10,29.0,23.0,19.0,2.39,12673.0,12.0,29.0,19.0,23.0,2,2,1,4,48.0,40,480.0,50692.0,9.56,0.4224333333333333
12020210001,0,2,60.0,50.0,40.0,120000.0,10,29.0,23.0,19.0,2.39,12673.0,12.0,19.0,29.0,23.0,3,1,1,3,36.0,30,360.0,38019.0,7.17,0.316825
12020210001,0,3,60.0,50.0,40.0,120000.0,10,29.0,23.0,19.0,2.39,12673.0,12.0,19.0,23.0,29.0,3,2,1,6,72.0,60,720.0,76038.0,14.34,0.63365
12020210001,0,4,60.0,50.0,40.0,120000.0,10,29.0,23.0,19.0,2.39,12673.0,12.0,23.0,19.0,29.0,2,2,1,4,48.0,40,480.0,50692.0,9.56,0.4224333333333333
12020210001,0,5,60.0,50.0,40.0,120000.0,10,29.0,23.0,19.0,2.39,12673.0,12.0,23.0,29.0,19.0,2,1,2,4,48.0,40,480.0,50692.0,9.56,0.4224333333333333
10033049001,0,0,60.0,50.0,40.0,120000.0,10,35.0,23.0,31.0,17.16,24955.0,8.0,35.0,23.0,31.0,1,2,1,2,16.0,20,160.0,49910.0,34.32,0.41591666666666666
10033049001,0,1,60.0,50.0,40.0,120000.0,10,35.0,23.0,31.0,17.16,24955.0,8.0,35.0,31.0,23.0,1,1,1,1,8.0,10,80.0,24955.0,17.16,0.20795833333333333
10033049001,0,2,60.0,50.0,40.0,120000.0,10,35.0,23.0,31.0,17.16,24955.0,8.0,31.0,35.0,23.0,1,1,1,1,8.0,10,80.0,24955.0,17.16,0.20795833333333333
10033049001,0,3,60.0,50.0,40.0,120000.0,10,35.0,23.0,31.0,17.16,24955.0,8.0,31.0,23.0,35.0,1,2,1,2,16.0,20,160.0,49910.0,34.32,0.41591666666666666
10033049001,0,4,60.0,50.0,40.0,120000.0,10,35.0,23.0,31.0,17.16,24955.0,8.0,23.0,31.0,35.0,2,1,1,2,16.0,20,160.0,49910.0,34.32,0.41591666666666666
10033049001,0,5,60.0,50.0,40.0,120000.0,10,35.0,23.0,31.0,17.16,24955.0,8.0,23.0,35.0,31.0,2,1,1,2,16.0,20,160.0,49910.0,34.32,0.41591666666666666
12120087001,0,0,60.0,50.0,40.0,120000.0,10,40.0,24.0,16.0,1.7,15360.0,24.0,40.0,24.0,16.0,1,2,2,4,96.0,40,960.0,61440.0,6.8,0.512
12120087001,0,1,60.0,50.0,40.0,120000.0,10,40.0,24.0,16.0,1.7,15360.0,24.0,40.0,16.0,24.0,1,3,1,3,72.0,30,720.0,46080.0,5.1,0.384
12120087001,0,2,60.0,50.0,40.0,120000.0,10,40.0,24.0,16.0,1.7,15360.0,24.0,16.0,40.0,24.0,3,1,1,3,72.0,30,720.0,46080.0,5.1,0.384
12120087001,0,3,60.0,50.0,40.0,120000.0,10,40.0,24.0,16.0,1.7,15360.0,24.0,16.0,24.0,40.0,3,2,1,6,144.0,60,1440.0,92160.0,10.2,0.768
12120087001,0,4,60.0,50.0,40.0,120000.0,10,40.0,24.0,16.0,1.7,15360.0,24.0,24.0,16.0,40.0,2,3,1,6,144.0,60,1440.0,92160.0,10.2,0.768
12120087001,0,5,60.0,50.0,40.0,120000.0,10,40.0,24.0,16.0,1.7,15360.0,24.0,24.0,40.0,16.0,2,1,2,4,96.0,40,960.0,61440.0,6.8,0.512
14510100001,0,0,60.0,50.0,40.0,120000.0,10,35.0,24.0,5.0,1.5,4200.0,1.0,35.0,24.0,5.0,1,2,8,16,16.0,160,160.0,67200.0,24.0,0.56
14510100001,0,1,60.0,50.0,40.0,120000.0,10,35.0,24.0,5.0,1.5,4200.0,1.0,35.0,5.0,24.0,1,10,1,10,10.0,100,100.0,42000.0,15.0,0.35
14510100001,0,2,60.0,50.0,40.0,120000.0,10,35.0,24.0,5.0,1.5,4200.0,1.0,5.0,35.0,24.0,12,1,1,12,12.0,120,120.0,50400.0,18.0,0.42
14510100001,0,3,60.0,50.0,40.0,120000.0,10,35.0,24.0,5.0,1.5,4200.0,1.0,5.0,24.0,35.0,12,2,1,24,24.0,240,240.0,100800.0,36.0,0.84
14510100001,0,4,60.0,50.0,40.0,120000.0,10,35.0,24.0,5.0,1.5,4200.0,1.0,24.0,5.0,35.0,2,10,1,20,20.0,200,200.0,84000.0,30.0,0.7
14510100001,0,5,60.0,50.0,40.0,120000.0,10,35.0,24.0,5.0,1.5,4200.0,1.0,24.0,35.0,5.0,2,1,8,16,16.0,160,160.0,67200.0,24.0,0.56
10032008001,0,0,60.0,50.0,40.0,120000.0,10,34.0,20.0,11.0,6.62,7480.0,24.0,34.0,20.0,11.0,1,2,3,6,144.0,60,1440.0,44880.0,39.72,0.374
10032008001,0,1,60.0,50.0,40.0,120000.0,10,34.0,20.0,11.0,6.62,7480.0,24.0,34.0,11.0,20.0,1,4,2,8,192.0,80,1920.0,59840.0,52.96,0.49866666666666665
10032008001,0,2,60.0,50.0,40.0,120000.0,10,34.0,20.0,11.0,6.62,7480.0,24.0,11.0,34.0,20.0,5,1,2,10,240.0,100,2400.0,74800.0,66.2,0.6233333333333333
10032008001,0,3,60.0,50.0,40.0,120000.0,10,34.0,20.0,11.0,6.62,7480.0,24.0,11.0,20.0,34.0,5,2,1,10,240.0,100,2400.0,74800.0,66.2,0.6233333333333333
10032008001,0,4,60.0,50.0,40.0,120000.0,10,34.0,20.0,11.0,6.62,7480.0,24.0,20.0,11.0,34.0,3,4,1,12,288.0,120,2880.0,89760.0,79.44,0.748
10032008001,0,5,60.0,50.0,40.0,120000.0,10,34.0,20.0,11.0,6.62,7480.0,24.0,20.0,34.0,11.0,3,1,3,9,216.0,90,2160.0,67320.0,59.58,0.561
14244021001,0,0,60.0,50.0,40.0,120000.0,10,41.0,35.0,33.0,3.23,47355.0,12.0,41.0,35.0,33.0,1,1,1,1,12.0,10,120.0,47355.0,3.23,0.394625
14244021001,0,1,60.0,50.0,40.0,120000.0,10,41.0,35.0,33.0,3.23,47355.0,12.0,41.0,33.0,35.0,1,1,1,1,12.0,10,120.0,47355.0,3.23,0.394625
14244021001,0,2,60.0,50.0,40.0,120000.0,10,41.0,35.0,33.0,3.23,47355.0,12.0,33.0,41.0,35.0,1,1,1,1,12.0,10,120.0,47355.0,3.23,0.394625
14244021001,0,5,60.0,50.0,40.0,120000.0,10,41.0,35.0,33.0,3.23,47355.0,12.0,35.0,41.0,33.0,1,1,1,1,12.0,10,120.0,47355.0,3.23,0.394625
14520067001,0,0,60.0,50.0,40.0,120000.0,10,35.0,29.0,34.0,4.84,34510.0,96.0,35.0,29.0,34.0,1,1,1,1,96.0,10,960.0,34510.0,4.84,0.28758333333333336
14520067001,0,1,60.0,50.0,40.0,120000.0,10,35.0,29.0,34.0,4.84,34510.0,96.0,35.0,34.0,29.0,1,1,1,1,96.0,10,960.0,34510.0,4.84,0.28758333333333336
14520067001,0,2,60.0,50.0,40.0,120000.0,10,35.0,29.0,34.0,4.84,34510.0,96.0,34.0,35.0,29.0,1,1,1,1,96.0,10,960.0,34510.0,4.84,0.28758333333333336
14520067001,0,3,60.0,50.0,40.0,120000.0,10,35.0,29.0,34.0,4.84,34510.0,96.0,34.0,29.0,35.0,1,1,1,1,96.0,10,960.0,34510.0,4.84,0.28758333333333336
14520067001,0,4,60.0,50.0,40.0,120000.0,10,35.0,29.0,34.0,4.84,34510.0,96.0,29.0,34.0,35.0,2,1,1,2,192.0,20,1920.0,69020.0,9.68,0.5751666666666667
14520067001,0,5,60.0,50.0,40.0,120000.0,10,35.0,29.0,34.0,4.84,34510.0,96.0,29.0,35.0,34.0,2,1,1,2,192.0,20,1920.0,69020.0,9.68,0.5751666666666667
14634023001,0,0,60.0,50.0,40.0,120000.0,10,27.0,20.0,12.0,5.58,6480.0,12.0,27.0,20.0,12.0,2,2,3,12,144.0,120,1440.0,77760.0,66.96000000000001,0.648
14634023001,0,1,60.0,50.0,40.0,120000.0,10,27.0,20.0,12.0,5.58,6480.0,12.0,27.0,12.0,20.0,2,4,2,16,192.0,160,1920.0,103680.0,89.28,0.864
14634023001,0,2,60.0,50.0,40.0,120000.0,10,27.0,20.0,12.0,5.58,6480.0,12.0,12.0,27.0,20.0,5,1,2,10,120.0,100,1200.0,64800.0,55.8,0.54
14634023001,0,3,60.0,50.0,40.0,120000.0,10,27.0,20.0,12.0,5.58,6480.0,12.0,12.0,20.0,27.0,5,2,1,10,120.0,100,1200.0,64800.0,55.8,0.54
14634023001,0,4,60.0,50.0,40.0,120000.0,10,27.0,20.0,12.0,5.58,6480.0,12.0,20.0,12.0,27.0,3,4,1,12,144.0,120,1440.0,77760.0,66.96000000000001,0.648
14634023001,0,5,60.0,50.0,40.0,120000.0,10,27.0,20.0,12.0,5.58,6480.0,12.0,20.0,27.0,12.0,3,1,3,9,108.0,90,1080.0,58320.0,50.22,0.486
10014009001,0,0,60.0,50.0,40.0,120000.0,10,40.0,27.0,17.0,12.08,18360.0,24.0,40.0,27.0,17.0,1,1,2,2,48.0,20,480.0,36720.0,24.16,0.306
10014009001,0,1,60.0,50.0,40.0,120000.0,10,40.0,27.0,17.0,12.08,18360.0,24.0,40.0,17.0,27.0,1,2,1,2,48.0,20,480.0,36720.0,24.16,0.306
10014009001,0,2,60.0,50.0,40.0,120000.0,10,40.0,27.0,17.0,12.08,18360.0,24.0,17.0,40.0,27.0,3,1,1,3,72.0,30,720.0,55080.0,36.24,0.459
10014009001,0,3,60.0,50.0,40.0,120000.0,10,40.0,27.0,17.0,12.08,18360.0,24.0,17.0,27.0,40.0,3,1,1,3,72.0,30,720.0,55080.0,36.24,0.459
10014009001,0,4,60.0,50.0,40.0,120000.0,10,40.0,27.0,17.0,12.08,18360.0,24.0,27.0,17.0,40.0,2,2,1,4,96.0,40,960.0,73440.0,48.32,0.612
10014009001,0,5,60.0,50.0,40.0,120000.0,10,40.0,27.0,17.0,12.08,18360.0,24.0,27.0,40.0,17.0,2,1,2,4,96.0,40,960.0,73440.0,48.32,0.612
14833072001,0,0,60.0,50.0,40.0,120000.0,10,37.0,20.0,17.0,2.448,12580.0,8.0,37.0,20.0,17.0,1,2,2,4,32.0,40,320.0,50320.0,9.792,0.41933333333333334
14833072001,0,1,60.0,50.0,40.0,120000.0,10,37.0,20.0,17.0,2.448,12580.0,8.0,37.0,17.0,20.0,1,2,2,4,32.0,40,320.0,50320.0,9.792,0.41933333333333334
14833072001,0,2,60.0,50.0,40.0,120000.0,10,37.0,20.0,17.0,2.448,12580.0,8.0,17.0,37.0,20.0,3,1,2,6,48.0,60,480.0,75480.0,14.687999999999999,0.629
14833072001,0,3,60.0,50.0,40.0,120000.0,10,37.0,20.0,17.0,2.448,12580.0,8.0,17.0,20.0,37.0,3,2,1,6,48.0,60,480.0,75480.0,14.687999999999999,0.629
14833072001,0,4,60.0,50.0,40.0,120000.0,10,37.0,20.0,17.0,2.448,12580.0,8.0,20.0,17.0,37.0,3,2,1,6,48.0,60,480.0,75480.0,14.687999999999999,0.629
14833072001,0,5,60.0,50.0,40.0,120000.0,10,37.0,20.0,17.0,2.448,12580.0,8.0,20.0,37.0,17.0,3,1,2,6,48.0,60,480.0,75480.0,14.687999999999999,0.629
12011093001,0,0,60.0,50.0,40.0,120000.0,10,35.0,33.0,27.0,13.6,31185.0,6.0,35.0,33.0,27.0,1,1,1,1,6.0,10,60.0,31185.0,13.6,0.259875
12011093001,0,1,60.0,50.0,40.0,120000.0,10,35.0,33.0,27.0,13.6,31185.0,6.0,35.0,27.0,33.0,1,1,1,1,6.0,10,60.0,31185.0,13.6,0.259875
12011093001,0,2,60.0,50.0,40.0,120000.0,10,35.0,33.0,27.0,13.6,31185.0,6.0,27.0,35.0,33.0,2,1,1,2,12.0,20,120.0,62370.0,27.2,0.51975
12011093001,0,3,60.0,50.0,40.0,120000.0,10,35.0,33.0,27.0,13.6,31185.0,6.0,27.0,33.0,35.0,2,1,1,2,12.0,20,120.0,62370.0,27.2,0.51975
12011093001,0,4,60.0,50.0,40.0,120000.0,10,35.0,33.0,27.0,13.6,31185.0,6.0,33.0,27.0,35.0,1,1,1,1,6.0,10,60.0,31185.0,13.6,0.259875
12011093001,0,5,60.0,50.0,40.0,120000.0,10,35.0,33.0,27.0,13.6,31185.0,6.0,33.0,35.0,27.0,1,1,1,1,6.0,10,60.0,31185.0,13.6,0.259875
14620114001,0,0,60.0,50.0,40.0,120000.0,10,33.0,25.0,28.0,14.98,23100.0,12.0,33.0,25.0,28.0,1,2,1,2,24.0,20,240.0,46200.0,29.96,0.385
14620114001,0,1,60.0,50.0,40.0,120000.0,10,33.0,25.0,28.0,14.98,23100.0,12.0,33.0,28.0,25.0,1,1,1,1,12.0,10,120.0,23100.0,14.98,0.1925
14620114001,0,2,60.0,50.0,40.0,120000.0,10,33.0,25.0,28.0,14.98,23100.0,12.0,28.0,33.0,25.0,2,1,1,2,24.0,20,240.0,46200.0,29.96,0.385
14620114001,0,3,60.0,50.0,40.0,120000.0,10,33.0,25.0,28.0,14.98,23100.0,12.0,28.0,25.0,33.0,2,2,1,4,48.0,40,480.0,92400.0,59.92,0.77
14620114001,0,4,60.0,50.0,40.0,120000.0,10,33.0,25.0,28.0,14.98,23100.0,12.0,25.0,28.0,33.0,2,1,1,2,24.0,20,240.0,46200.0,29.96,0.385
14620114001,0,5,60.0,50.0,40.0,120000.0,10,33.0,25.0,28.0,14.98,23100.0,12.0,25.0,33.0,28.0,2,1,1,2,24.0,20,240.0,46200.0,29.96,0.385
14710017001,0,0,60.0,50.0,40.0,120000.0,10,47.0,34.0,17.0,1.6,27166.0,12.0,47.0,34.0,17.0,1,1,2,2,24.0,20,240.0,54332.0,3.2,0.45276666666666665
14710017001,0,1,60.0,50.0,40.0,120000.0,10,47.0,34.0,17.0,1.6,27166.0,12.0,47.0,17.0,34.0,1,2,1,2,24.0,20,240.0,54332.0,3.2,0.45276666666666665
14710017001,0,2,60.0,50.0,40.0,120000.0,10,47.0,34.0,17.0,1.6,27166.0,12.0,17.0,47.0,34.0,3,1,1,3,36.0,30,360.0,81498.0,4.800000000000001,0.67915
14710017001,0,5,60.0,50.0,40.0,120000.0,10,47.0,34.0,17.0,1.6,27166.0,12.0,34.0,47.0,17.0,1,1,2,2,24.0,20,240.0,54332.0,3.2,0.45276666666666665
11072004001,0,0,60.0,50.0,40.0,120000.0,10,32.0,30.0,16.0,2.99,15360.0,12.0,32.0,30.0,16.0,1,1,2,2,24.0,20,240.0,30720.0,5.98,0.256
11072004001,0,1,60.0,50.0,40.0,120000.0,10,32.0,30.0,16.0,2.99,15360.0,12.0,32.0,16.0,30.0,1,3,1,3,36.0,30,360.0,46080.0,8.97,0.384
11072004001,0,2,60.0,50.0,40.0,120000.0,10,32.0,30.0,16.0,2.99,15360.0,12.0,16.0,32.0,30.0,3,1,1,3,36.0,30,360.0,46080.0,8.97,0.384
11072004001,0,3,60.0,50.0,40.0,120000.0,10,32.0,30.0,16.0,2.99,15360.0,12.0,16.0,30.0,32.0,3,1,1,3,36.0,30,360.0,46080.0,8.97,0.384
11072004001,0,4,60.0,50.0,40.0,120000.0,10,32.0,30.0,16.0,2.99,15360.0,12.0,30.0,16.0,32.0,2,3,1,6,72.0,60,720.0,92160.0,17.94,0.768
11072004001,0,5,60.0,50.0,40.0,120000.0,10,32.0,30.0,16.0,2.99,15360.0,12.0,30.0,32.0,16.0,2,1,2,4,48.0,40,480.0,61440.0,11.96,0.512
10020006001,0,0,60.0,50.0,40.0,120000.0,10,40.0,27.0,10.0,7.06,10800.0,24.0,40.0,27.0,10.0,1,1,4,4,96.0,40,960.0,43200.0,28.24,0.36
10020006001,0,1,60.0,50.0,40.0,120000.0,10,40.0,27.0,10.0,7.06,10800.0,24.0,40.0,10.0,27.0,1,5,1,5,120.0,50,1200.0,54000.0,35.3,0.45
10020006001,0,2,60.0,50.0,40.0,120000.0,10,40.0,27.0,10.0,7.06,10800.0,24.0,10.0,40.0,27.0,6,1,1,6,144.0,60,1440.0,64800.0,42.36,0.54
10020006001,0,3,60.0,50.0,40.0,120000.0,10,40.0,27.0,10.0,7.06,10800.0,24.0,10.0,27.0,40.0,6,1,1,6,144.0,60,1440.0,64800.0,42.36,0.54
10020006001,0,4,60.0,50.0,40.0,120000.0,10,40.0,27.0,10.0,7.06,10800.0,24.0,27.0,10.0,40.0,2,5,1,10,240.0,100,2400.0,108000.0,70.6,0.9
10020006001,0,5,60.0,50.0,40.0,120000.0,10,40.0,27.0,10.0,7.06,10800.0,24.0,27.0,40.0,10.0,2,1,4,8,192.0,80,1920.0,86400.0,56.48,0.72
14600011001,0,0,60.0,50.0,40.0,120000.0,10,37.0,19.0,20.0,8.59,14060.0,24.0,37.0,19.0,20.0,1,2,2,4,96.0,40,960.0,56240.0,34.36,0.4686666666666667
14600011001,0,1,60.0,50.0,40.0,120000.0,10,37.0,19.0,20.0,8.59,14060.0,24.0,37.0,20.0,19.0,1,2,2,4,96.0,40,960.0,56240.0,34.36,0.4686666666666667
14600011001,0,2,60.0,50.0,40.0,120000.0,10,37.0,19.0,20.0,8.59,14060.0,24.0,20.0,37.0,19.0,3,1,2,6,144.0,60,1440.0,84360.0,51.54,0.703
14600011001,0,3,60.0,50.0,40.0,120000.0,10,37.0,19.0,20.0,8.59,14060.0,24.0,20.0,19.0,37.0,3,2,1,6,144.0,60,1440.0,84360.0,51.54,0.703
14600011001,0,4,60.0,50.0,40.0,120000.0,10,37.0,19.0,20.0,8.59,14060.0,24.0,19.0,20.0,37.0,3,2,1,6,144.0,60,1440.0,84360.0,51.54,0.703
14600011001,0,5,60.0,50.0,40.0,120000.0,10,37.0,19.0,20.0,8.59,14060.0,24.0,19.0,37.0,20.0,3,1,2,6,144.0,60,1440.0,84360.0,51.54,0.703
14616006001,0,0,60.0,50.0,40.0,120000.0,10,31.0,24.0,26.0,11.64,19344.0,12.0,31.0,24.0,26.0,1,2,1,2,24.0,20,240.0,38688.0,23.28,0.3224
14616006001,0,1,60.0,50.0,40.0,120000.0,10,31.0,24.0,26.0,11.64,19344.0,12.0,31.0,26.0,24.0,1,1,1,1,12.0,10,120.0,19344.0,11.64,0.1612
14616006001,0,2,60.0,50.0,40.0,120000.0,10,31.0,24.0,26.0,11.64,19344.0,12.0,26.0,31.0,24.0,2,1,1,2,24.0,20,240.0,38688.0,23.28,0.3224
14616006001,0,3,60.0,50.0,40.0,120000.0,10,31.0,24.0,26.0,11.64,19344.0,12.0,26.0,24.0,31.0,2,2,1,4,48.0,40,480.0,77376.0,46.56,0.6448
14616006001,0,4,60.0,50.0,40.0,120000.0,10,31.0,24.0,26.0,11.64,19344.0,12.0,24.0,26.0,31.0,2,1,1,2,24.0,20,240.0,38688.0,23.28,0.3224
14616006001,0,5,60.0,50.0,40.0,120000.0,10,31.0,24.0,26.0,11.64,19344.0,12.0,24.0,31.0,26.0,2,1,1,2,24.0,20,240.0,38688.0,23.28,0.3224
14520065001,0,0,60.0,50.0,40.0,120000.0,10,35.0,29.0,34.0,6.2,34510.0,96.0,35.0,29.0,34.0,1,1,1,1,96.0,10,960.0,34510.0,6.2,0.28758333333333336
14520065001,0,1,60.0,50.0,40.0,120000.0,10,35.0,29.0,34.0,6.2,34510.0,96.0,35.0,34.0,29.0,1,1,1,1,96.0,10,960.0,34510.0,6.2,0.28758333333333336
14520065001,0,2,60.0,50.0,40.0,120000.0,10,35.0,29.0,34.0,6.2,34510.0,96.0,34.0,35.0,29.0,1,1,1,1,96.0,10,960.0,34510.0,6.2,0.28758333333333336
14520065001,0,3,60.0,50.0,40.0,120000.0,10,35.0,29.0,34.0,6.2,34510.0,96.0,34.0,29.0,35.0,1,1,1,1,96.0,10,960.0,34510.0,6.2,0.28758333333333336
14520065001,0,4,60.0,50.0,40.0,120000.0,10,35.0,29.0,34.0,6.2,34510.0,96.0,29.0,34.0,35.0,2,1,1,2,192.0,20,1920.0,69020.0,12.4,0.5751666666666667
14520065001,0,5,60.0,50.0,40.0,120000.0,10,35.0,29.0,34.0,6.2,34510.0,96.0,29.0,35.0,34.0,2,1,1,2,192.0,20,1920.0,69020.0,12.4,0.5751666666666667
14511052001,0,0,60.0,50.0,40.0,120000.0,10,35.0,24.0,5.0,1.0,4200.0,1.0,35.0,24.0,5.0,1,2,8,16,16.0,160,160.0,67200.0,16.0,0.56
14511052001,0,1,60.0,50.0,40.0,120000.0,10,35.0,24.0,5.0,1.0,4200.0,1.0,35.0,5.0,24.0,1,10,1,10,10.0,100,100.0,42000.0,10.0,0.35
14511052001,0,2,60.0,50.0,40.0,120000.0,10,35.0,24.0,5.0,1.0,4200.0,1.0,5.0,35.0,24.0,12,1,1,12,12.0,120,120.0,50400.0,12.0,0.42
14511052001,0,3,60.0,50.0,40.0,120000.0,10,35.0,24.0,5.0,1.0,4200.0,1.0,5.0,24.0,35.0,12,2,1,24,24.0,240,240.0,100800.0,24.0,0.84
14511052001,0,4,60.0,50.0,40.0,120000.0,10,35.0,24.0,5.0,1.0,4200.0,1.0,24.0,5.0,35.0,2,10,1,20,20.0,200,200.0,84000.0,20.0,0.7
14511052001,0,5,60.0,50.0,40.0,120000.0,10,35.0,24.0,5.0,1.0,4200.0,1.0,24.0,35.0,5.0,2,1,8,16,16.0,160,160.0,67200.0,16.0,0.56
14350009001,0,0,60.0,50.0,40.0,120000.0,10,58.0,40.0,30.0,9.07,69600.0,18.0,58.0,40.0,30.0,1,1,1,1,18.0,10,180.0,69600.0,9.07,0.58
14350009001,0,1,60.0,50.0,40.0,120000.0,10,58.0,40.0,30.0,9.07,69600.0,18.0,58.0,30.0,40.0,1,1,1,1,18.0,10,180.0,69600.0,9.07,0.58
15023012001,0,0,60.0,50.0,40.0,120000.0,10,34.0,20.0,11.0,6.75,7480.0,24.0,34.0,20.0,11.0,1,2,3,6,144.0,60,1440.0,44880.0,40.5,0.374
15023012001,0,1,60.0,50.0,40.0,120000.0,10,34.0,20.0,11.0,6.75,7480.0,24.0,34.0,11.0,20.0,1,4,2,8,192.0,80,1920.0,59840.0,54.0,0.49866666666666665
15023012001,0,2,60.0,50.0,40.0,120000.0,10,34.0,20.0,11.0,6.75,7480.0,24.0,11.0,34.0,20.0,5,1,2,10,240.0,100,2400.0,74800.0,67.5,0.6233333333333333
15023012001,0,3,60.0,50.0,40.0,120000.0,10,34.0,20.0,11.0,6.75,7480.0,24.0,11.0,20.0,34.0,5,2,1,10,240.0,100,2400.0,74800.0,67.5,0.6233333333333333
15023012001,0,4,60.0,50.0,40.0,120000.0,10,34.0,20.0,11.0,6.75,7480.0,24.0,20.0,11.0,34.0,3,4,1,12,288.0,120,2880.0,89760.0,81.0,0.748
15023012001,0,5,60.0,50.0,40.0,120000.0,10,34.0,20.0,11.0,6.75,7480.0,24.0,20.0,34.0,11.0,3,1,3,9,216.0,90,2160.0,67320.0,60.75,0.561
10041002001,0,0,60.0,50.0,40.0,120000.0,10,42.0,28.0,19.0,13.68,22344.0,24.0,42.0,28.0,19.0,1,1,2,2,48.0,20,480.0,44688.0,27.36,0.3724
10041002001,0,1,60.0,50.0,40.0,120000.0,10,42.0,28.0,19.0,13.68,22344.0,24.0,42.0,19.0,28.0,1,2,1,2,48.0,20,480.0,44688.0,27.36,0.3724
10041002001,0,2,60.0,50.0,40.0,120000.0,10,42.0,28.0,19.0,13.68,22344.0,24.0,19.0,42.0,28.0,3,1,1,3,72.0,30,720.0,67032.0,41.04,0.5586
10041002001,0,5,60.0,50.0,40.0,120000.0,10,42.0,28.0,19.0,13.68,22344.0,24.0,28.0,42.0,19.0,2,1,2,4,96.0,40,960.0,89376.0,54.72,0.7448
12326002001,0,0,60.0,50.0,40.0,120000.0,10,38.0,29.0,24.0,0.74,26448.0,6.0,38.0,29.0,24.0,1,1,1,1,6.0,10,60.0,26448.0,0.74,0.2204
12326002001,0,1,60.0,50.0,40.0,120000.0,10,38.0,29.0,24.0,0.74,26448.0,6.0,38.0,24.0,29.0,1,2,1,2,12.0,20,120.0,52896.0,1.48,0.4408
12326002001,0,2,60.0,50.0,40.0,120000.0,10,38.0,29.0,24.0,0.74,26448.0,6.0,24.0,38.0,29.0,2,1,1,2,12.0,20,120.0,52896.0,1.48,0.4408
12326002001,0,3,60.0,50.0,40.0,120000.0,10,38.0,29.0,24.0,0.74,26448.0,6.0,24.0,29.0,38.0,2,1,1,2,12.0,20,120.0,52896.0,1.48,0.4408
12326002001,0,4,60.0,50.0,40.0,120000.0,10,38.0,29.0,24.0,0.74,26448.0,6.0,29.0,24.0,38.0,2,2,1,4,24.0,40,240.0,105792.0,2.96,0.8816
12326002001,0,5,60.0,50.0,40.0,120000.0,10,38.0,29.0,24.0,0.74,26448.0,6.0,29.0,38.0,24.0,2,1,1,2,12.0,20,120.0,52896.0,1.48,0.4408
31504001001,0,0,60.0,50.0,40.0,120000.0,10,58.0,31.0,28.0,25.0,50344.0,10.0,58.0,31.0,28.0,1,1,1,1,10.0,10,100.0,50344.0,25.0,0.4195333333333333
31504001001,0,1,60.0,50.0,40.0,120000.0,10,58.0,31.0,28.0,25.0,50344.0,10.0,58.0,28.0,31.0,1,1,1,1,10.0,10,100.0,50344.0,25.0,0.4195333333333333
12020070001,0,0,60.0,50.0,40.0,120000.0,10,19.0,16.0,17.0,2.448,5168.0,12.0,19.0,16.0,17.0,3,3,2,18,216.0,180,2160.0,93024.0,44.064,0.7752
12020070001,0,1,60.0,50.0,40.0,120000.0,10,19.0,16.0,17.0,2.448,5168.0,12.0,19.0,17.0,16.0,3,2,2,12,144.0,120,1440.0,62016.0,29.375999999999998,0.5168
12020070001,0,2,60.0,50.0,40.0,120000.0,10,19.0,16.0,17.0,2.448,5168.0,12.0,17.0,19.0,16.0,3,2,2,12,144.0,120,1440.0,62016.0,29.375999999999998,0.5168
12020070001,0,3,60.0,50.0,40.0,120000.0,10,19.0,16.0,17.0,2.448,5168.0,12.0,17.0,16.0,19.0,3,3,2,18,216.0,180,2160.0,93024.0,44.064,0.7752
12020070001,0,4,60.0,50.0,40.0,120000.0,10,19.0,16.0,17.0,2.448,5168.0,12.0,16.0,17.0,19.0,3,2,2,12,144.0,120,1440.0,62016.0,29.375999999999998,0.5168
12020070001,0,5,60.0,50.0,40.0,120000.0,10,19.0,16.0,17.0,2.448,5168.0,12.0,16.0,19.0,17.0,3,2,2,12,144.0,120,1440.0,62016.0,29.375999999999998,0.5168
12123057001,0,1,60.0,50.0,40.0,120000.0,10,43.0,36.0,49.0,5.79,75852.0,18.0,43.0,49.0,36.0,1,1,1,1,18.0,10,180.0,75852.0,5.79,0.6321
12123057001,0,2,60.0,50.0,40.0,120000.0,10,43.0,36.0,49.0,5.79,75852.0,18.0,49.0,43.0,36.0,1,1,1,1,18.0,10,180.0,75852.0,5.79,0.6321
14501940001,0,0,60.0,50.0,40.0,120000.0,10,44.0,29.0,8.0,0.8,10208.0,1.0,44.0,29.0,8.0,1,1,5,5,5.0,50,50.0,51040.0,4.0,0.42533333333333334
14501940001,0,1,60.0,50.0,40.0,120000.0,10,44.0,29.0,8.0,0.8,10208.0,1.0,44.0,8.0,29.0,1,6,1,6,6.0,60,60.0,61248.0,4.800000000000001,0.5104
14501940001,0,2,60.0,50.0,40.0,120000.0,10,44.0,29.0,8.0,0.8,10208.0,1.0,8.0,44.0,29.0,7,1,1,7,7.0,70,70.0,71456.0,5.6000000000000005,0.5954666666666667
14501940001,0,5,60.0,50.0,40.0,120000.0,10,44.0,29.0,8.0,0.8,10208.0,1.0,29.0,44.0,8.0,2,1,5,10,10.0,100,100.0,102080.0,8.0,0.8506666666666667
14204010001,0,0,60.0,50.0,40.0,120000.0,10,31.0,23.0,21.0,1.62,14973.0,30.0,31.0,23.0,21.0,1,2,1,2,60.0,20,600.0,29946.0,3.24,0.24955
14204010001,0,1,60.0,50.0,40.0,120000.0,10,31.0,23.0,21.0,1.62,14973.0,30.0,31.0,21.0,23.0,1,2,1,2,60.0,20,600.0,29946.0,3.24,0.24955
14204010001,0,2,60.0,50.0,40.0,120000.0,10,31.0,23.0,21.0,1.62,14973.0,30.0,21.0,31.0,23.0,2,1,1,2,60.0,20,600.0,29946.0,3.24,0.24955
14204010001,0,3,60.0,50.0,40.0,120000.0,10,31.0,23.0,21.0,1.62,14973.0,30.0,21.0,23.0,31.0,2,2,1,4,120.0,40,1200.0,59892.0,6.48,0.4991
14204010001,0,4,60.0,50.0,40.0,120000.0,10,31.0,23.0,21.0,1.62,14973.0,30.0,23.0,21.0,31.0,2,2,1,4,120.0,40,1200.0,59892.0,6.48,0.4991
14204010001,0,5,60.0,50.0,40.0,120000.0,10,31.0,23.0,21.0,1.62,14973.0,30.0,23.0,31.0,21.0,2,1,1,2,60.0,20,600.0,29946.0,3.24,0.24955
14361162001,0,0,60.0,50.0,40.0,120000.0,10,43.0,30.0,26.0,4.28,33540.0,12.0,43.0,30.0,26.0,1,1,1,1,12.0,10,120.0,33540.0,4.28,0.2795
14361162001,0,1,60.0,50.0,40.0,120000.0,10,43.0,30.0,26.0,4.28,33540.0,12.0,43.0,26.0,30.0,1,1,1,1,12.0,10,120.0,33540.0,4.28,0.2795
14361162001,0,2,60.0,50.0,40.0,120000.0,10,43.0,30.0,26.0,4.28,33540.0,12.0,26.0,43.0,30.0,2,1,1,2,24.0,20,240.0,67080.0,8.56,0.559
14361162001,0,5,60.0,50.0,40.0,120000.0,10,43.0,30.0,26.0,4.28,33540.0,12.0,30.0,43.0,26.0,2,1,1,2,24.0,20,240.0,67080.0,8.56,0.559
12201083001,0,0,60.0,50.0,40.0,120000.0,10,20.0,10.0,8.0,0.2,1600.0,1.0,20.0,10.0,8.0,3,5,5,75,75.0,750,750.0,120000.0,15.0,1.0
12201083001,0,1,60.0,50.0,40.0,120000.0,10,20.0,10.0,8.0,0.2,1600.0,1.0,20.0,8.0,10.0,3,6,4,72,72.0,720,720.0,115200.0,14.4,0.96
12201083001,0,2,60.0,50.0,40.0,120000.0,10,20.0,10.0,8.0,0.2,1600.0,1.0,8.0,20.0,10.0,7,2,4,56,56.0,560,560.0,89600.0,11.200000000000001,0.7466666666666667
12201083001,0,3,60.0,50.0,40.0,120000.0,10,20.0,10.0,8.0,0.2,1600.0,1.0,8.0,10.0,20.0,7,5,2,70,70.0,700,700.0,112000.0,14.0,0.9333333333333333
12201083001,0,4,60.0,50.0,40.0,120000.0,10,20.0,10.0,8.0,0.2,1600.0,1.0,10.0,8.0,20.0,6,6,2,72,72.0,720,720.0,115200.0,14.4,0.96
12201083001,0,5,60.0,50.0,40.0,120000.0,10,20.0,10.0,8.0,0.2,1600.0,1.0,10.0,20.0,8.0,6,2,5,60,60.0,600,600.0,96000.0,12.0,0.8
14022002001,0,0,60.0,50.0,40.0,120000.0,10,51.0,29.0,26.0,1.75,38454.0,12.0,51.0,29.0,26.0,1,1,1,1,12.0,10,120.0,38454.0,1.75,0.32045
14022002001,0,1,60.0,50.0,40.0,120000.0,10,51.0,29.0,26.0,1.75,38454.0,12.0,51.0,26.0,29.0,1,1,1,1,12.0,10,120.0,38454.0,1.75,0.32045
35302038001,0,0,60.0,50.0,40.0,120000.0,10,33.0,24.0,25.0,11.6,19800.0,12.0,33.0,24.0,25.0,1,2,1,2,24.0,20,240.0,39600.0,23.2,0.33
35302038001,0,1,60.0,50.0,40.0,120000.0,10,33.0,24.0,25.0,11.6,19800.0,12.0,33.0,25.0,24.0,1,2,1,2,24.0,20,240.0,39600.0,23.2,0.33
35302038001,0,2,60.0,50.0,40.0,120000.0,10,33.0,24.0,25.0,11.6,19800.0,12.0,25.0,33.0,24.0,2,1,1,2,24.0,20,240.0,39600.0,23.2,0.33
35302038001,0,3,60.0,50.0,40.0,120000.0,10,33.0,24.0,25.0,11.6,19800.0,12.0,25.0,24.0,33.0,2,2,1,4,48.0,40,480.0,79200.0,46.4,0.66
35302038001,0,4,60.0,50.0,40.0,120000.0,10,33.0,24.0,25.0,11.6,19800.0,12.0,24.0,25.0,33.0,2,2,1,4,48.0,40,480.0,79200.0,46.4,0.66
35302038001,0,5,60.0,50.0,40.0,120000.0,10,33.0,24.0,25.0,11.6,19800.0,12.0,24.0,33.0,25.0,2,1,1,2,24.0,20,240.0,39600.0,23.2,0.33
14222142001,0,0,60.0,50.0,40.0,120000.0,10,42.0,28.0,22.0,8.53,25872.0,10.0,42.0,28.0,22.0,1,1,1,1,10.0,10,100.0,25872.0,8.53,0.2156
14222142001,0,1,60.0,50.0,40.0,120000.0,10,42.0,28.0,22.0,8.53,25872.0,10.0,42.0,22.0,28.0,1,2,1,2,20.0,20,200.0,51744.0,17.06,0.4312
14222142001,0,2,60.0,50.0,40.0,120000.0,10,42.0,28.0,22.0,8.53,25872.0,10.0,22.0,42.0,28.0,2,1,1,2,20.0,20,200.0,51744.0,17.06,0.4312
14222142001,0,5,60.0,50.0,40.0,120000.0,10,42.0,28.0,22.0,8.53,25872.0,10.0,28.0,42.0,22.0,2,1,1,2,20.0,20,200.0,51744.0,17.06,0.4312
14361101001,0,0,60.0,50.0,40.0,120000.0,10,48.0,34.0,27.0,4.42,44064.0,12.0,48.0,34.0,27.0,1,1,1,1,12.0,10,120.0,44064.0,4.42,0.3672
14361101001,0,1,60.0,50.0,40.0,120000.0,10,48.0,34.0,27.0,4.42,44064.0,12.0,48.0,27.0,34.0,1,1,1,1,12.0,10,120.0,44064.0,4.42,0.3672
14361101001,0,2,60.0,50.0,40.0,120000.0,10,48.0,34.0,27.0,4.42,44064.0,12.0,27.0,48.0,34.0,2,1,1,2,24.0,20,240.0,88128.0,8.84,0.7344
14361101001,0,5,60.0,50.0,40.0,120000.0,10,48.0,34.0,27.0,4.42,44064.0,12.0,34.0,48.0,27.0,1,1,1,1,12.0,10,120.0,44064.0,4.42,0.3672
12210024001,0,0,60.0,50.0,40.0,120000.0,10,21.0,10.0,8.0,0.2,1680.0,1.0,21.0,10.0,8.0,2,5,5,50,50.0,500,500.0,84000.0,10.0,0.7
12210024001,0,1,60.0,50.0,40.0,120000.0,10,21.0,10.0,8.0,0.2,1680.0,1.0,21.0,8.0,10.0,2,6,4,48,48.0,480,480.0,80640.0,9.600000000000001,0.672
12210024001,0,2,60.0,50.0,40.0,120000.0,10,21.0,10.0,8.0,0.2,1680.0,1.0,8.0,21.0,10.0,7,2,4,56,56.0,560,560.0,94080.0,11.200000000000001,0.784
12210024001,0,3,60.0,50.0,40.0,120000.0,10,21.0,10.0,8.0,0.2,1680.0,1.0,8.0,10.0,21.0,7,5,1,35,35.0,350,350.0,58800.0,7.0,0.49
12210024001,0,4,60.0,50.0,40.0,120000.0,10,21.0,10.0,8.0,0.2,1680.0,1.0,10.0,8.0,21.0,6,6,1,36,36.0,360,360.0,60480.0,7.2,0.504
12210024001,0,5,60.0,50.0,40.0,120000.0,10,21.0,10.0,8.0,0.2,1680.0,1.0,10.0,21.0,8.0,6,2,5,60,60.0,600,600.0,100800.0,12.0,0.84
12005084001,0,0,60.0,50.0,40.0,120000.0,10,15.0,9.0,16.0,0.3,2160.0,3.0,15.0,9.0,16.0,4,5,2,40,120.0,400,1200.0,86400.0,12.0,0.72
12005084001,0,1,60.0,50.0,40.0,120000.0,10,15.0,9.0,16.0,0.3,2160.0,3.0,15.0,16.0,9.0,4,3,4,48,144.0,480,1440.0,103680.0,14.399999999999999,0.864
12005084001,0,2,60.0,50.0,40.0,120000.0,10,15.0,9.0,16.0,0.3,2160.0,3.0,16.0,15.0,9.0,3,3,4,36,108.0,360,1080.0,77760.0,10.799999999999999,0.648
12005084001,0,3,60.0,50.0,40.0,120000.0,10,15.0,9.0,16.0,0.3,2160.0,3.0,16.0,9.0,15.0,3,5,2,30,90.0,300,900.0,64800.0,9.0,0.54
12005084001,0,4,60.0,50.0,40.0,120000.0,10,15.0,9.0,16.0,0.3,2160.0,3.0,9.0,16.0,15.0,6,3,2,36,108.0,360,1080.0,77760.0,10.799999999999999,0.648
12005084001,0,5,60.0,50.0,40.0,120000.0,10,15.0,9.0,16.0,0.3,2160.0,3.0,9.0,15.0,16.0,6,3,2,36,108.0,360,1080.0,77760.0,10.799999999999999,0.648
15022020001,0,0,60.0,50.0,40.0,120000.0,10,36.0,24.0,14.0,8.32,12096.0,24.0,36.0,24.0,14.0,1,2,2,4,96.0,40,960.0,48384.0,33.28,0.4032
15022020001,0,1,60.0,50.0,40.0,120000.0,10,36.0,24.0,14.0,8.32,12096.0,24.0,36.0,14.0,24.0,1,3,1,3,72.0,30,720.0,36288.0,24.96,0.3024
15022020001,0,2,60.0,50.0,40.0,120000.0,10,36.0,24.0,14.0,8.32,12096.0,24.0,14.0,36.0,24.0,4,1,1,4,96.0,40,960.0,48384.0,33.28,0.4032
15022020001,0,3,60.0,50.0,40.0,120000.0,10,36.0,24.0,14.0,8.32,12096.0,24.0,14.0,24.0,36.0,4,2,1,8,192.0,80,1920.0,96768.0,66.56,0.8064
15022020001,0,4,60.0,50.0,40.0,120000.0,10,36.0,24.0,14.0,8.32,12096.0,24.0,24.0,14.0,36.0,2,3,1,6,144.0,60,1440.0,72576.0,49.92,0.6048
15022020001,0,5,60.0,50.0,40.0,120000.0,10,36.0,24.0,14.0,8.32,12096.0,24.0,24.0,36.0,14.0,2,1,2,4,96.0,40,960.0,48384.0,33.28,0.4032
12103127001,0,0,60.0,50.0,40.0,120000.0,10,39.0,25.0,31.0,1.81,30225.0,48.0,39.0,25.0,31.0,1,2,1,2,96.0,20,960.0,60450.0,3.62,0.50375
12103127001,0,1,60.0,50.0,40.0,120000.0,10,39.0,25.0,31.0,1.81,30225.0,48.0,39.0,31.0,25.0,1,1,1,1,48.0,10,480.0,30225.0,1.81,0.251875
12103127001,0,2,60.0,50.0,40.0,120000.0,10,39.0,25.0,31.0,1.81,30225.0,48.0,31.0,39.0,25.0,1,1,1,1,48.0,10,480.0,30225.0,1.81,0.251875
12103127001,0,3,60.0,50.0,40.0,120000.0,10,39.0,25.0,31.0,1.81,30225.0,48.0,31.0,25.0,39.0,1,2,1,2,96.0,20,960.0,60450.0,3.62,0.50375
12103127001,0,4,60.0,50.0,40.0,120000.0,10,39.0,25.0,31.0,1.81,30225.0,48.0,25.0,31.0,39.0,2,1,1,2,96.0,20,960.0,60450.0,3.62,0.50375
12103127001,0,5,60.0,50.0,40.0,120000.0,10,39.0,25.0,31.0,1.81,30225.0,48.0,25.0,39.0,31.0,2,1,1,2,96.0,20,960.0,60450.0,3.62,0.50375
12022162001,0,0,60.0,50.0,40.0,120000.0,10,17.0,12.0,21.0,1.3,4284.0,12.0,17.0,12.0,21.0,3,4,1,12,144.0,120,1440.0,51408.0,15.600000000000001,0.4284
12022162001,0,1,60.0,50.0,40.0,120000.0,10,17.0,12.0,21.0,1.3,4284.0,12.0,17.0,21.0,12.0,3,2,3,18,216.0,180,2160.0,77112.0,23.400000000000002,0.6426
12022162001,0,2,60.0,50.0,40.0,120000.0,10,17.0,12.0,21.0,1.3,4284.0,12.0,21.0,17.0,12.0,2,2,3,12,144.0,120,1440.0,51408.0,15.600000000000001,0.4284
12022162001,0,3,60.0,50.0,40.0,120000.0,10,17.0,12.0,21.0,1.3,4284.0,12.0,21.0,12.0,17.0,2,4,2,16,192.0,160,1920.0,68544.0,20.8,0.5712
12022162001,0,4,60.0,50.0,40.0,120000.0,10,17.0,12.0,21.0,1.3,4284.0,12.0,12.0,21.0,17.0,5,2,2,20,240.0,200,2400.0,85680.0,26.0,0.714
12022162001,0,5,60.0,50.0,40.0,120000.0,10,17.0,12.0,21.0,1.3,4284.0,12.0,12.0,17.0,21.0,5,2,1,10,120.0,100,1200.0,42840.0,13.0,0.357
31533084001,0,0,60.0,50.0,40.0,120000.0,10,20.0,18.0,17.0,0.23,6120.0,6.0,20.0,18.0,17.0,3,2,2,12,72.0,120,720.0,73440.0,2.7600000000000002,0.612
31533084001,0,1,60.0,50.0,40.0,120000.0,10,20.0,18.0,17.0,0.23,6120.0,6.0,20.0,17.0,18.0,3,2,2,12,72.0,120,720.0,73440.0,2.7600000000000002,0.612
31533084001,0,2,60.0,50.0,40.0,120000.0,10,20.0,18.0,17.0,0.23,6120.0,6.0,17.0,20.0,18.0,3,2,2,12,72.0,120,720.0,73440.0,2.7600000000000002,0.612
31533084001,0,3,60.0,50.0,40.0,120000.0,10,20.0,18.0,17.0,0.23,6120.0,6.0,17.0,18.0,20.0,3,2,2,12,72.0,120,720.0,73440.0,2.7600000000000002,0.612
31533084001,0,4,60.0,50.0,40.0,120000.0,10,20.0,18.0,17.0,0.23,6120.0,6.0,18.0,17.0,20.0,3,2,2,12,72.0,120,720.0,73440.0,2.7600000000000002,0.612
31533084001,0,5,60.0,50.0,40.0,120000.0,10,20.0,18.0,17.0,0.23,6120.0,6.0,18.0,20.0,17.0,3,2,2,12,72.0,120,720.0,73440.0,2.7600000000000002,0.612
14520068001,0,0,60.0,50.0,40.0,120000.0,10,35.0,29.0,34.0,6.68,34510.0,96.0,35.0,29.0,34.0,1,1,1,1,96.0,10,960.0,34510.0,6.68,0.28758333333333336
14520068001,0,1,60.0,50.0,40.0,120000.0,10,35.0,29.0,34.0,6.68,34510.0,96.0,35.0,34.0,29.0,1,1,1,1,96.0,10,960.0,34510.0,6.68,0.28758333333333336
14520068001,0,2,60.0,50.0,40.0,120000.0,10,35.0,29.0,34.0,6.68,34510.0,96.0,34.0,35.0,29.0,1,1,1,1,96.0,10,960.0,34510.0,6.68,0.28758333333333336
14520068001,0,3,60.0,50.0,40.0,120000.0,10,35.0,29.0,34.0,6.68,34510.0,96.0,34.0,29.0,35.0,1,1,1,1,96.0,10,960.0,34510.0,6.68,0.28758333333333336
14520068001,0,4,60.0,50.0,40.0,120000.0,10,35.0,29.0,34.0,6.68,34510.0,96.0,29.0,34.0,35.0,2,1,1,2,192.0,20,1920.0,69020.0,13.36,0.5751666666666667
14520068001,0,5,60.0,50.0,40.0,120000.0,10,35.0,29.0,34.0,6.68,34510.0,96.0,29.0,35.0,34.0,2,1,1,2,192.0,20,1920.0,69020.0,13.36,0.5751666666666667
14204059001,0,0,60.0,50.0,40.0,120000.0,10,41.0,30.0,19.0,2.89,23370.0,12.0,41.0,30.0,19.0,1,1,2,2,24.0,20,240.0,46740.0,5.78,0.3895
14204059001,0,1,60.0,50.0,40.0,120000.0,10,41.0,30.0,19.0,2.89,23370.0,12.0,41.0,19.0,30.0,1,2,1,2,24.0,20,240.0,46740.0,5.78,0.3895
14204059001,0,2,60.0,50.0,40.0,120000.0,10,41.0,30.0,19.0,2.89,23370.0,12.0,19.0,41.0,30.0,3,1,1,3,36.0,30,360.0,70110.0,8.67,0.58425
14204059001,0,5,60.0,50.0,40.0,120000.0,10,41.0,30.0,19.0,2.89,23370.0,12.0,30.0,41.0,19.0,2,1,2,4,48.0,40,480.0,93480.0,11.56,0.779
14010098001,0,0,60.0,50.0,40.0,120000.0,10,47.0,28.0,25.0,2.15,32900.0,12.0,47.0,28.0,25.0,1,1,1,1,12.0,10,120.0,32900.0,2.15,0.27416666666666667
14010098001,0,1,60.0,50.0,40.0,120000.0,10,47.0,28.0,25.0,2.15,32900.0,12.0,47.0,25.0,28.0,1,2,1,2,24.0,20,240.0,65800.0,4.3,0.5483333333333333
14010098001,0,2,60.0,50.0,40.0,120000.0,10,47.0,28.0,25.0,2.15,32900.0,12.0,25.0,47.0,28.0,2,1,1,2,24.0,20,240.0,65800.0,4.3,0.5483333333333333
14010098001,0,5,60.0,50.0,40.0,120000.0,10,47.0,28.0,25.0,2.15,32900.0,12.0,28.0,47.0,25.0,2,1,1,2,24.0,20,240.0,65800.0,4.3,0.5483333333333333
10303002001,0,0,60.0,50.0,40.0,120000.0,10,40.0,27.0,12.0,8.87,12960.0,24.0,40.0,27.0,12.0,1,1,3,3,72.0,30,720.0,38880.0,26.61,0.324
10303002001,0,1,60.0,50.0,40.0,120000.0,10,40.0,27.0,12.0,8.87,12960.0,24.0,40.0,12.0,27.0,1,4,1,4,96.0,40,960.0,51840.0,35.48,0.432
10303002001,0,2,60.0,50.0,40.0,120000.0,10,40.0,27.0,12.0,8.87,12960.0,24.0,12.0,40.0,27.0,5,1,1,5,120.0,50,1200.0,64800.0,44.349999999999994,0.54
10303002001,0,3,60.0,50.0,40.0,120000.0,10,40.0,27.0,12.0,8.87,12960.0,24.0,12.0,27.0,40.0,5,1,1,5,120.0,50,1200.0,64800.0,44.349999999999994,0.54
10303002001,0,4,60.0,50.0,40.0,120000.0,10,40.0,27.0,12.0,8.87,12960.0,24.0,27.0,12.0,40.0,2,4,1,8,192.0,80,1920.0,103680.0,70.96,0.864
10303002001,0,5,60.0,50.0,40.0,120000.0,10,40.0,27.0,12.0,8.87,12960.0,24.0,27.0,40.0,12.0,2,1,3,6,144.0,60,1440.0,77760.0,53.22,0.648
10034019001,0,0,60.0,50.0,40.0,120000.0,10,35.0,20.0,12.0,6.66,8400.0,24.0,35.0,20.0,12.0,1,2,3,6,144.0,60,1440.0,50400.0,39.96,0.42
10034019001,0,1,60.0,50.0,40.0,120000.0,10,35.0,20.0,12.0,6.66,8400.0,24.0,35.0,12.0,20.0,1,4,2,8,192.0,80,1920.0,67200.0,53.28,0.56
10034019001,0,2,60.0,50.0,40.0,120000.0,10,35.0,20.0,12.0,6.66,8400.0,24.0,12.0,35.0,20.0,5,1,2,10,240.0,100,2400.0,84000.0,66.6,0.7
10034019001,0,3,60.0,50.0,40.0,120000.0,10,35.0,20.0,12.0,6.66,8400.0,24.0,12.0,20.0,35.0,5,2,1,10,240.0,100,2400.0,84000.0,66.6,0.7
10034019001,0,4,60.0,50.0,40.0,120000.0,10,35.0,20.0,12.0,6.66,8400.0,24.0,20.0,12.0,35.0,3,4,1,12,288.0,120,2880.0,100800.0,79.92,0.84
10034019001,0,5,60.0,50.0,40.0,120000.0,10,35.0,20.0,12.0,6.66,8400.0,24.0,20.0,35.0,12.0,3,1,3,9,216.0,90,2160.0,75600.0,59.94,0.63
14222036001,0,0,60.0,50.0,40.0,120000.0,10,45.0,26.0,16.0,5.67,18720.0,30.0,45.0,26.0,16.0,1,1,2,2,60.0,20,600.0,37440.0,11.34,0.312
14222036001,0,1,60.0,50.0,40.0,120000.0,10,45.0,26.0,16.0,5.67,18720.0,30.0,45.0,16.0,26.0,1,3,1,3,90.0,30,900.0,56160.0,17.009999999999998,0.468
14222036001,0,2,60.0,50.0,40.0,120000.0,10,45.0,26.0,16.0,5.67,18720.0,30.0,16.0,45.0,26.0,3,1,1,3,90.0,30,900.0,56160.0,17.009999999999998,0.468
14222036001,0,5,60.0,50.0,40.0,120000.0,10,45.0,26.0,16.0,5.67,18720.0,30.0,26.0,45.0,16.0,2,1,2,4,120.0,40,1200.0,74880.0,22.68,0.624
10041085001,0,0,60.0,50.0,40.0,120000.0,10,43.0,29.0,23.0,14.09,28681.0,24.0,43.0,29.0,23.0,1,1,1,1,24.0,10,240.0,28681.0,14.09,0.23900833333333332
10041085001,0,1,60.0,50.0,40.0,120000.0,10,43.0,29.0,23.0,14.09,28681.0,24.0,43.0,23.0,29.0,1,2,1,2,48.0,20,480.0,57362.0,28.18,0.47801666666666665
10041085001,0,2,60.0,50.0,40.0,120000.0,10,43.0,29.0,23.0,14.09,28681.0,24.0,23.0,43.0,29.0,2,1,1,2,48.0,20,480.0,57362.0,28.18,0.47801666666666665
10041085001,0,5,60.0,50.0,40.0,120000.0,10,43.0,29.0,23.0,14.09,28681.0,24.0,29.0,43.0,23.0,2,1,1,2,48.0,20,480.0,57362.0,28.18,0.47801666666666665
14350005001,0,0,60.0,50.0,40.0,120000.0,10,57.0,40.0,31.0,8.69,70680.0,16.0,57.0,40.0,31.0,1,1,1,1,16.0,10,160.0,70680.0,8.69,0.589
14350005001,0,1,60.0,50.0,40.0,120000.0,10,57.0,40.0,31.0,8.69,70680.0,16.0,57.0,31.0,40.0,1,1,1,1,16.0,10,160.0,70680.0,8.69,0.589
12020224001,0,0,60.0,50.0,40.0,120000.0,10,26.0,17.0,18.0,2.3,7956.0,12.0,26.0,17.0,18.0,2,2,2,8,96.0,80,960.0,63648.0,18.4,0.5304
12020224001,0,1,60.0,50.0,40.0,120000.0,10,26.0,17.0,18.0,2.3,7956.0,12.0,26.0,18.0,17.0,2,2,2,8,96.0,80,960.0,63648.0,18.4,0.5304
12020224001,0,2,60.0,50.0,40.0,120000.0,10,26.0,17.0,18.0,2.3,7956.0,12.0,18.0,26.0,17.0,3,1,2,6,72.0,60,720.0,47736.0,13.799999999999999,0.3978
12020224001,0,3,60.0,50.0,40.0,120000.0,10,26.0,17.0,18.0,2.3,7956.0,12.0,18.0,17.0,26.0,3,2,1,6,72.0,60,720.0,47736.0,13.799999999999999,0.3978
12020224001,0,4,60.0,50.0,40.0,120000.0,10,26.0,17.0,18.0,2.3,7956.0,12.0,17.0,18.0,26.0,3,2,1,6,72.0,60,720.0,47736.0,13.799999999999999,0.3978
12020224001,0,5,60.0,50.0,40.0,120000.0,10,26.0,17.0,18.0,2.3,7956.0,12.0,17.0,26.0,18.0,3,1,2,6,72.0,60,720.0,47736.0,13.799999999999999,0.3978
14011051001,0,0,60.0,50.0,40.0,120000.0,10,36.0,36.0,25.0,1.51,32400.0,12.0,36.0,36.0,25.0,1,1,1,1,12.0,10,120.0,32400.0,1.51,0.27
14011051001,0,1,60.0,50.0,40.0,120000.0,10,36.0,36.0,25.0,1.51,32400.0,12.0,36.0,25.0,36.0,1,2,1,2,24.0,20,240.0,64800.0,3.02,0.54
14011051001,0,2,60.0,50.0,40.0,120000.0,10,36.0,36.0,25.0,1.51,32400.0,12.0,25.0,36.0,36.0,2,1,1,2,24.0,20,240.0,64800.0,3.02,0.54
14011051001,0,3,60.0,50.0,40.0,120000.0,10,36.0,36.0,25.0,1.51,32400.0,12.0,25.0,36.0,36.0,2,1,1,2,24.0,20,240.0,64800.0,3.02,0.54
14011051001,0,4,60.0,50.0,40.0,120000.0,10,36.0,36.0,25.0,1.51,32400.0,12.0,36.0,25.0,36.0,1,2,1,2,24.0,20,240.0,64800.0,3.02,0.54
14011051001,0,5,60.0,50.0,40.0,120000.0,10,36.0,36.0,25.0,1.51,32400.0,12.0,36.0,36.0,25.0,1,1,1,1,12.0,10,120.0,32400.0,1.51,0.27
14020006001,0,0,60.0,50.0,40.0,120000.0,10,59.0,36.0,21.0,2.55,44604.0,6.0,59.0,36.0,21.0,1,1,1,1,6.0,10,60.0,44604.0,2.55,0.3717
14020006001,0,1,60.0,50.0,40.0,120000.0,10,59.0,36.0,21.0,2.55,44604.0,6.0,59.0,21.0,36.0,1,2,1,2,12.0,20,120.0,89208.0,5.1,0.7434
12201051001,0,0,60.0,50.0,40.0,120000.0,10,20.0,10.0,8.0,0.2,1600.0,1.0,20.0,10.0,8.0,3,5,5,75,75.0,750,750.0,120000.0,15.0,1.0
12201051001,0,1,60.0,50.0,40.0,120000.0,10,20.0,10.0,8.0,0.2,1600.0,1.0,20.0,8.0,10.0,3,6,4,72,72.0,720,720.0,115200.0,14.4,0.96
12201051001,0,2,60.0,50.0,40.0,120000.0,10,20.0,10.0,8.0,0.2,1600.0,1.0,8.0,20.0,10.0,7,2,4,56,56.0,560,560.0,89600.0,11.200000000000001,0.7466666666666667
12201051001,0,3,60.0,50.0,40.0,120000.0,10,20.0,10.0,8.0,0.2,1600.0,1.0,8.0,10.0,20.0,7,5,2,70,70.0,700,700.0,112000.0,14.0,0.9333333333333333
12201051001,0,4,60.0,50.0,40.0,120000.0,10,20.0,10.0,8.0,0.2,1600.0,1.0,10.0,8.0,20.0,6,6,2,72,72.0,720,720.0,115200.0,14.4,0.96
12201051001,0,5,60.0,50.0,40.0,120000.0,10,20.0,10.0,8.0,0.2,1600.0,1.0,10.0,20.0,8.0,6,2,5,60,60.0,600,600.0,96000.0,12.0,0.8
12105036001,0,0,60.0,50.0,40.0,120000.0,10,36.0,18.0,20.0,6.71,12960.0,12.0,36.0,18.0,20.0,1,2,2,4,48.0,40,480.0,51840.0,26.84,0.432
12105036001,0,1,60.0,50.0,40.0,120000.0,10,36.0,18.0,20.0,6.71,12960.0,12.0,36.0,20.0,18.0,1,2,2,4,48.0,40,480.0,51840.0,26.84,0.432
12105036001,0,2,60.0,50.0,40.0,120000.0,10,36.0,18.0,20.0,6.71,12960.0,12.0,20.0,36.0,18.0,3,1,2,6,72.0,60,720.0,77760.0,40.26,0.648
12105036001,0,3,60.0,50.0,40.0,120000.0,10,36.0,18.0,20.0,6.71,12960.0,12.0,20.0,18.0,36.0,3,2,1,6,72.0,60,720.0,77760.0,40.26,0.648
12105036001,0,4,60.0,50.0,40.0,120000.0,10,36.0,18.0,20.0,6.71,12960.0,12.0,18.0,20.0,36.0,3,2,1,6,72.0,60,720.0,77760.0,40.26,0.648
12105036001,0,5,60.0,50.0,40.0,120000.0,10,36.0,18.0,20.0,6.71,12960.0,12.0,18.0,36.0,20.0,3,1,2,6,72.0,60,720.0,77760.0,40.26,0.648
14311189001,0,0,60.0,50.0,40.0,120000.0,10,50.0,28.0,18.0,4.45,25200.0,12.0,50.0,28.0,18.0,1,1,2,2,24.0,20,240.0,50400.0,8.9,0.42
14311189001,0,1,60.0,50.0,40.0,120000.0,10,50.0,28.0,18.0,4.45,25200.0,12.0,50.0,18.0,28.0,1,2,1,2,24.0,20,240.0,50400.0,8.9,0.42
14311189001,0,2,60.0,50.0,40.0,120000.0,10,50.0,28.0,18.0,4.45,25200.0,12.0,18.0,50.0,28.0,3,1,1,3,36.0,30,360.0,75600.0,13.350000000000001,0.63
14311189001,0,5,60.0,50.0,40.0,120000.0,10,50.0,28.0,18.0,4.45,25200.0,12.0,28.0,50.0,18.0,2,1,2,4,48.0,40,480.0,100800.0,17.8,0.84
35751001001,0,0,60.0,50.0,40.0,120000.0,10,43.0,24.0,26.0,11.458,26832.0,12.0,43.0,24.0,26.0,1,2,1,2,24.0,20,240.0,53664.0,22.916,0.4472
35751001001,0,1,60.0,50.0,40.0,120000.0,10,43.0,24.0,26.0,11.458,26832.0,12.0,43.0,26.0,24.0,1,1,1,1,12.0,10,120.0,26832.0,11.458,0.2236
35751001001,0,2,60.0,50.0,40.0,120000.0,10,43.0,24.0,26.0,11.458,26832.0,12.0,26.0,43.0,24.0,2,1,1,2,24.0,20,240.0,53664.0,22.916,0.4472
35751001001,0,5,60.0,50.0,40.0,120000.0,10,43.0,24.0,26.0,11.458,26832.0,12.0,24.0,43.0,26.0,2,1,1,2,24.0,20,240.0,53664.0,22.916,0.4472
14361128001,0,0,60.0,50.0,40.0,120000.0,10,44.0,29.0,25.0,6.49,31900.0,12.0,44.0,29.0,25.0,1,1,1,1,12.0,10,120.0,31900.0,6.49,0.2658333333333333
14361128001,0,1,60.0,50.0,40.0,120000.0,10,44.0,29.0,25.0,6.49,31900.0,12.0,44.0,25.0,29.0,1,2,1,2,24.0,20,240.0,63800.0,12.98,0.5316666666666666
14361128001,0,2,60.0,50.0,40.0,120000.0,10,44.0,29.0,25.0,6.49,31900.0,12.0,25.0,44.0,29.0,2,1,1,2,24.0,20,240.0,63800.0,12.98,0.5316666666666666
14361128001,0,5,60.0,50.0,40.0,120000.0,10,44.0,29.0,25.0,6.49,31900.0,12.0,29.0,44.0,25.0,2,1,1,2,24.0,20,240.0,63800.0,12.98,0.5316666666666666
10014032001,0,0,60.0,50.0,40.0,120000.0,10,35.0,20.0,13.0,7.88,9100.0,24.0,35.0,20.0,13.0,1,2,3,6,144.0,60,1440.0,54600.0,47.28,0.455
10014032001,0,1,60.0,50.0,40.0,120000.0,10,35.0,20.0,13.0,7.88,9100.0,24.0,35.0,13.0,20.0,1,3,2,6,144.0,60,1440.0,54600.0,47.28,0.455
10014032001,0,2,60.0,50.0,40.0,120000.0,10,35.0,20.0,13.0,7.88,9100.0,24.0,13.0,35.0,20.0,4,1,2,8,192.0,80,1920.0,72800.0,63.04,0.6066666666666667
10014032001,0,3,60.0,50.0,40.0,120000.0,10,35.0,20.0,13.0,7.88,9100.0,24.0,13.0,20.0,35.0,4,2,1,8,192.0,80,1920.0,72800.0,63.04,0.6066666666666667
10014032001,0,4,60.0,50.0,40.0,120000.0,10,35.0,20.0,13.0,7.88,9100.0,24.0,20.0,13.0,35.0,3,3,1,9,216.0,90,2160.0,81900.0,70.92,0.6825
10014032001,0,5,60.0,50.0,40.0,120000.0,10,35.0,20.0,13.0,7.88,9100.0,24.0,20.0,35.0,13.0,3,1,3,9,216.0,90,2160.0,81900.0,70.92,0.6825
14243131001,0,0,60.0,50.0,40.0,120000.0,10,54.0,24.0,17.0,7.69,22032.0,10.0,54.0,24.0,17.0,1,2,2,4,40.0,40,400.0,88128.0,30.76,0.7344
14243131001,0,1,60.0,50.0,40.0,120000.0,10,54.0,24.0,17.0,7.69,22032.0,10.0,54.0,17.0,24.0,1,2,1,2,20.0,20,200.0,44064.0,15.38,0.3672
14853069001,0,0,60.0,50.0,40.0,120000.0,10,51.0,29.0,14.0,8.5,20706.0,20.0,51.0,29.0,14.0,1,1,2,2,40.0,20,400.0,41412.0,17.0,0.3451
14853069001,0,1,60.0,50.0,40.0,120000.0,10,51.0,29.0,14.0,8.5,20706.0,20.0,51.0,14.0,29.0,1,3,1,3,60.0,30,600.0,62118.0,25.5,0.51765
11051057001,0,0,60.0,50.0,40.0,120000.0,10,33.0,25.0,15.0,6.64,12375.0,12.0,33.0,25.0,15.0,1,2,2,4,48.0,40,480.0,49500.0,26.56,0.4125
11051057001,0,1,60.0,50.0,40.0,120000.0,10,33.0,25.0,15.0,6.64,12375.0,12.0,33.0,15.0,25.0,1,3,1,3,36.0,30,360.0,37125.0,19.919999999999998,0.309375
11051057001,0,2,60.0,50.0,40.0,120000.0,10,33.0,25.0,15.0,6.64,12375.0,12.0,15.0,33.0,25.0,4,1,1,4,48.0,40,480.0,49500.0,26.56,0.4125
11051057001,0,3,60.0,50.0,40.0,120000.0,10,33.0,25.0,15.0,6.64,12375.0,12.0,15.0,25.0,33.0,4,2,1,8,96.0,80,960.0,99000.0,53.12,0.825
11051057001,0,4,60.0,50.0,40.0,120000.0,10,33.0,25.0,15.0,6.64,12375.0,12.0,25.0,15.0,33.0,2,3,1,6,72.0,60,720.0,74250.0,39.839999999999996,0.61875
11051057001,0,5,60.0,50.0,40.0,120000.0,10,33.0,25.0,15.0,6.64,12375.0,12.0,25.0,33.0,15.0,2,1,2,4,48.0,40,480.0,49500.0,26.56,0.4125
14102250001,0,0,60.0,50.0,40.0,120000.0,10,51.0,21.0,34.0,4.54,36414.0,10.0,51.0,21.0,34.0,1,2,1,2,20.0,20,200.0,72828.0,9.08,0.6069
14102250001,0,1,60.0,50.0,40.0,120000.0,10,51.0,21.0,34.0,4.54,36414.0,10.0,51.0,34.0,21.0,1,1,1,1,10.0,10,100.0,36414.0,4.54,0.30345
10035003001,0,0,60.0,50.0,40.0,120000.0,10,36.0,27.0,32.0,19.62,31104.0,12.0,36.0,27.0,32.0,1,1,1,1,12.0,10,120.0,31104.0,19.62,0.2592
10035003001,0,1,60.0,50.0,40.0,120000.0,10,36.0,27.0,32.0,19.62,31104.0,12.0,36.0,32.0,27.0,1,1,1,1,12.0,10,120.0,31104.0,19.62,0.2592
10035003001,0,2,60.0,50.0,40.0,120000.0,10,36.0,27.0,32.0,19.62,31104.0,12.0,32.0,36.0,27.0,1,1,1,1,12.0,10,120.0,31104.0,19.62,0.2592
10035003001,0,3,60.0,50.0,40.0,120000.0,10,36.0,27.0,32.0,19.62,31104.0,12.0,32.0,27.0,36.0,1,1,1,1,12.0,10,120.0,31104.0,19.62,0.2592
10035003001,0,4,60.0,50.0,40.0,120000.0,10,36.0,27.0,32.0,19.62,31104.0,12.0,27.0,32.0,36.0,2,1,1,2,24.0,20,240.0,62208.0,39.24,0.5184
10035003001,0,5,60.0,50.0,40.0,120000.0,10,36.0,27.0,32.0,19.62,31104.0,12.0,27.0,36.0,32.0,2,1,1,2,24.0,20,240.0,62208.0,39.24,0.5184
10040025001,0,0,60.0,50.0,40.0,120000.0,10,34.0,17.0,35.0,10.69,20230.0,2.0,34.0,17.0,35.0,1,2,1,2,4.0,20,40.0,40460.0,21.38,0.33716666666666667
10040025001,0,1,60.0,50.0,40.0,120000.0,10,34.0,17.0,35.0,10.69,20230.0,2.0,34.0,35.0,17.0,1,1,2,2,4.0,20,40.0,40460.0,21.38,0.33716666666666667
10040025001,0,2,60.0,50.0,40.0,120000.0,10,34.0,17.0,35.0,10.69,20230.0,2.0,35.0,34.0,17.0,1,1,2,2,4.0,20,40.0,40460.0,21.38,0.33716666666666667
10040025001,0,3,60.0,50.0,40.0,120000.0,10,34.0,17.0,35.0,10.69,20230.0,2.0,35.0,17.0,34.0,1,2,1,2,4.0,20,40.0,40460.0,21.38,0.33716666666666667
10040025001,0,4,60.0,50.0,40.0,120000.0,10,34.0,17.0,35.0,10.69,20230.0,2.0,17.0,35.0,34.0,3,1,1,3,6.0,30,60.0,60690.0,32.07,0.50575
10040025001,0,5,60.0,50.0,40.0,120000.0,10,34.0,17.0,35.0,10.69,20230.0,2.0,17.0,34.0,35.0,3,1,1,3,6.0,30,60.0,60690.0,32.07,0.50575
34511006001,0,0,60.0,50.0,40.0,120000.0,10,38.0,27.0,26.0,13.76,26676.0,4.0,38.0,27.0,26.0,1,1,1,1,4.0,10,40.0,26676.0,13.76,0.2223
34511006001,0,1,60.0,50.0,40.0,120000.0,10,38.0,27.0,26.0,13.76,26676.0,4.0,38.0,26.0,27.0,1,1,1,1,4.0,10,40.0,26676.0,13.76,0.2223
34511006001,0,2,60.0,50.0,40.0,120000.0,10,38.0,27.0,26.0,13.76,26676.0,4.0,26.0,38.0,27.0,2,1,1,2,8.0,20,80.0,53352.0,27.52,0.4446
34511006001,0,3,60.0,50.0,40.0,120000.0,10,38.0,27.0,26.0,13.76,26676.0,4.0,26.0,27.0,38.0,2,1,1,2,8.0,20,80.0,53352.0,27.52,0.4446
34511006001,0,4,60.0,50.0,40.0,120000.0,10,38.0,27.0,26.0,13.76,26676.0,4.0,27.0,26.0,38.0,2,1,1,2,8.0,20,80.0,53352.0,27.52,0.4446
34511006001,0,5,60.0,50.0,40.0,120000.0,10,38.0,27.0,26.0,13.76,26676.0,4.0,27.0,38.0,26.0,2,1,1,2,8.0,20,80.0,53352.0,27.52,0.4446
11050050001,0,0,60.0,50.0,40.0,120000.0,10,30.0,19.0,20.0,6.75,11400.0,12.0,30.0,19.0,20.0,2,2,2,8,96.0,80,960.0,91200.0,54.0,0.76
11050050001,0,1,60.0,50.0,40.0,120000.0,10,30.0,19.0,20.0,6.75,11400.0,12.0,30.0,20.0,19.0,2,2,2,8,96.0,80,960.0,91200.0,54.0,0.76
11050050001,0,2,60.0,50.0,40.0,120000.0,10,30.0,19.0,20.0,6.75,11400.0,12.0,20.0,30.0,19.0,3,1,2,6,72.0,60,720.0,68400.0,40.5,0.57
11050050001,0,3,60.0,50.0,40.0,120000.0,10,30.0,19.0,20.0,6.75,11400.0,12.0,20.0,19.0,30.0,3,2,1,6,72.0,60,720.0,68400.0,40.5,0.57
11050050001,0,4,60.0,50.0,40.0,120000.0,10,30.0,19.0,20.0,6.75,11400.0,12.0,19.0,20.0,30.0,3,2,1,6,72.0,60,720.0,68400.0,40.5,0.57
11050050001,0,5,60.0,50.0,40.0,120000.0,10,30.0,19.0,20.0,6.75,11400.0,12.0,19.0,30.0,20.0,3,1,2,6,72.0,60,720.0,68400.0,40.5,0.57
10002911001,0,0,60.0,50.0,40.0,120000.0,10,40.0,27.0,12.0,8.7,12960.0,24.0,40.0,27.0,12.0,1,1,3,3,72.0,30,720.0,38880.0,26.099999999999998,0.324
10002911001,0,1,60.0,50.0,40.0,120000.0,10,40.0,27.0,12.0,8.7,12960.0,24.0,40.0,12.0,27.0,1,4,1,4,96.0,40,960.0,51840.0,34.8,0.432
10002911001,0,2,60.0,50.0,40.0,120000.0,10,40.0,27.0,12.0,8.7,12960.0,24.0,12.0,40.0,27.0,5,1,1,5,120.0,50,1200.0,64800.0,43.5,0.54
10002911001,0,3,60.0,50.0,40.0,120000.0,10,40.0,27.0,12.0,8.7,12960.0,24.0,12.0,27.0,40.0,5,1,1,5,120.0,50,1200.0,64800.0,43.5,0.54
10002911001,0,4,60.0,50.0,40.0,120000.0,10,40.0,27.0,12.0,8.7,12960.0,24.0,27.0,12.0,40.0,2,4,1,8,192.0,80,1920.0,103680.0,69.6,0.864
10002911001,0,5,60.0,50.0,40.0,120000.0,10,40.0,27.0,12.0,8.7,12960.0,24.0,27.0,40.0,12.0,2,1,3,6,144.0,60,1440.0,77760.0,52.199999999999996,0.648
14502041001,0,0,60.0,50.0,40.0,120000.0,10,40.0,31.0,13.0,3.42,16120.0,30.0,40.0,31.0,13.0,1,1,3,3,90.0,30,900.0,48360.0,10.26,0.403
14502041001,0,1,60.0,50.0,40.0,120000.0,10,40.0,31.0,13.0,3.42,16120.0,30.0,40.0,13.0,31.0,1,3,1,3,90.0,30,900.0,48360.0,10.26,0.403
14502041001,0,2,60.0,50.0,40.0,120000.0,10,40.0,31.0,13.0,3.42,16120.0,30.0,13.0,40.0,31.0,4,1,1,4,120.0,40,1200.0,64480.0,13.68,0.5373333333333333
14502041001,0,3,60.0,50.0,40.0,120000.0,10,40.0,31.0,13.0,3.42,16120.0,30.0,13.0,31.0,40.0,4,1,1,4,120.0,40,1200.0,64480.0,13.68,0.5373333333333333
14502041001,0,4,60.0,50.0,40.0,120000.0,10,40.0,31.0,13.0,3.42,16120.0,30.0,31.0,13.0,40.0,1,3,1,3,90.0,30,900.0,48360.0,10.26,0.403
14502041001,0,5,60.0,50.0,40.0,120000.0,10,40.0,31.0,13.0,3.42,16120.0,30.0,31.0,40.0,13.0,1,1,3,3,90.0,30,900.0,48360.0,10.26,0.403
14500032001,0,0,60.0,50.0,40.0,120000.0,10,38.0,33.0,14.0,3.18,17556.0,30.0,38.0,33.0,14.0,1,1,2,2,60.0,20,600.0,35112.0,6.36,0.2926
14500032001,0,1,60.0,50.0,40.0,120000.0,10,38.0,33.0,14.0,3.18,17556.0,30.0,38.0,14.0,33.0,1,3,1,3,90.0,30,900.0,52668.0,9.540000000000001,0.4389
14500032001,0,2,60.0,50.0,40.0,120000.0,10,38.0,33.0,14.0,3.18,17556.0,30.0,14.0,38.0,33.0,4,1,1,4,120.0,40,1200.0,70224.0,12.72,0.5852
14500032001,0,3,60.0,50.0,40.0,120000.0,10,38.0,33.0,14.0,3.18,17556.0,30.0,14.0,33.0,38.0,4,1,1,4,120.0,40,1200.0,70224.0,12.72,0.5852
14500032001,0,4,60.0,50.0,40.0,120000.0,10,38.0,33.0,14.0,3.18,17556.0,30.0,33.0,14.0,38.0,1,3,1,3,90.0,30,900.0,52668.0,9.540000000000001,0.4389
14500032001,0,5,60.0,50.0,40.0,120000.0,10,38.0,33.0,14.0,3.18,17556.0,30.0,33.0,38.0,14.0,1,1,2,2,60.0,20,600.0,35112.0,6.36,0.2926
14616053001,0,0,60.0,50.0,40.0,120000.0,10,32.0,25.0,26.0,13.17,20800.0,12.0,32.0,25.0,26.0,1,2,1,2,24.0,20,240.0,41600.0,26.34,0.3466666666666667
14616053001,0,1,60.0,50.0,40.0,120000.0,10,32.0,25.0,26.0,13.17,20800.0,12.0,32.0,26.0,25.0,1,1,1,1,12.0,10,120.0,20800.0,13.17,0.17333333333333334
14616053001,0,2,60.0,50.0,40.0,120000.0,10,32.0,25.0,26.0,13.17,20800.0,12.0,26.0,32.0,25.0,2,1,1,2,24.0,20,240.0,41600.0,26.34,0.3466666666666667
14616053001,0,3,60.0,50.0,40.0,120000.0,10,32.0,25.0,26.0,13.17,20800.0,12.0,26.0,25.0,32.0,2,2,1,4,48.0,40,480.0,83200.0,52.68,0.6933333333333334
14616053001,0,4,60.0,50.0,40.0,120000.0,10,32.0,25.0,26.0,13.17,20800.0,12.0,25.0,26.0,32.0,2,1,1,2,24.0,20,240.0,41600.0,26.34,0.3466666666666667
14616053001,0,5,60.0,50.0,40.0,120000.0,10,32.0,25.0,26.0,13.17,20800.0,12.0,25.0,32.0,26.0,2,1,1,2,24.0,20,240.0,41600.0,26.34,0.3466666666666667
12122037001,0,0,60.0,50.0,40.0,120000.0,10,42.0,26.0,21.0,3.0,22932.0,24.0,42.0,26.0,21.0,1,1,1,1,24.0,10,240.0,22932.0,3.0,0.1911
12122037001,0,1,60.0,50.0,40.0,120000.0,10,42.0,26.0,21.0,3.0,22932.0,24.0,42.0,21.0,26.0,1,2,1,2,48.0,20,480.0,45864.0,6.0,0.3822
12122037001,0,2,60.0,50.0,40.0,120000.0,10,42.0,26.0,21.0,3.0,22932.0,24.0,21.0,42.0,26.0,2,1,1,2,48.0,20,480.0,45864.0,6.0,0.3822
12122037001,0,5,60.0,50.0,40.0,120000.0,10,42.0,26.0,21.0,3.0,22932.0,24.0,26.0,42.0,21.0,2,1,1,2,48.0,20,480.0,45864.0,6.0,0.3822
14112021001,0,0,60.0,50.0,40.0,120000.0,10,58.0,26.0,24.0,3.03,36192.0,10.0,58.0,26.0,24.0,1,1,1,1,10.0,10,100.0,36192.0,3.03,0.3016
14112021001,0,1,60.0,50.0,40.0,120000.0,10,58.0,26.0,24.0,3.03,36192.0,10.0,58.0,24.0,26.0,1,2,1,2,20.0,20,200.0,72384.0,6.06,0.6032
14500024001,0,0,60.0,50.0,40.0,120000.0,10,49.0,35.0,15.0,3.24,25725.0,12.0,49.0,35.0,15.0,1,1,2,2,24.0,20,240.0,51450.0,6.48,0.42875
14500024001,0,1,60.0,50.0,40.0,120000.0,10,49.0,35.0,15.0,3.24,25725.0,12.0,49.0,15.0,35.0,1,3,1,3,36.0,30,360.0,77175.0,9.72,0.643125
14500024001,0,2,60.0,50.0,40.0,120000.0,10,49.0,35.0,15.0,3.24,25725.0,12.0,15.0,49.0,35.0,4,1,1,4,48.0,40,480.0,102900.0,12.96,0.8575
14500024001,0,5,60.0,50.0,40.0,120000.0,10,49.0,35.0,15.0,3.24,25725.0,12.0,35.0,49.0,15.0,1,1,2,2,24.0,20,240.0,51450.0,6.48,0.42875
14020053001,0,0,60.0,50.0,40.0,120000.0,10,30.0,30.0,23.0,2.87,20700.0,16.0,30.0,30.0,23.0,2,1,1,2,32.0,20,320.0,41400.0,5.74,0.345
14020053001,0,1,60.0,50.0,40.0,120000.0,10,30.0,30.0,23.0,2.87,20700.0,16.0,30.0,23.0,30.0,2,2,1,4,64.0,40,640.0,82800.0,11.48,0.69
14020053001,0,2,60.0,50.0,40.0,120000.0,10,30.0,30.0,23.0,2.87,20700.0,16.0,23.0,30.0,30.0,2,1,1,2,32.0,20,320.0,41400.0,5.74,0.345
14020053001,0,3,60.0,50.0,40.0,120000.0,10,30.0,30.0,23.0,2.87,20700.0,16.0,23.0,30.0,30.0,2,1,1,2,32.0,20,320.0,41400.0,5.74,0.345
14020053001,0,4,60.0,50.0,40.0,120000.0,10,30.0,30.0,23.0,2.87,20700.0,16.0,30.0,23.0,30.0,2,2,1,4,64.0,40,640.0,82800.0,11.48,0.69
14020053001,0,5,60.0,50.0,40.0,120000.0,10,30.0,30.0,23.0,2.87,20700.0,16.0,30.0,30.0,23.0,2,1,1,2,32.0,20,320.0,41400.0,5.74,0.345
10033019001,0,0,60.0,50.0,40.0,120000.0,10,36.0,27.0,31.0,16.35,30132.0,12.0,36.0,27.0,31.0,1,1,1,1,12.0,10,120.0,30132.0,16.35,0.2511
10033019001,0,1,60.0,50.0,40.0,120000.0,10,36.0,27.0,31.0,16.35,30132.0,12.0,36.0,31.0,27.0,1,1,1,1,12.0,10,120.0,30132.0,16.35,0.2511
10033019001,0,2,60.0,50.0,40.0,120000.0,10,36.0,27.0,31.0,16.35,30132.0,12.0,31.0,36.0,27.0,1,1,1,1,12.0,10,120.0,30132.0,16.35,0.2511
10033019001,0,3,60.0,50.0,40.0,120000.0,10,36.0,27.0,31.0,16.35,30132.0,12.0,31.0,27.0,36.0,1,1,1,1,12.0,10,120.0,30132.0,16.35,0.2511
10033019001,0,4,60.0,50.0,40.0,120000.0,10,36.0,27.0,31.0,16.35,30132.0,12.0,27.0,31.0,36.0,2,1,1,2,24.0,20,240.0,60264.0,32.7,0.5022
10033019001,0,5,60.0,50.0,40.0,120000.0,10,36.0,27.0,31.0,16.35,30132.0,12.0,27.0,36.0,31.0,2,1,1,2,24.0,20,240.0,60264.0,32.7,0.5022
10020008001,0,0,60.0,50.0,40.0,120000.0,10,44.0,29.0,20.0,13.9,25520.0,24.0,44.0,29.0,20.0,1,1,2,2,48.0,20,480.0,51040.0,27.8,0.42533333333333334
10020008001,0,1,60.0,50.0,40.0,120000.0,10,44.0,29.0,20.0,13.9,25520.0,24.0,44.0,20.0,29.0,1,2,1,2,48.0,20,480.0,51040.0,27.8,0.42533333333333334
10020008001,0,2,60.0,50.0,40.0,120000.0,10,44.0,29.0,20.0,13.9,25520.0,24.0,20.0,44.0,29.0,3,1,1,3,72.0,30,720.0,76560.0,41.7,0.638
10020008001,0,5,60.0,50.0,40.0,120000.0,10,44.0,29.0,20.0,13.9,25520.0,24.0,29.0,44.0,20.0,2,1,2,4,96.0,40,960.0,102080.0,55.6,0.8506666666666667
14503034001,0,0,60.0,50.0,40.0,120000.0,10,39.0,33.0,29.0,5.57,37323.0,40.0,39.0,33.0,29.0,1,1,1,1,40.0,10,400.0,37323.0,5.57,0.311025
14503034001,0,1,60.0,50.0,40.0,120000.0,10,39.0,33.0,29.0,5.57,37323.0,40.0,39.0,29.0,33.0,1,1,1,1,40.0,10,400.0,37323.0,5.57,0.311025
14503034001,0,2,60.0,50.0,40.0,120000.0,10,39.0,33.0,29.0,5.57,37323.0,40.0,29.0,39.0,33.0,2,1,1,2,80.0,20,800.0,74646.0,11.14,0.62205
14503034001,0,3,60.0,50.0,40.0,120000.0,10,39.0,33.0,29.0,5.57,37323.0,40.0,29.0,33.0,39.0,2,1,1,2,80.0,20,800.0,74646.0,11.14,0.62205
14503034001,0,4,60.0,50.0,40.0,120000.0,10,39.0,33.0,29.0,5.57,37323.0,40.0,33.0,29.0,39.0,1,1,1,1,40.0,10,400.0,37323.0,5.57,0.311025
14503034001,0,5,60.0,50.0,40.0,120000.0,10,39.0,33.0,29.0,5.57,37323.0,40.0,33.0,39.0,29.0,1,1,1,1,40.0,10,400.0,37323.0,5.57,0.311025
14504008001,0,0,60.0,50.0,40.0,120000.0,10,39.0,32.0,15.0,3.31,18720.0,30.0,39.0,32.0,15.0,1,1,2,2,60.0,20,600.0,37440.0,6.62,0.312
14504008001,0,1,60.0,50.0,40.0,120000.0,10,39.0,32.0,15.0,3.31,18720.0,30.0,39.0,15.0,32.0,1,3,1,3,90.0,30,900.0,56160.0,9.93,0.468
14504008001,0,2,60.0,50.0,40.0,120000.0,10,39.0,32.0,15.0,3.31,18720.0,30.0,15.0,39.0,32.0,4,1,1,4,120.0,40,1200.0,74880.0,13.24,0.624
14504008001,0,3,60.0,50.0,40.0,120000.0,10,39.0,32.0,15.0,3.31,18720.0,30.0,15.0,32.0,39.0,4,1,1,4,120.0,40,1200.0,74880.0,13.24,0.624
14504008001,0,4,60.0,50.0,40.0,120000.0,10,39.0,32.0,15.0,3.31,18720.0,30.0,32.0,15.0,39.0,1,3,1,3,90.0,30,900.0,56160.0,9.93,0.468
14504008001,0,5,60.0,50.0,40.0,120000.0,10,39.0,32.0,15.0,3.31,18720.0,30.0,32.0,39.0,15.0,1,1,2,2,60.0,20,600.0,37440.0,6.62,0.312
12220015001,0,0,60.0,50.0,40.0,120000.0,10,31.0,21.0,22.0,1.0,14322.0,1.0,31.0,21.0,22.0,1,2,1,2,2.0,20,20.0,28644.0,2.0,0.2387
12220015001,0,1,60.0,50.0,40.0,120000.0,10,31.0,21.0,22.0,1.0,14322.0,1.0,31.0,22.0,21.0,1,2,1,2,2.0,20,20.0,28644.0,2.0,0.2387
12220015001,0,2,60.0,50.0,40.0,120000.0,10,31.0,21.0,22.0,1.0,14322.0,1.0,22.0,31.0,21.0,2,1,1,2,2.0,20,20.0,28644.0,2.0,0.2387
12220015001,0,3,60.0,50.0,40.0,120000.0,10,31.0,21.0,22.0,1.0,14322.0,1.0,22.0,21.0,31.0,2,2,1,4,4.0,40,40.0,57288.0,4.0,0.4774
12220015001,0,4,60.0,50.0,40.0,120000.0,10,31.0,21.0,22.0,1.0,14322.0,1.0,21.0,22.0,31.0,2,2,1,4,4.0,40,40.0,57288.0,4.0,0.4774
12220015001,0,5,60.0,50.0,40.0,120000.0,10,31.0,21.0,22.0,1.0,14322.0,1.0,21.0,31.0,22.0,2,1,1,2,2.0,20,20.0,28644.0,2.0,0.2387
10031005001,0,0,60.0,50.0,40.0,120000.0,10,35.0,20.0,11.0,6.58,7700.0,24.0,35.0,20.0,11.0,1,2,3,6,144.0,60,1440.0,46200.0,39.480000000000004,0.385
10031005001,0,1,60.0,50.0,40.0,120000.0,10,35.0,20.0,11.0,6.58,7700.0,24.0,35.0,11.0,20.0,1,4,2,8,192.0,80,1920.0,61600.0,52.64,0.5133333333333333
10031005001,0,2,60.0,50.0,40.0,120000.0,10,35.0,20.0,11.0,6.58,7700.0,24.0,11.0,35.0,20.0,5,1,2,10,240.0,100,2400.0,77000.0,65.8,0.6416666666666667
10031005001,0,3,60.0,50.0,40.0,120000.0,10,35.0,20.0,11.0,6.58,7700.0,24.0,11.0,20.0,35.0,5,2,1,10,240.0,100,2400.0,77000.0,65.8,0.6416666666666667
10031005001,0,4,60.0,50.0,40.0,120000.0,10,35.0,20.0,11.0,6.58,7700.0,24.0,20.0,11.0,35.0,3,4,1,12,288.0,120,2880.0,92400.0,78.96000000000001,0.77
10031005001,0,5,60.0,50.0,40.0,120000.0,10,35.0,20.0,11.0,6.58,7700.0,24.0,20.0,35.0,11.0,3,1,3,9,216.0,90,2160.0,69300.0,59.22,0.5775
12020418001,0,0,60.0,50.0,40.0,120000.0,10,15.0,10.0,23.0,1.164,3450.0,6.0,15.0,10.0,23.0,4,5,1,20,120.0,200,1200.0,69000.0,23.279999999999998,0.575
12020418001,0,1,60.0,50.0,40.0,120000.0,10,15.0,10.0,23.0,1.164,3450.0,6.0,15.0,23.0,10.0,4,2,4,32,192.0,320,1920.0,110400.0,37.248,0.92
12020418001,0,2,60.0,50.0,40.0,120000.0,10,15.0,10.0,23.0,1.164,3450.0,6.0,23.0,15.0,10.0,2,3,4,24,144.0,240,1440.0,82800.0,27.936,0.69
12020418001,0,3,60.0,50.0,40.0,120000.0,10,15.0,10.0,23.0,1.164,3450.0,6.0,23.0,10.0,15.0,2,5,2,20,120.0,200,1200.0,69000.0,23.279999999999998,0.575
12020418001,0,4,60.0,50.0,40.0,120000.0,10,15.0,10.0,23.0,1.164,3450.0,6.0,10.0,23.0,15.0,6,2,2,24,144.0,240,1440.0,82800.0,27.936,0.69
12020418001,0,5,60.0,50.0,40.0,120000.0,10,15.0,10.0,23.0,1.164,3450.0,6.0,10.0,15.0,23.0,6,3,1,18,108.0,180,1080.0,62100.0,20.951999999999998,0.5175
12123021001,0,0,60.0,50.0,40.0,120000.0,10,5.0,20.0,21.0,0.072,2100.0,1.0,5.0,20.0,21.0,12,2,1,24,24.0,240,240.0,50400.0,1.7279999999999998,0.42
12123021001,0,1,60.0,50.0,40.0,120000.0,10,5.0,20.0,21.0,0.072,2100.0,1.0,5.0,21.0,20.0,12,2,2,48,48.0,480,480.0,100800.0,3.4559999999999995,0.84
12123021001,0,2,60.0,50.0,40.0,120000.0,10,5.0,20.0,21.0,0.072,2100.0,1.0,21.0,5.0,20.0,2,10,2,40,40.0,400,400.0,84000.0,2.88,0.7
12123021001,0,3,60.0,50.0,40.0,120000.0,10,5.0,20.0,21.0,0.072,2100.0,1.0,21.0,20.0,5.0,2,2,8,32,32.0,320,320.0,67200.0,2.304,0.56
12123021001,0,4,60.0,50.0,40.0,120000.0,10,5.0,20.0,21.0,0.072,2100.0,1.0,20.0,21.0,5.0,3,2,8,48,48.0,480,480.0,100800.0,3.4559999999999995,0.84
12123021001,0,5,60.0,50.0,40.0,120000.0,10,5.0,20.0,21.0,0.072,2100.0,1.0,20.0,5.0,21.0,3,10,1,30,30.0,300,300.0,63000.0,2.1599999999999997,0.525
12012086001,0,0,60.0,50.0,40.0,120000.0,10,34.0,24.0,25.0,4.7,20400.0,12.0,34.0,24.0,25.0,1,2,1,2,24.0,20,240.0,40800.0,9.4,0.34
12012086001,0,1,60.0,50.0,40.0,120000.0,10,34.0,24.0,25.0,4.7,20400.0,12.0,34.0,25.0,24.0,1,2,1,2,24.0,20,240.0,40800.0,9.4,0.34
12012086001,0,2,60.0,50.0,40.0,120000.0,10,34.0,24.0,25.0,4.7,20400.0,12.0,25.0,34.0,24.0,2,1,1,2,24.0,20,240.0,40800.0,9.4,0.34
12012086001,0,3,60.0,50.0,40.0,120000.0,10,34.0,24.0,25.0,4.7,20400.0,12.0,25.0,24.0,34.0,2,2,1,4,48.0,40,480.0,81600.0,18.8,0.68
12012086001,0,4,60.0,50.0,40.0,120000.0,10,34.0,24.0,25.0,4.7,20400.0,12.0,24.0,25.0,34.0,2,2,1,4,48.0,40,480.0,81600.0,18.8,0.68
12012086001,0,5,60.0,50.0,40.0,120000.0,10,34.0,24.0,25.0,4.7,20400.0,12.0,24.0,34.0,25.0,2,1,1,2,24.0,20,240.0,40800.0,9.4,0.34
14503003001,0,0,60.0,50.0,40.0,120000.0,10,46.0,33.0,20.0,3.0,30360.0,24.0,46.0,33.0,20.0,1,1,2,2,48.0,20,480.0,60720.0,6.0,0.506
14503003001,0,1,60.0,50.0,40.0,120000.0,10,46.0,33.0,20.0,3.0,30360.0,24.0,46.0,20.0,33.0,1,2,1,2,48.0,20,480.0,60720.0,6.0,0.506
14503003001,0,2,60.0,50.0,40.0,120000.0,10,46.0,33.0,20.0,3.0,30360.0,24.0,20.0,46.0,33.0,3,1,1,3,72.0,30,720.0,91080.0,9.0,0.759
14503003001,0,5,60.0,50.0,40.0,120000.0,10,46.0,33.0,20.0,3.0,30360.0,24.0,33.0,46.0,20.0,1,1,2,2,48.0,20,480.0,60720.0,6.0,0.506
10001009001,0,0,60.0,50.0,40.0,120000.0,10,40.0,27.0,10.0,6.77,10800.0,24.0,40.0,27.0,10.0,1,1,4,4,96.0,40,960.0,43200.0,27.08,0.36
10001009001,0,1,60.0,50.0,40.0,120000.0,10,40.0,27.0,10.0,6.77,10800.0,24.0,40.0,10.0,27.0,1,5,1,5,120.0,50,1200.0,54000.0,33.849999999999994,0.45
10001009001,0,2,60.0,50.0,40.0,120000.0,10,40.0,27.0,10.0,6.77,10800.0,24.0,10.0,40.0,27.0,6,1,1,6,144.0,60,1440.0,64800.0,40.62,0.54
10001009001,0,3,60.0,50.0,40.0,120000.0,10,40.0,27.0,10.0,6.77,10800.0,24.0,10.0,27.0,40.0,6,1,1,6,144.0,60,1440.0,64800.0,40.62,0.54
10001009001,0,4,60.0,50.0,40.0,120000.0,10,40.0,27.0,10.0,6.77,10800.0,24.0,27.0,10.0,40.0,2,5,1,10,240.0,100,2400.0,108000.0,67.69999999999999,0.9
10001009001,0,5,60.0,50.0,40.0,120000.0,10,40.0,27.0,10.0,6.77,10800.0,24.0,27.0,40.0,10.0,2,1,4,8,192.0,80,1920.0,86400.0,54.16,0.72
11110032001,0,0,60.0,50.0,40.0,120000.0,10,36.0,34.0,33.0,12.4,40392.0,6.0,36.0,34.0,33.0,1,1,1,1,6.0,10,60.0,40392.0,12.4,0.3366
11110032001,0,1,60.0,50.0,40.0,120000.0,10,36.0,34.0,33.0,12.4,40392.0,6.0,36.0,33.0,34.0,1,1,1,1,6.0,10,60.0,40392.0,12.4,0.3366
11110032001,0,2,60.0,50.0,40.0,120000.0,10,36.0,34.0,33.0,12.4,40392.0,6.0,33.0,36.0,34.0,1,1,1,1,6.0,10,60.0,40392.0,12.4,0.3366
11110032001,0,3,60.0,50.0,40.0,120000.0,10,36.0,34.0,33.0,12.4,40392.0,6.0,33.0,34.0,36.0,1,1,1,1,6.0,10,60.0,40392.0,12.4,0.3366
11110032001,0,4,60.0,50.0,40.0,120000.0,10,36.0,34.0,33.0,12.4,40392.0,6.0,34.0,33.0,36.0,1,1,1,1,6.0,10,60.0,40392.0,12.4,0.3366
11110032001,0,5,60.0,50.0,40.0,120000.0,10,36.0,34.0,33.0,12.4,40392.0,6.0,34.0,36.0,33.0,1,1,1,1,6.0,10,60.0,40392.0,12.4,0.3366
14204061001,0,0,60.0,50.0,40.0,120000.0,10,51.0,26.0,26.0,1.51,34476.0,12.0,51.0,26.0,26.0,1,1,1,1,12.0,10,120.0,34476.0,1.51,0.2873
14204061001,0,1,60.0,50.0,40.0,120000.0,10,51.0,26.0,26.0,1.51,34476.0,12.0,51.0,26.0,26.0,1,1,1,1,12.0,10,120.0,34476.0,1.51,0.2873
10040020001,0,0,60.0,50.0,40.0,120000.0,10,41.0,28.0,24.0,15.15,27552.0,24.0,41.0,28.0,24.0,1,1,1,1,24.0,10,240.0,27552.0,15.15,0.2296
10040020001,0,1,60.0,50.0,40.0,120000.0,10,41.0,28.0,24.0,15.15,27552.0,24.0,41.0,24.0,28.0,1,2,1,2,48.0,20,480.0,55104.0,30.3,0.4592
10040020001,0,2,60.0,50.0,40.0,120000.0,10,41.0,28.0,24.0,15.15,27552.0,24.0,24.0,41.0,28.0,2,1,1,2,48.0,20,480.0,55104.0,30.3,0.4592
10040020001,0,5,60.0,50.0,40.0,120000.0,10,41.0,28.0,24.0,15.15,27552.0,24.0,28.0,41.0,24.0,2,1,1,2,48.0,20,480.0,55104.0,30.3,0.4592
14505013001,0,0,60.0,50.0,40.0,120000.0,10,35.0,32.0,14.0,3.3,15680.0,30.0,35.0,32.0,14.0,1,1,2,2,60.0,20,600.0,31360.0,6.6,0.2613333333333333
14505013001,0,1,60.0,50.0,40.0,120000.0,10,35.0,32.0,14.0,3.3,15680.0,30.0,35.0,14.0,32.0,1,3,1,3,90.0,30,900.0,47040.0,9.899999999999999,0.392
14505013001,0,2,60.0,50.0,40.0,120000.0,10,35.0,32.0,14.0,3.3,15680.0,30.0,14.0,35.0,32.0,4,1,1,4,120.0,40,1200.0,62720.0,13.2,0.5226666666666666
14505013001,0,3,60.0,50.0,40.0,120000.0,10,35.0,32.0,14.0,3.3,15680.0,30.0,14.0,32.0,35.0,4,1,1,4,120.0,40,1200.0,62720.0,13.2,0.5226666666666666
14505013001,0,4,60.0,50.0,40.0,120000.0,10,35.0,32.0,14.0,3.3,15680.0,30.0,32.0,14.0,35.0,1,3,1,3,90.0,30,900.0,47040.0,9.899999999999999,0.392
14505013001,0,5,60.0,50.0,40.0,120000.0,10,35.0,32.0,14.0,3.3,15680.0,30.0,32.0,35.0,14.0,1,1,2,2,60.0,20,600.0,31360.0,6.6,0.2613333333333333
11111011001,0,0,60.0,50.0,40.0,120000.0,10,33.0,22.0,32.0,11.05,23232.0,6.0,33.0,22.0,32.0,1,2,1,2,12.0,20,120.0,46464.0,22.1,0.3872
11111011001,0,1,60.0,50.0,40.0,120000.0,10,33.0,22.0,32.0,11.05,23232.0,6.0,33.0,32.0,22.0,1,1,1,1,6.0,10,60.0,23232.0,11.05,0.1936
11111011001,0,2,60.0,50.0,40.0,120000.0,10,33.0,22.0,32.0,11.05,23232.0,6.0,32.0,33.0,22.0,1,1,1,1,6.0,10,60.0,23232.0,11.05,0.1936
11111011001,0,3,60.0,50.0,40.0,120000.0,10,33.0,22.0,32.0,11.05,23232.0,6.0,32.0,22.0,33.0,1,2,1,2,12.0,20,120.0,46464.0,22.1,0.3872
11111011001,0,4,60.0,50.0,40.0,120000.0,10,33.0,22.0,32.0,11.05,23232.0,6.0,22.0,32.0,33.0,2,1,1,2,12.0,20,120.0,46464.0,22.1,0.3872
11111011001,0,5,60.0,50.0,40.0,120000.0,10,33.0,22.0,32.0,11.05,23232.0,6.0,22.0,33.0,32.0,2,1,1,2,12.0,20,120.0,46464.0,22.1,0.3872
14501012001,0,0,60.0,50.0,40.0,120000.0,10,50.0,36.0,15.0,3.0,27000.0,12.0,50.0,36.0,15.0,1,1,2,2,24.0,20,240.0,54000.0,6.0,0.45
14501012001,0,1,60.0,50.0,40.0,120000.0,10,50.0,36.0,15.0,3.0,27000.0,12.0,50.0,15.0,36.0,1,3,1,3,36.0,30,360.0,81000.0,9.0,0.675
14501012001,0,2,60.0,50.0,40.0,120000.0,10,50.0,36.0,15.0,3.0,27000.0,12.0,15.0,50.0,36.0,4,1,1,4,48.0,40,480.0,108000.0,12.0,0.9
14501012001,0,5,60.0,50.0,40.0,120000.0,10,50.0,36.0,15.0,3.0,27000.0,12.0,36.0,50.0,15.0,1,1,2,2,24.0,20,240.0,54000.0,6.0,0.45
14831022001,0,0,60.0,50.0,40.0,120000.0,10,33.0,23.0,10.0,3.734,7590.0,24.0,33.0,23.0,10.0,1,2,4,8,192.0,80,1920.0,60720.0,29.872,0.506
14831022001,0,1,60.0,50.0,40.0,120000.0,10,33.0,23.0,10.0,3.734,7590.0,24.0,33.0,10.0,23.0,1,5,1,5,120.0,50,1200.0,37950.0,18.67,0.31625
14831022001,0,2,60.0,50.0,40.0,120000.0,10,33.0,23.0,10.0,3.734,7590.0,24.0,10.0,33.0,23.0,6,1,1,6,144.0,60,1440.0,45540.0,22.404,0.3795
14831022001,0,3,60.0,50.0,40.0,120000.0,10,33.0,23.0,10.0,3.734,7590.0,24.0,10.0,23.0,33.0,6,2,1,12,288.0,120,2880.0,91080.0,44.808,0.759
14831022001,0,4,60.0,50.0,40.0,120000.0,10,33.0,23.0,10.0,3.734,7590.0,24.0,23.0,10.0,33.0,2,5,1,10,240.0,100,2400.0,75900.0,37.34,0.6325
14831022001,0,5,60.0,50.0,40.0,120000.0,10,33.0,23.0,10.0,3.734,7590.0,24.0,23.0,33.0,10.0,2,1,4,8,192.0,80,1920.0,60720.0,29.872,0.506
14506002001,0,0,60.0,50.0,40.0,120000.0,10,41.0,32.0,28.0,5.66,36736.0,8.0,41.0,32.0,28.0,1,1,1,1,8.0,10,80.0,36736.0,5.66,0.3061333333333333
14506002001,0,1,60.0,50.0,40.0,120000.0,10,41.0,32.0,28.0,5.66,36736.0,8.0,41.0,28.0,32.0,1,1,1,1,8.0,10,80.0,36736.0,5.66,0.3061333333333333
14506002001,0,2,60.0,50.0,40.0,120000.0,10,41.0,32.0,28.0,5.66,36736.0,8.0,28.0,41.0,32.0,2,1,1,2,16.0,20,160.0,73472.0,11.32,0.6122666666666666
14506002001,0,5,60.0,50.0,40.0,120000.0,10,41.0,32.0,28.0,5.66,36736.0,8.0,32.0,41.0,28.0,1,1,1,1,8.0,10,80.0,36736.0,5.66,0.3061333333333333
10002007001,0,0,60.0,50.0,40.0,120000.0,10,40.0,28.0,12.0,8.89,13440.0,24.0,40.0,28.0,12.0,1,1,3,3,72.0,30,720.0,40320.0,26.67,0.336
10002007001,0,1,60.0,50.0,40.0,120000.0,10,40.0,28.0,12.0,8.89,13440.0,24.0,40.0,12.0,28.0,1,4,1,4,96.0,40,960.0,53760.0,35.56,0.448
10002007001,0,2,60.0,50.0,40.0,120000.0,10,40.0,28.0,12.0,8.89,13440.0,24.0,12.0,40.0,28.0,5,1,1,5,120.0,50,1200.0,67200.0,44.45,0.56
10002007001,0,3,60.0,50.0,40.0,120000.0,10,40.0,28.0,12.0,8.89,13440.0,24.0,12.0,28.0,40.0,5,1,1,5,120.0,50,1200.0,67200.0,44.45,0.56
10002007001,0,4,60.0,50.0,40.0,120000.0,10,40.0,28.0,12.0,8.89,13440.0,24.0,28.0,12.0,40.0,2,4,1,8,192.0,80,1920.0,107520.0,71.12,0.896
10002007001,0,5,60.0,50.0,40.0,120000.0,10,40.0,28.0,12.0,8.89,13440.0,24.0,28.0,40.0,12.0,2,1,3,6,144.0,60,1440.0,80640.0,53.34,0.672
14103009001,0,0,60.0,50.0,40.0,120000.0,10,39.0,26.0,32.0,4.92,32448.0,8.0,39.0,26.0,32.0,1,1,1,1,8.0,10,80.0,32448.0,4.92,0.2704
14103009001,0,1,60.0,50.0,40.0,120000.0,10,39.0,26.0,32.0,4.92,32448.0,8.0,39.0,32.0,26.0,1,1,1,1,8.0,10,80.0,32448.0,4.92,0.2704
14103009001,0,2,60.0,50.0,40.0,120000.0,10,39.0,26.0,32.0,4.92,32448.0,8.0,32.0,39.0,26.0,1,1,1,1,8.0,10,80.0,32448.0,4.92,0.2704
14103009001,0,3,60.0,50.0,40.0,120000.0,10,39.0,26.0,32.0,4.92,32448.0,8.0,32.0,26.0,39.0,1,1,1,1,8.0,10,80.0,32448.0,4.92,0.2704
14103009001,0,4,60.0,50.0,40.0,120000.0,10,39.0,26.0,32.0,4.92,32448.0,8.0,26.0,32.0,39.0,2,1,1,2,16.0,20,160.0,64896.0,9.84,0.5408
14103009001,0,5,60.0,50.0,40.0,120000.0,10,39.0,26.0,32.0,4.92,32448.0,8.0,26.0,39.0,32.0,2,1,1,2,16.0,20,160.0,64896.0,9.84,0.5408
10033003001,0,0,60.0,50.0,40.0,120000.0,10,42.0,29.0,24.0,15.95,29232.0,24.0,42.0,29.0,24.0,1,1,1,1,24.0,10,240.0,29232.0,15.95,0.2436
10033003001,0,1,60.0,50.0,40.0,120000.0,10,42.0,29.0,24.0,15.95,29232.0,24.0,42.0,24.0,29.0,1,2,1,2,48.0,20,480.0,58464.0,31.9,0.4872
10033003001,0,2,60.0,50.0,40.0,120000.0,10,42.0,29.0,24.0,15.95,29232.0,24.0,24.0,42.0,29.0,2,1,1,2,48.0,20,480.0,58464.0,31.9,0.4872
10033003001,0,5,60.0,50.0,40.0,120000.0,10,42.0,29.0,24.0,15.95,29232.0,24.0,29.0,42.0,24.0,2,1,1,2,48.0,20,480.0,58464.0,31.9,0.4872
12000178001,0,0,60.0,50.0,40.0,120000.0,10,40.0,24.0,22.0,10.45,21120.0,12.0,40.0,24.0,22.0,1,2,1,2,24.0,20,240.0,42240.0,20.9,0.352
12000178001,0,1,60.0,50.0,40.0,120000.0,10,40.0,24.0,22.0,10.45,21120.0,12.0,40.0,22.0,24.0,1,2,1,2,24.0,20,240.0,42240.0,20.9,0.352
12000178001,0,2,60.0,50.0,40.0,120000.0,10,40.0,24.0,22.0,10.45,21120.0,12.0,22.0,40.0,24.0,2,1,1,2,24.0,20,240.0,42240.0,20.9,0.352
12000178001,0,3,60.0,50.0,40.0,120000.0,10,40.0,24.0,22.0,10.45,21120.0,12.0,22.0,24.0,40.0,2,2,1,4,48.0,40,480.0,84480.0,41.8,0.704
12000178001,0,4,60.0,50.0,40.0,120000.0,10,40.0,24.0,22.0,10.45,21120.0,12.0,24.0,22.0,40.0,2,2,1,4,48.0,40,480.0,84480.0,41.8,0.704
12000178001,0,5,60.0,50.0,40.0,120000.0,10,40.0,24.0,22.0,10.45,21120.0,12.0,24.0,40.0,22.0,2,1,1,2,24.0,20,240.0,42240.0,20.9,0.352
14362041001,0,0,60.0,50.0,40.0,120000.0,10,41.0,38.0,24.0,8.49,37392.0,20.0,41.0,38.0,24.0,1,1,1,1,20.0,10,200.0,37392.0,8.49,0.3116
14362041001,0,1,60.0,50.0,40.0,120000.0,10,41.0,38.0,24.0,8.49,37392.0,20.0,41.0,24.0,38.0,1,2,1,2,40.0,20,400.0,74784.0,16.98,0.6232
14362041001,0,2,60.0,50.0,40.0,120000.0,10,41.0,38.0,24.0,8.49,37392.0,20.0,24.0,41.0,38.0,2,1,1,2,40.0,20,400.0,74784.0,16.98,0.6232
14362041001,0,5,60.0,50.0,40.0,120000.0,10,41.0,38.0,24.0,8.49,37392.0,20.0,38.0,41.0,24.0,1,1,1,1,20.0,10,200.0,37392.0,8.49,0.3116
14602086001,0,0,60.0,50.0,40.0,120000.0,10,22.0,15.0,17.0,1.7,5610.0,6.0,22.0,15.0,17.0,2,3,2,12,72.0,120,720.0,67320.0,20.4,0.561
14602086001,0,1,60.0,50.0,40.0,120000.0,10,22.0,15.0,17.0,1.7,5610.0,6.0,22.0,17.0,15.0,2,2,2,8,48.0,80,480.0,44880.0,13.6,0.374
14602086001,0,2,60.0,50.0,40.0,120000.0,10,22.0,15.0,17.0,1.7,5610.0,6.0,17.0,22.0,15.0,3,2,2,12,72.0,120,720.0,67320.0,20.4,0.561
14602086001,0,3,60.0,50.0,40.0,120000.0,10,22.0,15.0,17.0,1.7,5610.0,6.0,17.0,15.0,22.0,3,3,1,9,54.0,90,540.0,50490.0,15.299999999999999,0.42075
14602086001,0,4,60.0,50.0,40.0,120000.0,10,22.0,15.0,17.0,1.7,5610.0,6.0,15.0,17.0,22.0,4,2,1,8,48.0,80,480.0,44880.0,13.6,0.374
14602086001,0,5,60.0,50.0,40.0,120000.0,10,22.0,15.0,17.0,1.7,5610.0,6.0,15.0,22.0,17.0,4,2,2,16,96.0,160,960.0,89760.0,27.2,0.748
10033010001,0,0,60.0,50.0,40.0,120000.0,10,35.0,26.0,31.0,16.27,28210.0,12.0,35.0,26.0,31.0,1,1,1,1,12.0,10,120.0,28210.0,16.27,0.23508333333333334
10033010001,0,1,60.0,50.0,40.0,120000.0,10,35.0,26.0,31.0,16.27,28210.0,12.0,35.0,31.0,26.0,1,1,1,1,12.0,10,120.0,28210.0,16.27,0.23508333333333334
10033010001,0,2,60.0,50.0,40.0,120000.0,10,35.0,26.0,31.0,16.27,28210.0,12.0,31.0,35.0,26.0,1,1,1,1,12.0,10,120.0,28210.0,16.27,0.23508333333333334
10033010001,0,3,60.0,50.0,40.0,120000.0,10,35.0,26.0,31.0,16.27,28210.0,12.0,31.0,26.0,35.0,1,1,1,1,12.0,10,120.0,28210.0,16.27,0.23508333333333334
10033010001,0,4,60.0,50.0,40.0,120000.0,10,35.0,26.0,31.0,16.27,28210.0,12.0,26.0,31.0,35.0,2,1,1,2,24.0,20,240.0,56420.0,32.54,0.4701666666666667
10033010001,0,5,60.0,50.0,40.0,120000.0,10,35.0,26.0,31.0,16.27,28210.0,12.0,26.0,35.0,31.0,2,1,1,2,24.0,20,240.0,56420.0,32.54,0.4701666666666667
14023029001,0,0,60.0,50.0,40.0,120000.0,10,59.0,39.0,40.0,3.69,92040.0,12.0,59.0,39.0,40.0,1,1,1,1,12.0,10,120.0,92040.0,3.69,0.767
14023029001,0,1,60.0,50.0,40.0,120000.0,10,59.0,39.0,40.0,3.69,92040.0,12.0,59.0,40.0,39.0,1,1,1,1,12.0,10,120.0,92040.0,3.69,0.767
14103018001,0,0,60.0,50.0,40.0,120000.0,10,40.0,38.0,26.0,3.44,39520.0,10.0,40.0,38.0,26.0,1,1,1,1,10.0,10,100.0,39520.0,3.44,0.3293333333333333
14103018001,0,1,60.0,50.0,40.0,120000.0,10,40.0,38.0,26.0,3.44,39520.0,10.0,40.0,26.0,38.0,1,1,1,1,10.0,10,100.0,39520.0,3.44,0.3293333333333333
14103018001,0,2,60.0,50.0,40.0,120000.0,10,40.0,38.0,26.0,3.44,39520.0,10.0,26.0,40.0,38.0,2,1,1,2,20.0,20,200.0,79040.0,6.88,0.6586666666666666
14103018001,0,3,60.0,50.0,40.0,120000.0,10,40.0,38.0,26.0,3.44,39520.0,10.0,26.0,38.0,40.0,2,1,1,2,20.0,20,200.0,79040.0,6.88,0.6586666666666666
14103018001,0,4,60.0,50.0,40.0,120000.0,10,40.0,38.0,26.0,3.44,39520.0,10.0,38.0,26.0,40.0,1,1,1,1,10.0,10,100.0,39520.0,3.44,0.3293333333333333
14103018001,0,5,60.0,50.0,40.0,120000.0,10,40.0,38.0,26.0,3.44,39520.0,10.0,38.0,40.0,26.0,1,1,1,1,10.0,10,100.0,39520.0,3.44,0.3293333333333333
14242133001,0,0,60.0,50.0,40.0,120000.0,10,55.0,41.0,26.0,6.004,58630.0,8.0,55.0,41.0,26.0,1,1,1,1,8.0,10,80.0,58630.0,6.004,0.4885833333333333
14120017001,0,0,60.0,50.0,40.0,120000.0,10,41.0,31.0,22.0,2.9,27962.0,12.0,41.0,31.0,22.0,1,1,1,1,12.0,10,120.0,27962.0,2.9,0.23301666666666668
14120017001,0,1,60.0,50.0,40.0,120000.0,10,41.0,31.0,22.0,2.9,27962.0,12.0,41.0,22.0,31.0,1,2,1,2,24.0,20,240.0,55924.0,5.8,0.46603333333333335
14120017001,0,2,60.0,50.0,40.0,120000.0,10,41.0,31.0,22.0,2.9,27962.0,12.0,22.0,41.0,31.0,2,1,1,2,24.0,20,240.0,55924.0,5.8,0.46603333333333335
14120017001,0,5,60.0,50.0,40.0,120000.0,10,41.0,31.0,22.0,2.9,27962.0,12.0,31.0,41.0,22.0,1,1,1,1,12.0,10,120.0,27962.0,2.9,0.23301666666666668
10052046001,0,0,60.0,50.0,40.0,120000.0,10,26.0,20.0,26.0,9.5,13520.0,12.0,26.0,20.0,26.0,2,2,1,4,48.0,40,480.0,54080.0,38.0,0.45066666666666666
10052046001,0,1,60.0,50.0,40.0,120000.0,10,26.0,20.0,26.0,9.5,13520.0,12.0,26.0,26.0,20.0,2,1,2,4,48.0,40,480.0,54080.0,38.0,0.45066666666666666
10052046001,0,2,60.0,50.0,40.0,120000.0,10,26.0,20.0,26.0,9.5,13520.0,12.0,26.0,26.0,20.0,2,1,2,4,48.0,40,480.0,54080.0,38.0,0.45066666666666666
10052046001,0,3,60.0,50.0,40.0,120000.0,10,26.0,20.0,26.0,9.5,13520.0,12.0,26.0,20.0,26.0,2,2,1,4,48.0,40,480.0,54080.0,38.0,0.45066666666666666
10052046001,0,4,60.0,50.0,40.0,120000.0,10,26.0,20.0,26.0,9.5,13520.0,12.0,20.0,26.0,26.0,3,1,1,3,36.0,30,360.0,40560.0,28.5,0.338
10052046001,0,5,60.0,50.0,40.0,120000.0,10,26.0,20.0,26.0,9.5,13520.0,12.0,20.0,26.0,26.0,3,1,1,3,36.0,30,360.0,40560.0,28.5,0.338
14203017001,0,0,60.0,50.0,40.0,120000.0,10,53.0,34.0,33.0,6.06,59466.0,40.0,53.0,34.0,33.0,1,1,1,1,40.0,10,400.0,59466.0,6.06,0.49555
14203017001,0,1,60.0,50.0,40.0,120000.0,10,53.0,34.0,33.0,6.06,59466.0,40.0,53.0,33.0,34.0,1,1,1,1,40.0,10,400.0,59466.0,6.06,0.49555
14011031001,0,0,60.0,50.0,40.0,120000.0,10,43.0,31.0,20.0,2.4,26660.0,6.0,43.0,31.0,20.0,1,1,2,2,12.0,20,120.0,53320.0,4.8,0.44433333333333336
14011031001,0,1,60.0,50.0,40.0,120000.0,10,43.0,31.0,20.0,2.4,26660.0,6.0,43.0,20.0,31.0,1,2,1,2,12.0,20,120.0,53320.0,4.8,0.44433333333333336
14011031001,0,2,60.0,50.0,40.0,120000.0,10,43.0,31.0,20.0,2.4,26660.0,6.0,20.0,43.0,31.0,3,1,1,3,18.0,30,180.0,79980.0,7.199999999999999,0.6665
14011031001,0,5,60.0,50.0,40.0,120000.0,10,43.0,31.0,20.0,2.4,26660.0,6.0,31.0,43.0,20.0,1,1,2,2,12.0,20,120.0,53320.0,4.8,0.44433333333333336
10031909001,0,0,60.0,50.0,40.0,120000.0,10,38.0,26.0,23.0,12.81,22724.0,24.0,38.0,26.0,23.0,1,1,1,1,24.0,10,240.0,22724.0,12.81,0.18936666666666666
10031909001,0,1,60.0,50.0,40.0,120000.0,10,38.0,26.0,23.0,12.81,22724.0,24.0,38.0,23.0,26.0,1,2,1,2,48.0,20,480.0,45448.0,25.62,0.3787333333333333
10031909001,0,2,60.0,50.0,40.0,120000.0,10,38.0,26.0,23.0,12.81,22724.0,24.0,23.0,38.0,26.0,2,1,1,2,48.0,20,480.0,45448.0,25.62,0.3787333333333333
10031909001,0,3,60.0,50.0,40.0,120000.0,10,38.0,26.0,23.0,12.81,22724.0,24.0,23.0,26.0,38.0,2,1,1,2,48.0,20,480.0,45448.0,25.62,0.3787333333333333
10031909001,0,4,60.0,50.0,40.0,120000.0,10,38.0,26.0,23.0,12.81,22724.0,24.0,26.0,23.0,38.0,2,2,1,4,96.0,40,960.0,90896.0,51.24,0.7574666666666666
10031909001,0,5,60.0,50.0,40.0,120000.0,10,38.0,26.0,23.0,12.81,22724.0,24.0,26.0,38.0,23.0,2,1,1,2,48.0,20,480.0,45448.0,25.62,0.3787333333333333
14833010001,0,0,60.0,50.0,40.0,120000.0,10,35.0,27.0,10.0,5.5,9450.0,24.0,35.0,27.0,10.0,1,1,4,4,96.0,40,960.0,37800.0,22.0,0.315
14833010001,0,1,60.0,50.0,40.0,120000.0,10,35.0,27.0,10.0,5.5,9450.0,24.0,35.0,10.0,27.0,1,5,1,5,120.0,50,1200.0,47250.0,27.5,0.39375
14833010001,0,2,60.0,50.0,40.0,120000.0,10,35.0,27.0,10.0,5.5,9450.0,24.0,10.0,35.0,27.0,6,1,1,6,144.0,60,1440.0,56700.0,33.0,0.4725
14833010001,0,3,60.0,50.0,40.0,120000.0,10,35.0,27.0,10.0,5.5,9450.0,24.0,10.0,27.0,35.0,6,1,1,6,144.0,60,1440.0,56700.0,33.0,0.4725
14833010001,0,4,60.0,50.0,40.0,120000.0,10,35.0,27.0,10.0,5.5,9450.0,24.0,27.0,10.0,35.0,2,5,1,10,240.0,100,2400.0,94500.0,55.0,0.7875
14833010001,0,5,60.0,50.0,40.0,120000.0,10,35.0,27.0,10.0,5.5,9450.0,24.0,27.0,35.0,10.0,2,1,4,8,192.0,80,1920.0,75600.0,44.0,0.63
14204022001,0,0,60.0,50.0,40.0,120000.0,10,52.0,40.0,40.0,5.5,83200.0,20.0,52.0,40.0,40.0,1,1,1,1,20.0,10,200.0,83200.0,5.5,0.6933333333333334
14204022001,0,1,60.0,50.0,40.0,120000.0,10,52.0,40.0,40.0,5.5,83200.0,20.0,52.0,40.0,40.0,1,1,1,1,20.0,10,200.0,83200.0,5.5,0.6933333333333334
11032225001,0,0,60.0,50.0,40.0,120000.0,10,32.0,15.0,13.0,1.45,6240.0,20.0,32.0,15.0,13.0,1,3,3,9,180.0,90,1800.0,56160.0,13.049999999999999,0.468
11032225001,0,1,60.0,50.0,40.0,120000.0,10,32.0,15.0,13.0,1.45,6240.0,20.0,32.0,13.0,15.0,1,3,2,6,120.0,60,1200.0,37440.0,8.7,0.312
11032225001,0,2,60.0,50.0,40.0,120000.0,10,32.0,15.0,13.0,1.45,6240.0,20.0,13.0,32.0,15.0,4,1,2,8,160.0,80,1600.0,49920.0,11.6,0.416
11032225001,0,3,60.0,50.0,40.0,120000.0,10,32.0,15.0,13.0,1.45,6240.0,20.0,13.0,15.0,32.0,4,3,1,12,240.0,120,2400.0,74880.0,17.4,0.624
11032225001,0,4,60.0,50.0,40.0,120000.0,10,32.0,15.0,13.0,1.45,6240.0,20.0,15.0,13.0,32.0,4,3,1,12,240.0,120,2400.0,74880.0,17.4,0.624
11032225001,0,5,60.0,50.0,40.0,120000.0,10,32.0,15.0,13.0,1.45,6240.0,20.0,15.0,32.0,13.0,4,1,3,12,240.0,120,2400.0,74880.0,17.4,0.624
10023087001,0,0,60.0,50.0,40.0,120000.0,10,36.0,25.0,17.0,9.18,15300.0,8.0,36.0,25.0,17.0,1,2,2,4,32.0,40,320.0,61200.0,36.72,0.51
10023087001,0,1,60.0,50.0,40.0,120000.0,10,36.0,25.0,17.0,9.18,15300.0,8.0,36.0,17.0,25.0,1,2,1,2,16.0,20,160.0,30600.0,18.36,0.255
10023087001,0,2,60.0,50.0,40.0,120000.0,10,36.0,25.0,17.0,9.18,15300.0,8.0,17.0,36.0,25.0,3,1,1,3,24.0,30,240.0,45900.0,27.54,0.3825
10023087001,0,3,60.0,50.0,40.0,120000.0,10,36.0,25.0,17.0,9.18,15300.0,8.0,17.0,25.0,36.0,3,2,1,6,48.0,60,480.0,91800.0,55.08,0.765
10023087001,0,4,60.0,50.0,40.0,120000.0,10,36.0,25.0,17.0,9.18,15300.0,8.0,25.0,17.0,36.0,2,2,1,4,32.0,40,320.0,61200.0,36.72,0.51
10023087001,0,5,60.0,50.0,40.0,120000.0,10,36.0,25.0,17.0,9.18,15300.0,8.0,25.0,36.0,17.0,2,1,2,4,32.0,40,320.0,61200.0,36.72,0.51
11050111001,0,0,60.0,50.0,40.0,120000.0,10,42.0,23.0,26.0,13.34,25116.0,12.0,42.0,23.0,26.0,1,2,1,2,24.0,20,240.0,50232.0,26.68,0.4186
11050111001,0,1,60.0,50.0,40.0,120000.0,10,42.0,23.0,26.0,13.34,25116.0,12.0,42.0,26.0,23.0,1,1,1,1,12.0,10,120.0,25116.0,13.34,0.2093
11050111001,0,2,60.0,50.0,40.0,120000.0,10,42.0,23.0,26.0,13.34,25116.0,12.0,26.0,42.0,23.0,2,1,1,2,24.0,20,240.0,50232.0,26.68,0.4186
11050111001,0,5,60.0,50.0,40.0,120000.0,10,42.0,23.0,26.0,13.34,25116.0,12.0,23.0,42.0,26.0,2,1,1,2,24.0,20,240.0,50232.0,26.68,0.4186
10014023001,0,0,60.0,50.0,40.0,120000.0,10,35.0,21.0,11.0,6.64,8085.0,24.0,35.0,21.0,11.0,1,2,3,6,144.0,60,1440.0,48510.0,39.839999999999996,0.40425
10014023001,0,1,60.0,50.0,40.0,120000.0,10,35.0,21.0,11.0,6.64,8085.0,24.0,35.0,11.0,21.0,1,4,1,4,96.0,40,960.0,32340.0,26.56,0.2695
10014023001,0,2,60.0,50.0,40.0,120000.0,10,35.0,21.0,11.0,6.64,8085.0,24.0,11.0,35.0,21.0,5,1,1,5,120.0,50,1200.0,40425.0,33.199999999999996,0.336875
10014023001,0,3,60.0,50.0,40.0,120000.0,10,35.0,21.0,11.0,6.64,8085.0,24.0,11.0,21.0,35.0,5,2,1,10,240.0,100,2400.0,80850.0,66.39999999999999,0.67375
10014023001,0,4,60.0,50.0,40.0,120000.0,10,35.0,21.0,11.0,6.64,8085.0,24.0,21.0,11.0,35.0,2,4,1,8,192.0,80,1920.0,64680.0,53.12,0.539
10014023001,0,5,60.0,50.0,40.0,120000.0,10,35.0,21.0,11.0,6.64,8085.0,24.0,21.0,35.0,11.0,2,1,3,6,144.0,60,1440.0,48510.0,39.839999999999996,0.40425
10002071001,0,0,60.0,50.0,40.0,120000.0,10,42.0,28.0,25.0,15.95,29400.0,24.0,42.0,28.0,25.0,1,1,1,1,24.0,10,240.0,29400.0,15.95,0.245
10002071001,0,1,60.0,50.0,40.0,120000.0,10,42.0,28.0,25.0,15.95,29400.0,24.0,42.0,25.0,28.0,1,2,1,2,48.0,20,480.0,58800.0,31.9,0.49
10002071001,0,2,60.0,50.0,40.0,120000.0,10,42.0,28.0,25.0,15.95,29400.0,24.0,25.0,42.0,28.0,2,1,1,2,48.0,20,480.0,58800.0,31.9,0.49
10002071001,0,5,60.0,50.0,40.0,120000.0,10,42.0,28.0,25.0,15.95,29400.0,24.0,28.0,42.0,25.0,2,1,1,2,48.0,20,480.0,58800.0,31.9,0.49
12005072003,0,0,60.0,50.0,40.0,120000.0,10,32.0,20.0,20.0,2.8,12800.0,12.0,32.0,20.0,20.0,1,2,2,4,48.0,40,480.0,51200.0,11.2,0.4266666666666667
12005072003,0,1,60.0,50.0,40.0,120000.0,10,32.0,20.0,20.0,2.8,12800.0,12.0,32.0,20.0,20.0,1,2,2,4,48.0,40,480.0,51200.0,11.2,0.4266666666666667
12005072003,0,2,60.0,50.0,40.0,120000.0,10,32.0,20.0,20.0,2.8,12800.0,12.0,20.0,32.0,20.0,3,1,2,6,72.0,60,720.0,76800.0,16.799999999999997,0.64
12005072003,0,3,60.0,50.0,40.0,120000.0,10,32.0,20.0,20.0,2.8,12800.0,12.0,20.0,20.0,32.0,3,2,1,6,72.0,60,720.0,76800.0,16.799999999999997,0.64
12005072003,0,4,60.0,50.0,40.0,120000.0,10,32.0,20.0,20.0,2.8,12800.0,12.0,20.0,20.0,32.0,3,2,1,6,72.0,60,720.0,76800.0,16.799999999999997,0.64
12005072003,0,5,60.0,50.0,40.0,120000.0,10,32.0,20.0,20.0,2.8,12800.0,12.0,20.0,32.0,20.0,3,1,2,6,72.0,60,720.0,76800.0,16.799999999999997,0.64
10030005001,0,0,60.0,50.0,40.0,120000.0,10,38.0,28.0,32.0,19.37,34048.0,12.0,38.0,28.0,32.0,1,1,1,1,12.0,10,120.0,34048.0,19.37,0.28373333333333334
10030005001,0,1,60.0,50.0,40.0,120000.0,10,38.0,28.0,32.0,19.37,34048.0,12.0,38.0,32.0,28.0,1,1,1,1,12.0,10,120.0,34048.0,19.37,0.28373333333333334
10030005001,0,2,60.0,50.0,40.0,120000.0,10,38.0,28.0,32.0,19.37,34048.0,12.0,32.0,38.0,28.0,1,1,1,1,12.0,10,120.0,34048.0,19.37,0.28373333333333334
10030005001,0,3,60.0,50.0,40.0,120000.0,10,38.0,28.0,32.0,19.37,34048.0,12.0,32.0,28.0,38.0,1,1,1,1,12.0,10,120.0,34048.0,19.37,0.28373333333333334
10030005001,0,4,60.0,50.0,40.0,120000.0,10,38.0,28.0,32.0,19.37,34048.0,12.0,28.0,32.0,38.0,2,1,1,2,24.0,20,240.0,68096.0,38.74,0.5674666666666667
10030005001,0,5,60.0,50.0,40.0,120000.0,10,38.0,28.0,32.0,19.37,34048.0,12.0,28.0,38.0,32.0,2,1,1,2,24.0,20,240.0,68096.0,38.74,0.5674666666666667
14105129001,0,0,60.0,50.0,40.0,120000.0,10,36.0,34.0,18.0,2.28,22032.0,9.0,36.0,34.0,18.0,1,1,2,2,18.0,20,180.0,44064.0,4.56,0.3672
14105129001,0,1,60.0,50.0,40.0,120000.0,10,36.0,34.0,18.0,2.28,22032.0,9.0,36.0,18.0,34.0,1,2,1,2,18.0,20,180.0,44064.0,4.56,0.3672
14105129001,0,2,60.0,50.0,40.0,120000.0,10,36.0,34.0,18.0,2.28,22032.0,9.0,18.0,36.0,34.0,3,1,1,3,27.0,30,270.0,66096.0,6.84,0.5508
14105129001,0,3,60.0,50.0,40.0,120000.0,10,36.0,34.0,18.0,2.28,22032.0,9.0,18.0,34.0,36.0,3,1,1,3,27.0,30,270.0,66096.0,6.84,0.5508
14105129001,0,4,60.0,50.0,40.0,120000.0,10,36.0,34.0,18.0,2.28,22032.0,9.0,34.0,18.0,36.0,1,2,1,2,18.0,20,180.0,44064.0,4.56,0.3672
14105129001,0,5,60.0,50.0,40.0,120000.0,10,36.0,34.0,18.0,2.28,22032.0,9.0,34.0,36.0,18.0,1,1,2,2,18.0,20,180.0,44064.0,4.56,0.3672
14243058001,0,0,60.0,50.0,40.0,120000.0,10,34.0,24.0,13.0,2.24,10608.0,12.0,34.0,24.0,13.0,1,2,3,6,72.0,60,720.0,63648.0,13.440000000000001,0.5304
14243058001,0,1,60.0,50.0,40.0,120000.0,10,34.0,24.0,13.0,2.24,10608.0,12.0,34.0,13.0,24.0,1,3,1,3,36.0,30,360.0,31824.0,6.720000000000001,0.2652
14243058001,0,2,60.0,50.0,40.0,120000.0,10,34.0,24.0,13.0,2.24,10608.0,12.0,13.0,34.0,24.0,4,1,1,4,48.0,40,480.0,42432.0,8.96,0.3536
14243058001,0,3,60.0,50.0,40.0,120000.0,10,34.0,24.0,13.0,2.24,10608.0,12.0,13.0,24.0,34.0,4,2,1,8,96.0,80,960.0,84864.0,17.92,0.7072
14243058001,0,4,60.0,50.0,40.0,120000.0,10,34.0,24.0,13.0,2.24,10608.0,12.0,24.0,13.0,34.0,2,3,1,6,72.0,60,720.0,63648.0,13.440000000000001,0.5304
14243058001,0,5,60.0,50.0,40.0,120000.0,10,34.0,24.0,13.0,2.24,10608.0,12.0,24.0,34.0,13.0,2,1,3,6,72.0,60,720.0,63648.0,13.440000000000001,0.5304
15021003001,0,0,60.0,50.0,40.0,120000.0,10,32.0,18.0,12.0,5.33,6912.0,24.0,32.0,18.0,12.0,1,2,3,6,144.0,60,1440.0,41472.0,31.98,0.3456
15021003001,0,1,60.0,50.0,40.0,120000.0,10,32.0,18.0,12.0,5.33,6912.0,24.0,32.0,12.0,18.0,1,4,2,8,192.0,80,1920.0,55296.0,42.64,0.4608
15021003001,0,2,60.0,50.0,40.0,120000.0,10,32.0,18.0,12.0,5.33,6912.0,24.0,12.0,32.0,18.0,5,1,2,10,240.0,100,2400.0,69120.0,53.3,0.576
15021003001,0,3,60.0,50.0,40.0,120000.0,10,32.0,18.0,12.0,5.33,6912.0,24.0,12.0,18.0,32.0,5,2,1,10,240.0,100,2400.0,69120.0,53.3,0.576
15021003001,0,4,60.0,50.0,40.0,120000.0,10,32.0,18.0,12.0,5.33,6912.0,24.0,18.0,12.0,32.0,3,4,1,12,288.0,120,2880.0,82944.0,63.96,0.6912
15021003001,0,5,60.0,50.0,40.0,120000.0,10,32.0,18.0,12.0,5.33,6912.0,24.0,18.0,32.0,12.0,3,1,3,9,216.0,90,2160.0,62208.0,47.97,0.5184
14506898001,0,0,60.0,50.0,40.0,120000.0,10,43.0,35.0,34.0,9.21,51170.0,80.0,43.0,35.0,34.0,1,1,1,1,80.0,10,800.0,51170.0,9.21,0.42641666666666667
14506898001,0,1,60.0,50.0,40.0,120000.0,10,43.0,35.0,34.0,9.21,51170.0,80.0,43.0,34.0,35.0,1,1,1,1,80.0,10,800.0,51170.0,9.21,0.42641666666666667
14506898001,0,2,60.0,50.0,40.0,120000.0,10,43.0,35.0,34.0,9.21,51170.0,80.0,34.0,43.0,35.0,1,1,1,1,80.0,10,800.0,51170.0,9.21,0.42641666666666667
14506898001,0,5,60.0,50.0,40.0,120000.0,10,43.0,35.0,34.0,9.21,51170.0,80.0,35.0,43.0,34.0,1,1,1,1,80.0,10,800.0,51170.0,9.21,0.42641666666666667
12011322001,0,0,60.0,50.0,40.0,120000.0,10,39.0,26.0,27.0,10.446,27378.0,12.0,39.0,26.0,27.0,1,1,1,1,12.0,10,120.0,27378.0,10.446,0.22815
12011322001,0,1,60.0,50.0,40.0,120000.0,10,39.0,26.0,27.0,10.446,27378.0,12.0,39.0,27.0,26.0,1,1,1,1,12.0,10,120.0,27378.0,10.446,0.22815
12011322001,0,2,60.0,50.0,40.0,120000.0,10,39.0,26.0,27.0,10.446,27378.0,12.0,27.0,39.0,26.0,2,1,1,2,24.0,20,240.0,54756.0,20.892,0.4563
12011322001,0,3,60.0,50.0,40.0,120000.0,10,39.0,26.0,27.0,10.446,27378.0,12.0,27.0,26.0,39.0,2,1,1,2,24.0,20,240.0,54756.0,20.892,0.4563
12011322001,0,4,60.0,50.0,40.0,120000.0,10,39.0,26.0,27.0,10.446,27378.0,12.0,26.0,27.0,39.0,2,1,1,2,24.0,20,240.0,54756.0,20.892,0.4563
12011322001,0,5,60.0,50.0,40.0,120000.0,10,39.0,26.0,27.0,10.446,27378.0,12.0,26.0,39.0,27.0,2,1,1,2,24.0,20,240.0,54756.0,20.892,0.4563
10031013001,0,0,60.0,50.0,40.0,120000.0,10,40.0,20.0,14.0,9.82,11200.0,24.0,40.0,20.0,14.0,1,2,2,4,96.0,40,960.0,44800.0,39.28,0.37333333333333335
10031013001,0,1,60.0,50.0,40.0,120000.0,10,40.0,20.0,14.0,9.82,11200.0,24.0,40.0,14.0,20.0,1,3,2,6,144.0,60,1440.0,67200.0,58.92,0.56
10031013001,0,2,60.0,50.0,40.0,120000.0,10,40.0,20.0,14.0,9.82,11200.0,24.0,14.0,40.0,20.0,4,1,2,8,192.0,80,1920.0,89600.0,78.56,0.7466666666666667
10031013001,0,3,60.0,50.0,40.0,120000.0,10,40.0,20.0,14.0,9.82,11200.0,24.0,14.0,20.0,40.0,4,2,1,8,192.0,80,1920.0,89600.0,78.56,0.7466666666666667
10031013001,0,4,60.0,50.0,40.0,120000.0,10,40.0,20.0,14.0,9.82,11200.0,24.0,20.0,14.0,40.0,3,3,1,9,216.0,90,2160.0,100800.0,88.38,0.84
10031013001,0,5,60.0,50.0,40.0,120000.0,10,40.0,20.0,14.0,9.82,11200.0,24.0,20.0,40.0,14.0,3,1,2,6,144.0,60,1440.0,67200.0,58.92,0.56
14101004001,0,0,60.0,50.0,40.0,120000.0,10,33.0,28.0,38.0,8.1,35112.0,12.0,33.0,28.0,38.0,1,1,1,1,12.0,10,120.0,35112.0,8.1,0.2926
14101004001,0,1,60.0,50.0,40.0,120000.0,10,33.0,28.0,38.0,8.1,35112.0,12.0,33.0,38.0,28.0,1,1,1,1,12.0,10,120.0,35112.0,8.1,0.2926
14101004001,0,2,60.0,50.0,40.0,120000.0,10,33.0,28.0,38.0,8.1,35112.0,12.0,38.0,33.0,28.0,1,1,1,1,12.0,10,120.0,35112.0,8.1,0.2926
14101004001,0,3,60.0,50.0,40.0,120000.0,10,33.0,28.0,38.0,8.1,35112.0,12.0,38.0,28.0,33.0,1,1,1,1,12.0,10,120.0,35112.0,8.1,0.2926
14101004001,0,4,60.0,50.0,40.0,120000.0,10,33.0,28.0,38.0,8.1,35112.0,12.0,28.0,38.0,33.0,2,1,1,2,24.0,20,240.0,70224.0,16.2,0.5852
14101004001,0,5,60.0,50.0,40.0,120000.0,10,33.0,28.0,38.0,8.1,35112.0,12.0,28.0,33.0,38.0,2,1,1,2,24.0,20,240.0,70224.0,16.2,0.5852
30045079001,0,0,60.0,50.0,40.0,120000.0,10,38.0,32.0,26.0,4.0,31616.0,60.0,38.0,32.0,26.0,1,1,1,1,60.0,10,600.0,31616.0,4.0,0.2634666666666667
30045079001,0,1,60.0,50.0,40.0,120000.0,10,38.0,32.0,26.0,4.0,31616.0,60.0,38.0,26.0,32.0,1,1,1,1,60.0,10,600.0,31616.0,4.0,0.2634666666666667
30045079001,0,2,60.0,50.0,40.0,120000.0,10,38.0,32.0,26.0,4.0,31616.0,60.0,26.0,38.0,32.0,2,1,1,2,120.0,20,1200.0,63232.0,8.0,0.5269333333333334
30045079001,0,3,60.0,50.0,40.0,120000.0,10,38.0,32.0,26.0,4.0,31616.0,60.0,26.0,32.0,38.0,2,1,1,2,120.0,20,1200.0,63232.0,8.0,0.5269333333333334
30045079001,0,4,60.0,50.0,40.0,120000.0,10,38.0,32.0,26.0,4.0,31616.0,60.0,32.0,26.0,38.0,1,1,1,1,60.0,10,600.0,31616.0,4.0,0.2634666666666667
30045079001,0,5,60.0,50.0,40.0,120000.0,10,38.0,32.0,26.0,4.0,31616.0,60.0,32.0,38.0,26.0,1,1,1,1,60.0,10,600.0,31616.0,4.0,0.2634666666666667
15022015001,0,0,60.0,50.0,40.0,120000.0,10,36.0,24.0,13.0,6.29,11232.0,24.0,36.0,24.0,13.0,1,2,3,6,144.0,60,1440.0,67392.0,37.74,0.5616
15022015001,0,1,60.0,50.0,40.0,120000.0,10,36.0,24.0,13.0,6.29,11232.0,24.0,36.0,13.0,24.0,1,3,1,3,72.0,30,720.0,33696.0,18.87,0.2808
15022015001,0,2,60.0,50.0,40.0,120000.0,10,36.0,24.0,13.0,6.29,11232.0,24.0,13.0,36.0,24.0,4,1,1,4,96.0,40,960.0,44928.0,25.16,0.3744
15022015001,0,3,60.0,50.0,40.0,120000.0,10,36.0,24.0,13.0,6.29,11232.0,24.0,13.0,24.0,36.0,4,2,1,8,192.0,80,1920.0,89856.0,50.32,0.7488
15022015001,0,4,60.0,50.0,40.0,120000.0,10,36.0,24.0,13.0,6.29,11232.0,24.0,24.0,13.0,36.0,2,3,1,6,144.0,60,1440.0,67392.0,37.74,0.5616
15022015001,0,5,60.0,50.0,40.0,120000.0,10,36.0,24.0,13.0,6.29,11232.0,24.0,24.0,36.0,13.0,2,1,3,6,144.0,60,1440.0,67392.0,37.74,0.5616
12020101001,0,0,60.0,50.0,40.0,120000.0,10,26.0,24.0,19.0,5.47,11856.0,24.0,26.0,24.0,19.0,2,2,2,8,192.0,80,1920.0,94848.0,43.76,0.7904
12020101001,0,1,60.0,50.0,40.0,120000.0,10,26.0,24.0,19.0,5.47,11856.0,24.0,26.0,19.0,24.0,2,2,1,4,96.0,40,960.0,47424.0,21.88,0.3952
12020101001,0,2,60.0,50.0,40.0,120000.0,10,26.0,24.0,19.0,5.47,11856.0,24.0,19.0,26.0,24.0,3,1,1,3,72.0,30,720.0,35568.0,16.41,0.2964
12020101001,0,3,60.0,50.0,40.0,120000.0,10,26.0,24.0,19.0,5.47,11856.0,24.0,19.0,24.0,26.0,3,2,1,6,144.0,60,1440.0,71136.0,32.82,0.5928
12020101001,0,4,60.0,50.0,40.0,120000.0,10,26.0,24.0,19.0,5.47,11856.0,24.0,24.0,19.0,26.0,2,2,1,4,96.0,40,960.0,47424.0,21.88,0.3952
12020101001,0,5,60.0,50.0,40.0,120000.0,10,26.0,24.0,19.0,5.47,11856.0,24.0,24.0,26.0,19.0,2,1,2,4,96.0,40,960.0,47424.0,21.88,0.3952
11040010001,0,0,60.0,50.0,40.0,120000.0,10,36.0,21.0,29.0,8.6,21924.0,12.0,36.0,21.0,29.0,1,2,1,2,24.0,20,240.0,43848.0,17.2,0.3654
11040010001,0,1,60.0,50.0,40.0,120000.0,10,36.0,21.0,29.0,8.6,21924.0,12.0,36.0,29.0,21.0,1,1,1,1,12.0,10,120.0,21924.0,8.6,0.1827
11040010001,0,2,60.0,50.0,40.0,120000.0,10,36.0,21.0,29.0,8.6,21924.0,12.0,29.0,36.0,21.0,2,1,1,2,24.0,20,240.0,43848.0,17.2,0.3654
11040010001,0,3,60.0,50.0,40.0,120000.0,10,36.0,21.0,29.0,8.6,21924.0,12.0,29.0,21.0,36.0,2,2,1,4,48.0,40,480.0,87696.0,34.4,0.7308
11040010001,0,4,60.0,50.0,40.0,120000.0,10,36.0,21.0,29.0,8.6,21924.0,12.0,21.0,29.0,36.0,2,1,1,2,24.0,20,240.0,43848.0,17.2,0.3654
11040010001,0,5,60.0,50.0,40.0,120000.0,10,36.0,21.0,29.0,8.6,21924.0,12.0,21.0,36.0,29.0,2,1,1,2,24.0,20,240.0,43848.0,17.2,0.3654
14242012001,0,0,60.0,50.0,40.0,120000.0,10,40.0,30.0,19.0,3.258,22800.0,10.0,40.0,30.0,19.0,1,1,2,2,20.0,20,200.0,45600.0,6.516,0.38
14242012001,0,1,60.0,50.0,40.0,120000.0,10,40.0,30.0,19.0,3.258,22800.0,10.0,40.0,19.0,30.0,1,2,1,2,20.0,20,200.0,45600.0,6.516,0.38
14242012001,0,2,60.0,50.0,40.0,120000.0,10,40.0,30.0,19.0,3.258,22800.0,10.0,19.0,40.0,30.0,3,1,1,3,30.0,30,300.0,68400.0,9.774000000000001,0.57
14242012001,0,3,60.0,50.0,40.0,120000.0,10,40.0,30.0,19.0,3.258,22800.0,10.0,19.0,30.0,40.0,3,1,1,3,30.0,30,300.0,68400.0,9.774000000000001,0.57
14242012001,0,4,60.0,50.0,40.0,120000.0,10,40.0,30.0,19.0,3.258,22800.0,10.0,30.0,19.0,40.0,2,2,1,4,40.0,40,400.0,91200.0,13.032,0.76
14242012001,0,5,60.0,50.0,40.0,120000.0,10,40.0,30.0,19.0,3.258,22800.0,10.0,30.0,40.0,19.0,2,1,2,4,40.0,40,400.0,91200.0,13.032,0.76
31531171001,0,0,60.0,50.0,40.0,120000.0,10,33.0,20.0,17.0,1.14,11220.0,12.0,33.0,20.0,17.0,1,2,2,4,48.0,40,480.0,44880.0,4.56,0.374
31531171001,0,1,60.0,50.0,40.0,120000.0,10,33.0,20.0,17.0,1.14,11220.0,12.0,33.0,17.0,20.0,1,2,2,4,48.0,40,480.0,44880.0,4.56,0.374
31531171001,0,2,60.0,50.0,40.0,120000.0,10,33.0,20.0,17.0,1.14,11220.0,12.0,17.0,33.0,20.0,3,1,2,6,72.0,60,720.0,67320.0,6.84,0.561
31531171001,0,3,60.0,50.0,40.0,120000.0,10,33.0,20.0,17.0,1.14,11220.0,12.0,17.0,20.0,33.0,3,2,1,6,72.0,60,720.0,67320.0,6.84,0.561
31531171001,0,4,60.0,50.0,40.0,120000.0,10,33.0,20.0,17.0,1.14,11220.0,12.0,20.0,17.0,33.0,3,2,1,6,72.0,60,720.0,67320.0,6.84,0.561
31531171001,0,5,60.0,50.0,40.0,120000.0,10,33.0,20.0,17.0,1.14,11220.0,12.0,20.0,33.0,17.0,3,1,2,6,72.0,60,720.0,67320.0,6.84,0.561
14620021001,0,0,60.0,50.0,40.0,120000.0,10,32.0,25.0,26.0,11.13,20800.0,12.0,32.0,25.0,26.0,1,2,1,2,24.0,20,240.0,41600.0,22.26,0.3466666666666667
14620021001,0,1,60.0,50.0,40.0,120000.0,10,32.0,25.0,26.0,11.13,20800.0,12.0,32.0,26.0,25.0,1,1,1,1,12.0,10,120.0,20800.0,11.13,0.17333333333333334
14620021001,0,2,60.0,50.0,40.0,120000.0,10,32.0,25.0,26.0,11.13,20800.0,12.0,26.0,32.0,25.0,2,1,1,2,24.0,20,240.0,41600.0,22.26,0.3466666666666667
14620021001,0,3,60.0,50.0,40.0,120000.0,10,32.0,25.0,26.0,11.13,20800.0,12.0,26.0,25.0,32.0,2,2,1,4,48.0,40,480.0,83200.0,44.52,0.6933333333333334
14620021001,0,4,60.0,50.0,40.0,120000.0,10,32.0,25.0,26.0,11.13,20800.0,12.0,25.0,26.0,32.0,2,1,1,2,24.0,20,240.0,41600.0,22.26,0.3466666666666667
14620021001,0,5,60.0,50.0,40.0,120000.0,10,32.0,25.0,26.0,11.13,20800.0,12.0,25.0,32.0,26.0,2,1,1,2,24.0,20,240.0,41600.0,22.26,0.3466666666666667
14010011001,0,0,60.0,50.0,40.0,120000.0,10,51.0,42.0,24.0,2.01,51408.0,6.0,51.0,42.0,24.0,1,1,1,1,6.0,10,60.0,51408.0,2.01,0.4284
12234916001,0,0,60.0,50.0,40.0,120000.0,10,44.0,40.0,27.0,5.25,47520.0,6.0,44.0,40.0,27.0,1,1,1,1,6.0,10,60.0,47520.0,5.25,0.396
12234916001,0,1,60.0,50.0,40.0,120000.0,10,44.0,40.0,27.0,5.25,47520.0,6.0,44.0,27.0,40.0,1,1,1,1,6.0,10,60.0,47520.0,5.25,0.396
12234916001,0,2,60.0,50.0,40.0,120000.0,10,44.0,40.0,27.0,5.25,47520.0,6.0,27.0,44.0,40.0,2,1,1,2,12.0,20,120.0,95040.0,10.5,0.792
12234916001,0,5,60.0,50.0,40.0,120000.0,10,44.0,40.0,27.0,5.25,47520.0,6.0,40.0,44.0,27.0,1,1,1,1,6.0,10,60.0,47520.0,5.25,0.396
10033070001,0,0,60.0,50.0,40.0,120000.0,10,42.0,28.0,24.0,15.46,28224.0,24.0,42.0,28.0,24.0,1,1,1,1,24.0,10,240.0,28224.0,15.46,0.2352
10033070001,0,1,60.0,50.0,40.0,120000.0,10,42.0,28.0,24.0,15.46,28224.0,24.0,42.0,24.0,28.0,1,2,1,2,48.0,20,480.0,56448.0,30.92,0.4704
10033070001,0,2,60.0,50.0,40.0,120000.0,10,42.0,28.0,24.0,15.46,28224.0,24.0,24.0,42.0,28.0,2,1,1,2,48.0,20,480.0,56448.0,30.92,0.4704
10033070001,0,5,60.0,50.0,40.0,120000.0,10,42.0,28.0,24.0,15.46,28224.0,24.0,28.0,42.0,24.0,2,1,1,2,48.0,20,480.0,56448.0,30.92,0.4704
14361106001,0,0,60.0,50.0,40.0,120000.0,10,47.0,34.0,26.0,5.19,41548.0,12.0,47.0,34.0,26.0,1,1,1,1,12.0,10,120.0,41548.0,5.19,0.34623333333333334
14361106001,0,1,60.0,50.0,40.0,120000.0,10,47.0,34.0,26.0,5.19,41548.0,12.0,47.0,26.0,34.0,1,1,1,1,12.0,10,120.0,41548.0,5.19,0.34623333333333334
14361106001,0,2,60.0,50.0,40.0,120000.0,10,47.0,34.0,26.0,5.19,41548.0,12.0,26.0,47.0,34.0,2,1,1,2,24.0,20,240.0,83096.0,10.38,0.6924666666666667
14361106001,0,5,60.0,50.0,40.0,120000.0,10,47.0,34.0,26.0,5.19,41548.0,12.0,34.0,47.0,26.0,1,1,1,1,12.0,10,120.0,41548.0,5.19,0.34623333333333334
10041006001,0,0,60.0,50.0,40.0,120000.0,10,40.0,26.0,22.0,12.85,22880.0,24.0,40.0,26.0,22.0,1,1,1,1,24.0,10,240.0,22880.0,12.85,0.19066666666666668
10041006001,0,1,60.0,50.0,40.0,120000.0,10,40.0,26.0,22.0,12.85,22880.0,24.0,40.0,22.0,26.0,1,2,1,2,48.0,20,480.0,45760.0,25.7,0.38133333333333336
10041006001,0,2,60.0,50.0,40.0,120000.0,10,40.0,26.0,22.0,12.85,22880.0,24.0,22.0,40.0,26.0,2,1,1,2,48.0,20,480.0,45760.0,25.7,0.38133333333333336
10041006001,0,3,60.0,50.0,40.0,120000.0,10,40.0,26.0,22.0,12.85,22880.0,24.0,22.0,26.0,40.0,2,1,1,2,48.0,20,480.0,45760.0,25.7,0.38133333333333336
10041006001,0,4,60.0,50.0,40.0,120000.0,10,40.0,26.0,22.0,12.85,22880.0,24.0,26.0,22.0,40.0,2,2,1,4,96.0,40,960.0,91520.0,51.4,0.7626666666666667
10041006001,0,5,60.0,50.0,40.0,120000.0,10,40.0,26.0,22.0,12.85,22880.0,24.0,26.0,40.0,22.0,2,1,1,2,48.0,20,480.0,45760.0,25.7,0.38133333333333336
12000092001,0,0,60.0,50.0,40.0,120000.0,10,28.0,19.0,23.0,6.6,12236.0,12.0,28.0,19.0,23.0,2,2,1,4,48.0,40,480.0,48944.0,26.4,0.40786666666666666
12000092001,0,1,60.0,50.0,40.0,120000.0,10,28.0,19.0,23.0,6.6,12236.0,12.0,28.0,23.0,19.0,2,2,2,8,96.0,80,960.0,97888.0,52.8,0.8157333333333333
12000092001,0,2,60.0,50.0,40.0,120000.0,10,28.0,19.0,23.0,6.6,12236.0,12.0,23.0,28.0,19.0,2,1,2,4,48.0,40,480.0,48944.0,26.4,0.40786666666666666
12000092001,0,3,60.0,50.0,40.0,120000.0,10,28.0,19.0,23.0,6.6,12236.0,12.0,23.0,19.0,28.0,2,2,1,4,48.0,40,480.0,48944.0,26.4,0.40786666666666666
12000092001,0,4,60.0,50.0,40.0,120000.0,10,28.0,19.0,23.0,6.6,12236.0,12.0,19.0,23.0,28.0,3,2,1,6,72.0,60,720.0,73416.0,39.599999999999994,0.6118
12000092001,0,5,60.0,50.0,40.0,120000.0,10,28.0,19.0,23.0,6.6,12236.0,12.0,19.0,28.0,23.0,3,1,1,3,36.0,30,360.0,36708.0,19.799999999999997,0.3059
14852904001,0,0,60.0,50.0,40.0,120000.0,10,48.0,33.0,14.0,12.7,22176.0,24.0,48.0,33.0,14.0,1,1,2,2,48.0,20,480.0,44352.0,25.4,0.3696
14852904001,0,1,60.0,50.0,40.0,120000.0,10,48.0,33.0,14.0,12.7,22176.0,24.0,48.0,14.0,33.0,1,3,1,3,72.0,30,720.0,66528.0,38.099999999999994,0.5544
14852904001,0,2,60.0,50.0,40.0,120000.0,10,48.0,33.0,14.0,12.7,22176.0,24.0,14.0,48.0,33.0,4,1,1,4,96.0,40,960.0,88704.0,50.8,0.7392
14852904001,0,5,60.0,50.0,40.0,120000.0,10,48.0,33.0,14.0,12.7,22176.0,24.0,33.0,48.0,14.0,1,1,2,2,48.0,20,480.0,44352.0,25.4,0.3696
14620907001,0,0,60.0,50.0,40.0,120000.0,10,33.0,23.0,28.0,12.22,21252.0,6.0,33.0,23.0,28.0,1,2,1,2,12.0,20,120.0,42504.0,24.44,0.3542
14620907001,0,1,60.0,50.0,40.0,120000.0,10,33.0,23.0,28.0,12.22,21252.0,6.0,33.0,28.0,23.0,1,1,1,1,6.0,10,60.0,21252.0,12.22,0.1771
14620907001,0,2,60.0,50.0,40.0,120000.0,10,33.0,23.0,28.0,12.22,21252.0,6.0,28.0,33.0,23.0,2,1,1,2,12.0,20,120.0,42504.0,24.44,0.3542
14620907001,0,3,60.0,50.0,40.0,120000.0,10,33.0,23.0,28.0,12.22,21252.0,6.0,28.0,23.0,33.0,2,2,1,4,24.0,40,240.0,85008.0,48.88,0.7084
14620907001,0,4,60.0,50.0,40.0,120000.0,10,33.0,23.0,28.0,12.22,21252.0,6.0,23.0,28.0,33.0,2,1,1,2,12.0,20,120.0,42504.0,24.44,0.3542
14620907001,0,5,60.0,50.0,40.0,120000.0,10,33.0,23.0,28.0,12.22,21252.0,6.0,23.0,33.0,28.0,2,1,1,2,12.0,20,120.0,42504.0,24.44,0.3542
10040089001,0,0,60.0,50.0,40.0,120000.0,10,35.0,29.0,20.0,13.2,20300.0,20.0,35.0,29.0,20.0,1,1,2,2,40.0,20,400.0,40600.0,26.4,0.3383333333333333
10040089001,0,1,60.0,50.0,40.0,120000.0,10,35.0,29.0,20.0,13.2,20300.0,20.0,35.0,20.0,29.0,1,2,1,2,40.0,20,400.0,40600.0,26.4,0.3383333333333333
10040089001,0,2,60.0,50.0,40.0,120000.0,10,35.0,29.0,20.0,13.2,20300.0,20.0,20.0,35.0,29.0,3,1,1,3,60.0,30,600.0,60900.0,39.599999999999994,0.5075
10040089001,0,3,60.0,50.0,40.0,120000.0,10,35.0,29.0,20.0,13.2,20300.0,20.0,20.0,29.0,35.0,3,1,1,3,60.0,30,600.0,60900.0,39.599999999999994,0.5075
10040089001,0,4,60.0,50.0,40.0,120000.0,10,35.0,29.0,20.0,13.2,20300.0,20.0,29.0,20.0,35.0,2,2,1,4,80.0,40,800.0,81200.0,52.8,0.6766666666666666
10040089001,0,5,60.0,50.0,40.0,120000.0,10,35.0,29.0,20.0,13.2,20300.0,20.0,29.0,35.0,20.0,2,1,2,4,80.0,40,800.0,81200.0,52.8,0.6766666666666666
11111023001,0,0,60.0,50.0,40.0,120000.0,10,26.0,18.0,26.0,6.7,12168.0,6.0,26.0,18.0,26.0,2,2,1,4,24.0,40,240.0,48672.0,26.8,0.4056
11111023001,0,1,60.0,50.0,40.0,120000.0,10,26.0,18.0,26.0,6.7,12168.0,6.0,26.0,26.0,18.0,2,1,2,4,24.0,40,240.0,48672.0,26.8,0.4056
11111023001,0,2,60.0,50.0,40.0,120000.0,10,26.0,18.0,26.0,6.7,12168.0,6.0,26.0,26.0,18.0,2,1,2,4,24.0,40,240.0,48672.0,26.8,0.4056
11111023001,0,3,60.0,50.0,40.0,120000.0,10,26.0,18.0,26.0,6.7,12168.0,6.0,26.0,18.0,26.0,2,2,1,4,24.0,40,240.0,48672.0,26.8,0.4056
11111023001,0,4,60.0,50.0,40.0,120000.0,10,26.0,18.0,26.0,6.7,12168.0,6.0,18.0,26.0,26.0,3,1,1,3,18.0,30,180.0,36504.0,20.1,0.3042
11111023001,0,5,60.0,50.0,40.0,120000.0,10,26.0,18.0,26.0,6.7,12168.0,6.0,18.0,26.0,26.0,3,1,1,3,18.0,30,180.0,36504.0,20.1,0.3042
11061071001,0,0,60.0,50.0,40.0,120000.0,10,42.0,39.0,30.0,1.82,49140.0,20.0,42.0,39.0,30.0,1,1,1,1,20.0,10,200.0,49140.0,1.82,0.4095
11061071001,0,1,60.0,50.0,40.0,120000.0,10,42.0,39.0,30.0,1.82,49140.0,20.0,42.0,30.0,39.0,1,1,1,1,20.0,10,200.0,49140.0,1.82,0.4095
11061071001,0,2,60.0,50.0,40.0,120000.0,10,42.0,39.0,30.0,1.82,49140.0,20.0,30.0,42.0,39.0,2,1,1,2,40.0,20,400.0,98280.0,3.64,0.819
11061071001,0,5,60.0,50.0,40.0,120000.0,10,42.0,39.0,30.0,1.82,49140.0,20.0,39.0,42.0,30.0,1,1,1,1,20.0,10,200.0,49140.0,1.82,0.4095
12201898001,0,0,60.0,50.0,40.0,120000.0,10,19.0,10.0,8.0,1.0,1520.0,1.0,19.0,10.0,8.0,3,5,5,75,75.0,750,750.0,114000.0,75.0,0.95
12201898001,0,1,60.0,50.0,40.0,120000.0,10,19.0,10.0,8.0,1.0,1520.0,1.0,19.0,8.0,10.0,3,6,4,72,72.0,720,720.0,109440.0,72.0,0.912
12201898001,0,2,60.0,50.0,40.0,120000.0,10,19.0,10.0,8.0,1.0,1520.0,1.0,8.0,19.0,10.0,7,2,4,56,56.0,560,560.0,85120.0,56.0,0.7093333333333334
12201898001,0,3,60.0,50.0,40.0,120000.0,10,19.0,10.0,8.0,1.0,1520.0,1.0,8.0,10.0,19.0,7,5,2,70,70.0,700,700.0,106400.0,70.0,0.8866666666666667
12201898001,0,4,60.0,50.0,40.0,120000.0,10,19.0,10.0,8.0,1.0,1520.0,1.0,10.0,8.0,19.0,6,6,2,72,72.0,720,720.0,109440.0,72.0,0.912
12201898001,0,5,60.0,50.0,40.0,120000.0,10,19.0,10.0,8.0,1.0,1520.0,1.0,10.0,19.0,8.0,6,2,5,60,60.0,600,600.0,91200.0,60.0,0.76
10031017001,0,0,60.0,50.0,40.0,120000.0,10,35.0,21.0,13.0,7.82,9555.0,24.0,35.0,21.0,13.0,1,2,3,6,144.0,60,1440.0,57330.0,46.92,0.47775
10031017001,0,1,60.0,50.0,40.0,120000.0,10,35.0,21.0,13.0,7.82,9555.0,24.0,35.0,13.0,21.0,1,3,1,3,72.0,30,720.0,28665.0,23.46,0.238875
10031017001,0,2,60.0,50.0,40.0,120000.0,10,35.0,21.0,13.0,7.82,9555.0,24.0,13.0,35.0,21.0,4,1,1,4,96.0,40,960.0,38220.0,31.28,0.3185
10031017001,0,3,60.0,50.0,40.0,120000.0,10,35.0,21.0,13.0,7.82,9555.0,24.0,13.0,21.0,35.0,4,2,1,8,192.0,80,1920.0,76440.0,62.56,0.637
10031017001,0,4,60.0,50.0,40.0,120000.0,10,35.0,21.0,13.0,7.82,9555.0,24.0,21.0,13.0,35.0,2,3,1,6,144.0,60,1440.0,57330.0,46.92,0.47775
10031017001,0,5,60.0,50.0,40.0,120000.0,10,35.0,21.0,13.0,7.82,9555.0,24.0,21.0,35.0,13.0,2,1,3,6,144.0,60,1440.0,57330.0,46.92,0.47775
12103154001,0,0,60.0,50.0,40.0,120000.0,10,26.0,19.0,26.0,1.09,12844.0,48.0,26.0,19.0,26.0,2,2,1,4,192.0,40,1920.0,51376.0,4.36,0.4281333333333333
12103154001,0,1,60.0,50.0,40.0,120000.0,10,26.0,19.0,26.0,1.09,12844.0,48.0,26.0,26.0,19.0,2,1,2,4,192.0,40,1920.0,51376.0,4.36,0.4281333333333333
12103154001,0,2,60.0,50.0,40.0,120000.0,10,26.0,19.0,26.0,1.09,12844.0,48.0,26.0,26.0,19.0,2,1,2,4,192.0,40,1920.0,51376.0,4.36,0.4281333333333333
12103154001,0,3,60.0,50.0,40.0,120000.0,10,26.0,19.0,26.0,1.09,12844.0,48.0,26.0,19.0,26.0,2,2,1,4,192.0,40,1920.0,51376.0,4.36,0.4281333333333333
12103154001,0,4,60.0,50.0,40.0,120000.0,10,26.0,19.0,26.0,1.09,12844.0,48.0,19.0,26.0,26.0,3,1,1,3,144.0,30,1440.0,38532.0,3.2700000000000005,0.3211
12103154001,0,5,60.0,50.0,40.0,120000.0,10,26.0,19.0,26.0,1.09,12844.0,48.0,19.0,26.0,26.0,3,1,1,3,144.0,30,1440.0,38532.0,3.2700000000000005,0.3211
14501013001,0,0,60.0,50.0,40.0,120000.0,10,42.0,28.0,22.0,2.5,25872.0,12.0,42.0,28.0,22.0,1,1,1,1,12.0,10,120.0,25872.0,2.5,0.2156
14501013001,0,1,60.0,50.0,40.0,120000.0,10,42.0,28.0,22.0,2.5,25872.0,12.0,42.0,22.0,28.0,1,2,1,2,24.0,20,240.0,51744.0,5.0,0.4312
14501013001,0,2,60.0,50.0,40.0,120000.0,10,42.0,28.0,22.0,2.5,25872.0,12.0,22.0,42.0,28.0,2,1,1,2,24.0,20,240.0,51744.0,5.0,0.4312
14501013001,0,5,60.0,50.0,40.0,120000.0,10,42.0,28.0,22.0,2.5,25872.0,12.0,28.0,42.0,22.0,2,1,1,2,24.0,20,240.0,51744.0,5.0,0.4312
14830002001,0,0,60.0,50.0,40.0,120000.0,10,31.0,24.0,9.0,3.62,6696.0,24.0,31.0,24.0,9.0,1,2,4,8,192.0,80,1920.0,53568.0,28.96,0.4464
14830002001,0,1,60.0,50.0,40.0,120000.0,10,31.0,24.0,9.0,3.62,6696.0,24.0,31.0,9.0,24.0,1,5,1,5,120.0,50,1200.0,33480.0,18.1,0.279
14830002001,0,2,60.0,50.0,40.0,120000.0,10,31.0,24.0,9.0,3.62,6696.0,24.0,9.0,31.0,24.0,6,1,1,6,144.0,60,1440.0,40176.0,21.72,0.3348
14830002001,0,3,60.0,50.0,40.0,120000.0,10,31.0,24.0,9.0,3.62,6696.0,24.0,9.0,24.0,31.0,6,2,1,12,288.0,120,2880.0,80352.0,43.44,0.6696
14830002001,0,4,60.0,50.0,40.0,120000.0,10,31.0,24.0,9.0,3.62,6696.0,24.0,24.0,9.0,31.0,2,5,1,10,240.0,100,2400.0,66960.0,36.2,0.558
14830002001,0,5,60.0,50.0,40.0,120000.0,10,31.0,24.0,9.0,3.62,6696.0,24.0,24.0,31.0,9.0,2,1,4,8,192.0,80,1920.0,53568.0,28.96,0.4464
10040048001,0,0,60.0,50.0,40.0,120000.0,10,38.0,22.0,31.0,17.0,25916.0,8.0,38.0,22.0,31.0,1,2,1,2,16.0,20,160.0,51832.0,34.0,0.43193333333333334
10040048001,0,1,60.0,50.0,40.0,120000.0,10,38.0,22.0,31.0,17.0,25916.0,8.0,38.0,31.0,22.0,1,1,1,1,8.0,10,80.0,25916.0,17.0,0.21596666666666667
10040048001,0,2,60.0,50.0,40.0,120000.0,10,38.0,22.0,31.0,17.0,25916.0,8.0,31.0,38.0,22.0,1,1,1,1,8.0,10,80.0,25916.0,17.0,0.21596666666666667
10040048001,0,3,60.0,50.0,40.0,120000.0,10,38.0,22.0,31.0,17.0,25916.0,8.0,31.0,22.0,38.0,1,2,1,2,16.0,20,160.0,51832.0,34.0,0.43193333333333334
10040048001,0,4,60.0,50.0,40.0,120000.0,10,38.0,22.0,31.0,17.0,25916.0,8.0,22.0,31.0,38.0,2,1,1,2,16.0,20,160.0,51832.0,34.0,0.43193333333333334
10040048001,0,5,60.0,50.0,40.0,120000.0,10,38.0,22.0,31.0,17.0,25916.0,8.0,22.0,38.0,31.0,2,1,1,2,16.0,20,160.0,51832.0,34.0,0.43193333333333334
12121064001,0,0,60.0,50.0,40.0,120000.0,10,24.0,9.0,12.0,1.0,2592.0,1.0,24.0,9.0,12.0,2,5,3,30,30.0,300,300.0,77760.0,30.0,0.648
12121064001,0,1,60.0,50.0,40.0,120000.0,10,24.0,9.0,12.0,1.0,2592.0,1.0,24.0,12.0,9.0,2,4,4,32,32.0,320,320.0,82944.0,32.0,0.6912
12121064001,0,2,60.0,50.0,40.0,120000.0,10,24.0,9.0,12.0,1.0,2592.0,1.0,12.0,24.0,9.0,5,2,4,40,40.0,400,400.0,103680.0,40.0,0.864
12121064001,0,3,60.0,50.0,40.0,120000.0,10,24.0,9.0,12.0,1.0,2592.0,1.0,12.0,9.0,24.0,5,5,1,25,25.0,250,250.0,64800.0,25.0,0.54
12121064001,0,4,60.0,50.0,40.0,120000.0,10,24.0,9.0,12.0,1.0,2592.0,1.0,9.0,12.0,24.0,6,4,1,24,24.0,240,240.0,62208.0,24.0,0.5184
12121064001,0,5,60.0,50.0,40.0,120000.0,10,24.0,9.0,12.0,1.0,2592.0,1.0,9.0,24.0,12.0,6,2,3,36,36.0,360,360.0,93312.0,36.0,0.7776
12004046001,0,0,60.0,50.0,40.0,120000.0,10,19.0,14.0,20.0,2.48,5320.0,12.0,19.0,14.0,20.0,3,3,2,18,216.0,180,2160.0,95760.0,44.64,0.798
12004046001,0,1,60.0,50.0,40.0,120000.0,10,19.0,14.0,20.0,2.48,5320.0,12.0,19.0,20.0,14.0,3,2,2,12,144.0,120,1440.0,63840.0,29.759999999999998,0.532
12004046001,0,2,60.0,50.0,40.0,120000.0,10,19.0,14.0,20.0,2.48,5320.0,12.0,20.0,19.0,14.0,3,2,2,12,144.0,120,1440.0,63840.0,29.759999999999998,0.532
12004046001,0,3,60.0,50.0,40.0,120000.0,10,19.0,14.0,20.0,2.48,5320.0,12.0,20.0,14.0,19.0,3,3,2,18,216.0,180,2160.0,95760.0,44.64,0.798
12004046001,0,4,60.0,50.0,40.0,120000.0,10,19.0,14.0,20.0,2.48,5320.0,12.0,14.0,20.0,19.0,4,2,2,16,192.0,160,1920.0,85120.0,39.68,0.7093333333333334
12004046001,0,5,60.0,50.0,40.0,120000.0,10,19.0,14.0,20.0,2.48,5320.0,12.0,14.0,19.0,20.0,4,2,2,16,192.0,160,1920.0,85120.0,39.68,0.7093333333333334
14133030001,0,0,60.0,50.0,40.0,120000.0,10,40.0,23.0,37.0,2.65,34040.0,12.0,40.0,23.0,37.0,1,2,1,2,24.0,20,240.0,68080.0,5.3,0.5673333333333334
14133030001,0,1,60.0,50.0,40.0,120000.0,10,40.0,23.0,37.0,2.65,34040.0,12.0,40.0,37.0,23.0,1,1,1,1,12.0,10,120.0,34040.0,2.65,0.2836666666666667
14133030001,0,2,60.0,50.0,40.0,120000.0,10,40.0,23.0,37.0,2.65,34040.0,12.0,37.0,40.0,23.0,1,1,1,1,12.0,10,120.0,34040.0,2.65,0.2836666666666667
14133030001,0,3,60.0,50.0,40.0,120000.0,10,40.0,23.0,37.0,2.65,34040.0,12.0,37.0,23.0,40.0,1,2,1,2,24.0,20,240.0,68080.0,5.3,0.5673333333333334
14133030001,0,4,60.0,50.0,40.0,120000.0,10,40.0,23.0,37.0,2.65,34040.0,12.0,23.0,37.0,40.0,2,1,1,2,24.0,20,240.0,68080.0,5.3,0.5673333333333334
14133030001,0,5,60.0,50.0,40.0,120000.0,10,40.0,23.0,37.0,2.65,34040.0,12.0,23.0,40.0,37.0,2,1,1,2,24.0,20,240.0,68080.0,5.3,0.5673333333333334
14011006001,0,0,60.0,50.0,40.0,120000.0,10,51.0,28.0,27.0,2.03,38556.0,12.0,51.0,28.0,27.0,1,1,1,1,12.0,10,120.0,38556.0,2.03,0.3213
14011006001,0,1,60.0,50.0,40.0,120000.0,10,51.0,28.0,27.0,2.03,38556.0,12.0,51.0,27.0,28.0,1,1,1,1,12.0,10,120.0,38556.0,2.03,0.3213
11070040001,0,0,60.0,50.0,40.0,120000.0,10,43.0,39.0,26.0,12.23,43602.0,24.0,43.0,39.0,26.0,1,1,1,1,24.0,10,240.0,43602.0,12.23,0.36335
11070040001,0,1,60.0,50.0,40.0,120000.0,10,43.0,39.0,26.0,12.23,43602.0,24.0,43.0,26.0,39.0,1,1,1,1,24.0,10,240.0,43602.0,12.23,0.36335
11070040001,0,2,60.0,50.0,40.0,120000.0,10,43.0,39.0,26.0,12.23,43602.0,24.0,26.0,43.0,39.0,2,1,1,2,48.0,20,480.0,87204.0,24.46,0.7267
11070040001,0,5,60.0,50.0,40.0,120000.0,10,43.0,39.0,26.0,12.23,43602.0,24.0,39.0,43.0,26.0,1,1,1,1,24.0,10,240.0,43602.0,12.23,0.36335
14223003001,0,0,60.0,50.0,40.0,120000.0,10,47.0,28.0,18.0,3.89,23688.0,10.0,47.0,28.0,18.0,1,1,2,2,20.0,20,200.0,47376.0,7.78,0.3948
14223003001,0,1,60.0,50.0,40.0,120000.0,10,47.0,28.0,18.0,3.89,23688.0,10.0,47.0,18.0,28.0,1,2,1,2,20.0,20,200.0,47376.0,7.78,0.3948
14223003001,0,2,60.0,50.0,40.0,120000.0,10,47.0,28.0,18.0,3.89,23688.0,10.0,18.0,47.0,28.0,3,1,1,3,30.0,30,300.0,71064.0,11.67,0.5922
14223003001,0,5,60.0,50.0,40.0,120000.0,10,47.0,28.0,18.0,3.89,23688.0,10.0,28.0,47.0,18.0,2,1,2,4,40.0,40,400.0,94752.0,15.56,0.7896
10021008001,0,0,60.0,50.0,40.0,120000.0,10,35.0,20.0,11.0,6.58,7700.0,24.0,35.0,20.0,11.0,1,2,3,6,144.0,60,1440.0,46200.0,39.480000000000004,0.385
10021008001,0,1,60.0,50.0,40.0,120000.0,10,35.0,20.0,11.0,6.58,7700.0,24.0,35.0,11.0,20.0,1,4,2,8,192.0,80,1920.0,61600.0,52.64,0.5133333333333333
10021008001,0,2,60.0,50.0,40.0,120000.0,10,35.0,20.0,11.0,6.58,7700.0,24.0,11.0,35.0,20.0,5,1,2,10,240.0,100,2400.0,77000.0,65.8,0.6416666666666667
10021008001,0,3,60.0,50.0,40.0,120000.0,10,35.0,20.0,11.0,6.58,7700.0,24.0,11.0,20.0,35.0,5,2,1,10,240.0,100,2400.0,77000.0,65.8,0.6416666666666667
10021008001,0,4,60.0,50.0,40.0,120000.0,10,35.0,20.0,11.0,6.58,7700.0,24.0,20.0,11.0,35.0,3,4,1,12,288.0,120,2880.0,92400.0,78.96000000000001,0.77
10021008001,0,5,60.0,50.0,40.0,120000.0,10,35.0,20.0,11.0,6.58,7700.0,24.0,20.0,35.0,11.0,3,1,3,9,216.0,90,2160.0,69300.0,59.22,0.5775
14020008001,0,0,60.0,50.0,40.0,120000.0,10,41.0,22.0,26.0,0.97,23452.0,12.0,41.0,22.0,26.0,1,2,1,2,24.0,20,240.0,46904.0,1.94,0.39086666666666664
14020008001,0,1,60.0,50.0,40.0,120000.0,10,41.0,22.0,26.0,0.97,23452.0,12.0,41.0,26.0,22.0,1,1,1,1,12.0,10,120.0,23452.0,0.97,0.19543333333333332
14020008001,0,2,60.0,50.0,40.0,120000.0,10,41.0,22.0,26.0,0.97,23452.0,12.0,26.0,41.0,22.0,2,1,1,2,24.0,20,240.0,46904.0,1.94,0.39086666666666664
14020008001,0,5,60.0,50.0,40.0,120000.0,10,41.0,22.0,26.0,0.97,23452.0,12.0,22.0,41.0,26.0,2,1,1,2,24.0,20,240.0,46904.0,1.94,0.39086666666666664
14000021001,0,0,60.0,50.0,40.0,120000.0,10,46.0,28.0,14.0,2.69,18032.0,12.0,46.0,28.0,14.0,1,1,2,2,24.0,20,240.0,36064.0,5.38,0.3005333333333333
14000021001,0,1,60.0,50.0,40.0,120000.0,10,46.0,28.0,14.0,2.69,18032.0,12.0,46.0,14.0,28.0,1,3,1,3,36.0,30,360.0,54096.0,8.07,0.4508
14000021001,0,2,60.0,50.0,40.0,120000.0,10,46.0,28.0,14.0,2.69,18032.0,12.0,14.0,46.0,28.0,4,1,1,4,48.0,40,480.0,72128.0,10.76,0.6010666666666666
14000021001,0,5,60.0,50.0,40.0,120000.0,10,46.0,28.0,14.0,2.69,18032.0,12.0,28.0,46.0,14.0,2,1,2,4,48.0,40,480.0,72128.0,10.76,0.6010666666666666
11050020001,0,0,60.0,50.0,40.0,120000.0,10,37.0,30.0,28.0,10.42,31080.0,12.0,37.0,30.0,28.0,1,1,1,1,12.0,10,120.0,31080.0,10.42,0.259
11050020001,0,1,60.0,50.0,40.0,120000.0,10,37.0,30.0,28.0,10.42,31080.0,12.0,37.0,28.0,30.0,1,1,1,1,12.0,10,120.0,31080.0,10.42,0.259
11050020001,0,2,60.0,50.0,40.0,120000.0,10,37.0,30.0,28.0,10.42,31080.0,12.0,28.0,37.0,30.0,2,1,1,2,24.0,20,240.0,62160.0,20.84,0.518
11050020001,0,3,60.0,50.0,40.0,120000.0,10,37.0,30.0,28.0,10.42,31080.0,12.0,28.0,30.0,37.0,2,1,1,2,24.0,20,240.0,62160.0,20.84,0.518
11050020001,0,4,60.0,50.0,40.0,120000.0,10,37.0,30.0,28.0,10.42,31080.0,12.0,30.0,28.0,37.0,2,1,1,2,24.0,20,240.0,62160.0,20.84,0.518
11050020001,0,5,60.0,50.0,40.0,120000.0,10,37.0,30.0,28.0,10.42,31080.0,12.0,30.0,37.0,28.0,2,1,1,2,24.0,20,240.0,62160.0,20.84,0.518
15022017001,0,0,60.0,50.0,40.0,120000.0,10,33.0,16.0,13.0,5.3,6864.0,24.0,33.0,16.0,13.0,1,3,3,9,216.0,90,2160.0,61776.0,47.699999999999996,0.5148
15022017001,0,1,60.0,50.0,40.0,120000.0,10,33.0,16.0,13.0,5.3,6864.0,24.0,33.0,13.0,16.0,1,3,2,6,144.0,60,1440.0,41184.0,31.799999999999997,0.3432
15022017001,0,2,60.0,50.0,40.0,120000.0,10,33.0,16.0,13.0,5.3,6864.0,24.0,13.0,33.0,16.0,4,1,2,8,192.0,80,1920.0,54912.0,42.4,0.4576
15022017001,0,3,60.0,50.0,40.0,120000.0,10,33.0,16.0,13.0,5.3,6864.0,24.0,13.0,16.0,33.0,4,3,1,12,288.0,120,2880.0,82368.0,63.599999999999994,0.6864
15022017001,0,4,60.0,50.0,40.0,120000.0,10,33.0,16.0,13.0,5.3,6864.0,24.0,16.0,13.0,33.0,3,3,1,9,216.0,90,2160.0,61776.0,47.699999999999996,0.5148
15022017001,0,5,60.0,50.0,40.0,120000.0,10,33.0,16.0,13.0,5.3,6864.0,24.0,16.0,33.0,13.0,3,1,3,9,216.0,90,2160.0,61776.0,47.699999999999996,0.5148
10032064001,0,0,60.0,50.0,40.0,120000.0,10,34.0,20.0,11.0,6.1,7480.0,24.0,34.0,20.0,11.0,1,2,3,6,144.0,60,1440.0,44880.0,36.599999999999994,0.374
10032064001,0,1,60.0,50.0,40.0,120000.0,10,34.0,20.0,11.0,6.1,7480.0,24.0,34.0,11.0,20.0,1,4,2,8,192.0,80,1920.0,59840.0,48.8,0.49866666666666665
10032064001,0,2,60.0,50.0,40.0,120000.0,10,34.0,20.0,11.0,6.1,7480.0,24.0,11.0,34.0,20.0,5,1,2,10,240.0,100,2400.0,74800.0,61.0,0.6233333333333333
10032064001,0,3,60.0,50.0,40.0,120000.0,10,34.0,20.0,11.0,6.1,7480.0,24.0,11.0,20.0,34.0,5,2,1,10,240.0,100,2400.0,74800.0,61.0,0.6233333333333333
10032064001,0,4,60.0,50.0,40.0,120000.0,10,34.0,20.0,11.0,6.1,7480.0,24.0,20.0,11.0,34.0,3,4,1,12,288.0,120,2880.0,89760.0,73.19999999999999,0.748
10032064001,0,5,60.0,50.0,40.0,120000.0,10,34.0,20.0,11.0,6.1,7480.0,24.0,20.0,34.0,11.0,3,1,3,9,216.0,90,2160.0,67320.0,54.9,0.561
10022030001,0,0,60.0,50.0,40.0,120000.0,10,33.0,22.0,14.0,6.53,10164.0,24.0,33.0,22.0,14.0,1,2,2,4,96.0,40,960.0,40656.0,26.12,0.3388
10022030001,0,1,60.0,50.0,40.0,120000.0,10,33.0,22.0,14.0,6.53,10164.0,24.0,33.0,14.0,22.0,1,3,1,3,72.0,30,720.0,30492.0,19.59,0.2541
10022030001,0,2,60.0,50.0,40.0,120000.0,10,33.0,22.0,14.0,6.53,10164.0,24.0,14.0,33.0,22.0,4,1,1,4,96.0,40,960.0,40656.0,26.12,0.3388
10022030001,0,3,60.0,50.0,40.0,120000.0,10,33.0,22.0,14.0,6.53,10164.0,24.0,14.0,22.0,33.0,4,2,1,8,192.0,80,1920.0,81312.0,52.24,0.6776
10022030001,0,4,60.0,50.0,40.0,120000.0,10,33.0,22.0,14.0,6.53,10164.0,24.0,22.0,14.0,33.0,2,3,1,6,144.0,60,1440.0,60984.0,39.18,0.5082
10022030001,0,5,60.0,50.0,40.0,120000.0,10,33.0,22.0,14.0,6.53,10164.0,24.0,22.0,33.0,14.0,2,1,2,4,96.0,40,960.0,40656.0,26.12,0.3388
14311015001,0,0,60.0,50.0,40.0,120000.0,10,46.0,40.0,23.0,8.96,42320.0,20.0,46.0,40.0,23.0,1,1,1,1,20.0,10,200.0,42320.0,8.96,0.3526666666666667
14311015001,0,1,60.0,50.0,40.0,120000.0,10,46.0,40.0,23.0,8.96,42320.0,20.0,46.0,23.0,40.0,1,2,1,2,40.0,20,400.0,84640.0,17.92,0.7053333333333334
14311015001,0,2,60.0,50.0,40.0,120000.0,10,46.0,40.0,23.0,8.96,42320.0,20.0,23.0,46.0,40.0,2,1,1,2,40.0,20,400.0,84640.0,17.92,0.7053333333333334
14311015001,0,5,60.0,50.0,40.0,120000.0,10,46.0,40.0,23.0,8.96,42320.0,20.0,40.0,46.0,23.0,1,1,1,1,20.0,10,200.0,42320.0,8.96,0.3526666666666667
14002006001,0,0,60.0,50.0,40.0,120000.0,10,46.0,35.0,30.0,6.29,48300.0,12.0,46.0,35.0,30.0,1,1,1,1,12.0,10,120.0,48300.0,6.29,0.4025
14002006001,0,1,60.0,50.0,40.0,120000.0,10,46.0,35.0,30.0,6.29,48300.0,12.0,46.0,30.0,35.0,1,1,1,1,12.0,10,120.0,48300.0,6.29,0.4025
14002006001,0,2,60.0,50.0,40.0,120000.0,10,46.0,35.0,30.0,6.29,48300.0,12.0,30.0,46.0,35.0,2,1,1,2,24.0,20,240.0,96600.0,12.58,0.805
14002006001,0,5,60.0,50.0,40.0,120000.0,10,46.0,35.0,30.0,6.29,48300.0,12.0,35.0,46.0,30.0,1,1,1,1,12.0,10,120.0,48300.0,6.29,0.4025
14504028001,0,0,60.0,50.0,40.0,120000.0,10,39.0,33.0,15.0,3.32,19305.0,30.0,39.0,33.0,15.0,1,1,2,2,60.0,20,600.0,38610.0,6.64,0.32175
14504028001,0,1,60.0,50.0,40.0,120000.0,10,39.0,33.0,15.0,3.32,19305.0,30.0,39.0,15.0,33.0,1,3,1,3,90.0,30,900.0,57915.0,9.959999999999999,0.482625
14504028001,0,2,60.0,50.0,40.0,120000.0,10,39.0,33.0,15.0,3.32,19305.0,30.0,15.0,39.0,33.0,4,1,1,4,120.0,40,1200.0,77220.0,13.28,0.6435
14504028001,0,3,60.0,50.0,40.0,120000.0,10,39.0,33.0,15.0,3.32,19305.0,30.0,15.0,33.0,39.0,4,1,1,4,120.0,40,1200.0,77220.0,13.28,0.6435
14504028001,0,4,60.0,50.0,40.0,120000.0,10,39.0,33.0,15.0,3.32,19305.0,30.0,33.0,15.0,39.0,1,3,1,3,90.0,30,900.0,57915.0,9.959999999999999,0.482625
14504028001,0,5,60.0,50.0,40.0,120000.0,10,39.0,33.0,15.0,3.32,19305.0,30.0,33.0,39.0,15.0,1,1,2,2,60.0,20,600.0,38610.0,6.64,0.32175
14010187001,0,0,60.0,50.0,40.0,120000.0,10,55.0,37.0,24.0,2.21,48840.0,16.0,55.0,37.0,24.0,1,1,1,1,16.0,10,160.0,48840.0,2.21,0.407
14010187001,0,1,60.0,50.0,40.0,120000.0,10,55.0,37.0,24.0,2.21,48840.0,16.0,55.0,24.0,37.0,1,2,1,2,32.0,20,320.0,97680.0,4.42,0.814
12120090001,0,0,60.0,50.0,40.0,120000.0,10,41.0,23.0,24.0,2.42,22632.0,36.0,41.0,23.0,24.0,1,2,1,2,72.0,20,720.0,45264.0,4.84,0.3772
12120090001,0,1,60.0,50.0,40.0,120000.0,10,41.0,23.0,24.0,2.42,22632.0,36.0,41.0,24.0,23.0,1,2,1,2,72.0,20,720.0,45264.0,4.84,0.3772
12120090001,0,2,60.0,50.0,40.0,120000.0,10,41.0,23.0,24.0,2.42,22632.0,36.0,24.0,41.0,23.0,2,1,1,2,72.0,20,720.0,45264.0,4.84,0.3772
12120090001,0,5,60.0,50.0,40.0,120000.0,10,41.0,23.0,24.0,2.42,22632.0,36.0,23.0,41.0,24.0,2,1,1,2,72.0,20,720.0,45264.0,4.84,0.3772
14131027001,0,0,60.0,50.0,40.0,120000.0,10,56.0,26.0,23.0,3.93,33488.0,8.0,56.0,26.0,23.0,1,1,1,1,8.0,10,80.0,33488.0,3.93,0.2790666666666667
14131027001,0,1,60.0,50.0,40.0,120000.0,10,56.0,26.0,23.0,3.93,33488.0,8.0,56.0,23.0,26.0,1,2,1,2,16.0,20,160.0,66976.0,7.86,0.5581333333333334
12103139001,0,0,60.0,50.0,40.0,120000.0,10,39.0,25.0,31.0,1.81,30225.0,48.0,39.0,25.0,31.0,1,2,1,2,96.0,20,960.0,60450.0,3.62,0.50375
12103139001,0,1,60.0,50.0,40.0,120000.0,10,39.0,25.0,31.0,1.81,30225.0,48.0,39.0,31.0,25.0,1,1,1,1,48.0,10,480.0,30225.0,1.81,0.251875
12103139001,0,2,60.0,50.0,40.0,120000.0,10,39.0,25.0,31.0,1.81,30225.0,48.0,31.0,39.0,25.0,1,1,1,1,48.0,10,480.0,30225.0,1.81,0.251875
12103139001,0,3,60.0,50.0,40.0,120000.0,10,39.0,25.0,31.0,1.81,30225.0,48.0,31.0,25.0,39.0,1,2,1,2,96.0,20,960.0,60450.0,3.62,0.50375
12103139001,0,4,60.0,50.0,40.0,120000.0,10,39.0,25.0,31.0,1.81,30225.0,48.0,25.0,31.0,39.0,2,1,1,2,96.0,20,960.0,60450.0,3.62,0.50375
12103139001,0,5,60.0,50.0,40.0,120000.0,10,39.0,25.0,31.0,1.81,30225.0,48.0,25.0,39.0,31.0,2,1,1,2,96.0,20,960.0,60450.0,3.62,0.50375
14000197001,0,0,60.0,50.0,40.0,120000.0,10,46.0,30.0,29.0,3.46,40020.0,12.0,46.0,30.0,29.0,1,1,1,1,12.0,10,120.0,40020.0,3.46,0.3335
14000197001,0,1,60.0,50.0,40.0,120000.0,10,46.0,30.0,29.0,3.46,40020.0,12.0,46.0,29.0,30.0,1,1,1,1,12.0,10,120.0,40020.0,3.46,0.3335
14000197001,0,2,60.0,50.0,40.0,120000.0,10,46.0,30.0,29.0,3.46,40020.0,12.0,29.0,46.0,30.0,2,1,1,2,24.0,20,240.0,80040.0,6.92,0.667
14000197001,0,5,60.0,50.0,40.0,120000.0,10,46.0,30.0,29.0,3.46,40020.0,12.0,30.0,46.0,29.0,2,1,1,2,24.0,20,240.0,80040.0,6.92,0.667
10000026001,0,0,60.0,50.0,40.0,120000.0,10,34.0,22.0,14.0,6.62,10472.0,24.0,34.0,22.0,14.0,1,2,2,4,96.0,40,960.0,41888.0,26.48,0.3490666666666667
10000026001,0,1,60.0,50.0,40.0,120000.0,10,34.0,22.0,14.0,6.62,10472.0,24.0,34.0,14.0,22.0,1,3,1,3,72.0,30,720.0,31416.0,19.86,0.2618
10000026001,0,2,60.0,50.0,40.0,120000.0,10,34.0,22.0,14.0,6.62,10472.0,24.0,14.0,34.0,22.0,4,1,1,4,96.0,40,960.0,41888.0,26.48,0.3490666666666667
10000026001,0,3,60.0,50.0,40.0,120000.0,10,34.0,22.0,14.0,6.62,10472.0,24.0,14.0,22.0,34.0,4,2,1,8,192.0,80,1920.0,83776.0,52.96,0.6981333333333334
10000026001,0,4,60.0,50.0,40.0,120000.0,10,34.0,22.0,14.0,6.62,10472.0,24.0,22.0,14.0,34.0,2,3,1,6,144.0,60,1440.0,62832.0,39.72,0.5236
10000026001,0,5,60.0,50.0,40.0,120000.0,10,34.0,22.0,14.0,6.62,10472.0,24.0,22.0,34.0,14.0,2,1,2,4,96.0,40,960.0,41888.0,26.48,0.3490666666666667
31533008001,0,0,60.0,50.0,40.0,120000.0,10,31.0,25.0,20.0,7.87,15500.0,15.0,31.0,25.0,20.0,1,2,2,4,60.0,40,600.0,62000.0,31.48,0.5166666666666667
31533008001,0,1,60.0,50.0,40.0,120000.0,10,31.0,25.0,20.0,7.87,15500.0,15.0,31.0,20.0,25.0,1,2,1,2,30.0,20,300.0,31000.0,15.74,0.25833333333333336
31533008001,0,2,60.0,50.0,40.0,120000.0,10,31.0,25.0,20.0,7.87,15500.0,15.0,20.0,31.0,25.0,3,1,1,3,45.0,30,450.0,46500.0,23.61,0.3875
31533008001,0,3,60.0,50.0,40.0,120000.0,10,31.0,25.0,20.0,7.87,15500.0,15.0,20.0,25.0,31.0,3,2,1,6,90.0,60,900.0,93000.0,47.22,0.775
31533008001,0,4,60.0,50.0,40.0,120000.0,10,31.0,25.0,20.0,7.87,15500.0,15.0,25.0,20.0,31.0,2,2,1,4,60.0,40,600.0,62000.0,31.48,0.5166666666666667
31533008001,0,5,60.0,50.0,40.0,120000.0,10,31.0,25.0,20.0,7.87,15500.0,15.0,25.0,31.0,20.0,2,1,2,4,60.0,40,600.0,62000.0,31.48,0.5166666666666667
10040010001,0,0,60.0,50.0,40.0,120000.0,10,41.0,27.0,24.0,15.72,26568.0,24.0,41.0,27.0,24.0,1,1,1,1,24.0,10,240.0,26568.0,15.72,0.2214
10040010001,0,1,60.0,50.0,40.0,120000.0,10,41.0,27.0,24.0,15.72,26568.0,24.0,41.0,24.0,27.0,1,2,1,2,48.0,20,480.0,53136.0,31.44,0.4428
10040010001,0,2,60.0,50.0,40.0,120000.0,10,41.0,27.0,24.0,15.72,26568.0,24.0,24.0,41.0,27.0,2,1,1,2,48.0,20,480.0,53136.0,31.44,0.4428
10040010001,0,5,60.0,50.0,40.0,120000.0,10,41.0,27.0,24.0,15.72,26568.0,24.0,27.0,41.0,24.0,2,1,1,2,48.0,20,480.0,53136.0,31.44,0.4428
10040037001,0,0,60.0,50.0,40.0,120000.0,10,36.0,18.0,35.0,12.55,22680.0,2.0,36.0,18.0,35.0,1,2,1,2,4.0,20,40.0,45360.0,25.1,0.378
10040037001,0,1,60.0,50.0,40.0,120000.0,10,36.0,18.0,35.0,12.55,22680.0,2.0,36.0,35.0,18.0,1,1,2,2,4.0,20,40.0,45360.0,25.1,0.378
10040037001,0,2,60.0,50.0,40.0,120000.0,10,36.0,18.0,35.0,12.55,22680.0,2.0,35.0,36.0,18.0,1,1,2,2,4.0,20,40.0,45360.0,25.1,0.378
10040037001,0,3,60.0,50.0,40.0,120000.0,10,36.0,18.0,35.0,12.55,22680.0,2.0,35.0,18.0,36.0,1,2,1,2,4.0,20,40.0,45360.0,25.1,0.378
10040037001,0,4,60.0,50.0,40.0,120000.0,10,36.0,18.0,35.0,12.55,22680.0,2.0,18.0,35.0,36.0,3,1,1,3,6.0,30,60.0,68040.0,37.650000000000006,0.567
10040037001,0,5,60.0,50.0,40.0,120000.0,10,36.0,18.0,35.0,12.55,22680.0,2.0,18.0,36.0,35.0,3,1,1,3,6.0,30,60.0,68040.0,37.650000000000006,0.567
14130010001,0,0,60.0,50.0,40.0,120000.0,10,29.0,13.0,24.0,0.8,9048.0,1.0,29.0,13.0,24.0,2,3,1,6,6.0,60,60.0,54288.0,4.800000000000001,0.4524
14130010001,0,1,60.0,50.0,40.0,120000.0,10,29.0,13.0,24.0,0.8,9048.0,1.0,29.0,24.0,13.0,2,2,3,12,12.0,120,120.0,108576.0,9.600000000000001,0.9048
14130010001,0,2,60.0,50.0,40.0,120000.0,10,29.0,13.0,24.0,0.8,9048.0,1.0,24.0,29.0,13.0,2,1,3,6,6.0,60,60.0,54288.0,4.800000000000001,0.4524
14130010001,0,3,60.0,50.0,40.0,120000.0,10,29.0,13.0,24.0,0.8,9048.0,1.0,24.0,13.0,29.0,2,3,1,6,6.0,60,60.0,54288.0,4.800000000000001,0.4524
14130010001,0,4,60.0,50.0,40.0,120000.0,10,29.0,13.0,24.0,0.8,9048.0,1.0,13.0,24.0,29.0,4,2,1,8,8.0,80,80.0,72384.0,6.4,0.6032
14130010001,0,5,60.0,50.0,40.0,120000.0,10,29.0,13.0,24.0,0.8,9048.0,1.0,13.0,29.0,24.0,4,1,1,4,4.0,40,40.0,36192.0,3.2,0.3016
12103126001,0,0,60.0,50.0,40.0,120000.0,10,32.0,22.0,26.0,1.56,18304.0,48.0,32.0,22.0,26.0,1,2,1,2,96.0,20,960.0,36608.0,3.12,0.30506666666666665
12103126001,0,1,60.0,50.0,40.0,120000.0,10,32.0,22.0,26.0,1.56,18304.0,48.0,32.0,26.0,22.0,1,1,1,1,48.0,10,480.0,18304.0,1.56,0.15253333333333333
12103126001,0,2,60.0,50.0,40.0,120000.0,10,32.0,22.0,26.0,1.56,18304.0,48.0,26.0,32.0,22.0,2,1,1,2,96.0,20,960.0,36608.0,3.12,0.30506666666666665
12103126001,0,3,60.0,50.0,40.0,120000.0,10,32.0,22.0,26.0,1.56,18304.0,48.0,26.0,22.0,32.0,2,2,1,4,192.0,40,1920.0,73216.0,6.24,0.6101333333333333
12103126001,0,4,60.0,50.0,40.0,120000.0,10,32.0,22.0,26.0,1.56,18304.0,48.0,22.0,26.0,32.0,2,1,1,2,96.0,20,960.0,36608.0,3.12,0.30506666666666665
12103126001,0,5,60.0,50.0,40.0,120000.0,10,32.0,22.0,26.0,1.56,18304.0,48.0,22.0,32.0,26.0,2,1,1,2,96.0,20,960.0,36608.0,3.12,0.30506666666666665
10021012001,0,0,60.0,50.0,40.0,120000.0,10,41.0,27.0,13.0,8.77,14391.0,24.0,41.0,27.0,13.0,1,1,3,3,72.0,30,720.0,43173.0,26.31,0.359775
10021012001,0,1,60.0,50.0,40.0,120000.0,10,41.0,27.0,13.0,8.77,14391.0,24.0,41.0,13.0,27.0,1,3,1,3,72.0,30,720.0,43173.0,26.31,0.359775
10021012001,0,2,60.0,50.0,40.0,120000.0,10,41.0,27.0,13.0,8.77,14391.0,24.0,13.0,41.0,27.0,4,1,1,4,96.0,40,960.0,57564.0,35.08,0.4797
10021012001,0,5,60.0,50.0,40.0,120000.0,10,41.0,27.0,13.0,8.77,14391.0,24.0,27.0,41.0,13.0,2,1,3,6,144.0,60,1440.0,86346.0,52.62,0.71955
10041087001,0,0,60.0,50.0,40.0,120000.0,10,42.0,28.0,23.0,14.0,27048.0,24.0,42.0,28.0,23.0,1,1,1,1,24.0,10,240.0,27048.0,14.0,0.2254
10041087001,0,1,60.0,50.0,40.0,120000.0,10,42.0,28.0,23.0,14.0,27048.0,24.0,42.0,23.0,28.0,1,2,1,2,48.0,20,480.0,54096.0,28.0,0.4508
10041087001,0,2,60.0,50.0,40.0,120000.0,10,42.0,28.0,23.0,14.0,27048.0,24.0,23.0,42.0,28.0,2,1,1,2,48.0,20,480.0,54096.0,28.0,0.4508
10041087001,0,5,60.0,50.0,40.0,120000.0,10,42.0,28.0,23.0,14.0,27048.0,24.0,28.0,42.0,23.0,2,1,1,2,48.0,20,480.0,54096.0,28.0,0.4508
14010094001,0,0,60.0,50.0,40.0,120000.0,10,34.0,29.0,16.0,2.57,15776.0,6.0,34.0,29.0,16.0,1,1,2,2,12.0,20,120.0,31552.0,5.14,0.26293333333333335
14010094001,0,1,60.0,50.0,40.0,120000.0,10,34.0,29.0,16.0,2.57,15776.0,6.0,34.0,16.0,29.0,1,3,1,3,18.0,30,180.0,47328.0,7.709999999999999,0.3944
14010094001,0,2,60.0,50.0,40.0,120000.0,10,34.0,29.0,16.0,2.57,15776.0,6.0,16.0,34.0,29.0,3,1,1,3,18.0,30,180.0,47328.0,7.709999999999999,0.3944
14010094001,0,3,60.0,50.0,40.0,120000.0,10,34.0,29.0,16.0,2.57,15776.0,6.0,16.0,29.0,34.0,3,1,1,3,18.0,30,180.0,47328.0,7.709999999999999,0.3944
14010094001,0,4,60.0,50.0,40.0,120000.0,10,34.0,29.0,16.0,2.57,15776.0,6.0,29.0,16.0,34.0,2,3,1,6,36.0,60,360.0,94656.0,15.419999999999998,0.7888
14010094001,0,5,60.0,50.0,40.0,120000.0,10,34.0,29.0,16.0,2.57,15776.0,6.0,29.0,34.0,16.0,2,1,2,4,24.0,40,240.0,63104.0,10.28,0.5258666666666667
12102152001,0,0,60.0,50.0,40.0,120000.0,10,33.0,23.0,24.0,4.73,18216.0,12.0,33.0,23.0,24.0,1,2,1,2,24.0,20,240.0,36432.0,9.46,0.3036
12102152001,0,1,60.0,50.0,40.0,120000.0,10,33.0,23.0,24.0,4.73,18216.0,12.0,33.0,24.0,23.0,1,2,1,2,24.0,20,240.0,36432.0,9.46,0.3036
12102152001,0,2,60.0,50.0,40.0,120000.0,10,33.0,23.0,24.0,4.73,18216.0,12.0,24.0,33.0,23.0,2,1,1,2,24.0,20,240.0,36432.0,9.46,0.3036
12102152001,0,3,60.0,50.0,40.0,120000.0,10,33.0,23.0,24.0,4.73,18216.0,12.0,24.0,23.0,33.0,2,2,1,4,48.0,40,480.0,72864.0,18.92,0.6072
12102152001,0,4,60.0,50.0,40.0,120000.0,10,33.0,23.0,24.0,4.73,18216.0,12.0,23.0,24.0,33.0,2,2,1,4,48.0,40,480.0,72864.0,18.92,0.6072
12102152001,0,5,60.0,50.0,40.0,120000.0,10,33.0,23.0,24.0,4.73,18216.0,12.0,23.0,33.0,24.0,2,1,1,2,24.0,20,240.0,36432.0,9.46,0.3036
14361907001,0,0,60.0,50.0,40.0,120000.0,10,48.0,34.0,31.0,3.9,50592.0,15.0,48.0,34.0,31.0,1,1,1,1,15.0,10,150.0,50592.0,3.9,0.4216
14361907001,0,1,60.0,50.0,40.0,120000.0,10,48.0,34.0,31.0,3.9,50592.0,15.0,48.0,31.0,34.0,1,1,1,1,15.0,10,150.0,50592.0,3.9,0.4216
14361907001,0,2,60.0,50.0,40.0,120000.0,10,48.0,34.0,31.0,3.9,50592.0,15.0,31.0,48.0,34.0,1,1,1,1,15.0,10,150.0,50592.0,3.9,0.4216
14361907001,0,5,60.0,50.0,40.0,120000.0,10,48.0,34.0,31.0,3.9,50592.0,15.0,34.0,48.0,31.0,1,1,1,1,15.0,10,150.0,50592.0,3.9,0.4216
14121173001,0,0,60.0,50.0,40.0,120000.0,10,45.0,26.0,19.0,2.59,22230.0,12.0,45.0,26.0,19.0,1,1,2,2,24.0,20,240.0,44460.0,5.18,0.3705
14121173001,0,1,60.0,50.0,40.0,120000.0,10,45.0,26.0,19.0,2.59,22230.0,12.0,45.0,19.0,26.0,1,2,1,2,24.0,20,240.0,44460.0,5.18,0.3705
14121173001,0,2,60.0,50.0,40.0,120000.0,10,45.0,26.0,19.0,2.59,22230.0,12.0,19.0,45.0,26.0,3,1,1,3,36.0,30,360.0,66690.0,7.77,0.55575
14121173001,0,5,60.0,50.0,40.0,120000.0,10,45.0,26.0,19.0,2.59,22230.0,12.0,26.0,45.0,19.0,2,1,2,4,48.0,40,480.0,88920.0,10.36,0.741
35307905001,0,0,60.0,50.0,40.0,120000.0,10,60.0,26.0,23.0,20.0,35880.0,20.0,60.0,26.0,23.0,1,1,1,1,20.0,10,200.0,35880.0,20.0,0.299
35307905001,0,1,60.0,50.0,40.0,120000.0,10,60.0,26.0,23.0,20.0,35880.0,20.0,60.0,23.0,26.0,1,2,1,2,40.0,20,400.0,71760.0,40.0,0.598
10030012001,0,0,60.0,50.0,40.0,120000.0,10,35.0,24.0,31.0,17.06,26040.0,8.0,35.0,24.0,31.0,1,2,1,2,16.0,20,160.0,52080.0,34.12,0.434
10030012001,0,1,60.0,50.0,40.0,120000.0,10,35.0,24.0,31.0,17.06,26040.0,8.0,35.0,31.0,24.0,1,1,1,1,8.0,10,80.0,26040.0,17.06,0.217
10030012001,0,2,60.0,50.0,40.0,120000.0,10,35.0,24.0,31.0,17.06,26040.0,8.0,31.0,35.0,24.0,1,1,1,1,8.0,10,80.0,26040.0,17.06,0.217
10030012001,0,3,60.0,50.0,40.0,120000.0,10,35.0,24.0,31.0,17.06,26040.0,8.0,31.0,24.0,35.0,1,2,1,2,16.0,20,160.0,52080.0,34.12,0.434
10030012001,0,4,60.0,50.0,40.0,120000.0,10,35.0,24.0,31.0,17.06,26040.0,8.0,24.0,31.0,35.0,2,1,1,2,16.0,20,160.0,52080.0,34.12,0.434
10030012001,0,5,60.0,50.0,40.0,120000.0,10,35.0,24.0,31.0,17.06,26040.0,8.0,24.0,35.0,31.0,2,1,1,2,16.0,20,160.0,52080.0,34.12,0.434
14621021001,0,0,60.0,50.0,40.0,120000.0,10,30.0,22.0,25.0,8.97,16500.0,12.0,30.0,22.0,25.0,2,2,1,4,48.0,40,480.0,66000.0,35.88,0.55
14621021001,0,1,60.0,50.0,40.0,120000.0,10,30.0,22.0,25.0,8.97,16500.0,12.0,30.0,25.0,22.0,2,2,1,4,48.0,40,480.0,66000.0,35.88,0.55
14621021001,0,2,60.0,50.0,40.0,120000.0,10,30.0,22.0,25.0,8.97,16500.0,12.0,25.0,30.0,22.0,2,1,1,2,24.0,20,240.0,33000.0,17.94,0.275
14621021001,0,3,60.0,50.0,40.0,120000.0,10,30.0,22.0,25.0,8.97,16500.0,12.0,25.0,22.0,30.0,2,2,1,4,48.0,40,480.0,66000.0,35.88,0.55
14621021001,0,4,60.0,50.0,40.0,120000.0,10,30.0,22.0,25.0,8.97,16500.0,12.0,22.0,25.0,30.0,2,2,1,4,48.0,40,480.0,66000.0,35.88,0.55
14621021001,0,5,60.0,50.0,40.0,120000.0,10,30.0,22.0,25.0,8.97,16500.0,12.0,22.0,30.0,25.0,2,1,1,2,24.0,20,240.0,33000.0,17.94,0.275
12014022001,0,0,60.0,50.0,40.0,120000.0,10,28.0,25.0,14.0,1.46,9800.0,20.0,28.0,25.0,14.0,2,2,2,8,160.0,80,1600.0,78400.0,11.68,0.6533333333333333
12014022001,0,1,60.0,50.0,40.0,120000.0,10,28.0,25.0,14.0,1.46,9800.0,20.0,28.0,14.0,25.0,2,3,1,6,120.0,60,1200.0,58800.0,8.76,0.49
12014022001,0,2,60.0,50.0,40.0,120000.0,10,28.0,25.0,14.0,1.46,9800.0,20.0,14.0,28.0,25.0,4,1,1,4,80.0,40,800.0,39200.0,5.84,0.32666666666666666
12014022001,0,3,60.0,50.0,40.0,120000.0,10,28.0,25.0,14.0,1.46,9800.0,20.0,14.0,25.0,28.0,4,2,1,8,160.0,80,1600.0,78400.0,11.68,0.6533333333333333
12014022001,0,4,60.0,50.0,40.0,120000.0,10,28.0,25.0,14.0,1.46,9800.0,20.0,25.0,14.0,28.0,2,3,1,6,120.0,60,1200.0,58800.0,8.76,0.49
12014022001,0,5,60.0,50.0,40.0,120000.0,10,28.0,25.0,14.0,1.46,9800.0,20.0,25.0,28.0,14.0,2,1,2,4,80.0,40,800.0,39200.0,5.84,0.32666666666666666
14615082001,0,0,60.0,50.0,40.0,120000.0,10,32.0,25.0,33.0,18.9,26400.0,12.0,32.0,25.0,33.0,1,2,1,2,24.0,20,240.0,52800.0,37.8,0.44
14615082001,0,1,60.0,50.0,40.0,120000.0,10,32.0,25.0,33.0,18.9,26400.0,12.0,32.0,33.0,25.0,1,1,1,1,12.0,10,120.0,26400.0,18.9,0.22
14615082001,0,2,60.0,50.0,40.0,120000.0,10,32.0,25.0,33.0,18.9,26400.0,12.0,33.0,32.0,25.0,1,1,1,1,12.0,10,120.0,26400.0,18.9,0.22
14615082001,0,3,60.0,50.0,40.0,120000.0,10,32.0,25.0,33.0,18.9,26400.0,12.0,33.0,25.0,32.0,1,2,1,2,24.0,20,240.0,52800.0,37.8,0.44
14615082001,0,4,60.0,50.0,40.0,120000.0,10,32.0,25.0,33.0,18.9,26400.0,12.0,25.0,33.0,32.0,2,1,1,2,24.0,20,240.0,52800.0,37.8,0.44
14615082001,0,5,60.0,50.0,40.0,120000.0,10,32.0,25.0,33.0,18.9,26400.0,12.0,25.0,32.0,33.0,2,1,1,2,24.0,20,240.0,52800.0,37.8,0.44
10032006001,0,0,60.0,50.0,40.0,120000.0,10,34.0,20.0,11.0,6.61,7480.0,24.0,34.0,20.0,11.0,1,2,3,6,144.0,60,1440.0,44880.0,39.660000000000004,0.374
10032006001,0,1,60.0,50.0,40.0,120000.0,10,34.0,20.0,11.0,6.61,7480.0,24.0,34.0,11.0,20.0,1,4,2,8,192.0,80,1920.0,59840.0,52.88,0.49866666666666665
10032006001,0,2,60.0,50.0,40.0,120000.0,10,34.0,20.0,11.0,6.61,7480.0,24.0,11.0,34.0,20.0,5,1,2,10,240.0,100,2400.0,74800.0,66.10000000000001,0.6233333333333333
10032006001,0,3,60.0,50.0,40.0,120000.0,10,34.0,20.0,11.0,6.61,7480.0,24.0,11.0,20.0,34.0,5,2,1,10,240.0,100,2400.0,74800.0,66.10000000000001,0.6233333333333333
10032006001,0,4,60.0,50.0,40.0,120000.0,10,34.0,20.0,11.0,6.61,7480.0,24.0,20.0,11.0,34.0,3,4,1,12,288.0,120,2880.0,89760.0,79.32000000000001,0.748
10032006001,0,5,60.0,50.0,40.0,120000.0,10,34.0,20.0,11.0,6.61,7480.0,24.0,20.0,34.0,11.0,3,1,3,9,216.0,90,2160.0,67320.0,59.49,0.561
14510031001,0,0,60.0,50.0,40.0,120000.0,10,35.0,24.0,5.0,2.4,4200.0,1.0,35.0,24.0,5.0,1,2,8,16,16.0,160,160.0,67200.0,38.4,0.56
14510031001,0,1,60.0,50.0,40.0,120000.0,10,35.0,24.0,5.0,2.4,4200.0,1.0,35.0,5.0,24.0,1,10,1,10,10.0,100,100.0,42000.0,24.0,0.35
14510031001,0,2,60.0,50.0,40.0,120000.0,10,35.0,24.0,5.0,2.4,4200.0,1.0,5.0,35.0,24.0,12,1,1,12,12.0,120,120.0,50400.0,28.799999999999997,0.42
14510031001,0,3,60.0,50.0,40.0,120000.0,10,35.0,24.0,5.0,2.4,4200.0,1.0,5.0,24.0,35.0,12,2,1,24,24.0,240,240.0,100800.0,57.599999999999994,0.84
14510031001,0,4,60.0,50.0,40.0,120000.0,10,35.0,24.0,5.0,2.4,4200.0,1.0,24.0,5.0,35.0,2,10,1,20,20.0,200,200.0,84000.0,48.0,0.7
14510031001,0,5,60.0,50.0,40.0,120000.0,10,35.0,24.0,5.0,2.4,4200.0,1.0,24.0,35.0,5.0,2,1,8,16,16.0,160,160.0,67200.0,38.4,0.56
14510007001,0,0,60.0,50.0,40.0,120000.0,10,35.0,24.0,5.0,1.5,4200.0,1.0,35.0,24.0,5.0,1,2,8,16,16.0,160,160.0,67200.0,24.0,0.56
14510007001,0,1,60.0,50.0,40.0,120000.0,10,35.0,24.0,5.0,1.5,4200.0,1.0,35.0,5.0,24.0,1,10,1,10,10.0,100,100.0,42000.0,15.0,0.35
14510007001,0,2,60.0,50.0,40.0,120000.0,10,35.0,24.0,5.0,1.5,4200.0,1.0,5.0,35.0,24.0,12,1,1,12,12.0,120,120.0,50400.0,18.0,0.42
14510007001,0,3,60.0,50.0,40.0,120000.0,10,35.0,24.0,5.0,1.5,4200.0,1.0,5.0,24.0,35.0,12,2,1,24,24.0,240,240.0,100800.0,36.0,0.84
14510007001,0,4,60.0,50.0,40.0,120000.0,10,35.0,24.0,5.0,1.5,4200.0,1.0,24.0,5.0,35.0,2,10,1,20,20.0,200,200.0,84000.0,30.0,0.7
14510007001,0,5,60.0,50.0,40.0,120000.0,10,35.0,24.0,5.0,1.5,4200.0,1.0,24.0,35.0,5.0,2,1,8,16,16.0,160,160.0,67200.0,24.0,0.56
11103070001,0,0,60.0,50.0,40.0,120000.0,10,35.0,26.0,31.0,12.83,28210.0,6.0,35.0,26.0,31.0,1,1,1,1,6.0,10,60.0,28210.0,12.83,0.23508333333333334
11103070001,0,1,60.0,50.0,40.0,120000.0,10,35.0,26.0,31.0,12.83,28210.0,6.0,35.0,31.0,26.0,1,1,1,1,6.0,10,60.0,28210.0,12.83,0.23508333333333334
11103070001,0,2,60.0,50.0,40.0,120000.0,10,35.0,26.0,31.0,12.83,28210.0,6.0,31.0,35.0,26.0,1,1,1,1,6.0,10,60.0,28210.0,12.83,0.23508333333333334
11103070001,0,3,60.0,50.0,40.0,120000.0,10,35.0,26.0,31.0,12.83,28210.0,6.0,31.0,26.0,35.0,1,1,1,1,6.0,10,60.0,28210.0,12.83,0.23508333333333334
11103070001,0,4,60.0,50.0,40.0,120000.0,10,35.0,26.0,31.0,12.83,28210.0,6.0,26.0,31.0,35.0,2,1,1,2,12.0,20,120.0,56420.0,25.66,0.4701666666666667
11103070001,0,5,60.0,50.0,40.0,120000.0,10,35.0,26.0,31.0,12.83,28210.0,6.0,26.0,35.0,31.0,2,1,1,2,12.0,20,120.0,56420.0,25.66,0.4701666666666667
10014090001,0,0,60.0,50.0,40.0,120000.0,10,35.0,20.0,11.0,6.61,7700.0,24.0,35.0,20.0,11.0,1,2,3,6,144.0,60,1440.0,46200.0,39.660000000000004,0.385
10014090001,0,1,60.0,50.0,40.0,120000.0,10,35.0,20.0,11.0,6.61,7700.0,24.0,35.0,11.0,20.0,1,4,2,8,192.0,80,1920.0,61600.0,52.88,0.5133333333333333
10014090001,0,2,60.0,50.0,40.0,120000.0,10,35.0,20.0,11.0,6.61,7700.0,24.0,11.0,35.0,20.0,5,1,2,10,240.0,100,2400.0,77000.0,66.10000000000001,0.6416666666666667
10014090001,0,3,60.0,50.0,40.0,120000.0,10,35.0,20.0,11.0,6.61,7700.0,24.0,11.0,20.0,35.0,5,2,1,10,240.0,100,2400.0,77000.0,66.10000000000001,0.6416666666666667
10014090001,0,4,60.0,50.0,40.0,120000.0,10,35.0,20.0,11.0,6.61,7700.0,24.0,20.0,11.0,35.0,3,4,1,12,288.0,120,2880.0,92400.0,79.32000000000001,0.77
10014090001,0,5,60.0,50.0,40.0,120000.0,10,35.0,20.0,11.0,6.61,7700.0,24.0,20.0,35.0,11.0,3,1,3,9,216.0,90,2160.0,69300.0,59.49,0.5775
12221009001,0,0,60.0,50.0,40.0,120000.0,10,21.0,11.0,8.0,0.2,1848.0,1.0,21.0,11.0,8.0,2,4,5,40,40.0,400,400.0,73920.0,8.0,0.616
12221009001,0,1,60.0,50.0,40.0,120000.0,10,21.0,11.0,8.0,0.2,1848.0,1.0,21.0,8.0,11.0,2,6,3,36,36.0,360,360.0,66528.0,7.2,0.5544
12221009001,0,2,60.0,50.0,40.0,120000.0,10,21.0,11.0,8.0,0.2,1848.0,1.0,8.0,21.0,11.0,7,2,3,42,42.0,420,420.0,77616.0,8.4,0.6468
12221009001,0,3,60.0,50.0,40.0,120000.0,10,21.0,11.0,8.0,0.2,1848.0,1.0,8.0,11.0,21.0,7,4,1,28,28.0,280,280.0,51744.0,5.6000000000000005,0.4312
12221009001,0,4,60.0,50.0,40.0,120000.0,10,21.0,11.0,8.0,0.2,1848.0,1.0,11.0,8.0,21.0,5,6,1,30,30.0,300,300.0,55440.0,6.0,0.462
12221009001,0,5,60.0,50.0,40.0,120000.0,10,21.0,11.0,8.0,0.2,1848.0,1.0,11.0,21.0,8.0,5,2,5,50,50.0,500,500.0,92400.0,10.0,0.77
14505099001,0,0,60.0,50.0,40.0,120000.0,10,42.0,33.0,13.0,1.73,18018.0,12.0,42.0,33.0,13.0,1,1,3,3,36.0,30,360.0,54054.0,5.1899999999999995,0.45045
14505099001,0,1,60.0,50.0,40.0,120000.0,10,42.0,33.0,13.0,1.73,18018.0,12.0,42.0,13.0,33.0,1,3,1,3,36.0,30,360.0,54054.0,5.1899999999999995,0.45045
14505099001,0,2,60.0,50.0,40.0,120000.0,10,42.0,33.0,13.0,1.73,18018.0,12.0,13.0,42.0,33.0,4,1,1,4,48.0,40,480.0,72072.0,6.92,0.6006
14505099001,0,5,60.0,50.0,40.0,120000.0,10,42.0,33.0,13.0,1.73,18018.0,12.0,33.0,42.0,13.0,1,1,3,3,36.0,30,360.0,54054.0,5.1899999999999995,0.45045
10030007001,0,0,60.0,50.0,40.0,120000.0,10,38.0,25.0,24.0,14.88,22800.0,24.0,38.0,25.0,24.0,1,2,1,2,48.0,20,480.0,45600.0,29.76,0.38
10030007001,0,1,60.0,50.0,40.0,120000.0,10,38.0,25.0,24.0,14.88,22800.0,24.0,38.0,24.0,25.0,1,2,1,2,48.0,20,480.0,45600.0,29.76,0.38
10030007001,0,2,60.0,50.0,40.0,120000.0,10,38.0,25.0,24.0,14.88,22800.0,24.0,24.0,38.0,25.0,2,1,1,2,48.0,20,480.0,45600.0,29.76,0.38
10030007001,0,3,60.0,50.0,40.0,120000.0,10,38.0,25.0,24.0,14.88,22800.0,24.0,24.0,25.0,38.0,2,2,1,4,96.0,40,960.0,91200.0,59.52,0.76
10030007001,0,4,60.0,50.0,40.0,120000.0,10,38.0,25.0,24.0,14.88,22800.0,24.0,25.0,24.0,38.0,2,2,1,4,96.0,40,960.0,91200.0,59.52,0.76
10030007001,0,5,60.0,50.0,40.0,120000.0,10,38.0,25.0,24.0,14.88,22800.0,24.0,25.0,38.0,24.0,2,1,1,2,48.0,20,480.0,45600.0,29.76,0.38
11103375001,0,0,60.0,50.0,40.0,120000.0,10,35.0,27.0,30.0,12.87,28350.0,6.0,35.0,27.0,30.0,1,1,1,1,6.0,10,60.0,28350.0,12.87,0.23625
11103375001,0,1,60.0,50.0,40.0,120000.0,10,35.0,27.0,30.0,12.87,28350.0,6.0,35.0,30.0,27.0,1,1,1,1,6.0,10,60.0,28350.0,12.87,0.23625
11103375001,0,2,60.0,50.0,40.0,120000.0,10,35.0,27.0,30.0,12.87,28350.0,6.0,30.0,35.0,27.0,2,1,1,2,12.0,20,120.0,56700.0,25.74,0.4725
11103375001,0,3,60.0,50.0,40.0,120000.0,10,35.0,27.0,30.0,12.87,28350.0,6.0,30.0,27.0,35.0,2,1,1,2,12.0,20,120.0,56700.0,25.74,0.4725
11103375001,0,4,60.0,50.0,40.0,120000.0,10,35.0,27.0,30.0,12.87,28350.0,6.0,27.0,30.0,35.0,2,1,1,2,12.0,20,120.0,56700.0,25.74,0.4725
11103375001,0,5,60.0,50.0,40.0,120000.0,10,35.0,27.0,30.0,12.87,28350.0,6.0,27.0,35.0,30.0,2,1,1,2,12.0,20,120.0,56700.0,25.74,0.4725
12005108006,0,0,60.0,50.0,40.0,120000.0,10,31.0,27.0,18.0,3.3,15066.0,12.0,31.0,27.0,18.0,1,1,2,2,24.0,20,240.0,30132.0,6.6,0.2511
12005108006,0,1,60.0,50.0,40.0,120000.0,10,31.0,27.0,18.0,3.3,15066.0,12.0,31.0,18.0,27.0,1,2,1,2,24.0,20,240.0,30132.0,6.6,0.2511
12005108006,0,2,60.0,50.0,40.0,120000.0,10,31.0,27.0,18.0,3.3,15066.0,12.0,18.0,31.0,27.0,3,1,1,3,36.0,30,360.0,45198.0,9.899999999999999,0.37665
12005108006,0,3,60.0,50.0,40.0,120000.0,10,31.0,27.0,18.0,3.3,15066.0,12.0,18.0,27.0,31.0,3,1,1,3,36.0,30,360.0,45198.0,9.899999999999999,0.37665
12005108006,0,4,60.0,50.0,40.0,120000.0,10,31.0,27.0,18.0,3.3,15066.0,12.0,27.0,18.0,31.0,2,2,1,4,48.0,40,480.0,60264.0,13.2,0.5022
12005108006,0,5,60.0,50.0,40.0,120000.0,10,31.0,27.0,18.0,3.3,15066.0,12.0,27.0,31.0,18.0,2,1,2,4,48.0,40,480.0,60264.0,13.2,0.5022
14502010001,0,0,60.0,50.0,40.0,120000.0,10,32.0,32.0,14.0,3.1,14336.0,24.0,32.0,32.0,14.0,1,1,2,2,48.0,20,480.0,28672.0,6.2,0.23893333333333333
14502010001,0,1,60.0,50.0,40.0,120000.0,10,32.0,32.0,14.0,3.1,14336.0,24.0,32.0,14.0,32.0,1,3,1,3,72.0,30,720.0,43008.0,9.3,0.3584
14502010001,0,2,60.0,50.0,40.0,120000.0,10,32.0,32.0,14.0,3.1,14336.0,24.0,14.0,32.0,32.0,4,1,1,4,96.0,40,960.0,57344.0,12.4,0.47786666666666666
14502010001,0,3,60.0,50.0,40.0,120000.0,10,32.0,32.0,14.0,3.1,14336.0,24.0,14.0,32.0,32.0,4,1,1,4,96.0,40,960.0,57344.0,12.4,0.47786666666666666
14502010001,0,4,60.0,50.0,40.0,120000.0,10,32.0,32.0,14.0,3.1,14336.0,24.0,32.0,14.0,32.0,1,3,1,3,72.0,30,720.0,43008.0,9.3,0.3584
14502010001,0,5,60.0,50.0,40.0,120000.0,10,32.0,32.0,14.0,3.1,14336.0,24.0,32.0,32.0,14.0,1,1,2,2,48.0,20,480.0,28672.0,6.2,0.23893333333333333
15022026001,0,0,60.0,50.0,40.0,120000.0,10,30.0,17.0,12.0,5.2,6120.0,24.0,30.0,17.0,12.0,2,2,3,12,288.0,120,2880.0,73440.0,62.400000000000006,0.612
15022026001,0,1,60.0,50.0,40.0,120000.0,10,30.0,17.0,12.0,5.2,6120.0,24.0,30.0,12.0,17.0,2,4,2,16,384.0,160,3840.0,97920.0,83.2,0.816
15022026001,0,2,60.0,50.0,40.0,120000.0,10,30.0,17.0,12.0,5.2,6120.0,24.0,12.0,30.0,17.0,5,1,2,10,240.0,100,2400.0,61200.0,52.0,0.51
15022026001,0,3,60.0,50.0,40.0,120000.0,10,30.0,17.0,12.0,5.2,6120.0,24.0,12.0,17.0,30.0,5,2,1,10,240.0,100,2400.0,61200.0,52.0,0.51
15022026001,0,4,60.0,50.0,40.0,120000.0,10,30.0,17.0,12.0,5.2,6120.0,24.0,17.0,12.0,30.0,3,4,1,12,288.0,120,2880.0,73440.0,62.400000000000006,0.612
15022026001,0,5,60.0,50.0,40.0,120000.0,10,30.0,17.0,12.0,5.2,6120.0,24.0,17.0,30.0,12.0,3,1,3,9,216.0,90,2160.0,55080.0,46.800000000000004,0.459
14203078001,0,0,60.0,50.0,40.0,120000.0,10,53.0,35.0,33.0,4.57,61215.0,20.0,53.0,35.0,33.0,1,1,1,1,20.0,10,200.0,61215.0,4.57,0.510125
14203078001,0,1,60.0,50.0,40.0,120000.0,10,53.0,35.0,33.0,4.57,61215.0,20.0,53.0,33.0,35.0,1,1,1,1,20.0,10,200.0,61215.0,4.57,0.510125
12001010001,0,0,60.0,50.0,40.0,120000.0,10,23.0,9.0,23.0,2.74,4761.0,6.0,23.0,9.0,23.0,2,5,1,10,60.0,100,600.0,47610.0,27.400000000000002,0.39675
12001010001,0,1,60.0,50.0,40.0,120000.0,10,23.0,9.0,23.0,2.74,4761.0,6.0,23.0,23.0,9.0,2,2,4,16,96.0,160,960.0,76176.0,43.84,0.6348
12001010001,0,2,60.0,50.0,40.0,120000.0,10,23.0,9.0,23.0,2.74,4761.0,6.0,23.0,23.0,9.0,2,2,4,16,96.0,160,960.0,76176.0,43.84,0.6348
12001010001,0,3,60.0,50.0,40.0,120000.0,10,23.0,9.0,23.0,2.74,4761.0,6.0,23.0,9.0,23.0,2,5,1,10,60.0,100,600.0,47610.0,27.400000000000002,0.39675
12001010001,0,4,60.0,50.0,40.0,120000.0,10,23.0,9.0,23.0,2.74,4761.0,6.0,9.0,23.0,23.0,6,2,1,12,72.0,120,720.0,57132.0,32.88,0.4761
12001010001,0,5,60.0,50.0,40.0,120000.0,10,23.0,9.0,23.0,2.74,4761.0,6.0,9.0,23.0,23.0,6,2,1,12,72.0,120,720.0,57132.0,32.88,0.4761
14130001001,0,0,60.0,50.0,40.0,120000.0,10,43.0,28.0,28.0,4.11,33712.0,8.0,43.0,28.0,28.0,1,1,1,1,8.0,10,80.0,33712.0,4.11,0.2809333333333333
14130001001,0,1,60.0,50.0,40.0,120000.0,10,43.0,28.0,28.0,4.11,33712.0,8.0,43.0,28.0,28.0,1,1,1,1,8.0,10,80.0,33712.0,4.11,0.2809333333333333
14130001001,0,2,60.0,50.0,40.0,120000.0,10,43.0,28.0,28.0,4.11,33712.0,8.0,28.0,43.0,28.0,2,1,1,2,16.0,20,160.0,67424.0,8.22,0.5618666666666666
14130001001,0,5,60.0,50.0,40.0,120000.0,10,43.0,28.0,28.0,4.11,33712.0,8.0,28.0,43.0,28.0,2,1,1,2,16.0,20,160.0,67424.0,8.22,0.5618666666666666
10031012001,0,0,60.0,50.0,40.0,120000.0,10,43.0,29.0,24.0,17.0,29928.0,24.0,43.0,29.0,24.0,1,1,1,1,24.0,10,240.0,29928.0,17.0,0.2494
10031012001,0,1,60.0,50.0,40.0,120000.0,10,43.0,29.0,24.0,17.0,29928.0,24.0,43.0,24.0,29.0,1,2,1,2,48.0,20,480.0,59856.0,34.0,0.4988
10031012001,0,2,60.0,50.0,40.0,120000.0,10,43.0,29.0,24.0,17.0,29928.0,24.0,24.0,43.0,29.0,2,1,1,2,48.0,20,480.0,59856.0,34.0,0.4988
10031012001,0,5,60.0,50.0,40.0,120000.0,10,43.0,29.0,24.0,17.0,29928.0,24.0,29.0,43.0,24.0,2,1,1,2,48.0,20,480.0,59856.0,34.0,0.4988
11074060002,0,0,60.0,50.0,40.0,120000.0,10,22.0,24.0,11.0,0.7,5808.0,10.0,22.0,24.0,11.0,2,2,3,12,120.0,120,1200.0,69696.0,8.399999999999999,0.5808
11074060002,0,1,60.0,50.0,40.0,120000.0,10,22.0,24.0,11.0,0.7,5808.0,10.0,22.0,11.0,24.0,2,4,1,8,80.0,80,800.0,46464.0,5.6,0.3872
11074060002,0,2,60.0,50.0,40.0,120000.0,10,22.0,24.0,11.0,0.7,5808.0,10.0,11.0,22.0,24.0,5,2,1,10,100.0,100,1000.0,58080.0,7.0,0.484
11074060002,0,3,60.0,50.0,40.0,120000.0,10,22.0,24.0,11.0,0.7,5808.0,10.0,11.0,24.0,22.0,5,2,1,10,100.0,100,1000.0,58080.0,7.0,0.484
11074060002,0,4,60.0,50.0,40.0,120000.0,10,22.0,24.0,11.0,0.7,5808.0,10.0,24.0,11.0,22.0,2,4,1,8,80.0,80,800.0,46464.0,5.6,0.3872
11074060002,0,5,60.0,50.0,40.0,120000.0,10,22.0,24.0,11.0,0.7,5808.0,10.0,24.0,22.0,11.0,2,2,3,12,120.0,120,1200.0,69696.0,8.399999999999999,0.5808
12101001002,0,0,60.0,50.0,40.0,120000.0,10,32.0,18.0,18.0,2.12,10368.0,36.0,32.0,18.0,18.0,1,2,2,4,144.0,40,1440.0,41472.0,8.48,0.3456
12101001002,0,1,60.0,50.0,40.0,120000.0,10,32.0,18.0,18.0,2.12,10368.0,36.0,32.0,18.0,18.0,1,2,2,4,144.0,40,1440.0,41472.0,8.48,0.3456
12101001002,0,2,60.0,50.0,40.0,120000.0,10,32.0,18.0,18.0,2.12,10368.0,36.0,18.0,32.0,18.0,3,1,2,6,216.0,60,2160.0,62208.0,12.72,0.5184
12101001002,0,3,60.0,50.0,40.0,120000.0,10,32.0,18.0,18.0,2.12,10368.0,36.0,18.0,18.0,32.0,3,2,1,6,216.0,60,2160.0,62208.0,12.72,0.5184
12101001002,0,4,60.0,50.0,40.0,120000.0,10,32.0,18.0,18.0,2.12,10368.0,36.0,18.0,18.0,32.0,3,2,1,6,216.0,60,2160.0,62208.0,12.72,0.5184
12101001002,0,5,60.0,50.0,40.0,120000.0,10,32.0,18.0,18.0,2.12,10368.0,36.0,18.0,32.0,18.0,3,1,2,6,216.0,60,2160.0,62208.0,12.72,0.5184
14610004001,0,0,60.0,50.0,40.0,120000.0,10,30.0,23.0,26.0,7.5,17940.0,12.0,30.0,23.0,26.0,2,2,1,4,48.0,40,480.0,71760.0,30.0,0.598
14610004001,0,1,60.0,50.0,40.0,120000.0,10,30.0,23.0,26.0,7.5,17940.0,12.0,30.0,26.0,23.0,2,1,1,2,24.0,20,240.0,35880.0,15.0,0.299
14610004001,0,2,60.0,50.0,40.0,120000.0,10,30.0,23.0,26.0,7.5,17940.0,12.0,26.0,30.0,23.0,2,1,1,2,24.0,20,240.0,35880.0,15.0,0.299
14610004001,0,3,60.0,50.0,40.0,120000.0,10,30.0,23.0,26.0,7.5,17940.0,12.0,26.0,23.0,30.0,2,2,1,4,48.0,40,480.0,71760.0,30.0,0.598
14610004001,0,4,60.0,50.0,40.0,120000.0,10,30.0,23.0,26.0,7.5,17940.0,12.0,23.0,26.0,30.0,2,1,1,2,24.0,20,240.0,35880.0,15.0,0.299
14610004001,0,5,60.0,50.0,40.0,120000.0,10,30.0,23.0,26.0,7.5,17940.0,12.0,23.0,30.0,26.0,2,1,1,2,24.0,20,240.0,35880.0,15.0,0.299
14011052001,0,0,60.0,50.0,40.0,120000.0,10,50.0,39.0,29.0,2.45,56550.0,24.0,50.0,39.0,29.0,1,1,1,1,24.0,10,240.0,56550.0,2.45,0.47125
14011052001,0,1,60.0,50.0,40.0,120000.0,10,50.0,39.0,29.0,2.45,56550.0,24.0,50.0,29.0,39.0,1,1,1,1,24.0,10,240.0,56550.0,2.45,0.47125
14011052001,0,2,60.0,50.0,40.0,120000.0,10,50.0,39.0,29.0,2.45,56550.0,24.0,29.0,50.0,39.0,2,1,1,2,48.0,20,480.0,113100.0,4.9,0.9425
14011052001,0,5,60.0,50.0,40.0,120000.0,10,50.0,39.0,29.0,2.45,56550.0,24.0,39.0,50.0,29.0,1,1,1,1,24.0,10,240.0,56550.0,2.45,0.47125
14510033001,0,0,60.0,50.0,40.0,120000.0,10,35.0,24.0,5.0,3.0,4200.0,1.0,35.0,24.0,5.0,1,2,8,16,16.0,160,160.0,67200.0,48.0,0.56
14510033001,0,1,60.0,50.0,40.0,120000.0,10,35.0,24.0,5.0,3.0,4200.0,1.0,35.0,5.0,24.0,1,10,1,10,10.0,100,100.0,42000.0,30.0,0.35
14510033001,0,2,60.0,50.0,40.0,120000.0,10,35.0,24.0,5.0,3.0,4200.0,1.0,5.0,35.0,24.0,12,1,1,12,12.0,120,120.0,50400.0,36.0,0.42
14510033001,0,3,60.0,50.0,40.0,120000.0,10,35.0,24.0,5.0,3.0,4200.0,1.0,5.0,24.0,35.0,12,2,1,24,24.0,240,240.0,100800.0,72.0,0.84
14510033001,0,4,60.0,50.0,40.0,120000.0,10,35.0,24.0,5.0,3.0,4200.0,1.0,24.0,5.0,35.0,2,10,1,20,20.0,200,200.0,84000.0,60.0,0.7
14510033001,0,5,60.0,50.0,40.0,120000.0,10,35.0,24.0,5.0,3.0,4200.0,1.0,24.0,35.0,5.0,2,1,8,16,16.0,160,160.0,67200.0,48.0,0.56
14720003001,0,0,60.0,50.0,40.0,120000.0,10,50.0,21.0,14.0,12.467,14700.0,20.0,50.0,21.0,14.0,1,2,2,4,80.0,40,800.0,58800.0,49.868,0.49
14720003001,0,1,60.0,50.0,40.0,120000.0,10,50.0,21.0,14.0,12.467,14700.0,20.0,50.0,14.0,21.0,1,3,1,3,60.0,30,600.0,44100.0,37.401,0.3675
14720003001,0,2,60.0,50.0,40.0,120000.0,10,50.0,21.0,14.0,12.467,14700.0,20.0,14.0,50.0,21.0,4,1,1,4,80.0,40,800.0,58800.0,49.868,0.49
14720003001,0,5,60.0,50.0,40.0,120000.0,10,50.0,21.0,14.0,12.467,14700.0,20.0,21.0,50.0,14.0,2,1,2,4,80.0,40,800.0,58800.0,49.868,0.49
14620062001,0,0,60.0,50.0,40.0,120000.0,10,37.0,28.0,27.0,15.55,27972.0,12.0,37.0,28.0,27.0,1,1,1,1,12.0,10,120.0,27972.0,15.55,0.2331
14620062001,0,1,60.0,50.0,40.0,120000.0,10,37.0,28.0,27.0,15.55,27972.0,12.0,37.0,27.0,28.0,1,1,1,1,12.0,10,120.0,27972.0,15.55,0.2331
14620062001,0,2,60.0,50.0,40.0,120000.0,10,37.0,28.0,27.0,15.55,27972.0,12.0,27.0,37.0,28.0,2,1,1,2,24.0,20,240.0,55944.0,31.1,0.4662
14620062001,0,3,60.0,50.0,40.0,120000.0,10,37.0,28.0,27.0,15.55,27972.0,12.0,27.0,28.0,37.0,2,1,1,2,24.0,20,240.0,55944.0,31.1,0.4662
14620062001,0,4,60.0,50.0,40.0,120000.0,10,37.0,28.0,27.0,15.55,27972.0,12.0,28.0,27.0,37.0,2,1,1,2,24.0,20,240.0,55944.0,31.1,0.4662
14620062001,0,5,60.0,50.0,40.0,120000.0,10,37.0,28.0,27.0,15.55,27972.0,12.0,28.0,37.0,27.0,2,1,1,2,24.0,20,240.0,55944.0,31.1,0.4662
14132015001,0,0,60.0,50.0,40.0,120000.0,10,37.0,37.0,26.0,4.14,35594.0,12.0,37.0,37.0,26.0,1,1,1,1,12.0,10,120.0,35594.0,4.14,0.29661666666666664
14132015001,0,1,60.0,50.0,40.0,120000.0,10,37.0,37.0,26.0,4.14,35594.0,12.0,37.0,26.0,37.0,1,1,1,1,12.0,10,120.0,35594.0,4.14,0.29661666666666664
14132015001,0,2,60.0,50.0,40.0,120000.0,10,37.0,37.0,26.0,4.14,35594.0,12.0,26.0,37.0,37.0,2,1,1,2,24.0,20,240.0,71188.0,8.28,0.5932333333333333
14132015001,0,3,60.0,50.0,40.0,120000.0,10,37.0,37.0,26.0,4.14,35594.0,12.0,26.0,37.0,37.0,2,1,1,2,24.0,20,240.0,71188.0,8.28,0.5932333333333333
14132015001,0,4,60.0,50.0,40.0,120000.0,10,37.0,37.0,26.0,4.14,35594.0,12.0,37.0,26.0,37.0,1,1,1,1,12.0,10,120.0,35594.0,4.14,0.29661666666666664
14132015001,0,5,60.0,50.0,40.0,120000.0,10,37.0,37.0,26.0,4.14,35594.0,12.0,37.0,37.0,26.0,1,1,1,1,12.0,10,120.0,35594.0,4.14,0.29661666666666664
10023004001,0,0,60.0,50.0,40.0,120000.0,10,35.0,24.0,17.0,7.89,14280.0,24.0,35.0,24.0,17.0,1,2,2,4,96.0,40,960.0,57120.0,31.56,0.476
10023004001,0,1,60.0,50.0,40.0,120000.0,10,35.0,24.0,17.0,7.89,14280.0,24.0,35.0,17.0,24.0,1,2,1,2,48.0,20,480.0,28560.0,15.78,0.238
10023004001,0,2,60.0,50.0,40.0,120000.0,10,35.0,24.0,17.0,7.89,14280.0,24.0,17.0,35.0,24.0,3,1,1,3,72.0,30,720.0,42840.0,23.669999999999998,0.357
10023004001,0,3,60.0,50.0,40.0,120000.0,10,35.0,24.0,17.0,7.89,14280.0,24.0,17.0,24.0,35.0,3,2,1,6,144.0,60,1440.0,85680.0,47.339999999999996,0.714
10023004001,0,4,60.0,50.0,40.0,120000.0,10,35.0,24.0,17.0,7.89,14280.0,24.0,24.0,17.0,35.0,2,2,1,4,96.0,40,960.0,57120.0,31.56,0.476
10023004001,0,5,60.0,50.0,40.0,120000.0,10,35.0,24.0,17.0,7.89,14280.0,24.0,24.0,35.0,17.0,2,1,2,4,96.0,40,960.0,57120.0,31.56,0.476
14501037001,0,0,60.0,50.0,40.0,120000.0,10,34.0,30.0,13.0,2.84,13260.0,12.0,34.0,30.0,13.0,1,1,3,3,36.0,30,360.0,39780.0,8.52,0.3315
14501037001,0,1,60.0,50.0,40.0,120000.0,10,34.0,30.0,13.0,2.84,13260.0,12.0,34.0,13.0,30.0,1,3,1,3,36.0,30,360.0,39780.0,8.52,0.3315
14501037001,0,2,60.0,50.0,40.0,120000.0,10,34.0,30.0,13.0,2.84,13260.0,12.0,13.0,34.0,30.0,4,1,1,4,48.0,40,480.0,53040.0,11.36,0.442
14501037001,0,3,60.0,50.0,40.0,120000.0,10,34.0,30.0,13.0,2.84,13260.0,12.0,13.0,30.0,34.0,4,1,1,4,48.0,40,480.0,53040.0,11.36,0.442
14501037001,0,4,60.0,50.0,40.0,120000.0,10,34.0,30.0,13.0,2.84,13260.0,12.0,30.0,13.0,34.0,2,3,1,6,72.0,60,720.0,79560.0,17.04,0.663
14501037001,0,5,60.0,50.0,40.0,120000.0,10,34.0,30.0,13.0,2.84,13260.0,12.0,30.0,34.0,13.0,2,1,3,6,72.0,60,720.0,79560.0,17.04,0.663
14103030001,0,0,60.0,50.0,40.0,120000.0,10,55.0,38.0,24.0,4.46,50160.0,15.0,55.0,38.0,24.0,1,1,1,1,15.0,10,150.0,50160.0,4.46,0.418
14103030001,0,1,60.0,50.0,40.0,120000.0,10,55.0,38.0,24.0,4.46,50160.0,15.0,55.0,24.0,38.0,1,2,1,2,30.0,20,300.0,100320.0,8.92,0.836
14022019001,0,0,60.0,50.0,40.0,120000.0,10,57.0,28.0,25.0,1.66,39900.0,10.0,57.0,28.0,25.0,1,1,1,1,10.0,10,100.0,39900.0,1.66,0.3325
14022019001,0,1,60.0,50.0,40.0,120000.0,10,57.0,28.0,25.0,1.66,39900.0,10.0,57.0,25.0,28.0,1,2,1,2,20.0,20,200.0,79800.0,3.32,0.665
14830011001,0,0,60.0,50.0,40.0,120000.0,10,36.0,27.0,10.0,5.79,9720.0,24.0,36.0,27.0,10.0,1,1,4,4,96.0,40,960.0,38880.0,23.16,0.324
14830011001,0,1,60.0,50.0,40.0,120000.0,10,36.0,27.0,10.0,5.79,9720.0,24.0,36.0,10.0,27.0,1,5,1,5,120.0,50,1200.0,48600.0,28.95,0.405
14830011001,0,2,60.0,50.0,40.0,120000.0,10,36.0,27.0,10.0,5.79,9720.0,24.0,10.0,36.0,27.0,6,1,1,6,144.0,60,1440.0,58320.0,34.74,0.486
14830011001,0,3,60.0,50.0,40.0,120000.0,10,36.0,27.0,10.0,5.79,9720.0,24.0,10.0,27.0,36.0,6,1,1,6,144.0,60,1440.0,58320.0,34.74,0.486
14830011001,0,4,60.0,50.0,40.0,120000.0,10,36.0,27.0,10.0,5.79,9720.0,24.0,27.0,10.0,36.0,2,5,1,10,240.0,100,2400.0,97200.0,57.9,0.81
14830011001,0,5,60.0,50.0,40.0,120000.0,10,36.0,27.0,10.0,5.79,9720.0,24.0,27.0,36.0,10.0,2,1,4,8,192.0,80,1920.0,77760.0,46.32,0.648
12120043001,0,0,60.0,50.0,40.0,120000.0,10,8.0,14.0,14.0,0.11,1568.0,1.0,8.0,14.0,14.0,7,3,2,42,42.0,420,420.0,65856.0,4.62,0.5488
12120043001,0,1,60.0,50.0,40.0,120000.0,10,8.0,14.0,14.0,0.11,1568.0,1.0,8.0,14.0,14.0,7,3,2,42,42.0,420,420.0,65856.0,4.62,0.5488
12120043001,0,2,60.0,50.0,40.0,120000.0,10,8.0,14.0,14.0,0.11,1568.0,1.0,14.0,8.0,14.0,4,6,2,48,48.0,480,480.0,75264.0,5.28,0.6272
12120043001,0,3,60.0,50.0,40.0,120000.0,10,8.0,14.0,14.0,0.11,1568.0,1.0,14.0,14.0,8.0,4,3,5,60,60.0,600,600.0,94080.0,6.6,0.784
12120043001,0,4,60.0,50.0,40.0,120000.0,10,8.0,14.0,14.0,0.11,1568.0,1.0,14.0,14.0,8.0,4,3,5,60,60.0,600,600.0,94080.0,6.6,0.784
12120043001,0,5,60.0,50.0,40.0,120000.0,10,8.0,14.0,14.0,0.11,1568.0,1.0,14.0,8.0,14.0,4,6,2,48,48.0,480,480.0,75264.0,5.28,0.6272
10040041001,0,0,60.0,50.0,40.0,120000.0,10,37.0,25.0,18.0,8.8,16650.0,24.0,37.0,25.0,18.0,1,2,2,4,96.0,40,960.0,66600.0,35.2,0.555
10040041001,0,1,60.0,50.0,40.0,120000.0,10,37.0,25.0,18.0,8.8,16650.0,24.0,37.0,18.0,25.0,1,2,1,2,48.0,20,480.0,33300.0,17.6,0.2775
10040041001,0,2,60.0,50.0,40.0,120000.0,10,37.0,25.0,18.0,8.8,16650.0,24.0,18.0,37.0,25.0,3,1,1,3,72.0,30,720.0,49950.0,26.400000000000002,0.41625
10040041001,0,3,60.0,50.0,40.0,120000.0,10,37.0,25.0,18.0,8.8,16650.0,24.0,18.0,25.0,37.0,3,2,1,6,144.0,60,1440.0,99900.0,52.800000000000004,0.8325
10040041001,0,4,60.0,50.0,40.0,120000.0,10,37.0,25.0,18.0,8.8,16650.0,24.0,25.0,18.0,37.0,2,2,1,4,96.0,40,960.0,66600.0,35.2,0.555
10040041001,0,5,60.0,50.0,40.0,120000.0,10,37.0,25.0,18.0,8.8,16650.0,24.0,25.0,37.0,18.0,2,1,2,4,96.0,40,960.0,66600.0,35.2,0.555
14506084001,0,0,60.0,50.0,40.0,120000.0,10,37.0,23.0,12.0,6.66,10212.0,6.0,37.0,23.0,12.0,1,2,3,6,36.0,60,360.0,61272.0,39.96,0.5106
14506084001,0,1,60.0,50.0,40.0,120000.0,10,37.0,23.0,12.0,6.66,10212.0,6.0,37.0,12.0,23.0,1,4,1,4,24.0,40,240.0,40848.0,26.64,0.3404
14506084001,0,2,60.0,50.0,40.0,120000.0,10,37.0,23.0,12.0,6.66,10212.0,6.0,12.0,37.0,23.0,5,1,1,5,30.0,50,300.0,51060.0,33.3,0.4255
14506084001,0,3,60.0,50.0,40.0,120000.0,10,37.0,23.0,12.0,6.66,10212.0,6.0,12.0,23.0,37.0,5,2,1,10,60.0,100,600.0,102120.0,66.6,0.851
14506084001,0,4,60.0,50.0,40.0,120000.0,10,37.0,23.0,12.0,6.66,10212.0,6.0,23.0,12.0,37.0,2,4,1,8,48.0,80,480.0,81696.0,53.28,0.6808
14506084001,0,5,60.0,50.0,40.0,120000.0,10,37.0,23.0,12.0,6.66,10212.0,6.0,23.0,37.0,12.0,2,1,3,6,36.0,60,360.0,61272.0,39.96,0.5106
15020010001,0,0,60.0,50.0,40.0,120000.0,10,32.0,16.0,13.0,5.26,6656.0,24.0,32.0,16.0,13.0,1,3,3,9,216.0,90,2160.0,59904.0,47.339999999999996,0.4992
15020010001,0,1,60.0,50.0,40.0,120000.0,10,32.0,16.0,13.0,5.26,6656.0,24.0,32.0,13.0,16.0,1,3,2,6,144.0,60,1440.0,39936.0,31.56,0.3328
15020010001,0,2,60.0,50.0,40.0,120000.0,10,32.0,16.0,13.0,5.26,6656.0,24.0,13.0,32.0,16.0,4,1,2,8,192.0,80,1920.0,53248.0,42.08,0.4437333333333333
15020010001,0,3,60.0,50.0,40.0,120000.0,10,32.0,16.0,13.0,5.26,6656.0,24.0,13.0,16.0,32.0,4,3,1,12,288.0,120,2880.0,79872.0,63.12,0.6656
15020010001,0,4,60.0,50.0,40.0,120000.0,10,32.0,16.0,13.0,5.26,6656.0,24.0,16.0,13.0,32.0,3,3,1,9,216.0,90,2160.0,59904.0,47.339999999999996,0.4992
15020010001,0,5,60.0,50.0,40.0,120000.0,10,32.0,16.0,13.0,5.26,6656.0,24.0,16.0,32.0,13.0,3,1,3,9,216.0,90,2160.0,59904.0,47.339999999999996,0.4992
10014043001,0,0,60.0,50.0,40.0,120000.0,10,36.0,20.0,20.0,13.3,14400.0,12.0,36.0,20.0,20.0,1,2,2,4,48.0,40,480.0,57600.0,53.2,0.48
10014043001,0,1,60.0,50.0,40.0,120000.0,10,36.0,20.0,20.0,13.3,14400.0,12.0,36.0,20.0,20.0,1,2,2,4,48.0,40,480.0,57600.0,53.2,0.48
10014043001,0,2,60.0,50.0,40.0,120000.0,10,36.0,20.0,20.0,13.3,14400.0,12.0,20.0,36.0,20.0,3,1,2,6,72.0,60,720.0,86400.0,79.80000000000001,0.72
10014043001,0,3,60.0,50.0,40.0,120000.0,10,36.0,20.0,20.0,13.3,14400.0,12.0,20.0,20.0,36.0,3,2,1,6,72.0,60,720.0,86400.0,79.80000000000001,0.72
10014043001,0,4,60.0,50.0,40.0,120000.0,10,36.0,20.0,20.0,13.3,14400.0,12.0,20.0,20.0,36.0,3,2,1,6,72.0,60,720.0,86400.0,79.80000000000001,0.72
10014043001,0,5,60.0,50.0,40.0,120000.0,10,36.0,20.0,20.0,13.3,14400.0,12.0,20.0,36.0,20.0,3,1,2,6,72.0,60,720.0,86400.0,79.80000000000001,0.72
10002025001,0,0,60.0,50.0,40.0,120000.0,10,38.0,28.0,30.0,16.2,31920.0,12.0,38.0,28.0,30.0,1,1,1,1,12.0,10,120.0,31920.0,16.2,0.266
10002025001,0,1,60.0,50.0,40.0,120000.0,10,38.0,28.0,30.0,16.2,31920.0,12.0,38.0,30.0,28.0,1,1,1,1,12.0,10,120.0,31920.0,16.2,0.266
10002025001,0,2,60.0,50.0,40.0,120000.0,10,38.0,28.0,30.0,16.2,31920.0,12.0,30.0,38.0,28.0,2,1,1,2,24.0,20,240.0,63840.0,32.4,0.532
10002025001,0,3,60.0,50.0,40.0,120000.0,10,38.0,28.0,30.0,16.2,31920.0,12.0,30.0,28.0,38.0,2,1,1,2,24.0,20,240.0,63840.0,32.4,0.532
10002025001,0,4,60.0,50.0,40.0,120000.0,10,38.0,28.0,30.0,16.2,31920.0,12.0,28.0,30.0,38.0,2,1,1,2,24.0,20,240.0,63840.0,32.4,0.532
10002025001,0,5,60.0,50.0,40.0,120000.0,10,38.0,28.0,30.0,16.2,31920.0,12.0,28.0,38.0,30.0,2,1,1,2,24.0,20,240.0,63840.0,32.4,0.532
15023036001,0,0,60.0,50.0,40.0,120000.0,10,37.0,25.0,17.0,9.6,15725.0,24.0,37.0,25.0,17.0,1,2,2,4,96.0,40,960.0,62900.0,38.4,0.5241666666666667
15023036001,0,1,60.0,50.0,40.0,120000.0,10,37.0,25.0,17.0,9.6,15725.0,24.0,37.0,17.0,25.0,1,2,1,2,48.0,20,480.0,31450.0,19.2,0.26208333333333333
15023036001,0,2,60.0,50.0,40.0,120000.0,10,37.0,25.0,17.0,9.6,15725.0,24.0,17.0,37.0,25.0,3,1,1,3,72.0,30,720.0,47175.0,28.799999999999997,0.393125
15023036001,0,3,60.0,50.0,40.0,120000.0,10,37.0,25.0,17.0,9.6,15725.0,24.0,17.0,25.0,37.0,3,2,1,6,144.0,60,1440.0,94350.0,57.599999999999994,0.78625
15023036001,0,4,60.0,50.0,40.0,120000.0,10,37.0,25.0,17.0,9.6,15725.0,24.0,25.0,17.0,37.0,2,2,1,4,96.0,40,960.0,62900.0,38.4,0.5241666666666667
15023036001,0,5,60.0,50.0,40.0,120000.0,10,37.0,25.0,17.0,9.6,15725.0,24.0,25.0,37.0,17.0,2,1,2,4,96.0,40,960.0,62900.0,38.4,0.5241666666666667
10021017001,0,0,60.0,50.0,40.0,120000.0,10,40.0,28.0,23.0,16.08,25760.0,24.0,40.0,28.0,23.0,1,1,1,1,24.0,10,240.0,25760.0,16.08,0.21466666666666667
10021017001,0,1,60.0,50.0,40.0,120000.0,10,40.0,28.0,23.0,16.08,25760.0,24.0,40.0,23.0,28.0,1,2,1,2,48.0,20,480.0,51520.0,32.16,0.42933333333333334
10021017001,0,2,60.0,50.0,40.0,120000.0,10,40.0,28.0,23.0,16.08,25760.0,24.0,23.0,40.0,28.0,2,1,1,2,48.0,20,480.0,51520.0,32.16,0.42933333333333334
10021017001,0,3,60.0,50.0,40.0,120000.0,10,40.0,28.0,23.0,16.08,25760.0,24.0,23.0,28.0,40.0,2,1,1,2,48.0,20,480.0,51520.0,32.16,0.42933333333333334
10021017001,0,4,60.0,50.0,40.0,120000.0,10,40.0,28.0,23.0,16.08,25760.0,24.0,28.0,23.0,40.0,2,2,1,4,96.0,40,960.0,103040.0,64.32,0.8586666666666667
10021017001,0,5,60.0,50.0,40.0,120000.0,10,40.0,28.0,23.0,16.08,25760.0,24.0,28.0,40.0,23.0,2,1,1,2,48.0,20,480.0,51520.0,32.16,0.42933333333333334
14011029001,0,0,60.0,50.0,40.0,120000.0,10,59.0,39.0,40.0,4.4,92040.0,12.0,59.0,39.0,40.0,1,1,1,1,12.0,10,120.0,92040.0,4.4,0.767
14011029001,0,1,60.0,50.0,40.0,120000.0,10,59.0,39.0,40.0,4.4,92040.0,12.0,59.0,40.0,39.0,1,1,1,1,12.0,10,120.0,92040.0,4.4,0.767
14851003001,0,0,60.0,50.0,40.0,120000.0,10,57.0,30.0,10.0,7.01,17100.0,1.0,57.0,30.0,10.0,1,1,4,4,4.0,40,40.0,68400.0,28.04,0.57
14851003001,0,1,60.0,50.0,40.0,120000.0,10,57.0,30.0,10.0,7.01,17100.0,1.0,57.0,10.0,30.0,1,5,1,5,5.0,50,50.0,85500.0,35.05,0.7125
14014011001,0,0,60.0,50.0,40.0,120000.0,10,44.0,30.0,39.0,2.3,51480.0,12.0,44.0,30.0,39.0,1,1,1,1,12.0,10,120.0,51480.0,2.3,0.429
14014011001,0,1,60.0,50.0,40.0,120000.0,10,44.0,30.0,39.0,2.3,51480.0,12.0,44.0,39.0,30.0,1,1,1,1,12.0,10,120.0,51480.0,2.3,0.429
14014011001,0,2,60.0,50.0,40.0,120000.0,10,44.0,30.0,39.0,2.3,51480.0,12.0,39.0,44.0,30.0,1,1,1,1,12.0,10,120.0,51480.0,2.3,0.429
14014011001,0,5,60.0,50.0,40.0,120000.0,10,44.0,30.0,39.0,2.3,51480.0,12.0,30.0,44.0,39.0,2,1,1,2,24.0,20,240.0,102960.0,4.6,0.858
14831011001,0,0,60.0,50.0,40.0,120000.0,10,32.0,23.0,17.0,7.71,12512.0,48.0,32.0,23.0,17.0,1,2,2,4,192.0,40,1920.0,50048.0,30.84,0.41706666666666664
14831011001,0,1,60.0,50.0,40.0,120000.0,10,32.0,23.0,17.0,7.71,12512.0,48.0,32.0,17.0,23.0,1,2,1,2,96.0,20,960.0,25024.0,15.42,0.20853333333333332
14831011001,0,2,60.0,50.0,40.0,120000.0,10,32.0,23.0,17.0,7.71,12512.0,48.0,17.0,32.0,23.0,3,1,1,3,144.0,30,1440.0,37536.0,23.13,0.3128
14831011001,0,3,60.0,50.0,40.0,120000.0,10,32.0,23.0,17.0,7.71,12512.0,48.0,17.0,23.0,32.0,3,2,1,6,288.0,60,2880.0,75072.0,46.26,0.6256
14831011001,0,4,60.0,50.0,40.0,120000.0,10,32.0,23.0,17.0,7.71,12512.0,48.0,23.0,17.0,32.0,2,2,1,4,192.0,40,1920.0,50048.0,30.84,0.41706666666666664
14831011001,0,5,60.0,50.0,40.0,120000.0,10,32.0,23.0,17.0,7.71,12512.0,48.0,23.0,32.0,17.0,2,1,2,4,192.0,40,1920.0,50048.0,30.84,0.41706666666666664
31502006001,0,0,60.0,50.0,40.0,120000.0,10,42.0,33.0,25.0,10.9,34650.0,24.0,42.0,33.0,25.0,1,1,1,1,24.0,10,240.0,34650.0,10.9,0.28875
31502006001,0,1,60.0,50.0,40.0,120000.0,10,42.0,33.0,25.0,10.9,34650.0,24.0,42.0,25.0,33.0,1,2,1,2,48.0,20,480.0,69300.0,21.8,0.5775
31502006001,0,2,60.0,50.0,40.0,120000.0,10,42.0,33.0,25.0,10.9,34650.0,24.0,25.0,42.0,33.0,2,1,1,2,48.0,20,480.0,69300.0,21.8,0.5775
31502006001,0,5,60.0,50.0,40.0,120000.0,10,42.0,33.0,25.0,10.9,34650.0,24.0,33.0,42.0,25.0,1,1,1,1,24.0,10,240.0,34650.0,10.9,0.28875
10030021001,0,0,60.0,50.0,40.0,120000.0,10,43.0,29.0,24.0,15.762,29928.0,24.0,43.0,29.0,24.0,1,1,1,1,24.0,10,240.0,29928.0,15.762,0.2494
10030021001,0,1,60.0,50.0,40.0,120000.0,10,43.0,29.0,24.0,15.762,29928.0,24.0,43.0,24.0,29.0,1,2,1,2,48.0,20,480.0,59856.0,31.524,0.4988
10030021001,0,2,60.0,50.0,40.0,120000.0,10,43.0,29.0,24.0,15.762,29928.0,24.0,24.0,43.0,29.0,2,1,1,2,48.0,20,480.0,59856.0,31.524,0.4988
10030021001,0,5,60.0,50.0,40.0,120000.0,10,43.0,29.0,24.0,15.762,29928.0,24.0,29.0,43.0,24.0,2,1,1,2,48.0,20,480.0,59856.0,31.524,0.4988
10040033001,0,0,60.0,50.0,40.0,120000.0,10,38.0,23.0,31.0,19.0,27094.0,8.0,38.0,23.0,31.0,1,2,1,2,16.0,20,160.0,54188.0,38.0,0.45156666666666667
10040033001,0,1,60.0,50.0,40.0,120000.0,10,38.0,23.0,31.0,19.0,27094.0,8.0,38.0,31.0,23.0,1,1,1,1,8.0,10,80.0,27094.0,19.0,0.22578333333333334
10040033001,0,2,60.0,50.0,40.0,120000.0,10,38.0,23.0,31.0,19.0,27094.0,8.0,31.0,38.0,23.0,1,1,1,1,8.0,10,80.0,27094.0,19.0,0.22578333333333334
10040033001,0,3,60.0,50.0,40.0,120000.0,10,38.0,23.0,31.0,19.0,27094.0,8.0,31.0,23.0,38.0,1,2,1,2,16.0,20,160.0,54188.0,38.0,0.45156666666666667
10040033001,0,4,60.0,50.0,40.0,120000.0,10,38.0,23.0,31.0,19.0,27094.0,8.0,23.0,31.0,38.0,2,1,1,2,16.0,20,160.0,54188.0,38.0,0.45156666666666667
10040033001,0,5,60.0,50.0,40.0,120000.0,10,38.0,23.0,31.0,19.0,27094.0,8.0,23.0,38.0,31.0,2,1,1,2,16.0,20,160.0,54188.0,38.0,0.45156666666666667
14851063001,0,0,60.0,50.0,40.0,120000.0,10,40.0,32.0,24.0,9.81,30720.0,6.0,40.0,32.0,24.0,1,1,1,1,6.0,10,60.0,30720.0,9.81,0.256
14851063001,0,1,60.0,50.0,40.0,120000.0,10,40.0,32.0,24.0,9.81,30720.0,6.0,40.0,24.0,32.0,1,2,1,2,12.0,20,120.0,61440.0,19.62,0.512
14851063001,0,2,60.0,50.0,40.0,120000.0,10,40.0,32.0,24.0,9.81,30720.0,6.0,24.0,40.0,32.0,2,1,1,2,12.0,20,120.0,61440.0,19.62,0.512
14851063001,0,3,60.0,50.0,40.0,120000.0,10,40.0,32.0,24.0,9.81,30720.0,6.0,24.0,32.0,40.0,2,1,1,2,12.0,20,120.0,61440.0,19.62,0.512
14851063001,0,4,60.0,50.0,40.0,120000.0,10,40.0,32.0,24.0,9.81,30720.0,6.0,32.0,24.0,40.0,1,2,1,2,12.0,20,120.0,61440.0,19.62,0.512
14851063001,0,5,60.0,50.0,40.0,120000.0,10,40.0,32.0,24.0,9.81,30720.0,6.0,32.0,40.0,24.0,1,1,1,1,6.0,10,60.0,30720.0,9.81,0.256
12327018001,0,0,60.0,50.0,40.0,120000.0,10,35.0,24.0,16.0,7.264,13440.0,24.0,35.0,24.0,16.0,1,2,2,4,96.0,40,960.0,53760.0,29.056,0.448
12327018001,0,1,60.0,50.0,40.0,120000.0,10,35.0,24.0,16.0,7.264,13440.0,24.0,35.0,16.0,24.0,1,3,1,3,72.0,30,720.0,40320.0,21.792,0.336
12327018001,0,2,60.0,50.0,40.0,120000.0,10,35.0,24.0,16.0,7.264,13440.0,24.0,16.0,35.0,24.0,3,1,1,3,72.0,30,720.0,40320.0,21.792,0.336
12327018001,0,3,60.0,50.0,40.0,120000.0,10,35.0,24.0,16.0,7.264,13440.0,24.0,16.0,24.0,35.0,3,2,1,6,144.0,60,1440.0,80640.0,43.584,0.672
12327018001,0,4,60.0,50.0,40.0,120000.0,10,35.0,24.0,16.0,7.264,13440.0,24.0,24.0,16.0,35.0,2,3,1,6,144.0,60,1440.0,80640.0,43.584,0.672
12327018001,0,5,60.0,50.0,40.0,120000.0,10,35.0,24.0,16.0,7.264,13440.0,24.0,24.0,35.0,16.0,2,1,2,4,96.0,40,960.0,53760.0,29.056,0.448
11040030001,0,0,60.0,50.0,40.0,120000.0,10,34.0,26.0,29.0,13.46,25636.0,12.0,34.0,26.0,29.0,1,1,1,1,12.0,10,120.0,25636.0,13.46,0.21363333333333334
11040030001,0,1,60.0,50.0,40.0,120000.0,10,34.0,26.0,29.0,13.46,25636.0,12.0,34.0,29.0,26.0,1,1,1,1,12.0,10,120.0,25636.0,13.46,0.21363333333333334
11040030001,0,2,60.0,50.0,40.0,120000.0,10,34.0,26.0,29.0,13.46,25636.0,12.0,29.0,34.0,26.0,2,1,1,2,24.0,20,240.0,51272.0,26.92,0.4272666666666667
11040030001,0,3,60.0,50.0,40.0,120000.0,10,34.0,26.0,29.0,13.46,25636.0,12.0,29.0,26.0,34.0,2,1,1,2,24.0,20,240.0,51272.0,26.92,0.4272666666666667
11040030001,0,4,60.0,50.0,40.0,120000.0,10,34.0,26.0,29.0,13.46,25636.0,12.0,26.0,29.0,34.0,2,1,1,2,24.0,20,240.0,51272.0,26.92,0.4272666666666667
11040030001,0,5,60.0,50.0,40.0,120000.0,10,34.0,26.0,29.0,13.46,25636.0,12.0,26.0,34.0,29.0,2,1,1,2,24.0,20,240.0,51272.0,26.92,0.4272666666666667
12034063001,0,0,60.0,50.0,40.0,120000.0,10,31.0,14.0,19.0,2.45,8246.0,12.0,31.0,14.0,19.0,1,3,2,6,72.0,60,720.0,49476.0,14.700000000000001,0.4123
12034063001,0,1,60.0,50.0,40.0,120000.0,10,31.0,14.0,19.0,2.45,8246.0,12.0,31.0,19.0,14.0,1,2,2,4,48.0,40,480.0,32984.0,9.8,0.27486666666666665
12034063001,0,2,60.0,50.0,40.0,120000.0,10,31.0,14.0,19.0,2.45,8246.0,12.0,19.0,31.0,14.0,3,1,2,6,72.0,60,720.0,49476.0,14.700000000000001,0.4123
12034063001,0,3,60.0,50.0,40.0,120000.0,10,31.0,14.0,19.0,2.45,8246.0,12.0,19.0,14.0,31.0,3,3,1,9,108.0,90,1080.0,74214.0,22.05,0.61845
12034063001,0,4,60.0,50.0,40.0,120000.0,10,31.0,14.0,19.0,2.45,8246.0,12.0,14.0,19.0,31.0,4,2,1,8,96.0,80,960.0,65968.0,19.6,0.5497333333333333
12034063001,0,5,60.0,50.0,40.0,120000.0,10,31.0,14.0,19.0,2.45,8246.0,12.0,14.0,31.0,19.0,4,1,2,8,96.0,80,960.0,65968.0,19.6,0.5497333333333333
14510258001,0,0,60.0,50.0,40.0,120000.0,10,35.0,24.0,5.0,3.0,4200.0,1.0,35.0,24.0,5.0,1,2,8,16,16.0,160,160.0,67200.0,48.0,0.56
14510258001,0,1,60.0,50.0,40.0,120000.0,10,35.0,24.0,5.0,3.0,4200.0,1.0,35.0,5.0,24.0,1,10,1,10,10.0,100,100.0,42000.0,30.0,0.35
14510258001,0,2,60.0,50.0,40.0,120000.0,10,35.0,24.0,5.0,3.0,4200.0,1.0,5.0,35.0,24.0,12,1,1,12,12.0,120,120.0,50400.0,36.0,0.42
14510258001,0,3,60.0,50.0,40.0,120000.0,10,35.0,24.0,5.0,3.0,4200.0,1.0,5.0,24.0,35.0,12,2,1,24,24.0,240,240.0,100800.0,72.0,0.84
14510258001,0,4,60.0,50.0,40.0,120000.0,10,35.0,24.0,5.0,3.0,4200.0,1.0,24.0,5.0,35.0,2,10,1,20,20.0,200,200.0,84000.0,60.0,0.7
14510258001,0,5,60.0,50.0,40.0,120000.0,10,35.0,24.0,5.0,3.0,4200.0,1.0,24.0,35.0,5.0,2,1,8,16,16.0,160,160.0,67200.0,48.0,0.56
14010211001,0,0,60.0,50.0,40.0,120000.0,10,47.0,32.0,40.0,3.6,60160.0,12.0,47.0,32.0,40.0,1,1,1,1,12.0,10,120.0,60160.0,3.6,0.5013333333333333
14010211001,0,1,60.0,50.0,40.0,120000.0,10,47.0,32.0,40.0,3.6,60160.0,12.0,47.0,40.0,32.0,1,1,1,1,12.0,10,120.0,60160.0,3.6,0.5013333333333333
14010211001,0,2,60.0,50.0,40.0,120000.0,10,47.0,32.0,40.0,3.6,60160.0,12.0,40.0,47.0,32.0,1,1,1,1,12.0,10,120.0,60160.0,3.6,0.5013333333333333
14010211001,0,5,60.0,50.0,40.0,120000.0,10,47.0,32.0,40.0,3.6,60160.0,12.0,32.0,47.0,40.0,1,1,1,1,12.0,10,120.0,60160.0,3.6,0.5013333333333333
14500006001,0,0,60.0,50.0,40.0,120000.0,10,41.0,32.0,15.0,3.56,19680.0,24.0,41.0,32.0,15.0,1,1,2,2,48.0,20,480.0,39360.0,7.12,0.328
14500006001,0,1,60.0,50.0,40.0,120000.0,10,41.0,32.0,15.0,3.56,19680.0,24.0,41.0,15.0,32.0,1,3,1,3,72.0,30,720.0,59040.0,10.68,0.492
14500006001,0,2,60.0,50.0,40.0,120000.0,10,41.0,32.0,15.0,3.56,19680.0,24.0,15.0,41.0,32.0,4,1,1,4,96.0,40,960.0,78720.0,14.24,0.656
14500006001,0,5,60.0,50.0,40.0,120000.0,10,41.0,32.0,15.0,3.56,19680.0,24.0,32.0,41.0,15.0,1,1,2,2,48.0,20,480.0,39360.0,7.12,0.328
14500026001,0,0,60.0,50.0,40.0,120000.0,10,43.0,28.0,17.0,1.3,20468.0,12.0,43.0,28.0,17.0,1,1,2,2,24.0,20,240.0,40936.0,2.6,0.34113333333333334
14500026001,0,1,60.0,50.0,40.0,120000.0,10,43.0,28.0,17.0,1.3,20468.0,12.0,43.0,17.0,28.0,1,2,1,2,24.0,20,240.0,40936.0,2.6,0.34113333333333334
14500026001,0,2,60.0,50.0,40.0,120000.0,10,43.0,28.0,17.0,1.3,20468.0,12.0,17.0,43.0,28.0,3,1,1,3,36.0,30,360.0,61404.0,3.9000000000000004,0.5117
14500026001,0,5,60.0,50.0,40.0,120000.0,10,43.0,28.0,17.0,1.3,20468.0,12.0,28.0,43.0,17.0,2,1,2,4,48.0,40,480.0,81872.0,5.2,0.6822666666666667
12327063001,0,0,60.0,50.0,40.0,120000.0,10,41.0,27.0,10.0,7.7,11070.0,1.0,41.0,27.0,10.0,1,1,4,4,4.0,40,40.0,44280.0,30.8,0.369
12327063001,0,1,60.0,50.0,40.0,120000.0,10,41.0,27.0,10.0,7.7,11070.0,1.0,41.0,10.0,27.0,1,5,1,5,5.0,50,50.0,55350.0,38.5,0.46125
12327063001,0,2,60.0,50.0,40.0,120000.0,10,41.0,27.0,10.0,7.7,11070.0,1.0,10.0,41.0,27.0,6,1,1,6,6.0,60,60.0,66420.0,46.2,0.5535
12327063001,0,5,60.0,50.0,40.0,120000.0,10,41.0,27.0,10.0,7.7,11070.0,1.0,27.0,41.0,10.0,2,1,4,8,8.0,80,80.0,88560.0,61.6,0.738
12003086001,0,0,60.0,50.0,40.0,120000.0,10,17.0,6.0,14.0,0.54,1428.0,3.0,17.0,6.0,14.0,3,8,2,48,144.0,480,1440.0,68544.0,25.92,0.5712
12003086001,0,1,60.0,50.0,40.0,120000.0,10,17.0,6.0,14.0,0.54,1428.0,3.0,17.0,14.0,6.0,3,3,6,54,162.0,540,1620.0,77112.0,29.160000000000004,0.6426
12003086001,0,2,60.0,50.0,40.0,120000.0,10,17.0,6.0,14.0,0.54,1428.0,3.0,14.0,17.0,6.0,4,2,6,48,144.0,480,1440.0,68544.0,25.92,0.5712
12003086001,0,3,60.0,50.0,40.0,120000.0,10,17.0,6.0,14.0,0.54,1428.0,3.0,14.0,6.0,17.0,4,8,2,64,192.0,640,1920.0,91392.0,34.56,0.7616
12003086001,0,4,60.0,50.0,40.0,120000.0,10,17.0,6.0,14.0,0.54,1428.0,3.0,6.0,14.0,17.0,10,3,2,60,180.0,600,1800.0,85680.0,32.400000000000006,0.714
12003086001,0,5,60.0,50.0,40.0,120000.0,10,17.0,6.0,14.0,0.54,1428.0,3.0,6.0,17.0,14.0,10,2,2,40,120.0,400,1200.0,57120.0,21.6,0.476
